latitude,longitude,year,month,country,basisOfRecord
35.343153,25.136605,,,Greece,OCCURRENCE
35.343153,25.136605,,,Greece,OCCURRENCE
40.36501,-3.651625,2013,1,Spain,MATERIAL_SAMPLE
40.36501,-3.651625,2013,1,Spain,MATERIAL_SAMPLE
40.36501,-3.651625,2013,1,Spain,MATERIAL_SAMPLE
40.36501,-3.651625,2013,1,Spain,MATERIAL_SAMPLE
40.36501,-3.651625,2013,2,Spain,MATERIAL_SAMPLE
40.36501,-3.651625,2013,2,Spain,MATERIAL_SAMPLE
40.36501,-3.651625,2013,2,Spain,MATERIAL_SAMPLE
40.36501,-3.651625,2013,3,Spain,MATERIAL_SAMPLE
40.36501,-3.651625,2013,3,Spain,MATERIAL_SAMPLE
40.36501,-3.651625,2013,3,Spain,MATERIAL_SAMPLE
40.36501,-3.651625,2013,3,Spain,MATERIAL_SAMPLE
40.36501,-3.651625,2013,3,Spain,MATERIAL_SAMPLE
40.36501,-3.651625,,,Spain,MATERIAL_SAMPLE
40.49306,17.286389,2014,4,Italy,HUMAN_OBSERVATION
40.49306,17.286389,2013,6,Italy,HUMAN_OBSERVATION
40.49306,17.3025,2013,6,Italy,HUMAN_OBSERVATION
40.922095,24.388364,2023,8,Greece,HUMAN_OBSERVATION
41.13,1.44,,,Spain,MATERIAL_SAMPLE
41.13,1.44,,,Spain,MATERIAL_SAMPLE
41.13,1.44,,,Spain,MATERIAL_SAMPLE
41.13,1.44,,,Spain,MATERIAL_SAMPLE
41.13,1.44,,,Spain,MATERIAL_SAMPLE
41.13,1.44,,,Spain,MATERIAL_SAMPLE
41.13,1.44,,,Spain,MATERIAL_SAMPLE
41.13,1.44,,,Spain,MATERIAL_SAMPLE
41.13,1.44,,,Spain,MATERIAL_SAMPLE
41.13,1.44,,,Spain,MATERIAL_SAMPLE
41.13,1.44,,,Spain,MATERIAL_SAMPLE
41.56,2.55,2010,7,Spain,MATERIAL_SAMPLE
42.04712,3.2258,2015,11,Spain,HUMAN_OBSERVATION
42.047283,3.225834,2020,1,Spain,HUMAN_OBSERVATION
42.23813,3.2566,2023,8,Spain,HUMAN_OBSERVATION
42.248,-8.790667,,,Spain,HUMAN_OBSERVATION
42.252167,-8.766833,,,Spain,HUMAN_OBSERVATION
42.809938,3.020283,2024,11,France,HUMAN_OBSERVATION
42.98201,12.763658,2005,7,Italy,MATERIAL_SAMPLE
42.98886,6.39705,2022,4,France,HUMAN_OBSERVATION
43.111769,3.122651,2024,3,France,HUMAN_OBSERVATION
43.138248,5.770357,2021,12,France,HUMAN_OBSERVATION
43.17648,5.37087,2018,9,France,HUMAN_OBSERVATION
43.20783,5.33848,2018,9,France,HUMAN_OBSERVATION
43.318564,3.558727,2022,2,France,HUMAN_OBSERVATION
43.405751,5.116433,2024,4,France,HUMAN_OBSERVATION
43.405751,5.116433,2024,4,France,HUMAN_OBSERVATION
43.41,-1.7,2011,6,France,HUMAN_OBSERVATION
43.413691,3.685515,2022,11,France,HUMAN_OBSERVATION
43.413691,3.685515,2022,11,France,HUMAN_OBSERVATION
43.41822,3.60155,2016,11,France,HUMAN_OBSERVATION
43.420748,3.667694,2022,3,France,HUMAN_OBSERVATION
43.420748,3.667694,2022,3,France,HUMAN_OBSERVATION
43.42128,3.60545,2016,6,France,HUMAN_OBSERVATION
43.422043,3.705953,2022,10,France,HUMAN_OBSERVATION
43.424299,3.700209,2025,2,France,HUMAN_OBSERVATION
43.42463,3.699392,2022,3,France,HUMAN_OBSERVATION
43.424684,3.699912,2023,3,France,HUMAN_OBSERVATION
43.424697,3.70003,2023,9,France,HUMAN_OBSERVATION
43.424697,3.70003,2022,2,France,HUMAN_OBSERVATION
43.424697,3.70003,2022,5,France,HUMAN_OBSERVATION
43.424697,3.70003,2022,12,France,HUMAN_OBSERVATION
43.42472,3.7,2023,5,France,HUMAN_OBSERVATION
43.42472,3.7,2023,5,France,HUMAN_OBSERVATION
43.42472,3.7,2023,6,France,HUMAN_OBSERVATION
43.42472,3.7,2022,3,France,HUMAN_OBSERVATION
43.42472,3.7,2022,4,France,HUMAN_OBSERVATION
43.42472,3.7,2022,5,France,HUMAN_OBSERVATION
43.42472,3.7,2022,5,France,HUMAN_OBSERVATION
43.42472,3.7,2021,5,France,HUMAN_OBSERVATION
43.42472,3.7,2021,6,France,HUMAN_OBSERVATION
43.42472,3.7,2021,10,France,HUMAN_OBSERVATION
43.42472,3.7,2018,4,France,HUMAN_OBSERVATION
43.42472,3.7,2018,4,France,HUMAN_OBSERVATION
43.42472,3.7,2018,4,France,HUMAN_OBSERVATION
43.42472,3.7,2018,9,France,HUMAN_OBSERVATION
43.42472,3.7,2017,4,France,HUMAN_OBSERVATION
43.42472,3.7,2017,9,France,HUMAN_OBSERVATION
43.42472,3.7,2017,11,France,HUMAN_OBSERVATION
43.42472,3.7,2014,5,France,HUMAN_OBSERVATION
43.42472,3.7,2014,12,France,HUMAN_OBSERVATION
43.424848,3.700291,2021,3,France,HUMAN_OBSERVATION
43.424888,3.699408,2021,11,France,HUMAN_OBSERVATION
43.424991,3.700075,2022,2,France,HUMAN_OBSERVATION
43.424991,3.700075,2022,2,France,HUMAN_OBSERVATION
43.424991,3.700075,2022,2,France,HUMAN_OBSERVATION
43.425,3.69986,2023,3,France,HUMAN_OBSERVATION
43.425,3.69986,2023,4,France,HUMAN_OBSERVATION
43.425,3.69986,2022,2,France,HUMAN_OBSERVATION
43.425,3.69986,2022,12,France,HUMAN_OBSERVATION
43.425,3.69986,2022,12,France,HUMAN_OBSERVATION
43.425009,3.699976,2024,8,France,HUMAN_OBSERVATION
43.425009,3.699976,2024,8,France,HUMAN_OBSERVATION
43.425111,3.699746,2019,10,France,HUMAN_OBSERVATION
43.428089,4.938995,2022,1,France,HUMAN_OBSERVATION
43.428328,4.939352,2022,4,France,HUMAN_OBSERVATION
43.428328,4.939352,2022,4,France,HUMAN_OBSERVATION
43.428328,4.939352,2022,4,France,HUMAN_OBSERVATION
43.42836,4.93935,2022,4,France,HUMAN_OBSERVATION
43.428452,4.939688,2022,2,France,HUMAN_OBSERVATION
43.428536,4.938376,2025,3,France,HUMAN_OBSERVATION
43.430413,3.703656,2022,3,France,HUMAN_OBSERVATION
43.430447,4.935159,2023,5,France,HUMAN_OBSERVATION
43.440021,5.126165,2022,6,France,HUMAN_OBSERVATION
43.441772,3.695051,2025,1,France,HUMAN_OBSERVATION
43.441772,3.695051,2025,1,France,HUMAN_OBSERVATION
43.441772,3.695051,2025,1,France,HUMAN_OBSERVATION
43.441871,3.695011,2023,3,France,HUMAN_OBSERVATION
43.441871,3.695011,2023,3,France,HUMAN_OBSERVATION
43.44347,3.67174,2018,4,France,HUMAN_OBSERVATION
43.4468,3.66253,2023,4,France,HUMAN_OBSERVATION
43.45566,6.92894,2018,5,France,HUMAN_OBSERVATION
43.50921,4.1108,2022,3,France,HUMAN_OBSERVATION
43.50921,4.1108,2022,3,France,HUMAN_OBSERVATION
43.50921,4.1108,2022,4,France,HUMAN_OBSERVATION
43.510546,4.114081,2022,1,France,HUMAN_OBSERVATION
43.510546,4.114081,2022,1,France,HUMAN_OBSERVATION
43.510978,4.114161,2022,2,France,HUMAN_OBSERVATION
43.51151,4.114492,2022,1,France,HUMAN_OBSERVATION
43.512006,4.113171,2023,2,France,HUMAN_OBSERVATION
43.513782,4.11836,2025,1,France,HUMAN_OBSERVATION
43.52746,4.13913,2023,4,France,HUMAN_OBSERVATION
43.556319,3.971971,2023,6,France,HUMAN_OBSERVATION
43.67945,-1.42895,2008,3,France,HUMAN_OBSERVATION
43.67945,-1.42895,2008,3,France,HUMAN_OBSERVATION
43.67945,-1.42895,2008,3,France,HUMAN_OBSERVATION
43.67945,-1.42895,2008,3,France,HUMAN_OBSERVATION
44.62848,-1.24306,2023,6,France,HUMAN_OBSERVATION
44.62848,-1.24306,2023,6,France,HUMAN_OBSERVATION
44.62848,-1.24306,2023,7,France,HUMAN_OBSERVATION
44.62848,-1.24306,2022,6,France,HUMAN_OBSERVATION
44.62848,-1.24306,2017,6,France,HUMAN_OBSERVATION
44.64203,-1.23974,2022,8,France,HUMAN_OBSERVATION
44.64203,-1.23974,2022,10,France,HUMAN_OBSERVATION
44.65511,-1.23743,2023,4,France,HUMAN_OBSERVATION
44.65511,-1.23743,2023,5,France,HUMAN_OBSERVATION
44.65511,-1.23743,2022,4,France,HUMAN_OBSERVATION
44.66416,-1.17958,2022,6,France,HUMAN_OBSERVATION
44.66416,-1.17958,2022,8,France,HUMAN_OBSERVATION
44.66416,-1.17958,2022,8,France,HUMAN_OBSERVATION
44.664317,-1.179646,2024,9,France,HUMAN_OBSERVATION
44.67294,-1.23891,2022,6,France,HUMAN_OBSERVATION
44.67294,-1.23891,2022,7,France,HUMAN_OBSERVATION
44.67294,-1.23891,2022,8,France,HUMAN_OBSERVATION
44.67294,-1.23891,2020,8,France,HUMAN_OBSERVATION
44.67294,-1.23891,2020,12,France,HUMAN_OBSERVATION
44.68667,-1.23419,2023,1,France,HUMAN_OBSERVATION
44.69716,-1.22856,2023,6,France,HUMAN_OBSERVATION
44.69716,-1.22856,2022,7,France,HUMAN_OBSERVATION
44.69716,-1.22856,2022,11,France,HUMAN_OBSERVATION
44.70529,-1.22266,2022,8,France,HUMAN_OBSERVATION
44.70529,-1.22266,2022,10,France,HUMAN_OBSERVATION
44.70529,-1.22266,2021,9,France,HUMAN_OBSERVATION
44.70529,-1.22266,2019,6,France,HUMAN_OBSERVATION
44.71395,-1.21064,2023,1,France,HUMAN_OBSERVATION
44.71395,-1.21064,2023,4,France,HUMAN_OBSERVATION
44.71395,-1.21064,2023,5,France,HUMAN_OBSERVATION
44.71395,-1.21064,2023,5,France,HUMAN_OBSERVATION
44.71395,-1.21064,2023,5,France,HUMAN_OBSERVATION
44.71395,-1.21064,2023,6,France,HUMAN_OBSERVATION
44.71395,-1.21064,2023,6,France,HUMAN_OBSERVATION
44.71395,-1.21064,2023,6,France,HUMAN_OBSERVATION
44.71395,-1.21064,2022,7,France,HUMAN_OBSERVATION
44.71395,-1.21064,2022,9,France,HUMAN_OBSERVATION
44.71395,-1.21064,2022,10,France,HUMAN_OBSERVATION
44.71395,-1.21064,2020,10,France,HUMAN_OBSERVATION
44.71395,-1.21064,2019,5,France,HUMAN_OBSERVATION
44.71395,-1.21064,2018,11,France,HUMAN_OBSERVATION
44.71395,-1.21064,2017,6,France,HUMAN_OBSERVATION
45.145271,14.672936,2022,7,Croatia,HUMAN_OBSERVATION
45.147235,14.66553,2016,7,Croatia,HUMAN_OBSERVATION
45.152802,14.669406,2016,7,Croatia,HUMAN_OBSERVATION
45.308415,12.310409,2021,4,Italy,HUMAN_OBSERVATION
45.71033,2.03724,2008,1,France,HUMAN_OBSERVATION
45.88349,-1.27952,2022,9,France,HUMAN_OBSERVATION
45.97874,-1.40158,2023,2,France,HUMAN_OBSERVATION
46.05232,-1.38355,2023,2,France,HUMAN_OBSERVATION
46.12663,-1.18371,2016,4,France,HUMAN_OBSERVATION
46.12681,1.18238,2013,4,France,HUMAN_OBSERVATION
46.1269,-1.18165,2016,4,France,HUMAN_OBSERVATION
46.1269,-1.18165,2016,4,France,HUMAN_OBSERVATION
46.21231,-1.30433,2007,10,France,HUMAN_OBSERVATION
46.9921,-2.30554,2021,8,France,HUMAN_OBSERVATION
47.29383,-2.54824,2021,10,France,HUMAN_OBSERVATION
47.55745,-2.86718,2021,10,France,HUMAN_OBSERVATION
47.5628,-2.84902,2019,9,France,HUMAN_OBSERVATION
47.56601,-2.91667,2015,7,France,HUMAN_OBSERVATION
47.56611,-2.91667,2023,6,France,HUMAN_OBSERVATION
47.56611,-2.91667,2021,9,France,HUMAN_OBSERVATION
47.56904,-2.90619,2017,8,France,HUMAN_OBSERVATION
47.56904,-2.90619,2015,7,France,HUMAN_OBSERVATION
47.64851,-3.41378,2010,8,France,HUMAN_OBSERVATION
47.65539,-3.21033,2021,9,France,HUMAN_OBSERVATION
47.65539,-3.21033,2021,10,France,HUMAN_OBSERVATION
47.66122,-3.21095,2021,11,France,HUMAN_OBSERVATION
47.66271,-3.20879,2023,5,France,HUMAN_OBSERVATION
47.73061,-4.04419,2014,9,France,HUMAN_OBSERVATION
47.734167,-4.017667,,,France,HUMAN_OBSERVATION
47.85795,-4.07143,2011,9,France,HUMAN_OBSERVATION
47.86463,-3.91815,2010,8,France,HUMAN_OBSERVATION
48.07,-4.66278,2019,8,France,HUMAN_OBSERVATION
48.28273,-4.35804,2023,6,France,HUMAN_OBSERVATION
48.28335,-4.36086,2022,8,France,HUMAN_OBSERVATION
48.28335,-4.36086,2022,10,France,HUMAN_OBSERVATION
48.28428,-4.59793,2022,10,France,HUMAN_OBSERVATION
48.29278,-4.45173,2014,11,France,HUMAN_OBSERVATION
48.29294,-4.45493,2022,10,France,HUMAN_OBSERVATION
48.29294,-4.45493,2017,4,France,HUMAN_OBSERVATION
48.29325,-4.57937,2006,3,France,HUMAN_OBSERVATION
48.29332,-4.45359,2022,9,France,HUMAN_OBSERVATION
48.29332,-4.45359,2019,4,France,HUMAN_OBSERVATION
48.29332,-4.45359,2015,9,France,HUMAN_OBSERVATION
48.29332,-4.45359,2013,10,France,HUMAN_OBSERVATION
48.293559,-4.454802,2021,8,France,HUMAN_OBSERVATION
48.29384,-4.45354,2016,10,France,HUMAN_OBSERVATION
48.29429,-4.4534,2017,8,France,HUMAN_OBSERVATION
48.29654,-4.45164,2022,9,France,HUMAN_OBSERVATION
48.30923,-4.40174,2016,4,France,HUMAN_OBSERVATION
48.31355,-4.3653,2007,3,France,HUMAN_OBSERVATION
48.31355,-4.3653,2006,9,France,HUMAN_OBSERVATION
48.31355,-4.3653,2006,9,France,HUMAN_OBSERVATION
48.31355,-4.3653,2006,9,France,HUMAN_OBSERVATION
48.32039,-4.38765,2006,9,France,HUMAN_OBSERVATION
48.32039,-4.38765,2006,9,France,HUMAN_OBSERVATION
48.321833,-4.4105,,,France,HUMAN_OBSERVATION
48.32241,-4.45359,2016,11,France,HUMAN_OBSERVATION
48.32548,-4.39306,2022,1,France,HUMAN_OBSERVATION
48.32548,-4.39306,2021,1,France,HUMAN_OBSERVATION
48.32548,-4.39306,2021,1,France,HUMAN_OBSERVATION
48.32565,-4.4522,2014,4,France,HUMAN_OBSERVATION
48.32565,-4.4522,2014,7,France,HUMAN_OBSERVATION
48.32565,-4.4522,2014,7,France,HUMAN_OBSERVATION
48.32806,-4.53131,2016,6,France,HUMAN_OBSERVATION
48.35343,-4.56195,2023,6,France,HUMAN_OBSERVATION
48.358357,-4.438643,2021,8,France,HUMAN_OBSERVATION
48.35916,-4.55105,2022,6,France,HUMAN_OBSERVATION
48.35916,-4.55105,2022,7,France,HUMAN_OBSERVATION
48.36349,-4.52206,2022,8,France,HUMAN_OBSERVATION
48.36349,-4.52206,2022,8,France,HUMAN_OBSERVATION
48.36454,-4.52521,2022,7,France,HUMAN_OBSERVATION
48.365667,-4.4375,,,France,HUMAN_OBSERVATION
48.4449,-5.1424,2019,8,France,HUMAN_OBSERVATION
48.44731,-5.13517,2016,8,France,HUMAN_OBSERVATION
48.44806,-5.12889,2021,6,France,HUMAN_OBSERVATION
48.46618,-5.05199,2020,10,France,HUMAN_OBSERVATION
48.46665,-5.05103,2020,10,France,HUMAN_OBSERVATION
48.537126,-1.969881,2025,2,France,HUMAN_OBSERVATION
48.57056,-2.60327,2010,4,France,HUMAN_OBSERVATION
48.57116,-1.98165,2020,10,France,HUMAN_OBSERVATION
48.576641,-1.98474,2023,8,France,HUMAN_OBSERVATION
48.59288,-4.71775,2022,8,France,HUMAN_OBSERVATION
48.59619,-2.01798,2022,2,France,HUMAN_OBSERVATION
48.59619,-2.01798,2022,5,France,HUMAN_OBSERVATION
48.59619,-2.01798,2014,12,France,HUMAN_OBSERVATION
48.62295,-2.01473,2022,7,France,HUMAN_OBSERVATION
48.62705,-2.03509,2022,7,France,HUMAN_OBSERVATION
48.6278,-2.02725,2021,6,France,HUMAN_OBSERVATION
48.62791,-2.0182,2022,5,France,HUMAN_OBSERVATION
48.63543,-2.09579,2023,1,France,HUMAN_OBSERVATION
48.64167,-2.535,2021,5,France,HUMAN_OBSERVATION
48.64167,-2.535,2020,10,France,HUMAN_OBSERVATION
48.64703,-2.50784,2019,3,France,HUMAN_OBSERVATION
48.64891,-2.22064,2022,7,France,HUMAN_OBSERVATION
48.65148,-2.5581,2010,4,France,HUMAN_OBSERVATION
48.68,-2.071,2020,7,France,HUMAN_OBSERVATION
48.68324,-2.0437,2020,7,France,HUMAN_OBSERVATION
48.68623,-2.31498,2015,5,France,HUMAN_OBSERVATION
48.68726,-2.32933,2010,8,France,HUMAN_OBSERVATION
48.68763,-1.96325,2022,7,France,HUMAN_OBSERVATION
48.69673,-1.898,2023,6,France,HUMAN_OBSERVATION
48.69828,-2.8894,2017,6,France,HUMAN_OBSERVATION
48.70064,-2.88827,2018,6,France,HUMAN_OBSERVATION
48.70126,-2.85413,2011,5,France,HUMAN_OBSERVATION
48.71311,-2.83395,2011,5,France,HUMAN_OBSERVATION
48.71609,-2.85169,2011,5,France,HUMAN_OBSERVATION
48.71751,-3.96649,2019,,France,OCCURRENCE
48.71751,-3.96649,2019,,France,OCCURRENCE
48.71751,-3.96649,2019,,France,OCCURRENCE
48.71751,-3.96649,2019,,France,OCCURRENCE
48.71812,-2.87108,2011,5,France,HUMAN_OBSERVATION
48.72008,-2.91839,2010,6,France,HUMAN_OBSERVATION
48.72872,-3.95894,2018,,France,OCCURRENCE
48.72872,-3.95894,2018,,France,OCCURRENCE
48.73212,-2.8546,2011,5,France,HUMAN_OBSERVATION
48.73751,-2.89616,2011,5,France,HUMAN_OBSERVATION
48.75046,-1.57369,2022,10,France,HUMAN_OBSERVATION
48.78106,-3.98181,2011,4,France,HUMAN_OBSERVATION
48.81066,-1.59186,,,France,HUMAN_OBSERVATION
48.83609,-3.47593,2023,5,France,HUMAN_OBSERVATION
48.8637,-1.80445,2010,8,France,HUMAN_OBSERVATION
48.86542,-1.846,2012,7,France,HUMAN_OBSERVATION
48.86722,-1.78889,2012,7,France,HUMAN_OBSERVATION
48.86983,-1.8045,2019,8,France,HUMAN_OBSERVATION
48.86983,-1.8045,2019,8,France,HUMAN_OBSERVATION
48.86983,-1.8045,2018,7,France,HUMAN_OBSERVATION
48.86983,-1.8045,2018,9,France,HUMAN_OBSERVATION
48.8739,-3.40712,2011,6,France,HUMAN_OBSERVATION
48.87414,-1.75312,2019,8,France,HUMAN_OBSERVATION
48.87414,-1.75312,2019,8,France,HUMAN_OBSERVATION
48.87414,-1.75312,2018,7,France,HUMAN_OBSERVATION
48.87414,-1.75312,2016,7,France,HUMAN_OBSERVATION
48.87414,-1.75312,2016,7,France,HUMAN_OBSERVATION
48.87414,-1.75312,2012,7,France,HUMAN_OBSERVATION
48.87738,-1.80931,2012,9,France,HUMAN_OBSERVATION
49.13319,-2.136235,2015,4,Jersey,HUMAN_OBSERVATION
49.15566,-2.137764,2017,7,Jersey,HUMAN_OBSERVATION
49.15566,-2.137764,2017,7,Jersey,HUMAN_OBSERVATION
49.16112,-2.030371,2018,6,Jersey,HUMAN_OBSERVATION
49.16413,-2.175993,2020,7,Jersey,HUMAN_OBSERVATION
49.16984,-2.193067,2017,5,Jersey,HUMAN_OBSERVATION
49.17117,-2.207595,2017,5,Jersey,HUMAN_OBSERVATION
49.17309,-2.231951,2020,8,Jersey,HUMAN_OBSERVATION
49.17456,-2.240259,2021,10,Jersey,HUMAN_OBSERVATION
49.17522,-2.207523,2021,7,Jersey,HUMAN_OBSERVATION
49.17572,-2.236642,2018,6,Jersey,HUMAN_OBSERVATION
49.175746,-2.100143,2024,6,Jersey,HUMAN_OBSERVATION
49.18167,-2.108592,2021,12,Jersey,HUMAN_OBSERVATION
49.18167,-2.108592,2021,12,Jersey,HUMAN_OBSERVATION
49.1817,-2.111,2020,11,Jersey,HUMAN_OBSERVATION
49.1817,-2.111,2020,11,Jersey,HUMAN_OBSERVATION
49.18211,-2.109883,2021,12,Jersey,HUMAN_OBSERVATION
49.18211,-2.109883,2021,12,Jersey,HUMAN_OBSERVATION
49.21899,-2.012319,2014,6,Jersey,HUMAN_OBSERVATION
49.23893,-2.079535,2018,11,Jersey,HUMAN_OBSERVATION
49.24004,-2.079826,2016,9,Jersey,HUMAN_OBSERVATION
49.24184,-2.048715,2014,6,Jersey,HUMAN_OBSERVATION
49.24518,-2.06417,2015,6,Jersey,HUMAN_OBSERVATION
49.24538,-2.063785,2016,9,Jersey,HUMAN_OBSERVATION
49.24552,-2.062865,2015,5,Jersey,HUMAN_OBSERVATION
49.24573,-2.064734,2015,4,Jersey,HUMAN_OBSERVATION
49.25499,-2.130495,2015,6,Jersey,HUMAN_OBSERVATION
49.25845,-2.161292,1997,6,Jersey,HUMAN_OBSERVATION
49.26102,-2.072547,2019,6,Jersey,HUMAN_OBSERVATION
49.26156,-2.151048,2013,7,Jersey,HUMAN_OBSERVATION
49.2625,-2.078323,2018,7,Jersey,HUMAN_OBSERVATION
49.2719,-1.933871,2014,6,Jersey,HUMAN_OBSERVATION
49.27893,-1.913333,2016,8,Jersey,HUMAN_OBSERVATION
49.28348,-2.1912,2016,6,Jersey,HUMAN_OBSERVATION
49.28513,-2.19778,2016,9,Jersey,HUMAN_OBSERVATION
49.28523,-2.197547,2017,6,Jersey,HUMAN_OBSERVATION
49.29032,-1.70787,,,France,HUMAN_OBSERVATION
49.29342,-2.191844,2021,6,Jersey,HUMAN_OBSERVATION
49.29584,-2.186448,2016,7,Jersey,HUMAN_OBSERVATION
49.29602,-2.186228,2018,7,Jersey,HUMAN_OBSERVATION
49.316666,-0.173333,2012,10,France,HUMAN_OBSERVATION
49.34041,-0.2702,2023,7,France,HUMAN_OBSERVATION
49.34041,-0.2702,2022,10,France,HUMAN_OBSERVATION
49.4006,-2.357299,2011,6,Guernsey,HUMAN_OBSERVATION
49.40112,-2.364774,2011,7,Guernsey,HUMAN_OBSERVATION
49.423332,-0.938333,2010,10,France,HUMAN_OBSERVATION
49.43565,-2.523233,2014,11,Guernsey,HUMAN_OBSERVATION
49.44475,-2.369429,2011,6,Guernsey,HUMAN_OBSERVATION
49.44688,-2.345466,2009,8,Guernsey,HUMAN_OBSERVATION
49.454837,-2.534329,2012,4,Guernsey,MATERIAL_SAMPLE
49.454837,-2.534329,2012,4,Guernsey,MATERIAL_SAMPLE
49.45516,-2.532728,2016,5,Guernsey,HUMAN_OBSERVATION
49.459009,-2.661255,1994,9,Guernsey,MATERIAL_SAMPLE
49.459009,-2.661255,1994,9,Guernsey,MATERIAL_SAMPLE
49.47216,-2.48581,2014,11,Guernsey,HUMAN_OBSERVATION
49.48221,0.13831,2013,10,France,HUMAN_OBSERVATION
49.48221,0.13831,2013,12,France,HUMAN_OBSERVATION
49.48368,0.1241,2016,5,France,HUMAN_OBSERVATION
49.4863,0.11842,2017,3,France,HUMAN_OBSERVATION
49.48892,0.11775,2022,3,France,HUMAN_OBSERVATION
49.48892,0.11775,2021,10,France,HUMAN_OBSERVATION
49.48892,0.11775,2019,1,France,HUMAN_OBSERVATION
49.48892,0.11775,2019,12,France,HUMAN_OBSERVATION
49.48892,0.11775,2018,4,France,HUMAN_OBSERVATION
49.48892,0.11775,2018,4,France,HUMAN_OBSERVATION
49.48892,0.11775,2018,4,France,HUMAN_OBSERVATION
49.48892,0.11775,2018,10,France,HUMAN_OBSERVATION
49.48892,0.11775,2017,1,France,HUMAN_OBSERVATION
49.48892,0.11775,2017,10,France,HUMAN_OBSERVATION
49.48892,0.11775,2017,10,France,HUMAN_OBSERVATION
49.48892,0.11775,2016,1,France,HUMAN_OBSERVATION
49.48892,0.11775,2015,4,France,HUMAN_OBSERVATION
49.48892,0.11775,2015,4,France,HUMAN_OBSERVATION
49.48892,0.11775,2015,4,France,HUMAN_OBSERVATION
49.48892,0.11775,2015,6,France,HUMAN_OBSERVATION
49.48892,0.11775,2015,12,France,HUMAN_OBSERVATION
49.48892,0.11775,2015,12,France,HUMAN_OBSERVATION
49.48892,0.11775,2014,1,France,HUMAN_OBSERVATION
49.48892,0.11775,2014,10,France,HUMAN_OBSERVATION
49.48892,0.11775,2014,12,France,HUMAN_OBSERVATION
49.48892,0.11775,2013,1,France,HUMAN_OBSERVATION
49.48892,0.11775,2013,11,France,HUMAN_OBSERVATION
49.48892,0.11775,2013,11,France,HUMAN_OBSERVATION
49.48892,0.11775,2008,11,France,HUMAN_OBSERVATION
49.4962,-1.15048,1996,,France,HUMAN_OBSERVATION
49.500673,-2.547935,1994,9,Guernsey,MATERIAL_SAMPLE
49.500673,-2.547935,1994,9,Guernsey,MATERIAL_SAMPLE
49.58611,-1.24472,2021,9,France,HUMAN_OBSERVATION
49.58611,-1.24472,2021,9,France,HUMAN_OBSERVATION
49.58611,-1.24472,2021,9,France,HUMAN_OBSERVATION
49.59264,-1.25575,2015,10,France,HUMAN_OBSERVATION
49.63595,0.07635,2013,1,France,HUMAN_OBSERVATION
49.645,0.086667,2012,10,France,HUMAN_OBSERVATION
49.65646,-1.8531,1999,,France,HUMAN_OBSERVATION
49.66007,-1.22307,2011,10,France,HUMAN_OBSERVATION
49.66929,-1.57279,2006,,France,HUMAN_OBSERVATION
49.68508,-1.67374,2015,10,France,HUMAN_OBSERVATION
49.69857,-1.81665,2022,5,France,HUMAN_OBSERVATION
49.6999,0.18051,2018,4,France,HUMAN_OBSERVATION
49.71159,-2.180099,2010,5,Guernsey,HUMAN_OBSERVATION
49.71321,-2.17491,2010,5,Guernsey,HUMAN_OBSERVATION
49.72861,-2.200475,2007,6,Guernsey,HUMAN_OBSERVATION
49.88022,-6.348079,2009,8,United Kingdom of Great Britain and Northern Ireland,HUMAN_OBSERVATION
49.88144,-6.336253,2016,6,United Kingdom of Great Britain and Northern Ireland,HUMAN_OBSERVATION
49.893599,-6.35207,1983,3,United Kingdom of Great Britain and Northern Ireland,HUMAN_OBSERVATION
49.90814,-6.285266,2010,9,United Kingdom of Great Britain and Northern Ireland,HUMAN_OBSERVATION
49.920866,-6.272301,1998,8,United Kingdom of Great Britain and Northern Ireland,HUMAN_OBSERVATION
49.92122,-6.274078,2009,4,United Kingdom of Great Britain and Northern Ireland,HUMAN_OBSERVATION
49.92269,-6.274849,2008,9,United Kingdom of Great Britain and Northern Ireland,HUMAN_OBSERVATION
49.93174,-6.279039,2009,6,United Kingdom of Great Britain and Northern Ireland,HUMAN_OBSERVATION
49.943554,-5.271887,2007,10,United Kingdom of Great Britain and Northern Ireland,HUMAN_OBSERVATION
49.94439,-6.247404,2008,9,United Kingdom of Great Britain and Northern Ireland,HUMAN_OBSERVATION
49.9637,-6.36423,2005,5,United Kingdom of Great Britain and Northern Ireland,HUMAN_OBSERVATION
49.9659,-6.246244,2006,5,United Kingdom of Great Britain and Northern Ireland,HUMAN_OBSERVATION
49.96606,-6.246245,2009,8,United Kingdom of Great Britain and Northern Ireland,HUMAN_OBSERVATION
49.96873,-6.262581,2010,5,United Kingdom of Great Britain and Northern Ireland,HUMAN_OBSERVATION
49.97423,-6.267408,2010,5,United Kingdom of Great Britain and Northern Ireland,HUMAN_OBSERVATION
49.980098,-5.252046,1994,7,United Kingdom of Great Britain and Northern Ireland,HUMAN_OBSERVATION
49.994999,1.191667,2010,10,France,HUMAN_OBSERVATION
50.00109,-5.101327,2012,9,United Kingdom of Great Britain and Northern Ireland,HUMAN_OBSERVATION
50.03967,-5.061451,2007,6,United Kingdom of Great Britain and Northern Ireland,HUMAN_OBSERVATION
50.04447,-5.591503,2011,4,United Kingdom of Great Britain and Northern Ireland,HUMAN_OBSERVATION
50.06506,-5.063956,2019,9,United Kingdom of Great Britain and Northern Ireland,HUMAN_OBSERVATION
50.06514,-5.064324,2010,10,United Kingdom of Great Britain and Northern Ireland,HUMAN_OBSERVATION
50.06607,-5.064957,2017,4,United Kingdom of Great Britain and Northern Ireland,HUMAN_OBSERVATION
50.06857,-5.746354,2009,6,United Kingdom of Great Britain and Northern Ireland,HUMAN_OBSERVATION
50.07205,-5.066135,2018,3,United Kingdom of Great Britain and Northern Ireland,HUMAN_OBSERVATION
50.07205,-5.066135,2018,3,United Kingdom of Great Britain and Northern Ireland,HUMAN_OBSERVATION
50.07205,-5.066135,2018,3,United Kingdom of Great Britain and Northern Ireland,HUMAN_OBSERVATION
50.0724,-5.066116,2019,9,United Kingdom of Great Britain and Northern Ireland,HUMAN_OBSERVATION
50.07247,-5.065687,2019,3,United Kingdom of Great Britain and Northern Ireland,HUMAN_OBSERVATION
50.07254,-5.049014,2017,7,United Kingdom of Great Britain and Northern Ireland,HUMAN_OBSERVATION
50.07255,-5.065692,2019,3,United Kingdom of Great Britain and Northern Ireland,HUMAN_OBSERVATION
50.07255,-5.065692,2019,3,United Kingdom of Great Britain and Northern Ireland,HUMAN_OBSERVATION
50.08387,-5.064387,2014,6,United Kingdom of Great Britain and Northern Ireland,HUMAN_OBSERVATION
50.086102,-5.059282,2001,,United Kingdom of Great Britain and Northern Ireland,HUMAN_OBSERVATION
50.086139,-5.057886,2002,5,United Kingdom of Great Britain and Northern Ireland,HUMAN_OBSERVATION
50.086139,-5.057886,2001,,United Kingdom of Great Britain and Northern Ireland,HUMAN_OBSERVATION
50.086898,-5.097084,1977,3,United Kingdom of Great Britain and Northern Ireland,HUMAN_OBSERVATION
50.086935,-5.095688,1996,9,United Kingdom of Great Britain and Northern Ireland,HUMAN_OBSERVATION
50.086935,-5.095688,1996,9,United Kingdom of Great Britain and Northern Ireland,HUMAN_OBSERVATION
50.086935,-5.095688,1996,9,United Kingdom of Great Britain and Northern Ireland,HUMAN_OBSERVATION
50.086935,-5.095688,1996,9,United Kingdom of Great Britain and Northern Ireland,HUMAN_OBSERVATION
50.087344,-5.080334,1987,7,United Kingdom of Great Britain and Northern Ireland,HUMAN_OBSERVATION
50.087344,-5.080334,1987,7,United Kingdom of Great Britain and Northern Ireland,HUMAN_OBSERVATION
50.087344,-5.080334,1987,7,United Kingdom of Great Britain and Northern Ireland,HUMAN_OBSERVATION
50.087381,-5.078938,1987,7,United Kingdom of Great Britain and Northern Ireland,HUMAN_OBSERVATION
50.087381,-5.078938,1987,7,United Kingdom of Great Britain and Northern Ireland,HUMAN_OBSERVATION
50.091686,-5.086206,1987,7,United Kingdom of Great Britain and Northern Ireland,HUMAN_OBSERVATION
50.091908,-5.07783,1987,7,United Kingdom of Great Britain and Northern Ireland,HUMAN_OBSERVATION
50.091908,-5.07783,1987,7,United Kingdom of Great Britain and Northern Ireland,HUMAN_OBSERVATION
50.092093,-5.070851,2001,,United Kingdom of Great Britain and Northern Ireland,HUMAN_OBSERVATION
50.09274,-5.093958,2007,9,United Kingdom of Great Britain and Northern Ireland,HUMAN_OBSERVATION
50.09274,-5.093958,2007,9,United Kingdom of Great Britain and Northern Ireland,HUMAN_OBSERVATION
50.09274,-5.093958,2007,9,United Kingdom of Great Britain and Northern Ireland,HUMAN_OBSERVATION
50.092991,-5.070908,2002,5,United Kingdom of Great Britain and Northern Ireland,HUMAN_OBSERVATION
50.092991,-5.070908,2001,,United Kingdom of Great Britain and Northern Ireland,HUMAN_OBSERVATION
50.092991,-5.070908,2001,,United Kingdom of Great Britain and Northern Ireland,HUMAN_OBSERVATION
50.092991,-5.070908,2001,,United Kingdom of Great Britain and Northern Ireland,HUMAN_OBSERVATION
50.093057,-5.168798,1987,7,United Kingdom of Great Britain and Northern Ireland,HUMAN_OBSERVATION
50.093361,-5.157631,1987,7,United Kingdom of Great Britain and Northern Ireland,HUMAN_OBSERVATION
50.095729,-5.103247,1987,7,United Kingdom of Great Britain and Northern Ireland,HUMAN_OBSERVATION
50.095729,-5.103247,1987,7,United Kingdom of Great Britain and Northern Ireland,HUMAN_OBSERVATION
50.096399,-5.078118,1987,7,United Kingdom of Great Britain and Northern Ireland,HUMAN_OBSERVATION
50.096435,-5.143848,1987,7,United Kingdom of Great Britain and Northern Ireland,HUMAN_OBSERVATION
50.096457,-5.126369,2014,9,United Kingdom of Great Britain and Northern Ireland,HUMAN_OBSERVATION
50.09654,-5.127729,2019,9,United Kingdom of Great Britain and Northern Ireland,HUMAN_OBSERVATION
50.096627,-5.103305,1987,7,United Kingdom of Great Britain and Northern Ireland,HUMAN_OBSERVATION
50.096812,-5.129888,1996,8,United Kingdom of Great Britain and Northern Ireland,HUMAN_OBSERVATION
50.096814,-5.096325,1987,7,United Kingdom of Great Britain and Northern Ireland,HUMAN_OBSERVATION
50.096925,-5.1257,1987,7,United Kingdom of Great Britain and Northern Ireland,HUMAN_OBSERVATION
50.097076,-5.120116,1987,7,United Kingdom of Great Britain and Northern Ireland,HUMAN_OBSERVATION
50.097076,-5.120116,1987,7,United Kingdom of Great Britain and Northern Ireland,HUMAN_OBSERVATION
50.097898,-5.122967,1987,7,United Kingdom of Great Britain and Northern Ireland,HUMAN_OBSERVATION
50.098046,-5.083818,1987,7,United Kingdom of Great Britain and Northern Ireland,HUMAN_OBSERVATION
50.098161,-5.113194,1987,7,United Kingdom of Great Britain and Northern Ireland,HUMAN_OBSERVATION
50.098833,-5.088064,2013,9,United Kingdom of Great Britain and Northern Ireland,HUMAN_OBSERVATION
50.099393,-5.134252,1986,10,United Kingdom of Great Britain and Northern Ireland,HUMAN_OBSERVATION
50.099433,-5.099291,1987,7,United Kingdom of Great Britain and Northern Ireland,HUMAN_OBSERVATION
50.099433,-5.099291,1987,7,United Kingdom of Great Britain and Northern Ireland,HUMAN_OBSERVATION
50.099433,-5.099291,1987,7,United Kingdom of Great Britain and Northern Ireland,HUMAN_OBSERVATION
50.10021,-5.037231,2016,8,United Kingdom of Great Britain and Northern Ireland,HUMAN_OBSERVATION
50.100216,-5.137103,1999,,United Kingdom of Great Britain and Northern Ireland,HUMAN_OBSERVATION
50.10108,-5.104992,1997,3,United Kingdom of Great Britain and Northern Ireland,HUMAN_OBSERVATION
50.101603,-5.119012,1987,7,United Kingdom of Great Britain and Northern Ireland,HUMAN_OBSERVATION
50.101603,-5.119012,1987,7,United Kingdom of Great Britain and Northern Ireland,HUMAN_OBSERVATION
50.101603,-5.119012,1987,7,United Kingdom of Great Britain and Northern Ireland,HUMAN_OBSERVATION
50.101603,-5.119012,1987,7,United Kingdom of Great Britain and Northern Ireland,HUMAN_OBSERVATION
50.10202,-5.487325,2011,10,United Kingdom of Great Britain and Northern Ireland,HUMAN_OBSERVATION
50.10218,-5.114589,2007,6,United Kingdom of Great Britain and Northern Ireland,HUMAN_OBSERVATION
50.10241,-5.114123,2011,8,United Kingdom of Great Britain and Northern Ireland,HUMAN_OBSERVATION
50.102537,-5.084107,1987,7,United Kingdom of Great Britain and Northern Ireland,HUMAN_OBSERVATION
50.102537,-5.084107,1987,7,United Kingdom of Great Britain and Northern Ireland,HUMAN_OBSERVATION
50.1026,-5.110401,2021,5,United Kingdom of Great Britain and Northern Ireland,HUMAN_OBSERVATION
50.102795,-5.547093,2014,11,United Kingdom of Great Britain and Northern Ireland,HUMAN_OBSERVATION
50.103323,-5.547187,2019,9,United Kingdom of Great Britain and Northern Ireland,MATERIAL_SAMPLE
50.103323,-5.547187,2019,9,United Kingdom of Great Britain and Northern Ireland,MATERIAL_SAMPLE
50.103323,-5.547187,2019,12,United Kingdom of Great Britain and Northern Ireland,MATERIAL_SAMPLE
50.103323,-5.547187,2019,12,United Kingdom of Great Britain and Northern Ireland,MATERIAL_SAMPLE
50.103323,-5.547187,2018,3,United Kingdom of Great Britain and Northern Ireland,MATERIAL_SAMPLE
50.103323,-5.547187,2018,3,United Kingdom of Great Britain and Northern Ireland,MATERIAL_SAMPLE
50.103323,-5.547187,2018,4,United Kingdom of Great Britain and Northern Ireland,MATERIAL_SAMPLE
50.103323,-5.547187,2018,4,United Kingdom of Great Britain and Northern Ireland,MATERIAL_SAMPLE
50.103323,-5.547187,2018,4,United Kingdom of Great Britain and Northern Ireland,MATERIAL_SAMPLE
50.103323,-5.547187,2018,4,United Kingdom of Great Britain and Northern Ireland,MATERIAL_SAMPLE
50.103323,-5.547187,2018,4,United Kingdom of Great Britain and Northern Ireland,MATERIAL_SAMPLE
50.103323,-5.547187,2018,4,United Kingdom of Great Britain and Northern Ireland,MATERIAL_SAMPLE
50.103323,-5.547187,2018,4,United Kingdom of Great Britain and Northern Ireland,MATERIAL_SAMPLE
50.103323,-5.547187,2018,4,United Kingdom of Great Britain and Northern Ireland,MATERIAL_SAMPLE
50.103323,-5.547187,2018,5,United Kingdom of Great Britain and Northern Ireland,MATERIAL_SAMPLE
50.103323,-5.547187,2018,5,United Kingdom of Great Britain and Northern Ireland,MATERIAL_SAMPLE
50.103323,-5.547187,2018,5,United Kingdom of Great Britain and Northern Ireland,MATERIAL_SAMPLE
50.103323,-5.547187,2018,5,United Kingdom of Great Britain and Northern Ireland,MATERIAL_SAMPLE
50.103323,-5.547187,2018,5,United Kingdom of Great Britain and Northern Ireland,MATERIAL_SAMPLE
50.103323,-5.547187,2018,5,United Kingdom of Great Britain and Northern Ireland,MATERIAL_SAMPLE
50.103323,-5.547187,2018,5,United Kingdom of Great Britain and Northern Ireland,MATERIAL_SAMPLE
50.103323,-5.547187,2018,5,United Kingdom of Great Britain and Northern Ireland,MATERIAL_SAMPLE
50.103323,-5.547187,2018,5,United Kingdom of Great Britain and Northern Ireland,MATERIAL_SAMPLE
50.103323,-5.547187,2018,5,United Kingdom of Great Britain and Northern Ireland,MATERIAL_SAMPLE
50.103323,-5.547187,2018,6,United Kingdom of Great Britain and Northern Ireland,MATERIAL_SAMPLE
50.103323,-5.547187,2018,6,United Kingdom of Great Britain and Northern Ireland,MATERIAL_SAMPLE
50.103323,-5.547187,2018,6,United Kingdom of Great Britain and Northern Ireland,MATERIAL_SAMPLE
50.103323,-5.547187,2018,6,United Kingdom of Great Britain and Northern Ireland,MATERIAL_SAMPLE
50.103338,-5.547126,2018,3,United Kingdom of Great Britain and Northern Ireland,HUMAN_OBSERVATION
50.10338,-5.547066,2018,2,United Kingdom of Great Britain and Northern Ireland,HUMAN_OBSERVATION
50.10338,-5.547066,2018,4,United Kingdom of Great Britain and Northern Ireland,HUMAN_OBSERVATION
50.10338,-5.547066,2018,4,United Kingdom of Great Britain and Northern Ireland,HUMAN_OBSERVATION
50.10338,-5.547066,2018,4,United Kingdom of Great Britain and Northern Ireland,HUMAN_OBSERVATION
50.10338,-5.547066,2018,5,United Kingdom of Great Britain and Northern Ireland,HUMAN_OBSERVATION
50.10338,-5.547066,2018,5,United Kingdom of Great Britain and Northern Ireland,HUMAN_OBSERVATION
50.10338,-5.547066,2018,5,United Kingdom of Great Britain and Northern Ireland,HUMAN_OBSERVATION
50.10338,-5.547066,2018,5,United Kingdom of Great Britain and Northern Ireland,HUMAN_OBSERVATION
50.10338,-5.547066,2018,5,United Kingdom of Great Britain and Northern Ireland,HUMAN_OBSERVATION
50.10338,-5.547066,2018,5,United Kingdom of Great Britain and Northern Ireland,HUMAN_OBSERVATION
50.10338,-5.547066,2018,6,United Kingdom of Great Britain and Northern Ireland,HUMAN_OBSERVATION
50.10338,-5.547066,,,United Kingdom of Great Britain and Northern Ireland,HUMAN_OBSERVATION
50.103587,-5.112148,1997,7,United Kingdom of Great Britain and Northern Ireland,HUMAN_OBSERVATION
50.103632,-5.547644,2018,4,United Kingdom of Great Britain and Northern Ireland,HUMAN_OBSERVATION
50.105092,-5.548786,2018,5,United Kingdom of Great Britain and Northern Ireland,MATERIAL_SAMPLE
50.105092,-5.548786,2018,5,United Kingdom of Great Britain and Northern Ireland,MATERIAL_SAMPLE
50.107027,-5.084395,1987,7,United Kingdom of Great Britain and Northern Ireland,HUMAN_OBSERVATION
50.107027,-5.084395,1987,7,United Kingdom of Great Britain and Northern Ireland,HUMAN_OBSERVATION
50.10793,-5.003446,2018,4,United Kingdom of Great Britain and Northern Ireland,HUMAN_OBSERVATION
50.108337,-5.458334,1992,10,United Kingdom of Great Britain and Northern Ireland,MATERIAL_SAMPLE
50.108337,-5.458334,1992,10,United Kingdom of Great Britain and Northern Ireland,MATERIAL_SAMPLE
50.113376,-5.452665,2021,5,United Kingdom of Great Britain and Northern Ireland,HUMAN_OBSERVATION
50.113376,-5.452665,2021,11,United Kingdom of Great Britain and Northern Ireland,HUMAN_OBSERVATION
50.11356,-5.070396,2020,8,United Kingdom of Great Britain and Northern Ireland,HUMAN_OBSERVATION
50.11356,-5.070396,2020,8,United Kingdom of Great Britain and Northern Ireland,HUMAN_OBSERVATION
50.114187,-5.530222,2018,3,United Kingdom of Great Britain and Northern Ireland,MATERIAL_SAMPLE
50.114187,-5.530222,2018,3,United Kingdom of Great Britain and Northern Ireland,MATERIAL_SAMPLE
50.114244,-5.530101,2018,3,United Kingdom of Great Britain and Northern Ireland,HUMAN_OBSERVATION
50.114283,-5.530237,2021,3,United Kingdom of Great Britain and Northern Ireland,HUMAN_OBSERVATION
50.114283,-5.530237,2021,3,United Kingdom of Great Britain and Northern Ireland,HUMAN_OBSERVATION
50.114283,-5.530237,2021,12,United Kingdom of Great Britain and Northern Ireland,HUMAN_OBSERVATION
50.11438,-5.070463,2020,7,United Kingdom of Great Britain and Northern Ireland,HUMAN_OBSERVATION
50.115336,-5.532099,2022,4,United Kingdom of Great Britain and Northern Ireland,HUMAN_OBSERVATION
50.11707,-5.049115,2020,12,United Kingdom of Great Britain and Northern Ireland,HUMAN_OBSERVATION
50.11707,-5.049115,2018,12,United Kingdom of Great Britain and Northern Ireland,HUMAN_OBSERVATION
50.119183,-5.066989,2013,9,United Kingdom of Great Britain and Northern Ireland,HUMAN_OBSERVATION
50.119966,-5.529528,2018,5,United Kingdom of Great Britain and Northern Ireland,MATERIAL_SAMPLE
50.119966,-5.529528,2018,5,United Kingdom of Great Britain and Northern Ireland,MATERIAL_SAMPLE
50.120446,-5.528809,2018,5,United Kingdom of Great Britain and Northern Ireland,HUMAN_OBSERVATION
50.123489,-5.07426,2013,9,United Kingdom of Great Britain and Northern Ireland,HUMAN_OBSERVATION
50.123526,-5.072863,2013,9,United Kingdom of Great Britain and Northern Ireland,HUMAN_OBSERVATION
50.123526,-5.072863,2013,9,United Kingdom of Great Britain and Northern Ireland,HUMAN_OBSERVATION
50.123526,-5.072863,2013,9,United Kingdom of Great Britain and Northern Ireland,HUMAN_OBSERVATION
50.12695,-5.022775,2020,10,United Kingdom of Great Britain and Northern Ireland,HUMAN_OBSERVATION
50.12695,-5.022775,2020,10,United Kingdom of Great Britain and Northern Ireland,HUMAN_OBSERVATION
50.12695,-5.022775,2020,11,United Kingdom of Great Britain and Northern Ireland,HUMAN_OBSERVATION
50.12696,-5.023161,2007,7,United Kingdom of Great Britain and Northern Ireland,HUMAN_OBSERVATION
50.12696,-5.023161,2007,8,United Kingdom of Great Britain and Northern Ireland,HUMAN_OBSERVATION
50.127192,-5.0703,2013,9,United Kingdom of Great Britain and Northern Ireland,HUMAN_OBSERVATION
50.13453,-5.043605,2018,2,United Kingdom of Great Britain and Northern Ireland,HUMAN_OBSERVATION
50.13512,-5.032753,2018,8,United Kingdom of Great Britain and Northern Ireland,HUMAN_OBSERVATION
50.13557,-5.059639,2013,9,United Kingdom of Great Britain and Northern Ireland,HUMAN_OBSERVATION
50.135607,-5.058242,2013,9,United Kingdom of Great Britain and Northern Ireland,HUMAN_OBSERVATION
50.135607,-5.058242,2013,9,United Kingdom of Great Britain and Northern Ireland,HUMAN_OBSERVATION
50.136431,-5.061094,2013,9,United Kingdom of Great Britain and Northern Ireland,HUMAN_OBSERVATION
50.14241,-5.02095,2014,8,United Kingdom of Great Britain and Northern Ireland,HUMAN_OBSERVATION
50.14406,-5.027984,2012,11,United Kingdom of Great Britain and Northern Ireland,HUMAN_OBSERVATION
50.14524,-5.050614,2021,11,United Kingdom of Great Britain and Northern Ireland,HUMAN_OBSERVATION
50.14524,-5.050123,2011,8,United Kingdom of Great Britain and Northern Ireland,HUMAN_OBSERVATION
50.14573,-5.017673,2021,9,United Kingdom of Great Britain and Northern Ireland,HUMAN_OBSERVATION
50.145796,-5.061596,2022,3,United Kingdom of Great Britain and Northern Ireland,HUMAN_OBSERVATION
50.14679,-4.960939,2021,4,United Kingdom of Great Britain and Northern Ireland,HUMAN_OBSERVATION
50.147066,-5.058906,2024,11,United Kingdom of Great Britain and Northern Ireland,HUMAN_OBSERVATION
50.147299,-5.057851,2022,2,United Kingdom of Great Britain and Northern Ireland,HUMAN_OBSERVATION
50.147299,-5.057851,2022,9,United Kingdom of Great Britain and Northern Ireland,HUMAN_OBSERVATION
50.14753,-5.018445,2021,9,United Kingdom of Great Britain and Northern Ireland,HUMAN_OBSERVATION
50.147738,-5.057915,2024,2,United Kingdom of Great Britain and Northern Ireland,HUMAN_OBSERVATION
50.147914,-5.056024,2023,7,United Kingdom of Great Britain and Northern Ireland,HUMAN_OBSERVATION
50.147914,-5.056024,2023,7,United Kingdom of Great Britain and Northern Ireland,HUMAN_OBSERVATION
50.147914,-5.056024,2021,8,United Kingdom of Great Britain and Northern Ireland,HUMAN_OBSERVATION
50.147914,-5.056024,2021,8,United Kingdom of Great Britain and Northern Ireland,HUMAN_OBSERVATION
50.147945,-5.056692,2024,1,United Kingdom of Great Britain and Northern Ireland,HUMAN_OBSERVATION
50.147998,-5.056502,2024,11,United Kingdom of Great Britain and Northern Ireland,HUMAN_OBSERVATION
50.14808,-5.025942,2016,9,United Kingdom of Great Britain and Northern Ireland,HUMAN_OBSERVATION
50.149278,-5.017115,1977,9,United Kingdom of Great Britain and Northern Ireland,HUMAN_OBSERVATION
50.149976,-5.059159,2013,9,United Kingdom of Great Britain and Northern Ireland,HUMAN_OBSERVATION
50.15057,-5.017327,2005,10,United Kingdom of Great Britain and Northern Ireland,HUMAN_OBSERVATION
50.151037,-5.018626,1992,8,United Kingdom of Great Britain and Northern Ireland,HUMAN_OBSERVATION
50.15152,-5.062272,2012,11,United Kingdom of Great Britain and Northern Ireland,HUMAN_OBSERVATION
50.151735,-5.060672,2013,9,United Kingdom of Great Britain and Northern Ireland,HUMAN_OBSERVATION
50.15174,-5.028568,2016,9,United Kingdom of Great Britain and Northern Ireland,HUMAN_OBSERVATION
50.15188,-5.061524,2012,11,United Kingdom of Great Britain and Northern Ireland,HUMAN_OBSERVATION
50.15211,-5.028619,2012,6,United Kingdom of Great Britain and Northern Ireland,HUMAN_OBSERVATION
50.15275,-5.039287,2016,9,United Kingdom of Great Britain and Northern Ireland,HUMAN_OBSERVATION
50.15275,-5.039287,2016,9,United Kingdom of Great Britain and Northern Ireland,HUMAN_OBSERVATION
50.15275,-5.039287,2016,9,United Kingdom of Great Britain and Northern Ireland,HUMAN_OBSERVATION
50.15275,-5.039287,2016,9,United Kingdom of Great Britain and Northern Ireland,HUMAN_OBSERVATION
50.15275,-5.039287,2016,9,United Kingdom of Great Britain and Northern Ireland,HUMAN_OBSERVATION
50.15288,-5.036663,2016,9,United Kingdom of Great Britain and Northern Ireland,HUMAN_OBSERVATION
50.1529,-5.027814,2016,9,United Kingdom of Great Britain and Northern Ireland,HUMAN_OBSERVATION
50.15293,-5.037954,2016,9,United Kingdom of Great Britain and Northern Ireland,HUMAN_OBSERVATION
50.153233,-5.003363,1985,5,United Kingdom of Great Britain and Northern Ireland,HUMAN_OBSERVATION
50.153233,-5.003363,1985,5,United Kingdom of Great Britain and Northern Ireland,HUMAN_OBSERVATION
50.153258,-5.036967,1985,7,United Kingdom of Great Britain and Northern Ireland,HUMAN_OBSERVATION
50.153421,-5.06498,2013,9,United Kingdom of Great Britain and Northern Ireland,HUMAN_OBSERVATION
50.15351,-5.064051,2012,11,United Kingdom of Great Britain and Northern Ireland,HUMAN_OBSERVATION
50.15359,-5.026892,2016,9,United Kingdom of Great Britain and Northern Ireland,HUMAN_OBSERVATION
50.15359,-5.026892,2016,9,United Kingdom of Great Britain and Northern Ireland,HUMAN_OBSERVATION
50.154411,-5.027239,2001,10,United Kingdom of Great Britain and Northern Ireland,HUMAN_OBSERVATION
50.154411,-5.027239,2001,,United Kingdom of Great Britain and Northern Ireland,HUMAN_OBSERVATION
50.15462,-5.028736,2016,9,United Kingdom of Great Britain and Northern Ireland,HUMAN_OBSERVATION
50.15481,-5.027837,2016,9,United Kingdom of Great Britain and Northern Ireland,HUMAN_OBSERVATION
50.15498,-5.039877,1985,7,United Kingdom of Great Britain and Northern Ireland,HUMAN_OBSERVATION
50.155065,-5.002078,1985,7,United Kingdom of Great Britain and Northern Ireland,HUMAN_OBSERVATION
50.155273,-5.028694,1990,9,United Kingdom of Great Britain and Northern Ireland,HUMAN_OBSERVATION
50.15605,-5.031528,2020,12,United Kingdom of Great Britain and Northern Ireland,HUMAN_OBSERVATION
50.156171,-5.028751,2001,10,United Kingdom of Great Britain and Northern Ireland,HUMAN_OBSERVATION
50.156171,-5.028751,2001,,United Kingdom of Great Britain and Northern Ireland,HUMAN_OBSERVATION
50.156483,-5.051174,2013,9,United Kingdom of Great Britain and Northern Ireland,HUMAN_OBSERVATION
50.15652,-5.049776,2013,9,United Kingdom of Great Britain and Northern Ireland,HUMAN_OBSERVATION
50.15652,-5.049776,2013,9,United Kingdom of Great Britain and Northern Ireland,HUMAN_OBSERVATION
50.15652,-5.049776,2013,9,United Kingdom of Great Britain and Northern Ireland,HUMAN_OBSERVATION
50.15652,-5.049776,2013,9,United Kingdom of Great Britain and Northern Ireland,HUMAN_OBSERVATION
50.15652,-5.049776,2013,9,United Kingdom of Great Britain and Northern Ireland,HUMAN_OBSERVATION
50.156976,-5.066608,2005,10,United Kingdom of Great Britain and Northern Ireland,HUMAN_OBSERVATION
50.157381,-5.051231,2013,9,United Kingdom of Great Britain and Northern Ireland,HUMAN_OBSERVATION
50.157381,-5.051231,2013,9,United Kingdom of Great Britain and Northern Ireland,HUMAN_OBSERVATION
50.157381,-5.051231,2013,9,United Kingdom of Great Britain and Northern Ireland,HUMAN_OBSERVATION
50.15751,-5.032952,2019,12,United Kingdom of Great Britain and Northern Ireland,HUMAN_OBSERVATION
50.159727,-5.030376,1985,7,United Kingdom of Great Britain and Northern Ireland,HUMAN_OBSERVATION
50.160661,-5.029035,2001,,United Kingdom of Great Britain and Northern Ireland,HUMAN_OBSERVATION
50.16082,-5.059,2018,3,United Kingdom of Great Britain and Northern Ireland,HUMAN_OBSERVATION
50.16115,-5.058262,2020,8,United Kingdom of Great Britain and Northern Ireland,HUMAN_OBSERVATION
50.16121,-5.058363,2020,3,United Kingdom of Great Britain and Northern Ireland,HUMAN_OBSERVATION
50.161388,-5.001074,1985,7,United Kingdom of Great Britain and Northern Ireland,HUMAN_OBSERVATION
50.161388,-5.001074,1985,7,United Kingdom of Great Britain and Northern Ireland,HUMAN_OBSERVATION
50.16149,-5.058191,2020,3,United Kingdom of Great Britain and Northern Ireland,HUMAN_OBSERVATION
50.16149,-5.058191,2020,8,United Kingdom of Great Britain and Northern Ireland,HUMAN_OBSERVATION
50.16149,-5.058191,2019,6,United Kingdom of Great Britain and Northern Ireland,HUMAN_OBSERVATION
50.16149,-5.058191,2019,6,United Kingdom of Great Britain and Northern Ireland,HUMAN_OBSERVATION
50.161596,-5.058732,2018,9,United Kingdom of Great Britain and Northern Ireland,HUMAN_OBSERVATION
50.162348,-5.033343,2001,,United Kingdom of Great Britain and Northern Ireland,HUMAN_OBSERVATION
50.162421,-5.030547,2001,10,United Kingdom of Great Britain and Northern Ireland,HUMAN_OBSERVATION
50.162421,-5.030547,2001,,United Kingdom of Great Britain and Northern Ireland,HUMAN_OBSERVATION
50.162531,-5.026352,2012,8,United Kingdom of Great Britain and Northern Ireland,HUMAN_OBSERVATION
50.163502,-5.023613,1992,8,United Kingdom of Great Britain and Northern Ireland,HUMAN_OBSERVATION
50.163716,-5.083844,2013,9,United Kingdom of Great Britain and Northern Ireland,HUMAN_OBSERVATION
50.164108,-5.034855,2001,10,United Kingdom of Great Britain and Northern Ireland,HUMAN_OBSERVATION
50.164108,-5.034855,2001,,United Kingdom of Great Britain and Northern Ireland,HUMAN_OBSERVATION
50.16429,-5.027864,2001,,United Kingdom of Great Britain and Northern Ireland,HUMAN_OBSERVATION
50.165079,-5.032115,2001,,United Kingdom of Great Britain and Northern Ireland,HUMAN_OBSERVATION
50.165079,-5.032115,2001,,United Kingdom of Great Britain and Northern Ireland,HUMAN_OBSERVATION
50.165225,-5.026523,2001,,United Kingdom of Great Britain and Northern Ireland,HUMAN_OBSERVATION
50.16648,-5.034976,2016,9,United Kingdom of Great Britain and Northern Ireland,HUMAN_OBSERVATION
50.16661,-5.025852,2021,9,United Kingdom of Great Britain and Northern Ireland,HUMAN_OBSERVATION
50.166754,-5.076127,2009,3,United Kingdom of Great Britain and Northern Ireland,HUMAN_OBSERVATION
50.167058,-5.025238,2001,,United Kingdom of Great Britain and Northern Ireland,HUMAN_OBSERVATION
50.16745,-5.033427,2016,9,United Kingdom of Great Britain and Northern Ireland,HUMAN_OBSERVATION
50.16745,-5.033427,2016,9,United Kingdom of Great Britain and Northern Ireland,HUMAN_OBSERVATION
50.167883,-5.028091,2001,,United Kingdom of Great Britain and Northern Ireland,HUMAN_OBSERVATION
50.16801,-5.032146,2016,9,United Kingdom of Great Britain and Northern Ireland,HUMAN_OBSERVATION
50.16801,-5.032146,2016,9,United Kingdom of Great Britain and Northern Ireland,HUMAN_OBSERVATION
50.168598,-5.035139,1985,7,United Kingdom of Great Britain and Northern Ireland,HUMAN_OBSERVATION
50.16863,-5.028754,2016,9,United Kingdom of Great Britain and Northern Ireland,HUMAN_OBSERVATION
50.16863,-5.028754,2016,9,United Kingdom of Great Britain and Northern Ireland,HUMAN_OBSERVATION
50.16913,-5.025886,2016,9,United Kingdom of Great Britain and Northern Ireland,HUMAN_OBSERVATION
50.16967,-5.034333,2018,8,United Kingdom of Great Britain and Northern Ireland,HUMAN_OBSERVATION
50.169788,-5.02401,2001,,United Kingdom of Great Britain and Northern Ireland,HUMAN_OBSERVATION
50.16998,-5.034495,2007,8,United Kingdom of Great Britain and Northern Ireland,HUMAN_OBSERVATION
50.170541,-5.02966,1985,6,United Kingdom of Great Britain and Northern Ireland,HUMAN_OBSERVATION
50.17115,-5.025617,2016,9,United Kingdom of Great Britain and Northern Ireland,HUMAN_OBSERVATION
50.17158,-5.03628,2014,7,United Kingdom of Great Britain and Northern Ireland,HUMAN_OBSERVATION
50.172191,-5.035367,2002,4,United Kingdom of Great Britain and Northern Ireland,HUMAN_OBSERVATION
50.172191,-5.035367,2001,,United Kingdom of Great Britain and Northern Ireland,HUMAN_OBSERVATION
50.17258,-4.907523,2018,8,United Kingdom of Great Britain and Northern Ireland,HUMAN_OBSERVATION
50.177176,-5.051092,2013,9,United Kingdom of Great Britain and Northern Ireland,HUMAN_OBSERVATION
50.182435,-5.022007,1985,7,United Kingdom of Great Britain and Northern Ireland,HUMAN_OBSERVATION
50.182894,-5.038848,2002,5,United Kingdom of Great Britain and Northern Ireland,HUMAN_OBSERVATION
50.182894,-5.038848,2002,5,United Kingdom of Great Britain and Northern Ireland,HUMAN_OBSERVATION
50.18382,-5.029364,2021,9,United Kingdom of Great Britain and Northern Ireland,HUMAN_OBSERVATION
50.185552,-5.040418,2001,,United Kingdom of Great Britain and Northern Ireland,HUMAN_OBSERVATION
50.185552,-5.040418,2001,,United Kingdom of Great Britain and Northern Ireland,HUMAN_OBSERVATION
50.185589,-5.039019,2001,,United Kingdom of Great Britain and Northern Ireland,HUMAN_OBSERVATION
50.185589,-5.039019,2001,,United Kingdom of Great Britain and Northern Ireland,HUMAN_OBSERVATION
50.185589,-5.039019,2001,,United Kingdom of Great Britain and Northern Ireland,HUMAN_OBSERVATION
50.185589,-5.039019,2001,,United Kingdom of Great Britain and Northern Ireland,HUMAN_OBSERVATION
50.186335,-5.425338,2012,9,United Kingdom of Great Britain and Northern Ireland,MATERIAL_SAMPLE
50.186335,-5.425338,2012,9,United Kingdom of Great Britain and Northern Ireland,MATERIAL_SAMPLE
50.191765,-5.043615,2001,,United Kingdom of Great Britain and Northern Ireland,HUMAN_OBSERVATION
50.191765,-5.043615,2001,,United Kingdom of Great Britain and Northern Ireland,HUMAN_OBSERVATION
50.191802,-5.042216,2001,,United Kingdom of Great Britain and Northern Ireland,HUMAN_OBSERVATION
50.191802,-5.042216,2001,,United Kingdom of Great Britain and Northern Ireland,HUMAN_OBSERVATION
50.1927,-5.042273,2001,,United Kingdom of Great Britain and Northern Ireland,HUMAN_OBSERVATION
50.1927,-5.042273,2001,,United Kingdom of Great Britain and Northern Ireland,HUMAN_OBSERVATION
50.193157,-5.059118,1985,7,United Kingdom of Great Britain and Northern Ireland,HUMAN_OBSERVATION
50.193157,-5.059118,1985,7,United Kingdom of Great Britain and Northern Ireland,HUMAN_OBSERVATION
50.193157,-5.059118,1985,7,United Kingdom of Great Britain and Northern Ireland,HUMAN_OBSERVATION
50.193157,-5.059118,1985,7,United Kingdom of Great Britain and Northern Ireland,HUMAN_OBSERVATION
50.193157,-5.059118,1985,7,United Kingdom of Great Britain and Northern Ireland,HUMAN_OBSERVATION
50.194386,-5.046585,1985,7,United Kingdom of Great Britain and Northern Ireland,HUMAN_OBSERVATION
50.198088,-5.042616,2002,4,United Kingdom of Great Britain and Northern Ireland,HUMAN_OBSERVATION
50.198088,-5.042616,2001,,United Kingdom of Great Britain and Northern Ireland,HUMAN_OBSERVATION
50.198088,-5.042616,2001,,United Kingdom of Great Britain and Northern Ireland,HUMAN_OBSERVATION
50.206318,-5.037533,1985,7,United Kingdom of Great Britain and Northern Ireland,HUMAN_OBSERVATION
50.206318,-5.037533,1985,7,United Kingdom of Great Britain and Northern Ireland,HUMAN_OBSERVATION
50.20834,-5.467092,2015,7,United Kingdom of Great Britain and Northern Ireland,HUMAN_OBSERVATION
50.20895,-5.026471,2012,10,United Kingdom of Great Britain and Northern Ireland,HUMAN_OBSERVATION
50.210904,-3.832385,1977,7,United Kingdom of Great Britain and Northern Ireland,HUMAN_OBSERVATION
50.211174,-5.023824,2013,5,United Kingdom of Great Britain and Northern Ireland,HUMAN_OBSERVATION
50.212544,-3.784793,1985,9,United Kingdom of Great Britain and Northern Ireland,HUMAN_OBSERVATION
50.212544,-3.784793,1985,9,United Kingdom of Great Britain and Northern Ireland,HUMAN_OBSERVATION
50.21308,-3.849504,2009,5,United Kingdom of Great Britain and Northern Ireland,HUMAN_OBSERVATION
50.21504,-3.636946,2015,9,United Kingdom of Great Britain and Northern Ireland,HUMAN_OBSERVATION
50.21591,-3.638168,2006,8,United Kingdom of Great Britain and Northern Ireland,HUMAN_OBSERVATION
50.216489,-5.026964,1992,3,United Kingdom of Great Britain and Northern Ireland,HUMAN_OBSERVATION
50.216489,-5.026964,1992,3,United Kingdom of Great Britain and Northern Ireland,HUMAN_OBSERVATION
50.218358,-5.024278,1985,7,United Kingdom of Great Britain and Northern Ireland,HUMAN_OBSERVATION
50.218358,-5.024278,1985,7,United Kingdom of Great Britain and Northern Ireland,HUMAN_OBSERVATION
50.218358,-5.024278,1985,7,United Kingdom of Great Britain and Northern Ireland,HUMAN_OBSERVATION
50.21852,-4.802774,1996,6,United Kingdom of Great Britain and Northern Ireland,HUMAN_OBSERVATION
50.223893,-5.01902,1985,7,United Kingdom of Great Britain and Northern Ireland,HUMAN_OBSERVATION
50.22482,-5.407322,2014,7,United Kingdom of Great Britain and Northern Ireland,HUMAN_OBSERVATION
50.227056,-3.776923,1991,11,United Kingdom of Great Britain and Northern Ireland,HUMAN_OBSERVATION
50.228456,-5.016504,1985,7,United Kingdom of Great Britain and Northern Ireland,HUMAN_OBSERVATION
50.228456,-5.016504,1985,7,United Kingdom of Great Britain and Northern Ireland,HUMAN_OBSERVATION
50.228492,-5.015104,1985,7,United Kingdom of Great Britain and Northern Ireland,HUMAN_OBSERVATION
50.228492,-5.015104,1985,7,United Kingdom of Great Britain and Northern Ireland,HUMAN_OBSERVATION
50.228638,-5.009504,1985,7,United Kingdom of Great Britain and Northern Ireland,HUMAN_OBSERVATION
50.2317,-3.76728,1991,11,United Kingdom of Great Britain and Northern Ireland,HUMAN_OBSERVATION
50.234397,-3.76738,1987,9,United Kingdom of Great Britain and Northern Ireland,HUMAN_OBSERVATION
50.234418,-3.765979,1985,9,United Kingdom of Great Britain and Northern Ireland,HUMAN_OBSERVATION
50.234418,-3.765979,1985,9,United Kingdom of Great Britain and Northern Ireland,HUMAN_OBSERVATION
50.234418,-3.765979,1985,9,United Kingdom of Great Britain and Northern Ireland,HUMAN_OBSERVATION
50.234439,-3.764577,1991,11,United Kingdom of Great Britain and Northern Ireland,HUMAN_OBSERVATION
50.234439,-3.764577,1991,11,United Kingdom of Great Britain and Northern Ireland,HUMAN_OBSERVATION
50.234439,-3.764577,1991,11,United Kingdom of Great Britain and Northern Ireland,HUMAN_OBSERVATION
50.235317,-3.766012,1985,,United Kingdom of Great Britain and Northern Ireland,HUMAN_OBSERVATION
50.237221,-3.759071,1987,9,United Kingdom of Great Britain and Northern Ireland,HUMAN_OBSERVATION
50.237221,-3.759071,1987,9,United Kingdom of Great Britain and Northern Ireland,HUMAN_OBSERVATION
50.237221,-3.759071,1985,,United Kingdom of Great Britain and Northern Ireland,HUMAN_OBSERVATION
50.23812,-3.759104,1987,9,United Kingdom of Great Britain and Northern Ireland,HUMAN_OBSERVATION
50.238335,-5.017128,1985,7,United Kingdom of Great Britain and Northern Ireland,HUMAN_OBSERVATION
50.23911,-3.868527,1977,7,United Kingdom of Great Britain and Northern Ireland,HUMAN_OBSERVATION
50.239125,-3.752129,1985,9,United Kingdom of Great Britain and Northern Ireland,HUMAN_OBSERVATION
50.239125,-3.752129,1985,9,United Kingdom of Great Britain and Northern Ireland,HUMAN_OBSERVATION
50.239125,-3.752129,1985,9,United Kingdom of Great Britain and Northern Ireland,HUMAN_OBSERVATION
50.239146,-3.750727,1991,11,United Kingdom of Great Britain and Northern Ireland,HUMAN_OBSERVATION
50.239918,-3.75917,1987,9,United Kingdom of Great Britain and Northern Ireland,HUMAN_OBSERVATION
50.239918,-3.75917,1987,9,United Kingdom of Great Britain and Northern Ireland,HUMAN_OBSERVATION
50.239918,-3.75917,1987,9,United Kingdom of Great Britain and Northern Ireland,HUMAN_OBSERVATION
50.239918,-3.75917,1987,9,United Kingdom of Great Britain and Northern Ireland,HUMAN_OBSERVATION
50.239939,-3.757768,1987,9,United Kingdom of Great Britain and Northern Ireland,HUMAN_OBSERVATION
50.239939,-3.757768,1987,9,United Kingdom of Great Britain and Northern Ireland,HUMAN_OBSERVATION
50.239939,-3.757768,1985,9,United Kingdom of Great Britain and Northern Ireland,HUMAN_OBSERVATION
50.239939,-3.757768,1985,9,United Kingdom of Great Britain and Northern Ireland,HUMAN_OBSERVATION
50.23996,-3.756367,1991,11,United Kingdom of Great Britain and Northern Ireland,HUMAN_OBSERVATION
50.24067,-3.756967,2003,11,United Kingdom of Great Britain and Northern Ireland,HUMAN_OBSERVATION
50.24068,-5.406728,2015,7,United Kingdom of Great Britain and Northern Ireland,HUMAN_OBSERVATION
50.240859,-3.7564,1991,11,United Kingdom of Great Britain and Northern Ireland,HUMAN_OBSERVATION
50.240859,-3.7564,1987,9,United Kingdom of Great Britain and Northern Ireland,HUMAN_OBSERVATION
50.240859,-3.7564,1987,9,United Kingdom of Great Britain and Northern Ireland,HUMAN_OBSERVATION
50.240859,-3.7564,1987,9,United Kingdom of Great Britain and Northern Ireland,HUMAN_OBSERVATION
50.240859,-3.7564,1985,9,United Kingdom of Great Britain and Northern Ireland,HUMAN_OBSERVATION
50.240859,-3.7564,1985,9,United Kingdom of Great Britain and Northern Ireland,HUMAN_OBSERVATION
50.240859,-3.7564,1985,9,United Kingdom of Great Britain and Northern Ireland,HUMAN_OBSERVATION
50.241694,-3.760638,1985,,United Kingdom of Great Britain and Northern Ireland,HUMAN_OBSERVATION
50.241716,-3.759236,1991,11,United Kingdom of Great Britain and Northern Ireland,HUMAN_OBSERVATION
50.241716,-3.759236,1985,4,United Kingdom of Great Britain and Northern Ireland,HUMAN_OBSERVATION
50.241758,-3.756433,1991,11,United Kingdom of Great Britain and Northern Ireland,HUMAN_OBSERVATION
50.241758,-3.756433,1987,9,United Kingdom of Great Britain and Northern Ireland,HUMAN_OBSERVATION
50.241758,-3.756433,1987,9,United Kingdom of Great Britain and Northern Ireland,HUMAN_OBSERVATION
50.241758,-3.756433,1985,4,United Kingdom of Great Britain and Northern Ireland,HUMAN_OBSERVATION
50.241906,-3.746621,1985,4,United Kingdom of Great Britain and Northern Ireland,HUMAN_OBSERVATION
50.242572,-3.762072,2014,8,United Kingdom of Great Britain and Northern Ireland,HUMAN_OBSERVATION
50.243513,-3.759302,1985,9,United Kingdom of Great Britain and Northern Ireland,HUMAN_OBSERVATION
50.243513,-3.759302,1985,9,United Kingdom of Great Britain and Northern Ireland,HUMAN_OBSERVATION
50.243513,-3.759302,1985,9,United Kingdom of Great Britain and Northern Ireland,HUMAN_OBSERVATION
50.243513,-3.759302,1985,,United Kingdom of Great Britain and Northern Ireland,HUMAN_OBSERVATION
50.243535,-3.7579,1987,9,United Kingdom of Great Britain and Northern Ireland,HUMAN_OBSERVATION
50.244412,-3.759335,1991,11,United Kingdom of Great Britain and Northern Ireland,HUMAN_OBSERVATION
50.248008,-3.759468,1985,4,United Kingdom of Great Britain and Northern Ireland,HUMAN_OBSERVATION
50.248907,-3.759501,1985,,United Kingdom of Great Britain and Northern Ireland,HUMAN_OBSERVATION
50.248928,-3.758099,1985,4,United Kingdom of Great Britain and Northern Ireland,HUMAN_OBSERVATION
50.248928,-3.758099,1985,4,United Kingdom of Great Britain and Northern Ireland,HUMAN_OBSERVATION
50.248928,-3.758099,1985,4,United Kingdom of Great Britain and Northern Ireland,HUMAN_OBSERVATION
50.248928,-3.758099,1985,9,United Kingdom of Great Britain and Northern Ireland,HUMAN_OBSERVATION
50.248928,-3.758099,1985,9,United Kingdom of Great Britain and Northern Ireland,HUMAN_OBSERVATION
50.25005,-3.639169,2016,6,United Kingdom of Great Britain and Northern Ireland,HUMAN_OBSERVATION
50.252481,-3.761035,1985,,United Kingdom of Great Britain and Northern Ireland,HUMAN_OBSERVATION
50.252481,-3.761035,1985,,United Kingdom of Great Britain and Northern Ireland,HUMAN_OBSERVATION
50.252524,-3.758231,1991,11,United Kingdom of Great Britain and Northern Ireland,HUMAN_OBSERVATION
50.253401,-3.759666,1992,1,United Kingdom of Great Britain and Northern Ireland,HUMAN_OBSERVATION
50.253401,-3.759666,1985,4,United Kingdom of Great Britain and Northern Ireland,HUMAN_OBSERVATION
50.253401,-3.759666,1985,4,United Kingdom of Great Britain and Northern Ireland,HUMAN_OBSERVATION
50.261385,-3.766976,1985,,United Kingdom of Great Britain and Northern Ireland,HUMAN_OBSERVATION
50.273202,-3.928805,1996,7,United Kingdom of Great Britain and Northern Ireland,HUMAN_OBSERVATION
50.284157,-3.972763,1979,5,United Kingdom of Great Britain and Northern Ireland,HUMAN_OBSERVATION
50.28442,-3.967838,2009,6,United Kingdom of Great Britain and Northern Ireland,HUMAN_OBSERVATION
50.285739,-4.037403,1996,9,United Kingdom of Great Britain and Northern Ireland,HUMAN_OBSERVATION
50.286932,-4.020608,1996,9,United Kingdom of Great Britain and Northern Ireland,HUMAN_OBSERVATION
50.28815,-4.043038,2016,10,United Kingdom of Great Britain and Northern Ireland,HUMAN_OBSERVATION
50.29,-4.043663,2007,9,United Kingdom of Great Britain and Northern Ireland,HUMAN_OBSERVATION
50.294115,-3.968963,1996,9,United Kingdom of Great Britain and Northern Ireland,HUMAN_OBSERVATION
50.29445,-4.067966,2009,4,United Kingdom of Great Britain and Northern Ireland,HUMAN_OBSERVATION
50.297734,-3.967709,1996,9,United Kingdom of Great Britain and Northern Ireland,HUMAN_OBSERVATION
50.30069,-4.083292,2010,5,United Kingdom of Great Britain and Northern Ireland,HUMAN_OBSERVATION
50.30108,-4.108856,2011,6,United Kingdom of Great Britain and Northern Ireland,HUMAN_OBSERVATION
50.30108,-4.108856,2011,6,United Kingdom of Great Britain and Northern Ireland,HUMAN_OBSERVATION
50.3028,-4.111474,2018,6,United Kingdom of Great Britain and Northern Ireland,HUMAN_OBSERVATION
50.302918,-4.083075,1996,8,United Kingdom of Great Britain and Northern Ireland,HUMAN_OBSERVATION
50.30347,-4.120071,2011,7,United Kingdom of Great Britain and Northern Ireland,HUMAN_OBSERVATION
50.303615,-4.094341,1977,10,United Kingdom of Great Britain and Northern Ireland,HUMAN_OBSERVATION
50.304763,-4.732001,1977,11,United Kingdom of Great Britain and Northern Ireland,HUMAN_OBSERVATION
50.30609,-4.111044,2010,12,United Kingdom of Great Britain and Northern Ireland,HUMAN_OBSERVATION
50.30619,-4.221066,2006,4,United Kingdom of Great Britain and Northern Ireland,HUMAN_OBSERVATION
50.30659,-4.084533,2008,7,United Kingdom of Great Britain and Northern Ireland,HUMAN_OBSERVATION
50.30994,-4.205513,2011,5,United Kingdom of Great Britain and Northern Ireland,HUMAN_OBSERVATION
50.31101,-4.211223,2006,6,United Kingdom of Great Britain and Northern Ireland,HUMAN_OBSERVATION
50.31116,-4.120454,2007,9,United Kingdom of Great Britain and Northern Ireland,HUMAN_OBSERVATION
50.31129,-4.209186,2007,7,United Kingdom of Great Britain and Northern Ireland,HUMAN_OBSERVATION
50.31274,-4.207231,2006,8,United Kingdom of Great Britain and Northern Ireland,HUMAN_OBSERVATION
50.31691,-4.155225,2007,6,United Kingdom of Great Britain and Northern Ireland,HUMAN_OBSERVATION
50.317719,-5.260226,2004,10,United Kingdom of Great Britain and Northern Ireland,HUMAN_OBSERVATION
50.31773,-3.61078,2006,8,United Kingdom of Great Britain and Northern Ireland,HUMAN_OBSERVATION
50.31773,-3.61078,2006,8,United Kingdom of Great Britain and Northern Ireland,HUMAN_OBSERVATION
50.31882,-4.141223,2006,12,United Kingdom of Great Britain and Northern Ireland,HUMAN_OBSERVATION
50.32141,-4.186395,2006,4,United Kingdom of Great Britain and Northern Ireland,HUMAN_OBSERVATION
50.32238,-4.184561,2007,7,United Kingdom of Great Britain and Northern Ireland,HUMAN_OBSERVATION
50.32359,-4.188525,2018,8,United Kingdom of Great Britain and Northern Ireland,HUMAN_OBSERVATION
50.324231,-4.242767,1977,10,United Kingdom of Great Britain and Northern Ireland,HUMAN_OBSERVATION
50.32609,-4.245367,2008,7,United Kingdom of Great Britain and Northern Ireland,HUMAN_OBSERVATION
50.32609,-4.245367,2008,7,United Kingdom of Great Britain and Northern Ireland,HUMAN_OBSERVATION
50.32609,-4.243864,2009,6,United Kingdom of Great Britain and Northern Ireland,HUMAN_OBSERVATION
50.32624,-4.252569,2006,5,United Kingdom of Great Britain and Northern Ireland,HUMAN_OBSERVATION
50.32624,-4.252569,2006,7,United Kingdom of Great Britain and Northern Ireland,HUMAN_OBSERVATION
50.32674,-4.252235,2007,10,United Kingdom of Great Britain and Northern Ireland,HUMAN_OBSERVATION
50.32676,-4.2522,2018,8,United Kingdom of Great Britain and Northern Ireland,HUMAN_OBSERVATION
50.32676,-4.2522,2007,10,United Kingdom of Great Britain and Northern Ireland,HUMAN_OBSERVATION
50.32696,-4.251602,2004,9,United Kingdom of Great Britain and Northern Ireland,HUMAN_OBSERVATION
50.32893,-4.307659,2007,10,United Kingdom of Great Britain and Northern Ireland,HUMAN_OBSERVATION
50.33154,-4.140956,2006,10,United Kingdom of Great Britain and Northern Ireland,HUMAN_OBSERVATION
50.33274,-4.157225,2007,10,United Kingdom of Great Britain and Northern Ireland,HUMAN_OBSERVATION
50.33408,-4.147828,2010,3,United Kingdom of Great Britain and Northern Ireland,HUMAN_OBSERVATION
50.33409,-4.147195,2011,4,United Kingdom of Great Britain and Northern Ireland,HUMAN_OBSERVATION
50.33413,-4.14704,2006,7,United Kingdom of Great Britain and Northern Ireland,HUMAN_OBSERVATION
50.33417,-5.230834,2003,9,United Kingdom of Great Britain and Northern Ireland,HUMAN_OBSERVATION
50.3343,-4.147501,2010,6,United Kingdom of Great Britain and Northern Ireland,HUMAN_OBSERVATION
50.33442,-4.151357,2011,4,United Kingdom of Great Britain and Northern Ireland,HUMAN_OBSERVATION
50.33504,-4.180702,2015,6,United Kingdom of Great Britain and Northern Ireland,HUMAN_OBSERVATION
50.33621,-4.191562,2007,8,United Kingdom of Great Britain and Northern Ireland,HUMAN_OBSERVATION
50.344023,-4.628831,2013,10,United Kingdom of Great Britain and Northern Ireland,HUMAN_OBSERVATION
50.344023,-4.628831,2013,10,United Kingdom of Great Britain and Northern Ireland,HUMAN_OBSERVATION
50.346498,-4.45396,2018,2,United Kingdom of Great Britain and Northern Ireland,HUMAN_OBSERVATION
50.347045,-3.563538,2005,6,United Kingdom of Great Britain and Northern Ireland,HUMAN_OBSERVATION
50.34887,-4.449382,2013,6,United Kingdom of Great Britain and Northern Ireland,HUMAN_OBSERVATION
50.350547,-3.570681,2014,9,United Kingdom of Great Britain and Northern Ireland,HUMAN_OBSERVATION
50.352787,-4.159765,1993,6,United Kingdom of Great Britain and Northern Ireland,HUMAN_OBSERVATION
50.354532,-4.162656,1986,7,United Kingdom of Great Britain and Northern Ireland,HUMAN_OBSERVATION
50.35646,-4.155714,1986,4,United Kingdom of Great Britain and Northern Ireland,HUMAN_OBSERVATION
50.357662,-3.576539,2014,9,United Kingdom of Great Britain and Northern Ireland,HUMAN_OBSERVATION
50.35767,-4.138897,1992,9,United Kingdom of Great Britain and Northern Ireland,HUMAN_OBSERVATION
50.35767,-4.138897,1992,9,United Kingdom of Great Britain and Northern Ireland,HUMAN_OBSERVATION
50.358004,-4.120635,2013,9,United Kingdom of Great Britain and Northern Ireland,HUMAN_OBSERVATION
50.35803,-4.11923,1996,6,United Kingdom of Great Britain and Northern Ireland,HUMAN_OBSERVATION
50.359077,-4.16005,1993,6,United Kingdom of Great Britain and Northern Ireland,HUMAN_OBSERVATION
50.3591,-4.138312,2014,9,United Kingdom of Great Britain and Northern Ireland,HUMAN_OBSERVATION
50.35975,-4.123525,1996,6,United Kingdom of Great Britain and Northern Ireland,HUMAN_OBSERVATION
50.35975,-4.123525,1996,6,United Kingdom of Great Britain and Northern Ireland,HUMAN_OBSERVATION
50.360572,-4.12778,1996,6,United Kingdom of Great Britain and Northern Ireland,HUMAN_OBSERVATION
50.360572,-4.12778,1996,6,United Kingdom of Great Britain and Northern Ireland,HUMAN_OBSERVATION
50.36058,-4.141487,2016,10,United Kingdom of Great Britain and Northern Ireland,HUMAN_OBSERVATION
50.360953,-4.155917,1998,9,United Kingdom of Great Britain and Northern Ireland,HUMAN_OBSERVATION
50.360953,-4.155917,1998,9,United Kingdom of Great Britain and Northern Ireland,HUMAN_OBSERVATION
50.360953,-4.155917,1998,9,United Kingdom of Great Britain and Northern Ireland,HUMAN_OBSERVATION
50.360953,-4.155917,1998,9,United Kingdom of Great Britain and Northern Ireland,HUMAN_OBSERVATION
50.360953,-4.155917,1998,9,United Kingdom of Great Britain and Northern Ireland,HUMAN_OBSERVATION
50.360953,-4.155917,1998,9,United Kingdom of Great Britain and Northern Ireland,HUMAN_OBSERVATION
50.360953,-4.155917,1998,9,United Kingdom of Great Britain and Northern Ireland,HUMAN_OBSERVATION
50.360953,-4.155917,1998,9,United Kingdom of Great Britain and Northern Ireland,HUMAN_OBSERVATION
50.36097,-4.145343,2009,7,United Kingdom of Great Britain and Northern Ireland,HUMAN_OBSERVATION
50.36142,-4.173868,2011,7,United Kingdom of Great Britain and Northern Ireland,HUMAN_OBSERVATION
50.361471,-4.12782,1996,6,United Kingdom of Great Britain and Northern Ireland,HUMAN_OBSERVATION
50.362855,-4.150379,2013,9,United Kingdom of Great Britain and Northern Ireland,HUMAN_OBSERVATION
50.363037,-3.578123,1987,7,United Kingdom of Great Britain and Northern Ireland,HUMAN_OBSERVATION
50.363056,-3.576718,1986,8,United Kingdom of Great Britain and Northern Ireland,HUMAN_OBSERVATION
50.36344,-4.167279,2013,9,United Kingdom of Great Britain and Northern Ireland,HUMAN_OBSERVATION
50.36385,-4.130932,2019,8,United Kingdom of Great Britain and Northern Ireland,HUMAN_OBSERVATION
50.363935,-4.140585,2016,10,United Kingdom of Great Britain and Northern Ireland,HUMAN_OBSERVATION
50.364115,-4.13075,2016,10,United Kingdom of Great Britain and Northern Ireland,HUMAN_OBSERVATION
50.364115,-4.13075,2016,10,United Kingdom of Great Britain and Northern Ireland,HUMAN_OBSERVATION
50.364115,-4.13075,2016,10,United Kingdom of Great Britain and Northern Ireland,HUMAN_OBSERVATION
50.364141,-4.129345,2013,9,United Kingdom of Great Britain and Northern Ireland,HUMAN_OBSERVATION
50.364218,-4.12513,2005,8,United Kingdom of Great Britain and Northern Ireland,HUMAN_OBSERVATION
50.364854,-3.576777,2014,9,United Kingdom of Great Britain and Northern Ireland,HUMAN_OBSERVATION
50.365033,-4.161696,2021,9,United Kingdom of Great Britain and Northern Ireland,HUMAN_OBSERVATION
50.365033,-4.161696,2021,9,United Kingdom of Great Britain and Northern Ireland,HUMAN_OBSERVATION
50.366371,-4.154757,2014,10,United Kingdom of Great Britain and Northern Ireland,HUMAN_OBSERVATION
50.3668,-4.1561,2019,,United Kingdom of Great Britain and Northern Ireland,OCCURRENCE
50.366812,-4.130871,1993,8,United Kingdom of Great Britain and Northern Ireland,HUMAN_OBSERVATION
50.366859,-4.15513,2009,8,United Kingdom of Great Britain and Northern Ireland,HUMAN_OBSERVATION
50.3673,-4.1554,2019,,United Kingdom of Great Britain and Northern Ireland,OCCURRENCE
50.3673,-4.1554,2019,,United Kingdom of Great Britain and Northern Ireland,OCCURRENCE
50.3674,-4.1544,2019,,United Kingdom of Great Britain and Northern Ireland,OCCURRENCE
50.368609,-4.130952,2013,9,United Kingdom of Great Britain and Northern Ireland,HUMAN_OBSERVATION
50.370102,-4.195709,1986,4,United Kingdom of Great Britain and Northern Ireland,HUMAN_OBSERVATION
50.380003,-3.587125,1987,7,United Kingdom of Great Britain and Northern Ireland,HUMAN_OBSERVATION
50.380003,-3.587125,1986,8,United Kingdom of Great Britain and Northern Ireland,HUMAN_OBSERVATION
50.380022,-3.58572,1986,8,United Kingdom of Great Britain and Northern Ireland,HUMAN_OBSERVATION
50.385432,-4.193604,1992,9,United Kingdom of Great Britain and Northern Ireland,HUMAN_OBSERVATION
50.385432,-4.193604,1992,9,United Kingdom of Great Britain and Northern Ireland,HUMAN_OBSERVATION
50.388088,-4.242966,1986,7,United Kingdom of Great Britain and Northern Ireland,HUMAN_OBSERVATION
50.39319,-3.482428,2014,7,United Kingdom of Great Britain and Northern Ireland,HUMAN_OBSERVATION
50.39325,-3.483119,2014,7,United Kingdom of Great Britain and Northern Ireland,HUMAN_OBSERVATION
50.39338,-3.480576,2008,8,United Kingdom of Great Britain and Northern Ireland,HUMAN_OBSERVATION
50.39342,-3.481295,2014,7,United Kingdom of Great Britain and Northern Ireland,HUMAN_OBSERVATION
50.399049,-3.507558,2013,7,United Kingdom of Great Britain and Northern Ireland,HUMAN_OBSERVATION
50.399393,-3.480835,1994,7,United Kingdom of Great Britain and Northern Ireland,HUMAN_OBSERVATION
50.399393,-3.480835,1994,7,United Kingdom of Great Britain and Northern Ireland,HUMAN_OBSERVATION
50.399571,-4.206921,1992,9,United Kingdom of Great Britain and Northern Ireland,HUMAN_OBSERVATION
50.399571,-4.206921,1992,9,United Kingdom of Great Britain and Northern Ireland,HUMAN_OBSERVATION
50.400902,-3.503396,1990,8,United Kingdom of Great Britain and Northern Ireland,HUMAN_OBSERVATION
50.40142,-3.494633,2009,7,United Kingdom of Great Britain and Northern Ireland,HUMAN_OBSERVATION
50.401819,-3.502018,2012,9,United Kingdom of Great Britain and Northern Ireland,HUMAN_OBSERVATION
50.40226,-3.490521,2011,7,United Kingdom of Great Britain and Northern Ireland,HUMAN_OBSERVATION
50.402294,-4.20564,1992,9,United Kingdom of Great Britain and Northern Ireland,HUMAN_OBSERVATION
50.402294,-4.20564,1992,9,United Kingdom of Great Britain and Northern Ireland,HUMAN_OBSERVATION
50.40261,-3.485255,2008,8,United Kingdom of Great Britain and Northern Ireland,HUMAN_OBSERVATION
50.40261,-3.485255,2008,8,United Kingdom of Great Britain and Northern Ireland,HUMAN_OBSERVATION
50.403361,-3.521767,1993,5,United Kingdom of Great Britain and Northern Ireland,HUMAN_OBSERVATION
50.404118,-4.204318,1992,9,United Kingdom of Great Britain and Northern Ireland,HUMAN_OBSERVATION
50.404118,-4.204318,1992,9,United Kingdom of Great Britain and Northern Ireland,HUMAN_OBSERVATION
50.40443,-3.540468,2008,12,United Kingdom of Great Britain and Northern Ireland,HUMAN_OBSERVATION
50.407819,-4.19886,1986,7,United Kingdom of Great Britain and Northern Ireland,HUMAN_OBSERVATION
50.408638,-4.20312,1986,7,United Kingdom of Great Britain and Northern Ireland,HUMAN_OBSERVATION
50.41311,-3.535485,2008,5,United Kingdom of Great Britain and Northern Ireland,HUMAN_OBSERVATION
50.41355,-3.537667,2008,6,United Kingdom of Great Britain and Northern Ireland,HUMAN_OBSERVATION
50.42302,-5.095054,2017,4,United Kingdom of Great Britain and Northern Ireland,HUMAN_OBSERVATION
50.42332,-5.095397,2017,4,United Kingdom of Great Britain and Northern Ireland,HUMAN_OBSERVATION
50.435064,-3.504478,1994,6,United Kingdom of Great Britain and Northern Ireland,HUMAN_OBSERVATION
50.44704,-3.551338,1992,9,United Kingdom of Great Britain and Northern Ireland,HUMAN_OBSERVATION
50.45274,-3.502772,2011,7,United Kingdom of Great Britain and Northern Ireland,HUMAN_OBSERVATION
50.45353,-3.517249,2007,8,United Kingdom of Great Britain and Northern Ireland,HUMAN_OBSERVATION
50.45391,-3.461713,2014,6,United Kingdom of Great Britain and Northern Ireland,HUMAN_OBSERVATION
50.454824,-3.506513,1982,9,United Kingdom of Great Britain and Northern Ireland,HUMAN_OBSERVATION
50.45588,-3.53377,2006,9,United Kingdom of Great Britain and Northern Ireland,HUMAN_OBSERVATION
50.455977,-3.486827,1983,6,United Kingdom of Great Britain and Northern Ireland,HUMAN_OBSERVATION
50.456911,-3.484039,1982,9,United Kingdom of Great Britain and Northern Ireland,HUMAN_OBSERVATION
50.45731,-3.492462,2012,9,United Kingdom of Great Britain and Northern Ireland,HUMAN_OBSERVATION
50.457971,-3.471393,1982,8,United Kingdom of Great Britain and Northern Ireland,HUMAN_OBSERVATION
50.45879,-3.54037,2018,7,United Kingdom of Great Britain and Northern Ireland,HUMAN_OBSERVATION
50.459043,-3.52778,2013,7,United Kingdom of Great Britain and Northern Ireland,HUMAN_OBSERVATION
50.459794,-3.539075,1992,9,United Kingdom of Great Britain and Northern Ireland,HUMAN_OBSERVATION
50.459905,-3.530626,1993,3,United Kingdom of Great Britain and Northern Ireland,HUMAN_OBSERVATION
50.459911,-3.460182,1994,7,United Kingdom of Great Britain and Northern Ireland,HUMAN_OBSERVATION
50.460704,-3.46866,1979,6,United Kingdom of Great Britain and Northern Ireland,HUMAN_OBSERVATION
50.461478,-3.478546,1994,7,United Kingdom of Great Britain and Northern Ireland,HUMAN_OBSERVATION
50.461478,-3.478546,1994,7,United Kingdom of Great Britain and Northern Ireland,HUMAN_OBSERVATION
50.47826,-3.508304,2009,3,United Kingdom of Great Britain and Northern Ireland,HUMAN_OBSERVATION
50.47894,-3.508297,2018,9,United Kingdom of Great Britain and Northern Ireland,HUMAN_OBSERVATION
50.4791,-3.50747,2017,9,United Kingdom of Great Britain and Northern Ireland,HUMAN_OBSERVATION
50.4816,-3.50896,2012,9,United Kingdom of Great Britain and Northern Ireland,HUMAN_OBSERVATION
50.499719,-3.512172,2008,7,United Kingdom of Great Britain and Northern Ireland,HUMAN_OBSERVATION
50.515263,-4.316701,1981,6,United Kingdom of Great Britain and Northern Ireland,HUMAN_OBSERVATION
50.51542,-2.46058,2004,5,United Kingdom of Great Britain and Northern Ireland,HUMAN_OBSERVATION
50.517772,-3.507106,1994,7,United Kingdom of Great Britain and Northern Ireland,HUMAN_OBSERVATION
50.53726,-2.42067,2009,5,United Kingdom of Great Britain and Northern Ireland,HUMAN_OBSERVATION
50.538594,-3.49648,1992,7,United Kingdom of Great Britain and Northern Ireland,HUMAN_OBSERVATION
50.539457,-3.49933,1988,8,United Kingdom of Great Britain and Northern Ireland,HUMAN_OBSERVATION
50.539457,-3.49933,1988,8,United Kingdom of Great Britain and Northern Ireland,HUMAN_OBSERVATION
50.539511,-3.495098,1988,7,United Kingdom of Great Britain and Northern Ireland,HUMAN_OBSERVATION
50.540337,-3.500769,1988,8,United Kingdom of Great Britain and Northern Ireland,HUMAN_OBSERVATION
50.543951,-3.499473,1988,8,United Kingdom of Great Britain and Northern Ireland,HUMAN_OBSERVATION
50.54993,-2.477729,1977,7,United Kingdom of Great Britain and Northern Ireland,HUMAN_OBSERVATION
50.55544,-2.415665,2013,9,United Kingdom of Great Britain and Northern Ireland,HUMAN_OBSERVATION
50.55809,-2.448698,2013,9,United Kingdom of Great Britain and Northern Ireland,HUMAN_OBSERVATION
50.55826,-2.451284,2017,5,United Kingdom of Great Britain and Northern Ireland,HUMAN_OBSERVATION
50.55827,-2.447726,2016,5,United Kingdom of Great Britain and Northern Ireland,HUMAN_OBSERVATION
50.55903,-2.390268,2021,8,United Kingdom of Great Britain and Northern Ireland,HUMAN_OBSERVATION
50.55967,-2.408691,1998,7,United Kingdom of Great Britain and Northern Ireland,HUMAN_OBSERVATION
50.56025,-2.451189,2011,10,United Kingdom of Great Britain and Northern Ireland,HUMAN_OBSERVATION
50.56073,-2.420809,2011,8,United Kingdom of Great Britain and Northern Ireland,HUMAN_OBSERVATION
50.56268,-2.414189,1998,7,United Kingdom of Great Britain and Northern Ireland,HUMAN_OBSERVATION
50.562759,-2.415737,1980,7,United Kingdom of Great Britain and Northern Ireland,HUMAN_OBSERVATION
50.563244,-3.46761,1994,9,United Kingdom of Great Britain and Northern Ireland,HUMAN_OBSERVATION
50.56504,-2.425041,2013,8,United Kingdom of Great Britain and Northern Ireland,HUMAN_OBSERVATION
50.56883,-2.4985,2007,8,United Kingdom of Great Britain and Northern Ireland,HUMAN_OBSERVATION
50.56931,-2.445839,2020,10,United Kingdom of Great Britain and Northern Ireland,HUMAN_OBSERVATION
50.56975,-2.446359,2020,10,United Kingdom of Great Britain and Northern Ireland,HUMAN_OBSERVATION
50.569927,-2.422861,1987,4,United Kingdom of Great Britain and Northern Ireland,HUMAN_OBSERVATION
50.57014,-2.441667,2018,12,United Kingdom of Great Britain and Northern Ireland,HUMAN_OBSERVATION
50.57023,-2.44171,2016,12,United Kingdom of Great Britain and Northern Ireland,HUMAN_OBSERVATION
50.57026,-2.441696,2020,6,United Kingdom of Great Britain and Northern Ireland,HUMAN_OBSERVATION
50.57043,-2.441698,2019,6,United Kingdom of Great Britain and Northern Ireland,HUMAN_OBSERVATION
50.57043,-2.441698,2019,6,United Kingdom of Great Britain and Northern Ireland,HUMAN_OBSERVATION
50.57043,-2.441698,2014,12,United Kingdom of Great Britain and Northern Ireland,HUMAN_OBSERVATION
50.57043,-2.441698,2014,12,United Kingdom of Great Britain and Northern Ireland,HUMAN_OBSERVATION
50.570837,-2.420045,2006,4,United Kingdom of Great Britain and Northern Ireland,HUMAN_OBSERVATION
50.57151,-2.448699,2020,6,United Kingdom of Great Britain and Northern Ireland,HUMAN_OBSERVATION
50.57162,-2.451118,2013,11,United Kingdom of Great Britain and Northern Ireland,HUMAN_OBSERVATION
50.57196,-4.997235,2016,10,United Kingdom of Great Britain and Northern Ireland,HUMAN_OBSERVATION
50.57209,-2.450823,2021,4,United Kingdom of Great Britain and Northern Ireland,HUMAN_OBSERVATION
50.57209,-2.450823,2021,4,United Kingdom of Great Britain and Northern Ireland,HUMAN_OBSERVATION
50.57209,-2.450823,2021,4,United Kingdom of Great Britain and Northern Ireland,HUMAN_OBSERVATION
50.57217,-2.450908,2020,12,United Kingdom of Great Britain and Northern Ireland,HUMAN_OBSERVATION
50.57234,-2.452025,2013,11,United Kingdom of Great Britain and Northern Ireland,HUMAN_OBSERVATION
50.57342,-1.931727,2010,6,United Kingdom of Great Britain and Northern Ireland,HUMAN_OBSERVATION
50.57376,-2.411744,2021,10,United Kingdom of Great Britain and Northern Ireland,HUMAN_OBSERVATION
50.57446,-2.411835,2021,12,United Kingdom of Great Britain and Northern Ireland,HUMAN_OBSERVATION
50.57446,-2.411835,2021,12,United Kingdom of Great Britain and Northern Ireland,HUMAN_OBSERVATION
50.57542,-1.996836,2008,6,United Kingdom of Great Britain and Northern Ireland,HUMAN_OBSERVATION
50.57609,-2.060819,2019,8,United Kingdom of Great Britain and Northern Ireland,HUMAN_OBSERVATION
50.57747,-2.410922,2021,8,United Kingdom of Great Britain and Northern Ireland,HUMAN_OBSERVATION
50.57801,-2.458563,2015,7,United Kingdom of Great Britain and Northern Ireland,HUMAN_OBSERVATION
50.57824,-2.44218,2014,4,United Kingdom of Great Britain and Northern Ireland,HUMAN_OBSERVATION
50.57918,-2.399277,2019,9,United Kingdom of Great Britain and Northern Ireland,HUMAN_OBSERVATION
50.58043,-2.413865,2018,7,United Kingdom of Great Britain and Northern Ireland,HUMAN_OBSERVATION
50.58064,-2.262143,2009,6,United Kingdom of Great Britain and Northern Ireland,HUMAN_OBSERVATION
50.58127,-2.318995,2009,6,United Kingdom of Great Britain and Northern Ireland,HUMAN_OBSERVATION
50.581587,-2.43144,1987,4,United Kingdom of Great Britain and Northern Ireland,HUMAN_OBSERVATION
50.581587,-2.43144,1987,4,United Kingdom of Great Britain and Northern Ireland,HUMAN_OBSERVATION
50.58195,-2.319219,2009,6,United Kingdom of Great Britain and Northern Ireland,HUMAN_OBSERVATION
50.58206,-2.413921,2009,4,United Kingdom of Great Britain and Northern Ireland,HUMAN_OBSERVATION
50.58215,-2.314503,2011,8,United Kingdom of Great Britain and Northern Ireland,HUMAN_OBSERVATION
50.5822,-1.991849,2006,5,United Kingdom of Great Britain and Northern Ireland,HUMAN_OBSERVATION
50.58259,-2.470036,2018,11,United Kingdom of Great Britain and Northern Ireland,HUMAN_OBSERVATION
50.58278,-2.470249,2020,11,United Kingdom of Great Britain and Northern Ireland,HUMAN_OBSERVATION
50.58311,-2.003475,2018,7,United Kingdom of Great Britain and Northern Ireland,HUMAN_OBSERVATION
50.583226,-2.472416,2002,7,United Kingdom of Great Britain and Northern Ireland,HUMAN_OBSERVATION
50.583226,-2.472416,2002,7,United Kingdom of Great Britain and Northern Ireland,HUMAN_OBSERVATION
50.583226,-2.472416,2002,7,United Kingdom of Great Britain and Northern Ireland,HUMAN_OBSERVATION
50.583226,-2.472416,2002,7,United Kingdom of Great Britain and Northern Ireland,HUMAN_OBSERVATION
50.583226,-2.472416,2002,7,United Kingdom of Great Britain and Northern Ireland,HUMAN_OBSERVATION
50.583226,-2.472416,2002,7,United Kingdom of Great Britain and Northern Ireland,HUMAN_OBSERVATION
50.58342,-1.980717,2010,6,United Kingdom of Great Britain and Northern Ireland,HUMAN_OBSERVATION
50.58342,-1.980717,2010,6,United Kingdom of Great Britain and Northern Ireland,HUMAN_OBSERVATION
50.584142,-2.468188,1983,8,United Kingdom of Great Britain and Northern Ireland,HUMAN_OBSERVATION
50.58426,-2.460771,2017,4,United Kingdom of Great Britain and Northern Ireland,HUMAN_OBSERVATION
50.58477,-2.003884,2007,8,United Kingdom of Great Britain and Northern Ireland,HUMAN_OBSERVATION
50.58526,-2.417029,2005,4,United Kingdom of Great Britain and Northern Ireland,HUMAN_OBSERVATION
50.58553,-2.084819,2020,6,United Kingdom of Great Britain and Northern Ireland,HUMAN_OBSERVATION
50.58583,-2.418333,2006,4,United Kingdom of Great Britain and Northern Ireland,HUMAN_OBSERVATION
50.58593,-2.471031,1987,4,United Kingdom of Great Britain and Northern Ireland,HUMAN_OBSERVATION
50.58593,-2.471031,1987,4,United Kingdom of Great Britain and Northern Ireland,HUMAN_OBSERVATION
50.58593,-2.471031,1987,4,United Kingdom of Great Britain and Northern Ireland,HUMAN_OBSERVATION
50.58595,-2.418208,2020,6,United Kingdom of Great Britain and Northern Ireland,HUMAN_OBSERVATION
50.5867,-3.312544,2010,6,United Kingdom of Great Britain and Northern Ireland,HUMAN_OBSERVATION
50.586812,-2.475277,1983,8,United Kingdom of Great Britain and Northern Ireland,HUMAN_OBSERVATION
50.587023,-2.420189,1987,4,United Kingdom of Great Britain and Northern Ireland,HUMAN_OBSERVATION
50.58749,-1.995125,2010,7,United Kingdom of Great Britain and Northern Ireland,HUMAN_OBSERVATION
50.587688,-2.480937,1983,8,United Kingdom of Great Britain and Northern Ireland,HUMAN_OBSERVATION
50.5886,-2.423684,2005,7,United Kingdom of Great Britain and Northern Ireland,HUMAN_OBSERVATION
50.589463,-2.486605,2002,7,United Kingdom of Great Britain and Northern Ireland,HUMAN_OBSERVATION
50.58966,-2.262518,2018,8,United Kingdom of Great Britain and Northern Ireland,HUMAN_OBSERVATION
50.58984,-2.30862,2021,7,United Kingdom of Great Britain and Northern Ireland,HUMAN_OBSERVATION
50.59113,-2.280469,2008,5,United Kingdom of Great Britain and Northern Ireland,HUMAN_OBSERVATION
50.59143,-2.461858,2020,7,United Kingdom of Great Britain and Northern Ireland,HUMAN_OBSERVATION
50.59153,-2.41594,2019,10,United Kingdom of Great Britain and Northern Ireland,HUMAN_OBSERVATION
50.59153,-2.41594,2019,10,United Kingdom of Great Britain and Northern Ireland,HUMAN_OBSERVATION
50.592113,-2.497935,1994,7,United Kingdom of Great Britain and Northern Ireland,HUMAN_OBSERVATION
50.59215,-2.340411,2015,7,United Kingdom of Great Britain and Northern Ireland,HUMAN_OBSERVATION
50.592351,-2.438602,1983,8,United Kingdom of Great Britain and Northern Ireland,HUMAN_OBSERVATION
50.59276,-2.459356,2015,9,United Kingdom of Great Britain and Northern Ireland,HUMAN_OBSERVATION
50.59276,-2.160084,2010,5,United Kingdom of Great Britain and Northern Ireland,HUMAN_OBSERVATION
50.59276,-2.160084,2010,5,United Kingdom of Great Britain and Northern Ireland,HUMAN_OBSERVATION
50.59277,-2.491868,2013,5,United Kingdom of Great Britain and Northern Ireland,HUMAN_OBSERVATION
50.59277,-2.491868,2013,8,United Kingdom of Great Britain and Northern Ireland,HUMAN_OBSERVATION
50.59277,-2.491698,2014,6,United Kingdom of Great Britain and Northern Ireland,HUMAN_OBSERVATION
50.59277,-2.491698,2014,6,United Kingdom of Great Britain and Northern Ireland,HUMAN_OBSERVATION
50.59291,-2.458001,2016,7,United Kingdom of Great Britain and Northern Ireland,HUMAN_OBSERVATION
50.59329,-2.461707,2020,12,United Kingdom of Great Britain and Northern Ireland,HUMAN_OBSERVATION
50.59329,-2.461707,2020,12,United Kingdom of Great Britain and Northern Ireland,HUMAN_OBSERVATION
50.594145,-2.440031,1987,4,United Kingdom of Great Britain and Northern Ireland,HUMAN_OBSERVATION
50.595076,-2.431563,1987,4,United Kingdom of Great Britain and Northern Ireland,HUMAN_OBSERVATION
50.59568,-2.453309,2016,7,United Kingdom of Great Britain and Northern Ireland,HUMAN_OBSERVATION
50.596603,-2.499395,2002,7,United Kingdom of Great Britain and Northern Ireland,HUMAN_OBSERVATION
50.596621,-2.495156,1983,8,United Kingdom of Great Britain and Northern Ireland,HUMAN_OBSERVATION
50.596621,-2.495156,1983,8,United Kingdom of Great Britain and Northern Ireland,HUMAN_OBSERVATION
50.596621,-2.495156,1983,8,United Kingdom of Great Britain and Northern Ireland,HUMAN_OBSERVATION
50.59701,-2.147769,2005,8,United Kingdom of Great Britain and Northern Ireland,HUMAN_OBSERVATION
50.59786,-1.948309,2011,7,United Kingdom of Great Britain and Northern Ireland,HUMAN_OBSERVATION
50.59826,-1.948557,2016,8,United Kingdom of Great Britain and Northern Ireland,HUMAN_OBSERVATION
50.598678,-2.430183,1983,8,United Kingdom of Great Britain and Northern Ireland,HUMAN_OBSERVATION
50.598678,-2.430183,1980,7,United Kingdom of Great Britain and Northern Ireland,HUMAN_OBSERVATION
50.60052,-1.947783,2010,7,United Kingdom of Great Britain and Northern Ireland,HUMAN_OBSERVATION
50.60072,-1.929186,2007,8,United Kingdom of Great Britain and Northern Ireland,HUMAN_OBSERVATION
50.60112,-1.946808,2010,7,United Kingdom of Great Britain and Northern Ireland,HUMAN_OBSERVATION
50.60125,-2.189697,2005,7,United Kingdom of Great Britain and Northern Ireland,HUMAN_OBSERVATION
50.602084,-2.141956,1976,11,United Kingdom of Great Britain and Northern Ireland,HUMAN_OBSERVATION
50.60251,-1.917341,2012,9,United Kingdom of Great Britain and Northern Ireland,HUMAN_OBSERVATION
50.604857,-1.948369,1979,9,United Kingdom of Great Britain and Northern Ireland,HUMAN_OBSERVATION
50.60629,-2.160554,2010,5,United Kingdom of Great Britain and Northern Ireland,HUMAN_OBSERVATION
50.606696,-2.450041,2014,9,United Kingdom of Great Britain and Northern Ireland,HUMAN_OBSERVATION
50.60675,-1.931721,2010,6,United Kingdom of Great Britain and Northern Ireland,HUMAN_OBSERVATION
50.60682,-2.160315,2010,5,United Kingdom of Great Britain and Northern Ireland,HUMAN_OBSERVATION
50.606828,-2.414713,1979,8,United Kingdom of Great Britain and Northern Ireland,HUMAN_OBSERVATION
50.60804,-1.949203,2013,3,United Kingdom of Great Britain and Northern Ireland,HUMAN_OBSERVATION
50.60824,-1.949118,2014,9,United Kingdom of Great Britain and Northern Ireland,HUMAN_OBSERVATION
50.60825,-1.949302,2019,4,United Kingdom of Great Britain and Northern Ireland,HUMAN_OBSERVATION
50.608455,-1.949778,2010,11,United Kingdom of Great Britain and Northern Ireland,HUMAN_OBSERVATION
50.60886,-1.930552,2009,8,United Kingdom of Great Britain and Northern Ireland,HUMAN_OBSERVATION
50.60886,-1.930552,2009,8,United Kingdom of Great Britain and Northern Ireland,HUMAN_OBSERVATION
50.609097,-3.395544,1985,8,United Kingdom of Great Britain and Northern Ireland,HUMAN_OBSERVATION
50.609354,-1.949777,2009,9,United Kingdom of Great Britain and Northern Ireland,HUMAN_OBSERVATION
50.609416,-2.444414,1987,4,United Kingdom of Great Britain and Northern Ireland,HUMAN_OBSERVATION
50.61301,-2.181016,2005,5,United Kingdom of Great Britain and Northern Ireland,HUMAN_OBSERVATION
50.61407,-2.205715,2005,8,United Kingdom of Great Britain and Northern Ireland,HUMAN_OBSERVATION
50.61442,-1.945308,2007,8,United Kingdom of Great Britain and Northern Ireland,HUMAN_OBSERVATION
50.61461,-2.187223,1989,1,United Kingdom of Great Britain and Northern Ireland,HUMAN_OBSERVATION
50.61538,-2.25507,1978,8,United Kingdom of Great Britain and Northern Ireland,HUMAN_OBSERVATION
50.61564,-2.262026,2010,5,United Kingdom of Great Britain and Northern Ireland,HUMAN_OBSERVATION
50.61564,-2.262026,2010,5,United Kingdom of Great Britain and Northern Ireland,HUMAN_OBSERVATION
50.616338,-2.226807,1980,9,United Kingdom of Great Britain and Northern Ireland,HUMAN_OBSERVATION
50.61706,-2.320645,2014,8,United Kingdom of Great Britain and Northern Ireland,HUMAN_OBSERVATION
50.61706,-2.320645,2014,8,United Kingdom of Great Britain and Northern Ireland,HUMAN_OBSERVATION
50.61714,-2.320546,2021,10,United Kingdom of Great Britain and Northern Ireland,HUMAN_OBSERVATION
50.61782,-2.28019,2019,8,United Kingdom of Great Britain and Northern Ireland,HUMAN_OBSERVATION
50.61811,-2.291254,2021,7,United Kingdom of Great Britain and Northern Ireland,HUMAN_OBSERVATION
50.61841,-1.945658,2021,8,United Kingdom of Great Britain and Northern Ireland,HUMAN_OBSERVATION
50.61916,-2.303142,2004,5,United Kingdom of Great Britain and Northern Ireland,HUMAN_OBSERVATION
50.62019,-1.917359,2000,6,United Kingdom of Great Britain and Northern Ireland,HUMAN_OBSERVATION
50.62051,-1.925452,2007,7,United Kingdom of Great Britain and Northern Ireland,HUMAN_OBSERVATION
50.62103,-1.932153,2005,7,United Kingdom of Great Britain and Northern Ireland,HUMAN_OBSERVATION
50.62153,-2.303143,2010,10,United Kingdom of Great Britain and Northern Ireland,HUMAN_OBSERVATION
50.62203,-1.904427,2000,6,United Kingdom of Great Britain and Northern Ireland,HUMAN_OBSERVATION
50.62209,-1.926835,2007,7,United Kingdom of Great Britain and Northern Ireland,HUMAN_OBSERVATION
50.62243,-2.369967,2009,5,United Kingdom of Great Britain and Northern Ireland,HUMAN_OBSERVATION
50.62276,-2.373101,2016,7,United Kingdom of Great Britain and Northern Ireland,HUMAN_OBSERVATION
50.62333,-1.88405,2007,8,United Kingdom of Great Britain and Northern Ireland,HUMAN_OBSERVATION
50.62418,-2.371323,2009,5,United Kingdom of Great Britain and Northern Ireland,HUMAN_OBSERVATION
50.62452,-2.431657,2016,7,United Kingdom of Great Britain and Northern Ireland,HUMAN_OBSERVATION
50.62593,-1.934309,2015,9,United Kingdom of Great Britain and Northern Ireland,HUMAN_OBSERVATION
50.62594,-1.93496,2019,8,United Kingdom of Great Britain and Northern Ireland,HUMAN_OBSERVATION
50.6261,-1.934139,2016,9,United Kingdom of Great Britain and Northern Ireland,HUMAN_OBSERVATION
50.626873,-2.566163,1994,7,United Kingdom of Great Britain and Northern Ireland,HUMAN_OBSERVATION
50.628047,-3.312686,1994,8,United Kingdom of Great Britain and Northern Ireland,HUMAN_OBSERVATION
50.63019,-1.932168,2020,7,United Kingdom of Great Britain and Northern Ireland,HUMAN_OBSERVATION
50.63402,-2.615381,2016,7,United Kingdom of Great Britain and Northern Ireland,HUMAN_OBSERVATION
50.63676,-1.920632,2001,5,United Kingdom of Great Britain and Northern Ireland,HUMAN_OBSERVATION
50.64235,-1.939717,2005,6,United Kingdom of Great Britain and Northern Ireland,HUMAN_OBSERVATION
50.64388,-1.920621,2017,7,United Kingdom of Great Britain and Northern Ireland,HUMAN_OBSERVATION
50.64476,-2.694004,2004,5,United Kingdom of Great Britain and Northern Ireland,HUMAN_OBSERVATION
50.64632,-1.930334,2014,8,United Kingdom of Great Britain and Northern Ireland,HUMAN_OBSERVATION
50.647123,-1.946908,2014,8,United Kingdom of Great Britain and Northern Ireland,HUMAN_OBSERVATION
50.64713,-2.657967,2010,10,United Kingdom of Great Britain and Northern Ireland,HUMAN_OBSERVATION
50.64726,-1.946643,2013,8,United Kingdom of Great Britain and Northern Ireland,HUMAN_OBSERVATION
50.64726,-1.946643,2013,8,United Kingdom of Great Britain and Northern Ireland,HUMAN_OBSERVATION
50.65208,-1.120219,2018,7,United Kingdom of Great Britain and Northern Ireland,HUMAN_OBSERVATION
50.652985,-3.072897,1998,8,United Kingdom of Great Britain and Northern Ireland,HUMAN_OBSERVATION
50.652985,-3.072897,1998,8,United Kingdom of Great Britain and Northern Ireland,HUMAN_OBSERVATION
50.652985,-3.072897,1998,8,United Kingdom of Great Britain and Northern Ireland,HUMAN_OBSERVATION
50.65696,-1.888765,2012,11,United Kingdom of Great Britain and Northern Ireland,HUMAN_OBSERVATION
50.65701,-1.888722,2021,7,United Kingdom of Great Britain and Northern Ireland,HUMAN_OBSERVATION
50.657597,-3.06027,1998,8,United Kingdom of Great Britain and Northern Ireland,HUMAN_OBSERVATION
50.65893,-3.285251,1994,8,United Kingdom of Great Britain and Northern Ireland,HUMAN_OBSERVATION
50.659331,-3.067383,1998,8,United Kingdom of Great Britain and Northern Ireland,HUMAN_OBSERVATION
50.659834,-1.570568,1999,10,United Kingdom of Great Britain and Northern Ireland,HUMAN_OBSERVATION
50.66234,-1.091835,2007,10,United Kingdom of Great Britain and Northern Ireland,HUMAN_OBSERVATION
50.6636,-1.912295,2014,6,United Kingdom of Great Britain and Northern Ireland,HUMAN_OBSERVATION
50.66533,-1.577988,2012,8,United Kingdom of Great Britain and Northern Ireland,HUMAN_OBSERVATION
50.66533,-1.577988,2012,8,United Kingdom of Great Britain and Northern Ireland,HUMAN_OBSERVATION
50.66533,-1.577988,2012,8,United Kingdom of Great Britain and Northern Ireland,HUMAN_OBSERVATION
50.66536,-1.574719,2021,6,United Kingdom of Great Britain and Northern Ireland,HUMAN_OBSERVATION
50.665788,-2.944426,1998,7,United Kingdom of Great Britain and Northern Ireland,HUMAN_OBSERVATION
50.665788,-2.944426,1998,7,United Kingdom of Great Britain and Northern Ireland,HUMAN_OBSERVATION
50.66618,-1.572999,2011,6,United Kingdom of Great Britain and Northern Ireland,HUMAN_OBSERVATION
50.66656,-1.090046,2008,5,United Kingdom of Great Britain and Northern Ireland,HUMAN_OBSERVATION
50.66683,-3.033592,1998,8,United Kingdom of Great Britain and Northern Ireland,HUMAN_OBSERVATION
50.66683,-3.033592,1998,8,United Kingdom of Great Britain and Northern Ireland,HUMAN_OBSERVATION
50.667116,-2.763332,1994,7,United Kingdom of Great Britain and Northern Ireland,HUMAN_OBSERVATION
50.66843,-1.936797,2018,7,United Kingdom of Great Britain and Northern Ireland,HUMAN_OBSERVATION
50.671277,-2.812929,1994,7,United Kingdom of Great Britain and Northern Ireland,HUMAN_OBSERVATION
50.671277,-2.812929,1994,7,United Kingdom of Great Britain and Northern Ireland,HUMAN_OBSERVATION
50.671426,-3.022372,1998,8,United Kingdom of Great Britain and Northern Ireland,HUMAN_OBSERVATION
50.671426,-3.022372,1998,8,United Kingdom of Great Britain and Northern Ireland,HUMAN_OBSERVATION
50.671426,-3.022372,1998,8,United Kingdom of Great Britain and Northern Ireland,HUMAN_OBSERVATION
50.671426,-3.022372,1998,8,United Kingdom of Great Britain and Northern Ireland,HUMAN_OBSERVATION
50.67158,-3.027665,2014,9,United Kingdom of Great Britain and Northern Ireland,HUMAN_OBSERVATION
50.67195,-2.927892,2015,8,United Kingdom of Great Britain and Northern Ireland,HUMAN_OBSERVATION
50.67208,-1.077377,2018,7,United Kingdom of Great Britain and Northern Ireland,HUMAN_OBSERVATION
50.672312,-3.023807,1998,8,United Kingdom of Great Britain and Northern Ireland,HUMAN_OBSERVATION
50.672312,-3.023807,1998,8,United Kingdom of Great Britain and Northern Ireland,HUMAN_OBSERVATION
50.67366,-1.993773,2016,8,United Kingdom of Great Britain and Northern Ireland,HUMAN_OBSERVATION
50.67366,-1.993773,2016,8,United Kingdom of Great Britain and Northern Ireland,HUMAN_OBSERVATION
50.67392,-1.989647,2016,9,United Kingdom of Great Britain and Northern Ireland,HUMAN_OBSERVATION
50.67392,-1.989647,2016,9,United Kingdom of Great Britain and Northern Ireland,HUMAN_OBSERVATION
50.674871,-2.933286,1998,7,United Kingdom of Great Britain and Northern Ireland,HUMAN_OBSERVATION
50.674871,-2.933286,1998,7,United Kingdom of Great Britain and Northern Ireland,HUMAN_OBSERVATION
50.67495,-1.973171,2016,8,United Kingdom of Great Britain and Northern Ireland,HUMAN_OBSERVATION
50.67495,-1.973171,2016,8,United Kingdom of Great Britain and Northern Ireland,HUMAN_OBSERVATION
50.674984,-2.919136,1998,7,United Kingdom of Great Britain and Northern Ireland,HUMAN_OBSERVATION
50.674995,-2.917721,1998,6,United Kingdom of Great Britain and Northern Ireland,HUMAN_OBSERVATION
50.67517,-1.986327,2016,8,United Kingdom of Great Britain and Northern Ireland,HUMAN_OBSERVATION
50.67517,-1.986327,2016,8,United Kingdom of Great Britain and Northern Ireland,HUMAN_OBSERVATION
50.675505,-2.96585,1998,7,United Kingdom of Great Britain and Northern Ireland,HUMAN_OBSERVATION
50.675753,-2.815836,1998,8,United Kingdom of Great Britain and Northern Ireland,HUMAN_OBSERVATION
50.675753,-2.815836,1998,8,United Kingdom of Great Britain and Northern Ireland,HUMAN_OBSERVATION
50.67578,-2.816727,2010,9,United Kingdom of Great Britain and Northern Ireland,HUMAN_OBSERVATION
50.67579,-1.968613,2016,8,United Kingdom of Great Britain and Northern Ireland,HUMAN_OBSERVATION
50.67584,-1.995662,2016,9,United Kingdom of Great Britain and Northern Ireland,HUMAN_OBSERVATION
50.67584,-1.995662,2016,9,United Kingdom of Great Britain and Northern Ireland,HUMAN_OBSERVATION
50.67584,-1.995662,2016,9,United Kingdom of Great Britain and Northern Ireland,HUMAN_OBSERVATION
50.675912,-1.993579,1984,,United Kingdom of Great Britain and Northern Ireland,HUMAN_OBSERVATION
50.67606,-1.985294,2016,8,United Kingdom of Great Britain and Northern Ireland,HUMAN_OBSERVATION
50.67648,-1.976497,2016,8,United Kingdom of Great Britain and Northern Ireland,HUMAN_OBSERVATION
50.67651,-1.995612,2016,9,United Kingdom of Great Britain and Northern Ireland,HUMAN_OBSERVATION
50.676792,-1.932722,1985,,United Kingdom of Great Britain and Northern Ireland,HUMAN_OBSERVATION
50.67681,-1.982257,1984,,United Kingdom of Great Britain and Northern Ireland,HUMAN_OBSERVATION
50.67681,-1.982257,1984,,United Kingdom of Great Britain and Northern Ireland,HUMAN_OBSERVATION
50.67694,-1.984317,2016,8,United Kingdom of Great Britain and Northern Ireland,HUMAN_OBSERVATION
50.678606,-1.972349,1984,,United Kingdom of Great Britain and Northern Ireland,HUMAN_OBSERVATION
50.678607,-1.973764,1984,,United Kingdom of Great Britain and Northern Ireland,HUMAN_OBSERVATION
50.678609,-1.986502,1984,,United Kingdom of Great Britain and Northern Ireland,HUMAN_OBSERVATION
50.6789,-1.984946,2016,9,United Kingdom of Great Britain and Northern Ireland,HUMAN_OBSERVATION
50.67898,-1.983283,2016,9,United Kingdom of Great Britain and Northern Ireland,HUMAN_OBSERVATION
50.679448,-2.801747,1998,7,United Kingdom of Great Britain and Northern Ireland,HUMAN_OBSERVATION
50.68053,-1.794192,2014,6,United Kingdom of Great Britain and Northern Ireland,HUMAN_OBSERVATION
50.6806,-1.796117,2017,7,United Kingdom of Great Britain and Northern Ireland,HUMAN_OBSERVATION
50.6806,-1.796117,2017,7,United Kingdom of Great Britain and Northern Ireland,HUMAN_OBSERVATION
50.6813,-1.958193,1984,,United Kingdom of Great Britain and Northern Ireland,HUMAN_OBSERVATION
50.6813,-1.958193,1984,,United Kingdom of Great Britain and Northern Ireland,HUMAN_OBSERVATION
50.681857,-2.958903,1998,8,United Kingdom of Great Britain and Northern Ireland,HUMAN_OBSERVATION
50.68256,-1.548898,2010,9,United Kingdom of Great Britain and Northern Ireland,HUMAN_OBSERVATION
50.68257,-1.855054,2000,8,United Kingdom of Great Britain and Northern Ireland,HUMAN_OBSERVATION
50.68287,-1.803001,2019,7,United Kingdom of Great Britain and Northern Ireland,HUMAN_OBSERVATION
50.68326,-1.798243,2014,8,United Kingdom of Great Britain and Northern Ireland,HUMAN_OBSERVATION
50.683491,-2.978753,1998,7,United Kingdom of Great Britain and Northern Ireland,HUMAN_OBSERVATION
50.683503,-2.977338,1998,7,United Kingdom of Great Britain and Northern Ireland,HUMAN_OBSERVATION
50.683597,-2.966016,1998,7,United Kingdom of Great Britain and Northern Ireland,HUMAN_OBSERVATION
50.683996,-1.952529,1984,,United Kingdom of Great Britain and Northern Ireland,HUMAN_OBSERVATION
50.684003,-1.975177,1995,12,United Kingdom of Great Britain and Northern Ireland,HUMAN_OBSERVATION
50.68431,-1.830062,2009,9,United Kingdom of Great Britain and Northern Ireland,HUMAN_OBSERVATION
50.68435,-1.885076,2013,6,United Kingdom of Great Britain and Northern Ireland,HUMAN_OBSERVATION
50.68435,-1.830076,2010,4,United Kingdom of Great Britain and Northern Ireland,HUMAN_OBSERVATION
50.68442,-1.872674,2012,5,United Kingdom of Great Britain and Northern Ireland,HUMAN_OBSERVATION
50.684508,-2.964619,1998,8,United Kingdom of Great Britain and Northern Ireland,HUMAN_OBSERVATION
50.684532,-3.065123,1998,7,United Kingdom of Great Britain and Northern Ireland,HUMAN_OBSERVATION
50.684532,-2.961789,1998,8,United Kingdom of Great Britain and Northern Ireland,HUMAN_OBSERVATION
50.68456,-1.892082,2008,7,United Kingdom of Great Britain and Northern Ireland,HUMAN_OBSERVATION
50.68456,-1.892082,2008,7,United Kingdom of Great Britain and Northern Ireland,HUMAN_OBSERVATION
50.68457,-1.893498,2009,6,United Kingdom of Great Britain and Northern Ireland,HUMAN_OBSERVATION
50.684609,-3.056632,1998,7,United Kingdom of Great Britain and Northern Ireland,HUMAN_OBSERVATION
50.68488,-1.974234,2016,6,United Kingdom of Great Britain and Northern Ireland,HUMAN_OBSERVATION
50.684894,-1.951112,1984,,United Kingdom of Great Britain and Northern Ireland,HUMAN_OBSERVATION
50.684901,-1.972345,1984,,United Kingdom of Great Britain and Northern Ireland,HUMAN_OBSERVATION
50.68544,-1.881463,2000,8,United Kingdom of Great Britain and Northern Ireland,HUMAN_OBSERVATION
50.68576,-1.867631,2017,7,United Kingdom of Great Britain and Northern Ireland,HUMAN_OBSERVATION
50.685803,-1.983669,1995,12,United Kingdom of Great Britain and Northern Ireland,HUMAN_OBSERVATION
50.685803,-1.983669,1995,12,United Kingdom of Great Britain and Northern Ireland,HUMAN_OBSERVATION
50.685803,-1.983669,1995,12,United Kingdom of Great Britain and Northern Ireland,HUMAN_OBSERVATION
50.68609,-2.784542,2015,6,United Kingdom of Great Britain and Northern Ireland,HUMAN_OBSERVATION
50.68623,-1.87652,2019,7,United Kingdom of Great Britain and Northern Ireland,HUMAN_OBSERVATION
50.68626,-1.992872,2016,9,United Kingdom of Great Britain and Northern Ireland,HUMAN_OBSERVATION
50.686283,-2.967487,1998,7,United Kingdom of Great Britain and Northern Ireland,HUMAN_OBSERVATION
50.68694,-1.888595,2014,8,United Kingdom of Great Britain and Northern Ireland,HUMAN_OBSERVATION
50.68694,-1.888595,2014,8,United Kingdom of Great Britain and Northern Ireland,HUMAN_OBSERVATION
50.68715,-1.95725,2011,4,United Kingdom of Great Britain and Northern Ireland,HUMAN_OBSERVATION
50.68717,-2.832,2005,6,United Kingdom of Great Britain and Northern Ireland,HUMAN_OBSERVATION
50.687598,-1.969512,1984,,United Kingdom of Great Britain and Northern Ireland,HUMAN_OBSERVATION
50.687601,-1.985084,2008,9,United Kingdom of Great Britain and Northern Ireland,HUMAN_OBSERVATION
50.68792,-1.689604,2016,8,United Kingdom of Great Britain and Northern Ireland,HUMAN_OBSERVATION
50.68823,-1.954978,2013,9,United Kingdom of Great Britain and Northern Ireland,HUMAN_OBSERVATION
50.68823,-1.954978,2013,9,United Kingdom of Great Britain and Northern Ireland,HUMAN_OBSERVATION
50.68823,-1.954978,2013,9,United Kingdom of Great Britain and Northern Ireland,HUMAN_OBSERVATION
50.68827,-1.954978,2013,9,United Kingdom of Great Britain and Northern Ireland,HUMAN_OBSERVATION
50.688494,-1.956771,2008,9,United Kingdom of Great Britain and Northern Ireland,HUMAN_OBSERVATION
50.688497,-3.024159,1998,8,United Kingdom of Great Britain and Northern Ireland,HUMAN_OBSERVATION
50.688497,-3.024159,1998,8,United Kingdom of Great Britain and Northern Ireland,HUMAN_OBSERVATION
50.6885,-1.979421,1984,,United Kingdom of Great Britain and Northern Ireland,HUMAN_OBSERVATION
50.69027,-1.875136,2010,7,United Kingdom of Great Britain and Northern Ireland,HUMAN_OBSERVATION
50.69038,-1.864545,2017,7,United Kingdom of Great Britain and Northern Ireland,HUMAN_OBSERVATION
50.69145,-2.993749,2011,7,United Kingdom of Great Britain and Northern Ireland,HUMAN_OBSERVATION
50.69145,-2.993749,2011,7,United Kingdom of Great Britain and Northern Ireland,HUMAN_OBSERVATION
50.69167,-2.910333,2009,9,United Kingdom of Great Britain and Northern Ireland,HUMAN_OBSERVATION
50.691943,-1.503736,2013,6,United Kingdom of Great Britain and Northern Ireland,HUMAN_OBSERVATION
50.69208,-1.987073,2009,4,United Kingdom of Great Britain and Northern Ireland,HUMAN_OBSERVATION
50.69208,-1.987072,2009,4,United Kingdom of Great Britain and Northern Ireland,HUMAN_OBSERVATION
50.69208,-1.987072,2009,4,United Kingdom of Great Britain and Northern Ireland,HUMAN_OBSERVATION
50.692097,-2.020476,1984,,United Kingdom of Great Britain and Northern Ireland,HUMAN_OBSERVATION
50.69268,-1.987165,2016,8,United Kingdom of Great Britain and Northern Ireland,HUMAN_OBSERVATION
50.69268,-1.987165,2016,8,United Kingdom of Great Britain and Northern Ireland,HUMAN_OBSERVATION
50.69268,-1.987165,2016,8,United Kingdom of Great Britain and Northern Ireland,HUMAN_OBSERVATION
50.692717,-2.83312,1998,7,United Kingdom of Great Britain and Northern Ireland,HUMAN_OBSERVATION
50.692975,-2.072859,1985,,United Kingdom of Great Britain and Northern Ireland,HUMAN_OBSERVATION
50.692985,-1.944025,1985,,United Kingdom of Great Britain and Northern Ireland,HUMAN_OBSERVATION
50.6937,-1.875878,2019,7,United Kingdom of Great Britain and Northern Ireland,HUMAN_OBSERVATION
50.693747,-1.505132,1988,9,United Kingdom of Great Britain and Northern Ireland,HUMAN_OBSERVATION
50.693747,-1.505132,1988,9,United Kingdom of Great Britain and Northern Ireland,HUMAN_OBSERVATION
50.693897,-2.000656,1984,,United Kingdom of Great Britain and Northern Ireland,HUMAN_OBSERVATION
50.693897,-1.987914,1985,,United Kingdom of Great Britain and Northern Ireland,HUMAN_OBSERVATION
50.693916,-3.021445,1998,7,United Kingdom of Great Britain and Northern Ireland,HUMAN_OBSERVATION
50.69436,-1.539142,2021,10,United Kingdom of Great Britain and Northern Ireland,HUMAN_OBSERVATION
50.69511,-2.984735,2011,7,United Kingdom of Great Britain and Northern Ireland,HUMAN_OBSERVATION
50.69511,-2.984735,2011,7,United Kingdom of Great Britain and Northern Ireland,HUMAN_OBSERVATION
50.69528,-2.931736,2012,4,United Kingdom of Great Britain and Northern Ireland,HUMAN_OBSERVATION
50.695563,-2.932281,1998,7,United Kingdom of Great Britain and Northern Ireland,HUMAN_OBSERVATION
50.695563,-2.932281,1998,7,United Kingdom of Great Britain and Northern Ireland,HUMAN_OBSERVATION
50.695563,-2.932281,1998,7,United Kingdom of Great Britain and Northern Ireland,HUMAN_OBSERVATION
50.695563,-2.932281,1998,7,United Kingdom of Great Britain and Northern Ireland,HUMAN_OBSERVATION
50.695563,-2.932281,1998,7,United Kingdom of Great Britain and Northern Ireland,HUMAN_OBSERVATION
50.69678,-1.973945,2008,9,United Kingdom of Great Britain and Northern Ireland,HUMAN_OBSERVATION
50.69678,-1.973945,2008,9,United Kingdom of Great Britain and Northern Ireland,HUMAN_OBSERVATION
50.69695,-1.973194,2008,9,United Kingdom of Great Britain and Northern Ireland,HUMAN_OBSERVATION
50.69725,-1.972386,2008,9,United Kingdom of Great Britain and Northern Ireland,HUMAN_OBSERVATION
50.697491,-1.973754,2008,9,United Kingdom of Great Britain and Northern Ireland,HUMAN_OBSERVATION
50.6975,-1.975389,2013,9,United Kingdom of Great Britain and Northern Ireland,HUMAN_OBSERVATION
50.69751,-1.975134,2016,3,United Kingdom of Great Britain and Northern Ireland,HUMAN_OBSERVATION
50.69783,-1.972613,2008,7,United Kingdom of Great Britain and Northern Ireland,HUMAN_OBSERVATION
50.698317,-2.925256,1998,7,United Kingdom of Great Britain and Northern Ireland,HUMAN_OBSERVATION
50.698339,-2.922424,1998,7,United Kingdom of Great Britain and Northern Ireland,HUMAN_OBSERVATION
50.69843,-2.866246,2019,5,United Kingdom of Great Britain and Northern Ireland,HUMAN_OBSERVATION
50.69908,-2.875421,2019,8,United Kingdom of Great Britain and Northern Ireland,HUMAN_OBSERVATION
50.700184,-1.956761,1985,,United Kingdom of Great Britain and Northern Ireland,HUMAN_OBSERVATION
50.70033,-0.817203,2000,9,United Kingdom of Great Britain and Northern Ireland,HUMAN_OBSERVATION
50.70033,-0.817203,2000,9,United Kingdom of Great Britain and Northern Ireland,HUMAN_OBSERVATION
50.700844,-2.946546,1998,7,United Kingdom of Great Britain and Northern Ireland,HUMAN_OBSERVATION
50.70095,-2.982407,2011,7,United Kingdom of Great Britain and Northern Ireland,HUMAN_OBSERVATION
50.7013,-1.899961,2017,7,United Kingdom of Great Britain and Northern Ireland,HUMAN_OBSERVATION
50.7013,-1.899961,2017,7,United Kingdom of Great Britain and Northern Ireland,HUMAN_OBSERVATION
50.7013,-1.899961,2017,7,United Kingdom of Great Britain and Northern Ireland,HUMAN_OBSERVATION
50.70167,-0.768333,,,United Kingdom of Great Britain and Northern Ireland,HUMAN_OBSERVATION
50.70172,-2.949396,1998,7,United Kingdom of Great Britain and Northern Ireland,HUMAN_OBSERVATION
50.701743,-2.946564,1998,7,United Kingdom of Great Britain and Northern Ireland,HUMAN_OBSERVATION
50.701743,-2.946564,1998,7,United Kingdom of Great Britain and Northern Ireland,HUMAN_OBSERVATION
50.701743,-2.946564,1998,7,United Kingdom of Great Britain and Northern Ireland,HUMAN_OBSERVATION
50.7018,-2.945716,2011,5,United Kingdom of Great Britain and Northern Ireland,HUMAN_OBSERVATION
50.7018,-2.945716,2010,9,United Kingdom of Great Britain and Northern Ireland,HUMAN_OBSERVATION
50.70183,-2.838667,2005,6,United Kingdom of Great Britain and Northern Ireland,HUMAN_OBSERVATION
50.702888,-1.976583,1985,,United Kingdom of Great Britain and Northern Ireland,HUMAN_OBSERVATION
50.70329,-0.773091,2019,5,United Kingdom of Great Britain and Northern Ireland,HUMAN_OBSERVATION
50.70351,-2.952492,2020,9,United Kingdom of Great Britain and Northern Ireland,HUMAN_OBSERVATION
50.703615,-1.499364,1988,9,United Kingdom of Great Britain and Northern Ireland,HUMAN_OBSERVATION
50.703615,-1.499364,1988,9,United Kingdom of Great Britain and Northern Ireland,HUMAN_OBSERVATION
50.7037,-2.926778,1994,9,United Kingdom of Great Britain and Northern Ireland,HUMAN_OBSERVATION
50.7037,-2.926778,1994,9,United Kingdom of Great Britain and Northern Ireland,HUMAN_OBSERVATION
50.7046,-2.926796,1994,9,United Kingdom of Great Britain and Northern Ireland,HUMAN_OBSERVATION
50.70502,-1.886937,2009,8,United Kingdom of Great Britain and Northern Ireland,HUMAN_OBSERVATION
50.705431,-1.503593,1988,9,United Kingdom of Great Britain and Northern Ireland,HUMAN_OBSERVATION
50.705431,-1.503593,1988,9,United Kingdom of Great Britain and Northern Ireland,HUMAN_OBSERVATION
50.706312,-1.499335,1988,9,United Kingdom of Great Britain and Northern Ireland,HUMAN_OBSERVATION
50.707224,-1.502158,1988,9,United Kingdom of Great Britain and Northern Ireland,HUMAN_OBSERVATION
50.707386,-2.006321,1985,,United Kingdom of Great Britain and Northern Ireland,HUMAN_OBSERVATION
50.70792,-1.49792,2018,8,United Kingdom of Great Britain and Northern Ireland,HUMAN_OBSERVATION
50.7081,-1.883304,2016,8,United Kingdom of Great Britain and Northern Ireland,HUMAN_OBSERVATION
50.70976,-1.657264,2018,8,United Kingdom of Great Britain and Northern Ireland,HUMAN_OBSERVATION
50.710078,-2.037479,1985,,United Kingdom of Great Britain and Northern Ireland,HUMAN_OBSERVATION
50.710982,-1.982244,2014,9,United Kingdom of Great Britain and Northern Ireland,HUMAN_OBSERVATION
50.71123,-1.475646,2014,8,United Kingdom of Great Britain and Northern Ireland,HUMAN_OBSERVATION
50.711448,-1.977492,2018,9,United Kingdom of Great Britain and Northern Ireland,MATERIAL_SAMPLE
50.711448,-1.977492,2018,9,United Kingdom of Great Britain and Northern Ireland,MATERIAL_SAMPLE
50.7136,-1.873289,2019,1,United Kingdom of Great Britain and Northern Ireland,HUMAN_OBSERVATION
50.7168,-1.837397,2011,6,United Kingdom of Great Britain and Northern Ireland,HUMAN_OBSERVATION
50.7168,-1.837397,2010,6,United Kingdom of Great Britain and Northern Ireland,HUMAN_OBSERVATION
50.71689,-1.837991,2010,10,United Kingdom of Great Britain and Northern Ireland,HUMAN_OBSERVATION
50.71693,-1.837396,2010,6,United Kingdom of Great Britain and Northern Ireland,HUMAN_OBSERVATION
50.71717,-0.729667,1993,7,United Kingdom of Great Britain and Northern Ireland,HUMAN_OBSERVATION
50.71732,-1.841404,2010,6,United Kingdom of Great Britain and Northern Ireland,HUMAN_OBSERVATION
50.71732,-1.841291,2011,6,United Kingdom of Great Britain and Northern Ireland,HUMAN_OBSERVATION
50.719076,-1.987907,1985,,United Kingdom of Great Britain and Northern Ireland,HUMAN_OBSERVATION
50.719377,-1.408536,2013,6,United Kingdom of Great Britain and Northern Ireland,HUMAN_OBSERVATION
50.72169,-0.77502,,,United Kingdom of Great Britain and Northern Ireland,HUMAN_OBSERVATION
50.72388,-1.409896,1987,4,United Kingdom of Great Britain and Northern Ireland,HUMAN_OBSERVATION
50.72388,-1.409896,1987,4,United Kingdom of Great Britain and Northern Ireland,HUMAN_OBSERVATION
50.72422,1.59716,2017,5,France,HUMAN_OBSERVATION
50.72422,1.59716,2014,10,France,HUMAN_OBSERVATION
50.72586,-0.778312,1993,4,United Kingdom of Great Britain and Northern Ireland,HUMAN_OBSERVATION
50.72678,-0.776757,2014,9,United Kingdom of Great Britain and Northern Ireland,HUMAN_OBSERVATION
50.72704,-0.777998,2012,3,United Kingdom of Great Britain and Northern Ireland,HUMAN_OBSERVATION
50.727064,-0.777956,2007,6,United Kingdom of Great Britain and Northern Ireland,HUMAN_OBSERVATION
50.72709,-0.777684,2012,3,United Kingdom of Great Britain and Northern Ireland,HUMAN_OBSERVATION
50.72733,1.56975,2015,3,France,HUMAN_OBSERVATION
50.72733,1.56975,2014,10,France,HUMAN_OBSERVATION
50.72733,1.56975,2013,10,France,HUMAN_OBSERVATION
50.72847,-0.719435,1993,6,United Kingdom of Great Britain and Northern Ireland,HUMAN_OBSERVATION
50.7295,-0.771,1993,4,United Kingdom of Great Britain and Northern Ireland,HUMAN_OBSERVATION
50.73117,-0.77,1993,4,United Kingdom of Great Britain and Northern Ireland,HUMAN_OBSERVATION
50.73124,-1.279447,2013,6,United Kingdom of Great Britain and Northern Ireland,HUMAN_OBSERVATION
50.73253,-0.896473,1998,8,United Kingdom of Great Britain and Northern Ireland,HUMAN_OBSERVATION
50.73253,-0.896473,1998,8,United Kingdom of Great Britain and Northern Ireland,HUMAN_OBSERVATION
50.73417,-0.840833,1994,9,United Kingdom of Great Britain and Northern Ireland,HUMAN_OBSERVATION
50.735081,-0.770662,1979,8,United Kingdom of Great Britain and Northern Ireland,HUMAN_OBSERVATION
50.73753,-0.864324,1998,8,United Kingdom of Great Britain and Northern Ireland,HUMAN_OBSERVATION
50.73818,-0.87593,1998,8,United Kingdom of Great Britain and Northern Ireland,HUMAN_OBSERVATION
50.73818,-0.87593,1998,8,United Kingdom of Great Britain and Northern Ireland,HUMAN_OBSERVATION
50.73831,-0.861612,1998,8,United Kingdom of Great Britain and Northern Ireland,HUMAN_OBSERVATION
50.738469,-1.285005,2013,6,United Kingdom of Great Britain and Northern Ireland,HUMAN_OBSERVATION
50.73914,-0.70001,,,United Kingdom of Great Britain and Northern Ireland,HUMAN_OBSERVATION
50.739529,-1.486227,1986,6,United Kingdom of Great Britain and Northern Ireland,HUMAN_OBSERVATION
50.740749,-1.219778,1989,3,United Kingdom of Great Britain and Northern Ireland,HUMAN_OBSERVATION
50.74125,-1.21688,2006,7,United Kingdom of Great Britain and Northern Ireland,HUMAN_OBSERVATION
50.74125,-1.21688,2006,10,United Kingdom of Great Britain and Northern Ireland,HUMAN_OBSERVATION
50.742404,-0.699605,1979,9,United Kingdom of Great Britain and Northern Ireland,HUMAN_OBSERVATION
50.74513,-0.869526,1994,9,United Kingdom of Great Britain and Northern Ireland,HUMAN_OBSERVATION
50.75,-0.675333,1993,7,United Kingdom of Great Britain and Northern Ireland,HUMAN_OBSERVATION
50.750487,-1.525797,2014,9,United Kingdom of Great Britain and Northern Ireland,HUMAN_OBSERVATION
50.750936,0.270299,2017,3,United Kingdom of Great Britain and Northern Ireland,HUMAN_OBSERVATION
50.751092,-1.290482,2014,9,United Kingdom of Great Britain and Northern Ireland,HUMAN_OBSERVATION
50.751363,-1.520118,1988,9,United Kingdom of Great Britain and Northern Ireland,HUMAN_OBSERVATION
50.75333,-0.65,,,United Kingdom of Great Britain and Northern Ireland,HUMAN_OBSERVATION
50.7535,0.355833,1996,8,United Kingdom of Great Britain and Northern Ireland,HUMAN_OBSERVATION
50.754911,-1.255682,1991,9,United Kingdom of Great Britain and Northern Ireland,MATERIAL_SAMPLE
50.754911,-1.255682,1991,9,United Kingdom of Great Britain and Northern Ireland,MATERIAL_SAMPLE
50.755,-0.536667,1993,8,United Kingdom of Great Britain and Northern Ireland,HUMAN_OBSERVATION
50.756788,-1.527151,1988,9,United Kingdom of Great Britain and Northern Ireland,HUMAN_OBSERVATION
50.756965,-1.099003,1979,7,United Kingdom of Great Britain and Northern Ireland,HUMAN_OBSERVATION
50.75951,-0.656054,1993,7,United Kingdom of Great Britain and Northern Ireland,HUMAN_OBSERVATION
50.75976,-0.726012,2012,9,United Kingdom of Great Britain and Northern Ireland,HUMAN_OBSERVATION
50.76018,-0.987397,2001,8,United Kingdom of Great Britain and Northern Ireland,HUMAN_OBSERVATION
50.76023,-0.987269,2001,8,United Kingdom of Great Britain and Northern Ireland,HUMAN_OBSERVATION
50.76023,-0.987269,2001,8,United Kingdom of Great Britain and Northern Ireland,HUMAN_OBSERVATION
50.76038,-0.988541,2001,8,United Kingdom of Great Britain and Northern Ireland,HUMAN_OBSERVATION
50.76084,-0.401961,2019,7,United Kingdom of Great Britain and Northern Ireland,HUMAN_OBSERVATION
50.761009,-1.294586,2014,9,United Kingdom of Great Britain and Northern Ireland,HUMAN_OBSERVATION
50.763332,-0.073333,2010,9,United Kingdom of Great Britain and Northern Ireland,HUMAN_OBSERVATION
50.7695,-0.5505,1993,8,United Kingdom of Great Britain and Northern Ireland,HUMAN_OBSERVATION
50.77667,-0.255,1994,9,United Kingdom of Great Britain and Northern Ireland,HUMAN_OBSERVATION
50.778028,-1.149659,1979,8,United Kingdom of Great Britain and Northern Ireland,HUMAN_OBSERVATION
50.778681,-1.399279,2013,6,United Kingdom of Great Britain and Northern Ireland,HUMAN_OBSERVATION
50.77921,-1.068789,2022,10,United Kingdom of Great Britain and Northern Ireland,HUMAN_OBSERVATION
50.77921,-1.068789,2022,10,United Kingdom of Great Britain and Northern Ireland,HUMAN_OBSERVATION
50.77921,-1.068789,2022,10,United Kingdom of Great Britain and Northern Ireland,HUMAN_OBSERVATION
50.77925,1.56095,2016,9,France,HUMAN_OBSERVATION
50.779469,-1.377993,2005,9,United Kingdom of Great Britain and Northern Ireland,HUMAN_OBSERVATION
50.78424,-0.3719,2001,8,United Kingdom of Great Britain and Northern Ireland,HUMAN_OBSERVATION
50.784301,-1.28005,2008,2,United Kingdom of Great Britain and Northern Ireland,HUMAN_OBSERVATION
50.785,0.00167,1997,6,United Kingdom of Great Britain and Northern Ireland,HUMAN_OBSERVATION
50.78629,-0.405088,2019,7,United Kingdom of Great Britain and Northern Ireland,HUMAN_OBSERVATION
50.78629,-0.40479,2019,7,United Kingdom of Great Britain and Northern Ireland,HUMAN_OBSERVATION
50.78833,-0.282763,1994,10,United Kingdom of Great Britain and Northern Ireland,HUMAN_OBSERVATION
50.788673,-1.121353,2021,9,United Kingdom of Great Britain and Northern Ireland,HUMAN_OBSERVATION
50.788673,-1.121353,2021,9,United Kingdom of Great Britain and Northern Ireland,HUMAN_OBSERVATION
50.789515,-1.407652,2013,6,United Kingdom of Great Britain and Northern Ireland,HUMAN_OBSERVATION
50.78983,-0.936667,1993,6,United Kingdom of Great Britain and Northern Ireland,HUMAN_OBSERVATION
50.790374,-1.116804,2014,10,United Kingdom of Great Britain and Northern Ireland,HUMAN_OBSERVATION
50.79061,-1.033094,2014,8,United Kingdom of Great Britain and Northern Ireland,HUMAN_OBSERVATION
50.79108,-0.206787,2015,11,United Kingdom of Great Britain and Northern Ireland,HUMAN_OBSERVATION
50.791164,-1.035168,2015,3,United Kingdom of Great Britain and Northern Ireland,MATERIAL_SAMPLE
50.791164,-1.035168,2015,3,United Kingdom of Great Britain and Northern Ireland,MATERIAL_SAMPLE
50.791236,0.324752,2020,1,United Kingdom of Great Britain and Northern Ireland,HUMAN_OBSERVATION
50.79218,-0.146392,1994,10,United Kingdom of Great Britain and Northern Ireland,HUMAN_OBSERVATION
50.79253,-0.349022,1994,10,United Kingdom of Great Britain and Northern Ireland,HUMAN_OBSERVATION
50.79333,-0.1375,1995,7,United Kingdom of Great Britain and Northern Ireland,HUMAN_OBSERVATION
50.794717,0.330601,2014,8,United Kingdom of Great Britain and Northern Ireland,HUMAN_OBSERVATION
50.797578,-1.118087,2014,8,United Kingdom of Great Britain and Northern Ireland,HUMAN_OBSERVATION
50.797888,-0.939292,2013,6,United Kingdom of Great Britain and Northern Ireland,HUMAN_OBSERVATION
50.79881,-0.138608,1994,3,United Kingdom of Great Britain and Northern Ireland,HUMAN_OBSERVATION
50.79964,0.499853,1996,9,United Kingdom of Great Britain and Northern Ireland,HUMAN_OBSERVATION
50.8,-0.05,,,United Kingdom of Great Britain and Northern Ireland,HUMAN_OBSERVATION
50.80007,-0.139282,2011,8,United Kingdom of Great Britain and Northern Ireland,HUMAN_OBSERVATION
50.800334,-1.413191,2013,6,United Kingdom of Great Britain and Northern Ireland,HUMAN_OBSERVATION
50.80059,-0.158947,2012,8,United Kingdom of Great Britain and Northern Ireland,HUMAN_OBSERVATION
50.802095,-1.120841,2014,8,United Kingdom of Great Britain and Northern Ireland,HUMAN_OBSERVATION
50.80389,-1.312369,2021,8,United Kingdom of Great Britain and Northern Ireland,HUMAN_OBSERVATION
50.80389,-1.312369,2021,8,United Kingdom of Great Britain and Northern Ireland,HUMAN_OBSERVATION
50.80389,-1.312369,2021,8,United Kingdom of Great Britain and Northern Ireland,HUMAN_OBSERVATION
50.805,-0.125833,1995,7,United Kingdom of Great Britain and Northern Ireland,HUMAN_OBSERVATION
50.806747,-1.027084,2013,6,United Kingdom of Great Britain and Northern Ireland,HUMAN_OBSERVATION
50.80941,-0.103419,1999,5,United Kingdom of Great Britain and Northern Ireland,HUMAN_OBSERVATION
50.80942,-0.103448,1999,5,United Kingdom of Great Britain and Northern Ireland,HUMAN_OBSERVATION
50.810355,-1.028429,2013,6,United Kingdom of Great Britain and Northern Ireland,HUMAN_OBSERVATION
50.8106,-0.098717,1990,6,United Kingdom of Great Britain and Northern Ireland,HUMAN_OBSERVATION
50.8106,-0.098717,1990,6,United Kingdom of Great Britain and Northern Ireland,HUMAN_OBSERVATION
50.810623,-0.100136,2014,8,United Kingdom of Great Britain and Northern Ireland,HUMAN_OBSERVATION
50.81133,-0.173886,1995,9,United Kingdom of Great Britain and Northern Ireland,HUMAN_OBSERVATION
50.81155,-0.0955,2002,5,United Kingdom of Great Britain and Northern Ireland,HUMAN_OBSERVATION
50.81155,-0.0955,2002,5,United Kingdom of Great Britain and Northern Ireland,HUMAN_OBSERVATION
50.81189,-0.0963,2006,7,United Kingdom of Great Britain and Northern Ireland,HUMAN_OBSERVATION
50.812118,-1.024134,2013,6,United Kingdom of Great Britain and Northern Ireland,HUMAN_OBSERVATION
50.81228,-0.0968,2006,7,United Kingdom of Great Britain and Northern Ireland,HUMAN_OBSERVATION
50.81245,-0.0992,2006,7,United Kingdom of Great Britain and Northern Ireland,HUMAN_OBSERVATION
50.813227,-0.094352,1990,6,United Kingdom of Great Britain and Northern Ireland,HUMAN_OBSERVATION
50.81472,-0.289732,2019,9,United Kingdom of Great Britain and Northern Ireland,HUMAN_OBSERVATION
50.816039,-0.336991,2017,8,United Kingdom of Great Britain and Northern Ireland,HUMAN_OBSERVATION
50.819082,-0.997016,2013,6,United Kingdom of Great Britain and Northern Ireland,HUMAN_OBSERVATION
50.82012,-0.290408,2012,9,United Kingdom of Great Britain and Northern Ireland,HUMAN_OBSERVATION
50.820316,-1.03674,2013,6,United Kingdom of Great Britain and Northern Ireland,HUMAN_OBSERVATION
50.82048,-0.213286,1995,9,United Kingdom of Great Britain and Northern Ireland,HUMAN_OBSERVATION
50.826711,-0.944319,2006,9,United Kingdom of Great Britain and Northern Ireland,HUMAN_OBSERVATION
50.830695,-0.232807,2014,8,United Kingdom of Great Britain and Northern Ireland,HUMAN_OBSERVATION
50.83299,-1.093644,2005,10,United Kingdom of Great Britain and Northern Ireland,HUMAN_OBSERVATION
50.83299,-1.093644,2005,10,United Kingdom of Great Britain and Northern Ireland,HUMAN_OBSERVATION
50.83299,-1.093644,2005,10,United Kingdom of Great Britain and Northern Ireland,HUMAN_OBSERVATION
50.841484,-1.097376,2014,9,United Kingdom of Great Britain and Northern Ireland,HUMAN_OBSERVATION
50.851929,-1.310263,2014,9,United Kingdom of Great Britain and Northern Ireland,HUMAN_OBSERVATION
50.865003,-1.357507,2011,3,United Kingdom of Great Britain and Northern Ireland,MATERIAL_SAMPLE
50.865003,-1.357507,2011,3,United Kingdom of Great Britain and Northern Ireland,MATERIAL_SAMPLE
50.874004,-1.399476,2014,9,United Kingdom of Great Britain and Northern Ireland,HUMAN_OBSERVATION
50.87943,-1.297881,2011,4,United Kingdom of Great Britain and Northern Ireland,HUMAN_OBSERVATION
50.87943,-1.297881,2011,4,United Kingdom of Great Britain and Northern Ireland,HUMAN_OBSERVATION
50.893901,-1.42197,1977,3,United Kingdom of Great Britain and Northern Ireland,HUMAN_OBSERVATION
50.894707,-1.403476,2014,9,United Kingdom of Great Britain and Northern Ireland,HUMAN_OBSERVATION
50.895533,-1.389246,2014,9,United Kingdom of Great Britain and Northern Ireland,HUMAN_OBSERVATION
50.90115,-1.433257,1977,7,United Kingdom of Great Britain and Northern Ireland,HUMAN_OBSERVATION
50.9257,1.63275,2013,1,France,HUMAN_OBSERVATION
51.04325,2.36981,2023,4,France,HUMAN_OBSERVATION
51.04325,2.36981,2023,6,France,HUMAN_OBSERVATION
51.04325,2.36981,2022,2,France,HUMAN_OBSERVATION
51.04325,2.36981,2022,4,France,HUMAN_OBSERVATION
51.04325,2.36981,2022,6,France,HUMAN_OBSERVATION
51.04325,2.36981,2022,9,France,HUMAN_OBSERVATION
51.04325,2.36981,2021,9,France,HUMAN_OBSERVATION
51.04325,2.36981,2019,4,France,HUMAN_OBSERVATION
51.04325,2.36981,2019,4,France,HUMAN_OBSERVATION
51.04325,2.36981,2019,8,France,HUMAN_OBSERVATION
51.04325,2.36981,2018,10,France,HUMAN_OBSERVATION
51.04325,2.36981,2018,10,France,HUMAN_OBSERVATION
51.04325,2.36981,2018,10,France,HUMAN_OBSERVATION
51.04325,2.36981,2018,10,France,HUMAN_OBSERVATION
51.04325,2.36981,2018,10,France,HUMAN_OBSERVATION
51.04325,2.36981,2017,7,France,HUMAN_OBSERVATION
51.04325,2.36981,2014,5,France,HUMAN_OBSERVATION
51.04325,2.36981,2014,10,France,HUMAN_OBSERVATION
51.051666,1.22,2013,10,United Kingdom of Great Britain and Northern Ireland,HUMAN_OBSERVATION
51.06536,1.274183,2009,7,United Kingdom of Great Britain and Northern Ireland,HUMAN_OBSERVATION
51.08665,1.321519,2009,5,United Kingdom of Great Britain and Northern Ireland,HUMAN_OBSERVATION
51.09013,1.301647,2019,7,United Kingdom of Great Britain and Northern Ireland,HUMAN_OBSERVATION
51.118202,1.311475,2014,8,United Kingdom of Great Britain and Northern Ireland,HUMAN_OBSERVATION
51.118721,1.310927,2005,11,United Kingdom of Great Britain and Northern Ireland,HUMAN_OBSERVATION
51.13314,1.370505,2009,7,United Kingdom of Great Britain and Northern Ireland,HUMAN_OBSERVATION
51.14851,-4.266183,2010,6,United Kingdom of Great Britain and Northern Ireland,HUMAN_OBSERVATION
51.15652,1.40839,2015,6,United Kingdom of Great Britain and Northern Ireland,HUMAN_OBSERVATION
51.18751,-4.659389,2007,6,United Kingdom of Great Britain and Northern Ireland,HUMAN_OBSERVATION
51.188086,-4.661164,1972,9,United Kingdom of Great Britain and Northern Ireland,MATERIAL_SAMPLE
51.188086,-4.661164,1972,9,United Kingdom of Great Britain and Northern Ireland,MATERIAL_SAMPLE
51.19123,-4.663725,2008,6,United Kingdom of Great Britain and Northern Ireland,HUMAN_OBSERVATION
51.21084,-4.045669,2010,6,United Kingdom of Great Britain and Northern Ireland,HUMAN_OBSERVATION
51.32962,1.42357,2006,10,United Kingdom of Great Britain and Northern Ireland,HUMAN_OBSERVATION
51.330918,1.421557,2014,8,United Kingdom of Great Britain and Northern Ireland,HUMAN_OBSERVATION
51.33748,4.20502,2023,5,Netherlands,HUMAN_OBSERVATION
51.33748,4.20502,2023,5,Netherlands,HUMAN_OBSERVATION
51.33748,4.20502,2023,5,Netherlands,HUMAN_OBSERVATION
51.39321,1.395987,2017,2,United Kingdom of Great Britain and Northern Ireland,HUMAN_OBSERVATION
51.44305,-9.503001,1985,8,Ireland,HUMAN_OBSERVATION
51.457304,-9.441601,,,Ireland,HUMAN_OBSERVATION
51.46386,-9.338757,2013,7,Ireland,HUMAN_OBSERVATION
51.481792,-9.423659,1975,8,Ireland,HUMAN_OBSERVATION
51.48441,-9.101511,2013,7,Ireland,HUMAN_OBSERVATION
51.489292,-9.397976,1975,8,Ireland,HUMAN_OBSERVATION
51.48983,-9.292698,2014,12,Ireland,HUMAN_OBSERVATION
51.492962,-9.231061,2024,1,Ireland,HUMAN_OBSERVATION
51.493,4.053,1951,9,Netherlands,HUMAN_OBSERVATION
51.494579,-9.406778,1975,8,Ireland,HUMAN_OBSERVATION
51.495478,-9.406805,,,Ireland,HUMAN_OBSERVATION
51.49826,-9.300373,2018,6,Ireland,HUMAN_OBSERVATION
51.49888,-9.298985,2015,4,Ireland,HUMAN_OBSERVATION
51.49928,-9.296047,2020,8,Ireland,HUMAN_OBSERVATION
51.49928,-9.296047,2017,10,Ireland,HUMAN_OBSERVATION
51.49941,-9.295967,2009,11,Ireland,HUMAN_OBSERVATION
51.49958,-9.300859,2018,6,Ireland,HUMAN_OBSERVATION
51.499771,-9.297469,1994,4,Ireland,HUMAN_OBSERVATION
51.499771,-9.297469,1994,4,Ireland,HUMAN_OBSERVATION
51.499771,-9.297469,1994,4,Ireland,HUMAN_OBSERVATION
51.499771,-9.297469,1994,4,Ireland,HUMAN_OBSERVATION
51.5,4,2023,8,Netherlands,HUMAN_OBSERVATION
51.5,4.04,2016,10,Netherlands,HUMAN_OBSERVATION
51.5,4.04,2014,10,Netherlands,HUMAN_OBSERVATION
51.5,4.04,1951,9,Netherlands,HUMAN_OBSERVATION
51.5,4.15,2022,2,Netherlands,HUMAN_OBSERVATION
51.5,4.15,2019,7,Netherlands,HUMAN_OBSERVATION
51.5,4.15,2016,11,Netherlands,HUMAN_OBSERVATION
51.50003,-9.295792,2009,11,Ireland,HUMAN_OBSERVATION
51.5001,-9.305171,1993,11,Ireland,HUMAN_OBSERVATION
51.5001,-9.305171,1993,11,Ireland,HUMAN_OBSERVATION
51.500128,-9.467434,1975,8,Ireland,HUMAN_OBSERVATION
51.50027,-9.29485,2011,3,Ireland,HUMAN_OBSERVATION
51.50047,-9.300857,2019,7,Ireland,HUMAN_OBSERVATION
51.50047,-9.300857,2018,6,Ireland,HUMAN_OBSERVATION
51.5005,-9.294857,2013,5,Ireland,HUMAN_OBSERVATION
51.50053,-9.294731,2014,11,Ireland,HUMAN_OBSERVATION
51.50053,-9.294731,2014,11,Ireland,HUMAN_OBSERVATION
51.50053,-9.294731,2014,12,Ireland,HUMAN_OBSERVATION
51.50066,-9.295129,2017,7,Ireland,HUMAN_OBSERVATION
51.50075,-9.295027,2016,11,Ireland,HUMAN_OBSERVATION
51.500904,-9.295197,1994,4,Ireland,HUMAN_OBSERVATION
51.500904,-9.295197,1994,4,Ireland,HUMAN_OBSERVATION
51.500904,-9.295197,1994,4,Ireland,HUMAN_OBSERVATION
51.500904,-9.295197,1994,4,Ireland,HUMAN_OBSERVATION
51.500904,-9.295197,1994,4,Ireland,HUMAN_OBSERVATION
51.500904,-9.295197,1994,4,Ireland,HUMAN_OBSERVATION
51.500904,-9.295197,1994,4,Ireland,HUMAN_OBSERVATION
51.500904,-9.295197,1994,4,Ireland,HUMAN_OBSERVATION
51.500904,-9.295197,1994,4,Ireland,HUMAN_OBSERVATION
51.500904,-9.295197,1994,4,Ireland,HUMAN_OBSERVATION
51.500965,-9.302857,1994,4,Ireland,HUMAN_OBSERVATION
51.500965,-9.302857,1994,4,Ireland,HUMAN_OBSERVATION
51.504293,-9.298628,1993,11,Ireland,HUMAN_OBSERVATION
51.504293,-9.298628,1993,11,Ireland,HUMAN_OBSERVATION
51.504293,-9.298628,1993,11,Ireland,HUMAN_OBSERVATION
51.504293,-9.298628,1993,11,Ireland,HUMAN_OBSERVATION
51.505284,-9.486324,1990,4,Ireland,HUMAN_OBSERVATION
51.507,4.207,1925,,Netherlands,HUMAN_OBSERVATION
51.51023,-9.37557,1975,8,Ireland,HUMAN_OBSERVATION
51.511214,-9.443302,1990,4,Ireland,HUMAN_OBSERVATION
51.513825,-9.521176,1975,8,Ireland,HUMAN_OBSERVATION
51.514048,-9.503896,1975,8,Ireland,HUMAN_OBSERVATION
51.514825,-9.441976,1990,4,Ireland,HUMAN_OBSERVATION
51.51651,4.1725,2018,5,Netherlands,HUMAN_OBSERVATION
51.517,4.013,1950,10,Netherlands,HUMAN_OBSERVATION
51.51962,3.89592,1998,5,Netherlands,HUMAN_OBSERVATION
51.51962,3.89592,1998,9,Netherlands,HUMAN_OBSERVATION
51.52,3.43,2014,2,Netherlands,HUMAN_OBSERVATION
51.52,3.95,2014,4,Netherlands,HUMAN_OBSERVATION
51.52,3.95,2013,11,Netherlands,HUMAN_OBSERVATION
51.52,3.95,2009,9,Netherlands,HUMAN_OBSERVATION
51.52,4,2015,7,Netherlands,HUMAN_OBSERVATION
51.52,4,2015,11,Netherlands,HUMAN_OBSERVATION
51.52,4,1951,8,Netherlands,HUMAN_OBSERVATION
51.521058,-9.432583,1994,4,Ireland,HUMAN_OBSERVATION
51.521058,-9.432583,1994,4,Ireland,HUMAN_OBSERVATION
51.521835,-9.456605,1975,8,Ireland,HUMAN_OBSERVATION
51.521835,-9.456605,1975,8,Ireland,HUMAN_OBSERVATION
51.522905,-9.424798,1994,4,Ireland,HUMAN_OBSERVATION
51.522905,-9.424798,1994,4,Ireland,HUMAN_OBSERVATION
51.523158,-9.422067,,,Ireland,HUMAN_OBSERVATION
51.525,4.078,2016,5,Netherlands,HUMAN_OBSERVATION
51.525,4.078,2015,5,Netherlands,HUMAN_OBSERVATION
51.525,4.078,2014,3,Netherlands,HUMAN_OBSERVATION
51.525899,-9.420233,1994,4,Ireland,HUMAN_OBSERVATION
51.525899,-9.420233,1994,4,Ireland,HUMAN_OBSERVATION
51.52607,-9.708831,2016,4,Ireland,HUMAN_OBSERVATION
51.526534,-9.511512,1990,4,Ireland,HUMAN_OBSERVATION
51.528671,-9.412151,,,Ireland,HUMAN_OBSERVATION
51.529298,-9.128767,1996,8,Ireland,HUMAN_OBSERVATION
51.529298,-9.128767,1996,8,Ireland,HUMAN_OBSERVATION
51.53,4.06,1950,9,Netherlands,HUMAN_OBSERVATION
51.53,4.06,1950,9,Netherlands,HUMAN_OBSERVATION
51.530762,-9.41034,1994,4,Ireland,HUMAN_OBSERVATION
51.530762,-9.41034,1994,4,Ireland,HUMAN_OBSERVATION
51.535859,-9.412374,1990,4,Ireland,HUMAN_OBSERVATION
51.539,3.93,2014,1,Netherlands,HUMAN_OBSERVATION
51.539,3.93,2006,4,Netherlands,HUMAN_OBSERVATION
51.54,3.82,1984,12,Netherlands,HUMAN_OBSERVATION
51.543,3.924,2015,4,Netherlands,HUMAN_OBSERVATION
51.54848,-4.065484,1995,6,United Kingdom of Great Britain and Northern Ireland,HUMAN_OBSERVATION
51.568,3.893,2011,11,Netherlands,HUMAN_OBSERVATION
51.57376,-9.695078,2016,10,Ireland,HUMAN_OBSERVATION
51.58846,-4.893397,2013,6,United Kingdom of Great Britain and Northern Ireland,HUMAN_OBSERVATION
51.596907,0.823423,2012,6,United Kingdom of Great Britain and Northern Ireland,HUMAN_OBSERVATION
51.597,3.692,2016,2,Netherlands,HUMAN_OBSERVATION
51.6,3.7,2017,8,Netherlands,HUMAN_OBSERVATION
51.6,3.8,2011,9,Netherlands,HUMAN_OBSERVATION
51.6,3.8,2010,9,Netherlands,HUMAN_OBSERVATION
51.6,3.8,2007,9,Netherlands,HUMAN_OBSERVATION
51.6,3.8,2006,9,Netherlands,HUMAN_OBSERVATION
51.6,3.8,2001,9,Netherlands,HUMAN_OBSERVATION
51.6,3.8,1999,9,Netherlands,HUMAN_OBSERVATION
51.6,3.8,1997,9,Netherlands,HUMAN_OBSERVATION
51.6,3.8,1994,8,Netherlands,HUMAN_OBSERVATION
51.6,3.8,1991,8,Netherlands,HUMAN_OBSERVATION
51.6,4.05,2018,6,Netherlands,HUMAN_OBSERVATION
51.60022,-4.960212,2009,6,United Kingdom of Great Britain and Northern Ireland,HUMAN_OBSERVATION
51.60234,-4.919154,2009,8,United Kingdom of Great Britain and Northern Ireland,HUMAN_OBSERVATION
51.604,3.794,2014,2,Netherlands,HUMAN_OBSERVATION
51.60619,-4.91436,2011,5,United Kingdom of Great Britain and Northern Ireland,HUMAN_OBSERVATION
51.61042,-8.545871,2011,8,Ireland,HUMAN_OBSERVATION
51.61054,-8.528445,2015,7,Ireland,HUMAN_OBSERVATION
51.610562,-9.88228,1993,6,Ireland,HUMAN_OBSERVATION
51.610562,-9.88228,1993,6,Ireland,HUMAN_OBSERVATION
51.61058,-8.529202,2014,8,Ireland,HUMAN_OBSERVATION
51.6113,-5.053154,2012,7,United Kingdom of Great Britain and Northern Ireland,HUMAN_OBSERVATION
51.61492,-3.938093,2014,7,United Kingdom of Great Britain and Northern Ireland,HUMAN_OBSERVATION
51.622078,-4.897134,1990,4,United Kingdom of Great Britain and Northern Ireland,HUMAN_OBSERVATION
51.62367,-4.878745,2011,5,United Kingdom of Great Britain and Northern Ireland,HUMAN_OBSERVATION
51.62399,-4.881439,2011,5,United Kingdom of Great Britain and Northern Ireland,HUMAN_OBSERVATION
51.62664,-5.133357,2001,7,United Kingdom of Great Britain and Northern Ireland,HUMAN_OBSERVATION
51.628865,3.914446,2023,8,Netherlands,HUMAN_OBSERVATION
51.62923,-8.528013,2013,5,Ireland,HUMAN_OBSERVATION
51.62975,3.91451,2018,11,Netherlands,HUMAN_OBSERVATION
51.63,3.69,2015,2,Netherlands,HUMAN_OBSERVATION
51.63,3.69,1994,9,Netherlands,HUMAN_OBSERVATION
51.63,3.89,1988,8,Netherlands,HUMAN_OBSERVATION
51.633,3.691,2021,2,Netherlands,HUMAN_OBSERVATION
51.633,3.691,2019,5,Netherlands,HUMAN_OBSERVATION
51.63534,0.757881,2012,6,United Kingdom of Great Britain and Northern Ireland,HUMAN_OBSERVATION
51.636216,0.720357,2012,6,United Kingdom of Great Britain and Northern Ireland,HUMAN_OBSERVATION
51.636216,0.720357,2012,6,United Kingdom of Great Britain and Northern Ireland,HUMAN_OBSERVATION
51.63708,-5.065106,2012,7,United Kingdom of Great Britain and Northern Ireland,HUMAN_OBSERVATION
51.63708,-5.065106,2012,7,United Kingdom of Great Britain and Northern Ireland,HUMAN_OBSERVATION
51.639,4.08,2016,6,Netherlands,HUMAN_OBSERVATION
51.64302,4.09919,2018,5,Netherlands,HUMAN_OBSERVATION
51.64445,4.09095,2019,5,Netherlands,HUMAN_OBSERVATION
51.64452,4.08942,2018,11,Netherlands,HUMAN_OBSERVATION
51.64577,-9.854754,2011,7,Ireland,HUMAN_OBSERVATION
51.64627,-9.855927,2011,7,Ireland,HUMAN_OBSERVATION
51.647244,-9.868062,2016,6,Ireland,HUMAN_OBSERVATION
51.64732,-9.779681,2012,6,Ireland,HUMAN_OBSERVATION
51.6546,-9.747584,2011,7,Ireland,HUMAN_OBSERVATION
51.66033,-4.662119,2010,8,United Kingdom of Great Britain and Northern Ireland,HUMAN_OBSERVATION
51.663521,-4.966306,1996,5,United Kingdom of Great Britain and Northern Ireland,HUMAN_OBSERVATION
51.67,3.75,1999,9,Netherlands,HUMAN_OBSERVATION
51.67,3.75,1998,11,Netherlands,HUMAN_OBSERVATION
51.67,3.75,1989,9,Netherlands,HUMAN_OBSERVATION
51.67,3.75,1986,7,Netherlands,HUMAN_OBSERVATION
51.67,3.75,1981,6,Netherlands,HUMAN_OBSERVATION
51.67,3.75,1981,6,Netherlands,HUMAN_OBSERVATION
51.67,3.75,1980,7,Netherlands,HUMAN_OBSERVATION
51.67,3.75,1980,7,Netherlands,HUMAN_OBSERVATION
51.67,3.75,1980,9,Netherlands,HUMAN_OBSERVATION
51.67,3.75,1980,9,Netherlands,HUMAN_OBSERVATION
51.6709,-5.154786,2017,6,United Kingdom of Great Britain and Northern Ireland,HUMAN_OBSERVATION
51.67459,-8.448375,2011,8,Ireland,HUMAN_OBSERVATION
51.676,3.844,2013,9,Netherlands,HUMAN_OBSERVATION
51.679,3.839,2016,7,Netherlands,HUMAN_OBSERVATION
51.679,4.127,2009,11,Netherlands,HUMAN_OBSERVATION
51.68175,-8.435533,2013,7,Ireland,HUMAN_OBSERVATION
51.683896,-9.506624,2016,,Ireland,HUMAN_OBSERVATION
51.6841,-5.160566,2011,5,United Kingdom of Great Britain and Northern Ireland,HUMAN_OBSERVATION
51.68624,-5.153133,2005,8,United Kingdom of Great Britain and Northern Ireland,HUMAN_OBSERVATION
51.68661,-4.977945,1996,6,United Kingdom of Great Britain and Northern Ireland,HUMAN_OBSERVATION
51.68683,-4.976673,2007,5,United Kingdom of Great Britain and Northern Ireland,HUMAN_OBSERVATION
51.68711,-4.977675,2011,8,United Kingdom of Great Britain and Northern Ireland,HUMAN_OBSERVATION
51.68715,-4.977077,2002,9,United Kingdom of Great Britain and Northern Ireland,HUMAN_OBSERVATION
51.687261,-5.057574,1960,6,United Kingdom of Great Britain and Northern Ireland,HUMAN_OBSERVATION
51.68736,-4.976078,2007,5,United Kingdom of Great Britain and Northern Ireland,HUMAN_OBSERVATION
51.687508,-4.978004,1998,6,United Kingdom of Great Britain and Northern Ireland,HUMAN_OBSERVATION
51.687817,-5.001177,1985,7,United Kingdom of Great Britain and Northern Ireland,HUMAN_OBSERVATION
51.687817,-5.001177,1985,7,United Kingdom of Great Britain and Northern Ireland,HUMAN_OBSERVATION
51.68839,-4.978555,2011,8,United Kingdom of Great Britain and Northern Ireland,HUMAN_OBSERVATION
51.688406,-4.978063,1996,6,United Kingdom of Great Britain and Northern Ireland,HUMAN_OBSERVATION
51.688406,-4.978063,1979,8,United Kingdom of Great Britain and Northern Ireland,HUMAN_OBSERVATION
51.68904,-5.077055,2008,7,United Kingdom of Great Britain and Northern Ireland,HUMAN_OBSERVATION
51.689122,-5.152122,2003,7,United Kingdom of Great Britain and Northern Ireland,HUMAN_OBSERVATION
51.689377,-4.975233,1985,10,United Kingdom of Great Britain and Northern Ireland,HUMAN_OBSERVATION
51.690326,-5.008578,1968,9,United Kingdom of Great Britain and Northern Ireland,HUMAN_OBSERVATION
51.69193,-4.984027,2011,8,United Kingdom of Great Britain and Northern Ireland,HUMAN_OBSERVATION
51.69193,-4.982956,2011,8,United Kingdom of Great Britain and Northern Ireland,HUMAN_OBSERVATION
51.69208,-4.983488,2011,8,United Kingdom of Great Britain and Northern Ireland,HUMAN_OBSERVATION
51.69263,-8.422157,2011,8,Ireland,HUMAN_OBSERVATION
51.692701,-5.191085,1994,9,United Kingdom of Great Britain and Northern Ireland,HUMAN_OBSERVATION
51.69272,-5.107714,2019,8,United Kingdom of Great Britain and Northern Ireland,HUMAN_OBSERVATION
51.69272,-5.107714,2019,10,United Kingdom of Great Britain and Northern Ireland,HUMAN_OBSERVATION
51.69315,-5.085628,2016,5,United Kingdom of Great Britain and Northern Ireland,HUMAN_OBSERVATION
51.693152,-4.968244,1985,7,United Kingdom of Great Britain and Northern Ireland,HUMAN_OBSERVATION
51.693152,-4.968244,1985,7,United Kingdom of Great Britain and Northern Ireland,HUMAN_OBSERVATION
51.69331,-5.086536,2016,5,United Kingdom of Great Britain and Northern Ireland,HUMAN_OBSERVATION
51.693647,-4.984196,1982,4,United Kingdom of Great Britain and Northern Ireland,HUMAN_OBSERVATION
51.694815,-5.008876,1985,10,United Kingdom of Great Britain and Northern Ireland,HUMAN_OBSERVATION
51.695772,-4.97131,1996,5,United Kingdom of Great Britain and Northern Ireland,HUMAN_OBSERVATION
51.696,3.803,1977,4,Netherlands,HUMAN_OBSERVATION
51.6966,-5.304978,2013,7,United Kingdom of Great Britain and Northern Ireland,HUMAN_OBSERVATION
51.69691,-5.254278,2003,8,United Kingdom of Great Britain and Northern Ireland,HUMAN_OBSERVATION
51.69694,-5.254685,2013,7,United Kingdom of Great Britain and Northern Ireland,HUMAN_OBSERVATION
51.69707,-5.153306,2019,5,United Kingdom of Great Britain and Northern Ireland,HUMAN_OBSERVATION
51.69735,-5.255091,2013,7,United Kingdom of Great Britain and Northern Ireland,HUMAN_OBSERVATION
51.69749,-5.285298,2021,7,United Kingdom of Great Britain and Northern Ireland,HUMAN_OBSERVATION
51.698539,-4.968597,1982,10,United Kingdom of Great Britain and Northern Ireland,HUMAN_OBSERVATION
51.698612,-4.965707,1993,10,United Kingdom of Great Britain and Northern Ireland,HUMAN_OBSERVATION
51.698658,-4.976348,2002,9,United Kingdom of Great Britain and Northern Ireland,HUMAN_OBSERVATION
51.698801,-4.960002,2002,10,United Kingdom of Great Britain and Northern Ireland,HUMAN_OBSERVATION
51.6989,-4.943955,2007,5,United Kingdom of Great Britain and Northern Ireland,HUMAN_OBSERVATION
51.6989,-4.943955,2007,5,United Kingdom of Great Britain and Northern Ireland,HUMAN_OBSERVATION
51.6989,-4.943955,2007,5,United Kingdom of Great Britain and Northern Ireland,HUMAN_OBSERVATION
51.6989,-4.943955,2007,5,United Kingdom of Great Britain and Northern Ireland,HUMAN_OBSERVATION
51.69911,-4.943317,2007,5,United Kingdom of Great Britain and Northern Ireland,HUMAN_OBSERVATION
51.69911,-4.943317,2007,5,United Kingdom of Great Britain and Northern Ireland,HUMAN_OBSERVATION
51.699908,-4.958569,2002,9,United Kingdom of Great Britain and Northern Ireland,HUMAN_OBSERVATION
51.7,3.85,2023,9,Netherlands,HUMAN_OBSERVATION
51.7,3.85,2018,2,Netherlands,HUMAN_OBSERVATION
51.7,3.85,2017,3,Netherlands,HUMAN_OBSERVATION
51.7,4,2019,6,Netherlands,HUMAN_OBSERVATION
51.700005,-4.98172,1985,10,United Kingdom of Great Britain and Northern Ireland,HUMAN_OBSERVATION
51.700005,-4.98172,1985,10,United Kingdom of Great Britain and Northern Ireland,HUMAN_OBSERVATION
51.700048,-5.08449,1979,9,United Kingdom of Great Britain and Northern Ireland,HUMAN_OBSERVATION
51.700421,-4.949253,2002,9,United Kingdom of Great Britain and Northern Ireland,HUMAN_OBSERVATION
51.700424,-5.000564,2014,9,United Kingdom of Great Britain and Northern Ireland,HUMAN_OBSERVATION
51.70048,-4.971077,2002,9,United Kingdom of Great Britain and Northern Ireland,HUMAN_OBSERVATION
51.7012,-4.919799,2013,6,United Kingdom of Great Britain and Northern Ireland,HUMAN_OBSERVATION
51.701415,-4.961548,1993,10,United Kingdom of Great Britain and Northern Ireland,HUMAN_OBSERVATION
51.701459,-4.923918,1978,6,United Kingdom of Great Britain and Northern Ireland,HUMAN_OBSERVATION
51.70146,-4.958005,2002,9,United Kingdom of Great Britain and Northern Ireland,HUMAN_OBSERVATION
51.701576,-4.919221,2002,9,United Kingdom of Great Britain and Northern Ireland,HUMAN_OBSERVATION
51.701615,-5.093282,1982,4,United Kingdom of Great Britain and Northern Ireland,HUMAN_OBSERVATION
51.70166,-5.092768,2005,7,United Kingdom of Great Britain and Northern Ireland,HUMAN_OBSERVATION
51.70169,-5.126976,2021,10,United Kingdom of Great Britain and Northern Ireland,HUMAN_OBSERVATION
51.701718,-5.156979,1960,6,United Kingdom of Great Britain and Northern Ireland,HUMAN_OBSERVATION
51.70175,-4.91764,2002,9,United Kingdom of Great Britain and Northern Ireland,HUMAN_OBSERVATION
51.70175,-4.91764,2002,9,United Kingdom of Great Britain and Northern Ireland,HUMAN_OBSERVATION
51.7018,-5.090559,2007,7,United Kingdom of Great Britain and Northern Ireland,HUMAN_OBSERVATION
51.70182,-4.937355,2019,10,United Kingdom of Great Britain and Northern Ireland,HUMAN_OBSERVATION
51.70192,-4.915285,2019,10,United Kingdom of Great Britain and Northern Ireland,HUMAN_OBSERVATION
51.70203,-5.013023,2012,8,United Kingdom of Great Britain and Northern Ireland,HUMAN_OBSERVATION
51.7021,-5.093229,2014,9,United Kingdom of Great Britain and Northern Ireland,HUMAN_OBSERVATION
51.70223,-4.92441,1999,9,United Kingdom of Great Britain and Northern Ireland,HUMAN_OBSERVATION
51.70223,-4.92441,1999,9,United Kingdom of Great Britain and Northern Ireland,HUMAN_OBSERVATION
51.70243,-4.914406,2019,10,United Kingdom of Great Britain and Northern Ireland,HUMAN_OBSERVATION
51.70273,-5.073641,2005,9,United Kingdom of Great Britain and Northern Ireland,HUMAN_OBSERVATION
51.70273,-5.073641,2005,9,United Kingdom of Great Britain and Northern Ireland,HUMAN_OBSERVATION
51.70273,-5.073641,2005,9,United Kingdom of Great Britain and Northern Ireland,HUMAN_OBSERVATION
51.70273,-5.073641,2005,9,United Kingdom of Great Britain and Northern Ireland,HUMAN_OBSERVATION
51.70273,-5.073641,2005,9,United Kingdom of Great Britain and Northern Ireland,HUMAN_OBSERVATION
51.70315,-5.088813,2003,8,United Kingdom of Great Britain and Northern Ireland,HUMAN_OBSERVATION
51.70328,-5.091254,2005,9,United Kingdom of Great Britain and Northern Ireland,HUMAN_OBSERVATION
51.70328,-5.091254,2005,9,United Kingdom of Great Britain and Northern Ireland,HUMAN_OBSERVATION
51.70328,-5.091254,2005,9,United Kingdom of Great Britain and Northern Ireland,HUMAN_OBSERVATION
51.70328,-5.091254,2005,9,United Kingdom of Great Britain and Northern Ireland,HUMAN_OBSERVATION
51.70328,-5.091254,2005,9,United Kingdom of Great Britain and Northern Ireland,HUMAN_OBSERVATION
51.70328,-5.091254,2005,9,United Kingdom of Great Britain and Northern Ireland,HUMAN_OBSERVATION
51.703778,-5.122019,2002,9,United Kingdom of Great Britain and Northern Ireland,HUMAN_OBSERVATION
51.703778,-5.122019,2002,9,United Kingdom of Great Britain and Northern Ireland,HUMAN_OBSERVATION
51.70382,-5.137011,2011,9,United Kingdom of Great Britain and Northern Ireland,HUMAN_OBSERVATION
51.704009,-4.929872,1978,7,United Kingdom of Great Britain and Northern Ireland,HUMAN_OBSERVATION
51.704411,-5.157167,1960,6,United Kingdom of Great Britain and Northern Ireland,HUMAN_OBSERVATION
51.70448,-4.916818,2002,9,United Kingdom of Great Britain and Northern Ireland,HUMAN_OBSERVATION
51.70449,-4.916739,2002,9,United Kingdom of Great Britain and Northern Ireland,HUMAN_OBSERVATION
51.705091,-4.917131,2002,9,United Kingdom of Great Britain and Northern Ireland,HUMAN_OBSERVATION
51.70514,-4.915333,2011,8,United Kingdom of Great Britain and Northern Ireland,HUMAN_OBSERVATION
51.70541,-4.909697,1985,7,United Kingdom of Great Britain and Northern Ireland,HUMAN_OBSERVATION
51.70541,-4.909697,1985,7,United Kingdom of Great Britain and Northern Ireland,HUMAN_OBSERVATION
51.70545,-5.056119,2019,10,United Kingdom of Great Britain and Northern Ireland,HUMAN_OBSERVATION
51.70573,-5.054068,2019,9,United Kingdom of Great Britain and Northern Ireland,HUMAN_OBSERVATION
51.705814,-5.070406,2005,7,United Kingdom of Great Britain and Northern Ireland,HUMAN_OBSERVATION
51.706,-4.91397,2011,8,United Kingdom of Great Britain and Northern Ireland,HUMAN_OBSERVATION
51.706,-4.91397,2011,8,United Kingdom of Great Britain and Northern Ireland,HUMAN_OBSERVATION
51.706165,-4.915536,1978,7,United Kingdom of Great Britain and Northern Ireland,HUMAN_OBSERVATION
51.70617,-4.910028,2016,10,United Kingdom of Great Britain and Northern Ireland,HUMAN_OBSERVATION
51.706303,-5.05162,1978,7,United Kingdom of Great Britain and Northern Ireland,HUMAN_OBSERVATION
51.70713,-5.043716,2003,8,United Kingdom of Great Britain and Northern Ireland,HUMAN_OBSERVATION
51.707148,4.000537,2023,8,Netherlands,HUMAN_OBSERVATION
51.707148,4.000537,2023,8,Netherlands,HUMAN_OBSERVATION
51.70732,-5.139715,2021,10,United Kingdom of Great Britain and Northern Ireland,HUMAN_OBSERVATION
51.70732,-5.139715,2021,10,United Kingdom of Great Britain and Northern Ireland,HUMAN_OBSERVATION
51.70747,-4.934406,2011,7,United Kingdom of Great Britain and Northern Ireland,HUMAN_OBSERVATION
51.707777,0.775315,1991,7,United Kingdom of Great Britain and Northern Ireland,HUMAN_OBSERVATION
51.7079,4.00028,2023,9,Netherlands,HUMAN_OBSERVATION
51.7079,4.00028,2016,5,Netherlands,HUMAN_OBSERVATION
51.707968,-5.140259,2002,9,United Kingdom of Great Britain and Northern Ireland,HUMAN_OBSERVATION
51.708068,-4.911315,1985,7,United Kingdom of Great Britain and Northern Ireland,HUMAN_OBSERVATION
51.708068,-4.911315,1985,7,United Kingdom of Great Britain and Northern Ireland,HUMAN_OBSERVATION
51.708426,-4.896862,1978,7,United Kingdom of Great Britain and Northern Ireland,HUMAN_OBSERVATION
51.70862,-4.933018,2007,5,United Kingdom of Great Britain and Northern Ireland,HUMAN_OBSERVATION
51.70862,-4.933018,2007,5,United Kingdom of Great Britain and Northern Ireland,HUMAN_OBSERVATION
51.708656,-4.900278,2002,9,United Kingdom of Great Britain and Northern Ireland,HUMAN_OBSERVATION
51.708656,-4.900278,2002,9,United Kingdom of Great Britain and Northern Ireland,HUMAN_OBSERVATION
51.70918,-5.115084,2006,8,United Kingdom of Great Britain and Northern Ireland,HUMAN_OBSERVATION
51.7092,-5.115129,2006,8,United Kingdom of Great Britain and Northern Ireland,HUMAN_OBSERVATION
51.70923,-5.115495,2006,8,United Kingdom of Great Britain and Northern Ireland,HUMAN_OBSERVATION
51.70932,-4.888562,1999,9,United Kingdom of Great Britain and Northern Ireland,HUMAN_OBSERVATION
51.70961,-5.124815,2018,9,United Kingdom of Great Britain and Northern Ireland,HUMAN_OBSERVATION
51.70961,-5.124815,2018,9,United Kingdom of Great Britain and Northern Ireland,HUMAN_OBSERVATION
51.70975,-5.115795,2004,10,United Kingdom of Great Britain and Northern Ireland,HUMAN_OBSERVATION
51.71014,-4.940949,2014,7,United Kingdom of Great Britain and Northern Ireland,HUMAN_OBSERVATION
51.710307,-5.035965,2014,9,United Kingdom of Great Britain and Northern Ireland,HUMAN_OBSERVATION
51.710462,-5.166275,1960,6,United Kingdom of Great Britain and Northern Ireland,HUMAN_OBSERVATION
51.710666,-4.944003,2008,10,United Kingdom of Great Britain and Northern Ireland,MATERIAL_SAMPLE
51.710666,-4.944003,2008,10,United Kingdom of Great Britain and Northern Ireland,MATERIAL_SAMPLE
51.71068,-5.101466,2021,10,United Kingdom of Great Britain and Northern Ireland,HUMAN_OBSERVATION
51.710903,-4.9419,2005,7,United Kingdom of Great Britain and Northern Ireland,HUMAN_OBSERVATION
51.71105,-5.036906,2014,7,United Kingdom of Great Britain and Northern Ireland,HUMAN_OBSERVATION
51.711191,-4.894143,1978,8,United Kingdom of Great Britain and Northern Ireland,HUMAN_OBSERVATION
51.71136,3.99524,2019,5,Netherlands,HUMAN_OBSERVATION
51.71136,3.99524,2018,7,Netherlands,HUMAN_OBSERVATION
51.71136,3.99524,2018,11,Netherlands,HUMAN_OBSERVATION
51.71136,3.99524,2017,9,Netherlands,HUMAN_OBSERVATION
51.71191,-5.13213,2004,10,United Kingdom of Great Britain and Northern Ireland,HUMAN_OBSERVATION
51.71191,-5.13213,2004,10,United Kingdom of Great Britain and Northern Ireland,HUMAN_OBSERVATION
51.71227,-5.101772,2007,7,United Kingdom of Great Britain and Northern Ireland,HUMAN_OBSERVATION
51.71237,-5.101707,2018,9,United Kingdom of Great Britain and Northern Ireland,HUMAN_OBSERVATION
51.71237,-5.101707,2018,9,United Kingdom of Great Britain and Northern Ireland,HUMAN_OBSERVATION
51.712423,-9.547622,1993,6,Ireland,HUMAN_OBSERVATION
51.712423,-9.547622,1993,6,Ireland,HUMAN_OBSERVATION
51.71266,-5.112008,2010,9,United Kingdom of Great Britain and Northern Ireland,HUMAN_OBSERVATION
51.712685,-5.150504,1985,10,United Kingdom of Great Britain and Northern Ireland,HUMAN_OBSERVATION
51.712685,-5.150504,1985,10,United Kingdom of Great Britain and Northern Ireland,HUMAN_OBSERVATION
51.713218,3.995632,2023,8,Netherlands,HUMAN_OBSERVATION
51.713218,3.995632,2023,8,Netherlands,HUMAN_OBSERVATION
51.713233,-5.163573,1960,6,United Kingdom of Great Britain and Northern Ireland,HUMAN_OBSERVATION
51.713389,-5.157793,1960,6,United Kingdom of Great Britain and Northern Ireland,HUMAN_OBSERVATION
51.71445,-5.106194,2006,8,United Kingdom of Great Britain and Northern Ireland,HUMAN_OBSERVATION
51.71447,-5.106227,2006,8,United Kingdom of Great Britain and Northern Ireland,HUMAN_OBSERVATION
51.7145,-4.890566,2011,8,United Kingdom of Great Britain and Northern Ireland,HUMAN_OBSERVATION
51.7145,-4.890566,2011,8,United Kingdom of Great Britain and Northern Ireland,HUMAN_OBSERVATION
51.71472,-4.890565,2011,8,United Kingdom of Great Britain and Northern Ireland,HUMAN_OBSERVATION
51.71642,-5.220183,2021,6,United Kingdom of Great Britain and Northern Ireland,HUMAN_OBSERVATION
51.71643,-5.220183,2021,6,United Kingdom of Great Britain and Northern Ireland,HUMAN_OBSERVATION
51.716758,0.775865,2012,6,United Kingdom of Great Britain and Northern Ireland,HUMAN_OBSERVATION
51.717734,-4.889566,2002,8,United Kingdom of Great Britain and Northern Ireland,HUMAN_OBSERVATION
51.717734,-4.889566,2002,8,United Kingdom of Great Britain and Northern Ireland,HUMAN_OBSERVATION
51.718291,-4.888877,2002,8,United Kingdom of Great Britain and Northern Ireland,HUMAN_OBSERVATION
51.718588,-4.885928,1978,7,United Kingdom of Great Britain and Northern Ireland,HUMAN_OBSERVATION
51.718624,-4.884482,1993,10,United Kingdom of Great Britain and Northern Ireland,HUMAN_OBSERVATION
51.718624,-4.884482,1993,10,United Kingdom of Great Britain and Northern Ireland,HUMAN_OBSERVATION
51.718695,-4.88159,1985,7,United Kingdom of Great Britain and Northern Ireland,HUMAN_OBSERVATION
51.718972,0.796272,1992,9,United Kingdom of Great Britain and Northern Ireland,HUMAN_OBSERVATION
51.718972,0.796272,1992,9,United Kingdom of Great Britain and Northern Ireland,HUMAN_OBSERVATION
51.719451,-4.887431,1985,7,United Kingdom of Great Britain and Northern Ireland,HUMAN_OBSERVATION
51.719451,-4.887431,1985,7,United Kingdom of Great Britain and Northern Ireland,HUMAN_OBSERVATION
51.719451,-4.887431,1985,7,United Kingdom of Great Britain and Northern Ireland,HUMAN_OBSERVATION
51.719451,-4.887431,1960,6,United Kingdom of Great Britain and Northern Ireland,HUMAN_OBSERVATION
51.719486,-4.885985,1978,10,United Kingdom of Great Britain and Northern Ireland,HUMAN_OBSERVATION
51.71986,-4.884448,2010,9,United Kingdom of Great Britain and Northern Ireland,HUMAN_OBSERVATION
51.71986,-4.884448,2010,9,United Kingdom of Great Britain and Northern Ireland,HUMAN_OBSERVATION
51.71986,-4.884448,2010,9,United Kingdom of Great Britain and Northern Ireland,HUMAN_OBSERVATION
51.721377,-5.227861,1960,6,United Kingdom of Great Britain and Northern Ireland,HUMAN_OBSERVATION
51.722216,-4.884711,1978,10,United Kingdom of Great Britain and Northern Ireland,HUMAN_OBSERVATION
51.723117,0.811009,1991,7,United Kingdom of Great Britain and Northern Ireland,HUMAN_OBSERVATION
51.72399,-4.885972,2011,4,United Kingdom of Great Britain and Northern Ireland,HUMAN_OBSERVATION
51.724322,0.835703,1991,7,United Kingdom of Great Britain and Northern Ireland,HUMAN_OBSERVATION
51.7245,-4.886033,2010,5,United Kingdom of Great Britain and Northern Ireland,HUMAN_OBSERVATION
51.72473,-4.884571,1999,8,United Kingdom of Great Britain and Northern Ireland,HUMAN_OBSERVATION
51.725072,-9.999238,1995,8,Ireland,HUMAN_OBSERVATION
51.725072,-9.999238,1995,8,Ireland,HUMAN_OBSERVATION
51.725772,-4.886385,1960,6,United Kingdom of Great Britain and Northern Ireland,HUMAN_OBSERVATION
51.72845,-4.886125,1999,8,United Kingdom of Great Britain and Northern Ireland,HUMAN_OBSERVATION
51.728919,0.79399,1991,7,United Kingdom of Great Britain and Northern Ireland,HUMAN_OBSERVATION
51.729098,-4.884642,2002,8,United Kingdom of Great Britain and Northern Ireland,HUMAN_OBSERVATION
51.729281,-4.884509,2002,8,United Kingdom of Great Britain and Northern Ireland,HUMAN_OBSERVATION
51.72963,-4.883152,1999,8,United Kingdom of Great Britain and Northern Ireland,HUMAN_OBSERVATION
51.730585,-5.285009,1993,10,United Kingdom of Great Britain and Northern Ireland,HUMAN_OBSERVATION
51.73069,-5.305018,2012,5,United Kingdom of Great Britain and Northern Ireland,HUMAN_OBSERVATION
51.73166,-5.286205,2003,8,United Kingdom of Great Britain and Northern Ireland,HUMAN_OBSERVATION
51.731725,-5.2764,1986,8,United Kingdom of Great Britain and Northern Ireland,HUMAN_OBSERVATION
51.731971,3.977584,2022,8,Netherlands,HUMAN_OBSERVATION
51.73214,0.883989,1992,9,United Kingdom of Great Britain and Northern Ireland,HUMAN_OBSERVATION
51.732229,0.84344,2012,6,United Kingdom of Great Britain and Northern Ireland,HUMAN_OBSERVATION
51.732876,-4.884593,2002,9,United Kingdom of Great Britain and Northern Ireland,HUMAN_OBSERVATION
51.733027,-4.883951,1978,7,United Kingdom of Great Britain and Northern Ireland,HUMAN_OBSERVATION
51.733045,-4.885039,2002,9,United Kingdom of Great Britain and Northern Ireland,HUMAN_OBSERVATION
51.733045,-4.885039,2002,9,United Kingdom of Great Britain and Northern Ireland,HUMAN_OBSERVATION
51.733062,-4.882505,1978,8,United Kingdom of Great Britain and Northern Ireland,HUMAN_OBSERVATION
51.733783,-4.889793,1978,9,United Kingdom of Great Britain and Northern Ireland,HUMAN_OBSERVATION
51.73512,0.855404,2014,9,United Kingdom of Great Britain and Northern Ireland,HUMAN_OBSERVATION
51.73577,0.852664,2014,8,United Kingdom of Great Britain and Northern Ireland,HUMAN_OBSERVATION
51.73607,-5.243604,2020,8,United Kingdom of Great Britain and Northern Ireland,HUMAN_OBSERVATION
51.73607,-5.243604,2020,8,United Kingdom of Great Britain and Northern Ireland,HUMAN_OBSERVATION
51.73624,-5.244268,2010,4,United Kingdom of Great Britain and Northern Ireland,HUMAN_OBSERVATION
51.73684,-5.220651,2011,10,United Kingdom of Great Britain and Northern Ireland,HUMAN_OBSERVATION
51.737046,-4.897896,2002,8,United Kingdom of Great Britain and Northern Ireland,HUMAN_OBSERVATION
51.737229,-4.897763,2002,8,United Kingdom of Great Britain and Northern Ireland,HUMAN_OBSERVATION
51.737229,-4.897763,2002,8,United Kingdom of Great Britain and Northern Ireland,HUMAN_OBSERVATION
51.737272,-5.271007,2004,,United Kingdom of Great Britain and Northern Ireland,HUMAN_OBSERVATION
51.737272,-5.271007,2001,9,United Kingdom of Great Britain and Northern Ireland,HUMAN_OBSERVATION
51.737272,-5.271007,2001,9,United Kingdom of Great Britain and Northern Ireland,HUMAN_OBSERVATION
51.737272,-5.271007,2001,9,United Kingdom of Great Britain and Northern Ireland,HUMAN_OBSERVATION
51.737272,-5.271007,2001,9,United Kingdom of Great Britain and Northern Ireland,HUMAN_OBSERVATION
51.737272,-5.271007,2001,9,United Kingdom of Great Britain and Northern Ireland,HUMAN_OBSERVATION
51.737376,-5.234797,2001,9,United Kingdom of Great Britain and Northern Ireland,HUMAN_OBSERVATION
51.737376,-5.234797,2001,9,United Kingdom of Great Britain and Northern Ireland,HUMAN_OBSERVATION
51.737376,-5.234797,2001,9,United Kingdom of Great Britain and Northern Ireland,HUMAN_OBSERVATION
51.737376,-5.234797,2001,9,United Kingdom of Great Britain and Northern Ireland,HUMAN_OBSERVATION
51.737376,-5.234797,2001,9,United Kingdom of Great Britain and Northern Ireland,HUMAN_OBSERVATION
51.737376,-5.234797,2001,9,United Kingdom of Great Britain and Northern Ireland,HUMAN_OBSERVATION
51.737376,-5.234797,2001,9,United Kingdom of Great Britain and Northern Ireland,HUMAN_OBSERVATION
51.737376,-5.234797,2001,9,United Kingdom of Great Britain and Northern Ireland,HUMAN_OBSERVATION
51.737376,-5.234797,2001,9,United Kingdom of Great Britain and Northern Ireland,HUMAN_OBSERVATION
51.73807,-5.27316,2011,10,United Kingdom of Great Britain and Northern Ireland,HUMAN_OBSERVATION
51.738273,-5.234861,2004,,United Kingdom of Great Britain and Northern Ireland,HUMAN_OBSERVATION
51.738273,-5.234861,2004,,United Kingdom of Great Britain and Northern Ireland,HUMAN_OBSERVATION
51.738273,-5.234861,2004,,United Kingdom of Great Britain and Northern Ireland,HUMAN_OBSERVATION
51.738273,-5.234861,2004,,United Kingdom of Great Britain and Northern Ireland,HUMAN_OBSERVATION
51.738733,-5.264738,2003,7,United Kingdom of Great Britain and Northern Ireland,HUMAN_OBSERVATION
51.738957,-4.898815,1978,9,United Kingdom of Great Britain and Northern Ireland,HUMAN_OBSERVATION
51.739251,-5.232034,1993,10,United Kingdom of Great Britain and Northern Ireland,HUMAN_OBSERVATION
51.739268,-9.530932,1993,6,Ireland,HUMAN_OBSERVATION
51.739268,-9.530932,1993,6,Ireland,HUMAN_OBSERVATION
51.73969,3.83009,2017,7,Netherlands,HUMAN_OBSERVATION
51.73993,3.84379,2017,9,Netherlands,HUMAN_OBSERVATION
51.73993,3.84379,2016,5,Netherlands,HUMAN_OBSERVATION
51.739965,-5.271202,1993,10,United Kingdom of Great Britain and Northern Ireland,HUMAN_OBSERVATION
51.74039,3.83097,2018,11,Netherlands,HUMAN_OBSERVATION
51.74039,3.83097,2018,11,Netherlands,HUMAN_OBSERVATION
51.74068,3.84578,2022,9,Netherlands,HUMAN_OBSERVATION
51.74068,3.84578,2018,11,Netherlands,HUMAN_OBSERVATION
51.742322,-5.251088,1993,10,United Kingdom of Great Britain and Northern Ireland,HUMAN_OBSERVATION
51.742522,-5.243858,1993,10,United Kingdom of Great Britain and Northern Ireland,HUMAN_OBSERVATION
51.742712,3.879643,2018,9,Netherlands,HUMAN_OBSERVATION
51.74283,3.87954,2022,5,Netherlands,HUMAN_OBSERVATION
51.74283,3.87954,2018,11,Netherlands,HUMAN_OBSERVATION
51.74289,3.87943,2022,5,Netherlands,HUMAN_OBSERVATION
51.74289,3.87943,2019,5,Netherlands,HUMAN_OBSERVATION
51.74289,3.87943,2019,5,Netherlands,HUMAN_OBSERVATION
51.74289,3.87943,2019,5,Netherlands,HUMAN_OBSERVATION
51.74289,3.87943,2018,7,Netherlands,HUMAN_OBSERVATION
51.74289,3.87943,2018,11,Netherlands,HUMAN_OBSERVATION
51.74289,3.87943,2018,11,Netherlands,HUMAN_OBSERVATION
51.74289,3.87943,2017,9,Netherlands,HUMAN_OBSERVATION
51.74289,3.87943,2016,5,Netherlands,HUMAN_OBSERVATION
51.74289,3.87943,2016,5,Netherlands,HUMAN_OBSERVATION
51.74289,3.87943,2015,5,Netherlands,HUMAN_OBSERVATION
51.74289,3.87943,2014,6,Netherlands,HUMAN_OBSERVATION
51.74289,3.87943,2014,9,Netherlands,HUMAN_OBSERVATION
51.744217,3.881189,2023,8,Netherlands,HUMAN_OBSERVATION
51.744485,0.857249,1992,9,United Kingdom of Great Britain and Northern Ireland,HUMAN_OBSERVATION
51.744825,-5.290389,1993,10,United Kingdom of Great Britain and Northern Ireland,HUMAN_OBSERVATION
51.74848,0.877786,2012,6,United Kingdom of Great Britain and Northern Ireland,HUMAN_OBSERVATION
51.74993,0.999594,1997,9,United Kingdom of Great Britain and Northern Ireland,HUMAN_OBSERVATION
51.758216,0.884202,1991,7,United Kingdom of Great Britain and Northern Ireland,HUMAN_OBSERVATION
51.759936,0.959676,1997,9,United Kingdom of Great Britain and Northern Ireland,HUMAN_OBSERVATION
51.76,3.84,1982,7,Netherlands,HUMAN_OBSERVATION
51.76,3.84,1982,7,Netherlands,HUMAN_OBSERVATION
51.760335,1.049562,1997,9,United Kingdom of Great Britain and Northern Ireland,HUMAN_OBSERVATION
51.76211,-9.853923,2014,7,Ireland,HUMAN_OBSERVATION
51.76211,-9.853923,2014,7,Ireland,HUMAN_OBSERVATION
51.76211,-9.853923,2014,7,Ireland,HUMAN_OBSERVATION
51.762997,0.909147,2012,6,United Kingdom of Great Britain and Northern Ireland,HUMAN_OBSERVATION
51.768345,0.94718,2012,6,United Kingdom of Great Britain and Northern Ireland,HUMAN_OBSERVATION
51.76933,-5.176844,2017,5,United Kingdom of Great Britain and Northern Ireland,HUMAN_OBSERVATION
51.77209,-5.208474,2014,5,United Kingdom of Great Britain and Northern Ireland,HUMAN_OBSERVATION
51.77312,-5.17817,2018,8,United Kingdom of Great Britain and Northern Ireland,HUMAN_OBSERVATION
51.77313,-5.180562,2000,7,United Kingdom of Great Britain and Northern Ireland,HUMAN_OBSERVATION
51.77403,0.893877,2011,8,United Kingdom of Great Britain and Northern Ireland,HUMAN_OBSERVATION
51.77413,0.894029,2011,6,United Kingdom of Great Britain and Northern Ireland,HUMAN_OBSERVATION
51.77476,-5.175124,2014,5,United Kingdom of Great Britain and Northern Ireland,HUMAN_OBSERVATION
51.77528,-9.828257,2014,7,Ireland,HUMAN_OBSERVATION
51.77528,-9.828257,2014,7,Ireland,HUMAN_OBSERVATION
51.77528,-9.828257,2007,8,Ireland,HUMAN_OBSERVATION
51.77529,-9.830582,2007,8,Ireland,HUMAN_OBSERVATION
51.77529,-9.830582,2007,8,Ireland,HUMAN_OBSERVATION
51.77568,0.886138,2014,6,United Kingdom of Great Britain and Northern Ireland,HUMAN_OBSERVATION
51.77568,0.886138,2014,6,United Kingdom of Great Britain and Northern Ireland,HUMAN_OBSERVATION
51.77568,0.886138,2014,9,United Kingdom of Great Britain and Northern Ireland,HUMAN_OBSERVATION
51.77635,-9.826452,2014,7,Ireland,HUMAN_OBSERVATION
51.77635,-9.826452,2014,7,Ireland,HUMAN_OBSERVATION
51.77635,-9.826452,2014,7,Ireland,HUMAN_OBSERVATION
51.776735,3.867461,2021,9,Netherlands,HUMAN_OBSERVATION
51.776738,3.867464,2021,9,Netherlands,HUMAN_OBSERVATION
51.77674,3.867453,2021,9,Netherlands,HUMAN_OBSERVATION
51.77674,3.867473,2021,9,Netherlands,HUMAN_OBSERVATION
51.776741,3.86744,2021,9,Netherlands,HUMAN_OBSERVATION
51.776742,3.86747,2021,9,Netherlands,HUMAN_OBSERVATION
51.77675,3.867454,2021,9,Netherlands,HUMAN_OBSERVATION
51.776751,3.867418,2021,9,Netherlands,HUMAN_OBSERVATION
51.776753,3.867448,2021,9,Netherlands,HUMAN_OBSERVATION
51.776754,3.867453,2021,9,Netherlands,HUMAN_OBSERVATION
51.776755,3.867477,2021,9,Netherlands,HUMAN_OBSERVATION
51.77684,0.884835,2015,8,United Kingdom of Great Britain and Northern Ireland,HUMAN_OBSERVATION
51.77691,0.883085,2012,8,United Kingdom of Great Britain and Northern Ireland,HUMAN_OBSERVATION
51.77701,0.88386,2014,4,United Kingdom of Great Britain and Northern Ireland,HUMAN_OBSERVATION
51.77701,0.88386,2014,4,United Kingdom of Great Britain and Northern Ireland,HUMAN_OBSERVATION
51.777058,3.867675,2021,9,Netherlands,HUMAN_OBSERVATION
51.777062,3.867649,2021,9,Netherlands,HUMAN_OBSERVATION
51.777064,3.8676,2021,9,Netherlands,HUMAN_OBSERVATION
51.777089,3.867672,2021,9,Netherlands,HUMAN_OBSERVATION
51.7771,3.86766,2021,9,Netherlands,HUMAN_OBSERVATION
51.77713,3.86768,2021,9,Netherlands,HUMAN_OBSERVATION
51.777151,3.867653,2021,9,Netherlands,HUMAN_OBSERVATION
51.777176,3.86763,2021,9,Netherlands,HUMAN_OBSERVATION
51.777198,3.867742,2021,9,Netherlands,HUMAN_OBSERVATION
51.777203,3.867792,2021,9,Netherlands,HUMAN_OBSERVATION
51.779047,-9.835811,1995,8,Ireland,HUMAN_OBSERVATION
51.779047,-9.835811,1995,8,Ireland,HUMAN_OBSERVATION
51.783061,-5.175711,1994,8,United Kingdom of Great Britain and Northern Ireland,HUMAN_OBSERVATION
51.7852,-9.825087,2014,7,Ireland,HUMAN_OBSERVATION
51.79613,-9.883677,2014,7,Ireland,HUMAN_OBSERVATION
51.799354,-9.888915,1995,8,Ireland,HUMAN_OBSERVATION
51.799354,-9.888915,1995,8,Ireland,HUMAN_OBSERVATION
51.799567,-9.900435,1995,8,Ireland,HUMAN_OBSERVATION
51.799567,-9.900435,1995,8,Ireland,HUMAN_OBSERVATION
51.8,3.95,2009,9,Netherlands,HUMAN_OBSERVATION
51.80078,-9.898085,2007,8,Ireland,HUMAN_OBSERVATION
51.80241,1.021617,2015,8,United Kingdom of Great Britain and Northern Ireland,HUMAN_OBSERVATION
51.80795,-9.88943,2007,8,Ireland,HUMAN_OBSERVATION
51.80842,-9.890676,2014,7,Ireland,HUMAN_OBSERVATION
51.80842,-9.890676,2014,7,Ireland,HUMAN_OBSERVATION
51.81329,-9.79491,2007,8,Ireland,HUMAN_OBSERVATION
51.814871,-9.840181,2017,,Ireland,HUMAN_OBSERVATION
51.835031,-8.351068,2006,7,Ireland,HUMAN_OBSERVATION
51.84562,-9.750069,2019,4,Ireland,HUMAN_OBSERVATION
51.84562,-9.750069,2019,4,Ireland,HUMAN_OBSERVATION
51.84631,-9.841463,1996,9,Ireland,HUMAN_OBSERVATION
51.85168,-5.21925,2014,9,United Kingdom of Great Britain and Northern Ireland,HUMAN_OBSERVATION
51.853757,-5.413083,1995,8,United Kingdom of Great Britain and Northern Ireland,HUMAN_OBSERVATION
51.85575,-5.205972,2014,6,United Kingdom of Great Britain and Northern Ireland,HUMAN_OBSERVATION
51.85682,-5.279643,2014,6,United Kingdom of Great Britain and Northern Ireland,HUMAN_OBSERVATION
51.85763,-5.195704,2014,9,United Kingdom of Great Britain and Northern Ireland,HUMAN_OBSERVATION
51.85797,-5.197486,2014,9,United Kingdom of Great Britain and Northern Ireland,HUMAN_OBSERVATION
51.858697,-5.205733,1995,8,United Kingdom of Great Britain and Northern Ireland,HUMAN_OBSERVATION
51.86039,-5.331595,2009,7,United Kingdom of Great Britain and Northern Ireland,HUMAN_OBSERVATION
51.87315,-5.346333,2000,8,United Kingdom of Great Britain and Northern Ireland,HUMAN_OBSERVATION
51.87833,-5.3338,2000,8,United Kingdom of Great Britain and Northern Ireland,HUMAN_OBSERVATION
51.878752,-7.855203,1993,9,Ireland,HUMAN_OBSERVATION
51.878752,-7.855203,1993,9,Ireland,HUMAN_OBSERVATION
51.878752,-7.855203,1993,9,Ireland,HUMAN_OBSERVATION
51.878752,-7.855203,1993,9,Ireland,HUMAN_OBSERVATION
51.879784,-5.352563,1995,8,United Kingdom of Great Britain and Northern Ireland,HUMAN_OBSERVATION
51.8838,-10.42297,2011,4,Ireland,HUMAN_OBSERVATION
51.884323,1.255613,1992,9,United Kingdom of Great Britain and Northern Ireland,HUMAN_OBSERVATION
51.88485,-5.332591,1995,8,United Kingdom of Great Britain and Northern Ireland,HUMAN_OBSERVATION
51.88485,-5.332591,1995,8,United Kingdom of Great Britain and Northern Ireland,HUMAN_OBSERVATION
51.886287,-10.371647,2024,7,Ireland,HUMAN_OBSERVATION
51.888507,-10.367309,2024,9,Ireland,HUMAN_OBSERVATION
51.891325,-10.3347,2024,6,Ireland,HUMAN_OBSERVATION
51.8914,-10.357409,2024,9,Ireland,HUMAN_OBSERVATION
51.891599,-10.329047,2024,8,Ireland,HUMAN_OBSERVATION
51.892154,-10.325547,2022,8,Ireland,HUMAN_OBSERVATION
51.893193,-10.348122,2024,8,Ireland,HUMAN_OBSERVATION
51.898787,-10.333803,2023,10,Ireland,HUMAN_OBSERVATION
51.899329,-10.316209,1995,5,Ireland,HUMAN_OBSERVATION
51.899329,-10.316209,1995,5,Ireland,HUMAN_OBSERVATION
51.904445,1.275972,2007,,United Kingdom of Great Britain and Northern Ireland,HUMAN_OBSERVATION
51.910173,-10.281604,2023,7,Ireland,HUMAN_OBSERVATION
51.934542,1.2848,2024,12,United Kingdom of Great Britain and Northern Ireland,HUMAN_OBSERVATION
51.9413,-7.797761,2011,6,Ireland,HUMAN_OBSERVATION
51.946757,1.306711,1992,8,United Kingdom of Great Britain and Northern Ireland,HUMAN_OBSERVATION
51.94736,1.1622,2014,5,United Kingdom of Great Britain and Northern Ireland,HUMAN_OBSERVATION
51.94786,1.163597,2021,6,United Kingdom of Great Britain and Northern Ireland,HUMAN_OBSERVATION
51.94791,1.164248,2016,7,United Kingdom of Great Britain and Northern Ireland,HUMAN_OBSERVATION
51.94806,1.163982,2021,6,United Kingdom of Great Britain and Northern Ireland,HUMAN_OBSERVATION
51.948331,1.151089,1992,8,United Kingdom of Great Britain and Northern Ireland,HUMAN_OBSERVATION
51.948362,1.116161,1992,8,United Kingdom of Great Britain and Northern Ireland,HUMAN_OBSERVATION
51.950851,1.224044,1992,8,United Kingdom of Great Britain and Northern Ireland,HUMAN_OBSERVATION
51.952426,1.132454,1992,8,United Kingdom of Great Britain and Northern Ireland,HUMAN_OBSERVATION
51.952766,1.219815,1992,8,United Kingdom of Great Britain and Northern Ireland,HUMAN_OBSERVATION
51.960274,1.175221,2013,3,United Kingdom of Great Britain and Northern Ireland,HUMAN_OBSERVATION
51.966753,1.168399,1992,8,United Kingdom of Great Britain and Northern Ireland,HUMAN_OBSERVATION
51.96751,-5.120398,2008,6,United Kingdom of Great Britain and Northern Ireland,HUMAN_OBSERVATION
51.99425,1.273037,2019,5,United Kingdom of Great Britain and Northern Ireland,HUMAN_OBSERVATION
51.99435,1.273124,2018,8,United Kingdom of Great Britain and Northern Ireland,HUMAN_OBSERVATION
51.99455,1.272178,2020,1,United Kingdom of Great Britain and Northern Ireland,HUMAN_OBSERVATION
51.99461,1.271963,2018,4,United Kingdom of Great Britain and Northern Ireland,HUMAN_OBSERVATION
51.99482,1.271432,2019,12,United Kingdom of Great Britain and Northern Ireland,HUMAN_OBSERVATION
51.99511,1.270193,2013,4,United Kingdom of Great Britain and Northern Ireland,HUMAN_OBSERVATION
51.99513,1.270107,2016,5,United Kingdom of Great Britain and Northern Ireland,HUMAN_OBSERVATION
51.99521,1.269122,2020,12,United Kingdom of Great Britain and Northern Ireland,HUMAN_OBSERVATION
51.99553,1.270406,2021,6,United Kingdom of Great Britain and Northern Ireland,HUMAN_OBSERVATION
52.01524,-5.08969,2005,5,United Kingdom of Great Britain and Northern Ireland,HUMAN_OBSERVATION
52.05069,1.340836,2021,8,United Kingdom of Great Britain and Northern Ireland,HUMAN_OBSERVATION
52.072381,-4.70074,1996,7,United Kingdom of Great Britain and Northern Ireland,HUMAN_OBSERVATION
52.12363,-6.979816,2014,9,Ireland,HUMAN_OBSERVATION
52.12907,-7.034809,2013,6,Ireland,HUMAN_OBSERVATION
52.13,4.31,1947,11,Netherlands,HUMAN_OBSERVATION
52.173782,-4.442874,1995,6,United Kingdom of Great Britain and Northern Ireland,HUMAN_OBSERVATION
52.176001,-6.594976,2024,6,Ireland,HUMAN_OBSERVATION
52.18,4.36,1948,9,Netherlands,HUMAN_OBSERVATION
52.2,4.4,2015,7,Netherlands,HUMAN_OBSERVATION
52.21689,-4.48908,2001,7,United Kingdom of Great Britain and Northern Ireland,HUMAN_OBSERVATION
52.220333,-4.364903,1995,6,United Kingdom of Great Britain and Northern Ireland,HUMAN_OBSERVATION
52.228,4.412,1954,2,Netherlands,HUMAN_OBSERVATION
52.259,4.438,1952,9,Netherlands,HUMAN_OBSERVATION
52.259,4.438,1952,9,Netherlands,HUMAN_OBSERVATION
52.259,4.438,1952,9,Netherlands,HUMAN_OBSERVATION
52.3,4.47,2020,10,Netherlands,HUMAN_OBSERVATION
52.3,4.47,2020,10,Netherlands,HUMAN_OBSERVATION
52.32159,-10.06893,2007,9,Ireland,HUMAN_OBSERVATION
52.32163,-10.06843,2007,9,Ireland,HUMAN_OBSERVATION
52.45,4.55,2020,10,Netherlands,HUMAN_OBSERVATION
52.45,4.6,2023,9,Netherlands,HUMAN_OBSERVATION
52.455,4.556,2014,8,Netherlands,HUMAN_OBSERVATION
52.45602,-4.097203,2005,8,United Kingdom of Great Britain and Northern Ireland,HUMAN_OBSERVATION
52.47004,1.753945,2016,9,United Kingdom of Great Britain and Northern Ireland,HUMAN_OBSERVATION
52.47004,1.753945,2016,9,United Kingdom of Great Britain and Northern Ireland,HUMAN_OBSERVATION
52.47173,1.754,2014,9,United Kingdom of Great Britain and Northern Ireland,HUMAN_OBSERVATION
52.4803,-9.698541,2014,4,Ireland,HUMAN_OBSERVATION
52.509296,-9.681983,2014,4,Ireland,HUMAN_OBSERVATION
52.616702,-9.514818,2016,,Ireland,HUMAN_OBSERVATION
52.623343,-4.143528,1997,4,United Kingdom of Great Britain and Northern Ireland,HUMAN_OBSERVATION
52.64,4.62,1995,9,Netherlands,HUMAN_OBSERVATION
52.73893,-4.135138,2003,9,United Kingdom of Great Britain and Northern Ireland,HUMAN_OBSERVATION
52.74117,-4.550667,1997,10,United Kingdom of Great Britain and Northern Ireland,HUMAN_OBSERVATION
52.74467,-4.510667,1997,10,United Kingdom of Great Britain and Northern Ireland,HUMAN_OBSERVATION
52.75037,-4.786012,2013,5,United Kingdom of Great Britain and Northern Ireland,HUMAN_OBSERVATION
52.78382,-4.51606,2002,8,United Kingdom of Great Britain and Northern Ireland,HUMAN_OBSERVATION
52.78519,-4.541399,2013,5,United Kingdom of Great Britain and Northern Ireland,HUMAN_OBSERVATION
52.78519,-4.541399,2013,5,United Kingdom of Great Britain and Northern Ireland,HUMAN_OBSERVATION
52.79237,-4.489273,2004,6,United Kingdom of Great Britain and Northern Ireland,HUMAN_OBSERVATION
52.79387,-4.693346,2006,7,United Kingdom of Great Britain and Northern Ireland,HUMAN_OBSERVATION
52.79404,-4.675839,2002,8,United Kingdom of Great Britain and Northern Ireland,HUMAN_OBSERVATION
52.79551,-4.470507,1999,6,United Kingdom of Great Britain and Northern Ireland,HUMAN_OBSERVATION
52.79814,-4.473281,2008,7,United Kingdom of Great Britain and Northern Ireland,HUMAN_OBSERVATION
52.79958,-4.674222,2002,8,United Kingdom of Great Britain and Northern Ireland,HUMAN_OBSERVATION
52.79958,-4.674222,2002,8,United Kingdom of Great Britain and Northern Ireland,HUMAN_OBSERVATION
52.80094,-4.639493,2003,5,United Kingdom of Great Britain and Northern Ireland,HUMAN_OBSERVATION
52.80095,-4.666396,2017,7,United Kingdom of Great Britain and Northern Ireland,HUMAN_OBSERVATION
52.80115,-4.475293,1998,8,United Kingdom of Great Britain and Northern Ireland,HUMAN_OBSERVATION
52.80166,-4.478697,2008,7,United Kingdom of Great Britain and Northern Ireland,HUMAN_OBSERVATION
52.80344,-4.473048,2008,4,United Kingdom of Great Britain and Northern Ireland,HUMAN_OBSERVATION
52.80352,-4.457428,2008,6,United Kingdom of Great Britain and Northern Ireland,HUMAN_OBSERVATION
52.803796,-4.458769,1996,7,United Kingdom of Great Britain and Northern Ireland,HUMAN_OBSERVATION
52.80465,-4.626883,2017,7,United Kingdom of Great Britain and Northern Ireland,HUMAN_OBSERVATION
52.80648,-4.452453,2012,5,United Kingdom of Great Britain and Northern Ireland,HUMAN_OBSERVATION
52.80648,-4.452453,2012,5,United Kingdom of Great Britain and Northern Ireland,HUMAN_OBSERVATION
52.80695,-4.452183,2012,5,United Kingdom of Great Britain and Northern Ireland,HUMAN_OBSERVATION
52.80705,-4.451157,2012,5,United Kingdom of Great Britain and Northern Ireland,HUMAN_OBSERVATION
52.80721,-4.4605,1998,8,United Kingdom of Great Britain and Northern Ireland,HUMAN_OBSERVATION
52.80753,-4.454137,1999,7,United Kingdom of Great Britain and Northern Ireland,HUMAN_OBSERVATION
52.80854,-4.453526,2014,8,United Kingdom of Great Britain and Northern Ireland,HUMAN_OBSERVATION
52.80904,-4.455017,2003,8,United Kingdom of Great Britain and Northern Ireland,HUMAN_OBSERVATION
52.8092,-4.451708,2000,6,United Kingdom of Great Britain and Northern Ireland,HUMAN_OBSERVATION
52.81033,-4.421362,2007,8,United Kingdom of Great Britain and Northern Ireland,HUMAN_OBSERVATION
52.81039,-4.451426,2014,8,United Kingdom of Great Britain and Northern Ireland,HUMAN_OBSERVATION
52.8115,-4.477,1998,8,United Kingdom of Great Britain and Northern Ireland,HUMAN_OBSERVATION
52.8125,-4.478,1997,7,United Kingdom of Great Britain and Northern Ireland,HUMAN_OBSERVATION
52.81257,-4.453612,2009,6,United Kingdom of Great Britain and Northern Ireland,HUMAN_OBSERVATION
52.815,-4.428333,1997,10,United Kingdom of Great Britain and Northern Ireland,HUMAN_OBSERVATION
52.81632,-4.441867,2000,8,United Kingdom of Great Britain and Northern Ireland,HUMAN_OBSERVATION
52.81789,-4.489154,2007,9,United Kingdom of Great Britain and Northern Ireland,HUMAN_OBSERVATION
52.8181,-4.436995,2008,7,United Kingdom of Great Britain and Northern Ireland,HUMAN_OBSERVATION
52.81864,-4.482254,2008,4,United Kingdom of Great Britain and Northern Ireland,HUMAN_OBSERVATION
52.81913,-4.768655,2001,7,United Kingdom of Great Britain and Northern Ireland,HUMAN_OBSERVATION
52.819728,-4.501135,2025,2,United Kingdom of Great Britain and Northern Ireland,HUMAN_OBSERVATION
52.82004,-4.482816,2008,4,United Kingdom of Great Britain and Northern Ireland,HUMAN_OBSERVATION
52.82152,-4.74225,2009,8,United Kingdom of Great Britain and Northern Ireland,HUMAN_OBSERVATION
52.82283,-4.778659,2001,7,United Kingdom of Great Britain and Northern Ireland,HUMAN_OBSERVATION
52.82355,-4.470776,1998,8,United Kingdom of Great Britain and Northern Ireland,HUMAN_OBSERVATION
52.82483,-4.445522,2013,6,United Kingdom of Great Britain and Northern Ireland,HUMAN_OBSERVATION
52.82904,-4.452439,2009,6,United Kingdom of Great Britain and Northern Ireland,HUMAN_OBSERVATION
52.83,-4.459667,1997,7,United Kingdom of Great Britain and Northern Ireland,HUMAN_OBSERVATION
52.8304,-4.457059,1998,8,United Kingdom of Great Britain and Northern Ireland,HUMAN_OBSERVATION
52.83044,1.566191,2014,9,United Kingdom of Great Britain and Northern Ireland,HUMAN_OBSERVATION
52.83361,-4.419265,2009,6,United Kingdom of Great Britain and Northern Ireland,HUMAN_OBSERVATION
52.83547,-4.448362,2008,7,United Kingdom of Great Britain and Northern Ireland,HUMAN_OBSERVATION
52.83567,-4.446628,2008,7,United Kingdom of Great Britain and Northern Ireland,HUMAN_OBSERVATION
52.83585,-4.738035,1998,9,United Kingdom of Great Britain and Northern Ireland,HUMAN_OBSERVATION
52.8359,-4.462182,2014,8,United Kingdom of Great Britain and Northern Ireland,HUMAN_OBSERVATION
52.83594,-4.462941,2014,8,United Kingdom of Great Britain and Northern Ireland,HUMAN_OBSERVATION
52.83976,-4.454914,2005,4,United Kingdom of Great Britain and Northern Ireland,HUMAN_OBSERVATION
52.840098,-4.456068,2009,4,United Kingdom of Great Britain and Northern Ireland,HUMAN_OBSERVATION
52.84037,-4.448564,1998,8,United Kingdom of Great Britain and Northern Ireland,HUMAN_OBSERVATION
52.84047,-4.426708,2003,5,United Kingdom of Great Britain and Northern Ireland,HUMAN_OBSERVATION
52.84123,-4.452607,2006,7,United Kingdom of Great Britain and Northern Ireland,HUMAN_OBSERVATION
52.84143,-4.429316,2003,5,United Kingdom of Great Britain and Northern Ireland,HUMAN_OBSERVATION
52.84164,-4.435238,2003,5,United Kingdom of Great Britain and Northern Ireland,HUMAN_OBSERVATION
52.84164,-4.432625,2003,5,United Kingdom of Great Britain and Northern Ireland,HUMAN_OBSERVATION
52.84169,-4.43787,2003,5,United Kingdom of Great Britain and Northern Ireland,HUMAN_OBSERVATION
52.84169,-4.43787,2003,5,United Kingdom of Great Britain and Northern Ireland,HUMAN_OBSERVATION
52.84276,1.535677,2016,9,United Kingdom of Great Britain and Northern Ireland,HUMAN_OBSERVATION
52.84468,-4.428012,2007,8,United Kingdom of Great Britain and Northern Ireland,HUMAN_OBSERVATION
52.84679,-4.358483,2010,8,United Kingdom of Great Britain and Northern Ireland,HUMAN_OBSERVATION
52.85077,-4.731667,2008,9,United Kingdom of Great Britain and Northern Ireland,HUMAN_OBSERVATION
52.8516,-4.730817,2009,8,United Kingdom of Great Britain and Northern Ireland,HUMAN_OBSERVATION
52.8525,-4.4475,1999,8,United Kingdom of Great Britain and Northern Ireland,HUMAN_OBSERVATION
52.8567,-4.433289,1998,8,United Kingdom of Great Britain and Northern Ireland,HUMAN_OBSERVATION
52.85703,-4.741174,2010,6,United Kingdom of Great Britain and Northern Ireland,HUMAN_OBSERVATION
52.85939,-4.742073,2010,6,United Kingdom of Great Britain and Northern Ireland,HUMAN_OBSERVATION
52.86101,-4.734968,2010,6,United Kingdom of Great Britain and Northern Ireland,HUMAN_OBSERVATION
52.86214,-4.322125,2004,6,United Kingdom of Great Britain and Northern Ireland,HUMAN_OBSERVATION
52.86236,-4.319402,2004,6,United Kingdom of Great Britain and Northern Ireland,HUMAN_OBSERVATION
52.863367,-4.358152,2009,4,United Kingdom of Great Britain and Northern Ireland,HUMAN_OBSERVATION
52.865797,-4.460789,2015,9,United Kingdom of Great Britain and Northern Ireland,HUMAN_OBSERVATION
52.86674,-4.357039,2010,6,United Kingdom of Great Britain and Northern Ireland,HUMAN_OBSERVATION
52.86683,-4.356405,2010,6,United Kingdom of Great Britain and Northern Ireland,HUMAN_OBSERVATION
52.86704,-4.385393,2004,6,United Kingdom of Great Britain and Northern Ireland,HUMAN_OBSERVATION
52.86744,-4.286076,2010,6,United Kingdom of Great Britain and Northern Ireland,HUMAN_OBSERVATION
52.86767,-4.416167,1999,8,United Kingdom of Great Britain and Northern Ireland,HUMAN_OBSERVATION
52.86819,-4.415713,2012,5,United Kingdom of Great Britain and Northern Ireland,HUMAN_OBSERVATION
52.86819,-4.415713,2012,5,United Kingdom of Great Britain and Northern Ireland,HUMAN_OBSERVATION
52.86883,-4.357078,2010,6,United Kingdom of Great Britain and Northern Ireland,HUMAN_OBSERVATION
52.86887,-4.290431,2010,6,United Kingdom of Great Britain and Northern Ireland,HUMAN_OBSERVATION
52.8705,-4.699167,1998,7,United Kingdom of Great Britain and Northern Ireland,HUMAN_OBSERVATION
52.87233,-4.695333,1998,7,United Kingdom of Great Britain and Northern Ireland,HUMAN_OBSERVATION
52.87254,-4.35149,2008,5,United Kingdom of Great Britain and Northern Ireland,HUMAN_OBSERVATION
52.872733,-4.719761,1998,7,United Kingdom of Great Britain and Northern Ireland,HUMAN_OBSERVATION
52.87415,-9.44107,2020,9,Ireland,HUMAN_OBSERVATION
52.874795,-4.372132,1995,6,United Kingdom of Great Britain and Northern Ireland,HUMAN_OBSERVATION
52.88029,-4.398786,2017,4,United Kingdom of Great Britain and Northern Ireland,HUMAN_OBSERVATION
52.88326,-4.688588,2007,7,United Kingdom of Great Britain and Northern Ireland,HUMAN_OBSERVATION
52.8855,-4.712667,1998,8,United Kingdom of Great Britain and Northern Ireland,HUMAN_OBSERVATION
52.88562,-4.672016,2010,9,United Kingdom of Great Britain and Northern Ireland,HUMAN_OBSERVATION
52.88626,-4.406251,2014,6,United Kingdom of Great Britain and Northern Ireland,HUMAN_OBSERVATION
52.89103,-4.321424,2004,6,United Kingdom of Great Britain and Northern Ireland,HUMAN_OBSERVATION
52.89266,-4.266438,2012,4,United Kingdom of Great Britain and Northern Ireland,HUMAN_OBSERVATION
52.89576,-4.671896,2006,8,United Kingdom of Great Britain and Northern Ireland,HUMAN_OBSERVATION
52.89576,-4.671896,2006,8,United Kingdom of Great Britain and Northern Ireland,HUMAN_OBSERVATION
52.89825,-4.315282,2009,8,United Kingdom of Great Britain and Northern Ireland,HUMAN_OBSERVATION
52.90059,-4.27805,2012,4,United Kingdom of Great Britain and Northern Ireland,HUMAN_OBSERVATION
52.905673,-4.654899,1977,7,United Kingdom of Great Britain and Northern Ireland,HUMAN_OBSERVATION
52.9062,-4.282702,2012,5,United Kingdom of Great Britain and Northern Ireland,HUMAN_OBSERVATION
52.9062,-4.282702,2012,5,United Kingdom of Great Britain and Northern Ireland,HUMAN_OBSERVATION
52.907431,-4.335992,1996,7,United Kingdom of Great Britain and Northern Ireland,HUMAN_OBSERVATION
52.91015,-4.651606,2008,9,United Kingdom of Great Britain and Northern Ireland,HUMAN_OBSERVATION
52.91903,1.35454,2018,7,United Kingdom of Great Britain and Northern Ireland,HUMAN_OBSERVATION
52.92203,1.342122,2016,7,United Kingdom of Great Britain and Northern Ireland,HUMAN_OBSERVATION
52.9262,-4.617758,2009,5,United Kingdom of Great Britain and Northern Ireland,HUMAN_OBSERVATION
52.92648,-4.618259,2010,5,United Kingdom of Great Britain and Northern Ireland,HUMAN_OBSERVATION
52.92793,-4.696186,2007,7,United Kingdom of Great Britain and Northern Ireland,HUMAN_OBSERVATION
52.928687,-4.671188,1995,7,United Kingdom of Great Britain and Northern Ireland,HUMAN_OBSERVATION
52.9314,-4.61712,2009,5,United Kingdom of Great Britain and Northern Ireland,HUMAN_OBSERVATION
52.93249,-4.622766,2010,5,United Kingdom of Great Britain and Northern Ireland,HUMAN_OBSERVATION
52.93277,-4.620336,2010,5,United Kingdom of Great Britain and Northern Ireland,HUMAN_OBSERVATION
52.93293,-4.618291,2010,5,United Kingdom of Great Britain and Northern Ireland,HUMAN_OBSERVATION
52.93557,1.29843,2016,9,United Kingdom of Great Britain and Northern Ireland,HUMAN_OBSERVATION
52.93562,-4.629855,2009,5,United Kingdom of Great Britain and Northern Ireland,HUMAN_OBSERVATION
52.93703,-4.616092,2007,6,United Kingdom of Great Britain and Northern Ireland,HUMAN_OBSERVATION
52.93718,-4.613487,2010,6,United Kingdom of Great Britain and Northern Ireland,HUMAN_OBSERVATION
52.93819,1.277124,2013,8,United Kingdom of Great Britain and Northern Ireland,HUMAN_OBSERVATION
52.93852,-4.625461,2010,5,United Kingdom of Great Britain and Northern Ireland,HUMAN_OBSERVATION
52.93913,1.276541,2019,7,United Kingdom of Great Britain and Northern Ireland,HUMAN_OBSERVATION
52.93959,-4.620516,2010,5,United Kingdom of Great Britain and Northern Ireland,HUMAN_OBSERVATION
52.9402,-4.677679,2010,6,United Kingdom of Great Britain and Northern Ireland,HUMAN_OBSERVATION
52.94099,1.276376,2018,9,United Kingdom of Great Britain and Northern Ireland,HUMAN_OBSERVATION
52.94205,1.2562,2015,9,United Kingdom of Great Britain and Northern Ireland,HUMAN_OBSERVATION
52.94249,1.252809,2021,11,United Kingdom of Great Britain and Northern Ireland,HUMAN_OBSERVATION
52.94519,-4.644728,2009,5,United Kingdom of Great Britain and Northern Ireland,HUMAN_OBSERVATION
52.94616,1.223675,2015,10,United Kingdom of Great Britain and Northern Ireland,HUMAN_OBSERVATION
52.94682,-4.644202,2009,5,United Kingdom of Great Britain and Northern Ireland,HUMAN_OBSERVATION
52.9469,1.219628,2016,8,United Kingdom of Great Britain and Northern Ireland,HUMAN_OBSERVATION
52.94739,1.211006,2018,8,United Kingdom of Great Britain and Northern Ireland,HUMAN_OBSERVATION
52.94896,-4.648457,2009,5,United Kingdom of Great Britain and Northern Ireland,HUMAN_OBSERVATION
52.94932,-4.600931,2012,6,United Kingdom of Great Britain and Northern Ireland,HUMAN_OBSERVATION
52.94967,1.141276,2016,7,United Kingdom of Great Britain and Northern Ireland,HUMAN_OBSERVATION
52.94993,1.145501,2016,9,United Kingdom of Great Britain and Northern Ireland,HUMAN_OBSERVATION
52.95025,1.166946,2016,8,United Kingdom of Great Britain and Northern Ireland,HUMAN_OBSERVATION
52.95034,1.146655,2018,7,United Kingdom of Great Britain and Northern Ireland,HUMAN_OBSERVATION
52.95039,1.138469,2016,7,United Kingdom of Great Britain and Northern Ireland,HUMAN_OBSERVATION
52.95042,1.141955,2015,10,United Kingdom of Great Britain and Northern Ireland,HUMAN_OBSERVATION
52.95044,1.144667,2017,7,United Kingdom of Great Britain and Northern Ireland,HUMAN_OBSERVATION
52.95049,1.135676,2013,8,United Kingdom of Great Britain and Northern Ireland,HUMAN_OBSERVATION
52.95049,1.135676,2013,8,United Kingdom of Great Britain and Northern Ireland,HUMAN_OBSERVATION
52.9505,1.143815,2016,10,United Kingdom of Great Britain and Northern Ireland,HUMAN_OBSERVATION
52.95066,1.142882,2017,8,United Kingdom of Great Britain and Northern Ireland,HUMAN_OBSERVATION
52.95069,1.14502,2016,8,United Kingdom of Great Britain and Northern Ireland,HUMAN_OBSERVATION
52.95069,1.14502,2016,8,United Kingdom of Great Britain and Northern Ireland,HUMAN_OBSERVATION
52.95083,1.142633,2016,7,United Kingdom of Great Britain and Northern Ireland,HUMAN_OBSERVATION
52.95083,1.142633,2016,7,United Kingdom of Great Britain and Northern Ireland,HUMAN_OBSERVATION
52.95108,1.141445,2016,7,United Kingdom of Great Britain and Northern Ireland,HUMAN_OBSERVATION
52.95109,1.135347,2017,7,United Kingdom of Great Britain and Northern Ireland,HUMAN_OBSERVATION
52.95117,-4.583658,2010,5,United Kingdom of Great Britain and Northern Ireland,HUMAN_OBSERVATION
52.95126,1.135047,2015,9,United Kingdom of Great Britain and Northern Ireland,HUMAN_OBSERVATION
52.95182,-4.595266,2008,5,United Kingdom of Great Britain and Northern Ireland,HUMAN_OBSERVATION
52.95369,-4.608541,2005,9,United Kingdom of Great Britain and Northern Ireland,HUMAN_OBSERVATION
52.95549,-4.606699,2008,5,United Kingdom of Great Britain and Northern Ireland,HUMAN_OBSERVATION
52.95721,1.100374,2017,7,United Kingdom of Great Britain and Northern Ireland,HUMAN_OBSERVATION
52.95741,1.10146,2017,8,United Kingdom of Great Britain and Northern Ireland,HUMAN_OBSERVATION
52.9575,1.09822,2013,8,United Kingdom of Great Britain and Northern Ireland,HUMAN_OBSERVATION
52.9575,1.09822,2013,8,United Kingdom of Great Britain and Northern Ireland,HUMAN_OBSERVATION
52.95769,-4.60395,2007,7,United Kingdom of Great Britain and Northern Ireland,HUMAN_OBSERVATION
52.95787,1.100399,2017,8,United Kingdom of Great Britain and Northern Ireland,HUMAN_OBSERVATION
52.95787,1.100399,2017,8,United Kingdom of Great Britain and Northern Ireland,HUMAN_OBSERVATION
52.9579,1.098353,2017,8,United Kingdom of Great Britain and Northern Ireland,HUMAN_OBSERVATION
52.95848,-4.602448,2008,5,United Kingdom of Great Britain and Northern Ireland,HUMAN_OBSERVATION
52.95917,-4.605089,2010,5,United Kingdom of Great Britain and Northern Ireland,HUMAN_OBSERVATION
52.95933,-4.634666,1997,5,United Kingdom of Great Britain and Northern Ireland,HUMAN_OBSERVATION
52.9602,-4.611703,2009,5,United Kingdom of Great Britain and Northern Ireland,HUMAN_OBSERVATION
52.96182,-4.576683,2010,6,United Kingdom of Great Britain and Northern Ireland,HUMAN_OBSERVATION
52.96292,-4.619702,2009,5,United Kingdom of Great Britain and Northern Ireland,HUMAN_OBSERVATION
52.96341,-4.605969,2009,5,United Kingdom of Great Britain and Northern Ireland,HUMAN_OBSERVATION
52.96449,-4.614055,2008,5,United Kingdom of Great Britain and Northern Ireland,HUMAN_OBSERVATION
52.96523,1.054472,2016,7,United Kingdom of Great Britain and Northern Ireland,HUMAN_OBSERVATION
52.96523,1.054472,2016,7,United Kingdom of Great Britain and Northern Ireland,HUMAN_OBSERVATION
52.96538,1.055346,2007,8,United Kingdom of Great Britain and Northern Ireland,HUMAN_OBSERVATION
52.96549,-4.585331,2010,6,United Kingdom of Great Britain and Northern Ireland,HUMAN_OBSERVATION
52.96565,1.053556,2020,9,United Kingdom of Great Britain and Northern Ireland,HUMAN_OBSERVATION
52.96673,1.053594,2017,7,United Kingdom of Great Britain and Northern Ireland,HUMAN_OBSERVATION
52.96686,1.052323,2016,8,United Kingdom of Great Britain and Northern Ireland,HUMAN_OBSERVATION
52.96695,1.053081,2017,8,United Kingdom of Great Britain and Northern Ireland,HUMAN_OBSERVATION
52.96773,1.053896,2016,8,United Kingdom of Great Britain and Northern Ireland,HUMAN_OBSERVATION
52.96807,1.054025,2016,8,United Kingdom of Great Britain and Northern Ireland,HUMAN_OBSERVATION
52.96986,-4.580476,2010,6,United Kingdom of Great Britain and Northern Ireland,HUMAN_OBSERVATION
52.97223,-4.486656,2009,6,United Kingdom of Great Britain and Northern Ireland,HUMAN_OBSERVATION
52.97274,-4.578025,2010,6,United Kingdom of Great Britain and Northern Ireland,HUMAN_OBSERVATION
52.973709,-4.60768,,,United Kingdom of Great Britain and Northern Ireland,HUMAN_OBSERVATION
52.97945,1.271949,2011,9,United Kingdom of Great Britain and Northern Ireland,HUMAN_OBSERVATION
52.981195,-6.031707,2023,8,Ireland,HUMAN_OBSERVATION
52.98423,-4.497567,2009,6,United Kingdom of Great Britain and Northern Ireland,HUMAN_OBSERVATION
52.98502,-4.500067,2009,6,United Kingdom of Great Britain and Northern Ireland,HUMAN_OBSERVATION
52.99389,-4.452131,2011,5,United Kingdom of Great Britain and Northern Ireland,HUMAN_OBSERVATION
53.005,4.794,2020,11,Netherlands,HUMAN_OBSERVATION
53.027,4.709,2005,9,Netherlands,HUMAN_OBSERVATION
53.042087,-9.538111,1996,4,Ireland,HUMAN_OBSERVATION
53.042087,-9.538111,1996,4,Ireland,HUMAN_OBSERVATION
53.127428,-4.327732,1992,,United Kingdom of Great Britain and Northern Ireland,HUMAN_OBSERVATION
53.150439,-9.006437,2014,3,Ireland,HUMAN_OBSERVATION
53.15049,-9.00712,2014,3,Ireland,HUMAN_OBSERVATION
53.150702,-9.007207,2014,3,Ireland,MATERIAL_SAMPLE
53.150702,-9.007207,2014,3,Ireland,MATERIAL_SAMPLE
53.151177,-9.031319,2006,10,Ireland,HUMAN_OBSERVATION
53.15127,-9.815897,2020,9,Ireland,HUMAN_OBSERVATION
53.1562,-9.073765,2011,11,Ireland,HUMAN_OBSERVATION
53.15622,-9.074082,2015,2,Ireland,HUMAN_OBSERVATION
53.156667,-9.07,2007,9,Ireland,HUMAN_OBSERVATION
53.156929,-9.07077,2007,9,Ireland,MATERIAL_SAMPLE
53.156929,-9.07077,2007,9,Ireland,MATERIAL_SAMPLE
53.157585,-9.076121,2024,11,Ireland,HUMAN_OBSERVATION
53.161,-9.044066,2020,12,Ireland,HUMAN_OBSERVATION
53.162148,-9.048595,1996,4,Ireland,HUMAN_OBSERVATION
53.162148,-9.048595,1996,4,Ireland,HUMAN_OBSERVATION
53.16577,-8.941861,2013,8,Ireland,HUMAN_OBSERVATION
53.167032,-9.067586,2016,,Ireland,HUMAN_OBSERVATION
53.173217,-8.967006,2025,3,Ireland,HUMAN_OBSERVATION
53.18,-8.951667,2007,9,Ireland,HUMAN_OBSERVATION
53.180258,-8.952437,2007,9,Ireland,MATERIAL_SAMPLE
53.180258,-8.952437,2007,9,Ireland,MATERIAL_SAMPLE
53.18564,-4.20896,2014,6,United Kingdom of Great Britain and Northern Ireland,HUMAN_OBSERVATION
53.194217,-4.208999,2010,7,United Kingdom of Great Britain and Northern Ireland,HUMAN_OBSERVATION
53.19548,-4.505313,2010,5,United Kingdom of Great Britain and Northern Ireland,HUMAN_OBSERVATION
53.196839,-8.942636,2016,,Ireland,HUMAN_OBSERVATION
53.2125,-8.970833,2007,9,Ireland,HUMAN_OBSERVATION
53.212754,-8.971603,2007,9,Ireland,MATERIAL_SAMPLE
53.212754,-8.971603,2007,9,Ireland,MATERIAL_SAMPLE
53.213012,-4.194674,2010,7,United Kingdom of Great Britain and Northern Ireland,HUMAN_OBSERVATION
53.214082,-4.190744,2010,7,United Kingdom of Great Britain and Northern Ireland,HUMAN_OBSERVATION
53.22119,-4.162038,2011,3,United Kingdom of Great Britain and Northern Ireland,HUMAN_OBSERVATION
53.22803,-4.551944,1996,8,United Kingdom of Great Britain and Northern Ireland,HUMAN_OBSERVATION
53.229858,-9.756513,2006,8,Ireland,HUMAN_OBSERVATION
53.23627,-4.602692,2004,5,United Kingdom of Great Britain and Northern Ireland,HUMAN_OBSERVATION
53.23684,-4.603131,2004,5,United Kingdom of Great Britain and Northern Ireland,HUMAN_OBSERVATION
53.237039,-8.971975,2006,10,Ireland,HUMAN_OBSERVATION
53.239208,-9.358321,2024,6,Ireland,HUMAN_OBSERVATION
53.23944,-4.580041,2014,6,United Kingdom of Great Britain and Northern Ireland,HUMAN_OBSERVATION
53.23952,-4.579401,2014,6,United Kingdom of Great Britain and Northern Ireland,HUMAN_OBSERVATION
53.24821,-9.628445,2010,5,Ireland,HUMAN_OBSERVATION
53.24846,-4.638336,2017,6,United Kingdom of Great Britain and Northern Ireland,HUMAN_OBSERVATION
53.24846,-4.638336,2017,6,United Kingdom of Great Britain and Northern Ireland,HUMAN_OBSERVATION
53.249181,-4.613168,1996,8,United Kingdom of Great Britain and Northern Ireland,HUMAN_OBSERVATION
53.2497,-4.613238,2010,6,United Kingdom of Great Britain and Northern Ireland,HUMAN_OBSERVATION
53.25486,-4.614828,2006,5,United Kingdom of Great Britain and Northern Ireland,HUMAN_OBSERVATION
53.25486,-4.614828,2006,5,United Kingdom of Great Britain and Northern Ireland,HUMAN_OBSERVATION
53.25699,-10.00536,2016,6,Ireland,HUMAN_OBSERVATION
53.25912,-4.613948,2016,6,United Kingdom of Great Britain and Northern Ireland,HUMAN_OBSERVATION
53.26214,-4.619997,2018,10,United Kingdom of Great Britain and Northern Ireland,HUMAN_OBSERVATION
53.271432,-4.623525,2012,9,United Kingdom of Great Britain and Northern Ireland,HUMAN_OBSERVATION
53.27559,-6.074417,2010,7,Ireland,HUMAN_OBSERVATION
53.281198,-4.588117,2004,5,United Kingdom of Great Britain and Northern Ireland,HUMAN_OBSERVATION
53.2812,-4.668637,2017,6,United Kingdom of Great Britain and Northern Ireland,HUMAN_OBSERVATION
53.28309,-4.648858,2001,4,United Kingdom of Great Britain and Northern Ireland,HUMAN_OBSERVATION
53.28477,-6.103245,2019,7,Ireland,HUMAN_OBSERVATION
53.28573,-6.106204,2010,10,Ireland,HUMAN_OBSERVATION
53.285974,-4.596664,2008,3,United Kingdom of Great Britain and Northern Ireland,MATERIAL_SAMPLE
53.285974,-4.596664,2008,3,United Kingdom of Great Britain and Northern Ireland,MATERIAL_SAMPLE
53.287288,-4.597488,2002,9,United Kingdom of Great Britain and Northern Ireland,HUMAN_OBSERVATION
53.287803,-4.595274,2002,9,United Kingdom of Great Britain and Northern Ireland,MATERIAL_SAMPLE
53.287803,-4.595274,2002,9,United Kingdom of Great Britain and Northern Ireland,MATERIAL_SAMPLE
53.28999,-9.691597,2018,9,Ireland,HUMAN_OBSERVATION
53.29049,-9.691522,2014,8,Ireland,HUMAN_OBSERVATION
53.29079,-9.691471,2014,6,Ireland,HUMAN_OBSERVATION
53.2908,-9.691504,2016,4,Ireland,HUMAN_OBSERVATION
53.29887,-4.687137,2021,9,United Kingdom of Great Britain and Northern Ireland,HUMAN_OBSERVATION
53.29926,-4.688046,2016,6,United Kingdom of Great Britain and Northern Ireland,HUMAN_OBSERVATION
53.30566,-4.698928,2021,9,United Kingdom of Great Britain and Northern Ireland,HUMAN_OBSERVATION
53.31303,-9.662444,2013,4,Ireland,HUMAN_OBSERVATION
53.3153,-4.68075,2021,10,United Kingdom of Great Britain and Northern Ireland,HUMAN_OBSERVATION
53.31683,-4.63473,2013,6,United Kingdom of Great Britain and Northern Ireland,HUMAN_OBSERVATION
53.31689,-4.634853,2009,4,United Kingdom of Great Britain and Northern Ireland,HUMAN_OBSERVATION
53.31689,-4.634853,2009,4,United Kingdom of Great Britain and Northern Ireland,HUMAN_OBSERVATION
53.31689,-4.634853,2009,4,United Kingdom of Great Britain and Northern Ireland,HUMAN_OBSERVATION
53.31689,-4.634853,2009,4,United Kingdom of Great Britain and Northern Ireland,HUMAN_OBSERVATION
53.31689,-4.634718,2011,4,United Kingdom of Great Britain and Northern Ireland,HUMAN_OBSERVATION
53.31689,-4.634718,2011,4,United Kingdom of Great Britain and Northern Ireland,HUMAN_OBSERVATION
53.31689,-4.634718,2011,4,United Kingdom of Great Britain and Northern Ireland,HUMAN_OBSERVATION
53.31691,-4.634855,2015,8,United Kingdom of Great Britain and Northern Ireland,HUMAN_OBSERVATION
53.31693,-4.634796,2012,3,United Kingdom of Great Britain and Northern Ireland,HUMAN_OBSERVATION
53.31693,-4.634796,2012,3,United Kingdom of Great Britain and Northern Ireland,HUMAN_OBSERVATION
53.31697,-4.634723,2019,6,United Kingdom of Great Britain and Northern Ireland,HUMAN_OBSERVATION
53.31699,-4.634815,2008,4,United Kingdom of Great Britain and Northern Ireland,HUMAN_OBSERVATION
53.31705,-4.634743,2018,4,United Kingdom of Great Britain and Northern Ireland,HUMAN_OBSERVATION
53.3172,-4.633539,2007,7,United Kingdom of Great Britain and Northern Ireland,HUMAN_OBSERVATION
53.31739,-4.63583,2019,6,United Kingdom of Great Britain and Northern Ireland,HUMAN_OBSERVATION
53.317466,-4.635433,2010,4,United Kingdom of Great Britain and Northern Ireland,HUMAN_OBSERVATION
53.317926,-4.635387,2014,10,United Kingdom of Great Britain and Northern Ireland,HUMAN_OBSERVATION
53.317926,-4.635387,2009,4,United Kingdom of Great Britain and Northern Ireland,HUMAN_OBSERVATION
53.317926,-4.635387,2006,10,United Kingdom of Great Britain and Northern Ireland,HUMAN_OBSERVATION
53.317926,-4.635387,2003,10,United Kingdom of Great Britain and Northern Ireland,HUMAN_OBSERVATION
53.317959,-4.633887,2011,4,United Kingdom of Great Britain and Northern Ireland,HUMAN_OBSERVATION
53.317959,-4.633887,2003,10,United Kingdom of Great Britain and Northern Ireland,HUMAN_OBSERVATION
53.318025,-4.630888,2011,3,United Kingdom of Great Britain and Northern Ireland,HUMAN_OBSERVATION
53.318857,-4.633942,2012,3,United Kingdom of Great Britain and Northern Ireland,HUMAN_OBSERVATION
53.318857,-4.633942,2012,4,United Kingdom of Great Britain and Northern Ireland,HUMAN_OBSERVATION
53.318857,-4.633942,2011,4,United Kingdom of Great Britain and Northern Ireland,HUMAN_OBSERVATION
53.318857,-4.633942,2009,4,United Kingdom of Great Britain and Northern Ireland,HUMAN_OBSERVATION
53.32017,-4.642309,2014,6,United Kingdom of Great Britain and Northern Ireland,HUMAN_OBSERVATION
53.3211,-4.656138,2021,10,United Kingdom of Great Britain and Northern Ireland,HUMAN_OBSERVATION
53.32131,-4.65462,2021,10,United Kingdom of Great Britain and Northern Ireland,HUMAN_OBSERVATION
53.32131,-4.65462,2021,10,United Kingdom of Great Britain and Northern Ireland,HUMAN_OBSERVATION
53.32141,-4.020283,2016,10,United Kingdom of Great Britain and Northern Ireland,HUMAN_OBSERVATION
53.32158,-4.655763,2021,10,United Kingdom of Great Britain and Northern Ireland,HUMAN_OBSERVATION
53.32158,-4.655763,2021,10,United Kingdom of Great Britain and Northern Ireland,HUMAN_OBSERVATION
53.32174,-4.674652,2018,10,United Kingdom of Great Britain and Northern Ireland,HUMAN_OBSERVATION
53.32302,-4.653449,2017,5,United Kingdom of Great Britain and Northern Ireland,HUMAN_OBSERVATION
53.323983,-9.580272,2016,,Ireland,HUMAN_OBSERVATION
53.324173,-4.677821,1996,8,United Kingdom of Great Britain and Northern Ireland,HUMAN_OBSERVATION
53.33139,-9.634871,2012,5,Ireland,HUMAN_OBSERVATION
53.33211,-9.637138,2014,8,Ireland,HUMAN_OBSERVATION
53.34117,-9.663224,2013,6,Ireland,HUMAN_OBSERVATION
53.34117,-9.663224,2013,10,Ireland,HUMAN_OBSERVATION
53.34124,-9.663193,2021,7,Ireland,HUMAN_OBSERVATION
53.347074,-3.879199,2000,7,United Kingdom of Great Britain and Northern Ireland,HUMAN_OBSERVATION
53.34726,-9.639787,2013,9,Ireland,HUMAN_OBSERVATION
53.36556,-4.566183,2010,4,United Kingdom of Great Britain and Northern Ireland,HUMAN_OBSERVATION
53.38382,-9.8396,1996,10,Ireland,HUMAN_OBSERVATION
53.38382,-9.8396,1996,10,Ireland,HUMAN_OBSERVATION
53.384232,-4.251498,1997,8,United Kingdom of Great Britain and Northern Ireland,HUMAN_OBSERVATION
53.38826,-4.24868,2009,9,United Kingdom of Great Britain and Northern Ireland,HUMAN_OBSERVATION
53.393813,-2.97892,2016,9,United Kingdom of Great Britain and Northern Ireland,HUMAN_OBSERVATION
53.393813,-2.97892,2016,10,United Kingdom of Great Britain and Northern Ireland,HUMAN_OBSERVATION
53.393813,-2.97892,2016,10,United Kingdom of Great Britain and Northern Ireland,HUMAN_OBSERVATION
53.3984,-2.99065,2012,7,United Kingdom of Great Britain and Northern Ireland,HUMAN_OBSERVATION
53.39856,-2.989541,2019,3,United Kingdom of Great Britain and Northern Ireland,HUMAN_OBSERVATION
53.39864,-2.989362,2019,11,United Kingdom of Great Britain and Northern Ireland,HUMAN_OBSERVATION
53.39874,-2.989545,2016,10,United Kingdom of Great Britain and Northern Ireland,HUMAN_OBSERVATION
53.39874,-2.9895,2016,10,United Kingdom of Great Britain and Northern Ireland,HUMAN_OBSERVATION
53.4009,-2.989655,2013,11,United Kingdom of Great Britain and Northern Ireland,HUMAN_OBSERVATION
53.4009,-2.989655,2013,11,United Kingdom of Great Britain and Northern Ireland,HUMAN_OBSERVATION
53.4009,-2.989655,2012,7,United Kingdom of Great Britain and Northern Ireland,HUMAN_OBSERVATION
53.404,-4.274141,2008,8,United Kingdom of Great Britain and Northern Ireland,HUMAN_OBSERVATION
53.404,-4.274141,2008,8,United Kingdom of Great Britain and Northern Ireland,HUMAN_OBSERVATION
53.40543,-4.557876,2011,7,United Kingdom of Great Britain and Northern Ireland,HUMAN_OBSERVATION
53.407,5.285,1951,7,Netherlands,HUMAN_OBSERVATION
53.4079,-6.062996,2010,5,Ireland,HUMAN_OBSERVATION
53.40796,-6.063199,2010,6,Ireland,HUMAN_OBSERVATION
53.40817,-6.062465,2013,9,Ireland,HUMAN_OBSERVATION
53.40967,-4.503126,2012,4,United Kingdom of Great Britain and Northern Ireland,HUMAN_OBSERVATION
53.41,5.33,1990,9,Netherlands,HUMAN_OBSERVATION
53.41559,-4.309466,2003,9,United Kingdom of Great Britain and Northern Ireland,HUMAN_OBSERVATION
53.415749,-4.596511,2003,6,United Kingdom of Great Britain and Northern Ireland,HUMAN_OBSERVATION
53.416237,-9.831868,1996,10,Ireland,HUMAN_OBSERVATION
53.416237,-9.831868,1996,10,Ireland,HUMAN_OBSERVATION
53.42062,-3.001174,2013,11,United Kingdom of Great Britain and Northern Ireland,HUMAN_OBSERVATION
53.421,5.357,1951,9,Netherlands,HUMAN_OBSERVATION
53.42109,-4.607223,2003,6,United Kingdom of Great Britain and Northern Ireland,HUMAN_OBSERVATION
53.4212,-4.605037,2011,7,United Kingdom of Great Britain and Northern Ireland,HUMAN_OBSERVATION
53.42342,-4.606724,2013,7,United Kingdom of Great Britain and Northern Ireland,HUMAN_OBSERVATION
53.42355,-3.001514,2013,11,United Kingdom of Great Britain and Northern Ireland,HUMAN_OBSERVATION
53.42359,-3.00138,2013,11,United Kingdom of Great Britain and Northern Ireland,HUMAN_OBSERVATION
53.42425,-4.481318,2016,10,United Kingdom of Great Britain and Northern Ireland,HUMAN_OBSERVATION
53.42476,-4.60384,2002,6,United Kingdom of Great Britain and Northern Ireland,HUMAN_OBSERVATION
53.425602,-4.604413,1996,7,United Kingdom of Great Britain and Northern Ireland,HUMAN_OBSERVATION
53.42814,-4.47337,2016,10,United Kingdom of Great Britain and Northern Ireland,HUMAN_OBSERVATION
53.429512,-3.009842,2011,4,United Kingdom of Great Britain and Northern Ireland,HUMAN_OBSERVATION
53.43337,-4.509134,2016,10,United Kingdom of Great Britain and Northern Ireland,HUMAN_OBSERVATION
53.4337,-4.510937,2016,10,United Kingdom of Great Britain and Northern Ireland,HUMAN_OBSERVATION
53.460563,-10.053217,1995,6,Ireland,HUMAN_OBSERVATION
53.460563,-10.053217,1995,6,Ireland,HUMAN_OBSERVATION
53.466442,-10.07549,1995,6,Ireland,HUMAN_OBSERVATION
53.466442,-10.07549,1995,6,Ireland,HUMAN_OBSERVATION
53.46838,-10.069057,1998,9,Ireland,HUMAN_OBSERVATION
53.47043,-10.0279,2011,5,Ireland,HUMAN_OBSERVATION
53.47082,-10.0164,2012,8,Ireland,HUMAN_OBSERVATION
53.47245,-10.0179,2011,7,Ireland,HUMAN_OBSERVATION
53.47373,-10.01666,2016,1,Ireland,HUMAN_OBSERVATION
53.47404,-10.01693,2010,7,Ireland,HUMAN_OBSERVATION
53.4743,-10.01667,2019,1,Ireland,HUMAN_OBSERVATION
53.4743,-10.01667,2017,6,Ireland,HUMAN_OBSERVATION
53.47441,-10.01708,2020,1,Ireland,HUMAN_OBSERVATION
53.47477,-10.01724,2017,5,Ireland,HUMAN_OBSERVATION
53.478667,-10.093667,1997,4,Ireland,HUMAN_OBSERVATION
53.478898,-10.094435,1997,4,Ireland,MATERIAL_SAMPLE
53.478898,-10.094435,1997,4,Ireland,MATERIAL_SAMPLE
53.47926,-10.010835,2017,,Ireland,HUMAN_OBSERVATION
53.496,6.161,1992,2,Netherlands,HUMAN_OBSERVATION
53.49849,-6.011257,2010,7,Ireland,HUMAN_OBSERVATION
53.502,6.21,1955,1,Netherlands,HUMAN_OBSERVATION
53.55073,-10.25313,2012,8,Ireland,HUMAN_OBSERVATION
53.55257,-10.22562,2011,4,Ireland,HUMAN_OBSERVATION
53.55257,-10.22562,2010,9,Ireland,HUMAN_OBSERVATION
53.557513,8.578375,2006,6,Germany,HUMAN_OBSERVATION
53.58981,-10.26015,2013,7,Ireland,HUMAN_OBSERVATION
53.59637,-9.705592,2017,10,Ireland,HUMAN_OBSERVATION
53.59862,-9.749662,2017,4,Ireland,HUMAN_OBSERVATION
53.59911,-9.746797,2013,5,Ireland,HUMAN_OBSERVATION
53.59911,-9.746797,2013,6,Ireland,HUMAN_OBSERVATION
53.599773,-9.715929,1977,5,Ireland,HUMAN_OBSERVATION
53.61642,-9.871514,2012,12,Ireland,HUMAN_OBSERVATION
53.61657,-9.871481,2011,2,Ireland,HUMAN_OBSERVATION
53.61817,-9.850918,2012,9,Ireland,HUMAN_OBSERVATION
53.61817,-9.850918,2012,9,Ireland,HUMAN_OBSERVATION
53.61817,-9.850918,2012,9,Ireland,HUMAN_OBSERVATION
53.61955,-9.855468,2012,9,Ireland,HUMAN_OBSERVATION
53.61955,-9.855468,2012,9,Ireland,HUMAN_OBSERVATION
53.61992,-9.855702,2012,9,Ireland,HUMAN_OBSERVATION
53.61992,-9.855702,2012,9,Ireland,HUMAN_OBSERVATION
53.6206,-9.857907,2017,5,Ireland,HUMAN_OBSERVATION
53.62099,-9.859511,2013,6,Ireland,HUMAN_OBSERVATION
53.62106,-9.859236,2015,7,Ireland,HUMAN_OBSERVATION
53.6227,-9.837784,2016,9,Ireland,HUMAN_OBSERVATION
53.62479,-9.855066,2017,10,Ireland,HUMAN_OBSERVATION
53.62497,-9.854752,2012,9,Ireland,HUMAN_OBSERVATION
53.62497,-9.854752,2012,9,Ireland,HUMAN_OBSERVATION
53.625,-10.186667,1997,4,Ireland,HUMAN_OBSERVATION
53.625215,-10.187436,1997,4,Ireland,MATERIAL_SAMPLE
53.625215,-10.187436,1997,4,Ireland,MATERIAL_SAMPLE
53.62812,-9.873403,2009,9,Ireland,HUMAN_OBSERVATION
53.62812,-9.873403,2009,9,Ireland,HUMAN_OBSERVATION
53.62814,-9.871449,2011,2,Ireland,HUMAN_OBSERVATION
53.62814,-9.871449,2011,2,Ireland,HUMAN_OBSERVATION
53.62815,-9.871451,2010,9,Ireland,HUMAN_OBSERVATION
53.62815,-9.871451,2010,9,Ireland,HUMAN_OBSERVATION
53.62974,-9.88875,2010,9,Ireland,HUMAN_OBSERVATION
53.62974,-9.88875,2010,9,Ireland,HUMAN_OBSERVATION
53.63591,-10.19408,2010,9,Ireland,HUMAN_OBSERVATION
53.65309,0.14166,2009,9,United Kingdom of Great Britain and Northern Ireland,HUMAN_OBSERVATION
53.65671,-9.955935,2010,2,Ireland,HUMAN_OBSERVATION
53.66551,-9.959,2010,8,Ireland,HUMAN_OBSERVATION
53.69558,-10.13729,2011,7,Ireland,HUMAN_OBSERVATION
53.71333,-10.08643,2011,8,Ireland,HUMAN_OBSERVATION
53.728252,7.376118,2011,7,Germany,HUMAN_OBSERVATION
53.76123,-9.99901,2010,8,Ireland,HUMAN_OBSERVATION
53.790783,7.901619,2017,8,Germany,HUMAN_OBSERVATION
53.793822,-9.981081,2016,6,Ireland,HUMAN_OBSERVATION
53.79738,-6.222784,2010,8,Ireland,HUMAN_OBSERVATION
53.82814,-9.977042,2011,8,Ireland,HUMAN_OBSERVATION
53.832134,-6.259361,2014,8,Ireland,HUMAN_OBSERVATION
53.923594,-3.094066,1988,8,United Kingdom of Great Britain and Northern Ireland,HUMAN_OBSERVATION
53.949574,-9.790426,2011,5,Ireland,HUMAN_OBSERVATION
53.953344,-3.084178,1988,8,United Kingdom of Great Britain and Northern Ireland,HUMAN_OBSERVATION
53.967041,-3.060143,1988,8,United Kingdom of Great Britain and Northern Ireland,HUMAN_OBSERVATION
53.972724,-3.026746,1988,8,United Kingdom of Great Britain and Northern Ireland,HUMAN_OBSERVATION
54.01578,-6.079767,2012,4,United Kingdom of Great Britain and Northern Ireland,HUMAN_OBSERVATION
54.01801,-6.133848,2019,6,Ireland,HUMAN_OBSERVATION
54.02083,-6.092667,1984,6,United Kingdom of Great Britain and Northern Ireland,HUMAN_OBSERVATION
54.02097,-6.081262,2010,7,United Kingdom of Great Britain and Northern Ireland,HUMAN_OBSERVATION
54.02097,-6.081262,2010,7,United Kingdom of Great Britain and Northern Ireland,HUMAN_OBSERVATION
54.02151,-6.086012,2012,4,United Kingdom of Great Britain and Northern Ireland,HUMAN_OBSERVATION
54.022,-6.093667,1984,6,United Kingdom of Great Britain and Northern Ireland,HUMAN_OBSERVATION
54.02217,-6.108015,2009,6,Ireland,HUMAN_OBSERVATION
54.02383,-6.1075,1984,6,Ireland,HUMAN_OBSERVATION
54.024,-6.092167,1984,6,United Kingdom of Great Britain and Northern Ireland,HUMAN_OBSERVATION
54.026976,-3.186849,1988,8,United Kingdom of Great Britain and Northern Ireland,HUMAN_OBSERVATION
54.02729,-6.089482,2018,10,United Kingdom of Great Britain and Northern Ireland,HUMAN_OBSERVATION
54.02729,-6.089482,2018,10,United Kingdom of Great Britain and Northern Ireland,HUMAN_OBSERVATION
54.02746,-6.090477,2017,9,United Kingdom of Great Britain and Northern Ireland,HUMAN_OBSERVATION
54.02818,-6.095682,2011,4,United Kingdom of Great Britain and Northern Ireland,HUMAN_OBSERVATION
54.02818,-6.095682,2010,8,United Kingdom of Great Britain and Northern Ireland,HUMAN_OBSERVATION
54.03015,-6.121011,2008,6,Ireland,HUMAN_OBSERVATION
54.03015,-6.121011,2008,6,Ireland,HUMAN_OBSERVATION
54.03083,-5.9765,1985,6,United Kingdom of Great Britain and Northern Ireland,HUMAN_OBSERVATION
54.031,-6.107666,1984,6,United Kingdom of Great Britain and Northern Ireland,HUMAN_OBSERVATION
54.03133,-6.124166,1984,6,Ireland,HUMAN_OBSERVATION
54.03183,-6.107,1984,6,United Kingdom of Great Britain and Northern Ireland,HUMAN_OBSERVATION
54.03217,-6.128667,1984,6,Ireland,HUMAN_OBSERVATION
54.03231,-6.129371,2018,10,Ireland,HUMAN_OBSERVATION
54.03231,-6.129371,2018,10,Ireland,HUMAN_OBSERVATION
54.03232,-6.129387,2018,10,Ireland,HUMAN_OBSERVATION
54.03232,-6.129387,2018,10,Ireland,HUMAN_OBSERVATION
54.03324,-6.129401,2012,4,Ireland,HUMAN_OBSERVATION
54.036,-6.102667,1985,5,United Kingdom of Great Britain and Northern Ireland,HUMAN_OBSERVATION
54.03624,-5.947292,2010,4,United Kingdom of Great Britain and Northern Ireland,HUMAN_OBSERVATION
54.03624,-5.947292,2010,5,United Kingdom of Great Britain and Northern Ireland,HUMAN_OBSERVATION
54.03624,-5.947292,2010,5,United Kingdom of Great Britain and Northern Ireland,HUMAN_OBSERVATION
54.03624,-5.947292,2010,5,United Kingdom of Great Britain and Northern Ireland,HUMAN_OBSERVATION
54.03624,-5.947292,2010,9,United Kingdom of Great Britain and Northern Ireland,HUMAN_OBSERVATION
54.03751,-6.084007,2012,4,United Kingdom of Great Britain and Northern Ireland,HUMAN_OBSERVATION
54.03765,-6.099456,2012,4,United Kingdom of Great Britain and Northern Ireland,HUMAN_OBSERVATION
54.03885,-6.101637,2012,4,United Kingdom of Great Britain and Northern Ireland,HUMAN_OBSERVATION
54.03885,-6.101637,2012,4,United Kingdom of Great Britain and Northern Ireland,HUMAN_OBSERVATION
54.03906,-6.101628,2011,4,United Kingdom of Great Britain and Northern Ireland,HUMAN_OBSERVATION
54.03984,-6.109179,2013,6,United Kingdom of Great Britain and Northern Ireland,HUMAN_OBSERVATION
54.03984,-6.109179,2013,6,United Kingdom of Great Britain and Northern Ireland,HUMAN_OBSERVATION
54.04,-6.133167,1984,6,Ireland,HUMAN_OBSERVATION
54.041,-6.141333,1985,5,Ireland,HUMAN_OBSERVATION
54.04133,-6.146833,1984,6,Ireland,HUMAN_OBSERVATION
54.04164,-6.132024,2012,7,Ireland,HUMAN_OBSERVATION
54.04167,-6.133,1983,7,Ireland,HUMAN_OBSERVATION
54.04325,-6.134782,2007,5,Ireland,HUMAN_OBSERVATION
54.04333,-6.134167,1985,5,Ireland,HUMAN_OBSERVATION
54.04362,-4.810398,2009,6,Isle of Man,HUMAN_OBSERVATION
54.04533,-6.125834,1984,6,United Kingdom of Great Britain and Northern Ireland,HUMAN_OBSERVATION
54.045665,-4.817219,2011,9,Isle of Man,HUMAN_OBSERVATION
54.04567,-6.143167,1984,6,Ireland,HUMAN_OBSERVATION
54.049,-6.158167,1984,6,Ireland,HUMAN_OBSERVATION
54.04949,-4.805124,2017,6,Isle of Man,HUMAN_OBSERVATION
54.05033,-6.150333,1984,6,United Kingdom of Great Britain and Northern Ireland,HUMAN_OBSERVATION
54.0515,-6.147833,1983,7,United Kingdom of Great Britain and Northern Ireland,HUMAN_OBSERVATION
54.053,-6.145667,1984,6,United Kingdom of Great Britain and Northern Ireland,HUMAN_OBSERVATION
54.053274,-3.163157,1988,8,United Kingdom of Great Britain and Northern Ireland,HUMAN_OBSERVATION
54.053274,-3.163157,1988,8,United Kingdom of Great Britain and Northern Ireland,HUMAN_OBSERVATION
54.05633,-6.167333,1984,6,United Kingdom of Great Britain and Northern Ireland,HUMAN_OBSERVATION
54.0564,-6.167802,2007,5,United Kingdom of Great Britain and Northern Ireland,HUMAN_OBSERVATION
54.0582,-6.166301,2007,5,United Kingdom of Great Britain and Northern Ireland,HUMAN_OBSERVATION
54.05883,-6.168334,1984,6,United Kingdom of Great Britain and Northern Ireland,HUMAN_OBSERVATION
54.05888,-6.167378,2012,7,United Kingdom of Great Britain and Northern Ireland,HUMAN_OBSERVATION
54.06001,-2.902093,1997,11,United Kingdom of Great Britain and Northern Ireland,HUMAN_OBSERVATION
54.06034,-4.755768,2015,6,Isle of Man,HUMAN_OBSERVATION
54.06183,-6.183,1983,7,Ireland,HUMAN_OBSERVATION
54.06218,-6.182574,2007,5,United Kingdom of Great Britain and Northern Ireland,HUMAN_OBSERVATION
54.06233,-6.1815,1983,7,United Kingdom of Great Britain and Northern Ireland,HUMAN_OBSERVATION
54.0625,-6.1825,1983,7,United Kingdom of Great Britain and Northern Ireland,HUMAN_OBSERVATION
54.06254,-4.751114,2016,9,Isle of Man,HUMAN_OBSERVATION
54.06283,-6.181334,1983,7,United Kingdom of Great Britain and Northern Ireland,HUMAN_OBSERVATION
54.06333,-6.188334,1984,6,Ireland,HUMAN_OBSERVATION
54.06417,-6.181,1983,7,United Kingdom of Great Britain and Northern Ireland,HUMAN_OBSERVATION
54.06617,-6.1925,1984,6,Ireland,HUMAN_OBSERVATION
54.067651,-3.163559,1988,8,United Kingdom of Great Britain and Northern Ireland,HUMAN_OBSERVATION
54.06826,-6.191896,2018,10,United Kingdom of Great Britain and Northern Ireland,HUMAN_OBSERVATION
54.071,-6.197667,1984,6,United Kingdom of Great Britain and Northern Ireland,HUMAN_OBSERVATION
54.07155,-6.192327,2010,5,United Kingdom of Great Britain and Northern Ireland,HUMAN_OBSERVATION
54.07155,-6.192327,2010,5,United Kingdom of Great Britain and Northern Ireland,HUMAN_OBSERVATION
54.07155,-6.192327,2010,5,United Kingdom of Great Britain and Northern Ireland,HUMAN_OBSERVATION
54.07155,-6.192327,2010,5,United Kingdom of Great Britain and Northern Ireland,HUMAN_OBSERVATION
54.07155,-6.192327,2002,4,United Kingdom of Great Britain and Northern Ireland,HUMAN_OBSERVATION
54.07155,-6.192327,2002,4,United Kingdom of Great Britain and Northern Ireland,HUMAN_OBSERVATION
54.07155,-6.192327,2001,4,United Kingdom of Great Britain and Northern Ireland,HUMAN_OBSERVATION
54.07155,-6.192327,2001,4,United Kingdom of Great Britain and Northern Ireland,HUMAN_OBSERVATION
54.07155,-6.192327,2001,4,United Kingdom of Great Britain and Northern Ireland,HUMAN_OBSERVATION
54.07155,-6.192327,2001,4,United Kingdom of Great Britain and Northern Ireland,HUMAN_OBSERVATION
54.07155,-6.192327,2001,4,United Kingdom of Great Britain and Northern Ireland,HUMAN_OBSERVATION
54.07155,-6.192327,2001,4,United Kingdom of Great Britain and Northern Ireland,HUMAN_OBSERVATION
54.07155,-6.192327,2000,4,United Kingdom of Great Britain and Northern Ireland,HUMAN_OBSERVATION
54.07155,-6.192327,2000,4,United Kingdom of Great Britain and Northern Ireland,HUMAN_OBSERVATION
54.07155,-6.192327,2000,4,United Kingdom of Great Britain and Northern Ireland,HUMAN_OBSERVATION
54.07155,-6.192327,2000,4,United Kingdom of Great Britain and Northern Ireland,HUMAN_OBSERVATION
54.07155,-6.192327,1999,5,United Kingdom of Great Britain and Northern Ireland,HUMAN_OBSERVATION
54.07155,-6.192327,1999,5,United Kingdom of Great Britain and Northern Ireland,HUMAN_OBSERVATION
54.07225,-4.60766,2012,3,Isle of Man,HUMAN_OBSERVATION
54.073,-4.60867,2014,7,Isle of Man,HUMAN_OBSERVATION
54.07318,-6.182687,2013,6,United Kingdom of Great Britain and Northern Ireland,HUMAN_OBSERVATION
54.07335,-6.18535,2009,5,United Kingdom of Great Britain and Northern Ireland,HUMAN_OBSERVATION
54.07335,-5.916387,2009,6,United Kingdom of Great Britain and Northern Ireland,HUMAN_OBSERVATION
54.07335,-5.916387,2009,6,United Kingdom of Great Britain and Northern Ireland,HUMAN_OBSERVATION
54.07335,-5.916387,2009,6,United Kingdom of Great Britain and Northern Ireland,HUMAN_OBSERVATION
54.07335,-5.916387,2009,6,United Kingdom of Great Britain and Northern Ireland,HUMAN_OBSERVATION
54.07351,-6.181191,2017,6,United Kingdom of Great Britain and Northern Ireland,HUMAN_OBSERVATION
54.074961,-4.794742,1939,2,Isle of Man,HUMAN_OBSERVATION
54.07543,-4.781997,2014,8,Isle of Man,HUMAN_OBSERVATION
54.07585,-6.183353,2011,10,United Kingdom of Great Britain and Northern Ireland,HUMAN_OBSERVATION
54.07608,-4.780726,2015,6,Isle of Man,HUMAN_OBSERVATION
54.07652,-6.200019,2012,7,United Kingdom of Great Britain and Northern Ireland,HUMAN_OBSERVATION
54.08117,-6.215167,1984,6,United Kingdom of Great Britain and Northern Ireland,HUMAN_OBSERVATION
54.0812,-6.215563,2007,5,United Kingdom of Great Britain and Northern Ireland,HUMAN_OBSERVATION
54.08235,-4.773598,2021,5,Isle of Man,HUMAN_OBSERVATION
54.082666,-6.187763,1985,6,United Kingdom of Great Britain and Northern Ireland,HUMAN_OBSERVATION
54.082666,-6.187763,1985,6,United Kingdom of Great Britain and Northern Ireland,HUMAN_OBSERVATION
54.08367,-6.201334,1984,6,United Kingdom of Great Britain and Northern Ireland,HUMAN_OBSERVATION
54.08526,-4.765511,2020,7,Isle of Man,HUMAN_OBSERVATION
54.089317,-4.776591,2022,11,Isle of Man,HUMAN_OBSERVATION
54.090186,-4.797296,1939,5,Isle of Man,HUMAN_OBSERVATION
54.09652,-6.209527,2009,5,United Kingdom of Great Britain and Northern Ireland,HUMAN_OBSERVATION
54.09984,-4.529824,2008,7,Isle of Man,HUMAN_OBSERVATION
54.09984,-4.529824,2008,7,Isle of Man,HUMAN_OBSERVATION
54.10019,-6.254029,2012,9,United Kingdom of Great Britain and Northern Ireland,HUMAN_OBSERVATION
54.11106,-6.282735,2008,6,Ireland,HUMAN_OBSERVATION
54.11106,-6.282735,2008,6,Ireland,HUMAN_OBSERVATION
54.11106,-6.282735,2008,6,Ireland,HUMAN_OBSERVATION
54.11106,-6.282735,2008,6,Ireland,HUMAN_OBSERVATION
54.11293,-4.525747,2009,7,Isle of Man,HUMAN_OBSERVATION
54.11523,-4.524487,2009,7,Isle of Man,HUMAN_OBSERVATION
54.11751,-4.782429,2018,9,Isle of Man,HUMAN_OBSERVATION
54.11799,-4.491473,2009,4,Isle of Man,HUMAN_OBSERVATION
54.11823,-0.027093,1993,7,United Kingdom of Great Britain and Northern Ireland,HUMAN_OBSERVATION
54.12251,-4.527149,2011,8,Isle of Man,HUMAN_OBSERVATION
54.12299,-4.743746,2017,6,Isle of Man,HUMAN_OBSERVATION
54.12442,-4.440136,2011,7,Isle of Man,HUMAN_OBSERVATION
54.12443,-10.05115,2018,9,Ireland,HUMAN_OBSERVATION
54.125465,8.855971,2016,10,Germany,HUMAN_OBSERVATION
54.125676,-10.065067,2018,9,Ireland,HUMAN_OBSERVATION
54.125831,-10.065836,2018,9,Ireland,MATERIAL_SAMPLE
54.125831,-10.065836,2018,9,Ireland,MATERIAL_SAMPLE
54.13196,-4.47048,2008,7,Isle of Man,HUMAN_OBSERVATION
54.139461,-0.061295,1993,7,United Kingdom of Great Britain and Northern Ireland,HUMAN_OBSERVATION
54.142023,-10.054598,1994,8,Ireland,HUMAN_OBSERVATION
54.142023,-10.054598,1994,8,Ireland,HUMAN_OBSERVATION
54.15577,-5.828515,2016,5,United Kingdom of Great Britain and Northern Ireland,HUMAN_OBSERVATION
54.156142,-10.057818,1994,8,Ireland,HUMAN_OBSERVATION
54.156142,-10.057818,1994,8,Ireland,HUMAN_OBSERVATION
54.156736,7.887592,2006,6,Germany,HUMAN_OBSERVATION
54.16585,-10.02832,2018,9,Ireland,HUMAN_OBSERVATION
54.17643,-4.402032,2011,11,Isle of Man,HUMAN_OBSERVATION
54.17797,-10.02549,2018,9,Ireland,HUMAN_OBSERVATION
54.179642,-9.988326,1994,8,Ireland,HUMAN_OBSERVATION
54.179642,-9.988326,1994,8,Ireland,HUMAN_OBSERVATION
54.185842,-9.989991,1994,8,Ireland,HUMAN_OBSERVATION
54.185842,-9.989991,1994,8,Ireland,HUMAN_OBSERVATION
54.1865,7.8763,2011,7,Germany,MATERIAL_SAMPLE
54.1865,7.8763,2011,7,Germany,MATERIAL_SAMPLE
54.1865,7.8763,2011,7,Germany,MATERIAL_SAMPLE
54.1865,7.8763,2011,7,Germany,MATERIAL_SAMPLE
54.1865,7.8763,2011,7,Germany,MATERIAL_SAMPLE
54.191516,-10.036402,2018,9,Ireland,HUMAN_OBSERVATION
54.191663,-10.037171,2018,9,Ireland,MATERIAL_SAMPLE
54.191663,-10.037171,2018,9,Ireland,MATERIAL_SAMPLE
54.19418,-5.834416,2007,5,United Kingdom of Great Britain and Northern Ireland,HUMAN_OBSERVATION
54.20498,-4.400775,2015,4,Isle of Man,HUMAN_OBSERVATION
54.21058,-5.719636,2007,5,United Kingdom of Great Britain and Northern Ireland,HUMAN_OBSERVATION
54.22367,-5.7515,1984,8,United Kingdom of Great Britain and Northern Ireland,HUMAN_OBSERVATION
54.23032,-5.648829,2017,7,United Kingdom of Great Britain and Northern Ireland,HUMAN_OBSERVATION
54.25083,-5.605,1982,9,United Kingdom of Great Britain and Northern Ireland,HUMAN_OBSERVATION
54.2533,-5.603504,2014,8,United Kingdom of Great Britain and Northern Ireland,HUMAN_OBSERVATION
54.2543,-5.601057,2021,8,United Kingdom of Great Britain and Northern Ireland,HUMAN_OBSERVATION
54.2543,-5.601057,2021,8,United Kingdom of Great Britain and Northern Ireland,HUMAN_OBSERVATION
54.2543,-5.601057,2021,8,United Kingdom of Great Britain and Northern Ireland,HUMAN_OBSERVATION
54.2543,-5.601057,2021,8,United Kingdom of Great Britain and Northern Ireland,HUMAN_OBSERVATION
54.256004,-10.077328,2018,9,Ireland,MATERIAL_SAMPLE
54.256004,-10.077328,2018,9,Ireland,MATERIAL_SAMPLE
54.25792,-5.599928,2019,6,United Kingdom of Great Britain and Northern Ireland,HUMAN_OBSERVATION
54.25915,-9.132368,2010,8,Ireland,HUMAN_OBSERVATION
54.26154,-5.603793,2014,8,United Kingdom of Great Britain and Northern Ireland,HUMAN_OBSERVATION
54.26154,-5.603793,2012,9,United Kingdom of Great Britain and Northern Ireland,HUMAN_OBSERVATION
54.27117,-9.957497,2018,9,Ireland,MATERIAL_SAMPLE
54.27117,-9.957497,2018,9,Ireland,MATERIAL_SAMPLE
54.27141,-9.95685,2018,9,Ireland,HUMAN_OBSERVATION
54.274231,-8.740124,1996,7,Ireland,HUMAN_OBSERVATION
54.274231,-8.740124,1996,7,Ireland,HUMAN_OBSERVATION
54.28667,-5.558333,1982,9,United Kingdom of Great Britain and Northern Ireland,HUMAN_OBSERVATION
54.29023,-5.544713,2021,8,United Kingdom of Great Britain and Northern Ireland,HUMAN_OBSERVATION
54.29036,-5.54471,2021,8,United Kingdom of Great Britain and Northern Ireland,HUMAN_OBSERVATION
54.306976,8.630302,2017,3,Germany,HUMAN_OBSERVATION
54.3121,-4.339783,2015,6,Isle of Man,HUMAN_OBSERVATION
54.36114,-5.532562,2020,10,United Kingdom of Great Britain and Northern Ireland,HUMAN_OBSERVATION
54.36114,-5.532562,2020,10,United Kingdom of Great Britain and Northern Ireland,HUMAN_OBSERVATION
54.36126,-5.532382,1986,5,United Kingdom of Great Britain and Northern Ireland,HUMAN_OBSERVATION
54.36396,-5.492341,2017,4,United Kingdom of Great Britain and Northern Ireland,HUMAN_OBSERVATION
54.371684,-3.470784,1989,4,United Kingdom of Great Britain and Northern Ireland,HUMAN_OBSERVATION
54.37708,-5.568917,2013,8,United Kingdom of Great Britain and Northern Ireland,HUMAN_OBSERVATION
54.37872,-5.546781,2011,8,United Kingdom of Great Britain and Northern Ireland,HUMAN_OBSERVATION
54.37917,-5.648334,1982,6,United Kingdom of Great Britain and Northern Ireland,HUMAN_OBSERVATION
54.3795,-5.568167,1983,8,United Kingdom of Great Britain and Northern Ireland,HUMAN_OBSERVATION
54.37988,-5.545941,2011,8,United Kingdom of Great Britain and Northern Ireland,HUMAN_OBSERVATION
54.38005,-5.545786,2012,9,United Kingdom of Great Britain and Northern Ireland,HUMAN_OBSERVATION
54.38322,-5.557277,2003,10,United Kingdom of Great Britain and Northern Ireland,HUMAN_OBSERVATION
54.38323,-5.557267,2003,10,United Kingdom of Great Britain and Northern Ireland,HUMAN_OBSERVATION
54.38425,-5.572313,2013,8,United Kingdom of Great Britain and Northern Ireland,HUMAN_OBSERVATION
54.38452,-5.582398,2015,5,United Kingdom of Great Britain and Northern Ireland,HUMAN_OBSERVATION
54.38468,-5.594895,2017,4,United Kingdom of Great Britain and Northern Ireland,HUMAN_OBSERVATION
54.38678,-5.560737,2019,6,United Kingdom of Great Britain and Northern Ireland,HUMAN_OBSERVATION
54.3869,-5.640277,2005,5,United Kingdom of Great Britain and Northern Ireland,HUMAN_OBSERVATION
54.38717,-5.641333,1980,6,United Kingdom of Great Britain and Northern Ireland,HUMAN_OBSERVATION
54.38766,-5.596833,1976,6,United Kingdom of Great Britain and Northern Ireland,HUMAN_OBSERVATION
54.38783,-5.600167,1976,6,United Kingdom of Great Britain and Northern Ireland,HUMAN_OBSERVATION
54.38783,-5.5975,1982,6,United Kingdom of Great Britain and Northern Ireland,HUMAN_OBSERVATION
54.38797,-5.559122,2021,5,United Kingdom of Great Britain and Northern Ireland,HUMAN_OBSERVATION
54.38827,-5.622115,2013,8,United Kingdom of Great Britain and Northern Ireland,HUMAN_OBSERVATION
54.38827,-5.622115,2013,8,United Kingdom of Great Britain and Northern Ireland,HUMAN_OBSERVATION
54.38827,-5.622115,2013,8,United Kingdom of Great Britain and Northern Ireland,HUMAN_OBSERVATION
54.38867,-5.603333,1976,6,United Kingdom of Great Britain and Northern Ireland,HUMAN_OBSERVATION
54.38872,-5.569281,2013,8,United Kingdom of Great Britain and Northern Ireland,HUMAN_OBSERVATION
54.38872,-5.569281,2013,8,United Kingdom of Great Britain and Northern Ireland,HUMAN_OBSERVATION
54.38889,-5.563192,2019,6,United Kingdom of Great Britain and Northern Ireland,HUMAN_OBSERVATION
54.3889,-5.596727,2015,5,United Kingdom of Great Britain and Northern Ireland,HUMAN_OBSERVATION
54.38902,-5.571295,2015,5,United Kingdom of Great Britain and Northern Ireland,HUMAN_OBSERVATION
54.38905,-5.561943,2003,10,United Kingdom of Great Britain and Northern Ireland,HUMAN_OBSERVATION
54.38917,-5.572333,1984,8,United Kingdom of Great Britain and Northern Ireland,HUMAN_OBSERVATION
54.38918,-5.572665,2021,10,United Kingdom of Great Britain and Northern Ireland,HUMAN_OBSERVATION
54.3892,-5.572328,2015,5,United Kingdom of Great Britain and Northern Ireland,HUMAN_OBSERVATION
54.38922,-5.572083,2007,9,United Kingdom of Great Britain and Northern Ireland,HUMAN_OBSERVATION
54.389302,-5.573286,2021,5,United Kingdom of Great Britain and Northern Ireland,HUMAN_OBSERVATION
54.389302,-5.573286,2021,5,United Kingdom of Great Britain and Northern Ireland,HUMAN_OBSERVATION
54.3894,-5.572206,2012,8,United Kingdom of Great Britain and Northern Ireland,HUMAN_OBSERVATION
54.38963,-5.618336,2021,10,United Kingdom of Great Britain and Northern Ireland,HUMAN_OBSERVATION
54.38963,-5.618336,2021,10,United Kingdom of Great Britain and Northern Ireland,HUMAN_OBSERVATION
54.38963,-5.618336,2021,10,United Kingdom of Great Britain and Northern Ireland,HUMAN_OBSERVATION
54.38967,-5.64,1976,6,United Kingdom of Great Britain and Northern Ireland,HUMAN_OBSERVATION
54.389739,-5.563007,2003,10,United Kingdom of Great Britain and Northern Ireland,HUMAN_OBSERVATION
54.38975,-5.578293,2015,5,United Kingdom of Great Britain and Northern Ireland,HUMAN_OBSERVATION
54.38976,-5.565094,2019,6,United Kingdom of Great Britain and Northern Ireland,HUMAN_OBSERVATION
54.38976,-5.565094,2019,6,United Kingdom of Great Britain and Northern Ireland,HUMAN_OBSERVATION
54.39007,-5.570269,2003,10,United Kingdom of Great Britain and Northern Ireland,HUMAN_OBSERVATION
54.39024,-5.562434,2003,10,United Kingdom of Great Britain and Northern Ireland,HUMAN_OBSERVATION
54.39024,-5.562434,2003,10,United Kingdom of Great Britain and Northern Ireland,HUMAN_OBSERVATION
54.390606,-5.561416,1986,4,United Kingdom of Great Britain and Northern Ireland,HUMAN_OBSERVATION
54.39067,-5.574751,2016,4,United Kingdom of Great Britain and Northern Ireland,HUMAN_OBSERVATION
54.39072,-5.57229,2015,5,United Kingdom of Great Britain and Northern Ireland,HUMAN_OBSERVATION
54.39072,-5.57229,2015,5,United Kingdom of Great Britain and Northern Ireland,HUMAN_OBSERVATION
54.39072,-5.57229,2015,5,United Kingdom of Great Britain and Northern Ireland,HUMAN_OBSERVATION
54.39083,-5.5825,1982,6,United Kingdom of Great Britain and Northern Ireland,HUMAN_OBSERVATION
54.39107,-5.573936,2006,4,United Kingdom of Great Britain and Northern Ireland,HUMAN_OBSERVATION
54.39107,-5.573936,2006,4,United Kingdom of Great Britain and Northern Ireland,HUMAN_OBSERVATION
54.39116,-5.574749,2017,4,United Kingdom of Great Britain and Northern Ireland,HUMAN_OBSERVATION
54.39117,-5.573778,2021,8,United Kingdom of Great Britain and Northern Ireland,HUMAN_OBSERVATION
54.39117,-5.573778,2019,6,United Kingdom of Great Britain and Northern Ireland,HUMAN_OBSERVATION
54.39118,-5.573825,2021,4,United Kingdom of Great Britain and Northern Ireland,HUMAN_OBSERVATION
54.39118,-5.573825,2021,4,United Kingdom of Great Britain and Northern Ireland,HUMAN_OBSERVATION
54.39132,-5.574022,2012,9,United Kingdom of Great Britain and Northern Ireland,HUMAN_OBSERVATION
54.39132,-5.573868,2017,5,United Kingdom of Great Britain and Northern Ireland,HUMAN_OBSERVATION
54.39132,-5.573868,2017,6,United Kingdom of Great Britain and Northern Ireland,HUMAN_OBSERVATION
54.391321,-5.574794,2025,3,United Kingdom of Great Britain and Northern Ireland,HUMAN_OBSERVATION
54.391321,-5.574794,2024,9,United Kingdom of Great Britain and Northern Ireland,HUMAN_OBSERVATION
54.39134,-5.573746,2020,1,United Kingdom of Great Britain and Northern Ireland,HUMAN_OBSERVATION
54.39134,-5.573746,2020,6,United Kingdom of Great Britain and Northern Ireland,HUMAN_OBSERVATION
54.39134,-5.573746,2019,11,United Kingdom of Great Britain and Northern Ireland,HUMAN_OBSERVATION
54.39135,-5.574164,2016,4,United Kingdom of Great Britain and Northern Ireland,HUMAN_OBSERVATION
54.39135,-5.574164,2016,10,United Kingdom of Great Britain and Northern Ireland,HUMAN_OBSERVATION
54.39135,-5.573762,2020,7,United Kingdom of Great Britain and Northern Ireland,HUMAN_OBSERVATION
54.39135,-5.573762,2020,7,United Kingdom of Great Britain and Northern Ireland,HUMAN_OBSERVATION
54.39135,-5.573762,2020,12,United Kingdom of Great Britain and Northern Ireland,HUMAN_OBSERVATION
54.39137,-5.574134,2021,8,United Kingdom of Great Britain and Northern Ireland,HUMAN_OBSERVATION
54.39137,-5.574134,2021,8,United Kingdom of Great Britain and Northern Ireland,HUMAN_OBSERVATION
54.39137,-5.574134,2021,8,United Kingdom of Great Britain and Northern Ireland,HUMAN_OBSERVATION
54.39137,-5.574134,2021,9,United Kingdom of Great Britain and Northern Ireland,HUMAN_OBSERVATION
54.39137,-5.574134,2021,9,United Kingdom of Great Britain and Northern Ireland,HUMAN_OBSERVATION
54.39137,-5.574134,2021,11,United Kingdom of Great Britain and Northern Ireland,HUMAN_OBSERVATION
54.39137,-5.574134,2021,11,United Kingdom of Great Britain and Northern Ireland,HUMAN_OBSERVATION
54.39137,-5.574134,2021,12,United Kingdom of Great Britain and Northern Ireland,HUMAN_OBSERVATION
54.39138,-5.573843,2019,5,United Kingdom of Great Britain and Northern Ireland,HUMAN_OBSERVATION
54.39138,-5.573843,2019,5,United Kingdom of Great Britain and Northern Ireland,HUMAN_OBSERVATION
54.39138,-5.573843,2019,6,United Kingdom of Great Britain and Northern Ireland,HUMAN_OBSERVATION
54.39138,-5.573843,2019,6,United Kingdom of Great Britain and Northern Ireland,HUMAN_OBSERVATION
54.39138,-5.573843,2018,11,United Kingdom of Great Britain and Northern Ireland,HUMAN_OBSERVATION
54.39138,-5.573843,2018,11,United Kingdom of Great Britain and Northern Ireland,HUMAN_OBSERVATION
54.39139,-5.574167,2019,7,United Kingdom of Great Britain and Northern Ireland,HUMAN_OBSERVATION
54.39139,-5.574167,2018,2,United Kingdom of Great Britain and Northern Ireland,HUMAN_OBSERVATION
54.39148,-5.573759,2015,5,United Kingdom of Great Britain and Northern Ireland,HUMAN_OBSERVATION
54.39167,-5.636667,1976,6,United Kingdom of Great Britain and Northern Ireland,HUMAN_OBSERVATION
54.39198,-5.573617,2013,1,United Kingdom of Great Britain and Northern Ireland,HUMAN_OBSERVATION
54.39198,-5.573617,2012,8,United Kingdom of Great Britain and Northern Ireland,HUMAN_OBSERVATION
54.39198,-5.573617,2012,8,United Kingdom of Great Britain and Northern Ireland,HUMAN_OBSERVATION
54.392,-5.6345,1976,6,United Kingdom of Great Britain and Northern Ireland,HUMAN_OBSERVATION
54.39272,-5.644794,2011,8,United Kingdom of Great Britain and Northern Ireland,HUMAN_OBSERVATION
54.39322,-5.57428,2005,4,United Kingdom of Great Britain and Northern Ireland,HUMAN_OBSERVATION
54.39367,-5.636667,1983,8,United Kingdom of Great Britain and Northern Ireland,HUMAN_OBSERVATION
54.39389,-5.577282,2015,4,United Kingdom of Great Britain and Northern Ireland,HUMAN_OBSERVATION
54.393978,-5.57799,2019,9,United Kingdom of Great Britain and Northern Ireland,HUMAN_OBSERVATION
54.393978,-5.57799,2019,9,United Kingdom of Great Britain and Northern Ireland,HUMAN_OBSERVATION
54.394287,-5.577297,2025,4,United Kingdom of Great Britain and Northern Ireland,HUMAN_OBSERVATION
54.39667,-5.571667,1995,5,United Kingdom of Great Britain and Northern Ireland,HUMAN_OBSERVATION
54.39667,-5.571667,1995,5,United Kingdom of Great Britain and Northern Ireland,HUMAN_OBSERVATION
54.39797,-5.612212,2013,8,United Kingdom of Great Britain and Northern Ireland,HUMAN_OBSERVATION
54.398,-5.614218,2015,5,United Kingdom of Great Britain and Northern Ireland,HUMAN_OBSERVATION
54.3982,-5.6126,2020,10,United Kingdom of Great Britain and Northern Ireland,HUMAN_OBSERVATION
54.3982,-5.6126,2020,10,United Kingdom of Great Britain and Northern Ireland,HUMAN_OBSERVATION
54.3982,-5.6126,2020,10,United Kingdom of Great Britain and Northern Ireland,HUMAN_OBSERVATION
54.3982,-5.6126,2020,10,United Kingdom of Great Britain and Northern Ireland,HUMAN_OBSERVATION
54.39822,-5.631455,2013,8,United Kingdom of Great Britain and Northern Ireland,HUMAN_OBSERVATION
54.39839,-5.645621,2011,8,United Kingdom of Great Britain and Northern Ireland,HUMAN_OBSERVATION
54.39849,-5.633314,2018,6,United Kingdom of Great Britain and Northern Ireland,HUMAN_OBSERVATION
54.39863,-5.626513,2015,5,United Kingdom of Great Britain and Northern Ireland,HUMAN_OBSERVATION
54.40033,-5.631667,1976,6,United Kingdom of Great Britain and Northern Ireland,HUMAN_OBSERVATION
54.40155,-5.618631,2003,10,United Kingdom of Great Britain and Northern Ireland,HUMAN_OBSERVATION
54.40167,-5.603333,1982,5,United Kingdom of Great Britain and Northern Ireland,HUMAN_OBSERVATION
54.40245,-5.608459,2007,9,United Kingdom of Great Britain and Northern Ireland,HUMAN_OBSERVATION
54.40247,-5.610819,2015,5,United Kingdom of Great Britain and Northern Ireland,HUMAN_OBSERVATION
54.40312,-5.579258,2013,8,United Kingdom of Great Britain and Northern Ireland,HUMAN_OBSERVATION
54.40356,-5.61002,2020,9,United Kingdom of Great Britain and Northern Ireland,HUMAN_OBSERVATION
54.40356,-5.61002,2020,9,United Kingdom of Great Britain and Northern Ireland,HUMAN_OBSERVATION
54.40364,-5.610459,2003,7,United Kingdom of Great Britain and Northern Ireland,HUMAN_OBSERVATION
54.40364,-5.580783,2013,8,United Kingdom of Great Britain and Northern Ireland,HUMAN_OBSERVATION
54.40375,-5.629663,2013,8,United Kingdom of Great Britain and Northern Ireland,HUMAN_OBSERVATION
54.40375,-5.629663,2013,8,United Kingdom of Great Britain and Northern Ireland,HUMAN_OBSERVATION
54.40392,-5.580916,2013,8,United Kingdom of Great Britain and Northern Ireland,HUMAN_OBSERVATION
54.40392,-5.580916,2013,8,United Kingdom of Great Britain and Northern Ireland,HUMAN_OBSERVATION
54.40467,-5.5865,1983,8,United Kingdom of Great Britain and Northern Ireland,HUMAN_OBSERVATION
54.40556,-5.57981,2007,7,United Kingdom of Great Britain and Northern Ireland,HUMAN_OBSERVATION
54.40583,-5.585834,1982,5,United Kingdom of Great Britain and Northern Ireland,HUMAN_OBSERVATION
54.40583,-5.585834,1982,5,United Kingdom of Great Britain and Northern Ireland,HUMAN_OBSERVATION
54.406,-5.6365,1983,8,United Kingdom of Great Britain and Northern Ireland,HUMAN_OBSERVATION
54.40736,-5.61865,2013,8,United Kingdom of Great Britain and Northern Ireland,HUMAN_OBSERVATION
54.40736,-5.61865,2013,8,United Kingdom of Great Britain and Northern Ireland,HUMAN_OBSERVATION
54.40782,-5.610457,2007,9,United Kingdom of Great Britain and Northern Ireland,HUMAN_OBSERVATION
54.408,-5.611333,1980,6,United Kingdom of Great Britain and Northern Ireland,HUMAN_OBSERVATION
54.40833,-5.623333,1980,6,United Kingdom of Great Britain and Northern Ireland,HUMAN_OBSERVATION
54.4084,-5.623121,2003,7,United Kingdom of Great Britain and Northern Ireland,HUMAN_OBSERVATION
54.40867,-5.613167,1983,8,United Kingdom of Great Britain and Northern Ireland,HUMAN_OBSERVATION
54.41012,-5.579314,2015,5,United Kingdom of Great Britain and Northern Ireland,HUMAN_OBSERVATION
54.41167,-5.62,1976,6,United Kingdom of Great Britain and Northern Ireland,HUMAN_OBSERVATION
54.41227,-5.581676,2007,7,United Kingdom of Great Britain and Northern Ireland,HUMAN_OBSERVATION
54.4125,-5.612833,1982,5,United Kingdom of Great Britain and Northern Ireland,HUMAN_OBSERVATION
54.41254,-5.612353,2011,9,United Kingdom of Great Britain and Northern Ireland,HUMAN_OBSERVATION
54.41278,-5.619143,2003,7,United Kingdom of Great Britain and Northern Ireland,HUMAN_OBSERVATION
54.41369,-5.597604,2007,6,United Kingdom of Great Britain and Northern Ireland,HUMAN_OBSERVATION
54.41379,-5.58274,2018,6,United Kingdom of Great Britain and Northern Ireland,HUMAN_OBSERVATION
54.41402,-5.624265,2011,9,United Kingdom of Great Britain and Northern Ireland,HUMAN_OBSERVATION
54.41402,-5.624265,2011,9,United Kingdom of Great Britain and Northern Ireland,HUMAN_OBSERVATION
54.41439,-5.640966,2012,9,United Kingdom of Great Britain and Northern Ireland,HUMAN_OBSERVATION
54.41451,-5.580204,2003,7,United Kingdom of Great Britain and Northern Ireland,HUMAN_OBSERVATION
54.41525,-5.602722,2017,4,United Kingdom of Great Britain and Northern Ireland,HUMAN_OBSERVATION
54.41539,-5.623136,2003,7,United Kingdom of Great Britain and Northern Ireland,HUMAN_OBSERVATION
54.41664,-5.622953,2010,7,United Kingdom of Great Britain and Northern Ireland,HUMAN_OBSERVATION
54.41806,-5.60377,2013,8,United Kingdom of Great Britain and Northern Ireland,HUMAN_OBSERVATION
54.41809,-5.598669,2007,7,United Kingdom of Great Britain and Northern Ireland,HUMAN_OBSERVATION
54.41826,-5.609078,2008,4,United Kingdom of Great Britain and Northern Ireland,HUMAN_OBSERVATION
54.41877,-5.618855,2003,10,United Kingdom of Great Britain and Northern Ireland,HUMAN_OBSERVATION
54.41888,-5.586971,2018,6,United Kingdom of Great Britain and Northern Ireland,HUMAN_OBSERVATION
54.41902,-5.600632,2012,8,United Kingdom of Great Britain and Northern Ireland,HUMAN_OBSERVATION
54.41902,-5.600632,2012,8,United Kingdom of Great Britain and Northern Ireland,HUMAN_OBSERVATION
54.41902,-5.600632,2012,8,United Kingdom of Great Britain and Northern Ireland,HUMAN_OBSERVATION
54.41909,-5.598725,2007,9,United Kingdom of Great Britain and Northern Ireland,HUMAN_OBSERVATION
54.41965,-5.619781,2009,6,United Kingdom of Great Britain and Northern Ireland,HUMAN_OBSERVATION
54.42088,-5.605792,2003,8,United Kingdom of Great Britain and Northern Ireland,HUMAN_OBSERVATION
54.42089,-5.598082,2009,10,United Kingdom of Great Britain and Northern Ireland,HUMAN_OBSERVATION
54.42091,-5.60891,2008,4,United Kingdom of Great Britain and Northern Ireland,HUMAN_OBSERVATION
54.42092,-5.6012,2003,7,United Kingdom of Great Britain and Northern Ireland,HUMAN_OBSERVATION
54.42092,-5.6012,2003,7,United Kingdom of Great Britain and Northern Ireland,HUMAN_OBSERVATION
54.42105,-5.619287,2011,9,United Kingdom of Great Britain and Northern Ireland,HUMAN_OBSERVATION
54.42117,-5.611667,1982,5,United Kingdom of Great Britain and Northern Ireland,HUMAN_OBSERVATION
54.4225,-5.618358,2018,6,United Kingdom of Great Britain and Northern Ireland,HUMAN_OBSERVATION
54.42381,-5.628785,2011,9,United Kingdom of Great Britain and Northern Ireland,HUMAN_OBSERVATION
54.42402,-5.596567,2010,8,United Kingdom of Great Britain and Northern Ireland,HUMAN_OBSERVATION
54.42433,-5.5845,1983,6,United Kingdom of Great Britain and Northern Ireland,HUMAN_OBSERVATION
54.42459,-5.624396,2018,6,United Kingdom of Great Britain and Northern Ireland,HUMAN_OBSERVATION
54.4246,-5.61431,2003,7,United Kingdom of Great Britain and Northern Ireland,HUMAN_OBSERVATION
54.42484,-5.583667,1983,6,United Kingdom of Great Britain and Northern Ireland,HUMAN_OBSERVATION
54.42517,-5.586241,2013,8,United Kingdom of Great Britain and Northern Ireland,HUMAN_OBSERVATION
54.42517,-5.585333,1983,6,United Kingdom of Great Britain and Northern Ireland,HUMAN_OBSERVATION
54.42571,-5.587259,2003,7,United Kingdom of Great Britain and Northern Ireland,HUMAN_OBSERVATION
54.42648,-5.58347,2007,9,United Kingdom of Great Britain and Northern Ireland,HUMAN_OBSERVATION
54.4265,-5.598558,2007,7,United Kingdom of Great Britain and Northern Ireland,HUMAN_OBSERVATION
54.427,-5.614666,1975,7,United Kingdom of Great Britain and Northern Ireland,HUMAN_OBSERVATION
54.427,-5.609,1975,7,United Kingdom of Great Britain and Northern Ireland,HUMAN_OBSERVATION
54.42733,-5.613667,1983,8,United Kingdom of Great Britain and Northern Ireland,HUMAN_OBSERVATION
54.42739,-5.639297,2014,8,United Kingdom of Great Britain and Northern Ireland,HUMAN_OBSERVATION
54.42748,-5.615195,2018,6,United Kingdom of Great Britain and Northern Ireland,HUMAN_OBSERVATION
54.42767,-5.620333,1983,8,United Kingdom of Great Britain and Northern Ireland,HUMAN_OBSERVATION
54.42779,-5.614791,2003,7,United Kingdom of Great Britain and Northern Ireland,HUMAN_OBSERVATION
54.42779,-5.614791,2003,7,United Kingdom of Great Britain and Northern Ireland,HUMAN_OBSERVATION
54.42783,-5.619167,1983,8,United Kingdom of Great Britain and Northern Ireland,HUMAN_OBSERVATION
54.42783,-5.618,1983,8,United Kingdom of Great Britain and Northern Ireland,HUMAN_OBSERVATION
54.42824,-5.614907,2011,9,United Kingdom of Great Britain and Northern Ireland,HUMAN_OBSERVATION
54.42824,-5.614907,2011,9,United Kingdom of Great Britain and Northern Ireland,HUMAN_OBSERVATION
54.42833,-5.58,1976,6,United Kingdom of Great Britain and Northern Ireland,HUMAN_OBSERVATION
54.429,-5.623,1983,8,United Kingdom of Great Britain and Northern Ireland,HUMAN_OBSERVATION
54.42905,-5.615797,2003,7,United Kingdom of Great Britain and Northern Ireland,HUMAN_OBSERVATION
54.42916,-5.615,1975,7,United Kingdom of Great Britain and Northern Ireland,HUMAN_OBSERVATION
54.42933,-5.623,1983,8,United Kingdom of Great Britain and Northern Ireland,HUMAN_OBSERVATION
54.42951,-5.623906,2008,4,United Kingdom of Great Britain and Northern Ireland,HUMAN_OBSERVATION
54.42974,-5.616922,2003,8,United Kingdom of Great Britain and Northern Ireland,HUMAN_OBSERVATION
54.42997,-5.608705,2003,8,United Kingdom of Great Britain and Northern Ireland,HUMAN_OBSERVATION
54.43,-5.6245,1983,8,United Kingdom of Great Britain and Northern Ireland,HUMAN_OBSERVATION
54.43083,-5.612167,1975,7,United Kingdom of Great Britain and Northern Ireland,HUMAN_OBSERVATION
54.431,-5.625167,1983,8,United Kingdom of Great Britain and Northern Ireland,HUMAN_OBSERVATION
54.43207,-5.543178,2016,4,United Kingdom of Great Britain and Northern Ireland,HUMAN_OBSERVATION
54.43349,-5.590193,2003,8,United Kingdom of Great Britain and Northern Ireland,HUMAN_OBSERVATION
54.43353,-5.590227,2003,8,United Kingdom of Great Britain and Northern Ireland,HUMAN_OBSERVATION
54.43369,-5.59217,2018,6,United Kingdom of Great Britain and Northern Ireland,HUMAN_OBSERVATION
54.43418,-5.591295,2018,6,United Kingdom of Great Britain and Northern Ireland,HUMAN_OBSERVATION
54.43431,-5.587487,2003,8,United Kingdom of Great Britain and Northern Ireland,HUMAN_OBSERVATION
54.43472,-5.544942,2014,8,United Kingdom of Great Britain and Northern Ireland,HUMAN_OBSERVATION
54.43497,-5.576221,2018,6,United Kingdom of Great Britain and Northern Ireland,HUMAN_OBSERVATION
54.43525,-5.589787,2019,6,United Kingdom of Great Britain and Northern Ireland,HUMAN_OBSERVATION
54.43682,-5.58628,2018,6,United Kingdom of Great Britain and Northern Ireland,HUMAN_OBSERVATION
54.4375,-5.57638,2018,6,United Kingdom of Great Britain and Northern Ireland,HUMAN_OBSERVATION
54.4381,-5.574396,2019,6,United Kingdom of Great Britain and Northern Ireland,HUMAN_OBSERVATION
54.43948,-5.61073,2003,7,United Kingdom of Great Britain and Northern Ireland,HUMAN_OBSERVATION
54.44,-5.578,1976,6,United Kingdom of Great Britain and Northern Ireland,HUMAN_OBSERVATION
54.44117,-5.602167,1983,8,United Kingdom of Great Britain and Northern Ireland,HUMAN_OBSERVATION
54.44136,-5.602578,2003,10,United Kingdom of Great Britain and Northern Ireland,HUMAN_OBSERVATION
54.44142,-5.606534,2003,7,United Kingdom of Great Britain and Northern Ireland,HUMAN_OBSERVATION
54.442,-5.61,1983,8,United Kingdom of Great Britain and Northern Ireland,HUMAN_OBSERVATION
54.44274,-5.603771,2005,5,United Kingdom of Great Britain and Northern Ireland,HUMAN_OBSERVATION
54.44289,-5.556944,2016,2,United Kingdom of Great Britain and Northern Ireland,HUMAN_OBSERVATION
54.44333,-5.616667,1995,5,United Kingdom of Great Britain and Northern Ireland,HUMAN_OBSERVATION
54.44333,-5.616667,1995,5,United Kingdom of Great Britain and Northern Ireland,HUMAN_OBSERVATION
54.44333,-5.616667,1995,5,United Kingdom of Great Britain and Northern Ireland,HUMAN_OBSERVATION
54.44333,-5.616667,1995,5,United Kingdom of Great Britain and Northern Ireland,HUMAN_OBSERVATION
54.44333,-5.616667,1995,5,United Kingdom of Great Britain and Northern Ireland,HUMAN_OBSERVATION
54.44333,-5.616667,1995,5,United Kingdom of Great Britain and Northern Ireland,HUMAN_OBSERVATION
54.44333,-5.616667,1995,5,United Kingdom of Great Britain and Northern Ireland,HUMAN_OBSERVATION
54.44367,-5.58306,2019,6,United Kingdom of Great Britain and Northern Ireland,HUMAN_OBSERVATION
54.44433,-5.590918,2018,6,United Kingdom of Great Britain and Northern Ireland,HUMAN_OBSERVATION
54.44514,-5.631624,2005,4,United Kingdom of Great Britain and Northern Ireland,HUMAN_OBSERVATION
54.44584,-5.5745,1976,6,United Kingdom of Great Britain and Northern Ireland,HUMAN_OBSERVATION
54.44595,-5.599572,2003,8,United Kingdom of Great Britain and Northern Ireland,HUMAN_OBSERVATION
54.44595,-5.599572,2003,8,United Kingdom of Great Britain and Northern Ireland,HUMAN_OBSERVATION
54.44614,-5.634264,2015,4,United Kingdom of Great Britain and Northern Ireland,HUMAN_OBSERVATION
54.44656,-5.628962,2003,2,United Kingdom of Great Britain and Northern Ireland,HUMAN_OBSERVATION
54.44806,-5.629125,2015,8,United Kingdom of Great Britain and Northern Ireland,HUMAN_OBSERVATION
54.44833,-5.607833,1973,5,United Kingdom of Great Britain and Northern Ireland,HUMAN_OBSERVATION
54.4485,-5.588666,1976,6,United Kingdom of Great Britain and Northern Ireland,HUMAN_OBSERVATION
54.44875,-5.584499,2018,6,United Kingdom of Great Britain and Northern Ireland,HUMAN_OBSERVATION
54.44915,-5.587258,2003,10,United Kingdom of Great Britain and Northern Ireland,HUMAN_OBSERVATION
54.44917,-5.608333,1975,7,United Kingdom of Great Britain and Northern Ireland,HUMAN_OBSERVATION
54.44934,-5.598703,2005,11,United Kingdom of Great Britain and Northern Ireland,HUMAN_OBSERVATION
54.44967,-5.598845,2005,11,United Kingdom of Great Britain and Northern Ireland,HUMAN_OBSERVATION
54.44973,-5.629798,2012,9,United Kingdom of Great Britain and Northern Ireland,HUMAN_OBSERVATION
54.44993,-5.598732,2003,7,United Kingdom of Great Britain and Northern Ireland,HUMAN_OBSERVATION
54.44999,-5.595743,2011,9,United Kingdom of Great Britain and Northern Ireland,HUMAN_OBSERVATION
54.45,-5.627333,1973,10,United Kingdom of Great Britain and Northern Ireland,HUMAN_OBSERVATION
54.45,-5.59,1980,6,United Kingdom of Great Britain and Northern Ireland,HUMAN_OBSERVATION
54.45041,-5.604253,2011,9,United Kingdom of Great Britain and Northern Ireland,HUMAN_OBSERVATION
54.45041,-5.603158,2003,8,United Kingdom of Great Britain and Northern Ireland,HUMAN_OBSERVATION
54.45056,-5.630952,2014,8,United Kingdom of Great Britain and Northern Ireland,HUMAN_OBSERVATION
54.4507,-5.599864,2003,7,United Kingdom of Great Britain and Northern Ireland,HUMAN_OBSERVATION
54.4507,-5.599864,2003,7,United Kingdom of Great Britain and Northern Ireland,HUMAN_OBSERVATION
54.45074,-5.628638,2013,8,United Kingdom of Great Britain and Northern Ireland,HUMAN_OBSERVATION
54.45074,-5.628638,2013,8,United Kingdom of Great Britain and Northern Ireland,HUMAN_OBSERVATION
54.45074,-5.628638,2013,8,United Kingdom of Great Britain and Northern Ireland,HUMAN_OBSERVATION
54.45074,-5.590006,2003,7,United Kingdom of Great Britain and Northern Ireland,HUMAN_OBSERVATION
54.45074,-5.590006,2003,7,United Kingdom of Great Britain and Northern Ireland,HUMAN_OBSERVATION
54.450847,-5.630681,2015,2,United Kingdom of Great Britain and Northern Ireland,HUMAN_OBSERVATION
54.450847,-5.630681,2015,2,United Kingdom of Great Britain and Northern Ireland,HUMAN_OBSERVATION
54.45089,-5.630626,2014,8,United Kingdom of Great Britain and Northern Ireland,HUMAN_OBSERVATION
54.45089,-5.62845,2007,9,United Kingdom of Great Britain and Northern Ireland,HUMAN_OBSERVATION
54.45089,-5.62845,2004,5,United Kingdom of Great Britain and Northern Ireland,HUMAN_OBSERVATION
54.45089,-5.62845,2003,12,United Kingdom of Great Britain and Northern Ireland,HUMAN_OBSERVATION
54.45089,-5.627463,2019,7,United Kingdom of Great Britain and Northern Ireland,HUMAN_OBSERVATION
54.45089,-5.627463,2019,8,United Kingdom of Great Britain and Northern Ireland,HUMAN_OBSERVATION
54.45089,-5.627463,2019,8,United Kingdom of Great Britain and Northern Ireland,HUMAN_OBSERVATION
54.45089,-5.627463,2016,8,United Kingdom of Great Britain and Northern Ireland,HUMAN_OBSERVATION
54.45089,-5.627463,2014,8,United Kingdom of Great Britain and Northern Ireland,HUMAN_OBSERVATION
54.45089,-5.627463,2013,6,United Kingdom of Great Britain and Northern Ireland,HUMAN_OBSERVATION
54.45089,-5.627463,2013,9,United Kingdom of Great Britain and Northern Ireland,HUMAN_OBSERVATION
54.45089,-5.627463,2012,3,United Kingdom of Great Britain and Northern Ireland,HUMAN_OBSERVATION
54.45089,-5.627463,2012,4,United Kingdom of Great Britain and Northern Ireland,HUMAN_OBSERVATION
54.45089,-5.596949,2009,10,United Kingdom of Great Britain and Northern Ireland,HUMAN_OBSERVATION
54.45096,-5.628257,2007,6,United Kingdom of Great Britain and Northern Ireland,HUMAN_OBSERVATION
54.45103,-5.630685,2016,10,United Kingdom of Great Britain and Northern Ireland,HUMAN_OBSERVATION
54.45108,-5.594769,2005,11,United Kingdom of Great Britain and Northern Ireland,HUMAN_OBSERVATION
54.45116,-5.628211,2013,2,United Kingdom of Great Britain and Northern Ireland,HUMAN_OBSERVATION
54.45131,-5.630463,2020,7,United Kingdom of Great Britain and Northern Ireland,HUMAN_OBSERVATION
54.45144,-5.628669,2021,9,United Kingdom of Great Britain and Northern Ireland,HUMAN_OBSERVATION
54.45158,-5.630607,2005,3,United Kingdom of Great Britain and Northern Ireland,HUMAN_OBSERVATION
54.45164,-5.587723,2011,9,United Kingdom of Great Britain and Northern Ireland,HUMAN_OBSERVATION
54.45182,-5.592401,2007,9,United Kingdom of Great Britain and Northern Ireland,HUMAN_OBSERVATION
54.452,-5.626667,1973,10,United Kingdom of Great Britain and Northern Ireland,HUMAN_OBSERVATION
54.45209,-5.589275,2003,7,United Kingdom of Great Britain and Northern Ireland,HUMAN_OBSERVATION
54.45256,-5.628119,2012,3,United Kingdom of Great Britain and Northern Ireland,HUMAN_OBSERVATION
54.45258,-5.590337,2011,9,United Kingdom of Great Britain and Northern Ireland,HUMAN_OBSERVATION
54.45268,-5.593309,2007,7,United Kingdom of Great Britain and Northern Ireland,HUMAN_OBSERVATION
54.45286,-5.590624,2008,8,United Kingdom of Great Britain and Northern Ireland,HUMAN_OBSERVATION
54.453,-5.625834,1985,6,United Kingdom of Great Britain and Northern Ireland,HUMAN_OBSERVATION
54.45317,-5.595703,2007,3,United Kingdom of Great Britain and Northern Ireland,HUMAN_OBSERVATION
54.45321,-5.591843,2011,9,United Kingdom of Great Britain and Northern Ireland,HUMAN_OBSERVATION
54.45327,-5.590351,2008,9,United Kingdom of Great Britain and Northern Ireland,HUMAN_OBSERVATION
54.45339,-5.595369,2007,3,United Kingdom of Great Britain and Northern Ireland,HUMAN_OBSERVATION
54.45339,-5.574803,2018,6,United Kingdom of Great Britain and Northern Ireland,HUMAN_OBSERVATION
54.4534,-5.626789,2011,8,United Kingdom of Great Britain and Northern Ireland,HUMAN_OBSERVATION
54.45351,-5.594153,2013,8,United Kingdom of Great Britain and Northern Ireland,HUMAN_OBSERVATION
54.4538,-5.592681,2008,9,United Kingdom of Great Britain and Northern Ireland,HUMAN_OBSERVATION
54.45384,-5.59196,2010,7,United Kingdom of Great Britain and Northern Ireland,HUMAN_OBSERVATION
54.45386,-5.590789,2011,9,United Kingdom of Great Britain and Northern Ireland,HUMAN_OBSERVATION
54.45386,-5.590789,2008,8,United Kingdom of Great Britain and Northern Ireland,HUMAN_OBSERVATION
54.45411,-5.593466,2003,7,United Kingdom of Great Britain and Northern Ireland,HUMAN_OBSERVATION
54.4543,-5.59339,2011,9,United Kingdom of Great Britain and Northern Ireland,HUMAN_OBSERVATION
54.45439,-5.593289,2007,7,United Kingdom of Great Britain and Northern Ireland,HUMAN_OBSERVATION
54.45459,-5.59215,2003,8,United Kingdom of Great Britain and Northern Ireland,HUMAN_OBSERVATION
54.45459,-5.59215,2003,8,United Kingdom of Great Britain and Northern Ireland,HUMAN_OBSERVATION
54.45505,-5.592652,2013,8,United Kingdom of Great Britain and Northern Ireland,HUMAN_OBSERVATION
54.45516,-5.597386,2007,3,United Kingdom of Great Britain and Northern Ireland,HUMAN_OBSERVATION
54.45535,-5.598359,2003,8,United Kingdom of Great Britain and Northern Ireland,HUMAN_OBSERVATION
54.45642,-5.592511,2003,7,United Kingdom of Great Britain and Northern Ireland,HUMAN_OBSERVATION
54.45673,-5.610428,2010,7,United Kingdom of Great Britain and Northern Ireland,HUMAN_OBSERVATION
54.45766,-5.609476,2003,7,United Kingdom of Great Britain and Northern Ireland,HUMAN_OBSERVATION
54.45873,-5.56417,2018,6,United Kingdom of Great Britain and Northern Ireland,HUMAN_OBSERVATION
54.45917,-5.560833,1973,6,United Kingdom of Great Britain and Northern Ireland,HUMAN_OBSERVATION
54.46,-5.591667,1976,6,United Kingdom of Great Britain and Northern Ireland,HUMAN_OBSERVATION
54.46,-5.58,1976,6,United Kingdom of Great Britain and Northern Ireland,HUMAN_OBSERVATION
54.46119,-5.590204,2018,6,United Kingdom of Great Britain and Northern Ireland,HUMAN_OBSERVATION
54.46156,-5.561776,2003,8,United Kingdom of Great Britain and Northern Ireland,HUMAN_OBSERVATION
54.46203,-5.584974,2007,7,United Kingdom of Great Britain and Northern Ireland,HUMAN_OBSERVATION
54.46206,-5.609617,2016,5,United Kingdom of Great Britain and Northern Ireland,HUMAN_OBSERVATION
54.46206,-5.609617,2016,5,United Kingdom of Great Britain and Northern Ireland,HUMAN_OBSERVATION
54.46206,-5.609617,2016,5,United Kingdom of Great Britain and Northern Ireland,HUMAN_OBSERVATION
54.46206,-5.609617,2016,5,United Kingdom of Great Britain and Northern Ireland,HUMAN_OBSERVATION
54.46206,-5.609617,2016,5,United Kingdom of Great Britain and Northern Ireland,HUMAN_OBSERVATION
54.46209,-5.609651,2010,5,United Kingdom of Great Britain and Northern Ireland,HUMAN_OBSERVATION
54.46209,-5.609651,2010,5,United Kingdom of Great Britain and Northern Ireland,HUMAN_OBSERVATION
54.46209,-5.609651,2010,5,United Kingdom of Great Britain and Northern Ireland,HUMAN_OBSERVATION
54.46209,-5.609651,2010,5,United Kingdom of Great Britain and Northern Ireland,HUMAN_OBSERVATION
54.46209,-5.609651,2010,5,United Kingdom of Great Britain and Northern Ireland,HUMAN_OBSERVATION
54.46209,-5.609651,2010,5,United Kingdom of Great Britain and Northern Ireland,HUMAN_OBSERVATION
54.46209,-5.609651,2010,5,United Kingdom of Great Britain and Northern Ireland,HUMAN_OBSERVATION
54.46209,-5.609651,2010,5,United Kingdom of Great Britain and Northern Ireland,HUMAN_OBSERVATION
54.4625,-5.559166,1975,7,United Kingdom of Great Britain and Northern Ireland,HUMAN_OBSERVATION
54.46296,-5.559721,2007,3,United Kingdom of Great Britain and Northern Ireland,HUMAN_OBSERVATION
54.46417,-5.56,1975,7,United Kingdom of Great Britain and Northern Ireland,HUMAN_OBSERVATION
54.46417,-5.558667,1973,6,United Kingdom of Great Britain and Northern Ireland,HUMAN_OBSERVATION
54.46426,-5.610706,2003,7,United Kingdom of Great Britain and Northern Ireland,HUMAN_OBSERVATION
54.46427,-5.590034,2010,8,United Kingdom of Great Britain and Northern Ireland,HUMAN_OBSERVATION
54.46513,-5.5833,2003,10,United Kingdom of Great Britain and Northern Ireland,HUMAN_OBSERVATION
54.46583,-5.581666,1976,6,United Kingdom of Great Britain and Northern Ireland,HUMAN_OBSERVATION
54.46583,-5.553833,1973,6,United Kingdom of Great Britain and Northern Ireland,HUMAN_OBSERVATION
54.46613,-5.575019,2010,7,United Kingdom of Great Britain and Northern Ireland,HUMAN_OBSERVATION
54.46673,-5.537275,2014,8,United Kingdom of Great Britain and Northern Ireland,HUMAN_OBSERVATION
54.46673,-5.537275,2014,8,United Kingdom of Great Britain and Northern Ireland,HUMAN_OBSERVATION
54.46701,-5.5566,2007,3,United Kingdom of Great Britain and Northern Ireland,HUMAN_OBSERVATION
54.46789,-5.584144,2018,6,United Kingdom of Great Britain and Northern Ireland,HUMAN_OBSERVATION
54.46883,-5.554167,1975,7,United Kingdom of Great Britain and Northern Ireland,HUMAN_OBSERVATION
54.46901,-5.612978,2003,7,United Kingdom of Great Britain and Northern Ireland,HUMAN_OBSERVATION
54.46917,-5.613,1975,7,United Kingdom of Great Britain and Northern Ireland,HUMAN_OBSERVATION
54.46946,-5.572299,2010,7,United Kingdom of Great Britain and Northern Ireland,HUMAN_OBSERVATION
54.46953,-5.552942,2018,6,United Kingdom of Great Britain and Northern Ireland,HUMAN_OBSERVATION
54.47021,-5.576101,2010,7,United Kingdom of Great Britain and Northern Ireland,HUMAN_OBSERVATION
54.47066,-5.554167,1975,7,United Kingdom of Great Britain and Northern Ireland,HUMAN_OBSERVATION
54.47123,-5.541107,2011,3,United Kingdom of Great Britain and Northern Ireland,HUMAN_OBSERVATION
54.47167,-5.598866,1976,6,United Kingdom of Great Britain and Northern Ireland,HUMAN_OBSERVATION
54.47168,-5.632994,2017,4,United Kingdom of Great Britain and Northern Ireland,HUMAN_OBSERVATION
54.47183,-5.580813,2003,7,United Kingdom of Great Britain and Northern Ireland,HUMAN_OBSERVATION
54.47333,-5.588333,1976,6,United Kingdom of Great Britain and Northern Ireland,HUMAN_OBSERVATION
54.47333,-5.58,1976,2,United Kingdom of Great Britain and Northern Ireland,HUMAN_OBSERVATION
54.47333,-5.553333,1975,7,United Kingdom of Great Britain and Northern Ireland,HUMAN_OBSERVATION
54.4735,-5.568,1976,6,United Kingdom of Great Britain and Northern Ireland,HUMAN_OBSERVATION
54.47367,-5.6105,1983,8,United Kingdom of Great Britain and Northern Ireland,HUMAN_OBSERVATION
54.47372,-5.582972,2010,8,United Kingdom of Great Britain and Northern Ireland,HUMAN_OBSERVATION
54.474,-5.613167,1983,8,United Kingdom of Great Britain and Northern Ireland,HUMAN_OBSERVATION
54.47433,-5.589167,1976,6,United Kingdom of Great Britain and Northern Ireland,HUMAN_OBSERVATION
54.47448,-5.598557,2010,8,United Kingdom of Great Britain and Northern Ireland,HUMAN_OBSERVATION
54.47467,-5.591667,1976,6,United Kingdom of Great Britain and Northern Ireland,HUMAN_OBSERVATION
54.475,-5.600833,1976,6,United Kingdom of Great Britain and Northern Ireland,HUMAN_OBSERVATION
54.47508,-5.600417,2003,7,United Kingdom of Great Britain and Northern Ireland,HUMAN_OBSERVATION
54.47517,-5.583333,1976,6,United Kingdom of Great Britain and Northern Ireland,HUMAN_OBSERVATION
54.47533,-5.599667,1976,6,United Kingdom of Great Britain and Northern Ireland,HUMAN_OBSERVATION
54.47583,-5.611667,1975,7,United Kingdom of Great Britain and Northern Ireland,HUMAN_OBSERVATION
54.47633,-5.605,1980,6,United Kingdom of Great Britain and Northern Ireland,HUMAN_OBSERVATION
54.47717,-5.623667,1976,6,United Kingdom of Great Britain and Northern Ireland,HUMAN_OBSERVATION
54.47744,-5.572401,2018,6,United Kingdom of Great Britain and Northern Ireland,HUMAN_OBSERVATION
54.4775,-5.577,1983,8,United Kingdom of Great Britain and Northern Ireland,HUMAN_OBSERVATION
54.47763,-5.620626,2003,7,United Kingdom of Great Britain and Northern Ireland,HUMAN_OBSERVATION
54.47779,-5.588408,2003,8,United Kingdom of Great Britain and Northern Ireland,HUMAN_OBSERVATION
54.47783,-5.6,1976,6,United Kingdom of Great Britain and Northern Ireland,HUMAN_OBSERVATION
54.478,-5.596667,1976,6,United Kingdom of Great Britain and Northern Ireland,HUMAN_OBSERVATION
54.478,-5.577167,1983,8,United Kingdom of Great Britain and Northern Ireland,HUMAN_OBSERVATION
54.47817,-5.5775,1983,8,United Kingdom of Great Britain and Northern Ireland,HUMAN_OBSERVATION
54.47867,-5.589,1975,7,United Kingdom of Great Britain and Northern Ireland,HUMAN_OBSERVATION
54.478959,-5.531469,1986,9,United Kingdom of Great Britain and Northern Ireland,HUMAN_OBSERVATION
54.47922,-5.613832,2019,6,United Kingdom of Great Britain and Northern Ireland,HUMAN_OBSERVATION
54.47934,-5.593942,2018,6,United Kingdom of Great Britain and Northern Ireland,HUMAN_OBSERVATION
54.47967,-5.611333,1975,7,United Kingdom of Great Britain and Northern Ireland,HUMAN_OBSERVATION
54.47995,-5.613063,2019,6,United Kingdom of Great Britain and Northern Ireland,HUMAN_OBSERVATION
54.48,-5.623833,1976,6,United Kingdom of Great Britain and Northern Ireland,HUMAN_OBSERVATION
54.48106,-5.638785,2012,9,United Kingdom of Great Britain and Northern Ireland,HUMAN_OBSERVATION
54.48156,-5.644792,2012,9,United Kingdom of Great Britain and Northern Ireland,HUMAN_OBSERVATION
54.48307,-5.644462,2012,9,United Kingdom of Great Britain and Northern Ireland,HUMAN_OBSERVATION
54.483169,-5.645503,2013,9,United Kingdom of Great Britain and Northern Ireland,HUMAN_OBSERVATION
54.48383,-5.550833,1975,7,United Kingdom of Great Britain and Northern Ireland,HUMAN_OBSERVATION
54.48523,-5.612957,2011,8,United Kingdom of Great Britain and Northern Ireland,HUMAN_OBSERVATION
54.48523,-5.606948,2011,8,United Kingdom of Great Britain and Northern Ireland,HUMAN_OBSERVATION
54.48533,-5.6245,1976,6,United Kingdom of Great Britain and Northern Ireland,HUMAN_OBSERVATION
54.48539,-5.6388,2012,10,United Kingdom of Great Britain and Northern Ireland,HUMAN_OBSERVATION
54.48616,-5.550501,2018,6,United Kingdom of Great Britain and Northern Ireland,HUMAN_OBSERVATION
54.48704,-5.590038,2018,6,United Kingdom of Great Britain and Northern Ireland,HUMAN_OBSERVATION
54.48839,-3.611188,2006,7,United Kingdom of Great Britain and Northern Ireland,HUMAN_OBSERVATION
54.48893,-5.54562,2011,9,United Kingdom of Great Britain and Northern Ireland,HUMAN_OBSERVATION
54.48906,-5.644795,2013,8,United Kingdom of Great Britain and Northern Ireland,HUMAN_OBSERVATION
54.48906,-5.644795,2012,9,United Kingdom of Great Britain and Northern Ireland,HUMAN_OBSERVATION
54.489452,-5.410443,2017,7,United Kingdom of Great Britain and Northern Ireland,HUMAN_OBSERVATION
54.48989,-5.646461,2015,9,United Kingdom of Great Britain and Northern Ireland,HUMAN_OBSERVATION
54.48989,-5.646461,2011,8,United Kingdom of Great Britain and Northern Ireland,HUMAN_OBSERVATION
54.49,-5.550833,1975,7,United Kingdom of Great Britain and Northern Ireland,HUMAN_OBSERVATION
54.49006,-5.641795,2014,8,United Kingdom of Great Britain and Northern Ireland,HUMAN_OBSERVATION
54.49006,-5.641795,2013,8,United Kingdom of Great Britain and Northern Ireland,HUMAN_OBSERVATION
54.49006,-5.641795,2013,8,United Kingdom of Great Britain and Northern Ireland,HUMAN_OBSERVATION
54.49023,-5.64663,2012,9,United Kingdom of Great Britain and Northern Ireland,HUMAN_OBSERVATION
54.49023,-5.6413,2011,3,United Kingdom of Great Britain and Northern Ireland,HUMAN_OBSERVATION
54.49026,-5.642986,2018,8,United Kingdom of Great Britain and Northern Ireland,HUMAN_OBSERVATION
54.49056,-5.646953,2012,9,United Kingdom of Great Britain and Northern Ireland,HUMAN_OBSERVATION
54.49065,-5.412017,2017,7,United Kingdom of Great Britain and Northern Ireland,MATERIAL_SAMPLE
54.49067,-5.584667,1976,6,United Kingdom of Great Britain and Northern Ireland,HUMAN_OBSERVATION
54.49106,-5.605114,2011,8,United Kingdom of Great Britain and Northern Ireland,HUMAN_OBSERVATION
54.49345,-5.601431,2018,6,United Kingdom of Great Britain and Northern Ireland,HUMAN_OBSERVATION
54.493473,-5.65125,2025,4,United Kingdom of Great Britain and Northern Ireland,HUMAN_OBSERVATION
54.49357,-5.647793,2013,8,United Kingdom of Great Britain and Northern Ireland,HUMAN_OBSERVATION
54.49357,-5.647793,2012,9,United Kingdom of Great Britain and Northern Ireland,HUMAN_OBSERVATION
54.493664,-5.648168,2013,9,United Kingdom of Great Britain and Northern Ireland,HUMAN_OBSERVATION
54.49367,-5.623667,1976,6,United Kingdom of Great Britain and Northern Ireland,HUMAN_OBSERVATION
54.49439,-5.644297,2013,8,United Kingdom of Great Britain and Northern Ireland,HUMAN_OBSERVATION
54.49439,-5.644297,2013,8,United Kingdom of Great Britain and Northern Ireland,HUMAN_OBSERVATION
54.49443,-5.5958,2018,6,United Kingdom of Great Britain and Northern Ireland,HUMAN_OBSERVATION
54.4949,-5.638965,2011,8,United Kingdom of Great Britain and Northern Ireland,HUMAN_OBSERVATION
54.4949,-5.638965,2007,4,United Kingdom of Great Britain and Northern Ireland,HUMAN_OBSERVATION
54.495,-5.591667,1975,9,United Kingdom of Great Britain and Northern Ireland,HUMAN_OBSERVATION
54.49506,-5.596119,2011,8,United Kingdom of Great Britain and Northern Ireland,HUMAN_OBSERVATION
54.49506,-5.538951,2011,8,United Kingdom of Great Britain and Northern Ireland,HUMAN_OBSERVATION
54.49523,-5.592116,2012,10,United Kingdom of Great Britain and Northern Ireland,HUMAN_OBSERVATION
54.49533,-5.59,1975,9,United Kingdom of Great Britain and Northern Ireland,HUMAN_OBSERVATION
54.49537,-5.552157,2018,6,United Kingdom of Great Britain and Northern Ireland,HUMAN_OBSERVATION
54.49573,-5.638792,2015,9,United Kingdom of Great Britain and Northern Ireland,HUMAN_OBSERVATION
54.49573,-5.638792,2014,8,United Kingdom of Great Britain and Northern Ireland,HUMAN_OBSERVATION
54.49573,-5.638792,2014,8,United Kingdom of Great Britain and Northern Ireland,HUMAN_OBSERVATION
54.49573,-5.638792,2013,8,United Kingdom of Great Britain and Northern Ireland,HUMAN_OBSERVATION
54.49583,-5.587833,1975,9,United Kingdom of Great Britain and Northern Ireland,HUMAN_OBSERVATION
54.495831,-5.639833,2013,4,United Kingdom of Great Britain and Northern Ireland,HUMAN_OBSERVATION
54.49606,-5.643287,2012,9,United Kingdom of Great Britain and Northern Ireland,HUMAN_OBSERVATION
54.49614,-5.644391,2016,8,United Kingdom of Great Britain and Northern Ireland,HUMAN_OBSERVATION
54.49633,-5.601833,1975,9,United Kingdom of Great Britain and Northern Ireland,HUMAN_OBSERVATION
54.49667,-5.617,1975,9,United Kingdom of Great Britain and Northern Ireland,HUMAN_OBSERVATION
54.49683,-5.615,1975,9,United Kingdom of Great Britain and Northern Ireland,HUMAN_OBSERVATION
54.49694,-5.57717,2017,4,United Kingdom of Great Britain and Northern Ireland,HUMAN_OBSERVATION
54.50041,-5.601619,2018,6,United Kingdom of Great Britain and Northern Ireland,HUMAN_OBSERVATION
54.50069,-5.612545,2018,6,United Kingdom of Great Britain and Northern Ireland,HUMAN_OBSERVATION
54.50644,-5.601416,2018,6,United Kingdom of Great Britain and Northern Ireland,HUMAN_OBSERVATION
54.50657,-5.615631,2015,9,United Kingdom of Great Britain and Northern Ireland,HUMAN_OBSERVATION
54.50667,-5.599667,1976,6,United Kingdom of Great Britain and Northern Ireland,HUMAN_OBSERVATION
54.5075,-5.563334,1975,7,United Kingdom of Great Britain and Northern Ireland,HUMAN_OBSERVATION
54.507746,-5.635973,2019,3,United Kingdom of Great Britain and Northern Ireland,HUMAN_OBSERVATION
54.507746,-5.635973,2019,3,United Kingdom of Great Britain and Northern Ireland,HUMAN_OBSERVATION
54.50789,-3.635191,2006,6,United Kingdom of Great Britain and Northern Ireland,HUMAN_OBSERVATION
54.508,-5.620333,1983,8,United Kingdom of Great Britain and Northern Ireland,HUMAN_OBSERVATION
54.5085,-5.618333,1983,8,United Kingdom of Great Britain and Northern Ireland,HUMAN_OBSERVATION
54.5115,-5.611667,1983,8,United Kingdom of Great Britain and Northern Ireland,HUMAN_OBSERVATION
54.51467,-5.569833,1975,7,United Kingdom of Great Britain and Northern Ireland,HUMAN_OBSERVATION
54.51583,-5.613333,1976,6,United Kingdom of Great Britain and Northern Ireland,HUMAN_OBSERVATION
54.51628,-5.569123,2017,4,United Kingdom of Great Britain and Northern Ireland,HUMAN_OBSERVATION
54.51774,-5.64562,2012,9,United Kingdom of Great Britain and Northern Ireland,HUMAN_OBSERVATION
54.51774,-5.64562,2007,11,United Kingdom of Great Britain and Northern Ireland,HUMAN_OBSERVATION
54.517837,-5.646661,2013,9,United Kingdom of Great Britain and Northern Ireland,HUMAN_OBSERVATION
54.519,-5.629667,1975,7,United Kingdom of Great Britain and Northern Ireland,HUMAN_OBSERVATION
54.5194,-5.553951,2015,4,United Kingdom of Great Britain and Northern Ireland,HUMAN_OBSERVATION
54.52033,-5.608667,1976,6,United Kingdom of Great Britain and Northern Ireland,HUMAN_OBSERVATION
54.5209,-5.575788,2012,7,United Kingdom of Great Britain and Northern Ireland,HUMAN_OBSERVATION
54.5209,-5.575788,2012,7,United Kingdom of Great Britain and Northern Ireland,HUMAN_OBSERVATION
54.521273,-5.579891,1986,5,United Kingdom of Great Britain and Northern Ireland,HUMAN_OBSERVATION
54.52217,-5.6425,1983,8,United Kingdom of Great Britain and Northern Ireland,HUMAN_OBSERVATION
54.52333,-5.604167,1975,7,United Kingdom of Great Britain and Northern Ireland,HUMAN_OBSERVATION
54.524845,-5.56892,2025,3,United Kingdom of Great Britain and Northern Ireland,HUMAN_OBSERVATION
54.525,-5.642334,1983,8,United Kingdom of Great Britain and Northern Ireland,HUMAN_OBSERVATION
54.52517,-5.6405,1983,8,United Kingdom of Great Britain and Northern Ireland,HUMAN_OBSERVATION
54.52667,-5.6395,1976,6,United Kingdom of Great Britain and Northern Ireland,HUMAN_OBSERVATION
54.52883,-5.643333,1980,6,United Kingdom of Great Britain and Northern Ireland,HUMAN_OBSERVATION
54.5305,-5.635833,1980,6,United Kingdom of Great Britain and Northern Ireland,HUMAN_OBSERVATION
54.53167,-5.617,1980,6,United Kingdom of Great Britain and Northern Ireland,HUMAN_OBSERVATION
54.53367,-5.615,1980,6,United Kingdom of Great Britain and Northern Ireland,HUMAN_OBSERVATION
54.53543,-8.246942,2019,4,Ireland,HUMAN_OBSERVATION
54.53671,-5.428428,2014,6,United Kingdom of Great Britain and Northern Ireland,HUMAN_OBSERVATION
54.53833,-5.631667,1980,6,United Kingdom of Great Britain and Northern Ireland,HUMAN_OBSERVATION
54.53867,-5.625,1980,6,United Kingdom of Great Britain and Northern Ireland,HUMAN_OBSERVATION
54.54852,-5.606039,2015,4,United Kingdom of Great Britain and Northern Ireland,HUMAN_OBSERVATION
54.54992,-8.458491,2018,9,Ireland,HUMAN_OBSERVATION
54.5533,-5.657104,2003,8,United Kingdom of Great Britain and Northern Ireland,HUMAN_OBSERVATION
54.55557,-5.622785,2012,5,United Kingdom of Great Britain and Northern Ireland,HUMAN_OBSERVATION
54.55688,-5.462733,2007,10,United Kingdom of Great Britain and Northern Ireland,HUMAN_OBSERVATION
54.55698,-5.633383,2009,10,United Kingdom of Great Britain and Northern Ireland,HUMAN_OBSERVATION
54.55931,-5.619604,2016,4,United Kingdom of Great Britain and Northern Ireland,HUMAN_OBSERVATION
54.56599,-8.458825,2018,10,Ireland,HUMAN_OBSERVATION
54.56605,-8.458492,2018,9,Ireland,HUMAN_OBSERVATION
54.56633,-8.459793,2019,6,Ireland,HUMAN_OBSERVATION
54.56639,-8.459493,2019,3,Ireland,HUMAN_OBSERVATION
54.56644,-8.460447,2018,6,Ireland,HUMAN_OBSERVATION
54.56668,-8.45915,2019,4,Ireland,HUMAN_OBSERVATION
54.56697,-8.461058,2018,6,Ireland,HUMAN_OBSERVATION
54.56721,-8.457964,2010,8,Ireland,HUMAN_OBSERVATION
54.56823,-3.583682,2006,5,United Kingdom of Great Britain and Northern Ireland,HUMAN_OBSERVATION
54.57923,-3.584015,2006,7,United Kingdom of Great Britain and Northern Ireland,HUMAN_OBSERVATION
54.58463,-8.426506,2018,9,Ireland,HUMAN_OBSERVATION
54.58673,-3.583515,2006,7,United Kingdom of Great Britain and Northern Ireland,HUMAN_OBSERVATION
54.640504,-5.527827,2012,9,United Kingdom of Great Britain and Northern Ireland,HUMAN_OBSERVATION
54.643001,-5.883126,2014,9,United Kingdom of Great Britain and Northern Ireland,HUMAN_OBSERVATION
54.643001,-5.883126,2014,9,United Kingdom of Great Britain and Northern Ireland,HUMAN_OBSERVATION
54.643359,-5.885145,2015,10,United Kingdom of Great Britain and Northern Ireland,HUMAN_OBSERVATION
54.643359,-5.885145,2015,10,United Kingdom of Great Britain and Northern Ireland,HUMAN_OBSERVATION
54.643781,-5.884596,2016,9,United Kingdom of Great Britain and Northern Ireland,HUMAN_OBSERVATION
54.643781,-5.884596,2016,9,United Kingdom of Great Britain and Northern Ireland,HUMAN_OBSERVATION
54.643829,-5.874149,2019,10,United Kingdom of Great Britain and Northern Ireland,HUMAN_OBSERVATION
54.643958,-5.884225,2014,9,United Kingdom of Great Britain and Northern Ireland,MATERIAL_SAMPLE
54.644212,-5.886164,2015,10,United Kingdom of Great Britain and Northern Ireland,MATERIAL_SAMPLE
54.644275,-5.881317,2017,9,United Kingdom of Great Britain and Northern Ireland,MATERIAL_SAMPLE
54.64443,-5.88391,2016,9,United Kingdom of Great Britain and Northern Ireland,MATERIAL_SAMPLE
54.644683,-5.879751,2017,9,United Kingdom of Great Britain and Northern Ireland,HUMAN_OBSERVATION
54.644683,-5.879751,2017,9,United Kingdom of Great Britain and Northern Ireland,HUMAN_OBSERVATION
54.644823,-5.877639,2015,10,United Kingdom of Great Britain and Northern Ireland,HUMAN_OBSERVATION
54.644823,-5.877639,2015,10,United Kingdom of Great Britain and Northern Ireland,HUMAN_OBSERVATION
54.645482,-5.878319,2015,10,United Kingdom of Great Britain and Northern Ireland,MATERIAL_SAMPLE
54.6462,-1.13786,2014,9,United Kingdom of Great Britain and Northern Ireland,HUMAN_OBSERVATION
54.64651,-4.726682,2012,8,United Kingdom of Great Britain and Northern Ireland,HUMAN_OBSERVATION
54.64653,-4.726668,2012,8,United Kingdom of Great Britain and Northern Ireland,HUMAN_OBSERVATION
54.647867,-5.869353,2014,9,United Kingdom of Great Britain and Northern Ireland,HUMAN_OBSERVATION
54.647867,-5.869353,2014,9,United Kingdom of Great Britain and Northern Ireland,HUMAN_OBSERVATION
54.648138,-5.879429,2016,9,United Kingdom of Great Britain and Northern Ireland,HUMAN_OBSERVATION
54.648138,-5.879429,2016,9,United Kingdom of Great Britain and Northern Ireland,HUMAN_OBSERVATION
54.648439,-5.871424,2016,9,United Kingdom of Great Britain and Northern Ireland,HUMAN_OBSERVATION
54.648439,-5.871424,2016,9,United Kingdom of Great Britain and Northern Ireland,HUMAN_OBSERVATION
54.648658,-5.882933,2014,9,United Kingdom of Great Britain and Northern Ireland,MATERIAL_SAMPLE
54.64866,-5.87829,2016,9,United Kingdom of Great Britain and Northern Ireland,MATERIAL_SAMPLE
54.648764,-5.884312,2014,9,United Kingdom of Great Britain and Northern Ireland,HUMAN_OBSERVATION
54.648764,-5.884312,2014,9,United Kingdom of Great Britain and Northern Ireland,HUMAN_OBSERVATION
54.6489,-5.8702,2016,9,United Kingdom of Great Britain and Northern Ireland,MATERIAL_SAMPLE
54.648971,-5.871676,2013,9,United Kingdom of Great Britain and Northern Ireland,HUMAN_OBSERVATION
54.648971,-5.871676,2013,9,United Kingdom of Great Britain and Northern Ireland,HUMAN_OBSERVATION
54.648971,-5.871676,2013,9,United Kingdom of Great Britain and Northern Ireland,HUMAN_OBSERVATION
54.649017,-5.885375,2015,10,United Kingdom of Great Britain and Northern Ireland,HUMAN_OBSERVATION
54.649017,-5.885375,2015,10,United Kingdom of Great Britain and Northern Ireland,HUMAN_OBSERVATION
54.649083,-5.869633,2014,9,United Kingdom of Great Britain and Northern Ireland,MATERIAL_SAMPLE
54.649183,-5.878042,2014,9,United Kingdom of Great Britain and Northern Ireland,MATERIAL_SAMPLE
54.649298,-5.87073,2017,9,United Kingdom of Great Britain and Northern Ireland,HUMAN_OBSERVATION
54.649298,-5.87073,2017,9,United Kingdom of Great Britain and Northern Ireland,HUMAN_OBSERVATION
54.649548,-5.871359,2012,9,United Kingdom of Great Britain and Northern Ireland,HUMAN_OBSERVATION
54.64955,-5.871367,2012,9,United Kingdom of Great Britain and Northern Ireland,MATERIAL_SAMPLE
54.649609,-5.872564,2015,10,United Kingdom of Great Britain and Northern Ireland,MATERIAL_SAMPLE
54.64965,-5.886589,2015,10,United Kingdom of Great Britain and Northern Ireland,MATERIAL_SAMPLE
54.649908,-5.870425,2017,9,United Kingdom of Great Britain and Northern Ireland,MATERIAL_SAMPLE
54.650165,-5.878211,2014,9,United Kingdom of Great Britain and Northern Ireland,HUMAN_OBSERVATION
54.650165,-5.878211,2014,9,United Kingdom of Great Britain and Northern Ireland,HUMAN_OBSERVATION
54.650228,-5.873424,2015,10,United Kingdom of Great Britain and Northern Ireland,HUMAN_OBSERVATION
54.650228,-5.873424,2015,10,United Kingdom of Great Britain and Northern Ireland,HUMAN_OBSERVATION
54.650558,-5.873533,2013,9,United Kingdom of Great Britain and Northern Ireland,MATERIAL_SAMPLE
54.652967,-5.819611,2025,4,United Kingdom of Great Britain and Northern Ireland,HUMAN_OBSERVATION
54.65332,-5.818587,2025,4,United Kingdom of Great Britain and Northern Ireland,HUMAN_OBSERVATION
54.654117,-5.880508,2017,9,United Kingdom of Great Britain and Northern Ireland,MATERIAL_SAMPLE
54.65418,-5.879183,2013,9,United Kingdom of Great Britain and Northern Ireland,HUMAN_OBSERVATION
54.65418,-5.879183,2013,9,United Kingdom of Great Britain and Northern Ireland,HUMAN_OBSERVATION
54.65418,-5.879183,2013,9,United Kingdom of Great Britain and Northern Ireland,HUMAN_OBSERVATION
54.65435,-5.872758,2013,9,United Kingdom of Great Britain and Northern Ireland,MATERIAL_SAMPLE
54.654467,-5.873316,2014,9,United Kingdom of Great Britain and Northern Ireland,HUMAN_OBSERVATION
54.654467,-5.873316,2014,9,United Kingdom of Great Britain and Northern Ireland,HUMAN_OBSERVATION
54.654469,-5.88056,2017,9,United Kingdom of Great Britain and Northern Ireland,HUMAN_OBSERVATION
54.654469,-5.88056,2017,9,United Kingdom of Great Britain and Northern Ireland,HUMAN_OBSERVATION
54.654704,-5.861131,2016,9,United Kingdom of Great Britain and Northern Ireland,HUMAN_OBSERVATION
54.654704,-5.861131,2016,9,United Kingdom of Great Britain and Northern Ireland,HUMAN_OBSERVATION
54.65493,-5.86039,2016,9,United Kingdom of Great Britain and Northern Ireland,MATERIAL_SAMPLE
54.655165,-5.864153,2014,9,United Kingdom of Great Britain and Northern Ireland,HUMAN_OBSERVATION
54.655165,-5.864153,2014,9,United Kingdom of Great Britain and Northern Ireland,HUMAN_OBSERVATION
54.655167,-5.8293,2016,9,United Kingdom of Great Britain and Northern Ireland,HUMAN_OBSERVATION
54.655167,-5.8293,2016,9,United Kingdom of Great Britain and Northern Ireland,HUMAN_OBSERVATION
54.655267,-5.87405,2014,9,United Kingdom of Great Britain and Northern Ireland,MATERIAL_SAMPLE
54.655506,-5.864186,2015,10,United Kingdom of Great Britain and Northern Ireland,HUMAN_OBSERVATION
54.655506,-5.864186,2015,10,United Kingdom of Great Britain and Northern Ireland,HUMAN_OBSERVATION
54.655536,-5.829288,2016,9,United Kingdom of Great Britain and Northern Ireland,HUMAN_OBSERVATION
54.655536,-5.829288,2016,9,United Kingdom of Great Britain and Northern Ireland,HUMAN_OBSERVATION
54.655854,-5.863133,2017,9,United Kingdom of Great Britain and Northern Ireland,HUMAN_OBSERVATION
54.655854,-5.863133,2017,9,United Kingdom of Great Britain and Northern Ireland,HUMAN_OBSERVATION
54.655892,-5.8802,2013,9,United Kingdom of Great Britain and Northern Ireland,MATERIAL_SAMPLE
54.655892,-5.829283,2016,9,United Kingdom of Great Britain and Northern Ireland,MATERIAL_SAMPLE
54.655966,-5.874266,2013,9,United Kingdom of Great Britain and Northern Ireland,HUMAN_OBSERVATION
54.655966,-5.874266,2013,9,United Kingdom of Great Britain and Northern Ireland,HUMAN_OBSERVATION
54.655966,-5.874266,2013,9,United Kingdom of Great Britain and Northern Ireland,HUMAN_OBSERVATION
54.656104,-5.825557,2016,9,United Kingdom of Great Britain and Northern Ireland,HUMAN_OBSERVATION
54.656104,-5.825557,2016,9,United Kingdom of Great Britain and Northern Ireland,HUMAN_OBSERVATION
54.656158,-5.864433,2014,9,United Kingdom of Great Britain and Northern Ireland,MATERIAL_SAMPLE
54.656167,-5.86545,2013,9,United Kingdom of Great Britain and Northern Ireland,MATERIAL_SAMPLE
54.656233,-5.829,2016,9,United Kingdom of Great Britain and Northern Ireland,MATERIAL_SAMPLE
54.656269,-5.864923,2015,10,United Kingdom of Great Britain and Northern Ireland,MATERIAL_SAMPLE
54.656405,-5.863077,2019,10,United Kingdom of Great Britain and Northern Ireland,HUMAN_OBSERVATION
54.656499,-5.889332,2013,9,United Kingdom of Great Britain and Northern Ireland,HUMAN_OBSERVATION
54.656499,-5.889332,2013,9,United Kingdom of Great Britain and Northern Ireland,HUMAN_OBSERVATION
54.656499,-5.889332,2013,9,United Kingdom of Great Britain and Northern Ireland,HUMAN_OBSERVATION
54.656558,-5.863492,2017,9,United Kingdom of Great Britain and Northern Ireland,MATERIAL_SAMPLE
54.656621,-5.866169,2013,9,United Kingdom of Great Britain and Northern Ireland,HUMAN_OBSERVATION
54.656621,-5.866169,2013,9,United Kingdom of Great Britain and Northern Ireland,HUMAN_OBSERVATION
54.656621,-5.866169,2013,9,United Kingdom of Great Britain and Northern Ireland,HUMAN_OBSERVATION
54.656804,-5.860866,2015,10,United Kingdom of Great Britain and Northern Ireland,MATERIAL_SAMPLE
54.656867,-5.863524,2016,9,United Kingdom of Great Britain and Northern Ireland,HUMAN_OBSERVATION
54.656867,-5.863524,2016,9,United Kingdom of Great Britain and Northern Ireland,HUMAN_OBSERVATION
54.656892,-5.825375,2016,9,United Kingdom of Great Britain and Northern Ireland,MATERIAL_SAMPLE
54.65711,-5.86258,2016,9,United Kingdom of Great Britain and Northern Ireland,MATERIAL_SAMPLE
54.657175,-5.860833,2013,9,United Kingdom of Great Britain and Northern Ireland,MATERIAL_SAMPLE
54.657329,-5.840532,2015,10,United Kingdom of Great Britain and Northern Ireland,HUMAN_OBSERVATION
54.657329,-5.840532,2015,10,United Kingdom of Great Britain and Northern Ireland,HUMAN_OBSERVATION
54.657417,-5.888125,2013,9,United Kingdom of Great Britain and Northern Ireland,MATERIAL_SAMPLE
54.657548,-5.861913,2015,10,United Kingdom of Great Britain and Northern Ireland,HUMAN_OBSERVATION
54.657548,-5.861913,2015,10,United Kingdom of Great Britain and Northern Ireland,HUMAN_OBSERVATION
54.6576,-5.831092,2013,9,United Kingdom of Great Britain and Northern Ireland,MATERIAL_SAMPLE
54.657881,-5.832223,2013,9,United Kingdom of Great Britain and Northern Ireland,HUMAN_OBSERVATION
54.657881,-5.832223,2013,9,United Kingdom of Great Britain and Northern Ireland,HUMAN_OBSERVATION
54.657881,-5.832223,2013,9,United Kingdom of Great Britain and Northern Ireland,HUMAN_OBSERVATION
54.65797,-5.84021,2015,10,United Kingdom of Great Britain and Northern Ireland,MATERIAL_SAMPLE
54.657984,-5.864297,2013,9,United Kingdom of Great Britain and Northern Ireland,HUMAN_OBSERVATION
54.657984,-5.864297,2013,9,United Kingdom of Great Britain and Northern Ireland,HUMAN_OBSERVATION
54.657984,-5.864297,2013,9,United Kingdom of Great Britain and Northern Ireland,HUMAN_OBSERVATION
54.659108,-5.824558,2014,9,United Kingdom of Great Britain and Northern Ireland,MATERIAL_SAMPLE
54.659449,-5.826151,2014,9,United Kingdom of Great Britain and Northern Ireland,HUMAN_OBSERVATION
54.659449,-5.826151,2014,9,United Kingdom of Great Britain and Northern Ireland,HUMAN_OBSERVATION
54.659449,-5.826151,2014,9,United Kingdom of Great Britain and Northern Ireland,HUMAN_OBSERVATION
54.660501,-5.833805,2013,9,United Kingdom of Great Britain and Northern Ireland,HUMAN_OBSERVATION
54.660501,-5.833805,2013,9,United Kingdom of Great Britain and Northern Ireland,HUMAN_OBSERVATION
54.660501,-5.833805,2013,9,United Kingdom of Great Britain and Northern Ireland,HUMAN_OBSERVATION
54.660733,-5.834425,2013,9,United Kingdom of Great Britain and Northern Ireland,MATERIAL_SAMPLE
54.660796,-5.836718,2019,10,United Kingdom of Great Britain and Northern Ireland,HUMAN_OBSERVATION
54.660841,-5.884628,2016,9,United Kingdom of Great Britain and Northern Ireland,HUMAN_OBSERVATION
54.660841,-5.884628,2016,9,United Kingdom of Great Britain and Northern Ireland,HUMAN_OBSERVATION
54.661045,-5.883765,2016,9,United Kingdom of Great Britain and Northern Ireland,MATERIAL_SAMPLE
54.661312,-5.862891,2016,9,United Kingdom of Great Britain and Northern Ireland,HUMAN_OBSERVATION
54.661312,-5.862891,2016,9,United Kingdom of Great Britain and Northern Ireland,HUMAN_OBSERVATION
54.661466,-5.892305,2013,9,United Kingdom of Great Britain and Northern Ireland,HUMAN_OBSERVATION
54.661466,-5.892305,2013,9,United Kingdom of Great Britain and Northern Ireland,HUMAN_OBSERVATION
54.661466,-5.892305,2013,9,United Kingdom of Great Britain and Northern Ireland,HUMAN_OBSERVATION
54.66163,-5.86202,2016,9,United Kingdom of Great Britain and Northern Ireland,MATERIAL_SAMPLE
54.66185,-5.859217,2017,9,United Kingdom of Great Britain and Northern Ireland,MATERIAL_SAMPLE
54.661919,-5.857954,2017,9,United Kingdom of Great Britain and Northern Ireland,HUMAN_OBSERVATION
54.661919,-5.857954,2017,9,United Kingdom of Great Britain and Northern Ireland,HUMAN_OBSERVATION
54.661953,-5.860284,2019,10,United Kingdom of Great Britain and Northern Ireland,HUMAN_OBSERVATION
54.662267,-5.891517,2013,9,United Kingdom of Great Britain and Northern Ireland,MATERIAL_SAMPLE
54.662981,-5.872017,2013,9,United Kingdom of Great Britain and Northern Ireland,HUMAN_OBSERVATION
54.662981,-5.872017,2013,9,United Kingdom of Great Britain and Northern Ireland,HUMAN_OBSERVATION
54.662981,-5.872017,2013,9,United Kingdom of Great Britain and Northern Ireland,HUMAN_OBSERVATION
54.663216,-5.890176,2019,10,United Kingdom of Great Britain and Northern Ireland,HUMAN_OBSERVATION
54.663585,-5.805937,2015,10,United Kingdom of Great Britain and Northern Ireland,HUMAN_OBSERVATION
54.663585,-5.805937,2015,10,United Kingdom of Great Britain and Northern Ireland,HUMAN_OBSERVATION
54.663617,-5.870117,2013,9,United Kingdom of Great Britain and Northern Ireland,MATERIAL_SAMPLE
54.663649,-5.804469,2014,9,United Kingdom of Great Britain and Northern Ireland,HUMAN_OBSERVATION
54.663649,-5.804469,2014,9,United Kingdom of Great Britain and Northern Ireland,HUMAN_OBSERVATION
54.663649,-5.804469,2014,9,United Kingdom of Great Britain and Northern Ireland,HUMAN_OBSERVATION
54.663763,-5.807099,2015,10,United Kingdom of Great Britain and Northern Ireland,MATERIAL_SAMPLE
54.66385,-5.855042,2014,9,United Kingdom of Great Britain and Northern Ireland,MATERIAL_SAMPLE
54.66385,-5.807692,2013,9,United Kingdom of Great Britain and Northern Ireland,MATERIAL_SAMPLE
54.66385,-5.80715,2017,9,United Kingdom of Great Britain and Northern Ireland,MATERIAL_SAMPLE
54.663925,-5.806392,2014,9,United Kingdom of Great Britain and Northern Ireland,MATERIAL_SAMPLE
54.663986,-5.807185,2016,9,United Kingdom of Great Britain and Northern Ireland,HUMAN_OBSERVATION
54.663986,-5.807185,2016,9,United Kingdom of Great Britain and Northern Ireland,HUMAN_OBSERVATION
54.664088,-5.809102,2013,9,United Kingdom of Great Britain and Northern Ireland,HUMAN_OBSERVATION
54.664088,-5.809102,2013,9,United Kingdom of Great Britain and Northern Ireland,HUMAN_OBSERVATION
54.664088,-5.809102,2013,9,United Kingdom of Great Britain and Northern Ireland,HUMAN_OBSERVATION
54.664248,-5.806868,2017,9,United Kingdom of Great Britain and Northern Ireland,HUMAN_OBSERVATION
54.664248,-5.806868,2017,9,United Kingdom of Great Britain and Northern Ireland,HUMAN_OBSERVATION
54.66426,-5.6688,2012,6,United Kingdom of Great Britain and Northern Ireland,HUMAN_OBSERVATION
54.66426,-5.6688,2011,8,United Kingdom of Great Britain and Northern Ireland,HUMAN_OBSERVATION
54.664283,-5.805842,2016,9,United Kingdom of Great Britain and Northern Ireland,MATERIAL_SAMPLE
54.66442,-5.669622,2011,3,United Kingdom of Great Britain and Northern Ireland,HUMAN_OBSERVATION
54.66443,-5.806513,2019,10,United Kingdom of Great Britain and Northern Ireland,HUMAN_OBSERVATION
54.664436,-5.855446,2014,9,United Kingdom of Great Britain and Northern Ireland,HUMAN_OBSERVATION
54.664436,-5.855446,2014,9,United Kingdom of Great Britain and Northern Ireland,HUMAN_OBSERVATION
54.664436,-5.855446,2014,9,United Kingdom of Great Britain and Northern Ireland,HUMAN_OBSERVATION
54.664674,-5.897285,2024,3,United Kingdom of Great Britain and Northern Ireland,HUMAN_OBSERVATION
54.66492,-5.671296,2014,9,United Kingdom of Great Britain and Northern Ireland,HUMAN_OBSERVATION
54.66492,-5.671296,2013,8,United Kingdom of Great Britain and Northern Ireland,HUMAN_OBSERVATION
54.66492,-5.671296,2012,9,United Kingdom of Great Britain and Northern Ireland,HUMAN_OBSERVATION
54.664933,-5.893847,2014,9,United Kingdom of Great Britain and Northern Ireland,HUMAN_OBSERVATION
54.664933,-5.893847,2014,9,United Kingdom of Great Britain and Northern Ireland,HUMAN_OBSERVATION
54.665032,-5.828755,2019,10,United Kingdom of Great Britain and Northern Ireland,HUMAN_OBSERVATION
54.665126,-5.830101,2015,10,United Kingdom of Great Britain and Northern Ireland,MATERIAL_SAMPLE
54.665168,-5.893249,2015,10,United Kingdom of Great Britain and Northern Ireland,HUMAN_OBSERVATION
54.665168,-5.893249,2015,10,United Kingdom of Great Britain and Northern Ireland,HUMAN_OBSERVATION
54.665503,-5.865974,2019,10,United Kingdom of Great Britain and Northern Ireland,HUMAN_OBSERVATION
54.6656,-5.68931,2013,12,United Kingdom of Great Britain and Northern Ireland,HUMAN_OBSERVATION
54.66568,-5.89328,2015,10,United Kingdom of Great Britain and Northern Ireland,MATERIAL_SAMPLE
54.665952,-5.887599,2016,9,United Kingdom of Great Britain and Northern Ireland,HUMAN_OBSERVATION
54.665952,-5.887599,2016,9,United Kingdom of Great Britain and Northern Ireland,HUMAN_OBSERVATION
54.66597,-5.666767,2020,7,United Kingdom of Great Britain and Northern Ireland,HUMAN_OBSERVATION
54.66603,-5.667764,2020,7,United Kingdom of Great Britain and Northern Ireland,HUMAN_OBSERVATION
54.66603,-5.667764,2020,7,United Kingdom of Great Britain and Northern Ireland,HUMAN_OBSERVATION
54.666083,-5.893233,2014,9,United Kingdom of Great Britain and Northern Ireland,MATERIAL_SAMPLE
54.666126,-5.796422,2015,10,United Kingdom of Great Britain and Northern Ireland,MATERIAL_SAMPLE
54.666218,-5.829084,2015,10,United Kingdom of Great Britain and Northern Ireland,HUMAN_OBSERVATION
54.666218,-5.829084,2015,10,United Kingdom of Great Britain and Northern Ireland,HUMAN_OBSERVATION
54.66623,-5.886785,2016,9,United Kingdom of Great Britain and Northern Ireland,MATERIAL_SAMPLE
54.666252,-5.798895,2016,9,United Kingdom of Great Britain and Northern Ireland,HUMAN_OBSERVATION
54.666252,-5.798895,2016,9,United Kingdom of Great Britain and Northern Ireland,HUMAN_OBSERVATION
54.666575,-5.797708,2016,9,United Kingdom of Great Britain and Northern Ireland,MATERIAL_SAMPLE
54.666589,-5.885131,2015,10,United Kingdom of Great Britain and Northern Ireland,HUMAN_OBSERVATION
54.666589,-5.885131,2015,10,United Kingdom of Great Britain and Northern Ireland,HUMAN_OBSERVATION
54.666598,-5.885411,2013,9,United Kingdom of Great Britain and Northern Ireland,HUMAN_OBSERVATION
54.666598,-5.885411,2013,9,United Kingdom of Great Britain and Northern Ireland,HUMAN_OBSERVATION
54.666598,-5.885411,2013,9,United Kingdom of Great Britain and Northern Ireland,HUMAN_OBSERVATION
54.666619,-5.884068,2015,10,United Kingdom of Great Britain and Northern Ireland,MATERIAL_SAMPLE
54.6667,-5.79845,2013,9,United Kingdom of Great Britain and Northern Ireland,MATERIAL_SAMPLE
54.666817,-5.797799,2015,10,United Kingdom of Great Britain and Northern Ireland,HUMAN_OBSERVATION
54.666817,-5.797799,2015,10,United Kingdom of Great Britain and Northern Ireland,HUMAN_OBSERVATION
54.666834,-5.894293,2016,9,United Kingdom of Great Britain and Northern Ireland,HUMAN_OBSERVATION
54.666834,-5.894293,2016,9,United Kingdom of Great Britain and Northern Ireland,HUMAN_OBSERVATION
54.666851,-5.890136,2013,9,United Kingdom of Great Britain and Northern Ireland,HUMAN_OBSERVATION
54.666851,-5.890136,2013,9,United Kingdom of Great Britain and Northern Ireland,HUMAN_OBSERVATION
54.666851,-5.890136,2013,9,United Kingdom of Great Britain and Northern Ireland,HUMAN_OBSERVATION
54.666965,-5.796246,2014,9,United Kingdom of Great Britain and Northern Ireland,HUMAN_OBSERVATION
54.666965,-5.796246,2014,9,United Kingdom of Great Britain and Northern Ireland,HUMAN_OBSERVATION
54.666965,-5.796246,2014,9,United Kingdom of Great Britain and Northern Ireland,HUMAN_OBSERVATION
54.66705,-5.810994,2014,9,United Kingdom of Great Britain and Northern Ireland,HUMAN_OBSERVATION
54.66705,-5.810994,2014,9,United Kingdom of Great Britain and Northern Ireland,HUMAN_OBSERVATION
54.66705,-5.810994,2014,9,United Kingdom of Great Britain and Northern Ireland,HUMAN_OBSERVATION
54.667087,-5.79981,2013,9,United Kingdom of Great Britain and Northern Ireland,HUMAN_OBSERVATION
54.667087,-5.79981,2013,9,United Kingdom of Great Britain and Northern Ireland,HUMAN_OBSERVATION
54.667087,-5.79981,2013,9,United Kingdom of Great Britain and Northern Ireland,HUMAN_OBSERVATION
54.667225,-5.7981,2017,9,United Kingdom of Great Britain and Northern Ireland,MATERIAL_SAMPLE
54.667242,-5.797717,2014,9,United Kingdom of Great Britain and Northern Ireland,MATERIAL_SAMPLE
54.667375,-5.81475,2014,9,United Kingdom of Great Britain and Northern Ireland,MATERIAL_SAMPLE
54.667377,-5.798007,2019,10,United Kingdom of Great Britain and Northern Ireland,HUMAN_OBSERVATION
54.667383,-5.884558,2013,9,United Kingdom of Great Britain and Northern Ireland,MATERIAL_SAMPLE
54.667404,-5.797156,2017,9,United Kingdom of Great Britain and Northern Ireland,HUMAN_OBSERVATION
54.667404,-5.797156,2017,9,United Kingdom of Great Britain and Northern Ireland,HUMAN_OBSERVATION
54.667425,-5.84455,2013,9,United Kingdom of Great Britain and Northern Ireland,MATERIAL_SAMPLE
54.66745,-5.89165,2013,9,United Kingdom of Great Britain and Northern Ireland,MATERIAL_SAMPLE
54.667458,-5.875292,2013,9,United Kingdom of Great Britain and Northern Ireland,MATERIAL_SAMPLE
54.667484,-5.891981,2017,9,United Kingdom of Great Britain and Northern Ireland,HUMAN_OBSERVATION
54.667484,-5.891981,2017,9,United Kingdom of Great Britain and Northern Ireland,HUMAN_OBSERVATION
54.66766,-5.893195,2016,9,United Kingdom of Great Britain and Northern Ireland,MATERIAL_SAMPLE
54.667875,-5.891517,2017,9,United Kingdom of Great Britain and Northern Ireland,MATERIAL_SAMPLE
54.66792,-5.682956,2019,6,United Kingdom of Great Britain and Northern Ireland,HUMAN_OBSERVATION
54.66792,-5.682956,2017,6,United Kingdom of Great Britain and Northern Ireland,HUMAN_OBSERVATION
54.667954,-5.874555,2013,9,United Kingdom of Great Britain and Northern Ireland,HUMAN_OBSERVATION
54.667954,-5.874555,2013,9,United Kingdom of Great Britain and Northern Ireland,HUMAN_OBSERVATION
54.667954,-5.874555,2013,9,United Kingdom of Great Britain and Northern Ireland,HUMAN_OBSERVATION
54.66808,-5.682878,2019,7,United Kingdom of Great Britain and Northern Ireland,HUMAN_OBSERVATION
54.66808,-5.682878,2018,7,United Kingdom of Great Britain and Northern Ireland,HUMAN_OBSERVATION
54.66808,-5.682878,2018,8,United Kingdom of Great Britain and Northern Ireland,HUMAN_OBSERVATION
54.66809,-5.682584,2018,3,United Kingdom of Great Britain and Northern Ireland,HUMAN_OBSERVATION
54.66809,-5.682475,2018,3,United Kingdom of Great Britain and Northern Ireland,HUMAN_OBSERVATION
54.66809,-5.682475,2017,9,United Kingdom of Great Britain and Northern Ireland,HUMAN_OBSERVATION
54.66809,-5.682475,2017,9,United Kingdom of Great Britain and Northern Ireland,HUMAN_OBSERVATION
54.66809,-5.682475,2016,10,United Kingdom of Great Britain and Northern Ireland,HUMAN_OBSERVATION
54.66818,-5.891024,2019,10,United Kingdom of Great Britain and Northern Ireland,HUMAN_OBSERVATION
54.66818,-5.865235,2013,9,United Kingdom of Great Britain and Northern Ireland,HUMAN_OBSERVATION
54.66818,-5.865235,2013,9,United Kingdom of Great Britain and Northern Ireland,HUMAN_OBSERVATION
54.66818,-5.865235,2013,9,United Kingdom of Great Britain and Northern Ireland,HUMAN_OBSERVATION
54.66819,-5.682298,2017,6,United Kingdom of Great Britain and Northern Ireland,HUMAN_OBSERVATION
54.66819,-5.682298,2017,6,United Kingdom of Great Britain and Northern Ireland,HUMAN_OBSERVATION
54.66822,-5.805681,2008,2,United Kingdom of Great Britain and Northern Ireland,HUMAN_OBSERVATION
54.66822,-5.805681,2008,2,United Kingdom of Great Britain and Northern Ireland,HUMAN_OBSERVATION
54.66822,-5.805681,2007,2,United Kingdom of Great Britain and Northern Ireland,HUMAN_OBSERVATION
54.66822,-5.805681,2007,2,United Kingdom of Great Britain and Northern Ireland,HUMAN_OBSERVATION
54.66822,-5.805681,2007,2,United Kingdom of Great Britain and Northern Ireland,HUMAN_OBSERVATION
54.66822,-5.805681,2007,2,United Kingdom of Great Britain and Northern Ireland,HUMAN_OBSERVATION
54.66822,-5.805681,2007,2,United Kingdom of Great Britain and Northern Ireland,HUMAN_OBSERVATION
54.66822,-5.805681,2007,2,United Kingdom of Great Britain and Northern Ireland,HUMAN_OBSERVATION
54.66822,-5.805681,2007,2,United Kingdom of Great Britain and Northern Ireland,HUMAN_OBSERVATION
54.66822,-5.805681,2007,2,United Kingdom of Great Britain and Northern Ireland,HUMAN_OBSERVATION
54.66822,-5.805681,2006,3,United Kingdom of Great Britain and Northern Ireland,HUMAN_OBSERVATION
54.66822,-5.805681,2006,3,United Kingdom of Great Britain and Northern Ireland,HUMAN_OBSERVATION
54.66822,-5.805681,2005,3,United Kingdom of Great Britain and Northern Ireland,HUMAN_OBSERVATION
54.66822,-5.805681,2005,3,United Kingdom of Great Britain and Northern Ireland,HUMAN_OBSERVATION
54.66822,-5.805681,2004,4,United Kingdom of Great Britain and Northern Ireland,HUMAN_OBSERVATION
54.66822,-5.805681,2004,4,United Kingdom of Great Britain and Northern Ireland,HUMAN_OBSERVATION
54.66822,-5.805681,2004,4,United Kingdom of Great Britain and Northern Ireland,HUMAN_OBSERVATION
54.66822,-5.805681,2004,4,United Kingdom of Great Britain and Northern Ireland,HUMAN_OBSERVATION
54.66822,-5.805681,2004,4,United Kingdom of Great Britain and Northern Ireland,HUMAN_OBSERVATION
54.66822,-5.805681,2004,4,United Kingdom of Great Britain and Northern Ireland,HUMAN_OBSERVATION
54.66822,-5.805681,2003,3,United Kingdom of Great Britain and Northern Ireland,HUMAN_OBSERVATION
54.66822,-5.805681,2003,3,United Kingdom of Great Britain and Northern Ireland,HUMAN_OBSERVATION
54.66822,-5.805681,2003,3,United Kingdom of Great Britain and Northern Ireland,HUMAN_OBSERVATION
54.66822,-5.805681,2003,3,United Kingdom of Great Britain and Northern Ireland,HUMAN_OBSERVATION
54.66822,-5.805681,2003,3,United Kingdom of Great Britain and Northern Ireland,HUMAN_OBSERVATION
54.66822,-5.805681,2003,3,United Kingdom of Great Britain and Northern Ireland,HUMAN_OBSERVATION
54.66822,-5.805681,2002,3,United Kingdom of Great Britain and Northern Ireland,HUMAN_OBSERVATION
54.66822,-5.805681,2002,3,United Kingdom of Great Britain and Northern Ireland,HUMAN_OBSERVATION
54.66822,-5.805681,2002,3,United Kingdom of Great Britain and Northern Ireland,HUMAN_OBSERVATION
54.66822,-5.805681,2002,3,United Kingdom of Great Britain and Northern Ireland,HUMAN_OBSERVATION
54.66822,-5.805681,1999,5,United Kingdom of Great Britain and Northern Ireland,HUMAN_OBSERVATION
54.66822,-5.805681,1999,5,United Kingdom of Great Britain and Northern Ireland,HUMAN_OBSERVATION
54.66822,-5.805681,1999,5,United Kingdom of Great Britain and Northern Ireland,HUMAN_OBSERVATION
54.66822,-5.805681,1999,5,United Kingdom of Great Britain and Northern Ireland,HUMAN_OBSERVATION
54.66852,-5.68208,2017,9,United Kingdom of Great Britain and Northern Ireland,HUMAN_OBSERVATION
54.668524,-5.855586,2019,10,United Kingdom of Great Britain and Northern Ireland,HUMAN_OBSERVATION
54.668558,-5.863567,2013,9,United Kingdom of Great Britain and Northern Ireland,MATERIAL_SAMPLE
54.66858,-5.682955,2018,9,United Kingdom of Great Britain and Northern Ireland,HUMAN_OBSERVATION
54.668581,-5.843597,2013,9,United Kingdom of Great Britain and Northern Ireland,HUMAN_OBSERVATION
54.668581,-5.843597,2013,9,United Kingdom of Great Britain and Northern Ireland,HUMAN_OBSERVATION
54.668581,-5.843597,2013,9,United Kingdom of Great Britain and Northern Ireland,HUMAN_OBSERVATION
54.66859,-5.651036,2019,7,United Kingdom of Great Britain and Northern Ireland,HUMAN_OBSERVATION
54.66859,-5.651036,2019,7,United Kingdom of Great Britain and Northern Ireland,HUMAN_OBSERVATION
54.66859,-5.651036,2019,8,United Kingdom of Great Britain and Northern Ireland,HUMAN_OBSERVATION
54.66859,-5.651036,2019,8,United Kingdom of Great Britain and Northern Ireland,HUMAN_OBSERVATION
54.66859,-5.651036,2018,6,United Kingdom of Great Britain and Northern Ireland,HUMAN_OBSERVATION
54.66859,-5.651036,2017,8,United Kingdom of Great Britain and Northern Ireland,HUMAN_OBSERVATION
54.66859,-5.651036,2017,8,United Kingdom of Great Britain and Northern Ireland,HUMAN_OBSERVATION
54.66859,-5.651036,2017,9,United Kingdom of Great Britain and Northern Ireland,HUMAN_OBSERVATION
54.66859,-5.651036,2017,9,United Kingdom of Great Britain and Northern Ireland,HUMAN_OBSERVATION
54.66859,-5.651036,2017,10,United Kingdom of Great Britain and Northern Ireland,HUMAN_OBSERVATION
54.66859,-5.651036,2017,10,United Kingdom of Great Britain and Northern Ireland,HUMAN_OBSERVATION
54.66859,-5.651036,2016,6,United Kingdom of Great Britain and Northern Ireland,HUMAN_OBSERVATION
54.66859,-5.651036,2016,10,United Kingdom of Great Britain and Northern Ireland,HUMAN_OBSERVATION
54.66859,-5.651036,2016,10,United Kingdom of Great Britain and Northern Ireland,HUMAN_OBSERVATION
54.66863,-5.683564,2020,7,United Kingdom of Great Britain and Northern Ireland,HUMAN_OBSERVATION
54.6687,-5.683865,2017,7,United Kingdom of Great Britain and Northern Ireland,HUMAN_OBSERVATION
54.6688,-5.682773,2019,11,United Kingdom of Great Britain and Northern Ireland,HUMAN_OBSERVATION
54.669133,-5.871083,2012,9,United Kingdom of Great Britain and Northern Ireland,MATERIAL_SAMPLE
54.669135,-5.871083,2012,9,United Kingdom of Great Britain and Northern Ireland,HUMAN_OBSERVATION
54.66917,-5.511667,1985,7,United Kingdom of Great Britain and Northern Ireland,HUMAN_OBSERVATION
54.669252,-5.808469,2017,9,United Kingdom of Great Britain and Northern Ireland,HUMAN_OBSERVATION
54.669252,-5.808469,2017,9,United Kingdom of Great Britain and Northern Ireland,HUMAN_OBSERVATION
54.669708,-5.727649,2023,10,United Kingdom of Great Britain and Northern Ireland,HUMAN_OBSERVATION
54.669748,-5.804109,2015,10,United Kingdom of Great Britain and Northern Ireland,HUMAN_OBSERVATION
54.669748,-5.804109,2015,10,United Kingdom of Great Britain and Northern Ireland,HUMAN_OBSERVATION
54.66977,-5.683977,2019,7,United Kingdom of Great Britain and Northern Ireland,HUMAN_OBSERVATION
54.66977,-5.683977,2019,7,United Kingdom of Great Britain and Northern Ireland,HUMAN_OBSERVATION
54.669785,-5.805316,2015,10,United Kingdom of Great Britain and Northern Ireland,MATERIAL_SAMPLE
54.669883,-5.807467,2017,9,United Kingdom of Great Britain and Northern Ireland,MATERIAL_SAMPLE
54.66993,-5.808975,2016,3,United Kingdom of Great Britain and Northern Ireland,HUMAN_OBSERVATION
54.67,-5.81,2016,3,United Kingdom of Great Britain and Northern Ireland,HUMAN_OBSERVATION
54.670002,-5.805483,2014,9,United Kingdom of Great Britain and Northern Ireland,HUMAN_OBSERVATION
54.670002,-5.805483,2014,9,United Kingdom of Great Britain and Northern Ireland,HUMAN_OBSERVATION
54.670002,-5.805483,2014,9,United Kingdom of Great Britain and Northern Ireland,HUMAN_OBSERVATION
54.670081,-5.869916,2019,10,United Kingdom of Great Britain and Northern Ireland,HUMAN_OBSERVATION
54.670092,-5.804225,2016,9,United Kingdom of Great Britain and Northern Ireland,MATERIAL_SAMPLE
54.67012,-5.656201,2020,12,United Kingdom of Great Britain and Northern Ireland,HUMAN_OBSERVATION
54.67014,-5.65625,2020,9,United Kingdom of Great Britain and Northern Ireland,HUMAN_OBSERVATION
54.67014,-5.65625,2020,11,United Kingdom of Great Britain and Northern Ireland,HUMAN_OBSERVATION
54.67014,-5.656203,2021,4,United Kingdom of Great Britain and Northern Ireland,HUMAN_OBSERVATION
54.670142,-5.807433,2014,9,United Kingdom of Great Britain and Northern Ireland,MATERIAL_SAMPLE
54.67017,-5.656206,2021,4,United Kingdom of Great Britain and Northern Ireland,HUMAN_OBSERVATION
54.67017,-5.656051,2021,8,United Kingdom of Great Britain and Northern Ireland,HUMAN_OBSERVATION
54.670253,-5.657108,2024,2,United Kingdom of Great Britain and Northern Ireland,HUMAN_OBSERVATION
54.670253,-5.657108,2024,2,United Kingdom of Great Britain and Northern Ireland,HUMAN_OBSERVATION
54.670732,-5.803441,2016,9,United Kingdom of Great Britain and Northern Ireland,HUMAN_OBSERVATION
54.670732,-5.803441,2016,9,United Kingdom of Great Britain and Northern Ireland,HUMAN_OBSERVATION
54.67074,-5.656273,2020,8,United Kingdom of Great Britain and Northern Ireland,HUMAN_OBSERVATION
54.670875,-5.863056,2019,10,United Kingdom of Great Britain and Northern Ireland,HUMAN_OBSERVATION
54.670884,-5.657048,2020,9,United Kingdom of Great Britain and Northern Ireland,HUMAN_OBSERVATION
54.670884,-5.657048,2020,9,United Kingdom of Great Britain and Northern Ireland,HUMAN_OBSERVATION
54.6709,-5.654984,2020,11,United Kingdom of Great Britain and Northern Ireland,HUMAN_OBSERVATION
54.6709,-5.654984,2020,11,United Kingdom of Great Britain and Northern Ireland,HUMAN_OBSERVATION
54.67091,-5.572787,2017,2,United Kingdom of Great Britain and Northern Ireland,HUMAN_OBSERVATION
54.670966,-5.575059,2022,8,United Kingdom of Great Britain and Northern Ireland,HUMAN_OBSERVATION
54.671227,-5.790202,2015,10,United Kingdom of Great Britain and Northern Ireland,MATERIAL_SAMPLE
54.671228,-5.790205,2015,10,United Kingdom of Great Britain and Northern Ireland,HUMAN_OBSERVATION
54.671228,-5.790205,2015,10,United Kingdom of Great Britain and Northern Ireland,HUMAN_OBSERVATION
54.671233,-5.782233,2012,9,United Kingdom of Great Britain and Northern Ireland,MATERIAL_SAMPLE
54.671235,-5.782229,2012,9,United Kingdom of Great Britain and Northern Ireland,HUMAN_OBSERVATION
54.671356,-5.888752,2015,10,United Kingdom of Great Britain and Northern Ireland,HUMAN_OBSERVATION
54.671356,-5.888752,2015,10,United Kingdom of Great Britain and Northern Ireland,HUMAN_OBSERVATION
54.671464,-5.890159,2016,9,United Kingdom of Great Britain and Northern Ireland,HUMAN_OBSERVATION
54.671464,-5.890159,2016,9,United Kingdom of Great Britain and Northern Ireland,HUMAN_OBSERVATION
54.671484,-5.790073,2013,9,United Kingdom of Great Britain and Northern Ireland,HUMAN_OBSERVATION
54.671484,-5.790073,2013,9,United Kingdom of Great Britain and Northern Ireland,HUMAN_OBSERVATION
54.671484,-5.790073,2013,9,United Kingdom of Great Britain and Northern Ireland,HUMAN_OBSERVATION
54.671625,-5.888945,2016,9,United Kingdom of Great Britain and Northern Ireland,MATERIAL_SAMPLE
54.671771,-5.793529,2016,9,United Kingdom of Great Britain and Northern Ireland,HUMAN_OBSERVATION
54.671771,-5.793529,2016,9,United Kingdom of Great Britain and Northern Ireland,HUMAN_OBSERVATION
54.671808,-5.887543,2015,10,United Kingdom of Great Britain and Northern Ireland,MATERIAL_SAMPLE
54.671842,-5.886408,2013,9,United Kingdom of Great Britain and Northern Ireland,MATERIAL_SAMPLE
54.671908,-5.791992,2013,9,United Kingdom of Great Britain and Northern Ireland,MATERIAL_SAMPLE
54.671946,-5.885224,2013,9,United Kingdom of Great Britain and Northern Ireland,HUMAN_OBSERVATION
54.671946,-5.885224,2013,9,United Kingdom of Great Britain and Northern Ireland,HUMAN_OBSERVATION
54.671946,-5.885224,2013,9,United Kingdom of Great Britain and Northern Ireland,HUMAN_OBSERVATION
54.67195,-5.792442,2016,9,United Kingdom of Great Britain and Northern Ireland,MATERIAL_SAMPLE
54.672009,-5.895538,2024,7,United Kingdom of Great Britain and Northern Ireland,HUMAN_OBSERVATION
54.672036,-5.791413,2014,9,United Kingdom of Great Britain and Northern Ireland,HUMAN_OBSERVATION
54.672036,-5.791413,2014,9,United Kingdom of Great Britain and Northern Ireland,HUMAN_OBSERVATION
54.672036,-5.791413,2014,9,United Kingdom of Great Britain and Northern Ireland,HUMAN_OBSERVATION
54.672267,-5.895353,2024,9,United Kingdom of Great Britain and Northern Ireland,HUMAN_OBSERVATION
54.67245,-5.792767,2014,9,United Kingdom of Great Britain and Northern Ireland,MATERIAL_SAMPLE
54.672467,-5.791406,2012,9,United Kingdom of Great Britain and Northern Ireland,HUMAN_OBSERVATION
54.672467,-5.7914,2012,9,United Kingdom of Great Britain and Northern Ireland,MATERIAL_SAMPLE
54.67296,-5.534482,2021,10,United Kingdom of Great Britain and Northern Ireland,HUMAN_OBSERVATION
54.67312,-5.808669,2006,3,United Kingdom of Great Britain and Northern Ireland,HUMAN_OBSERVATION
54.67312,-5.808669,2006,3,United Kingdom of Great Britain and Northern Ireland,HUMAN_OBSERVATION
54.67312,-5.808669,2004,5,United Kingdom of Great Britain and Northern Ireland,HUMAN_OBSERVATION
54.67312,-5.808669,2004,5,United Kingdom of Great Britain and Northern Ireland,HUMAN_OBSERVATION
54.67312,-5.808669,2004,5,United Kingdom of Great Britain and Northern Ireland,HUMAN_OBSERVATION
54.67312,-5.808669,2004,5,United Kingdom of Great Britain and Northern Ireland,HUMAN_OBSERVATION
54.673162,-5.886007,2019,10,United Kingdom of Great Britain and Northern Ireland,HUMAN_OBSERVATION
54.674583,-5.836542,2014,9,United Kingdom of Great Britain and Northern Ireland,MATERIAL_SAMPLE
54.675067,-5.841708,2013,9,United Kingdom of Great Britain and Northern Ireland,MATERIAL_SAMPLE
54.675118,-5.854396,2014,9,United Kingdom of Great Britain and Northern Ireland,HUMAN_OBSERVATION
54.675118,-5.854396,2014,9,United Kingdom of Great Britain and Northern Ireland,HUMAN_OBSERVATION
54.675247,-5.835894,2016,9,United Kingdom of Great Britain and Northern Ireland,HUMAN_OBSERVATION
54.675247,-5.835894,2016,9,United Kingdom of Great Britain and Northern Ireland,HUMAN_OBSERVATION
54.67533,-5.840371,2014,9,United Kingdom of Great Britain and Northern Ireland,HUMAN_OBSERVATION
54.67533,-5.840371,2014,9,United Kingdom of Great Britain and Northern Ireland,HUMAN_OBSERVATION
54.6754,-5.8384,2017,9,United Kingdom of Great Britain and Northern Ireland,MATERIAL_SAMPLE
54.675417,-5.836764,2019,10,United Kingdom of Great Britain and Northern Ireland,HUMAN_OBSERVATION
54.675441,-5.883664,2016,9,United Kingdom of Great Britain and Northern Ireland,HUMAN_OBSERVATION
54.675441,-5.883664,2016,9,United Kingdom of Great Britain and Northern Ireland,HUMAN_OBSERVATION
54.675452,-5.835944,2014,9,United Kingdom of Great Britain and Northern Ireland,HUMAN_OBSERVATION
54.675452,-5.835944,2014,9,United Kingdom of Great Britain and Northern Ireland,HUMAN_OBSERVATION
54.675534,-5.837333,2017,9,United Kingdom of Great Britain and Northern Ireland,HUMAN_OBSERVATION
54.675534,-5.837333,2017,9,United Kingdom of Great Britain and Northern Ireland,HUMAN_OBSERVATION
54.675665,-5.88236,2016,9,United Kingdom of Great Britain and Northern Ireland,MATERIAL_SAMPLE
54.675763,-5.864048,2013,9,United Kingdom of Great Britain and Northern Ireland,HUMAN_OBSERVATION
54.675763,-5.864048,2013,9,United Kingdom of Great Britain and Northern Ireland,HUMAN_OBSERVATION
54.675763,-5.864048,2013,9,United Kingdom of Great Britain and Northern Ireland,HUMAN_OBSERVATION
54.675783,-5.834708,2016,9,United Kingdom of Great Britain and Northern Ireland,MATERIAL_SAMPLE
54.675913,-5.615467,2024,12,United Kingdom of Great Britain and Northern Ireland,HUMAN_OBSERVATION
54.675913,-5.615467,2024,12,United Kingdom of Great Britain and Northern Ireland,HUMAN_OBSERVATION
54.675996,-5.840915,2013,9,United Kingdom of Great Britain and Northern Ireland,HUMAN_OBSERVATION
54.675996,-5.840915,2013,9,United Kingdom of Great Britain and Northern Ireland,HUMAN_OBSERVATION
54.675996,-5.840915,2013,9,United Kingdom of Great Britain and Northern Ireland,HUMAN_OBSERVATION
54.675997,-5.839177,2016,9,United Kingdom of Great Britain and Northern Ireland,HUMAN_OBSERVATION
54.675997,-5.839177,2016,9,United Kingdom of Great Britain and Northern Ireland,HUMAN_OBSERVATION
54.67605,-5.882767,2013,9,United Kingdom of Great Britain and Northern Ireland,MATERIAL_SAMPLE
54.67606,-5.614103,2020,1,United Kingdom of Great Britain and Northern Ireland,HUMAN_OBSERVATION
54.676155,-5.881853,2015,10,United Kingdom of Great Britain and Northern Ireland,MATERIAL_SAMPLE
54.676158,-5.855767,2014,9,United Kingdom of Great Britain and Northern Ireland,MATERIAL_SAMPLE
54.6762,-5.839717,2014,9,United Kingdom of Great Britain and Northern Ireland,MATERIAL_SAMPLE
54.6763,-5.856805,2019,10,United Kingdom of Great Britain and Northern Ireland,HUMAN_OBSERVATION
54.676387,-5.857449,2013,9,United Kingdom of Great Britain and Northern Ireland,HUMAN_OBSERVATION
54.676387,-5.857449,2013,9,United Kingdom of Great Britain and Northern Ireland,HUMAN_OBSERVATION
54.676387,-5.857449,2013,9,United Kingdom of Great Britain and Northern Ireland,HUMAN_OBSERVATION
54.676412,-5.882252,2013,9,United Kingdom of Great Britain and Northern Ireland,HUMAN_OBSERVATION
54.676412,-5.882252,2013,9,United Kingdom of Great Britain and Northern Ireland,HUMAN_OBSERVATION
54.676412,-5.882252,2013,9,United Kingdom of Great Britain and Northern Ireland,HUMAN_OBSERVATION
54.676583,-5.838042,2016,9,United Kingdom of Great Britain and Northern Ireland,MATERIAL_SAMPLE
54.676653,-5.858421,2015,10,United Kingdom of Great Britain and Northern Ireland,HUMAN_OBSERVATION
54.676653,-5.858421,2015,10,United Kingdom of Great Britain and Northern Ireland,HUMAN_OBSERVATION
54.676658,-5.880992,2014,9,United Kingdom of Great Britain and Northern Ireland,MATERIAL_SAMPLE
54.676669,-5.869737,2019,10,United Kingdom of Great Britain and Northern Ireland,HUMAN_OBSERVATION
54.676712,-5.88076,2015,10,United Kingdom of Great Britain and Northern Ireland,HUMAN_OBSERVATION
54.676712,-5.88076,2015,10,United Kingdom of Great Britain and Northern Ireland,HUMAN_OBSERVATION
54.676725,-5.864275,2013,9,United Kingdom of Great Britain and Northern Ireland,MATERIAL_SAMPLE
54.676875,-5.879958,2017,9,United Kingdom of Great Britain and Northern Ireland,MATERIAL_SAMPLE
54.676886,-5.840363,2013,9,United Kingdom of Great Britain and Northern Ireland,HUMAN_OBSERVATION
54.676886,-5.840363,2013,9,United Kingdom of Great Britain and Northern Ireland,HUMAN_OBSERVATION
54.676886,-5.840363,2013,9,United Kingdom of Great Britain and Northern Ireland,HUMAN_OBSERVATION
54.677117,-5.858133,2013,9,United Kingdom of Great Britain and Northern Ireland,MATERIAL_SAMPLE
54.677133,-5.870433,2013,9,United Kingdom of Great Britain and Northern Ireland,HUMAN_OBSERVATION
54.677133,-5.870433,2013,9,United Kingdom of Great Britain and Northern Ireland,HUMAN_OBSERVATION
54.677133,-5.870433,2013,9,United Kingdom of Great Britain and Northern Ireland,HUMAN_OBSERVATION
54.6773,-5.839883,2013,9,United Kingdom of Great Britain and Northern Ireland,MATERIAL_SAMPLE
54.67732,-5.869923,2016,9,United Kingdom of Great Britain and Northern Ireland,HUMAN_OBSERVATION
54.67732,-5.869923,2016,9,United Kingdom of Great Britain and Northern Ireland,HUMAN_OBSERVATION
54.67739,-5.615649,2017,9,United Kingdom of Great Britain and Northern Ireland,HUMAN_OBSERVATION
54.677463,-5.878938,2017,9,United Kingdom of Great Britain and Northern Ireland,HUMAN_OBSERVATION
54.677463,-5.878938,2017,9,United Kingdom of Great Britain and Northern Ireland,HUMAN_OBSERVATION
54.677559,-5.859458,2015,10,United Kingdom of Great Britain and Northern Ireland,MATERIAL_SAMPLE
54.677575,-5.86875,2016,9,United Kingdom of Great Britain and Northern Ireland,MATERIAL_SAMPLE
54.677652,-5.878382,2019,10,United Kingdom of Great Britain and Northern Ireland,HUMAN_OBSERVATION
54.677719,-5.879925,2014,9,United Kingdom of Great Britain and Northern Ireland,HUMAN_OBSERVATION
54.677719,-5.879925,2014,9,United Kingdom of Great Britain and Northern Ireland,HUMAN_OBSERVATION
54.6779,-5.869633,2013,9,United Kingdom of Great Britain and Northern Ireland,MATERIAL_SAMPLE
54.678167,-5.869442,2014,9,United Kingdom of Great Britain and Northern Ireland,MATERIAL_SAMPLE
54.678684,-5.827884,2014,9,United Kingdom of Great Britain and Northern Ireland,HUMAN_OBSERVATION
54.678684,-5.827884,2014,9,United Kingdom of Great Britain and Northern Ireland,HUMAN_OBSERVATION
54.678836,-5.869493,2014,9,United Kingdom of Great Britain and Northern Ireland,HUMAN_OBSERVATION
54.678836,-5.869493,2014,9,United Kingdom of Great Britain and Northern Ireland,HUMAN_OBSERVATION
54.678966,-5.827507,2014,9,United Kingdom of Great Britain and Northern Ireland,HUMAN_OBSERVATION
54.678966,-5.827507,2014,9,United Kingdom of Great Britain and Northern Ireland,HUMAN_OBSERVATION
54.679223,-5.828219,2015,10,United Kingdom of Great Britain and Northern Ireland,MATERIAL_SAMPLE
54.679335,-5.828054,2016,9,United Kingdom of Great Britain and Northern Ireland,HUMAN_OBSERVATION
54.679335,-5.828054,2016,9,United Kingdom of Great Britain and Northern Ireland,HUMAN_OBSERVATION
54.679767,-5.826017,2014,9,United Kingdom of Great Britain and Northern Ireland,MATERIAL_SAMPLE
54.679835,-5.875346,2016,9,United Kingdom of Great Britain and Northern Ireland,HUMAN_OBSERVATION
54.679835,-5.875346,2016,9,United Kingdom of Great Britain and Northern Ireland,HUMAN_OBSERVATION
54.679975,-5.827292,2016,9,United Kingdom of Great Britain and Northern Ireland,MATERIAL_SAMPLE
54.680067,-5.825267,2014,9,United Kingdom of Great Britain and Northern Ireland,MATERIAL_SAMPLE
54.68028,-5.874285,2016,9,United Kingdom of Great Britain and Northern Ireland,MATERIAL_SAMPLE
54.680528,-5.827297,2015,10,United Kingdom of Great Britain and Northern Ireland,HUMAN_OBSERVATION
54.680528,-5.827297,2015,10,United Kingdom of Great Britain and Northern Ireland,HUMAN_OBSERVATION
54.680652,-5.875561,2015,10,United Kingdom of Great Britain and Northern Ireland,MATERIAL_SAMPLE
54.681267,-5.874233,2014,9,United Kingdom of Great Britain and Northern Ireland,MATERIAL_SAMPLE
54.681299,-5.874586,2015,10,United Kingdom of Great Britain and Northern Ireland,HUMAN_OBSERVATION
54.681299,-5.874586,2015,10,United Kingdom of Great Britain and Northern Ireland,HUMAN_OBSERVATION
54.681467,-5.874475,2013,9,United Kingdom of Great Britain and Northern Ireland,MATERIAL_SAMPLE
54.681935,-5.873234,2013,9,United Kingdom of Great Britain and Northern Ireland,HUMAN_OBSERVATION
54.681935,-5.873234,2013,9,United Kingdom of Great Britain and Northern Ireland,HUMAN_OBSERVATION
54.681935,-5.873234,2013,9,United Kingdom of Great Britain and Northern Ireland,HUMAN_OBSERVATION
54.682015,-5.82691,2017,9,United Kingdom of Great Britain and Northern Ireland,HUMAN_OBSERVATION
54.682015,-5.82691,2017,9,United Kingdom of Great Britain and Northern Ireland,HUMAN_OBSERVATION
54.682199,-5.872871,2014,9,United Kingdom of Great Britain and Northern Ireland,HUMAN_OBSERVATION
54.682199,-5.872871,2014,9,United Kingdom of Great Britain and Northern Ireland,HUMAN_OBSERVATION
54.682708,-5.827,2017,9,United Kingdom of Great Britain and Northern Ireland,MATERIAL_SAMPLE
54.68273,-5.835576,2013,9,United Kingdom of Great Britain and Northern Ireland,HUMAN_OBSERVATION
54.68273,-5.835576,2013,9,United Kingdom of Great Britain and Northern Ireland,HUMAN_OBSERVATION
54.68273,-5.835576,2013,9,United Kingdom of Great Britain and Northern Ireland,HUMAN_OBSERVATION
54.682775,-5.837908,2014,9,United Kingdom of Great Britain and Northern Ireland,MATERIAL_SAMPLE
54.682798,-5.838547,2014,9,United Kingdom of Great Britain and Northern Ireland,HUMAN_OBSERVATION
54.682798,-5.838547,2014,9,United Kingdom of Great Britain and Northern Ireland,HUMAN_OBSERVATION
54.68282,-5.837851,2016,9,United Kingdom of Great Britain and Northern Ireland,HUMAN_OBSERVATION
54.68282,-5.837851,2016,9,United Kingdom of Great Britain and Northern Ireland,HUMAN_OBSERVATION
54.68283,-5.838395,2015,10,United Kingdom of Great Britain and Northern Ireland,HUMAN_OBSERVATION
54.68283,-5.838395,2015,10,United Kingdom of Great Britain and Northern Ireland,HUMAN_OBSERVATION
54.682877,-5.836809,2015,10,United Kingdom of Great Britain and Northern Ireland,MATERIAL_SAMPLE
54.682964,-5.838703,2017,9,United Kingdom of Great Britain and Northern Ireland,HUMAN_OBSERVATION
54.682964,-5.838703,2017,9,United Kingdom of Great Britain and Northern Ireland,HUMAN_OBSERVATION
54.68303,-5.857847,2019,10,United Kingdom of Great Britain and Northern Ireland,HUMAN_OBSERVATION
54.6831,-5.837083,2013,9,United Kingdom of Great Britain and Northern Ireland,MATERIAL_SAMPLE
54.683233,-5.827661,2019,10,United Kingdom of Great Britain and Northern Ireland,HUMAN_OBSERVATION
54.683242,-5.838275,2017,9,United Kingdom of Great Britain and Northern Ireland,MATERIAL_SAMPLE
54.68334,-5.629435,2021,8,United Kingdom of Great Britain and Northern Ireland,HUMAN_OBSERVATION
54.683458,-5.836458,2016,9,United Kingdom of Great Britain and Northern Ireland,MATERIAL_SAMPLE
54.68385,-5.629583,2007,5,United Kingdom of Great Britain and Northern Ireland,HUMAN_OBSERVATION
54.683918,-5.837551,2019,10,United Kingdom of Great Britain and Northern Ireland,HUMAN_OBSERVATION
54.68392,-5.63065,2009,10,United Kingdom of Great Britain and Northern Ireland,HUMAN_OBSERVATION
54.684302,-5.842166,2016,9,United Kingdom of Great Britain and Northern Ireland,HUMAN_OBSERVATION
54.684302,-5.842166,2016,9,United Kingdom of Great Britain and Northern Ireland,HUMAN_OBSERVATION
54.684341,-5.864647,2015,10,United Kingdom of Great Britain and Northern Ireland,HUMAN_OBSERVATION
54.684341,-5.864647,2015,10,United Kingdom of Great Britain and Northern Ireland,HUMAN_OBSERVATION
54.68439,-5.861159,2016,9,United Kingdom of Great Britain and Northern Ireland,HUMAN_OBSERVATION
54.68439,-5.861159,2016,9,United Kingdom of Great Britain and Northern Ireland,HUMAN_OBSERVATION
54.684475,-5.860083,2014,9,United Kingdom of Great Britain and Northern Ireland,MATERIAL_SAMPLE
54.68459,-5.85832,2009,4,United Kingdom of Great Britain and Northern Ireland,HUMAN_OBSERVATION
54.684621,-5.858712,2013,9,United Kingdom of Great Britain and Northern Ireland,HUMAN_OBSERVATION
54.684621,-5.858712,2013,9,United Kingdom of Great Britain and Northern Ireland,HUMAN_OBSERVATION
54.684621,-5.858712,2013,9,United Kingdom of Great Britain and Northern Ireland,HUMAN_OBSERVATION
54.684621,-5.858712,2013,9,United Kingdom of Great Britain and Northern Ireland,HUMAN_OBSERVATION
54.684633,-5.8377,2012,9,United Kingdom of Great Britain and Northern Ireland,MATERIAL_SAMPLE
54.684633,-5.837696,2012,9,United Kingdom of Great Britain and Northern Ireland,HUMAN_OBSERVATION
54.684648,-5.836657,2013,9,United Kingdom of Great Britain and Northern Ireland,HUMAN_OBSERVATION
54.684648,-5.836657,2013,9,United Kingdom of Great Britain and Northern Ireland,HUMAN_OBSERVATION
54.684648,-5.836657,2013,9,United Kingdom of Great Britain and Northern Ireland,HUMAN_OBSERVATION
54.684692,-5.8396,2016,9,United Kingdom of Great Britain and Northern Ireland,MATERIAL_SAMPLE
54.684733,-5.838325,2013,9,United Kingdom of Great Britain and Northern Ireland,MATERIAL_SAMPLE
54.68485,-5.85989,2016,9,United Kingdom of Great Britain and Northern Ireland,MATERIAL_SAMPLE
54.68508,-5.863211,2014,9,United Kingdom of Great Britain and Northern Ireland,HUMAN_OBSERVATION
54.68508,-5.863211,2014,9,United Kingdom of Great Britain and Northern Ireland,HUMAN_OBSERVATION
54.68542,-5.864237,2015,10,United Kingdom of Great Britain and Northern Ireland,MATERIAL_SAMPLE
54.685433,-5.8592,2013,9,United Kingdom of Great Britain and Northern Ireland,MATERIAL_SAMPLE
54.68555,-5.832878,2017,9,United Kingdom of Great Britain and Northern Ireland,HUMAN_OBSERVATION
54.68555,-5.832878,2017,9,United Kingdom of Great Britain and Northern Ireland,HUMAN_OBSERVATION
54.685782,-5.853312,2014,9,United Kingdom of Great Britain and Northern Ireland,HUMAN_OBSERVATION
54.685782,-5.853312,2014,9,United Kingdom of Great Britain and Northern Ireland,HUMAN_OBSERVATION
54.685867,-5.832292,2017,9,United Kingdom of Great Britain and Northern Ireland,MATERIAL_SAMPLE
54.685917,-5.836658,2014,9,United Kingdom of Great Britain and Northern Ireland,MATERIAL_SAMPLE
54.686151,-5.833214,2014,9,United Kingdom of Great Britain and Northern Ireland,HUMAN_OBSERVATION
54.686151,-5.833214,2014,9,United Kingdom of Great Britain and Northern Ireland,HUMAN_OBSERVATION
54.686362,-5.858257,2012,9,United Kingdom of Great Britain and Northern Ireland,HUMAN_OBSERVATION
54.686367,-5.85825,2012,9,United Kingdom of Great Britain and Northern Ireland,MATERIAL_SAMPLE
54.686429,-5.824982,2015,10,United Kingdom of Great Britain and Northern Ireland,HUMAN_OBSERVATION
54.686429,-5.824982,2015,10,United Kingdom of Great Britain and Northern Ireland,HUMAN_OBSERVATION
54.686499,-5.825345,2013,9,United Kingdom of Great Britain and Northern Ireland,HUMAN_OBSERVATION
54.686499,-5.825345,2013,9,United Kingdom of Great Britain and Northern Ireland,HUMAN_OBSERVATION
54.686499,-5.825345,2013,9,United Kingdom of Great Britain and Northern Ireland,HUMAN_OBSERVATION
54.686514,-5.858865,2015,10,United Kingdom of Great Britain and Northern Ireland,MATERIAL_SAMPLE
54.686604,-5.831952,2019,10,United Kingdom of Great Britain and Northern Ireland,HUMAN_OBSERVATION
54.6867,-5.826475,2013,9,United Kingdom of Great Britain and Northern Ireland,MATERIAL_SAMPLE
54.687027,-5.826825,2015,10,United Kingdom of Great Britain and Northern Ireland,MATERIAL_SAMPLE
54.687111,-5.859306,2015,10,United Kingdom of Great Britain and Northern Ireland,HUMAN_OBSERVATION
54.687111,-5.859306,2015,10,United Kingdom of Great Britain and Northern Ireland,HUMAN_OBSERVATION
54.687242,-5.854033,2014,9,United Kingdom of Great Britain and Northern Ireland,MATERIAL_SAMPLE
54.687283,-5.721117,2012,9,United Kingdom of Great Britain and Northern Ireland,MATERIAL_SAMPLE
54.687284,-5.72112,2012,9,United Kingdom of Great Britain and Northern Ireland,HUMAN_OBSERVATION
54.687347,-5.826962,2016,9,United Kingdom of Great Britain and Northern Ireland,HUMAN_OBSERVATION
54.687347,-5.826962,2016,9,United Kingdom of Great Britain and Northern Ireland,HUMAN_OBSERVATION
54.687864,-5.85514,2015,10,United Kingdom of Great Britain and Northern Ireland,HUMAN_OBSERVATION
54.687864,-5.85514,2015,10,United Kingdom of Great Britain and Northern Ireland,HUMAN_OBSERVATION
54.687918,-5.85516,2013,9,United Kingdom of Great Britain and Northern Ireland,HUMAN_OBSERVATION
54.687918,-5.85516,2013,9,United Kingdom of Great Britain and Northern Ireland,HUMAN_OBSERVATION
54.687918,-5.85516,2013,9,United Kingdom of Great Britain and Northern Ireland,HUMAN_OBSERVATION
54.687918,-5.85516,2013,9,United Kingdom of Great Britain and Northern Ireland,HUMAN_OBSERVATION
54.688025,-5.826067,2016,9,United Kingdom of Great Britain and Northern Ireland,MATERIAL_SAMPLE
54.688492,-5.855443,2015,10,United Kingdom of Great Britain and Northern Ireland,MATERIAL_SAMPLE
54.688925,-5.858233,2017,9,United Kingdom of Great Britain and Northern Ireland,MATERIAL_SAMPLE
54.688933,-5.855467,2013,9,United Kingdom of Great Britain and Northern Ireland,MATERIAL_SAMPLE
54.68943,-5.821982,2009,4,United Kingdom of Great Britain and Northern Ireland,HUMAN_OBSERVATION
54.689646,-5.857373,2017,9,United Kingdom of Great Britain and Northern Ireland,HUMAN_OBSERVATION
54.689646,-5.857373,2017,9,United Kingdom of Great Britain and Northern Ireland,HUMAN_OBSERVATION
54.68975,-5.80795,2012,9,United Kingdom of Great Britain and Northern Ireland,MATERIAL_SAMPLE
54.689754,-5.807954,2012,9,United Kingdom of Great Britain and Northern Ireland,HUMAN_OBSERVATION
54.690047,-5.821488,2014,9,United Kingdom of Great Britain and Northern Ireland,HUMAN_OBSERVATION
54.690047,-5.821488,2014,9,United Kingdom of Great Britain and Northern Ireland,HUMAN_OBSERVATION
54.690073,-5.857523,2019,10,United Kingdom of Great Britain and Northern Ireland,HUMAN_OBSERVATION
54.690116,-5.809013,2017,9,United Kingdom of Great Britain and Northern Ireland,HUMAN_OBSERVATION
54.690116,-5.809013,2017,9,United Kingdom of Great Britain and Northern Ireland,HUMAN_OBSERVATION
54.690215,-5.810155,2014,9,United Kingdom of Great Britain and Northern Ireland,HUMAN_OBSERVATION
54.690215,-5.810155,2014,9,United Kingdom of Great Britain and Northern Ireland,HUMAN_OBSERVATION
54.69033,-5.644333,1984,5,United Kingdom of Great Britain and Northern Ireland,HUMAN_OBSERVATION
54.690583,-5.808108,2017,9,United Kingdom of Great Britain and Northern Ireland,MATERIAL_SAMPLE
54.69065,-5.820708,2014,9,United Kingdom of Great Britain and Northern Ireland,MATERIAL_SAMPLE
54.690663,-5.836268,2015,10,United Kingdom of Great Britain and Northern Ireland,MATERIAL_SAMPLE
54.690716,-5.827916,2014,9,United Kingdom of Great Britain and Northern Ireland,HUMAN_OBSERVATION
54.690716,-5.827916,2014,9,United Kingdom of Great Britain and Northern Ireland,HUMAN_OBSERVATION
54.690895,-5.810873,2015,10,United Kingdom of Great Britain and Northern Ireland,MATERIAL_SAMPLE
54.691273,-5.837578,2015,10,United Kingdom of Great Britain and Northern Ireland,HUMAN_OBSERVATION
54.691273,-5.837578,2015,10,United Kingdom of Great Britain and Northern Ireland,HUMAN_OBSERVATION
54.691281,-5.822846,2015,10,United Kingdom of Great Britain and Northern Ireland,HUMAN_OBSERVATION
54.691281,-5.822846,2015,10,United Kingdom of Great Britain and Northern Ireland,HUMAN_OBSERVATION
54.69132,-5.805927,2019,10,United Kingdom of Great Britain and Northern Ireland,HUMAN_OBSERVATION
54.6914,-5.805275,2013,9,United Kingdom of Great Britain and Northern Ireland,MATERIAL_SAMPLE
54.691492,-5.810967,2014,9,United Kingdom of Great Britain and Northern Ireland,MATERIAL_SAMPLE
54.691517,-5.827308,2014,9,United Kingdom of Great Britain and Northern Ireland,MATERIAL_SAMPLE
54.691618,-5.821672,2015,10,United Kingdom of Great Britain and Northern Ireland,MATERIAL_SAMPLE
54.691636,-5.820691,2015,10,United Kingdom of Great Britain and Northern Ireland,MATERIAL_SAMPLE
54.691657,-5.811501,2015,10,United Kingdom of Great Britain and Northern Ireland,HUMAN_OBSERVATION
54.691657,-5.811501,2015,10,United Kingdom of Great Britain and Northern Ireland,HUMAN_OBSERVATION
54.691853,-5.828349,2013,9,United Kingdom of Great Britain and Northern Ireland,HUMAN_OBSERVATION
54.691853,-5.828349,2013,9,United Kingdom of Great Britain and Northern Ireland,HUMAN_OBSERVATION
54.691853,-5.828349,2013,9,United Kingdom of Great Britain and Northern Ireland,HUMAN_OBSERVATION
54.691858,-5.825867,2017,9,United Kingdom of Great Britain and Northern Ireland,MATERIAL_SAMPLE
54.691898,-5.822951,2012,9,United Kingdom of Great Britain and Northern Ireland,HUMAN_OBSERVATION
54.6919,-5.82295,2012,9,United Kingdom of Great Britain and Northern Ireland,MATERIAL_SAMPLE
54.691908,-5.811625,2013,9,United Kingdom of Great Britain and Northern Ireland,MATERIAL_SAMPLE
54.692121,-5.82558,2019,10,United Kingdom of Great Britain and Northern Ireland,HUMAN_OBSERVATION
54.692142,-5.820808,2013,9,United Kingdom of Great Britain and Northern Ireland,MATERIAL_SAMPLE
54.692179,-5.820027,2015,10,United Kingdom of Great Britain and Northern Ireland,HUMAN_OBSERVATION
54.692179,-5.820027,2015,10,United Kingdom of Great Britain and Northern Ireland,HUMAN_OBSERVATION
54.692196,-5.805218,2015,10,United Kingdom of Great Britain and Northern Ireland,HUMAN_OBSERVATION
54.692196,-5.805218,2015,10,United Kingdom of Great Britain and Northern Ireland,HUMAN_OBSERVATION
54.692263,-5.825065,2017,9,United Kingdom of Great Britain and Northern Ireland,HUMAN_OBSERVATION
54.692263,-5.825065,2017,9,United Kingdom of Great Britain and Northern Ireland,HUMAN_OBSERVATION
54.692347,-5.805574,2013,9,United Kingdom of Great Britain and Northern Ireland,HUMAN_OBSERVATION
54.692347,-5.805574,2013,9,United Kingdom of Great Britain and Northern Ireland,HUMAN_OBSERVATION
54.692347,-5.805574,2013,9,United Kingdom of Great Britain and Northern Ireland,HUMAN_OBSERVATION
54.692417,-5.827433,2013,9,United Kingdom of Great Britain and Northern Ireland,MATERIAL_SAMPLE
54.692685,-5.807686,2016,9,United Kingdom of Great Britain and Northern Ireland,HUMAN_OBSERVATION
54.692685,-5.807686,2016,9,United Kingdom of Great Britain and Northern Ireland,HUMAN_OBSERVATION
54.692701,-5.811755,2013,9,United Kingdom of Great Britain and Northern Ireland,HUMAN_OBSERVATION
54.692701,-5.811755,2013,9,United Kingdom of Great Britain and Northern Ireland,HUMAN_OBSERVATION
54.692701,-5.811755,2013,9,United Kingdom of Great Britain and Northern Ireland,HUMAN_OBSERVATION
54.692767,-5.806442,2016,9,United Kingdom of Great Britain and Northern Ireland,MATERIAL_SAMPLE
54.692793,-5.805324,2015,10,United Kingdom of Great Britain and Northern Ireland,MATERIAL_SAMPLE
54.692879,-5.820078,2013,9,United Kingdom of Great Britain and Northern Ireland,HUMAN_OBSERVATION
54.692879,-5.820078,2013,9,United Kingdom of Great Britain and Northern Ireland,HUMAN_OBSERVATION
54.692879,-5.820078,2013,9,United Kingdom of Great Britain and Northern Ireland,HUMAN_OBSERVATION
54.692879,-5.820078,2013,9,United Kingdom of Great Britain and Northern Ireland,HUMAN_OBSERVATION
54.693225,-5.805308,2014,9,United Kingdom of Great Britain and Northern Ireland,MATERIAL_SAMPLE
54.693617,-5.804373,2019,10,United Kingdom of Great Britain and Northern Ireland,HUMAN_OBSERVATION
54.693817,-5.805467,2017,9,United Kingdom of Great Britain and Northern Ireland,MATERIAL_SAMPLE
54.69382,-5.804501,2017,9,United Kingdom of Great Britain and Northern Ireland,HUMAN_OBSERVATION
54.69382,-5.804501,2017,9,United Kingdom of Great Britain and Northern Ireland,HUMAN_OBSERVATION
54.69463,-5.819273,2001,9,United Kingdom of Great Britain and Northern Ireland,HUMAN_OBSERVATION
54.69463,-5.819273,2001,9,United Kingdom of Great Britain and Northern Ireland,HUMAN_OBSERVATION
54.695013,-5.806305,2014,9,United Kingdom of Great Britain and Northern Ireland,HUMAN_OBSERVATION
54.695013,-5.806305,2014,9,United Kingdom of Great Britain and Northern Ireland,HUMAN_OBSERVATION
54.69643,-5.83417,2016,9,United Kingdom of Great Britain and Northern Ireland,MATERIAL_SAMPLE
54.696439,-5.837166,2019,10,United Kingdom of Great Britain and Northern Ireland,HUMAN_OBSERVATION
54.696715,-5.806806,2013,9,United Kingdom of Great Britain and Northern Ireland,HUMAN_OBSERVATION
54.696715,-5.806806,2013,9,United Kingdom of Great Britain and Northern Ireland,HUMAN_OBSERVATION
54.696715,-5.806806,2013,9,United Kingdom of Great Britain and Northern Ireland,HUMAN_OBSERVATION
54.696715,-5.806806,2013,9,United Kingdom of Great Britain and Northern Ireland,HUMAN_OBSERVATION
54.69672,-5.826324,2019,10,United Kingdom of Great Britain and Northern Ireland,HUMAN_OBSERVATION
54.696797,-5.807382,2015,10,United Kingdom of Great Britain and Northern Ireland,MATERIAL_SAMPLE
54.696798,-5.825834,2017,9,United Kingdom of Great Britain and Northern Ireland,HUMAN_OBSERVATION
54.696798,-5.825834,2017,9,United Kingdom of Great Britain and Northern Ireland,HUMAN_OBSERVATION
54.696863,-5.835421,2015,10,United Kingdom of Great Britain and Northern Ireland,HUMAN_OBSERVATION
54.696863,-5.835421,2015,10,United Kingdom of Great Britain and Northern Ireland,HUMAN_OBSERVATION
54.696883,-5.826492,2017,9,United Kingdom of Great Britain and Northern Ireland,MATERIAL_SAMPLE
54.696917,-5.835333,2014,9,United Kingdom of Great Britain and Northern Ireland,MATERIAL_SAMPLE
54.696988,-5.808415,2015,10,United Kingdom of Great Britain and Northern Ireland,HUMAN_OBSERVATION
54.696988,-5.808415,2015,10,United Kingdom of Great Britain and Northern Ireland,HUMAN_OBSERVATION
54.697097,-5.819232,2013,9,United Kingdom of Great Britain and Northern Ireland,HUMAN_OBSERVATION
54.697097,-5.819232,2013,9,United Kingdom of Great Britain and Northern Ireland,HUMAN_OBSERVATION
54.697097,-5.819232,2013,9,United Kingdom of Great Britain and Northern Ireland,HUMAN_OBSERVATION
54.697097,-5.819232,2013,9,United Kingdom of Great Britain and Northern Ireland,HUMAN_OBSERVATION
54.697114,-5.837432,2014,9,United Kingdom of Great Britain and Northern Ireland,HUMAN_OBSERVATION
54.697114,-5.837432,2014,9,United Kingdom of Great Britain and Northern Ireland,HUMAN_OBSERVATION
54.697126,-5.833365,2016,9,United Kingdom of Great Britain and Northern Ireland,HUMAN_OBSERVATION
54.697126,-5.833365,2016,9,United Kingdom of Great Britain and Northern Ireland,HUMAN_OBSERVATION
54.697133,-5.809158,2013,9,United Kingdom of Great Britain and Northern Ireland,MATERIAL_SAMPLE
54.697149,-5.830106,2012,9,United Kingdom of Great Britain and Northern Ireland,HUMAN_OBSERVATION
54.69715,-5.8301,2012,9,United Kingdom of Great Britain and Northern Ireland,MATERIAL_SAMPLE
54.697194,-5.836939,2015,10,United Kingdom of Great Britain and Northern Ireland,MATERIAL_SAMPLE
54.697342,-5.81205,2014,9,United Kingdom of Great Britain and Northern Ireland,MATERIAL_SAMPLE
54.69739,-5.507976,2021,9,United Kingdom of Great Britain and Northern Ireland,HUMAN_OBSERVATION
54.69739,-5.507976,2021,9,United Kingdom of Great Britain and Northern Ireland,HUMAN_OBSERVATION
54.69739,-5.507976,2021,9,United Kingdom of Great Britain and Northern Ireland,HUMAN_OBSERVATION
54.697475,-5.820764,2015,10,United Kingdom of Great Britain and Northern Ireland,MATERIAL_SAMPLE
54.697533,-5.82015,2013,9,United Kingdom of Great Britain and Northern Ireland,MATERIAL_SAMPLE
54.697655,-5.821295,2016,9,United Kingdom of Great Britain and Northern Ireland,MATERIAL_SAMPLE
54.697783,-5.820492,2014,9,United Kingdom of Great Britain and Northern Ireland,MATERIAL_SAMPLE
54.697901,-5.8151,2014,9,United Kingdom of Great Britain and Northern Ireland,HUMAN_OBSERVATION
54.697901,-5.8151,2014,9,United Kingdom of Great Britain and Northern Ireland,HUMAN_OBSERVATION
54.697928,-5.821391,2015,10,United Kingdom of Great Britain and Northern Ireland,HUMAN_OBSERVATION
54.697928,-5.821391,2015,10,United Kingdom of Great Britain and Northern Ireland,HUMAN_OBSERVATION
54.698256,-5.820397,2016,9,United Kingdom of Great Britain and Northern Ireland,HUMAN_OBSERVATION
54.698256,-5.820397,2016,9,United Kingdom of Great Britain and Northern Ireland,HUMAN_OBSERVATION
54.698451,-5.821922,2014,9,United Kingdom of Great Britain and Northern Ireland,HUMAN_OBSERVATION
54.698451,-5.821922,2014,9,United Kingdom of Great Britain and Northern Ireland,HUMAN_OBSERVATION
54.69933,-5.72688,2011,1,United Kingdom of Great Britain and Northern Ireland,HUMAN_OBSERVATION
54.701,-5.504667,1984,7,United Kingdom of Great Britain and Northern Ireland,HUMAN_OBSERVATION
54.70198,-5.791993,2011,7,United Kingdom of Great Britain and Northern Ireland,HUMAN_OBSERVATION
54.702502,-5.810377,2016,9,United Kingdom of Great Britain and Northern Ireland,HUMAN_OBSERVATION
54.702502,-5.810377,2016,9,United Kingdom of Great Britain and Northern Ireland,HUMAN_OBSERVATION
54.70267,-5.789832,2013,9,United Kingdom of Great Britain and Northern Ireland,HUMAN_OBSERVATION
54.70267,-5.789832,2013,9,United Kingdom of Great Britain and Northern Ireland,HUMAN_OBSERVATION
54.70267,-5.789832,2013,9,United Kingdom of Great Britain and Northern Ireland,HUMAN_OBSERVATION
54.70267,-5.789832,2013,9,United Kingdom of Great Britain and Northern Ireland,HUMAN_OBSERVATION
54.702754,-5.82975,2013,9,United Kingdom of Great Britain and Northern Ireland,HUMAN_OBSERVATION
54.702754,-5.82975,2013,9,United Kingdom of Great Britain and Northern Ireland,HUMAN_OBSERVATION
54.702754,-5.82975,2013,9,United Kingdom of Great Britain and Northern Ireland,HUMAN_OBSERVATION
54.702754,-5.82975,2013,9,United Kingdom of Great Britain and Northern Ireland,HUMAN_OBSERVATION
54.702758,-5.8316,2013,9,United Kingdom of Great Britain and Northern Ireland,MATERIAL_SAMPLE
54.70293,-5.591258,1994,4,United Kingdom of Great Britain and Northern Ireland,HUMAN_OBSERVATION
54.702942,-5.809675,2016,9,United Kingdom of Great Britain and Northern Ireland,MATERIAL_SAMPLE
54.703018,-5.831918,2014,9,United Kingdom of Great Britain and Northern Ireland,HUMAN_OBSERVATION
54.703018,-5.831918,2014,9,United Kingdom of Great Britain and Northern Ireland,HUMAN_OBSERVATION
54.70305,-5.830033,2014,9,United Kingdom of Great Britain and Northern Ireland,MATERIAL_SAMPLE
54.703125,-5.829217,2017,9,United Kingdom of Great Britain and Northern Ireland,MATERIAL_SAMPLE
54.703297,-5.824785,2014,9,United Kingdom of Great Britain and Northern Ireland,HUMAN_OBSERVATION
54.703297,-5.824785,2014,9,United Kingdom of Great Britain and Northern Ireland,HUMAN_OBSERVATION
54.703353,-5.828704,2019,10,United Kingdom of Great Britain and Northern Ireland,HUMAN_OBSERVATION
54.703415,-5.828182,2017,9,United Kingdom of Great Britain and Northern Ireland,HUMAN_OBSERVATION
54.703415,-5.828182,2017,9,United Kingdom of Great Britain and Northern Ireland,HUMAN_OBSERVATION
54.703843,-5.823175,2015,10,United Kingdom of Great Britain and Northern Ireland,HUMAN_OBSERVATION
54.703843,-5.823175,2015,10,United Kingdom of Great Britain and Northern Ireland,HUMAN_OBSERVATION
54.703868,-5.823798,2013,9,United Kingdom of Great Britain and Northern Ireland,HUMAN_OBSERVATION
54.703868,-5.823798,2013,9,United Kingdom of Great Britain and Northern Ireland,HUMAN_OBSERVATION
54.703868,-5.823798,2013,9,United Kingdom of Great Britain and Northern Ireland,HUMAN_OBSERVATION
54.703868,-5.823798,2013,9,United Kingdom of Great Britain and Northern Ireland,HUMAN_OBSERVATION
54.703983,-5.792758,2013,9,United Kingdom of Great Britain and Northern Ireland,MATERIAL_SAMPLE
54.704006,-5.797985,2015,10,United Kingdom of Great Britain and Northern Ireland,HUMAN_OBSERVATION
54.704006,-5.797985,2015,10,United Kingdom of Great Britain and Northern Ireland,HUMAN_OBSERVATION
54.704013,-5.79885,2015,10,United Kingdom of Great Britain and Northern Ireland,MATERIAL_SAMPLE
54.704053,-5.796778,2013,9,United Kingdom of Great Britain and Northern Ireland,HUMAN_OBSERVATION
54.704053,-5.796778,2013,9,United Kingdom of Great Britain and Northern Ireland,HUMAN_OBSERVATION
54.704053,-5.796778,2013,9,United Kingdom of Great Britain and Northern Ireland,HUMAN_OBSERVATION
54.704053,-5.796778,2013,9,United Kingdom of Great Britain and Northern Ireland,HUMAN_OBSERVATION
54.704133,-5.798817,2013,9,United Kingdom of Great Britain and Northern Ireland,MATERIAL_SAMPLE
54.704283,-5.823358,2014,9,United Kingdom of Great Britain and Northern Ireland,MATERIAL_SAMPLE
54.704308,-5.82315,2013,9,United Kingdom of Great Britain and Northern Ireland,MATERIAL_SAMPLE
54.704309,-5.822571,2015,10,United Kingdom of Great Britain and Northern Ireland,MATERIAL_SAMPLE
54.704348,-5.77873,2012,9,United Kingdom of Great Britain and Northern Ireland,HUMAN_OBSERVATION
54.70435,-5.778733,2012,9,United Kingdom of Great Britain and Northern Ireland,MATERIAL_SAMPLE
54.704417,-5.800983,2016,9,United Kingdom of Great Britain and Northern Ireland,MATERIAL_SAMPLE
54.704533,-5.79625,2014,9,United Kingdom of Great Britain and Northern Ireland,MATERIAL_SAMPLE
54.704568,-5.79987,2016,9,United Kingdom of Great Britain and Northern Ireland,HUMAN_OBSERVATION
54.704568,-5.79987,2016,9,United Kingdom of Great Britain and Northern Ireland,HUMAN_OBSERVATION
54.7049,-5.794451,2014,9,United Kingdom of Great Britain and Northern Ireland,HUMAN_OBSERVATION
54.7049,-5.794451,2014,9,United Kingdom of Great Britain and Northern Ireland,HUMAN_OBSERVATION
54.705024,-5.795862,2015,10,United Kingdom of Great Britain and Northern Ireland,MATERIAL_SAMPLE
54.705512,-5.796433,2015,10,United Kingdom of Great Britain and Northern Ireland,HUMAN_OBSERVATION
54.705512,-5.796433,2015,10,United Kingdom of Great Britain and Northern Ireland,HUMAN_OBSERVATION
54.706108,-5.797342,2014,9,United Kingdom of Great Britain and Northern Ireland,MATERIAL_SAMPLE
54.706584,-5.798102,2014,9,United Kingdom of Great Britain and Northern Ireland,HUMAN_OBSERVATION
54.706584,-5.798102,2014,9,United Kingdom of Great Britain and Northern Ireland,HUMAN_OBSERVATION
54.70976,-5.809978,2015,9,United Kingdom of Great Britain and Northern Ireland,HUMAN_OBSERVATION
54.70976,-5.809978,2014,9,United Kingdom of Great Britain and Northern Ireland,HUMAN_OBSERVATION
54.70976,-5.809978,2013,8,United Kingdom of Great Britain and Northern Ireland,HUMAN_OBSERVATION
54.70976,-5.809978,2012,9,United Kingdom of Great Britain and Northern Ireland,HUMAN_OBSERVATION
54.71,-5.812,2021,1,United Kingdom of Great Britain and Northern Ireland,MATERIAL_SAMPLE
54.710863,-5.788096,2016,9,United Kingdom of Great Britain and Northern Ireland,HUMAN_OBSERVATION
54.710863,-5.788096,2016,9,United Kingdom of Great Britain and Northern Ireland,HUMAN_OBSERVATION
54.711043,-5.785519,2015,10,United Kingdom of Great Britain and Northern Ireland,HUMAN_OBSERVATION
54.711043,-5.785519,2015,10,United Kingdom of Great Britain and Northern Ireland,HUMAN_OBSERVATION
54.711225,-5.787175,2016,9,United Kingdom of Great Britain and Northern Ireland,MATERIAL_SAMPLE
54.711269,-5.78057,2017,9,United Kingdom of Great Britain and Northern Ireland,HUMAN_OBSERVATION
54.711269,-5.78057,2017,9,United Kingdom of Great Britain and Northern Ireland,HUMAN_OBSERVATION
54.71127,-5.787145,2015,10,United Kingdom of Great Britain and Northern Ireland,MATERIAL_SAMPLE
54.711271,-5.78627,2013,9,United Kingdom of Great Britain and Northern Ireland,HUMAN_OBSERVATION
54.711271,-5.78627,2013,9,United Kingdom of Great Britain and Northern Ireland,HUMAN_OBSERVATION
54.711271,-5.78627,2013,9,United Kingdom of Great Britain and Northern Ireland,HUMAN_OBSERVATION
54.711271,-5.78627,2013,9,United Kingdom of Great Britain and Northern Ireland,HUMAN_OBSERVATION
54.711323,-5.781445,2019,10,United Kingdom of Great Britain and Northern Ireland,HUMAN_OBSERVATION
54.71135,-5.781608,2017,9,United Kingdom of Great Britain and Northern Ireland,MATERIAL_SAMPLE
54.711517,-5.788958,2013,9,United Kingdom of Great Britain and Northern Ireland,MATERIAL_SAMPLE
54.71155,-5.80365,2012,9,United Kingdom of Great Britain and Northern Ireland,MATERIAL_SAMPLE
54.711554,-5.803647,2012,9,United Kingdom of Great Britain and Northern Ireland,HUMAN_OBSERVATION
54.71172,-5.777071,2013,9,United Kingdom of Great Britain and Northern Ireland,HUMAN_OBSERVATION
54.71172,-5.777071,2013,9,United Kingdom of Great Britain and Northern Ireland,HUMAN_OBSERVATION
54.71172,-5.777071,2013,9,United Kingdom of Great Britain and Northern Ireland,HUMAN_OBSERVATION
54.71172,-5.777071,2013,9,United Kingdom of Great Britain and Northern Ireland,HUMAN_OBSERVATION
54.711808,-5.777567,2014,9,United Kingdom of Great Britain and Northern Ireland,MATERIAL_SAMPLE
54.711815,-5.778648,2016,9,United Kingdom of Great Britain and Northern Ireland,HUMAN_OBSERVATION
54.711815,-5.778648,2016,9,United Kingdom of Great Britain and Northern Ireland,HUMAN_OBSERVATION
54.71183,-5.775869,2014,9,United Kingdom of Great Britain and Northern Ireland,HUMAN_OBSERVATION
54.71183,-5.775869,2014,9,United Kingdom of Great Britain and Northern Ireland,HUMAN_OBSERVATION
54.711983,-5.779367,2013,9,United Kingdom of Great Britain and Northern Ireland,MATERIAL_SAMPLE
54.712095,-5.778022,2015,10,United Kingdom of Great Britain and Northern Ireland,HUMAN_OBSERVATION
54.712095,-5.778022,2015,10,United Kingdom of Great Britain and Northern Ireland,HUMAN_OBSERVATION
54.712233,-5.777625,2016,9,United Kingdom of Great Britain and Northern Ireland,MATERIAL_SAMPLE
54.712309,-5.77884,2015,10,United Kingdom of Great Britain and Northern Ireland,MATERIAL_SAMPLE
54.713883,-5.77285,2012,9,United Kingdom of Great Britain and Northern Ireland,MATERIAL_SAMPLE
54.713884,-5.772845,2012,9,United Kingdom of Great Britain and Northern Ireland,HUMAN_OBSERVATION
54.71554,-4.348914,2021,7,United Kingdom of Great Britain and Northern Ireland,HUMAN_OBSERVATION
54.71626,-5.747294,2017,5,United Kingdom of Great Britain and Northern Ireland,HUMAN_OBSERVATION
54.71626,-5.747294,2015,5,United Kingdom of Great Britain and Northern Ireland,HUMAN_OBSERVATION
54.71743,-5.76064,2013,5,United Kingdom of Great Britain and Northern Ireland,HUMAN_OBSERVATION
54.71743,-5.76064,2013,5,United Kingdom of Great Britain and Northern Ireland,HUMAN_OBSERVATION
54.71743,-5.76064,2013,5,United Kingdom of Great Britain and Northern Ireland,HUMAN_OBSERVATION
54.71743,-5.76064,2013,5,United Kingdom of Great Britain and Northern Ireland,HUMAN_OBSERVATION
54.71743,-5.76064,2013,5,United Kingdom of Great Britain and Northern Ireland,HUMAN_OBSERVATION
54.71743,-5.76064,2013,5,United Kingdom of Great Britain and Northern Ireland,HUMAN_OBSERVATION
54.71743,-5.76064,2013,5,United Kingdom of Great Britain and Northern Ireland,HUMAN_OBSERVATION
54.71743,-5.76064,2012,9,United Kingdom of Great Britain and Northern Ireland,HUMAN_OBSERVATION
54.71743,-5.76064,2012,9,United Kingdom of Great Britain and Northern Ireland,HUMAN_OBSERVATION
54.71743,-5.76064,2012,9,United Kingdom of Great Britain and Northern Ireland,HUMAN_OBSERVATION
54.71743,-5.76064,2012,9,United Kingdom of Great Britain and Northern Ireland,HUMAN_OBSERVATION
54.71743,-5.76064,2012,9,United Kingdom of Great Britain and Northern Ireland,HUMAN_OBSERVATION
54.71743,-5.76064,2012,9,United Kingdom of Great Britain and Northern Ireland,HUMAN_OBSERVATION
54.7181,-5.796141,2010,4,United Kingdom of Great Britain and Northern Ireland,HUMAN_OBSERVATION
54.72443,-5.566451,2009,2,United Kingdom of Great Britain and Northern Ireland,HUMAN_OBSERVATION
54.72443,-5.566451,2009,2,United Kingdom of Great Britain and Northern Ireland,HUMAN_OBSERVATION
54.72443,-5.566451,1998,4,United Kingdom of Great Britain and Northern Ireland,HUMAN_OBSERVATION
54.72453,-5.724751,2019,9,United Kingdom of Great Britain and Northern Ireland,HUMAN_OBSERVATION
54.72553,-5.472138,2008,2,United Kingdom of Great Britain and Northern Ireland,HUMAN_OBSERVATION
54.72553,-5.472138,2008,2,United Kingdom of Great Britain and Northern Ireland,HUMAN_OBSERVATION
54.73022,-5.547147,1997,4,United Kingdom of Great Britain and Northern Ireland,HUMAN_OBSERVATION
54.737965,-4.352384,1990,7,United Kingdom of Great Britain and Northern Ireland,HUMAN_OBSERVATION
54.7383,-4.353152,2010,6,United Kingdom of Great Britain and Northern Ireland,HUMAN_OBSERVATION
54.76716,-4.914496,2012,8,United Kingdom of Great Britain and Northern Ireland,HUMAN_OBSERVATION
54.773916,-4.055934,1990,7,United Kingdom of Great Britain and Northern Ireland,HUMAN_OBSERVATION
54.774316,-4.136807,1990,7,United Kingdom of Great Britain and Northern Ireland,HUMAN_OBSERVATION
54.785893,-4.91826,1990,7,United Kingdom of Great Britain and Northern Ireland,HUMAN_OBSERVATION
54.79311,-4.666914,2012,8,United Kingdom of Great Britain and Northern Ireland,HUMAN_OBSERVATION
54.79314,-4.666636,2012,8,United Kingdom of Great Britain and Northern Ireland,HUMAN_OBSERVATION
54.79331,-4.666149,2012,8,United Kingdom of Great Britain and Northern Ireland,HUMAN_OBSERVATION
54.79331,-4.666056,2012,8,United Kingdom of Great Britain and Northern Ireland,HUMAN_OBSERVATION
54.809183,-4.958853,2019,1,United Kingdom of Great Britain and Northern Ireland,HUMAN_OBSERVATION
54.81295,-5.686686,2006,8,United Kingdom of Great Britain and Northern Ireland,HUMAN_OBSERVATION
54.81298,-5.686644,2006,8,United Kingdom of Great Britain and Northern Ireland,HUMAN_OBSERVATION
54.814146,-5.74313,2013,8,United Kingdom of Great Britain and Northern Ireland,HUMAN_OBSERVATION
54.81495,-5.741797,2013,8,United Kingdom of Great Britain and Northern Ireland,HUMAN_OBSERVATION
54.81636,-5.767159,2008,6,United Kingdom of Great Britain and Northern Ireland,HUMAN_OBSERVATION
54.81911,-5.767976,2009,7,United Kingdom of Great Britain and Northern Ireland,HUMAN_OBSERVATION
54.819442,-4.83038,1990,7,United Kingdom of Great Britain and Northern Ireland,HUMAN_OBSERVATION
54.82645,-5.754141,2009,7,United Kingdom of Great Britain and Northern Ireland,HUMAN_OBSERVATION
54.827504,-4.733622,2021,9,United Kingdom of Great Britain and Northern Ireland,HUMAN_OBSERVATION
54.84175,-5.713159,2000,3,United Kingdom of Great Britain and Northern Ireland,HUMAN_OBSERVATION
54.84175,-5.713159,2000,3,United Kingdom of Great Britain and Northern Ireland,HUMAN_OBSERVATION
54.84395,-5.793468,2009,6,United Kingdom of Great Britain and Northern Ireland,HUMAN_OBSERVATION
54.84395,-5.793468,2009,6,United Kingdom of Great Britain and Northern Ireland,HUMAN_OBSERVATION
54.8471,-5.714476,2012,5,United Kingdom of Great Britain and Northern Ireland,HUMAN_OBSERVATION
54.85003,-5.721917,2019,9,United Kingdom of Great Britain and Northern Ireland,HUMAN_OBSERVATION
54.85747,-5.73484,2010,1,United Kingdom of Great Britain and Northern Ireland,HUMAN_OBSERVATION
54.8605,-5.761455,2012,9,United Kingdom of Great Britain and Northern Ireland,HUMAN_OBSERVATION
54.8605,-5.761455,2012,9,United Kingdom of Great Britain and Northern Ireland,HUMAN_OBSERVATION
54.86606,-1.335377,2018,9,United Kingdom of Great Britain and Northern Ireland,HUMAN_OBSERVATION
54.90065,-1.321021,2016,7,United Kingdom of Great Britain and Northern Ireland,HUMAN_OBSERVATION
54.904506,-1.327031,1993,6,United Kingdom of Great Britain and Northern Ireland,HUMAN_OBSERVATION
54.91594,-5.043265,2004,8,United Kingdom of Great Britain and Northern Ireland,HUMAN_OBSERVATION
54.92236,-5.035841,1988,9,United Kingdom of Great Britain and Northern Ireland,HUMAN_OBSERVATION
54.929031,-5.05664,1988,9,United Kingdom of Great Britain and Northern Ireland,HUMAN_OBSERVATION
54.931411,-5.033401,1988,9,United Kingdom of Great Britain and Northern Ireland,HUMAN_OBSERVATION
54.931895,-8.432078,2017,,Ireland,HUMAN_OBSERVATION
54.945886,-5.029806,1988,9,United Kingdom of Great Britain and Northern Ireland,HUMAN_OBSERVATION
54.947213,-5.048649,1988,9,United Kingdom of Great Britain and Northern Ireland,HUMAN_OBSERVATION
54.94796,-5.01691,2019,6,United Kingdom of Great Britain and Northern Ireland,HUMAN_OBSERVATION
54.962272,-5.057603,1988,9,United Kingdom of Great Britain and Northern Ireland,HUMAN_OBSERVATION
54.96292,-1.34854,2015,8,United Kingdom of Great Britain and Northern Ireland,HUMAN_OBSERVATION
54.964184,-5.053061,1988,9,United Kingdom of Great Britain and Northern Ireland,HUMAN_OBSERVATION
54.964184,-5.053061,1988,9,United Kingdom of Great Britain and Northern Ireland,HUMAN_OBSERVATION
54.969072,-8.443278,1996,7,Ireland,HUMAN_OBSERVATION
54.969072,-8.443278,1996,7,Ireland,HUMAN_OBSERVATION
54.9693,-5.949158,2012,9,United Kingdom of Great Britain and Northern Ireland,HUMAN_OBSERVATION
54.96957,-5.920681,2000,6,United Kingdom of Great Britain and Northern Ireland,HUMAN_OBSERVATION
54.96957,-5.920681,2000,6,United Kingdom of Great Britain and Northern Ireland,HUMAN_OBSERVATION
54.98199,-8.457294,2019,5,Ireland,HUMAN_OBSERVATION
54.982687,-8.459876,1996,7,Ireland,HUMAN_OBSERVATION
54.982687,-8.459876,1996,7,Ireland,HUMAN_OBSERVATION
54.98624,-1.377874,2009,6,United Kingdom of Great Britain and Northern Ireland,HUMAN_OBSERVATION
54.992158,-5.048931,1988,9,United Kingdom of Great Britain and Northern Ireland,HUMAN_OBSERVATION
54.996913,-5.074314,1988,9,United Kingdom of Great Britain and Northern Ireland,HUMAN_OBSERVATION
54.998336,-8.440604,2016,,Ireland,HUMAN_OBSERVATION
55.010136,-5.084713,1988,9,United Kingdom of Great Britain and Northern Ireland,HUMAN_OBSERVATION
55.013577,-5.055251,1988,9,United Kingdom of Great Britain and Northern Ireland,HUMAN_OBSERVATION
55.01591,-1.376867,2009,6,United Kingdom of Great Britain and Northern Ireland,HUMAN_OBSERVATION
55.019449,-5.107335,1988,9,United Kingdom of Great Britain and Northern Ireland,HUMAN_OBSERVATION
55.019449,-5.107335,1988,9,United Kingdom of Great Britain and Northern Ireland,HUMAN_OBSERVATION
55.040497,-5.057302,1988,9,United Kingdom of Great Britain and Northern Ireland,HUMAN_OBSERVATION
55.075,-6.052,2012,8,United Kingdom of Great Britain and Northern Ireland,HUMAN_OBSERVATION
55.08282,-1.460193,2016,7,United Kingdom of Great Britain and Northern Ireland,HUMAN_OBSERVATION
55.107749,-7.514263,2023,7,Ireland,HUMAN_OBSERVATION
55.11113,-7.110581,2012,,United Kingdom of Great Britain and Northern Ireland,HUMAN_OBSERVATION
55.120704,-7.694326,1993,7,Ireland,HUMAN_OBSERVATION
55.120704,-7.694326,1993,7,Ireland,HUMAN_OBSERVATION
55.120704,-7.694326,1993,7,Ireland,HUMAN_OBSERVATION
55.120704,-7.694326,1993,7,Ireland,HUMAN_OBSERVATION
55.13061,-7.685764,2011,4,Ireland,HUMAN_OBSERVATION
55.14688,-7.693775,2010,4,Ireland,HUMAN_OBSERVATION
55.15045,-7.692697,2012,3,Ireland,HUMAN_OBSERVATION
55.151162,-7.68013,1993,7,Ireland,HUMAN_OBSERVATION
55.151162,-7.68013,1993,7,Ireland,HUMAN_OBSERVATION
55.151162,-7.68013,1993,7,Ireland,HUMAN_OBSERVATION
55.151162,-7.68013,1993,7,Ireland,HUMAN_OBSERVATION
55.15216,-7.67513,2012,3,Ireland,HUMAN_OBSERVATION
55.152702,-7.693396,1993,7,Ireland,HUMAN_OBSERVATION
55.152702,-7.693396,1993,7,Ireland,HUMAN_OBSERVATION
55.15368,-7.694197,2008,10,Ireland,HUMAN_OBSERVATION
55.15384,-7.679033,2008,12,Ireland,HUMAN_OBSERVATION
55.153871,-7.693406,1993,7,Ireland,HUMAN_OBSERVATION
55.153871,-7.693406,1993,7,Ireland,HUMAN_OBSERVATION
55.15395,-7.677948,2011,4,Ireland,HUMAN_OBSERVATION
55.15395,-7.677948,2011,4,Ireland,HUMAN_OBSERVATION
55.15401,-7.676526,2009,5,Ireland,HUMAN_OBSERVATION
55.15418,-7.679206,2009,10,Ireland,HUMAN_OBSERVATION
55.15444,-7.694714,2010,5,Ireland,HUMAN_OBSERVATION
55.15635,-7.697864,2009,4,Ireland,HUMAN_OBSERVATION
55.15668,-7.674178,2004,6,Ireland,HUMAN_OBSERVATION
55.15721,-7.696556,2011,4,Ireland,HUMAN_OBSERVATION
55.160139,-7.705621,1993,7,Ireland,HUMAN_OBSERVATION
55.160139,-7.705621,1993,7,Ireland,HUMAN_OBSERVATION
55.162817,-7.700345,1993,7,Ireland,HUMAN_OBSERVATION
55.162817,-7.700345,1993,7,Ireland,HUMAN_OBSERVATION
55.162817,-7.700345,1993,7,Ireland,HUMAN_OBSERVATION
55.162817,-7.700345,1993,7,Ireland,HUMAN_OBSERVATION
55.165994,-7.726587,1993,7,Ireland,HUMAN_OBSERVATION
55.165994,-7.726587,1993,7,Ireland,HUMAN_OBSERVATION
55.172034,-7.701507,1993,7,Ireland,HUMAN_OBSERVATION
55.172034,-7.701507,1993,7,Ireland,HUMAN_OBSERVATION
55.17951,-7.700707,2009,12,Ireland,HUMAN_OBSERVATION
55.18002,-7.7007,2009,3,Ireland,HUMAN_OBSERVATION
55.180046,-7.705328,1993,7,Ireland,HUMAN_OBSERVATION
55.180046,-7.705328,1993,7,Ireland,HUMAN_OBSERVATION
55.180046,-7.705328,1993,7,Ireland,HUMAN_OBSERVATION
55.180046,-7.705328,1993,7,Ireland,HUMAN_OBSERVATION
55.18452,-7.702368,2009,5,Ireland,HUMAN_OBSERVATION
55.18469,-6.725543,2010,10,United Kingdom of Great Britain and Northern Ireland,HUMAN_OBSERVATION
55.18835,-7.704207,2008,10,Ireland,HUMAN_OBSERVATION
55.18885,-7.707536,2009,5,Ireland,HUMAN_OBSERVATION
55.19076,-6.727112,2012,8,United Kingdom of Great Britain and Northern Ireland,HUMAN_OBSERVATION
55.19181,-7.011918,2009,4,Ireland,HUMAN_OBSERVATION
55.19181,-7.011918,2009,4,Ireland,HUMAN_OBSERVATION
55.192983,-7.797421,2023,9,Ireland,HUMAN_OBSERVATION
55.1974,-6.058298,2006,6,United Kingdom of Great Britain and Northern Ireland,HUMAN_OBSERVATION
55.199,-6.060167,1983,8,United Kingdom of Great Britain and Northern Ireland,HUMAN_OBSERVATION
55.19952,-7.714528,2010,5,Ireland,HUMAN_OBSERVATION
55.20049,-7.71377,2010,5,Ireland,HUMAN_OBSERVATION
55.20049,-7.71377,2010,5,Ireland,HUMAN_OBSERVATION
55.2025,-6.066667,1983,8,United Kingdom of Great Britain and Northern Ireland,HUMAN_OBSERVATION
55.20507,-7.696766,2010,6,Ireland,HUMAN_OBSERVATION
55.20507,-7.696766,2010,6,Ireland,HUMAN_OBSERVATION
55.20667,-6.23719,2012,8,United Kingdom of Great Britain and Northern Ireland,HUMAN_OBSERVATION
55.20835,-7.699205,2009,10,Ireland,HUMAN_OBSERVATION
55.20845,-7.700604,2010,5,Ireland,HUMAN_OBSERVATION
55.20845,-7.700604,2010,5,Ireland,HUMAN_OBSERVATION
55.20845,-7.700604,2010,5,Ireland,HUMAN_OBSERVATION
55.20847,-7.699584,2019,11,Ireland,HUMAN_OBSERVATION
55.20856,-7.699533,2019,8,Ireland,HUMAN_OBSERVATION
55.20858,-7.701048,2018,9,Ireland,HUMAN_OBSERVATION
55.20858,-7.701048,2018,9,Ireland,HUMAN_OBSERVATION
55.20868,-7.701015,2019,1,Ireland,HUMAN_OBSERVATION
55.208849,-7.707256,1993,7,Ireland,HUMAN_OBSERVATION
55.208849,-7.707256,1993,7,Ireland,HUMAN_OBSERVATION
55.208849,-7.707256,1993,7,Ireland,HUMAN_OBSERVATION
55.208849,-7.707256,1993,7,Ireland,HUMAN_OBSERVATION
55.20886,-7.700033,2010,2,Ireland,HUMAN_OBSERVATION
55.20919,-7.698346,2004,2,Ireland,HUMAN_OBSERVATION
55.20968,-6.662416,2009,5,United Kingdom of Great Britain and Northern Ireland,HUMAN_OBSERVATION
55.21109,-7.700494,2018,9,Ireland,HUMAN_OBSERVATION
55.21667,-6.633333,1979,7,United Kingdom of Great Britain and Northern Ireland,HUMAN_OBSERVATION
55.21869,-7.972538,2011,8,Ireland,HUMAN_OBSERVATION
55.22033,-6.265333,1984,6,United Kingdom of Great Britain and Northern Ireland,HUMAN_OBSERVATION
55.22252,-7.974074,2009,9,Ireland,HUMAN_OBSERVATION
55.22255,-6.63255,2009,5,United Kingdom of Great Britain and Northern Ireland,HUMAN_OBSERVATION
55.22267,-6.615833,1982,8,United Kingdom of Great Britain and Northern Ireland,HUMAN_OBSERVATION
55.22335,-7.713041,2008,10,Ireland,HUMAN_OBSERVATION
55.2345,-6.27957,2012,8,United Kingdom of Great Britain and Northern Ireland,HUMAN_OBSERVATION
55.24161,-6.513189,2010,9,United Kingdom of Great Britain and Northern Ireland,HUMAN_OBSERVATION
55.24226,-6.332322,2015,7,United Kingdom of Great Britain and Northern Ireland,HUMAN_OBSERVATION
55.24283,-6.353916,2012,9,United Kingdom of Great Britain and Northern Ireland,HUMAN_OBSERVATION
55.24283,-6.353916,2012,9,United Kingdom of Great Britain and Northern Ireland,HUMAN_OBSERVATION
55.24286,-6.351841,2016,9,United Kingdom of Great Britain and Northern Ireland,HUMAN_OBSERVATION
55.24349,-6.331882,2018,6,United Kingdom of Great Britain and Northern Ireland,HUMAN_OBSERVATION
55.25336,-6.46628,2010,9,United Kingdom of Great Britain and Northern Ireland,HUMAN_OBSERVATION
55.25336,-6.46628,2010,9,United Kingdom of Great Britain and Northern Ireland,HUMAN_OBSERVATION
55.25336,-6.46628,2010,9,United Kingdom of Great Britain and Northern Ireland,HUMAN_OBSERVATION
55.25368,-6.466205,2010,4,United Kingdom of Great Britain and Northern Ireland,HUMAN_OBSERVATION
55.254619,-8.260789,1995,7,Ireland,HUMAN_OBSERVATION
55.254619,-8.260789,1995,7,Ireland,HUMAN_OBSERVATION
55.26567,-6.172333,1983,6,United Kingdom of Great Britain and Northern Ireland,HUMAN_OBSERVATION
55.2662,-6.172439,2012,9,United Kingdom of Great Britain and Northern Ireland,HUMAN_OBSERVATION
55.2662,-6.172439,2010,10,United Kingdom of Great Britain and Northern Ireland,HUMAN_OBSERVATION
55.26667,-6.172833,1984,8,United Kingdom of Great Britain and Northern Ireland,HUMAN_OBSERVATION
55.27363,-6.171014,2012,8,United Kingdom of Great Britain and Northern Ireland,HUMAN_OBSERVATION
55.28203,-6.170918,2010,6,United Kingdom of Great Britain and Northern Ireland,HUMAN_OBSERVATION
55.28935,-6.25921,2005,7,United Kingdom of Great Britain and Northern Ireland,HUMAN_OBSERVATION
55.28935,-6.25921,2005,7,United Kingdom of Great Britain and Northern Ireland,HUMAN_OBSERVATION
55.28935,-6.25921,2005,7,United Kingdom of Great Britain and Northern Ireland,HUMAN_OBSERVATION
55.2894,-6.257259,2005,6,United Kingdom of Great Britain and Northern Ireland,HUMAN_OBSERVATION
55.28983,-6.253334,1985,9,United Kingdom of Great Britain and Northern Ireland,HUMAN_OBSERVATION
55.29001,-6.257634,2013,6,United Kingdom of Great Britain and Northern Ireland,HUMAN_OBSERVATION
55.29087,-6.248608,2015,7,United Kingdom of Great Britain and Northern Ireland,HUMAN_OBSERVATION
55.2913,-6.264346,2021,8,United Kingdom of Great Britain and Northern Ireland,HUMAN_OBSERVATION
55.29133,-6.17,1984,8,United Kingdom of Great Britain and Northern Ireland,HUMAN_OBSERVATION
55.29134,-6.19168,2011,8,United Kingdom of Great Britain and Northern Ireland,HUMAN_OBSERVATION
55.2914,-6.251068,2011,6,United Kingdom of Great Britain and Northern Ireland,HUMAN_OBSERVATION
55.2916,-6.250821,2010,6,United Kingdom of Great Britain and Northern Ireland,HUMAN_OBSERVATION
55.29182,-6.170829,2012,5,United Kingdom of Great Britain and Northern Ireland,HUMAN_OBSERVATION
55.29217,-6.241667,1985,9,United Kingdom of Great Britain and Northern Ireland,HUMAN_OBSERVATION
55.29235,-6.244233,2021,7,United Kingdom of Great Britain and Northern Ireland,HUMAN_OBSERVATION
55.29283,-6.240754,2019,5,United Kingdom of Great Britain and Northern Ireland,HUMAN_OBSERVATION
55.30167,-6.284,1983,6,United Kingdom of Great Britain and Northern Ireland,HUMAN_OBSERVATION
55.30312,-6.277048,2013,6,United Kingdom of Great Britain and Northern Ireland,HUMAN_OBSERVATION
55.30585,-6.273353,2012,8,United Kingdom of Great Britain and Northern Ireland,HUMAN_OBSERVATION
55.30743,-6.270519,2010,9,United Kingdom of Great Britain and Northern Ireland,HUMAN_OBSERVATION
55.30777,-6.268024,2010,6,United Kingdom of Great Britain and Northern Ireland,HUMAN_OBSERVATION
55.30822,-6.203485,2005,6,United Kingdom of Great Britain and Northern Ireland,HUMAN_OBSERVATION
55.31187,-6.252393,2010,6,United Kingdom of Great Britain and Northern Ireland,HUMAN_OBSERVATION
55.31187,-6.252393,2010,6,United Kingdom of Great Britain and Northern Ireland,HUMAN_OBSERVATION
55.31289,-6.236778,2017,5,United Kingdom of Great Britain and Northern Ireland,HUMAN_OBSERVATION
55.41365,-5.129017,2019,5,United Kingdom of Great Britain and Northern Ireland,HUMAN_OBSERVATION
55.41432,-5.582464,2015,3,United Kingdom of Great Britain and Northern Ireland,HUMAN_OBSERVATION
55.41497,-5.133926,2017,9,United Kingdom of Great Britain and Northern Ireland,HUMAN_OBSERVATION
55.4251,-5.241821,2014,9,United Kingdom of Great Britain and Northern Ireland,HUMAN_OBSERVATION
55.42756,-5.23939,2013,3,United Kingdom of Great Britain and Northern Ireland,HUMAN_OBSERVATION
55.42842,-5.187187,2014,8,United Kingdom of Great Britain and Northern Ireland,HUMAN_OBSERVATION
55.4285,-5.110214,2014,9,United Kingdom of Great Britain and Northern Ireland,HUMAN_OBSERVATION
55.42876,-5.218616,2014,9,United Kingdom of Great Britain and Northern Ireland,HUMAN_OBSERVATION
55.42878,-5.18278,2014,9,United Kingdom of Great Britain and Northern Ireland,HUMAN_OBSERVATION
55.42883,-5.203592,2014,9,United Kingdom of Great Britain and Northern Ireland,HUMAN_OBSERVATION
55.42925,-5.219502,2014,9,United Kingdom of Great Britain and Northern Ireland,HUMAN_OBSERVATION
55.42995,-5.114368,2014,9,United Kingdom of Great Britain and Northern Ireland,HUMAN_OBSERVATION
55.43089,-5.109484,2014,9,United Kingdom of Great Britain and Northern Ireland,HUMAN_OBSERVATION
55.43111,-5.323697,2014,9,United Kingdom of Great Britain and Northern Ireland,HUMAN_OBSERVATION
55.43129,-5.113841,2014,9,United Kingdom of Great Britain and Northern Ireland,HUMAN_OBSERVATION
55.43213,-5.114761,2014,9,United Kingdom of Great Britain and Northern Ireland,HUMAN_OBSERVATION
55.43228,-5.275587,2013,3,United Kingdom of Great Britain and Northern Ireland,HUMAN_OBSERVATION
55.43378,-5.109261,2014,9,United Kingdom of Great Britain and Northern Ireland,HUMAN_OBSERVATION
55.43428,-5.113238,2014,9,United Kingdom of Great Britain and Northern Ireland,HUMAN_OBSERVATION
55.43546,-5.10461,2014,9,United Kingdom of Great Britain and Northern Ireland,HUMAN_OBSERVATION
55.43568,-5.109364,2014,9,United Kingdom of Great Britain and Northern Ireland,HUMAN_OBSERVATION
55.43637,-5.123809,2014,9,United Kingdom of Great Britain and Northern Ireland,HUMAN_OBSERVATION
55.44063,-5.094799,2014,9,United Kingdom of Great Britain and Northern Ireland,HUMAN_OBSERVATION
55.44254,-5.303012,2014,9,United Kingdom of Great Britain and Northern Ireland,HUMAN_OBSERVATION
55.44385,-5.091801,2014,7,United Kingdom of Great Britain and Northern Ireland,HUMAN_OBSERVATION
55.44428,-5.092989,2014,9,United Kingdom of Great Britain and Northern Ireland,HUMAN_OBSERVATION
55.445,-5.324359,2014,9,United Kingdom of Great Britain and Northern Ireland,HUMAN_OBSERVATION
55.44547,-5.307765,2014,9,United Kingdom of Great Britain and Northern Ireland,HUMAN_OBSERVATION
55.44952,-5.087119,2014,9,United Kingdom of Great Britain and Northern Ireland,HUMAN_OBSERVATION
55.45108,-5.520844,2006,10,United Kingdom of Great Britain and Northern Ireland,HUMAN_OBSERVATION
55.45108,-5.520821,2006,10,United Kingdom of Great Britain and Northern Ireland,HUMAN_OBSERVATION
55.45205,-5.317841,2014,9,United Kingdom of Great Britain and Northern Ireland,HUMAN_OBSERVATION
55.45227,-5.082556,2014,8,United Kingdom of Great Britain and Northern Ireland,HUMAN_OBSERVATION
55.45733,-5.077215,2014,9,United Kingdom of Great Britain and Northern Ireland,HUMAN_OBSERVATION
55.45927,-5.072406,2014,8,United Kingdom of Great Britain and Northern Ireland,HUMAN_OBSERVATION
55.46071,-5.0777,2014,9,United Kingdom of Great Britain and Northern Ireland,HUMAN_OBSERVATION
55.46082,-5.073207,2014,9,United Kingdom of Great Britain and Northern Ireland,HUMAN_OBSERVATION
55.46307,-5.075677,2014,9,United Kingdom of Great Britain and Northern Ireland,HUMAN_OBSERVATION
55.46648,9.686575,1997,9,Denmark,HUMAN_OBSERVATION
55.47054,-5.331497,2014,9,United Kingdom of Great Britain and Northern Ireland,HUMAN_OBSERVATION
55.47993,-5.070318,2014,7,United Kingdom of Great Britain and Northern Ireland,HUMAN_OBSERVATION
55.48006,-5.070004,2018,10,United Kingdom of Great Britain and Northern Ireland,HUMAN_OBSERVATION
55.48035,-5.07001,2016,9,United Kingdom of Great Britain and Northern Ireland,HUMAN_OBSERVATION
55.48035,-5.07001,2016,9,United Kingdom of Great Britain and Northern Ireland,HUMAN_OBSERVATION
55.48042,-5.079167,2017,9,United Kingdom of Great Britain and Northern Ireland,HUMAN_OBSERVATION
55.48061,-5.07953,2016,9,United Kingdom of Great Britain and Northern Ireland,HUMAN_OBSERVATION
55.48851,-5.088159,2014,9,United Kingdom of Great Britain and Northern Ireland,HUMAN_OBSERVATION
55.49181,-5.355348,2014,9,United Kingdom of Great Britain and Northern Ireland,HUMAN_OBSERVATION
55.49418,-5.349864,2014,9,United Kingdom of Great Britain and Northern Ireland,HUMAN_OBSERVATION
55.49494,-5.073886,2014,8,United Kingdom of Great Britain and Northern Ireland,HUMAN_OBSERVATION
55.49761,-5.087192,2014,9,United Kingdom of Great Britain and Northern Ireland,HUMAN_OBSERVATION
55.50119,-5.066611,2015,7,United Kingdom of Great Britain and Northern Ireland,HUMAN_OBSERVATION
55.50465,-5.064576,2014,9,United Kingdom of Great Britain and Northern Ireland,HUMAN_OBSERVATION
55.5047,-5.063716,2014,9,United Kingdom of Great Britain and Northern Ireland,HUMAN_OBSERVATION
55.50514,-5.066443,2014,7,United Kingdom of Great Britain and Northern Ireland,HUMAN_OBSERVATION
55.50556,-5.060202,2014,9,United Kingdom of Great Britain and Northern Ireland,HUMAN_OBSERVATION
55.50627,-5.06303,2014,9,United Kingdom of Great Britain and Northern Ireland,HUMAN_OBSERVATION
55.50693,-5.064713,2017,9,United Kingdom of Great Britain and Northern Ireland,HUMAN_OBSERVATION
55.50693,-5.064713,2017,9,United Kingdom of Great Britain and Northern Ireland,HUMAN_OBSERVATION
55.50734,-5.064222,2014,9,United Kingdom of Great Britain and Northern Ireland,HUMAN_OBSERVATION
55.50788,-5.057903,2014,9,United Kingdom of Great Britain and Northern Ireland,HUMAN_OBSERVATION
55.50808,-5.076526,2014,9,United Kingdom of Great Britain and Northern Ireland,HUMAN_OBSERVATION
55.50817,-5.061514,2014,9,United Kingdom of Great Britain and Northern Ireland,HUMAN_OBSERVATION
55.50935,-5.064363,2012,6,United Kingdom of Great Britain and Northern Ireland,HUMAN_OBSERVATION
55.50951,-5.058275,2014,9,United Kingdom of Great Britain and Northern Ireland,HUMAN_OBSERVATION
55.50965,-5.065629,2014,9,United Kingdom of Great Britain and Northern Ireland,HUMAN_OBSERVATION
55.5102,-5.075995,2018,10,United Kingdom of Great Britain and Northern Ireland,HUMAN_OBSERVATION
55.5102,-5.075995,2018,10,United Kingdom of Great Britain and Northern Ireland,HUMAN_OBSERVATION
55.5102,-5.075995,2016,9,United Kingdom of Great Britain and Northern Ireland,HUMAN_OBSERVATION
55.51035,-5.062911,2014,9,United Kingdom of Great Britain and Northern Ireland,HUMAN_OBSERVATION
55.51036,-5.075865,2008,10,United Kingdom of Great Britain and Northern Ireland,HUMAN_OBSERVATION
55.51048,-5.060862,2014,9,United Kingdom of Great Britain and Northern Ireland,HUMAN_OBSERVATION
55.51065,-5.068955,2014,9,United Kingdom of Great Britain and Northern Ireland,HUMAN_OBSERVATION
55.5108,-5.060974,2014,9,United Kingdom of Great Britain and Northern Ireland,HUMAN_OBSERVATION
55.511,-5.056323,2014,9,United Kingdom of Great Britain and Northern Ireland,HUMAN_OBSERVATION
55.51196,-5.059218,2014,9,United Kingdom of Great Britain and Northern Ireland,HUMAN_OBSERVATION
55.5124,-5.070422,2014,9,United Kingdom of Great Britain and Northern Ireland,HUMAN_OBSERVATION
55.51413,-5.071223,2014,9,United Kingdom of Great Britain and Northern Ireland,HUMAN_OBSERVATION
55.51675,-5.057593,2014,9,United Kingdom of Great Britain and Northern Ireland,HUMAN_OBSERVATION
55.51865,-5.058287,2014,9,United Kingdom of Great Britain and Northern Ireland,HUMAN_OBSERVATION
55.51949,-5.058574,2019,5,United Kingdom of Great Britain and Northern Ireland,HUMAN_OBSERVATION
55.52164,-5.060358,2014,9,United Kingdom of Great Britain and Northern Ireland,HUMAN_OBSERVATION
55.52303,-5.080357,2008,10,United Kingdom of Great Britain and Northern Ireland,HUMAN_OBSERVATION
55.52303,-1.608427,2015,8,United Kingdom of Great Britain and Northern Ireland,HUMAN_OBSERVATION
55.52321,-5.058816,2014,8,United Kingdom of Great Britain and Northern Ireland,HUMAN_OBSERVATION
55.52446,-5.062027,2014,9,United Kingdom of Great Britain and Northern Ireland,HUMAN_OBSERVATION
55.53257,-5.069665,2014,9,United Kingdom of Great Britain and Northern Ireland,HUMAN_OBSERVATION
55.53481,-5.065346,2018,10,United Kingdom of Great Britain and Northern Ireland,HUMAN_OBSERVATION
55.53528,-5.071089,2014,9,United Kingdom of Great Britain and Northern Ireland,HUMAN_OBSERVATION
55.53567,-5.071182,2014,9,United Kingdom of Great Britain and Northern Ireland,HUMAN_OBSERVATION
55.53567,-5.071182,2014,9,United Kingdom of Great Britain and Northern Ireland,HUMAN_OBSERVATION
55.53609,-5.073047,2014,9,United Kingdom of Great Britain and Northern Ireland,HUMAN_OBSERVATION
55.53707,-5.074447,2014,9,United Kingdom of Great Britain and Northern Ireland,HUMAN_OBSERVATION
55.53716,-5.085315,2010,7,United Kingdom of Great Britain and Northern Ireland,HUMAN_OBSERVATION
55.53765,-5.076086,2014,9,United Kingdom of Great Britain and Northern Ireland,HUMAN_OBSERVATION
55.53842,-5.076391,2014,9,United Kingdom of Great Britain and Northern Ireland,HUMAN_OBSERVATION
55.53871,-5.076446,2014,9,United Kingdom of Great Britain and Northern Ireland,HUMAN_OBSERVATION
55.53871,-5.076446,2014,9,United Kingdom of Great Britain and Northern Ireland,HUMAN_OBSERVATION
55.53931,-5.076533,2012,6,United Kingdom of Great Britain and Northern Ireland,HUMAN_OBSERVATION
55.54152,-5.079869,2012,6,United Kingdom of Great Britain and Northern Ireland,HUMAN_OBSERVATION
55.5417,-5.078834,2003,8,United Kingdom of Great Britain and Northern Ireland,HUMAN_OBSERVATION
55.54432,-5.0944,2010,8,United Kingdom of Great Britain and Northern Ireland,HUMAN_OBSERVATION
55.54432,-5.0944,2010,8,United Kingdom of Great Britain and Northern Ireland,HUMAN_OBSERVATION
55.54477,-5.093206,2004,8,United Kingdom of Great Britain and Northern Ireland,HUMAN_OBSERVATION
55.54528,-5.091233,2017,9,United Kingdom of Great Britain and Northern Ireland,HUMAN_OBSERVATION
55.54583,-5.088009,2018,9,United Kingdom of Great Britain and Northern Ireland,HUMAN_OBSERVATION
55.54601,-5.087817,2016,9,United Kingdom of Great Britain and Northern Ireland,HUMAN_OBSERVATION
55.54604,-5.087438,2014,9,United Kingdom of Great Britain and Northern Ireland,HUMAN_OBSERVATION
55.54774,-5.088912,2018,10,United Kingdom of Great Britain and Northern Ireland,HUMAN_OBSERVATION
55.54774,-5.088912,2018,10,United Kingdom of Great Britain and Northern Ireland,HUMAN_OBSERVATION
55.54774,-5.088912,2018,10,United Kingdom of Great Britain and Northern Ireland,HUMAN_OBSERVATION
55.54795,-5.07963,2010,8,United Kingdom of Great Britain and Northern Ireland,HUMAN_OBSERVATION
55.54795,-5.07963,2010,8,United Kingdom of Great Britain and Northern Ireland,HUMAN_OBSERVATION
55.54795,-5.07963,2010,8,United Kingdom of Great Britain and Northern Ireland,HUMAN_OBSERVATION
55.54842,-5.08119,2010,8,United Kingdom of Great Britain and Northern Ireland,HUMAN_OBSERVATION
55.54898,-5.0798,2010,8,United Kingdom of Great Britain and Northern Ireland,HUMAN_OBSERVATION
55.54898,-5.0798,2010,8,United Kingdom of Great Britain and Northern Ireland,HUMAN_OBSERVATION
55.54898,-5.0798,2010,8,United Kingdom of Great Britain and Northern Ireland,HUMAN_OBSERVATION
55.54898,-5.0798,2010,8,United Kingdom of Great Britain and Northern Ireland,HUMAN_OBSERVATION
55.55072,-5.07999,2010,8,United Kingdom of Great Britain and Northern Ireland,HUMAN_OBSERVATION
55.55072,-5.07999,2010,8,United Kingdom of Great Britain and Northern Ireland,HUMAN_OBSERVATION
55.55072,-5.07999,2010,8,United Kingdom of Great Britain and Northern Ireland,HUMAN_OBSERVATION
55.551,-5.079088,2014,9,United Kingdom of Great Britain and Northern Ireland,HUMAN_OBSERVATION
55.55117,-5.07914,2010,8,United Kingdom of Great Britain and Northern Ireland,HUMAN_OBSERVATION
55.55272,-5.080578,2014,9,United Kingdom of Great Britain and Northern Ireland,HUMAN_OBSERVATION
55.5546,-5.082883,2014,9,United Kingdom of Great Britain and Northern Ireland,HUMAN_OBSERVATION
55.55566,-5.084869,2014,9,United Kingdom of Great Britain and Northern Ireland,HUMAN_OBSERVATION
55.55687,-5.086868,2014,9,United Kingdom of Great Britain and Northern Ireland,HUMAN_OBSERVATION
55.55802,-5.087752,2014,9,United Kingdom of Great Britain and Northern Ireland,HUMAN_OBSERVATION
55.55971,-5.090946,2014,9,United Kingdom of Great Britain and Northern Ireland,HUMAN_OBSERVATION
55.56071,-5.091057,2014,8,United Kingdom of Great Britain and Northern Ireland,HUMAN_OBSERVATION
55.56152,-5.091255,2014,9,United Kingdom of Great Britain and Northern Ireland,HUMAN_OBSERVATION
55.56233,-5.086186,2016,9,United Kingdom of Great Britain and Northern Ireland,HUMAN_OBSERVATION
55.56233,-5.086186,2016,9,United Kingdom of Great Britain and Northern Ireland,HUMAN_OBSERVATION
55.56234,-5.08637,2014,9,United Kingdom of Great Britain and Northern Ireland,HUMAN_OBSERVATION
55.5636,-5.09199,2014,9,United Kingdom of Great Britain and Northern Ireland,HUMAN_OBSERVATION
55.56599,-5.0957,2014,9,United Kingdom of Great Britain and Northern Ireland,HUMAN_OBSERVATION
55.56711,-5.098358,2014,9,United Kingdom of Great Britain and Northern Ireland,HUMAN_OBSERVATION
55.56744,-5.097805,2014,9,United Kingdom of Great Britain and Northern Ireland,HUMAN_OBSERVATION
55.56866,-5.10067,2014,9,United Kingdom of Great Britain and Northern Ireland,HUMAN_OBSERVATION
55.57075,-5.1017,2014,9,United Kingdom of Great Britain and Northern Ireland,HUMAN_OBSERVATION
55.57111,-5.1041,2014,9,United Kingdom of Great Britain and Northern Ireland,HUMAN_OBSERVATION
55.57121,-5.101379,2014,9,United Kingdom of Great Britain and Northern Ireland,HUMAN_OBSERVATION
55.57127,-5.101249,2014,9,United Kingdom of Great Britain and Northern Ireland,HUMAN_OBSERVATION
55.58757,-6.247074,1999,8,United Kingdom of Great Britain and Northern Ireland,HUMAN_OBSERVATION
55.59238,-6.232238,1999,8,United Kingdom of Great Britain and Northern Ireland,HUMAN_OBSERVATION
55.6008,-6.226479,1999,8,United Kingdom of Great Britain and Northern Ireland,HUMAN_OBSERVATION
55.60167,-6.22557,1999,8,United Kingdom of Great Britain and Northern Ireland,HUMAN_OBSERVATION
55.60984,-6.154278,1999,8,United Kingdom of Great Britain and Northern Ireland,HUMAN_OBSERVATION
55.61007,-6.154253,1999,8,United Kingdom of Great Britain and Northern Ireland,HUMAN_OBSERVATION
55.61129,-6.156453,1999,8,United Kingdom of Great Britain and Northern Ireland,HUMAN_OBSERVATION
55.6229,-5.423449,2006,10,United Kingdom of Great Britain and Northern Ireland,HUMAN_OBSERVATION
55.6302,-1.628258,2007,9,United Kingdom of Great Britain and Northern Ireland,HUMAN_OBSERVATION
55.63656,-6.092343,2016,8,United Kingdom of Great Britain and Northern Ireland,HUMAN_OBSERVATION
55.63853,-5.392001,2006,10,United Kingdom of Great Britain and Northern Ireland,HUMAN_OBSERVATION
55.640915,-1.631408,2022,4,United Kingdom of Great Britain and Northern Ireland,HUMAN_OBSERVATION
55.640915,-1.631408,2022,4,United Kingdom of Great Britain and Northern Ireland,HUMAN_OBSERVATION
55.64138,-4.815657,2020,7,United Kingdom of Great Britain and Northern Ireland,HUMAN_OBSERVATION
55.64163,-6.099535,2016,8,United Kingdom of Great Britain and Northern Ireland,HUMAN_OBSERVATION
55.646884,-6.090236,1979,10,United Kingdom of Great Britain and Northern Ireland,HUMAN_OBSERVATION
55.65271,-6.072745,2016,8,United Kingdom of Great Britain and Northern Ireland,HUMAN_OBSERVATION
55.669475,-5.399458,2008,5,United Kingdom of Great Britain and Northern Ireland,HUMAN_OBSERVATION
55.67663,-6.319431,1999,7,United Kingdom of Great Britain and Northern Ireland,HUMAN_OBSERVATION
55.67663,-6.319431,1999,7,United Kingdom of Great Britain and Northern Ireland,HUMAN_OBSERVATION
55.69139,-5.44558,2005,7,United Kingdom of Great Britain and Northern Ireland,HUMAN_OBSERVATION
55.69606,-5.444708,2005,7,United Kingdom of Great Britain and Northern Ireland,HUMAN_OBSERVATION
55.70818,-6.343849,1999,8,United Kingdom of Great Britain and Northern Ireland,HUMAN_OBSERVATION
55.71103,-5.295096,2017,9,United Kingdom of Great Britain and Northern Ireland,HUMAN_OBSERVATION
55.71103,-5.295096,2017,9,United Kingdom of Great Britain and Northern Ireland,HUMAN_OBSERVATION
55.71146,-4.957315,2018,4,United Kingdom of Great Britain and Northern Ireland,HUMAN_OBSERVATION
55.71164,-6.350475,1999,8,United Kingdom of Great Britain and Northern Ireland,HUMAN_OBSERVATION
55.71183,-4.957391,2020,8,United Kingdom of Great Britain and Northern Ireland,HUMAN_OBSERVATION
55.71183,-4.957391,2020,8,United Kingdom of Great Britain and Northern Ireland,HUMAN_OBSERVATION
55.71409,-4.943308,2019,9,United Kingdom of Great Britain and Northern Ireland,HUMAN_OBSERVATION
55.71909,-4.940539,2017,4,United Kingdom of Great Britain and Northern Ireland,HUMAN_OBSERVATION
55.71924,-4.939188,2019,9,United Kingdom of Great Britain and Northern Ireland,HUMAN_OBSERVATION
55.71947,-4.93876,2019,9,United Kingdom of Great Britain and Northern Ireland,HUMAN_OBSERVATION
55.71947,-4.93876,2019,9,United Kingdom of Great Britain and Northern Ireland,HUMAN_OBSERVATION
55.7259,-5.736955,2016,9,United Kingdom of Great Britain and Northern Ireland,HUMAN_OBSERVATION
55.72817,-4.957273,2020,8,United Kingdom of Great Britain and Northern Ireland,HUMAN_OBSERVATION
55.73385,-6.344715,1999,8,United Kingdom of Great Britain and Northern Ireland,HUMAN_OBSERVATION
55.734,-4.942026,2007,9,United Kingdom of Great Britain and Northern Ireland,HUMAN_OBSERVATION
55.74482,-6.491142,1999,8,United Kingdom of Great Britain and Northern Ireland,HUMAN_OBSERVATION
55.74666,-4.920706,2015,7,United Kingdom of Great Britain and Northern Ireland,HUMAN_OBSERVATION
55.7477,-4.914678,2004,8,United Kingdom of Great Britain and Northern Ireland,HUMAN_OBSERVATION
55.747835,-4.915005,2016,3,United Kingdom of Great Britain and Northern Ireland,MATERIAL_SAMPLE
55.747835,-4.915005,2016,3,United Kingdom of Great Britain and Northern Ireland,MATERIAL_SAMPLE
55.74813,-4.914472,2004,8,United Kingdom of Great Britain and Northern Ireland,HUMAN_OBSERVATION
55.74953,-4.9049,2015,7,United Kingdom of Great Britain and Northern Ireland,HUMAN_OBSERVATION
55.749909,-4.905396,2005,7,United Kingdom of Great Britain and Northern Ireland,HUMAN_OBSERVATION
55.755333,-5.071167,,,United Kingdom of Great Britain and Northern Ireland,HUMAN_OBSERVATION
55.763472,-5.327351,1988,9,United Kingdom of Great Britain and Northern Ireland,HUMAN_OBSERVATION
55.765666,-4.89384,2016,3,United Kingdom of Great Britain and Northern Ireland,MATERIAL_SAMPLE
55.765666,-4.89384,2016,3,United Kingdom of Great Britain and Northern Ireland,MATERIAL_SAMPLE
55.767023,-4.941749,2005,8,United Kingdom of Great Britain and Northern Ireland,HUMAN_OBSERVATION
55.77273,-5.139357,2007,6,United Kingdom of Great Britain and Northern Ireland,HUMAN_OBSERVATION
55.77406,-5.140054,2010,10,United Kingdom of Great Britain and Northern Ireland,HUMAN_OBSERVATION
55.774731,-6.347777,1982,6,United Kingdom of Great Britain and Northern Ireland,HUMAN_OBSERVATION
55.776525,-6.322443,1982,6,United Kingdom of Great Britain and Northern Ireland,HUMAN_OBSERVATION
55.78015,-5.162927,2013,9,United Kingdom of Great Britain and Northern Ireland,HUMAN_OBSERVATION
55.78618,-4.894961,2005,7,United Kingdom of Great Britain and Northern Ireland,HUMAN_OBSERVATION
55.79204,-5.169062,2013,9,United Kingdom of Great Britain and Northern Ireland,HUMAN_OBSERVATION
55.79774,-5.16761,2008,9,United Kingdom of Great Britain and Northern Ireland,HUMAN_OBSERVATION
55.79774,-5.16761,2008,9,United Kingdom of Great Britain and Northern Ireland,HUMAN_OBSERVATION
55.799053,-5.502769,1989,8,United Kingdom of Great Britain and Northern Ireland,HUMAN_OBSERVATION
55.81124,-5.501236,2017,2,United Kingdom of Great Britain and Northern Ireland,HUMAN_OBSERVATION
55.812016,-5.489564,1989,8,United Kingdom of Great Britain and Northern Ireland,HUMAN_OBSERVATION
55.812641,-5.499201,1989,8,United Kingdom of Great Britain and Northern Ireland,HUMAN_OBSERVATION
55.812641,-5.499201,1989,8,United Kingdom of Great Britain and Northern Ireland,HUMAN_OBSERVATION
55.8149,-5.493931,2018,2,United Kingdom of Great Britain and Northern Ireland,HUMAN_OBSERVATION
55.81509,-5.494332,2017,1,United Kingdom of Great Britain and Northern Ireland,HUMAN_OBSERVATION
55.81528,-5.497351,2021,4,United Kingdom of Great Britain and Northern Ireland,HUMAN_OBSERVATION
55.82157,-5.213165,2010,8,United Kingdom of Great Britain and Northern Ireland,HUMAN_OBSERVATION
55.82177,-5.21267,2010,8,United Kingdom of Great Britain and Northern Ireland,HUMAN_OBSERVATION
55.82524,-5.466042,2021,7,United Kingdom of Great Britain and Northern Ireland,HUMAN_OBSERVATION
55.83514,-5.463791,2021,6,United Kingdom of Great Britain and Northern Ireland,HUMAN_OBSERVATION
55.83514,-5.463791,2021,6,United Kingdom of Great Britain and Northern Ireland,HUMAN_OBSERVATION
55.83584,-5.470477,2021,6,United Kingdom of Great Britain and Northern Ireland,HUMAN_OBSERVATION
55.840002,-5.453726,1989,8,United Kingdom of Great Britain and Northern Ireland,HUMAN_OBSERVATION
55.84188,-5.357591,2010,8,United Kingdom of Great Britain and Northern Ireland,HUMAN_OBSERVATION
55.847953,-6.101771,1999,8,United Kingdom of Great Britain and Northern Ireland,HUMAN_OBSERVATION
55.848051,-5.291433,1988,8,United Kingdom of Great Britain and Northern Ireland,HUMAN_OBSERVATION
55.851168,-5.309277,1988,8,United Kingdom of Great Britain and Northern Ireland,HUMAN_OBSERVATION
55.8543,-5.313057,2013,7,United Kingdom of Great Britain and Northern Ireland,HUMAN_OBSERVATION
55.85559,-5.376551,2006,12,United Kingdom of Great Britain and Northern Ireland,HUMAN_OBSERVATION
55.85559,-5.376551,2006,12,United Kingdom of Great Britain and Northern Ireland,HUMAN_OBSERVATION
55.85563,-5.376459,2013,7,United Kingdom of Great Britain and Northern Ireland,HUMAN_OBSERVATION
55.86382,-5.391113,2018,9,United Kingdom of Great Britain and Northern Ireland,HUMAN_OBSERVATION
55.86393,-5.390617,2006,10,United Kingdom of Great Britain and Northern Ireland,HUMAN_OBSERVATION
55.86413,-5.389829,2015,5,United Kingdom of Great Britain and Northern Ireland,HUMAN_OBSERVATION
55.864244,-5.390328,2004,3,United Kingdom of Great Britain and Northern Ireland,HUMAN_OBSERVATION
55.86425,-5.389632,2005,1,United Kingdom of Great Britain and Northern Ireland,HUMAN_OBSERVATION
55.86425,-5.389632,2005,1,United Kingdom of Great Britain and Northern Ireland,HUMAN_OBSERVATION
55.86428,-5.389251,2012,1,United Kingdom of Great Britain and Northern Ireland,HUMAN_OBSERVATION
55.86428,-5.389251,2012,1,United Kingdom of Great Britain and Northern Ireland,HUMAN_OBSERVATION
55.8644,-5.389293,2020,9,United Kingdom of Great Britain and Northern Ireland,HUMAN_OBSERVATION
55.86483,-5.390729,2019,9,United Kingdom of Great Britain and Northern Ireland,HUMAN_OBSERVATION
55.86483,-5.390729,2019,9,United Kingdom of Great Britain and Northern Ireland,HUMAN_OBSERVATION
55.86541,-5.394898,2014,2,United Kingdom of Great Britain and Northern Ireland,HUMAN_OBSERVATION
55.86608,-5.398058,2013,10,United Kingdom of Great Britain and Northern Ireland,HUMAN_OBSERVATION
55.87665,-5.39684,2017,12,United Kingdom of Great Britain and Northern Ireland,HUMAN_OBSERVATION
55.87665,-5.39684,2017,12,United Kingdom of Great Britain and Northern Ireland,HUMAN_OBSERVATION
55.87875,-2.096904,2009,6,United Kingdom of Great Britain and Northern Ireland,HUMAN_OBSERVATION
55.87938,-2.096761,2020,3,United Kingdom of Great Britain and Northern Ireland,HUMAN_OBSERVATION
55.879867,-5.690802,1989,8,United Kingdom of Great Britain and Northern Ireland,HUMAN_OBSERVATION
55.8807,-5.338006,2013,5,United Kingdom of Great Britain and Northern Ireland,HUMAN_OBSERVATION
55.8807,-5.338006,2013,5,United Kingdom of Great Britain and Northern Ireland,HUMAN_OBSERVATION
55.88338,-5.08085,2010,9,United Kingdom of Great Britain and Northern Ireland,HUMAN_OBSERVATION
55.88338,-5.08085,2010,9,United Kingdom of Great Britain and Northern Ireland,HUMAN_OBSERVATION
55.88368,-5.081049,2010,9,United Kingdom of Great Britain and Northern Ireland,HUMAN_OBSERVATION
55.88377,-5.081249,2010,9,United Kingdom of Great Britain and Northern Ireland,HUMAN_OBSERVATION
55.88642,-5.400221,2006,6,United Kingdom of Great Britain and Northern Ireland,HUMAN_OBSERVATION
55.88645,-5.40216,2019,9,United Kingdom of Great Britain and Northern Ireland,HUMAN_OBSERVATION
55.88645,-5.40216,2019,9,United Kingdom of Great Britain and Northern Ireland,HUMAN_OBSERVATION
55.88645,-5.40216,2019,9,United Kingdom of Great Britain and Northern Ireland,HUMAN_OBSERVATION
55.88649,-5.401779,2016,4,United Kingdom of Great Britain and Northern Ireland,HUMAN_OBSERVATION
55.88655,-5.401337,2010,9,United Kingdom of Great Britain and Northern Ireland,HUMAN_OBSERVATION
55.88655,-5.401337,2010,9,United Kingdom of Great Britain and Northern Ireland,HUMAN_OBSERVATION
55.88674,-4.899361,2017,4,United Kingdom of Great Britain and Northern Ireland,HUMAN_OBSERVATION
55.88708,-5.400391,2010,9,United Kingdom of Great Britain and Northern Ireland,HUMAN_OBSERVATION
55.888108,-5.339619,1988,8,United Kingdom of Great Britain and Northern Ireland,HUMAN_OBSERVATION
55.88884,-5.401953,2017,12,United Kingdom of Great Britain and Northern Ireland,HUMAN_OBSERVATION
55.88884,-5.401953,2017,12,United Kingdom of Great Britain and Northern Ireland,HUMAN_OBSERVATION
55.88939,-5.400289,2010,8,United Kingdom of Great Britain and Northern Ireland,HUMAN_OBSERVATION
55.88948,-5.401289,2010,8,United Kingdom of Great Britain and Northern Ireland,HUMAN_OBSERVATION
55.88959,-5.40149,2010,8,United Kingdom of Great Britain and Northern Ireland,HUMAN_OBSERVATION
55.8942,-5.406872,2017,1,United Kingdom of Great Britain and Northern Ireland,HUMAN_OBSERVATION
55.8942,-5.406872,2017,1,United Kingdom of Great Britain and Northern Ireland,HUMAN_OBSERVATION
55.89449,-5.406033,2013,10,United Kingdom of Great Britain and Northern Ireland,HUMAN_OBSERVATION
55.89459,-5.416395,2014,7,United Kingdom of Great Britain and Northern Ireland,HUMAN_OBSERVATION
55.89498,-5.35141,1988,9,United Kingdom of Great Britain and Northern Ireland,HUMAN_OBSERVATION
55.89498,-5.35141,1988,9,United Kingdom of Great Britain and Northern Ireland,HUMAN_OBSERVATION
55.89498,-5.35141,1988,9,United Kingdom of Great Britain and Northern Ireland,HUMAN_OBSERVATION
55.895239,-5.407434,1988,8,United Kingdom of Great Britain and Northern Ireland,HUMAN_OBSERVATION
55.895767,-5.116279,1989,6,United Kingdom of Great Britain and Northern Ireland,HUMAN_OBSERVATION
55.896692,-5.079555,1989,6,United Kingdom of Great Britain and Northern Ireland,HUMAN_OBSERVATION
55.897627,-5.353238,1988,8,United Kingdom of Great Britain and Northern Ireland,HUMAN_OBSERVATION
55.89769,-5.228373,2010,10,United Kingdom of Great Britain and Northern Ireland,HUMAN_OBSERVATION
55.897965,-5.100456,1989,6,United Kingdom of Great Britain and Northern Ireland,HUMAN_OBSERVATION
55.89799,-5.22867,2010,10,United Kingdom of Great Britain and Northern Ireland,HUMAN_OBSERVATION
55.89818,-5.22907,2010,10,United Kingdom of Great Britain and Northern Ireland,HUMAN_OBSERVATION
55.89828,-5.229367,2010,10,United Kingdom of Great Britain and Northern Ireland,HUMAN_OBSERVATION
55.89828,-5.229271,2010,10,United Kingdom of Great Britain and Northern Ireland,HUMAN_OBSERVATION
55.89829,-5.229159,2010,10,United Kingdom of Great Britain and Northern Ireland,HUMAN_OBSERVATION
55.89838,-5.229567,2010,10,United Kingdom of Great Britain and Northern Ireland,HUMAN_OBSERVATION
55.89839,-5.229471,2010,10,United Kingdom of Great Britain and Northern Ireland,HUMAN_OBSERVATION
55.89849,-5.229768,2010,10,United Kingdom of Great Britain and Northern Ireland,HUMAN_OBSERVATION
55.89858,-5.229968,2010,10,United Kingdom of Great Britain and Northern Ireland,HUMAN_OBSERVATION
55.89859,-5.230064,2010,10,United Kingdom of Great Britain and Northern Ireland,HUMAN_OBSERVATION
55.898646,-5.07331,1989,6,United Kingdom of Great Britain and Northern Ireland,HUMAN_OBSERVATION
55.89878,-5.230272,2010,10,United Kingdom of Great Britain and Northern Ireland,HUMAN_OBSERVATION
55.89888,-5.230361,2010,10,United Kingdom of Great Britain and Northern Ireland,HUMAN_OBSERVATION
55.89888,-2.12344,2018,8,United Kingdom of Great Britain and Northern Ireland,HUMAN_OBSERVATION
55.89899,-5.230562,2010,10,United Kingdom of Great Britain and Northern Ireland,HUMAN_OBSERVATION
55.89984,-5.35175,2014,8,United Kingdom of Great Britain and Northern Ireland,HUMAN_OBSERVATION
55.89984,-5.35175,2014,8,United Kingdom of Great Britain and Northern Ireland,HUMAN_OBSERVATION
55.90368,-5.123315,1989,6,United Kingdom of Great Britain and Northern Ireland,HUMAN_OBSERVATION
55.9041,-5.346708,2014,9,United Kingdom of Great Britain and Northern Ireland,HUMAN_OBSERVATION
55.9041,-5.346708,2014,9,United Kingdom of Great Britain and Northern Ireland,HUMAN_OBSERVATION
55.90561,-2.127652,2018,9,United Kingdom of Great Britain and Northern Ireland,HUMAN_OBSERVATION
55.907722,-5.631021,1989,8,United Kingdom of Great Britain and Northern Ireland,HUMAN_OBSERVATION
55.909953,-5.419851,2008,8,United Kingdom of Great Britain and Northern Ireland,HUMAN_OBSERVATION
55.91489,-5.353082,2010,8,United Kingdom of Great Britain and Northern Ireland,HUMAN_OBSERVATION
55.91499,-5.355076,2010,8,United Kingdom of Great Britain and Northern Ireland,HUMAN_OBSERVATION
55.91519,-5.352675,2010,8,United Kingdom of Great Britain and Northern Ireland,HUMAN_OBSERVATION
55.91529,-5.352588,2010,8,United Kingdom of Great Britain and Northern Ireland,HUMAN_OBSERVATION
55.91609,-5.35578,2010,8,United Kingdom of Great Britain and Northern Ireland,HUMAN_OBSERVATION
55.918181,-5.702452,1985,9,United Kingdom of Great Britain and Northern Ireland,HUMAN_OBSERVATION
55.918181,-5.702452,1985,9,United Kingdom of Great Britain and Northern Ireland,HUMAN_OBSERVATION
55.919653,-5.683378,1985,9,United Kingdom of Great Britain and Northern Ireland,HUMAN_OBSERVATION
55.920071,-5.69943,1985,9,United Kingdom of Great Britain and Northern Ireland,HUMAN_OBSERVATION
55.92021,-5.056266,2019,9,United Kingdom of Great Britain and Northern Ireland,HUMAN_OBSERVATION
55.92021,-5.056266,2019,9,United Kingdom of Great Britain and Northern Ireland,HUMAN_OBSERVATION
55.92021,-5.056266,2019,9,United Kingdom of Great Britain and Northern Ireland,HUMAN_OBSERVATION
55.920899,-5.731536,1982,5,United Kingdom of Great Britain and Northern Ireland,HUMAN_OBSERVATION
55.921768,-5.702795,1982,5,United Kingdom of Great Britain and Northern Ireland,HUMAN_OBSERVATION
55.92248,-5.056733,2010,9,United Kingdom of Great Britain and Northern Ireland,HUMAN_OBSERVATION
55.92258,-5.056245,2010,9,United Kingdom of Great Britain and Northern Ireland,HUMAN_OBSERVATION
55.92259,-5.056341,2010,9,United Kingdom of Great Britain and Northern Ireland,HUMAN_OBSERVATION
55.925606,-5.349252,1988,9,United Kingdom of Great Britain and Northern Ireland,HUMAN_OBSERVATION
55.926025,-5.68078,1985,9,United Kingdom of Great Britain and Northern Ireland,HUMAN_OBSERVATION
55.92649,-5.174959,2010,9,United Kingdom of Great Britain and Northern Ireland,HUMAN_OBSERVATION
55.929367,-5.173423,1989,6,United Kingdom of Great Britain and Northern Ireland,HUMAN_OBSERVATION
55.929367,-5.173423,1989,6,United Kingdom of Great Britain and Northern Ireland,HUMAN_OBSERVATION
55.930221,-5.690788,1985,9,United Kingdom of Great Britain and Northern Ireland,HUMAN_OBSERVATION
55.930446,-5.059815,1989,6,United Kingdom of Great Britain and Northern Ireland,HUMAN_OBSERVATION
55.930446,-5.059815,1989,6,United Kingdom of Great Britain and Northern Ireland,HUMAN_OBSERVATION
55.930878,-5.69886,1985,9,United Kingdom of Great Britain and Northern Ireland,HUMAN_OBSERVATION
55.931871,-5.695751,1985,9,United Kingdom of Great Britain and Northern Ireland,HUMAN_OBSERVATION
55.93209,-5.17585,2010,9,United Kingdom of Great Britain and Northern Ireland,HUMAN_OBSERVATION
55.93219,-5.176258,2010,9,United Kingdom of Great Britain and Northern Ireland,HUMAN_OBSERVATION
55.932383,-5.708614,1985,9,United Kingdom of Great Britain and Northern Ireland,HUMAN_OBSERVATION
55.932914,-5.175315,1989,6,United Kingdom of Great Britain and Northern Ireland,HUMAN_OBSERVATION
55.935217,-5.704079,1985,9,United Kingdom of Great Britain and Northern Ireland,HUMAN_OBSERVATION
55.936017,-5.70736,1985,8,United Kingdom of Great Britain and Northern Ireland,HUMAN_OBSERVATION
55.93635,-5.426722,2012,4,United Kingdom of Great Britain and Northern Ireland,HUMAN_OBSERVATION
55.93635,-5.426722,2012,4,United Kingdom of Great Britain and Northern Ireland,HUMAN_OBSERVATION
55.937968,-5.672302,1985,9,United Kingdom of Great Britain and Northern Ireland,HUMAN_OBSERVATION
55.938321,-5.720396,1985,8,United Kingdom of Great Britain and Northern Ireland,HUMAN_OBSERVATION
55.939266,-5.718885,1985,9,United Kingdom of Great Britain and Northern Ireland,HUMAN_OBSERVATION
55.9402,-4.917036,2020,7,United Kingdom of Great Britain and Northern Ireland,HUMAN_OBSERVATION
55.9402,-4.917036,2020,7,United Kingdom of Great Britain and Northern Ireland,HUMAN_OBSERVATION
55.9402,-4.917036,2020,7,United Kingdom of Great Britain and Northern Ireland,HUMAN_OBSERVATION
55.94075,-4.915987,2021,7,United Kingdom of Great Britain and Northern Ireland,HUMAN_OBSERVATION
55.94075,-4.915987,2021,7,United Kingdom of Great Britain and Northern Ireland,HUMAN_OBSERVATION
55.94087,-4.918079,2020,8,United Kingdom of Great Britain and Northern Ireland,HUMAN_OBSERVATION
55.9416,-4.917654,2021,7,United Kingdom of Great Britain and Northern Ireland,HUMAN_OBSERVATION
55.941637,-5.18564,1989,6,United Kingdom of Great Britain and Northern Ireland,HUMAN_OBSERVATION
55.941637,-5.18564,1989,6,United Kingdom of Great Britain and Northern Ireland,HUMAN_OBSERVATION
55.943334,-5.703253,1985,8,United Kingdom of Great Britain and Northern Ireland,HUMAN_OBSERVATION
55.94775,-5.669856,2010,11,United Kingdom of Great Britain and Northern Ireland,HUMAN_OBSERVATION
55.947878,-5.671639,1985,9,United Kingdom of Great Britain and Northern Ireland,HUMAN_OBSERVATION
55.948521,-5.710158,1985,9,United Kingdom of Great Britain and Northern Ireland,HUMAN_OBSERVATION
55.949413,-5.666896,1982,5,United Kingdom of Great Britain and Northern Ireland,HUMAN_OBSERVATION
55.949814,-5.667015,1984,9,United Kingdom of Great Britain and Northern Ireland,HUMAN_OBSERVATION
55.950218,-5.713526,1985,8,United Kingdom of Great Britain and Northern Ireland,HUMAN_OBSERVATION
55.95105,-3.10094,2017,6,United Kingdom of Great Britain and Northern Ireland,HUMAN_OBSERVATION
55.951605,-3.104772,2000,4,United Kingdom of Great Britain and Northern Ireland,MATERIAL_SAMPLE
55.951605,-3.104772,2000,4,United Kingdom of Great Britain and Northern Ireland,MATERIAL_SAMPLE
55.95285,-5.661108,2016,5,United Kingdom of Great Britain and Northern Ireland,HUMAN_OBSERVATION
55.9539,-5.431821,1989,9,United Kingdom of Great Britain and Northern Ireland,HUMAN_OBSERVATION
55.9539,-5.431821,1989,9,United Kingdom of Great Britain and Northern Ireland,HUMAN_OBSERVATION
55.9546,-5.43223,2008,12,United Kingdom of Great Britain and Northern Ireland,HUMAN_OBSERVATION
55.954956,-5.675515,1985,4,United Kingdom of Great Britain and Northern Ireland,HUMAN_OBSERVATION
55.955147,-5.669122,1985,4,United Kingdom of Great Britain and Northern Ireland,HUMAN_OBSERVATION
55.955147,-5.669122,1985,4,United Kingdom of Great Britain and Northern Ireland,HUMAN_OBSERVATION
55.95523,-5.696376,1985,8,United Kingdom of Great Britain and Northern Ireland,HUMAN_OBSERVATION
55.95523,-5.696376,1985,8,United Kingdom of Great Britain and Northern Ireland,HUMAN_OBSERVATION
55.95523,-5.696376,1985,8,United Kingdom of Great Britain and Northern Ireland,HUMAN_OBSERVATION
55.95523,-5.696376,1985,8,United Kingdom of Great Britain and Northern Ireland,HUMAN_OBSERVATION
55.95523,-5.696376,1985,8,United Kingdom of Great Britain and Northern Ireland,HUMAN_OBSERVATION
55.955661,-5.681993,1985,4,United Kingdom of Great Britain and Northern Ireland,HUMAN_OBSERVATION
55.95829,-5.078837,2010,9,United Kingdom of Great Britain and Northern Ireland,HUMAN_OBSERVATION
55.95859,-5.078541,2010,9,United Kingdom of Great Britain and Northern Ireland,HUMAN_OBSERVATION
55.95859,-5.078541,2010,9,United Kingdom of Great Britain and Northern Ireland,HUMAN_OBSERVATION
55.9586,-5.078445,2010,9,United Kingdom of Great Britain and Northern Ireland,HUMAN_OBSERVATION
55.9586,-5.078445,2010,9,United Kingdom of Great Britain and Northern Ireland,HUMAN_OBSERVATION
55.959115,-5.919561,1990,4,United Kingdom of Great Britain and Northern Ireland,HUMAN_OBSERVATION
55.959115,-5.919561,1990,4,United Kingdom of Great Britain and Northern Ireland,HUMAN_OBSERVATION
55.959834,-5.953299,1990,4,United Kingdom of Great Britain and Northern Ireland,HUMAN_OBSERVATION
55.96016,-4.822699,2015,9,United Kingdom of Great Britain and Northern Ireland,HUMAN_OBSERVATION
55.96019,-4.822926,2016,7,United Kingdom of Great Britain and Northern Ireland,HUMAN_OBSERVATION
55.96031,-4.824666,2017,2,United Kingdom of Great Britain and Northern Ireland,HUMAN_OBSERVATION
55.960658,-5.695291,1985,8,United Kingdom of Great Britain and Northern Ireland,HUMAN_OBSERVATION
55.961144,-5.648852,1985,8,United Kingdom of Great Britain and Northern Ireland,HUMAN_OBSERVATION
55.961144,-5.648852,1985,8,United Kingdom of Great Britain and Northern Ireland,HUMAN_OBSERVATION
55.961698,-5.690582,1985,8,United Kingdom of Great Britain and Northern Ireland,HUMAN_OBSERVATION
55.961957,-5.915039,1982,6,United Kingdom of Great Britain and Northern Ireland,HUMAN_OBSERVATION
55.961957,-5.915039,1982,6,United Kingdom of Great Britain and Northern Ireland,HUMAN_OBSERVATION
55.962224,-5.672999,1985,8,United Kingdom of Great Britain and Northern Ireland,HUMAN_OBSERVATION
55.962224,-5.672999,1985,8,United Kingdom of Great Britain and Northern Ireland,HUMAN_OBSERVATION
55.962415,-5.666605,1985,9,United Kingdom of Great Britain and Northern Ireland,HUMAN_OBSERVATION
55.962739,-5.685872,1985,8,United Kingdom of Great Britain and Northern Ireland,HUMAN_OBSERVATION
55.962905,-5.969645,1990,4,United Kingdom of Great Britain and Northern Ireland,HUMAN_OBSERVATION
55.963216,-5.669887,1985,8,United Kingdom of Great Britain and Northern Ireland,HUMAN_OBSERVATION
55.96325,-5.651589,2013,3,United Kingdom of Great Britain and Northern Ireland,HUMAN_OBSERVATION
55.963264,-5.668288,1985,8,United Kingdom of Great Britain and Northern Ireland,HUMAN_OBSERVATION
55.963359,-5.665091,1985,9,United Kingdom of Great Britain and Northern Ireland,HUMAN_OBSERVATION
55.963683,-5.684358,1985,8,United Kingdom of Great Britain and Northern Ireland,HUMAN_OBSERVATION
55.963683,-5.684358,1985,8,United Kingdom of Great Britain and Northern Ireland,HUMAN_OBSERVATION
55.963739,-5.652302,1982,5,United Kingdom of Great Britain and Northern Ireland,HUMAN_OBSERVATION
55.96382,-4.905991,2020,7,United Kingdom of Great Britain and Northern Ireland,HUMAN_OBSERVATION
55.96608,-5.42459,2013,10,United Kingdom of Great Britain and Northern Ireland,HUMAN_OBSERVATION
55.96651,-5.425077,2013,10,United Kingdom of Great Britain and Northern Ireland,HUMAN_OBSERVATION
55.967411,-5.827405,1982,6,United Kingdom of Great Britain and Northern Ireland,HUMAN_OBSERVATION
55.96779,-5.099952,2010,9,United Kingdom of Great Britain and Northern Ireland,HUMAN_OBSERVATION
55.96789,-5.100039,2010,9,United Kingdom of Great Britain and Northern Ireland,HUMAN_OBSERVATION
55.96799,-5.100144,2010,9,United Kingdom of Great Britain and Northern Ireland,HUMAN_OBSERVATION
55.96809,-5.100537,2010,9,United Kingdom of Great Britain and Northern Ireland,HUMAN_OBSERVATION
55.96809,-5.100441,2010,9,United Kingdom of Great Britain and Northern Ireland,HUMAN_OBSERVATION
55.9683,-5.10105,2010,9,United Kingdom of Great Britain and Northern Ireland,HUMAN_OBSERVATION
55.9684,-5.101346,2010,9,United Kingdom of Great Britain and Northern Ireland,HUMAN_OBSERVATION
55.96849,-5.10145,2010,9,United Kingdom of Great Britain and Northern Ireland,HUMAN_OBSERVATION
55.969989,-5.888592,1990,4,United Kingdom of Great Britain and Northern Ireland,HUMAN_OBSERVATION
55.97085,-5.641049,2013,3,United Kingdom of Great Britain and Northern Ireland,HUMAN_OBSERVATION
55.970975,-2.963681,2018,3,United Kingdom of Great Britain and Northern Ireland,HUMAN_OBSERVATION
55.971646,-5.358844,1970,,United Kingdom of Great Britain and Northern Ireland,HUMAN_OBSERVATION
55.97179,-5.642741,2013,4,United Kingdom of Great Britain and Northern Ireland,HUMAN_OBSERVATION
55.971951,-5.648267,1985,8,United Kingdom of Great Britain and Northern Ireland,HUMAN_OBSERVATION
55.972527,-5.893658,1982,6,United Kingdom of Great Britain and Northern Ireland,HUMAN_OBSERVATION
55.972527,-5.893658,1982,6,United Kingdom of Great Britain and Northern Ireland,HUMAN_OBSERVATION
55.972563,-5.657945,1985,9,United Kingdom of Great Britain and Northern Ireland,HUMAN_OBSERVATION
55.972848,-5.648351,1985,8,United Kingdom of Great Britain and Northern Ireland,HUMAN_OBSERVATION
55.97299,-5.643554,1985,5,United Kingdom of Great Britain and Northern Ireland,HUMAN_OBSERVATION
55.97309,-5.64947,2013,3,United Kingdom of Great Britain and Northern Ireland,HUMAN_OBSERVATION
55.973226,-5.635559,1985,8,United Kingdom of Great Britain and Northern Ireland,HUMAN_OBSERVATION
55.973792,-5.646837,1985,8,United Kingdom of Great Britain and Northern Ireland,HUMAN_OBSERVATION
55.97552,-5.443433,2013,3,United Kingdom of Great Britain and Northern Ireland,HUMAN_OBSERVATION
55.97593,-5.641391,1999,11,United Kingdom of Great Britain and Northern Ireland,HUMAN_OBSERVATION
55.977705,-5.666449,1984,8,United Kingdom of Great Britain and Northern Ireland,HUMAN_OBSERVATION
55.977991,-5.656854,1984,8,United Kingdom of Great Britain and Northern Ireland,HUMAN_OBSERVATION
55.977991,-5.656854,1984,8,United Kingdom of Great Britain and Northern Ireland,HUMAN_OBSERVATION
55.977991,-5.656854,1984,8,United Kingdom of Great Britain and Northern Ireland,HUMAN_OBSERVATION
55.97853,-5.64315,2013,3,United Kingdom of Great Britain and Northern Ireland,HUMAN_OBSERVATION
55.979172,-5.647344,1985,5,United Kingdom of Great Britain and Northern Ireland,HUMAN_OBSERVATION
55.98033,-4.897929,2020,8,United Kingdom of Great Britain and Northern Ireland,HUMAN_OBSERVATION
55.98089,-4.899222,2010,8,United Kingdom of Great Britain and Northern Ireland,HUMAN_OBSERVATION
55.98089,-4.899014,2010,8,United Kingdom of Great Britain and Northern Ireland,HUMAN_OBSERVATION
55.980915,-5.664348,1976,,United Kingdom of Great Britain and Northern Ireland,HUMAN_OBSERVATION
55.980918,-5.649112,1976,2,United Kingdom of Great Britain and Northern Ireland,HUMAN_OBSERVATION
55.981089,-4.898669,1989,9,United Kingdom of Great Britain and Northern Ireland,HUMAN_OBSERVATION
55.98139,-5.648355,1976,,United Kingdom of Great Britain and Northern Ireland,HUMAN_OBSERVATION
55.981767,-5.650796,1985,5,United Kingdom of Great Britain and Northern Ireland,HUMAN_OBSERVATION
55.981767,-5.650796,1985,5,United Kingdom of Great Britain and Northern Ireland,HUMAN_OBSERVATION
55.982687,-5.651604,1982,5,United Kingdom of Great Britain and Northern Ireland,HUMAN_OBSERVATION
55.98289,-5.653955,2013,4,United Kingdom of Great Britain and Northern Ireland,HUMAN_OBSERVATION
55.98322,-5.651468,2020,11,United Kingdom of Great Britain and Northern Ireland,HUMAN_OBSERVATION
55.983323,-5.658962,1984,9,United Kingdom of Great Britain and Northern Ireland,HUMAN_OBSERVATION
55.98338,-4.933839,2019,9,United Kingdom of Great Britain and Northern Ireland,HUMAN_OBSERVATION
55.983466,-5.654164,1984,9,United Kingdom of Great Britain and Northern Ireland,HUMAN_OBSERVATION
55.98356,-5.650965,1984,8,United Kingdom of Great Britain and Northern Ireland,HUMAN_OBSERVATION
55.98356,-5.650965,1982,5,United Kingdom of Great Britain and Northern Ireland,HUMAN_OBSERVATION
55.983608,-5.649366,1985,5,United Kingdom of Great Britain and Northern Ireland,HUMAN_OBSERVATION
55.983703,-5.646167,1984,8,United Kingdom of Great Britain and Northern Ireland,HUMAN_OBSERVATION
55.983703,-5.646167,1984,8,United Kingdom of Great Britain and Northern Ireland,HUMAN_OBSERVATION
55.984034,-5.634971,1984,9,United Kingdom of Great Britain and Northern Ireland,HUMAN_OBSERVATION
55.984034,-5.634971,1984,9,United Kingdom of Great Britain and Northern Ireland,HUMAN_OBSERVATION
55.98422,-5.659047,1985,5,United Kingdom of Great Britain and Northern Ireland,HUMAN_OBSERVATION
55.98422,-5.659047,1985,5,United Kingdom of Great Britain and Northern Ireland,HUMAN_OBSERVATION
55.98422,-5.659047,1984,8,United Kingdom of Great Britain and Northern Ireland,HUMAN_OBSERVATION
55.984599,-5.646251,1984,8,United Kingdom of Great Britain and Northern Ireland,HUMAN_OBSERVATION
55.984599,-5.646251,1984,8,United Kingdom of Great Britain and Northern Ireland,HUMAN_OBSERVATION
55.984908,-5.110623,1989,6,United Kingdom of Great Britain and Northern Ireland,HUMAN_OBSERVATION
55.984908,-5.110623,1989,6,United Kingdom of Great Britain and Northern Ireland,HUMAN_OBSERVATION
55.984908,-5.110623,1989,6,United Kingdom of Great Britain and Northern Ireland,HUMAN_OBSERVATION
55.985354,-5.620659,1984,8,United Kingdom of Great Britain and Northern Ireland,HUMAN_OBSERVATION
55.985644,-5.117097,1989,6,United Kingdom of Great Britain and Northern Ireland,HUMAN_OBSERVATION
55.985644,-5.117097,1989,6,United Kingdom of Great Britain and Northern Ireland,HUMAN_OBSERVATION
55.985644,-5.117097,1989,6,United Kingdom of Great Britain and Northern Ireland,HUMAN_OBSERVATION
55.985644,-5.117097,1989,6,United Kingdom of Great Britain and Northern Ireland,HUMAN_OBSERVATION
55.986155,-5.654418,1985,5,United Kingdom of Great Britain and Northern Ireland,HUMAN_OBSERVATION
55.986155,-5.654418,1984,8,United Kingdom of Great Britain and Northern Ireland,HUMAN_OBSERVATION
55.98672,-4.94758,2019,9,United Kingdom of Great Britain and Northern Ireland,HUMAN_OBSERVATION
55.9871,-5.652903,1984,9,United Kingdom of Great Britain and Northern Ireland,HUMAN_OBSERVATION
55.987148,-5.620827,1982,5,United Kingdom of Great Britain and Northern Ireland,HUMAN_OBSERVATION
55.987431,-5.641706,1985,9,United Kingdom of Great Britain and Northern Ireland,HUMAN_OBSERVATION
55.98894,-5.651473,1984,8,United Kingdom of Great Britain and Northern Ireland,HUMAN_OBSERVATION
55.989695,-5.656356,1984,8,United Kingdom of Great Britain and Northern Ireland,HUMAN_OBSERVATION
55.989695,-5.656356,1984,9,United Kingdom of Great Britain and Northern Ireland,HUMAN_OBSERVATION
55.990356,-5.6492,1976,,United Kingdom of Great Britain and Northern Ireland,HUMAN_OBSERVATION
55.990639,-5.654841,1982,5,United Kingdom of Great Britain and Northern Ireland,HUMAN_OBSERVATION
55.990639,-5.654841,1982,5,United Kingdom of Great Britain and Northern Ireland,HUMAN_OBSERVATION
55.99116,-5.637245,1984,9,United Kingdom of Great Britain and Northern Ireland,HUMAN_OBSERVATION
55.99135,-5.653438,2013,4,United Kingdom of Great Britain and Northern Ireland,HUMAN_OBSERVATION
55.99463,-4.892616,2019,7,United Kingdom of Great Britain and Northern Ireland,HUMAN_OBSERVATION
55.99624,-5.649873,2013,4,United Kingdom of Great Britain and Northern Ireland,HUMAN_OBSERVATION
55.996728,-5.631351,1982,5,United Kingdom of Great Britain and Northern Ireland,HUMAN_OBSERVATION
55.997382,-5.387549,1988,9,United Kingdom of Great Britain and Northern Ireland,HUMAN_OBSERVATION
55.997904,-2.520235,2016,4,United Kingdom of Great Britain and Northern Ireland,HUMAN_OBSERVATION
55.9991,-5.384382,2010,8,United Kingdom of Great Britain and Northern Ireland,HUMAN_OBSERVATION
55.999795,-5.649289,1984,8,United Kingdom of Great Britain and Northern Ireland,HUMAN_OBSERVATION
55.999795,-5.649289,1984,9,United Kingdom of Great Britain and Northern Ireland,HUMAN_OBSERVATION
56.00039,-5.643878,2013,4,United Kingdom of Great Britain and Northern Ireland,HUMAN_OBSERVATION
56.003288,-5.622338,1985,9,United Kingdom of Great Britain and Northern Ireland,HUMAN_OBSERVATION
56.00329,-5.368812,1988,8,United Kingdom of Great Britain and Northern Ireland,HUMAN_OBSERVATION
56.003748,-5.384897,1988,9,United Kingdom of Great Britain and Northern Ireland,HUMAN_OBSERVATION
56.005412,-5.641795,1982,5,United Kingdom of Great Britain and Northern Ireland,HUMAN_OBSERVATION
56.006356,-5.640279,1982,5,United Kingdom of Great Britain and Northern Ireland,HUMAN_OBSERVATION
56.00681,-5.371672,2012,8,United Kingdom of Great Britain and Northern Ireland,HUMAN_OBSERVATION
56.007252,-5.640363,1984,8,United Kingdom of Great Britain and Northern Ireland,HUMAN_OBSERVATION
56.008149,-5.640448,1985,7,United Kingdom of Great Britain and Northern Ireland,HUMAN_OBSERVATION
56.008149,-5.640448,1984,9,United Kingdom of Great Britain and Northern Ireland,HUMAN_OBSERVATION
56.008149,-5.640448,1984,9,United Kingdom of Great Britain and Northern Ireland,HUMAN_OBSERVATION
56.008149,-5.640448,1984,9,United Kingdom of Great Britain and Northern Ireland,HUMAN_OBSERVATION
56.008428,-5.600352,1985,8,United Kingdom of Great Britain and Northern Ireland,HUMAN_OBSERVATION
56.008428,-5.600352,1985,8,United Kingdom of Great Britain and Northern Ireland,HUMAN_OBSERVATION
56.009093,-5.638932,1984,9,United Kingdom of Great Britain and Northern Ireland,HUMAN_OBSERVATION
56.00943,-5.611222,2013,3,United Kingdom of Great Britain and Northern Ireland,HUMAN_OBSERVATION
56.009932,-5.322852,1988,9,United Kingdom of Great Britain and Northern Ireland,HUMAN_OBSERVATION
56.010017,-5.369133,1999,6,United Kingdom of Great Britain and Northern Ireland,MATERIAL_SAMPLE
56.010017,-5.369133,1999,6,United Kingdom of Great Britain and Northern Ireland,MATERIAL_SAMPLE
56.010268,-5.598918,1985,9,United Kingdom of Great Britain and Northern Ireland,HUMAN_OBSERVATION
56.010502,-5.590915,1984,8,United Kingdom of Great Britain and Northern Ireland,HUMAN_OBSERVATION
56.010502,-5.590915,1984,8,United Kingdom of Great Britain and Northern Ireland,HUMAN_OBSERVATION
56.010595,-5.587714,1985,8,United Kingdom of Great Britain and Northern Ireland,HUMAN_OBSERVATION
56.010886,-5.6391,1984,9,United Kingdom of Great Britain and Northern Ireland,HUMAN_OBSERVATION
56.010886,-5.6391,1984,9,United Kingdom of Great Britain and Northern Ireland,HUMAN_OBSERVATION
56.010886,-5.6391,1984,9,United Kingdom of Great Britain and Northern Ireland,HUMAN_OBSERVATION
56.01153,-5.637174,1982,5,United Kingdom of Great Britain and Northern Ireland,HUMAN_OBSERVATION
56.01162,-5.591834,2013,3,United Kingdom of Great Britain and Northern Ireland,HUMAN_OBSERVATION
56.012202,-5.594283,1982,5,United Kingdom of Great Britain and Northern Ireland,HUMAN_OBSERVATION
56.01235,-5.582319,2013,3,United Kingdom of Great Britain and Northern Ireland,HUMAN_OBSERVATION
56.01237,-5.593742,2013,3,United Kingdom of Great Britain and Northern Ireland,HUMAN_OBSERVATION
56.01244,-5.582408,2013,4,United Kingdom of Great Britain and Northern Ireland,HUMAN_OBSERVATION
56.012727,-5.637669,1985,4,United Kingdom of Great Britain and Northern Ireland,HUMAN_OBSERVATION
56.012727,-5.637669,1985,4,United Kingdom of Great Britain and Northern Ireland,HUMAN_OBSERVATION
56.012727,-5.637669,1985,4,United Kingdom of Great Britain and Northern Ireland,HUMAN_OBSERVATION
56.012774,-5.636068,1984,8,United Kingdom of Great Britain and Northern Ireland,HUMAN_OBSERVATION
56.012865,-5.60237,1982,5,United Kingdom of Great Britain and Northern Ireland,HUMAN_OBSERVATION
56.0132,-5.36807,1988,9,United Kingdom of Great Britain and Northern Ireland,HUMAN_OBSERVATION
56.01327,-5.598722,2013,3,United Kingdom of Great Britain and Northern Ireland,HUMAN_OBSERVATION
56.01393,-5.579127,2013,3,United Kingdom of Great Britain and Northern Ireland,HUMAN_OBSERVATION
56.014415,-5.580043,1982,5,United Kingdom of Great Britain and Northern Ireland,HUMAN_OBSERVATION
56.01448,-5.365856,2011,8,United Kingdom of Great Britain and Northern Ireland,HUMAN_OBSERVATION
56.014892,-5.594533,1985,8,United Kingdom of Great Britain and Northern Ireland,HUMAN_OBSERVATION
56.014892,-5.594533,1985,8,United Kingdom of Great Britain and Northern Ireland,HUMAN_OBSERVATION
56.015172,-5.584928,1982,5,United Kingdom of Great Britain and Northern Ireland,HUMAN_OBSERVATION
56.015274,-5.612225,1982,5,United Kingdom of Great Britain and Northern Ireland,HUMAN_OBSERVATION
56.015975,-5.588213,1985,8,United Kingdom of Great Britain and Northern Ireland,HUMAN_OBSERVATION
56.01617,-5.612309,1984,9,United Kingdom of Great Britain and Northern Ireland,HUMAN_OBSERVATION
56.01658,-5.978368,1982,6,United Kingdom of Great Britain and Northern Ireland,HUMAN_OBSERVATION
56.01658,-5.978368,1982,6,United Kingdom of Great Britain and Northern Ireland,HUMAN_OBSERVATION
56.017114,-5.610792,1984,9,United Kingdom of Great Britain and Northern Ireland,HUMAN_OBSERVATION
56.017114,-5.610792,1984,9,United Kingdom of Great Britain and Northern Ireland,HUMAN_OBSERVATION
56.017442,-5.599586,1985,8,United Kingdom of Great Britain and Northern Ireland,HUMAN_OBSERVATION
56.018165,-5.350846,1988,8,United Kingdom of Great Britain and Northern Ireland,HUMAN_OBSERVATION
56.018165,-5.350846,1988,9,United Kingdom of Great Britain and Northern Ireland,HUMAN_OBSERVATION
56.019851,-5.609442,1982,5,United Kingdom of Great Britain and Northern Ireland,HUMAN_OBSERVATION
56.019935,-5.575738,1982,5,United Kingdom of Great Britain and Northern Ireland,HUMAN_OBSERVATION
56.02056,-5.61593,1985,9,United Kingdom of Great Britain and Northern Ireland,HUMAN_OBSERVATION
56.02056,-5.61593,1985,9,United Kingdom of Great Britain and Northern Ireland,HUMAN_OBSERVATION
56.020809,-5.578147,1982,5,United Kingdom of Great Britain and Northern Ireland,HUMAN_OBSERVATION
56.02114,-5.616378,2013,4,United Kingdom of Great Britain and Northern Ireland,HUMAN_OBSERVATION
56.021503,-5.614413,1985,8,United Kingdom of Great Britain and Northern Ireland,HUMAN_OBSERVATION
56.021503,-5.614413,1985,8,United Kingdom of Great Britain and Northern Ireland,HUMAN_OBSERVATION
56.02244,-5.609748,1999,11,United Kingdom of Great Britain and Northern Ireland,HUMAN_OBSERVATION
56.02244,-5.609748,1999,11,United Kingdom of Great Britain and Northern Ireland,HUMAN_OBSERVATION
56.02276,-5.595038,2013,4,United Kingdom of Great Britain and Northern Ireland,HUMAN_OBSERVATION
56.023156,-5.619384,1985,9,United Kingdom of Great Britain and Northern Ireland,HUMAN_OBSERVATION
56.023661,-5.571266,1982,5,United Kingdom of Great Britain and Northern Ireland,HUMAN_OBSERVATION
56.023719,-5.600171,1982,5,United Kingdom of Great Britain and Northern Ireland,HUMAN_OBSERVATION
56.024334,-5.609861,1982,5,United Kingdom of Great Britain and Northern Ireland,HUMAN_OBSERVATION
56.02486,-5.621817,2013,3,United Kingdom of Great Britain and Northern Ireland,HUMAN_OBSERVATION
56.02644,-5.592152,2013,3,United Kingdom of Great Britain and Northern Ireland,HUMAN_OBSERVATION
56.02644,-5.592152,2013,3,United Kingdom of Great Britain and Northern Ireland,HUMAN_OBSERVATION
56.026647,-5.65343,1984,8,United Kingdom of Great Britain and Northern Ireland,HUMAN_OBSERVATION
56.0273,-5.5889,2013,3,United Kingdom of Great Britain and Northern Ireland,HUMAN_OBSERVATION
56.02795,-5.605373,1999,11,United Kingdom of Great Britain and Northern Ireland,HUMAN_OBSERVATION
56.02832,-5.591653,1999,11,United Kingdom of Great Britain and Northern Ireland,HUMAN_OBSERVATION
56.02832,-5.591653,1999,11,United Kingdom of Great Britain and Northern Ireland,HUMAN_OBSERVATION
56.028958,-5.605476,1982,5,United Kingdom of Great Britain and Northern Ireland,HUMAN_OBSERVATION
56.02917,-5.589018,2013,3,United Kingdom of Great Britain and Northern Ireland,HUMAN_OBSERVATION
56.029227,-5.565358,1982,5,United Kingdom of Great Britain and Northern Ireland,HUMAN_OBSERVATION
56.029227,-5.565358,1982,5,United Kingdom of Great Britain and Northern Ireland,HUMAN_OBSERVATION
56.029379,-5.591064,1985,9,United Kingdom of Great Britain and Northern Ireland,HUMAN_OBSERVATION
56.02964,-5.603885,2016,4,United Kingdom of Great Britain and Northern Ireland,HUMAN_OBSERVATION
56.029949,-5.602357,1984,8,United Kingdom of Great Britain and Northern Ireland,HUMAN_OBSERVATION
56.029949,-5.602357,1984,8,United Kingdom of Great Britain and Northern Ireland,HUMAN_OBSERVATION
56.030416,-5.586343,1982,5,United Kingdom of Great Britain and Northern Ireland,HUMAN_OBSERVATION
56.030416,-5.586343,1982,5,United Kingdom of Great Britain and Northern Ireland,HUMAN_OBSERVATION
56.030416,-5.586343,1982,5,United Kingdom of Great Britain and Northern Ireland,HUMAN_OBSERVATION
56.030799,-5.604042,1982,5,United Kingdom of Great Britain and Northern Ireland,HUMAN_OBSERVATION
56.03161,-5.601242,2013,9,United Kingdom of Great Britain and Northern Ireland,HUMAN_OBSERVATION
56.031742,-5.602524,1984,8,United Kingdom of Great Britain and Northern Ireland,HUMAN_OBSERVATION
56.03191,-5.600467,1999,11,United Kingdom of Great Britain and Northern Ireland,HUMAN_OBSERVATION
56.032105,-5.300673,1988,8,United Kingdom of Great Britain and Northern Ireland,HUMAN_OBSERVATION
56.032105,-5.300673,1988,8,United Kingdom of Great Britain and Northern Ireland,HUMAN_OBSERVATION
56.032105,-5.300673,1988,8,United Kingdom of Great Britain and Northern Ireland,HUMAN_OBSERVATION
56.03285,-5.599414,2013,4,United Kingdom of Great Britain and Northern Ireland,HUMAN_OBSERVATION
56.033,-5.598617,2017,11,United Kingdom of Great Britain and Northern Ireland,HUMAN_OBSERVATION
56.033,-5.598617,2017,11,United Kingdom of Great Britain and Northern Ireland,HUMAN_OBSERVATION
56.033,-5.598617,2017,11,United Kingdom of Great Britain and Northern Ireland,HUMAN_OBSERVATION
56.033385,-5.576983,1982,5,United Kingdom of Great Britain and Northern Ireland,HUMAN_OBSERVATION
56.0335,-5.598511,2017,11,United Kingdom of Great Britain and Northern Ireland,HUMAN_OBSERVATION
56.0335,-5.598511,2017,11,United Kingdom of Great Britain and Northern Ireland,HUMAN_OBSERVATION
56.033629,-5.599488,2013,9,United Kingdom of Great Britain and Northern Ireland,HUMAN_OBSERVATION
56.03414,-5.5978,2015,2,United Kingdom of Great Britain and Northern Ireland,HUMAN_OBSERVATION
56.03414,-5.5978,2015,2,United Kingdom of Great Britain and Northern Ireland,HUMAN_OBSERVATION
56.03414,-5.5978,2015,2,United Kingdom of Great Britain and Northern Ireland,HUMAN_OBSERVATION
56.03414,-5.5978,2014,11,United Kingdom of Great Britain and Northern Ireland,HUMAN_OBSERVATION
56.03414,-5.5978,2014,11,United Kingdom of Great Britain and Northern Ireland,HUMAN_OBSERVATION
56.03414,-5.5978,2014,11,United Kingdom of Great Britain and Northern Ireland,HUMAN_OBSERVATION
56.03461,-5.596574,2007,10,United Kingdom of Great Britain and Northern Ireland,HUMAN_OBSERVATION
56.03481,-5.597428,2020,9,United Kingdom of Great Britain and Northern Ireland,HUMAN_OBSERVATION
56.03481,-5.597428,2020,9,United Kingdom of Great Britain and Northern Ireland,HUMAN_OBSERVATION
56.034853,-5.588361,1984,8,United Kingdom of Great Britain and Northern Ireland,HUMAN_OBSERVATION
56.03486,-5.59724,2017,11,United Kingdom of Great Britain and Northern Ireland,HUMAN_OBSERVATION
56.035516,-5.596452,1984,9,United Kingdom of Great Britain and Northern Ireland,HUMAN_OBSERVATION
56.035516,-5.596452,1984,9,United Kingdom of Great Britain and Northern Ireland,HUMAN_OBSERVATION
56.035516,-5.596452,1984,9,United Kingdom of Great Britain and Northern Ireland,HUMAN_OBSERVATION
56.035516,-5.596452,1984,9,United Kingdom of Great Britain and Northern Ireland,HUMAN_OBSERVATION
56.03563,-5.596629,2012,11,United Kingdom of Great Britain and Northern Ireland,HUMAN_OBSERVATION
56.03563,-5.596629,2012,11,United Kingdom of Great Britain and Northern Ireland,HUMAN_OBSERVATION
56.03563,-5.596629,2012,11,United Kingdom of Great Britain and Northern Ireland,HUMAN_OBSERVATION
56.03575,-5.588444,1984,8,United Kingdom of Great Britain and Northern Ireland,HUMAN_OBSERVATION
56.03576,-5.596296,2013,3,United Kingdom of Great Britain and Northern Ireland,HUMAN_OBSERVATION
56.03576,-5.596296,2013,3,United Kingdom of Great Britain and Northern Ireland,HUMAN_OBSERVATION
56.03576,-5.596296,2013,3,United Kingdom of Great Britain and Northern Ireland,HUMAN_OBSERVATION
56.03578,-5.595832,2021,4,United Kingdom of Great Britain and Northern Ireland,HUMAN_OBSERVATION
56.03578,-5.572413,1994,10,United Kingdom of Great Britain and Northern Ireland,HUMAN_OBSERVATION
56.035796,-5.586842,1984,8,United Kingdom of Great Britain and Northern Ireland,HUMAN_OBSERVATION
56.036413,-5.596536,1984,8,United Kingdom of Great Britain and Northern Ireland,HUMAN_OBSERVATION
56.036413,-5.596536,1984,8,United Kingdom of Great Britain and Northern Ireland,HUMAN_OBSERVATION
56.036459,-5.594934,1982,5,United Kingdom of Great Britain and Northern Ireland,HUMAN_OBSERVATION
56.03711,-5.594912,2014,3,United Kingdom of Great Britain and Northern Ireland,HUMAN_OBSERVATION
56.03794,-5.591616,1999,11,United Kingdom of Great Britain and Northern Ireland,HUMAN_OBSERVATION
56.03794,-5.591616,1999,11,United Kingdom of Great Britain and Northern Ireland,HUMAN_OBSERVATION
56.03817,-5.593919,2020,8,United Kingdom of Great Britain and Northern Ireland,HUMAN_OBSERVATION
56.03824,-5.593796,2015,10,United Kingdom of Great Britain and Northern Ireland,HUMAN_OBSERVATION
56.0383,-5.593499,1982,5,United Kingdom of Great Britain and Northern Ireland,HUMAN_OBSERVATION
56.0383,-5.593499,1982,5,United Kingdom of Great Britain and Northern Ireland,HUMAN_OBSERVATION
56.03839,-5.5923,2020,6,United Kingdom of Great Britain and Northern Ireland,HUMAN_OBSERVATION
56.03839,-5.59169,1999,11,United Kingdom of Great Britain and Northern Ireland,HUMAN_OBSERVATION
56.03888,-5.59114,2013,4,United Kingdom of Great Britain and Northern Ireland,HUMAN_OBSERVATION
56.03914,-5.568748,2013,3,United Kingdom of Great Britain and Northern Ireland,HUMAN_OBSERVATION
56.03919,-5.590937,2013,3,United Kingdom of Great Britain and Northern Ireland,HUMAN_OBSERVATION
56.039196,-5.593583,1984,8,United Kingdom of Great Britain and Northern Ireland,HUMAN_OBSERVATION
56.03941,-5.29648,2011,4,United Kingdom of Great Britain and Northern Ireland,HUMAN_OBSERVATION
56.03941,-5.29648,2011,4,United Kingdom of Great Britain and Northern Ireland,HUMAN_OBSERVATION
56.039941,-5.567953,1982,5,United Kingdom of Great Britain and Northern Ireland,HUMAN_OBSERVATION
56.04004,-5.566727,2013,3,United Kingdom of Great Britain and Northern Ireland,HUMAN_OBSERVATION
56.04127,-5.588664,2013,3,United Kingdom of Great Britain and Northern Ireland,HUMAN_OBSERVATION
56.04144,-5.293529,2012,6,United Kingdom of Great Britain and Northern Ireland,HUMAN_OBSERVATION
56.04328,-5.642413,1994,10,United Kingdom of Great Britain and Northern Ireland,HUMAN_OBSERVATION
56.04364,-5.587808,2013,3,United Kingdom of Great Britain and Northern Ireland,HUMAN_OBSERVATION
56.04683,-5.585237,2013,3,United Kingdom of Great Britain and Northern Ireland,HUMAN_OBSERVATION
56.04741,-5.290037,2020,8,United Kingdom of Great Britain and Northern Ireland,HUMAN_OBSERVATION
56.04752,-5.290272,2015,6,United Kingdom of Great Britain and Northern Ireland,HUMAN_OBSERVATION
56.04752,-5.290272,2015,6,United Kingdom of Great Britain and Northern Ireland,HUMAN_OBSERVATION
56.04752,-5.290272,2015,6,United Kingdom of Great Britain and Northern Ireland,HUMAN_OBSERVATION
56.047546,-5.584721,1982,5,United Kingdom of Great Britain and Northern Ireland,HUMAN_OBSERVATION
56.04782,-5.29102,2018,8,United Kingdom of Great Britain and Northern Ireland,HUMAN_OBSERVATION
56.04782,-5.29102,2018,8,United Kingdom of Great Britain and Northern Ireland,HUMAN_OBSERVATION
56.04786,-5.290221,2018,12,United Kingdom of Great Britain and Northern Ireland,HUMAN_OBSERVATION
56.04786,-5.290221,2018,12,United Kingdom of Great Britain and Northern Ireland,HUMAN_OBSERVATION
56.04816,-5.583231,2013,3,United Kingdom of Great Britain and Northern Ireland,HUMAN_OBSERVATION
56.048443,-5.584804,1985,8,United Kingdom of Great Britain and Northern Ireland,HUMAN_OBSERVATION
56.048443,-5.584804,1985,8,United Kingdom of Great Britain and Northern Ireland,HUMAN_OBSERVATION
56.048443,-5.584804,1984,9,United Kingdom of Great Britain and Northern Ireland,HUMAN_OBSERVATION
56.048443,-5.584804,1984,9,United Kingdom of Great Britain and Northern Ireland,HUMAN_OBSERVATION
56.04887,-5.289375,2018,12,United Kingdom of Great Britain and Northern Ireland,HUMAN_OBSERVATION
56.04887,-5.289375,2018,12,United Kingdom of Great Britain and Northern Ireland,HUMAN_OBSERVATION
56.04887,-5.289375,2018,12,United Kingdom of Great Britain and Northern Ireland,HUMAN_OBSERVATION
56.049386,-5.583285,1982,5,United Kingdom of Great Britain and Northern Ireland,HUMAN_OBSERVATION
56.04966,-5.580808,2013,3,United Kingdom of Great Britain and Northern Ireland,HUMAN_OBSERVATION
56.05043,-5.287782,1988,8,United Kingdom of Great Britain and Northern Ireland,HUMAN_OBSERVATION
56.05043,-5.287782,1988,8,United Kingdom of Great Britain and Northern Ireland,HUMAN_OBSERVATION
56.05043,-5.287782,1988,9,United Kingdom of Great Britain and Northern Ireland,HUMAN_OBSERVATION
56.05086,-5.290106,2015,12,United Kingdom of Great Britain and Northern Ireland,HUMAN_OBSERVATION
56.05114,-5.579153,2013,3,United Kingdom of Great Britain and Northern Ireland,HUMAN_OBSERVATION
56.05132,-5.578645,1982,5,United Kingdom of Great Britain and Northern Ireland,HUMAN_OBSERVATION
56.05191,-5.288364,2015,12,United Kingdom of Great Britain and Northern Ireland,HUMAN_OBSERVATION
56.056715,-2.625399,1992,8,United Kingdom of Great Britain and Northern Ireland,HUMAN_OBSERVATION
56.056715,-2.625399,1992,8,United Kingdom of Great Britain and Northern Ireland,HUMAN_OBSERVATION
56.056715,-2.625399,1992,8,United Kingdom of Great Britain and Northern Ireland,HUMAN_OBSERVATION
56.058784,-2.569229,1992,8,United Kingdom of Great Britain and Northern Ireland,HUMAN_OBSERVATION
56.058784,-2.569229,1992,8,United Kingdom of Great Britain and Northern Ireland,HUMAN_OBSERVATION
56.059696,-5.311067,2005,11,United Kingdom of Great Britain and Northern Ireland,HUMAN_OBSERVATION
56.064439,-5.301832,2005,11,United Kingdom of Great Britain and Northern Ireland,HUMAN_OBSERVATION
56.066405,-5.295571,2013,6,United Kingdom of Great Britain and Northern Ireland,HUMAN_OBSERVATION
56.066405,-5.295571,2010,9,United Kingdom of Great Britain and Northern Ireland,HUMAN_OBSERVATION
56.066719,-2.763691,2012,7,United Kingdom of Great Britain and Northern Ireland,HUMAN_OBSERVATION
56.06689,-5.295427,2006,9,United Kingdom of Great Britain and Northern Ireland,HUMAN_OBSERVATION
56.06723,-5.295521,2015,11,United Kingdom of Great Britain and Northern Ireland,HUMAN_OBSERVATION
56.06795,-5.293935,2014,8,United Kingdom of Great Britain and Northern Ireland,HUMAN_OBSERVATION
56.06795,-5.293935,2014,8,United Kingdom of Great Britain and Northern Ireland,HUMAN_OBSERVATION
56.06856,-5.264853,2018,12,United Kingdom of Great Britain and Northern Ireland,HUMAN_OBSERVATION
56.06856,-5.264853,2018,12,United Kingdom of Great Britain and Northern Ireland,HUMAN_OBSERVATION
56.06861,-5.264536,2019,6,United Kingdom of Great Britain and Northern Ireland,HUMAN_OBSERVATION
56.06861,-5.264528,2018,10,United Kingdom of Great Britain and Northern Ireland,HUMAN_OBSERVATION
56.06865,-5.264603,2010,9,United Kingdom of Great Britain and Northern Ireland,HUMAN_OBSERVATION
56.06868,-5.265024,2019,9,United Kingdom of Great Britain and Northern Ireland,HUMAN_OBSERVATION
56.06868,-5.265024,2019,9,United Kingdom of Great Britain and Northern Ireland,HUMAN_OBSERVATION
56.06868,-5.264558,2019,2,United Kingdom of Great Britain and Northern Ireland,HUMAN_OBSERVATION
56.06869,-5.265017,2021,10,United Kingdom of Great Britain and Northern Ireland,HUMAN_OBSERVATION
56.06869,-5.265017,2021,10,United Kingdom of Great Britain and Northern Ireland,HUMAN_OBSERVATION
56.06869,-5.264221,2017,2,United Kingdom of Great Britain and Northern Ireland,HUMAN_OBSERVATION
56.06869,-5.264221,2017,4,United Kingdom of Great Britain and Northern Ireland,HUMAN_OBSERVATION
56.06876,-5.26622,2019,9,United Kingdom of Great Britain and Northern Ireland,HUMAN_OBSERVATION
56.06876,-5.26622,2019,9,United Kingdom of Great Britain and Northern Ireland,HUMAN_OBSERVATION
56.06876,-5.26622,2019,9,United Kingdom of Great Britain and Northern Ireland,HUMAN_OBSERVATION
56.06877,-5.264534,2020,1,United Kingdom of Great Britain and Northern Ireland,HUMAN_OBSERVATION
56.068967,-5.266861,2011,4,United Kingdom of Great Britain and Northern Ireland,HUMAN_OBSERVATION
56.068967,-5.266861,2011,4,United Kingdom of Great Britain and Northern Ireland,HUMAN_OBSERVATION
56.06916,-5.264325,2011,11,United Kingdom of Great Britain and Northern Ireland,HUMAN_OBSERVATION
56.069864,-5.266937,1988,8,United Kingdom of Great Britain and Northern Ireland,HUMAN_OBSERVATION
56.069864,-5.266937,1988,8,United Kingdom of Great Britain and Northern Ireland,HUMAN_OBSERVATION
56.070175,-2.62883,1992,8,United Kingdom of Great Britain and Northern Ireland,HUMAN_OBSERVATION
56.07091,-5.264039,2003,10,United Kingdom of Great Britain and Northern Ireland,HUMAN_OBSERVATION
56.071061,-5.28954,2007,7,United Kingdom of Great Britain and Northern Ireland,HUMAN_OBSERVATION
56.07338,-5.293345,2007,12,United Kingdom of Great Britain and Northern Ireland,HUMAN_OBSERVATION
56.074281,-4.853433,1970,,United Kingdom of Great Britain and Northern Ireland,HUMAN_OBSERVATION
56.0763,-4.879703,2010,8,United Kingdom of Great Britain and Northern Ireland,HUMAN_OBSERVATION
56.078135,-5.614896,1982,5,United Kingdom of Great Britain and Northern Ireland,HUMAN_OBSERVATION
56.07922,-4.879375,2019,7,United Kingdom of Great Britain and Northern Ireland,HUMAN_OBSERVATION
56.08282,-4.860174,2021,7,United Kingdom of Great Britain and Northern Ireland,HUMAN_OBSERVATION
56.08282,-4.860174,2021,7,United Kingdom of Great Britain and Northern Ireland,HUMAN_OBSERVATION
56.08594,-4.858797,2004,11,United Kingdom of Great Britain and Northern Ireland,HUMAN_OBSERVATION
56.0865,-4.857633,2021,7,United Kingdom of Great Britain and Northern Ireland,HUMAN_OBSERVATION
56.0865,-4.857633,2021,7,United Kingdom of Great Britain and Northern Ireland,HUMAN_OBSERVATION
56.088309,-5.566559,2021,11,United Kingdom of Great Britain and Northern Ireland,HUMAN_OBSERVATION
56.09276,-5.581699,2014,6,United Kingdom of Great Britain and Northern Ireland,HUMAN_OBSERVATION
56.09414,-4.87396,2019,9,United Kingdom of Great Britain and Northern Ireland,HUMAN_OBSERVATION
56.09414,-4.87396,2019,9,United Kingdom of Great Britain and Northern Ireland,HUMAN_OBSERVATION
56.099263,-5.568619,1989,8,United Kingdom of Great Britain and Northern Ireland,HUMAN_OBSERVATION
56.099263,-5.568619,1989,8,United Kingdom of Great Britain and Northern Ireland,HUMAN_OBSERVATION
56.1,-4.872112,2010,8,United Kingdom of Great Britain and Northern Ireland,HUMAN_OBSERVATION
56.100059,-4.846496,1979,9,United Kingdom of Great Britain and Northern Ireland,HUMAN_OBSERVATION
56.10011,-4.8722,2010,8,United Kingdom of Great Britain and Northern Ireland,HUMAN_OBSERVATION
56.100184,-5.242162,1988,8,United Kingdom of Great Britain and Northern Ireland,HUMAN_OBSERVATION
56.100184,-5.242162,1988,8,United Kingdom of Great Britain and Northern Ireland,HUMAN_OBSERVATION
56.100184,-5.242162,1988,8,United Kingdom of Great Britain and Northern Ireland,HUMAN_OBSERVATION
56.100184,-5.242162,1988,8,United Kingdom of Great Britain and Northern Ireland,HUMAN_OBSERVATION
56.100585,-4.862617,1989,9,United Kingdom of Great Britain and Northern Ireland,HUMAN_OBSERVATION
56.100659,-5.258287,2005,11,United Kingdom of Great Britain and Northern Ireland,HUMAN_OBSERVATION
56.10101,-4.891522,2001,11,United Kingdom of Great Britain and Northern Ireland,HUMAN_OBSERVATION
56.101124,-5.240633,2005,11,United Kingdom of Great Britain and Northern Ireland,HUMAN_OBSERVATION
56.101166,-5.239028,2007,4,United Kingdom of Great Britain and Northern Ireland,HUMAN_OBSERVATION
56.10237,-5.554427,1989,8,United Kingdom of Great Britain and Northern Ireland,HUMAN_OBSERVATION
56.10237,-5.554427,1989,8,United Kingdom of Great Britain and Northern Ireland,HUMAN_OBSERVATION
56.10271,-5.244466,2010,8,United Kingdom of Great Britain and Northern Ireland,HUMAN_OBSERVATION
56.10281,-5.244153,2010,8,United Kingdom of Great Britain and Northern Ireland,HUMAN_OBSERVATION
56.102833,-5.243994,1988,8,United Kingdom of Great Britain and Northern Ireland,HUMAN_OBSERVATION
56.102833,-5.243994,1988,8,United Kingdom of Great Britain and Northern Ireland,HUMAN_OBSERVATION
56.10321,-5.243463,2010,8,United Kingdom of Great Britain and Northern Ireland,HUMAN_OBSERVATION
56.10331,-5.243455,2010,8,United Kingdom of Great Britain and Northern Ireland,HUMAN_OBSERVATION
56.10701,-4.883788,2001,11,United Kingdom of Great Britain and Northern Ireland,HUMAN_OBSERVATION
56.108137,-4.885699,1989,9,United Kingdom of Great Britain and Northern Ireland,HUMAN_OBSERVATION
56.108733,-4.898612,1989,9,United Kingdom of Great Britain and Northern Ireland,HUMAN_OBSERVATION
56.10899,-4.903817,2015,3,United Kingdom of Great Britain and Northern Ireland,HUMAN_OBSERVATION
56.109174,-5.567928,1989,8,United Kingdom of Great Britain and Northern Ireland,HUMAN_OBSERVATION
56.109174,-5.567928,1989,8,United Kingdom of Great Britain and Northern Ireland,HUMAN_OBSERVATION
56.11081,-4.893013,2010,8,United Kingdom of Great Britain and Northern Ireland,HUMAN_OBSERVATION
56.11223,-5.575768,2019,8,United Kingdom of Great Britain and Northern Ireland,HUMAN_OBSERVATION
56.112528,-5.576284,1989,8,United Kingdom of Great Britain and Northern Ireland,HUMAN_OBSERVATION
56.11277,-5.571875,2016,6,United Kingdom of Great Britain and Northern Ireland,HUMAN_OBSERVATION
56.11277,-5.571875,2016,6,United Kingdom of Great Britain and Northern Ireland,HUMAN_OBSERVATION
56.11317,-5.621845,2016,6,United Kingdom of Great Britain and Northern Ireland,HUMAN_OBSERVATION
56.11676,-4.889305,2001,11,United Kingdom of Great Britain and Northern Ireland,HUMAN_OBSERVATION
56.11771,-4.829341,2009,10,United Kingdom of Great Britain and Northern Ireland,HUMAN_OBSERVATION
56.11781,-4.829589,2018,9,United Kingdom of Great Britain and Northern Ireland,HUMAN_OBSERVATION
56.11781,-4.829589,2018,9,United Kingdom of Great Britain and Northern Ireland,HUMAN_OBSERVATION
56.11781,-4.829573,2020,7,United Kingdom of Great Britain and Northern Ireland,HUMAN_OBSERVATION
56.11808,-4.829834,2019,9,United Kingdom of Great Britain and Northern Ireland,HUMAN_OBSERVATION
56.11808,-4.829834,2019,9,United Kingdom of Great Britain and Northern Ireland,HUMAN_OBSERVATION
56.11808,-4.829834,2019,9,United Kingdom of Great Britain and Northern Ireland,HUMAN_OBSERVATION
56.11815,-4.829647,2020,2,United Kingdom of Great Britain and Northern Ireland,HUMAN_OBSERVATION
56.11823,-4.829322,2019,9,United Kingdom of Great Britain and Northern Ireland,HUMAN_OBSERVATION
56.11823,-4.829322,2019,9,United Kingdom of Great Britain and Northern Ireland,HUMAN_OBSERVATION
56.11839,-4.829825,2018,8,United Kingdom of Great Britain and Northern Ireland,HUMAN_OBSERVATION
56.118412,-4.830153,2010,7,United Kingdom of Great Britain and Northern Ireland,HUMAN_OBSERVATION
56.118412,-4.830153,2010,7,United Kingdom of Great Britain and Northern Ireland,HUMAN_OBSERVATION
56.12117,-4.892055,2001,11,United Kingdom of Great Britain and Northern Ireland,HUMAN_OBSERVATION
56.121698,-5.210177,1988,8,United Kingdom of Great Britain and Northern Ireland,HUMAN_OBSERVATION
56.121698,-5.210177,1988,8,United Kingdom of Great Britain and Northern Ireland,HUMAN_OBSERVATION
56.121698,-5.210177,1988,8,United Kingdom of Great Britain and Northern Ireland,HUMAN_OBSERVATION
56.12181,-5.20986,2018,11,United Kingdom of Great Britain and Northern Ireland,HUMAN_OBSERVATION
56.123723,-4.833761,1989,9,United Kingdom of Great Britain and Northern Ireland,HUMAN_OBSERVATION
56.126008,-4.890256,1989,9,United Kingdom of Great Britain and Northern Ireland,HUMAN_OBSERVATION
56.126025,-5.575929,1989,8,United Kingdom of Great Britain and Northern Ireland,HUMAN_OBSERVATION
56.12605,-4.89015,2019,9,United Kingdom of Great Britain and Northern Ireland,HUMAN_OBSERVATION
56.12642,-4.889776,2021,7,United Kingdom of Great Britain and Northern Ireland,HUMAN_OBSERVATION
56.12642,-4.889776,2021,7,United Kingdom of Great Britain and Northern Ireland,HUMAN_OBSERVATION
56.126443,-5.561479,1990,9,United Kingdom of Great Britain and Northern Ireland,HUMAN_OBSERVATION
56.126443,-5.561479,1990,9,United Kingdom of Great Britain and Northern Ireland,HUMAN_OBSERVATION
56.126868,-4.89193,1989,9,United Kingdom of Great Britain and Northern Ireland,HUMAN_OBSERVATION
56.12847,-5.202333,2015,8,United Kingdom of Great Britain and Northern Ireland,HUMAN_OBSERVATION
56.128762,-5.574573,1990,9,United Kingdom of Great Britain and Northern Ireland,HUMAN_OBSERVATION
56.12967,-4.885687,2001,11,United Kingdom of Great Britain and Northern Ireland,HUMAN_OBSERVATION
56.13144,-5.225652,2009,1,United Kingdom of Great Britain and Northern Ireland,HUMAN_OBSERVATION
56.13145,-5.224187,2013,5,United Kingdom of Great Britain and Northern Ireland,HUMAN_OBSERVATION
56.13153,-5.224468,2009,1,United Kingdom of Great Britain and Northern Ireland,HUMAN_OBSERVATION
56.13164,-5.225282,2015,6,United Kingdom of Great Britain and Northern Ireland,HUMAN_OBSERVATION
56.13185,-5.224301,2011,10,United Kingdom of Great Britain and Northern Ireland,HUMAN_OBSERVATION
56.13185,-5.224301,2011,10,United Kingdom of Great Britain and Northern Ireland,HUMAN_OBSERVATION
56.1319,-5.223967,2017,5,United Kingdom of Great Britain and Northern Ireland,HUMAN_OBSERVATION
56.13218,-5.226116,2017,5,United Kingdom of Great Britain and Northern Ireland,HUMAN_OBSERVATION
56.13315,-4.898789,2004,11,United Kingdom of Great Britain and Northern Ireland,HUMAN_OBSERVATION
56.133802,-5.55572,1990,9,United Kingdom of Great Britain and Northern Ireland,HUMAN_OBSERVATION
56.135178,-5.570339,1990,9,United Kingdom of Great Britain and Northern Ireland,HUMAN_OBSERVATION
56.137389,-5.556052,1989,8,United Kingdom of Great Britain and Northern Ireland,HUMAN_OBSERVATION
56.14142,-5.548749,2019,8,United Kingdom of Great Britain and Northern Ireland,HUMAN_OBSERVATION
56.142057,-5.550041,1990,9,United Kingdom of Great Britain and Northern Ireland,HUMAN_OBSERVATION
56.146402,-5.555274,1990,9,United Kingdom of Great Britain and Northern Ireland,HUMAN_OBSERVATION
56.146587,-5.548849,1990,9,United Kingdom of Great Britain and Northern Ireland,HUMAN_OBSERVATION
56.147253,-5.556964,1989,8,United Kingdom of Great Britain and Northern Ireland,HUMAN_OBSERVATION
56.14753,-5.547325,1990,9,United Kingdom of Great Britain and Northern Ireland,HUMAN_OBSERVATION
56.14753,-5.547325,1990,9,United Kingdom of Great Britain and Northern Ireland,HUMAN_OBSERVATION
56.14753,-5.547325,1990,9,United Kingdom of Great Britain and Northern Ireland,HUMAN_OBSERVATION
56.147678,-4.808151,2010,4,United Kingdom of Great Britain and Northern Ireland,HUMAN_OBSERVATION
56.14904,-5.544586,2019,8,United Kingdom of Great Britain and Northern Ireland,HUMAN_OBSERVATION
56.14944,-4.885303,2002,2,United Kingdom of Great Britain and Northern Ireland,HUMAN_OBSERVATION
56.149508,-5.541065,1990,9,United Kingdom of Great Britain and Northern Ireland,HUMAN_OBSERVATION
56.149508,-5.541065,1990,9,United Kingdom of Great Britain and Northern Ireland,HUMAN_OBSERVATION
56.149508,-5.541065,1990,9,United Kingdom of Great Britain and Northern Ireland,HUMAN_OBSERVATION
56.150462,-5.175534,2010,6,United Kingdom of Great Britain and Northern Ireland,HUMAN_OBSERVATION
56.150462,-5.175534,2010,6,United Kingdom of Great Britain and Northern Ireland,HUMAN_OBSERVATION
56.150462,-5.175534,2010,6,United Kingdom of Great Britain and Northern Ireland,HUMAN_OBSERVATION
56.150462,-5.175534,2010,6,United Kingdom of Great Britain and Northern Ireland,HUMAN_OBSERVATION
56.1505,-4.901022,2021,7,United Kingdom of Great Britain and Northern Ireland,HUMAN_OBSERVATION
56.15096,-5.175823,2019,11,United Kingdom of Great Britain and Northern Ireland,HUMAN_OBSERVATION
56.15112,-5.172647,2015,3,United Kingdom of Great Britain and Northern Ireland,HUMAN_OBSERVATION
56.15211,-5.540995,2019,8,United Kingdom of Great Britain and Northern Ireland,HUMAN_OBSERVATION
56.15229,-5.171182,2014,6,United Kingdom of Great Britain and Northern Ireland,HUMAN_OBSERVATION
56.153233,-5.536575,2008,7,United Kingdom of Great Britain and Northern Ireland,HUMAN_OBSERVATION
56.153233,-5.536575,2008,7,United Kingdom of Great Britain and Northern Ireland,HUMAN_OBSERVATION
56.153233,-5.536575,2008,7,United Kingdom of Great Britain and Northern Ireland,HUMAN_OBSERVATION
56.15395,-5.140003,2009,5,United Kingdom of Great Britain and Northern Ireland,HUMAN_OBSERVATION
56.15571,-5.575654,2020,12,United Kingdom of Great Britain and Northern Ireland,HUMAN_OBSERVATION
56.15586,-5.538674,2019,8,United Kingdom of Great Britain and Northern Ireland,HUMAN_OBSERVATION
56.15586,-5.538674,2019,8,United Kingdom of Great Britain and Northern Ireland,HUMAN_OBSERVATION
56.15649,-5.144383,2012,4,United Kingdom of Great Britain and Northern Ireland,HUMAN_OBSERVATION
56.157564,-5.143904,1988,8,United Kingdom of Great Britain and Northern Ireland,HUMAN_OBSERVATION
56.157564,-5.143904,1988,8,United Kingdom of Great Britain and Northern Ireland,HUMAN_OBSERVATION
56.157564,-5.143904,1988,8,United Kingdom of Great Britain and Northern Ireland,HUMAN_OBSERVATION
56.15826,-4.794644,2016,10,United Kingdom of Great Britain and Northern Ireland,HUMAN_OBSERVATION
56.15862,-4.794203,2019,1,United Kingdom of Great Britain and Northern Ireland,HUMAN_OBSERVATION
56.15866,-5.535463,1988,4,United Kingdom of Great Britain and Northern Ireland,HUMAN_OBSERVATION
56.15866,-5.535463,1988,4,United Kingdom of Great Britain and Northern Ireland,HUMAN_OBSERVATION
56.15866,-5.535463,1988,4,United Kingdom of Great Britain and Northern Ireland,HUMAN_OBSERVATION
56.159694,-5.530725,1990,9,United Kingdom of Great Britain and Northern Ireland,HUMAN_OBSERVATION
56.159694,-5.530725,1990,9,United Kingdom of Great Britain and Northern Ireland,HUMAN_OBSERVATION
56.16049,-5.094974,2018,9,United Kingdom of Great Britain and Northern Ireland,HUMAN_OBSERVATION
56.16049,-5.094974,2018,9,United Kingdom of Great Britain and Northern Ireland,HUMAN_OBSERVATION
56.160582,-5.131263,2007,7,United Kingdom of Great Britain and Northern Ireland,HUMAN_OBSERVATION
56.16125,-5.132237,2015,3,United Kingdom of Great Britain and Northern Ireland,HUMAN_OBSERVATION
56.161439,-5.132944,2010,6,United Kingdom of Great Britain and Northern Ireland,HUMAN_OBSERVATION
56.161439,-5.132944,2010,6,United Kingdom of Great Britain and Northern Ireland,HUMAN_OBSERVATION
56.161439,-5.132944,2010,6,United Kingdom of Great Britain and Northern Ireland,HUMAN_OBSERVATION
56.162522,-5.526151,2009,10,United Kingdom of Great Britain and Northern Ireland,HUMAN_OBSERVATION
56.162522,-5.526151,2009,10,United Kingdom of Great Britain and Northern Ireland,HUMAN_OBSERVATION
56.162522,-5.526151,2009,10,United Kingdom of Great Britain and Northern Ireland,HUMAN_OBSERVATION
56.162522,-5.526151,2009,10,United Kingdom of Great Britain and Northern Ireland,HUMAN_OBSERVATION
56.162522,-5.526151,2009,10,United Kingdom of Great Britain and Northern Ireland,HUMAN_OBSERVATION
56.162522,-5.526151,2009,10,United Kingdom of Great Britain and Northern Ireland,HUMAN_OBSERVATION
56.16292,-4.915927,2004,11,United Kingdom of Great Britain and Northern Ireland,HUMAN_OBSERVATION
56.163314,-5.129875,1988,8,United Kingdom of Great Britain and Northern Ireland,HUMAN_OBSERVATION
56.16405,-4.911856,2001,11,United Kingdom of Great Britain and Northern Ireland,HUMAN_OBSERVATION
56.16412,-5.127009,2012,9,United Kingdom of Great Britain and Northern Ireland,HUMAN_OBSERVATION
56.16413,-5.126945,2019,2,United Kingdom of Great Britain and Northern Ireland,HUMAN_OBSERVATION
56.16413,-5.126945,2019,2,United Kingdom of Great Britain and Northern Ireland,HUMAN_OBSERVATION
56.16413,-5.126945,2018,10,United Kingdom of Great Britain and Northern Ireland,HUMAN_OBSERVATION
56.164404,-4.901197,1989,9,United Kingdom of Great Britain and Northern Ireland,HUMAN_OBSERVATION
56.165557,-5.545766,1990,9,United Kingdom of Great Britain and Northern Ireland,HUMAN_OBSERVATION
56.166293,-5.520051,2009,10,United Kingdom of Great Britain and Northern Ireland,HUMAN_OBSERVATION
56.166293,-5.520051,2009,10,United Kingdom of Great Britain and Northern Ireland,HUMAN_OBSERVATION
56.166293,-5.520051,2009,10,United Kingdom of Great Britain and Northern Ireland,HUMAN_OBSERVATION
56.16669,-4.906405,2001,11,United Kingdom of Great Britain and Northern Ireland,HUMAN_OBSERVATION
56.167489,-5.54111,1990,9,United Kingdom of Great Britain and Northern Ireland,HUMAN_OBSERVATION
56.167489,-5.54111,1990,9,United Kingdom of Great Britain and Northern Ireland,HUMAN_OBSERVATION
56.167949,-5.525037,1990,9,United Kingdom of Great Britain and Northern Ireland,HUMAN_OBSERVATION
56.17034,-5.116492,2015,8,United Kingdom of Great Britain and Northern Ireland,HUMAN_OBSERVATION
56.17052,-5.116232,2010,8,United Kingdom of Great Britain and Northern Ireland,HUMAN_OBSERVATION
56.170816,-5.117595,2010,6,United Kingdom of Great Britain and Northern Ireland,HUMAN_OBSERVATION
56.17162,-5.116338,2006,3,United Kingdom of Great Britain and Northern Ireland,HUMAN_OBSERVATION
56.17162,-5.116338,2006,3,United Kingdom of Great Britain and Northern Ireland,HUMAN_OBSERVATION
56.17162,-5.116338,2006,3,United Kingdom of Great Britain and Northern Ireland,HUMAN_OBSERVATION
56.17162,-5.116338,2006,3,United Kingdom of Great Britain and Northern Ireland,HUMAN_OBSERVATION
56.17162,-5.116338,2006,3,United Kingdom of Great Britain and Northern Ireland,HUMAN_OBSERVATION
56.17162,-5.116338,2006,3,United Kingdom of Great Britain and Northern Ireland,HUMAN_OBSERVATION
56.17162,-5.114629,2010,8,United Kingdom of Great Britain and Northern Ireland,HUMAN_OBSERVATION
56.171754,-5.116059,1988,8,United Kingdom of Great Britain and Northern Ireland,HUMAN_OBSERVATION
56.171754,-5.116059,1988,8,United Kingdom of Great Britain and Northern Ireland,HUMAN_OBSERVATION
56.17182,-5.115241,2010,8,United Kingdom of Great Britain and Northern Ireland,HUMAN_OBSERVATION
56.17195,-5.116333,2015,2,United Kingdom of Great Britain and Northern Ireland,HUMAN_OBSERVATION
56.17195,-5.116333,2015,2,United Kingdom of Great Britain and Northern Ireland,HUMAN_OBSERVATION
56.174363,-5.520791,1990,9,United Kingdom of Great Britain and Northern Ireland,HUMAN_OBSERVATION
56.174363,-5.520791,1990,9,United Kingdom of Great Britain and Northern Ireland,HUMAN_OBSERVATION
56.17615,-5.084184,1988,8,United Kingdom of Great Britain and Northern Ireland,HUMAN_OBSERVATION
56.176916,-5.52586,1990,9,United Kingdom of Great Britain and Northern Ireland,HUMAN_OBSERVATION
56.176916,-5.52586,1990,9,United Kingdom of Great Britain and Northern Ireland,HUMAN_OBSERVATION
56.17956,-5.527715,1990,9,United Kingdom of Great Britain and Northern Ireland,HUMAN_OBSERVATION
56.179779,-5.082864,2003,10,United Kingdom of Great Britain and Northern Ireland,HUMAN_OBSERVATION
56.18025,-4.773984,2016,10,United Kingdom of Great Britain and Northern Ireland,HUMAN_OBSERVATION
56.181721,-5.515017,1990,9,United Kingdom of Great Britain and Northern Ireland,HUMAN_OBSERVATION
56.181721,-5.515017,1990,9,United Kingdom of Great Britain and Northern Ireland,HUMAN_OBSERVATION
56.18368,-2.556511,2016,3,United Kingdom of Great Britain and Northern Ireland,HUMAN_OBSERVATION
56.18551,-5.520056,2006,9,United Kingdom of Great Britain and Northern Ireland,HUMAN_OBSERVATION
56.186964,-5.520333,1989,8,United Kingdom of Great Britain and Northern Ireland,HUMAN_OBSERVATION
56.187284,-5.509077,1990,9,United Kingdom of Great Britain and Northern Ireland,HUMAN_OBSERVATION
56.18735,-4.768903,2019,9,United Kingdom of Great Britain and Northern Ireland,HUMAN_OBSERVATION
56.19108,-4.775605,2017,11,United Kingdom of Great Britain and Northern Ireland,HUMAN_OBSERVATION
56.19108,-4.775605,2017,11,United Kingdom of Great Britain and Northern Ireland,HUMAN_OBSERVATION
56.19148,-4.776134,2017,1,United Kingdom of Great Britain and Northern Ireland,HUMAN_OBSERVATION
56.1915,-4.776216,2021,6,United Kingdom of Great Britain and Northern Ireland,HUMAN_OBSERVATION
56.191516,-4.777502,2010,7,United Kingdom of Great Britain and Northern Ireland,HUMAN_OBSERVATION
56.19154,-4.776186,2012,10,United Kingdom of Great Britain and Northern Ireland,HUMAN_OBSERVATION
56.19161,-4.776437,2003,11,United Kingdom of Great Britain and Northern Ireland,HUMAN_OBSERVATION
56.19418,-4.769267,2017,12,United Kingdom of Great Britain and Northern Ireland,HUMAN_OBSERVATION
56.19418,-4.769267,2017,12,United Kingdom of Great Britain and Northern Ireland,HUMAN_OBSERVATION
56.19428,-4.769612,2019,9,United Kingdom of Great Britain and Northern Ireland,HUMAN_OBSERVATION
56.1943,-4.769807,2018,2,United Kingdom of Great Britain and Northern Ireland,HUMAN_OBSERVATION
56.1943,-4.769533,2019,9,United Kingdom of Great Britain and Northern Ireland,HUMAN_OBSERVATION
56.19442,-4.769171,2018,2,United Kingdom of Great Britain and Northern Ireland,HUMAN_OBSERVATION
56.1945,-4.769773,2021,5,United Kingdom of Great Britain and Northern Ireland,HUMAN_OBSERVATION
56.19999,-4.746319,2019,6,United Kingdom of Great Britain and Northern Ireland,HUMAN_OBSERVATION
56.20073,-5.10333,2015,12,United Kingdom of Great Britain and Northern Ireland,HUMAN_OBSERVATION
56.20261,-4.753119,2017,7,United Kingdom of Great Britain and Northern Ireland,HUMAN_OBSERVATION
56.20261,-4.753119,2016,10,United Kingdom of Great Britain and Northern Ireland,HUMAN_OBSERVATION
56.20403,-5.684453,2005,4,United Kingdom of Great Britain and Northern Ireland,HUMAN_OBSERVATION
56.205243,-5.686128,2005,8,United Kingdom of Great Britain and Northern Ireland,HUMAN_OBSERVATION
56.205243,-5.686128,2005,8,United Kingdom of Great Britain and Northern Ireland,HUMAN_OBSERVATION
56.206387,-5.686657,1989,8,United Kingdom of Great Britain and Northern Ireland,HUMAN_OBSERVATION
56.207293,-5.06088,1988,8,United Kingdom of Great Britain and Northern Ireland,HUMAN_OBSERVATION
56.207293,-5.06088,1988,8,United Kingdom of Great Britain and Northern Ireland,HUMAN_OBSERVATION
56.208132,-5.688438,1989,8,United Kingdom of Great Britain and Northern Ireland,HUMAN_OBSERVATION
56.21096,-5.054163,2015,3,United Kingdom of Great Britain and Northern Ireland,HUMAN_OBSERVATION
56.21096,-5.054163,2015,3,United Kingdom of Great Britain and Northern Ireland,HUMAN_OBSERVATION
56.21096,-5.054163,2009,10,United Kingdom of Great Britain and Northern Ireland,HUMAN_OBSERVATION
56.21096,-5.054163,2009,10,United Kingdom of Great Britain and Northern Ireland,HUMAN_OBSERVATION
56.21099,-5.054149,2021,9,United Kingdom of Great Britain and Northern Ireland,HUMAN_OBSERVATION
56.21113,-5.56189,2020,9,United Kingdom of Great Britain and Northern Ireland,HUMAN_OBSERVATION
56.21122,-5.054571,2020,6,United Kingdom of Great Britain and Northern Ireland,HUMAN_OBSERVATION
56.21137,-5.053921,2011,10,United Kingdom of Great Britain and Northern Ireland,HUMAN_OBSERVATION
56.21157,-5.054365,2019,2,United Kingdom of Great Britain and Northern Ireland,HUMAN_OBSERVATION
56.21172,-5.05524,2016,12,United Kingdom of Great Britain and Northern Ireland,HUMAN_OBSERVATION
56.21339,-5.81413,2014,5,United Kingdom of Great Britain and Northern Ireland,HUMAN_OBSERVATION
56.21339,-5.81413,2014,5,United Kingdom of Great Britain and Northern Ireland,HUMAN_OBSERVATION
56.21385,-5.55651,2020,9,United Kingdom of Great Britain and Northern Ireland,HUMAN_OBSERVATION
56.214829,-5.046963,2006,12,United Kingdom of Great Britain and Northern Ireland,HUMAN_OBSERVATION
56.220449,-5.037729,1988,9,United Kingdom of Great Britain and Northern Ireland,HUMAN_OBSERVATION
56.22227,-5.034295,2018,3,United Kingdom of Great Britain and Northern Ireland,HUMAN_OBSERVATION
56.22362,-5.071002,2009,9,United Kingdom of Great Britain and Northern Ireland,HUMAN_OBSERVATION
56.22381,-5.031463,2018,4,United Kingdom of Great Britain and Northern Ireland,HUMAN_OBSERVATION
56.2249,-5.718193,2013,9,United Kingdom of Great Britain and Northern Ireland,HUMAN_OBSERVATION
56.2253,-5.571131,2009,9,United Kingdom of Great Britain and Northern Ireland,HUMAN_OBSERVATION
56.22765,-5.01792,2012,4,United Kingdom of Great Britain and Northern Ireland,HUMAN_OBSERVATION
56.22768,-5.018858,2020,3,United Kingdom of Great Britain and Northern Ireland,HUMAN_OBSERVATION
56.22918,-5.019718,2018,9,United Kingdom of Great Britain and Northern Ireland,HUMAN_OBSERVATION
56.22929,-5.676064,2012,10,United Kingdom of Great Britain and Northern Ireland,HUMAN_OBSERVATION
56.22929,-5.676064,2012,10,United Kingdom of Great Britain and Northern Ireland,HUMAN_OBSERVATION
56.22989,-5.794024,2014,5,United Kingdom of Great Britain and Northern Ireland,HUMAN_OBSERVATION
56.23012,-5.046564,1988,8,United Kingdom of Great Britain and Northern Ireland,HUMAN_OBSERVATION
56.23012,-5.046564,1988,8,United Kingdom of Great Britain and Northern Ireland,HUMAN_OBSERVATION
56.23048,-5.06871,2013,5,United Kingdom of Great Britain and Northern Ireland,HUMAN_OBSERVATION
56.23074,-5.709186,2005,4,United Kingdom of Great Britain and Northern Ireland,HUMAN_OBSERVATION
56.23078,-5.065611,2021,9,United Kingdom of Great Britain and Northern Ireland,HUMAN_OBSERVATION
56.23078,-5.065611,2021,9,United Kingdom of Great Britain and Northern Ireland,HUMAN_OBSERVATION
56.23078,-5.065611,2021,9,United Kingdom of Great Britain and Northern Ireland,HUMAN_OBSERVATION
56.23088,-5.069145,2012,4,United Kingdom of Great Britain and Northern Ireland,HUMAN_OBSERVATION
56.23092,-5.069197,2019,7,United Kingdom of Great Britain and Northern Ireland,HUMAN_OBSERVATION
56.23097,-5.065723,2021,9,United Kingdom of Great Britain and Northern Ireland,HUMAN_OBSERVATION
56.23097,-5.065723,2021,9,United Kingdom of Great Britain and Northern Ireland,HUMAN_OBSERVATION
56.23097,-5.065723,2021,9,United Kingdom of Great Britain and Northern Ireland,HUMAN_OBSERVATION
56.23104,-5.069385,2019,3,United Kingdom of Great Britain and Northern Ireland,HUMAN_OBSERVATION
56.23109,-5.068033,2019,11,United Kingdom of Great Britain and Northern Ireland,HUMAN_OBSERVATION
56.23109,-5.068033,2019,11,United Kingdom of Great Britain and Northern Ireland,HUMAN_OBSERVATION
56.23109,-5.06775,2019,2,United Kingdom of Great Britain and Northern Ireland,HUMAN_OBSERVATION
56.23109,-5.06775,2019,2,United Kingdom of Great Britain and Northern Ireland,HUMAN_OBSERVATION
56.23123,-5.068278,2018,12,United Kingdom of Great Britain and Northern Ireland,HUMAN_OBSERVATION
56.23123,-5.068278,2018,12,United Kingdom of Great Britain and Northern Ireland,HUMAN_OBSERVATION
56.23123,-5.068278,2018,12,United Kingdom of Great Britain and Northern Ireland,HUMAN_OBSERVATION
56.23134,-5.794797,2012,6,United Kingdom of Great Britain and Northern Ireland,HUMAN_OBSERVATION
56.23165,-5.7802,2009,9,United Kingdom of Great Britain and Northern Ireland,HUMAN_OBSERVATION
56.23165,-5.7802,2009,9,United Kingdom of Great Britain and Northern Ireland,HUMAN_OBSERVATION
56.23165,-5.7802,2009,9,United Kingdom of Great Britain and Northern Ireland,HUMAN_OBSERVATION
56.231793,-5.78081,2005,8,United Kingdom of Great Britain and Northern Ireland,HUMAN_OBSERVATION
56.231793,-5.78081,2005,8,United Kingdom of Great Britain and Northern Ireland,HUMAN_OBSERVATION
56.2333,-5.780589,2013,9,United Kingdom of Great Britain and Northern Ireland,HUMAN_OBSERVATION
56.2333,-5.779766,2017,5,United Kingdom of Great Britain and Northern Ireland,HUMAN_OBSERVATION
56.23347,-5.779428,2004,5,United Kingdom of Great Britain and Northern Ireland,HUMAN_OBSERVATION
56.23347,-5.779088,2009,4,United Kingdom of Great Britain and Northern Ireland,HUMAN_OBSERVATION
56.234107,-5.047122,2005,10,United Kingdom of Great Britain and Northern Ireland,HUMAN_OBSERVATION
56.234107,-5.047122,2005,10,United Kingdom of Great Britain and Northern Ireland,HUMAN_OBSERVATION
56.234804,-5.038866,2005,9,United Kingdom of Great Britain and Northern Ireland,HUMAN_OBSERVATION
56.234804,-5.038866,2005,9,United Kingdom of Great Britain and Northern Ireland,HUMAN_OBSERVATION
56.234804,-5.038866,2005,9,United Kingdom of Great Britain and Northern Ireland,HUMAN_OBSERVATION
56.23487,-5.035793,2015,10,United Kingdom of Great Britain and Northern Ireland,HUMAN_OBSERVATION
56.23534,-4.988161,2009,2,United Kingdom of Great Britain and Northern Ireland,HUMAN_OBSERVATION
56.23547,-5.031627,2005,9,United Kingdom of Great Britain and Northern Ireland,HUMAN_OBSERVATION
56.235534,-5.047559,2005,10,United Kingdom of Great Britain and Northern Ireland,HUMAN_OBSERVATION
56.23793,-5.046472,2018,12,United Kingdom of Great Britain and Northern Ireland,HUMAN_OBSERVATION
56.23804,-5.046521,2016,11,United Kingdom of Great Britain and Northern Ireland,HUMAN_OBSERVATION
56.23804,-5.046521,2016,11,United Kingdom of Great Britain and Northern Ireland,HUMAN_OBSERVATION
56.23811,-5.047413,2016,1,United Kingdom of Great Britain and Northern Ireland,HUMAN_OBSERVATION
56.23811,-5.046704,2016,1,United Kingdom of Great Britain and Northern Ireland,HUMAN_OBSERVATION
56.23811,-5.046187,2015,2,United Kingdom of Great Britain and Northern Ireland,HUMAN_OBSERVATION
56.23812,-5.047318,2013,11,United Kingdom of Great Britain and Northern Ireland,HUMAN_OBSERVATION
56.23814,-5.046658,2015,10,United Kingdom of Great Britain and Northern Ireland,HUMAN_OBSERVATION
56.238195,-5.047205,2005,9,United Kingdom of Great Britain and Northern Ireland,HUMAN_OBSERVATION
56.238195,-5.047205,2005,9,United Kingdom of Great Britain and Northern Ireland,HUMAN_OBSERVATION
56.238195,-5.047205,2005,9,United Kingdom of Great Britain and Northern Ireland,HUMAN_OBSERVATION
56.238195,-5.047205,2005,9,United Kingdom of Great Britain and Northern Ireland,HUMAN_OBSERVATION
56.238748,-5.024651,1988,9,United Kingdom of Great Britain and Northern Ireland,HUMAN_OBSERVATION
56.238748,-5.024651,1988,9,United Kingdom of Great Britain and Northern Ireland,HUMAN_OBSERVATION
56.238748,-5.024651,1988,9,United Kingdom of Great Britain and Northern Ireland,HUMAN_OBSERVATION
56.23898,-5.048613,2019,5,United Kingdom of Great Britain and Northern Ireland,HUMAN_OBSERVATION
56.239885,-5.713534,2005,8,United Kingdom of Great Britain and Northern Ireland,HUMAN_OBSERVATION
56.24014,-5.712292,2009,9,United Kingdom of Great Britain and Northern Ireland,HUMAN_OBSERVATION
56.24014,-5.712292,2009,9,United Kingdom of Great Britain and Northern Ireland,HUMAN_OBSERVATION
56.24084,-5.720999,2013,9,United Kingdom of Great Britain and Northern Ireland,HUMAN_OBSERVATION
56.24113,-5.04599,2016,1,United Kingdom of Great Britain and Northern Ireland,HUMAN_OBSERVATION
56.241135,-5.606038,1989,7,United Kingdom of Great Britain and Northern Ireland,HUMAN_OBSERVATION
56.24173,-5.056823,2010,8,United Kingdom of Great Britain and Northern Ireland,HUMAN_OBSERVATION
56.242118,-5.057607,2005,10,United Kingdom of Great Britain and Northern Ireland,HUMAN_OBSERVATION
56.24212,-5.70739,2004,6,United Kingdom of Great Britain and Northern Ireland,HUMAN_OBSERVATION
56.242146,-4.995861,1988,9,United Kingdom of Great Britain and Northern Ireland,HUMAN_OBSERVATION
56.242146,-4.995861,1988,9,United Kingdom of Great Britain and Northern Ireland,HUMAN_OBSERVATION
56.24224,-5.055976,2019,6,United Kingdom of Great Britain and Northern Ireland,HUMAN_OBSERVATION
56.242257,-5.567391,1989,7,United Kingdom of Great Britain and Northern Ireland,HUMAN_OBSERVATION
56.242257,-5.567391,1989,7,United Kingdom of Great Britain and Northern Ireland,HUMAN_OBSERVATION
56.242257,-5.567391,1989,7,United Kingdom of Great Britain and Northern Ireland,HUMAN_OBSERVATION
56.24234,-5.539227,2021,8,United Kingdom of Great Britain and Northern Ireland,HUMAN_OBSERVATION
56.24234,-5.539227,2021,8,United Kingdom of Great Britain and Northern Ireland,HUMAN_OBSERVATION
56.2424,-5.538893,2021,1,United Kingdom of Great Britain and Northern Ireland,HUMAN_OBSERVATION
56.2424,-5.538893,2021,1,United Kingdom of Great Britain and Northern Ireland,HUMAN_OBSERVATION
56.2424,-5.538893,2021,3,United Kingdom of Great Britain and Northern Ireland,HUMAN_OBSERVATION
56.242534,-5.016878,1988,8,United Kingdom of Great Britain and Northern Ireland,HUMAN_OBSERVATION
56.2428,-5.537896,2021,3,United Kingdom of Great Britain and Northern Ireland,HUMAN_OBSERVATION
56.24281,-5.538947,2021,4,United Kingdom of Great Britain and Northern Ireland,HUMAN_OBSERVATION
56.24281,-5.538947,2021,4,United Kingdom of Great Britain and Northern Ireland,HUMAN_OBSERVATION
56.24293,-5.537989,2019,11,United Kingdom of Great Britain and Northern Ireland,HUMAN_OBSERVATION
56.242945,-5.056865,2005,10,United Kingdom of Great Britain and Northern Ireland,HUMAN_OBSERVATION
56.242945,-5.056865,2005,10,United Kingdom of Great Britain and Northern Ireland,HUMAN_OBSERVATION
56.24303,-5.539993,2019,9,United Kingdom of Great Britain and Northern Ireland,HUMAN_OBSERVATION
56.24303,-5.539993,2019,9,United Kingdom of Great Britain and Northern Ireland,HUMAN_OBSERVATION
56.24314,-5.054918,2019,6,United Kingdom of Great Britain and Northern Ireland,HUMAN_OBSERVATION
56.243339,-5.0573,1988,8,United Kingdom of Great Britain and Northern Ireland,HUMAN_OBSERVATION
56.243339,-5.0573,1988,8,United Kingdom of Great Britain and Northern Ireland,HUMAN_OBSERVATION
56.243339,-5.0573,1988,8,United Kingdom of Great Britain and Northern Ireland,HUMAN_OBSERVATION
56.24376,-5.537823,2015,11,United Kingdom of Great Britain and Northern Ireland,HUMAN_OBSERVATION
56.24468,-5.536197,2016,2,United Kingdom of Great Britain and Northern Ireland,HUMAN_OBSERVATION
56.24517,-5.544248,2020,9,United Kingdom of Great Britain and Northern Ireland,HUMAN_OBSERVATION
56.24574,-5.697911,2004,6,United Kingdom of Great Britain and Northern Ireland,HUMAN_OBSERVATION
56.24615,-5.771197,2012,10,United Kingdom of Great Britain and Northern Ireland,HUMAN_OBSERVATION
56.24615,-5.771197,2012,10,United Kingdom of Great Britain and Northern Ireland,HUMAN_OBSERVATION
56.24847,-5.748085,2004,6,United Kingdom of Great Britain and Northern Ireland,HUMAN_OBSERVATION
56.24871,-4.977521,2021,11,United Kingdom of Great Britain and Northern Ireland,HUMAN_OBSERVATION
56.24871,-4.977521,2021,11,United Kingdom of Great Britain and Northern Ireland,HUMAN_OBSERVATION
56.24871,-4.977521,2021,11,United Kingdom of Great Britain and Northern Ireland,HUMAN_OBSERVATION
56.2491,-4.977221,2021,11,United Kingdom of Great Britain and Northern Ireland,HUMAN_OBSERVATION
56.24943,-4.978279,2013,4,United Kingdom of Great Britain and Northern Ireland,HUMAN_OBSERVATION
56.24953,-4.978578,2014,6,United Kingdom of Great Britain and Northern Ireland,HUMAN_OBSERVATION
56.24953,-4.978578,2012,4,United Kingdom of Great Britain and Northern Ireland,HUMAN_OBSERVATION
56.24989,-4.977766,2016,11,United Kingdom of Great Britain and Northern Ireland,HUMAN_OBSERVATION
56.25291,-5.661417,1996,4,United Kingdom of Great Britain and Northern Ireland,HUMAN_OBSERVATION
56.25291,-5.661417,1996,4,United Kingdom of Great Britain and Northern Ireland,HUMAN_OBSERVATION
56.25452,-5.538849,2009,9,United Kingdom of Great Britain and Northern Ireland,HUMAN_OBSERVATION
56.255666,-5.507263,1989,7,United Kingdom of Great Britain and Northern Ireland,HUMAN_OBSERVATION
56.255666,-5.507263,1989,7,United Kingdom of Great Britain and Northern Ireland,HUMAN_OBSERVATION
56.25796,-4.951646,2010,6,United Kingdom of Great Britain and Northern Ireland,HUMAN_OBSERVATION
56.25796,-4.951646,2010,6,United Kingdom of Great Britain and Northern Ireland,HUMAN_OBSERVATION
56.25873,-4.946408,2010,8,United Kingdom of Great Britain and Northern Ireland,HUMAN_OBSERVATION
56.25915,-4.948499,2008,4,United Kingdom of Great Britain and Northern Ireland,HUMAN_OBSERVATION
56.25915,-4.948499,2008,4,United Kingdom of Great Britain and Northern Ireland,HUMAN_OBSERVATION
56.260586,-4.939161,1988,8,United Kingdom of Great Britain and Northern Ireland,HUMAN_OBSERVATION
56.260586,-4.939161,1988,8,United Kingdom of Great Britain and Northern Ireland,HUMAN_OBSERVATION
56.2649,-5.593906,2013,9,United Kingdom of Great Britain and Northern Ireland,HUMAN_OBSERVATION
56.26614,-5.593586,2009,9,United Kingdom of Great Britain and Northern Ireland,HUMAN_OBSERVATION
56.26614,-5.593586,2009,9,United Kingdom of Great Britain and Northern Ireland,HUMAN_OBSERVATION
56.26694,-4.933809,2013,5,United Kingdom of Great Britain and Northern Ireland,HUMAN_OBSERVATION
56.26754,-4.933806,2016,11,United Kingdom of Great Britain and Northern Ireland,HUMAN_OBSERVATION
56.267643,-5.49705,1989,7,United Kingdom of Great Britain and Northern Ireland,HUMAN_OBSERVATION
56.267643,-5.49705,1989,7,United Kingdom of Great Britain and Northern Ireland,HUMAN_OBSERVATION
56.26769,-4.933721,2009,1,United Kingdom of Great Britain and Northern Ireland,HUMAN_OBSERVATION
56.267742,-4.934945,2008,5,United Kingdom of Great Britain and Northern Ireland,HUMAN_OBSERVATION
56.26785,-5.628425,2009,4,United Kingdom of Great Britain and Northern Ireland,HUMAN_OBSERVATION
56.26807,-4.932264,2014,8,United Kingdom of Great Britain and Northern Ireland,HUMAN_OBSERVATION
56.26809,-4.933089,2012,4,United Kingdom of Great Britain and Northern Ireland,HUMAN_OBSERVATION
56.269167,-5.631299,1975,11,United Kingdom of Great Britain and Northern Ireland,HUMAN_OBSERVATION
56.2692,-5.502684,2021,4,United Kingdom of Great Britain and Northern Ireland,HUMAN_OBSERVATION
56.27247,-5.588233,2019,9,United Kingdom of Great Britain and Northern Ireland,HUMAN_OBSERVATION
56.28271,-5.59864,1988,4,United Kingdom of Great Britain and Northern Ireland,HUMAN_OBSERVATION
56.28271,-5.59864,1988,4,United Kingdom of Great Britain and Northern Ireland,HUMAN_OBSERVATION
56.284644,-5.593973,1988,4,United Kingdom of Great Britain and Northern Ireland,HUMAN_OBSERVATION
56.290965,-5.654386,1995,5,United Kingdom of Great Britain and Northern Ireland,HUMAN_OBSERVATION
56.295305,-5.659652,1995,5,United Kingdom of Great Britain and Northern Ireland,HUMAN_OBSERVATION
56.295305,-5.659652,1995,5,United Kingdom of Great Britain and Northern Ireland,HUMAN_OBSERVATION
56.307039,-5.673601,2005,8,United Kingdom of Great Britain and Northern Ireland,HUMAN_OBSERVATION
56.31062,-5.67542,2014,8,United Kingdom of Great Britain and Northern Ireland,HUMAN_OBSERVATION
56.31378,-5.659335,2018,11,United Kingdom of Great Britain and Northern Ireland,HUMAN_OBSERVATION
56.31406,-5.659823,2019,7,United Kingdom of Great Britain and Northern Ireland,HUMAN_OBSERVATION
56.31436,-5.65918,2017,4,United Kingdom of Great Britain and Northern Ireland,HUMAN_OBSERVATION
56.31449,-5.65908,2010,5,United Kingdom of Great Britain and Northern Ireland,HUMAN_OBSERVATION
56.320363,-5.927422,1989,7,United Kingdom of Great Britain and Northern Ireland,HUMAN_OBSERVATION
56.320363,-5.927422,1989,7,United Kingdom of Great Britain and Northern Ireland,HUMAN_OBSERVATION
56.32256,-6.263743,2009,5,United Kingdom of Great Britain and Northern Ireland,HUMAN_OBSERVATION
56.32484,-5.924274,2014,8,United Kingdom of Great Britain and Northern Ireland,HUMAN_OBSERVATION
56.329246,-6.256934,1989,8,United Kingdom of Great Britain and Northern Ireland,HUMAN_OBSERVATION
56.333559,-6.262272,1989,8,United Kingdom of Great Britain and Northern Ireland,HUMAN_OBSERVATION
56.33458,-6.248991,2009,5,United Kingdom of Great Britain and Northern Ireland,HUMAN_OBSERVATION
56.337831,-6.189886,1989,8,United Kingdom of Great Britain and Northern Ireland,HUMAN_OBSERVATION
56.34125,-5.865213,1998,6,United Kingdom of Great Britain and Northern Ireland,HUMAN_OBSERVATION
56.346766,-6.347968,1983,6,United Kingdom of Great Britain and Northern Ireland,HUMAN_OBSERVATION
56.34716,-6.281833,2009,5,United Kingdom of Great Britain and Northern Ireland,HUMAN_OBSERVATION
56.349748,-5.860891,1998,6,United Kingdom of Great Britain and Northern Ireland,HUMAN_OBSERVATION
56.3538,-5.534089,1989,6,United Kingdom of Great Britain and Northern Ireland,HUMAN_OBSERVATION
56.3538,-5.534089,1989,6,United Kingdom of Great Britain and Northern Ireland,HUMAN_OBSERVATION
56.354686,-5.471016,1989,6,United Kingdom of Great Britain and Northern Ireland,HUMAN_OBSERVATION
56.354686,-5.471016,1989,6,United Kingdom of Great Britain and Northern Ireland,HUMAN_OBSERVATION
56.357543,-6.192051,1989,8,United Kingdom of Great Britain and Northern Ireland,HUMAN_OBSERVATION
56.358212,-6.064147,1983,6,United Kingdom of Great Britain and Northern Ireland,HUMAN_OBSERVATION
56.364485,-6.064816,1989,8,United Kingdom of Great Britain and Northern Ireland,HUMAN_OBSERVATION
56.365004,-5.608338,1979,5,United Kingdom of Great Britain and Northern Ireland,MATERIAL_SAMPLE
56.365004,-5.608338,1979,5,United Kingdom of Great Britain and Northern Ireland,MATERIAL_SAMPLE
56.366491,-6.031004,1989,8,United Kingdom of Great Britain and Northern Ireland,HUMAN_OBSERVATION
56.366491,-6.031004,1989,8,United Kingdom of Great Britain and Northern Ireland,HUMAN_OBSERVATION
56.368335,-5.626667,1979,5,United Kingdom of Great Britain and Northern Ireland,MATERIAL_SAMPLE
56.368335,-5.626667,1979,5,United Kingdom of Great Britain and Northern Ireland,MATERIAL_SAMPLE
56.37182,-5.532892,2005,3,United Kingdom of Great Britain and Northern Ireland,HUMAN_OBSERVATION
56.38083,-5.53666,2017,4,United Kingdom of Great Britain and Northern Ireland,HUMAN_OBSERVATION
56.38083,-5.53666,2017,4,United Kingdom of Great Britain and Northern Ireland,HUMAN_OBSERVATION
56.38083,-5.53666,2017,4,United Kingdom of Great Britain and Northern Ireland,HUMAN_OBSERVATION
56.38083,-5.53666,2017,4,United Kingdom of Great Britain and Northern Ireland,HUMAN_OBSERVATION
56.38084,-5.596984,2017,1,United Kingdom of Great Britain and Northern Ireland,HUMAN_OBSERVATION
56.382095,-6.048864,1989,8,United Kingdom of Great Britain and Northern Ireland,HUMAN_OBSERVATION
56.386671,-5.529173,1979,5,United Kingdom of Great Britain and Northern Ireland,MATERIAL_SAMPLE
56.386671,-5.529173,1979,5,United Kingdom of Great Britain and Northern Ireland,MATERIAL_SAMPLE
56.39014,-5.52386,2005,3,United Kingdom of Great Britain and Northern Ireland,HUMAN_OBSERVATION
56.39202,-5.515302,2017,12,United Kingdom of Great Britain and Northern Ireland,HUMAN_OBSERVATION
56.392057,-6.019117,1989,8,United Kingdom of Great Britain and Northern Ireland,HUMAN_OBSERVATION
56.39222,-5.51408,2005,6,United Kingdom of Great Britain and Northern Ireland,HUMAN_OBSERVATION
56.39222,-5.51408,2005,6,United Kingdom of Great Britain and Northern Ireland,HUMAN_OBSERVATION
56.39222,-5.51408,2005,6,United Kingdom of Great Britain and Northern Ireland,HUMAN_OBSERVATION
56.39222,-5.51408,2005,6,United Kingdom of Great Britain and Northern Ireland,HUMAN_OBSERVATION
56.39225,-5.515712,2021,12,United Kingdom of Great Britain and Northern Ireland,HUMAN_OBSERVATION
56.39225,-5.515712,2021,12,United Kingdom of Great Britain and Northern Ireland,HUMAN_OBSERVATION
56.39225,-5.514132,2016,3,United Kingdom of Great Britain and Northern Ireland,HUMAN_OBSERVATION
56.39244,-5.515689,2019,9,United Kingdom of Great Britain and Northern Ireland,HUMAN_OBSERVATION
56.39244,-5.515689,2019,9,United Kingdom of Great Britain and Northern Ireland,HUMAN_OBSERVATION
56.39283,-5.515539,2018,10,United Kingdom of Great Britain and Northern Ireland,HUMAN_OBSERVATION
56.39383,-5.515834,2016,1,United Kingdom of Great Britain and Northern Ireland,HUMAN_OBSERVATION
56.39383,-5.515356,2015,4,United Kingdom of Great Britain and Northern Ireland,HUMAN_OBSERVATION
56.4,-5.509996,1979,5,United Kingdom of Great Britain and Northern Ireland,MATERIAL_SAMPLE
56.4,-5.509996,1979,5,United Kingdom of Great Britain and Northern Ireland,MATERIAL_SAMPLE
56.401663,-5.49666,1979,5,United Kingdom of Great Britain and Northern Ireland,MATERIAL_SAMPLE
56.401663,-5.49666,1979,5,United Kingdom of Great Britain and Northern Ireland,MATERIAL_SAMPLE
56.404163,-5.503326,1979,5,United Kingdom of Great Britain and Northern Ireland,MATERIAL_SAMPLE
56.404163,-5.503326,1979,5,United Kingdom of Great Britain and Northern Ireland,MATERIAL_SAMPLE
56.4065,-5.502196,2017,9,United Kingdom of Great Britain and Northern Ireland,HUMAN_OBSERVATION
56.40692,-6.194781,2009,5,United Kingdom of Great Britain and Northern Ireland,HUMAN_OBSERVATION
56.40736,-5.501286,2019,5,United Kingdom of Great Britain and Northern Ireland,HUMAN_OBSERVATION
56.407503,-5.500001,1979,5,United Kingdom of Great Britain and Northern Ireland,MATERIAL_SAMPLE
56.407503,-5.500001,1979,5,United Kingdom of Great Britain and Northern Ireland,MATERIAL_SAMPLE
56.408337,-5.501667,1979,5,United Kingdom of Great Britain and Northern Ireland,MATERIAL_SAMPLE
56.408337,-5.501667,1979,5,United Kingdom of Great Britain and Northern Ireland,MATERIAL_SAMPLE
56.415001,-5.485007,1979,5,United Kingdom of Great Britain and Northern Ireland,MATERIAL_SAMPLE
56.415001,-5.485007,1979,5,United Kingdom of Great Britain and Northern Ireland,MATERIAL_SAMPLE
56.419172,-5.493337,1979,5,United Kingdom of Great Britain and Northern Ireland,MATERIAL_SAMPLE
56.419172,-5.493337,1979,5,United Kingdom of Great Britain and Northern Ireland,MATERIAL_SAMPLE
56.422499,-5.484996,1979,5,United Kingdom of Great Britain and Northern Ireland,MATERIAL_SAMPLE
56.422499,-5.484996,1979,5,United Kingdom of Great Britain and Northern Ireland,MATERIAL_SAMPLE
56.423193,-5.652472,1983,6,United Kingdom of Great Britain and Northern Ireland,HUMAN_OBSERVATION
56.42598,-5.50329,2017,1,United Kingdom of Great Britain and Northern Ireland,HUMAN_OBSERVATION
56.43686,-6.166131,2016,9,United Kingdom of Great Britain and Northern Ireland,HUMAN_OBSERVATION
56.43686,-6.166131,2016,9,United Kingdom of Great Britain and Northern Ireland,HUMAN_OBSERVATION
56.43811,-6.166739,2016,9,United Kingdom of Great Britain and Northern Ireland,HUMAN_OBSERVATION
56.438406,-6.140896,1983,6,United Kingdom of Great Britain and Northern Ireland,HUMAN_OBSERVATION
56.44078,-6.153409,2016,9,United Kingdom of Great Britain and Northern Ireland,HUMAN_OBSERVATION
56.44078,-6.153409,2016,9,United Kingdom of Great Britain and Northern Ireland,HUMAN_OBSERVATION
56.441555,-5.4694,2023,9,United Kingdom of Great Britain and Northern Ireland,HUMAN_OBSERVATION
56.446665,-5.49333,1979,5,United Kingdom of Great Britain and Northern Ireland,MATERIAL_SAMPLE
56.446665,-5.49333,1979,5,United Kingdom of Great Britain and Northern Ireland,MATERIAL_SAMPLE
56.449875,-6.09343,1983,6,United Kingdom of Great Britain and Northern Ireland,HUMAN_OBSERVATION
56.450254,-5.228118,1988,5,United Kingdom of Great Britain and Northern Ireland,HUMAN_OBSERVATION
56.451507,-6.098477,1989,8,United Kingdom of Great Britain and Northern Ireland,HUMAN_OBSERVATION
56.45254,-5.20814,2017,2,United Kingdom of Great Britain and Northern Ireland,HUMAN_OBSERVATION
56.45254,-5.20814,2017,2,United Kingdom of Great Britain and Northern Ireland,HUMAN_OBSERVATION
56.45254,-5.20814,2017,5,United Kingdom of Great Britain and Northern Ireland,HUMAN_OBSERVATION
56.45254,-5.20814,2017,5,United Kingdom of Great Britain and Northern Ireland,HUMAN_OBSERVATION
56.45362,-5.434863,2019,5,United Kingdom of Great Britain and Northern Ireland,HUMAN_OBSERVATION
56.45383,-5.434995,2019,5,United Kingdom of Great Britain and Northern Ireland,HUMAN_OBSERVATION
56.45398,-5.434684,2018,5,United Kingdom of Great Britain and Northern Ireland,HUMAN_OBSERVATION
56.45481,-5.309908,2018,12,United Kingdom of Great Britain and Northern Ireland,HUMAN_OBSERVATION
56.454931,-5.186305,1990,9,United Kingdom of Great Britain and Northern Ireland,HUMAN_OBSERVATION
56.454991,-5.321059,1990,9,United Kingdom of Great Britain and Northern Ireland,HUMAN_OBSERVATION
56.45513,-5.368196,2017,2,United Kingdom of Great Britain and Northern Ireland,HUMAN_OBSERVATION
56.45544,-5.392581,2019,8,United Kingdom of Great Britain and Northern Ireland,HUMAN_OBSERVATION
56.455578,-5.1961,1990,9,United Kingdom of Great Britain and Northern Ireland,HUMAN_OBSERVATION
56.455578,-5.1961,1990,9,United Kingdom of Great Britain and Northern Ireland,HUMAN_OBSERVATION
56.45618,-5.387109,2018,11,United Kingdom of Great Britain and Northern Ireland,HUMAN_OBSERVATION
56.45782,-6.227008,2016,9,United Kingdom of Great Britain and Northern Ireland,HUMAN_OBSERVATION
56.458362,-5.329472,1990,9,United Kingdom of Great Britain and Northern Ireland,HUMAN_OBSERVATION
56.460468,-5.284191,1990,9,United Kingdom of Great Britain and Northern Ireland,HUMAN_OBSERVATION
56.460468,-5.284191,1990,9,United Kingdom of Great Britain and Northern Ireland,HUMAN_OBSERVATION
56.461251,-5.355706,1990,9,United Kingdom of Great Britain and Northern Ireland,HUMAN_OBSERVATION
56.46135,-6.243192,2016,9,United Kingdom of Great Britain and Northern Ireland,HUMAN_OBSERVATION
56.46135,-6.243192,2016,9,United Kingdom of Great Britain and Northern Ireland,HUMAN_OBSERVATION
56.46244,-5.182505,2017,5,United Kingdom of Great Britain and Northern Ireland,HUMAN_OBSERVATION
56.462491,-6.146771,1989,8,United Kingdom of Great Britain and Northern Ireland,HUMAN_OBSERVATION
56.46328,-6.139508,2016,9,United Kingdom of Great Britain and Northern Ireland,HUMAN_OBSERVATION
56.46328,-6.139508,2016,9,United Kingdom of Great Britain and Northern Ireland,HUMAN_OBSERVATION
56.46328,-6.139508,2016,9,United Kingdom of Great Britain and Northern Ireland,HUMAN_OBSERVATION
56.463603,-6.140394,1989,8,United Kingdom of Great Britain and Northern Ireland,HUMAN_OBSERVATION
56.463603,-6.140394,1989,8,United Kingdom of Great Britain and Northern Ireland,HUMAN_OBSERVATION
56.46434,-6.214671,2016,9,United Kingdom of Great Britain and Northern Ireland,HUMAN_OBSERVATION
56.46545,-5.333341,1990,9,United Kingdom of Great Britain and Northern Ireland,HUMAN_OBSERVATION
56.46783,-5.432541,2012,4,United Kingdom of Great Britain and Northern Ireland,HUMAN_OBSERVATION
56.46783,-5.432541,2012,4,United Kingdom of Great Britain and Northern Ireland,HUMAN_OBSERVATION
56.47021,-5.33815,2021,2,United Kingdom of Great Britain and Northern Ireland,HUMAN_OBSERVATION
56.47021,-5.33815,2021,2,United Kingdom of Great Britain and Northern Ireland,HUMAN_OBSERVATION
56.47021,-5.33815,2021,2,United Kingdom of Great Britain and Northern Ireland,HUMAN_OBSERVATION
56.47021,-5.33815,2020,12,United Kingdom of Great Britain and Northern Ireland,HUMAN_OBSERVATION
56.47021,-5.33815,2020,12,United Kingdom of Great Britain and Northern Ireland,HUMAN_OBSERVATION
56.47075,-5.584535,2010,8,United Kingdom of Great Britain and Northern Ireland,HUMAN_OBSERVATION
56.47123,-5.583476,2010,8,United Kingdom of Great Britain and Northern Ireland,HUMAN_OBSERVATION
56.47162,-5.582862,2010,8,United Kingdom of Great Britain and Northern Ireland,HUMAN_OBSERVATION
56.47235,-5.581599,2010,8,United Kingdom of Great Britain and Northern Ireland,HUMAN_OBSERVATION
56.47235,-5.581599,2010,8,United Kingdom of Great Britain and Northern Ireland,HUMAN_OBSERVATION
56.47291,-6.275103,2016,9,United Kingdom of Great Britain and Northern Ireland,HUMAN_OBSERVATION
56.47296,-5.580552,2010,8,United Kingdom of Great Britain and Northern Ireland,HUMAN_OBSERVATION
56.473632,-5.556601,1989,6,United Kingdom of Great Britain and Northern Ireland,HUMAN_OBSERVATION
56.476,-5.415537,2017,9,United Kingdom of Great Britain and Northern Ireland,HUMAN_OBSERVATION
56.476192,-5.592582,1989,6,United Kingdom of Great Britain and Northern Ireland,HUMAN_OBSERVATION
56.476192,-5.592582,1989,6,United Kingdom of Great Britain and Northern Ireland,HUMAN_OBSERVATION
56.476192,-5.592582,1989,6,United Kingdom of Great Britain and Northern Ireland,HUMAN_OBSERVATION
56.476192,-5.592582,1989,6,United Kingdom of Great Britain and Northern Ireland,HUMAN_OBSERVATION
56.47651,-5.416785,2015,4,United Kingdom of Great Britain and Northern Ireland,HUMAN_OBSERVATION
56.47837,-6.143364,1983,6,United Kingdom of Great Britain and Northern Ireland,HUMAN_OBSERVATION
56.479809,-6.152697,2016,9,United Kingdom of Great Britain and Northern Ireland,MATERIAL_SAMPLE
56.479809,-6.152697,2016,9,United Kingdom of Great Britain and Northern Ireland,MATERIAL_SAMPLE
56.480466,-6.147109,1983,6,United Kingdom of Great Britain and Northern Ireland,HUMAN_OBSERVATION
56.481041,-5.149506,1990,9,United Kingdom of Great Britain and Northern Ireland,HUMAN_OBSERVATION
56.481041,-5.149506,1990,9,United Kingdom of Great Britain and Northern Ireland,HUMAN_OBSERVATION
56.485576,-6.019262,1989,8,United Kingdom of Great Britain and Northern Ireland,HUMAN_OBSERVATION
56.48833,-6.4181,2016,9,United Kingdom of Great Britain and Northern Ireland,HUMAN_OBSERVATION
56.48833,-6.4181,2016,9,United Kingdom of Great Britain and Northern Ireland,HUMAN_OBSERVATION
56.49322,-5.590168,2010,8,United Kingdom of Great Britain and Northern Ireland,HUMAN_OBSERVATION
56.49355,-5.589077,2010,8,United Kingdom of Great Britain and Northern Ireland,HUMAN_OBSERVATION
56.49392,-5.587616,2010,8,United Kingdom of Great Britain and Northern Ireland,HUMAN_OBSERVATION
56.495019,-6.142196,1989,8,United Kingdom of Great Britain and Northern Ireland,HUMAN_OBSERVATION
56.495019,-6.142196,1989,8,United Kingdom of Great Britain and Northern Ireland,HUMAN_OBSERVATION
56.49601,-5.714342,2017,4,United Kingdom of Great Britain and Northern Ireland,HUMAN_OBSERVATION
56.49624,-5.715747,2008,7,United Kingdom of Great Britain and Northern Ireland,HUMAN_OBSERVATION
56.49624,-5.715747,2008,7,United Kingdom of Great Britain and Northern Ireland,HUMAN_OBSERVATION
56.49668,-6.176747,1983,6,United Kingdom of Great Britain and Northern Ireland,HUMAN_OBSERVATION
56.497221,-6.236742,1989,8,United Kingdom of Great Britain and Northern Ireland,HUMAN_OBSERVATION
56.497221,-6.236742,1989,8,United Kingdom of Great Britain and Northern Ireland,HUMAN_OBSERVATION
56.49884,-5.69028,2010,6,United Kingdom of Great Britain and Northern Ireland,HUMAN_OBSERVATION
56.49905,-5.693341,2014,8,United Kingdom of Great Britain and Northern Ireland,HUMAN_OBSERVATION
56.49932,-5.690862,2006,2,United Kingdom of Great Britain and Northern Ireland,HUMAN_OBSERVATION
56.49964,-5.679058,2008,6,United Kingdom of Great Britain and Northern Ireland,HUMAN_OBSERVATION
56.49964,-5.679058,2008,6,United Kingdom of Great Britain and Northern Ireland,HUMAN_OBSERVATION
56.49984,-5.690882,2013,8,United Kingdom of Great Britain and Northern Ireland,HUMAN_OBSERVATION
56.50049,-5.690538,2011,9,United Kingdom of Great Britain and Northern Ireland,HUMAN_OBSERVATION
56.50057,-5.675848,2016,5,United Kingdom of Great Britain and Northern Ireland,HUMAN_OBSERVATION
56.50175,-6.231626,1983,6,United Kingdom of Great Britain and Northern Ireland,HUMAN_OBSERVATION
56.502032,-6.227522,1989,8,United Kingdom of Great Britain and Northern Ireland,HUMAN_OBSERVATION
56.502032,-6.227522,1989,8,United Kingdom of Great Britain and Northern Ireland,HUMAN_OBSERVATION
56.50222,-5.588742,2017,4,United Kingdom of Great Britain and Northern Ireland,HUMAN_OBSERVATION
56.50222,-5.588742,2017,4,United Kingdom of Great Britain and Northern Ireland,HUMAN_OBSERVATION
56.50222,-5.588742,2017,4,United Kingdom of Great Britain and Northern Ireland,HUMAN_OBSERVATION
56.503063,-5.131828,1990,9,United Kingdom of Great Britain and Northern Ireland,HUMAN_OBSERVATION
56.503063,-5.131828,1990,9,United Kingdom of Great Britain and Northern Ireland,HUMAN_OBSERVATION
56.50788,-5.650911,2021,7,United Kingdom of Great Britain and Northern Ireland,HUMAN_OBSERVATION
56.50788,-5.650911,2021,7,United Kingdom of Great Britain and Northern Ireland,HUMAN_OBSERVATION
56.508085,-5.450894,1989,6,United Kingdom of Great Britain and Northern Ireland,HUMAN_OBSERVATION
56.508085,-5.450894,1989,6,United Kingdom of Great Britain and Northern Ireland,HUMAN_OBSERVATION
56.509897,-6.18123,1983,6,United Kingdom of Great Britain and Northern Ireland,HUMAN_OBSERVATION
56.510484,-5.122686,1990,9,United Kingdom of Great Britain and Northern Ireland,HUMAN_OBSERVATION
56.51233,-5.372833,2005,4,United Kingdom of Great Britain and Northern Ireland,HUMAN_OBSERVATION
56.512916,-5.373283,2014,3,United Kingdom of Great Britain and Northern Ireland,HUMAN_OBSERVATION
56.51294,-5.372286,2004,10,United Kingdom of Great Britain and Northern Ireland,HUMAN_OBSERVATION
56.51302,-5.371935,2021,1,United Kingdom of Great Britain and Northern Ireland,HUMAN_OBSERVATION
56.51315,-5.371947,2020,12,United Kingdom of Great Britain and Northern Ireland,HUMAN_OBSERVATION
56.51316,-5.372192,2014,3,United Kingdom of Great Britain and Northern Ireland,HUMAN_OBSERVATION
56.51323,-5.371987,2015,9,United Kingdom of Great Britain and Northern Ireland,HUMAN_OBSERVATION
56.5133,-5.372936,2017,3,United Kingdom of Great Britain and Northern Ireland,HUMAN_OBSERVATION
56.5133,-5.372936,2017,3,United Kingdom of Great Britain and Northern Ireland,HUMAN_OBSERVATION
56.5133,-5.372936,2017,3,United Kingdom of Great Britain and Northern Ireland,HUMAN_OBSERVATION
56.51345,-5.372267,2020,5,United Kingdom of Great Britain and Northern Ireland,HUMAN_OBSERVATION
56.51428,-5.376113,2021,9,United Kingdom of Great Britain and Northern Ireland,HUMAN_OBSERVATION
56.51428,-5.376113,2021,9,United Kingdom of Great Britain and Northern Ireland,HUMAN_OBSERVATION
56.51428,-5.376113,2021,9,United Kingdom of Great Britain and Northern Ireland,HUMAN_OBSERVATION
56.51455,-5.374218,2021,9,United Kingdom of Great Britain and Northern Ireland,HUMAN_OBSERVATION
56.51762,-5.36557,1989,6,United Kingdom of Great Britain and Northern Ireland,HUMAN_OBSERVATION
56.51826,-5.623427,2012,6,United Kingdom of Great Britain and Northern Ireland,HUMAN_OBSERVATION
56.51826,-5.623427,2012,6,United Kingdom of Great Britain and Northern Ireland,HUMAN_OBSERVATION
56.52072,-5.35733,2005,7,United Kingdom of Great Britain and Northern Ireland,HUMAN_OBSERVATION
56.5209,-5.337096,2017,6,United Kingdom of Great Britain and Northern Ireland,HUMAN_OBSERVATION
56.52225,-5.335263,2017,6,United Kingdom of Great Britain and Northern Ireland,HUMAN_OBSERVATION
56.52265,-5.332711,2017,6,United Kingdom of Great Britain and Northern Ireland,HUMAN_OBSERVATION
56.52269,-5.332535,2005,7,United Kingdom of Great Britain and Northern Ireland,HUMAN_OBSERVATION
56.52298,-5.333517,1989,6,United Kingdom of Great Britain and Northern Ireland,HUMAN_OBSERVATION
56.52298,-5.333517,1989,6,United Kingdom of Great Britain and Northern Ireland,HUMAN_OBSERVATION
56.52311,-5.454802,2010,8,United Kingdom of Great Britain and Northern Ireland,HUMAN_OBSERVATION
56.523501,-5.38073,1989,6,United Kingdom of Great Britain and Northern Ireland,HUMAN_OBSERVATION
56.52357,-5.454356,2010,8,United Kingdom of Great Britain and Northern Ireland,HUMAN_OBSERVATION
56.5259,-5.37108,2017,6,United Kingdom of Great Britain and Northern Ireland,HUMAN_OBSERVATION
56.52684,-5.375295,2017,6,United Kingdom of Great Britain and Northern Ireland,HUMAN_OBSERVATION
56.52684,-5.375295,2017,6,United Kingdom of Great Britain and Northern Ireland,HUMAN_OBSERVATION
56.52684,-5.375295,2017,6,United Kingdom of Great Britain and Northern Ireland,HUMAN_OBSERVATION
56.52842,-5.317861,2020,8,United Kingdom of Great Britain and Northern Ireland,HUMAN_OBSERVATION
56.52967,-5.588737,2017,4,United Kingdom of Great Britain and Northern Ireland,HUMAN_OBSERVATION
56.52967,-5.588737,2017,4,United Kingdom of Great Britain and Northern Ireland,HUMAN_OBSERVATION
56.52967,-5.588737,2017,4,United Kingdom of Great Britain and Northern Ireland,HUMAN_OBSERVATION
56.53025,-5.390575,2012,9,United Kingdom of Great Britain and Northern Ireland,HUMAN_OBSERVATION
56.53235,-5.78324,2014,5,United Kingdom of Great Britain and Northern Ireland,HUMAN_OBSERVATION
56.53239,-5.780869,2014,6,United Kingdom of Great Britain and Northern Ireland,HUMAN_OBSERVATION
56.53239,-5.780869,2014,6,United Kingdom of Great Britain and Northern Ireland,HUMAN_OBSERVATION
56.53244,-5.779962,2007,4,United Kingdom of Great Britain and Northern Ireland,HUMAN_OBSERVATION
56.53244,-5.779962,2006,4,United Kingdom of Great Britain and Northern Ireland,HUMAN_OBSERVATION
56.53333,-5.804225,2005,4,United Kingdom of Great Britain and Northern Ireland,HUMAN_OBSERVATION
56.53382,-5.799075,2014,8,United Kingdom of Great Britain and Northern Ireland,HUMAN_OBSERVATION
56.5357,-5.906618,1983,6,United Kingdom of Great Britain and Northern Ireland,HUMAN_OBSERVATION
56.53635,-5.306416,2017,6,United Kingdom of Great Britain and Northern Ireland,HUMAN_OBSERVATION
56.53635,-5.306416,2017,6,United Kingdom of Great Britain and Northern Ireland,HUMAN_OBSERVATION
56.537,-5.400332,2005,7,United Kingdom of Great Britain and Northern Ireland,HUMAN_OBSERVATION
56.53719,-5.492148,2010,8,United Kingdom of Great Britain and Northern Ireland,HUMAN_OBSERVATION
56.53719,-5.492148,2010,8,United Kingdom of Great Britain and Northern Ireland,HUMAN_OBSERVATION
56.538,-5.911667,2004,6,United Kingdom of Great Britain and Northern Ireland,HUMAN_OBSERVATION
56.53843,-5.911473,2017,4,United Kingdom of Great Britain and Northern Ireland,HUMAN_OBSERVATION
56.53851,-5.911432,2021,7,United Kingdom of Great Britain and Northern Ireland,HUMAN_OBSERVATION
56.540239,-5.326899,1989,6,United Kingdom of Great Britain and Northern Ireland,HUMAN_OBSERVATION
56.542962,-5.766547,1988,6,United Kingdom of Great Britain and Northern Ireland,HUMAN_OBSERVATION
56.54446,-5.27467,2020,2,United Kingdom of Great Britain and Northern Ireland,HUMAN_OBSERVATION
56.54446,-5.27467,2019,11,United Kingdom of Great Britain and Northern Ireland,HUMAN_OBSERVATION
56.54451,-5.274837,2014,7,United Kingdom of Great Britain and Northern Ireland,HUMAN_OBSERVATION
56.54467,-5.274835,2005,4,United Kingdom of Great Britain and Northern Ireland,HUMAN_OBSERVATION
56.54469,-5.274674,2020,6,United Kingdom of Great Britain and Northern Ireland,HUMAN_OBSERVATION
56.54469,-5.274674,2020,9,United Kingdom of Great Britain and Northern Ireland,HUMAN_OBSERVATION
56.54472,-5.274465,2020,10,United Kingdom of Great Britain and Northern Ireland,HUMAN_OBSERVATION
56.54472,-5.274465,2020,10,United Kingdom of Great Britain and Northern Ireland,HUMAN_OBSERVATION
56.54479,-5.274618,2016,5,United Kingdom of Great Britain and Northern Ireland,HUMAN_OBSERVATION
56.54483,-5.274686,2016,10,United Kingdom of Great Britain and Northern Ireland,HUMAN_OBSERVATION
56.54483,-5.274686,2016,10,United Kingdom of Great Britain and Northern Ireland,HUMAN_OBSERVATION
56.54484,-5.274866,2016,10,United Kingdom of Great Britain and Northern Ireland,HUMAN_OBSERVATION
56.54484,-5.274866,2016,10,United Kingdom of Great Britain and Northern Ireland,HUMAN_OBSERVATION
56.54484,-5.274182,2014,3,United Kingdom of Great Britain and Northern Ireland,HUMAN_OBSERVATION
56.54484,-5.274182,2013,9,United Kingdom of Great Britain and Northern Ireland,HUMAN_OBSERVATION
56.54489,-5.274007,2017,9,United Kingdom of Great Britain and Northern Ireland,HUMAN_OBSERVATION
56.54495,-5.274322,2016,9,United Kingdom of Great Britain and Northern Ireland,HUMAN_OBSERVATION
56.545,-5.277175,2016,11,United Kingdom of Great Britain and Northern Ireland,HUMAN_OBSERVATION
56.545,-5.276279,2020,12,United Kingdom of Great Britain and Northern Ireland,HUMAN_OBSERVATION
56.545,-5.276279,2020,12,United Kingdom of Great Britain and Northern Ireland,HUMAN_OBSERVATION
56.54504,-5.27459,2021,2,United Kingdom of Great Britain and Northern Ireland,HUMAN_OBSERVATION
56.54504,-5.27459,2021,11,United Kingdom of Great Britain and Northern Ireland,HUMAN_OBSERVATION
56.54504,-5.27459,2021,12,United Kingdom of Great Britain and Northern Ireland,HUMAN_OBSERVATION
56.54504,-5.27459,2020,11,United Kingdom of Great Britain and Northern Ireland,HUMAN_OBSERVATION
56.5451,-5.27497,2020,10,United Kingdom of Great Britain and Northern Ireland,HUMAN_OBSERVATION
56.54515,-5.274877,2017,4,United Kingdom of Great Britain and Northern Ireland,HUMAN_OBSERVATION
56.545165,-5.276883,2014,3,United Kingdom of Great Britain and Northern Ireland,HUMAN_OBSERVATION
56.54517,-5.276669,2011,10,United Kingdom of Great Britain and Northern Ireland,HUMAN_OBSERVATION
56.54517,-5.276278,2020,10,United Kingdom of Great Britain and Northern Ireland,HUMAN_OBSERVATION
56.54517,-5.276278,2020,10,United Kingdom of Great Britain and Northern Ireland,HUMAN_OBSERVATION
56.54518,-5.769594,2004,8,United Kingdom of Great Britain and Northern Ireland,HUMAN_OBSERVATION
56.54518,-5.769594,2004,8,United Kingdom of Great Britain and Northern Ireland,HUMAN_OBSERVATION
56.54519,-5.274375,2017,9,United Kingdom of Great Britain and Northern Ireland,HUMAN_OBSERVATION
56.54522,-5.275875,2021,10,United Kingdom of Great Britain and Northern Ireland,HUMAN_OBSERVATION
56.54522,-5.275875,2021,10,United Kingdom of Great Britain and Northern Ireland,HUMAN_OBSERVATION
56.54522,-5.275875,2021,10,United Kingdom of Great Britain and Northern Ireland,HUMAN_OBSERVATION
56.54523,-5.276267,2020,6,United Kingdom of Great Britain and Northern Ireland,HUMAN_OBSERVATION
56.5455,-5.298164,2005,7,United Kingdom of Great Britain and Northern Ireland,HUMAN_OBSERVATION
56.54554,-5.276293,2015,3,United Kingdom of Great Britain and Northern Ireland,HUMAN_OBSERVATION
56.54554,-5.276293,2015,3,United Kingdom of Great Britain and Northern Ireland,HUMAN_OBSERVATION
56.54562,-5.26883,2021,12,United Kingdom of Great Britain and Northern Ireland,HUMAN_OBSERVATION
56.54562,-5.26883,2021,12,United Kingdom of Great Britain and Northern Ireland,HUMAN_OBSERVATION
56.54562,-5.26883,2021,12,United Kingdom of Great Britain and Northern Ireland,HUMAN_OBSERVATION
56.54565,-5.273927,2018,9,United Kingdom of Great Britain and Northern Ireland,HUMAN_OBSERVATION
56.54565,-5.273927,2018,9,United Kingdom of Great Britain and Northern Ireland,HUMAN_OBSERVATION
56.54592,-5.272428,2018,10,United Kingdom of Great Britain and Northern Ireland,HUMAN_OBSERVATION
56.54592,-5.272428,2018,10,United Kingdom of Great Britain and Northern Ireland,HUMAN_OBSERVATION
56.54592,-5.272428,2018,10,United Kingdom of Great Britain and Northern Ireland,HUMAN_OBSERVATION
56.54598,-5.273801,2021,9,United Kingdom of Great Britain and Northern Ireland,HUMAN_OBSERVATION
56.54598,-5.273801,2021,9,United Kingdom of Great Britain and Northern Ireland,HUMAN_OBSERVATION
56.54598,-5.273801,2021,9,United Kingdom of Great Britain and Northern Ireland,HUMAN_OBSERVATION
56.54599,-5.268031,1998,12,United Kingdom of Great Britain and Northern Ireland,HUMAN_OBSERVATION
56.54601,-5.276334,2014,11,United Kingdom of Great Britain and Northern Ireland,HUMAN_OBSERVATION
56.5461,-5.267764,2005,7,United Kingdom of Great Britain and Northern Ireland,HUMAN_OBSERVATION
56.5461,-5.267764,2005,7,United Kingdom of Great Britain and Northern Ireland,HUMAN_OBSERVATION
56.5461,-5.267764,2005,7,United Kingdom of Great Britain and Northern Ireland,HUMAN_OBSERVATION
56.5461,-5.267764,2005,7,United Kingdom of Great Britain and Northern Ireland,HUMAN_OBSERVATION
56.54612,-5.273544,2018,9,United Kingdom of Great Britain and Northern Ireland,HUMAN_OBSERVATION
56.54617,-5.268,1999,10,United Kingdom of Great Britain and Northern Ireland,HUMAN_OBSERVATION
56.546275,-5.268842,1989,6,United Kingdom of Great Britain and Northern Ireland,HUMAN_OBSERVATION
56.546275,-5.268842,1989,6,United Kingdom of Great Britain and Northern Ireland,HUMAN_OBSERVATION
56.546745,-5.760412,1988,6,United Kingdom of Great Britain and Northern Ireland,HUMAN_OBSERVATION
56.546787,-5.283533,2007,9,United Kingdom of Great Britain and Northern Ireland,HUMAN_OBSERVATION
56.547,-5.282084,2019,10,United Kingdom of Great Britain and Northern Ireland,HUMAN_OBSERVATION
56.54737,-5.296472,2018,10,United Kingdom of Great Britain and Northern Ireland,HUMAN_OBSERVATION
56.54737,-5.296472,2018,10,United Kingdom of Great Britain and Northern Ireland,HUMAN_OBSERVATION
56.54782,-5.297252,2018,4,United Kingdom of Great Britain and Northern Ireland,HUMAN_OBSERVATION
56.54789,-5.297681,2017,11,United Kingdom of Great Britain and Northern Ireland,HUMAN_OBSERVATION
56.54815,-5.299926,1989,6,United Kingdom of Great Britain and Northern Ireland,HUMAN_OBSERVATION
56.54818,-5.296478,2017,11,United Kingdom of Great Britain and Northern Ireland,HUMAN_OBSERVATION
56.54859,-5.297278,2017,9,United Kingdom of Great Britain and Northern Ireland,HUMAN_OBSERVATION
56.5486,-5.298125,2017,9,United Kingdom of Great Britain and Northern Ireland,HUMAN_OBSERVATION
56.54874,-5.298024,2018,9,United Kingdom of Great Britain and Northern Ireland,HUMAN_OBSERVATION
56.54887,-5.297498,2020,7,United Kingdom of Great Britain and Northern Ireland,HUMAN_OBSERVATION
56.54894,-5.297015,2020,11,United Kingdom of Great Britain and Northern Ireland,HUMAN_OBSERVATION
56.54894,-5.297015,2020,11,United Kingdom of Great Britain and Northern Ireland,HUMAN_OBSERVATION
56.54894,-5.297015,2020,11,United Kingdom of Great Britain and Northern Ireland,HUMAN_OBSERVATION
56.54895,-5.297423,2016,2,United Kingdom of Great Britain and Northern Ireland,HUMAN_OBSERVATION
56.54895,-5.297423,2016,2,United Kingdom of Great Britain and Northern Ireland,HUMAN_OBSERVATION
56.54931,-5.298236,2019,9,United Kingdom of Great Britain and Northern Ireland,HUMAN_OBSERVATION
56.54931,-5.298236,2019,9,United Kingdom of Great Britain and Northern Ireland,HUMAN_OBSERVATION
56.54951,-5.298839,2004,10,United Kingdom of Great Britain and Northern Ireland,HUMAN_OBSERVATION
56.549944,-5.300082,2007,9,United Kingdom of Great Britain and Northern Ireland,HUMAN_OBSERVATION
56.549987,-5.298458,2005,10,United Kingdom of Great Britain and Northern Ireland,HUMAN_OBSERVATION
56.55066,-5.423136,2011,8,United Kingdom of Great Britain and Northern Ireland,HUMAN_OBSERVATION
56.551956,-5.257938,1989,6,United Kingdom of Great Britain and Northern Ireland,HUMAN_OBSERVATION
56.55451,-5.907598,2008,7,United Kingdom of Great Britain and Northern Ireland,HUMAN_OBSERVATION
56.55518,-5.912259,2010,4,United Kingdom of Great Britain and Northern Ireland,HUMAN_OBSERVATION
56.55665,-5.913323,2018,7,United Kingdom of Great Britain and Northern Ireland,HUMAN_OBSERVATION
56.558742,-5.750206,1988,6,United Kingdom of Great Britain and Northern Ireland,HUMAN_OBSERVATION
56.57199,-5.428331,2010,8,United Kingdom of Great Britain and Northern Ireland,HUMAN_OBSERVATION
56.57199,-5.428331,2010,8,United Kingdom of Great Britain and Northern Ireland,HUMAN_OBSERVATION
56.574382,-6.320332,1989,8,United Kingdom of Great Britain and Northern Ireland,HUMAN_OBSERVATION
56.5822,-5.986301,2008,7,United Kingdom of Great Britain and Northern Ireland,HUMAN_OBSERVATION
56.58221,-5.383182,2010,8,United Kingdom of Great Britain and Northern Ireland,HUMAN_OBSERVATION
56.58239,-5.985864,2013,8,United Kingdom of Great Britain and Northern Ireland,HUMAN_OBSERVATION
56.58265,-5.984784,2014,8,United Kingdom of Great Britain and Northern Ireland,HUMAN_OBSERVATION
56.58372,-6.000069,1983,6,United Kingdom of Great Britain and Northern Ireland,HUMAN_OBSERVATION
56.5881,-5.377329,2019,9,United Kingdom of Great Britain and Northern Ireland,HUMAN_OBSERVATION
56.58845,-6.009518,2020,3,United Kingdom of Great Britain and Northern Ireland,HUMAN_OBSERVATION
56.58935,-5.373554,2021,5,United Kingdom of Great Britain and Northern Ireland,HUMAN_OBSERVATION
56.58941,-5.373218,2021,3,United Kingdom of Great Britain and Northern Ireland,HUMAN_OBSERVATION
56.59018,-5.37384,2019,10,United Kingdom of Great Britain and Northern Ireland,HUMAN_OBSERVATION
56.59051,-5.371849,2010,9,United Kingdom of Great Britain and Northern Ireland,HUMAN_OBSERVATION
56.591845,-5.412908,1989,6,United Kingdom of Great Britain and Northern Ireland,HUMAN_OBSERVATION
56.591845,-5.412908,1989,6,United Kingdom of Great Britain and Northern Ireland,HUMAN_OBSERVATION
56.595308,-6.208607,1983,6,United Kingdom of Great Britain and Northern Ireland,HUMAN_OBSERVATION
56.610143,-6.032506,1983,6,United Kingdom of Great Britain and Northern Ireland,HUMAN_OBSERVATION
56.611551,-5.349476,1989,6,United Kingdom of Great Britain and Northern Ireland,HUMAN_OBSERVATION
56.611889,-6.223502,1983,6,United Kingdom of Great Britain and Northern Ireland,HUMAN_OBSERVATION
56.61227,-6.026252,2014,8,United Kingdom of Great Britain and Northern Ireland,HUMAN_OBSERVATION
56.61494,-6.040466,2014,8,United Kingdom of Great Britain and Northern Ireland,HUMAN_OBSERVATION
56.618392,-6.243804,1989,8,United Kingdom of Great Britain and Northern Ireland,HUMAN_OBSERVATION
56.6235,-6.038587,2005,3,United Kingdom of Great Britain and Northern Ireland,HUMAN_OBSERVATION
56.62411,-5.333241,2017,4,United Kingdom of Great Britain and Northern Ireland,HUMAN_OBSERVATION
56.62427,-6.040306,2013,8,United Kingdom of Great Britain and Northern Ireland,HUMAN_OBSERVATION
56.62456,-6.040434,2008,7,United Kingdom of Great Britain and Northern Ireland,HUMAN_OBSERVATION
56.625456,-5.837164,1995,10,United Kingdom of Great Britain and Northern Ireland,HUMAN_OBSERVATION
56.62961,-5.833671,1995,10,United Kingdom of Great Britain and Northern Ireland,HUMAN_OBSERVATION
56.630173,-5.835849,2006,7,United Kingdom of Great Britain and Northern Ireland,HUMAN_OBSERVATION
56.63065,-5.33496,2010,8,United Kingdom of Great Britain and Northern Ireland,HUMAN_OBSERVATION
56.63222,-5.333091,2010,8,United Kingdom of Great Britain and Northern Ireland,HUMAN_OBSERVATION
56.63222,-5.333091,2010,8,United Kingdom of Great Britain and Northern Ireland,HUMAN_OBSERVATION
56.63245,-5.333242,2017,4,United Kingdom of Great Britain and Northern Ireland,HUMAN_OBSERVATION
56.63245,-5.333242,2017,4,United Kingdom of Great Britain and Northern Ireland,HUMAN_OBSERVATION
56.63245,-5.333242,2017,4,United Kingdom of Great Britain and Northern Ireland,HUMAN_OBSERVATION
56.63329,-5.840344,2018,6,United Kingdom of Great Britain and Northern Ireland,HUMAN_OBSERVATION
56.633896,-5.850666,1989,6,United Kingdom of Great Britain and Northern Ireland,HUMAN_OBSERVATION
56.633896,-5.850666,1989,6,United Kingdom of Great Britain and Northern Ireland,HUMAN_OBSERVATION
56.63484,-6.209751,1989,8,United Kingdom of Great Britain and Northern Ireland,HUMAN_OBSERVATION
56.637961,-5.851489,1995,10,United Kingdom of Great Britain and Northern Ireland,HUMAN_OBSERVATION
56.63919,-6.064216,1983,6,United Kingdom of Great Britain and Northern Ireland,HUMAN_OBSERVATION
56.642293,-6.066951,1994,6,United Kingdom of Great Britain and Northern Ireland,HUMAN_OBSERVATION
56.64311,-5.882533,1995,10,United Kingdom of Great Britain and Northern Ireland,HUMAN_OBSERVATION
56.6445,-5.889832,2018,10,United Kingdom of Great Britain and Northern Ireland,HUMAN_OBSERVATION
56.64459,-6.188072,2007,10,United Kingdom of Great Britain and Northern Ireland,HUMAN_OBSERVATION
56.64669,-6.021925,1983,6,United Kingdom of Great Britain and Northern Ireland,HUMAN_OBSERVATION
56.646927,-5.878356,1995,10,United Kingdom of Great Britain and Northern Ireland,HUMAN_OBSERVATION
56.6492,-5.879412,2018,10,United Kingdom of Great Britain and Northern Ireland,HUMAN_OBSERVATION
56.64936,-6.022944,2007,10,United Kingdom of Great Britain and Northern Ireland,HUMAN_OBSERVATION
56.64936,-6.022944,2007,10,United Kingdom of Great Britain and Northern Ireland,HUMAN_OBSERVATION
56.64936,-6.022944,2007,10,United Kingdom of Great Britain and Northern Ireland,HUMAN_OBSERVATION
56.64936,-5.886415,2018,4,United Kingdom of Great Britain and Northern Ireland,HUMAN_OBSERVATION
56.649565,-5.981218,1989,6,United Kingdom of Great Britain and Northern Ireland,HUMAN_OBSERVATION
56.64978,-5.997472,2017,4,United Kingdom of Great Britain and Northern Ireland,HUMAN_OBSERVATION
56.64978,-5.989145,2017,4,United Kingdom of Great Britain and Northern Ireland,HUMAN_OBSERVATION
56.64994,-5.991204,2008,7,United Kingdom of Great Britain and Northern Ireland,HUMAN_OBSERVATION
56.6502,-5.977967,2014,3,United Kingdom of Great Britain and Northern Ireland,HUMAN_OBSERVATION
56.65081,-5.885039,1995,10,United Kingdom of Great Britain and Northern Ireland,HUMAN_OBSERVATION
56.65101,-5.997994,2001,7,United Kingdom of Great Britain and Northern Ireland,HUMAN_OBSERVATION
56.65101,-5.997994,2001,7,United Kingdom of Great Britain and Northern Ireland,HUMAN_OBSERVATION
56.65244,-5.931059,2001,7,United Kingdom of Great Britain and Northern Ireland,HUMAN_OBSERVATION
56.65244,-5.931059,2001,7,United Kingdom of Great Britain and Northern Ireland,HUMAN_OBSERVATION
56.65244,-5.931059,2001,7,United Kingdom of Great Britain and Northern Ireland,HUMAN_OBSERVATION
56.65373,-5.88049,2019,9,United Kingdom of Great Britain and Northern Ireland,HUMAN_OBSERVATION
56.65373,-5.88049,2019,9,United Kingdom of Great Britain and Northern Ireland,HUMAN_OBSERVATION
56.65386,-5.995275,2014,5,United Kingdom of Great Britain and Northern Ireland,HUMAN_OBSERVATION
56.654679,-5.905028,1989,6,United Kingdom of Great Britain and Northern Ireland,HUMAN_OBSERVATION
56.65492,-5.878531,2019,9,United Kingdom of Great Britain and Northern Ireland,HUMAN_OBSERVATION
56.65492,-5.878531,2019,9,United Kingdom of Great Britain and Northern Ireland,HUMAN_OBSERVATION
56.65514,-5.877818,2018,9,United Kingdom of Great Britain and Northern Ireland,HUMAN_OBSERVATION
56.656342,-5.937852,1989,6,United Kingdom of Great Britain and Northern Ireland,HUMAN_OBSERVATION
56.656342,-5.937852,1989,6,United Kingdom of Great Britain and Northern Ireland,HUMAN_OBSERVATION
56.656342,-5.937852,1989,6,United Kingdom of Great Britain and Northern Ireland,HUMAN_OBSERVATION
56.65648,-5.876307,2018,6,United Kingdom of Great Britain and Northern Ireland,HUMAN_OBSERVATION
56.6565,-5.939939,2015,9,United Kingdom of Great Britain and Northern Ireland,HUMAN_OBSERVATION
56.6565,-5.939939,2015,9,United Kingdom of Great Britain and Northern Ireland,HUMAN_OBSERVATION
56.6565,-5.939939,2015,9,United Kingdom of Great Britain and Northern Ireland,HUMAN_OBSERVATION
56.65719,-5.873441,2018,6,United Kingdom of Great Britain and Northern Ireland,HUMAN_OBSERVATION
56.658203,-5.96417,1989,6,United Kingdom of Great Britain and Northern Ireland,HUMAN_OBSERVATION
56.658534,-5.895386,1995,9,United Kingdom of Great Britain and Northern Ireland,HUMAN_OBSERVATION
56.658534,-5.895386,1995,9,United Kingdom of Great Britain and Northern Ireland,HUMAN_OBSERVATION
56.65889,-5.867411,2019,9,United Kingdom of Great Britain and Northern Ireland,HUMAN_OBSERVATION
56.659212,-5.903865,1997,10,United Kingdom of Great Britain and Northern Ireland,HUMAN_OBSERVATION
56.659212,-5.903865,1997,10,United Kingdom of Great Britain and Northern Ireland,HUMAN_OBSERVATION
56.65983,-5.871785,2018,4,United Kingdom of Great Britain and Northern Ireland,HUMAN_OBSERVATION
56.65983,-5.871785,2018,4,United Kingdom of Great Britain and Northern Ireland,HUMAN_OBSERVATION
56.659836,-5.90548,1995,9,United Kingdom of Great Britain and Northern Ireland,HUMAN_OBSERVATION
56.65996,-5.872044,2018,10,United Kingdom of Great Britain and Northern Ireland,HUMAN_OBSERVATION
56.66023,-5.869899,2018,9,United Kingdom of Great Britain and Northern Ireland,HUMAN_OBSERVATION
56.661038,-5.845274,1989,6,United Kingdom of Great Britain and Northern Ireland,HUMAN_OBSERVATION
56.661062,-5.866257,1995,10,United Kingdom of Great Britain and Northern Ireland,HUMAN_OBSERVATION
56.661603,-5.912195,1995,9,United Kingdom of Great Britain and Northern Ireland,HUMAN_OBSERVATION
56.661603,-5.912195,1995,9,United Kingdom of Great Britain and Northern Ireland,HUMAN_OBSERVATION
56.66228,-5.860295,2019,10,United Kingdom of Great Britain and Northern Ireland,HUMAN_OBSERVATION
56.6626,-5.856425,2019,10,United Kingdom of Great Britain and Northern Ireland,HUMAN_OBSERVATION
56.66266,-5.856072,2019,9,United Kingdom of Great Britain and Northern Ireland,HUMAN_OBSERVATION
56.662677,-5.895161,1995,9,United Kingdom of Great Britain and Northern Ireland,HUMAN_OBSERVATION
56.662677,-5.895161,1995,9,United Kingdom of Great Britain and Northern Ireland,HUMAN_OBSERVATION
56.6627,-5.855162,2019,9,United Kingdom of Great Britain and Northern Ireland,HUMAN_OBSERVATION
56.66291,-5.894475,2019,10,United Kingdom of Great Britain and Northern Ireland,HUMAN_OBSERVATION
56.66291,-5.894475,2019,10,United Kingdom of Great Britain and Northern Ireland,HUMAN_OBSERVATION
56.66312,-5.895133,2018,10,United Kingdom of Great Britain and Northern Ireland,HUMAN_OBSERVATION
56.66321,-5.872356,1995,10,United Kingdom of Great Britain and Northern Ireland,HUMAN_OBSERVATION
56.66327,-5.948535,2001,7,United Kingdom of Great Britain and Northern Ireland,HUMAN_OBSERVATION
56.66335,-5.866953,2019,10,United Kingdom of Great Britain and Northern Ireland,HUMAN_OBSERVATION
56.66335,-5.866953,2019,10,United Kingdom of Great Britain and Northern Ireland,HUMAN_OBSERVATION
56.66335,-5.866953,2019,10,United Kingdom of Great Britain and Northern Ireland,HUMAN_OBSERVATION
56.66353,-5.868997,2018,10,United Kingdom of Great Britain and Northern Ireland,HUMAN_OBSERVATION
56.66353,-5.868997,2018,10,United Kingdom of Great Britain and Northern Ireland,HUMAN_OBSERVATION
56.663943,-5.953343,1997,10,United Kingdom of Great Britain and Northern Ireland,HUMAN_OBSERVATION
56.66399,-5.869207,2016,5,United Kingdom of Great Britain and Northern Ireland,HUMAN_OBSERVATION
56.664385,-5.910932,1997,10,United Kingdom of Great Britain and Northern Ireland,HUMAN_OBSERVATION
56.664389,-6.18692,1994,7,United Kingdom of Great Britain and Northern Ireland,HUMAN_OBSERVATION
56.66558,-5.867786,2019,10,United Kingdom of Great Britain and Northern Ireland,HUMAN_OBSERVATION
56.66558,-5.867786,2019,10,United Kingdom of Great Britain and Northern Ireland,HUMAN_OBSERVATION
56.66634,-5.890615,2001,7,United Kingdom of Great Britain and Northern Ireland,HUMAN_OBSERVATION
56.666772,-5.923379,2006,7,United Kingdom of Great Britain and Northern Ireland,HUMAN_OBSERVATION
56.66702,-5.888741,2019,10,United Kingdom of Great Britain and Northern Ireland,HUMAN_OBSERVATION
56.66702,-5.888741,2019,10,United Kingdom of Great Britain and Northern Ireland,HUMAN_OBSERVATION
56.6673,-5.874414,2019,9,United Kingdom of Great Britain and Northern Ireland,HUMAN_OBSERVATION
56.6673,-5.874414,2019,9,United Kingdom of Great Britain and Northern Ireland,HUMAN_OBSERVATION
56.66755,-5.871304,2019,10,United Kingdom of Great Britain and Northern Ireland,HUMAN_OBSERVATION
56.66755,-5.871304,2019,10,United Kingdom of Great Britain and Northern Ireland,HUMAN_OBSERVATION
56.667617,-5.92964,1995,9,United Kingdom of Great Britain and Northern Ireland,HUMAN_OBSERVATION
56.667617,-5.92964,1995,9,United Kingdom of Great Britain and Northern Ireland,HUMAN_OBSERVATION
56.66763,-5.921878,2001,7,United Kingdom of Great Britain and Northern Ireland,HUMAN_OBSERVATION
56.66763,-5.921878,2001,7,United Kingdom of Great Britain and Northern Ireland,HUMAN_OBSERVATION
56.66763,-5.921878,2001,7,United Kingdom of Great Britain and Northern Ireland,HUMAN_OBSERVATION
56.66787,-5.979397,2021,7,United Kingdom of Great Britain and Northern Ireland,HUMAN_OBSERVATION
56.66787,-5.979397,2021,7,United Kingdom of Great Britain and Northern Ireland,HUMAN_OBSERVATION
56.66788,-5.874049,2019,10,United Kingdom of Great Britain and Northern Ireland,HUMAN_OBSERVATION
56.66796,-5.984356,2001,7,United Kingdom of Great Britain and Northern Ireland,HUMAN_OBSERVATION
56.66796,-5.984356,2001,7,United Kingdom of Great Britain and Northern Ireland,HUMAN_OBSERVATION
56.668018,-5.936867,1995,9,United Kingdom of Great Britain and Northern Ireland,HUMAN_OBSERVATION
56.66807,-5.874436,2018,10,United Kingdom of Great Britain and Northern Ireland,HUMAN_OBSERVATION
56.66807,-5.874436,2018,10,United Kingdom of Great Britain and Northern Ireland,HUMAN_OBSERVATION
56.66862,-5.995532,2001,7,United Kingdom of Great Britain and Northern Ireland,HUMAN_OBSERVATION
56.66862,-5.995532,2001,7,United Kingdom of Great Britain and Northern Ireland,HUMAN_OBSERVATION
56.66936,-5.886044,2017,9,United Kingdom of Great Britain and Northern Ireland,HUMAN_OBSERVATION
56.66967,-5.904238,2018,6,United Kingdom of Great Britain and Northern Ireland,HUMAN_OBSERVATION
56.66967,-5.904238,2018,6,United Kingdom of Great Britain and Northern Ireland,HUMAN_OBSERVATION
56.669763,-5.91149,1989,6,United Kingdom of Great Britain and Northern Ireland,HUMAN_OBSERVATION
56.6703,-5.883216,2019,9,United Kingdom of Great Britain and Northern Ireland,HUMAN_OBSERVATION
56.67038,-5.883486,2018,6,United Kingdom of Great Britain and Northern Ireland,HUMAN_OBSERVATION
56.67038,-5.876822,2019,10,United Kingdom of Great Britain and Northern Ireland,HUMAN_OBSERVATION
56.67038,-5.876822,2019,10,United Kingdom of Great Britain and Northern Ireland,HUMAN_OBSERVATION
56.67038,-5.876822,2019,10,United Kingdom of Great Britain and Northern Ireland,HUMAN_OBSERVATION
56.67045,-5.978608,2014,8,United Kingdom of Great Britain and Northern Ireland,HUMAN_OBSERVATION
56.670761,-5.993257,1997,10,United Kingdom of Great Britain and Northern Ireland,HUMAN_OBSERVATION
56.670761,-5.993257,1997,10,United Kingdom of Great Britain and Northern Ireland,HUMAN_OBSERVATION
56.670761,-5.993257,1997,10,United Kingdom of Great Britain and Northern Ireland,HUMAN_OBSERVATION
56.670813,-5.906699,1987,10,United Kingdom of Great Britain and Northern Ireland,HUMAN_OBSERVATION
56.67085,-5.977077,2005,3,United Kingdom of Great Britain and Northern Ireland,HUMAN_OBSERVATION
56.67103,-5.883929,2018,4,United Kingdom of Great Britain and Northern Ireland,HUMAN_OBSERVATION
56.67103,-5.883929,2018,4,United Kingdom of Great Britain and Northern Ireland,HUMAN_OBSERVATION
56.67104,-5.878914,2018,4,United Kingdom of Great Britain and Northern Ireland,HUMAN_OBSERVATION
56.67116,-5.881263,2019,9,United Kingdom of Great Britain and Northern Ireland,HUMAN_OBSERVATION
56.67116,-5.881263,2019,9,United Kingdom of Great Britain and Northern Ireland,HUMAN_OBSERVATION
56.6712,-5.881905,2018,6,United Kingdom of Great Britain and Northern Ireland,HUMAN_OBSERVATION
56.671282,-5.976979,1997,10,United Kingdom of Great Britain and Northern Ireland,HUMAN_OBSERVATION
56.671282,-5.976979,1997,10,United Kingdom of Great Britain and Northern Ireland,HUMAN_OBSERVATION
56.67133,-5.881607,2018,10,United Kingdom of Great Britain and Northern Ireland,HUMAN_OBSERVATION
56.671606,-5.910048,1997,10,United Kingdom of Great Britain and Northern Ireland,HUMAN_OBSERVATION
56.671606,-5.910048,1997,10,United Kingdom of Great Britain and Northern Ireland,HUMAN_OBSERVATION
56.67171,-5.881434,2019,10,United Kingdom of Great Britain and Northern Ireland,HUMAN_OBSERVATION
56.67171,-5.881434,2019,10,United Kingdom of Great Britain and Northern Ireland,HUMAN_OBSERVATION
56.67183,-5.879714,2018,6,United Kingdom of Great Britain and Northern Ireland,HUMAN_OBSERVATION
56.67183,-5.879714,2018,10,United Kingdom of Great Britain and Northern Ireland,HUMAN_OBSERVATION
56.67183,-5.879714,2018,10,United Kingdom of Great Britain and Northern Ireland,HUMAN_OBSERVATION
56.672452,-5.911769,1997,10,United Kingdom of Great Britain and Northern Ireland,HUMAN_OBSERVATION
56.673313,-5.902957,1995,9,United Kingdom of Great Britain and Northern Ireland,HUMAN_OBSERVATION
56.674833,-5.921817,1987,10,United Kingdom of Great Britain and Northern Ireland,HUMAN_OBSERVATION
56.674833,-5.921817,1987,10,United Kingdom of Great Britain and Northern Ireland,HUMAN_OBSERVATION
56.675179,-5.967589,1997,10,United Kingdom of Great Britain and Northern Ireland,HUMAN_OBSERVATION
56.675335,-5.962705,1997,10,United Kingdom of Great Britain and Northern Ireland,HUMAN_OBSERVATION
56.675335,-5.962705,1997,10,United Kingdom of Great Britain and Northern Ireland,HUMAN_OBSERVATION
56.675335,-5.962705,1997,10,United Kingdom of Great Britain and Northern Ireland,HUMAN_OBSERVATION
56.675402,-5.922284,1995,9,United Kingdom of Great Britain and Northern Ireland,HUMAN_OBSERVATION
56.675402,-5.922284,1995,9,United Kingdom of Great Britain and Northern Ireland,HUMAN_OBSERVATION
56.67572,-5.969035,2001,7,United Kingdom of Great Britain and Northern Ireland,HUMAN_OBSERVATION
56.67572,-5.969035,2001,7,United Kingdom of Great Britain and Northern Ireland,HUMAN_OBSERVATION
56.67572,-5.969035,2001,7,United Kingdom of Great Britain and Northern Ireland,HUMAN_OBSERVATION
56.67577,-5.243063,2016,3,United Kingdom of Great Britain and Northern Ireland,HUMAN_OBSERVATION
56.67598,-5.916572,2001,7,United Kingdom of Great Britain and Northern Ireland,HUMAN_OBSERVATION
56.67598,-5.916572,2001,7,United Kingdom of Great Britain and Northern Ireland,HUMAN_OBSERVATION
56.67602,-5.917082,2001,7,United Kingdom of Great Britain and Northern Ireland,HUMAN_OBSERVATION
56.676023,-5.969312,1994,6,United Kingdom of Great Britain and Northern Ireland,HUMAN_OBSERVATION
56.67625,-5.243742,2016,9,United Kingdom of Great Britain and Northern Ireland,HUMAN_OBSERVATION
56.67625,-5.243742,2016,9,United Kingdom of Great Britain and Northern Ireland,HUMAN_OBSERVATION
56.67691,-5.803832,2001,8,United Kingdom of Great Britain and Northern Ireland,HUMAN_OBSERVATION
56.676925,-5.659955,2006,7,United Kingdom of Great Britain and Northern Ireland,HUMAN_OBSERVATION
56.676925,-5.659955,2006,7,United Kingdom of Great Britain and Northern Ireland,HUMAN_OBSERVATION
56.676955,-5.655875,2006,7,United Kingdom of Great Britain and Northern Ireland,HUMAN_OBSERVATION
56.677,-5.930336,2006,7,United Kingdom of Great Britain and Northern Ireland,HUMAN_OBSERVATION
56.6771,-5.930167,2017,4,United Kingdom of Great Britain and Northern Ireland,HUMAN_OBSERVATION
56.6771,-5.930167,2017,4,United Kingdom of Great Britain and Northern Ireland,HUMAN_OBSERVATION
56.6771,-5.930167,2017,4,United Kingdom of Great Britain and Northern Ireland,HUMAN_OBSERVATION
56.6771,-5.930167,2017,4,United Kingdom of Great Britain and Northern Ireland,HUMAN_OBSERVATION
56.6771,-5.930167,2017,4,United Kingdom of Great Britain and Northern Ireland,HUMAN_OBSERVATION
56.6771,-5.930167,2017,4,United Kingdom of Great Britain and Northern Ireland,HUMAN_OBSERVATION
56.6771,-5.930167,2017,4,United Kingdom of Great Britain and Northern Ireland,HUMAN_OBSERVATION
56.67722,-5.855633,2001,8,United Kingdom of Great Britain and Northern Ireland,HUMAN_OBSERVATION
56.67722,-5.855633,2001,8,United Kingdom of Great Britain and Northern Ireland,HUMAN_OBSERVATION
56.67722,-5.855633,2001,8,United Kingdom of Great Britain and Northern Ireland,HUMAN_OBSERVATION
56.67726,-5.873064,1989,6,United Kingdom of Great Britain and Northern Ireland,HUMAN_OBSERVATION
56.67726,-5.873064,1989,6,United Kingdom of Great Britain and Northern Ireland,HUMAN_OBSERVATION
56.67726,-5.873064,1989,6,United Kingdom of Great Britain and Northern Ireland,HUMAN_OBSERVATION
56.67751,-5.657638,2019,9,United Kingdom of Great Britain and Northern Ireland,HUMAN_OBSERVATION
56.67751,-5.657638,2019,9,United Kingdom of Great Britain and Northern Ireland,HUMAN_OBSERVATION
56.677531,-5.798688,1995,9,United Kingdom of Great Britain and Northern Ireland,HUMAN_OBSERVATION
56.677628,-5.802863,1989,6,United Kingdom of Great Britain and Northern Ireland,HUMAN_OBSERVATION
56.67779,-5.930533,2015,9,United Kingdom of Great Britain and Northern Ireland,HUMAN_OBSERVATION
56.67779,-5.930533,2015,9,United Kingdom of Great Britain and Northern Ireland,HUMAN_OBSERVATION
56.67813,-5.144583,2014,3,United Kingdom of Great Britain and Northern Ireland,HUMAN_OBSERVATION
56.67817,-5.143332,2015,7,United Kingdom of Great Britain and Northern Ireland,HUMAN_OBSERVATION
56.67847,-6.533938,2003,6,United Kingdom of Great Britain and Northern Ireland,HUMAN_OBSERVATION
56.67858,-5.651051,1997,10,United Kingdom of Great Britain and Northern Ireland,HUMAN_OBSERVATION
56.67858,-5.651051,1997,10,United Kingdom of Great Britain and Northern Ireland,HUMAN_OBSERVATION
56.67868,-5.143309,2016,7,United Kingdom of Great Britain and Northern Ireland,HUMAN_OBSERVATION
56.678696,-5.792909,2006,7,United Kingdom of Great Britain and Northern Ireland,HUMAN_OBSERVATION
56.6787,-5.144185,2020,1,United Kingdom of Great Britain and Northern Ireland,HUMAN_OBSERVATION
56.679,-5.146333,2014,10,United Kingdom of Great Britain and Northern Ireland,HUMAN_OBSERVATION
56.679,-5.144805,2019,10,United Kingdom of Great Britain and Northern Ireland,HUMAN_OBSERVATION
56.679142,-5.662539,1997,10,United Kingdom of Great Britain and Northern Ireland,HUMAN_OBSERVATION
56.67917,-5.935741,2001,7,United Kingdom of Great Britain and Northern Ireland,HUMAN_OBSERVATION
56.67987,-5.156034,2019,1,United Kingdom of Great Britain and Northern Ireland,HUMAN_OBSERVATION
56.67987,-5.156034,2019,1,United Kingdom of Great Britain and Northern Ireland,HUMAN_OBSERVATION
56.679942,-5.665883,1987,10,United Kingdom of Great Britain and Northern Ireland,HUMAN_OBSERVATION
56.680163,-5.962151,1995,10,United Kingdom of Great Britain and Northern Ireland,HUMAN_OBSERVATION
56.68019,-5.155978,2017,7,United Kingdom of Great Britain and Northern Ireland,HUMAN_OBSERVATION
56.68061,-5.132036,2015,9,United Kingdom of Great Britain and Northern Ireland,HUMAN_OBSERVATION
56.68076,-5.131869,2016,3,United Kingdom of Great Britain and Northern Ireland,HUMAN_OBSERVATION
56.68084,-5.132709,2020,9,United Kingdom of Great Britain and Northern Ireland,HUMAN_OBSERVATION
56.680887,-5.664342,1997,10,United Kingdom of Great Britain and Northern Ireland,HUMAN_OBSERVATION
56.681,-5.992384,2006,7,United Kingdom of Great Britain and Northern Ireland,HUMAN_OBSERVATION
56.68115,-5.945264,1995,10,United Kingdom of Great Britain and Northern Ireland,HUMAN_OBSERVATION
56.68115,-5.945264,1995,10,United Kingdom of Great Britain and Northern Ireland,HUMAN_OBSERVATION
56.68142,-5.137902,2016,10,United Kingdom of Great Britain and Northern Ireland,HUMAN_OBSERVATION
56.68193,-5.652152,2017,4,United Kingdom of Great Britain and Northern Ireland,HUMAN_OBSERVATION
56.68193,-5.652152,2017,4,United Kingdom of Great Britain and Northern Ireland,HUMAN_OBSERVATION
56.682339,-5.927581,1995,10,United Kingdom of Great Britain and Northern Ireland,HUMAN_OBSERVATION
56.68239,-5.594526,2001,8,United Kingdom of Great Britain and Northern Ireland,HUMAN_OBSERVATION
56.68239,-5.594526,2001,8,United Kingdom of Great Britain and Northern Ireland,HUMAN_OBSERVATION
56.682453,-5.641625,1987,10,United Kingdom of Great Britain and Northern Ireland,HUMAN_OBSERVATION
56.682453,-5.641625,1987,10,United Kingdom of Great Britain and Northern Ireland,HUMAN_OBSERVATION
56.682453,-5.641625,1987,10,United Kingdom of Great Britain and Northern Ireland,HUMAN_OBSERVATION
56.682453,-5.641625,1987,10,United Kingdom of Great Britain and Northern Ireland,HUMAN_OBSERVATION
56.68269,-5.576992,2006,7,United Kingdom of Great Britain and Northern Ireland,HUMAN_OBSERVATION
56.682971,-5.948804,1990,6,United Kingdom of Great Britain and Northern Ireland,HUMAN_OBSERVATION
56.683407,-5.145162,1990,4,United Kingdom of Great Britain and Northern Ireland,HUMAN_OBSERVATION
56.68369,-5.961542,1995,10,United Kingdom of Great Britain and Northern Ireland,HUMAN_OBSERVATION
56.68372,-5.128538,2015,8,United Kingdom of Great Britain and Northern Ireland,HUMAN_OBSERVATION
56.68372,-5.128538,2015,8,United Kingdom of Great Britain and Northern Ireland,HUMAN_OBSERVATION
56.683818,-5.128864,1990,4,United Kingdom of Great Britain and Northern Ireland,HUMAN_OBSERVATION
56.683818,-5.128864,1990,4,United Kingdom of Great Britain and Northern Ireland,HUMAN_OBSERVATION
56.68399,-5.784025,2006,7,United Kingdom of Great Britain and Northern Ireland,HUMAN_OBSERVATION
56.68448,-6.132605,2021,7,United Kingdom of Great Britain and Northern Ireland,HUMAN_OBSERVATION
56.68459,-5.69226,2006,7,United Kingdom of Great Britain and Northern Ireland,HUMAN_OBSERVATION
56.68469,-5.625886,2006,7,United Kingdom of Great Britain and Northern Ireland,HUMAN_OBSERVATION
56.685015,-5.939624,1995,9,United Kingdom of Great Britain and Northern Ireland,HUMAN_OBSERVATION
56.68507,-5.130659,2016,10,United Kingdom of Great Britain and Northern Ireland,HUMAN_OBSERVATION
56.685446,-5.811821,1997,10,United Kingdom of Great Britain and Northern Ireland,HUMAN_OBSERVATION
56.685446,-5.811821,1997,10,United Kingdom of Great Britain and Northern Ireland,HUMAN_OBSERVATION
56.6857,-5.624806,2006,7,United Kingdom of Great Britain and Northern Ireland,HUMAN_OBSERVATION
56.685707,-5.949009,1995,10,United Kingdom of Great Britain and Northern Ireland,HUMAN_OBSERVATION
56.68679,-5.583689,2006,7,United Kingdom of Great Britain and Northern Ireland,HUMAN_OBSERVATION
56.686925,-5.708746,2006,7,United Kingdom of Great Britain and Northern Ireland,HUMAN_OBSERVATION
56.686925,-5.708746,2006,7,United Kingdom of Great Britain and Northern Ireland,HUMAN_OBSERVATION
56.687365,-5.708185,2006,7,United Kingdom of Great Britain and Northern Ireland,HUMAN_OBSERVATION
56.687365,-5.708185,2006,7,United Kingdom of Great Britain and Northern Ireland,HUMAN_OBSERVATION
56.68744,-5.707065,2001,8,United Kingdom of Great Britain and Northern Ireland,HUMAN_OBSERVATION
56.687896,-6.047363,1994,6,United Kingdom of Great Britain and Northern Ireland,HUMAN_OBSERVATION
56.689815,-5.211039,1990,4,United Kingdom of Great Britain and Northern Ireland,HUMAN_OBSERVATION
56.689933,-5.135906,1990,4,United Kingdom of Great Britain and Northern Ireland,HUMAN_OBSERVATION
56.689933,-5.135906,1990,4,United Kingdom of Great Britain and Northern Ireland,HUMAN_OBSERVATION
56.6903,-5.685367,2006,7,United Kingdom of Great Britain and Northern Ireland,HUMAN_OBSERVATION
56.69244,-5.802687,2015,10,United Kingdom of Great Britain and Northern Ireland,HUMAN_OBSERVATION
56.69244,-5.802687,2015,10,United Kingdom of Great Britain and Northern Ireland,HUMAN_OBSERVATION
56.6925,-5.707906,2006,7,United Kingdom of Great Britain and Northern Ireland,HUMAN_OBSERVATION
56.693116,-5.116567,1990,4,United Kingdom of Great Britain and Northern Ireland,HUMAN_OBSERVATION
56.693116,-5.116567,1990,4,United Kingdom of Great Britain and Northern Ireland,HUMAN_OBSERVATION
56.693116,-5.116567,1990,4,United Kingdom of Great Britain and Northern Ireland,HUMAN_OBSERVATION
56.69317,-5.801077,2015,10,United Kingdom of Great Britain and Northern Ireland,HUMAN_OBSERVATION
56.69317,-5.801077,2015,10,United Kingdom of Great Britain and Northern Ireland,HUMAN_OBSERVATION
56.693215,-5.68376,1995,10,United Kingdom of Great Britain and Northern Ireland,HUMAN_OBSERVATION
56.69499,-6.477804,2003,6,United Kingdom of Great Britain and Northern Ireland,HUMAN_OBSERVATION
56.695742,-5.794151,2006,7,United Kingdom of Great Britain and Northern Ireland,HUMAN_OBSERVATION
56.695742,-5.794151,2006,7,United Kingdom of Great Britain and Northern Ireland,HUMAN_OBSERVATION
56.695742,-5.794151,2006,7,United Kingdom of Great Britain and Northern Ireland,HUMAN_OBSERVATION
56.69589,-5.766408,2006,7,United Kingdom of Great Britain and Northern Ireland,HUMAN_OBSERVATION
56.695904,-5.793269,1989,6,United Kingdom of Great Britain and Northern Ireland,HUMAN_OBSERVATION
56.695904,-5.793269,1989,6,United Kingdom of Great Britain and Northern Ireland,HUMAN_OBSERVATION
56.699,-5.750864,2006,7,United Kingdom of Great Britain and Northern Ireland,HUMAN_OBSERVATION
56.6992,-5.789231,2006,7,United Kingdom of Great Britain and Northern Ireland,HUMAN_OBSERVATION
56.700022,-6.033955,1997,10,United Kingdom of Great Britain and Northern Ireland,HUMAN_OBSERVATION
56.70057,-5.787906,2021,10,United Kingdom of Great Britain and Northern Ireland,HUMAN_OBSERVATION
56.70057,-5.787906,2021,10,United Kingdom of Great Britain and Northern Ireland,HUMAN_OBSERVATION
56.70057,-5.787906,2021,10,United Kingdom of Great Britain and Northern Ireland,HUMAN_OBSERVATION
56.700774,-5.751264,1997,10,United Kingdom of Great Britain and Northern Ireland,HUMAN_OBSERVATION
56.700774,-5.751264,1989,6,United Kingdom of Great Britain and Northern Ireland,HUMAN_OBSERVATION
56.70105,-5.788053,2021,10,United Kingdom of Great Britain and Northern Ireland,HUMAN_OBSERVATION
56.70105,-5.788053,2021,10,United Kingdom of Great Britain and Northern Ireland,HUMAN_OBSERVATION
56.70105,-5.788053,2021,10,United Kingdom of Great Britain and Northern Ireland,HUMAN_OBSERVATION
56.70113,-5.788216,2019,9,United Kingdom of Great Britain and Northern Ireland,HUMAN_OBSERVATION
56.70129,-5.706941,2006,7,United Kingdom of Great Britain and Northern Ireland,HUMAN_OBSERVATION
56.70138,-5.787439,2019,9,United Kingdom of Great Britain and Northern Ireland,HUMAN_OBSERVATION
56.70138,-5.787439,2019,9,United Kingdom of Great Britain and Northern Ireland,HUMAN_OBSERVATION
56.7017,-5.787537,2015,10,United Kingdom of Great Britain and Northern Ireland,HUMAN_OBSERVATION
56.7017,-5.787537,2015,10,United Kingdom of Great Britain and Northern Ireland,HUMAN_OBSERVATION
56.70175,-5.787363,2015,10,United Kingdom of Great Britain and Northern Ireland,HUMAN_OBSERVATION
56.70195,-5.78869,2021,10,United Kingdom of Great Britain and Northern Ireland,HUMAN_OBSERVATION
56.70212,-5.787138,2020,8,United Kingdom of Great Britain and Northern Ireland,HUMAN_OBSERVATION
56.70212,-5.787138,2020,8,United Kingdom of Great Britain and Northern Ireland,HUMAN_OBSERVATION
56.70239,-5.067415,2021,5,United Kingdom of Great Britain and Northern Ireland,HUMAN_OBSERVATION
56.70239,-5.067415,2021,5,United Kingdom of Great Britain and Northern Ireland,HUMAN_OBSERVATION
56.70239,-5.067415,2021,9,United Kingdom of Great Britain and Northern Ireland,HUMAN_OBSERVATION
56.70239,-5.067415,2021,9,United Kingdom of Great Britain and Northern Ireland,HUMAN_OBSERVATION
56.70239,-5.067415,2020,11,United Kingdom of Great Britain and Northern Ireland,HUMAN_OBSERVATION
56.70239,-5.067415,2020,11,United Kingdom of Great Britain and Northern Ireland,HUMAN_OBSERVATION
56.7028,-5.723093,2006,7,United Kingdom of Great Britain and Northern Ireland,HUMAN_OBSERVATION
56.703,-5.072024,2020,9,United Kingdom of Great Britain and Northern Ireland,HUMAN_OBSERVATION
56.70345,-5.071669,2014,11,United Kingdom of Great Britain and Northern Ireland,HUMAN_OBSERVATION
56.704269,-5.784304,1997,10,United Kingdom of Great Britain and Northern Ireland,HUMAN_OBSERVATION
56.704269,-5.784304,1997,10,United Kingdom of Great Britain and Northern Ireland,HUMAN_OBSERVATION
56.704764,-5.768008,1989,6,United Kingdom of Great Britain and Northern Ireland,HUMAN_OBSERVATION
56.7051,-5.731821,2006,7,United Kingdom of Great Britain and Northern Ireland,HUMAN_OBSERVATION
56.70569,-5.039556,2016,3,United Kingdom of Great Britain and Northern Ireland,HUMAN_OBSERVATION
56.70594,-5.040198,2016,9,United Kingdom of Great Britain and Northern Ireland,HUMAN_OBSERVATION
56.707305,-5.773166,1989,6,United Kingdom of Great Britain and Northern Ireland,HUMAN_OBSERVATION
56.707305,-5.773166,1989,6,United Kingdom of Great Britain and Northern Ireland,HUMAN_OBSERVATION
56.7081,-5.767679,2006,7,United Kingdom of Great Britain and Northern Ireland,HUMAN_OBSERVATION
56.71129,-4.99876,1990,4,United Kingdom of Great Britain and Northern Ireland,HUMAN_OBSERVATION
56.71222,-5.776708,2020,8,United Kingdom of Great Britain and Northern Ireland,HUMAN_OBSERVATION
56.730151,-6.236777,1994,7,United Kingdom of Great Britain and Northern Ireland,HUMAN_OBSERVATION
56.74176,-5.208358,2016,10,United Kingdom of Great Britain and Northern Ireland,HUMAN_OBSERVATION
56.74176,-5.208358,2016,10,United Kingdom of Great Britain and Northern Ireland,HUMAN_OBSERVATION
56.74223,-5.20704,2020,9,United Kingdom of Great Britain and Northern Ireland,HUMAN_OBSERVATION
56.76135,-5.91761,1998,2,United Kingdom of Great Britain and Northern Ireland,HUMAN_OBSERVATION
56.76163,-5.905686,1998,2,United Kingdom of Great Britain and Northern Ireland,HUMAN_OBSERVATION
56.763407,-5.878668,1989,5,United Kingdom of Great Britain and Northern Ireland,HUMAN_OBSERVATION
56.76485,-5.894795,2014,8,United Kingdom of Great Britain and Northern Ireland,HUMAN_OBSERVATION
56.766308,-5.207751,1989,6,United Kingdom of Great Britain and Northern Ireland,HUMAN_OBSERVATION
56.7732,-5.932441,1998,2,United Kingdom of Great Britain and Northern Ireland,HUMAN_OBSERVATION
56.7732,-5.932441,1998,2,United Kingdom of Great Britain and Northern Ireland,HUMAN_OBSERVATION
56.77367,-5.897765,1998,2,United Kingdom of Great Britain and Northern Ireland,HUMAN_OBSERVATION
56.7764,-5.942276,1998,2,United Kingdom of Great Britain and Northern Ireland,HUMAN_OBSERVATION
56.77685,-5.893673,1998,2,United Kingdom of Great Britain and Northern Ireland,HUMAN_OBSERVATION
56.77711,-5.942515,1998,2,United Kingdom of Great Britain and Northern Ireland,HUMAN_OBSERVATION
56.779911,-5.167976,1989,6,United Kingdom of Great Britain and Northern Ireland,HUMAN_OBSERVATION
56.779911,-5.167976,1989,6,United Kingdom of Great Britain and Northern Ireland,HUMAN_OBSERVATION
56.78028,-5.893373,1998,2,United Kingdom of Great Britain and Northern Ireland,HUMAN_OBSERVATION
56.78028,-5.893373,1998,2,United Kingdom of Great Britain and Northern Ireland,HUMAN_OBSERVATION
56.785337,-5.838342,1989,5,United Kingdom of Great Britain and Northern Ireland,HUMAN_OBSERVATION
56.785337,-5.838342,1989,5,United Kingdom of Great Britain and Northern Ireland,HUMAN_OBSERVATION
56.787632,-5.822194,1989,5,United Kingdom of Great Britain and Northern Ireland,HUMAN_OBSERVATION
56.787632,-5.822194,1989,5,United Kingdom of Great Britain and Northern Ireland,HUMAN_OBSERVATION
56.788554,-5.879629,1989,5,United Kingdom of Great Britain and Northern Ireland,HUMAN_OBSERVATION
56.788554,-5.879629,1989,5,United Kingdom of Great Britain and Northern Ireland,HUMAN_OBSERVATION
56.788554,-5.879629,1989,5,United Kingdom of Great Britain and Northern Ireland,HUMAN_OBSERVATION
56.788656,-5.876363,1989,5,United Kingdom of Great Britain and Northern Ireland,HUMAN_OBSERVATION
56.791243,-5.879907,1989,5,United Kingdom of Great Britain and Northern Ireland,HUMAN_OBSERVATION
56.791243,-5.879907,1989,5,United Kingdom of Great Britain and Northern Ireland,HUMAN_OBSERVATION
56.791294,-5.878274,1989,5,United Kingdom of Great Britain and Northern Ireland,HUMAN_OBSERVATION
56.798141,-5.158047,1989,6,United Kingdom of Great Britain and Northern Ireland,HUMAN_OBSERVATION
56.801422,-6.095666,1994,6,United Kingdom of Great Britain and Northern Ireland,HUMAN_OBSERVATION
56.804956,-5.843628,1989,5,United Kingdom of Great Britain and Northern Ireland,HUMAN_OBSERVATION
56.804956,-5.843628,1989,5,United Kingdom of Great Britain and Northern Ireland,HUMAN_OBSERVATION
56.80707,-5.861892,1995,6,United Kingdom of Great Britain and Northern Ireland,HUMAN_OBSERVATION
56.807089,-5.861877,1989,5,United Kingdom of Great Britain and Northern Ireland,HUMAN_OBSERVATION
56.82483,-5.874875,1995,6,United Kingdom of Great Britain and Northern Ireland,HUMAN_OBSERVATION
56.82818,-6.273009,2012,7,United Kingdom of Great Britain and Northern Ireland,HUMAN_OBSERVATION
56.838378,-5.809326,1989,5,United Kingdom of Great Britain and Northern Ireland,HUMAN_OBSERVATION
56.84911,-6.091261,2012,7,United Kingdom of Great Britain and Northern Ireland,HUMAN_OBSERVATION
56.849162,-5.720174,1989,5,United Kingdom of Great Britain and Northern Ireland,HUMAN_OBSERVATION
56.8493,-5.746525,2014,7,United Kingdom of Great Britain and Northern Ireland,HUMAN_OBSERVATION
56.8505,-5.736,1996,6,United Kingdom of Great Britain and Northern Ireland,HUMAN_OBSERVATION
56.85321,-5.749625,2014,8,United Kingdom of Great Britain and Northern Ireland,HUMAN_OBSERVATION
56.85341,-5.748709,2003,7,United Kingdom of Great Britain and Northern Ireland,HUMAN_OBSERVATION
56.853522,-5.207014,1989,6,United Kingdom of Great Britain and Northern Ireland,HUMAN_OBSERVATION
56.853708,-5.748524,1989,5,United Kingdom of Great Britain and Northern Ireland,HUMAN_OBSERVATION
56.853888,-5.712438,1989,5,United Kingdom of Great Britain and Northern Ireland,HUMAN_OBSERVATION
56.853888,-5.712438,1989,5,United Kingdom of Great Britain and Northern Ireland,HUMAN_OBSERVATION
56.85764,-6.232174,2014,9,United Kingdom of Great Britain and Northern Ireland,HUMAN_OBSERVATION
56.858311,-5.891781,1989,4,United Kingdom of Great Britain and Northern Ireland,HUMAN_OBSERVATION
56.85893,-5.710202,2014,,United Kingdom of Great Britain and Northern Ireland,HUMAN_OBSERVATION
56.859692,-5.788516,1989,4,United Kingdom of Great Britain and Northern Ireland,HUMAN_OBSERVATION
56.86045,-5.711494,2017,4,United Kingdom of Great Britain and Northern Ireland,HUMAN_OBSERVATION
56.86045,-5.711494,2017,4,United Kingdom of Great Britain and Northern Ireland,HUMAN_OBSERVATION
56.86145,-5.705806,2016,9,United Kingdom of Great Britain and Northern Ireland,HUMAN_OBSERVATION
56.861956,-5.713238,1989,5,United Kingdom of Great Britain and Northern Ireland,HUMAN_OBSERVATION
56.861956,-5.713238,1989,5,United Kingdom of Great Britain and Northern Ireland,HUMAN_OBSERVATION
56.861956,-5.713238,1989,5,United Kingdom of Great Britain and Northern Ireland,HUMAN_OBSERVATION
56.861956,-5.713238,1989,5,United Kingdom of Great Britain and Northern Ireland,HUMAN_OBSERVATION
56.86312,-5.702384,2016,9,United Kingdom of Great Britain and Northern Ireland,HUMAN_OBSERVATION
56.86317,-5.701495,2017,4,United Kingdom of Great Britain and Northern Ireland,HUMAN_OBSERVATION
56.86505,-5.69701,2017,4,United Kingdom of Great Britain and Northern Ireland,HUMAN_OBSERVATION
56.868766,-5.695855,1989,5,United Kingdom of Great Britain and Northern Ireland,HUMAN_OBSERVATION
56.868766,-5.695855,1989,5,United Kingdom of Great Britain and Northern Ireland,HUMAN_OBSERVATION
56.86956,-5.690272,2017,4,United Kingdom of Great Britain and Northern Ireland,HUMAN_OBSERVATION
56.86987,-6.165595,1998,7,United Kingdom of Great Britain and Northern Ireland,HUMAN_OBSERVATION
56.87,-5.689034,2016,9,United Kingdom of Great Britain and Northern Ireland,HUMAN_OBSERVATION
56.87098,-6.118437,1998,7,United Kingdom of Great Britain and Northern Ireland,HUMAN_OBSERVATION
56.872688,-5.775054,1989,4,United Kingdom of Great Britain and Northern Ireland,HUMAN_OBSERVATION
56.872688,-5.775054,1989,4,United Kingdom of Great Britain and Northern Ireland,HUMAN_OBSERVATION
56.87387,-6.183597,1998,7,United Kingdom of Great Britain and Northern Ireland,HUMAN_OBSERVATION
56.87637,-6.188931,1998,7,United Kingdom of Great Britain and Northern Ireland,HUMAN_OBSERVATION
56.87743,-5.683567,2014,7,United Kingdom of Great Britain and Northern Ireland,HUMAN_OBSERVATION
56.87799,-5.684288,2016,9,United Kingdom of Great Britain and Northern Ireland,HUMAN_OBSERVATION
56.8782,-6.189598,1998,7,United Kingdom of Great Britain and Northern Ireland,HUMAN_OBSERVATION
56.87831,-5.678908,2016,9,United Kingdom of Great Britain and Northern Ireland,HUMAN_OBSERVATION
56.88037,-6.197598,1998,7,United Kingdom of Great Britain and Northern Ireland,HUMAN_OBSERVATION
56.88037,-6.197598,1998,7,United Kingdom of Great Britain and Northern Ireland,HUMAN_OBSERVATION
56.88335,-7.514459,2015,7,United Kingdom of Great Britain and Northern Ireland,HUMAN_OBSERVATION
56.88576,-5.816363,2020,8,United Kingdom of Great Britain and Northern Ireland,HUMAN_OBSERVATION
56.88591,-6.115104,2014,9,United Kingdom of Great Britain and Northern Ireland,HUMAN_OBSERVATION
56.88687,-6.225769,1998,7,United Kingdom of Great Britain and Northern Ireland,HUMAN_OBSERVATION
56.88837,-6.213933,1998,7,United Kingdom of Great Britain and Northern Ireland,HUMAN_OBSERVATION
56.88837,-6.213933,1998,7,United Kingdom of Great Britain and Northern Ireland,HUMAN_OBSERVATION
56.88869,-6.113832,2014,9,United Kingdom of Great Britain and Northern Ireland,HUMAN_OBSERVATION
56.889422,-5.7866,1989,5,United Kingdom of Great Britain and Northern Ireland,HUMAN_OBSERVATION
56.89061,-6.113402,2011,8,United Kingdom of Great Britain and Northern Ireland,HUMAN_OBSERVATION
56.89061,-6.113402,2011,9,United Kingdom of Great Britain and Northern Ireland,HUMAN_OBSERVATION
56.891562,-5.775317,1989,5,United Kingdom of Great Britain and Northern Ireland,HUMAN_OBSERVATION
56.891859,-5.765491,1989,5,United Kingdom of Great Britain and Northern Ireland,HUMAN_OBSERVATION
56.894538,-5.736189,1989,5,United Kingdom of Great Britain and Northern Ireland,HUMAN_OBSERVATION
56.89504,-6.113587,1998,7,United Kingdom of Great Britain and Northern Ireland,HUMAN_OBSERVATION
56.89985,9.056633,2019,,Denmark,OCCURRENCE
56.89985,9.056633,2019,,Denmark,OCCURRENCE
56.89985,9.056633,,,Denmark,OCCURRENCE
56.89985,9.056633,,,Denmark,OCCURRENCE
56.901317,9.057333,2019,,Denmark,OCCURRENCE
56.901454,-5.863408,1989,5,United Kingdom of Great Britain and Northern Ireland,HUMAN_OBSERVATION
56.90155,9.055167,2019,,Denmark,OCCURRENCE
56.90155,9.055167,,,Denmark,OCCURRENCE
56.90155,9.055167,,,Denmark,OCCURRENCE
56.906272,-5.881985,1989,5,United Kingdom of Great Britain and Northern Ireland,HUMAN_OBSERVATION
56.908014,-5.88381,1989,5,United Kingdom of Great Britain and Northern Ireland,HUMAN_OBSERVATION
56.908014,-5.88381,1989,5,United Kingdom of Great Britain and Northern Ireland,HUMAN_OBSERVATION
56.909267,-5.872435,1989,5,United Kingdom of Great Britain and Northern Ireland,HUMAN_OBSERVATION
56.909602,-5.890549,1989,5,United Kingdom of Great Britain and Northern Ireland,HUMAN_OBSERVATION
56.91438,-6.199264,1998,7,United Kingdom of Great Britain and Northern Ireland,HUMAN_OBSERVATION
56.92277,-7.4438,2015,7,United Kingdom of Great Britain and Northern Ireland,HUMAN_OBSERVATION
56.92521,-6.165593,1998,7,United Kingdom of Great Britain and Northern Ireland,HUMAN_OBSERVATION
56.93855,-6.164092,1998,7,United Kingdom of Great Britain and Northern Ireland,HUMAN_OBSERVATION
56.94021,-6.158091,1998,7,United Kingdom of Great Britain and Northern Ireland,HUMAN_OBSERVATION
56.94455,-6.143755,1998,7,United Kingdom of Great Britain and Northern Ireland,HUMAN_OBSERVATION
56.955981,-7.502304,1995,8,United Kingdom of Great Britain and Northern Ireland,HUMAN_OBSERVATION
56.95771,-6.207931,1998,7,United Kingdom of Great Britain and Northern Ireland,HUMAN_OBSERVATION
56.9673,-7.369122,2017,5,United Kingdom of Great Britain and Northern Ireland,HUMAN_OBSERVATION
56.96745,-7.369597,2017,5,United Kingdom of Great Britain and Northern Ireland,HUMAN_OBSERVATION
56.971243,-5.635225,1984,7,United Kingdom of Great Britain and Northern Ireland,HUMAN_OBSERVATION
56.9713,-7.396768,2017,5,United Kingdom of Great Britain and Northern Ireland,HUMAN_OBSERVATION
56.97681,-7.347922,2017,5,United Kingdom of Great Britain and Northern Ireland,HUMAN_OBSERVATION
56.98087,-7.346454,2017,5,United Kingdom of Great Britain and Northern Ireland,HUMAN_OBSERVATION
56.98101,-7.358646,2017,5,United Kingdom of Great Britain and Northern Ireland,HUMAN_OBSERVATION
56.984462,-5.582172,1988,5,United Kingdom of Great Britain and Northern Ireland,HUMAN_OBSERVATION
56.984462,-5.582172,1988,5,United Kingdom of Great Britain and Northern Ireland,HUMAN_OBSERVATION
56.9852,-5.633953,2020,9,United Kingdom of Great Britain and Northern Ireland,HUMAN_OBSERVATION
56.985737,-5.600409,1988,5,United Kingdom of Great Britain and Northern Ireland,HUMAN_OBSERVATION
56.985737,-5.600409,1988,5,United Kingdom of Great Britain and Northern Ireland,HUMAN_OBSERVATION
56.98666,-7.344285,2017,5,United Kingdom of Great Britain and Northern Ireland,HUMAN_OBSERVATION
56.987766,-5.592371,1984,7,United Kingdom of Great Britain and Northern Ireland,HUMAN_OBSERVATION
56.987856,-5.557796,2007,7,United Kingdom of Great Britain and Northern Ireland,HUMAN_OBSERVATION
56.988229,-5.638529,1984,7,United Kingdom of Great Britain and Northern Ireland,HUMAN_OBSERVATION
56.988309,-7.380143,1995,8,United Kingdom of Great Britain and Northern Ireland,HUMAN_OBSERVATION
56.9885,-5.590346,2008,10,United Kingdom of Great Britain and Northern Ireland,HUMAN_OBSERVATION
56.988799,-5.556239,1988,5,United Kingdom of Great Britain and Northern Ireland,HUMAN_OBSERVATION
56.988799,-5.556239,1988,5,United Kingdom of Great Britain and Northern Ireland,HUMAN_OBSERVATION
56.989701,-5.587617,1988,5,United Kingdom of Great Britain and Northern Ireland,HUMAN_OBSERVATION
56.99023,-5.579691,2008,10,United Kingdom of Great Britain and Northern Ireland,HUMAN_OBSERVATION
56.99023,-5.579691,2008,10,United Kingdom of Great Britain and Northern Ireland,HUMAN_OBSERVATION
56.991623,-5.645449,1984,7,United Kingdom of Great Britain and Northern Ireland,HUMAN_OBSERVATION
56.9919,-5.578864,2008,10,United Kingdom of Great Britain and Northern Ireland,HUMAN_OBSERVATION
56.9919,-5.578864,2008,10,United Kingdom of Great Britain and Northern Ireland,HUMAN_OBSERVATION
56.9919,-5.578864,2008,10,United Kingdom of Great Britain and Northern Ireland,HUMAN_OBSERVATION
56.9919,-5.578864,2008,10,United Kingdom of Great Britain and Northern Ireland,HUMAN_OBSERVATION
56.992011,-5.569722,1988,5,United Kingdom of Great Britain and Northern Ireland,HUMAN_OBSERVATION
56.992011,-5.569722,1988,5,United Kingdom of Great Britain and Northern Ireland,HUMAN_OBSERVATION
56.993131,-5.530299,1988,5,United Kingdom of Great Britain and Northern Ireland,HUMAN_OBSERVATION
56.993131,-5.530299,1988,5,United Kingdom of Great Britain and Northern Ireland,HUMAN_OBSERVATION
56.995588,-5.538768,1988,5,United Kingdom of Great Britain and Northern Ireland,HUMAN_OBSERVATION
56.995681,-5.535483,1988,5,United Kingdom of Great Britain and Northern Ireland,HUMAN_OBSERVATION
56.995681,-5.535483,1988,5,United Kingdom of Great Britain and Northern Ireland,HUMAN_OBSERVATION
56.996345,-5.543782,1984,7,United Kingdom of Great Britain and Northern Ireland,HUMAN_OBSERVATION
56.99693,-5.539989,2008,10,United Kingdom of Great Britain and Northern Ireland,HUMAN_OBSERVATION
56.99693,-5.539989,2008,10,United Kingdom of Great Britain and Northern Ireland,HUMAN_OBSERVATION
56.99693,-5.539989,2008,10,United Kingdom of Great Britain and Northern Ireland,HUMAN_OBSERVATION
56.99773,-5.54168,2008,10,United Kingdom of Great Britain and Northern Ireland,HUMAN_OBSERVATION
56.99773,-5.54168,2008,10,United Kingdom of Great Britain and Northern Ireland,HUMAN_OBSERVATION
56.9979,-5.664536,2008,10,United Kingdom of Great Britain and Northern Ireland,HUMAN_OBSERVATION
56.9979,-5.664536,2008,10,United Kingdom of Great Britain and Northern Ireland,HUMAN_OBSERVATION
56.9979,-5.540526,2008,10,United Kingdom of Great Britain and Northern Ireland,HUMAN_OBSERVATION
56.99813,-7.360167,2001,8,United Kingdom of Great Britain and Northern Ireland,HUMAN_OBSERVATION
56.99924,-5.665541,2008,10,United Kingdom of Great Britain and Northern Ireland,HUMAN_OBSERVATION
56.99939,-7.379133,2001,8,United Kingdom of Great Britain and Northern Ireland,HUMAN_OBSERVATION
57.00323,-5.670037,2008,10,United Kingdom of Great Britain and Northern Ireland,HUMAN_OBSERVATION
57.00323,-5.670037,2008,10,United Kingdom of Great Britain and Northern Ireland,HUMAN_OBSERVATION
57.004588,-7.398085,2000,5,United Kingdom of Great Britain and Northern Ireland,HUMAN_OBSERVATION
57.008113,-7.401896,2000,5,United Kingdom of Great Britain and Northern Ireland,HUMAN_OBSERVATION
57.008979,-7.402682,2000,8,United Kingdom of Great Britain and Northern Ireland,HUMAN_OBSERVATION
57.009068,-7.402695,2000,8,United Kingdom of Great Britain and Northern Ireland,HUMAN_OBSERVATION
57.009734,-7.403946,2000,8,United Kingdom of Great Britain and Northern Ireland,HUMAN_OBSERVATION
57.01028,-7.35532,2001,8,United Kingdom of Great Britain and Northern Ireland,HUMAN_OBSERVATION
57.011861,-7.418195,1995,8,United Kingdom of Great Britain and Northern Ireland,HUMAN_OBSERVATION
57.01365,-5.721771,1984,7,United Kingdom of Great Britain and Northern Ireland,HUMAN_OBSERVATION
57.01572,-7.383955,2015,9,United Kingdom of Great Britain and Northern Ireland,HUMAN_OBSERVATION
57.01599,-5.717715,2001,10,United Kingdom of Great Britain and Northern Ireland,HUMAN_OBSERVATION
57.01987,-5.741415,2011,9,United Kingdom of Great Britain and Northern Ireland,HUMAN_OBSERVATION
57.02124,-7.398684,2001,8,United Kingdom of Great Britain and Northern Ireland,HUMAN_OBSERVATION
57.0269,-5.729692,1984,7,United Kingdom of Great Britain and Northern Ireland,HUMAN_OBSERVATION
57.03274,-5.725541,2008,10,United Kingdom of Great Britain and Northern Ireland,HUMAN_OBSERVATION
57.03274,-5.725541,2008,10,United Kingdom of Great Britain and Northern Ireland,HUMAN_OBSERVATION
57.03274,-5.725541,2008,10,United Kingdom of Great Britain and Northern Ireland,HUMAN_OBSERVATION
57.03938,-5.699089,2008,10,United Kingdom of Great Britain and Northern Ireland,HUMAN_OBSERVATION
57.03957,-5.702539,2008,10,United Kingdom of Great Britain and Northern Ireland,HUMAN_OBSERVATION
57.03957,-5.702539,2008,10,United Kingdom of Great Britain and Northern Ireland,HUMAN_OBSERVATION
57.03957,-5.702539,2008,10,United Kingdom of Great Britain and Northern Ireland,HUMAN_OBSERVATION
57.04258,-5.78438,2008,10,United Kingdom of Great Britain and Northern Ireland,HUMAN_OBSERVATION
57.04258,-5.78438,2008,10,United Kingdom of Great Britain and Northern Ireland,HUMAN_OBSERVATION
57.04538,-6.462825,2011,9,United Kingdom of Great Britain and Northern Ireland,HUMAN_OBSERVATION
57.04563,-6.460927,2004,6,United Kingdom of Great Britain and Northern Ireland,HUMAN_OBSERVATION
57.0529,-6.475301,1993,6,United Kingdom of Great Britain and Northern Ireland,HUMAN_OBSERVATION
57.054544,-6.476729,1993,6,United Kingdom of Great Britain and Northern Ireland,HUMAN_OBSERVATION
57.06038,-5.889217,2017,8,United Kingdom of Great Britain and Northern Ireland,HUMAN_OBSERVATION
57.06038,-5.889217,2017,8,United Kingdom of Great Britain and Northern Ireland,HUMAN_OBSERVATION
57.06385,-6.344266,2010,8,United Kingdom of Great Britain and Northern Ireland,HUMAN_OBSERVATION
57.07891,-5.881416,2021,8,United Kingdom of Great Britain and Northern Ireland,HUMAN_OBSERVATION
57.07891,-5.881416,2017,11,United Kingdom of Great Britain and Northern Ireland,HUMAN_OBSERVATION
57.08947,-7.218705,2015,7,United Kingdom of Great Britain and Northern Ireland,HUMAN_OBSERVATION
57.098173,-5.535335,1984,7,United Kingdom of Great Britain and Northern Ireland,HUMAN_OBSERVATION
57.09823,-5.539359,2016,10,United Kingdom of Great Britain and Northern Ireland,HUMAN_OBSERVATION
57.10023,-5.56243,2017,8,United Kingdom of Great Britain and Northern Ireland,HUMAN_OBSERVATION
57.10052,-6.003343,2016,1,United Kingdom of Great Britain and Northern Ireland,HUMAN_OBSERVATION
57.100965,-5.563683,1984,7,United Kingdom of Great Britain and Northern Ireland,HUMAN_OBSERVATION
57.10139,-5.514978,2016,10,United Kingdom of Great Britain and Northern Ireland,HUMAN_OBSERVATION
57.10163,-5.512539,2016,10,United Kingdom of Great Britain and Northern Ireland,HUMAN_OBSERVATION
57.10163,-5.481166,2016,10,United Kingdom of Great Britain and Northern Ireland,HUMAN_OBSERVATION
57.10296,-5.550615,2011,6,United Kingdom of Great Britain and Northern Ireland,HUMAN_OBSERVATION
57.106566,-5.46014,1984,7,United Kingdom of Great Britain and Northern Ireland,HUMAN_OBSERVATION
57.10749,-5.54059,2019,7,United Kingdom of Great Britain and Northern Ireland,HUMAN_OBSERVATION
57.10794,-5.452744,2016,10,United Kingdom of Great Britain and Northern Ireland,HUMAN_OBSERVATION
57.10965,-5.454918,2016,10,United Kingdom of Great Britain and Northern Ireland,HUMAN_OBSERVATION
57.10991,-5.454497,2015,7,United Kingdom of Great Britain and Northern Ireland,HUMAN_OBSERVATION
57.11058,-5.446198,2016,10,United Kingdom of Great Britain and Northern Ireland,HUMAN_OBSERVATION
57.112103,-5.58293,1984,7,United Kingdom of Great Britain and Northern Ireland,HUMAN_OBSERVATION
57.11256,-5.422256,2016,10,United Kingdom of Great Britain and Northern Ireland,HUMAN_OBSERVATION
57.11569,-5.583277,1984,7,United Kingdom of Great Britain and Northern Ireland,HUMAN_OBSERVATION
57.116394,-5.558557,1984,7,United Kingdom of Great Britain and Northern Ireland,HUMAN_OBSERVATION
57.119936,-5.591951,2007,7,United Kingdom of Great Britain and Northern Ireland,HUMAN_OBSERVATION
57.12025,-5.59419,2014,7,United Kingdom of Great Britain and Northern Ireland,HUMAN_OBSERVATION
57.12075,-5.595859,2004,7,United Kingdom of Great Britain and Northern Ireland,HUMAN_OBSERVATION
57.12196,-5.57647,2011,6,United Kingdom of Great Britain and Northern Ireland,HUMAN_OBSERVATION
57.12555,-5.677961,2011,6,United Kingdom of Great Britain and Northern Ireland,HUMAN_OBSERVATION
57.12741,-5.640533,2013,6,United Kingdom of Great Britain and Northern Ireland,HUMAN_OBSERVATION
57.13005,-5.671613,1996,5,United Kingdom of Great Britain and Northern Ireland,HUMAN_OBSERVATION
57.132204,-5.571648,1984,7,United Kingdom of Great Britain and Northern Ireland,HUMAN_OBSERVATION
57.13608,-5.585522,2011,6,United Kingdom of Great Britain and Northern Ireland,HUMAN_OBSERVATION
57.13722,-5.677959,1984,7,United Kingdom of Great Britain and Northern Ireland,HUMAN_OBSERVATION
57.13766,-5.676667,2004,7,United Kingdom of Great Britain and Northern Ireland,HUMAN_OBSERVATION
57.137944,-7.332379,1990,5,United Kingdom of Great Britain and Northern Ireland,HUMAN_OBSERVATION
57.13861,-6.069043,2015,10,United Kingdom of Great Britain and Northern Ireland,HUMAN_OBSERVATION
57.13861,-5.612857,2011,6,United Kingdom of Great Britain and Northern Ireland,HUMAN_OBSERVATION
57.14001,-5.976959,2015,7,United Kingdom of Great Britain and Northern Ireland,HUMAN_OBSERVATION
57.14001,-5.976959,2015,7,United Kingdom of Great Britain and Northern Ireland,HUMAN_OBSERVATION
57.141349,-7.27328,1990,5,United Kingdom of Great Britain and Northern Ireland,HUMAN_OBSERVATION
57.142222,-7.316443,1990,5,United Kingdom of Great Britain and Northern Ireland,HUMAN_OBSERVATION
57.142222,-7.316443,1990,5,United Kingdom of Great Britain and Northern Ireland,HUMAN_OBSERVATION
57.142905,-5.637178,1984,7,United Kingdom of Great Britain and Northern Ireland,HUMAN_OBSERVATION
57.143894,-7.276953,2009,10,United Kingdom of Great Britain and Northern Ireland,HUMAN_OBSERVATION
57.143894,-7.276953,2009,10,United Kingdom of Great Britain and Northern Ireland,HUMAN_OBSERVATION
57.144372,-7.286954,1984,7,United Kingdom of Great Britain and Northern Ireland,HUMAN_OBSERVATION
57.145758,-7.254043,1990,5,United Kingdom of Great Britain and Northern Ireland,HUMAN_OBSERVATION
57.14608,-5.961126,2016,8,United Kingdom of Great Britain and Northern Ireland,HUMAN_OBSERVATION
57.14608,-5.961126,2016,8,United Kingdom of Great Britain and Northern Ireland,HUMAN_OBSERVATION
57.148763,-7.310761,1990,5,United Kingdom of Great Britain and Northern Ireland,HUMAN_OBSERVATION
57.148903,-7.30747,1984,7,United Kingdom of Great Britain and Northern Ireland,HUMAN_OBSERVATION
57.150285,-7.296078,1990,5,United Kingdom of Great Britain and Northern Ireland,HUMAN_OBSERVATION
57.150342,-7.315955,1990,5,United Kingdom of Great Britain and Northern Ireland,HUMAN_OBSERVATION
57.150641,-7.266327,1990,5,United Kingdom of Great Britain and Northern Ireland,HUMAN_OBSERVATION
57.15071,-5.944851,2019,10,United Kingdom of Great Britain and Northern Ireland,HUMAN_OBSERVATION
57.15156,-5.948185,2016,8,United Kingdom of Great Britain and Northern Ireland,HUMAN_OBSERVATION
57.15214,-6.140389,2016,8,United Kingdom of Great Britain and Northern Ireland,HUMAN_OBSERVATION
57.152914,-7.25506,1990,5,United Kingdom of Great Britain and Northern Ireland,HUMAN_OBSERVATION
57.15493,-5.947899,2013,9,United Kingdom of Great Britain and Northern Ireland,HUMAN_OBSERVATION
57.155582,-7.298493,1984,7,United Kingdom of Great Britain and Northern Ireland,HUMAN_OBSERVATION
57.15578,-6.217334,2020,8,United Kingdom of Great Britain and Northern Ireland,HUMAN_OBSERVATION
57.15882,-6.046648,2016,8,United Kingdom of Great Britain and Northern Ireland,HUMAN_OBSERVATION
57.15882,-6.046648,2016,8,United Kingdom of Great Britain and Northern Ireland,HUMAN_OBSERVATION
57.15882,-6.046648,2016,8,United Kingdom of Great Britain and Northern Ireland,HUMAN_OBSERVATION
57.158825,-5.767799,1988,6,United Kingdom of Great Britain and Northern Ireland,HUMAN_OBSERVATION
57.158865,-6.297353,1988,6,United Kingdom of Great Britain and Northern Ireland,HUMAN_OBSERVATION
57.16608,-6.040779,2015,10,United Kingdom of Great Britain and Northern Ireland,HUMAN_OBSERVATION
57.16608,-6.040779,2015,10,United Kingdom of Great Britain and Northern Ireland,HUMAN_OBSERVATION
57.168,-5.918868,2014,5,United Kingdom of Great Britain and Northern Ireland,HUMAN_OBSERVATION
57.16858,-5.901192,2014,5,United Kingdom of Great Britain and Northern Ireland,HUMAN_OBSERVATION
57.16903,-5.936732,2016,8,United Kingdom of Great Britain and Northern Ireland,HUMAN_OBSERVATION
57.16903,-5.936732,2016,8,United Kingdom of Great Britain and Northern Ireland,HUMAN_OBSERVATION
57.16903,-5.936732,2016,8,United Kingdom of Great Britain and Northern Ireland,HUMAN_OBSERVATION
57.16903,-5.936732,2016,8,United Kingdom of Great Britain and Northern Ireland,HUMAN_OBSERVATION
57.1701,-5.906973,2014,5,United Kingdom of Great Britain and Northern Ireland,HUMAN_OBSERVATION
57.17126,-5.937574,2013,9,United Kingdom of Great Britain and Northern Ireland,HUMAN_OBSERVATION
57.17133,-5.88825,1980,8,United Kingdom of Great Britain and Northern Ireland,HUMAN_OBSERVATION
57.17423,-6.169456,2016,8,United Kingdom of Great Britain and Northern Ireland,HUMAN_OBSERVATION
57.175375,-5.873776,1980,8,United Kingdom of Great Britain and Northern Ireland,HUMAN_OBSERVATION
57.17934,-6.033138,1980,8,United Kingdom of Great Britain and Northern Ireland,HUMAN_OBSERVATION
57.18118,-5.852902,2016,5,United Kingdom of Great Britain and Northern Ireland,HUMAN_OBSERVATION
57.18213,-5.997538,2015,7,United Kingdom of Great Britain and Northern Ireland,HUMAN_OBSERVATION
57.18213,-5.997538,2015,7,United Kingdom of Great Britain and Northern Ireland,HUMAN_OBSERVATION
57.191725,-6.309458,1988,6,United Kingdom of Great Britain and Northern Ireland,HUMAN_OBSERVATION
57.194048,-6.023149,1980,8,United Kingdom of Great Britain and Northern Ireland,HUMAN_OBSERVATION
57.2056,-6.023576,2016,3,United Kingdom of Great Britain and Northern Ireland,HUMAN_OBSERVATION
57.2139,-7.28676,1984,7,United Kingdom of Great Britain and Northern Ireland,HUMAN_OBSERVATION
57.2139,-7.28676,1984,7,United Kingdom of Great Britain and Northern Ireland,HUMAN_OBSERVATION
57.21477,-6.024077,2015,10,United Kingdom of Great Britain and Northern Ireland,HUMAN_OBSERVATION
57.21477,-6.024077,2015,10,United Kingdom of Great Britain and Northern Ireland,HUMAN_OBSERVATION
57.215592,-7.283894,1979,5,United Kingdom of Great Britain and Northern Ireland,HUMAN_OBSERVATION
57.217648,-7.299117,1984,7,United Kingdom of Great Britain and Northern Ireland,HUMAN_OBSERVATION
57.221853,-7.284791,1979,5,United Kingdom of Great Britain and Northern Ireland,HUMAN_OBSERVATION
57.222747,-7.28492,1984,7,United Kingdom of Great Britain and Northern Ireland,HUMAN_OBSERVATION
57.22363,-7.306613,1979,5,United Kingdom of Great Britain and Northern Ireland,HUMAN_OBSERVATION
57.22378,-5.446183,2017,9,United Kingdom of Great Britain and Northern Ireland,HUMAN_OBSERVATION
57.223781,-7.28175,1984,7,United Kingdom of Great Britain and Northern Ireland,HUMAN_OBSERVATION
57.22384,-5.445691,2017,9,United Kingdom of Great Britain and Northern Ireland,HUMAN_OBSERVATION
57.22384,-5.445691,2017,9,United Kingdom of Great Britain and Northern Ireland,HUMAN_OBSERVATION
57.22387,-5.445437,2021,12,United Kingdom of Great Britain and Northern Ireland,HUMAN_OBSERVATION
57.224594,-7.305093,1984,7,United Kingdom of Great Britain and Northern Ireland,HUMAN_OBSERVATION
57.224594,-7.305093,1984,7,United Kingdom of Great Britain and Northern Ireland,HUMAN_OBSERVATION
57.22532,-5.414419,2017,11,United Kingdom of Great Britain and Northern Ireland,HUMAN_OBSERVATION
57.22613,-5.410267,2017,3,United Kingdom of Great Britain and Northern Ireland,HUMAN_OBSERVATION
57.226982,-7.333642,1979,5,United Kingdom of Great Britain and Northern Ireland,HUMAN_OBSERVATION
57.227052,-7.331993,1984,7,United Kingdom of Great Britain and Northern Ireland,HUMAN_OBSERVATION
57.227052,-7.331993,1984,7,United Kingdom of Great Britain and Northern Ireland,HUMAN_OBSERVATION
57.227544,-5.408489,1988,6,United Kingdom of Great Britain and Northern Ireland,HUMAN_OBSERVATION
57.227544,-5.408489,1988,6,United Kingdom of Great Britain and Northern Ireland,HUMAN_OBSERVATION
57.22898,-5.404065,2017,3,United Kingdom of Great Britain and Northern Ireland,HUMAN_OBSERVATION
57.229102,-7.347224,1984,7,United Kingdom of Great Britain and Northern Ireland,HUMAN_OBSERVATION
57.22946,-5.410475,2016,7,United Kingdom of Great Britain and Northern Ireland,HUMAN_OBSERVATION
57.22946,-5.410475,2015,11,United Kingdom of Great Britain and Northern Ireland,HUMAN_OBSERVATION
57.229891,-7.307515,1984,7,United Kingdom of Great Britain and Northern Ireland,HUMAN_OBSERVATION
57.229997,-7.347353,1979,5,United Kingdom of Great Britain and Northern Ireland,HUMAN_OBSERVATION
57.23014,-5.411922,2018,2,United Kingdom of Great Britain and Northern Ireland,HUMAN_OBSERVATION
57.23014,-5.411922,2018,2,United Kingdom of Great Britain and Northern Ireland,HUMAN_OBSERVATION
57.230366,-7.317539,1984,7,United Kingdom of Great Britain and Northern Ireland,HUMAN_OBSERVATION
57.23038,-5.410278,2011,3,United Kingdom of Great Britain and Northern Ireland,HUMAN_OBSERVATION
57.23038,-5.410278,2011,3,United Kingdom of Great Britain and Northern Ireland,HUMAN_OBSERVATION
57.23075,-7.350782,1984,7,United Kingdom of Great Britain and Northern Ireland,HUMAN_OBSERVATION
57.23075,-7.350782,1984,7,United Kingdom of Great Britain and Northern Ireland,HUMAN_OBSERVATION
57.230786,-7.307644,1984,7,United Kingdom of Great Britain and Northern Ireland,HUMAN_OBSERVATION
57.23096,-5.415106,2015,11,United Kingdom of Great Britain and Northern Ireland,HUMAN_OBSERVATION
57.23106,-5.463814,2021,12,United Kingdom of Great Britain and Northern Ireland,HUMAN_OBSERVATION
57.231065,-7.301046,1984,7,United Kingdom of Great Britain and Northern Ireland,HUMAN_OBSERVATION
57.231065,-7.301046,1984,7,United Kingdom of Great Britain and Northern Ireland,HUMAN_OBSERVATION
57.231454,-7.33429,1979,5,United Kingdom of Great Britain and Northern Ireland,HUMAN_OBSERVATION
57.23168,-7.307772,1979,5,United Kingdom of Great Britain and Northern Ireland,HUMAN_OBSERVATION
57.23176,-5.465165,2016,10,United Kingdom of Great Britain and Northern Ireland,HUMAN_OBSERVATION
57.23253,-5.466588,2021,9,United Kingdom of Great Britain and Northern Ireland,HUMAN_OBSERVATION
57.23261,-5.43018,2021,9,United Kingdom of Great Britain and Northern Ireland,HUMAN_OBSERVATION
57.23261,-5.43018,2021,9,United Kingdom of Great Britain and Northern Ireland,HUMAN_OBSERVATION
57.23261,-5.43018,2021,9,United Kingdom of Great Britain and Northern Ireland,HUMAN_OBSERVATION
57.23261,-5.417347,2018,12,United Kingdom of Great Britain and Northern Ireland,HUMAN_OBSERVATION
57.23285,-5.430277,2021,9,United Kingdom of Great Britain and Northern Ireland,HUMAN_OBSERVATION
57.23285,-5.430277,2021,9,United Kingdom of Great Britain and Northern Ireland,HUMAN_OBSERVATION
57.23285,-5.430277,2021,9,United Kingdom of Great Britain and Northern Ireland,HUMAN_OBSERVATION
57.233049,-7.317926,1984,7,United Kingdom of Great Britain and Northern Ireland,HUMAN_OBSERVATION
57.2332,-7.307819,1984,7,United Kingdom of Great Britain and Northern Ireland,HUMAN_OBSERVATION
57.23339,-5.429481,2021,10,United Kingdom of Great Britain and Northern Ireland,HUMAN_OBSERVATION
57.23339,-5.429481,2021,10,United Kingdom of Great Britain and Northern Ireland,HUMAN_OBSERVATION
57.23383,-5.429265,2018,12,United Kingdom of Great Britain and Northern Ireland,HUMAN_OBSERVATION
57.234086,-5.432302,1988,8,United Kingdom of Great Britain and Northern Ireland,HUMAN_OBSERVATION
57.23436,-5.429356,2021,10,United Kingdom of Great Britain and Northern Ireland,HUMAN_OBSERVATION
57.23439,-5.430263,2018,12,United Kingdom of Great Britain and Northern Ireland,HUMAN_OBSERVATION
57.234573,-7.303211,1984,7,United Kingdom of Great Britain and Northern Ireland,HUMAN_OBSERVATION
57.234573,-7.303211,1984,7,United Kingdom of Great Britain and Northern Ireland,HUMAN_OBSERVATION
57.23514,-5.446647,2015,11,United Kingdom of Great Britain and Northern Ireland,HUMAN_OBSERVATION
57.23514,-5.446647,2015,11,United Kingdom of Great Britain and Northern Ireland,HUMAN_OBSERVATION
57.235976,-7.35486,1984,7,United Kingdom of Great Britain and Northern Ireland,HUMAN_OBSERVATION
57.235976,-7.35486,1984,7,United Kingdom of Great Britain and Northern Ireland,HUMAN_OBSERVATION
57.236398,-7.344963,1984,7,United Kingdom of Great Britain and Northern Ireland,HUMAN_OBSERVATION
57.237222,-7.346743,1984,7,United Kingdom of Great Britain and Northern Ireland,HUMAN_OBSERVATION
57.23879,-5.479157,2004,6,United Kingdom of Great Britain and Northern Ireland,HUMAN_OBSERVATION
57.23879,-5.479157,2004,6,United Kingdom of Great Britain and Northern Ireland,HUMAN_OBSERVATION
57.24094,-7.343963,1995,8,United Kingdom of Great Britain and Northern Ireland,HUMAN_OBSERVATION
57.24094,-7.343963,1995,8,United Kingdom of Great Britain and Northern Ireland,HUMAN_OBSERVATION
57.24216,-5.885726,2015,10,United Kingdom of Great Britain and Northern Ireland,HUMAN_OBSERVATION
57.24218,-5.463938,2021,10,United Kingdom of Great Britain and Northern Ireland,HUMAN_OBSERVATION
57.24768,-5.492949,2017,9,United Kingdom of Great Britain and Northern Ireland,HUMAN_OBSERVATION
57.24773,-5.494961,2016,11,United Kingdom of Great Britain and Northern Ireland,HUMAN_OBSERVATION
57.24781,-5.493426,2017,9,United Kingdom of Great Britain and Northern Ireland,HUMAN_OBSERVATION
57.24958,-5.471516,2021,12,United Kingdom of Great Britain and Northern Ireland,HUMAN_OBSERVATION
57.24958,-5.471516,2021,12,United Kingdom of Great Britain and Northern Ireland,HUMAN_OBSERVATION
57.254376,-5.478975,1988,8,United Kingdom of Great Britain and Northern Ireland,HUMAN_OBSERVATION
57.254376,-5.478975,1988,8,United Kingdom of Great Britain and Northern Ireland,HUMAN_OBSERVATION
57.254376,-5.478975,1988,8,United Kingdom of Great Britain and Northern Ireland,HUMAN_OBSERVATION
57.25438,-5.900636,2017,11,United Kingdom of Great Britain and Northern Ireland,HUMAN_OBSERVATION
57.254787,-5.623326,2008,10,United Kingdom of Great Britain and Northern Ireland,HUMAN_OBSERVATION
57.254787,-5.623326,2008,10,United Kingdom of Great Britain and Northern Ireland,HUMAN_OBSERVATION
57.25597,-5.507802,2015,12,United Kingdom of Great Britain and Northern Ireland,HUMAN_OBSERVATION
57.257953,-5.607048,2008,10,United Kingdom of Great Britain and Northern Ireland,HUMAN_OBSERVATION
57.257953,-5.607048,2008,10,United Kingdom of Great Britain and Northern Ireland,HUMAN_OBSERVATION
57.257953,-5.607048,2008,10,United Kingdom of Great Britain and Northern Ireland,HUMAN_OBSERVATION
57.257953,-5.607048,2008,10,United Kingdom of Great Britain and Northern Ireland,HUMAN_OBSERVATION
57.26069,-5.605657,1988,8,United Kingdom of Great Britain and Northern Ireland,HUMAN_OBSERVATION
57.262,-5.4995,1995,8,United Kingdom of Great Britain and Northern Ireland,HUMAN_OBSERVATION
57.262492,-5.728614,1980,8,United Kingdom of Great Britain and Northern Ireland,HUMAN_OBSERVATION
57.26277,-5.71398,2004,6,United Kingdom of Great Britain and Northern Ireland,HUMAN_OBSERVATION
57.262934,-5.713725,1988,8,United Kingdom of Great Britain and Northern Ireland,HUMAN_OBSERVATION
57.262934,-5.713725,1988,8,United Kingdom of Great Britain and Northern Ireland,HUMAN_OBSERVATION
57.26371,-5.701652,2004,3,United Kingdom of Great Britain and Northern Ireland,HUMAN_OBSERVATION
57.26398,-5.502276,2015,4,United Kingdom of Great Britain and Northern Ireland,HUMAN_OBSERVATION
57.26417,-5.503667,1997,1,United Kingdom of Great Britain and Northern Ireland,HUMAN_OBSERVATION
57.26417,-5.503667,1997,1,United Kingdom of Great Britain and Northern Ireland,HUMAN_OBSERVATION
57.2645,-5.698667,1995,9,United Kingdom of Great Britain and Northern Ireland,HUMAN_OBSERVATION
57.26568,-5.586987,2014,3,United Kingdom of Great Britain and Northern Ireland,HUMAN_OBSERVATION
57.26642,-5.686915,2011,9,United Kingdom of Great Britain and Northern Ireland,HUMAN_OBSERVATION
57.266549,-5.682561,1979,8,United Kingdom of Great Britain and Northern Ireland,HUMAN_OBSERVATION
57.26683,-5.716403,2004,3,United Kingdom of Great Britain and Northern Ireland,HUMAN_OBSERVATION
57.26687,-5.686213,2014,7,United Kingdom of Great Britain and Northern Ireland,HUMAN_OBSERVATION
57.2674,-5.546664,2004,3,United Kingdom of Great Britain and Northern Ireland,HUMAN_OBSERVATION
57.26778,-5.79221,1980,8,United Kingdom of Great Britain and Northern Ireland,HUMAN_OBSERVATION
57.26817,-5.5125,1995,8,United Kingdom of Great Britain and Northern Ireland,HUMAN_OBSERVATION
57.269258,-5.712703,1980,8,United Kingdom of Great Britain and Northern Ireland,HUMAN_OBSERVATION
57.26943,-5.520676,2004,6,United Kingdom of Great Britain and Northern Ireland,HUMAN_OBSERVATION
57.270931,-5.593383,1988,8,United Kingdom of Great Britain and Northern Ireland,HUMAN_OBSERVATION
57.270931,-5.593383,1988,8,United Kingdom of Great Britain and Northern Ireland,HUMAN_OBSERVATION
57.27148,-5.550981,2004,3,United Kingdom of Great Britain and Northern Ireland,HUMAN_OBSERVATION
57.27222,-5.594278,2004,6,United Kingdom of Great Britain and Northern Ireland,HUMAN_OBSERVATION
57.27222,-5.594278,2004,6,United Kingdom of Great Britain and Northern Ireland,HUMAN_OBSERVATION
57.27222,-5.594278,2004,6,United Kingdom of Great Britain and Northern Ireland,HUMAN_OBSERVATION
57.27242,-5.593252,2004,6,United Kingdom of Great Britain and Northern Ireland,HUMAN_OBSERVATION
57.27272,-5.594229,2014,7,United Kingdom of Great Britain and Northern Ireland,HUMAN_OBSERVATION
57.27283,-5.713,1999,9,United Kingdom of Great Britain and Northern Ireland,HUMAN_OBSERVATION
57.27283,-5.713,1999,9,United Kingdom of Great Britain and Northern Ireland,HUMAN_OBSERVATION
57.27283,-5.713,1999,9,United Kingdom of Great Britain and Northern Ireland,HUMAN_OBSERVATION
57.273,-5.699667,1995,9,United Kingdom of Great Britain and Northern Ireland,HUMAN_OBSERVATION
57.273,-5.695833,1995,9,United Kingdom of Great Britain and Northern Ireland,HUMAN_OBSERVATION
57.27326,-5.712747,2012,8,United Kingdom of Great Britain and Northern Ireland,HUMAN_OBSERVATION
57.27339,-5.712494,2004,6,United Kingdom of Great Britain and Northern Ireland,HUMAN_OBSERVATION
57.2735,-5.623333,1997,1,United Kingdom of Great Britain and Northern Ireland,HUMAN_OBSERVATION
57.27364,-5.617539,2004,6,United Kingdom of Great Britain and Northern Ireland,HUMAN_OBSERVATION
57.27367,-5.674,1995,8,United Kingdom of Great Britain and Northern Ireland,HUMAN_OBSERVATION
57.27517,-5.613833,1997,1,United Kingdom of Great Britain and Northern Ireland,HUMAN_OBSERVATION
57.275312,-6.068544,1988,6,United Kingdom of Great Britain and Northern Ireland,HUMAN_OBSERVATION
57.2767,-5.701208,2015,9,United Kingdom of Great Britain and Northern Ireland,HUMAN_OBSERVATION
57.27687,-5.697349,2015,9,United Kingdom of Great Britain and Northern Ireland,HUMAN_OBSERVATION
57.27941,-5.516195,1988,8,United Kingdom of Great Britain and Northern Ireland,HUMAN_OBSERVATION
57.279729,-5.753599,1980,8,United Kingdom of Great Britain and Northern Ireland,HUMAN_OBSERVATION
57.28022,-5.527277,2021,9,United Kingdom of Great Britain and Northern Ireland,HUMAN_OBSERVATION
57.28022,-5.527277,2021,9,United Kingdom of Great Britain and Northern Ireland,HUMAN_OBSERVATION
57.28022,-5.527277,2020,1,United Kingdom of Great Britain and Northern Ireland,HUMAN_OBSERVATION
57.28022,-5.527277,2020,9,United Kingdom of Great Britain and Northern Ireland,HUMAN_OBSERVATION
57.28224,-6.038565,2017,11,United Kingdom of Great Britain and Northern Ireland,HUMAN_OBSERVATION
57.28333,-5.655467,2019,2,United Kingdom of Great Britain and Northern Ireland,HUMAN_OBSERVATION
57.28333,-5.655467,2019,2,United Kingdom of Great Britain and Northern Ireland,HUMAN_OBSERVATION
57.28377,-5.655594,2016,10,United Kingdom of Great Britain and Northern Ireland,HUMAN_OBSERVATION
57.284914,-6.049679,2008,8,United Kingdom of Great Britain and Northern Ireland,HUMAN_OBSERVATION
57.284914,-6.049679,2008,8,United Kingdom of Great Britain and Northern Ireland,HUMAN_OBSERVATION
57.284914,-6.049679,2008,8,United Kingdom of Great Britain and Northern Ireland,HUMAN_OBSERVATION
57.284914,-6.049679,2008,8,United Kingdom of Great Britain and Northern Ireland,HUMAN_OBSERVATION
57.28577,-5.507668,2016,6,United Kingdom of Great Britain and Northern Ireland,HUMAN_OBSERVATION
57.285825,-5.511827,1988,8,United Kingdom of Great Britain and Northern Ireland,HUMAN_OBSERVATION
57.285825,-5.511827,1988,8,United Kingdom of Great Britain and Northern Ireland,HUMAN_OBSERVATION
57.287032,-6.011718,1988,6,United Kingdom of Great Britain and Northern Ireland,HUMAN_OBSERVATION
57.301159,-6.343871,1988,5,United Kingdom of Great Britain and Northern Ireland,HUMAN_OBSERVATION
57.30482,-6.356389,2019,2,United Kingdom of Great Britain and Northern Ireland,HUMAN_OBSERVATION
57.305379,-5.885794,1980,8,United Kingdom of Great Britain and Northern Ireland,HUMAN_OBSERVATION
57.306334,-5.485547,1988,8,United Kingdom of Great Britain and Northern Ireland,HUMAN_OBSERVATION
57.30687,-5.484394,2004,6,United Kingdom of Great Britain and Northern Ireland,HUMAN_OBSERVATION
57.30687,-5.484394,2004,6,United Kingdom of Great Britain and Northern Ireland,HUMAN_OBSERVATION
57.30687,-5.484394,2004,6,United Kingdom of Great Britain and Northern Ireland,HUMAN_OBSERVATION
57.30687,-5.484394,2004,6,United Kingdom of Great Britain and Northern Ireland,HUMAN_OBSERVATION
57.30687,-5.484394,2004,6,United Kingdom of Great Britain and Northern Ireland,HUMAN_OBSERVATION
57.30687,-5.484394,2004,6,United Kingdom of Great Britain and Northern Ireland,HUMAN_OBSERVATION
57.30687,-5.484394,2004,6,United Kingdom of Great Britain and Northern Ireland,HUMAN_OBSERVATION
57.30687,-5.484394,2004,6,United Kingdom of Great Britain and Northern Ireland,HUMAN_OBSERVATION
57.30687,-5.484394,2004,6,United Kingdom of Great Britain and Northern Ireland,HUMAN_OBSERVATION
57.30687,-5.484394,2004,6,United Kingdom of Great Britain and Northern Ireland,HUMAN_OBSERVATION
57.30687,-5.484394,2004,6,United Kingdom of Great Britain and Northern Ireland,HUMAN_OBSERVATION
57.30687,-5.484394,2004,6,United Kingdom of Great Britain and Northern Ireland,HUMAN_OBSERVATION
57.30687,-5.484394,2004,6,United Kingdom of Great Britain and Northern Ireland,HUMAN_OBSERVATION
57.30749,-7.205649,2007,8,United Kingdom of Great Britain and Northern Ireland,HUMAN_OBSERVATION
57.311675,-6.139038,1988,5,United Kingdom of Great Britain and Northern Ireland,HUMAN_OBSERVATION
57.31381,-6.118628,1988,5,United Kingdom of Great Britain and Northern Ireland,HUMAN_OBSERVATION
57.31953,-5.705724,2017,9,United Kingdom of Great Britain and Northern Ireland,HUMAN_OBSERVATION
57.32202,-5.706183,2017,9,United Kingdom of Great Britain and Northern Ireland,HUMAN_OBSERVATION
57.322742,-7.239421,1990,5,United Kingdom of Great Britain and Northern Ireland,HUMAN_OBSERVATION
57.3233,-6.378183,2019,7,United Kingdom of Great Britain and Northern Ireland,HUMAN_OBSERVATION
57.324945,-7.229754,1990,5,United Kingdom of Great Britain and Northern Ireland,HUMAN_OBSERVATION
57.32508,-7.248072,1990,5,United Kingdom of Great Britain and Northern Ireland,HUMAN_OBSERVATION
57.32508,-7.248072,1990,5,United Kingdom of Great Britain and Northern Ireland,HUMAN_OBSERVATION
57.326512,-5.691889,1985,6,United Kingdom of Great Britain and Northern Ireland,HUMAN_OBSERVATION
57.32682,-5.700192,2017,9,United Kingdom of Great Britain and Northern Ireland,HUMAN_OBSERVATION
57.327141,-7.263339,1990,5,United Kingdom of Great Britain and Northern Ireland,HUMAN_OBSERVATION
57.327213,-5.698608,1985,6,United Kingdom of Great Britain and Northern Ireland,HUMAN_OBSERVATION
57.327626,-7.251763,1990,5,United Kingdom of Great Britain and Northern Ireland,HUMAN_OBSERVATION
57.327698,-7.228483,1979,5,United Kingdom of Great Britain and Northern Ireland,HUMAN_OBSERVATION
57.327757,-7.270082,1979,5,United Kingdom of Great Britain and Northern Ireland,HUMAN_OBSERVATION
57.327757,-7.270082,1979,5,United Kingdom of Great Britain and Northern Ireland,HUMAN_OBSERVATION
57.328288,-5.929774,1980,8,United Kingdom of Great Britain and Northern Ireland,HUMAN_OBSERVATION
57.328652,-7.270211,1978,5,United Kingdom of Great Britain and Northern Ireland,HUMAN_OBSERVATION
57.328652,-7.270211,1978,5,United Kingdom of Great Britain and Northern Ireland,HUMAN_OBSERVATION
57.328791,-7.266903,1990,5,United Kingdom of Great Britain and Northern Ireland,HUMAN_OBSERVATION
57.328791,-7.266903,1990,5,United Kingdom of Great Britain and Northern Ireland,HUMAN_OBSERVATION
57.32904,-5.686942,2017,9,United Kingdom of Great Britain and Northern Ireland,HUMAN_OBSERVATION
57.329345,-7.253673,1979,5,United Kingdom of Great Britain and Northern Ireland,HUMAN_OBSERVATION
57.330519,-7.225557,1979,5,United Kingdom of Great Britain and Northern Ireland,HUMAN_OBSERVATION
57.331882,-7.278994,1979,5,United Kingdom of Great Britain and Northern Ireland,HUMAN_OBSERVATION
57.331882,-7.278994,1979,5,United Kingdom of Great Britain and Northern Ireland,HUMAN_OBSERVATION
57.331882,-7.278994,1979,5,United Kingdom of Great Britain and Northern Ireland,HUMAN_OBSERVATION
57.33353,-5.926078,2020,10,United Kingdom of Great Britain and Northern Ireland,HUMAN_OBSERVATION
57.333671,-7.279251,1990,5,United Kingdom of Great Britain and Northern Ireland,HUMAN_OBSERVATION
57.333671,-7.279251,1990,5,United Kingdom of Great Britain and Northern Ireland,HUMAN_OBSERVATION
57.33406,-5.697463,2017,9,United Kingdom of Great Britain and Northern Ireland,HUMAN_OBSERVATION
57.335042,-7.289432,1979,5,United Kingdom of Great Britain and Northern Ireland,HUMAN_OBSERVATION
57.3355,-5.691456,2017,7,United Kingdom of Great Britain and Northern Ireland,HUMAN_OBSERVATION
57.33568,-7.231284,1979,5,United Kingdom of Great Britain and Northern Ireland,HUMAN_OBSERVATION
57.336006,-7.287907,1990,5,United Kingdom of Great Britain and Northern Ireland,HUMAN_OBSERVATION
57.3361,-5.917688,2020,10,United Kingdom of Great Britain and Northern Ireland,HUMAN_OBSERVATION
57.33783,-5.689495,2017,9,United Kingdom of Great Britain and Northern Ireland,HUMAN_OBSERVATION
57.33797,-5.690806,2017,9,United Kingdom of Great Britain and Northern Ireland,HUMAN_OBSERVATION
57.341315,-6.430126,1991,6,United Kingdom of Great Britain and Northern Ireland,HUMAN_OBSERVATION
57.34167,-6.403297,1988,5,United Kingdom of Great Britain and Northern Ireland,HUMAN_OBSERVATION
57.34406,-6.428793,1988,5,United Kingdom of Great Britain and Northern Ireland,HUMAN_OBSERVATION
57.34406,-5.598767,2017,9,United Kingdom of Great Britain and Northern Ireland,HUMAN_OBSERVATION
57.34504,-5.600377,2017,7,United Kingdom of Great Britain and Northern Ireland,HUMAN_OBSERVATION
57.346132,-5.635656,1985,6,United Kingdom of Great Britain and Northern Ireland,HUMAN_OBSERVATION
57.347097,-7.259544,1984,7,United Kingdom of Great Britain and Northern Ireland,HUMAN_OBSERVATION
57.34808,-5.918367,2021,10,United Kingdom of Great Britain and Northern Ireland,HUMAN_OBSERVATION
57.34893,-5.668761,2017,7,United Kingdom of Great Britain and Northern Ireland,HUMAN_OBSERVATION
57.35254,-5.589484,2017,9,United Kingdom of Great Britain and Northern Ireland,HUMAN_OBSERVATION
57.35365,-5.639997,2017,7,United Kingdom of Great Britain and Northern Ireland,HUMAN_OBSERVATION
57.354591,-5.559981,1985,6,United Kingdom of Great Britain and Northern Ireland,HUMAN_OBSERVATION
57.355203,-5.601624,1985,6,United Kingdom of Great Britain and Northern Ireland,HUMAN_OBSERVATION
57.35562,-5.551665,2016,5,United Kingdom of Great Britain and Northern Ireland,HUMAN_OBSERVATION
57.35734,-5.562811,2017,9,United Kingdom of Great Britain and Northern Ireland,HUMAN_OBSERVATION
57.35735,-5.567379,2021,10,United Kingdom of Great Britain and Northern Ireland,HUMAN_OBSERVATION
57.357375,-5.556925,1985,6,United Kingdom of Great Britain and Northern Ireland,HUMAN_OBSERVATION
57.35765,-5.551911,2018,4,United Kingdom of Great Britain and Northern Ireland,HUMAN_OBSERVATION
57.357895,-5.570282,1985,6,United Kingdom of Great Britain and Northern Ireland,HUMAN_OBSERVATION
57.3579,-5.565978,2017,11,United Kingdom of Great Britain and Northern Ireland,HUMAN_OBSERVATION
57.3579,-5.565978,2017,11,United Kingdom of Great Britain and Northern Ireland,HUMAN_OBSERVATION
57.35798,-5.565569,2017,9,United Kingdom of Great Britain and Northern Ireland,HUMAN_OBSERVATION
57.357989,-5.566965,1985,6,United Kingdom of Great Britain and Northern Ireland,HUMAN_OBSERVATION
57.35799,-5.552444,2016,11,United Kingdom of Great Britain and Northern Ireland,HUMAN_OBSERVATION
57.35804,-5.551766,2017,8,United Kingdom of Great Britain and Northern Ireland,HUMAN_OBSERVATION
57.358049,-5.720013,1985,6,United Kingdom of Great Britain and Northern Ireland,HUMAN_OBSERVATION
57.358057,-5.658463,1985,6,United Kingdom of Great Britain and Northern Ireland,HUMAN_OBSERVATION
57.35815,-5.566135,2017,11,United Kingdom of Great Britain and Northern Ireland,HUMAN_OBSERVATION
57.35815,-5.553541,2018,4,United Kingdom of Great Britain and Northern Ireland,HUMAN_OBSERVATION
57.358262,-5.525405,1985,6,United Kingdom of Great Britain and Northern Ireland,HUMAN_OBSERVATION
57.35835,-5.66442,2017,9,United Kingdom of Great Britain and Northern Ireland,HUMAN_OBSERVATION
57.35844,-5.665511,2017,9,United Kingdom of Great Britain and Northern Ireland,HUMAN_OBSERVATION
57.35845,-5.566346,2015,6,United Kingdom of Great Britain and Northern Ireland,HUMAN_OBSERVATION
57.35845,-5.566346,2015,8,United Kingdom of Great Britain and Northern Ireland,HUMAN_OBSERVATION
57.3585,-5.663778,2017,7,United Kingdom of Great Britain and Northern Ireland,HUMAN_OBSERVATION
57.35853,-5.552695,2015,10,United Kingdom of Great Britain and Northern Ireland,HUMAN_OBSERVATION
57.358603,-5.577005,1985,6,United Kingdom of Great Britain and Northern Ireland,HUMAN_OBSERVATION
57.35889,-5.665431,2017,7,United Kingdom of Great Britain and Northern Ireland,HUMAN_OBSERVATION
57.35892,-5.665584,2017,9,United Kingdom of Great Britain and Northern Ireland,HUMAN_OBSERVATION
57.35903,-5.661659,2017,9,United Kingdom of Great Britain and Northern Ireland,HUMAN_OBSERVATION
57.35933,-5.665175,2017,9,United Kingdom of Great Britain and Northern Ireland,HUMAN_OBSERVATION
57.35933,-5.663802,2017,9,United Kingdom of Great Britain and Northern Ireland,HUMAN_OBSERVATION
57.35935,-5.658456,2017,9,United Kingdom of Great Britain and Northern Ireland,HUMAN_OBSERVATION
57.3597,-5.659023,2017,9,United Kingdom of Great Britain and Northern Ireland,HUMAN_OBSERVATION
57.35984,-5.662464,2017,7,United Kingdom of Great Britain and Northern Ireland,HUMAN_OBSERVATION
57.36029,-5.654315,2017,7,United Kingdom of Great Britain and Northern Ireland,HUMAN_OBSERVATION
57.36089,-5.652145,2017,9,United Kingdom of Great Britain and Northern Ireland,HUMAN_OBSERVATION
57.36101,-5.659112,2017,9,United Kingdom of Great Britain and Northern Ireland,HUMAN_OBSERVATION
57.36106,-5.659749,2017,9,United Kingdom of Great Britain and Northern Ireland,HUMAN_OBSERVATION
57.36109,-5.649036,2017,9,United Kingdom of Great Britain and Northern Ireland,HUMAN_OBSERVATION
57.36166,-5.646531,2017,7,United Kingdom of Great Britain and Northern Ireland,HUMAN_OBSERVATION
57.36178,-5.647633,2017,9,United Kingdom of Great Britain and Northern Ireland,HUMAN_OBSERVATION
57.362,-5.650982,2017,7,United Kingdom of Great Britain and Northern Ireland,HUMAN_OBSERVATION
57.36218,-5.645002,2017,7,United Kingdom of Great Britain and Northern Ireland,HUMAN_OBSERVATION
57.3625,-5.517756,2010,3,United Kingdom of Great Britain and Northern Ireland,HUMAN_OBSERVATION
57.3625,-5.517756,2010,3,United Kingdom of Great Britain and Northern Ireland,HUMAN_OBSERVATION
57.3625,-5.517756,2010,3,United Kingdom of Great Britain and Northern Ireland,HUMAN_OBSERVATION
57.36253,-5.649322,2017,8,United Kingdom of Great Britain and Northern Ireland,HUMAN_OBSERVATION
57.36253,-5.649322,2017,8,United Kingdom of Great Britain and Northern Ireland,HUMAN_OBSERVATION
57.36256,-5.646545,2017,9,United Kingdom of Great Britain and Northern Ireland,HUMAN_OBSERVATION
57.36272,-5.642468,2017,7,United Kingdom of Great Britain and Northern Ireland,HUMAN_OBSERVATION
57.363436,-6.491052,1988,6,United Kingdom of Great Britain and Northern Ireland,HUMAN_OBSERVATION
57.36383,-5.637886,2017,7,United Kingdom of Great Britain and Northern Ireland,HUMAN_OBSERVATION
57.36445,-6.487847,1988,5,United Kingdom of Great Britain and Northern Ireland,HUMAN_OBSERVATION
57.36453,-5.662599,2017,9,United Kingdom of Great Britain and Northern Ireland,HUMAN_OBSERVATION
57.36471,-5.658956,2017,9,United Kingdom of Great Britain and Northern Ireland,HUMAN_OBSERVATION
57.3648,-5.660654,2017,9,United Kingdom of Great Britain and Northern Ireland,HUMAN_OBSERVATION
57.3649,-5.658226,2017,9,United Kingdom of Great Britain and Northern Ireland,HUMAN_OBSERVATION
57.36497,-5.658841,2017,9,United Kingdom of Great Britain and Northern Ireland,HUMAN_OBSERVATION
57.36508,-5.660174,2017,9,United Kingdom of Great Britain and Northern Ireland,HUMAN_OBSERVATION
57.36514,-5.658434,2017,9,United Kingdom of Great Britain and Northern Ireland,HUMAN_OBSERVATION
57.36525,-5.657029,2017,9,United Kingdom of Great Britain and Northern Ireland,HUMAN_OBSERVATION
57.36526,-5.658187,2017,9,United Kingdom of Great Britain and Northern Ireland,HUMAN_OBSERVATION
57.3654,-5.657876,2017,9,United Kingdom of Great Britain and Northern Ireland,HUMAN_OBSERVATION
57.3655,-5.538927,2010,3,United Kingdom of Great Britain and Northern Ireland,HUMAN_OBSERVATION
57.36553,-5.658489,2017,7,United Kingdom of Great Britain and Northern Ireland,HUMAN_OBSERVATION
57.36565,-5.659075,2017,9,United Kingdom of Great Britain and Northern Ireland,HUMAN_OBSERVATION
57.365811,-7.263894,1978,5,United Kingdom of Great Britain and Northern Ireland,HUMAN_OBSERVATION
57.365811,-7.263894,1978,5,United Kingdom of Great Britain and Northern Ireland,HUMAN_OBSERVATION
57.36588,-5.657134,2017,9,United Kingdom of Great Britain and Northern Ireland,HUMAN_OBSERVATION
57.36599,-5.656904,2017,9,United Kingdom of Great Britain and Northern Ireland,HUMAN_OBSERVATION
57.36607,-5.660848,2017,9,United Kingdom of Great Britain and Northern Ireland,HUMAN_OBSERVATION
57.36619,-5.658937,2017,9,United Kingdom of Great Britain and Northern Ireland,HUMAN_OBSERVATION
57.36679,-5.659371,2017,9,United Kingdom of Great Britain and Northern Ireland,HUMAN_OBSERVATION
57.36796,-5.659905,2017,9,United Kingdom of Great Britain and Northern Ireland,HUMAN_OBSERVATION
57.36895,-5.533651,2010,3,United Kingdom of Great Britain and Northern Ireland,HUMAN_OBSERVATION
57.36895,-5.533651,2010,3,United Kingdom of Great Britain and Northern Ireland,HUMAN_OBSERVATION
57.37151,-5.501717,1985,6,United Kingdom of Great Britain and Northern Ireland,HUMAN_OBSERVATION
57.37178,-5.826203,2020,11,United Kingdom of Great Britain and Northern Ireland,HUMAN_OBSERVATION
57.37262,-7.273201,1984,7,United Kingdom of Great Britain and Northern Ireland,HUMAN_OBSERVATION
57.37315,-6.089761,2014,7,United Kingdom of Great Britain and Northern Ireland,HUMAN_OBSERVATION
57.37379,-5.653778,2017,7,United Kingdom of Great Britain and Northern Ireland,HUMAN_OBSERVATION
57.377778,-7.278941,1995,8,United Kingdom of Great Britain and Northern Ireland,HUMAN_OBSERVATION
57.378219,-5.519001,1985,6,United Kingdom of Great Britain and Northern Ireland,HUMAN_OBSERVATION
57.380246,-5.637372,1985,6,United Kingdom of Great Britain and Northern Ireland,HUMAN_OBSERVATION
57.381219,-5.665766,1985,6,United Kingdom of Great Britain and Northern Ireland,HUMAN_OBSERVATION
57.384692,-5.607848,1985,6,United Kingdom of Great Britain and Northern Ireland,HUMAN_OBSERVATION
57.3849,-5.47045,2010,3,United Kingdom of Great Britain and Northern Ireland,HUMAN_OBSERVATION
57.387801,-5.624802,1985,6,United Kingdom of Great Britain and Northern Ireland,HUMAN_OBSERVATION
57.397901,-5.617474,1985,6,United Kingdom of Great Britain and Northern Ireland,HUMAN_OBSERVATION
57.417905,-6.162703,2009,7,United Kingdom of Great Britain and Northern Ireland,HUMAN_OBSERVATION
57.417905,-6.162703,2009,7,United Kingdom of Great Britain and Northern Ireland,HUMAN_OBSERVATION
57.417905,-6.162703,2009,7,United Kingdom of Great Britain and Northern Ireland,HUMAN_OBSERVATION
57.42111,-6.788568,2014,5,United Kingdom of Great Britain and Northern Ireland,HUMAN_OBSERVATION
57.427059,-7.241012,1994,6,United Kingdom of Great Britain and Northern Ireland,HUMAN_OBSERVATION
57.438202,-7.25429,1990,5,United Kingdom of Great Britain and Northern Ireland,HUMAN_OBSERVATION
57.438202,-7.25429,1990,5,United Kingdom of Great Britain and Northern Ireland,HUMAN_OBSERVATION
57.439858,-7.236172,1990,5,United Kingdom of Great Britain and Northern Ireland,HUMAN_OBSERVATION
57.44178,-6.783449,2014,5,United Kingdom of Great Britain and Northern Ireland,HUMAN_OBSERVATION
57.44399,-6.626056,1988,5,United Kingdom of Great Britain and Northern Ireland,HUMAN_OBSERVATION
57.444672,-7.250213,1990,5,United Kingdom of Great Britain and Northern Ireland,HUMAN_OBSERVATION
57.452943,-6.627189,1988,5,United Kingdom of Great Britain and Northern Ireland,HUMAN_OBSERVATION
57.455775,-6.744369,1987,5,United Kingdom of Great Britain and Northern Ireland,HUMAN_OBSERVATION
57.457333,-7.248694,1994,6,United Kingdom of Great Britain and Northern Ireland,HUMAN_OBSERVATION
57.45807,-6.135229,2011,9,United Kingdom of Great Britain and Northern Ireland,HUMAN_OBSERVATION
57.462561,-7.252785,1994,6,United Kingdom of Great Britain and Northern Ireland,HUMAN_OBSERVATION
57.46412,-6.743884,2014,5,United Kingdom of Great Britain and Northern Ireland,HUMAN_OBSERVATION
57.46412,-6.743884,2014,5,United Kingdom of Great Britain and Northern Ireland,HUMAN_OBSERVATION
57.464643,-6.627001,1988,5,United Kingdom of Great Britain and Northern Ireland,HUMAN_OBSERVATION
57.46538,-6.622801,2005,7,United Kingdom of Great Britain and Northern Ireland,HUMAN_OBSERVATION
57.481716,-6.627494,1988,5,United Kingdom of Great Britain and Northern Ireland,HUMAN_OBSERVATION
57.49023,-5.887295,2004,6,United Kingdom of Great Britain and Northern Ireland,HUMAN_OBSERVATION
57.49092,-5.879169,2017,7,United Kingdom of Great Britain and Northern Ireland,HUMAN_OBSERVATION
57.492132,-6.334834,1988,5,United Kingdom of Great Britain and Northern Ireland,HUMAN_OBSERVATION
57.49228,-5.885416,2017,7,United Kingdom of Great Britain and Northern Ireland,HUMAN_OBSERVATION
57.499638,-6.429278,1988,5,United Kingdom of Great Britain and Northern Ireland,HUMAN_OBSERVATION
57.50238,-5.875182,2017,7,United Kingdom of Great Britain and Northern Ireland,HUMAN_OBSERVATION
57.506083,-6.425048,1988,6,United Kingdom of Great Britain and Northern Ireland,HUMAN_OBSERVATION
57.509287,-6.636005,1988,6,United Kingdom of Great Britain and Northern Ireland,HUMAN_OBSERVATION
57.51165,-6.592143,2012,9,United Kingdom of Great Britain and Northern Ireland,HUMAN_OBSERVATION
57.51165,-6.592143,2012,9,United Kingdom of Great Britain and Northern Ireland,HUMAN_OBSERVATION
57.51168,-6.592399,2017,9,United Kingdom of Great Britain and Northern Ireland,HUMAN_OBSERVATION
57.512662,-6.592977,1988,6,United Kingdom of Great Britain and Northern Ireland,HUMAN_OBSERVATION
57.512935,-6.409167,1988,6,United Kingdom of Great Britain and Northern Ireland,HUMAN_OBSERVATION
57.515361,-6.467958,1988,6,United Kingdom of Great Britain and Northern Ireland,HUMAN_OBSERVATION
57.515453,-6.615059,1988,5,United Kingdom of Great Britain and Northern Ireland,HUMAN_OBSERVATION
57.516377,-7.213716,1994,6,United Kingdom of Great Britain and Northern Ireland,HUMAN_OBSERVATION
57.516377,-7.213716,1994,6,United Kingdom of Great Britain and Northern Ireland,HUMAN_OBSERVATION
57.51655,-6.437292,2007,7,United Kingdom of Great Britain and Northern Ireland,HUMAN_OBSERVATION
57.51655,-6.437292,2007,7,United Kingdom of Great Britain and Northern Ireland,HUMAN_OBSERVATION
57.519991,-6.613961,1988,6,United Kingdom of Great Britain and Northern Ireland,HUMAN_OBSERVATION
57.52174,-6.431537,2007,7,United Kingdom of Great Britain and Northern Ireland,HUMAN_OBSERVATION
57.52174,-6.431537,2007,7,United Kingdom of Great Britain and Northern Ireland,HUMAN_OBSERVATION
57.52174,-6.431537,2007,7,United Kingdom of Great Britain and Northern Ireland,HUMAN_OBSERVATION
57.5219,-5.619733,1985,6,United Kingdom of Great Britain and Northern Ireland,HUMAN_OBSERVATION
57.52361,-5.654835,2000,8,United Kingdom of Great Britain and Northern Ireland,HUMAN_OBSERVATION
57.52478,-5.868594,2004,6,United Kingdom of Great Britain and Northern Ireland,HUMAN_OBSERVATION
57.525179,-5.661836,1985,6,United Kingdom of Great Britain and Northern Ireland,HUMAN_OBSERVATION
57.526286,-5.62351,1985,6,United Kingdom of Great Britain and Northern Ireland,HUMAN_OBSERVATION
57.526334,-5.621844,1985,6,United Kingdom of Great Britain and Northern Ireland,HUMAN_OBSERVATION
57.52694,-5.672171,2000,8,United Kingdom of Great Britain and Northern Ireland,HUMAN_OBSERVATION
57.52694,-5.672171,2000,8,United Kingdom of Great Britain and Northern Ireland,HUMAN_OBSERVATION
57.52697,-5.661341,2000,8,United Kingdom of Great Britain and Northern Ireland,HUMAN_OBSERVATION
57.528376,-5.675527,1985,6,United Kingdom of Great Britain and Northern Ireland,HUMAN_OBSERVATION
57.528695,-5.6179,1978,8,United Kingdom of Great Britain and Northern Ireland,HUMAN_OBSERVATION
57.53038,-6.647921,2014,5,United Kingdom of Great Britain and Northern Ireland,HUMAN_OBSERVATION
57.53038,-6.647921,2014,5,United Kingdom of Great Britain and Northern Ireland,HUMAN_OBSERVATION
57.530864,-5.620622,1985,6,United Kingdom of Great Britain and Northern Ireland,HUMAN_OBSERVATION
57.53108,-6.404673,1988,5,United Kingdom of Great Britain and Northern Ireland,HUMAN_OBSERVATION
57.531617,-5.625711,1985,6,United Kingdom of Great Britain and Northern Ireland,HUMAN_OBSERVATION
57.53695,-5.574324,2000,8,United Kingdom of Great Britain and Northern Ireland,HUMAN_OBSERVATION
57.53695,-5.574324,2000,8,United Kingdom of Great Britain and Northern Ireland,HUMAN_OBSERVATION
57.539261,-6.628109,1988,6,United Kingdom of Great Britain and Northern Ireland,HUMAN_OBSERVATION
57.541455,-6.390874,1988,5,United Kingdom of Great Britain and Northern Ireland,HUMAN_OBSERVATION
57.542404,-5.656878,1985,6,United Kingdom of Great Britain and Northern Ireland,HUMAN_OBSERVATION
57.542413,-6.64022,1988,5,United Kingdom of Great Britain and Northern Ireland,HUMAN_OBSERVATION
57.54445,-7.187612,1978,5,United Kingdom of Great Britain and Northern Ireland,HUMAN_OBSERVATION
57.544794,-5.573518,1985,6,United Kingdom of Great Britain and Northern Ireland,HUMAN_OBSERVATION
57.544823,-5.69725,1985,6,United Kingdom of Great Britain and Northern Ireland,HUMAN_OBSERVATION
57.54564,-5.694839,2001,6,United Kingdom of Great Britain and Northern Ireland,HUMAN_OBSERVATION
57.54564,-5.694839,2001,6,United Kingdom of Great Britain and Northern Ireland,HUMAN_OBSERVATION
57.54564,-5.694839,2001,6,United Kingdom of Great Britain and Northern Ireland,HUMAN_OBSERVATION
57.54631,-5.66907,2001,6,United Kingdom of Great Britain and Northern Ireland,HUMAN_OBSERVATION
57.547782,-5.657417,1985,6,United Kingdom of Great Britain and Northern Ireland,HUMAN_OBSERVATION
57.548028,-7.188122,1978,5,United Kingdom of Great Britain and Northern Ireland,HUMAN_OBSERVATION
57.550058,-5.640923,1985,6,United Kingdom of Great Britain and Northern Ireland,HUMAN_OBSERVATION
57.550542,-7.300627,1993,9,United Kingdom of Great Britain and Northern Ireland,HUMAN_OBSERVATION
57.552013,-5.572553,1985,6,United Kingdom of Great Britain and Northern Ireland,HUMAN_OBSERVATION
57.55361,-5.603827,2000,8,United Kingdom of Great Britain and Northern Ireland,HUMAN_OBSERVATION
57.554691,-7.266076,1984,7,United Kingdom of Great Britain and Northern Ireland,HUMAN_OBSERVATION
57.555186,-7.210905,1984,7,United Kingdom of Great Britain and Northern Ireland,HUMAN_OBSERVATION
57.557729,-5.716959,1985,6,United Kingdom of Great Britain and Northern Ireland,HUMAN_OBSERVATION
57.55867,-7.136617,2010,6,United Kingdom of Great Britain and Northern Ireland,HUMAN_OBSERVATION
57.55867,-7.136617,2010,6,United Kingdom of Great Britain and Northern Ireland,HUMAN_OBSERVATION
57.56028,-5.745512,2000,8,United Kingdom of Great Britain and Northern Ireland,HUMAN_OBSERVATION
57.56028,-5.745512,2000,8,United Kingdom of Great Britain and Northern Ireland,HUMAN_OBSERVATION
57.56028,-5.745512,2000,8,United Kingdom of Great Britain and Northern Ireland,HUMAN_OBSERVATION
57.56031,-5.691208,2001,6,United Kingdom of Great Britain and Northern Ireland,HUMAN_OBSERVATION
57.56199,-5.753567,2018,7,United Kingdom of Great Britain and Northern Ireland,HUMAN_OBSERVATION
57.562323,-7.277227,1984,7,United Kingdom of Great Britain and Northern Ireland,HUMAN_OBSERVATION
57.562602,-7.27057,1984,7,United Kingdom of Great Britain and Northern Ireland,HUMAN_OBSERVATION
57.562602,-7.27057,1984,7,United Kingdom of Great Britain and Northern Ireland,HUMAN_OBSERVATION
57.56485,-5.765465,2000,8,United Kingdom of Great Britain and Northern Ireland,HUMAN_OBSERVATION
57.56485,-5.765465,2000,8,United Kingdom of Great Britain and Northern Ireland,HUMAN_OBSERVATION
57.56881,-5.845708,2001,6,United Kingdom of Great Britain and Northern Ireland,HUMAN_OBSERVATION
57.56944,-5.776717,1985,6,United Kingdom of Great Britain and Northern Ireland,HUMAN_OBSERVATION
57.5749,-5.786163,2015,10,United Kingdom of Great Britain and Northern Ireland,HUMAN_OBSERVATION
57.575739,-5.685327,1985,6,United Kingdom of Great Britain and Northern Ireland,HUMAN_OBSERVATION
57.576183,-6.374974,1988,6,United Kingdom of Great Britain and Northern Ireland,HUMAN_OBSERVATION
57.57677,-6.518208,2007,7,United Kingdom of Great Britain and Northern Ireland,HUMAN_OBSERVATION
57.57677,-6.518208,2007,7,United Kingdom of Great Britain and Northern Ireland,HUMAN_OBSERVATION
57.57862,-5.711674,2000,8,United Kingdom of Great Britain and Northern Ireland,HUMAN_OBSERVATION
57.57874,-5.705457,2000,8,United Kingdom of Great Britain and Northern Ireland,HUMAN_OBSERVATION
57.57874,-5.705457,2000,8,United Kingdom of Great Britain and Northern Ireland,HUMAN_OBSERVATION
57.57874,-5.705457,2000,8,United Kingdom of Great Britain and Northern Ireland,HUMAN_OBSERVATION
57.59364,-7.096028,2002,6,United Kingdom of Great Britain and Northern Ireland,HUMAN_OBSERVATION
57.5937,-7.096569,2004,8,United Kingdom of Great Britain and Northern Ireland,HUMAN_OBSERVATION
57.59483,-7.163556,2004,7,United Kingdom of Great Britain and Northern Ireland,HUMAN_OBSERVATION
57.59649,-6.543627,2007,7,United Kingdom of Great Britain and Northern Ireland,HUMAN_OBSERVATION
57.59649,-6.543627,2007,7,United Kingdom of Great Britain and Northern Ireland,HUMAN_OBSERVATION
57.596675,-5.737681,1985,6,United Kingdom of Great Britain and Northern Ireland,HUMAN_OBSERVATION
57.59845,-7.13743,2007,8,United Kingdom of Great Britain and Northern Ireland,HUMAN_OBSERVATION
57.59952,-7.102129,2014,7,United Kingdom of Great Britain and Northern Ireland,HUMAN_OBSERVATION
57.60168,-6.639523,2014,5,United Kingdom of Great Britain and Northern Ireland,HUMAN_OBSERVATION
57.603829,-7.165918,1994,6,United Kingdom of Great Britain and Northern Ireland,HUMAN_OBSERVATION
57.603829,-7.165918,1994,6,United Kingdom of Great Britain and Northern Ireland,HUMAN_OBSERVATION
57.60567,-7.096958,2014,6,United Kingdom of Great Britain and Northern Ireland,HUMAN_OBSERVATION
57.60569,-7.096675,2004,7,United Kingdom of Great Britain and Northern Ireland,HUMAN_OBSERVATION
57.60649,11.63648,1922,7,Sweden,HUMAN_OBSERVATION
57.60649,11.63648,1922,7,Sweden,HUMAN_OBSERVATION
57.60812,-7.097889,2014,7,United Kingdom of Great Britain and Northern Ireland,HUMAN_OBSERVATION
57.608416,-7.119631,1990,5,United Kingdom of Great Britain and Northern Ireland,HUMAN_OBSERVATION
57.610985,-7.166936,1993,9,United Kingdom of Great Britain and Northern Ireland,HUMAN_OBSERVATION
57.610985,-7.166936,1993,9,United Kingdom of Great Britain and Northern Ireland,HUMAN_OBSERVATION
57.61164,-7.142866,1998,10,United Kingdom of Great Britain and Northern Ireland,HUMAN_OBSERVATION
57.61445,-7.148664,1998,10,United Kingdom of Great Britain and Northern Ireland,HUMAN_OBSERVATION
57.616888,-7.132563,1984,7,United Kingdom of Great Britain and Northern Ireland,HUMAN_OBSERVATION
57.616888,-7.132563,1984,7,United Kingdom of Great Britain and Northern Ireland,HUMAN_OBSERVATION
57.616888,-7.132563,1984,7,United Kingdom of Great Britain and Northern Ireland,HUMAN_OBSERVATION
57.618122,-7.124353,1990,5,United Kingdom of Great Britain and Northern Ireland,HUMAN_OBSERVATION
57.61862,-5.798851,2000,8,United Kingdom of Great Britain and Northern Ireland,HUMAN_OBSERVATION
57.61862,-5.798851,2000,8,United Kingdom of Great Britain and Northern Ireland,HUMAN_OBSERVATION
57.620026,-5.798728,1985,6,United Kingdom of Great Britain and Northern Ireland,HUMAN_OBSERVATION
57.62806,-6.592518,2014,5,United Kingdom of Great Britain and Northern Ireland,HUMAN_OBSERVATION
57.62991,-7.162132,2004,5,United Kingdom of Great Britain and Northern Ireland,HUMAN_OBSERVATION
57.62991,-7.162132,2004,7,United Kingdom of Great Britain and Northern Ireland,HUMAN_OBSERVATION
57.63015,11.6396,2006,9,Sweden,MATERIAL_SAMPLE
57.63015,11.6396,2006,9,Sweden,MATERIAL_SAMPLE
57.63015,11.6396,2006,9,Sweden,MATERIAL_SAMPLE
57.63015,11.6396,2006,9,Sweden,MATERIAL_SAMPLE
57.63015,11.6396,2006,9,Sweden,MATERIAL_SAMPLE
57.63266,-7.164989,1993,9,United Kingdom of Great Britain and Northern Ireland,HUMAN_OBSERVATION
57.63266,-7.164989,1993,9,United Kingdom of Great Britain and Northern Ireland,HUMAN_OBSERVATION
57.63266,-7.164989,1993,9,United Kingdom of Great Britain and Northern Ireland,HUMAN_OBSERVATION
57.63632,11.62147,2006,9,Sweden,MATERIAL_SAMPLE
57.63632,11.62147,2006,9,Sweden,MATERIAL_SAMPLE
57.63632,11.62147,2006,9,Sweden,MATERIAL_SAMPLE
57.63632,11.62147,2006,9,Sweden,MATERIAL_SAMPLE
57.63632,11.62147,2006,9,Sweden,MATERIAL_SAMPLE
57.63632,11.62147,2006,9,Sweden,MATERIAL_SAMPLE
57.63833,11.59417,2006,9,Sweden,MATERIAL_SAMPLE
57.63833,11.59417,2006,9,Sweden,MATERIAL_SAMPLE
57.63989,-7.186153,1990,5,United Kingdom of Great Britain and Northern Ireland,HUMAN_OBSERVATION
57.64013,-7.172612,2004,7,United Kingdom of Great Britain and Northern Ireland,HUMAN_OBSERVATION
57.64185,11.66597,2006,9,Sweden,MATERIAL_SAMPLE
57.64185,11.66597,2006,9,Sweden,MATERIAL_SAMPLE
57.64185,11.66597,2006,9,Sweden,MATERIAL_SAMPLE
57.64185,11.66597,2006,9,Sweden,MATERIAL_SAMPLE
57.643951,-7.196802,1993,9,United Kingdom of Great Britain and Northern Ireland,HUMAN_OBSERVATION
57.6505,11.6265,2006,8,Sweden,MATERIAL_SAMPLE
57.6505,11.6265,2006,8,Sweden,MATERIAL_SAMPLE
57.6505,11.6265,2006,8,Sweden,MATERIAL_SAMPLE
57.6505,11.6265,2006,8,Sweden,MATERIAL_SAMPLE
57.6505,11.6265,2006,8,Sweden,MATERIAL_SAMPLE
57.6505,11.6265,2006,8,Sweden,MATERIAL_SAMPLE
57.6505,11.6265,2006,8,Sweden,MATERIAL_SAMPLE
57.66378,11.67877,2006,9,Sweden,MATERIAL_SAMPLE
57.66378,11.67877,2006,9,Sweden,MATERIAL_SAMPLE
57.66378,11.67877,2006,9,Sweden,MATERIAL_SAMPLE
57.66583,-6.218639,2005,7,United Kingdom of Great Britain and Northern Ireland,HUMAN_OBSERVATION
57.66597,-6.21924,2006,7,United Kingdom of Great Britain and Northern Ireland,HUMAN_OBSERVATION
57.67344,-2.48422,2019,1,United Kingdom of Great Britain and Northern Ireland,HUMAN_OBSERVATION
57.67344,-2.48422,2019,3,United Kingdom of Great Britain and Northern Ireland,HUMAN_OBSERVATION
57.67344,-2.48422,2019,3,United Kingdom of Great Britain and Northern Ireland,HUMAN_OBSERVATION
57.67344,-2.48422,2018,11,United Kingdom of Great Britain and Northern Ireland,HUMAN_OBSERVATION
57.67372,-2.484308,2018,8,United Kingdom of Great Britain and Northern Ireland,HUMAN_OBSERVATION
57.67727,-2.497234,2017,5,United Kingdom of Great Britain and Northern Ireland,HUMAN_OBSERVATION
57.68237,-3.677745,2015,12,United Kingdom of Great Britain and Northern Ireland,HUMAN_OBSERVATION
57.683443,-4.020064,1992,5,United Kingdom of Great Britain and Northern Ireland,HUMAN_OBSERVATION
57.68416,-6.432101,2007,7,United Kingdom of Great Britain and Northern Ireland,HUMAN_OBSERVATION
57.68416,-6.432101,2007,7,United Kingdom of Great Britain and Northern Ireland,HUMAN_OBSERVATION
57.68416,-6.432101,2007,7,United Kingdom of Great Britain and Northern Ireland,HUMAN_OBSERVATION
57.68471,-7.170813,2005,8,United Kingdom of Great Britain and Northern Ireland,HUMAN_OBSERVATION
57.69229,-2.316393,2005,7,United Kingdom of Great Britain and Northern Ireland,HUMAN_OBSERVATION
57.693456,-5.687214,1990,6,United Kingdom of Great Britain and Northern Ireland,HUMAN_OBSERVATION
57.693456,-5.687214,1990,6,United Kingdom of Great Britain and Northern Ireland,HUMAN_OBSERVATION
57.69676,-3.131834,2019,2,United Kingdom of Great Britain and Northern Ireland,HUMAN_OBSERVATION
57.69676,-3.131834,2019,3,United Kingdom of Great Britain and Northern Ireland,HUMAN_OBSERVATION
57.69698,-2.292256,2005,7,United Kingdom of Great Britain and Northern Ireland,HUMAN_OBSERVATION
57.696993,-5.689253,1989,9,United Kingdom of Great Britain and Northern Ireland,HUMAN_OBSERVATION
57.699339,-5.701246,1989,9,United Kingdom of Great Britain and Northern Ireland,HUMAN_OBSERVATION
57.69985,-5.775186,1990,6,United Kingdom of Great Britain and Northern Ireland,HUMAN_OBSERVATION
57.700627,-5.687944,1990,6,United Kingdom of Great Britain and Northern Ireland,HUMAN_OBSERVATION
57.700627,-5.687944,1990,6,United Kingdom of Great Britain and Northern Ireland,HUMAN_OBSERVATION
57.700627,-5.687944,1989,9,United Kingdom of Great Britain and Northern Ireland,HUMAN_OBSERVATION
57.700985,-5.706452,1989,9,United Kingdom of Great Britain and Northern Ireland,HUMAN_OBSERVATION
57.701328,-5.694732,1990,6,United Kingdom of Great Britain and Northern Ireland,HUMAN_OBSERVATION
57.701328,-5.694732,1990,6,United Kingdom of Great Britain and Northern Ireland,HUMAN_OBSERVATION
57.70133,-7.174902,2005,8,United Kingdom of Great Britain and Northern Ireland,HUMAN_OBSERVATION
57.701636,-5.714916,1990,6,United Kingdom of Great Britain and Northern Ireland,HUMAN_OBSERVATION
57.702175,-5.696498,1989,9,United Kingdom of Great Britain and Northern Ireland,HUMAN_OBSERVATION
57.702175,-5.696498,1989,9,United Kingdom of Great Britain and Northern Ireland,HUMAN_OBSERVATION
57.702384,-5.72003,1990,6,United Kingdom of Great Britain and Northern Ireland,HUMAN_OBSERVATION
57.703625,-5.708402,1990,6,United Kingdom of Great Britain and Northern Ireland,HUMAN_OBSERVATION
57.704457,-5.679937,1989,9,United Kingdom of Great Britain and Northern Ireland,HUMAN_OBSERVATION
57.704472,-5.710168,1989,9,United Kingdom of Great Britain and Northern Ireland,HUMAN_OBSERVATION
57.704472,-5.710168,1989,9,United Kingdom of Great Britain and Northern Ireland,HUMAN_OBSERVATION
57.704962,-5.693424,1990,6,United Kingdom of Great Britain and Northern Ireland,HUMAN_OBSERVATION
57.706412,-5.705328,1989,9,United Kingdom of Great Britain and Northern Ireland,HUMAN_OBSERVATION
57.70669,-6.346101,2011,9,United Kingdom of Great Britain and Northern Ireland,HUMAN_OBSERVATION
57.707798,-5.688674,1990,6,United Kingdom of Great Britain and Northern Ireland,HUMAN_OBSERVATION
57.708057,-5.710535,1990,6,United Kingdom of Great Britain and Northern Ireland,HUMAN_OBSERVATION
57.708057,-5.710535,1990,6,United Kingdom of Great Britain and Northern Ireland,HUMAN_OBSERVATION
57.70911,-5.735838,1990,6,United Kingdom of Great Britain and Northern Ireland,HUMAN_OBSERVATION
57.709411,-5.756026,1989,9,United Kingdom of Great Britain and Northern Ireland,HUMAN_OBSERVATION
57.709461,-5.754351,1990,6,United Kingdom of Great Britain and Northern Ireland,HUMAN_OBSERVATION
57.710353,-5.724208,1990,6,United Kingdom of Great Britain and Northern Ireland,HUMAN_OBSERVATION
57.710599,-5.715835,1990,6,United Kingdom of Great Britain and Northern Ireland,HUMAN_OBSERVATION
57.710599,-5.715835,1990,6,United Kingdom of Great Britain and Northern Ireland,HUMAN_OBSERVATION
57.711237,-5.694063,1989,9,United Kingdom of Great Britain and Northern Ireland,HUMAN_OBSERVATION
57.712035,-5.697504,1990,6,United Kingdom of Great Britain and Northern Ireland,HUMAN_OBSERVATION
57.712981,-5.695921,1989,9,United Kingdom of Great Britain and Northern Ireland,HUMAN_OBSERVATION
57.713632,-5.704387,1989,9,United Kingdom of Great Britain and Northern Ireland,HUMAN_OBSERVATION
57.714479,-5.706153,1990,6,United Kingdom of Great Britain and Northern Ireland,HUMAN_OBSERVATION
57.714479,-5.706153,1990,6,United Kingdom of Great Britain and Northern Ireland,HUMAN_OBSERVATION
57.726391,-5.759468,1989,9,United Kingdom of Great Britain and Northern Ireland,HUMAN_OBSERVATION
57.726426,-5.697294,1989,9,United Kingdom of Great Britain and Northern Ireland,HUMAN_OBSERVATION
57.726982,-5.799862,1990,6,United Kingdom of Great Britain and Northern Ireland,HUMAN_OBSERVATION
57.726982,-5.799862,1990,6,United Kingdom of Great Britain and Northern Ireland,HUMAN_OBSERVATION
57.72817,-6.963572,2011,9,United Kingdom of Great Britain and Northern Ireland,HUMAN_OBSERVATION
57.72817,-6.963572,2011,9,United Kingdom of Great Britain and Northern Ireland,HUMAN_OBSERVATION
57.72824,-6.963666,2007,8,United Kingdom of Great Britain and Northern Ireland,HUMAN_OBSERVATION
57.728328,-5.724377,1990,6,United Kingdom of Great Britain and Northern Ireland,HUMAN_OBSERVATION
57.728328,-5.724377,1990,6,United Kingdom of Great Britain and Northern Ireland,HUMAN_OBSERVATION
57.72858,-6.964284,2010,5,United Kingdom of Great Britain and Northern Ireland,HUMAN_OBSERVATION
57.72876,-6.964191,2010,5,United Kingdom of Great Britain and Northern Ireland,HUMAN_OBSERVATION
57.728978,-5.732847,1990,6,United Kingdom of Great Britain and Northern Ireland,HUMAN_OBSERVATION
57.72908,-6.973251,2011,7,United Kingdom of Great Britain and Northern Ireland,HUMAN_OBSERVATION
57.732661,-5.790374,1989,9,United Kingdom of Great Britain and Northern Ireland,HUMAN_OBSERVATION
57.73598,-6.980677,2011,7,United Kingdom of Great Britain and Northern Ireland,HUMAN_OBSERVATION
57.74032,-6.969177,2014,7,United Kingdom of Great Britain and Northern Ireland,HUMAN_OBSERVATION
57.74523,-6.434067,2007,7,United Kingdom of Great Britain and Northern Ireland,HUMAN_OBSERVATION
57.74523,-6.434067,2007,7,United Kingdom of Great Britain and Northern Ireland,HUMAN_OBSERVATION
57.74535,-2.81801,2005,4,United Kingdom of Great Britain and Northern Ireland,HUMAN_OBSERVATION
57.7734,-7.021767,1984,7,United Kingdom of Great Britain and Northern Ireland,HUMAN_OBSERVATION
57.776918,-5.6301,1990,6,United Kingdom of Great Britain and Northern Ireland,HUMAN_OBSERVATION
57.778614,-5.633636,1989,9,United Kingdom of Great Britain and Northern Ireland,HUMAN_OBSERVATION
57.778807,-5.626924,1990,6,United Kingdom of Great Britain and Northern Ireland,HUMAN_OBSERVATION
57.789033,-5.646467,1989,9,United Kingdom of Great Britain and Northern Ireland,HUMAN_OBSERVATION
57.78976,-5.603496,2010,8,United Kingdom of Great Britain and Northern Ireland,HUMAN_OBSERVATION
57.791453,-5.624827,1989,9,United Kingdom of Great Britain and Northern Ireland,HUMAN_OBSERVATION
57.792474,-5.651865,1989,9,United Kingdom of Great Britain and Northern Ireland,HUMAN_OBSERVATION
57.792789,-5.577824,1989,9,United Kingdom of Great Britain and Northern Ireland,HUMAN_OBSERVATION
57.793115,-5.598058,1990,6,United Kingdom of Great Britain and Northern Ireland,HUMAN_OBSERVATION
57.793115,-5.598058,1990,6,United Kingdom of Great Britain and Northern Ireland,HUMAN_OBSERVATION
57.794059,-5.596469,1989,9,United Kingdom of Great Britain and Northern Ireland,HUMAN_OBSERVATION
57.79628,-5.581537,1989,9,United Kingdom of Great Britain and Northern Ireland,HUMAN_OBSERVATION
57.796366,-5.610168,1990,6,United Kingdom of Great Britain and Northern Ireland,HUMAN_OBSERVATION
57.796366,-5.610168,1990,6,United Kingdom of Great Britain and Northern Ireland,HUMAN_OBSERVATION
57.796687,-5.630404,1989,9,United Kingdom of Great Britain and Northern Ireland,HUMAN_OBSERVATION
57.796701,-5.598416,1989,9,United Kingdom of Great Britain and Northern Ireland,HUMAN_OBSERVATION
57.797406,-5.605221,1990,6,United Kingdom of Great Britain and Northern Ireland,HUMAN_OBSERVATION
57.79835,-5.603631,1989,9,United Kingdom of Great Britain and Northern Ireland,HUMAN_OBSERVATION
57.79835,-5.603631,1989,9,United Kingdom of Great Britain and Northern Ireland,HUMAN_OBSERVATION
57.79948,11.56673,2007,6,Sweden,HUMAN_OBSERVATION
57.801745,-5.610706,1989,9,United Kingdom of Great Britain and Northern Ireland,HUMAN_OBSERVATION
57.806027,-6.807218,1990,8,United Kingdom of Great Britain and Northern Ireland,HUMAN_OBSERVATION
57.806027,-6.807218,1990,8,United Kingdom of Great Britain and Northern Ireland,HUMAN_OBSERVATION
57.806657,-5.59604,1989,9,United Kingdom of Great Britain and Northern Ireland,HUMAN_OBSERVATION
57.810481,-5.588,1990,6,United Kingdom of Great Britain and Northern Ireland,HUMAN_OBSERVATION
57.818297,-5.629209,1990,6,United Kingdom of Great Britain and Northern Ireland,HUMAN_OBSERVATION
57.824549,-5.661853,1989,9,United Kingdom of Great Britain and Northern Ireland,HUMAN_OBSERVATION
57.824919,-5.586066,1989,9,United Kingdom of Great Britain and Northern Ireland,HUMAN_OBSERVATION
57.82559,-6.836807,1990,8,United Kingdom of Great Britain and Northern Ireland,HUMAN_OBSERVATION
57.82559,-6.836807,1990,8,United Kingdom of Great Britain and Northern Ireland,HUMAN_OBSERVATION
57.828061,-5.633562,1989,9,United Kingdom of Great Britain and Northern Ireland,HUMAN_OBSERVATION
57.82912,-8.609071,1997,7,United Kingdom of Great Britain and Northern Ireland,HUMAN_OBSERVATION
57.830767,-6.842561,1990,8,United Kingdom of Great Britain and Northern Ireland,HUMAN_OBSERVATION
57.830767,-6.842561,1990,8,United Kingdom of Great Britain and Northern Ireland,HUMAN_OBSERVATION
57.833464,-5.664444,1989,9,United Kingdom of Great Britain and Northern Ireland,HUMAN_OBSERVATION
57.83655,-5.089905,2019,2,United Kingdom of Great Britain and Northern Ireland,HUMAN_OBSERVATION
57.837453,-6.7372,1990,8,United Kingdom of Great Britain and Northern Ireland,HUMAN_OBSERVATION
57.837453,-6.7372,1990,8,United Kingdom of Great Britain and Northern Ireland,HUMAN_OBSERVATION
57.837453,-6.7372,1990,8,United Kingdom of Great Britain and Northern Ireland,HUMAN_OBSERVATION
57.838479,-5.646411,1989,9,United Kingdom of Great Britain and Northern Ireland,HUMAN_OBSERVATION
57.839593,-5.670124,1989,9,United Kingdom of Great Britain and Northern Ireland,HUMAN_OBSERVATION
57.84101,-3.730774,2004,8,United Kingdom of Great Britain and Northern Ireland,HUMAN_OBSERVATION
57.84274,-5.623241,1989,9,United Kingdom of Great Britain and Northern Ireland,HUMAN_OBSERVATION
57.84274,-5.623241,1989,9,United Kingdom of Great Britain and Northern Ireland,HUMAN_OBSERVATION
57.842788,-5.62156,1990,6,United Kingdom of Great Britain and Northern Ireland,HUMAN_OBSERVATION
57.8446,-5.628302,2021,7,United Kingdom of Great Britain and Northern Ireland,HUMAN_OBSERVATION
57.844773,-5.615016,1989,9,United Kingdom of Great Britain and Northern Ireland,HUMAN_OBSERVATION
57.846133,-5.630326,1989,9,United Kingdom of Great Britain and Northern Ireland,HUMAN_OBSERVATION
57.84624,-5.625481,2010,7,United Kingdom of Great Britain and Northern Ireland,HUMAN_OBSERVATION
57.847702,-5.606879,1990,6,United Kingdom of Great Britain and Northern Ireland,HUMAN_OBSERVATION
57.84841,-5.67608,1990,6,United Kingdom of Great Britain and Northern Ireland,HUMAN_OBSERVATION
57.850519,-5.63414,1990,6,United Kingdom of Great Britain and Northern Ireland,HUMAN_OBSERVATION
57.850615,-5.630778,1990,6,United Kingdom of Great Britain and Northern Ireland,HUMAN_OBSERVATION
57.852263,-5.636002,1989,9,United Kingdom of Great Britain and Northern Ireland,HUMAN_OBSERVATION
57.852504,-3.994018,2004,8,United Kingdom of Great Britain and Northern Ireland,HUMAN_OBSERVATION
57.852697,-5.683263,1989,9,United Kingdom of Great Britain and Northern Ireland,HUMAN_OBSERVATION
57.853837,-5.10334,1991,5,United Kingdom of Great Britain and Northern Ireland,HUMAN_OBSERVATION
57.85522,-5.658224,1990,6,United Kingdom of Great Britain and Northern Ireland,HUMAN_OBSERVATION
57.855656,-5.643091,1990,6,United Kingdom of Great Britain and Northern Ireland,HUMAN_OBSERVATION
57.856072,-4.029593,2004,8,United Kingdom of Great Britain and Northern Ireland,HUMAN_OBSERVATION
57.857665,-6.677422,1988,7,United Kingdom of Great Britain and Northern Ireland,HUMAN_OBSERVATION
57.859169,-3.976857,2004,8,United Kingdom of Great Britain and Northern Ireland,HUMAN_OBSERVATION
57.859169,-3.976857,2004,8,United Kingdom of Great Britain and Northern Ireland,HUMAN_OBSERVATION
57.859267,-5.245453,1991,5,United Kingdom of Great Britain and Northern Ireland,HUMAN_OBSERVATION
57.859267,-5.245453,1991,5,United Kingdom of Great Britain and Northern Ireland,HUMAN_OBSERVATION
57.859775,-5.260676,1991,5,United Kingdom of Great Britain and Northern Ireland,HUMAN_OBSERVATION
57.859849,-5.461366,1989,9,United Kingdom of Great Britain and Northern Ireland,HUMAN_OBSERVATION
57.859849,-5.461366,1989,9,United Kingdom of Great Britain and Northern Ireland,HUMAN_OBSERVATION
57.865661,-5.097613,1991,5,United Kingdom of Great Britain and Northern Ireland,HUMAN_OBSERVATION
57.865661,-5.097613,1991,5,United Kingdom of Great Britain and Northern Ireland,HUMAN_OBSERVATION
57.865661,-5.097613,1991,5,United Kingdom of Great Britain and Northern Ireland,HUMAN_OBSERVATION
57.871173,-5.271829,1991,5,United Kingdom of Great Britain and Northern Ireland,HUMAN_OBSERVATION
57.87762,-5.119261,2018,9,United Kingdom of Great Britain and Northern Ireland,HUMAN_OBSERVATION
57.87762,-5.119261,2018,9,United Kingdom of Great Britain and Northern Ireland,HUMAN_OBSERVATION
57.87784,-5.122047,2018,9,United Kingdom of Great Britain and Northern Ireland,HUMAN_OBSERVATION
57.87784,-5.122047,2018,9,United Kingdom of Great Britain and Northern Ireland,HUMAN_OBSERVATION
57.879866,-6.805267,1990,8,United Kingdom of Great Britain and Northern Ireland,HUMAN_OBSERVATION
57.880241,-6.771544,1990,8,United Kingdom of Great Britain and Northern Ireland,HUMAN_OBSERVATION
57.880241,-6.771544,1990,8,United Kingdom of Great Britain and Northern Ireland,HUMAN_OBSERVATION
57.881332,-5.154641,1991,5,United Kingdom of Great Britain and Northern Ireland,HUMAN_OBSERVATION
57.881833,-5.134437,1991,5,United Kingdom of Great Britain and Northern Ireland,HUMAN_OBSERVATION
57.881833,-5.134437,1991,5,United Kingdom of Great Britain and Northern Ireland,HUMAN_OBSERVATION
57.881833,-5.134437,1991,5,United Kingdom of Great Britain and Northern Ireland,HUMAN_OBSERVATION
57.883435,-5.453509,1989,9,United Kingdom of Great Britain and Northern Ireland,HUMAN_OBSERVATION
57.883526,-5.450142,1989,9,United Kingdom of Great Britain and Northern Ireland,HUMAN_OBSERVATION
57.883669,-6.72809,1990,8,United Kingdom of Great Britain and Northern Ireland,HUMAN_OBSERVATION
57.883669,-6.72809,1990,8,United Kingdom of Great Britain and Northern Ireland,HUMAN_OBSERVATION
57.887957,-6.733721,1980,3,United Kingdom of Great Britain and Northern Ireland,HUMAN_OBSERVATION
57.890745,-5.449147,1989,9,United Kingdom of Great Britain and Northern Ireland,HUMAN_OBSERVATION
57.895521,-6.771883,1990,8,United Kingdom of Great Britain and Northern Ireland,HUMAN_OBSERVATION
57.895521,-6.771883,1990,8,United Kingdom of Great Britain and Northern Ireland,HUMAN_OBSERVATION
57.895521,-6.771883,1990,8,United Kingdom of Great Britain and Northern Ireland,HUMAN_OBSERVATION
57.903388,-5.446982,1989,9,United Kingdom of Great Britain and Northern Ireland,HUMAN_OBSERVATION
57.904927,-6.832278,1990,8,United Kingdom of Great Britain and Northern Ireland,HUMAN_OBSERVATION
57.911517,-5.412295,1991,5,United Kingdom of Great Britain and Northern Ireland,HUMAN_OBSERVATION
57.911517,-5.412295,1991,5,United Kingdom of Great Britain and Northern Ireland,HUMAN_OBSERVATION
57.917688,-6.898235,1990,8,United Kingdom of Great Britain and Northern Ireland,HUMAN_OBSERVATION
57.917688,-6.898235,1990,8,United Kingdom of Great Britain and Northern Ireland,HUMAN_OBSERVATION
57.91819,-5.241652,2015,6,United Kingdom of Great Britain and Northern Ireland,HUMAN_OBSERVATION
57.918539,-5.247425,1991,5,United Kingdom of Great Britain and Northern Ireland,HUMAN_OBSERVATION
57.919584,-6.607729,1988,7,United Kingdom of Great Britain and Northern Ireland,HUMAN_OBSERVATION
57.923642,-6.88383,1990,8,United Kingdom of Great Britain and Northern Ireland,HUMAN_OBSERVATION
57.926624,-6.612014,1988,7,United Kingdom of Great Britain and Northern Ireland,HUMAN_OBSERVATION
57.926624,-6.612014,1988,7,United Kingdom of Great Britain and Northern Ireland,HUMAN_OBSERVATION
57.926624,-6.612014,1988,7,United Kingdom of Great Britain and Northern Ireland,HUMAN_OBSERVATION
57.927052,-6.600234,1988,7,United Kingdom of Great Britain and Northern Ireland,HUMAN_OBSERVATION
57.927052,-6.600234,1988,7,United Kingdom of Great Britain and Northern Ireland,HUMAN_OBSERVATION
57.92707,-5.347361,2001,6,United Kingdom of Great Britain and Northern Ireland,HUMAN_OBSERVATION
57.92865,-5.348777,2001,6,United Kingdom of Great Britain and Northern Ireland,HUMAN_OBSERVATION
57.92913,-5.350425,2001,6,United Kingdom of Great Britain and Northern Ireland,HUMAN_OBSERVATION
57.930165,-6.877954,1990,8,United Kingdom of Great Britain and Northern Ireland,HUMAN_OBSERVATION
57.930165,-6.877954,1990,8,United Kingdom of Great Britain and Northern Ireland,HUMAN_OBSERVATION
57.93021,-5.198928,2018,9,United Kingdom of Great Britain and Northern Ireland,HUMAN_OBSERVATION
57.931751,-6.619437,1988,7,United Kingdom of Great Britain and Northern Ireland,HUMAN_OBSERVATION
57.93903,-5.351966,1996,6,United Kingdom of Great Britain and Northern Ireland,HUMAN_OBSERVATION
57.93969,-5.354563,2019,4,United Kingdom of Great Britain and Northern Ireland,HUMAN_OBSERVATION
57.943008,-6.96429,1990,8,United Kingdom of Great Britain and Northern Ireland,HUMAN_OBSERVATION
57.943008,-6.96429,1990,8,United Kingdom of Great Britain and Northern Ireland,HUMAN_OBSERVATION
57.947371,-6.684041,1988,7,United Kingdom of Great Britain and Northern Ireland,HUMAN_OBSERVATION
57.949074,-6.970206,1990,8,United Kingdom of Great Britain and Northern Ireland,HUMAN_OBSERVATION
57.949074,-6.970206,1990,8,United Kingdom of Great Britain and Northern Ireland,HUMAN_OBSERVATION
57.94992,-5.232107,2018,9,United Kingdom of Great Britain and Northern Ireland,HUMAN_OBSERVATION
57.951557,-6.716735,1988,7,United Kingdom of Great Britain and Northern Ireland,HUMAN_OBSERVATION
57.95319,-6.704074,2021,7,United Kingdom of Great Britain and Northern Ireland,HUMAN_OBSERVATION
57.95783,-5.220811,2019,4,United Kingdom of Great Britain and Northern Ireland,HUMAN_OBSERVATION
57.95917,-5.361779,1996,6,United Kingdom of Great Britain and Northern Ireland,HUMAN_OBSERVATION
57.95928,-5.359303,1996,6,United Kingdom of Great Britain and Northern Ireland,HUMAN_OBSERVATION
57.960618,-6.641772,1988,7,United Kingdom of Great Britain and Northern Ireland,HUMAN_OBSERVATION
57.96152,-5.461981,1996,6,United Kingdom of Great Britain and Northern Ireland,HUMAN_OBSERVATION
57.96228,-5.460532,1996,6,United Kingdom of Great Britain and Northern Ireland,HUMAN_OBSERVATION
57.96395,-5.361398,1996,6,United Kingdom of Great Britain and Northern Ireland,HUMAN_OBSERVATION
57.96735,-5.439366,1996,6,United Kingdom of Great Britain and Northern Ireland,HUMAN_OBSERVATION
57.96735,-5.439366,1996,6,United Kingdom of Great Britain and Northern Ireland,HUMAN_OBSERVATION
57.96834,-5.44589,1996,6,United Kingdom of Great Britain and Northern Ireland,HUMAN_OBSERVATION
57.97581,-5.344574,1996,6,United Kingdom of Great Britain and Northern Ireland,HUMAN_OBSERVATION
57.97694,-5.302138,2014,11,United Kingdom of Great Britain and Northern Ireland,HUMAN_OBSERVATION
57.97709,-5.303861,2014,11,United Kingdom of Great Britain and Northern Ireland,HUMAN_OBSERVATION
57.97709,-5.303861,2014,11,United Kingdom of Great Britain and Northern Ireland,HUMAN_OBSERVATION
57.9789,-5.343677,1996,6,United Kingdom of Great Britain and Northern Ireland,HUMAN_OBSERVATION
57.97917,-5.420632,2017,6,United Kingdom of Great Britain and Northern Ireland,HUMAN_OBSERVATION
57.97982,-5.318184,2016,8,United Kingdom of Great Britain and Northern Ireland,HUMAN_OBSERVATION
57.98013,-3.826427,2015,12,United Kingdom of Great Britain and Northern Ireland,HUMAN_OBSERVATION
57.98549,-5.336074,2016,8,United Kingdom of Great Britain and Northern Ireland,HUMAN_OBSERVATION
57.99308,-5.351264,1996,6,United Kingdom of Great Britain and Northern Ireland,HUMAN_OBSERVATION
57.99308,-5.351264,1996,6,United Kingdom of Great Britain and Northern Ireland,HUMAN_OBSERVATION
57.994475,-6.7478,1988,7,United Kingdom of Great Britain and Northern Ireland,HUMAN_OBSERVATION
57.99717,-5.353001,1996,6,United Kingdom of Great Britain and Northern Ireland,HUMAN_OBSERVATION
57.99726,-5.34285,1996,6,United Kingdom of Great Britain and Northern Ireland,HUMAN_OBSERVATION
57.99743,-5.353195,1996,6,United Kingdom of Great Britain and Northern Ireland,HUMAN_OBSERVATION
57.99874,-5.351117,1996,6,United Kingdom of Great Britain and Northern Ireland,HUMAN_OBSERVATION
57.99908,-5.351156,2014,11,United Kingdom of Great Britain and Northern Ireland,HUMAN_OBSERVATION
57.99929,-5.345969,2014,11,United Kingdom of Great Britain and Northern Ireland,HUMAN_OBSERVATION
58.00026,-5.404392,2018,6,United Kingdom of Great Britain and Northern Ireland,HUMAN_OBSERVATION
58.00026,-5.404392,2018,8,United Kingdom of Great Britain and Northern Ireland,HUMAN_OBSERVATION
58.00311,-5.388466,2017,4,United Kingdom of Great Britain and Northern Ireland,HUMAN_OBSERVATION
58.00504,-5.441494,2018,9,United Kingdom of Great Britain and Northern Ireland,HUMAN_OBSERVATION
58.00856,-5.428299,2018,9,United Kingdom of Great Britain and Northern Ireland,HUMAN_OBSERVATION
58.00919,-5.420162,2018,9,United Kingdom of Great Britain and Northern Ireland,HUMAN_OBSERVATION
58.00924,-5.392577,1996,6,United Kingdom of Great Britain and Northern Ireland,HUMAN_OBSERVATION
58.01013,-5.394193,2016,8,United Kingdom of Great Britain and Northern Ireland,HUMAN_OBSERVATION
58.0106,-5.436506,2018,9,United Kingdom of Great Britain and Northern Ireland,HUMAN_OBSERVATION
58.01086,-5.391376,2017,4,United Kingdom of Great Britain and Northern Ireland,HUMAN_OBSERVATION
58.010866,7.603002,2022,8,Norway,HUMAN_OBSERVATION
58.010866,7.603002,2016,6,Norway,HUMAN_OBSERVATION
58.010866,7.603002,2014,6,Norway,HUMAN_OBSERVATION
58.010866,7.603002,2013,6,Norway,HUMAN_OBSERVATION
58.01113,-5.434965,2018,9,United Kingdom of Great Britain and Northern Ireland,HUMAN_OBSERVATION
58.01113,-5.434965,2018,9,United Kingdom of Great Britain and Northern Ireland,HUMAN_OBSERVATION
58.01334,-5.437515,1996,6,United Kingdom of Great Britain and Northern Ireland,HUMAN_OBSERVATION
58.01362,-5.436483,2018,9,United Kingdom of Great Britain and Northern Ireland,HUMAN_OBSERVATION
58.01435,-5.436934,1996,6,United Kingdom of Great Britain and Northern Ireland,HUMAN_OBSERVATION
58.01605,-5.440316,1996,6,United Kingdom of Great Britain and Northern Ireland,HUMAN_OBSERVATION
58.01623,-5.398245,2018,9,United Kingdom of Great Britain and Northern Ireland,HUMAN_OBSERVATION
58.0164,-5.393764,2018,9,United Kingdom of Great Britain and Northern Ireland,HUMAN_OBSERVATION
58.01709,-5.423678,2018,9,United Kingdom of Great Britain and Northern Ireland,HUMAN_OBSERVATION
58.01723,-5.434178,2017,6,United Kingdom of Great Britain and Northern Ireland,HUMAN_OBSERVATION
58.01723,-5.434178,2017,6,United Kingdom of Great Britain and Northern Ireland,HUMAN_OBSERVATION
58.01832,-5.394691,2018,9,United Kingdom of Great Britain and Northern Ireland,HUMAN_OBSERVATION
58.01832,-5.394691,2018,9,United Kingdom of Great Britain and Northern Ireland,HUMAN_OBSERVATION
58.021296,-6.703893,1988,7,United Kingdom of Great Britain and Northern Ireland,HUMAN_OBSERVATION
58.021296,-6.703893,1988,7,United Kingdom of Great Britain and Northern Ireland,HUMAN_OBSERVATION
58.02273,-5.429267,1996,6,United Kingdom of Great Britain and Northern Ireland,HUMAN_OBSERVATION
58.023,-5.420833,1996,5,United Kingdom of Great Britain and Northern Ireland,HUMAN_OBSERVATION
58.02393,-3.775452,2004,8,United Kingdom of Great Britain and Northern Ireland,HUMAN_OBSERVATION
58.02402,-5.46976,2014,11,United Kingdom of Great Britain and Northern Ireland,HUMAN_OBSERVATION
58.024048,-5.372192,1979,10,United Kingdom of Great Britain and Northern Ireland,HUMAN_OBSERVATION
58.0257,-5.464526,2014,11,United Kingdom of Great Britain and Northern Ireland,HUMAN_OBSERVATION
58.028193,-7.062609,1988,8,United Kingdom of Great Britain and Northern Ireland,HUMAN_OBSERVATION
58.028193,-7.062609,1988,8,United Kingdom of Great Britain and Northern Ireland,HUMAN_OBSERVATION
58.02949,-5.374008,2019,5,United Kingdom of Great Britain and Northern Ireland,HUMAN_OBSERVATION
58.02965,-5.374752,2018,9,United Kingdom of Great Britain and Northern Ireland,HUMAN_OBSERVATION
58.02994,-5.373559,2017,9,United Kingdom of Great Britain and Northern Ireland,HUMAN_OBSERVATION
58.03172,-5.40441,2016,8,United Kingdom of Great Britain and Northern Ireland,HUMAN_OBSERVATION
58.032218,-7.029257,1988,8,United Kingdom of Great Britain and Northern Ireland,HUMAN_OBSERVATION
58.035569,-7.012765,1988,8,United Kingdom of Great Britain and Northern Ireland,HUMAN_OBSERVATION
58.035569,-7.012765,1988,8,United Kingdom of Great Britain and Northern Ireland,HUMAN_OBSERVATION
58.03621,-7.15371,2011,7,United Kingdom of Great Britain and Northern Ireland,HUMAN_OBSERVATION
58.037945,-7.043634,1988,8,United Kingdom of Great Britain and Northern Ireland,HUMAN_OBSERVATION
58.038718,-7.001333,1988,8,United Kingdom of Great Britain and Northern Ireland,HUMAN_OBSERVATION
58.040321,-6.675866,1988,7,United Kingdom of Great Britain and Northern Ireland,HUMAN_OBSERVATION
58.043226,-6.978211,1988,8,United Kingdom of Great Britain and Northern Ireland,HUMAN_OBSERVATION
58.051373,-6.66883,1988,7,United Kingdom of Great Britain and Northern Ireland,HUMAN_OBSERVATION
58.05226,-7.045656,1988,8,United Kingdom of Great Britain and Northern Ireland,HUMAN_OBSERVATION
58.052996,-7.027092,1988,8,United Kingdom of Great Britain and Northern Ireland,HUMAN_OBSERVATION
58.052996,-7.027092,1988,8,United Kingdom of Great Britain and Northern Ireland,HUMAN_OBSERVATION
58.053935,-6.623353,1988,7,United Kingdom of Great Britain and Northern Ireland,HUMAN_OBSERVATION
58.055145,-7.040972,1988,8,United Kingdom of Great Britain and Northern Ireland,HUMAN_OBSERVATION
58.055145,-7.040972,1988,8,United Kingdom of Great Britain and Northern Ireland,HUMAN_OBSERVATION
58.055145,-7.040972,1988,8,United Kingdom of Great Britain and Northern Ireland,HUMAN_OBSERVATION
58.05586,-5.424949,2017,9,United Kingdom of Great Britain and Northern Ireland,HUMAN_OBSERVATION
58.05586,-5.424949,2017,9,United Kingdom of Great Britain and Northern Ireland,HUMAN_OBSERVATION
58.056642,-7.025908,1988,8,United Kingdom of Great Britain and Northern Ireland,HUMAN_OBSERVATION
58.062594,-7.057303,1988,8,United Kingdom of Great Britain and Northern Ireland,HUMAN_OBSERVATION
58.067872,-7.037677,1988,8,United Kingdom of Great Britain and Northern Ireland,HUMAN_OBSERVATION
58.067872,-7.037677,1988,8,United Kingdom of Great Britain and Northern Ireland,HUMAN_OBSERVATION
58.070915,-7.05169,1988,8,United Kingdom of Great Britain and Northern Ireland,HUMAN_OBSERVATION
58.070915,-7.05169,1988,8,United Kingdom of Great Britain and Northern Ireland,HUMAN_OBSERVATION
58.070915,-7.05169,1988,8,United Kingdom of Great Britain and Northern Ireland,HUMAN_OBSERVATION
58.093952,-6.382257,1990,8,United Kingdom of Great Britain and Northern Ireland,HUMAN_OBSERVATION
58.093952,-6.382257,1990,8,United Kingdom of Great Britain and Northern Ireland,HUMAN_OBSERVATION
58.0962,-6.447077,1990,8,United Kingdom of Great Britain and Northern Ireland,HUMAN_OBSERVATION
58.099384,-6.381226,1990,8,United Kingdom of Great Britain and Northern Ireland,HUMAN_OBSERVATION
58.099462,-6.405017,1993,9,United Kingdom of Great Britain and Northern Ireland,HUMAN_OBSERVATION
58.10137,-6.401855,1990,8,United Kingdom of Great Britain and Northern Ireland,HUMAN_OBSERVATION
58.10137,-6.401855,1990,8,United Kingdom of Great Britain and Northern Ireland,HUMAN_OBSERVATION
58.113203,-6.423708,1990,8,United Kingdom of Great Britain and Northern Ireland,HUMAN_OBSERVATION
58.113203,-6.423708,1990,8,United Kingdom of Great Britain and Northern Ireland,HUMAN_OBSERVATION
58.113203,-6.423708,1990,8,United Kingdom of Great Britain and Northern Ireland,HUMAN_OBSERVATION
58.1323,8.06625,2016,6,Norway,HUMAN_OBSERVATION
58.1323,8.06625,2015,6,Norway,HUMAN_OBSERVATION
58.1323,8.06625,2014,6,Norway,HUMAN_OBSERVATION
58.144695,8.035953,2016,6,Norway,HUMAN_OBSERVATION
58.144695,8.035953,2015,6,Norway,HUMAN_OBSERVATION
58.144695,8.035953,2014,6,Norway,HUMAN_OBSERVATION
58.144695,8.035953,2013,6,Norway,HUMAN_OBSERVATION
58.15364,-5.301314,2013,7,United Kingdom of Great Britain and Northern Ireland,HUMAN_OBSERVATION
58.166435,-6.886499,1982,9,United Kingdom of Great Britain and Northern Ireland,HUMAN_OBSERVATION
58.16805,-6.88575,1982,9,United Kingdom of Great Britain and Northern Ireland,HUMAN_OBSERVATION
58.17907,-6.88742,1982,9,United Kingdom of Great Britain and Northern Ireland,HUMAN_OBSERVATION
58.186057,-6.890901,1982,9,United Kingdom of Great Britain and Northern Ireland,HUMAN_OBSERVATION
58.188612,-6.89466,1982,9,United Kingdom of Great Britain and Northern Ireland,HUMAN_OBSERVATION
58.193361,-6.745397,1982,9,United Kingdom of Great Britain and Northern Ireland,HUMAN_OBSERVATION
58.199134,-6.925078,1982,9,United Kingdom of Great Britain and Northern Ireland,HUMAN_OBSERVATION
58.20094,-6.196151,1982,9,United Kingdom of Great Britain and Northern Ireland,HUMAN_OBSERVATION
58.20114,-6.896387,1982,9,United Kingdom of Great Britain and Northern Ireland,HUMAN_OBSERVATION
58.202897,-6.779048,1982,9,United Kingdom of Great Britain and Northern Ireland,HUMAN_OBSERVATION
58.202897,-6.779048,1982,9,United Kingdom of Great Britain and Northern Ireland,HUMAN_OBSERVATION
58.203412,-6.930784,1982,9,United Kingdom of Great Britain and Northern Ireland,HUMAN_OBSERVATION
58.204215,-6.886586,1982,9,United Kingdom of Great Britain and Northern Ireland,HUMAN_OBSERVATION
58.204623,-6.8287,1982,9,United Kingdom of Great Britain and Northern Ireland,HUMAN_OBSERVATION
58.205158,-6.908871,1982,9,United Kingdom of Great Britain and Northern Ireland,HUMAN_OBSERVATION
58.205158,-6.908871,1982,9,United Kingdom of Great Britain and Northern Ireland,HUMAN_OBSERVATION
58.205454,-6.830517,1982,9,United Kingdom of Great Britain and Northern Ireland,HUMAN_OBSERVATION
58.20935,-6.87473,1982,9,United Kingdom of Great Britain and Northern Ireland,HUMAN_OBSERVATION
58.20961,11.34066,1927,7,Sweden,HUMAN_OBSERVATION
58.210299,-6.868674,1982,9,United Kingdom of Great Britain and Northern Ireland,HUMAN_OBSERVATION
58.21032,11.3172,1927,7,Sweden,HUMAN_OBSERVATION
58.210804,-6.87897,1982,9,United Kingdom of Great Britain and Northern Ireland,HUMAN_OBSERVATION
58.210853,-6.901136,1982,9,United Kingdom of Great Britain and Northern Ireland,HUMAN_OBSERVATION
58.210853,-6.901136,1982,9,United Kingdom of Great Britain and Northern Ireland,HUMAN_OBSERVATION
58.21335,11.28626,1923,7,Sweden,HUMAN_OBSERVATION
58.213555,-6.303288,1982,9,United Kingdom of Great Britain and Northern Ireland,HUMAN_OBSERVATION
58.216386,-6.77916,1982,9,United Kingdom of Great Britain and Northern Ireland,HUMAN_OBSERVATION
58.216386,-6.77916,1982,9,United Kingdom of Great Britain and Northern Ireland,HUMAN_OBSERVATION
58.2164,11.4069,2021,4,Sweden,HUMAN_OBSERVATION
58.21755,-6.912617,1982,9,United Kingdom of Great Britain and Northern Ireland,HUMAN_OBSERVATION
58.21755,-6.912617,1982,9,United Kingdom of Great Britain and Northern Ireland,HUMAN_OBSERVATION
58.21755,-6.912617,1982,9,United Kingdom of Great Britain and Northern Ireland,HUMAN_OBSERVATION
58.218208,-6.897037,1982,9,United Kingdom of Great Britain and Northern Ireland,HUMAN_OBSERVATION
58.218208,-6.897037,1982,9,United Kingdom of Great Britain and Northern Ireland,HUMAN_OBSERVATION
58.218208,-6.897037,1982,9,United Kingdom of Great Britain and Northern Ireland,HUMAN_OBSERVATION
58.218907,-6.902249,1982,9,United Kingdom of Great Britain and Northern Ireland,HUMAN_OBSERVATION
58.218907,-6.902249,1982,9,United Kingdom of Great Britain and Northern Ireland,HUMAN_OBSERVATION
58.21902,-4.939307,1988,10,United Kingdom of Great Britain and Northern Ireland,HUMAN_OBSERVATION
58.221593,-4.94463,1988,10,United Kingdom of Great Britain and Northern Ireland,HUMAN_OBSERVATION
58.221593,-4.94463,1988,10,United Kingdom of Great Britain and Northern Ireland,HUMAN_OBSERVATION
58.222074,-6.771401,1982,9,United Kingdom of Great Britain and Northern Ireland,HUMAN_OBSERVATION
58.22341,-6.855128,1993,9,United Kingdom of Great Britain and Northern Ireland,HUMAN_OBSERVATION
58.223804,-6.797209,1982,9,United Kingdom of Great Britain and Northern Ireland,HUMAN_OBSERVATION
58.22534,-6.947823,1982,9,United Kingdom of Great Britain and Northern Ireland,HUMAN_OBSERVATION
58.225347,-6.921896,1982,9,United Kingdom of Great Britain and Northern Ireland,HUMAN_OBSERVATION
58.225347,-6.921896,1982,9,United Kingdom of Great Britain and Northern Ireland,HUMAN_OBSERVATION
58.225594,-6.797451,1982,9,United Kingdom of Great Britain and Northern Ireland,HUMAN_OBSERVATION
58.225836,-6.862281,1993,9,United Kingdom of Great Britain and Northern Ireland,HUMAN_OBSERVATION
58.227448,-6.795997,1982,9,United Kingdom of Great Britain and Northern Ireland,HUMAN_OBSERVATION
58.227448,-6.795997,1982,9,United Kingdom of Great Britain and Northern Ireland,HUMAN_OBSERVATION
58.227448,-6.795997,1982,9,United Kingdom of Great Britain and Northern Ireland,HUMAN_OBSERVATION
58.22766,-6.908574,1982,9,United Kingdom of Great Britain and Northern Ireland,HUMAN_OBSERVATION
58.22766,-6.908574,1982,9,United Kingdom of Great Britain and Northern Ireland,HUMAN_OBSERVATION
58.22833,6.50283,2022,9,Norway,HUMAN_OBSERVATION
58.228471,-6.792725,1982,9,United Kingdom of Great Britain and Northern Ireland,HUMAN_OBSERVATION
58.228471,-6.792725,1982,9,United Kingdom of Great Britain and Northern Ireland,HUMAN_OBSERVATION
58.22948,11.40914,1926,8,Sweden,HUMAN_OBSERVATION
58.22948,11.40914,1926,8,Sweden,HUMAN_OBSERVATION
58.22948,11.40914,1926,8,Sweden,HUMAN_OBSERVATION
58.230644,-6.806662,1982,9,United Kingdom of Great Britain and Northern Ireland,HUMAN_OBSERVATION
58.230644,-6.806662,1982,9,United Kingdom of Great Britain and Northern Ireland,HUMAN_OBSERVATION
58.230644,-6.806662,1982,9,United Kingdom of Great Britain and Northern Ireland,HUMAN_OBSERVATION
58.231717,-6.943247,1982,9,United Kingdom of Great Britain and Northern Ireland,HUMAN_OBSERVATION
58.231717,-6.943247,1982,9,United Kingdom of Great Britain and Northern Ireland,HUMAN_OBSERVATION
58.233072,-6.931497,1982,9,United Kingdom of Great Britain and Northern Ireland,HUMAN_OBSERVATION
58.233072,-6.931497,1982,9,United Kingdom of Great Britain and Northern Ireland,HUMAN_OBSERVATION
58.233072,-6.931497,1982,9,United Kingdom of Great Britain and Northern Ireland,HUMAN_OBSERVATION
58.233346,-6.865869,1982,9,United Kingdom of Great Britain and Northern Ireland,HUMAN_OBSERVATION
58.23548,-6.948902,2002,3,United Kingdom of Great Britain and Northern Ireland,HUMAN_OBSERVATION
58.2363,-6.869771,2002,9,United Kingdom of Great Britain and Northern Ireland,HUMAN_OBSERVATION
58.2363,-6.869771,2002,9,United Kingdom of Great Britain and Northern Ireland,HUMAN_OBSERVATION
58.236704,-6.86036,1993,9,United Kingdom of Great Britain and Northern Ireland,HUMAN_OBSERVATION
58.236704,-6.86036,1993,9,United Kingdom of Great Britain and Northern Ireland,HUMAN_OBSERVATION
58.237548,-6.79054,1982,9,United Kingdom of Great Britain and Northern Ireland,HUMAN_OBSERVATION
58.237548,-6.79054,1982,9,United Kingdom of Great Britain and Northern Ireland,HUMAN_OBSERVATION
58.23764,-6.862961,2002,9,United Kingdom of Great Britain and Northern Ireland,HUMAN_OBSERVATION
58.23775,11.36558,1927,7,Sweden,HUMAN_OBSERVATION
58.23775,11.36558,1927,7,Sweden,HUMAN_OBSERVATION
58.239507,-6.951158,1982,9,United Kingdom of Great Britain and Northern Ireland,HUMAN_OBSERVATION
58.240322,-6.868106,2002,9,United Kingdom of Great Britain and Northern Ireland,HUMAN_OBSERVATION
58.240322,-6.868106,2002,9,United Kingdom of Great Britain and Northern Ireland,HUMAN_OBSERVATION
58.242023,-6.815028,1982,9,United Kingdom of Great Britain and Northern Ireland,HUMAN_OBSERVATION
58.242211,-6.833819,1982,9,United Kingdom of Great Britain and Northern Ireland,HUMAN_OBSERVATION
58.242211,-6.833819,1982,9,United Kingdom of Great Britain and Northern Ireland,HUMAN_OBSERVATION
58.242645,-6.869704,1993,9,United Kingdom of Great Britain and Northern Ireland,HUMAN_OBSERVATION
58.242645,-6.869704,1993,9,United Kingdom of Great Britain and Northern Ireland,HUMAN_OBSERVATION
58.24298,11.41722,1929,7,Sweden,HUMAN_OBSERVATION
58.24298,11.41722,1929,7,Sweden,HUMAN_OBSERVATION
58.24359,11.37205,2019,7,Sweden,MATERIAL_SAMPLE
58.24359,11.37205,2019,7,Sweden,MATERIAL_SAMPLE
58.24359,11.37205,2019,7,Sweden,MATERIAL_SAMPLE
58.24359,11.37205,2019,7,Sweden,MATERIAL_SAMPLE
58.24359,11.37205,2019,7,Sweden,MATERIAL_SAMPLE
58.246616,-4.989318,1988,10,United Kingdom of Great Britain and Northern Ireland,HUMAN_OBSERVATION
58.246616,-4.989318,1988,10,United Kingdom of Great Britain and Northern Ireland,HUMAN_OBSERVATION
58.24752,11.61564,1929,7,Sweden,HUMAN_OBSERVATION
58.24752,11.61564,1929,7,Sweden,HUMAN_OBSERVATION
58.24752,11.61564,1929,7,Sweden,HUMAN_OBSERVATION
58.24832,11.49824,1927,7,Sweden,HUMAN_OBSERVATION
58.24832,11.49824,1927,7,Sweden,HUMAN_OBSERVATION
58.24832,11.49824,1927,7,Sweden,HUMAN_OBSERVATION
58.249871,-6.794168,2002,9,United Kingdom of Great Britain and Northern Ireland,HUMAN_OBSERVATION
58.249871,-6.794168,2002,9,United Kingdom of Great Britain and Northern Ireland,HUMAN_OBSERVATION
58.25309,11.38232,1926,8,Sweden,HUMAN_OBSERVATION
58.25309,11.38232,1926,8,Sweden,HUMAN_OBSERVATION
58.25309,11.38232,1926,8,Sweden,HUMAN_OBSERVATION
58.25309,11.38232,1926,8,Sweden,HUMAN_OBSERVATION
58.25454,8.522821,2021,9,Norway,HUMAN_OBSERVATION
58.25454,8.522821,2018,6,Norway,HUMAN_OBSERVATION
58.25454,8.522821,2016,6,Norway,HUMAN_OBSERVATION
58.25454,8.522821,2015,6,Norway,HUMAN_OBSERVATION
58.25454,8.522821,2014,6,Norway,HUMAN_OBSERVATION
58.25454,8.522821,2013,6,Norway,HUMAN_OBSERVATION
58.25528,11.36148,1926,8,Sweden,HUMAN_OBSERVATION
58.25528,11.36148,1926,8,Sweden,HUMAN_OBSERVATION
58.25796,-5.02013,2018,9,United Kingdom of Great Britain and Northern Ireland,HUMAN_OBSERVATION
58.258,11.36092,2008,6,Sweden,HUMAN_OBSERVATION
58.2582,11.41943,1926,8,Sweden,HUMAN_OBSERVATION
58.2582,11.41943,1926,8,Sweden,HUMAN_OBSERVATION
58.2582,11.41943,1926,8,Sweden,HUMAN_OBSERVATION
58.2583,-5.016202,2019,11,United Kingdom of Great Britain and Northern Ireland,HUMAN_OBSERVATION
58.258598,-6.165441,1982,9,United Kingdom of Great Britain and Northern Ireland,HUMAN_OBSERVATION
58.258658,-5.087524,1988,10,United Kingdom of Great Britain and Northern Ireland,HUMAN_OBSERVATION
58.2587,-6.849723,1982,9,United Kingdom of Great Britain and Northern Ireland,HUMAN_OBSERVATION
58.2587,-6.849723,1982,9,United Kingdom of Great Britain and Northern Ireland,HUMAN_OBSERVATION
58.2587,-6.849723,1982,9,United Kingdom of Great Britain and Northern Ireland,HUMAN_OBSERVATION
58.25934,11.37829,1927,8,Sweden,HUMAN_OBSERVATION
58.259389,-5.019381,1988,10,United Kingdom of Great Britain and Northern Ireland,HUMAN_OBSERVATION
58.25948,-5.061802,2013,7,United Kingdom of Great Britain and Northern Ireland,HUMAN_OBSERVATION
58.2599,-6.873525,1982,9,United Kingdom of Great Britain and Northern Ireland,HUMAN_OBSERVATION
58.2599,-6.873525,1982,9,United Kingdom of Great Britain and Northern Ireland,HUMAN_OBSERVATION
58.26246,11.41399,1926,8,Sweden,HUMAN_OBSERVATION
58.26246,11.41399,1926,8,Sweden,HUMAN_OBSERVATION
58.26246,11.41399,1926,8,Sweden,HUMAN_OBSERVATION
58.26246,11.41399,1926,8,Sweden,HUMAN_OBSERVATION
58.26246,11.41399,1926,8,Sweden,HUMAN_OBSERVATION
58.26263,11.47036,1926,8,Sweden,HUMAN_OBSERVATION
58.26263,11.47036,1926,8,Sweden,HUMAN_OBSERVATION
58.26263,11.47036,1926,8,Sweden,HUMAN_OBSERVATION
58.26568,11.41319,1927,7,Sweden,HUMAN_OBSERVATION
58.26568,11.41319,1927,7,Sweden,HUMAN_OBSERVATION
58.26568,11.41319,1927,7,Sweden,HUMAN_OBSERVATION
58.2658,11.4175,,,Sweden,MATERIAL_SAMPLE
58.26752,-6.854345,1982,9,United Kingdom of Great Britain and Northern Ireland,HUMAN_OBSERVATION
58.26752,-6.854345,1982,9,United Kingdom of Great Britain and Northern Ireland,HUMAN_OBSERVATION
58.26761,11.45182,1929,7,Sweden,HUMAN_OBSERVATION
58.26761,11.45182,1929,7,Sweden,HUMAN_OBSERVATION
58.26923,-6.860687,1982,9,United Kingdom of Great Britain and Northern Ireland,HUMAN_OBSERVATION
58.26923,-6.860687,1982,9,United Kingdom of Great Britain and Northern Ireland,HUMAN_OBSERVATION
58.27,11.42,2010,11,Sweden,MATERIAL_SAMPLE
58.273133,8.537156,2018,8,Norway,HUMAN_OBSERVATION
58.273133,8.537156,2016,6,Norway,HUMAN_OBSERVATION
58.278506,-6.872929,1982,9,United Kingdom of Great Britain and Northern Ireland,HUMAN_OBSERVATION
58.278506,-6.872929,1982,9,United Kingdom of Great Britain and Northern Ireland,HUMAN_OBSERVATION
58.27918,11.47236,1923,9,Sweden,HUMAN_OBSERVATION
58.28036,-6.871477,1982,9,United Kingdom of Great Britain and Northern Ireland,HUMAN_OBSERVATION
58.28036,-6.871477,1982,9,United Kingdom of Great Britain and Northern Ireland,HUMAN_OBSERVATION
58.28036,-6.871477,1982,9,United Kingdom of Great Britain and Northern Ireland,HUMAN_OBSERVATION
58.28329,11.51985,1923,6,Sweden,HUMAN_OBSERVATION
58.29098,11.49335,1927,7,Sweden,HUMAN_OBSERVATION
58.29098,11.49335,1927,7,Sweden,HUMAN_OBSERVATION
58.29098,11.49335,1927,7,Sweden,HUMAN_OBSERVATION
58.29603,11.52535,1926,8,Sweden,HUMAN_OBSERVATION
58.29603,11.52535,1926,8,Sweden,HUMAN_OBSERVATION
58.29757,11.34129,1926,8,Sweden,HUMAN_OBSERVATION
58.29757,11.34129,1926,8,Sweden,HUMAN_OBSERVATION
58.29757,11.34129,1926,8,Sweden,HUMAN_OBSERVATION
58.29757,11.34129,1926,8,Sweden,HUMAN_OBSERVATION
58.29757,11.34129,1926,8,Sweden,HUMAN_OBSERVATION
58.30055,11.53079,1927,8,Sweden,HUMAN_OBSERVATION
58.30826,11.73135,1929,7,Sweden,HUMAN_OBSERVATION
58.30826,11.73135,1929,7,Sweden,HUMAN_OBSERVATION
58.310969,-5.153562,1984,7,United Kingdom of Great Britain and Northern Ireland,HUMAN_OBSERVATION
58.316571,-5.181389,1984,7,United Kingdom of Great Britain and Northern Ireland,HUMAN_OBSERVATION
58.316602,8.581778,2022,8,Norway,HUMAN_OBSERVATION
58.316602,8.581778,2021,9,Norway,HUMAN_OBSERVATION
58.316602,8.581778,2016,6,Norway,HUMAN_OBSERVATION
58.316602,8.581778,2015,6,Norway,HUMAN_OBSERVATION
58.316602,8.581778,2014,6,Norway,HUMAN_OBSERVATION
58.316602,8.581778,2013,6,Norway,HUMAN_OBSERVATION
58.32638,11.53979,1927,7,Sweden,HUMAN_OBSERVATION
58.32638,11.53979,1927,7,Sweden,HUMAN_OBSERVATION
58.32638,11.53979,1927,7,Sweden,HUMAN_OBSERVATION
58.32638,11.53979,1927,7,Sweden,HUMAN_OBSERVATION
58.32638,11.53979,1927,7,Sweden,HUMAN_OBSERVATION
58.32638,11.53979,1927,7,Sweden,HUMAN_OBSERVATION
58.3287,11.56511,1926,8,Sweden,HUMAN_OBSERVATION
58.3287,11.56511,1926,8,Sweden,HUMAN_OBSERVATION
58.3287,11.56511,1926,8,Sweden,HUMAN_OBSERVATION
58.3287,11.56511,1926,8,Sweden,HUMAN_OBSERVATION
58.345442,11.587719,2023,6,Sweden,HUMAN_OBSERVATION
58.34623,11.58791,2022,3,Sweden,HUMAN_OBSERVATION
58.3493,11.14189,2009,8,Sweden,HUMAN_OBSERVATION
58.35752,11.59373,1923,7,Sweden,HUMAN_OBSERVATION
58.35995,11.19636,2018,4,Sweden,HUMAN_OBSERVATION
58.36088,11.20751,2021,6,Sweden,HUMAN_OBSERVATION
58.37214,11.61634,2019,10,Sweden,HUMAN_OBSERVATION
58.37382,11.15541,2009,8,Sweden,HUMAN_OBSERVATION
58.376095,-5.173064,2016,7,United Kingdom of Great Britain and Northern Ireland,HUMAN_OBSERVATION
58.37969,11.60392,1927,7,Sweden,HUMAN_OBSERVATION
58.37969,11.60392,1927,7,Sweden,HUMAN_OBSERVATION
58.37969,11.60392,1927,7,Sweden,HUMAN_OBSERVATION
58.37969,11.60392,1927,7,Sweden,HUMAN_OBSERVATION
58.38454,-5.044386,2001,7,United Kingdom of Great Britain and Northern Ireland,HUMAN_OBSERVATION
58.38454,-5.044386,2001,7,United Kingdom of Great Britain and Northern Ireland,HUMAN_OBSERVATION
58.38467,11.57598,1923,6,Sweden,HUMAN_OBSERVATION
58.38686,-5.058184,2009,8,United Kingdom of Great Britain and Northern Ireland,HUMAN_OBSERVATION
58.38686,-5.058184,2009,8,United Kingdom of Great Britain and Northern Ireland,HUMAN_OBSERVATION
58.38686,-5.058184,2009,8,United Kingdom of Great Britain and Northern Ireland,HUMAN_OBSERVATION
58.388053,-5.050917,1984,7,United Kingdom of Great Britain and Northern Ireland,HUMAN_OBSERVATION
58.3888,-5.196066,2019,6,United Kingdom of Great Britain and Northern Ireland,HUMAN_OBSERVATION
58.38966,-5.177109,2010,7,United Kingdom of Great Britain and Northern Ireland,HUMAN_OBSERVATION
58.390335,-5.068229,1984,7,United Kingdom of Great Britain and Northern Ireland,HUMAN_OBSERVATION
58.39072,-5.070458,2009,8,United Kingdom of Great Britain and Northern Ireland,HUMAN_OBSERVATION
58.39145,-5.177424,2019,6,United Kingdom of Great Britain and Northern Ireland,HUMAN_OBSERVATION
58.39393,-5.07019,2010,7,United Kingdom of Great Britain and Northern Ireland,HUMAN_OBSERVATION
58.39426,11.60184,2004,6,Sweden,HUMAN_OBSERVATION
58.3948,11.59973,1923,6,Sweden,HUMAN_OBSERVATION
58.39539,-5.086769,2001,7,United Kingdom of Great Britain and Northern Ireland,HUMAN_OBSERVATION
58.39539,-5.086769,2001,7,United Kingdom of Great Britain and Northern Ireland,HUMAN_OBSERVATION
58.3957,11.59311,1929,7,Sweden,HUMAN_OBSERVATION
58.3957,11.59311,1929,7,Sweden,HUMAN_OBSERVATION
58.3957,11.59311,1929,7,Sweden,HUMAN_OBSERVATION
58.39637,11.61047,1926,8,Sweden,HUMAN_OBSERVATION
58.39637,11.61047,1926,8,Sweden,HUMAN_OBSERVATION
58.39637,11.61047,1926,8,Sweden,HUMAN_OBSERVATION
58.39637,11.61047,1926,8,Sweden,HUMAN_OBSERVATION
58.397017,-5.089352,1991,5,United Kingdom of Great Britain and Northern Ireland,HUMAN_OBSERVATION
58.397017,-5.089352,1991,5,United Kingdom of Great Britain and Northern Ireland,HUMAN_OBSERVATION
58.39859,11.58216,1923,9,Sweden,HUMAN_OBSERVATION
58.398687,-5.094634,1991,5,United Kingdom of Great Britain and Northern Ireland,HUMAN_OBSERVATION
58.40062,11.62947,1929,7,Sweden,HUMAN_OBSERVATION
58.40062,11.62947,1929,7,Sweden,HUMAN_OBSERVATION
58.40062,11.62947,1929,7,Sweden,HUMAN_OBSERVATION
58.40062,11.62947,1929,7,Sweden,HUMAN_OBSERVATION
58.401707,-5.081202,1991,5,United Kingdom of Great Britain and Northern Ireland,HUMAN_OBSERVATION
58.40177,-5.103079,2001,7,United Kingdom of Great Britain and Northern Ireland,HUMAN_OBSERVATION
58.40185,-5.102941,2009,8,United Kingdom of Great Britain and Northern Ireland,HUMAN_OBSERVATION
58.40185,-5.102941,2009,8,United Kingdom of Great Britain and Northern Ireland,HUMAN_OBSERVATION
58.40185,-5.102941,2009,8,United Kingdom of Great Britain and Northern Ireland,HUMAN_OBSERVATION
58.40185,-5.102941,2009,8,United Kingdom of Great Britain and Northern Ireland,HUMAN_OBSERVATION
58.40185,-5.102941,2009,8,United Kingdom of Great Britain and Northern Ireland,HUMAN_OBSERVATION
58.4043,-5.071092,2009,8,United Kingdom of Great Britain and Northern Ireland,HUMAN_OBSERVATION
58.4043,-5.071092,2009,8,United Kingdom of Great Britain and Northern Ireland,HUMAN_OBSERVATION
58.4043,-5.071092,2009,8,United Kingdom of Great Britain and Northern Ireland,HUMAN_OBSERVATION
58.4043,-5.071092,2009,8,United Kingdom of Great Britain and Northern Ireland,HUMAN_OBSERVATION
58.4043,-5.071092,2009,8,United Kingdom of Great Britain and Northern Ireland,HUMAN_OBSERVATION
58.40436,-5.071953,2001,7,United Kingdom of Great Britain and Northern Ireland,HUMAN_OBSERVATION
58.40436,-5.071953,2001,7,United Kingdom of Great Britain and Northern Ireland,HUMAN_OBSERVATION
58.40554,-5.103539,2009,8,United Kingdom of Great Britain and Northern Ireland,HUMAN_OBSERVATION
58.405654,-5.103807,1984,7,United Kingdom of Great Britain and Northern Ireland,HUMAN_OBSERVATION
58.40575,-5.10206,2018,9,United Kingdom of Great Britain and Northern Ireland,HUMAN_OBSERVATION
58.40623,-5.111178,2009,8,United Kingdom of Great Britain and Northern Ireland,HUMAN_OBSERVATION
58.40725,-5.094212,2010,8,United Kingdom of Great Britain and Northern Ireland,HUMAN_OBSERVATION
58.409639,-5.124707,1991,5,United Kingdom of Great Britain and Northern Ireland,HUMAN_OBSERVATION
58.410352,-5.057983,1991,5,United Kingdom of Great Britain and Northern Ireland,HUMAN_OBSERVATION
58.410352,-5.057983,1991,5,United Kingdom of Great Britain and Northern Ireland,HUMAN_OBSERVATION
58.410393,-5.056274,1991,5,United Kingdom of Great Britain and Northern Ireland,HUMAN_OBSERVATION
58.411574,-5.044389,1991,5,United Kingdom of Great Britain and Northern Ireland,HUMAN_OBSERVATION
58.411615,-5.04268,1991,5,United Kingdom of Great Britain and Northern Ireland,HUMAN_OBSERVATION
58.411615,-5.04268,1991,5,United Kingdom of Great Britain and Northern Ireland,HUMAN_OBSERVATION
58.411786,-5.147161,1984,7,United Kingdom of Great Britain and Northern Ireland,HUMAN_OBSERVATION
58.41203,-3.085099,2009,10,United Kingdom of Great Britain and Northern Ireland,HUMAN_OBSERVATION
58.41205,-5.130396,2010,7,United Kingdom of Great Britain and Northern Ireland,HUMAN_OBSERVATION
58.413817,-5.063422,1991,5,United Kingdom of Great Britain and Northern Ireland,HUMAN_OBSERVATION
58.413817,-5.063422,1991,5,United Kingdom of Great Britain and Northern Ireland,HUMAN_OBSERVATION
58.413817,-5.063422,1991,5,United Kingdom of Great Britain and Northern Ireland,HUMAN_OBSERVATION
58.41461,-5.062167,2009,8,United Kingdom of Great Britain and Northern Ireland,HUMAN_OBSERVATION
58.41461,-5.062167,2009,8,United Kingdom of Great Britain and Northern Ireland,HUMAN_OBSERVATION
58.414673,-5.065209,1991,5,United Kingdom of Great Britain and Northern Ireland,HUMAN_OBSERVATION
58.41796,-5.115167,1984,7,United Kingdom of Great Britain and Northern Ireland,HUMAN_OBSERVATION
58.419962,-5.106779,1984,7,United Kingdom of Great Britain and Northern Ireland,HUMAN_OBSERVATION
58.42019,-3.08011,2009,8,United Kingdom of Great Britain and Northern Ireland,HUMAN_OBSERVATION
58.42429,11.59383,1927,7,Sweden,HUMAN_OBSERVATION
58.42429,11.59383,1927,7,Sweden,HUMAN_OBSERVATION
58.42467,11.65373,1927,7,Sweden,HUMAN_OBSERVATION
58.42773,-5.119468,2019,6,United Kingdom of Great Britain and Northern Ireland,HUMAN_OBSERVATION
58.433171,-5.00513,1991,5,United Kingdom of Great Britain and Northern Ireland,HUMAN_OBSERVATION
58.434965,-5.005283,1991,5,United Kingdom of Great Britain and Northern Ireland,HUMAN_OBSERVATION
58.438753,-4.997037,1984,7,United Kingdom of Great Britain and Northern Ireland,HUMAN_OBSERVATION
58.43986,11.26825,2018,8,Sweden,HUMAN_OBSERVATION
58.43986,11.26825,2017,8,Sweden,HUMAN_OBSERVATION
58.43986,11.26825,2016,8,Sweden,HUMAN_OBSERVATION
58.43986,11.26825,2014,8,Sweden,HUMAN_OBSERVATION
58.44037,-3.036768,2009,10,United Kingdom of Great Britain and Northern Ireland,HUMAN_OBSERVATION
58.441388,-5.0941,1984,7,United Kingdom of Great Britain and Northern Ireland,HUMAN_OBSERVATION
58.44651,-5.015368,2006,8,United Kingdom of Great Britain and Northern Ireland,HUMAN_OBSERVATION
58.448629,-5.073307,1991,5,United Kingdom of Great Britain and Northern Ireland,HUMAN_OBSERVATION
58.44998,-5.032794,2021,10,United Kingdom of Great Britain and Northern Ireland,HUMAN_OBSERVATION
58.45024,-5.03832,2019,5,United Kingdom of Great Britain and Northern Ireland,HUMAN_OBSERVATION
58.4503,-5.034433,2018,10,United Kingdom of Great Britain and Northern Ireland,HUMAN_OBSERVATION
58.45058,-5.038624,2018,10,United Kingdom of Great Britain and Northern Ireland,HUMAN_OBSERVATION
58.45704,-3.053439,2009,10,United Kingdom of Great Britain and Northern Ireland,HUMAN_OBSERVATION
58.45705,-5.07255,2006,8,United Kingdom of Great Britain and Northern Ireland,HUMAN_OBSERVATION
58.45869,-5.075493,2018,10,United Kingdom of Great Britain and Northern Ireland,HUMAN_OBSERVATION
58.4646,-4.724845,1986,8,United Kingdom of Great Britain and Northern Ireland,HUMAN_OBSERVATION
58.47285,-5.13191,2019,6,United Kingdom of Great Britain and Northern Ireland,HUMAN_OBSERVATION
58.47289,-5.132531,2019,5,United Kingdom of Great Britain and Northern Ireland,HUMAN_OBSERVATION
58.47531,-5.119448,2021,8,United Kingdom of Great Britain and Northern Ireland,HUMAN_OBSERVATION
58.47531,-5.119448,2021,8,United Kingdom of Great Britain and Northern Ireland,HUMAN_OBSERVATION
58.47627,-5.117509,2018,9,United Kingdom of Great Britain and Northern Ireland,HUMAN_OBSERVATION
58.477522,-4.708691,1986,8,United Kingdom of Great Britain and Northern Ireland,HUMAN_OBSERVATION
58.47839,-5.129983,2019,6,United Kingdom of Great Britain and Northern Ireland,HUMAN_OBSERVATION
58.48556,-4.711026,1986,8,United Kingdom of Great Britain and Northern Ireland,HUMAN_OBSERVATION
58.487607,-4.699172,1986,8,United Kingdom of Great Britain and Northern Ireland,HUMAN_OBSERVATION
58.487607,-4.699172,1986,8,United Kingdom of Great Britain and Northern Ireland,HUMAN_OBSERVATION
58.491051,-4.663397,1986,8,United Kingdom of Great Britain and Northern Ireland,HUMAN_OBSERVATION
58.492129,-4.697803,1986,8,United Kingdom of Great Britain and Northern Ireland,HUMAN_OBSERVATION
58.499915,-4.669219,1986,8,United Kingdom of Great Britain and Northern Ireland,HUMAN_OBSERVATION
58.505476,-4.661057,1986,8,United Kingdom of Great Britain and Northern Ireland,HUMAN_OBSERVATION
58.505476,-4.661057,1986,8,United Kingdom of Great Britain and Northern Ireland,HUMAN_OBSERVATION
58.50643,-4.659123,2011,6,United Kingdom of Great Britain and Northern Ireland,HUMAN_OBSERVATION
58.50643,-4.659123,2011,6,United Kingdom of Great Britain and Northern Ireland,HUMAN_OBSERVATION
58.50885,-4.656765,2011,6,United Kingdom of Great Britain and Northern Ireland,HUMAN_OBSERVATION
58.509029,-4.663043,1986,8,United Kingdom of Great Britain and Northern Ireland,HUMAN_OBSERVATION
58.509029,-4.663043,1986,8,United Kingdom of Great Britain and Northern Ireland,HUMAN_OBSERVATION
58.5132,8.944219,2022,8,Norway,HUMAN_OBSERVATION
58.5132,8.944219,2021,10,Norway,HUMAN_OBSERVATION
58.5132,8.944219,2018,6,Norway,HUMAN_OBSERVATION
58.5132,8.944219,2016,6,Norway,HUMAN_OBSERVATION
58.5132,8.944219,2015,6,Norway,HUMAN_OBSERVATION
58.5132,8.944219,2014,6,Norway,HUMAN_OBSERVATION
58.5132,8.944219,2013,6,Norway,HUMAN_OBSERVATION
58.53377,-4.65145,2011,6,United Kingdom of Great Britain and Northern Ireland,HUMAN_OBSERVATION
58.53586,11.0624,2010,9,Sweden,HUMAN_OBSERVATION
58.53687,11.02381,2020,7,Sweden,HUMAN_OBSERVATION
58.55154,11.08161,2017,6,Sweden,HUMAN_OBSERVATION
58.553957,-4.663015,1986,8,United Kingdom of Great Britain and Northern Ireland,HUMAN_OBSERVATION
58.57238,-4.655419,2012,7,United Kingdom of Great Britain and Northern Ireland,HUMAN_OBSERVATION
58.57887,11.08606,2007,8,Sweden,HUMAN_OBSERVATION
58.579898,-4.580685,1970,,United Kingdom of Great Britain and Northern Ireland,HUMAN_OBSERVATION
58.59679,-3.040911,2009,9,United Kingdom of Great Britain and Northern Ireland,HUMAN_OBSERVATION
58.6002,11.2805,2024,7,Sweden,MATERIAL_SAMPLE
58.6104,-3.034688,2009,9,United Kingdom of Great Britain and Northern Ireland,HUMAN_OBSERVATION
58.64141,-3.024285,2009,9,United Kingdom of Great Britain and Northern Ireland,HUMAN_OBSERVATION
58.64141,-3.024285,2009,9,United Kingdom of Great Britain and Northern Ireland,HUMAN_OBSERVATION
58.66033,11.20846,2017,6,Sweden,HUMAN_OBSERVATION
58.6694,-3.104427,2009,9,United Kingdom of Great Britain and Northern Ireland,HUMAN_OBSERVATION
58.67321,11.1966,2019,11,Sweden,HUMAN_OBSERVATION
58.712104,9.247338,2023,10,Norway,HUMAN_OBSERVATION
58.74279,9.267662,2022,8,Norway,HUMAN_OBSERVATION
58.74279,9.267662,2016,6,Norway,HUMAN_OBSERVATION
58.74279,9.267662,2015,6,Norway,HUMAN_OBSERVATION
58.74279,9.267662,2014,6,Norway,HUMAN_OBSERVATION
58.74279,9.267662,2013,6,Norway,HUMAN_OBSERVATION
58.77737,11.00086,1994,10,Sweden,HUMAN_OBSERVATION
58.77855,11.00437,1994,10,Sweden,HUMAN_OBSERVATION
58.77926,11.00042,1994,10,Sweden,HUMAN_OBSERVATION
58.77942,10.99724,1994,10,Sweden,HUMAN_OBSERVATION
58.7942,10.99192,2007,3,Sweden,HUMAN_OBSERVATION
58.800833,-3.2,2012,11,United Kingdom of Great Britain and Northern Ireland,MATERIAL_SAMPLE
58.800833,-3.2,2012,11,United Kingdom of Great Britain and Northern Ireland,MATERIAL_SAMPLE
58.800835,-3.2,2013,11,United Kingdom of Great Britain and Northern Ireland,MATERIAL_SAMPLE
58.800835,-3.2,2013,11,United Kingdom of Great Britain and Northern Ireland,MATERIAL_SAMPLE
58.801334,-3.198667,2013,11,United Kingdom of Great Britain and Northern Ireland,MATERIAL_SAMPLE
58.801334,-3.198667,2013,11,United Kingdom of Great Britain and Northern Ireland,MATERIAL_SAMPLE
58.80856,-3.084488,2016,10,United Kingdom of Great Britain and Northern Ireland,HUMAN_OBSERVATION
58.809551,-2.978882,2011,9,United Kingdom of Great Britain and Northern Ireland,HUMAN_OBSERVATION
58.809551,-2.978882,2011,9,United Kingdom of Great Britain and Northern Ireland,HUMAN_OBSERVATION
58.81323,-3.164578,2018,10,United Kingdom of Great Britain and Northern Ireland,HUMAN_OBSERVATION
58.81707,-2.998411,2011,9,United Kingdom of Great Britain and Northern Ireland,HUMAN_OBSERVATION
58.81708,-3.02191,2011,8,United Kingdom of Great Britain and Northern Ireland,HUMAN_OBSERVATION
58.81708,-3.02191,2011,8,United Kingdom of Great Britain and Northern Ireland,HUMAN_OBSERVATION
58.826249,-3.026115,2013,3,United Kingdom of Great Britain and Northern Ireland,HUMAN_OBSERVATION
58.827188,-2.9612,1977,8,United Kingdom of Great Britain and Northern Ireland,MATERIAL_SAMPLE
58.827188,-2.9612,1977,8,United Kingdom of Great Britain and Northern Ireland,MATERIAL_SAMPLE
58.82898,11.0871,1994,10,Sweden,HUMAN_OBSERVATION
58.83427,11.08083,2022,9,Sweden,MATERIAL_SAMPLE
58.83427,11.08083,2022,9,Sweden,MATERIAL_SAMPLE
58.83427,11.08083,2022,9,Sweden,MATERIAL_SAMPLE
58.83427,11.08083,2022,9,Sweden,MATERIAL_SAMPLE
58.834622,-2.928485,2015,2,United Kingdom of Great Britain and Northern Ireland,HUMAN_OBSERVATION
58.8357,-3.182694,2015,10,United Kingdom of Great Britain and Northern Ireland,HUMAN_OBSERVATION
58.8357,-3.182676,2016,10,United Kingdom of Great Britain and Northern Ireland,HUMAN_OBSERVATION
58.83629,11.13346,1994,9,Sweden,HUMAN_OBSERVATION
58.840564,-2.913917,1997,5,United Kingdom of Great Britain and Northern Ireland,HUMAN_OBSERVATION
58.84142,-3.18684,2009,7,United Kingdom of Great Britain and Northern Ireland,HUMAN_OBSERVATION
58.842499,-2.918,2013,11,United Kingdom of Great Britain and Northern Ireland,MATERIAL_SAMPLE
58.842499,-2.918,2013,11,United Kingdom of Great Britain and Northern Ireland,MATERIAL_SAMPLE
58.842499,-2.918,2012,11,United Kingdom of Great Britain and Northern Ireland,MATERIAL_SAMPLE
58.842499,-2.918,2012,11,United Kingdom of Great Britain and Northern Ireland,MATERIAL_SAMPLE
58.8425,-2.918,2014,9,United Kingdom of Great Britain and Northern Ireland,MATERIAL_SAMPLE
58.8425,-2.918,2014,9,United Kingdom of Great Britain and Northern Ireland,MATERIAL_SAMPLE
58.845033,-3.191483,2014,7,United Kingdom of Great Britain and Northern Ireland,MATERIAL_SAMPLE
58.845033,-3.191483,2014,7,United Kingdom of Great Britain and Northern Ireland,MATERIAL_SAMPLE
58.84541,-3.190096,2018,10,United Kingdom of Great Britain and Northern Ireland,HUMAN_OBSERVATION
58.84592,-3.1902,2012,12,United Kingdom of Great Britain and Northern Ireland,HUMAN_OBSERVATION
58.84619,-3.192133,2012,12,United Kingdom of Great Britain and Northern Ireland,HUMAN_OBSERVATION
58.84619,-3.192098,2013,1,United Kingdom of Great Britain and Northern Ireland,HUMAN_OBSERVATION
58.84621,-3.192221,2013,11,United Kingdom of Great Britain and Northern Ireland,HUMAN_OBSERVATION
58.84621,-3.192221,2013,12,United Kingdom of Great Britain and Northern Ireland,HUMAN_OBSERVATION
58.84623,-3.192152,2011,8,United Kingdom of Great Britain and Northern Ireland,HUMAN_OBSERVATION
58.84671,-3.190453,2017,10,United Kingdom of Great Britain and Northern Ireland,HUMAN_OBSERVATION
58.84689,-3.190441,2013,6,United Kingdom of Great Britain and Northern Ireland,HUMAN_OBSERVATION
58.84938,11.0472,2006,6,Sweden,HUMAN_OBSERVATION
58.85009,-3.183011,2014,11,United Kingdom of Great Britain and Northern Ireland,HUMAN_OBSERVATION
58.85082,-3.1847,2013,12,United Kingdom of Great Britain and Northern Ireland,HUMAN_OBSERVATION
58.85083,11.13073,2006,9,Sweden,HUMAN_OBSERVATION
58.85645,-3.065354,2018,10,United Kingdom of Great Britain and Northern Ireland,HUMAN_OBSERVATION
58.8587,11.05083,2006,6,Sweden,HUMAN_OBSERVATION
58.859877,11.080491,,,Sweden,OCCURRENCE
58.859877,11.080491,,,Sweden,OCCURRENCE
58.861017,-2.942194,1997,5,United Kingdom of Great Britain and Northern Ireland,HUMAN_OBSERVATION
58.861017,-2.942194,1997,5,United Kingdom of Great Britain and Northern Ireland,HUMAN_OBSERVATION
58.86204,11.19655,1993,9,Sweden,HUMAN_OBSERVATION
58.86614,-3.195681,2013,1,United Kingdom of Great Britain and Northern Ireland,HUMAN_OBSERVATION
58.86625,-3.196933,2017,10,United Kingdom of Great Britain and Northern Ireland,HUMAN_OBSERVATION
58.87009,-3.166679,2015,10,United Kingdom of Great Britain and Northern Ireland,HUMAN_OBSERVATION
58.8702,-3.181113,2014,11,United Kingdom of Great Britain and Northern Ireland,HUMAN_OBSERVATION
58.8702,-3.181113,2014,11,United Kingdom of Great Britain and Northern Ireland,HUMAN_OBSERVATION
58.87041,-2.915051,2013,11,United Kingdom of Great Britain and Northern Ireland,HUMAN_OBSERVATION
58.87041,-2.915051,2013,11,United Kingdom of Great Britain and Northern Ireland,HUMAN_OBSERVATION
58.87083,-2.911506,2013,11,United Kingdom of Great Britain and Northern Ireland,HUMAN_OBSERVATION
58.871106,-2.912988,2011,9,United Kingdom of Great Britain and Northern Ireland,HUMAN_OBSERVATION
58.8713,-2.912022,2020,10,United Kingdom of Great Britain and Northern Ireland,HUMAN_OBSERVATION
58.87253,-2.914378,2011,9,United Kingdom of Great Britain and Northern Ireland,HUMAN_OBSERVATION
58.87296,11.07998,1993,9,Sweden,HUMAN_OBSERVATION
58.87356,11.09109,2007,6,Sweden,HUMAN_OBSERVATION
58.875155,11.103194,,,Sweden,OCCURRENCE
58.87633,11.111884,2018,,Sweden,OCCURRENCE
58.87633,11.111884,2018,,Sweden,OCCURRENCE
58.87633,11.111884,2018,,Sweden,OCCURRENCE
58.87633,11.111884,2018,,Sweden,OCCURRENCE
58.87664,11.14641,2022,9,Sweden,HUMAN_OBSERVATION
58.87702,11.11067,2006,7,Sweden,HUMAN_OBSERVATION
58.87728,11.10369,1993,9,Sweden,HUMAN_OBSERVATION
58.87798,-3.18457,2014,11,United Kingdom of Great Britain and Northern Ireland,HUMAN_OBSERVATION
58.87832,11.00402,2006,12,Sweden,HUMAN_OBSERVATION
58.879086,-3.150835,1997,5,United Kingdom of Great Britain and Northern Ireland,HUMAN_OBSERVATION
58.879086,-3.150835,1997,5,United Kingdom of Great Britain and Northern Ireland,HUMAN_OBSERVATION
58.87911,11.0947,1988,,Sweden,HUMAN_OBSERVATION
58.87968,11.10687,2023,9,Sweden,HUMAN_OBSERVATION
58.88028,11.0525,2006,8,Sweden,HUMAN_OBSERVATION
58.881872,-3.14052,1997,5,United Kingdom of Great Britain and Northern Ireland,HUMAN_OBSERVATION
58.88335,-3.138654,2013,6,United Kingdom of Great Britain and Northern Ireland,HUMAN_OBSERVATION
58.88335,10.997,2006,6,Sweden,HUMAN_OBSERVATION
58.88342,-3.137806,2009,7,United Kingdom of Great Britain and Northern Ireland,HUMAN_OBSERVATION
58.88399,11.0867,2021,9,Sweden,HUMAN_OBSERVATION
58.88677,-3.150999,2014,11,United Kingdom of Great Britain and Northern Ireland,HUMAN_OBSERVATION
58.88736,-3.150359,2009,7,United Kingdom of Great Britain and Northern Ireland,HUMAN_OBSERVATION
58.88742,-3.148453,2017,10,United Kingdom of Great Britain and Northern Ireland,HUMAN_OBSERVATION
58.889075,-3.236188,1995,7,United Kingdom of Great Britain and Northern Ireland,HUMAN_OBSERVATION
58.889075,-3.236188,1995,7,United Kingdom of Great Britain and Northern Ireland,HUMAN_OBSERVATION
58.88922,-3.219297,2009,7,United Kingdom of Great Britain and Northern Ireland,HUMAN_OBSERVATION
58.88945,-3.187687,2013,11,United Kingdom of Great Britain and Northern Ireland,HUMAN_OBSERVATION
58.889626,-3.177213,1979,8,United Kingdom of Great Britain and Northern Ireland,HUMAN_OBSERVATION
58.88971,-3.18832,2016,5,United Kingdom of Great Britain and Northern Ireland,HUMAN_OBSERVATION
58.89187,11.09721,2021,7,Sweden,HUMAN_OBSERVATION
58.891885,-3.125232,1997,5,United Kingdom of Great Britain and Northern Ireland,HUMAN_OBSERVATION
58.89217,-3.1639,2017,10,United Kingdom of Great Britain and Northern Ireland,HUMAN_OBSERVATION
58.89225,11.09701,2023,9,Sweden,HUMAN_OBSERVATION
58.89342,11.1811,1993,9,Sweden,HUMAN_OBSERVATION
58.89392,-3.163126,2013,11,United Kingdom of Great Britain and Northern Ireland,HUMAN_OBSERVATION
58.89413,-3.163428,2014,11,United Kingdom of Great Britain and Northern Ireland,HUMAN_OBSERVATION
58.89425,-2.895948,2013,3,United Kingdom of Great Britain and Northern Ireland,HUMAN_OBSERVATION
58.89425,-2.895948,2013,3,United Kingdom of Great Britain and Northern Ireland,HUMAN_OBSERVATION
58.89459,-3.161187,2009,7,United Kingdom of Great Britain and Northern Ireland,HUMAN_OBSERVATION
58.89523,11.1669,1993,9,Sweden,HUMAN_OBSERVATION
58.8953,11.1673,1994,9,Sweden,HUMAN_OBSERVATION
58.89715,-3.151848,2013,1,United Kingdom of Great Britain and Northern Ireland,HUMAN_OBSERVATION
58.89744,-3.150434,2013,6,United Kingdom of Great Britain and Northern Ireland,HUMAN_OBSERVATION
58.89758,-3.139261,2009,11,United Kingdom of Great Britain and Northern Ireland,HUMAN_OBSERVATION
58.89766,-3.14053,2012,12,United Kingdom of Great Britain and Northern Ireland,HUMAN_OBSERVATION
58.89819,-3.139263,2009,7,United Kingdom of Great Britain and Northern Ireland,HUMAN_OBSERVATION
58.89831,-3.138885,2017,10,United Kingdom of Great Britain and Northern Ireland,HUMAN_OBSERVATION
58.89983,11.10924,1965,8,Sweden,HUMAN_OBSERVATION
58.910935,-3.203981,1997,5,United Kingdom of Great Britain and Northern Ireland,HUMAN_OBSERVATION
58.912031,-3.276943,1995,7,United Kingdom of Great Britain and Northern Ireland,HUMAN_OBSERVATION
58.91373,10.89932,2007,12,Sweden,HUMAN_OBSERVATION
58.913773,-3.188453,1997,5,United Kingdom of Great Britain and Northern Ireland,HUMAN_OBSERVATION
58.91392,-3.187598,2014,3,United Kingdom of Great Britain and Northern Ireland,HUMAN_OBSERVATION
58.91667,11.03333,2006,10,Sweden,HUMAN_OBSERVATION
58.917154,-3.185061,2014,7,United Kingdom of Great Britain and Northern Ireland,MATERIAL_SAMPLE
58.917154,-3.185061,2014,7,United Kingdom of Great Britain and Northern Ireland,MATERIAL_SAMPLE
58.91793,11.19493,2017,12,Sweden,HUMAN_OBSERVATION
58.9201,11.18248,2017,12,Sweden,HUMAN_OBSERVATION
58.92041,-2.785034,2015,9,United Kingdom of Great Britain and Northern Ireland,HUMAN_OBSERVATION
58.92041,-2.785034,2015,9,United Kingdom of Great Britain and Northern Ireland,HUMAN_OBSERVATION
58.92153,10.99097,2007,8,Sweden,HUMAN_OBSERVATION
58.923968,-2.796282,1996,7,United Kingdom of Great Britain and Northern Ireland,HUMAN_OBSERVATION
58.92567,11.01348,2006,7,Sweden,HUMAN_OBSERVATION
58.92623,-3.311702,2009,7,United Kingdom of Great Britain and Northern Ireland,HUMAN_OBSERVATION
58.926375,-3.08293,1997,5,United Kingdom of Great Britain and Northern Ireland,HUMAN_OBSERVATION
58.926747,5.752182,2022,3,Norway,HUMAN_OBSERVATION
58.93042,-3.246429,2018,9,United Kingdom of Great Britain and Northern Ireland,HUMAN_OBSERVATION
58.931032,-2.815553,1996,7,United Kingdom of Great Britain and Northern Ireland,HUMAN_OBSERVATION
58.93445,11.0297,2006,7,Sweden,HUMAN_OBSERVATION
58.939265,-2.791422,1996,7,United Kingdom of Great Britain and Northern Ireland,HUMAN_OBSERVATION
58.93935,10.90636,2007,10,Sweden,HUMAN_OBSERVATION
58.95945,-3.297574,2021,12,United Kingdom of Great Britain and Northern Ireland,HUMAN_OBSERVATION
58.964401,-3.294252,2014,7,United Kingdom of Great Britain and Northern Ireland,MATERIAL_SAMPLE
58.964401,-3.294252,2014,7,United Kingdom of Great Britain and Northern Ireland,MATERIAL_SAMPLE
58.964401,-3.294252,2014,9,United Kingdom of Great Britain and Northern Ireland,MATERIAL_SAMPLE
58.964401,-3.294252,2014,9,United Kingdom of Great Britain and Northern Ireland,MATERIAL_SAMPLE
58.964401,-3.294252,2014,9,United Kingdom of Great Britain and Northern Ireland,MATERIAL_SAMPLE
58.964401,-3.294252,2014,9,United Kingdom of Great Britain and Northern Ireland,MATERIAL_SAMPLE
58.964775,-3.294527,2015,6,United Kingdom of Great Britain and Northern Ireland,MATERIAL_SAMPLE
58.964775,-3.294527,2015,6,United Kingdom of Great Britain and Northern Ireland,MATERIAL_SAMPLE
58.964775,-3.294527,2015,6,United Kingdom of Great Britain and Northern Ireland,MATERIAL_SAMPLE
58.964775,-3.294527,2015,6,United Kingdom of Great Britain and Northern Ireland,MATERIAL_SAMPLE
58.964775,-3.294527,2015,6,United Kingdom of Great Britain and Northern Ireland,MATERIAL_SAMPLE
58.964775,-3.294527,2015,6,United Kingdom of Great Britain and Northern Ireland,MATERIAL_SAMPLE
58.964775,-3.294527,2015,9,United Kingdom of Great Britain and Northern Ireland,MATERIAL_SAMPLE
58.964775,-3.294527,2015,9,United Kingdom of Great Britain and Northern Ireland,MATERIAL_SAMPLE
58.964775,-3.294527,2014,9,United Kingdom of Great Britain and Northern Ireland,MATERIAL_SAMPLE
58.964775,-3.294527,2014,9,United Kingdom of Great Britain and Northern Ireland,MATERIAL_SAMPLE
58.968962,5.878673,2024,8,Norway,HUMAN_OBSERVATION
58.968962,5.878673,2016,6,Norway,HUMAN_OBSERVATION
58.96909,-2.893558,2016,5,United Kingdom of Great Britain and Northern Ireland,HUMAN_OBSERVATION
58.96909,11.07209,2007,7,Sweden,HUMAN_OBSERVATION
58.971699,-2.912169,1995,6,United Kingdom of Great Britain and Northern Ireland,HUMAN_OBSERVATION
58.971699,-2.912169,1995,6,United Kingdom of Great Britain and Northern Ireland,HUMAN_OBSERVATION
58.97343,11.0776,2007,8,Sweden,HUMAN_OBSERVATION
58.979668,5.595164,2024,6,Norway,HUMAN_OBSERVATION
58.97976,-2.884544,2016,6,United Kingdom of Great Britain and Northern Ireland,HUMAN_OBSERVATION
58.984845,-2.959667,2014,7,United Kingdom of Great Britain and Northern Ireland,MATERIAL_SAMPLE
58.984845,-2.959667,2014,7,United Kingdom of Great Britain and Northern Ireland,MATERIAL_SAMPLE
58.984845,-2.959667,2014,7,United Kingdom of Great Britain and Northern Ireland,MATERIAL_SAMPLE
58.984845,-2.959667,2014,7,United Kingdom of Great Britain and Northern Ireland,MATERIAL_SAMPLE
58.986435,-2.858621,1995,6,United Kingdom of Great Britain and Northern Ireland,HUMAN_OBSERVATION
58.986969,-2.957899,2014,9,United Kingdom of Great Britain and Northern Ireland,MATERIAL_SAMPLE
58.986969,-2.957899,2014,9,United Kingdom of Great Britain and Northern Ireland,MATERIAL_SAMPLE
58.987687,-2.957954,2015,6,United Kingdom of Great Britain and Northern Ireland,MATERIAL_SAMPLE
58.987687,-2.957954,2015,6,United Kingdom of Great Britain and Northern Ireland,MATERIAL_SAMPLE
58.987687,-2.957954,2015,6,United Kingdom of Great Britain and Northern Ireland,MATERIAL_SAMPLE
58.987687,-2.957954,2015,6,United Kingdom of Great Britain and Northern Ireland,MATERIAL_SAMPLE
58.987687,-2.957954,2015,7,United Kingdom of Great Britain and Northern Ireland,MATERIAL_SAMPLE
58.987687,-2.957954,2015,7,United Kingdom of Great Britain and Northern Ireland,MATERIAL_SAMPLE
58.987687,-2.957954,2015,9,United Kingdom of Great Britain and Northern Ireland,MATERIAL_SAMPLE
58.987687,-2.957954,2015,9,United Kingdom of Great Britain and Northern Ireland,MATERIAL_SAMPLE
58.987687,-2.957954,2014,7,United Kingdom of Great Britain and Northern Ireland,MATERIAL_SAMPLE
58.987687,-2.957954,2014,7,United Kingdom of Great Britain and Northern Ireland,MATERIAL_SAMPLE
58.987687,-2.957954,2014,9,United Kingdom of Great Britain and Northern Ireland,MATERIAL_SAMPLE
58.987687,-2.957954,2014,9,United Kingdom of Great Britain and Northern Ireland,MATERIAL_SAMPLE
58.987687,-2.957954,2014,9,United Kingdom of Great Britain and Northern Ireland,MATERIAL_SAMPLE
58.987687,-2.957954,2014,9,United Kingdom of Great Britain and Northern Ireland,MATERIAL_SAMPLE
58.990164,-2.837832,1995,6,United Kingdom of Great Britain and Northern Ireland,HUMAN_OBSERVATION
58.990761,-2.883091,1995,6,United Kingdom of Great Britain and Northern Ireland,HUMAN_OBSERVATION
58.99358,9.808552,2021,9,Norway,HUMAN_OBSERVATION
58.99358,9.808552,2020,9,Norway,HUMAN_OBSERVATION
58.99358,9.808552,2018,8,Norway,HUMAN_OBSERVATION
58.99358,9.808552,2016,6,Norway,HUMAN_OBSERVATION
58.99358,9.808552,2015,6,Norway,HUMAN_OBSERVATION
58.99358,9.808552,2014,6,Norway,HUMAN_OBSERVATION
58.99358,9.808552,2013,6,Norway,HUMAN_OBSERVATION
58.996659,-2.804922,1995,6,United Kingdom of Great Britain and Northern Ireland,HUMAN_OBSERVATION
58.9974,-3.243017,2017,7,United Kingdom of Great Britain and Northern Ireland,HUMAN_OBSERVATION
59.0022,-3.0914,2013,6,United Kingdom of Great Britain and Northern Ireland,HUMAN_OBSERVATION
59.00282,-3.086709,2020,10,United Kingdom of Great Britain and Northern Ireland,HUMAN_OBSERVATION
59.00383,-3.096282,2021,3,United Kingdom of Great Britain and Northern Ireland,HUMAN_OBSERVATION
59.00544,-3.105074,2011,9,United Kingdom of Great Britain and Northern Ireland,HUMAN_OBSERVATION
59.007243,-3.078506,1995,6,United Kingdom of Great Britain and Northern Ireland,HUMAN_OBSERVATION
59.007243,-3.078506,1995,6,United Kingdom of Great Britain and Northern Ireland,HUMAN_OBSERVATION
59.007738,-2.895713,1995,6,United Kingdom of Great Britain and Northern Ireland,HUMAN_OBSERVATION
59.007738,-2.895713,1995,6,United Kingdom of Great Britain and Northern Ireland,HUMAN_OBSERVATION
59.007738,-2.895713,1995,6,United Kingdom of Great Britain and Northern Ireland,HUMAN_OBSERVATION
59.008796,-2.996723,1995,6,United Kingdom of Great Britain and Northern Ireland,HUMAN_OBSERVATION
59.011393,-3.118684,1994,7,United Kingdom of Great Britain and Northern Ireland,HUMAN_OBSERVATION
59.012543,-3.08912,1995,6,United Kingdom of Great Britain and Northern Ireland,HUMAN_OBSERVATION
59.01634,-3.36613,2016,10,United Kingdom of Great Britain and Northern Ireland,HUMAN_OBSERVATION
59.01935,-2.904723,1995,6,United Kingdom of Great Britain and Northern Ireland,HUMAN_OBSERVATION
59.02108,-3.033654,1995,6,United Kingdom of Great Britain and Northern Ireland,HUMAN_OBSERVATION
59.02325,9.753881,2022,8,Norway,HUMAN_OBSERVATION
59.02325,9.753881,2021,9,Norway,HUMAN_OBSERVATION
59.02325,9.753881,2020,9,Norway,HUMAN_OBSERVATION
59.02325,9.753881,2019,9,Norway,HUMAN_OBSERVATION
59.02325,9.753881,2018,8,Norway,HUMAN_OBSERVATION
59.02325,9.753881,2016,6,Norway,HUMAN_OBSERVATION
59.02325,9.753881,2015,6,Norway,HUMAN_OBSERVATION
59.02325,9.753881,2014,6,Norway,HUMAN_OBSERVATION
59.02325,9.753881,2013,6,Norway,HUMAN_OBSERVATION
59.024127,-2.988457,1995,6,United Kingdom of Great Britain and Northern Ireland,HUMAN_OBSERVATION
59.0267,10.5268,2022,8,Norway,HUMAN_OBSERVATION
59.0267,10.5268,2021,9,Norway,HUMAN_OBSERVATION
59.0267,10.5268,2020,9,Norway,HUMAN_OBSERVATION
59.0267,10.5268,2019,10,Norway,HUMAN_OBSERVATION
59.0267,10.5268,2018,8,Norway,HUMAN_OBSERVATION
59.0267,10.5268,2017,9,Norway,HUMAN_OBSERVATION
59.0267,10.5268,2016,9,Norway,HUMAN_OBSERVATION
59.031048,-2.901546,1995,6,United Kingdom of Great Britain and Northern Ireland,HUMAN_OBSERVATION
59.031631,-2.905917,2013,10,United Kingdom of Great Britain and Northern Ireland,MATERIAL_SAMPLE
59.031631,-2.905917,2013,10,United Kingdom of Great Britain and Northern Ireland,MATERIAL_SAMPLE
59.031633,-2.905917,2012,11,United Kingdom of Great Britain and Northern Ireland,MATERIAL_SAMPLE
59.031633,-2.905917,2012,11,United Kingdom of Great Britain and Northern Ireland,MATERIAL_SAMPLE
59.031867,-2.90535,2014,9,United Kingdom of Great Britain and Northern Ireland,MATERIAL_SAMPLE
59.031867,-2.90535,2014,9,United Kingdom of Great Britain and Northern Ireland,MATERIAL_SAMPLE
59.03434,11.136,1993,10,Sweden,HUMAN_OBSERVATION
59.038154,-3.032424,1995,6,United Kingdom of Great Britain and Northern Ireland,HUMAN_OBSERVATION
59.038457,11.115303,2020,9,Norway,HUMAN_OBSERVATION
59.038457,11.115303,2018,8,Norway,HUMAN_OBSERVATION
59.038457,11.115303,2016,6,Norway,HUMAN_OBSERVATION
59.038457,11.115303,2015,6,Norway,HUMAN_OBSERVATION
59.038457,11.115303,2014,6,Norway,HUMAN_OBSERVATION
59.043072,10.296316,2021,9,Norway,HUMAN_OBSERVATION
59.043072,10.296316,2020,6,Norway,HUMAN_OBSERVATION
59.043072,10.296316,2019,6,Norway,HUMAN_OBSERVATION
59.043072,10.296316,2017,6,Norway,HUMAN_OBSERVATION
59.043072,10.296316,2016,5,Norway,HUMAN_OBSERVATION
59.043458,-3.04304,1995,6,United Kingdom of Great Britain and Northern Ireland,HUMAN_OBSERVATION
59.04749,10.87016,2021,9,Norway,HUMAN_OBSERVATION
59.04749,10.87016,2020,9,Norway,HUMAN_OBSERVATION
59.04749,10.87016,2019,9,Norway,HUMAN_OBSERVATION
59.04749,10.87016,2018,8,Norway,HUMAN_OBSERVATION
59.04749,10.87016,2017,9,Norway,HUMAN_OBSERVATION
59.05966,5.71851,2022,9,Norway,HUMAN_OBSERVATION
59.05966,5.71851,2014,6,Norway,HUMAN_OBSERVATION
59.09159,-2.69545,1997,6,United Kingdom of Great Britain and Northern Ireland,HUMAN_OBSERVATION
59.129283,-2.988533,2012,11,United Kingdom of Great Britain and Northern Ireland,MATERIAL_SAMPLE
59.129283,-2.988533,2012,11,United Kingdom of Great Britain and Northern Ireland,MATERIAL_SAMPLE
59.1332,-2.933935,2010,7,United Kingdom of Great Britain and Northern Ireland,HUMAN_OBSERVATION
59.1332,-2.933935,2010,7,United Kingdom of Great Britain and Northern Ireland,HUMAN_OBSERVATION
59.1332,-2.933935,2010,7,United Kingdom of Great Britain and Northern Ireland,HUMAN_OBSERVATION
59.1332,-2.933935,2010,7,United Kingdom of Great Britain and Northern Ireland,HUMAN_OBSERVATION
59.1332,-2.933935,2010,7,United Kingdom of Great Britain and Northern Ireland,HUMAN_OBSERVATION
59.159868,10.868627,2021,10,Norway,HUMAN_OBSERVATION
59.195953,-2.659059,1997,6,United Kingdom of Great Britain and Northern Ireland,HUMAN_OBSERVATION
59.20931,-2.554685,2011,8,United Kingdom of Great Britain and Northern Ireland,HUMAN_OBSERVATION
59.21994,-2.466716,1999,9,United Kingdom of Great Britain and Northern Ireland,HUMAN_OBSERVATION
59.23206,5.179327,2021,2,Norway,HUMAN_OBSERVATION
59.251957,10.431543,2016,8,Norway,HUMAN_OBSERVATION
59.254302,10.703994,2019,9,Norway,HUMAN_OBSERVATION
59.254302,10.703994,2018,8,Norway,HUMAN_OBSERVATION
59.254302,10.703994,2017,9,Norway,HUMAN_OBSERVATION
59.254302,10.703994,2016,6,Norway,HUMAN_OBSERVATION
59.254302,10.703994,2015,6,Norway,HUMAN_OBSERVATION
59.254302,10.703994,2014,6,Norway,HUMAN_OBSERVATION
59.255626,5.426855,2016,6,Norway,HUMAN_OBSERVATION
59.27015,-2.501138,2008,9,United Kingdom of Great Britain and Northern Ireland,HUMAN_OBSERVATION
59.276125,-2.36934,1997,6,United Kingdom of Great Britain and Northern Ireland,HUMAN_OBSERVATION
59.29474,-2.612998,2008,9,United Kingdom of Great Britain and Northern Ireland,HUMAN_OBSERVATION
59.29852,-2.623022,2008,9,United Kingdom of Great Britain and Northern Ireland,HUMAN_OBSERVATION
59.31384,-2.622389,1999,9,United Kingdom of Great Britain and Northern Ireland,HUMAN_OBSERVATION
59.321999,-2.977733,2012,11,United Kingdom of Great Britain and Northern Ireland,MATERIAL_SAMPLE
59.321999,-2.977733,2012,11,United Kingdom of Great Britain and Northern Ireland,MATERIAL_SAMPLE
59.32304,-2.975775,2014,9,United Kingdom of Great Britain and Northern Ireland,MATERIAL_SAMPLE
59.32304,-2.975775,2014,9,United Kingdom of Great Britain and Northern Ireland,MATERIAL_SAMPLE
59.323119,-2.976006,2015,6,United Kingdom of Great Britain and Northern Ireland,MATERIAL_SAMPLE
59.323119,-2.976006,2015,6,United Kingdom of Great Britain and Northern Ireland,MATERIAL_SAMPLE
59.323119,-2.976006,2015,6,United Kingdom of Great Britain and Northern Ireland,MATERIAL_SAMPLE
59.323119,-2.976006,2015,6,United Kingdom of Great Britain and Northern Ireland,MATERIAL_SAMPLE
59.323119,-2.976006,2014,9,United Kingdom of Great Britain and Northern Ireland,MATERIAL_SAMPLE
59.323119,-2.976006,2014,9,United Kingdom of Great Britain and Northern Ireland,MATERIAL_SAMPLE
59.33038,-2.874076,1997,7,United Kingdom of Great Britain and Northern Ireland,HUMAN_OBSERVATION
59.372132,5.214268,2023,6,Norway,HUMAN_OBSERVATION
59.419894,5.250249,2021,4,Norway,HUMAN_OBSERVATION
59.43692,10.58157,2022,8,Norway,HUMAN_OBSERVATION
59.43692,10.58157,2019,9,Norway,HUMAN_OBSERVATION
59.43692,10.58157,2018,8,Norway,HUMAN_OBSERVATION
59.585567,5.181859,2022,7,Norway,MATERIAL_SAMPLE
59.585567,5.181859,2022,7,Norway,MATERIAL_SAMPLE
59.585567,5.181859,2022,7,Norway,MATERIAL_SAMPLE
59.585567,5.181859,2022,7,Norway,MATERIAL_SAMPLE
59.585567,5.181859,2022,7,Norway,MATERIAL_SAMPLE
59.585567,5.181859,2022,7,Norway,MATERIAL_SAMPLE
59.585567,5.181859,2022,7,Norway,MATERIAL_SAMPLE
59.585583,5.181861,2022,7,Norway,MATERIAL_SAMPLE
59.585583,5.181861,2022,7,Norway,MATERIAL_SAMPLE
59.585583,5.181861,2022,7,Norway,MATERIAL_SAMPLE
59.585583,5.181861,2022,7,Norway,MATERIAL_SAMPLE
59.585583,5.181861,2022,7,Norway,MATERIAL_SAMPLE
59.585583,5.181861,2022,7,Norway,MATERIAL_SAMPLE
59.585583,5.181861,2022,7,Norway,MATERIAL_SAMPLE
59.585583,5.181861,2022,7,Norway,MATERIAL_SAMPLE
59.585583,5.181861,2022,7,Norway,MATERIAL_SAMPLE
59.585583,5.181861,2022,7,Norway,MATERIAL_SAMPLE
59.585583,5.181861,2022,7,Norway,MATERIAL_SAMPLE
59.585583,5.181861,2022,7,Norway,MATERIAL_SAMPLE
59.585583,5.181861,2022,7,Norway,MATERIAL_SAMPLE
59.663378,10.582945,2013,9,Norway,HUMAN_OBSERVATION
59.673757,10.58422,2022,8,Norway,HUMAN_OBSERVATION
60.066083,-1.338037,1993,2,United Kingdom of Great Britain and Northern Ireland,HUMAN_OBSERVATION
60.099194,5.199611,2022,6,Norway,MATERIAL_SAMPLE
60.099194,5.199611,2022,6,Norway,MATERIAL_SAMPLE
60.099194,5.199624,2022,6,Norway,MATERIAL_SAMPLE
60.100798,-1.279795,1993,2,United Kingdom of Great Britain and Northern Ireland,HUMAN_OBSERVATION
60.100798,-1.279795,1993,2,United Kingdom of Great Britain and Northern Ireland,HUMAN_OBSERVATION
60.10219,-1.121572,2003,11,United Kingdom of Great Britain and Northern Ireland,HUMAN_OBSERVATION
60.10573,-1.33647,2009,9,United Kingdom of Great Britain and Northern Ireland,HUMAN_OBSERVATION
60.10738,-1.101352,2003,10,United Kingdom of Great Britain and Northern Ireland,HUMAN_OBSERVATION
60.11936,-1.171733,2009,8,United Kingdom of Great Britain and Northern Ireland,HUMAN_OBSERVATION
60.120511,-1.272167,1993,2,United Kingdom of Great Britain and Northern Ireland,HUMAN_OBSERVATION
60.12087,-1.180153,2011,7,United Kingdom of Great Britain and Northern Ireland,HUMAN_OBSERVATION
60.1285,-1.158167,2003,11,United Kingdom of Great Britain and Northern Ireland,HUMAN_OBSERVATION
60.1319,-1.132522,2004,3,United Kingdom of Great Britain and Northern Ireland,HUMAN_OBSERVATION
60.13219,-1.132398,2018,7,United Kingdom of Great Britain and Northern Ireland,HUMAN_OBSERVATION
60.13286,-1.148061,2018,7,United Kingdom of Great Britain and Northern Ireland,HUMAN_OBSERVATION
60.13574,-1.274884,2003,11,United Kingdom of Great Britain and Northern Ireland,HUMAN_OBSERVATION
60.13668,-1.141228,2018,7,United Kingdom of Great Britain and Northern Ireland,HUMAN_OBSERVATION
60.13702,-1.042548,2011,8,United Kingdom of Great Britain and Northern Ireland,HUMAN_OBSERVATION
60.13721,-1.142022,2004,8,United Kingdom of Great Britain and Northern Ireland,HUMAN_OBSERVATION
60.13721,-1.142022,2003,6,United Kingdom of Great Britain and Northern Ireland,HUMAN_OBSERVATION
60.13721,-1.142022,2003,10,United Kingdom of Great Britain and Northern Ireland,HUMAN_OBSERVATION
60.138843,-1.343778,1987,7,United Kingdom of Great Britain and Northern Ireland,HUMAN_OBSERVATION
60.161161,-1.31811,1974,7,United Kingdom of Great Britain and Northern Ireland,HUMAN_OBSERVATION
60.163742,-1.296436,1986,8,United Kingdom of Great Britain and Northern Ireland,HUMAN_OBSERVATION
60.163742,-1.296436,1986,8,United Kingdom of Great Britain and Northern Ireland,HUMAN_OBSERVATION
60.183455,-1.288803,1989,6,United Kingdom of Great Britain and Northern Ireland,HUMAN_OBSERVATION
60.18494,-1.129095,2003,9,United Kingdom of Great Britain and Northern Ireland,HUMAN_OBSERVATION
60.186177,-1.294153,1994,8,United Kingdom of Great Britain and Northern Ireland,HUMAN_OBSERVATION
60.186177,-1.294153,1994,8,United Kingdom of Great Britain and Northern Ireland,HUMAN_OBSERVATION
60.187161,-1.310359,1986,8,United Kingdom of Great Britain and Northern Ireland,HUMAN_OBSERVATION
60.187161,-1.310359,1986,8,United Kingdom of Great Britain and Northern Ireland,HUMAN_OBSERVATION
60.187161,-1.310359,1986,8,United Kingdom of Great Britain and Northern Ireland,HUMAN_OBSERVATION
60.188861,-1.292292,1994,8,United Kingdom of Great Britain and Northern Ireland,HUMAN_OBSERVATION
60.188861,-1.292292,1994,8,United Kingdom of Great Britain and Northern Ireland,HUMAN_OBSERVATION
60.190519,-1.291626,1994,8,United Kingdom of Great Britain and Northern Ireland,HUMAN_OBSERVATION
60.191674,-1.289437,1994,8,United Kingdom of Great Britain and Northern Ireland,HUMAN_OBSERVATION
60.191674,-1.289437,1994,8,United Kingdom of Great Britain and Northern Ireland,HUMAN_OBSERVATION
60.191674,-1.289437,1994,8,United Kingdom of Great Britain and Northern Ireland,HUMAN_OBSERVATION
60.192068,-1.29592,1994,8,United Kingdom of Great Britain and Northern Ireland,HUMAN_OBSERVATION
60.193341,-1.290393,1994,8,United Kingdom of Great Britain and Northern Ireland,HUMAN_OBSERVATION
60.193341,-1.290393,1994,8,United Kingdom of Great Britain and Northern Ireland,HUMAN_OBSERVATION
60.193826,-1.288849,1994,8,United Kingdom of Great Britain and Northern Ireland,HUMAN_OBSERVATION
60.195777,-1.284298,1994,8,United Kingdom of Great Britain and Northern Ireland,HUMAN_OBSERVATION
60.196185,-1.319188,1987,8,United Kingdom of Great Britain and Northern Ireland,HUMAN_OBSERVATION
60.201497,-1.304647,1986,8,United Kingdom of Great Britain and Northern Ireland,HUMAN_OBSERVATION
60.206003,-1.153008,2004,8,United Kingdom of Great Britain and Northern Ireland,HUMAN_OBSERVATION
60.20633,-1.607628,1987,8,United Kingdom of Great Britain and Northern Ireland,HUMAN_OBSERVATION
60.206827,-1.29371,1993,8,United Kingdom of Great Britain and Northern Ireland,HUMAN_OBSERVATION
60.208,-1.106993,2009,5,United Kingdom of Great Britain and Northern Ireland,HUMAN_OBSERVATION
60.208837,-1.335164,1987,8,United Kingdom of Great Britain and Northern Ireland,HUMAN_OBSERVATION
60.209631,-1.519181,1986,8,United Kingdom of Great Britain and Northern Ireland,HUMAN_OBSERVATION
60.209631,-1.519181,1986,8,United Kingdom of Great Britain and Northern Ireland,HUMAN_OBSERVATION
60.232882,-1.29676,1993,8,United Kingdom of Great Britain and Northern Ireland,HUMAN_OBSERVATION
60.238493,-1.179258,1987,7,United Kingdom of Great Britain and Northern Ireland,HUMAN_OBSERVATION
60.27653,-1.475281,1993,8,United Kingdom of Great Britain and Northern Ireland,HUMAN_OBSERVATION
60.277716,-1.478407,1993,8,United Kingdom of Great Britain and Northern Ireland,HUMAN_OBSERVATION
60.277716,-1.478407,1993,8,United Kingdom of Great Britain and Northern Ireland,HUMAN_OBSERVATION
60.277841,-1.475784,2003,8,United Kingdom of Great Britain and Northern Ireland,HUMAN_OBSERVATION
60.277841,-1.475784,2003,8,United Kingdom of Great Britain and Northern Ireland,HUMAN_OBSERVATION
60.277841,-1.475784,2003,8,United Kingdom of Great Britain and Northern Ireland,HUMAN_OBSERVATION
60.278016,-1.474696,2003,8,United Kingdom of Great Britain and Northern Ireland,HUMAN_OBSERVATION
60.278016,-1.474696,2003,8,United Kingdom of Great Britain and Northern Ireland,HUMAN_OBSERVATION
60.278016,-1.474696,2003,8,United Kingdom of Great Britain and Northern Ireland,HUMAN_OBSERVATION
60.278614,-1.478393,1986,8,United Kingdom of Great Britain and Northern Ireland,HUMAN_OBSERVATION
60.27868,-1.473836,1993,8,United Kingdom of Great Britain and Northern Ireland,HUMAN_OBSERVATION
60.27877,-1.470742,1993,8,United Kingdom of Great Britain and Northern Ireland,HUMAN_OBSERVATION
60.27942,-1.477748,1993,8,United Kingdom of Great Britain and Northern Ireland,HUMAN_OBSERVATION
60.282616,-1.479866,2003,8,United Kingdom of Great Britain and Northern Ireland,HUMAN_OBSERVATION
60.282616,-1.479866,2003,8,United Kingdom of Great Britain and Northern Ireland,HUMAN_OBSERVATION
60.282616,-1.479866,2003,8,United Kingdom of Great Britain and Northern Ireland,HUMAN_OBSERVATION
60.28333,-1.47745,1993,8,United Kingdom of Great Britain and Northern Ireland,HUMAN_OBSERVATION
60.28363,-1.476758,1993,8,United Kingdom of Great Britain and Northern Ireland,HUMAN_OBSERVATION
60.2837,-1.151231,2016,9,United Kingdom of Great Britain and Northern Ireland,HUMAN_OBSERVATION
60.28374,-1.476539,1993,8,United Kingdom of Great Britain and Northern Ireland,HUMAN_OBSERVATION
60.28406,-1.475811,1993,8,United Kingdom of Great Britain and Northern Ireland,HUMAN_OBSERVATION
60.28463,-1.468405,1993,8,United Kingdom of Great Britain and Northern Ireland,HUMAN_OBSERVATION
60.28495,-1.4684,1993,8,United Kingdom of Great Britain and Northern Ireland,HUMAN_OBSERVATION
60.285101,-1.472593,2003,8,United Kingdom of Great Britain and Northern Ireland,HUMAN_OBSERVATION
60.285101,-1.472593,2003,8,United Kingdom of Great Britain and Northern Ireland,HUMAN_OBSERVATION
60.285101,-1.472593,2003,8,United Kingdom of Great Britain and Northern Ireland,HUMAN_OBSERVATION
60.285101,-1.472593,2003,8,United Kingdom of Great Britain and Northern Ireland,HUMAN_OBSERVATION
60.285101,-1.472593,2003,8,United Kingdom of Great Britain and Northern Ireland,HUMAN_OBSERVATION
60.285101,-1.472593,2003,8,United Kingdom of Great Britain and Northern Ireland,HUMAN_OBSERVATION
60.285101,-1.472593,2003,8,United Kingdom of Great Britain and Northern Ireland,HUMAN_OBSERVATION
60.285101,-1.472593,2003,8,United Kingdom of Great Britain and Northern Ireland,HUMAN_OBSERVATION
60.285101,-1.472593,2003,8,United Kingdom of Great Britain and Northern Ireland,HUMAN_OBSERVATION
60.285101,-1.472593,2003,8,United Kingdom of Great Britain and Northern Ireland,HUMAN_OBSERVATION
60.285101,-1.472593,2003,8,United Kingdom of Great Britain and Northern Ireland,HUMAN_OBSERVATION
60.285101,-1.472593,2003,8,United Kingdom of Great Britain and Northern Ireland,HUMAN_OBSERVATION
60.285101,-1.472593,2003,8,United Kingdom of Great Britain and Northern Ireland,HUMAN_OBSERVATION
60.2853,-1.471884,1993,8,United Kingdom of Great Britain and Northern Ireland,HUMAN_OBSERVATION
60.28543,-1.472262,1993,8,United Kingdom of Great Britain and Northern Ireland,HUMAN_OBSERVATION
60.2857,-1.472945,1993,8,United Kingdom of Great Britain and Northern Ireland,HUMAN_OBSERVATION
60.28607,-1.474061,1993,8,United Kingdom of Great Britain and Northern Ireland,HUMAN_OBSERVATION
60.28616,-1.474674,1993,8,United Kingdom of Great Britain and Northern Ireland,HUMAN_OBSERVATION
60.28728,-1.479178,1993,8,United Kingdom of Great Britain and Northern Ireland,HUMAN_OBSERVATION
60.287339,-1.47093,2003,8,United Kingdom of Great Britain and Northern Ireland,HUMAN_OBSERVATION
60.28736,-1.472141,1993,8,United Kingdom of Great Britain and Northern Ireland,HUMAN_OBSERVATION
60.28808,-1.472527,1993,8,United Kingdom of Great Britain and Northern Ireland,HUMAN_OBSERVATION
60.28808,-1.469542,1993,8,United Kingdom of Great Britain and Northern Ireland,HUMAN_OBSERVATION
60.28818,-1.472923,1993,8,United Kingdom of Great Britain and Northern Ireland,HUMAN_OBSERVATION
60.2883,-1.480048,1993,8,United Kingdom of Great Britain and Northern Ireland,HUMAN_OBSERVATION
60.28833,-1.469484,1993,8,United Kingdom of Great Britain and Northern Ireland,HUMAN_OBSERVATION
60.288469,-1.47281,1986,8,United Kingdom of Great Britain and Northern Ireland,HUMAN_OBSERVATION
60.288469,-1.47281,1986,8,United Kingdom of Great Britain and Northern Ireland,HUMAN_OBSERVATION
60.28856,-1.48055,1993,8,United Kingdom of Great Britain and Northern Ireland,HUMAN_OBSERVATION
60.28878,-1.47427,1993,8,United Kingdom of Great Britain and Northern Ireland,HUMAN_OBSERVATION
60.289196,-1.463846,2003,8,United Kingdom of Great Britain and Northern Ireland,HUMAN_OBSERVATION
60.289196,-1.463846,2003,8,United Kingdom of Great Britain and Northern Ireland,HUMAN_OBSERVATION
60.29,-1.463216,1993,8,United Kingdom of Great Britain and Northern Ireland,HUMAN_OBSERVATION
60.29016,-1.462472,1993,8,United Kingdom of Great Britain and Northern Ireland,HUMAN_OBSERVATION
60.29069,-1.480969,1993,8,United Kingdom of Great Britain and Northern Ireland,HUMAN_OBSERVATION
60.29087,-1.480333,1993,8,United Kingdom of Great Britain and Northern Ireland,HUMAN_OBSERVATION
60.29118,-1.479496,1993,8,United Kingdom of Great Britain and Northern Ireland,HUMAN_OBSERVATION
60.29578,-1.479567,1993,8,United Kingdom of Great Britain and Northern Ireland,HUMAN_OBSERVATION
60.29583,-1.479006,1993,8,United Kingdom of Great Britain and Northern Ireland,HUMAN_OBSERVATION
60.29584,-1.480164,1993,8,United Kingdom of Great Britain and Northern Ireland,HUMAN_OBSERVATION
60.29633,-1.481531,1993,8,United Kingdom of Great Britain and Northern Ireland,HUMAN_OBSERVATION
60.29675,-1.481868,1993,8,United Kingdom of Great Britain and Northern Ireland,HUMAN_OBSERVATION
60.29854,-1.481785,1993,8,United Kingdom of Great Britain and Northern Ireland,HUMAN_OBSERVATION
60.29865,-1.48334,1993,8,United Kingdom of Great Britain and Northern Ireland,HUMAN_OBSERVATION
60.29869,-1.484298,1993,8,United Kingdom of Great Britain and Northern Ireland,HUMAN_OBSERVATION
60.29869,-1.482959,1993,8,United Kingdom of Great Britain and Northern Ireland,HUMAN_OBSERVATION
60.29869,-1.482054,1993,8,United Kingdom of Great Britain and Northern Ireland,HUMAN_OBSERVATION
60.2987,-1.483827,1993,8,United Kingdom of Great Britain and Northern Ireland,HUMAN_OBSERVATION
60.29873,-1.482524,1993,8,United Kingdom of Great Britain and Northern Ireland,HUMAN_OBSERVATION
60.30087,-1.48021,1993,8,United Kingdom of Great Britain and Northern Ireland,HUMAN_OBSERVATION
60.30091,-1.480752,1993,8,United Kingdom of Great Britain and Northern Ireland,HUMAN_OBSERVATION
60.30279,-1.484686,1993,8,United Kingdom of Great Britain and Northern Ireland,HUMAN_OBSERVATION
60.30279,-1.484378,1993,8,United Kingdom of Great Britain and Northern Ireland,HUMAN_OBSERVATION
60.30283,-1.483473,1993,8,United Kingdom of Great Britain and Northern Ireland,HUMAN_OBSERVATION
60.30292,-1.485118,1993,8,United Kingdom of Great Britain and Northern Ireland,HUMAN_OBSERVATION
60.30294,-1.485552,1993,8,United Kingdom of Great Britain and Northern Ireland,HUMAN_OBSERVATION
60.30299,-1.484954,1993,8,United Kingdom of Great Britain and Northern Ireland,HUMAN_OBSERVATION
60.30302,-1.485605,1993,8,United Kingdom of Great Britain and Northern Ireland,HUMAN_OBSERVATION
60.30319,-1.484589,1993,8,United Kingdom of Great Britain and Northern Ireland,HUMAN_OBSERVATION
60.30329,-1.485818,1993,8,United Kingdom of Great Britain and Northern Ireland,HUMAN_OBSERVATION
60.30343,-1.484205,1993,8,United Kingdom of Great Britain and Northern Ireland,HUMAN_OBSERVATION
60.30358,-1.486121,1993,8,United Kingdom of Great Britain and Northern Ireland,HUMAN_OBSERVATION
60.30359,-1.483823,1993,8,United Kingdom of Great Britain and Northern Ireland,HUMAN_OBSERVATION
60.30366,-1.486265,1993,8,United Kingdom of Great Britain and Northern Ireland,HUMAN_OBSERVATION
60.30376,-1.486408,1993,8,United Kingdom of Great Britain and Northern Ireland,HUMAN_OBSERVATION
60.30405,-1.486693,1993,8,United Kingdom of Great Britain and Northern Ireland,HUMAN_OBSERVATION
60.3041,-1.487488,1993,8,United Kingdom of Great Britain and Northern Ireland,HUMAN_OBSERVATION
60.307287,-1.463459,1986,8,United Kingdom of Great Britain and Northern Ireland,HUMAN_OBSERVATION
60.307287,-1.463459,1986,8,United Kingdom of Great Britain and Northern Ireland,HUMAN_OBSERVATION
60.307287,-1.463459,1986,8,United Kingdom of Great Britain and Northern Ireland,HUMAN_OBSERVATION
60.307287,-1.463459,1986,8,United Kingdom of Great Britain and Northern Ireland,HUMAN_OBSERVATION
60.314462,-1.461532,1987,8,United Kingdom of Great Britain and Northern Ireland,HUMAN_OBSERVATION
60.314462,-1.461532,1987,8,United Kingdom of Great Britain and Northern Ireland,HUMAN_OBSERVATION
60.314462,-1.461532,1987,8,United Kingdom of Great Britain and Northern Ireland,HUMAN_OBSERVATION
60.34861,-1.137294,2012,8,United Kingdom of Great Britain and Northern Ireland,HUMAN_OBSERVATION
60.352346,-1.305064,1986,8,United Kingdom of Great Britain and Northern Ireland,HUMAN_OBSERVATION
60.358525,-1.284995,1974,8,United Kingdom of Great Britain and Northern Ireland,HUMAN_OBSERVATION
60.361508,-1.341122,1986,8,United Kingdom of Great Britain and Northern Ireland,HUMAN_OBSERVATION
60.361508,-1.341122,1986,8,United Kingdom of Great Britain and Northern Ireland,HUMAN_OBSERVATION
60.36217,-1.351,1999,8,United Kingdom of Great Britain and Northern Ireland,HUMAN_OBSERVATION
60.36217,-1.351,1999,8,United Kingdom of Great Britain and Northern Ireland,HUMAN_OBSERVATION
60.36217,-1.351,1999,8,United Kingdom of Great Britain and Northern Ireland,HUMAN_OBSERVATION
60.36217,-1.351,1999,8,United Kingdom of Great Britain and Northern Ireland,HUMAN_OBSERVATION
60.36217,-1.351,1999,8,United Kingdom of Great Britain and Northern Ireland,HUMAN_OBSERVATION
60.370056,5.134375,2022,7,Norway,MATERIAL_SAMPLE
60.370056,5.134375,2022,7,Norway,MATERIAL_SAMPLE
60.370056,5.134389,2022,7,Norway,MATERIAL_SAMPLE
60.370056,5.134389,2022,7,Norway,MATERIAL_SAMPLE
60.370056,5.134389,2022,7,Norway,MATERIAL_SAMPLE
60.370056,5.134389,2022,7,Norway,MATERIAL_SAMPLE
60.370056,5.134389,2022,7,Norway,MATERIAL_SAMPLE
60.370056,5.134389,2022,7,Norway,MATERIAL_SAMPLE
60.370056,5.134389,2022,7,Norway,MATERIAL_SAMPLE
60.370056,5.134389,2022,7,Norway,MATERIAL_SAMPLE
60.37156,-1.00187,2003,6,United Kingdom of Great Britain and Northern Ireland,HUMAN_OBSERVATION
60.376937,-1.375267,1986,8,United Kingdom of Great Britain and Northern Ireland,HUMAN_OBSERVATION
60.376937,-1.375267,1986,8,United Kingdom of Great Britain and Northern Ireland,HUMAN_OBSERVATION
60.376937,-1.375267,1986,8,United Kingdom of Great Britain and Northern Ireland,HUMAN_OBSERVATION
60.389454,-1.364142,1986,8,United Kingdom of Great Britain and Northern Ireland,HUMAN_OBSERVATION
60.392156,-1.365904,1974,8,United Kingdom of Great Britain and Northern Ireland,HUMAN_OBSERVATION
60.39762,-1.38213,1993,8,United Kingdom of Great Britain and Northern Ireland,HUMAN_OBSERVATION
60.39762,-1.38213,1993,8,United Kingdom of Great Britain and Northern Ireland,HUMAN_OBSERVATION
60.39822,-1.381416,1987,8,United Kingdom of Great Britain and Northern Ireland,HUMAN_OBSERVATION
60.39822,-1.381416,1987,8,United Kingdom of Great Britain and Northern Ireland,HUMAN_OBSERVATION
60.398517,-1.382113,2009,5,United Kingdom of Great Britain and Northern Ireland,HUMAN_OBSERVATION
60.398517,-1.382113,2009,6,United Kingdom of Great Britain and Northern Ireland,HUMAN_OBSERVATION
60.398517,-1.382113,2009,8,United Kingdom of Great Britain and Northern Ireland,HUMAN_OBSERVATION
60.399407,-1.380281,1986,8,United Kingdom of Great Britain and Northern Ireland,HUMAN_OBSERVATION
60.399407,-1.380281,1986,8,United Kingdom of Great Britain and Northern Ireland,HUMAN_OBSERVATION
60.399407,-1.380281,1986,8,United Kingdom of Great Britain and Northern Ireland,HUMAN_OBSERVATION
60.409998,-1.341957,1993,8,United Kingdom of Great Britain and Northern Ireland,HUMAN_OBSERVATION
60.412718,-1.347349,1987,7,United Kingdom of Great Britain and Northern Ireland,HUMAN_OBSERVATION
60.412718,-1.347349,1987,7,United Kingdom of Great Britain and Northern Ireland,HUMAN_OBSERVATION
60.412718,-1.347349,1987,7,United Kingdom of Great Britain and Northern Ireland,HUMAN_OBSERVATION
60.412718,-1.347349,1987,7,United Kingdom of Great Britain and Northern Ireland,HUMAN_OBSERVATION
60.412718,-1.347349,1987,7,United Kingdom of Great Britain and Northern Ireland,HUMAN_OBSERVATION
60.423669,4.914171,2024,8,Norway,HUMAN_OBSERVATION
60.423669,4.914171,2023,8,Norway,HUMAN_OBSERVATION
60.423669,4.914171,2021,11,Norway,HUMAN_OBSERVATION
60.423669,4.914171,2019,6,Norway,HUMAN_OBSERVATION
60.424371,-1.343483,1993,8,United Kingdom of Great Britain and Northern Ireland,HUMAN_OBSERVATION
60.424371,-1.343483,1993,8,United Kingdom of Great Britain and Northern Ireland,HUMAN_OBSERVATION
60.431615,-1.356053,1993,8,United Kingdom of Great Britain and Northern Ireland,HUMAN_OBSERVATION
60.432488,-1.187091,1993,8,United Kingdom of Great Britain and Northern Ireland,HUMAN_OBSERVATION
60.432488,-1.187091,1993,8,United Kingdom of Great Britain and Northern Ireland,HUMAN_OBSERVATION
60.436895,-1.334147,1993,8,United Kingdom of Great Britain and Northern Ireland,HUMAN_OBSERVATION
60.460939,-1.295472,1993,8,United Kingdom of Great Britain and Northern Ireland,HUMAN_OBSERVATION
60.507384,-1.432845,1987,8,United Kingdom of Great Britain and Northern Ireland,HUMAN_OBSERVATION
60.507384,-1.432845,1987,8,United Kingdom of Great Britain and Northern Ireland,HUMAN_OBSERVATION
60.507384,-1.432845,1987,8,United Kingdom of Great Britain and Northern Ireland,HUMAN_OBSERVATION
60.508219,-1.418264,1974,7,United Kingdom of Great Britain and Northern Ireland,HUMAN_OBSERVATION
60.508335,-1.445574,1986,8,United Kingdom of Great Britain and Northern Ireland,HUMAN_OBSERVATION
60.508335,-1.445574,1986,8,United Kingdom of Great Britain and Northern Ireland,HUMAN_OBSERVATION
60.508335,-1.445574,1986,8,United Kingdom of Great Britain and Northern Ireland,HUMAN_OBSERVATION
60.508335,-1.445574,1986,8,United Kingdom of Great Britain and Northern Ireland,HUMAN_OBSERVATION
60.513782,-1.46005,1987,8,United Kingdom of Great Britain and Northern Ireland,HUMAN_OBSERVATION
60.513782,-1.46005,1987,8,United Kingdom of Great Britain and Northern Ireland,HUMAN_OBSERVATION
60.5187,-1.354326,1993,8,United Kingdom of Great Britain and Northern Ireland,HUMAN_OBSERVATION
60.528226,-1.479851,1987,8,United Kingdom of Great Britain and Northern Ireland,HUMAN_OBSERVATION
60.64168,-0.941431,2009,8,United Kingdom of Great Britain and Northern Ireland,HUMAN_OBSERVATION
60.65047,-0.865487,2009,8,United Kingdom of Great Britain and Northern Ireland,HUMAN_OBSERVATION
60.657847,-1.049708,1987,8,United Kingdom of Great Britain and Northern Ireland,HUMAN_OBSERVATION
60.65967,-0.832649,2011,8,United Kingdom of Great Britain and Northern Ireland,HUMAN_OBSERVATION
60.69289,-0.809584,2012,8,United Kingdom of Great Britain and Northern Ireland,HUMAN_OBSERVATION
60.73158,-0.810124,2011,8,United Kingdom of Great Britain and Northern Ireland,HUMAN_OBSERVATION
60.75515,-0.798111,2009,8,United Kingdom of Great Britain and Northern Ireland,HUMAN_OBSERVATION
60.76598,-0.805802,2011,8,United Kingdom of Great Britain and Northern Ireland,HUMAN_OBSERVATION
60.987409,4.673851,2017,6,Norway,HUMAN_OBSERVATION
62.454162,6.133571,2020,2,Norway,HUMAN_OBSERVATION
62.464911,6.240003,2020,5,Norway,HUMAN_OBSERVATION
62.487029,6.284461,2018,2,Norway,HUMAN_OBSERVATION
62.497867,6.225981,2018,3,Norway,HUMAN_OBSERVATION
62.582706,6.128927,2019,3,Norway,HUMAN_OBSERVATION
62.624521,7.08866,2020,4,Norway,HUMAN_OBSERVATION
62.916264,7.460131,2021,8,Norway,HUMAN_OBSERVATION
63.042717,7.426292,2020,5,Norway,HUMAN_OBSERVATION
63.045201,7.49283,2020,5,Norway,HUMAN_OBSERVATION
63.303174,8.44049,2020,3,Norway,HUMAN_OBSERVATION
63.622,9.648,2021,8,Norway,MATERIAL_SAMPLE
63.622194,9.647944,2021,8,Norway,MATERIAL_SAMPLE
69.14478,17.63589,2016,7,Norway,HUMAN_OBSERVATION
69.636786,18.002346,2022,1,Norway,HUMAN_OBSERVATION
69.636786,18.002346,2022,4,Norway,HUMAN_OBSERVATION
69.636786,18.002346,2022,10,Norway,HUMAN_OBSERVATION
69.637108,18.008203,2023,4,Norway,HUMAN_OBSERVATION
69.650298,18.962834,2021,4,Norway,HUMAN_OBSERVATION
69.650298,18.962834,2020,9,Norway,HUMAN_OBSERVATION
69.650298,18.962834,2020,9,Norway,HUMAN_OBSERVATION
69.650963,18.963885,2022,6,Norway,HUMAN_OBSERVATION
69.650963,18.963885,2021,2,Norway,HUMAN_OBSERVATION
69.663202,18.761054,2023,7,Norway,HUMAN_OBSERVATION
69.67441,18.752655,2021,6,Norway,HUMAN_OBSERVATION
69.67441,18.752655,2021,6,Norway,HUMAN_OBSERVATION
69.67441,18.752655,2020,12,Norway,HUMAN_OBSERVATION
69.721479,18.981761,2025,4,Norway,HUMAN_OBSERVATION
