latitude,longitude,year,month,country,basisOfRecord
36.769293,-5.475538,2023,9,Spain,HUMAN_OBSERVATION
36.912915,-4.779876,2024,6,Spain,HUMAN_OBSERVATION
37.01962,-2.891432,2022,9,Spain,HUMAN_OBSERVATION
37.01977,-2.89112,2022,9,Spain,HUMAN_OBSERVATION
37.019775,-2.891167,2022,9,Spain,HUMAN_OBSERVATION
37.019775,-2.891167,2022,9,Spain,HUMAN_OBSERVATION
37.115752,-2.818788,2023,3,Spain,HUMAN_OBSERVATION
37.118039,-2.810671,2016,10,Spain,HUMAN_OBSERVATION
37.236132,-8.380137,2022,9,Portugal,HUMAN_OBSERVATION
37.919226,-2.928726,2023,10,Spain,HUMAN_OBSERVATION
38.085503,-0.953268,2024,7,Spain,HUMAN_OBSERVATION
38.085613,-0.953448,2024,7,Spain,HUMAN_OBSERVATION
38.412686,-0.469927,2022,3,Spain,HUMAN_OBSERVATION
38.413065,-0.470292,2024,6,Spain,HUMAN_OBSERVATION
38.734257,-9.212041,2021,7,Portugal,HUMAN_OBSERVATION
38.798385,-0.612785,2022,4,Spain,HUMAN_OBSERVATION
39.011312,-0.313413,2022,9,Spain,HUMAN_OBSERVATION
39.060196,-3.009076,2023,5,Spain,HUMAN_OBSERVATION
39.060196,-3.009076,2023,5,Spain,HUMAN_OBSERVATION
39.061208,-3.003044,2023,5,Spain,HUMAN_OBSERVATION
39.061208,-3.003044,2023,5,Spain,HUMAN_OBSERVATION
39.11,-0.5,2018,12,Spain,HUMAN_OBSERVATION
39.21,-1.06,2017,5,Spain,HUMAN_OBSERVATION
39.22,-1.07,2017,5,Spain,HUMAN_OBSERVATION
39.360585,-1.448053,2022,9,Spain,HUMAN_OBSERVATION
39.36076,-1.44773,2022,9,Spain,HUMAN_OBSERVATION
39.36092,-1.447912,2022,9,Spain,HUMAN_OBSERVATION
39.361112,-1.448027,2022,9,Spain,HUMAN_OBSERVATION
39.619425,-0.256763,2016,5,Spain,HUMAN_OBSERVATION
39.77,-1.21,2021,7,Spain,HUMAN_OBSERVATION
39.93,-1.2,2019,9,Spain,HUMAN_OBSERVATION
39.94,-0.57,2018,12,Spain,HUMAN_OBSERVATION
39.960371,-8.344258,2024,6,Portugal,HUMAN_OBSERVATION
40.04,-0.57,2018,12,Spain,HUMAN_OBSERVATION
40.16322,-8.829598,2022,8,Portugal,HUMAN_OBSERVATION
40.356117,-8.4449,2021,5,Portugal,HUMAN_OBSERVATION
40.36501,-3.651625,,,Spain,MATERIAL_SAMPLE
40.36501,-3.651625,,,Spain,MATERIAL_SAMPLE
40.4223,-8.629042,2022,1,Portugal,HUMAN_OBSERVATION
40.459722,-8.699167,2022,1,Portugal,HUMAN_OBSERVATION
40.528283,-3.281764,2024,10,Spain,HUMAN_OBSERVATION
40.61,-0.28,2017,10,Spain,HUMAN_OBSERVATION
40.61,-0.28,2017,10,Spain,HUMAN_OBSERVATION
40.627349,0.283381,2016,8,Spain,HUMAN_OBSERVATION
40.633573,0.277059,2016,8,Spain,HUMAN_OBSERVATION
40.650979,-3.80672,2016,6,Spain,HUMAN_OBSERVATION
40.684497,-3.089209,2024,5,Spain,HUMAN_OBSERVATION
40.85986,-4.685841,2016,1,Spain,HUMAN_OBSERVATION
41.302674,1.197819,2019,4,Spain,HUMAN_OBSERVATION
41.402109,1.996399,2024,10,Spain,HUMAN_OBSERVATION
41.408401,2.016055,2022,4,Spain,HUMAN_OBSERVATION
41.46578,0.728874,2022,5,Spain,HUMAN_OBSERVATION
41.46578,0.728874,2022,5,Spain,HUMAN_OBSERVATION
41.548804,13.187662,2016,4,Italy,HUMAN_OBSERVATION
41.551178,2.117486,2017,6,Spain,HUMAN_OBSERVATION
41.551178,2.117486,2017,6,Spain,HUMAN_OBSERVATION
41.551178,2.117486,2017,6,Spain,HUMAN_OBSERVATION
41.643253,2.15552,2016,5,Spain,HUMAN_OBSERVATION
41.72256,9.2998,2021,4,France,HUMAN_OBSERVATION
41.7335,2.50212,2016,11,Spain,MATERIAL_SAMPLE
41.818264,-1.599272,2017,12,Spain,HUMAN_OBSERVATION
41.86265,9.39437,2019,7,France,HUMAN_OBSERVATION
41.912656,0.960066,2017,7,Spain,HUMAN_OBSERVATION
41.912656,0.960066,2017,8,Spain,HUMAN_OBSERVATION
41.912656,0.960066,2017,8,Spain,HUMAN_OBSERVATION
41.91489,9.27509,2021,5,France,HUMAN_OBSERVATION
41.919124,2.720404,2022,5,Spain,HUMAN_OBSERVATION
41.919197,2.719996,2022,5,Spain,HUMAN_OBSERVATION
41.919197,2.719996,2022,5,Spain,HUMAN_OBSERVATION
41.91922,2.720141,2022,5,Spain,HUMAN_OBSERVATION
41.919236,2.720532,2022,5,Spain,HUMAN_OBSERVATION
41.92124,9.33502,2021,5,France,HUMAN_OBSERVATION
41.927027,-1.682153,2017,12,Spain,HUMAN_OBSERVATION
42.027036,2.076003,2023,7,Spain,HUMAN_OBSERVATION
42.151858,12.651581,2024,7,Italy,HUMAN_OBSERVATION
42.2175,2.51594,2023,4,Spain,HUMAN_OBSERVATION
42.287168,14.471521,2024,9,Italy,HUMAN_OBSERVATION
42.35526,9.44917,2021,10,France,HUMAN_OBSERVATION
42.37331,8.77279,2021,10,France,HUMAN_OBSERVATION
42.38842,9.47488,2021,10,France,HUMAN_OBSERVATION
42.39397,9.20643,2017,5,France,HUMAN_OBSERVATION
42.39872,9.38479,2021,10,France,HUMAN_OBSERVATION
42.410738,-8.019758,2024,8,Spain,HUMAN_OBSERVATION
42.41832,8.75519,2021,10,France,HUMAN_OBSERVATION
42.42492,9.20131,2021,10,France,HUMAN_OBSERVATION
42.4271,9.50459,2017,4,France,HUMAN_OBSERVATION
42.427565,9.504641,2020,5,France,HUMAN_OBSERVATION
42.47,3.12,1994,8,France,OCCURRENCE
42.495395,9.435334,2021,6,France,HUMAN_OBSERVATION
42.50269,9.28077,2021,10,France,HUMAN_OBSERVATION
42.53994,8.89211,2021,10,France,HUMAN_OBSERVATION
42.579302,13.598358,2023,5,Italy,HUMAN_OBSERVATION
42.58185,8.85712,2021,10,France,HUMAN_OBSERVATION
42.58573,9.11715,2020,10,France,HUMAN_OBSERVATION
42.60268,9.3711,2020,10,France,HUMAN_OBSERVATION
42.62553,9.10122,2020,10,France,HUMAN_OBSERVATION
42.68641,9.42514,2017,5,France,HUMAN_OBSERVATION
42.7,2.86,1994,8,France,OCCURRENCE
42.70131,27.655972,2023,8,Bulgaria,HUMAN_OBSERVATION
42.710811,13.994333,2023,12,Italy,HUMAN_OBSERVATION
42.71116,9.44961,2019,9,France,HUMAN_OBSERVATION
42.73449,9.454,2019,9,France,HUMAN_OBSERVATION
42.7346,9.44039,2019,9,France,HUMAN_OBSERVATION
42.78588,9.34689,2017,5,France,HUMAN_OBSERVATION
42.81,2.74,1994,9,France,OCCURRENCE
42.81323,9.43853,2020,10,France,HUMAN_OBSERVATION
42.873512,-8.5342,2024,7,Spain,HUMAN_OBSERVATION
42.915047,-1.464645,2022,8,Spain,HUMAN_OBSERVATION
42.9882,1.07648,2021,7,France,HUMAN_OBSERVATION
43.10331,2.41363,2016,10,France,HUMAN_OBSERVATION
43.10391,6.03877,2016,6,France,HUMAN_OBSERVATION
43.14349,6.22525,2018,6,France,HUMAN_OBSERVATION
43.14349,6.22525,2017,5,France,HUMAN_OBSERVATION
43.14349,6.22525,2016,6,France,HUMAN_OBSERVATION
43.143803,-4.80967,2019,,Spain,HUMAN_OBSERVATION
43.14531,6.16388,2018,6,France,HUMAN_OBSERVATION
43.14531,6.16388,2017,5,France,HUMAN_OBSERVATION
43.14531,6.16388,2016,6,France,HUMAN_OBSERVATION
43.14885,6.04113,2017,10,France,HUMAN_OBSERVATION
43.14885,6.04113,2017,10,France,HUMAN_OBSERVATION
43.15224,5.91837,2018,4,France,HUMAN_OBSERVATION
43.15224,5.91837,2018,4,France,HUMAN_OBSERVATION
43.15224,5.91837,2017,10,France,HUMAN_OBSERVATION
43.15224,5.91837,2017,10,France,HUMAN_OBSERVATION
43.160051,6.063455,2024,7,France,HUMAN_OBSERVATION
43.16348,6.09282,2019,,France,HUMAN_OBSERVATION
43.16504,-0.25719,2019,3,France,HUMAN_OBSERVATION
43.214555,27.602484,2022,5,Bulgaria,HUMAN_OBSERVATION
43.225552,-8.793045,2021,8,Spain,HUMAN_OBSERVATION
43.23151,6.29173,2019,5,France,HUMAN_OBSERVATION
43.23151,6.29173,2018,6,France,HUMAN_OBSERVATION
43.23151,6.29173,2017,4,France,HUMAN_OBSERVATION
43.238018,-8.24985,2024,10,Spain,HUMAN_OBSERVATION
43.24045,5.9844,2018,6,France,HUMAN_OBSERVATION
43.24045,5.9844,2017,3,France,HUMAN_OBSERVATION
43.24045,5.9844,2016,6,France,HUMAN_OBSERVATION
43.2464,5.99893,2021,10,France,HUMAN_OBSERVATION
43.253567,-4.612639,2023,8,Spain,HUMAN_OBSERVATION
43.253567,-4.612639,2023,8,Spain,HUMAN_OBSERVATION
43.25432,5.43098,2018,6,France,HUMAN_OBSERVATION
43.25432,5.43098,2017,5,France,HUMAN_OBSERVATION
43.25432,5.43098,2016,7,France,HUMAN_OBSERVATION
43.26867,6.54028,2018,6,France,HUMAN_OBSERVATION
43.26867,6.54028,2016,6,France,HUMAN_OBSERVATION
43.296143,-3.963508,2024,8,Spain,HUMAN_OBSERVATION
43.316707,-5.927307,2023,9,Spain,HUMAN_OBSERVATION
43.31858,-1.5533,2019,5,France,HUMAN_OBSERVATION
43.319437,-1.891756,2023,10,Spain,HUMAN_OBSERVATION
43.319476,-1.891716,2023,10,Spain,HUMAN_OBSERVATION
43.323572,-5.811478,2023,3,Spain,HUMAN_OBSERVATION
43.32686,6.11219,2018,6,France,HUMAN_OBSERVATION
43.32686,6.11219,2017,5,France,HUMAN_OBSERVATION
43.32686,6.11219,2016,6,France,HUMAN_OBSERVATION
43.33203,-1.65957,2019,10,France,HUMAN_OBSERVATION
43.34839,5.66424,2023,3,France,HUMAN_OBSERVATION
43.35815,1.17237,2017,11,France,HUMAN_OBSERVATION
43.358823,-6.272807,2020,6,Spain,HUMAN_OBSERVATION
43.37697,5.92977,2019,5,France,HUMAN_OBSERVATION
43.37697,5.92977,2019,5,France,HUMAN_OBSERVATION
43.37697,5.92977,2019,5,France,HUMAN_OBSERVATION
43.37697,5.92977,2019,5,France,HUMAN_OBSERVATION
43.37697,5.92977,2019,5,France,HUMAN_OBSERVATION
43.38385,3.44656,2020,11,France,HUMAN_OBSERVATION
43.390878,-5.955832,2023,3,Spain,HUMAN_OBSERVATION
43.391673,27.920982,2022,5,Bulgaria,HUMAN_OBSERVATION
43.39447,5.19006,2018,6,France,HUMAN_OBSERVATION
43.39447,5.19006,2018,6,France,HUMAN_OBSERVATION
43.39447,5.19006,2017,5,France,HUMAN_OBSERVATION
43.39447,5.19006,2016,6,France,HUMAN_OBSERVATION
43.39447,5.19006,2016,6,France,HUMAN_OBSERVATION
43.40547,6.48694,2016,6,France,HUMAN_OBSERVATION
43.41496,6.17871,2018,6,France,HUMAN_OBSERVATION
43.41496,6.17871,2017,5,France,HUMAN_OBSERVATION
43.41496,6.17871,2016,7,France,HUMAN_OBSERVATION
43.4348,2.03721,2016,10,France,HUMAN_OBSERVATION
43.43687,5.31518,2018,6,France,HUMAN_OBSERVATION
43.43687,5.31518,2017,5,France,HUMAN_OBSERVATION
43.43687,5.31518,2016,5,France,HUMAN_OBSERVATION
43.44153,6.2441,2016,6,France,HUMAN_OBSERVATION
43.44218,6.73636,2017,5,France,HUMAN_OBSERVATION
43.44429,6.6747,2017,9,France,HUMAN_OBSERVATION
43.44429,6.6747,2016,7,France,HUMAN_OBSERVATION
43.4496,3.59942,2020,12,France,HUMAN_OBSERVATION
43.45546,1.43189,2021,4,France,HUMAN_OBSERVATION
43.45609,4.90415,2023,3,France,HUMAN_OBSERVATION
43.45609,4.90415,2023,3,France,HUMAN_OBSERVATION
43.45808,6.2429,2018,6,France,HUMAN_OBSERVATION
43.45808,6.2429,2017,5,France,HUMAN_OBSERVATION
43.45808,6.2429,2016,6,France,HUMAN_OBSERVATION
43.465703,5.678294,2024,6,France,HUMAN_OBSERVATION
43.47479,5.62571,2018,6,France,HUMAN_OBSERVATION
43.47479,5.62571,2017,5,France,HUMAN_OBSERVATION
43.47479,5.62571,2016,5,France,HUMAN_OBSERVATION
43.47912,5.44049,2018,6,France,HUMAN_OBSERVATION
43.48563,5.13173,2018,6,France,HUMAN_OBSERVATION
43.48563,5.13173,2017,5,France,HUMAN_OBSERVATION
43.48563,5.13173,2016,6,France,HUMAN_OBSERVATION
43.487222,-5.681667,2022,4,Spain,HUMAN_OBSERVATION
43.49535,6.4924,2018,6,France,HUMAN_OBSERVATION
43.49535,6.4924,2017,5,France,HUMAN_OBSERVATION
43.49535,6.4924,2016,6,France,HUMAN_OBSERVATION
43.49892,-5.650143,2022,4,Spain,HUMAN_OBSERVATION
43.499288,-5.648865,2022,4,Spain,HUMAN_OBSERVATION
43.504167,-5.634444,2022,4,Spain,HUMAN_OBSERVATION
43.51014,5.99841,2018,6,France,HUMAN_OBSERVATION
43.51014,5.99841,2018,6,France,HUMAN_OBSERVATION
43.51014,5.99841,2017,5,France,HUMAN_OBSERVATION
43.51014,5.99841,2017,5,France,HUMAN_OBSERVATION
43.51014,5.99841,2016,7,France,HUMAN_OBSERVATION
43.51014,5.99841,2016,7,France,HUMAN_OBSERVATION
43.51896,6.6543,2020,8,France,HUMAN_OBSERVATION
43.5268,5.31881,2018,6,France,HUMAN_OBSERVATION
43.5268,5.31881,2017,5,France,HUMAN_OBSERVATION
43.5268,5.31881,2016,5,France,HUMAN_OBSERVATION
43.527226,-5.385059,2023,11,Spain,HUMAN_OBSERVATION
43.52851,1.518604,2025,2,France,HUMAN_OBSERVATION
43.5318,5.07159,2018,7,France,HUMAN_OBSERVATION
43.5318,5.07159,2017,5,France,HUMAN_OBSERVATION
43.5318,5.07159,2016,6,France,HUMAN_OBSERVATION
43.53416,6.68045,2020,8,France,HUMAN_OBSERVATION
43.54797,6.24798,2018,6,France,HUMAN_OBSERVATION
43.54797,6.24798,2017,5,France,HUMAN_OBSERVATION
43.54797,6.24798,2016,6,France,HUMAN_OBSERVATION
43.550777,1.599599,2025,2,France,HUMAN_OBSERVATION
43.56395,0.09901,2016,7,France,HUMAN_OBSERVATION
43.57042,5.38247,2018,6,France,HUMAN_OBSERVATION
43.57042,5.38247,2017,6,France,HUMAN_OBSERVATION
43.57042,5.38247,2016,7,France,HUMAN_OBSERVATION
43.57043,6.93056,2018,7,France,HUMAN_OBSERVATION
43.57043,6.93056,2017,7,France,HUMAN_OBSERVATION
43.57043,6.93056,2016,6,France,HUMAN_OBSERVATION
43.57698,6.74515,2018,6,France,HUMAN_OBSERVATION
43.57793,5.01135,2018,11,France,HUMAN_OBSERVATION
43.57971,3.36738,2017,6,France,HUMAN_OBSERVATION
43.59747,3.4917,2017,3,France,HUMAN_OBSERVATION
43.606624,7.066402,2024,6,France,HUMAN_OBSERVATION
43.60848,7.11915,2018,6,France,HUMAN_OBSERVATION
43.60848,7.11915,2017,7,France,HUMAN_OBSERVATION
43.60848,7.11915,2016,6,France,HUMAN_OBSERVATION
43.61081,7.05732,2018,6,France,HUMAN_OBSERVATION
43.61081,7.05732,2017,7,France,HUMAN_OBSERVATION
43.61081,7.05732,2016,6,France,HUMAN_OBSERVATION
43.613693,7.123716,2022,8,France,HUMAN_OBSERVATION
43.61536,6.93364,2018,6,France,HUMAN_OBSERVATION
43.61536,6.93364,2017,7,France,HUMAN_OBSERVATION
43.61536,6.93364,2016,6,France,HUMAN_OBSERVATION
43.61931,5.19865,2018,6,France,HUMAN_OBSERVATION
43.61931,5.19865,2017,6,France,HUMAN_OBSERVATION
43.61931,5.19865,2016,7,France,HUMAN_OBSERVATION
43.62502,7.126081,2024,6,France,HUMAN_OBSERVATION
43.62649,3.16552,2018,8,France,HUMAN_OBSERVATION
43.63774,3.80294,2021,9,France,HUMAN_OBSERVATION
43.63774,3.80294,2021,9,France,HUMAN_OBSERVATION
43.63774,3.80294,2021,9,France,HUMAN_OBSERVATION
43.63774,3.80294,2021,9,France,HUMAN_OBSERVATION
43.63873,3.80094,2021,11,France,HUMAN_OBSERVATION
43.63873,3.80094,2021,11,France,HUMAN_OBSERVATION
43.63873,3.80094,2021,11,France,HUMAN_OBSERVATION
43.63873,3.80094,2021,11,France,HUMAN_OBSERVATION
43.638747,3.807675,2022,6,France,HUMAN_OBSERVATION
43.63987,3.80032,2021,9,France,HUMAN_OBSERVATION
43.63987,3.80032,2021,9,France,HUMAN_OBSERVATION
43.63987,3.80032,2021,9,France,HUMAN_OBSERVATION
43.63987,3.80032,2021,9,France,HUMAN_OBSERVATION
43.63987,3.80032,2021,9,France,HUMAN_OBSERVATION
43.63987,3.80032,2021,9,France,HUMAN_OBSERVATION
43.64149,3.79911,2021,11,France,HUMAN_OBSERVATION
43.64149,3.79911,2021,11,France,HUMAN_OBSERVATION
43.64149,3.79911,2021,11,France,HUMAN_OBSERVATION
43.64149,3.79911,2021,11,France,HUMAN_OBSERVATION
43.64149,3.79911,2021,11,France,HUMAN_OBSERVATION
43.64149,3.79911,2021,11,France,HUMAN_OBSERVATION
43.6419,3.79862,2021,9,France,HUMAN_OBSERVATION
43.6419,3.79862,2021,9,France,HUMAN_OBSERVATION
43.6419,3.79862,2021,9,France,HUMAN_OBSERVATION
43.6419,3.79862,2021,9,France,HUMAN_OBSERVATION
43.642944,21.881373,2024,7,Serbia,HUMAN_OBSERVATION
43.642946,21.881382,2024,7,Serbia,HUMAN_OBSERVATION
43.64374,3.79754,2021,11,France,HUMAN_OBSERVATION
43.64374,3.79754,2021,11,France,HUMAN_OBSERVATION
43.64374,3.79754,2021,11,France,HUMAN_OBSERVATION
43.64374,3.79754,2021,11,France,HUMAN_OBSERVATION
43.64374,3.79754,2021,11,France,HUMAN_OBSERVATION
43.64374,3.79754,2021,11,France,HUMAN_OBSERVATION
43.64394,3.7976,2021,11,France,HUMAN_OBSERVATION
43.64394,3.7976,2021,11,France,HUMAN_OBSERVATION
43.64492,3.79716,2021,11,France,HUMAN_OBSERVATION
43.64492,3.79716,2021,11,France,HUMAN_OBSERVATION
43.64492,3.79716,2021,11,France,HUMAN_OBSERVATION
43.64586,3.79472,2021,11,France,HUMAN_OBSERVATION
43.64586,3.79472,2021,11,France,HUMAN_OBSERVATION
43.64586,3.79472,2021,11,France,HUMAN_OBSERVATION
43.64586,3.79472,2021,11,France,HUMAN_OBSERVATION
43.6482,3.79159,2021,11,France,HUMAN_OBSERVATION
43.6482,3.79159,2021,11,France,HUMAN_OBSERVATION
43.6482,3.79159,2021,11,France,HUMAN_OBSERVATION
43.6482,3.79159,2021,11,France,HUMAN_OBSERVATION
43.64859,3.79106,2021,11,France,HUMAN_OBSERVATION
43.64859,3.79106,2021,11,France,HUMAN_OBSERVATION
43.64935,3.79047,2021,11,France,HUMAN_OBSERVATION
43.64935,3.79047,2021,11,France,HUMAN_OBSERVATION
43.64935,3.79047,2021,11,France,HUMAN_OBSERVATION
43.64935,3.79047,2021,11,France,HUMAN_OBSERVATION
43.64935,3.79047,2021,11,France,HUMAN_OBSERVATION
43.64935,3.79047,2021,11,France,HUMAN_OBSERVATION
43.65104,7.18426,2018,8,France,HUMAN_OBSERVATION
43.65104,7.18426,2017,7,France,HUMAN_OBSERVATION
43.65104,7.18426,2016,6,France,HUMAN_OBSERVATION
43.65341,7.12238,2019,8,France,HUMAN_OBSERVATION
43.65341,7.12238,2019,10,France,HUMAN_OBSERVATION
43.65341,7.12238,2019,10,France,HUMAN_OBSERVATION
43.65464,5.63395,2018,7,France,HUMAN_OBSERVATION
43.65464,5.63395,2017,6,France,HUMAN_OBSERVATION
43.65464,5.63395,2016,6,France,HUMAN_OBSERVATION
43.65507,3.78952,2021,11,France,HUMAN_OBSERVATION
43.65507,3.78952,2021,11,France,HUMAN_OBSERVATION
43.65507,3.78952,2021,11,France,HUMAN_OBSERVATION
43.65507,3.78952,2021,11,France,HUMAN_OBSERVATION
43.65638,3.78916,2021,11,France,HUMAN_OBSERVATION
43.65638,3.78916,2021,11,France,HUMAN_OBSERVATION
43.65638,3.78916,2021,11,France,HUMAN_OBSERVATION
43.65638,3.78916,2021,11,France,HUMAN_OBSERVATION
43.65657,3.05196,2019,4,France,HUMAN_OBSERVATION
43.65727,3.78939,2021,11,France,HUMAN_OBSERVATION
43.65727,3.78939,2021,11,France,HUMAN_OBSERVATION
43.65765,3.78979,2021,11,France,HUMAN_OBSERVATION
43.65765,3.78979,2021,11,France,HUMAN_OBSERVATION
43.65765,3.78979,2021,11,France,HUMAN_OBSERVATION
43.65765,3.78979,2021,11,France,HUMAN_OBSERVATION
43.65765,3.78979,2021,11,France,HUMAN_OBSERVATION
43.67011,4.89059,2018,6,France,HUMAN_OBSERVATION
43.67011,4.89059,2017,5,France,HUMAN_OBSERVATION
43.67011,4.89059,2016,6,France,HUMAN_OBSERVATION
43.67116,4.82862,2018,12,France,HUMAN_OBSERVATION
43.67346,5.09048,2022,6,France,HUMAN_OBSERVATION
43.67413,4.64272,2018,9,France,HUMAN_OBSERVATION
43.67413,4.64272,2017,9,France,HUMAN_OBSERVATION
43.67413,4.64272,2016,7,France,HUMAN_OBSERVATION
43.67994,-1.11991,2018,10,France,HUMAN_OBSERVATION
43.68961,3.85953,2017,6,France,HUMAN_OBSERVATION
43.69285,0.45333,2016,7,France,HUMAN_OBSERVATION
43.697118,7.012844,2023,4,France,HUMAN_OBSERVATION
43.69739,-8.029935,2024,5,Spain,HUMAN_OBSERVATION
43.698064,3.862765,2022,9,France,HUMAN_OBSERVATION
43.698064,3.862765,2022,9,France,HUMAN_OBSERVATION
43.698064,3.862765,2022,9,France,HUMAN_OBSERVATION
43.698064,3.862765,2022,9,France,HUMAN_OBSERVATION
43.69809,5.698,2018,7,France,HUMAN_OBSERVATION
43.69809,5.698,2017,5,France,HUMAN_OBSERVATION
43.69809,5.698,2017,6,France,HUMAN_OBSERVATION
43.69809,5.698,2016,6,France,HUMAN_OBSERVATION
43.69834,7.12562,2018,6,France,HUMAN_OBSERVATION
43.69834,7.12562,2017,7,France,HUMAN_OBSERVATION
43.69834,7.12562,2016,6,France,HUMAN_OBSERVATION
43.70067,7.06369,2019,8,France,HUMAN_OBSERVATION
43.70067,7.06369,2018,8,France,HUMAN_OBSERVATION
43.70067,7.06369,2017,7,France,HUMAN_OBSERVATION
43.70067,7.06369,2016,7,France,HUMAN_OBSERVATION
43.70533,5.38808,2018,7,France,HUMAN_OBSERVATION
43.70533,5.38808,2017,6,France,HUMAN_OBSERVATION
43.70533,5.38808,2016,6,France,HUMAN_OBSERVATION
43.70581,3.85758,2017,6,France,HUMAN_OBSERVATION
43.70925,5.2021,2018,11,France,HUMAN_OBSERVATION
43.71253,3.85562,2017,6,France,HUMAN_OBSERVATION
43.716473,3.847611,2022,10,France,HUMAN_OBSERVATION
43.7327,3.2995,2020,9,France,HUMAN_OBSERVATION
43.73538,3.29613,2017,10,France,HUMAN_OBSERVATION
43.73605,7.31476,2018,6,France,HUMAN_OBSERVATION
43.73605,7.31476,2017,6,France,HUMAN_OBSERVATION
43.73605,7.31476,2016,6,France,HUMAN_OBSERVATION
43.73849,7.2528,2019,4,France,HUMAN_OBSERVATION
43.7399,5.82416,2018,7,France,HUMAN_OBSERVATION
43.7399,5.82416,2017,6,France,HUMAN_OBSERVATION
43.7399,5.82416,2016,6,France,HUMAN_OBSERVATION
43.7479,7.0049,2018,8,France,HUMAN_OBSERVATION
43.7479,7.0049,2017,4,France,HUMAN_OBSERVATION
43.7479,7.0049,2016,6,France,HUMAN_OBSERVATION
43.75025,3.27711,2017,10,France,HUMAN_OBSERVATION
43.75163,3.41356,2017,10,France,HUMAN_OBSERVATION
43.75519,3.41566,2017,10,France,HUMAN_OBSERVATION
43.75936,3.42378,2017,10,France,HUMAN_OBSERVATION
43.76586,5.10309,2022,2,France,HUMAN_OBSERVATION
43.78158,5.9505,2018,7,France,HUMAN_OBSERVATION
43.78158,5.9505,2017,5,France,HUMAN_OBSERVATION
43.78542,2.16636,2017,11,France,HUMAN_OBSERVATION
43.78646,5.76431,2017,6,France,HUMAN_OBSERVATION
43.78646,5.76431,2016,6,France,HUMAN_OBSERVATION
43.81195,6.44955,2018,9,France,HUMAN_OBSERVATION
43.81195,6.44955,2017,7,France,HUMAN_OBSERVATION
43.81195,6.44955,2016,6,France,HUMAN_OBSERVATION
43.83313,7.13535,2017,10,France,HUMAN_OBSERVATION
43.83313,7.13535,2016,6,France,HUMAN_OBSERVATION
43.84542,5.14515,2018,7,France,HUMAN_OBSERVATION
43.84542,5.14515,2017,5,France,HUMAN_OBSERVATION
43.84542,5.14515,2016,6,France,HUMAN_OBSERVATION
43.84779,5.02085,2018,7,France,HUMAN_OBSERVATION
43.84779,5.02085,2017,5,France,HUMAN_OBSERVATION
43.84779,5.02085,2017,7,France,HUMAN_OBSERVATION
43.84779,5.02085,2016,7,France,HUMAN_OBSERVATION
43.85003,4.89654,2018,6,France,HUMAN_OBSERVATION
43.85003,4.89654,2017,5,France,HUMAN_OBSERVATION
43.85003,4.89654,2016,7,France,HUMAN_OBSERVATION
43.86629,6.1416,2017,4,France,HUMAN_OBSERVATION
43.87317,5.89299,2017,6,France,HUMAN_OBSERVATION
43.87569,7.20073,2018,8,France,HUMAN_OBSERVATION
43.88097,5.58215,2018,6,France,HUMAN_OBSERVATION
43.88097,5.58215,2017,6,France,HUMAN_OBSERVATION
43.88097,5.58215,2016,4,France,HUMAN_OBSERVATION
43.89809,4.71141,2018,9,France,HUMAN_OBSERVATION
43.89809,4.71141,2017,9,France,HUMAN_OBSERVATION
43.89809,4.71141,2016,7,France,HUMAN_OBSERVATION
43.90821,7.51479,2016,6,France,HUMAN_OBSERVATION
43.91814,5.89527,2018,6,France,HUMAN_OBSERVATION
43.91814,5.89527,2017,6,France,HUMAN_OBSERVATION
43.91814,5.89527,2016,6,France,HUMAN_OBSERVATION
43.92062,7.20404,2017,7,France,HUMAN_OBSERVATION
43.93538,5.14854,2019,7,France,HUMAN_OBSERVATION
43.93538,5.14854,2018,8,France,HUMAN_OBSERVATION
43.93776,5.02404,2018,7,France,HUMAN_OBSERVATION
43.93776,5.02404,2017,6,France,HUMAN_OBSERVATION
43.93776,5.02404,2016,6,France,HUMAN_OBSERVATION
43.94106,4.83728,2018,7,France,HUMAN_OBSERVATION
43.94106,4.83728,2017,6,France,HUMAN_OBSERVATION
43.94209,4.77502,2018,9,France,HUMAN_OBSERVATION
43.94209,4.77502,2017,9,France,HUMAN_OBSERVATION
43.96918,1.33997,2020,7,France,HUMAN_OBSERVATION
43.96923,1.33989,2020,7,France,HUMAN_OBSERVATION
43.9788,3.53402,2019,9,France,HUMAN_OBSERVATION
43.98139,4.85553,2020,8,France,HUMAN_OBSERVATION
43.98274,5.02564,2018,7,France,HUMAN_OBSERVATION
43.98274,5.02564,2017,6,France,HUMAN_OBSERVATION
43.98274,5.02564,2016,6,France,HUMAN_OBSERVATION
44.01847,1.77609,2022,3,France,HUMAN_OBSERVATION
44.02773,5.02724,2018,8,France,HUMAN_OBSERVATION
44.02773,5.02724,2017,6,France,HUMAN_OBSERVATION
44.02773,5.02724,2016,6,France,HUMAN_OBSERVATION
44.02886,4.96489,2018,8,France,HUMAN_OBSERVATION
44.02886,4.96489,2017,6,France,HUMAN_OBSERVATION
44.02886,4.96489,2016,6,France,HUMAN_OBSERVATION
44.02996,4.90253,2018,7,France,HUMAN_OBSERVATION
44.02996,4.90253,2018,8,France,HUMAN_OBSERVATION
44.02996,4.90253,2018,8,France,HUMAN_OBSERVATION
44.02996,4.90253,2017,6,France,HUMAN_OBSERVATION
44.02996,4.90253,2017,6,France,HUMAN_OBSERVATION
44.02996,4.90253,2017,6,France,HUMAN_OBSERVATION
44.02996,4.90253,2016,6,France,HUMAN_OBSERVATION
44.02996,4.90253,2016,6,France,HUMAN_OBSERVATION
44.02996,4.90253,2016,6,France,HUMAN_OBSERVATION
44.03103,4.84018,2018,9,France,HUMAN_OBSERVATION
44.03103,4.84018,2017,10,France,HUMAN_OBSERVATION
44.03103,4.84018,2016,7,France,HUMAN_OBSERVATION
44.07154,5.09124,2018,8,France,HUMAN_OBSERVATION
44.07154,5.09124,2017,6,France,HUMAN_OBSERVATION
44.07154,5.09124,2016,6,France,HUMAN_OBSERVATION
44.08502,1.76171,2021,5,France,HUMAN_OBSERVATION
44.08583,1.28184,2017,11,France,HUMAN_OBSERVATION
44.09463,6.02923,2017,3,France,HUMAN_OBSERVATION
44.11652,5.09289,2018,8,France,HUMAN_OBSERVATION
44.11652,5.09289,2017,6,France,HUMAN_OBSERVATION
44.11652,5.09289,2016,6,France,HUMAN_OBSERVATION
44.12204,4.78063,2018,7,France,HUMAN_OBSERVATION
44.12204,4.78063,2017,6,France,HUMAN_OBSERVATION
44.12204,4.78063,2016,6,France,HUMAN_OBSERVATION
44.12304,4.71818,2017,6,France,HUMAN_OBSERVATION
44.12304,4.71818,2016,7,France,HUMAN_OBSERVATION
44.125193,15.624707,2024,4,Croatia,HUMAN_OBSERVATION
44.13197,0.3434,2020,2,France,HUMAN_OBSERVATION
44.21303,4.7209,2018,7,France,HUMAN_OBSERVATION
44.21303,4.7209,2017,3,France,HUMAN_OBSERVATION
44.21303,4.7209,2016,6,France,HUMAN_OBSERVATION
44.23293,5.91133,2018,8,France,HUMAN_OBSERVATION
44.23293,5.91133,2017,8,France,HUMAN_OBSERVATION
44.23293,5.91133,2016,6,France,HUMAN_OBSERVATION
44.23457,5.84878,2017,8,France,HUMAN_OBSERVATION
44.23457,5.84878,2016,6,France,HUMAN_OBSERVATION
44.25898,4.65965,2017,6,France,HUMAN_OBSERVATION
44.25898,4.65965,2016,6,France,HUMAN_OBSERVATION
44.27452,6.03884,2018,8,France,HUMAN_OBSERVATION
44.31258,10.747149,2021,7,Italy,HUMAN_OBSERVATION
44.32288,5.91595,2017,4,France,HUMAN_OBSERVATION
44.32453,5.8533,2019,5,France,HUMAN_OBSERVATION
44.45087,6.17409,2018,5,France,HUMAN_OBSERVATION
44.45087,6.17409,2018,5,France,HUMAN_OBSERVATION
44.45087,6.17409,2018,7,France,HUMAN_OBSERVATION
44.45087,6.17409,2017,8,France,HUMAN_OBSERVATION
44.45087,6.17409,2016,8,France,HUMAN_OBSERVATION
44.48486,6.26722,2017,6,France,HUMAN_OBSERVATION
44.49215,6.30228,2017,6,France,HUMAN_OBSERVATION
44.49764,6.11378,2017,8,France,HUMAN_OBSERVATION
44.49764,6.11378,2016,8,France,HUMAN_OBSERVATION
44.51702,3.50021,2017,9,France,HUMAN_OBSERVATION
44.52158,-0.106,2021,11,France,HUMAN_OBSERVATION
44.52672,6.39454,2017,2,France,HUMAN_OBSERVATION
44.52672,6.39454,2017,2,France,HUMAN_OBSERVATION
44.53329,6.43066,2017,2,France,HUMAN_OBSERVATION
44.53522,6.36778,2017,2,France,HUMAN_OBSERVATION
44.54261,6.11626,2017,7,France,HUMAN_OBSERVATION
44.54261,6.11626,2016,5,France,HUMAN_OBSERVATION
44.5454,0.94909,2020,10,France,HUMAN_OBSERVATION
44.56891,0.89332,2020,10,France,HUMAN_OBSERVATION
44.57628,6.49631,2021,7,France,HUMAN_OBSERVATION
44.57628,6.49631,2021,9,France,HUMAN_OBSERVATION
44.57628,6.49631,2018,6,France,HUMAN_OBSERVATION
44.57784,0.70866,2019,6,France,HUMAN_OBSERVATION
44.59175,-0.54987,2021,3,France,HUMAN_OBSERVATION
44.59175,-0.54987,2020,3,France,HUMAN_OBSERVATION
44.59175,-0.54987,2018,10,France,HUMAN_OBSERVATION
44.62426,1.60476,2017,11,France,HUMAN_OBSERVATION
44.62454,6.62302,2016,9,France,HUMAN_OBSERVATION
44.64228,6.48334,2018,6,France,HUMAN_OBSERVATION
44.65141,-0.63139,2021,1,France,HUMAN_OBSERVATION
44.65141,-0.63139,2019,9,France,HUMAN_OBSERVATION
44.65141,-0.63139,2018,9,France,HUMAN_OBSERVATION
44.65141,-0.63139,2018,10,France,HUMAN_OBSERVATION
44.65141,-0.63139,2017,5,France,HUMAN_OBSERVATION
44.65141,-0.63139,2017,6,France,HUMAN_OBSERVATION
44.65141,-0.63139,2016,4,France,HUMAN_OBSERVATION
44.65141,-0.63139,2016,4,France,HUMAN_OBSERVATION
44.65431,-0.47216,2020,7,France,HUMAN_OBSERVATION
44.66215,6.62791,2017,1,France,HUMAN_OBSERVATION
44.66215,6.62791,2017,1,France,HUMAN_OBSERVATION
44.66215,6.62791,2016,9,France,HUMAN_OBSERVATION
44.66215,6.62791,2016,9,France,HUMAN_OBSERVATION
44.68016,-0.53701,2021,4,France,HUMAN_OBSERVATION
44.68134,6.56412,2017,1,France,HUMAN_OBSERVATION
44.68134,6.56412,2017,1,France,HUMAN_OBSERVATION
44.68396,5.16801,2017,11,France,HUMAN_OBSERVATION
44.7028,-0.48368,2020,7,France,HUMAN_OBSERVATION
44.7036,-0.17335,2022,8,France,HUMAN_OBSERVATION
44.7112,-0.50927,2020,7,France,HUMAN_OBSERVATION
44.7112,-0.50927,2020,7,France,HUMAN_OBSERVATION
44.71547,-0.55706,2020,6,France,HUMAN_OBSERVATION
44.71923,-0.61499,2021,4,France,HUMAN_OBSERVATION
44.71923,-0.61499,2019,5,France,HUMAN_OBSERVATION
44.71923,-0.61499,2019,6,France,HUMAN_OBSERVATION
44.7389,-0.14132,2017,,France,HUMAN_OBSERVATION
44.74656,-0.52945,2021,4,France,HUMAN_OBSERVATION
44.75183,4.42466,2017,11,France,HUMAN_OBSERVATION
44.78923,1.17179,2016,7,France,HUMAN_OBSERVATION
44.79911,6.57346,2016,8,France,HUMAN_OBSERVATION
44.81162,1.56026,2019,4,France,HUMAN_OBSERVATION
44.82111,1.79638,2018,10,France,HUMAN_OBSERVATION
44.83795,-0.58126,2017,2,France,HUMAN_OBSERVATION
44.9181,0.92572,2021,5,France,HUMAN_OBSERVATION
44.92125,1.638,2018,12,France,HUMAN_OBSERVATION
44.92639,0.92506,2021,5,France,HUMAN_OBSERVATION
44.95536,1.71424,2019,6,France,HUMAN_OBSERVATION
44.97435,1.39121,2023,10,France,HUMAN_OBSERVATION
45.001,5.77783,2022,10,France,HUMAN_OBSERVATION
45.019242,8.739302,2020,3,Italy,HUMAN_OBSERVATION
45.06011,1.25118,2017,10,France,HUMAN_OBSERVATION
45.06011,1.25118,2017,10,France,HUMAN_OBSERVATION
45.07398,5.77422,2021,7,France,HUMAN_OBSERVATION
45.08903,1.47019,2016,6,France,HUMAN_OBSERVATION
45.10427,0.74131,2017,10,France,HUMAN_OBSERVATION
45.26323,5.57615,2017,11,France,HUMAN_OBSERVATION
45.2634,1.41313,2017,10,France,HUMAN_OBSERVATION
45.2634,1.41313,2017,10,France,HUMAN_OBSERVATION
45.27132,0.17442,2022,10,France,HUMAN_OBSERVATION
45.28875,5.8989,2019,,France,HUMAN_OBSERVATION
45.31453,1.0134,2018,10,France,HUMAN_OBSERVATION
45.32883,1.04851,2018,10,France,HUMAN_OBSERVATION
45.33829,0.19479,2022,10,France,HUMAN_OBSERVATION
45.35706,1.87697,2017,10,France,HUMAN_OBSERVATION
45.37855,0.69042,2022,8,France,HUMAN_OBSERVATION
45.39813,0.19677,2022,10,France,HUMAN_OBSERVATION
45.40133,-0.13486,2017,5,France,HUMAN_OBSERVATION
45.47991,-0.54069,2021,8,France,HUMAN_OBSERVATION
45.51964,0.66209,2016,8,France,HUMAN_OBSERVATION
45.51964,0.66209,2016,8,France,HUMAN_OBSERVATION
45.525812,4.910772,2024,1,France,HUMAN_OBSERVATION
45.59428,10.734126,2022,9,Italy,HUMAN_OBSERVATION
45.62422,-0.02728,2018,11,France,HUMAN_OBSERVATION
45.63863,3.19245,2016,6,France,HUMAN_OBSERVATION
45.6557,3.23793,2016,10,France,HUMAN_OBSERVATION
45.71349,3.13729,2016,1,France,HUMAN_OBSERVATION
45.72569,3.14092,2016,10,France,HUMAN_OBSERVATION
45.73225,-0.49746,2021,9,France,HUMAN_OBSERVATION
45.75491,4.83635,2020,9,France,HUMAN_OBSERVATION
45.76084,0.35908,2017,5,France,HUMAN_OBSERVATION
45.77384,-0.67737,2017,9,France,HUMAN_OBSERVATION
45.779592,4.844329,2022,11,France,HUMAN_OBSERVATION
45.79175,4.90533,2017,10,France,HUMAN_OBSERVATION
45.79528,4.88072,2017,,France,HUMAN_OBSERVATION
45.7957,4.88048,2017,7,France,HUMAN_OBSERVATION
45.79615,5.00728,2019,8,France,HUMAN_OBSERVATION
45.79707,5.00513,2016,6,France,HUMAN_OBSERVATION
45.8006,4.8872,2017,,France,HUMAN_OBSERVATION
45.80085,4.90288,2017,10,France,HUMAN_OBSERVATION
45.80302,4.91412,2017,7,France,HUMAN_OBSERVATION
45.80337,4.91623,2017,7,France,HUMAN_OBSERVATION
45.80836,4.98736,2016,6,France,HUMAN_OBSERVATION
45.80978,5.09236,2019,8,France,HUMAN_OBSERVATION
45.81445,5.10232,2016,6,France,HUMAN_OBSERVATION
45.81961,5.11413,2016,6,France,HUMAN_OBSERVATION
45.81965,5.11383,2016,6,France,HUMAN_OBSERVATION
45.82594,5.10209,2016,6,France,HUMAN_OBSERVATION
45.82804,3.1541,2019,9,France,HUMAN_OBSERVATION
45.82804,3.1541,2019,9,France,HUMAN_OBSERVATION
45.83895,8.95092,2018,3,Italy,HUMAN_OBSERVATION
45.85972,3.06093,2016,10,France,HUMAN_OBSERVATION
45.8704,4.6414,2016,6,France,HUMAN_OBSERVATION
45.89164,1.23518,2016,7,France,HUMAN_OBSERVATION
45.93911,0.48255,2023,9,France,HUMAN_OBSERVATION
45.99302,0.41295,2020,12,France,HUMAN_OBSERVATION
46.01449,0.21642,2020,7,France,HUMAN_OBSERVATION
46.06716,-0.41722,2021,7,France,HUMAN_OBSERVATION
46.07346,7.08321,2019,3,Switzerland,HUMAN_OBSERVATION
46.09959,5.34898,2016,6,France,HUMAN_OBSERVATION
46.11862,7.1476,2021,4,Switzerland,HUMAN_OBSERVATION
46.15456,5.98235,2022,9,Switzerland,HUMAN_OBSERVATION
46.15456,5.98235,2019,3,Switzerland,HUMAN_OBSERVATION
46.15456,5.98235,2018,3,Switzerland,HUMAN_OBSERVATION
46.15456,5.98235,2018,7,Switzerland,HUMAN_OBSERVATION
46.15538,6.04706,2019,3,Switzerland,HUMAN_OBSERVATION
46.15538,6.04706,2019,6,Switzerland,HUMAN_OBSERVATION
46.172753,6.095675,2021,6,Switzerland,HUMAN_OBSERVATION
46.19953,5.98115,2022,10,Switzerland,HUMAN_OBSERVATION
46.20035,6.04591,2019,3,Switzerland,HUMAN_OBSERVATION
46.20035,6.04591,2019,6,Switzerland,HUMAN_OBSERVATION
46.20035,6.04591,2017,10,Switzerland,HUMAN_OBSERVATION
46.20188,6.17545,2017,8,Switzerland,HUMAN_OBSERVATION
46.20188,6.17545,2017,8,Switzerland,HUMAN_OBSERVATION
46.20891,7.34147,2019,3,Switzerland,HUMAN_OBSERVATION
46.21542,-0.1484,2019,2,France,HUMAN_OBSERVATION
46.23744,-0.22383,2017,5,France,HUMAN_OBSERVATION
46.24278,9.02698,2019,3,Switzerland,HUMAN_OBSERVATION
46.2461,6.10958,2021,3,France,HUMAN_OBSERVATION
46.2461,6.10958,2017,10,France,HUMAN_OBSERVATION
46.24685,6.1744,2021,8,Switzerland,HUMAN_OBSERVATION
46.24685,6.1744,2017,8,Switzerland,HUMAN_OBSERVATION
46.24685,6.1744,2017,8,Switzerland,HUMAN_OBSERVATION
46.24685,6.1744,2017,8,Switzerland,HUMAN_OBSERVATION
46.24685,6.1744,2017,8,Switzerland,HUMAN_OBSERVATION
46.25393,7.47106,2018,3,Switzerland,HUMAN_OBSERVATION
46.26052,-0.20766,2020,10,France,HUMAN_OBSERVATION
46.27514,0.94523,2020,8,France,HUMAN_OBSERVATION
46.27901,6.151593,2021,6,Switzerland,HUMAN_OBSERVATION
46.29108,6.10848,2019,3,France,HUMAN_OBSERVATION
46.29108,6.10848,2018,3,France,HUMAN_OBSERVATION
46.29108,6.10848,2018,7,France,HUMAN_OBSERVATION
46.29182,6.17335,2017,8,Switzerland,HUMAN_OBSERVATION
46.29253,6.23823,2017,8,Switzerland,HUMAN_OBSERVATION
46.29253,6.23823,2017,8,Switzerland,HUMAN_OBSERVATION
46.29854,7.73066,2022,4,Switzerland,HUMAN_OBSERVATION
46.29868,7.66577,2020,6,Switzerland,HUMAN_OBSERVATION
46.29879,7.60087,2022,6,Switzerland,HUMAN_OBSERVATION
46.29879,7.60087,2022,6,Switzerland,HUMAN_OBSERVATION
46.29879,7.60087,2022,6,Switzerland,HUMAN_OBSERVATION
46.29879,7.60087,2022,6,Switzerland,HUMAN_OBSERVATION
46.29879,7.60087,2022,6,Switzerland,HUMAN_OBSERVATION
46.29879,7.60087,2022,6,Switzerland,HUMAN_OBSERVATION
46.29879,7.60087,2022,6,Switzerland,HUMAN_OBSERVATION
46.29879,7.60087,2022,6,Switzerland,HUMAN_OBSERVATION
46.29879,7.60087,2021,9,Switzerland,HUMAN_OBSERVATION
46.31747,-0.84792,2017,9,France,HUMAN_OBSERVATION
46.3375,6.23723,2017,8,France,HUMAN_OBSERVATION
46.33883,1.17062,2016,7,France,HUMAN_OBSERVATION
46.34077,-0.79668,2017,9,France,HUMAN_OBSERVATION
46.34284,6.95155,2019,3,Switzerland,HUMAN_OBSERVATION
46.35656,0.45502,2022,9,France,HUMAN_OBSERVATION
46.37442,0.4251,2022,9,France,HUMAN_OBSERVATION
46.38745,1.16655,2022,8,France,HUMAN_OBSERVATION
46.38745,1.16655,2022,8,France,HUMAN_OBSERVATION
46.38781,6.95115,2022,8,Switzerland,HUMAN_OBSERVATION
46.406083,30.759118,2024,1,Ukraine,HUMAN_OBSERVATION
46.40825,0.71609,2022,9,France,HUMAN_OBSERVATION
46.42089,0.23147,2022,9,France,HUMAN_OBSERVATION
46.45127,1.32261,2020,8,France,HUMAN_OBSERVATION
46.47433,6.42952,2019,1,Switzerland,HUMAN_OBSERVATION
46.47433,6.42952,2019,1,Switzerland,HUMAN_OBSERVATION
46.47433,6.42952,2019,11,Switzerland,HUMAN_OBSERVATION
46.47433,6.42952,2018,1,Switzerland,HUMAN_OBSERVATION
46.47583,0.67463,2022,9,France,HUMAN_OBSERVATION
46.47676,6.75503,2019,1,Switzerland,HUMAN_OBSERVATION
46.47676,6.75503,2019,11,Switzerland,HUMAN_OBSERVATION
46.47676,6.75503,2017,12,Switzerland,HUMAN_OBSERVATION
46.47713,6.82013,2017,8,Switzerland,HUMAN_OBSERVATION
46.47783,0.29155,2019,3,France,HUMAN_OBSERVATION
46.49687,1.36261,2020,8,France,HUMAN_OBSERVATION
46.50603,2.06163,2023,2,France,HUMAN_OBSERVATION
46.518028,6.584031,2023,3,Switzerland,HUMAN_OBSERVATION
46.5193,6.42868,2018,3,Switzerland,HUMAN_OBSERVATION
46.5193,6.42868,2018,7,Switzerland,HUMAN_OBSERVATION
46.56585,6.62347,2019,3,Switzerland,HUMAN_OBSERVATION
46.5663,6.68868,2020,4,Switzerland,HUMAN_OBSERVATION
46.56671,6.75389,2021,4,Switzerland,HUMAN_OBSERVATION
46.56671,6.75389,2019,4,Switzerland,HUMAN_OBSERVATION
46.56708,6.8191,2020,10,Switzerland,HUMAN_OBSERVATION
46.56708,6.8191,2020,10,Switzerland,HUMAN_OBSERVATION
46.570622,6.596175,2024,11,Switzerland,HUMAN_OBSERVATION
46.59724,2.23417,2020,5,France,HUMAN_OBSERVATION
46.61034,6.55752,2019,3,Switzerland,HUMAN_OBSERVATION
46.61034,6.55752,2016,3,Switzerland,HUMAN_OBSERVATION
46.61171,2.21889,2020,5,France,HUMAN_OBSERVATION
46.61206,6.81858,2020,4,Switzerland,HUMAN_OBSERVATION
46.61206,6.81858,2020,4,Switzerland,HUMAN_OBSERVATION
46.61206,6.81858,2020,4,Switzerland,HUMAN_OBSERVATION
46.61206,6.81858,2020,10,Switzerland,HUMAN_OBSERVATION
46.63233,1.95042,2022,9,France,HUMAN_OBSERVATION
46.64237,2.194024,,,France,MATERIAL_SAMPLE
46.64237,2.194024,,,France,MATERIAL_SAMPLE
46.64237,2.194024,,,France,MATERIAL_SAMPLE
46.64318,2.27906,2018,8,France,HUMAN_OBSERVATION
46.65191,1.95453,2022,9,France,HUMAN_OBSERVATION
46.65704,6.81806,2020,4,Switzerland,HUMAN_OBSERVATION
46.65816,7.07935,2019,4,Switzerland,HUMAN_OBSERVATION
46.67507,-1.29764,2017,9,France,HUMAN_OBSERVATION
46.67909,2.28563,2020,5,France,HUMAN_OBSERVATION
46.69247,1.69719,2019,5,France,HUMAN_OBSERVATION
46.69348,1.71141,2019,5,France,HUMAN_OBSERVATION
46.70029,6.55605,2018,7,Switzerland,HUMAN_OBSERVATION
46.7028,2.57669,2020,5,France,HUMAN_OBSERVATION
46.70579,2.2208,2022,9,France,HUMAN_OBSERVATION
46.7212,2.47516,2019,7,France,HUMAN_OBSERVATION
46.72673,2.65386,2019,7,France,HUMAN_OBSERVATION
46.72757,2.17931,2020,5,France,HUMAN_OBSERVATION
46.74557,2.59942,2020,5,France,HUMAN_OBSERVATION
46.74575,6.62074,2018,3,Switzerland,HUMAN_OBSERVATION
46.74575,6.62074,2018,7,Switzerland,HUMAN_OBSERVATION
46.752565,17.357201,2020,8,Hungary,HUMAN_OBSERVATION
46.77581,2.18232,2018,8,France,HUMAN_OBSERVATION
46.77998,2.57434,2019,4,France,HUMAN_OBSERVATION
46.78811,1.36005,2016,3,France,HUMAN_OBSERVATION
46.79072,6.62006,2022,8,Switzerland,HUMAN_OBSERVATION
46.79072,6.62006,2020,2,Switzerland,HUMAN_OBSERVATION
46.79117,6.68554,2020,2,Switzerland,HUMAN_OBSERVATION
46.79117,6.68554,2018,3,Switzerland,HUMAN_OBSERVATION
46.79159,6.75102,2020,3,Switzerland,HUMAN_OBSERVATION
46.79159,6.75102,2020,7,Switzerland,HUMAN_OBSERVATION
46.79159,6.75102,2019,3,Switzerland,HUMAN_OBSERVATION
46.79159,6.75102,2019,8,Switzerland,HUMAN_OBSERVATION
46.79196,6.81651,2017,7,Switzerland,HUMAN_OBSERVATION
46.79287,7.01296,2018,4,Switzerland,HUMAN_OBSERVATION
46.79309,7.07845,2019,9,Switzerland,HUMAN_OBSERVATION
46.79328,7.14394,2019,3,Switzerland,HUMAN_OBSERVATION
46.79328,7.14394,2019,3,Switzerland,HUMAN_OBSERVATION
46.80178,1.55789,2017,4,France,HUMAN_OBSERVATION
46.80334,2.71461,2019,7,France,HUMAN_OBSERVATION
46.80477,2.71633,2019,7,France,HUMAN_OBSERVATION
46.8132,2.6208,2019,4,France,HUMAN_OBSERVATION
46.81361,2.16724,2019,4,France,HUMAN_OBSERVATION
46.81659,2.20259,2021,6,France,HUMAN_OBSERVATION
46.83,17.73,1990,8,Hungary,OCCURRENCE
46.83416,2.198,2019,4,France,HUMAN_OBSERVATION
46.83615,6.68491,2021,5,Switzerland,HUMAN_OBSERVATION
46.83807,7.07815,2018,4,Switzerland,HUMAN_OBSERVATION
46.83807,7.07815,2018,7,Switzerland,HUMAN_OBSERVATION
46.83853,7.60249,2019,4,Switzerland,HUMAN_OBSERVATION
46.84014,2.20753,2023,4,France,HUMAN_OBSERVATION
46.84336,2.93547,2019,5,France,HUMAN_OBSERVATION
46.85441,2.5837,2020,5,France,HUMAN_OBSERVATION
46.87725,2.15102,2018,8,France,HUMAN_OBSERVATION
46.88192,6.81546,2019,11,Switzerland,HUMAN_OBSERVATION
46.88192,6.81546,2017,12,Switzerland,HUMAN_OBSERVATION
46.88225,5.29836,2019,,France,HUMAN_OBSERVATION
46.88225,5.29836,2019,,France,HUMAN_OBSERVATION
46.88305,7.07785,2022,1,Switzerland,HUMAN_OBSERVATION
46.88324,7.14344,2020,9,Switzerland,HUMAN_OBSERVATION
46.88358,7.34024,2019,3,Switzerland,HUMAN_OBSERVATION
46.89422,1.56253,2017,4,France,HUMAN_OBSERVATION
46.89649,2.29959,2020,7,France,HUMAN_OBSERVATION
46.89693,2.29518,2018,7,France,HUMAN_OBSERVATION
46.91317,1.93068,2021,6,France,HUMAN_OBSERVATION
46.91461,1.93518,2021,6,France,HUMAN_OBSERVATION
46.91984,2.89706,2020,6,France,HUMAN_OBSERVATION
46.92753,6.94624,2022,7,Switzerland,HUMAN_OBSERVATION
46.92753,6.94624,2022,10,Switzerland,HUMAN_OBSERVATION
46.92753,6.94624,2021,3,Switzerland,HUMAN_OBSERVATION
46.9278,7.01189,2022,1,Switzerland,HUMAN_OBSERVATION
46.92822,7.73407,2019,4,Switzerland,HUMAN_OBSERVATION
46.92836,7.20885,2020,3,Switzerland,HUMAN_OBSERVATION
46.92836,7.20885,2020,9,Switzerland,HUMAN_OBSERVATION
46.92859,7.47146,2019,3,Switzerland,HUMAN_OBSERVATION
46.93382,2.65448,2019,4,France,HUMAN_OBSERVATION
46.937588,7.432075,2024,1,Switzerland,HUMAN_OBSERVATION
46.93965,1.79275,2017,4,France,HUMAN_OBSERVATION
46.96293,2.53125,2020,5,France,HUMAN_OBSERVATION
46.97014,8.32565,2018,4,Switzerland,HUMAN_OBSERVATION
46.97014,8.32565,2018,4,Switzerland,HUMAN_OBSERVATION
46.97277,7.01153,2020,12,Switzerland,HUMAN_OBSERVATION
46.97357,7.47149,2019,3,Switzerland,HUMAN_OBSERVATION
46.97795,2.96537,2019,5,France,HUMAN_OBSERVATION
46.984112,15.474529,2021,4,Austria,HUMAN_OBSERVATION
46.98595,1.42143,2017,4,France,HUMAN_OBSERVATION
47.01278,8.58941,2019,2,Switzerland,HUMAN_OBSERVATION
47.01775,7.01117,2024,2,Switzerland,HUMAN_OBSERVATION
47.01775,7.01117,2023,8,Switzerland,HUMAN_OBSERVATION
47.01775,7.01117,2022,12,Switzerland,HUMAN_OBSERVATION
47.01775,7.01117,2021,5,Switzerland,HUMAN_OBSERVATION
47.01775,7.01117,2020,12,Switzerland,HUMAN_OBSERVATION
47.03419,2.27851,2018,7,France,HUMAN_OBSERVATION
47.03666,1.07867,2019,6,France,HUMAN_OBSERVATION
47.03666,1.07867,2019,6,France,HUMAN_OBSERVATION
47.04363,1.15441,2022,4,France,HUMAN_OBSERVATION
47.04546,2.23911,2018,5,France,HUMAN_OBSERVATION
47.04985,0.83671,2022,4,France,HUMAN_OBSERVATION
47.05245,1.5727,2017,9,France,HUMAN_OBSERVATION
47.05775,8.59037,2019,7,Switzerland,HUMAN_OBSERVATION
47.06009,8.32714,2018,7,Switzerland,HUMAN_OBSERVATION
47.06058,8.26133,2019,2,Switzerland,HUMAN_OBSERVATION
47.06314,7.14245,2021,1,Switzerland,HUMAN_OBSERVATION
47.06314,7.14245,2021,9,Switzerland,HUMAN_OBSERVATION
47.0634,7.60318,2018,3,Switzerland,HUMAN_OBSERVATION
47.06348,7.3399,2018,7,Switzerland,HUMAN_OBSERVATION
47.06348,7.53736,2020,3,Switzerland,HUMAN_OBSERVATION
47.06348,7.53736,2019,3,Switzerland,HUMAN_OBSERVATION
47.06348,7.53736,2019,7,Switzerland,HUMAN_OBSERVATION
47.06479,2.49099,2017,4,France,HUMAN_OBSERVATION
47.075661,15.463927,2020,7,Austria,HUMAN_OBSERVATION
47.08546,1.3506,2022,4,France,HUMAN_OBSERVATION
47.09464,1.21951,2022,4,France,HUMAN_OBSERVATION
47.09625,2.67646,2018,8,France,HUMAN_OBSERVATION
47.0978,2.58622,2019,4,France,HUMAN_OBSERVATION
47.10107,31.90818,2021,8,Ukraine,HUMAN_OBSERVATION
47.10107,31.90818,2020,6,Ukraine,HUMAN_OBSERVATION
47.10204,8.6572,2019,7,Switzerland,HUMAN_OBSERVATION
47.10845,7.33982,2017,3,Switzerland,HUMAN_OBSERVATION
47.10845,7.53744,2019,3,Switzerland,HUMAN_OBSERVATION
47.10845,7.53744,2019,3,Switzerland,HUMAN_OBSERVATION
47.10845,7.53744,2017,7,Switzerland,HUMAN_OBSERVATION
47.10849,7.47157,2021,3,Switzerland,HUMAN_OBSERVATION
47.10849,7.47157,2021,7,Switzerland,HUMAN_OBSERVATION
47.10849,7.47157,2020,3,Switzerland,HUMAN_OBSERVATION
47.10849,7.47157,2020,7,Switzerland,HUMAN_OBSERVATION
47.10849,7.47157,2019,3,Switzerland,HUMAN_OBSERVATION
47.10849,7.47157,2019,7,Switzerland,HUMAN_OBSERVATION
47.10872,2.73924,2019,4,France,HUMAN_OBSERVATION
47.1097,2.27409,2018,5,France,HUMAN_OBSERVATION
47.11676,2.39086,2020,6,France,HUMAN_OBSERVATION
47.11727,15.419903,2025,5,Austria,HUMAN_OBSERVATION
47.11839,6.62829,2017,,France,HUMAN_OBSERVATION
47.12482,1.00881,2021,3,France,HUMAN_OBSERVATION
47.12645,2.05412,2018,5,France,HUMAN_OBSERVATION
47.13077,2.29633,2018,5,France,HUMAN_OBSERVATION
47.13256,1.99326,2017,4,France,HUMAN_OBSERVATION
47.13261,1.51013,2017,4,France,HUMAN_OBSERVATION
47.13575,1.22771,2022,3,France,HUMAN_OBSERVATION
47.13719,5.96929,2018,,France,HUMAN_OBSERVATION
47.14163,1.85171,2018,5,France,HUMAN_OBSERVATION
47.14365,2.21915,2018,5,France,HUMAN_OBSERVATION
47.15098,8.19679,2019,7,Switzerland,HUMAN_OBSERVATION
47.15335,7.60345,2020,3,Switzerland,HUMAN_OBSERVATION
47.15343,7.53752,2021,3,Switzerland,HUMAN_OBSERVATION
47.15343,7.53752,2021,7,Switzerland,HUMAN_OBSERVATION
47.15343,7.53752,2020,3,Switzerland,HUMAN_OBSERVATION
47.15343,7.53752,2020,7,Switzerland,HUMAN_OBSERVATION
47.15343,7.53752,2019,3,Switzerland,HUMAN_OBSERVATION
47.15343,7.53752,2019,7,Switzerland,HUMAN_OBSERVATION
47.15387,0.77394,2017,6,France,HUMAN_OBSERVATION
47.15496,1.98511,2017,4,France,HUMAN_OBSERVATION
47.15593,1.55848,2017,4,France,HUMAN_OBSERVATION
47.15626,1.67081,2021,2,France,HUMAN_OBSERVATION
47.169,2.91775,2018,5,France,HUMAN_OBSERVATION
47.175674,8.087479,2004,6,Switzerland,OCCURRENCE
47.18241,2.27571,2019,3,France,HUMAN_OBSERVATION
47.18495,2.41707,2019,1,France,HUMAN_OBSERVATION
47.1905,8.79118,2021,3,Switzerland,HUMAN_OBSERVATION
47.1905,8.79118,2019,11,Switzerland,HUMAN_OBSERVATION
47.1905,8.79118,2017,3,Switzerland,HUMAN_OBSERVATION
47.19198,8.65925,2017,4,Switzerland,HUMAN_OBSERVATION
47.19234,2.03087,2020,3,France,HUMAN_OBSERVATION
47.1933,8.5273,2018,3,Switzerland,HUMAN_OBSERVATION
47.1933,8.5273,2018,7,Switzerland,HUMAN_OBSERVATION
47.19674,8.06547,2018,7,Switzerland,HUMAN_OBSERVATION
47.1984,7.5376,2019,3,Switzerland,HUMAN_OBSERVATION
47.19887,2.35064,2020,6,France,HUMAN_OBSERVATION
47.2034,2.15042,2022,5,France,HUMAN_OBSERVATION
47.20526,1.87158,2018,5,France,HUMAN_OBSERVATION
47.21857,2.05917,2020,1,France,HUMAN_OBSERVATION
47.21866,2.05945,2018,7,France,HUMAN_OBSERVATION
47.2188,1.6032,2018,6,France,HUMAN_OBSERVATION
47.21929,1.60252,2018,7,France,HUMAN_OBSERVATION
47.21929,1.60252,2018,8,France,HUMAN_OBSERVATION
47.22007,1.94944,2019,7,France,HUMAN_OBSERVATION
47.22035,2.34447,2018,6,France,HUMAN_OBSERVATION
47.22322,2.02938,2019,1,France,HUMAN_OBSERVATION
47.22402,2.20424,2018,6,France,HUMAN_OBSERVATION
47.22528,2.20762,2020,6,France,HUMAN_OBSERVATION
47.23547,8.79232,2016,10,Switzerland,HUMAN_OBSERVATION
47.23689,2.07871,2018,7,France,HUMAN_OBSERVATION
47.23695,8.66027,2016,3,Switzerland,HUMAN_OBSERVATION
47.23695,8.66027,2016,10,Switzerland,HUMAN_OBSERVATION
47.23786,1.94246,2019,7,France,HUMAN_OBSERVATION
47.23827,8.52822,2016,3,Switzerland,HUMAN_OBSERVATION
47.23827,8.52822,2016,10,Switzerland,HUMAN_OBSERVATION
47.24092,8.19807,2021,6,Switzerland,HUMAN_OBSERVATION
47.24092,8.19807,2021,6,Switzerland,HUMAN_OBSERVATION
47.24092,8.19807,2021,6,Switzerland,HUMAN_OBSERVATION
47.24298,2.34099,2023,2,France,HUMAN_OBSERVATION
47.24338,7.53769,2019,3,Switzerland,HUMAN_OBSERVATION
47.24338,7.53769,2019,6,Switzerland,HUMAN_OBSERVATION
47.24446,5.81833,2017,4,France,HUMAN_OBSERVATION
47.25812,0.69149,2017,8,France,HUMAN_OBSERVATION
47.26008,2.56891,2023,7,France,HUMAN_OBSERVATION
47.26024,1.48463,2018,8,France,HUMAN_OBSERVATION
47.26083,0.45676,2017,8,France,HUMAN_OBSERVATION
47.27576,5.38943,2016,7,France,HUMAN_OBSERVATION
47.27936,2.88954,2018,7,France,HUMAN_OBSERVATION
47.27964,8.85953,2016,3,Switzerland,HUMAN_OBSERVATION
47.27964,8.85953,2016,3,Switzerland,HUMAN_OBSERVATION
47.27964,8.85953,2016,3,Switzerland,HUMAN_OBSERVATION
47.27964,8.85953,2016,4,Switzerland,HUMAN_OBSERVATION
47.27964,8.85953,2016,10,Switzerland,HUMAN_OBSERVATION
47.28119,8.72738,2021,3,Switzerland,HUMAN_OBSERVATION
47.28119,8.72738,2018,7,Switzerland,HUMAN_OBSERVATION
47.28119,8.72738,2016,3,Switzerland,HUMAN_OBSERVATION
47.28119,8.72738,2016,3,Switzerland,HUMAN_OBSERVATION
47.28119,8.72738,2016,10,Switzerland,HUMAN_OBSERVATION
47.28259,8.59522,2019,2,Switzerland,HUMAN_OBSERVATION
47.28259,8.59522,2016,10,Switzerland,HUMAN_OBSERVATION
47.28435,2.24856,2023,3,France,HUMAN_OBSERVATION
47.28494,8.33088,2021,3,Switzerland,HUMAN_OBSERVATION
47.28585,1.32487,2023,1,France,HUMAN_OBSERVATION
47.28589,8.19871,2021,7,Switzerland,HUMAN_OBSERVATION
47.28733,7.93434,2019,3,Switzerland,HUMAN_OBSERVATION
47.28759,7.86825,2019,3,Switzerland,HUMAN_OBSERVATION
47.28859,0.71601,2017,6,France,HUMAN_OBSERVATION
47.29068,2.53859,2018,8,France,HUMAN_OBSERVATION
47.30325,1.5669,2018,8,France,HUMAN_OBSERVATION
47.30579,2.41142,2019,3,France,HUMAN_OBSERVATION
47.30954,-1.20141,2021,9,France,HUMAN_OBSERVATION
47.30954,-1.20141,2021,9,France,HUMAN_OBSERVATION
47.30954,-1.20141,2021,9,France,HUMAN_OBSERVATION
47.30954,-1.20141,2021,9,France,HUMAN_OBSERVATION
47.30954,-1.20141,2021,9,France,HUMAN_OBSERVATION
47.30954,-1.20141,2021,9,France,HUMAN_OBSERVATION
47.30954,-1.20141,2021,9,France,HUMAN_OBSERVATION
47.30954,-1.20141,2021,9,France,HUMAN_OBSERVATION
47.30954,-1.20141,2021,9,France,HUMAN_OBSERVATION
47.30954,-1.20141,2021,9,France,HUMAN_OBSERVATION
47.30954,-1.20141,2021,9,France,HUMAN_OBSERVATION
47.30954,-1.20141,2021,9,France,HUMAN_OBSERVATION
47.31231,2.89974,2019,5,France,HUMAN_OBSERVATION
47.31238,2.89616,2018,7,France,HUMAN_OBSERVATION
47.31276,2.89438,2019,5,France,HUMAN_OBSERVATION
47.31355,2.89744,2018,7,France,HUMAN_OBSERVATION
47.31374,2.25776,2018,7,France,HUMAN_OBSERVATION
47.31714,5.47224,2016,7,France,HUMAN_OBSERVATION
47.31813,2.86584,2019,5,France,HUMAN_OBSERVATION
47.31813,2.86584,2019,5,France,HUMAN_OBSERVATION
47.31813,2.86584,2018,7,France,HUMAN_OBSERVATION
47.32616,8.72847,2016,10,Switzerland,HUMAN_OBSERVATION
47.32688,8.66233,2019,3,Switzerland,HUMAN_OBSERVATION
47.32688,8.66233,2018,3,Switzerland,HUMAN_OBSERVATION
47.32688,8.66233,2018,7,Switzerland,HUMAN_OBSERVATION
47.32756,8.5962,2022,7,Switzerland,HUMAN_OBSERVATION
47.32756,8.5962,2016,3,Switzerland,HUMAN_OBSERVATION
47.32756,8.5962,2016,10,Switzerland,HUMAN_OBSERVATION
47.32756,8.5962,2016,10,Switzerland,HUMAN_OBSERVATION
47.32821,8.53006,2018,9,Switzerland,HUMAN_OBSERVATION
47.32821,8.53006,2018,9,Switzerland,HUMAN_OBSERVATION
47.32821,8.53006,2018,9,Switzerland,HUMAN_OBSERVATION
47.32821,8.53006,2018,9,Switzerland,HUMAN_OBSERVATION
47.32821,8.53006,2018,9,Switzerland,HUMAN_OBSERVATION
47.32821,8.53006,2018,9,Switzerland,HUMAN_OBSERVATION
47.32821,8.53006,2018,9,Switzerland,HUMAN_OBSERVATION
47.32821,8.53006,2018,9,Switzerland,HUMAN_OBSERVATION
47.32821,8.53006,2018,9,Switzerland,HUMAN_OBSERVATION
47.32821,8.53006,2018,9,Switzerland,HUMAN_OBSERVATION
47.32821,8.53006,2018,9,Switzerland,HUMAN_OBSERVATION
47.32821,8.53006,2018,9,Switzerland,HUMAN_OBSERVATION
47.32821,8.53006,2018,9,Switzerland,HUMAN_OBSERVATION
47.32821,8.53006,2018,9,Switzerland,HUMAN_OBSERVATION
47.32821,8.53006,2018,9,Switzerland,HUMAN_OBSERVATION
47.32834,2.45263,2018,5,France,HUMAN_OBSERVATION
47.32881,8.46392,2016,3,Switzerland,HUMAN_OBSERVATION
47.32881,8.46392,2016,3,Switzerland,HUMAN_OBSERVATION
47.32881,8.46392,2016,10,Switzerland,HUMAN_OBSERVATION
47.32881,8.46392,2016,11,Switzerland,HUMAN_OBSERVATION
47.33,12.8,2022,7,Austria,OCCURRENCE
47.33086,8.19935,2022,8,Switzerland,HUMAN_OBSERVATION
47.34102,-0.92803,2021,9,France,HUMAN_OBSERVATION
47.34102,-0.92803,2021,9,France,HUMAN_OBSERVATION
47.34102,-0.92803,2021,9,France,HUMAN_OBSERVATION
47.34102,-0.92803,2021,9,France,HUMAN_OBSERVATION
47.34102,-0.92803,2021,9,France,HUMAN_OBSERVATION
47.34102,-0.92803,2021,9,France,HUMAN_OBSERVATION
47.34102,-0.92803,2021,9,France,HUMAN_OBSERVATION
47.34102,-0.92803,2021,9,France,HUMAN_OBSERVATION
47.34102,-0.92803,2021,9,France,HUMAN_OBSERVATION
47.34102,-0.92803,2021,9,France,HUMAN_OBSERVATION
47.34102,-0.92803,2021,9,France,HUMAN_OBSERVATION
47.34102,-0.92803,2021,9,France,HUMAN_OBSERVATION
47.34102,-0.92803,2021,9,France,HUMAN_OBSERVATION
47.34102,-0.92803,2021,9,France,HUMAN_OBSERVATION
47.34102,-0.92803,2021,9,France,HUMAN_OBSERVATION
47.34102,-0.92803,2021,9,France,HUMAN_OBSERVATION
47.34102,-0.92803,2021,9,France,HUMAN_OBSERVATION
47.34102,-0.92803,2021,9,France,HUMAN_OBSERVATION
47.34102,-0.92803,2021,9,France,HUMAN_OBSERVATION
47.34102,-0.92803,2021,9,France,HUMAN_OBSERVATION
47.34102,-0.92803,2021,9,France,HUMAN_OBSERVATION
47.34102,-0.92803,2021,9,France,HUMAN_OBSERVATION
47.34102,-0.92803,2020,8,France,HUMAN_OBSERVATION
47.35563,-1.27215,2021,9,France,HUMAN_OBSERVATION
47.35563,-1.27215,2021,9,France,HUMAN_OBSERVATION
47.35563,-1.27215,2021,9,France,HUMAN_OBSERVATION
47.35563,-1.27215,2021,9,France,HUMAN_OBSERVATION
47.35563,-1.27215,2021,9,France,HUMAN_OBSERVATION
47.35563,-1.27215,2021,9,France,HUMAN_OBSERVATION
47.35563,-1.27215,2021,9,France,HUMAN_OBSERVATION
47.35563,-1.27215,2021,9,France,HUMAN_OBSERVATION
47.35563,-1.27215,2021,9,France,HUMAN_OBSERVATION
47.35563,-1.27215,2021,9,France,HUMAN_OBSERVATION
47.35563,-1.27215,2021,9,France,HUMAN_OBSERVATION
47.35951,9.52367,2020,3,Switzerland,HUMAN_OBSERVATION
47.36666,-1.10077,2020,8,France,HUMAN_OBSERVATION
47.37019,2.42569,2018,7,France,HUMAN_OBSERVATION
47.37253,8.59717,2016,10,Switzerland,HUMAN_OBSERVATION
47.37317,8.53098,2022,8,Switzerland,HUMAN_OBSERVATION
47.37317,8.53098,2022,8,Switzerland,HUMAN_OBSERVATION
47.37317,8.53098,2022,8,Switzerland,HUMAN_OBSERVATION
47.37317,8.53098,2022,8,Switzerland,HUMAN_OBSERVATION
47.37317,8.53098,2022,8,Switzerland,HUMAN_OBSERVATION
47.37317,8.53098,2019,3,Switzerland,HUMAN_OBSERVATION
47.37317,8.53098,2018,7,Switzerland,HUMAN_OBSERVATION
47.37378,8.46478,2016,3,Switzerland,HUMAN_OBSERVATION
47.37378,8.46478,2016,3,Switzerland,HUMAN_OBSERVATION
47.37378,8.46478,2016,11,Switzerland,HUMAN_OBSERVATION
47.37435,8.39859,2016,3,Switzerland,HUMAN_OBSERVATION
47.37435,8.39859,2016,10,Switzerland,HUMAN_OBSERVATION
47.37488,8.33239,2021,3,Switzerland,HUMAN_OBSERVATION
47.37488,8.33239,2021,6,Switzerland,HUMAN_OBSERVATION
47.37488,8.33239,2019,3,Switzerland,HUMAN_OBSERVATION
47.37488,8.33239,2019,4,Switzerland,HUMAN_OBSERVATION
47.37488,8.33239,2019,7,Switzerland,HUMAN_OBSERVATION
47.37488,8.33239,2019,7,Switzerland,HUMAN_OBSERVATION
47.37488,8.33239,2018,7,Switzerland,HUMAN_OBSERVATION
47.37583,8.19999,2019,5,Switzerland,HUMAN_OBSERVATION
47.37663,8.06758,2019,3,Switzerland,HUMAN_OBSERVATION
47.37663,8.06758,2019,3,Switzerland,HUMAN_OBSERVATION
47.37727,7.93517,2019,3,Switzerland,HUMAN_OBSERVATION
47.37727,7.93517,2019,6,Switzerland,HUMAN_OBSERVATION
47.37727,7.93517,2018,3,Switzerland,HUMAN_OBSERVATION
47.37727,7.93517,2018,7,Switzerland,HUMAN_OBSERVATION
47.377921,9.078648,2024,3,Switzerland,HUMAN_OBSERVATION
47.37795,7.14069,2018,7,Switzerland,HUMAN_OBSERVATION
47.37989,-1.18949,2021,9,France,HUMAN_OBSERVATION
47.37989,-1.18949,2021,9,France,HUMAN_OBSERVATION
47.37989,-1.18949,2021,9,France,HUMAN_OBSERVATION
47.37989,-1.18949,2021,9,France,HUMAN_OBSERVATION
47.37989,-1.18949,2021,9,France,HUMAN_OBSERVATION
47.37989,-1.18949,2021,9,France,HUMAN_OBSERVATION
47.37989,-1.18949,2021,9,France,HUMAN_OBSERVATION
47.37989,-1.18949,2021,9,France,HUMAN_OBSERVATION
47.37989,-1.18949,2021,9,France,HUMAN_OBSERVATION
47.37989,-1.18949,2021,9,France,HUMAN_OBSERVATION
47.37989,-1.18949,2021,9,France,HUMAN_OBSERVATION
47.37989,-1.18949,2021,9,France,HUMAN_OBSERVATION
47.37989,-1.18949,2021,9,France,HUMAN_OBSERVATION
47.37989,-1.18949,2021,9,France,HUMAN_OBSERVATION
47.37989,-1.18949,2021,9,France,HUMAN_OBSERVATION
47.37989,-1.18949,2021,9,France,HUMAN_OBSERVATION
47.37989,-1.18949,2021,9,France,HUMAN_OBSERVATION
47.37989,-1.18949,2021,9,France,HUMAN_OBSERVATION
47.37989,-1.18949,2021,9,France,HUMAN_OBSERVATION
47.37989,-1.18949,2021,9,France,HUMAN_OBSERVATION
47.37989,-1.18949,2021,9,France,HUMAN_OBSERVATION
47.37989,-1.18949,2021,9,France,HUMAN_OBSERVATION
47.37989,-1.18949,2021,9,France,HUMAN_OBSERVATION
47.40025,-1.11051,2021,9,France,HUMAN_OBSERVATION
47.40025,-1.11051,2021,9,France,HUMAN_OBSERVATION
47.40284,2.74558,2018,7,France,HUMAN_OBSERVATION
47.40325,9.59164,2018,7,Switzerland,HUMAN_OBSERVATION
47.40998,9.19431,2018,3,Switzerland,HUMAN_OBSERVATION
47.41092,8.511712,2020,9,Switzerland,HUMAN_OBSERVATION
47.41191,9.06185,2021,3,Switzerland,HUMAN_OBSERVATION
47.41533,8.79689,2016,10,Switzerland,HUMAN_OBSERVATION
47.4166,5.58665,2018,,France,HUMAN_OBSERVATION
47.41749,8.59815,2021,3,Switzerland,HUMAN_OBSERVATION
47.41749,8.59815,2021,3,Switzerland,HUMAN_OBSERVATION
47.41749,8.59815,2016,3,Switzerland,HUMAN_OBSERVATION
47.41749,8.59815,2016,3,Switzerland,HUMAN_OBSERVATION
47.41814,8.5319,2022,7,Switzerland,HUMAN_OBSERVATION
47.41814,8.5319,2019,3,Switzerland,HUMAN_OBSERVATION
47.41875,8.46565,2022,7,Switzerland,HUMAN_OBSERVATION
47.41875,8.46565,2022,7,Switzerland,HUMAN_OBSERVATION
47.41875,8.46565,2022,7,Switzerland,HUMAN_OBSERVATION
47.41875,8.46565,2022,7,Switzerland,HUMAN_OBSERVATION
47.41875,8.46565,2021,4,Switzerland,HUMAN_OBSERVATION
47.41875,8.46565,2019,3,Switzerland,HUMAN_OBSERVATION
47.41932,8.3994,2022,7,Switzerland,HUMAN_OBSERVATION
47.41932,8.3994,2022,7,Switzerland,HUMAN_OBSERVATION
47.41932,8.3994,2022,7,Switzerland,HUMAN_OBSERVATION
47.41932,8.3994,2019,3,Switzerland,HUMAN_OBSERVATION
47.41957,2.65357,2022,7,France,HUMAN_OBSERVATION
47.41985,8.33314,2022,7,Switzerland,HUMAN_OBSERVATION
47.42034,8.26689,2021,3,Switzerland,HUMAN_OBSERVATION
47.42034,8.26689,2021,3,Switzerland,HUMAN_OBSERVATION
47.42075,2.65267,2018,7,France,HUMAN_OBSERVATION
47.4208,8.20063,2019,3,Switzerland,HUMAN_OBSERVATION
47.4208,8.20063,2019,3,Switzerland,HUMAN_OBSERVATION
47.42111,2.65201,2018,7,France,HUMAN_OBSERVATION
47.42112,2.75769,2019,5,France,HUMAN_OBSERVATION
47.42122,8.13437,2019,3,Switzerland,HUMAN_OBSERVATION
47.42251,7.86933,2018,3,Switzerland,HUMAN_OBSERVATION
47.42273,7.07418,2021,3,Switzerland,HUMAN_OBSERVATION
47.42273,7.07418,2019,2,Switzerland,HUMAN_OBSERVATION
47.42292,7.14044,2019,12,Switzerland,HUMAN_OBSERVATION
47.42307,7.2067,2019,12,Switzerland,HUMAN_OBSERVATION
47.42486,4.77234,2016,7,France,HUMAN_OBSERVATION
47.43241,2.91944,2018,9,France,HUMAN_OBSERVATION
47.43521,0.99929,2022,5,France,HUMAN_OBSERVATION
47.44688,2.30375,2018,5,France,HUMAN_OBSERVATION
47.4506,9.46092,2019,3,Switzerland,HUMAN_OBSERVATION
47.45493,9.1958,2021,3,Switzerland,HUMAN_OBSERVATION
47.45493,9.1958,2016,3,Switzerland,HUMAN_OBSERVATION
47.45762,2.6474,2018,7,France,HUMAN_OBSERVATION
47.46428,8.40021,2019,3,Switzerland,HUMAN_OBSERVATION
47.46747,7.00755,2018,6,Switzerland,HUMAN_OBSERVATION
47.4677,7.07387,2018,6,Switzerland,HUMAN_OBSERVATION
47.46823,7.5381,2018,3,Switzerland,HUMAN_OBSERVATION
47.46823,7.5381,2018,7,Switzerland,HUMAN_OBSERVATION
47.46827,7.47178,2021,3,Switzerland,HUMAN_OBSERVATION
47.46827,7.47178,2020,7,Switzerland,HUMAN_OBSERVATION
47.46827,7.47178,2019,7,Switzerland,HUMAN_OBSERVATION
47.48641,0.89054,2022,10,France,HUMAN_OBSERVATION
47.4919,9.66161,2018,12,Austria,HUMAN_OBSERVATION
47.4919,9.66161,2017,4,Austria,HUMAN_OBSERVATION
47.4919,9.66161,2017,11,Austria,HUMAN_OBSERVATION
47.4919,9.66161,2017,11,Austria,HUMAN_OBSERVATION
47.49438,9.52896,2019,11,Switzerland,HUMAN_OBSERVATION
47.49438,9.52896,2019,11,Switzerland,HUMAN_OBSERVATION
47.49438,9.52896,2018,3,Switzerland,HUMAN_OBSERVATION
47.49438,9.52896,2018,12,Switzerland,HUMAN_OBSERVATION
47.49438,9.52896,2018,12,Switzerland,HUMAN_OBSERVATION
47.49438,9.52896,2017,4,Switzerland,HUMAN_OBSERVATION
47.49438,9.52896,2017,11,Switzerland,HUMAN_OBSERVATION
47.50088,9.13094,2016,7,Switzerland,HUMAN_OBSERVATION
47.50362,8.93189,2019,3,Switzerland,HUMAN_OBSERVATION
47.50526,8.79919,2016,3,Switzerland,HUMAN_OBSERVATION
47.50526,8.79919,2016,3,Switzerland,HUMAN_OBSERVATION
47.50742,8.60011,2019,3,Switzerland,HUMAN_OBSERVATION
47.50742,8.60011,2016,3,Switzerland,HUMAN_OBSERVATION
47.50742,8.60011,2016,10,Switzerland,HUMAN_OBSERVATION
47.50818,2.6984,2021,4,France,HUMAN_OBSERVATION
47.51153,8.06918,2019,3,Switzerland,HUMAN_OBSERVATION
47.51153,8.06918,2018,3,Switzerland,HUMAN_OBSERVATION
47.51153,8.06918,2018,7,Switzerland,HUMAN_OBSERVATION
47.51244,7.00718,2019,3,France,HUMAN_OBSERVATION
47.51244,7.00718,2019,12,France,HUMAN_OBSERVATION
47.51286,7.13993,2019,2,France,HUMAN_OBSERVATION
47.51286,7.73731,2019,3,Switzerland,HUMAN_OBSERVATION
47.51301,7.20631,2019,6,France,HUMAN_OBSERVATION
47.5132,7.53819,2021,7,Switzerland,HUMAN_OBSERVATION
47.5132,7.53819,2020,3,Switzerland,HUMAN_OBSERVATION
47.5132,7.53819,2020,7,Switzerland,HUMAN_OBSERVATION
47.5132,7.53819,2019,7,Switzerland,HUMAN_OBSERVATION
47.5132,7.53819,2018,3,Switzerland,HUMAN_OBSERVATION
47.5132,7.53819,2018,3,Switzerland,HUMAN_OBSERVATION
47.5132,7.53819,2018,3,Switzerland,HUMAN_OBSERVATION
47.5132,7.53819,2018,3,Switzerland,HUMAN_OBSERVATION
47.5132,7.53819,2018,3,Switzerland,HUMAN_OBSERVATION
47.5132,7.53819,2018,3,Switzerland,HUMAN_OBSERVATION
47.5132,7.53819,2018,7,Switzerland,HUMAN_OBSERVATION
47.5132,7.53819,2018,7,Switzerland,HUMAN_OBSERVATION
47.5132,7.53819,2018,7,Switzerland,HUMAN_OBSERVATION
47.5132,7.53819,2018,7,Switzerland,HUMAN_OBSERVATION
47.5132,7.53819,2018,7,Switzerland,HUMAN_OBSERVATION
47.51895,2.37091,2018,6,France,HUMAN_OBSERVATION
47.54165,9.39795,2021,3,Switzerland,HUMAN_OBSERVATION
47.54165,9.39795,2016,3,Switzerland,HUMAN_OBSERVATION
47.54276,9.33156,2019,3,Switzerland,HUMAN_OBSERVATION
47.54276,9.33156,2019,4,Switzerland,HUMAN_OBSERVATION
47.54485,9.19877,2019,3,Switzerland,HUMAN_OBSERVATION
47.54485,9.19877,2019,3,Switzerland,HUMAN_OBSERVATION
47.54771,8.99956,2016,3,Switzerland,HUMAN_OBSERVATION
47.54942,8.86675,2019,3,Switzerland,HUMAN_OBSERVATION
47.55022,8.80034,2019,3,Switzerland,HUMAN_OBSERVATION
47.55022,8.80034,2016,3,Switzerland,HUMAN_OBSERVATION
47.55022,8.80034,2016,10,Switzerland,HUMAN_OBSERVATION
47.55304,8.53468,2018,4,Switzerland,HUMAN_OBSERVATION
47.55304,8.53468,2018,4,Switzerland,HUMAN_OBSERVATION
47.55304,8.53468,2017,11,Switzerland,HUMAN_OBSERVATION
47.55304,8.53468,2017,11,Switzerland,HUMAN_OBSERVATION
47.55304,8.53468,2017,11,Switzerland,HUMAN_OBSERVATION
47.55304,8.53468,2017,11,Switzerland,HUMAN_OBSERVATION
47.55304,8.53468,2017,11,Switzerland,HUMAN_OBSERVATION
47.55304,8.53468,2017,11,Switzerland,HUMAN_OBSERVATION
47.55407,2.4784,2018,8,France,HUMAN_OBSERVATION
47.55422,8.40184,2019,3,Switzerland,HUMAN_OBSERVATION
47.55422,8.40184,2018,3,Switzerland,HUMAN_OBSERVATION
47.55422,8.40184,2018,7,Switzerland,HUMAN_OBSERVATION
47.55524,8.26899,2019,3,Switzerland,HUMAN_OBSERVATION
47.55612,8.13614,2018,7,Switzerland,HUMAN_OBSERVATION
47.55684,8.00328,2019,3,Germany,HUMAN_OBSERVATION
47.55684,8.00328,2018,4,Germany,HUMAN_OBSERVATION
47.55684,8.00328,2018,4,Germany,HUMAN_OBSERVATION
47.55684,8.00328,2018,4,Germany,HUMAN_OBSERVATION
47.55684,8.00328,2017,11,Germany,HUMAN_OBSERVATION
47.55684,8.00328,2017,11,Germany,HUMAN_OBSERVATION
47.55684,8.00328,2017,11,Germany,HUMAN_OBSERVATION
47.55684,8.00328,2017,11,Germany,HUMAN_OBSERVATION
47.55684,8.00328,2017,11,Germany,HUMAN_OBSERVATION
47.55684,8.00328,2017,11,Germany,HUMAN_OBSERVATION
47.55684,8.00328,2017,11,Germany,HUMAN_OBSERVATION
47.55764,7.80399,2021,3,Switzerland,HUMAN_OBSERVATION
47.55798,7.67113,2018,7,Germany,HUMAN_OBSERVATION
47.5581,7.6047,2019,3,Switzerland,HUMAN_OBSERVATION
47.5581,7.6047,2018,4,Switzerland,HUMAN_OBSERVATION
47.5581,7.6047,2018,4,Switzerland,HUMAN_OBSERVATION
47.5581,7.6047,2018,4,Switzerland,HUMAN_OBSERVATION
47.5581,7.6047,2017,11,Switzerland,HUMAN_OBSERVATION
47.5581,7.6047,2017,11,Switzerland,HUMAN_OBSERVATION
47.5581,7.6047,2017,11,Switzerland,HUMAN_OBSERVATION
47.5581,7.6047,2017,11,Switzerland,HUMAN_OBSERVATION
47.5581,7.6047,2017,11,Switzerland,HUMAN_OBSERVATION
47.5581,7.6047,2017,11,Switzerland,HUMAN_OBSERVATION
47.55817,7.53827,2018,3,France,HUMAN_OBSERVATION
47.56557,2.30318,2018,6,France,HUMAN_OBSERVATION
47.56762,2.91472,2020,9,France,HUMAN_OBSERVATION
47.568541,11.148729,2022,12,Germany,HUMAN_OBSERVATION
47.57492,2.93321,2021,7,France,HUMAN_OBSERVATION
47.57568,2.93427,2021,8,France,HUMAN_OBSERVATION
47.57999,0.66698,2021,3,France,HUMAN_OBSERVATION
47.58181,9.66538,2019,4,Germany,HUMAN_OBSERVATION
47.58181,9.66538,2018,3,Germany,HUMAN_OBSERVATION
47.58181,9.66538,2018,3,Germany,HUMAN_OBSERVATION
47.58181,9.66538,2018,12,Germany,HUMAN_OBSERVATION
47.58181,9.66538,2017,11,Germany,HUMAN_OBSERVATION
47.58181,9.66538,2016,4,Germany,HUMAN_OBSERVATION
47.582477,7.587583,2021,3,Switzerland,HUMAN_OBSERVATION
47.58349,6.12725,2017,,France,HUMAN_OBSERVATION
47.58428,9.5325,2018,3,Germany,HUMAN_OBSERVATION
47.58428,9.5325,2018,12,Germany,HUMAN_OBSERVATION
47.58428,9.5325,2018,12,Germany,HUMAN_OBSERVATION
47.58428,9.5325,2017,11,Germany,HUMAN_OBSERVATION
47.58428,9.5325,2016,4,Germany,HUMAN_OBSERVATION
47.58641,2.60877,2021,4,France,HUMAN_OBSERVATION
47.58661,9.39961,2023,1,Switzerland,HUMAN_OBSERVATION
47.58771,9.33317,2020,3,Switzerland,HUMAN_OBSERVATION
47.58771,9.33317,2020,7,Switzerland,HUMAN_OBSERVATION
47.58771,9.33317,2019,3,Switzerland,HUMAN_OBSERVATION
47.58771,9.33317,2019,4,Switzerland,HUMAN_OBSERVATION
47.58771,9.33317,2019,8,Switzerland,HUMAN_OBSERVATION
47.58771,9.33317,2019,11,Switzerland,HUMAN_OBSERVATION
47.58771,9.33317,2018,3,Switzerland,HUMAN_OBSERVATION
47.58771,9.33317,2018,12,Switzerland,HUMAN_OBSERVATION
47.58771,9.33317,2017,4,Switzerland,HUMAN_OBSERVATION
47.58771,9.33317,2016,4,Switzerland,HUMAN_OBSERVATION
47.59032,5.86134,2018,,France,HUMAN_OBSERVATION
47.59032,5.86134,2018,,France,HUMAN_OBSERVATION
47.59175,9.06735,2019,3,Switzerland,HUMAN_OBSERVATION
47.5935,5.72836,2018,,France,HUMAN_OBSERVATION
47.5935,5.72836,2018,,France,HUMAN_OBSERVATION
47.59444,6.86296,2023,7,France,HUMAN_OBSERVATION
47.59518,8.80149,2016,3,Switzerland,HUMAN_OBSERVATION
47.59518,8.80149,2016,10,Switzerland,HUMAN_OBSERVATION
47.59518,8.80149,2016,10,Switzerland,HUMAN_OBSERVATION
47.59518,8.80149,2016,10,Switzerland,HUMAN_OBSERVATION
47.59667,8.66855,2019,3,Switzerland,HUMAN_OBSERVATION
47.59667,8.66855,2016,10,Switzerland,HUMAN_OBSERVATION
47.59735,8.60208,2018,4,Switzerland,HUMAN_OBSERVATION
47.59735,8.60208,2017,11,Switzerland,HUMAN_OBSERVATION
47.59735,8.60208,2017,11,Switzerland,HUMAN_OBSERVATION
47.59735,8.60208,2017,11,Switzerland,HUMAN_OBSERVATION
47.59735,8.60208,2017,11,Switzerland,HUMAN_OBSERVATION
47.59735,8.60208,2017,11,Switzerland,HUMAN_OBSERVATION
47.59861,8.46913,2018,3,Switzerland,HUMAN_OBSERVATION
47.59861,8.46913,2018,3,Switzerland,HUMAN_OBSERVATION
47.60021,8.26969,2018,4,Switzerland,HUMAN_OBSERVATION
47.60021,8.26969,2018,4,Switzerland,HUMAN_OBSERVATION
47.60021,8.26969,2018,4,Switzerland,HUMAN_OBSERVATION
47.60021,8.26969,2018,4,Switzerland,HUMAN_OBSERVATION
47.60021,8.26969,2018,4,Switzerland,HUMAN_OBSERVATION
47.60021,8.26969,2017,11,Switzerland,HUMAN_OBSERVATION
47.60021,8.26969,2017,11,Switzerland,HUMAN_OBSERVATION
47.60021,8.26969,2017,11,Switzerland,HUMAN_OBSERVATION
47.60021,8.26969,2017,11,Switzerland,HUMAN_OBSERVATION
47.60021,8.26969,2017,11,Switzerland,HUMAN_OBSERVATION
47.60021,8.26969,2017,11,Switzerland,HUMAN_OBSERVATION
47.60021,8.26969,2017,11,Switzerland,HUMAN_OBSERVATION
47.60067,8.20321,2018,4,Switzerland,HUMAN_OBSERVATION
47.60067,8.20321,2018,4,Switzerland,HUMAN_OBSERVATION
47.60067,8.20321,2018,4,Switzerland,HUMAN_OBSERVATION
47.60067,8.20321,2017,11,Switzerland,HUMAN_OBSERVATION
47.60067,8.20321,2017,11,Switzerland,HUMAN_OBSERVATION
47.60067,8.20321,2017,11,Switzerland,HUMAN_OBSERVATION
47.60067,8.20321,2017,11,Switzerland,HUMAN_OBSERVATION
47.61667,1.4295,2016,9,France,HUMAN_OBSERVATION
47.62143,1.25306,2016,9,France,HUMAN_OBSERVATION
47.62992,0.07202,2017,9,France,HUMAN_OBSERVATION
47.63,12.1,1995,7,Germany,OCCURRENCE
47.63934,8.86917,2017,3,Switzerland,HUMAN_OBSERVATION
47.64014,8.80265,2016,10,Switzerland,HUMAN_OBSERVATION
47.64014,8.80265,2016,10,Switzerland,HUMAN_OBSERVATION
47.64126,6.08625,2017,8,France,HUMAN_OBSERVATION
47.64163,8.6696,2020,3,Switzerland,HUMAN_OBSERVATION
47.64163,8.6696,2016,10,Switzerland,HUMAN_OBSERVATION
47.64231,8.60307,2018,4,Switzerland,HUMAN_OBSERVATION
47.64231,8.60307,2018,4,Switzerland,HUMAN_OBSERVATION
47.64231,8.60307,2017,11,Switzerland,HUMAN_OBSERVATION
47.64414,8.40347,2019,3,Germany,HUMAN_OBSERVATION
47.64928,6.93113,2017,,France,HUMAN_OBSERVATION
47.664185,-2.769512,2022,8,France,HUMAN_OBSERVATION
47.66448,2.73804,2021,5,France,HUMAN_OBSERVATION
47.668041,19.071053,2024,5,Hungary,HUMAN_OBSERVATION
47.66927,1.51037,2022,4,France,HUMAN_OBSERVATION
47.67651,9.40294,2019,11,Germany,HUMAN_OBSERVATION
47.6777,2.25571,2021,4,France,HUMAN_OBSERVATION
47.67972,9.20325,2019,11,Germany,HUMAN_OBSERVATION
47.67972,9.20325,2018,3,Germany,HUMAN_OBSERVATION
47.67972,9.20325,2018,11,Germany,HUMAN_OBSERVATION
47.67972,9.20325,2017,11,Germany,HUMAN_OBSERVATION
47.68071,9.13668,2019,4,Germany,HUMAN_OBSERVATION
47.68071,9.13668,2019,11,Germany,HUMAN_OBSERVATION
47.68071,9.13668,2018,3,Germany,HUMAN_OBSERVATION
47.68071,9.13668,2018,11,Germany,HUMAN_OBSERVATION
47.68071,9.13668,2017,4,Germany,HUMAN_OBSERVATION
47.68071,9.13668,2017,11,Germany,HUMAN_OBSERVATION
47.68071,9.13668,2016,4,Germany,HUMAN_OBSERVATION
47.68258,9.00354,2016,10,Germany,HUMAN_OBSERVATION
47.6851,8.80381,2019,4,Switzerland,HUMAN_OBSERVATION
47.6851,8.80381,2018,3,Switzerland,HUMAN_OBSERVATION
47.6851,8.80381,2018,4,Switzerland,HUMAN_OBSERVATION
47.6851,8.80381,2018,4,Switzerland,HUMAN_OBSERVATION
47.6851,8.80381,2018,4,Switzerland,HUMAN_OBSERVATION
47.6851,8.80381,2018,4,Switzerland,HUMAN_OBSERVATION
47.6851,8.80381,2018,11,Switzerland,HUMAN_OBSERVATION
47.6851,8.80381,2017,4,Switzerland,HUMAN_OBSERVATION
47.6851,8.80381,2017,11,Switzerland,HUMAN_OBSERVATION
47.6851,8.80381,2017,11,Switzerland,HUMAN_OBSERVATION
47.6851,8.80381,2017,11,Switzerland,HUMAN_OBSERVATION
47.6851,8.80381,2017,11,Switzerland,HUMAN_OBSERVATION
47.6851,8.80381,2017,11,Switzerland,HUMAN_OBSERVATION
47.6851,8.80381,2017,11,Switzerland,HUMAN_OBSERVATION
47.6851,8.80381,2016,4,Switzerland,HUMAN_OBSERVATION
47.685585,8.995657,2018,4,Germany,HUMAN_OBSERVATION
47.68563,1.30099,2018,10,France,HUMAN_OBSERVATION
47.68563,1.30099,2018,10,France,HUMAN_OBSERVATION
47.68563,1.30099,2018,10,France,HUMAN_OBSERVATION
47.68586,8.73722,2019,3,Switzerland,HUMAN_OBSERVATION
47.68586,8.73722,2019,3,Switzerland,HUMAN_OBSERVATION
47.68793,8.53747,2021,3,Switzerland,HUMAN_OBSERVATION
47.68793,8.53747,2021,3,Switzerland,HUMAN_OBSERVATION
47.68793,8.53747,2019,3,Switzerland,HUMAN_OBSERVATION
47.68793,8.53747,2018,3,Switzerland,HUMAN_OBSERVATION
47.68793,8.53747,2018,7,Switzerland,HUMAN_OBSERVATION
47.68793,8.53747,2016,3,Switzerland,HUMAN_OBSERVATION
47.68793,8.53747,2016,3,Switzerland,HUMAN_OBSERVATION
47.68943,3.00186,2016,8,France,HUMAN_OBSERVATION
47.69081,-0.05309,2017,9,France,HUMAN_OBSERVATION
47.6925,3.18095,2019,9,France,HUMAN_OBSERVATION
47.698707,18.987671,2021,8,Hungary,HUMAN_OBSERVATION
47.7,13.12,1997,3,Austria,OCCURRENCE
47.7,13.12,1997,4,Austria,OCCURRENCE
47.71,13.08,2020,7,Austria,OCCURRENCE
47.71322,2.21476,2021,4,France,HUMAN_OBSERVATION
47.73,13.08,1998,8,Austria,OCCURRENCE
47.73,13.08,1998,8,Austria,OCCURRENCE
47.73,13.08,1998,8,Austria,OCCURRENCE
47.73106,1.31369,2021,7,France,HUMAN_OBSERVATION
47.7335,8.47176,2019,3,Switzerland,HUMAN_OBSERVATION
47.7335,8.47176,2019,7,Switzerland,HUMAN_OBSERVATION
47.73986,2.77344,2021,5,France,HUMAN_OBSERVATION
47.740219,9.229739,2019,4,Germany,HUMAN_OBSERVATION
47.74589,6.07586,2016,7,France,HUMAN_OBSERVATION
47.74632,2.8391,2021,5,France,HUMAN_OBSERVATION
47.75588,0.99718,2020,8,France,HUMAN_OBSERVATION
47.756313,13.006269,2024,12,Austria,HUMAN_OBSERVATION
47.76,12.92,2020,3,Germany,HUMAN_OBSERVATION
47.76,12.98,1997,4,Austria,OCCURRENCE
47.76298,1.63154,2019,8,France,HUMAN_OBSERVATION
47.76813,0.9151,2020,8,France,HUMAN_OBSERVATION
47.77,12.93,1999,9,Austria,OCCURRENCE
47.77,12.95,1995,8,Austria,OCCURRENCE
47.77,12.96,1996,4,Austria,OCCURRENCE
47.77,12.96,1996,7,Austria,OCCURRENCE
47.77,12.96,1996,7,Austria,OCCURRENCE
47.77,12.96,1996,7,Austria,OCCURRENCE
47.77,12.96,1996,7,Austria,OCCURRENCE
47.77,12.97,2020,10,Austria,HUMAN_OBSERVATION
47.77,12.97,1996,7,Austria,OCCURRENCE
47.77,13.02,2021,7,Austria,HUMAN_OBSERVATION
47.770094,13.724295,2025,4,Austria,HUMAN_OBSERVATION
47.77029,2.78303,2021,8,France,HUMAN_OBSERVATION
47.77062,9.13957,2019,4,Germany,HUMAN_OBSERVATION
47.77062,9.13957,2019,11,Germany,HUMAN_OBSERVATION
47.77062,9.13957,2019,11,Germany,HUMAN_OBSERVATION
47.77062,9.13957,2018,3,Germany,HUMAN_OBSERVATION
47.77062,9.13957,2018,11,Germany,HUMAN_OBSERVATION
47.77062,9.13957,2017,4,Germany,HUMAN_OBSERVATION
47.77062,9.13957,2017,11,Germany,HUMAN_OBSERVATION
47.77062,9.13957,2016,4,Germany,HUMAN_OBSERVATION
47.776087,12.932487,2024,10,Germany,HUMAN_OBSERVATION
47.77651,8.67273,2018,9,Switzerland,HUMAN_OBSERVATION
47.77772,2.80007,2021,7,France,HUMAN_OBSERVATION
47.78,13.01,2020,1,Austria,HUMAN_OBSERVATION
47.78,13.06,2020,11,Austria,HUMAN_OBSERVATION
47.78217,1.15409,2017,6,France,HUMAN_OBSERVATION
47.78374,1.15932,2017,6,France,HUMAN_OBSERVATION
47.785454,9.119121,2018,4,Germany,HUMAN_OBSERVATION
47.78643,0.97074,2021,9,France,HUMAN_OBSERVATION
47.78771,2.91895,2021,7,France,HUMAN_OBSERVATION
47.79,12.96,1999,9,Austria,OCCURRENCE
47.79,13.05,2022,5,Austria,HUMAN_OBSERVATION
47.79,13.05,2022,5,Austria,HUMAN_OBSERVATION
47.79,13.05,2021,5,Austria,HUMAN_OBSERVATION
47.79,13.06,2020,2,Austria,HUMAN_OBSERVATION
47.79,13.07,2021,6,Austria,HUMAN_OBSERVATION
47.79,13.08,2022,6,Austria,HUMAN_OBSERVATION
47.79,13.08,2022,11,Austria,HUMAN_OBSERVATION
47.79,13.08,2021,11,Austria,HUMAN_OBSERVATION
47.79,13.08,2022,11,Austria,OCCURRENCE
47.792152,13.081013,2022,11,Austria,HUMAN_OBSERVATION
47.794937,9.092302,2016,5,Germany,HUMAN_OBSERVATION
47.8,12.98,1999,9,Austria,OCCURRENCE
47.8,13.02,2006,6,Austria,OCCURRENCE
47.8,13.08,2022,6,Austria,HUMAN_OBSERVATION
47.8,13.08,2020,1,Austria,HUMAN_OBSERVATION
47.8,13.08,2020,5,Austria,HUMAN_OBSERVATION
47.8,13.08,2020,11,Austria,HUMAN_OBSERVATION
47.8,13.08,2019,4,Austria,OCCURRENCE
47.8,13.08,2003,9,Austria,OCCURRENCE
47.80136,2.99157,2021,7,France,HUMAN_OBSERVATION
47.801453,1.089217,2023,3,France,HUMAN_OBSERVATION
47.80684,2.29446,2017,8,France,HUMAN_OBSERVATION
47.81,12.97,1999,9,Austria,OCCURRENCE
47.81971,1.19028,2021,7,France,HUMAN_OBSERVATION
47.82,12.99,2020,6,Austria,HUMAN_OBSERVATION
47.82,13.01,2020,3,Austria,HUMAN_OBSERVATION
47.826604,18.916573,2023,6,Hungary,HUMAN_OBSERVATION
47.827859,13.044242,2022,11,Austria,HUMAN_OBSERVATION
47.82892,1.13718,2021,7,France,HUMAN_OBSERVATION
47.829976,12.877352,2024,2,Germany,HUMAN_OBSERVATION
47.83,13.04,2022,11,Austria,HUMAN_OBSERVATION
47.831977,16.166698,2024,9,Austria,HUMAN_OBSERVATION
47.831977,16.166698,2024,9,Austria,HUMAN_OBSERVATION
47.832443,16.165104,2024,5,Austria,HUMAN_OBSERVATION
47.84,13.06,2020,1,Austria,HUMAN_OBSERVATION
47.84491,1.10106,2020,6,France,HUMAN_OBSERVATION
47.846451,13.017643,2024,3,Austria,HUMAN_OBSERVATION
47.84912,-3.69051,2018,7,France,HUMAN_OBSERVATION
47.84981,2.9312,2021,7,France,HUMAN_OBSERVATION
47.85,13.02,2024,3,Austria,HUMAN_OBSERVATION
47.85997,2.88338,2021,7,France,HUMAN_OBSERVATION
47.8644,1.78357,2020,8,France,HUMAN_OBSERVATION
47.876305,16.325662,2024,9,Austria,HUMAN_OBSERVATION
47.876409,16.325696,2023,7,Austria,HUMAN_OBSERVATION
47.87716,16.326853,2020,7,Austria,HUMAN_OBSERVATION
47.88933,1.66674,2021,5,France,HUMAN_OBSERVATION
47.91195,2.34427,2016,6,France,HUMAN_OBSERVATION
47.91613,1.24897,2020,2,France,HUMAN_OBSERVATION
47.93,12.95,2020,5,Austria,HUMAN_OBSERVATION
47.94,13.07,2006,8,Austria,OCCURRENCE
47.94,13.08,2006,8,Austria,OCCURRENCE
47.95933,2.7857,2021,7,France,HUMAN_OBSERVATION
47.9694,13.0936,2023,3,Austria,HUMAN_OBSERVATION
47.97,13.09,2023,3,Austria,HUMAN_OBSERVATION
47.97,13.11,1998,8,Austria,OCCURRENCE
47.97,13.11,1998,8,Austria,OCCURRENCE
47.97,13.11,1997,8,Austria,OCCURRENCE
47.97,13.11,1997,8,Austria,OCCURRENCE
47.97,13.11,1997,8,Austria,OCCURRENCE
47.97,13.11,1997,8,Austria,OCCURRENCE
47.97753,1.32765,2022,4,France,HUMAN_OBSERVATION
47.987,11.471,2011,10,Germany,MATERIAL_SAMPLE
47.99,13.1,2022,12,Austria,HUMAN_OBSERVATION
47.993261,13.103396,2022,12,Austria,HUMAN_OBSERVATION
47.99453,0.22237,2017,9,France,HUMAN_OBSERVATION
47.995506,11.358243,2022,10,Germany,HUMAN_OBSERVATION
48.002778,16.168516,2017,6,Austria,HUMAN_OBSERVATION
48.02439,20.32298,2024,8,Hungary,HUMAN_OBSERVATION
48.05392,4.393166,2023,7,France,HUMAN_OBSERVATION
48.05533,2.92472,2021,7,France,HUMAN_OBSERVATION
48.056006,16.082493,2017,6,Austria,HUMAN_OBSERVATION
48.05802,2.3028,2016,6,France,HUMAN_OBSERVATION
48.058327,11.447144,2022,4,Germany,HUMAN_OBSERVATION
48.060145,16.036388,2017,6,Austria,HUMAN_OBSERVATION
48.072718,11.541521,2020,9,Germany,HUMAN_OBSERVATION
48.07357,2.8963,2016,8,France,HUMAN_OBSERVATION
48.07927,2.32572,2021,6,France,HUMAN_OBSERVATION
48.09986,2.31002,2021,6,France,HUMAN_OBSERVATION
48.10987,1.36276,2023,1,France,HUMAN_OBSERVATION
48.11985,16.717234,2019,9,Austria,HUMAN_OBSERVATION
48.129722,11.447583,2023,11,Germany,HUMAN_OBSERVATION
48.129747,11.447603,2022,6,Germany,HUMAN_OBSERVATION
48.148131,11.665128,2021,5,Germany,HUMAN_OBSERVATION
48.156335,15.967078,2021,6,Austria,HUMAN_OBSERVATION
48.156335,15.967078,2021,6,Austria,HUMAN_OBSERVATION
48.156549,11.568862,2003,6,Germany,OCCURRENCE
48.157127,11.61335,2022,11,Germany,HUMAN_OBSERVATION
48.163514,15.971599,2021,6,Austria,HUMAN_OBSERVATION
48.173133,11.463111,2022,9,Germany,HUMAN_OBSERVATION
48.180075,16.114209,2019,6,Austria,HUMAN_OBSERVATION
48.180589,16.212755,2018,6,Austria,HUMAN_OBSERVATION
48.183303,15.982394,2021,6,Austria,HUMAN_OBSERVATION
48.183303,15.982394,2021,6,Austria,HUMAN_OBSERVATION
48.18843,2.37146,2021,6,France,HUMAN_OBSERVATION
48.189133,16.297955,2022,6,Austria,HUMAN_OBSERVATION
48.2081,4.19416,2019,7,France,HUMAN_OBSERVATION
48.21,12.92,2005,,Germany,OCCURRENCE
48.21,12.92,2005,,Germany,OCCURRENCE
48.21,12.92,2005,,Germany,OCCURRENCE
48.21098,2.42482,2021,6,France,HUMAN_OBSERVATION
48.224,2.4301,2021,6,France,HUMAN_OBSERVATION
48.22729,-1.87891,2022,3,France,HUMAN_OBSERVATION
48.240221,16.290897,2020,6,Austria,HUMAN_OBSERVATION
48.240221,16.290897,2020,6,Austria,HUMAN_OBSERVATION
48.245488,11.391356,2021,11,Germany,HUMAN_OBSERVATION
48.26,13.02,2005,,Germany,OCCURRENCE
48.26,13.02,2005,,Germany,OCCURRENCE
48.26,13.02,2005,,Germany,OCCURRENCE
48.278014,11.253716,2021,12,Germany,HUMAN_OBSERVATION
48.2875,1.14687,2022,9,France,HUMAN_OBSERVATION
48.30455,4.16192,2017,8,France,HUMAN_OBSERVATION
48.32,13.32,2005,,Germany,OCCURRENCE
48.337,11.615,2011,5,Germany,MATERIAL_SAMPLE
48.338,11.615,2011,5,Germany,MATERIAL_SAMPLE
48.346913,4.055822,2022,6,France,HUMAN_OBSERVATION
48.347753,4.055396,2022,1,France,HUMAN_OBSERVATION
48.347756,4.055396,2022,2,France,HUMAN_OBSERVATION
48.347758,4.055394,2022,2,France,HUMAN_OBSERVATION
48.34776,4.055395,2022,2,France,HUMAN_OBSERVATION
48.347762,4.055356,2021,3,France,HUMAN_OBSERVATION
48.347764,4.055356,2021,3,France,HUMAN_OBSERVATION
48.347764,4.055356,2021,3,France,HUMAN_OBSERVATION
48.347766,4.055356,2021,3,France,HUMAN_OBSERVATION
48.347792,4.055456,2021,5,France,HUMAN_OBSERVATION
48.347807,4.055474,2021,10,France,HUMAN_OBSERVATION
48.347821,4.055474,2021,10,France,HUMAN_OBSERVATION
48.347842,4.055543,2022,11,France,HUMAN_OBSERVATION
48.347888,4.055409,2022,11,France,HUMAN_OBSERVATION
48.347888,4.055606,2022,11,France,HUMAN_OBSERVATION
48.347894,4.055456,2022,11,France,HUMAN_OBSERVATION
48.347906,4.055575,2023,3,France,HUMAN_OBSERVATION
48.347919,4.05564,2023,5,France,HUMAN_OBSERVATION
48.347929,4.055112,2021,3,France,HUMAN_OBSERVATION
48.34793,4.055112,2021,3,France,HUMAN_OBSERVATION
48.349121,4.051608,2022,5,France,HUMAN_OBSERVATION
48.34975,4.05558,2021,2,France,HUMAN_OBSERVATION
48.349985,-3.945169,2024,5,France,HUMAN_OBSERVATION
48.35,13.35,2005,,Germany,OCCURRENCE
48.350022,-3.945204,2024,5,France,HUMAN_OBSERVATION
48.350029,-3.945204,2024,5,France,HUMAN_OBSERVATION
48.350032,-3.945199,2024,5,France,HUMAN_OBSERVATION
48.350032,-3.945199,2024,5,France,HUMAN_OBSERVATION
48.350041,-3.945204,2024,5,France,HUMAN_OBSERVATION
48.355838,4.046334,2022,3,France,HUMAN_OBSERVATION
48.36478,2.99056,2017,5,France,HUMAN_OBSERVATION
48.382476,-3.437003,2023,11,France,HUMAN_OBSERVATION
48.38411,3.03233,2017,5,France,HUMAN_OBSERVATION
48.38667,3.09317,2016,10,France,HUMAN_OBSERVATION
48.38722,2.47889,2017,4,France,HUMAN_OBSERVATION
48.38722,2.47889,2017,4,France,HUMAN_OBSERVATION
48.395862,-4.432134,2024,9,France,HUMAN_OBSERVATION
48.39709,3.15133,2016,9,France,HUMAN_OBSERVATION
48.39796,3.19289,2016,11,France,HUMAN_OBSERVATION
48.40557,3.93432,2020,5,France,HUMAN_OBSERVATION
48.41655,4.45555,2023,10,France,HUMAN_OBSERVATION
48.4192,3.22759,2017,7,France,HUMAN_OBSERVATION
48.42437,3.22498,2017,7,France,HUMAN_OBSERVATION
48.42679,4.4194,2023,10,France,HUMAN_OBSERVATION
48.42804,3.28036,2017,8,France,HUMAN_OBSERVATION
48.43001,4.42409,2023,10,France,HUMAN_OBSERVATION
48.43001,4.42409,2023,10,France,HUMAN_OBSERVATION
48.43115,3.2795,2017,8,France,HUMAN_OBSERVATION
48.4365,6.28311,2017,8,France,HUMAN_OBSERVATION
48.4365,6.28311,2017,8,France,HUMAN_OBSERVATION
48.4365,6.28311,2017,8,France,HUMAN_OBSERVATION
48.4365,6.28311,2017,8,France,HUMAN_OBSERVATION
48.45113,6.28926,2017,10,France,HUMAN_OBSERVATION
48.45241,4.42481,2023,10,France,HUMAN_OBSERVATION
48.45533,6.31915,2017,10,France,HUMAN_OBSERVATION
48.45756,3.32246,2017,8,France,HUMAN_OBSERVATION
48.45788,4.50576,2023,10,France,HUMAN_OBSERVATION
48.45853,4.38252,2023,10,France,HUMAN_OBSERVATION
48.45865,3.32284,2017,8,France,HUMAN_OBSERVATION
48.45883,3.33698,2017,8,France,HUMAN_OBSERVATION
48.45972,3.33048,2017,8,France,HUMAN_OBSERVATION
48.46084,3.32667,2017,8,France,HUMAN_OBSERVATION
48.46094,3.34916,2017,7,France,HUMAN_OBSERVATION
48.46415,3.36102,2017,7,France,HUMAN_OBSERVATION
48.47048,3.42908,2017,8,France,HUMAN_OBSERVATION
48.4743,3.36287,2017,8,France,HUMAN_OBSERVATION
48.47995,-2.693682,2022,3,France,HUMAN_OBSERVATION
48.47997,3.39792,2017,7,France,HUMAN_OBSERVATION
48.48011,-2.006821,2024,3,France,HUMAN_OBSERVATION
48.480146,-2.693439,2024,11,France,HUMAN_OBSERVATION
48.480244,-2.693885,2020,12,France,HUMAN_OBSERVATION
48.480251,-2.694163,2022,3,France,HUMAN_OBSERVATION
48.480267,-2.693926,2020,9,France,HUMAN_OBSERVATION
48.48225,-2.688481,2025,2,France,HUMAN_OBSERVATION
48.4839,3.39753,2017,8,France,HUMAN_OBSERVATION
48.491682,11.584761,2021,11,Germany,HUMAN_OBSERVATION
48.51069,3.44162,2020,5,France,HUMAN_OBSERVATION
48.51604,7.80118,2021,,France,HUMAN_OBSERVATION
48.542999,-3.394153,2022,7,France,HUMAN_OBSERVATION
48.5437,3.58294,2017,8,France,HUMAN_OBSERVATION
48.55147,-3.10053,2022,12,France,HUMAN_OBSERVATION
48.55148,-3.10062,2021,5,France,HUMAN_OBSERVATION
48.552159,-3.835413,2023,10,France,HUMAN_OBSERVATION
48.552159,-3.835413,2023,10,France,HUMAN_OBSERVATION
48.552159,-3.835413,2023,10,France,HUMAN_OBSERVATION
48.552159,-3.835413,2023,10,France,HUMAN_OBSERVATION
48.552159,-3.835413,2023,10,France,HUMAN_OBSERVATION
48.554401,15.890341,2023,7,Austria,HUMAN_OBSERVATION
48.55527,-3.0939,2021,10,France,HUMAN_OBSERVATION
48.55586,4.78759,2022,5,France,HUMAN_OBSERVATION
48.5569,7.61246,2019,8,France,HUMAN_OBSERVATION
48.5569,7.61246,2019,8,France,HUMAN_OBSERVATION
48.55729,-3.09767,2021,10,France,HUMAN_OBSERVATION
48.55978,-3.09645,2021,5,France,HUMAN_OBSERVATION
48.56092,-3.09636,2021,5,France,HUMAN_OBSERVATION
48.56126,-3.06942,2021,10,France,HUMAN_OBSERVATION
48.56147,-3.10575,2021,5,France,HUMAN_OBSERVATION
48.56256,-3.10705,2021,5,France,HUMAN_OBSERVATION
48.563373,-3.565128,2023,10,France,HUMAN_OBSERVATION
48.564418,-3.567629,2023,10,France,HUMAN_OBSERVATION
48.56462,-3.10902,2021,10,France,HUMAN_OBSERVATION
48.5675,-2.079936,2024,9,France,HUMAN_OBSERVATION
48.570942,6.192003,2021,9,France,HUMAN_OBSERVATION
48.57191,-3.11697,2021,5,France,HUMAN_OBSERVATION
48.575,-3.12247,2021,10,France,HUMAN_OBSERVATION
48.57786,4.806,2022,5,France,HUMAN_OBSERVATION
48.57996,-3.11516,2021,10,France,HUMAN_OBSERVATION
48.583333,-1.7,,,France,OCCURRENCE
48.583333,-1.7,,,France,OCCURRENCE
48.583333,-1.7,,,France,OCCURRENCE
48.583333,-1.7,,,France,OCCURRENCE
48.58536,3.9849,2020,6,France,HUMAN_OBSERVATION
48.58536,3.9849,2020,6,France,HUMAN_OBSERVATION
48.598318,-3.836582,2025,5,France,HUMAN_OBSERVATION
48.6127,-3.86375,2025,5,France,HUMAN_OBSERVATION
48.620541,-3.839559,2023,9,France,HUMAN_OBSERVATION
48.620541,-3.839559,2023,9,France,HUMAN_OBSERVATION
48.622339,-3.838085,2023,9,France,HUMAN_OBSERVATION
48.622341,-3.838088,2023,9,France,HUMAN_OBSERVATION
48.624735,-3.840234,2023,9,France,HUMAN_OBSERVATION
48.624774,-3.840216,2023,9,France,HUMAN_OBSERVATION
48.624784,-3.840223,2023,9,France,HUMAN_OBSERVATION
48.624848,-3.840247,2023,9,France,HUMAN_OBSERVATION
48.624853,-3.840266,2023,9,France,HUMAN_OBSERVATION
48.625138,-3.840662,2022,7,France,HUMAN_OBSERVATION
48.62668,2.93356,2017,8,France,HUMAN_OBSERVATION
48.628086,-3.765044,2023,9,France,HUMAN_OBSERVATION
48.628086,-3.765044,2023,9,France,HUMAN_OBSERVATION
48.628086,-3.765044,2023,9,France,HUMAN_OBSERVATION
48.636486,-3.848532,2023,9,France,HUMAN_OBSERVATION
48.636662,-3.84622,2024,4,France,HUMAN_OBSERVATION
48.674341,-4.05024,2025,5,France,HUMAN_OBSERVATION
48.680643,-3.567368,2022,7,France,HUMAN_OBSERVATION
48.684569,-4.055115,2025,5,France,HUMAN_OBSERVATION
48.68537,5.61608,2019,10,France,HUMAN_OBSERVATION
48.71473,2.59173,2016,9,France,HUMAN_OBSERVATION
48.76718,6.65684,2021,4,France,HUMAN_OBSERVATION
48.76718,6.65684,2021,4,France,HUMAN_OBSERVATION
48.77,5.58,1995,7,France,OCCURRENCE
48.77665,3.37682,2016,6,France,HUMAN_OBSERVATION
48.77665,3.37682,2016,6,France,HUMAN_OBSERVATION
48.7785,2.52644,2018,7,France,HUMAN_OBSERVATION
48.78231,6.61532,2021,4,France,HUMAN_OBSERVATION
48.78231,6.61532,2021,4,France,HUMAN_OBSERVATION
48.79826,6.74881,2022,4,France,HUMAN_OBSERVATION
48.81514,3.0095,2016,6,France,HUMAN_OBSERVATION
48.81514,3.0095,2016,6,France,HUMAN_OBSERVATION
48.817931,-3.49063,2022,7,France,HUMAN_OBSERVATION
48.825569,12.953731,2019,2,Germany,HUMAN_OBSERVATION
48.83018,3.11025,2021,4,France,HUMAN_OBSERVATION
48.837864,12.926796,2019,2,Germany,HUMAN_OBSERVATION
48.84329,2.38426,2021,9,France,HUMAN_OBSERVATION
48.854931,9.392034,2022,5,Germany,HUMAN_OBSERVATION
48.854931,9.392034,2022,5,Germany,HUMAN_OBSERVATION
48.854931,9.392034,2022,5,Germany,HUMAN_OBSERVATION
48.85515,11.767639,2024,10,Germany,HUMAN_OBSERVATION
48.85797,2.55791,2023,1,France,HUMAN_OBSERVATION
48.85829,2.92542,2018,3,France,HUMAN_OBSERVATION
48.85829,2.92542,2018,3,France,HUMAN_OBSERVATION
48.85928,2.55873,2023,2,France,HUMAN_OBSERVATION
48.866,12.754,2009,6,Germany,MATERIAL_SAMPLE
48.877,12.108,2013,7,Germany,MATERIAL_SAMPLE
48.877,12.108,2013,7,Germany,MATERIAL_SAMPLE
48.894381,11.819796,2022,3,Germany,HUMAN_OBSERVATION
48.91172,2.71459,2017,5,France,HUMAN_OBSERVATION
48.912827,9.361296,2016,7,Germany,HUMAN_OBSERVATION
48.9335,7.93226,2018,8,France,HUMAN_OBSERVATION
48.93745,9.408667,2023,6,Germany,HUMAN_OBSERVATION
48.945004,9.450362,2022,5,Germany,HUMAN_OBSERVATION
48.94634,7.8731,2019,5,France,HUMAN_OBSERVATION
48.94634,7.8731,2018,8,France,HUMAN_OBSERVATION
48.950127,9.372711,2024,9,Germany,HUMAN_OBSERVATION
48.950127,9.372711,2024,9,Germany,HUMAN_OBSERVATION
48.95044,7.88603,2018,8,France,HUMAN_OBSERVATION
48.95044,7.88603,2018,8,France,HUMAN_OBSERVATION
48.95318,2.61921,2023,3,France,HUMAN_OBSERVATION
48.956665,9.464141,2021,6,Germany,HUMAN_OBSERVATION
48.9578,7.93713,2020,2,France,HUMAN_OBSERVATION
48.9578,7.93713,2020,6,France,HUMAN_OBSERVATION
48.95877,7.87127,2018,10,France,HUMAN_OBSERVATION
48.96657,7.88388,2020,2,France,HUMAN_OBSERVATION
48.991566,9.448328,2024,6,Germany,HUMAN_OBSERVATION
48.99566,7.88462,2019,5,France,HUMAN_OBSERVATION
48.99566,7.88462,2018,8,France,HUMAN_OBSERVATION
49.003167,8.35175,2022,6,Germany,HUMAN_OBSERVATION
49.00823,1.37695,2020,9,France,HUMAN_OBSERVATION
49.017092,5.443485,2024,8,France,HUMAN_OBSERVATION
49.032037,8.303738,2025,3,Germany,HUMAN_OBSERVATION
49.03517,8.304121,2025,3,Germany,HUMAN_OBSERVATION
49.035179,8.304093,2025,3,Germany,HUMAN_OBSERVATION
49.05049,1.82153,2022,10,France,HUMAN_OBSERVATION
49.07177,1.5113,2017,5,France,HUMAN_OBSERVATION
49.07177,1.5113,2017,5,France,HUMAN_OBSERVATION
49.07709,2.21341,2017,10,France,HUMAN_OBSERVATION
49.07906,-1.32711,2016,4,France,HUMAN_OBSERVATION
49.08238,2.22349,2017,3,France,HUMAN_OBSERVATION
49.08251,2.22344,2017,6,France,HUMAN_OBSERVATION
49.08635,2.22281,2017,6,France,HUMAN_OBSERVATION
49.1058,7.31922,2018,9,France,HUMAN_OBSERVATION
49.110277,3.065036,2025,3,France,HUMAN_OBSERVATION
49.11961,7.36555,2018,9,France,HUMAN_OBSERVATION
49.14419,7.3849,2018,8,France,HUMAN_OBSERVATION
49.16011,7.39543,2020,8,France,HUMAN_OBSERVATION
49.26229,2.33783,2016,10,France,HUMAN_OBSERVATION
49.32227,-1.42663,2016,4,France,HUMAN_OBSERVATION
49.343875,-0.545531,2024,12,France,HUMAN_OBSERVATION
49.37258,3.09906,2017,6,France,HUMAN_OBSERVATION
49.41387,2.25031,2021,8,France,HUMAN_OBSERVATION
49.41387,2.25031,2021,8,France,HUMAN_OBSERVATION
49.45005,0.89146,2018,9,France,HUMAN_OBSERVATION
49.45417,0.68409,2021,10,France,HUMAN_OBSERVATION
49.45417,0.68409,2021,10,France,HUMAN_OBSERVATION
49.45844,0.47555,2020,10,France,HUMAN_OBSERVATION
49.46061,0.47447,2020,10,France,HUMAN_OBSERVATION
49.46099,0.48726,2020,10,France,HUMAN_OBSERVATION
49.46111,0.48189,2020,10,France,HUMAN_OBSERVATION
49.46296,0.48634,2020,10,France,HUMAN_OBSERVATION
49.4662,0.4569,2020,10,France,HUMAN_OBSERVATION
49.46743,0.45966,2020,10,France,HUMAN_OBSERVATION
49.46784,0.46047,2020,10,France,HUMAN_OBSERVATION
49.46867,0.46197,2020,10,France,HUMAN_OBSERVATION
49.47011,0.46582,2020,10,France,HUMAN_OBSERVATION
49.47968,2.68894,2021,10,France,HUMAN_OBSERVATION
49.48639,0.79547,2019,4,France,HUMAN_OBSERVATION
49.49084,0.79233,2019,4,France,HUMAN_OBSERVATION
49.50023,5.19806,2022,9,France,HUMAN_OBSERVATION
49.50023,5.19806,2022,9,France,HUMAN_OBSERVATION
49.50537,5.46501,2017,9,Belgium,HUMAN_OBSERVATION
49.50682,5.46538,2019,6,Belgium,HUMAN_OBSERVATION
49.50811,5.47412,2023,4,Belgium,HUMAN_OBSERVATION
49.50811,5.47414,2023,4,Belgium,HUMAN_OBSERVATION
49.549,5.61618,2020,7,Belgium,HUMAN_OBSERVATION
49.71068,2.16106,2016,9,France,HUMAN_OBSERVATION
49.7129,6.45806,2017,9,Luxembourg,HUMAN_OBSERVATION
49.7129,6.45806,2017,9,Luxembourg,HUMAN_OBSERVATION
49.7129,6.45806,2017,9,Luxembourg,HUMAN_OBSERVATION
49.7129,6.45806,2016,10,Luxembourg,HUMAN_OBSERVATION
49.7129,6.45806,2016,10,Luxembourg,HUMAN_OBSERVATION
49.7129,6.45806,2016,10,Luxembourg,HUMAN_OBSERVATION
49.7225,6.4973,2018,6,Luxembourg,HUMAN_OBSERVATION
49.7293,6.07942,2017,9,Luxembourg,HUMAN_OBSERVATION
49.7293,6.07942,2016,10,Luxembourg,HUMAN_OBSERVATION
49.75986,2.91042,2016,8,France,HUMAN_OBSERVATION
49.7754,6.49267,2017,10,Luxembourg,HUMAN_OBSERVATION
49.7754,6.49267,2017,10,Luxembourg,HUMAN_OBSERVATION
49.7754,6.49267,2017,10,Luxembourg,HUMAN_OBSERVATION
49.7827,6.04288,2017,9,Luxembourg,HUMAN_OBSERVATION
49.7827,6.04288,2017,9,Luxembourg,HUMAN_OBSERVATION
49.7827,6.04288,2017,9,Luxembourg,HUMAN_OBSERVATION
49.7827,6.04288,2016,10,Luxembourg,HUMAN_OBSERVATION
49.7827,6.04288,2016,10,Luxembourg,HUMAN_OBSERVATION
49.785014,21.680925,2024,7,Poland,HUMAN_OBSERVATION
49.7882,6.31723,2017,10,Luxembourg,HUMAN_OBSERVATION
49.7882,6.31723,2017,10,Luxembourg,HUMAN_OBSERVATION
49.7882,6.31723,2017,10,Luxembourg,HUMAN_OBSERVATION
49.79557,2.40085,2016,9,France,HUMAN_OBSERVATION
49.7989,6.39057,2017,10,Luxembourg,HUMAN_OBSERVATION
49.7989,6.39057,2017,10,Luxembourg,HUMAN_OBSERVATION
49.7989,6.39057,2017,10,Luxembourg,HUMAN_OBSERVATION
49.7989,6.39057,2016,10,Luxembourg,HUMAN_OBSERVATION
49.7989,6.39057,2016,10,Luxembourg,HUMAN_OBSERVATION
49.7989,6.39057,2016,10,Luxembourg,HUMAN_OBSERVATION
49.8043,5.16771,2022,7,Belgium,HUMAN_OBSERVATION
49.811779,7.511435,2024,12,Germany,HUMAN_OBSERVATION
49.8143,6.44142,2018,6,Germany,HUMAN_OBSERVATION
49.8233,6.27949,2017,9,Luxembourg,HUMAN_OBSERVATION
49.830169,9.870673,2020,12,Germany,HUMAN_OBSERVATION
49.84138,2.383,2022,9,France,HUMAN_OBSERVATION
49.84138,2.383,2022,9,France,HUMAN_OBSERVATION
49.84138,2.383,2022,9,France,HUMAN_OBSERVATION
49.8534,2.37841,2022,9,France,HUMAN_OBSERVATION
49.85414,2.37813,2022,9,France,HUMAN_OBSERVATION
49.85446,21.623978,2024,12,Poland,HUMAN_OBSERVATION
49.85529,2.37623,2022,9,France,HUMAN_OBSERVATION
49.860714,21.694134,2024,4,Poland,HUMAN_OBSERVATION
49.86283,4.9301,2018,7,Belgium,HUMAN_OBSERVATION
49.86287,4.93016,2018,7,Belgium,HUMAN_OBSERVATION
49.86292,4.92886,2018,7,Belgium,HUMAN_OBSERVATION
49.8682,5.77526,2017,9,Luxembourg,HUMAN_OBSERVATION
49.8682,5.77526,2017,9,Luxembourg,HUMAN_OBSERVATION
49.8682,5.77526,2017,9,Luxembourg,HUMAN_OBSERVATION
49.8682,5.77526,2016,10,Luxembourg,HUMAN_OBSERVATION
49.8682,5.77526,2016,10,Luxembourg,HUMAN_OBSERVATION
49.871888,21.71107,2024,10,Poland,HUMAN_OBSERVATION
49.872955,21.717879,2024,10,Poland,HUMAN_OBSERVATION
49.879135,19.217058,2024,10,Poland,HUMAN_OBSERVATION
49.879154,19.217113,2024,11,Poland,HUMAN_OBSERVATION
49.879173,19.21711,2024,9,Poland,HUMAN_OBSERVATION
49.879185,19.217041,2024,11,Poland,HUMAN_OBSERVATION
49.8838,6.06424,2017,9,Luxembourg,HUMAN_OBSERVATION
49.8838,6.06424,2016,10,Luxembourg,HUMAN_OBSERVATION
49.8838,6.06424,2016,10,Luxembourg,HUMAN_OBSERVATION
49.8838,6.06424,2016,10,Luxembourg,HUMAN_OBSERVATION
49.8892,6.18245,2017,9,Luxembourg,HUMAN_OBSERVATION
49.8892,6.18245,2017,9,Luxembourg,HUMAN_OBSERVATION
49.8892,6.18245,2017,9,Luxembourg,HUMAN_OBSERVATION
49.8892,6.18245,2016,10,Luxembourg,HUMAN_OBSERVATION
49.8911,6.10889,2017,9,Luxembourg,HUMAN_OBSERVATION
49.8911,6.10889,2017,9,Luxembourg,HUMAN_OBSERVATION
49.89156,4.92812,2018,7,Belgium,HUMAN_OBSERVATION
49.89156,4.92812,2018,7,Belgium,HUMAN_OBSERVATION
49.90149,2.36351,2022,9,France,HUMAN_OBSERVATION
49.90149,2.36351,2022,9,France,HUMAN_OBSERVATION
49.90149,2.36351,2022,9,France,HUMAN_OBSERVATION
49.90149,2.36351,2022,9,France,HUMAN_OBSERVATION
49.90149,2.36351,2022,9,France,HUMAN_OBSERVATION
49.90149,2.36351,2022,9,France,HUMAN_OBSERVATION
49.90149,2.36351,2022,9,France,HUMAN_OBSERVATION
49.90149,2.36351,2022,9,France,HUMAN_OBSERVATION
49.90149,2.36351,2022,9,France,HUMAN_OBSERVATION
49.9071,5.95387,2017,9,Luxembourg,HUMAN_OBSERVATION
49.9071,5.95387,2017,9,Luxembourg,HUMAN_OBSERVATION
49.9071,5.95387,2017,9,Luxembourg,HUMAN_OBSERVATION
49.9071,5.95387,2016,10,Luxembourg,HUMAN_OBSERVATION
49.9071,5.95387,2016,10,Luxembourg,HUMAN_OBSERVATION
49.9643,5.96724,2017,9,Luxembourg,HUMAN_OBSERVATION
49.9643,5.96724,2016,10,Luxembourg,HUMAN_OBSERVATION
49.974982,8.082538,2006,6,Germany,OCCURRENCE
49.998348,-5.177914,2016,5,United Kingdom of Great Britain and Northern Ireland,HUMAN_OBSERVATION
49.998348,-5.177914,2016,11,United Kingdom of Great Britain and Northern Ireland,HUMAN_OBSERVATION
50.00029,3.92531,2018,9,France,HUMAN_OBSERVATION
50.032395,-5.182956,2016,5,United Kingdom of Great Britain and Northern Ireland,HUMAN_OBSERVATION
50.032395,-5.182956,2016,11,United Kingdom of Great Britain and Northern Ireland,HUMAN_OBSERVATION
50.03813,4.889,2018,4,Belgium,HUMAN_OBSERVATION
50.049765,-5.6326,2016,5,United Kingdom of Great Britain and Northern Ireland,HUMAN_OBSERVATION
50.049765,-5.6326,2016,10,United Kingdom of Great Britain and Northern Ireland,HUMAN_OBSERVATION
50.05282,3.51578,2016,9,France,HUMAN_OBSERVATION
50.0574,6.11513,2016,10,Luxembourg,HUMAN_OBSERVATION
50.0574,6.11513,2016,10,Luxembourg,HUMAN_OBSERVATION
50.06917,5.14206,2023,8,Belgium,HUMAN_OBSERVATION
50.07041,4.62524,2020,9,Belgium,HUMAN_OBSERVATION
50.07434,4.6155,2020,9,Belgium,HUMAN_OBSERVATION
50.07491,14.730825,2022,8,Czechia,HUMAN_OBSERVATION
50.07604,4.58121,2020,8,Belgium,HUMAN_OBSERVATION
50.07643,4.58033,2023,9,Belgium,HUMAN_OBSERVATION
50.08267,-5.120578,2016,5,United Kingdom of Great Britain and Northern Ireland,HUMAN_OBSERVATION
50.08267,-5.120578,2016,10,United Kingdom of Great Britain and Northern Ireland,HUMAN_OBSERVATION
50.0866,5.94102,2017,9,Luxembourg,HUMAN_OBSERVATION
50.0866,5.94102,2017,9,Luxembourg,HUMAN_OBSERVATION
50.0866,5.94102,2017,9,Luxembourg,HUMAN_OBSERVATION
50.0866,5.94102,2016,10,Luxembourg,HUMAN_OBSERVATION
50.0866,5.94102,2016,10,Luxembourg,HUMAN_OBSERVATION
50.0866,5.94102,2016,10,Luxembourg,HUMAN_OBSERVATION
50.08685,4.54187,2023,6,Belgium,HUMAN_OBSERVATION
50.09218,3.53909,2016,8,France,HUMAN_OBSERVATION
50.0923,6.02969,2017,9,Luxembourg,HUMAN_OBSERVATION
50.0923,6.02969,2017,9,Luxembourg,HUMAN_OBSERVATION
50.0923,6.02969,2017,9,Luxembourg,HUMAN_OBSERVATION
50.0923,6.02969,2016,10,Luxembourg,HUMAN_OBSERVATION
50.0923,6.02969,2016,10,Luxembourg,HUMAN_OBSERVATION
50.09655,5.63097,2024,8,Belgium,HUMAN_OBSERVATION
50.103052,6.132034,2024,8,Luxembourg,HUMAN_OBSERVATION
50.103052,6.132034,2023,1,Luxembourg,HUMAN_OBSERVATION
50.10455,4.07743,2019,6,France,HUMAN_OBSERVATION
50.107409,-5.572614,2016,4,United Kingdom of Great Britain and Northern Ireland,HUMAN_OBSERVATION
50.107409,-5.572614,2016,10,United Kingdom of Great Britain and Northern Ireland,HUMAN_OBSERVATION
50.108009,-5.553074,2016,5,United Kingdom of Great Britain and Northern Ireland,HUMAN_OBSERVATION
50.108009,-5.553074,2016,11,United Kingdom of Great Britain and Northern Ireland,HUMAN_OBSERVATION
50.109548,-5.561582,2016,4,United Kingdom of Great Britain and Northern Ireland,HUMAN_OBSERVATION
50.109548,-5.561582,2016,10,United Kingdom of Great Britain and Northern Ireland,HUMAN_OBSERVATION
50.1119,6.05566,2017,9,Luxembourg,HUMAN_OBSERVATION
50.1119,6.05566,2017,9,Luxembourg,HUMAN_OBSERVATION
50.1119,6.05566,2017,9,Luxembourg,HUMAN_OBSERVATION
50.1119,6.05566,2016,10,Luxembourg,HUMAN_OBSERVATION
50.1119,6.05566,2016,10,Luxembourg,HUMAN_OBSERVATION
50.112699,-5.605186,2016,10,United Kingdom of Great Britain and Northern Ireland,HUMAN_OBSERVATION
50.11423,5.17092,2019,7,Belgium,HUMAN_OBSERVATION
50.11497,-5.589967,2016,4,United Kingdom of Great Britain and Northern Ireland,HUMAN_OBSERVATION
50.12251,5.18809,2022,7,Belgium,HUMAN_OBSERVATION
50.128441,19.235659,2022,10,Poland,HUMAN_OBSERVATION
50.14136,5.17854,2025,4,Belgium,HUMAN_OBSERVATION
50.14196,5.16288,2023,8,Belgium,HUMAN_OBSERVATION
50.14196,5.16288,2023,8,Belgium,HUMAN_OBSERVATION
50.14572,3.81191,2016,8,France,HUMAN_OBSERVATION
50.14584,4.76474,2020,2,Belgium,HUMAN_OBSERVATION
50.14584,4.76474,2020,2,Belgium,HUMAN_OBSERVATION
50.14584,4.76474,2020,2,Belgium,HUMAN_OBSERVATION
50.14584,4.76474,2020,2,Belgium,HUMAN_OBSERVATION
50.150826,19.242366,2025,1,Poland,HUMAN_OBSERVATION
50.173772,-5.122525,2023,3,United Kingdom of Great Britain and Northern Ireland,HUMAN_OBSERVATION
50.17787,4.35855,2020,8,Belgium,HUMAN_OBSERVATION
50.18289,4.34579,2022,10,Belgium,HUMAN_OBSERVATION
50.19821,4.75598,2023,2,Belgium,HUMAN_OBSERVATION
50.20349,5.14604,2022,7,Belgium,HUMAN_OBSERVATION
50.20435,4.86848,2022,4,Belgium,HUMAN_OBSERVATION
50.20435,4.86848,2022,4,Belgium,HUMAN_OBSERVATION
50.20491,4.7832,2020,9,Belgium,HUMAN_OBSERVATION
50.21119,4.95577,2020,9,Belgium,HUMAN_OBSERVATION
50.21553,4.94998,2023,6,Belgium,HUMAN_OBSERVATION
50.21554,4.94991,2022,10,Belgium,HUMAN_OBSERVATION
50.23967,4.91173,2022,10,Belgium,HUMAN_OBSERVATION
50.23972,4.9119,2022,10,Belgium,HUMAN_OBSERVATION
50.248947,-5.058483,2016,4,United Kingdom of Great Britain and Northern Ireland,HUMAN_OBSERVATION
50.258487,-5.269578,2016,4,United Kingdom of Great Britain and Northern Ireland,HUMAN_OBSERVATION
50.265334,-5.051113,2016,4,United Kingdom of Great Britain and Northern Ireland,HUMAN_OBSERVATION
50.265334,-5.051113,2016,10,United Kingdom of Great Britain and Northern Ireland,HUMAN_OBSERVATION
50.26617,3.46181,2016,8,France,HUMAN_OBSERVATION
50.266761,-5.065238,2016,4,United Kingdom of Great Britain and Northern Ireland,HUMAN_OBSERVATION
50.27856,1.66502,2016,9,France,HUMAN_OBSERVATION
50.284971,-4.987787,2016,4,United Kingdom of Great Britain and Northern Ireland,HUMAN_OBSERVATION
50.284971,-4.987787,2016,9,United Kingdom of Great Britain and Northern Ireland,HUMAN_OBSERVATION
50.28651,-3.648586,2019,5,United Kingdom of Great Britain and Northern Ireland,HUMAN_OBSERVATION
50.290905,-3.655757,2016,5,United Kingdom of Great Britain and Northern Ireland,HUMAN_OBSERVATION
50.290905,-3.655757,2016,9,United Kingdom of Great Britain and Northern Ireland,HUMAN_OBSERVATION
50.291462,-3.679643,2016,5,United Kingdom of Great Britain and Northern Ireland,HUMAN_OBSERVATION
50.291462,-3.679643,2016,9,United Kingdom of Great Britain and Northern Ireland,HUMAN_OBSERVATION
50.30297,-4.987511,2016,5,United Kingdom of Great Britain and Northern Ireland,HUMAN_OBSERVATION
50.30297,-4.987511,2016,9,United Kingdom of Great Britain and Northern Ireland,HUMAN_OBSERVATION
50.308803,-3.951312,2016,9,United Kingdom of Great Britain and Northern Ireland,HUMAN_OBSERVATION
50.3139,4.83474,2023,7,Belgium,HUMAN_OBSERVATION
50.32144,-3.780441,2016,4,United Kingdom of Great Britain and Northern Ireland,HUMAN_OBSERVATION
50.32144,-3.780441,2016,9,United Kingdom of Great Britain and Northern Ireland,HUMAN_OBSERVATION
50.32486,4.95105,2023,11,Belgium,HUMAN_OBSERVATION
50.331648,-4.578964,2017,4,United Kingdom of Great Britain and Northern Ireland,HUMAN_OBSERVATION
50.337247,-4.610186,2017,4,United Kingdom of Great Britain and Northern Ireland,HUMAN_OBSERVATION
50.33916,4.90867,2022,3,Belgium,HUMAN_OBSERVATION
50.34053,4.90677,2023,9,Belgium,HUMAN_OBSERVATION
50.340794,-4.729852,2016,4,United Kingdom of Great Britain and Northern Ireland,HUMAN_OBSERVATION
50.340794,-4.729852,2016,10,United Kingdom of Great Britain and Northern Ireland,HUMAN_OBSERVATION
50.342596,-5.155869,2016,3,United Kingdom of Great Britain and Northern Ireland,HUMAN_OBSERVATION
50.34419,3.64514,2016,8,France,HUMAN_OBSERVATION
50.346536,-4.695601,2021,8,United Kingdom of Great Britain and Northern Ireland,HUMAN_OBSERVATION
50.349595,-3.820852,2017,6,United Kingdom of Great Britain and Northern Ireland,HUMAN_OBSERVATION
50.3504,4.8703,2022,10,Belgium,HUMAN_OBSERVATION
50.35289,5.50915,2020,6,Belgium,HUMAN_OBSERVATION
50.35512,4.87923,2022,10,Belgium,HUMAN_OBSERVATION
50.3599,4.87415,2020,2,Belgium,HUMAN_OBSERVATION
50.374068,-4.489842,2016,4,United Kingdom of Great Britain and Northern Ireland,HUMAN_OBSERVATION
50.374068,-4.489842,2016,10,United Kingdom of Great Britain and Northern Ireland,HUMAN_OBSERVATION
50.377032,-4.391538,2016,4,United Kingdom of Great Britain and Northern Ireland,HUMAN_OBSERVATION
50.37935,4.524,2024,10,Belgium,HUMAN_OBSERVATION
50.383471,-4.119879,2024,1,United Kingdom of Great Britain and Northern Ireland,HUMAN_OBSERVATION
50.383479,-4.119897,2024,1,United Kingdom of Great Britain and Northern Ireland,HUMAN_OBSERVATION
50.38348,-4.119952,2024,1,United Kingdom of Great Britain and Northern Ireland,HUMAN_OBSERVATION
50.383488,-4.11996,2024,1,United Kingdom of Great Britain and Northern Ireland,HUMAN_OBSERVATION
50.383492,-4.119942,2024,1,United Kingdom of Great Britain and Northern Ireland,HUMAN_OBSERVATION
50.383493,-4.119925,2024,1,United Kingdom of Great Britain and Northern Ireland,HUMAN_OBSERVATION
50.383502,-4.119912,2024,1,United Kingdom of Great Britain and Northern Ireland,HUMAN_OBSERVATION
50.383503,-4.119918,2024,1,United Kingdom of Great Britain and Northern Ireland,HUMAN_OBSERVATION
50.383513,-4.119947,2024,1,United Kingdom of Great Britain and Northern Ireland,HUMAN_OBSERVATION
50.383513,-4.119947,2024,1,United Kingdom of Great Britain and Northern Ireland,HUMAN_OBSERVATION
50.383513,-4.119947,2024,1,United Kingdom of Great Britain and Northern Ireland,HUMAN_OBSERVATION
50.383513,-4.119947,2024,1,United Kingdom of Great Britain and Northern Ireland,HUMAN_OBSERVATION
50.383513,-4.119947,2024,1,United Kingdom of Great Britain and Northern Ireland,HUMAN_OBSERVATION
50.383532,-4.119928,2024,1,United Kingdom of Great Britain and Northern Ireland,HUMAN_OBSERVATION
50.385605,-4.119447,2024,2,United Kingdom of Great Britain and Northern Ireland,HUMAN_OBSERVATION
50.385643,-4.119148,2024,2,United Kingdom of Great Britain and Northern Ireland,HUMAN_OBSERVATION
50.38955,5.53786,2024,7,Belgium,HUMAN_OBSERVATION
50.390372,-4.071431,2016,3,United Kingdom of Great Britain and Northern Ireland,HUMAN_OBSERVATION
50.390372,-4.071431,2016,10,United Kingdom of Great Britain and Northern Ireland,HUMAN_OBSERVATION
50.39085,5.91322,2023,7,Belgium,HUMAN_OBSERVATION
50.397487,-4.766883,2016,4,United Kingdom of Great Britain and Northern Ireland,HUMAN_OBSERVATION
50.397487,-4.766883,2016,10,United Kingdom of Great Britain and Northern Ireland,HUMAN_OBSERVATION
50.40029,5.03458,2019,8,Belgium,HUMAN_OBSERVATION
50.40481,5.95262,2021,5,Belgium,HUMAN_OBSERVATION
50.407427,4.529849,2024,6,Belgium,HUMAN_OBSERVATION
50.409044,-4.083505,2016,4,United Kingdom of Great Britain and Northern Ireland,HUMAN_OBSERVATION
50.409044,-4.083505,2016,10,United Kingdom of Great Britain and Northern Ireland,HUMAN_OBSERVATION
50.412744,18.105891,2025,2,Poland,HUMAN_OBSERVATION
50.413388,-4.328618,2016,4,United Kingdom of Great Britain and Northern Ireland,HUMAN_OBSERVATION
50.413388,-4.328618,2016,10,United Kingdom of Great Britain and Northern Ireland,HUMAN_OBSERVATION
50.415593,-4.980517,2016,3,United Kingdom of Great Britain and Northern Ireland,HUMAN_OBSERVATION
50.415593,-4.980517,2016,10,United Kingdom of Great Britain and Northern Ireland,HUMAN_OBSERVATION
50.421444,-4.6655,2016,4,United Kingdom of Great Britain and Northern Ireland,HUMAN_OBSERVATION
50.421444,-4.6655,2016,11,United Kingdom of Great Britain and Northern Ireland,HUMAN_OBSERVATION
50.422522,-4.033414,2016,5,United Kingdom of Great Britain and Northern Ireland,HUMAN_OBSERVATION
50.422522,-4.033414,2016,11,United Kingdom of Great Britain and Northern Ireland,HUMAN_OBSERVATION
50.425636,6.669838,2024,8,Germany,HUMAN_OBSERVATION
50.43585,4.8739,2024,3,Belgium,HUMAN_OBSERVATION
50.43686,5.53841,2023,3,Belgium,HUMAN_OBSERVATION
50.43686,5.53841,2023,3,Belgium,HUMAN_OBSERVATION
50.44166,1.95258,2016,9,France,HUMAN_OBSERVATION
50.449421,-4.661438,2016,5,United Kingdom of Great Britain and Northern Ireland,HUMAN_OBSERVATION
50.449421,-4.661438,2016,11,United Kingdom of Great Britain and Northern Ireland,HUMAN_OBSERVATION
50.45518,-4.068626,2016,10,United Kingdom of Great Britain and Northern Ireland,HUMAN_OBSERVATION
50.45949,1.97798,2016,8,France,HUMAN_OBSERVATION
50.460049,-3.713787,2016,9,United Kingdom of Great Britain and Northern Ireland,HUMAN_OBSERVATION
50.46117,-3.539416,2024,9,United Kingdom of Great Britain and Northern Ireland,HUMAN_OBSERVATION
50.46274,4.88182,2024,10,Belgium,HUMAN_OBSERVATION
50.464961,-4.445294,2016,9,United Kingdom of Great Britain and Northern Ireland,HUMAN_OBSERVATION
50.471206,-4.077781,2016,4,United Kingdom of Great Britain and Northern Ireland,HUMAN_OBSERVATION
50.471206,-4.077781,2016,10,United Kingdom of Great Britain and Northern Ireland,HUMAN_OBSERVATION
50.472431,-3.787517,2016,3,United Kingdom of Great Britain and Northern Ireland,HUMAN_OBSERVATION
50.47588,5.73491,2021,4,Belgium,HUMAN_OBSERVATION
50.48147,5.70073,2020,7,Belgium,HUMAN_OBSERVATION
50.48147,5.70073,2020,7,Belgium,HUMAN_OBSERVATION
50.483171,-4.560422,2016,4,United Kingdom of Great Britain and Northern Ireland,HUMAN_OBSERVATION
50.483171,-4.560422,2016,10,United Kingdom of Great Britain and Northern Ireland,HUMAN_OBSERVATION
50.483839,-4.075516,2016,5,United Kingdom of Great Britain and Northern Ireland,HUMAN_OBSERVATION
50.486172,-3.77112,2016,3,United Kingdom of Great Britain and Northern Ireland,HUMAN_OBSERVATION
50.486172,-3.77112,2016,9,United Kingdom of Great Britain and Northern Ireland,HUMAN_OBSERVATION
50.492501,-4.043467,2016,5,United Kingdom of Great Britain and Northern Ireland,HUMAN_OBSERVATION
50.492501,-4.043467,2016,10,United Kingdom of Great Britain and Northern Ireland,HUMAN_OBSERVATION
50.493335,-4.242309,2016,4,United Kingdom of Great Britain and Northern Ireland,HUMAN_OBSERVATION
50.493503,-4.498939,2016,4,United Kingdom of Great Britain and Northern Ireland,HUMAN_OBSERVATION
50.493503,-4.498939,2016,9,United Kingdom of Great Britain and Northern Ireland,HUMAN_OBSERVATION
50.4937,2.28843,2016,6,France,HUMAN_OBSERVATION
50.506053,-4.327533,2016,5,United Kingdom of Great Britain and Northern Ireland,HUMAN_OBSERVATION
50.506838,-4.333214,2016,5,United Kingdom of Great Britain and Northern Ireland,HUMAN_OBSERVATION
50.509422,-4.934233,2016,5,United Kingdom of Great Britain and Northern Ireland,HUMAN_OBSERVATION
50.509422,-4.934233,2016,9,United Kingdom of Great Britain and Northern Ireland,HUMAN_OBSERVATION
50.510333,-3.592903,2016,3,United Kingdom of Great Britain and Northern Ireland,HUMAN_OBSERVATION
50.510333,-3.592903,2016,9,United Kingdom of Great Britain and Northern Ireland,HUMAN_OBSERVATION
50.510433,-4.333391,2016,5,United Kingdom of Great Britain and Northern Ireland,HUMAN_OBSERVATION
50.512013,-4.388481,2016,5,United Kingdom of Great Britain and Northern Ireland,HUMAN_OBSERVATION
50.512013,-4.388481,2016,10,United Kingdom of Great Britain and Northern Ireland,HUMAN_OBSERVATION
50.51792,-4.130617,2016,4,United Kingdom of Great Britain and Northern Ireland,HUMAN_OBSERVATION
50.51792,-4.130617,2016,9,United Kingdom of Great Britain and Northern Ireland,HUMAN_OBSERVATION
50.536607,4.70533,2024,4,Belgium,HUMAN_OBSERVATION
50.538458,4.267974,2017,2,Belgium,HUMAN_OBSERVATION
50.5477,5.13359,2022,9,Belgium,HUMAN_OBSERVATION
50.550635,4.28381,2016,11,Belgium,HUMAN_OBSERVATION
50.55701,2.14429,2016,8,France,HUMAN_OBSERVATION
50.57281,-3.627491,2016,3,United Kingdom of Great Britain and Northern Ireland,HUMAN_OBSERVATION
50.57281,-3.627491,2016,9,United Kingdom of Great Britain and Northern Ireland,HUMAN_OBSERVATION
50.575402,4.253619,2016,11,Belgium,HUMAN_OBSERVATION
50.579346,-4.889841,2016,7,United Kingdom of Great Britain and Northern Ireland,HUMAN_OBSERVATION
50.579346,-4.889841,2016,7,United Kingdom of Great Britain and Northern Ireland,HUMAN_OBSERVATION
50.5849,3.88813,2024,10,Belgium,HUMAN_OBSERVATION
50.592419,4.252825,2016,10,Belgium,HUMAN_OBSERVATION
50.60021,5.59967,2024,8,Belgium,HUMAN_OBSERVATION
50.60039,4.4448,2022,7,Belgium,HUMAN_OBSERVATION
50.60047,5.59989,2024,8,Belgium,HUMAN_OBSERVATION
50.601245,4.230981,2017,2,Belgium,HUMAN_OBSERVATION
50.60511,4.44077,2022,7,Belgium,HUMAN_OBSERVATION
50.61841,-1.361743,2016,4,United Kingdom of Great Britain and Northern Ireland,HUMAN_OBSERVATION
50.61841,-1.361743,2016,11,United Kingdom of Great Britain and Northern Ireland,HUMAN_OBSERVATION
50.62286,2.52547,2016,8,France,HUMAN_OBSERVATION
50.630875,-2.475722,2016,3,United Kingdom of Great Britain and Northern Ireland,HUMAN_OBSERVATION
50.630875,-2.475722,2016,9,United Kingdom of Great Britain and Northern Ireland,HUMAN_OBSERVATION
50.63186,3.047,2022,5,France,HUMAN_OBSERVATION
50.63186,3.047,2022,5,France,HUMAN_OBSERVATION
50.63186,3.047,2022,8,France,HUMAN_OBSERVATION
50.636893,-1.292203,2016,4,United Kingdom of Great Britain and Northern Ireland,HUMAN_OBSERVATION
50.636893,-1.292203,2016,10,United Kingdom of Great Britain and Northern Ireland,HUMAN_OBSERVATION
50.64299,1.6141,2020,5,France,HUMAN_OBSERVATION
50.644725,-4.576271,2016,8,United Kingdom of Great Britain and Northern Ireland,HUMAN_OBSERVATION
50.647446,-1.253855,2016,4,United Kingdom of Great Britain and Northern Ireland,HUMAN_OBSERVATION
50.647446,-1.253855,2016,11,United Kingdom of Great Britain and Northern Ireland,HUMAN_OBSERVATION
50.64972,1.63911,2020,5,France,HUMAN_OBSERVATION
50.64972,1.63911,2020,5,France,HUMAN_OBSERVATION
50.650669,-4.592159,2016,8,United Kingdom of Great Britain and Northern Ireland,HUMAN_OBSERVATION
50.653175,-4.600786,2016,8,United Kingdom of Great Britain and Northern Ireland,HUMAN_OBSERVATION
50.656965,-2.473156,2016,3,United Kingdom of Great Britain and Northern Ireland,HUMAN_OBSERVATION
50.656965,-2.473156,2016,9,United Kingdom of Great Britain and Northern Ireland,HUMAN_OBSERVATION
50.659625,-3.303663,2016,3,United Kingdom of Great Britain and Northern Ireland,HUMAN_OBSERVATION
50.659625,-3.303663,2016,9,United Kingdom of Great Britain and Northern Ireland,HUMAN_OBSERVATION
50.659659,-2.123738,2016,5,United Kingdom of Great Britain and Northern Ireland,HUMAN_OBSERVATION
50.66498,1.6022,2016,6,France,HUMAN_OBSERVATION
50.665301,-1.233763,2016,4,United Kingdom of Great Britain and Northern Ireland,HUMAN_OBSERVATION
50.665958,-2.11951,2016,5,United Kingdom of Great Britain and Northern Ireland,HUMAN_OBSERVATION
50.66956,-2.115274,2016,5,United Kingdom of Great Britain and Northern Ireland,HUMAN_OBSERVATION
50.670354,5.594412,2023,7,Belgium,HUMAN_OBSERVATION
50.676291,6.662925,2024,11,Germany,HUMAN_OBSERVATION
50.681887,-2.185736,2019,4,United Kingdom of Great Britain and Northern Ireland,HUMAN_OBSERVATION
50.688437,-2.122399,2016,4,United Kingdom of Great Britain and Northern Ireland,HUMAN_OBSERVATION
50.688437,-2.122399,2016,9,United Kingdom of Great Britain and Northern Ireland,HUMAN_OBSERVATION
50.689419,-3.293163,2016,4,United Kingdom of Great Britain and Northern Ireland,HUMAN_OBSERVATION
50.689419,-3.293163,2016,9,United Kingdom of Great Britain and Northern Ireland,HUMAN_OBSERVATION
50.689502,-4.237493,2016,4,United Kingdom of Great Britain and Northern Ireland,HUMAN_OBSERVATION
50.689929,-1.288574,2016,10,United Kingdom of Great Britain and Northern Ireland,HUMAN_OBSERVATION
50.69029,-1.097206,2020,10,United Kingdom of Great Britain and Northern Ireland,MATERIAL_SAMPLE
50.69029,-1.097206,2020,10,United Kingdom of Great Britain and Northern Ireland,MATERIAL_SAMPLE
50.69633,5.99433,2024,4,Belgium,HUMAN_OBSERVATION
50.69666,4.81888,2019,1,Belgium,HUMAN_OBSERVATION
50.698108,-1.302609,2016,4,United Kingdom of Great Britain and Northern Ireland,HUMAN_OBSERVATION
50.698108,-1.302609,2016,10,United Kingdom of Great Britain and Northern Ireland,HUMAN_OBSERVATION
50.698728,-4.079327,2016,5,United Kingdom of Great Britain and Northern Ireland,HUMAN_OBSERVATION
50.700142,-2.108269,2016,3,United Kingdom of Great Britain and Northern Ireland,HUMAN_OBSERVATION
50.700802,-4.06384,2016,5,United Kingdom of Great Britain and Northern Ireland,HUMAN_OBSERVATION
50.7017,-4.06388,2016,5,United Kingdom of Great Britain and Northern Ireland,HUMAN_OBSERVATION
50.701725,-4.062465,2016,5,United Kingdom of Great Britain and Northern Ireland,HUMAN_OBSERVATION
50.702599,-4.063919,2016,5,United Kingdom of Great Britain and Northern Ireland,HUMAN_OBSERVATION
50.703506,-3.539962,2016,3,United Kingdom of Great Britain and Northern Ireland,HUMAN_OBSERVATION
50.703506,-3.539962,2016,9,United Kingdom of Great Britain and Northern Ireland,HUMAN_OBSERVATION
50.705633,-1.21328,2016,4,United Kingdom of Great Britain and Northern Ireland,HUMAN_OBSERVATION
50.708322,-2.640788,2016,4,United Kingdom of Great Britain and Northern Ireland,HUMAN_OBSERVATION
50.708322,-2.640788,2016,9,United Kingdom of Great Britain and Northern Ireland,HUMAN_OBSERVATION
50.7184,-4.034863,2016,4,United Kingdom of Great Britain and Northern Ireland,HUMAN_OBSERVATION
50.7184,-4.034863,2016,4,United Kingdom of Great Britain and Northern Ireland,HUMAN_OBSERVATION
50.7184,-4.034863,2016,4,United Kingdom of Great Britain and Northern Ireland,HUMAN_OBSERVATION
50.7184,-4.034863,2016,4,United Kingdom of Great Britain and Northern Ireland,HUMAN_OBSERVATION
50.71902,5.63221,2021,9,Belgium,HUMAN_OBSERVATION
50.719507,-1.878152,2023,8,United Kingdom of Great Britain and Northern Ireland,HUMAN_OBSERVATION
50.721718,-1.884493,2016,3,United Kingdom of Great Britain and Northern Ireland,HUMAN_OBSERVATION
50.728653,-3.059039,2016,11,United Kingdom of Great Britain and Northern Ireland,HUMAN_OBSERVATION
50.729833,-1.909977,2016,3,United Kingdom of Great Britain and Northern Ireland,HUMAN_OBSERVATION
50.729833,-1.909977,2016,11,United Kingdom of Great Britain and Northern Ireland,HUMAN_OBSERVATION
50.731497,-4.005672,2016,9,United Kingdom of Great Britain and Northern Ireland,HUMAN_OBSERVATION
50.738607,-2.242986,2016,3,United Kingdom of Great Britain and Northern Ireland,HUMAN_OBSERVATION
50.738607,-2.242986,2016,10,United Kingdom of Great Britain and Northern Ireland,HUMAN_OBSERVATION
50.739677,-4.633927,2016,4,United Kingdom of Great Britain and Northern Ireland,HUMAN_OBSERVATION
50.739677,-4.633927,2016,10,United Kingdom of Great Britain and Northern Ireland,HUMAN_OBSERVATION
50.73995,3.57422,2021,1,Belgium,HUMAN_OBSERVATION
50.740607,-4.632561,2016,4,United Kingdom of Great Britain and Northern Ireland,HUMAN_OBSERVATION
50.740607,-4.632561,2016,10,United Kingdom of Great Britain and Northern Ireland,HUMAN_OBSERVATION
50.743327,-1.91562,2016,3,United Kingdom of Great Britain and Northern Ireland,HUMAN_OBSERVATION
50.743327,-1.91562,2016,11,United Kingdom of Great Britain and Northern Ireland,HUMAN_OBSERVATION
50.747826,6.831843,2021,5,Germany,HUMAN_OBSERVATION
50.75,5.65,2025,3,Netherlands,HUMAN_OBSERVATION
50.75,5.65,2019,8,Netherlands,HUMAN_OBSERVATION
50.75,5.85,2020,5,Netherlands,HUMAN_OBSERVATION
50.75,5.85,2019,7,Netherlands,HUMAN_OBSERVATION
50.751237,-1.77669,2016,5,United Kingdom of Great Britain and Northern Ireland,HUMAN_OBSERVATION
50.75233,5.26502,2020,8,Belgium,HUMAN_OBSERVATION
50.754821,-3.535974,2016,9,United Kingdom of Great Britain and Northern Ireland,HUMAN_OBSERVATION
50.754868,-3.044037,2016,4,United Kingdom of Great Britain and Northern Ireland,HUMAN_OBSERVATION
50.75802,5.26477,2021,5,Belgium,HUMAN_OBSERVATION
50.75934,4.40619,2021,1,Belgium,HUMAN_OBSERVATION
50.759538,-1.658196,2016,9,United Kingdom of Great Britain and Northern Ireland,HUMAN_OBSERVATION
50.759538,-1.658196,2016,9,United Kingdom of Great Britain and Northern Ireland,HUMAN_OBSERVATION
50.759941,-1.657555,2016,9,United Kingdom of Great Britain and Northern Ireland,HUMAN_OBSERVATION
50.759978,-1.670315,2022,1,United Kingdom of Great Britain and Northern Ireland,HUMAN_OBSERVATION
50.759978,-1.670315,2021,10,United Kingdom of Great Britain and Northern Ireland,HUMAN_OBSERVATION
50.76176,3.86694,2022,9,Belgium,HUMAN_OBSERVATION
50.76179,3.8669,2019,7,Belgium,HUMAN_OBSERVATION
50.76198,3.77123,2021,9,Belgium,HUMAN_OBSERVATION
50.762863,2.366036,2017,3,France,HUMAN_OBSERVATION
50.763313,-1.588054,2016,4,United Kingdom of Great Britain and Northern Ireland,HUMAN_OBSERVATION
50.763313,-1.588054,2016,9,United Kingdom of Great Britain and Northern Ireland,HUMAN_OBSERVATION
50.76436,2.99778,2018,9,Belgium,HUMAN_OBSERVATION
50.772564,-3.745042,2016,4,United Kingdom of Great Britain and Northern Ireland,HUMAN_OBSERVATION
50.772564,-3.745042,2016,10,United Kingdom of Great Britain and Northern Ireland,HUMAN_OBSERVATION
50.772751,-0.764073,2021,8,United Kingdom of Great Britain and Northern Ireland,HUMAN_OBSERVATION
50.772777,-0.764001,2021,8,United Kingdom of Great Britain and Northern Ireland,HUMAN_OBSERVATION
50.772827,-0.764071,2019,9,United Kingdom of Great Britain and Northern Ireland,HUMAN_OBSERVATION
50.77313,3.0377,2018,10,Belgium,HUMAN_OBSERVATION
50.773693,-1.484435,2016,9,United Kingdom of Great Britain and Northern Ireland,HUMAN_OBSERVATION
50.7737,3.71812,2021,9,Belgium,HUMAN_OBSERVATION
50.77395,4.85408,2020,5,Belgium,HUMAN_OBSERVATION
50.77398,3.0377,2018,10,Belgium,HUMAN_OBSERVATION
50.77398,3.03799,2018,9,Belgium,HUMAN_OBSERVATION
50.77398,3.03802,2018,9,Belgium,HUMAN_OBSERVATION
50.77399,4.85409,2017,9,Belgium,HUMAN_OBSERVATION
50.77634,3.72409,2019,12,Belgium,HUMAN_OBSERVATION
50.778087,-1.461693,2016,4,United Kingdom of Great Britain and Northern Ireland,HUMAN_OBSERVATION
50.778087,-1.461693,2016,9,United Kingdom of Great Britain and Northern Ireland,HUMAN_OBSERVATION
50.7788,5.33875,2021,5,Belgium,HUMAN_OBSERVATION
50.78,7.31,2014,6,Germany,MATERIAL_SAMPLE
50.78,7.31,2014,6,Germany,MATERIAL_SAMPLE
50.78,7.31,2014,6,Germany,MATERIAL_SAMPLE
50.78,7.31,2014,6,Germany,MATERIAL_SAMPLE
50.78,7.31,2014,6,Germany,MATERIAL_SAMPLE
50.78,7.31,2014,6,Germany,MATERIAL_SAMPLE
50.78,7.31,2014,6,Germany,MATERIAL_SAMPLE
50.78,7.31,2014,6,Germany,MATERIAL_SAMPLE
50.78,7.31,2014,6,Germany,MATERIAL_SAMPLE
50.78,7.31,2014,6,Germany,MATERIAL_SAMPLE
50.78,7.31,2014,6,Germany,MATERIAL_SAMPLE
50.78,7.31,2014,6,Germany,MATERIAL_SAMPLE
50.78,7.31,2014,6,Germany,MATERIAL_SAMPLE
50.78065,4.55659,2019,9,Belgium,HUMAN_OBSERVATION
50.783063,-3.988017,2016,3,United Kingdom of Great Britain and Northern Ireland,HUMAN_OBSERVATION
50.783063,-3.988017,2016,9,United Kingdom of Great Britain and Northern Ireland,HUMAN_OBSERVATION
50.78388,4.82971,2024,7,Belgium,HUMAN_OBSERVATION
50.78437,3.75793,2019,5,Belgium,HUMAN_OBSERVATION
50.78437,3.75793,2019,5,Belgium,HUMAN_OBSERVATION
50.78437,3.75793,2019,5,Belgium,HUMAN_OBSERVATION
50.78536,4.83586,2024,4,Belgium,HUMAN_OBSERVATION
50.79001,4.6702,2024,12,Belgium,HUMAN_OBSERVATION
50.790518,-0.659963,2016,11,United Kingdom of Great Britain and Northern Ireland,HUMAN_OBSERVATION
50.79396,4.6539,2025,2,Belgium,HUMAN_OBSERVATION
50.796617,6.769308,2021,5,Germany,HUMAN_OBSERVATION
50.797273,-3.998554,2016,3,United Kingdom of Great Britain and Northern Ireland,HUMAN_OBSERVATION
50.797273,-3.998554,2016,9,United Kingdom of Great Britain and Northern Ireland,HUMAN_OBSERVATION
50.798396,-3.638155,2016,4,United Kingdom of Great Britain and Northern Ireland,HUMAN_OBSERVATION
50.798396,-3.638155,2016,9,United Kingdom of Great Britain and Northern Ireland,HUMAN_OBSERVATION
50.8,5.65,2023,12,Netherlands,HUMAN_OBSERVATION
50.8,5.65,2023,12,Netherlands,HUMAN_OBSERVATION
50.8,5.65,2023,12,Netherlands,HUMAN_OBSERVATION
50.8,5.65,2023,12,Netherlands,HUMAN_OBSERVATION
50.8,5.7,2022,7,Netherlands,HUMAN_OBSERVATION
50.8,5.7,2021,9,Netherlands,HUMAN_OBSERVATION
50.8,5.85,2022,8,Netherlands,HUMAN_OBSERVATION
50.8,5.9,2025,3,Netherlands,HUMAN_OBSERVATION
50.8,5.9,2025,3,Netherlands,HUMAN_OBSERVATION
50.8,5.9,2024,3,Netherlands,HUMAN_OBSERVATION
50.8,5.9,2023,10,Netherlands,HUMAN_OBSERVATION
50.8,5.9,2023,12,Netherlands,HUMAN_OBSERVATION
50.8,5.9,2022,4,Netherlands,HUMAN_OBSERVATION
50.8,5.9,2022,5,Netherlands,HUMAN_OBSERVATION
50.8,5.95,2023,7,Netherlands,HUMAN_OBSERVATION
50.80017,5.399,2021,5,Belgium,HUMAN_OBSERVATION
50.803697,-3.512031,2016,4,United Kingdom of Great Britain and Northern Ireland,HUMAN_OBSERVATION
50.803697,-3.512031,2016,9,United Kingdom of Great Britain and Northern Ireland,HUMAN_OBSERVATION
50.806827,-4.119609,2016,8,United Kingdom of Great Britain and Northern Ireland,HUMAN_OBSERVATION
50.80935,4.06467,2023,3,Belgium,HUMAN_OBSERVATION
50.81073,4.05888,2023,5,Belgium,HUMAN_OBSERVATION
50.81271,5.03466,2022,5,Belgium,HUMAN_OBSERVATION
50.8132,3.77967,2024,4,Belgium,HUMAN_OBSERVATION
50.813255,-4.010593,2016,9,United Kingdom of Great Britain and Northern Ireland,HUMAN_OBSERVATION
50.81529,4.64697,2023,4,Belgium,HUMAN_OBSERVATION
50.81533,4.64693,2023,4,Belgium,HUMAN_OBSERVATION
50.81562,4.64723,2023,4,Belgium,HUMAN_OBSERVATION
50.81573,4.0548,2024,10,Belgium,HUMAN_OBSERVATION
50.81584,4.05487,2024,10,Belgium,HUMAN_OBSERVATION
50.81589,4.05486,2024,10,Belgium,HUMAN_OBSERVATION
50.8159,4.0548,2024,10,Belgium,HUMAN_OBSERVATION
50.81604,4.05484,2024,10,Belgium,HUMAN_OBSERVATION
50.81704,-1.885678,2016,3,United Kingdom of Great Britain and Northern Ireland,HUMAN_OBSERVATION
50.81704,-1.885678,2016,10,United Kingdom of Great Britain and Northern Ireland,HUMAN_OBSERVATION
50.81956,4.60673,2018,4,Belgium,HUMAN_OBSERVATION
50.819744,-1.89135,2016,10,United Kingdom of Great Britain and Northern Ireland,HUMAN_OBSERVATION
50.81996,5.39934,2021,5,Belgium,HUMAN_OBSERVATION
50.82065,-1.899866,2016,3,United Kingdom of Great Britain and Northern Ireland,HUMAN_OBSERVATION
50.82065,-1.899866,2016,10,United Kingdom of Great Britain and Northern Ireland,HUMAN_OBSERVATION
50.8208,5.5157,2016,10,Belgium,HUMAN_OBSERVATION
50.821552,-1.902703,2016,3,United Kingdom of Great Britain and Northern Ireland,HUMAN_OBSERVATION
50.821552,-1.902703,2016,10,United Kingdom of Great Britain and Northern Ireland,HUMAN_OBSERVATION
50.82178,4.89729,2024,6,Belgium,HUMAN_OBSERVATION
50.82227,4.65668,2023,12,Belgium,HUMAN_OBSERVATION
50.82233,4.66289,2023,4,Belgium,HUMAN_OBSERVATION
50.82252,4.66163,2018,4,Belgium,HUMAN_OBSERVATION
50.8231,4.6408,2023,4,Belgium,HUMAN_OBSERVATION
50.82322,4.64134,2023,4,Belgium,HUMAN_OBSERVATION
50.828002,-1.571868,2016,4,United Kingdom of Great Britain and Northern Ireland,HUMAN_OBSERVATION
50.82947,4.75768,2024,12,Belgium,HUMAN_OBSERVATION
50.82963,4.75768,2024,12,Belgium,HUMAN_OBSERVATION
50.83531,3.77078,2021,2,Belgium,HUMAN_OBSERVATION
50.835353,-4.032846,2016,4,United Kingdom of Great Britain and Northern Ireland,HUMAN_OBSERVATION
50.835353,-4.032846,2016,9,United Kingdom of Great Britain and Northern Ireland,HUMAN_OBSERVATION
50.837127,-0.92974,2020,9,United Kingdom of Great Britain and Northern Ireland,HUMAN_OBSERVATION
50.837377,-0.931552,2020,9,United Kingdom of Great Britain and Northern Ireland,HUMAN_OBSERVATION
50.837384,-0.931297,2019,9,United Kingdom of Great Britain and Northern Ireland,HUMAN_OBSERVATION
50.837549,-0.932656,2020,9,United Kingdom of Great Britain and Northern Ireland,HUMAN_OBSERVATION
50.83908,3.31799,2022,5,Belgium,HUMAN_OBSERVATION
50.83917,3.31759,2024,2,Belgium,HUMAN_OBSERVATION
50.8392,3.3175,2022,5,Belgium,HUMAN_OBSERVATION
50.8392,3.3177,2022,5,Belgium,HUMAN_OBSERVATION
50.83928,3.31777,2022,8,Belgium,HUMAN_OBSERVATION
50.84056,3.31969,2022,5,Belgium,HUMAN_OBSERVATION
50.842944,-0.605909,2016,7,United Kingdom of Great Britain and Northern Ireland,HUMAN_OBSERVATION
50.84557,4.7588,2024,12,Belgium,HUMAN_OBSERVATION
50.84557,4.75888,2024,12,Belgium,HUMAN_OBSERVATION
50.84561,4.7589,2024,12,Belgium,HUMAN_OBSERVATION
50.84563,4.75895,2024,12,Belgium,HUMAN_OBSERVATION
50.84566,4.75886,2024,12,Belgium,HUMAN_OBSERVATION
50.847472,-2.682466,2016,5,United Kingdom of Great Britain and Northern Ireland,HUMAN_OBSERVATION
50.848873,-1.252068,2016,4,United Kingdom of Great Britain and Northern Ireland,HUMAN_OBSERVATION
50.85,5.65,2022,8,Netherlands,HUMAN_OBSERVATION
50.85,5.65,2022,8,Netherlands,HUMAN_OBSERVATION
50.85,5.65,2017,10,Netherlands,HUMAN_OBSERVATION
50.85,5.75,2024,10,Netherlands,HUMAN_OBSERVATION
50.85,5.75,2021,8,Netherlands,HUMAN_OBSERVATION
50.85,5.85,2019,8,Netherlands,HUMAN_OBSERVATION
50.85,6.05,2020,5,Netherlands,HUMAN_OBSERVATION
50.85341,5.21597,2021,11,Belgium,HUMAN_OBSERVATION
50.85371,4.27472,2019,10,Belgium,HUMAN_OBSERVATION
50.8546,4.2522,2021,6,Belgium,HUMAN_OBSERVATION
50.8557,4.25239,2021,6,Belgium,HUMAN_OBSERVATION
50.856918,-4.084936,2017,6,United Kingdom of Great Britain and Northern Ireland,HUMAN_OBSERVATION
50.857009,6.054398,2020,9,Germany,HUMAN_OBSERVATION
50.857633,-3.513776,2016,8,United Kingdom of Great Britain and Northern Ireland,HUMAN_OBSERVATION
50.85947,4.27999,2024,2,Belgium,HUMAN_OBSERVATION
50.86072,4.2483,2021,6,Belgium,HUMAN_OBSERVATION
50.86271,4.72331,2020,7,Belgium,HUMAN_OBSERVATION
50.868418,-3.828207,2016,4,United Kingdom of Great Britain and Northern Ireland,HUMAN_OBSERVATION
50.868418,-3.828207,2016,9,United Kingdom of Great Britain and Northern Ireland,HUMAN_OBSERVATION
50.87013,-2.651532,2016,5,United Kingdom of Great Britain and Northern Ireland,HUMAN_OBSERVATION
50.874811,0.56417,2022,12,United Kingdom of Great Britain and Northern Ireland,HUMAN_OBSERVATION
50.874915,-1.11805,2016,4,United Kingdom of Great Britain and Northern Ireland,HUMAN_OBSERVATION
50.874915,-1.11805,2016,9,United Kingdom of Great Britain and Northern Ireland,HUMAN_OBSERVATION
50.876376,0.562856,2022,12,United Kingdom of Great Britain and Northern Ireland,HUMAN_OBSERVATION
50.876579,0.461202,2016,4,United Kingdom of Great Britain and Northern Ireland,HUMAN_OBSERVATION
50.876579,0.461202,2016,10,United Kingdom of Great Britain and Northern Ireland,HUMAN_OBSERVATION
50.87756,0.499638,2016,4,United Kingdom of Great Britain and Northern Ireland,HUMAN_OBSERVATION
50.87756,0.499638,2016,11,United Kingdom of Great Britain and Northern Ireland,HUMAN_OBSERVATION
50.880079,-4.097343,2016,4,United Kingdom of Great Britain and Northern Ireland,HUMAN_OBSERVATION
50.880079,-4.097343,2016,9,United Kingdom of Great Britain and Northern Ireland,HUMAN_OBSERVATION
50.88083,4.30821,2023,5,Belgium,HUMAN_OBSERVATION
50.882724,-4.100305,2016,4,United Kingdom of Great Britain and Northern Ireland,HUMAN_OBSERVATION
50.882724,-4.100305,2016,9,United Kingdom of Great Britain and Northern Ireland,HUMAN_OBSERVATION
50.886049,6.079425,2022,7,Germany,HUMAN_OBSERVATION
50.887195,0.247059,2016,4,United Kingdom of Great Britain and Northern Ireland,HUMAN_OBSERVATION
50.887195,0.247059,2016,10,United Kingdom of Great Britain and Northern Ireland,HUMAN_OBSERVATION
50.890168,-4.086421,2016,5,United Kingdom of Great Britain and Northern Ireland,HUMAN_OBSERVATION
50.894789,0.575934,2016,7,United Kingdom of Great Britain and Northern Ireland,HUMAN_OBSERVATION
50.894789,0.575934,2016,7,United Kingdom of Great Britain and Northern Ireland,HUMAN_OBSERVATION
50.89482,0.574514,2016,7,United Kingdom of Great Britain and Northern Ireland,HUMAN_OBSERVATION
50.896285,7.101239,2024,7,Germany,HUMAN_OBSERVATION
50.897358,0.581765,2016,7,United Kingdom of Great Britain and Northern Ireland,HUMAN_OBSERVATION
50.899257,-4.130915,2016,5,United Kingdom of Great Britain and Northern Ireland,HUMAN_OBSERVATION
50.9,5.75,2019,2,Netherlands,HUMAN_OBSERVATION
50.900115,0.032924,2016,3,United Kingdom of Great Britain and Northern Ireland,HUMAN_OBSERVATION
50.900632,-2.481311,2016,5,United Kingdom of Great Britain and Northern Ireland,HUMAN_OBSERVATION
50.903502,-2.63351,2016,5,United Kingdom of Great Britain and Northern Ireland,HUMAN_OBSERVATION
50.903502,-2.63351,2016,9,United Kingdom of Great Britain and Northern Ireland,HUMAN_OBSERVATION
50.90397,3.13283,2024,6,Belgium,HUMAN_OBSERVATION
50.904355,6.909251,2021,5,Germany,HUMAN_OBSERVATION
50.90558,3.18804,2024,6,Belgium,HUMAN_OBSERVATION
50.906799,0.010457,2021,10,United Kingdom of Great Britain and Northern Ireland,HUMAN_OBSERVATION
50.907966,-0.00514,2021,10,United Kingdom of Great Britain and Northern Ireland,HUMAN_OBSERVATION
50.910056,-2.583817,2016,4,United Kingdom of Great Britain and Northern Ireland,HUMAN_OBSERVATION
50.910056,-2.583817,2016,9,United Kingdom of Great Britain and Northern Ireland,HUMAN_OBSERVATION
50.911581,0.288066,2016,11,United Kingdom of Great Britain and Northern Ireland,HUMAN_OBSERVATION
50.91267,4.57624,2018,12,Belgium,HUMAN_OBSERVATION
50.913819,0.071932,2016,2,United Kingdom of Great Britain and Northern Ireland,HUMAN_OBSERVATION
50.915673,-0.062471,2019,8,United Kingdom of Great Britain and Northern Ireland,HUMAN_OBSERVATION
50.91696,1.88656,2016,2,France,HUMAN_OBSERVATION
50.91696,1.88656,2016,2,France,HUMAN_OBSERVATION
50.917013,-0.061661,2016,10,United Kingdom of Great Britain and Northern Ireland,HUMAN_OBSERVATION
50.917499,-0.147004,2016,7,United Kingdom of Great Britain and Northern Ireland,HUMAN_OBSERVATION
50.91809,3.13693,2021,6,Belgium,HUMAN_OBSERVATION
50.919247,0.608589,2016,4,United Kingdom of Great Britain and Northern Ireland,HUMAN_OBSERVATION
50.919247,0.608589,2016,10,United Kingdom of Great Britain and Northern Ireland,HUMAN_OBSERVATION
50.921157,-1.169816,2016,5,United Kingdom of Great Britain and Northern Ireland,HUMAN_OBSERVATION
50.921388,-0.054365,2016,1,United Kingdom of Great Britain and Northern Ireland,HUMAN_OBSERVATION
50.92183,-2.566892,2016,5,United Kingdom of Great Britain and Northern Ireland,HUMAN_OBSERVATION
50.92183,-2.566892,2016,9,United Kingdom of Great Britain and Northern Ireland,HUMAN_OBSERVATION
50.92254,4.04069,2023,8,Belgium,HUMAN_OBSERVATION
50.926219,-2.369171,2016,4,United Kingdom of Great Britain and Northern Ireland,HUMAN_OBSERVATION
50.926219,-2.369171,2016,9,United Kingdom of Great Britain and Northern Ireland,HUMAN_OBSERVATION
50.926282,-1.263633,2016,5,United Kingdom of Great Britain and Northern Ireland,HUMAN_OBSERVATION
50.926282,-1.263633,2016,9,United Kingdom of Great Britain and Northern Ireland,HUMAN_OBSERVATION
50.92666,5.41142,2020,2,Belgium,HUMAN_OBSERVATION
50.928971,0.02849,2016,4,United Kingdom of Great Britain and Northern Ireland,HUMAN_OBSERVATION
50.92979,4.552,2016,4,Belgium,HUMAN_OBSERVATION
50.93448,5.30941,2022,2,Belgium,HUMAN_OBSERVATION
50.9357,11.615067,2024,6,Germany,HUMAN_OBSERVATION
50.94179,3.2373,2025,4,Belgium,HUMAN_OBSERVATION
50.944999,0.037729,2016,8,United Kingdom of Great Britain and Northern Ireland,HUMAN_OBSERVATION
50.947245,-2.236956,2016,5,United Kingdom of Great Britain and Northern Ireland,HUMAN_OBSERVATION
50.951709,-0.528625,2016,5,United Kingdom of Great Britain and Northern Ireland,HUMAN_OBSERVATION
50.951709,-0.528625,2016,10,United Kingdom of Great Britain and Northern Ireland,HUMAN_OBSERVATION
50.95346,1.94983,2016,4,France,HUMAN_OBSERVATION
50.95346,1.94983,2016,4,France,HUMAN_OBSERVATION
50.956349,0.005475,2016,8,United Kingdom of Great Britain and Northern Ireland,HUMAN_OBSERVATION
50.95948,5.47191,2024,5,Belgium,HUMAN_OBSERVATION
50.959569,-2.343807,2016,11,United Kingdom of Great Britain and Northern Ireland,HUMAN_OBSERVATION
50.96126,4.72525,2019,8,Belgium,HUMAN_OBSERVATION
50.964749,-3.467982,2025,2,United Kingdom of Great Britain and Northern Ireland,HUMAN_OBSERVATION
50.967271,-0.224781,2016,9,United Kingdom of Great Britain and Northern Ireland,HUMAN_OBSERVATION
50.968974,0.105721,2016,8,United Kingdom of Great Britain and Northern Ireland,HUMAN_OBSERVATION
50.969037,6.130297,2021,5,Germany,HUMAN_OBSERVATION
50.97228,5.64502,2024,10,Belgium,HUMAN_OBSERVATION
50.972313,-4.168445,2016,4,United Kingdom of Great Britain and Northern Ireland,HUMAN_OBSERVATION
50.972313,-4.168445,2016,9,United Kingdom of Great Britain and Northern Ireland,HUMAN_OBSERVATION
50.973888,-3.494763,2016,9,United Kingdom of Great Britain and Northern Ireland,HUMAN_OBSERVATION
50.975042,-0.146139,2016,5,United Kingdom of Great Britain and Northern Ireland,HUMAN_OBSERVATION
50.975042,-0.146139,2016,11,United Kingdom of Great Britain and Northern Ireland,HUMAN_OBSERVATION
50.97661,3.79719,2024,5,Belgium,HUMAN_OBSERVATION
50.97763,3.79844,2024,5,Belgium,HUMAN_OBSERVATION
50.98184,3.51006,2022,11,Belgium,HUMAN_OBSERVATION
50.98185,2.0397,2022,9,France,HUMAN_OBSERVATION
50.98185,2.0397,2022,9,France,HUMAN_OBSERVATION
50.98185,2.0397,2022,9,France,HUMAN_OBSERVATION
50.98185,2.0397,2022,9,France,HUMAN_OBSERVATION
50.98185,2.0397,2022,9,France,HUMAN_OBSERVATION
50.98185,2.0397,2022,9,France,HUMAN_OBSERVATION
50.98199,3.5124,2022,11,Belgium,HUMAN_OBSERVATION
50.982433,-1.3297,2016,4,United Kingdom of Great Britain and Northern Ireland,HUMAN_OBSERVATION
50.98335,2.86789,2024,6,Belgium,HUMAN_OBSERVATION
50.983936,-4.52947,2017,1,United Kingdom of Great Britain and Northern Ireland,HUMAN_OBSERVATION
50.985105,-0.336656,2016,5,United Kingdom of Great Britain and Northern Ireland,HUMAN_OBSERVATION
50.990112,-0.822356,2016,5,United Kingdom of Great Britain and Northern Ireland,HUMAN_OBSERVATION
50.990112,-0.822356,2016,10,United Kingdom of Great Britain and Northern Ireland,HUMAN_OBSERVATION
50.9932,4.38598,2023,6,Belgium,HUMAN_OBSERVATION
50.995376,-0.809398,2016,5,United Kingdom of Great Britain and Northern Ireland,HUMAN_OBSERVATION
50.996014,-4.511598,2017,1,United Kingdom of Great Britain and Northern Ireland,HUMAN_OBSERVATION
50.997443,-0.00491,2019,9,United Kingdom of Great Britain and Northern Ireland,HUMAN_OBSERVATION
50.99763,4.38336,2020,7,Belgium,HUMAN_OBSERVATION
51.000575,-3.887557,2016,4,United Kingdom of Great Britain and Northern Ireland,HUMAN_OBSERVATION
51.000575,-3.887557,2016,9,United Kingdom of Great Britain and Northern Ireland,HUMAN_OBSERVATION
51.002762,-0.660985,2016,5,United Kingdom of Great Britain and Northern Ireland,HUMAN_OBSERVATION
51.00437,4.44903,2017,1,Belgium,HUMAN_OBSERVATION
51.006636,0.435294,2016,4,United Kingdom of Great Britain and Northern Ireland,HUMAN_OBSERVATION
51.006636,0.435294,2016,10,United Kingdom of Great Britain and Northern Ireland,HUMAN_OBSERVATION
51.006719,-1.330776,2016,5,United Kingdom of Great Britain and Northern Ireland,HUMAN_OBSERVATION
51.006719,-1.330776,2016,9,United Kingdom of Great Britain and Northern Ireland,HUMAN_OBSERVATION
51.008994,-0.146967,2025,1,United Kingdom of Great Britain and Northern Ireland,HUMAN_OBSERVATION
51.009961,0.448299,2016,3,United Kingdom of Great Britain and Northern Ireland,HUMAN_OBSERVATION
51.009961,0.448299,2016,10,United Kingdom of Great Britain and Northern Ireland,HUMAN_OBSERVATION
51.010243,0.391288,2016,4,United Kingdom of Great Britain and Northern Ireland,HUMAN_OBSERVATION
51.010243,0.391288,2016,10,United Kingdom of Great Britain and Northern Ireland,HUMAN_OBSERVATION
51.011865,0.399925,2016,4,United Kingdom of Great Britain and Northern Ireland,HUMAN_OBSERVATION
51.011865,0.399925,2016,10,United Kingdom of Great Britain and Northern Ireland,HUMAN_OBSERVATION
51.015514,-0.036171,2016,6,United Kingdom of Great Britain and Northern Ireland,HUMAN_OBSERVATION
51.0163,3.23036,2017,6,Belgium,HUMAN_OBSERVATION
51.0163,3.23036,2017,6,Belgium,HUMAN_OBSERVATION
51.0163,3.23036,2017,6,Belgium,HUMAN_OBSERVATION
51.019328,-3.132659,2016,4,United Kingdom of Great Britain and Northern Ireland,HUMAN_OBSERVATION
51.019328,-3.132659,2016,9,United Kingdom of Great Britain and Northern Ireland,HUMAN_OBSERVATION
51.01991,3.81652,2019,1,Belgium,HUMAN_OBSERVATION
51.0215,4.50996,2022,8,Belgium,HUMAN_OBSERVATION
51.02181,5.77256,2024,7,Belgium,HUMAN_OBSERVATION
51.0224,5.76753,2024,7,Belgium,HUMAN_OBSERVATION
51.02304,4.51201,2018,9,Belgium,HUMAN_OBSERVATION
51.023112,-3.014406,2016,5,United Kingdom of Great Britain and Northern Ireland,HUMAN_OBSERVATION
51.023112,-3.014406,2016,9,United Kingdom of Great Britain and Northern Ireland,HUMAN_OBSERVATION
51.02324,-4.186507,2016,4,United Kingdom of Great Britain and Northern Ireland,HUMAN_OBSERVATION
51.02324,-4.186507,2016,9,United Kingdom of Great Britain and Northern Ireland,HUMAN_OBSERVATION
51.02361,3.79044,2018,2,Belgium,HUMAN_OBSERVATION
51.02369,3.78734,2017,10,Belgium,HUMAN_OBSERVATION
51.02404,-3.825768,2016,4,United Kingdom of Great Britain and Northern Ireland,HUMAN_OBSERVATION
51.02404,-3.825768,2016,9,United Kingdom of Great Britain and Northern Ireland,HUMAN_OBSERVATION
51.02427,3.78725,2023,7,Belgium,HUMAN_OBSERVATION
51.02515,5.77289,2024,7,Belgium,HUMAN_OBSERVATION
51.02516,5.77284,2024,7,Belgium,HUMAN_OBSERVATION
51.02731,3.7892,2023,7,Belgium,HUMAN_OBSERVATION
51.02746,4.47586,2024,8,Belgium,HUMAN_OBSERVATION
51.031452,-3.811797,2016,4,United Kingdom of Great Britain and Northern Ireland,HUMAN_OBSERVATION
51.031452,-3.811797,2016,9,United Kingdom of Great Britain and Northern Ireland,HUMAN_OBSERVATION
51.033084,-4.040063,2016,10,United Kingdom of Great Britain and Northern Ireland,HUMAN_OBSERVATION
51.036105,-3.550964,2016,9,United Kingdom of Great Britain and Northern Ireland,HUMAN_OBSERVATION
51.03629,3.97972,2022,10,Belgium,HUMAN_OBSERVATION
51.036531,-0.11088,2016,5,United Kingdom of Great Britain and Northern Ireland,HUMAN_OBSERVATION
51.036531,-0.11088,2016,11,United Kingdom of Great Britain and Northern Ireland,HUMAN_OBSERVATION
51.03726,2.07536,2022,4,France,HUMAN_OBSERVATION
51.03726,2.07536,2022,4,France,HUMAN_OBSERVATION
51.037825,-2.976218,2016,4,United Kingdom of Great Britain and Northern Ireland,HUMAN_OBSERVATION
51.037825,-2.976218,2016,9,United Kingdom of Great Britain and Northern Ireland,HUMAN_OBSERVATION
51.03884,3.97725,2018,2,Belgium,HUMAN_OBSERVATION
51.04107,3.69034,2021,1,Belgium,HUMAN_OBSERVATION
51.041168,-0.893809,2016,5,United Kingdom of Great Britain and Northern Ireland,HUMAN_OBSERVATION
51.041168,-0.893809,2016,10,United Kingdom of Great Britain and Northern Ireland,HUMAN_OBSERVATION
51.04258,3.68382,2020,9,Belgium,HUMAN_OBSERVATION
51.0428,3.68056,2018,12,Belgium,HUMAN_OBSERVATION
51.04281,3.68594,2019,12,Belgium,HUMAN_OBSERVATION
51.04365,3.69093,2022,6,Belgium,HUMAN_OBSERVATION
51.045152,-2.843708,2016,5,United Kingdom of Great Britain and Northern Ireland,HUMAN_OBSERVATION
51.045152,-2.843708,2016,9,United Kingdom of Great Britain and Northern Ireland,HUMAN_OBSERVATION
51.047318,-4.240246,2019,8,United Kingdom of Great Britain and Northern Ireland,HUMAN_OBSERVATION
51.047558,-3.353045,2016,3,United Kingdom of Great Britain and Northern Ireland,HUMAN_OBSERVATION
51.047558,-3.353045,2016,11,United Kingdom of Great Britain and Northern Ireland,HUMAN_OBSERVATION
51.05156,3.80958,2017,9,Belgium,HUMAN_OBSERVATION
51.05156,3.80958,2017,9,Belgium,HUMAN_OBSERVATION
51.05173,3.61873,2019,2,Belgium,HUMAN_OBSERVATION
51.05173,3.61873,2019,2,Belgium,HUMAN_OBSERVATION
51.05279,3.80608,2018,9,Belgium,HUMAN_OBSERVATION
51.05334,3.80759,2017,10,Belgium,HUMAN_OBSERVATION
51.0537,3.70688,2024,4,Belgium,HUMAN_OBSERVATION
51.054229,-3.79271,2016,9,United Kingdom of Great Britain and Northern Ireland,HUMAN_OBSERVATION
51.054577,-4.045288,2016,10,United Kingdom of Great Britain and Northern Ireland,HUMAN_OBSERVATION
51.05497,3.80892,2021,5,Belgium,HUMAN_OBSERVATION
51.05497,3.80892,2021,5,Belgium,HUMAN_OBSERVATION
51.05627,4.43463,2022,7,Belgium,HUMAN_OBSERVATION
51.06237,4.40387,2017,4,Belgium,HUMAN_OBSERVATION
51.062807,-4.210423,2023,6,United Kingdom of Great Britain and Northern Ireland,HUMAN_OBSERVATION
51.06617,4.43046,2024,8,Belgium,HUMAN_OBSERVATION
51.07018,-2.571557,2016,5,United Kingdom of Great Britain and Northern Ireland,HUMAN_OBSERVATION
51.07022,3.05545,2025,5,Belgium,HUMAN_OBSERVATION
51.071371,-1.779436,2016,3,United Kingdom of Great Britain and Northern Ireland,HUMAN_OBSERVATION
51.07211,2.82741,2017,9,Belgium,HUMAN_OBSERVATION
51.073498,-4.043268,2016,4,United Kingdom of Great Britain and Northern Ireland,HUMAN_OBSERVATION
51.073498,-4.043268,2016,10,United Kingdom of Great Britain and Northern Ireland,HUMAN_OBSERVATION
51.07372,2.83678,2017,9,Belgium,HUMAN_OBSERVATION
51.07417,2.56223,2017,10,Belgium,HUMAN_OBSERVATION
51.07417,2.56223,2017,10,Belgium,HUMAN_OBSERVATION
51.07417,2.56223,2017,10,Belgium,HUMAN_OBSERVATION
51.07506,4.40385,2023,9,Belgium,HUMAN_OBSERVATION
51.0755,2.5638,2017,4,Belgium,HUMAN_OBSERVATION
51.07551,2.56404,2017,4,Belgium,HUMAN_OBSERVATION
51.07551,2.56404,2017,4,Belgium,HUMAN_OBSERVATION
51.0756,2.5638,2017,4,Belgium,HUMAN_OBSERVATION
51.08004,-2.868611,2016,5,United Kingdom of Great Britain and Northern Ireland,HUMAN_OBSERVATION
51.08004,-2.868611,2016,11,United Kingdom of Great Britain and Northern Ireland,HUMAN_OBSERVATION
51.085956,-1.203992,2016,5,United Kingdom of Great Britain and Northern Ireland,HUMAN_OBSERVATION
51.087616,-1.183975,2016,9,United Kingdom of Great Britain and Northern Ireland,HUMAN_OBSERVATION
51.087656,-1.189685,2016,5,United Kingdom of Great Britain and Northern Ireland,HUMAN_OBSERVATION
51.087656,-1.189685,2016,8,United Kingdom of Great Britain and Northern Ireland,HUMAN_OBSERVATION
51.087656,-1.189685,2016,10,United Kingdom of Great Britain and Northern Ireland,HUMAN_OBSERVATION
51.089405,-1.182515,2016,5,United Kingdom of Great Britain and Northern Ireland,HUMAN_OBSERVATION
51.089405,-1.182515,2016,9,United Kingdom of Great Britain and Northern Ireland,HUMAN_OBSERVATION
51.091903,-4.169752,2016,3,United Kingdom of Great Britain and Northern Ireland,HUMAN_OBSERVATION
51.091903,-4.169752,2016,10,United Kingdom of Great Britain and Northern Ireland,HUMAN_OBSERVATION
51.09374,5.79872,2025,1,Belgium,HUMAN_OBSERVATION
51.09384,-1.173869,2016,9,United Kingdom of Great Britain and Northern Ireland,HUMAN_OBSERVATION
51.0949,3.7996,2023,3,Belgium,HUMAN_OBSERVATION
51.09739,-0.038417,2016,3,United Kingdom of Great Britain and Northern Ireland,HUMAN_OBSERVATION
51.09739,-0.038417,2016,10,United Kingdom of Great Britain and Northern Ireland,HUMAN_OBSERVATION
51.098141,0.023031,2016,10,United Kingdom of Great Britain and Northern Ireland,HUMAN_OBSERVATION
51.09844,4.02283,2021,6,Belgium,HUMAN_OBSERVATION
51.1,6,2020,5,Netherlands,HUMAN_OBSERVATION
51.1,6,2018,9,Netherlands,HUMAN_OBSERVATION
51.1,6.05,2020,5,Netherlands,HUMAN_OBSERVATION
51.1,6.05,2020,9,Netherlands,HUMAN_OBSERVATION
51.1,6.05,2016,7,Netherlands,HUMAN_OBSERVATION
51.1,6.1,2019,3,Netherlands,HUMAN_OBSERVATION
51.1,6.15,2020,4,Netherlands,HUMAN_OBSERVATION
51.101014,0.394541,2016,10,United Kingdom of Great Britain and Northern Ireland,HUMAN_OBSERVATION
51.103215,-3.988869,2016,4,United Kingdom of Great Britain and Northern Ireland,HUMAN_OBSERVATION
51.103215,-3.988869,2016,10,United Kingdom of Great Britain and Northern Ireland,HUMAN_OBSERVATION
51.103608,-0.143857,2016,8,United Kingdom of Great Britain and Northern Ireland,HUMAN_OBSERVATION
51.103797,-4.007464,2016,4,United Kingdom of Great Britain and Northern Ireland,HUMAN_OBSERVATION
51.103797,-4.007464,2016,10,United Kingdom of Great Britain and Northern Ireland,HUMAN_OBSERVATION
51.108034,-0.139394,2016,8,United Kingdom of Great Britain and Northern Ireland,HUMAN_OBSERVATION
51.108034,-0.139394,2016,11,United Kingdom of Great Britain and Northern Ireland,HUMAN_OBSERVATION
51.10856,3.99347,2019,9,Belgium,HUMAN_OBSERVATION
51.108638,0.140635,2016,3,United Kingdom of Great Britain and Northern Ireland,HUMAN_OBSERVATION
51.108638,0.140635,2016,10,United Kingdom of Great Britain and Northern Ireland,HUMAN_OBSERVATION
51.1114,-3.983506,2016,10,United Kingdom of Great Britain and Northern Ireland,HUMAN_OBSERVATION
51.1132,-0.903519,2016,3,United Kingdom of Great Britain and Northern Ireland,HUMAN_OBSERVATION
51.1132,-0.903519,2016,10,United Kingdom of Great Britain and Northern Ireland,HUMAN_OBSERVATION
51.114523,0.11376,2016,10,United Kingdom of Great Britain and Northern Ireland,HUMAN_OBSERVATION
51.11618,4.55055,2020,8,Belgium,HUMAN_OBSERVATION
51.121309,-0.241746,2016,4,United Kingdom of Great Britain and Northern Ireland,HUMAN_OBSERVATION
51.121309,-0.241746,2016,10,United Kingdom of Great Britain and Northern Ireland,HUMAN_OBSERVATION
51.126377,-0.220117,2016,5,United Kingdom of Great Britain and Northern Ireland,HUMAN_OBSERVATION
51.126377,-0.220117,2016,10,United Kingdom of Great Britain and Northern Ireland,HUMAN_OBSERVATION
51.12921,2.69893,2016,8,Belgium,HUMAN_OBSERVATION
51.12923,2.69981,2020,11,Belgium,HUMAN_OBSERVATION
51.1294,2.6988,2017,12,Belgium,HUMAN_OBSERVATION
51.13002,0.151629,2016,4,United Kingdom of Great Britain and Northern Ireland,HUMAN_OBSERVATION
51.13002,0.151629,2016,10,United Kingdom of Great Britain and Northern Ireland,HUMAN_OBSERVATION
51.137538,1.295702,2016,5,United Kingdom of Great Britain and Northern Ireland,HUMAN_OBSERVATION
51.137538,1.295702,2016,10,United Kingdom of Great Britain and Northern Ireland,HUMAN_OBSERVATION
51.138358,-3.760231,2016,10,United Kingdom of Great Britain and Northern Ireland,HUMAN_OBSERVATION
51.142997,-3.082791,2016,3,United Kingdom of Great Britain and Northern Ireland,HUMAN_OBSERVATION
51.142997,-3.082791,2016,9,United Kingdom of Great Britain and Northern Ireland,HUMAN_OBSERVATION
51.14399,5.85332,2018,10,Belgium,HUMAN_OBSERVATION
51.144331,0.106543,2016,9,United Kingdom of Great Britain and Northern Ireland,HUMAN_OBSERVATION
51.144416,-3.890562,2016,3,United Kingdom of Great Britain and Northern Ireland,HUMAN_OBSERVATION
51.144416,-3.890562,2016,10,United Kingdom of Great Britain and Northern Ireland,HUMAN_OBSERVATION
51.146763,0.841611,2016,4,United Kingdom of Great Britain and Northern Ireland,HUMAN_OBSERVATION
51.146763,0.841611,2016,10,United Kingdom of Great Britain and Northern Ireland,HUMAN_OBSERVATION
51.1472,5.8448,2019,9,Belgium,HUMAN_OBSERVATION
51.147962,-0.162095,2016,3,United Kingdom of Great Britain and Northern Ireland,HUMAN_OBSERVATION
51.147962,-0.162095,2016,10,United Kingdom of Great Britain and Northern Ireland,HUMAN_OBSERVATION
51.14973,8.904753,2022,9,Germany,HUMAN_OBSERVATION
51.14989,2.76858,2020,9,Belgium,HUMAN_OBSERVATION
51.15,5.65,2020,6,Netherlands,HUMAN_OBSERVATION
51.1515,3.7157,2024,10,Belgium,HUMAN_OBSERVATION
51.1515,3.7157,2024,10,Belgium,HUMAN_OBSERVATION
51.1515,3.7157,2024,10,Belgium,HUMAN_OBSERVATION
51.1515,3.7157,2024,10,Belgium,HUMAN_OBSERVATION
51.154871,-2.958668,2016,4,United Kingdom of Great Britain and Northern Ireland,HUMAN_OBSERVATION
51.154871,-2.958668,2016,9,United Kingdom of Great Britain and Northern Ireland,HUMAN_OBSERVATION
51.156719,-4.066964,2016,5,United Kingdom of Great Britain and Northern Ireland,HUMAN_OBSERVATION
51.156744,-4.065535,2016,5,United Kingdom of Great Britain and Northern Ireland,HUMAN_OBSERVATION
51.15704,2.78713,2020,6,Belgium,HUMAN_OBSERVATION
51.15917,4.60695,2022,4,Belgium,HUMAN_OBSERVATION
51.160336,0.800964,2016,4,United Kingdom of Great Britain and Northern Ireland,HUMAN_OBSERVATION
51.160336,0.800964,2016,10,United Kingdom of Great Britain and Northern Ireland,HUMAN_OBSERVATION
51.162737,-2.986004,2016,5,United Kingdom of Great Britain and Northern Ireland,HUMAN_OBSERVATION
51.162737,-2.986004,2016,10,United Kingdom of Great Britain and Northern Ireland,HUMAN_OBSERVATION
51.16293,2.75854,2018,9,Belgium,HUMAN_OBSERVATION
51.164259,-4.66256,2018,6,United Kingdom of Great Britain and Northern Ireland,HUMAN_OBSERVATION
51.164691,-4.662155,2019,2,United Kingdom of Great Britain and Northern Ireland,HUMAN_OBSERVATION
51.164695,-4.662013,2021,5,United Kingdom of Great Britain and Northern Ireland,HUMAN_OBSERVATION
51.164695,-4.662013,2021,11,United Kingdom of Great Britain and Northern Ireland,HUMAN_OBSERVATION
51.164695,-4.662013,2019,11,United Kingdom of Great Britain and Northern Ireland,HUMAN_OBSERVATION
51.164809,-4.66488,2018,4,United Kingdom of Great Britain and Northern Ireland,HUMAN_OBSERVATION
51.164864,-4.662452,2021,5,United Kingdom of Great Britain and Northern Ireland,HUMAN_OBSERVATION
51.165123,-4.666901,2017,7,United Kingdom of Great Britain and Northern Ireland,HUMAN_OBSERVATION
51.165253,-4.661187,2021,5,United Kingdom of Great Britain and Northern Ireland,HUMAN_OBSERVATION
51.165253,-4.661187,2021,11,United Kingdom of Great Britain and Northern Ireland,HUMAN_OBSERVATION
51.165256,-4.661044,2021,5,United Kingdom of Great Britain and Northern Ireland,HUMAN_OBSERVATION
51.165256,-4.661044,2021,11,United Kingdom of Great Britain and Northern Ireland,HUMAN_OBSERVATION
51.165256,-4.661044,2018,4,United Kingdom of Great Britain and Northern Ireland,HUMAN_OBSERVATION
51.165256,-4.661044,2018,6,United Kingdom of Great Britain and Northern Ireland,HUMAN_OBSERVATION
51.165256,-4.661044,2017,10,United Kingdom of Great Britain and Northern Ireland,HUMAN_OBSERVATION
51.165256,-4.661044,2017,12,United Kingdom of Great Britain and Northern Ireland,HUMAN_OBSERVATION
51.165358,-4.664483,2019,1,United Kingdom of Great Britain and Northern Ireland,HUMAN_OBSERVATION
51.165358,-4.664483,2019,2,United Kingdom of Great Britain and Northern Ireland,HUMAN_OBSERVATION
51.165358,-4.664483,2018,4,United Kingdom of Great Britain and Northern Ireland,HUMAN_OBSERVATION
51.165358,-4.664483,2018,4,United Kingdom of Great Britain and Northern Ireland,HUMAN_OBSERVATION
51.165358,-4.664483,2018,9,United Kingdom of Great Britain and Northern Ireland,HUMAN_OBSERVATION
51.165358,-4.664483,2018,12,United Kingdom of Great Britain and Northern Ireland,HUMAN_OBSERVATION
51.165358,-4.664483,2017,3,United Kingdom of Great Britain and Northern Ireland,HUMAN_OBSERVATION
51.165358,-4.664483,2017,12,United Kingdom of Great Britain and Northern Ireland,HUMAN_OBSERVATION
51.165358,-4.664483,2017,12,United Kingdom of Great Britain and Northern Ireland,HUMAN_OBSERVATION
51.165358,-4.664483,2016,2,United Kingdom of Great Britain and Northern Ireland,HUMAN_OBSERVATION
51.165358,-4.664483,2016,2,United Kingdom of Great Britain and Northern Ireland,HUMAN_OBSERVATION
51.165393,-4.66098,2019,2,United Kingdom of Great Britain and Northern Ireland,HUMAN_OBSERVATION
51.165522,-4.661202,2019,2,United Kingdom of Great Britain and Northern Ireland,HUMAN_OBSERVATION
51.166139,-0.174246,2016,4,United Kingdom of Great Britain and Northern Ireland,HUMAN_OBSERVATION
51.167642,-2.188026,2016,3,United Kingdom of Great Britain and Northern Ireland,HUMAN_OBSERVATION
51.170021,0.36235,2016,4,United Kingdom of Great Britain and Northern Ireland,HUMAN_OBSERVATION
51.170021,0.36235,2016,10,United Kingdom of Great Britain and Northern Ireland,HUMAN_OBSERVATION
51.170596,0.669964,2016,4,United Kingdom of Great Britain and Northern Ireland,HUMAN_OBSERVATION
51.172781,0.173648,2016,5,United Kingdom of Great Britain and Northern Ireland,HUMAN_OBSERVATION
51.172781,0.173648,2016,7,United Kingdom of Great Britain and Northern Ireland,HUMAN_OBSERVATION
51.172781,0.173648,2016,9,United Kingdom of Great Britain and Northern Ireland,HUMAN_OBSERVATION
51.174393,-3.349602,2016,5,United Kingdom of Great Britain and Northern Ireland,HUMAN_OBSERVATION
51.174393,-3.349602,2016,9,United Kingdom of Great Britain and Northern Ireland,HUMAN_OBSERVATION
51.175304,-0.185329,2016,9,United Kingdom of Great Britain and Northern Ireland,HUMAN_OBSERVATION
51.17636,4.63524,2024,8,Belgium,HUMAN_OBSERVATION
51.176761,0.595916,2016,5,United Kingdom of Great Britain and Northern Ireland,HUMAN_OBSERVATION
51.176761,0.595916,2016,10,United Kingdom of Great Britain and Northern Ireland,HUMAN_OBSERVATION
51.18171,4.72196,2016,1,Belgium,HUMAN_OBSERVATION
51.1823,3.28609,2020,11,Belgium,HUMAN_OBSERVATION
51.183198,-0.712996,2016,4,United Kingdom of Great Britain and Northern Ireland,HUMAN_OBSERVATION
51.183198,-0.712996,2016,9,United Kingdom of Great Britain and Northern Ireland,HUMAN_OBSERVATION
51.184309,-4.669583,2017,3,United Kingdom of Great Britain and Northern Ireland,HUMAN_OBSERVATION
51.18525,3.27842,2020,11,Belgium,HUMAN_OBSERVATION
51.188343,-0.336505,2016,6,United Kingdom of Great Britain and Northern Ireland,HUMAN_OBSERVATION
51.18966,4.95431,2024,10,Belgium,HUMAN_OBSERVATION
51.190583,-0.184729,2016,4,United Kingdom of Great Britain and Northern Ireland,HUMAN_OBSERVATION
51.191432,-4.672714,2021,5,United Kingdom of Great Britain and Northern Ireland,HUMAN_OBSERVATION
51.191432,-4.672714,2021,11,United Kingdom of Great Britain and Northern Ireland,HUMAN_OBSERVATION
51.191432,-4.672714,2021,11,United Kingdom of Great Britain and Northern Ireland,HUMAN_OBSERVATION
51.191833,-1.763122,2016,4,United Kingdom of Great Britain and Northern Ireland,HUMAN_OBSERVATION
51.191834,-0.851568,2016,5,United Kingdom of Great Britain and Northern Ireland,HUMAN_OBSERVATION
51.191834,-0.851568,2016,9,United Kingdom of Great Britain and Northern Ireland,HUMAN_OBSERVATION
51.193447,6.97167,2025,2,Germany,HUMAN_OBSERVATION
51.19385,2.94676,2016,9,Belgium,HUMAN_OBSERVATION
51.193872,0.383609,2016,3,United Kingdom of Great Britain and Northern Ireland,HUMAN_OBSERVATION
51.193872,0.383609,2016,10,United Kingdom of Great Britain and Northern Ireland,HUMAN_OBSERVATION
51.19405,2.9469,2016,9,Belgium,HUMAN_OBSERVATION
51.19407,3.22722,2021,5,Belgium,HUMAN_OBSERVATION
51.19421,4.75368,2019,5,Belgium,HUMAN_OBSERVATION
51.19663,-3.116965,2016,9,United Kingdom of Great Britain and Northern Ireland,HUMAN_OBSERVATION
51.199727,-2.31983,2016,10,United Kingdom of Great Britain and Northern Ireland,HUMAN_OBSERVATION
51.2,5.75,2020,10,Netherlands,HUMAN_OBSERVATION
51.2,5.75,2020,10,Netherlands,HUMAN_OBSERVATION
51.20276,2.85273,2018,9,Belgium,HUMAN_OBSERVATION
51.205901,-0.245684,2016,4,United Kingdom of Great Britain and Northern Ireland,HUMAN_OBSERVATION
51.205901,-0.245684,2016,10,United Kingdom of Great Britain and Northern Ireland,HUMAN_OBSERVATION
51.208779,-0.19833,2016,9,United Kingdom of Great Britain and Northern Ireland,HUMAN_OBSERVATION
51.21653,-3.575635,2016,3,United Kingdom of Great Britain and Northern Ireland,HUMAN_OBSERVATION
51.21653,-3.575635,2016,10,United Kingdom of Great Britain and Northern Ireland,HUMAN_OBSERVATION
51.21721,5.1793,2021,8,Belgium,HUMAN_OBSERVATION
51.217282,-0.551677,2016,4,United Kingdom of Great Britain and Northern Ireland,HUMAN_OBSERVATION
51.217282,-0.551677,2016,10,United Kingdom of Great Britain and Northern Ireland,HUMAN_OBSERVATION
51.217409,-3.577097,2016,4,United Kingdom of Great Britain and Northern Ireland,HUMAN_OBSERVATION
51.217409,-3.577097,2016,9,United Kingdom of Great Britain and Northern Ireland,HUMAN_OBSERVATION
51.21761,3.17318,2020,5,Belgium,HUMAN_OBSERVATION
51.21803,5.18132,2018,12,Belgium,HUMAN_OBSERVATION
51.21964,5.18853,2017,8,Belgium,HUMAN_OBSERVATION
51.219686,7.024133,2022,11,Germany,HUMAN_OBSERVATION
51.220966,-3.580082,2016,4,United Kingdom of Great Britain and Northern Ireland,HUMAN_OBSERVATION
51.220966,-3.580082,2016,10,United Kingdom of Great Britain and Northern Ireland,HUMAN_OBSERVATION
51.22156,3.22516,2021,5,Belgium,HUMAN_OBSERVATION
51.22245,5.18868,2019,9,Belgium,HUMAN_OBSERVATION
51.22513,5.18841,2021,8,Belgium,HUMAN_OBSERVATION
51.22513,5.18841,2021,8,Belgium,HUMAN_OBSERVATION
51.22546,5.17816,2020,9,Belgium,HUMAN_OBSERVATION
51.22586,-2.298531,2016,4,United Kingdom of Great Britain and Northern Ireland,HUMAN_OBSERVATION
51.22718,5.11331,2017,9,Belgium,HUMAN_OBSERVATION
51.2277,5.18845,2018,8,Belgium,HUMAN_OBSERVATION
51.22954,3.19366,2022,8,Belgium,HUMAN_OBSERVATION
51.22969,3.19432,2022,8,Belgium,HUMAN_OBSERVATION
51.22987,3.19475,2022,8,Belgium,HUMAN_OBSERVATION
51.2299,5.18575,2016,6,Belgium,HUMAN_OBSERVATION
51.23014,3.19542,2022,8,Belgium,HUMAN_OBSERVATION
51.2312,5.14772,2018,4,Belgium,HUMAN_OBSERVATION
51.23147,5.46513,2017,3,Belgium,HUMAN_OBSERVATION
51.232,3.1984,2022,8,Belgium,HUMAN_OBSERVATION
51.233896,-2.320067,2016,5,United Kingdom of Great Britain and Northern Ireland,HUMAN_OBSERVATION
51.233896,-2.320067,2016,11,United Kingdom of Great Britain and Northern Ireland,HUMAN_OBSERVATION
51.234709,-2.350152,2016,3,United Kingdom of Great Britain and Northern Ireland,HUMAN_OBSERVATION
51.234709,-2.350152,2016,11,United Kingdom of Great Britain and Northern Ireland,HUMAN_OBSERVATION
51.235758,1.352872,2016,10,United Kingdom of Great Britain and Northern Ireland,HUMAN_OBSERVATION
51.23705,3.14879,2016,3,Belgium,HUMAN_OBSERVATION
51.23733,6.148353,2022,7,Germany,HUMAN_OBSERVATION
51.239247,-0.311748,2016,3,United Kingdom of Great Britain and Northern Ireland,HUMAN_OBSERVATION
51.239247,-0.311748,2016,10,United Kingdom of Great Britain and Northern Ireland,HUMAN_OBSERVATION
51.24241,3.28399,2023,4,Belgium,HUMAN_OBSERVATION
51.243412,-0.004988,2016,3,United Kingdom of Great Britain and Northern Ireland,HUMAN_OBSERVATION
51.243412,-0.004988,2016,6,United Kingdom of Great Britain and Northern Ireland,HUMAN_OBSERVATION
51.243412,-0.004988,2016,10,United Kingdom of Great Britain and Northern Ireland,HUMAN_OBSERVATION
51.24377,2.94999,2021,8,Belgium,HUMAN_OBSERVATION
51.24475,5.06094,2018,4,Belgium,HUMAN_OBSERVATION
51.2476,4.23756,2016,9,Belgium,HUMAN_OBSERVATION
51.24781,4.75842,2020,9,Belgium,HUMAN_OBSERVATION
51.249278,-0.321411,2016,3,United Kingdom of Great Britain and Northern Ireland,HUMAN_OBSERVATION
51.249278,-0.321411,2016,10,United Kingdom of Great Britain and Northern Ireland,HUMAN_OBSERVATION
51.25,5.75,2023,7,Netherlands,HUMAN_OBSERVATION
51.25,6,2017,8,Netherlands,HUMAN_OBSERVATION
51.25062,3.54434,2023,10,Belgium,HUMAN_OBSERVATION
51.25223,3.27691,2018,5,Belgium,HUMAN_OBSERVATION
51.25223,3.27691,2018,5,Belgium,HUMAN_OBSERVATION
51.25242,3.28027,2018,5,Belgium,HUMAN_OBSERVATION
51.25242,3.28027,2018,5,Belgium,HUMAN_OBSERVATION
51.25339,3.2868,2021,3,Belgium,HUMAN_OBSERVATION
51.25339,3.2868,2021,3,Belgium,HUMAN_OBSERVATION
51.25339,3.2868,2021,3,Belgium,HUMAN_OBSERVATION
51.25484,3.28198,2023,11,Belgium,HUMAN_OBSERVATION
51.256758,-0.967461,2016,5,United Kingdom of Great Britain and Northern Ireland,HUMAN_OBSERVATION
51.256758,-0.967461,2016,10,United Kingdom of Great Britain and Northern Ireland,HUMAN_OBSERVATION
51.25699,-2.308835,2022,5,United Kingdom of Great Britain and Northern Ireland,HUMAN_OBSERVATION
51.2575,4.31449,2024,8,Belgium,HUMAN_OBSERVATION
51.258476,-2.672772,2016,2,United Kingdom of Great Britain and Northern Ireland,HUMAN_OBSERVATION
51.26178,4.58372,2018,4,Belgium,HUMAN_OBSERVATION
51.262917,0.563498,2016,9,United Kingdom of Great Britain and Northern Ireland,HUMAN_OBSERVATION
51.26338,3.29311,2022,6,Belgium,HUMAN_OBSERVATION
51.26348,3.57801,2020,7,Belgium,HUMAN_OBSERVATION
51.26348,3.57801,2020,7,Belgium,HUMAN_OBSERVATION
51.26446,3.2944,2022,6,Belgium,HUMAN_OBSERVATION
51.264697,-0.950084,2016,10,United Kingdom of Great Britain and Northern Ireland,HUMAN_OBSERVATION
51.26489,3.57684,2020,7,Belgium,HUMAN_OBSERVATION
51.26489,3.57684,2020,7,Belgium,HUMAN_OBSERVATION
51.26661,3.29719,2021,3,Belgium,HUMAN_OBSERVATION
51.26782,5.42835,2020,9,Belgium,HUMAN_OBSERVATION
51.26782,5.42835,2020,9,Belgium,HUMAN_OBSERVATION
51.26793,-1.011646,2016,10,United Kingdom of Great Britain and Northern Ireland,HUMAN_OBSERVATION
51.271544,1.166195,2016,4,United Kingdom of Great Britain and Northern Ireland,HUMAN_OBSERVATION
51.272213,-2.777619,2016,3,United Kingdom of Great Britain and Northern Ireland,HUMAN_OBSERVATION
51.272888,9.491063,2024,8,Germany,HUMAN_OBSERVATION
51.27523,3.21022,2019,8,Belgium,HUMAN_OBSERVATION
51.275781,-2.43648,2016,3,United Kingdom of Great Britain and Northern Ireland,HUMAN_OBSERVATION
51.275781,-2.43648,2016,10,United Kingdom of Great Britain and Northern Ireland,HUMAN_OBSERVATION
51.278859,0.127031,2016,3,United Kingdom of Great Britain and Northern Ireland,HUMAN_OBSERVATION
51.278859,0.127031,2016,7,United Kingdom of Great Britain and Northern Ireland,HUMAN_OBSERVATION
51.278859,0.127031,2016,10,United Kingdom of Great Britain and Northern Ireland,HUMAN_OBSERVATION
51.28132,3.22467,2018,7,Belgium,HUMAN_OBSERVATION
51.283153,-1.00415,2016,10,United Kingdom of Great Britain and Northern Ireland,HUMAN_OBSERVATION
51.28353,4.39177,2024,6,Belgium,HUMAN_OBSERVATION
51.2836,4.39158,2024,8,Belgium,HUMAN_OBSERVATION
51.28388,4.39115,2020,10,Belgium,HUMAN_OBSERVATION
51.28393,4.39088,2023,7,Belgium,HUMAN_OBSERVATION
51.285491,0.299433,2016,3,United Kingdom of Great Britain and Northern Ireland,HUMAN_OBSERVATION
51.285491,0.299433,2016,9,United Kingdom of Great Britain and Northern Ireland,HUMAN_OBSERVATION
51.28589,3.21016,2019,4,Belgium,HUMAN_OBSERVATION
51.286028,1.19588,2016,4,United Kingdom of Great Britain and Northern Ireland,HUMAN_OBSERVATION
51.286028,1.19588,2016,11,United Kingdom of Great Britain and Northern Ireland,HUMAN_OBSERVATION
51.286103,-1.0342,2016,5,United Kingdom of Great Britain and Northern Ireland,HUMAN_OBSERVATION
51.286103,-1.0342,2016,6,United Kingdom of Great Britain and Northern Ireland,HUMAN_OBSERVATION
51.286103,-1.0342,2016,9,United Kingdom of Great Britain and Northern Ireland,HUMAN_OBSERVATION
51.287031,-2.845266,2016,10,United Kingdom of Great Britain and Northern Ireland,HUMAN_OBSERVATION
51.289571,-0.507815,2016,4,United Kingdom of Great Britain and Northern Ireland,HUMAN_OBSERVATION
51.28979,3.20591,2019,8,Belgium,HUMAN_OBSERVATION
51.29053,3.20483,2019,8,Belgium,HUMAN_OBSERVATION
51.29054,3.20483,2019,8,Belgium,HUMAN_OBSERVATION
51.290956,-2.465305,2016,3,United Kingdom of Great Britain and Northern Ireland,HUMAN_OBSERVATION
51.29214,3.33849,2020,9,Belgium,HUMAN_OBSERVATION
51.29243,3.11875,2024,7,Belgium,HUMAN_OBSERVATION
51.29439,4.97332,2017,1,Belgium,HUMAN_OBSERVATION
51.29834,3.36431,2023,11,Belgium,HUMAN_OBSERVATION
51.2985,3.36417,2023,11,Belgium,HUMAN_OBSERVATION
51.29866,3.36322,2019,8,Belgium,HUMAN_OBSERVATION
51.298859,-0.394194,2016,4,United Kingdom of Great Britain and Northern Ireland,HUMAN_OBSERVATION
51.3,3.45,2022,3,Netherlands,HUMAN_OBSERVATION
51.30019,3.34616,2020,9,Belgium,HUMAN_OBSERVATION
51.30116,4.53732,2022,11,Belgium,HUMAN_OBSERVATION
51.30135,4.53692,2023,6,Belgium,HUMAN_OBSERVATION
51.301657,0.942998,2016,8,United Kingdom of Great Britain and Northern Ireland,HUMAN_OBSERVATION
51.301657,0.942998,2016,10,United Kingdom of Great Britain and Northern Ireland,HUMAN_OBSERVATION
51.301879,-0.485898,2016,4,United Kingdom of Great Britain and Northern Ireland,HUMAN_OBSERVATION
51.301879,-0.485898,2016,9,United Kingdom of Great Britain and Northern Ireland,HUMAN_OBSERVATION
51.302355,-0.843074,2016,5,United Kingdom of Great Britain and Northern Ireland,HUMAN_OBSERVATION
51.302355,-0.843074,2016,10,United Kingdom of Great Britain and Northern Ireland,HUMAN_OBSERVATION
51.305234,-1.821354,2016,5,United Kingdom of Great Britain and Northern Ireland,HUMAN_OBSERVATION
51.30528,4.28867,2022,3,Belgium,HUMAN_OBSERVATION
51.3059,4.47558,2024,9,Belgium,HUMAN_OBSERVATION
51.30628,4.28967,2023,5,Belgium,HUMAN_OBSERVATION
51.30871,3.19287,2020,7,Belgium,HUMAN_OBSERVATION
51.309051,-0.484227,2016,4,United Kingdom of Great Britain and Northern Ireland,HUMAN_OBSERVATION
51.309051,-0.484227,2016,9,United Kingdom of Great Britain and Northern Ireland,HUMAN_OBSERVATION
51.313459,-2.026494,2016,5,United Kingdom of Great Britain and Northern Ireland,HUMAN_OBSERVATION
51.314333,-0.475444,2019,4,United Kingdom of Great Britain and Northern Ireland,HUMAN_OBSERVATION
51.315653,-0.473248,2016,5,United Kingdom of Great Britain and Northern Ireland,HUMAN_OBSERVATION
51.317029,-0.475354,2019,4,United Kingdom of Great Britain and Northern Ireland,HUMAN_OBSERVATION
51.318828,-2.082459,2016,5,United Kingdom of Great Britain and Northern Ireland,HUMAN_OBSERVATION
51.318828,-2.082459,2016,11,United Kingdom of Great Britain and Northern Ireland,HUMAN_OBSERVATION
51.323084,8.008433,2022,8,Germany,HUMAN_OBSERVATION
51.323308,-1.897343,2016,5,United Kingdom of Great Britain and Northern Ireland,HUMAN_OBSERVATION
51.32425,3.18692,2021,6,Belgium,HUMAN_OBSERVATION
51.32482,3.18799,2021,6,Belgium,HUMAN_OBSERVATION
51.32604,4.79036,2024,12,Belgium,HUMAN_OBSERVATION
51.333619,0.181247,2016,3,United Kingdom of Great Britain and Northern Ireland,HUMAN_OBSERVATION
51.333619,0.181247,2016,9,United Kingdom of Great Britain and Northern Ireland,HUMAN_OBSERVATION
51.335655,-0.941287,2016,4,United Kingdom of Great Britain and Northern Ireland,HUMAN_OBSERVATION
51.335655,-0.941287,2016,10,United Kingdom of Great Britain and Northern Ireland,HUMAN_OBSERVATION
51.33621,3.27267,2021,7,Belgium,HUMAN_OBSERVATION
51.3364,3.27281,2021,7,Belgium,HUMAN_OBSERVATION
51.342832,-2.26627,2016,5,United Kingdom of Great Britain and Northern Ireland,HUMAN_OBSERVATION
51.34459,3.23011,2023,12,Belgium,HUMAN_OBSERVATION
51.34459,3.23011,2023,12,Belgium,HUMAN_OBSERVATION
51.3504,3.37341,2018,8,Belgium,HUMAN_OBSERVATION
51.355006,-2.767532,2016,3,United Kingdom of Great Britain and Northern Ireland,HUMAN_OBSERVATION
51.355006,-2.767532,2016,9,United Kingdom of Great Britain and Northern Ireland,HUMAN_OBSERVATION
51.35789,12.336485,2021,5,Germany,HUMAN_OBSERVATION
51.360099,-2.167271,2016,5,United Kingdom of Great Britain and Northern Ireland,HUMAN_OBSERVATION
51.360099,-2.167271,2016,11,United Kingdom of Great Britain and Northern Ireland,HUMAN_OBSERVATION
51.3603,3.31416,2024,2,Belgium,HUMAN_OBSERVATION
51.36062,3.31586,2022,1,Belgium,HUMAN_OBSERVATION
51.361002,-2.164402,2016,3,United Kingdom of Great Britain and Northern Ireland,HUMAN_OBSERVATION
51.361002,-2.164402,2016,11,United Kingdom of Great Britain and Northern Ireland,HUMAN_OBSERVATION
51.362257,-1.240867,2016,3,United Kingdom of Great Britain and Northern Ireland,HUMAN_OBSERVATION
51.362257,-1.240867,2016,9,United Kingdom of Great Britain and Northern Ireland,HUMAN_OBSERVATION
51.363265,-1.360627,2019,8,United Kingdom of Great Britain and Northern Ireland,HUMAN_OBSERVATION
51.364189,1.064824,2016,4,United Kingdom of Great Britain and Northern Ireland,HUMAN_OBSERVATION
51.364189,1.064824,2016,10,United Kingdom of Great Britain and Northern Ireland,HUMAN_OBSERVATION
51.365732,-0.35307,2016,3,United Kingdom of Great Britain and Northern Ireland,HUMAN_OBSERVATION
51.365732,-0.35307,2016,10,United Kingdom of Great Britain and Northern Ireland,HUMAN_OBSERVATION
51.368077,1.188661,2016,3,United Kingdom of Great Britain and Northern Ireland,HUMAN_OBSERVATION
51.368077,1.188661,2016,10,United Kingdom of Great Britain and Northern Ireland,HUMAN_OBSERVATION
51.370886,-0.273867,2022,9,United Kingdom of Great Britain and Northern Ireland,HUMAN_OBSERVATION
51.371856,-0.160327,2016,5,United Kingdom of Great Britain and Northern Ireland,HUMAN_OBSERVATION
51.371856,-0.160327,2016,8,United Kingdom of Great Britain and Northern Ireland,HUMAN_OBSERVATION
51.371856,-0.160327,2016,10,United Kingdom of Great Britain and Northern Ireland,HUMAN_OBSERVATION
51.373336,-0.140153,2016,3,United Kingdom of Great Britain and Northern Ireland,HUMAN_OBSERVATION
51.373336,-0.140153,2016,8,United Kingdom of Great Britain and Northern Ireland,HUMAN_OBSERVATION
51.373336,-0.140153,2016,10,United Kingdom of Great Britain and Northern Ireland,HUMAN_OBSERVATION
51.373405,0.217623,2016,10,United Kingdom of Great Britain and Northern Ireland,HUMAN_OBSERVATION
51.373614,-2.147207,2016,3,United Kingdom of Great Britain and Northern Ireland,HUMAN_OBSERVATION
51.373614,-2.147207,2016,11,United Kingdom of Great Britain and Northern Ireland,HUMAN_OBSERVATION
51.374249,-2.542294,2016,3,United Kingdom of Great Britain and Northern Ireland,HUMAN_OBSERVATION
51.374249,-2.542294,2016,9,United Kingdom of Great Britain and Northern Ireland,HUMAN_OBSERVATION
51.37434,4.3099,2023,8,Belgium,HUMAN_OBSERVATION
51.374532,-2.131407,2016,3,United Kingdom of Great Britain and Northern Ireland,HUMAN_OBSERVATION
51.375302,-0.95043,2016,5,United Kingdom of Great Britain and Northern Ireland,HUMAN_OBSERVATION
51.375302,-0.95043,2016,10,United Kingdom of Great Britain and Northern Ireland,HUMAN_OBSERVATION
51.376328,-0.949473,2020,9,United Kingdom of Great Britain and Northern Ireland,HUMAN_OBSERVATION
51.377304,-0.973373,2016,5,United Kingdom of Great Britain and Northern Ireland,HUMAN_OBSERVATION
51.377304,-0.973373,2016,10,United Kingdom of Great Britain and Northern Ireland,HUMAN_OBSERVATION
51.378862,-0.971542,2020,9,United Kingdom of Great Britain and Northern Ireland,HUMAN_OBSERVATION
51.380453,-0.37697,2016,10,United Kingdom of Great Britain and Northern Ireland,HUMAN_OBSERVATION
51.385362,-3.383609,2019,4,United Kingdom of Great Britain and Northern Ireland,HUMAN_OBSERVATION
51.386303,-0.16406,2016,3,United Kingdom of Great Britain and Northern Ireland,HUMAN_OBSERVATION
51.386303,-0.16406,2016,6,United Kingdom of Great Britain and Northern Ireland,HUMAN_OBSERVATION
51.386303,-0.16406,2016,10,United Kingdom of Great Britain and Northern Ireland,HUMAN_OBSERVATION
51.387184,-1.20309,2016,3,United Kingdom of Great Britain and Northern Ireland,HUMAN_OBSERVATION
51.387184,-1.20309,2016,10,United Kingdom of Great Britain and Northern Ireland,HUMAN_OBSERVATION
51.387835,-0.326406,2016,4,United Kingdom of Great Britain and Northern Ireland,HUMAN_OBSERVATION
51.392414,0.113607,2016,4,United Kingdom of Great Britain and Northern Ireland,HUMAN_OBSERVATION
51.392414,0.113607,2016,9,United Kingdom of Great Britain and Northern Ireland,HUMAN_OBSERVATION
51.396992,-0.275759,2016,3,United Kingdom of Great Britain and Northern Ireland,HUMAN_OBSERVATION
51.396992,-0.275759,2016,9,United Kingdom of Great Britain and Northern Ireland,HUMAN_OBSERVATION
51.399962,-3.487985,2018,4,United Kingdom of Great Britain and Northern Ireland,HUMAN_OBSERVATION
51.399962,-3.487985,2018,10,United Kingdom of Great Britain and Northern Ireland,HUMAN_OBSERVATION
51.4,5.4,2025,5,Netherlands,HUMAN_OBSERVATION
51.40063,-0.278498,2016,8,United Kingdom of Great Britain and Northern Ireland,HUMAN_OBSERVATION
51.401528,-0.278464,2016,8,United Kingdom of Great Britain and Northern Ireland,HUMAN_OBSERVATION
51.402594,-1.57084,2016,5,United Kingdom of Great Britain and Northern Ireland,HUMAN_OBSERVATION
51.402594,-1.57084,2016,10,United Kingdom of Great Britain and Northern Ireland,HUMAN_OBSERVATION
51.404704,-1.355046,2019,8,United Kingdom of Great Britain and Northern Ireland,HUMAN_OBSERVATION
51.406452,-3.379441,2022,7,United Kingdom of Great Britain and Northern Ireland,HUMAN_OBSERVATION
51.406452,-3.379441,2022,10,United Kingdom of Great Britain and Northern Ireland,HUMAN_OBSERVATION
51.406452,-3.379441,2019,5,United Kingdom of Great Britain and Northern Ireland,HUMAN_OBSERVATION
51.406452,-3.379441,2019,9,United Kingdom of Great Britain and Northern Ireland,HUMAN_OBSERVATION
51.406452,-3.379441,2019,9,United Kingdom of Great Britain and Northern Ireland,HUMAN_OBSERVATION
51.406452,-3.379441,2017,4,United Kingdom of Great Britain and Northern Ireland,HUMAN_OBSERVATION
51.406452,-3.379441,2017,9,United Kingdom of Great Britain and Northern Ireland,HUMAN_OBSERVATION
51.406452,-3.379441,2016,3,United Kingdom of Great Britain and Northern Ireland,HUMAN_OBSERVATION
51.406452,-3.379441,2016,9,United Kingdom of Great Britain and Northern Ireland,HUMAN_OBSERVATION
51.406835,-0.399042,2016,5,United Kingdom of Great Britain and Northern Ireland,HUMAN_OBSERVATION
51.406981,-3.376569,2021,7,United Kingdom of Great Britain and Northern Ireland,HUMAN_OBSERVATION
51.409766,-3.365222,2019,6,United Kingdom of Great Britain and Northern Ireland,HUMAN_OBSERVATION
51.410692,-3.345001,2022,3,United Kingdom of Great Britain and Northern Ireland,HUMAN_OBSERVATION
51.410692,-3.345001,2022,10,United Kingdom of Great Britain and Northern Ireland,HUMAN_OBSERVATION
51.411871,-1.320149,2019,8,United Kingdom of Great Britain and Northern Ireland,HUMAN_OBSERVATION
51.412314,-2.114261,2016,5,United Kingdom of Great Britain and Northern Ireland,HUMAN_OBSERVATION
51.412314,-2.114261,2016,11,United Kingdom of Great Britain and Northern Ireland,HUMAN_OBSERVATION
51.412697,-0.502372,2016,5,United Kingdom of Great Britain and Northern Ireland,HUMAN_OBSERVATION
51.412697,-0.502372,2016,10,United Kingdom of Great Britain and Northern Ireland,HUMAN_OBSERVATION
51.414095,-3.230117,2023,9,United Kingdom of Great Britain and Northern Ireland,HUMAN_OBSERVATION
51.414095,-3.230117,2022,4,United Kingdom of Great Britain and Northern Ireland,HUMAN_OBSERVATION
51.414095,-3.230117,2022,7,United Kingdom of Great Britain and Northern Ireland,HUMAN_OBSERVATION
51.414095,-3.230117,2022,9,United Kingdom of Great Britain and Northern Ireland,HUMAN_OBSERVATION
51.414095,-3.230117,2019,5,United Kingdom of Great Britain and Northern Ireland,HUMAN_OBSERVATION
51.414095,-3.230117,2019,9,United Kingdom of Great Britain and Northern Ireland,HUMAN_OBSERVATION
51.414095,-3.230117,2017,4,United Kingdom of Great Britain and Northern Ireland,HUMAN_OBSERVATION
51.414095,-3.230117,2017,4,United Kingdom of Great Britain and Northern Ireland,HUMAN_OBSERVATION
51.414095,-3.230117,2017,9,United Kingdom of Great Britain and Northern Ireland,HUMAN_OBSERVATION
51.414095,-3.230117,2016,9,United Kingdom of Great Britain and Northern Ireland,HUMAN_OBSERVATION
51.415364,-3.185562,2019,5,United Kingdom of Great Britain and Northern Ireland,HUMAN_OBSERVATION
51.415995,-3.198593,2019,5,United Kingdom of Great Britain and Northern Ireland,HUMAN_OBSERVATION
51.416797,-1.523253,2016,5,United Kingdom of Great Britain and Northern Ireland,HUMAN_OBSERVATION
51.416797,-1.523253,2016,10,United Kingdom of Great Britain and Northern Ireland,HUMAN_OBSERVATION
51.418634,-3.575745,2019,2,United Kingdom of Great Britain and Northern Ireland,HUMAN_OBSERVATION
51.420472,-1.352078,2016,4,United Kingdom of Great Britain and Northern Ireland,HUMAN_OBSERVATION
51.421258,-1.351851,2019,8,United Kingdom of Great Britain and Northern Ireland,HUMAN_OBSERVATION
51.421854,-3.232842,2019,5,United Kingdom of Great Britain and Northern Ireland,HUMAN_OBSERVATION
51.421854,-3.232842,2019,9,United Kingdom of Great Britain and Northern Ireland,HUMAN_OBSERVATION
51.422382,-3.564512,2019,2,United Kingdom of Great Britain and Northern Ireland,HUMAN_OBSERVATION
51.422469,-2.61046,2016,3,United Kingdom of Great Britain and Northern Ireland,HUMAN_OBSERVATION
51.422469,-2.61046,2016,10,United Kingdom of Great Britain and Northern Ireland,HUMAN_OBSERVATION
51.423161,-1.350601,2016,4,United Kingdom of Great Britain and Northern Ireland,HUMAN_OBSERVATION
51.423161,-1.350601,2016,10,United Kingdom of Great Britain and Northern Ireland,HUMAN_OBSERVATION
51.423457,-3.234324,2022,4,United Kingdom of Great Britain and Northern Ireland,HUMAN_OBSERVATION
51.423457,-3.234324,2022,7,United Kingdom of Great Britain and Northern Ireland,HUMAN_OBSERVATION
51.423457,-3.234324,2022,9,United Kingdom of Great Britain and Northern Ireland,HUMAN_OBSERVATION
51.423457,-3.234324,2020,8,United Kingdom of Great Britain and Northern Ireland,HUMAN_OBSERVATION
51.423457,-3.234324,2020,11,United Kingdom of Great Britain and Northern Ireland,HUMAN_OBSERVATION
51.423457,-3.234324,2017,4,United Kingdom of Great Britain and Northern Ireland,HUMAN_OBSERVATION
51.423457,-3.234324,2017,9,United Kingdom of Great Britain and Northern Ireland,HUMAN_OBSERVATION
51.423457,-3.234324,2016,3,United Kingdom of Great Britain and Northern Ireland,HUMAN_OBSERVATION
51.423457,-3.234324,2016,9,United Kingdom of Great Britain and Northern Ireland,HUMAN_OBSERVATION
51.423917,7.023777,2022,4,Germany,HUMAN_OBSERVATION
51.424629,-1.721651,2016,5,United Kingdom of Great Britain and Northern Ireland,HUMAN_OBSERVATION
51.424629,-1.721651,2016,10,United Kingdom of Great Britain and Northern Ireland,HUMAN_OBSERVATION
51.425298,-0.732097,2016,10,United Kingdom of Great Britain and Northern Ireland,HUMAN_OBSERVATION
51.425558,-2.701113,2016,3,United Kingdom of Great Britain and Northern Ireland,HUMAN_OBSERVATION
51.425558,-2.701113,2016,9,United Kingdom of Great Britain and Northern Ireland,HUMAN_OBSERVATION
51.4258,7.022917,2024,2,Germany,HUMAN_OBSERVATION
51.4258,7.022917,2022,3,Germany,HUMAN_OBSERVATION
51.4258,7.022917,2022,10,Germany,HUMAN_OBSERVATION
51.426504,-0.760831,2016,5,United Kingdom of Great Britain and Northern Ireland,HUMAN_OBSERVATION
51.426504,-0.760831,2016,10,United Kingdom of Great Britain and Northern Ireland,HUMAN_OBSERVATION
51.427123,0.230293,2016,9,United Kingdom of Great Britain and Northern Ireland,HUMAN_OBSERVATION
51.427463,-3.55161,2022,4,United Kingdom of Great Britain and Northern Ireland,HUMAN_OBSERVATION
51.428536,-3.218163,2023,4,United Kingdom of Great Britain and Northern Ireland,HUMAN_OBSERVATION
51.428536,-3.218163,2022,4,United Kingdom of Great Britain and Northern Ireland,HUMAN_OBSERVATION
51.428536,-3.218163,2022,7,United Kingdom of Great Britain and Northern Ireland,HUMAN_OBSERVATION
51.428536,-3.218163,2022,9,United Kingdom of Great Britain and Northern Ireland,HUMAN_OBSERVATION
51.428536,-3.218163,2019,5,United Kingdom of Great Britain and Northern Ireland,HUMAN_OBSERVATION
51.428536,-3.218163,2019,9,United Kingdom of Great Britain and Northern Ireland,HUMAN_OBSERVATION
51.428536,-3.218163,2017,4,United Kingdom of Great Britain and Northern Ireland,HUMAN_OBSERVATION
51.428536,-3.218163,2017,9,United Kingdom of Great Britain and Northern Ireland,HUMAN_OBSERVATION
51.428536,-3.218163,2016,3,United Kingdom of Great Britain and Northern Ireland,HUMAN_OBSERVATION
51.428536,-3.218163,2016,9,United Kingdom of Great Britain and Northern Ireland,HUMAN_OBSERVATION
51.433672,-0.324732,2016,4,United Kingdom of Great Britain and Northern Ireland,HUMAN_OBSERVATION
51.433672,-0.324732,2016,9,United Kingdom of Great Britain and Northern Ireland,HUMAN_OBSERVATION
51.436962,6.76224,2001,6,Germany,OCCURRENCE
51.437103,6.97192,2017,6,Germany,HUMAN_OBSERVATION
51.437137,6.972059,2022,6,Germany,HUMAN_OBSERVATION
51.438446,-2.00067,2016,4,United Kingdom of Great Britain and Northern Ireland,HUMAN_OBSERVATION
51.439284,-3.594801,2019,4,United Kingdom of Great Britain and Northern Ireland,HUMAN_OBSERVATION
51.440292,-2.44668,2016,3,United Kingdom of Great Britain and Northern Ireland,HUMAN_OBSERVATION
51.440292,-2.44668,2016,11,United Kingdom of Great Britain and Northern Ireland,HUMAN_OBSERVATION
51.440408,-3.434768,2018,11,United Kingdom of Great Britain and Northern Ireland,HUMAN_OBSERVATION
51.440979,-0.534541,2016,5,United Kingdom of Great Britain and Northern Ireland,HUMAN_OBSERVATION
51.440979,-0.534541,2016,10,United Kingdom of Great Britain and Northern Ireland,HUMAN_OBSERVATION
51.444371,-1.151734,2016,4,United Kingdom of Great Britain and Northern Ireland,HUMAN_OBSERVATION
51.444371,-1.151734,2016,9,United Kingdom of Great Britain and Northern Ireland,HUMAN_OBSERVATION
51.444674,-2.124414,2016,4,United Kingdom of Great Britain and Northern Ireland,HUMAN_OBSERVATION
51.444974,-3.602842,2019,4,United Kingdom of Great Britain and Northern Ireland,HUMAN_OBSERVATION
51.445279,-2.543135,2016,3,United Kingdom of Great Britain and Northern Ireland,HUMAN_OBSERVATION
51.445279,-2.543135,2016,10,United Kingdom of Great Britain and Northern Ireland,HUMAN_OBSERVATION
51.446173,-0.318518,2016,4,United Kingdom of Great Britain and Northern Ireland,HUMAN_OBSERVATION
51.44817,3.643712,2023,4,Netherlands,HUMAN_OBSERVATION
51.44829,3.644012,2023,4,Netherlands,HUMAN_OBSERVATION
51.449,3.553,2023,2,Netherlands,HUMAN_OBSERVATION
51.45,4.25,2024,3,Netherlands,HUMAN_OBSERVATION
51.451458,-0.023278,2016,4,United Kingdom of Great Britain and Northern Ireland,HUMAN_OBSERVATION
51.451458,-0.023278,2016,10,United Kingdom of Great Britain and Northern Ireland,HUMAN_OBSERVATION
51.455463,0.005683,2016,4,United Kingdom of Great Britain and Northern Ireland,HUMAN_OBSERVATION
51.455463,0.005683,2016,10,United Kingdom of Great Britain and Northern Ireland,HUMAN_OBSERVATION
51.45637,-2.117249,2016,5,United Kingdom of Great Britain and Northern Ireland,HUMAN_OBSERVATION
51.45637,-2.117249,2016,11,United Kingdom of Great Britain and Northern Ireland,HUMAN_OBSERVATION
51.456871,-3.521214,2021,5,United Kingdom of Great Britain and Northern Ireland,HUMAN_OBSERVATION
51.456871,-3.521214,2021,9,United Kingdom of Great Britain and Northern Ireland,HUMAN_OBSERVATION
51.458024,-0.949973,2016,5,United Kingdom of Great Britain and Northern Ireland,HUMAN_OBSERVATION
51.458525,-3.172215,2019,7,United Kingdom of Great Britain and Northern Ireland,HUMAN_OBSERVATION
51.459157,-3.171943,2019,7,United Kingdom of Great Britain and Northern Ireland,HUMAN_OBSERVATION
51.459835,-0.951371,2016,5,United Kingdom of Great Britain and Northern Ireland,HUMAN_OBSERVATION
51.459835,-0.951371,2016,11,United Kingdom of Great Britain and Northern Ireland,HUMAN_OBSERVATION
51.462177,-3.445814,2023,4,United Kingdom of Great Britain and Northern Ireland,HUMAN_OBSERVATION
51.462177,-3.445814,2022,3,United Kingdom of Great Britain and Northern Ireland,HUMAN_OBSERVATION
51.462177,-3.445814,2022,6,United Kingdom of Great Britain and Northern Ireland,HUMAN_OBSERVATION
51.462177,-3.445814,2022,10,United Kingdom of Great Britain and Northern Ireland,HUMAN_OBSERVATION
51.462177,-3.445814,2021,5,United Kingdom of Great Britain and Northern Ireland,HUMAN_OBSERVATION
51.462177,-3.445814,2021,7,United Kingdom of Great Britain and Northern Ireland,HUMAN_OBSERVATION
51.462177,-3.445814,2021,9,United Kingdom of Great Britain and Northern Ireland,HUMAN_OBSERVATION
51.462177,-3.445814,2020,8,United Kingdom of Great Britain and Northern Ireland,HUMAN_OBSERVATION
51.462177,-3.445814,2020,11,United Kingdom of Great Britain and Northern Ireland,HUMAN_OBSERVATION
51.462177,-3.445814,2019,5,United Kingdom of Great Britain and Northern Ireland,HUMAN_OBSERVATION
51.462177,-3.445814,2019,9,United Kingdom of Great Britain and Northern Ireland,HUMAN_OBSERVATION
51.462177,-3.445814,2018,5,United Kingdom of Great Britain and Northern Ireland,HUMAN_OBSERVATION
51.462177,-3.445814,2018,9,United Kingdom of Great Britain and Northern Ireland,HUMAN_OBSERVATION
51.462177,-3.445814,2017,4,United Kingdom of Great Britain and Northern Ireland,HUMAN_OBSERVATION
51.462177,-3.445814,2016,3,United Kingdom of Great Britain and Northern Ireland,HUMAN_OBSERVATION
51.462177,-3.445814,2016,9,United Kingdom of Great Britain and Northern Ireland,HUMAN_OBSERVATION
51.462177,-3.445814,2016,9,United Kingdom of Great Britain and Northern Ireland,HUMAN_OBSERVATION
51.462519,-0.94987,2016,6,United Kingdom of Great Britain and Northern Ireland,HUMAN_OBSERVATION
51.463986,-0.505012,2016,4,United Kingdom of Great Britain and Northern Ireland,HUMAN_OBSERVATION
51.463986,-0.505012,2016,10,United Kingdom of Great Britain and Northern Ireland,HUMAN_OBSERVATION
51.468552,-1.084989,2020,9,United Kingdom of Great Britain and Northern Ireland,HUMAN_OBSERVATION
51.471359,-0.319032,2016,2,United Kingdom of Great Britain and Northern Ireland,HUMAN_OBSERVATION
51.471359,-0.319032,2016,4,United Kingdom of Great Britain and Northern Ireland,HUMAN_OBSERVATION
51.471359,-0.319032,2016,9,United Kingdom of Great Britain and Northern Ireland,HUMAN_OBSERVATION
51.472391,-2.228151,2016,4,United Kingdom of Great Britain and Northern Ireland,HUMAN_OBSERVATION
51.472391,-2.228151,2016,11,United Kingdom of Great Britain and Northern Ireland,HUMAN_OBSERVATION
51.474907,-1.087094,2019,9,United Kingdom of Great Britain and Northern Ireland,HUMAN_OBSERVATION
51.475762,-0.251191,2016,2,United Kingdom of Great Britain and Northern Ireland,HUMAN_OBSERVATION
51.475762,-0.251191,2016,4,United Kingdom of Great Britain and Northern Ireland,HUMAN_OBSERVATION
51.475762,-0.251191,2016,9,United Kingdom of Great Britain and Northern Ireland,HUMAN_OBSERVATION
51.47642,-0.176284,2016,2,United Kingdom of Great Britain and Northern Ireland,HUMAN_OBSERVATION
51.47642,-0.176284,2016,4,United Kingdom of Great Britain and Northern Ireland,HUMAN_OBSERVATION
51.47642,-0.176284,2016,9,United Kingdom of Great Britain and Northern Ireland,HUMAN_OBSERVATION
51.476645,-3.324102,2019,5,United Kingdom of Great Britain and Northern Ireland,HUMAN_OBSERVATION
51.476645,-3.324102,2019,9,United Kingdom of Great Britain and Northern Ireland,HUMAN_OBSERVATION
51.479187,-2.513844,2018,4,United Kingdom of Great Britain and Northern Ireland,HUMAN_OBSERVATION
51.479582,-2.513303,2018,4,United Kingdom of Great Britain and Northern Ireland,HUMAN_OBSERVATION
51.480412,-3.612077,2019,4,United Kingdom of Great Britain and Northern Ireland,HUMAN_OBSERVATION
51.48313,-0.011034,2021,2,United Kingdom of Great Britain and Northern Ireland,HUMAN_OBSERVATION
51.483208,-3.595097,2021,5,United Kingdom of Great Britain and Northern Ireland,HUMAN_OBSERVATION
51.483208,-3.595097,2021,8,United Kingdom of Great Britain and Northern Ireland,HUMAN_OBSERVATION
51.483208,-3.595097,2021,10,United Kingdom of Great Britain and Northern Ireland,HUMAN_OBSERVATION
51.483208,-3.595097,2018,4,United Kingdom of Great Britain and Northern Ireland,HUMAN_OBSERVATION
51.483208,-3.595097,2018,10,United Kingdom of Great Britain and Northern Ireland,HUMAN_OBSERVATION
51.485003,-3.269241,2019,7,United Kingdom of Great Britain and Northern Ireland,HUMAN_OBSERVATION
51.485003,-3.269241,2019,9,United Kingdom of Great Britain and Northern Ireland,HUMAN_OBSERVATION
51.485003,-3.269241,2016,4,United Kingdom of Great Britain and Northern Ireland,HUMAN_OBSERVATION
51.485003,-3.269241,2016,10,United Kingdom of Great Britain and Northern Ireland,HUMAN_OBSERVATION
51.486349,-2.542585,2024,2,United Kingdom of Great Britain and Northern Ireland,HUMAN_OBSERVATION
51.487956,-0.285293,2016,2,United Kingdom of Great Britain and Northern Ireland,HUMAN_OBSERVATION
51.487956,-0.285293,2016,4,United Kingdom of Great Britain and Northern Ireland,HUMAN_OBSERVATION
51.487956,-0.285293,2016,9,United Kingdom of Great Britain and Northern Ireland,HUMAN_OBSERVATION
51.489814,-3.567311,2021,5,United Kingdom of Great Britain and Northern Ireland,HUMAN_OBSERVATION
51.489814,-3.567311,2021,9,United Kingdom of Great Britain and Northern Ireland,HUMAN_OBSERVATION
51.489814,-3.567311,2018,4,United Kingdom of Great Britain and Northern Ireland,HUMAN_OBSERVATION
51.489814,-3.567311,2018,10,United Kingdom of Great Britain and Northern Ireland,HUMAN_OBSERVATION
51.491214,-2.257052,2016,5,United Kingdom of Great Britain and Northern Ireland,HUMAN_OBSERVATION
51.491214,-2.257052,2016,11,United Kingdom of Great Britain and Northern Ireland,HUMAN_OBSERVATION
51.49293,-0.032217,2021,2,United Kingdom of Great Britain and Northern Ireland,HUMAN_OBSERVATION
51.493448,-0.635135,2016,5,United Kingdom of Great Britain and Northern Ireland,HUMAN_OBSERVATION
51.493448,-0.635135,2016,10,United Kingdom of Great Britain and Northern Ireland,HUMAN_OBSERVATION
51.494085,-3.598675,2021,5,United Kingdom of Great Britain and Northern Ireland,HUMAN_OBSERVATION
51.494085,-3.598675,2021,9,United Kingdom of Great Britain and Northern Ireland,HUMAN_OBSERVATION
51.494675,-3.196012,2023,5,United Kingdom of Great Britain and Northern Ireland,HUMAN_OBSERVATION
51.494675,-3.196012,2023,7,United Kingdom of Great Britain and Northern Ireland,HUMAN_OBSERVATION
51.494675,-3.196012,2022,4,United Kingdom of Great Britain and Northern Ireland,HUMAN_OBSERVATION
51.494675,-3.196012,2022,4,United Kingdom of Great Britain and Northern Ireland,HUMAN_OBSERVATION
51.494675,-3.196012,2019,10,United Kingdom of Great Britain and Northern Ireland,HUMAN_OBSERVATION
51.494675,-3.196012,2017,4,United Kingdom of Great Britain and Northern Ireland,HUMAN_OBSERVATION
51.494675,-3.196012,2017,4,United Kingdom of Great Britain and Northern Ireland,HUMAN_OBSERVATION
51.494675,-3.196012,2017,9,United Kingdom of Great Britain and Northern Ireland,HUMAN_OBSERVATION
51.494675,-3.196012,2016,4,United Kingdom of Great Britain and Northern Ireland,HUMAN_OBSERVATION
51.494675,-3.196012,2016,9,United Kingdom of Great Britain and Northern Ireland,HUMAN_OBSERVATION
51.500174,-3.171491,2021,5,United Kingdom of Great Britain and Northern Ireland,HUMAN_OBSERVATION
51.500174,-3.171491,2021,5,United Kingdom of Great Britain and Northern Ireland,HUMAN_OBSERVATION
51.500174,-3.171491,2021,9,United Kingdom of Great Britain and Northern Ireland,HUMAN_OBSERVATION
51.500552,-2.637434,2019,4,United Kingdom of Great Britain and Northern Ireland,HUMAN_OBSERVATION
51.500738,-0.059876,2021,8,United Kingdom of Great Britain and Northern Ireland,HUMAN_OBSERVATION
51.501415,-3.375091,2020,5,United Kingdom of Great Britain and Northern Ireland,HUMAN_OBSERVATION
51.50227,-2.05974,2016,4,United Kingdom of Great Britain and Northern Ireland,HUMAN_OBSERVATION
51.50227,-2.05974,2016,11,United Kingdom of Great Britain and Northern Ireland,HUMAN_OBSERVATION
51.502663,-3.581469,2021,5,United Kingdom of Great Britain and Northern Ireland,HUMAN_OBSERVATION
51.502663,-3.581469,2021,9,United Kingdom of Great Britain and Northern Ireland,HUMAN_OBSERVATION
51.502663,-3.581469,2018,4,United Kingdom of Great Britain and Northern Ireland,HUMAN_OBSERVATION
51.502663,-3.581469,2018,9,United Kingdom of Great Britain and Northern Ireland,HUMAN_OBSERVATION
51.504163,-3.370851,2019,5,United Kingdom of Great Britain and Northern Ireland,HUMAN_OBSERVATION
51.504998,-3.360989,2019,5,United Kingdom of Great Britain and Northern Ireland,HUMAN_OBSERVATION
51.504998,-3.360989,2019,9,United Kingdom of Great Britain and Northern Ireland,HUMAN_OBSERVATION
51.507351,-0.127758,2021,10,United Kingdom of Great Britain and Northern Ireland,HUMAN_OBSERVATION
51.508667,-3.508701,2018,5,United Kingdom of Great Britain and Northern Ireland,HUMAN_OBSERVATION
51.508667,-3.508701,2018,9,United Kingdom of Great Britain and Northern Ireland,HUMAN_OBSERVATION
51.509308,-3.214163,2021,5,United Kingdom of Great Britain and Northern Ireland,HUMAN_OBSERVATION
51.509308,-3.214163,2021,9,United Kingdom of Great Britain and Northern Ireland,HUMAN_OBSERVATION
51.51,-0.12,,,United Kingdom of Great Britain and Northern Ireland,OCCURRENCE
51.510278,9.923056,2021,9,Germany,HUMAN_OBSERVATION
51.510352,-2.078483,2016,3,United Kingdom of Great Britain and Northern Ireland,HUMAN_OBSERVATION
51.510352,-2.078483,2016,11,United Kingdom of Great Britain and Northern Ireland,HUMAN_OBSERVATION
51.51046,-0.708119,2016,5,United Kingdom of Great Britain and Northern Ireland,HUMAN_OBSERVATION
51.51046,-0.708119,2016,10,United Kingdom of Great Britain and Northern Ireland,HUMAN_OBSERVATION
51.513257,-3.054917,2016,2,United Kingdom of Great Britain and Northern Ireland,HUMAN_OBSERVATION
51.513754,-2.512246,2016,3,United Kingdom of Great Britain and Northern Ireland,HUMAN_OBSERVATION
51.513754,-2.512246,2016,10,United Kingdom of Great Britain and Northern Ireland,HUMAN_OBSERVATION
51.513801,-0.607145,2016,5,United Kingdom of Great Britain and Northern Ireland,HUMAN_OBSERVATION
51.513801,-0.607145,2016,9,United Kingdom of Great Britain and Northern Ireland,HUMAN_OBSERVATION
51.514497,-3.584833,2021,5,United Kingdom of Great Britain and Northern Ireland,HUMAN_OBSERVATION
51.514497,-3.584833,2021,9,United Kingdom of Great Britain and Northern Ireland,HUMAN_OBSERVATION
51.517333,-3.73445,2019,5,United Kingdom of Great Britain and Northern Ireland,HUMAN_OBSERVATION
51.517333,-3.73445,2019,5,United Kingdom of Great Britain and Northern Ireland,HUMAN_OBSERVATION
51.517564,-0.475874,2016,5,United Kingdom of Great Britain and Northern Ireland,HUMAN_OBSERVATION
51.517564,-0.475874,2016,9,United Kingdom of Great Britain and Northern Ireland,HUMAN_OBSERVATION
51.520069,-3.14371,2021,5,United Kingdom of Great Britain and Northern Ireland,HUMAN_OBSERVATION
51.520069,-3.14371,2021,9,United Kingdom of Great Britain and Northern Ireland,HUMAN_OBSERVATION
51.520159,-3.134401,2019,5,United Kingdom of Great Britain and Northern Ireland,HUMAN_OBSERVATION
51.520159,-3.134401,2019,9,United Kingdom of Great Britain and Northern Ireland,HUMAN_OBSERVATION
51.520159,-3.134401,2016,4,United Kingdom of Great Britain and Northern Ireland,HUMAN_OBSERVATION
51.520159,-3.134401,2016,9,United Kingdom of Great Britain and Northern Ireland,HUMAN_OBSERVATION
51.520159,-3.134401,2016,9,United Kingdom of Great Britain and Northern Ireland,HUMAN_OBSERVATION
51.522366,-3.046991,2022,3,United Kingdom of Great Britain and Northern Ireland,HUMAN_OBSERVATION
51.522814,-3.386763,2019,5,United Kingdom of Great Britain and Northern Ireland,HUMAN_OBSERVATION
51.522814,-3.386763,2019,7,United Kingdom of Great Britain and Northern Ireland,HUMAN_OBSERVATION
51.524438,-3.246052,2018,10,United Kingdom of Great Britain and Northern Ireland,HUMAN_OBSERVATION
51.527854,-3.389537,2019,4,United Kingdom of Great Britain and Northern Ireland,HUMAN_OBSERVATION
51.527854,-3.389537,2019,9,United Kingdom of Great Britain and Northern Ireland,HUMAN_OBSERVATION
51.528787,-1.137192,2016,5,United Kingdom of Great Britain and Northern Ireland,HUMAN_OBSERVATION
51.528787,-1.137192,2016,10,United Kingdom of Great Britain and Northern Ireland,HUMAN_OBSERVATION
51.532814,-3.366087,2019,4,United Kingdom of Great Britain and Northern Ireland,HUMAN_OBSERVATION
51.532814,-3.366087,2019,4,United Kingdom of Great Britain and Northern Ireland,HUMAN_OBSERVATION
51.532814,-3.366087,2019,9,United Kingdom of Great Britain and Northern Ireland,HUMAN_OBSERVATION
51.533412,-2.539859,2016,4,United Kingdom of Great Britain and Northern Ireland,HUMAN_OBSERVATION
51.533412,-2.539859,2016,9,United Kingdom of Great Britain and Northern Ireland,HUMAN_OBSERVATION
51.533872,-3.739292,2021,4,United Kingdom of Great Britain and Northern Ireland,HUMAN_OBSERVATION
51.533872,-3.739292,2021,8,United Kingdom of Great Britain and Northern Ireland,HUMAN_OBSERVATION
51.533872,-3.739292,2021,10,United Kingdom of Great Britain and Northern Ireland,HUMAN_OBSERVATION
51.533872,-3.739292,2018,4,United Kingdom of Great Britain and Northern Ireland,HUMAN_OBSERVATION
51.533872,-3.739292,2018,10,United Kingdom of Great Britain and Northern Ireland,HUMAN_OBSERVATION
51.534763,-3.694382,2021,4,United Kingdom of Great Britain and Northern Ireland,HUMAN_OBSERVATION
51.534763,-3.694382,2021,10,United Kingdom of Great Britain and Northern Ireland,HUMAN_OBSERVATION
51.535191,-3.343232,2019,4,United Kingdom of Great Britain and Northern Ireland,HUMAN_OBSERVATION
51.535191,-3.343232,2019,9,United Kingdom of Great Britain and Northern Ireland,HUMAN_OBSERVATION
51.535525,-3.395596,2019,5,United Kingdom of Great Britain and Northern Ireland,HUMAN_OBSERVATION
51.535525,-3.395596,2019,9,United Kingdom of Great Britain and Northern Ireland,HUMAN_OBSERVATION
51.535604,9.956734,2022,7,Germany,HUMAN_OBSERVATION
51.535604,9.956734,2022,7,Germany,HUMAN_OBSERVATION
51.53561,9.919245,2024,3,Germany,HUMAN_OBSERVATION
51.53584,-3.337642,2019,9,United Kingdom of Great Britain and Northern Ireland,HUMAN_OBSERVATION
51.53584,-3.337642,2019,9,United Kingdom of Great Britain and Northern Ireland,HUMAN_OBSERVATION
51.537807,-3.724344,2021,3,United Kingdom of Great Britain and Northern Ireland,HUMAN_OBSERVATION
51.537807,-3.724344,2021,3,United Kingdom of Great Britain and Northern Ireland,HUMAN_OBSERVATION
51.537807,-3.724344,2021,9,United Kingdom of Great Britain and Northern Ireland,HUMAN_OBSERVATION
51.537807,-3.724344,2018,3,United Kingdom of Great Britain and Northern Ireland,HUMAN_OBSERVATION
51.537807,-3.724344,2018,9,United Kingdom of Great Britain and Northern Ireland,HUMAN_OBSERVATION
51.538247,-2.032393,2016,5,United Kingdom of Great Britain and Northern Ireland,HUMAN_OBSERVATION
51.541249,-0.499598,2016,5,United Kingdom of Great Britain and Northern Ireland,HUMAN_OBSERVATION
51.541249,-0.499598,2016,9,United Kingdom of Great Britain and Northern Ireland,HUMAN_OBSERVATION
51.543248,-9.634939,2018,6,Ireland,HUMAN_OBSERVATION
51.54438,6.998198,2024,5,Germany,HUMAN_OBSERVATION
51.544415,6.998369,2024,2,Germany,HUMAN_OBSERVATION
51.545232,-3.392951,2019,5,United Kingdom of Great Britain and Northern Ireland,HUMAN_OBSERVATION
51.545232,-3.392951,2019,9,United Kingdom of Great Britain and Northern Ireland,HUMAN_OBSERVATION
51.545712,6.993561,2024,5,Germany,HUMAN_OBSERVATION
51.545992,-0.338588,2024,10,United Kingdom of Great Britain and Northern Ireland,HUMAN_OBSERVATION
51.546103,-3.069968,2018,7,United Kingdom of Great Britain and Northern Ireland,HUMAN_OBSERVATION
51.547035,-3.758759,2018,10,United Kingdom of Great Britain and Northern Ireland,HUMAN_OBSERVATION
51.54721,-2.087199,2016,3,United Kingdom of Great Britain and Northern Ireland,HUMAN_OBSERVATION
51.54721,-2.087199,2016,10,United Kingdom of Great Britain and Northern Ireland,HUMAN_OBSERVATION
51.549218,-3.341756,2019,4,United Kingdom of Great Britain and Northern Ireland,HUMAN_OBSERVATION
51.549218,-3.341756,2019,9,United Kingdom of Great Britain and Northern Ireland,HUMAN_OBSERVATION
51.55,5.25,2023,2,Netherlands,HUMAN_OBSERVATION
51.55,5.25,2017,11,Netherlands,HUMAN_OBSERVATION
51.55,5.35,2021,9,Netherlands,HUMAN_OBSERVATION
51.55,5.4,2021,9,Netherlands,HUMAN_OBSERVATION
51.552038,-3.334195,2019,4,United Kingdom of Great Britain and Northern Ireland,HUMAN_OBSERVATION
51.552038,-3.334195,2019,9,United Kingdom of Great Britain and Northern Ireland,HUMAN_OBSERVATION
51.552126,-3.57848,2018,4,United Kingdom of Great Britain and Northern Ireland,HUMAN_OBSERVATION
51.552126,-3.57848,2018,10,United Kingdom of Great Britain and Northern Ireland,HUMAN_OBSERVATION
51.553893,-2.947203,2016,4,United Kingdom of Great Britain and Northern Ireland,HUMAN_OBSERVATION
51.555501,0.288503,2019,7,United Kingdom of Great Britain and Northern Ireland,HUMAN_OBSERVATION
51.556378,-2.95014,2016,4,United Kingdom of Great Britain and Northern Ireland,HUMAN_OBSERVATION
51.557877,-9.409017,2018,6,Ireland,HUMAN_OBSERVATION
51.559837,-0.700951,2016,5,United Kingdom of Great Britain and Northern Ireland,HUMAN_OBSERVATION
51.559837,-0.700951,2016,10,United Kingdom of Great Britain and Northern Ireland,HUMAN_OBSERVATION
51.560148,-3.414974,2019,5,United Kingdom of Great Britain and Northern Ireland,HUMAN_OBSERVATION
51.560148,-3.414974,2019,9,United Kingdom of Great Britain and Northern Ireland,HUMAN_OBSERVATION
51.56057,6.891766,2024,3,Germany,HUMAN_OBSERVATION
51.561694,-3.421415,2019,4,United Kingdom of Great Britain and Northern Ireland,HUMAN_OBSERVATION
51.563825,-3.032888,2019,7,United Kingdom of Great Britain and Northern Ireland,HUMAN_OBSERVATION
51.566161,-9.469132,2018,6,Ireland,HUMAN_OBSERVATION
51.566287,-0.488674,2016,7,United Kingdom of Great Britain and Northern Ireland,HUMAN_OBSERVATION
51.566287,-0.488674,2016,10,United Kingdom of Great Britain and Northern Ireland,HUMAN_OBSERVATION
51.566504,-9.061313,2018,6,Ireland,HUMAN_OBSERVATION
51.567343,-3.605527,2021,5,United Kingdom of Great Britain and Northern Ireland,HUMAN_OBSERVATION
51.567343,-3.605527,2021,9,United Kingdom of Great Britain and Northern Ireland,HUMAN_OBSERVATION
51.567343,-3.605527,2018,10,United Kingdom of Great Britain and Northern Ireland,HUMAN_OBSERVATION
51.569217,-3.024217,2023,3,United Kingdom of Great Britain and Northern Ireland,HUMAN_OBSERVATION
51.569217,-3.024217,2022,6,United Kingdom of Great Britain and Northern Ireland,HUMAN_OBSERVATION
51.569217,-3.024217,2022,9,United Kingdom of Great Britain and Northern Ireland,HUMAN_OBSERVATION
51.569217,-3.024217,2019,5,United Kingdom of Great Britain and Northern Ireland,HUMAN_OBSERVATION
51.569217,-3.024217,2019,9,United Kingdom of Great Britain and Northern Ireland,HUMAN_OBSERVATION
51.569217,-3.024217,2018,7,United Kingdom of Great Britain and Northern Ireland,HUMAN_OBSERVATION
51.569217,-3.024217,2016,9,United Kingdom of Great Britain and Northern Ireland,HUMAN_OBSERVATION
51.569481,-3.538751,2021,4,United Kingdom of Great Britain and Northern Ireland,HUMAN_OBSERVATION
51.569481,-3.538751,2021,9,United Kingdom of Great Britain and Northern Ireland,HUMAN_OBSERVATION
51.569481,-3.538751,2018,4,United Kingdom of Great Britain and Northern Ireland,HUMAN_OBSERVATION
51.569481,-3.538751,2018,10,United Kingdom of Great Britain and Northern Ireland,HUMAN_OBSERVATION
51.570301,-3.540683,2021,4,United Kingdom of Great Britain and Northern Ireland,HUMAN_OBSERVATION
51.570301,-3.540683,2018,4,United Kingdom of Great Britain and Northern Ireland,HUMAN_OBSERVATION
51.570301,-3.540683,2018,10,United Kingdom of Great Britain and Northern Ireland,HUMAN_OBSERVATION
51.57049,-2.844916,2016,5,United Kingdom of Great Britain and Northern Ireland,HUMAN_OBSERVATION
51.571305,-3.428538,2019,5,United Kingdom of Great Britain and Northern Ireland,HUMAN_OBSERVATION
51.571305,-3.428538,2019,9,United Kingdom of Great Britain and Northern Ireland,HUMAN_OBSERVATION
51.571305,-3.428538,2019,9,United Kingdom of Great Britain and Northern Ireland,HUMAN_OBSERVATION
51.571509,-2.651413,2016,4,United Kingdom of Great Britain and Northern Ireland,HUMAN_OBSERVATION
51.571509,-2.651413,2016,9,United Kingdom of Great Britain and Northern Ireland,HUMAN_OBSERVATION
51.572549,-2.843785,2016,4,United Kingdom of Great Britain and Northern Ireland,HUMAN_OBSERVATION
51.572935,-9.272818,2018,6,Ireland,HUMAN_OBSERVATION
51.573282,-2.840639,2016,5,United Kingdom of Great Britain and Northern Ireland,HUMAN_OBSERVATION
51.574186,-2.084365,2016,4,United Kingdom of Great Britain and Northern Ireland,HUMAN_OBSERVATION
51.574186,-2.084365,2016,10,United Kingdom of Great Britain and Northern Ireland,HUMAN_OBSERVATION
51.576486,-3.040182,2023,3,United Kingdom of Great Britain and Northern Ireland,HUMAN_OBSERVATION
51.576486,-3.040182,2022,6,United Kingdom of Great Britain and Northern Ireland,HUMAN_OBSERVATION
51.576486,-3.040182,2022,9,United Kingdom of Great Britain and Northern Ireland,HUMAN_OBSERVATION
51.576486,-3.040182,2018,7,United Kingdom of Great Britain and Northern Ireland,HUMAN_OBSERVATION
51.577269,-8.997878,2018,6,Ireland,HUMAN_OBSERVATION
51.578271,0.698129,2016,3,United Kingdom of Great Britain and Northern Ireland,HUMAN_OBSERVATION
51.578271,0.698129,2016,3,United Kingdom of Great Britain and Northern Ireland,HUMAN_OBSERVATION
51.578271,0.698129,2016,10,United Kingdom of Great Britain and Northern Ireland,HUMAN_OBSERVATION
51.578322,-0.515696,2016,5,United Kingdom of Great Britain and Northern Ireland,HUMAN_OBSERVATION
51.578322,-0.515696,2016,10,United Kingdom of Great Britain and Northern Ireland,HUMAN_OBSERVATION
51.580006,-3.043726,2023,3,United Kingdom of Great Britain and Northern Ireland,HUMAN_OBSERVATION
51.580006,-3.043726,2022,6,United Kingdom of Great Britain and Northern Ireland,HUMAN_OBSERVATION
51.580006,-3.043726,2022,9,United Kingdom of Great Britain and Northern Ireland,HUMAN_OBSERVATION
51.580006,-3.043726,2022,9,United Kingdom of Great Britain and Northern Ireland,HUMAN_OBSERVATION
51.580006,-3.043726,2018,7,United Kingdom of Great Britain and Northern Ireland,HUMAN_OBSERVATION
51.580775,-9.144498,2018,6,Ireland,HUMAN_OBSERVATION
51.581553,-0.418889,2016,11,United Kingdom of Great Britain and Northern Ireland,HUMAN_OBSERVATION
51.582368,-9.463637,2018,6,Ireland,HUMAN_OBSERVATION
51.582459,-2.829681,2018,7,United Kingdom of Great Britain and Northern Ireland,HUMAN_OBSERVATION
51.584457,-0.304758,2016,5,United Kingdom of Great Britain and Northern Ireland,HUMAN_OBSERVATION
51.584457,-0.304758,2016,10,United Kingdom of Great Britain and Northern Ireland,HUMAN_OBSERVATION
51.584877,-2.173869,2016,10,United Kingdom of Great Britain and Northern Ireland,HUMAN_OBSERVATION
51.584903,-0.538576,2016,5,United Kingdom of Great Britain and Northern Ireland,HUMAN_OBSERVATION
51.584903,-0.538576,2016,7,United Kingdom of Great Britain and Northern Ireland,HUMAN_OBSERVATION
51.584903,-0.538576,2016,10,United Kingdom of Great Britain and Northern Ireland,HUMAN_OBSERVATION
51.584921,-0.540019,2016,5,United Kingdom of Great Britain and Northern Ireland,HUMAN_OBSERVATION
51.584921,-0.540019,2016,5,United Kingdom of Great Britain and Northern Ireland,HUMAN_OBSERVATION
51.58615,-3.772625,2024,3,United Kingdom of Great Britain and Northern Ireland,HUMAN_OBSERVATION
51.58615,-3.772625,2021,4,United Kingdom of Great Britain and Northern Ireland,HUMAN_OBSERVATION
51.58615,-3.772625,2021,11,United Kingdom of Great Britain and Northern Ireland,HUMAN_OBSERVATION
51.58615,-3.772625,2018,3,United Kingdom of Great Britain and Northern Ireland,HUMAN_OBSERVATION
51.58615,-3.772625,2018,9,United Kingdom of Great Britain and Northern Ireland,HUMAN_OBSERVATION
51.586235,-3.222681,2019,5,United Kingdom of Great Britain and Northern Ireland,HUMAN_OBSERVATION
51.586235,-3.222681,2019,5,United Kingdom of Great Britain and Northern Ireland,HUMAN_OBSERVATION
51.586235,-3.222681,2019,9,United Kingdom of Great Britain and Northern Ireland,HUMAN_OBSERVATION
51.586235,-3.222681,2016,3,United Kingdom of Great Britain and Northern Ireland,HUMAN_OBSERVATION
51.586235,-3.222681,2016,9,United Kingdom of Great Britain and Northern Ireland,HUMAN_OBSERVATION
51.586441,-9.414735,2018,6,Ireland,HUMAN_OBSERVATION
51.586659,-0.210848,2016,5,United Kingdom of Great Britain and Northern Ireland,HUMAN_OBSERVATION
51.586659,-0.210848,2016,9,United Kingdom of Great Britain and Northern Ireland,HUMAN_OBSERVATION
51.587504,0.165959,2016,4,United Kingdom of Great Britain and Northern Ireland,HUMAN_OBSERVATION
51.587504,0.165959,2016,11,United Kingdom of Great Britain and Northern Ireland,HUMAN_OBSERVATION
51.588138,-9.08254,2018,6,Ireland,HUMAN_OBSERVATION
51.589223,-3.210303,2019,5,United Kingdom of Great Britain and Northern Ireland,HUMAN_OBSERVATION
51.589223,-3.210303,2019,9,United Kingdom of Great Britain and Northern Ireland,HUMAN_OBSERVATION
51.589223,-3.210303,2016,3,United Kingdom of Great Britain and Northern Ireland,HUMAN_OBSERVATION
51.589223,-3.210303,2016,9,United Kingdom of Great Britain and Northern Ireland,HUMAN_OBSERVATION
51.590755,-0.243891,2016,5,United Kingdom of Great Britain and Northern Ireland,HUMAN_OBSERVATION
51.590755,-0.243891,2016,9,United Kingdom of Great Britain and Northern Ireland,HUMAN_OBSERVATION
51.593602,-3.071653,2023,3,United Kingdom of Great Britain and Northern Ireland,HUMAN_OBSERVATION
51.593602,-3.071653,2022,6,United Kingdom of Great Britain and Northern Ireland,HUMAN_OBSERVATION
51.593602,-3.071653,2022,9,United Kingdom of Great Britain and Northern Ireland,HUMAN_OBSERVATION
51.593602,-3.071653,2018,7,United Kingdom of Great Britain and Northern Ireland,HUMAN_OBSERVATION
51.594013,0.430493,2016,3,United Kingdom of Great Britain and Northern Ireland,HUMAN_OBSERVATION
51.594013,0.430493,2016,10,United Kingdom of Great Britain and Northern Ireland,HUMAN_OBSERVATION
51.594887,-9.031215,2018,6,Ireland,HUMAN_OBSERVATION
51.595055,-4.085883,2023,6,United Kingdom of Great Britain and Northern Ireland,HUMAN_OBSERVATION
51.6,4,2022,3,Netherlands,HUMAN_OBSERVATION
51.6,5.3,2022,8,Netherlands,HUMAN_OBSERVATION
51.6,5.4,2021,1,Netherlands,HUMAN_OBSERVATION
51.600096,-3.731121,2016,2,United Kingdom of Great Britain and Northern Ireland,HUMAN_OBSERVATION
51.600154,-3.733318,2016,2,United Kingdom of Great Britain and Northern Ireland,HUMAN_OBSERVATION
51.600517,-4.001581,2019,4,United Kingdom of Great Britain and Northern Ireland,HUMAN_OBSERVATION
51.600517,-4.001581,2019,10,United Kingdom of Great Britain and Northern Ireland,HUMAN_OBSERVATION
51.601012,-3.735474,2016,2,United Kingdom of Great Britain and Northern Ireland,HUMAN_OBSERVATION
51.601138,-3.736677,2016,2,United Kingdom of Great Britain and Northern Ireland,HUMAN_OBSERVATION
51.603707,-3.77601,2018,3,United Kingdom of Great Britain and Northern Ireland,HUMAN_OBSERVATION
51.603707,-3.77601,2018,9,United Kingdom of Great Britain and Northern Ireland,HUMAN_OBSERVATION
51.605136,-9.264632,2018,6,Ireland,HUMAN_OBSERVATION
51.605225,-8.907582,2018,6,Ireland,HUMAN_OBSERVATION
51.60604,-3.037377,2023,5,United Kingdom of Great Britain and Northern Ireland,HUMAN_OBSERVATION
51.60604,-3.037377,2023,7,United Kingdom of Great Britain and Northern Ireland,HUMAN_OBSERVATION
51.60604,-3.037377,2022,9,United Kingdom of Great Britain and Northern Ireland,HUMAN_OBSERVATION
51.60604,-3.037377,2021,4,United Kingdom of Great Britain and Northern Ireland,HUMAN_OBSERVATION
51.60604,-3.037377,2021,10,United Kingdom of Great Britain and Northern Ireland,HUMAN_OBSERVATION
51.60604,-3.037377,2018,4,United Kingdom of Great Britain and Northern Ireland,HUMAN_OBSERVATION
51.60604,-3.037377,2017,5,United Kingdom of Great Britain and Northern Ireland,HUMAN_OBSERVATION
51.60604,-3.037377,2017,9,United Kingdom of Great Britain and Northern Ireland,HUMAN_OBSERVATION
51.60604,-3.037377,2016,4,United Kingdom of Great Britain and Northern Ireland,HUMAN_OBSERVATION
51.606639,-10.01891,2018,6,Ireland,HUMAN_OBSERVATION
51.609238,-9.130775,2018,6,Ireland,HUMAN_OBSERVATION
51.610303,-0.556535,2016,10,United Kingdom of Great Britain and Northern Ireland,HUMAN_OBSERVATION
51.611729,0.486329,2016,10,United Kingdom of Great Britain and Northern Ireland,HUMAN_OBSERVATION
51.614678,-3.41245,2021,5,United Kingdom of Great Britain and Northern Ireland,HUMAN_OBSERVATION
51.614678,-3.41245,2021,10,United Kingdom of Great Britain and Northern Ireland,HUMAN_OBSERVATION
51.61486,-3.802936,2021,3,United Kingdom of Great Britain and Northern Ireland,HUMAN_OBSERVATION
51.61486,-3.802936,2021,11,United Kingdom of Great Britain and Northern Ireland,HUMAN_OBSERVATION
51.61486,-3.802936,2019,4,United Kingdom of Great Britain and Northern Ireland,HUMAN_OBSERVATION
51.61486,-3.802936,2019,10,United Kingdom of Great Britain and Northern Ireland,HUMAN_OBSERVATION
51.615242,-3.810852,2021,3,United Kingdom of Great Britain and Northern Ireland,HUMAN_OBSERVATION
51.615242,-3.810852,2021,9,United Kingdom of Great Britain and Northern Ireland,HUMAN_OBSERVATION
51.615242,-3.810852,2019,5,United Kingdom of Great Britain and Northern Ireland,HUMAN_OBSERVATION
51.615242,-3.810852,2019,10,United Kingdom of Great Britain and Northern Ireland,HUMAN_OBSERVATION
51.615361,-4.238716,2019,4,United Kingdom of Great Britain and Northern Ireland,HUMAN_OBSERVATION
51.615361,-4.238716,2019,10,United Kingdom of Great Britain and Northern Ireland,HUMAN_OBSERVATION
51.615392,-0.039274,2016,4,United Kingdom of Great Britain and Northern Ireland,HUMAN_OBSERVATION
51.615392,-0.039274,2016,9,United Kingdom of Great Britain and Northern Ireland,HUMAN_OBSERVATION
51.621,-8.899649,2018,6,Ireland,HUMAN_OBSERVATION
51.621803,-0.046221,2016,5,United Kingdom of Great Britain and Northern Ireland,HUMAN_OBSERVATION
51.623139,-0.733814,2016,5,United Kingdom of Great Britain and Northern Ireland,HUMAN_OBSERVATION
51.623139,-0.733814,2016,11,United Kingdom of Great Britain and Northern Ireland,HUMAN_OBSERVATION
51.624383,-3.454272,2021,5,United Kingdom of Great Britain and Northern Ireland,HUMAN_OBSERVATION
51.624383,-3.454272,2021,10,United Kingdom of Great Britain and Northern Ireland,HUMAN_OBSERVATION
51.624383,-3.454272,2021,10,United Kingdom of Great Britain and Northern Ireland,HUMAN_OBSERVATION
51.625471,-3.59121,2019,5,United Kingdom of Great Britain and Northern Ireland,HUMAN_OBSERVATION
51.626592,-2.96931,2019,5,United Kingdom of Great Britain and Northern Ireland,HUMAN_OBSERVATION
51.626592,-2.96931,2019,9,United Kingdom of Great Britain and Northern Ireland,HUMAN_OBSERVATION
51.626592,-2.96931,2019,9,United Kingdom of Great Britain and Northern Ireland,HUMAN_OBSERVATION
51.626592,-2.96931,2017,5,United Kingdom of Great Britain and Northern Ireland,HUMAN_OBSERVATION
51.626592,-2.96931,2017,9,United Kingdom of Great Britain and Northern Ireland,HUMAN_OBSERVATION
51.627094,-3.329476,2022,3,United Kingdom of Great Britain and Northern Ireland,HUMAN_OBSERVATION
51.627094,-3.329476,2022,7,United Kingdom of Great Britain and Northern Ireland,HUMAN_OBSERVATION
51.627094,-3.329476,2021,5,United Kingdom of Great Britain and Northern Ireland,HUMAN_OBSERVATION
51.627094,-3.329476,2021,7,United Kingdom of Great Britain and Northern Ireland,HUMAN_OBSERVATION
51.627094,-3.329476,2021,10,United Kingdom of Great Britain and Northern Ireland,HUMAN_OBSERVATION
51.627094,-3.329476,2018,5,United Kingdom of Great Britain and Northern Ireland,HUMAN_OBSERVATION
51.627094,-3.329476,2018,9,United Kingdom of Great Britain and Northern Ireland,HUMAN_OBSERVATION
51.627094,-3.329476,2017,3,United Kingdom of Great Britain and Northern Ireland,HUMAN_OBSERVATION
51.627094,-3.329476,2017,9,United Kingdom of Great Britain and Northern Ireland,HUMAN_OBSERVATION
51.627094,-3.329476,2016,4,United Kingdom of Great Britain and Northern Ireland,HUMAN_OBSERVATION
51.627094,-3.329476,2016,10,United Kingdom of Great Britain and Northern Ireland,HUMAN_OBSERVATION
51.627094,-3.329476,2016,10,United Kingdom of Great Britain and Northern Ireland,HUMAN_OBSERVATION
51.628634,-2.558325,2016,4,United Kingdom of Great Britain and Northern Ireland,HUMAN_OBSERVATION
51.62888,-2.947889,2023,5,United Kingdom of Great Britain and Northern Ireland,HUMAN_OBSERVATION
51.62888,-2.947889,2023,10,United Kingdom of Great Britain and Northern Ireland,HUMAN_OBSERVATION
51.629466,-9.197431,2018,6,Ireland,HUMAN_OBSERVATION
51.629824,-9.832683,2016,6,Ireland,HUMAN_OBSERVATION
51.629832,-2.998997,2019,5,United Kingdom of Great Britain and Northern Ireland,HUMAN_OBSERVATION
51.629832,-2.998997,2019,9,United Kingdom of Great Britain and Northern Ireland,HUMAN_OBSERVATION
51.630009,7.638105,2007,6,Germany,OCCURRENCE
51.631403,9.94729,2021,10,Germany,HUMAN_OBSERVATION
51.632081,-9.292662,2018,6,Ireland,HUMAN_OBSERVATION
51.633099,-3.740844,2021,4,United Kingdom of Great Britain and Northern Ireland,HUMAN_OBSERVATION
51.634214,-1.168427,2016,5,United Kingdom of Great Britain and Northern Ireland,HUMAN_OBSERVATION
51.634214,-1.168427,2016,10,United Kingdom of Great Britain and Northern Ireland,HUMAN_OBSERVATION
51.634521,-3.74558,2021,3,United Kingdom of Great Britain and Northern Ireland,HUMAN_OBSERVATION
51.634521,-3.74558,2021,10,United Kingdom of Great Britain and Northern Ireland,HUMAN_OBSERVATION
51.634521,-3.74558,2018,3,United Kingdom of Great Britain and Northern Ireland,HUMAN_OBSERVATION
51.634521,-3.74558,2018,9,United Kingdom of Great Britain and Northern Ireland,HUMAN_OBSERVATION
51.635239,-0.772492,2016,5,United Kingdom of Great Britain and Northern Ireland,HUMAN_OBSERVATION
51.635239,-0.772492,2016,11,United Kingdom of Great Britain and Northern Ireland,HUMAN_OBSERVATION
51.636012,4.03949,2023,12,Netherlands,HUMAN_OBSERVATION
51.638024,-1.913975,2016,5,United Kingdom of Great Britain and Northern Ireland,HUMAN_OBSERVATION
51.640277,-1.665421,2016,5,United Kingdom of Great Britain and Northern Ireland,HUMAN_OBSERVATION
51.640277,-1.665421,2016,10,United Kingdom of Great Britain and Northern Ireland,HUMAN_OBSERVATION
51.64044,-4.806106,1999,10,United Kingdom of Great Britain and Northern Ireland,MATERIAL_SAMPLE
51.64044,-4.806106,1999,10,United Kingdom of Great Britain and Northern Ireland,MATERIAL_SAMPLE
51.64185,0.378126,2016,6,United Kingdom of Great Britain and Northern Ireland,HUMAN_OBSERVATION
51.642644,-9.431838,2018,6,Ireland,HUMAN_OBSERVATION
51.643183,-3.236207,2019,5,United Kingdom of Great Britain and Northern Ireland,HUMAN_OBSERVATION
51.643183,-3.236207,2019,9,United Kingdom of Great Britain and Northern Ireland,HUMAN_OBSERVATION
51.643183,-3.236207,2016,3,United Kingdom of Great Britain and Northern Ireland,HUMAN_OBSERVATION
51.643183,-3.236207,2016,9,United Kingdom of Great Britain and Northern Ireland,HUMAN_OBSERVATION
51.643404,-1.985428,2022,9,United Kingdom of Great Britain and Northern Ireland,HUMAN_OBSERVATION
51.647112,-9.02736,2018,6,Ireland,HUMAN_OBSERVATION
51.648354,-0.579899,2016,5,United Kingdom of Great Britain and Northern Ireland,HUMAN_OBSERVATION
51.648354,-0.579899,2016,10,United Kingdom of Great Britain and Northern Ireland,HUMAN_OBSERVATION
51.648893,0.340909,2016,3,United Kingdom of Great Britain and Northern Ireland,HUMAN_OBSERVATION
51.648893,0.340909,2016,9,United Kingdom of Great Britain and Northern Ireland,HUMAN_OBSERVATION
51.648973,-3.32824,2022,3,United Kingdom of Great Britain and Northern Ireland,HUMAN_OBSERVATION
51.648973,-3.32824,2021,5,United Kingdom of Great Britain and Northern Ireland,HUMAN_OBSERVATION
51.648973,-3.32824,2021,9,United Kingdom of Great Britain and Northern Ireland,HUMAN_OBSERVATION
51.648973,-3.32824,2020,9,United Kingdom of Great Britain and Northern Ireland,HUMAN_OBSERVATION
51.649127,-3.328172,2022,9,United Kingdom of Great Britain and Northern Ireland,HUMAN_OBSERVATION
51.649199,-8.859544,2018,6,Ireland,HUMAN_OBSERVATION
51.649253,-1.266437,2019,6,United Kingdom of Great Britain and Northern Ireland,HUMAN_OBSERVATION
51.65,3.9,2021,8,Netherlands,HUMAN_OBSERVATION
51.65,3.9,2021,8,Netherlands,HUMAN_OBSERVATION
51.65,3.9,2021,8,Netherlands,HUMAN_OBSERVATION
51.65,3.9,2021,8,Netherlands,HUMAN_OBSERVATION
51.65,3.9,2021,8,Netherlands,HUMAN_OBSERVATION
51.65,3.9,2021,8,Netherlands,HUMAN_OBSERVATION
51.65,4.1,2020,11,Netherlands,HUMAN_OBSERVATION
51.65,5.35,2023,4,Netherlands,HUMAN_OBSERVATION
51.65,5.95,2018,4,Netherlands,HUMAN_OBSERVATION
51.650565,-2.888076,2016,9,United Kingdom of Great Britain and Northern Ireland,HUMAN_OBSERVATION
51.650814,-9.023909,2018,6,Ireland,HUMAN_OBSERVATION
51.651539,-1.974657,2016,5,United Kingdom of Great Britain and Northern Ireland,HUMAN_OBSERVATION
51.651539,-1.974657,2016,10,United Kingdom of Great Britain and Northern Ireland,HUMAN_OBSERVATION
51.651612,-3.874187,2019,4,United Kingdom of Great Britain and Northern Ireland,HUMAN_OBSERVATION
51.651612,-3.874187,2019,9,United Kingdom of Great Britain and Northern Ireland,HUMAN_OBSERVATION
51.651805,-3.738886,2021,10,United Kingdom of Great Britain and Northern Ireland,HUMAN_OBSERVATION
51.652514,-3.494708,2022,3,United Kingdom of Great Britain and Northern Ireland,HUMAN_OBSERVATION
51.652514,-3.494708,2022,6,United Kingdom of Great Britain and Northern Ireland,HUMAN_OBSERVATION
51.652514,-3.494708,2021,5,United Kingdom of Great Britain and Northern Ireland,HUMAN_OBSERVATION
51.652514,-3.494708,2021,7,United Kingdom of Great Britain and Northern Ireland,HUMAN_OBSERVATION
51.652514,-3.494708,2021,10,United Kingdom of Great Britain and Northern Ireland,HUMAN_OBSERVATION
51.652514,-3.494708,2018,3,United Kingdom of Great Britain and Northern Ireland,HUMAN_OBSERVATION
51.652514,-3.494708,2018,9,United Kingdom of Great Britain and Northern Ireland,HUMAN_OBSERVATION
51.652514,-3.494708,2017,9,United Kingdom of Great Britain and Northern Ireland,HUMAN_OBSERVATION
51.652514,-3.494708,2016,4,United Kingdom of Great Britain and Northern Ireland,HUMAN_OBSERVATION
51.652514,-3.494708,2016,9,United Kingdom of Great Britain and Northern Ireland,HUMAN_OBSERVATION
51.652532,-3.739565,2018,3,United Kingdom of Great Britain and Northern Ireland,HUMAN_OBSERVATION
51.652876,-9.314841,2018,6,Ireland,HUMAN_OBSERVATION
51.653355,-3.632113,2018,3,United Kingdom of Great Britain and Northern Ireland,HUMAN_OBSERVATION
51.653355,-3.632113,2018,10,United Kingdom of Great Britain and Northern Ireland,HUMAN_OBSERVATION
51.653545,0.549341,2016,3,United Kingdom of Great Britain and Northern Ireland,HUMAN_OBSERVATION
51.653545,0.549341,2016,10,United Kingdom of Great Britain and Northern Ireland,HUMAN_OBSERVATION
51.654472,-0.425026,2016,4,United Kingdom of Great Britain and Northern Ireland,HUMAN_OBSERVATION
51.654472,-0.425026,2016,10,United Kingdom of Great Britain and Northern Ireland,HUMAN_OBSERVATION
51.654784,-5.02014,2018,5,United Kingdom of Great Britain and Northern Ireland,HUMAN_OBSERVATION
51.654784,-5.02014,2018,10,United Kingdom of Great Britain and Northern Ireland,HUMAN_OBSERVATION
51.655735,0.172102,2016,4,United Kingdom of Great Britain and Northern Ireland,HUMAN_OBSERVATION
51.655735,0.172102,2016,11,United Kingdom of Great Britain and Northern Ireland,HUMAN_OBSERVATION
51.655936,9.800783,2021,10,Germany,HUMAN_OBSERVATION
51.656909,-1.918277,2016,5,United Kingdom of Great Britain and Northern Ireland,HUMAN_OBSERVATION
51.656909,-1.918277,2016,10,United Kingdom of Great Britain and Northern Ireland,HUMAN_OBSERVATION
51.657829,-8.921111,2018,6,Ireland,HUMAN_OBSERVATION
51.658615,-3.239476,2019,5,United Kingdom of Great Britain and Northern Ireland,HUMAN_OBSERVATION
51.658615,-3.239476,2019,9,United Kingdom of Great Britain and Northern Ireland,HUMAN_OBSERVATION
51.658615,-3.239476,2016,3,United Kingdom of Great Britain and Northern Ireland,HUMAN_OBSERVATION
51.660507,-8.792926,2018,6,Ireland,HUMAN_OBSERVATION
51.660699,-4.039022,2019,4,United Kingdom of Great Britain and Northern Ireland,HUMAN_OBSERVATION
51.660699,-4.039022,2019,9,United Kingdom of Great Britain and Northern Ireland,HUMAN_OBSERVATION
51.661789,0.136242,2016,4,United Kingdom of Great Britain and Northern Ireland,HUMAN_OBSERVATION
51.661789,0.136242,2016,9,United Kingdom of Great Britain and Northern Ireland,HUMAN_OBSERVATION
51.661941,-3.737554,2021,10,United Kingdom of Great Britain and Northern Ireland,HUMAN_OBSERVATION
51.661941,-3.737554,2018,3,United Kingdom of Great Britain and Northern Ireland,HUMAN_OBSERVATION
51.661994,-3.910678,2019,4,United Kingdom of Great Britain and Northern Ireland,HUMAN_OBSERVATION
51.661994,-3.910678,2019,9,United Kingdom of Great Britain and Northern Ireland,HUMAN_OBSERVATION
51.662165,-2.686905,2021,9,United Kingdom of Great Britain and Northern Ireland,HUMAN_OBSERVATION
51.663204,-3.906506,2023,3,United Kingdom of Great Britain and Northern Ireland,HUMAN_OBSERVATION
51.663204,-3.906506,2023,3,United Kingdom of Great Britain and Northern Ireland,HUMAN_OBSERVATION
51.663204,-3.906506,2023,10,United Kingdom of Great Britain and Northern Ireland,HUMAN_OBSERVATION
51.663204,-3.906506,2019,4,United Kingdom of Great Britain and Northern Ireland,HUMAN_OBSERVATION
51.663204,-3.906506,2019,4,United Kingdom of Great Britain and Northern Ireland,HUMAN_OBSERVATION
51.663204,-3.906506,2019,9,United Kingdom of Great Britain and Northern Ireland,HUMAN_OBSERVATION
51.665722,-8.596379,2018,6,Ireland,HUMAN_OBSERVATION
51.665852,-3.825883,2018,4,United Kingdom of Great Britain and Northern Ireland,HUMAN_OBSERVATION
51.665852,-3.825883,2018,9,United Kingdom of Great Britain and Northern Ireland,HUMAN_OBSERVATION
51.665852,-3.825883,2018,9,United Kingdom of Great Britain and Northern Ireland,HUMAN_OBSERVATION
51.667105,-4.684452,1999,10,United Kingdom of Great Britain and Northern Ireland,MATERIAL_SAMPLE
51.667105,-4.684452,1999,10,United Kingdom of Great Britain and Northern Ireland,MATERIAL_SAMPLE
51.667519,-9.121982,2018,6,Ireland,HUMAN_OBSERVATION
51.669976,-1.273332,2016,5,United Kingdom of Great Britain and Northern Ireland,HUMAN_OBSERVATION
51.669976,-1.273332,2016,10,United Kingdom of Great Britain and Northern Ireland,HUMAN_OBSERVATION
51.670384,-1.903792,2016,5,United Kingdom of Great Britain and Northern Ireland,HUMAN_OBSERVATION
51.670384,-1.903792,2016,10,United Kingdom of Great Britain and Northern Ireland,HUMAN_OBSERVATION
51.671523,-8.808712,2018,6,Ireland,HUMAN_OBSERVATION
51.671634,-4.712391,2021,3,United Kingdom of Great Britain and Northern Ireland,HUMAN_OBSERVATION
51.671634,-4.712391,2021,9,United Kingdom of Great Britain and Northern Ireland,HUMAN_OBSERVATION
51.671634,-4.712391,2019,5,United Kingdom of Great Britain and Northern Ireland,HUMAN_OBSERVATION
51.671634,-4.712391,2019,11,United Kingdom of Great Britain and Northern Ireland,HUMAN_OBSERVATION
51.671883,-4.725308,2018,5,United Kingdom of Great Britain and Northern Ireland,HUMAN_OBSERVATION
51.671883,-4.725308,2018,10,United Kingdom of Great Britain and Northern Ireland,HUMAN_OBSERVATION
51.67203,-9.260098,2018,6,Ireland,HUMAN_OBSERVATION
51.672086,-1.821363,2016,5,United Kingdom of Great Britain and Northern Ireland,HUMAN_OBSERVATION
51.672086,-1.821363,2016,10,United Kingdom of Great Britain and Northern Ireland,HUMAN_OBSERVATION
51.672477,-3.916905,2023,3,United Kingdom of Great Britain and Northern Ireland,HUMAN_OBSERVATION
51.672477,-3.916905,2019,4,United Kingdom of Great Britain and Northern Ireland,HUMAN_OBSERVATION
51.672477,-3.916905,2019,11,United Kingdom of Great Britain and Northern Ireland,HUMAN_OBSERVATION
51.672477,-3.916905,2019,11,United Kingdom of Great Britain and Northern Ireland,HUMAN_OBSERVATION
51.672621,-1.018773,2016,4,United Kingdom of Great Britain and Northern Ireland,HUMAN_OBSERVATION
51.672621,-1.018773,2016,9,United Kingdom of Great Britain and Northern Ireland,HUMAN_OBSERVATION
51.673015,-8.686583,2018,6,Ireland,HUMAN_OBSERVATION
51.67446,-4.884036,2021,3,United Kingdom of Great Britain and Northern Ireland,HUMAN_OBSERVATION
51.67446,-4.884036,2021,9,United Kingdom of Great Britain and Northern Ireland,HUMAN_OBSERVATION
51.674981,-3.298123,2021,6,United Kingdom of Great Britain and Northern Ireland,HUMAN_OBSERVATION
51.675997,-3.776535,2021,3,United Kingdom of Great Britain and Northern Ireland,HUMAN_OBSERVATION
51.675997,-3.776535,2021,9,United Kingdom of Great Britain and Northern Ireland,HUMAN_OBSERVATION
51.675997,-3.776535,2018,4,United Kingdom of Great Britain and Northern Ireland,HUMAN_OBSERVATION
51.675997,-3.776535,2018,10,United Kingdom of Great Britain and Northern Ireland,HUMAN_OBSERVATION
51.676195,-3.222124,2021,7,United Kingdom of Great Britain and Northern Ireland,HUMAN_OBSERVATION
51.676752,-3.296511,2020,3,United Kingdom of Great Britain and Northern Ireland,HUMAN_OBSERVATION
51.676752,-3.296511,2020,3,United Kingdom of Great Britain and Northern Ireland,HUMAN_OBSERVATION
51.678309,-0.529786,2016,4,United Kingdom of Great Britain and Northern Ireland,HUMAN_OBSERVATION
51.678309,-0.529786,2016,9,United Kingdom of Great Britain and Northern Ireland,HUMAN_OBSERVATION
51.67856,-3.776766,2019,4,United Kingdom of Great Britain and Northern Ireland,HUMAN_OBSERVATION
51.678604,-3.773874,2019,4,United Kingdom of Great Britain and Northern Ireland,HUMAN_OBSERVATION
51.679371,-3.548286,2021,10,United Kingdom of Great Britain and Northern Ireland,HUMAN_OBSERVATION
51.679944,-0.516715,2016,4,United Kingdom of Great Britain and Northern Ireland,HUMAN_OBSERVATION
51.679944,-0.516715,2016,7,United Kingdom of Great Britain and Northern Ireland,HUMAN_OBSERVATION
51.679944,-0.516715,2016,11,United Kingdom of Great Britain and Northern Ireland,HUMAN_OBSERVATION
51.680061,-3.777808,2018,4,United Kingdom of Great Britain and Northern Ireland,HUMAN_OBSERVATION
51.680061,-3.777808,2018,4,United Kingdom of Great Britain and Northern Ireland,HUMAN_OBSERVATION
51.680061,-3.777808,2018,9,United Kingdom of Great Britain and Northern Ireland,HUMAN_OBSERVATION
51.681072,-8.865527,2018,6,Ireland,HUMAN_OBSERVATION
51.682462,-2.881836,2022,4,United Kingdom of Great Britain and Northern Ireland,HUMAN_OBSERVATION
51.682462,-2.881836,2022,9,United Kingdom of Great Britain and Northern Ireland,HUMAN_OBSERVATION
51.682462,-2.881836,2017,4,United Kingdom of Great Britain and Northern Ireland,HUMAN_OBSERVATION
51.682462,-2.881836,2017,9,United Kingdom of Great Britain and Northern Ireland,HUMAN_OBSERVATION
51.683699,-9.95524,2018,6,Ireland,HUMAN_OBSERVATION
51.687074,-0.584474,2016,4,United Kingdom of Great Britain and Northern Ireland,HUMAN_OBSERVATION
51.687074,-0.584474,2016,11,United Kingdom of Great Britain and Northern Ireland,HUMAN_OBSERVATION
51.687101,-5.111076,1999,10,United Kingdom of Great Britain and Northern Ireland,MATERIAL_SAMPLE
51.687101,-5.111076,1999,10,United Kingdom of Great Britain and Northern Ireland,MATERIAL_SAMPLE
51.687373,-2.177155,2016,4,United Kingdom of Great Britain and Northern Ireland,HUMAN_OBSERVATION
51.687373,-2.177155,2016,9,United Kingdom of Great Britain and Northern Ireland,HUMAN_OBSERVATION
51.688041,-1.70702,2016,5,United Kingdom of Great Britain and Northern Ireland,HUMAN_OBSERVATION
51.688093,-3.394442,2023,4,United Kingdom of Great Britain and Northern Ireland,HUMAN_OBSERVATION
51.688093,-3.394442,2022,3,United Kingdom of Great Britain and Northern Ireland,HUMAN_OBSERVATION
51.688093,-3.394442,2021,5,United Kingdom of Great Britain and Northern Ireland,HUMAN_OBSERVATION
51.688093,-3.394442,2021,9,United Kingdom of Great Britain and Northern Ireland,HUMAN_OBSERVATION
51.688158,-4.014258,2019,4,United Kingdom of Great Britain and Northern Ireland,HUMAN_OBSERVATION
51.688158,-4.014258,2019,9,United Kingdom of Great Britain and Northern Ireland,HUMAN_OBSERVATION
51.688305,-3.394781,2022,9,United Kingdom of Great Britain and Northern Ireland,HUMAN_OBSERVATION
51.689576,-4.13059,2022,3,United Kingdom of Great Britain and Northern Ireland,HUMAN_OBSERVATION
51.689576,-4.13059,2022,10,United Kingdom of Great Britain and Northern Ireland,HUMAN_OBSERVATION
51.689805,-0.587283,2016,4,United Kingdom of Great Britain and Northern Ireland,HUMAN_OBSERVATION
51.690025,-3.189566,2021,4,United Kingdom of Great Britain and Northern Ireland,HUMAN_OBSERVATION
51.690025,-3.189566,2021,9,United Kingdom of Great Britain and Northern Ireland,HUMAN_OBSERVATION
51.690791,-8.717705,2018,6,Ireland,HUMAN_OBSERVATION
51.691213,-3.881581,2019,9,United Kingdom of Great Britain and Northern Ireland,HUMAN_OBSERVATION
51.691809,0.441518,2016,6,United Kingdom of Great Britain and Northern Ireland,HUMAN_OBSERVATION
51.69366,-9.438078,2018,5,Ireland,HUMAN_OBSERVATION
51.69466,-9.720495,2018,6,Ireland,HUMAN_OBSERVATION
51.694956,-1.113781,2016,3,United Kingdom of Great Britain and Northern Ireland,HUMAN_OBSERVATION
51.694956,-1.113781,2016,9,United Kingdom of Great Britain and Northern Ireland,HUMAN_OBSERVATION
51.695551,-5.185496,2021,9,United Kingdom of Great Britain and Northern Ireland,HUMAN_OBSERVATION
51.695613,-3.230314,2021,5,United Kingdom of Great Britain and Northern Ireland,HUMAN_OBSERVATION
51.695613,-3.230314,2021,9,United Kingdom of Great Britain and Northern Ireland,HUMAN_OBSERVATION
51.698446,-2.682539,2018,5,United Kingdom of Great Britain and Northern Ireland,HUMAN_OBSERVATION
51.698446,-2.682539,2018,9,United Kingdom of Great Britain and Northern Ireland,HUMAN_OBSERVATION
51.699155,-3.722598,2021,4,United Kingdom of Great Britain and Northern Ireland,HUMAN_OBSERVATION
51.699155,-3.722598,2021,9,United Kingdom of Great Britain and Northern Ireland,HUMAN_OBSERVATION
51.699155,-3.722598,2018,5,United Kingdom of Great Britain and Northern Ireland,HUMAN_OBSERVATION
51.699155,-3.722598,2018,10,United Kingdom of Great Britain and Northern Ireland,HUMAN_OBSERVATION
51.699155,-3.722598,2016,5,United Kingdom of Great Britain and Northern Ireland,HUMAN_OBSERVATION
51.7,4.05,2019,7,Netherlands,HUMAN_OBSERVATION
51.7,4.3,2017,10,Netherlands,HUMAN_OBSERVATION
51.7,4.3,2017,10,Netherlands,HUMAN_OBSERVATION
51.7,4.3,2016,9,Netherlands,HUMAN_OBSERVATION
51.7,4.3,2016,9,Netherlands,HUMAN_OBSERVATION
51.7,4.35,2021,9,Netherlands,HUMAN_OBSERVATION
51.7,4.55,2016,2,Netherlands,HUMAN_OBSERVATION
51.7,4.75,2022,9,Netherlands,HUMAN_OBSERVATION
51.7,4.8,2021,4,Netherlands,HUMAN_OBSERVATION
51.7,5.45,2023,9,Netherlands,HUMAN_OBSERVATION
51.7,5.8,2024,3,Netherlands,HUMAN_OBSERVATION
51.7,5.8,2022,1,Netherlands,HUMAN_OBSERVATION
51.7,5.9,2020,5,Netherlands,HUMAN_OBSERVATION
51.7,6,2022,6,Netherlands,HUMAN_OBSERVATION
51.700175,-0.348191,2016,3,United Kingdom of Great Britain and Northern Ireland,HUMAN_OBSERVATION
51.700175,-0.348191,2016,7,United Kingdom of Great Britain and Northern Ireland,HUMAN_OBSERVATION
51.700175,-0.348191,2016,9,United Kingdom of Great Britain and Northern Ireland,HUMAN_OBSERVATION
51.700787,-0.327909,2016,4,United Kingdom of Great Britain and Northern Ireland,HUMAN_OBSERVATION
51.700787,-0.327909,2016,8,United Kingdom of Great Britain and Northern Ireland,HUMAN_OBSERVATION
51.702384,-2.907157,2023,5,United Kingdom of Great Britain and Northern Ireland,HUMAN_OBSERVATION
51.702384,-2.907157,2022,4,United Kingdom of Great Britain and Northern Ireland,HUMAN_OBSERVATION
51.702384,-2.907157,2022,6,United Kingdom of Great Britain and Northern Ireland,HUMAN_OBSERVATION
51.702384,-2.907157,2022,9,United Kingdom of Great Britain and Northern Ireland,HUMAN_OBSERVATION
51.702384,-2.907157,2020,11,United Kingdom of Great Britain and Northern Ireland,HUMAN_OBSERVATION
51.702384,-2.907157,2018,4,United Kingdom of Great Britain and Northern Ireland,HUMAN_OBSERVATION
51.702384,-2.907157,2018,9,United Kingdom of Great Britain and Northern Ireland,HUMAN_OBSERVATION
51.702384,-2.907157,2017,4,United Kingdom of Great Britain and Northern Ireland,HUMAN_OBSERVATION
51.702384,-2.907157,2017,9,United Kingdom of Great Britain and Northern Ireland,HUMAN_OBSERVATION
51.702384,-2.907157,2016,4,United Kingdom of Great Britain and Northern Ireland,HUMAN_OBSERVATION
51.702384,-2.907157,2016,9,United Kingdom of Great Britain and Northern Ireland,HUMAN_OBSERVATION
51.703202,-3.426368,2022,9,United Kingdom of Great Britain and Northern Ireland,HUMAN_OBSERVATION
51.703278,-3.426109,2023,4,United Kingdom of Great Britain and Northern Ireland,HUMAN_OBSERVATION
51.703287,-3.426095,2022,3,United Kingdom of Great Britain and Northern Ireland,HUMAN_OBSERVATION
51.703287,-3.426095,2021,5,United Kingdom of Great Britain and Northern Ireland,HUMAN_OBSERVATION
51.703287,-3.426095,2021,9,United Kingdom of Great Britain and Northern Ireland,HUMAN_OBSERVATION
51.704511,11.243094,2023,4,Germany,HUMAN_OBSERVATION
51.707747,-3.866199,2020,7,United Kingdom of Great Britain and Northern Ireland,HUMAN_OBSERVATION
51.708927,-3.045598,2020,7,United Kingdom of Great Britain and Northern Ireland,HUMAN_OBSERVATION
51.708927,-3.045598,2020,7,United Kingdom of Great Britain and Northern Ireland,HUMAN_OBSERVATION
51.709178,-9.075354,2018,6,Ireland,HUMAN_OBSERVATION
51.709517,-2.566557,2016,5,United Kingdom of Great Britain and Northern Ireland,HUMAN_OBSERVATION
51.710005,-9.061514,2018,6,Ireland,HUMAN_OBSERVATION
51.710279,-3.14659,2019,5,United Kingdom of Great Britain and Northern Ireland,HUMAN_OBSERVATION
51.710279,-3.14659,2019,9,United Kingdom of Great Britain and Northern Ireland,HUMAN_OBSERVATION
51.710279,-3.14659,2016,4,United Kingdom of Great Britain and Northern Ireland,HUMAN_OBSERVATION
51.710551,-3.145439,2019,5,United Kingdom of Great Britain and Northern Ireland,HUMAN_OBSERVATION
51.710551,-3.145439,2019,9,United Kingdom of Great Britain and Northern Ireland,HUMAN_OBSERVATION
51.710551,-3.145439,2016,4,United Kingdom of Great Britain and Northern Ireland,HUMAN_OBSERVATION
51.710551,-3.145439,2016,9,United Kingdom of Great Britain and Northern Ireland,HUMAN_OBSERVATION
51.711162,-3.430656,2019,6,United Kingdom of Great Britain and Northern Ireland,HUMAN_OBSERVATION
51.711576,-0.948456,2016,3,United Kingdom of Great Britain and Northern Ireland,HUMAN_OBSERVATION
51.711576,-0.948456,2016,10,United Kingdom of Great Britain and Northern Ireland,HUMAN_OBSERVATION
51.712752,-2.812385,2017,4,United Kingdom of Great Britain and Northern Ireland,HUMAN_OBSERVATION
51.712752,-2.812385,2017,9,United Kingdom of Great Britain and Northern Ireland,HUMAN_OBSERVATION
51.71277,-2.91974,2023,4,United Kingdom of Great Britain and Northern Ireland,HUMAN_OBSERVATION
51.71277,-2.91974,2022,4,United Kingdom of Great Britain and Northern Ireland,HUMAN_OBSERVATION
51.71277,-2.91974,2022,6,United Kingdom of Great Britain and Northern Ireland,HUMAN_OBSERVATION
51.71277,-2.91974,2022,9,United Kingdom of Great Britain and Northern Ireland,HUMAN_OBSERVATION
51.71277,-2.91974,2020,8,United Kingdom of Great Britain and Northern Ireland,HUMAN_OBSERVATION
51.71277,-2.91974,2020,10,United Kingdom of Great Britain and Northern Ireland,HUMAN_OBSERVATION
51.71277,-2.91974,2017,5,United Kingdom of Great Britain and Northern Ireland,HUMAN_OBSERVATION
51.71277,-2.91974,2017,9,United Kingdom of Great Britain and Northern Ireland,HUMAN_OBSERVATION
51.71277,-2.91974,2016,4,United Kingdom of Great Britain and Northern Ireland,HUMAN_OBSERVATION
51.713451,0.25883,2016,4,United Kingdom of Great Britain and Northern Ireland,HUMAN_OBSERVATION
51.713451,0.25883,2016,9,United Kingdom of Great Britain and Northern Ireland,HUMAN_OBSERVATION
51.713571,-3.483653,2016,7,United Kingdom of Great Britain and Northern Ireland,HUMAN_OBSERVATION
51.714089,-3.696168,2018,3,United Kingdom of Great Britain and Northern Ireland,HUMAN_OBSERVATION
51.714089,-3.696168,2018,10,United Kingdom of Great Britain and Northern Ireland,HUMAN_OBSERVATION
51.714473,-1.957254,2016,4,United Kingdom of Great Britain and Northern Ireland,HUMAN_OBSERVATION
51.71498,-2.552151,2016,5,United Kingdom of Great Britain and Northern Ireland,HUMAN_OBSERVATION
51.71498,-2.552151,2016,10,United Kingdom of Great Britain and Northern Ireland,HUMAN_OBSERVATION
51.715054,-3.47587,2016,7,United Kingdom of Great Britain and Northern Ireland,HUMAN_OBSERVATION
51.715094,0.531085,2016,4,United Kingdom of Great Britain and Northern Ireland,HUMAN_OBSERVATION
51.715094,0.531085,2016,9,United Kingdom of Great Britain and Northern Ireland,HUMAN_OBSERVATION
51.716791,-9.023381,2018,6,Ireland,HUMAN_OBSERVATION
51.717169,-9.129674,2018,6,Ireland,HUMAN_OBSERVATION
51.719139,-2.843869,2017,5,United Kingdom of Great Britain and Northern Ireland,HUMAN_OBSERVATION
51.719139,-2.843869,2017,9,United Kingdom of Great Britain and Northern Ireland,HUMAN_OBSERVATION
51.71914,-0.291039,2016,4,United Kingdom of Great Britain and Northern Ireland,HUMAN_OBSERVATION
51.71914,-0.291039,2016,10,United Kingdom of Great Britain and Northern Ireland,HUMAN_OBSERVATION
51.720881,-3.44577,2023,7,United Kingdom of Great Britain and Northern Ireland,HUMAN_OBSERVATION
51.720881,-3.44577,2022,3,United Kingdom of Great Britain and Northern Ireland,HUMAN_OBSERVATION
51.720881,-3.44577,2022,7,United Kingdom of Great Britain and Northern Ireland,HUMAN_OBSERVATION
51.720881,-3.44577,2021,4,United Kingdom of Great Britain and Northern Ireland,HUMAN_OBSERVATION
51.720881,-3.44577,2021,7,United Kingdom of Great Britain and Northern Ireland,HUMAN_OBSERVATION
51.720881,-3.44577,2021,10,United Kingdom of Great Britain and Northern Ireland,HUMAN_OBSERVATION
51.720881,-3.44577,2018,3,United Kingdom of Great Britain and Northern Ireland,HUMAN_OBSERVATION
51.720881,-3.44577,2018,9,United Kingdom of Great Britain and Northern Ireland,HUMAN_OBSERVATION
51.720881,-3.44577,2017,3,United Kingdom of Great Britain and Northern Ireland,HUMAN_OBSERVATION
51.720881,-3.44577,2017,9,United Kingdom of Great Britain and Northern Ireland,HUMAN_OBSERVATION
51.720881,-3.44577,2016,4,United Kingdom of Great Britain and Northern Ireland,HUMAN_OBSERVATION
51.720881,-3.44577,2016,9,United Kingdom of Great Britain and Northern Ireland,HUMAN_OBSERVATION
51.723107,-3.245988,2021,5,United Kingdom of Great Britain and Northern Ireland,HUMAN_OBSERVATION
51.723107,-3.245988,2021,9,United Kingdom of Great Britain and Northern Ireland,HUMAN_OBSERVATION
51.723192,-4.68666,2018,4,United Kingdom of Great Britain and Northern Ireland,HUMAN_OBSERVATION
51.723192,-4.68666,2018,10,United Kingdom of Great Britain and Northern Ireland,HUMAN_OBSERVATION
51.723374,-3.753432,2018,4,United Kingdom of Great Britain and Northern Ireland,HUMAN_OBSERVATION
51.723374,-3.753432,2018,9,United Kingdom of Great Britain and Northern Ireland,HUMAN_OBSERVATION
51.723399,-0.33721,2016,3,United Kingdom of Great Britain and Northern Ireland,HUMAN_OBSERVATION
51.723399,-0.33721,2016,9,United Kingdom of Great Britain and Northern Ireland,HUMAN_OBSERVATION
51.723648,-5.210644,2021,9,United Kingdom of Great Britain and Northern Ireland,HUMAN_OBSERVATION
51.724199,-2.200463,2016,4,United Kingdom of Great Britain and Northern Ireland,HUMAN_OBSERVATION
51.724199,-2.200463,2016,9,United Kingdom of Great Britain and Northern Ireland,HUMAN_OBSERVATION
51.724206,-5.036744,2021,3,United Kingdom of Great Britain and Northern Ireland,HUMAN_OBSERVATION
51.724206,-5.036744,2021,10,United Kingdom of Great Britain and Northern Ireland,HUMAN_OBSERVATION
51.724206,-5.036744,2018,5,United Kingdom of Great Britain and Northern Ireland,HUMAN_OBSERVATION
51.724206,-5.036744,2018,11,United Kingdom of Great Britain and Northern Ireland,HUMAN_OBSERVATION
51.726353,-4.242001,2018,5,United Kingdom of Great Britain and Northern Ireland,HUMAN_OBSERVATION
51.726353,-4.242001,2018,6,United Kingdom of Great Britain and Northern Ireland,HUMAN_OBSERVATION
51.727667,-2.530588,2016,5,United Kingdom of Great Britain and Northern Ireland,HUMAN_OBSERVATION
51.727667,-2.530588,2016,10,United Kingdom of Great Britain and Northern Ireland,HUMAN_OBSERVATION
51.72815,-4.24209,2018,6,United Kingdom of Great Britain and Northern Ireland,HUMAN_OBSERVATION
51.730059,-3.317946,2021,6,United Kingdom of Great Britain and Northern Ireland,HUMAN_OBSERVATION
51.730468,-8.996262,2018,6,Ireland,HUMAN_OBSERVATION
51.731541,-4.962596,2021,4,United Kingdom of Great Britain and Northern Ireland,HUMAN_OBSERVATION
51.731541,-4.962596,2021,10,United Kingdom of Great Britain and Northern Ireland,HUMAN_OBSERVATION
51.731541,-4.962596,2018,5,United Kingdom of Great Britain and Northern Ireland,HUMAN_OBSERVATION
51.731541,-4.962596,2018,11,United Kingdom of Great Britain and Northern Ireland,HUMAN_OBSERVATION
51.731696,-3.667227,2021,3,United Kingdom of Great Britain and Northern Ireland,HUMAN_OBSERVATION
51.731696,-3.667227,2021,9,United Kingdom of Great Britain and Northern Ireland,HUMAN_OBSERVATION
51.731872,-2.841152,2017,5,United Kingdom of Great Britain and Northern Ireland,HUMAN_OBSERVATION
51.731872,-2.841152,2017,9,United Kingdom of Great Britain and Northern Ireland,HUMAN_OBSERVATION
51.731872,-2.841152,2017,9,United Kingdom of Great Britain and Northern Ireland,HUMAN_OBSERVATION
51.732217,-2.844431,2023,5,United Kingdom of Great Britain and Northern Ireland,HUMAN_OBSERVATION
51.732217,-2.844431,2023,5,United Kingdom of Great Britain and Northern Ireland,HUMAN_OBSERVATION
51.732217,-2.844431,2023,10,United Kingdom of Great Britain and Northern Ireland,HUMAN_OBSERVATION
51.732217,-2.844431,2017,5,United Kingdom of Great Britain and Northern Ireland,HUMAN_OBSERVATION
51.732217,-2.844431,2017,9,United Kingdom of Great Britain and Northern Ireland,HUMAN_OBSERVATION
51.732217,-2.844431,2017,9,United Kingdom of Great Britain and Northern Ireland,HUMAN_OBSERVATION
51.732284,-0.329643,2016,3,United Kingdom of Great Britain and Northern Ireland,HUMAN_OBSERVATION
51.733059,-9.896503,2018,6,Ireland,HUMAN_OBSERVATION
51.733101,-4.801484,2021,4,United Kingdom of Great Britain and Northern Ireland,HUMAN_OBSERVATION
51.733101,-4.801484,2021,10,United Kingdom of Great Britain and Northern Ireland,HUMAN_OBSERVATION
51.733677,-4.750477,2016,2,United Kingdom of Great Britain and Northern Ireland,HUMAN_OBSERVATION
51.734089,-4.64801,2021,3,United Kingdom of Great Britain and Northern Ireland,HUMAN_OBSERVATION
51.734089,-4.64801,2021,9,United Kingdom of Great Britain and Northern Ireland,HUMAN_OBSERVATION
51.734089,-4.64801,2018,4,United Kingdom of Great Britain and Northern Ireland,HUMAN_OBSERVATION
51.734089,-4.64801,2018,4,United Kingdom of Great Britain and Northern Ireland,HUMAN_OBSERVATION
51.734089,-4.64801,2018,10,United Kingdom of Great Britain and Northern Ireland,HUMAN_OBSERVATION
51.734172,-3.478549,2023,4,United Kingdom of Great Britain and Northern Ireland,HUMAN_OBSERVATION
51.734173,-3.478535,2022,3,United Kingdom of Great Britain and Northern Ireland,HUMAN_OBSERVATION
51.734173,-3.478535,2021,5,United Kingdom of Great Britain and Northern Ireland,HUMAN_OBSERVATION
51.734173,-3.478535,2021,9,United Kingdom of Great Britain and Northern Ireland,HUMAN_OBSERVATION
51.734173,-3.478535,2020,9,United Kingdom of Great Britain and Northern Ireland,HUMAN_OBSERVATION
51.734177,-4.752564,2016,2,United Kingdom of Great Britain and Northern Ireland,HUMAN_OBSERVATION
51.734253,-3.478552,2022,9,United Kingdom of Great Britain and Northern Ireland,HUMAN_OBSERVATION
51.734415,-3.145536,2019,5,United Kingdom of Great Britain and Northern Ireland,HUMAN_OBSERVATION
51.734415,-3.145536,2019,9,United Kingdom of Great Britain and Northern Ireland,HUMAN_OBSERVATION
51.734415,-3.145536,2016,4,United Kingdom of Great Britain and Northern Ireland,HUMAN_OBSERVATION
51.734415,-3.145536,2016,9,United Kingdom of Great Britain and Northern Ireland,HUMAN_OBSERVATION
51.735042,-9.413608,2018,5,Ireland,HUMAN_OBSERVATION
51.735157,-5.168952,2021,4,United Kingdom of Great Britain and Northern Ireland,HUMAN_OBSERVATION
51.735157,-5.168952,2021,10,United Kingdom of Great Britain and Northern Ireland,HUMAN_OBSERVATION
51.735157,-5.168952,2019,5,United Kingdom of Great Britain and Northern Ireland,HUMAN_OBSERVATION
51.735157,-5.168952,2019,10,United Kingdom of Great Britain and Northern Ireland,HUMAN_OBSERVATION
51.735244,-8.930856,2018,6,Ireland,HUMAN_OBSERVATION
51.735858,-0.328063,2016,3,United Kingdom of Great Britain and Northern Ireland,HUMAN_OBSERVATION
51.735858,-0.328063,2016,9,United Kingdom of Great Britain and Northern Ireland,HUMAN_OBSERVATION
51.73586,-4.758649,2016,2,United Kingdom of Great Britain and Northern Ireland,HUMAN_OBSERVATION
51.736086,-4.75859,2016,2,United Kingdom of Great Britain and Northern Ireland,HUMAN_OBSERVATION
51.736331,9.886226,2021,10,Germany,HUMAN_OBSERVATION
51.736533,-8.896741,2018,6,Ireland,HUMAN_OBSERVATION
51.737221,-1.243291,2016,5,United Kingdom of Great Britain and Northern Ireland,HUMAN_OBSERVATION
51.737221,-1.243291,2016,10,United Kingdom of Great Britain and Northern Ireland,HUMAN_OBSERVATION
51.737562,0.446881,2016,3,United Kingdom of Great Britain and Northern Ireland,HUMAN_OBSERVATION
51.737562,0.446881,2016,10,United Kingdom of Great Britain and Northern Ireland,HUMAN_OBSERVATION
51.741228,-8.809044,2018,7,Ireland,HUMAN_OBSERVATION
51.741724,-5.091654,2018,5,United Kingdom of Great Britain and Northern Ireland,HUMAN_OBSERVATION
51.741724,-5.091654,2018,10,United Kingdom of Great Britain and Northern Ireland,HUMAN_OBSERVATION
51.745037,-0.474026,2016,5,United Kingdom of Great Britain and Northern Ireland,HUMAN_OBSERVATION
51.745794,-2.947061,2023,5,United Kingdom of Great Britain and Northern Ireland,HUMAN_OBSERVATION
51.745794,-2.947061,2022,4,United Kingdom of Great Britain and Northern Ireland,HUMAN_OBSERVATION
51.745794,-2.947061,2022,6,United Kingdom of Great Britain and Northern Ireland,HUMAN_OBSERVATION
51.745794,-2.947061,2022,9,United Kingdom of Great Britain and Northern Ireland,HUMAN_OBSERVATION
51.745794,-2.947061,2020,8,United Kingdom of Great Britain and Northern Ireland,HUMAN_OBSERVATION
51.745794,-2.947061,2020,8,United Kingdom of Great Britain and Northern Ireland,HUMAN_OBSERVATION
51.745794,-2.947061,2020,11,United Kingdom of Great Britain and Northern Ireland,HUMAN_OBSERVATION
51.745794,-2.947061,2018,4,United Kingdom of Great Britain and Northern Ireland,HUMAN_OBSERVATION
51.745794,-2.947061,2018,9,United Kingdom of Great Britain and Northern Ireland,HUMAN_OBSERVATION
51.745794,-2.947061,2017,4,United Kingdom of Great Britain and Northern Ireland,HUMAN_OBSERVATION
51.745794,-2.947061,2017,9,United Kingdom of Great Britain and Northern Ireland,HUMAN_OBSERVATION
51.745794,-2.947061,2016,4,United Kingdom of Great Britain and Northern Ireland,HUMAN_OBSERVATION
51.745794,-2.947061,2016,9,United Kingdom of Great Britain and Northern Ireland,HUMAN_OBSERVATION
51.745843,-3.564348,2021,4,United Kingdom of Great Britain and Northern Ireland,HUMAN_OBSERVATION
51.745843,-3.564348,2021,9,United Kingdom of Great Britain and Northern Ireland,HUMAN_OBSERVATION
51.745843,-3.564348,2018,5,United Kingdom of Great Britain and Northern Ireland,HUMAN_OBSERVATION
51.745843,-3.564348,2018,9,United Kingdom of Great Britain and Northern Ireland,HUMAN_OBSERVATION
51.745867,-0.336385,2016,3,United Kingdom of Great Britain and Northern Ireland,HUMAN_OBSERVATION
51.746156,0.550207,2016,4,United Kingdom of Great Britain and Northern Ireland,HUMAN_OBSERVATION
51.746345,-1.425645,2020,8,United Kingdom of Great Britain and Northern Ireland,HUMAN_OBSERVATION
51.746456,-0.514538,2016,3,United Kingdom of Great Britain and Northern Ireland,HUMAN_OBSERVATION
51.746456,-0.514538,2016,9,United Kingdom of Great Britain and Northern Ireland,HUMAN_OBSERVATION
51.746753,-1.426291,2020,8,United Kingdom of Great Britain and Northern Ireland,HUMAN_OBSERVATION
51.746835,-0.473965,2016,5,United Kingdom of Great Britain and Northern Ireland,HUMAN_OBSERVATION
51.747044,-3.610586,2021,3,United Kingdom of Great Britain and Northern Ireland,HUMAN_OBSERVATION
51.747252,-1.427082,2020,8,United Kingdom of Great Britain and Northern Ireland,HUMAN_OBSERVATION
51.747381,-3.518035,2022,10,United Kingdom of Great Britain and Northern Ireland,HUMAN_OBSERVATION
51.747555,-2.212154,2016,4,United Kingdom of Great Britain and Northern Ireland,HUMAN_OBSERVATION
51.747555,-2.212154,2016,9,United Kingdom of Great Britain and Northern Ireland,HUMAN_OBSERVATION
51.7481,-3.37996,2019,4,United Kingdom of Great Britain and Northern Ireland,HUMAN_OBSERVATION
51.7481,-3.37996,2019,9,United Kingdom of Great Britain and Northern Ireland,HUMAN_OBSERVATION
51.748681,-9.097068,2018,6,Ireland,HUMAN_OBSERVATION
51.749167,-3.280081,2021,9,United Kingdom of Great Britain and Northern Ireland,HUMAN_OBSERVATION
51.75,4.25,2016,9,Netherlands,HUMAN_OBSERVATION
51.75,4.65,2022,5,Netherlands,HUMAN_OBSERVATION
51.75,4.65,2019,5,Netherlands,HUMAN_OBSERVATION
51.75,5,2020,1,Netherlands,HUMAN_OBSERVATION
51.751024,-3.549273,2021,4,United Kingdom of Great Britain and Northern Ireland,HUMAN_OBSERVATION
51.751024,-3.549273,2021,9,United Kingdom of Great Britain and Northern Ireland,HUMAN_OBSERVATION
51.751024,-3.549273,2018,5,United Kingdom of Great Britain and Northern Ireland,HUMAN_OBSERVATION
51.751024,-3.549273,2018,9,United Kingdom of Great Britain and Northern Ireland,HUMAN_OBSERVATION
51.751357,-8.718855,2018,7,Ireland,HUMAN_OBSERVATION
51.751495,-9.095833,2018,6,Ireland,HUMAN_OBSERVATION
51.751538,-1.105431,2016,3,United Kingdom of Great Britain and Northern Ireland,HUMAN_OBSERVATION
51.751538,-1.105431,2016,11,United Kingdom of Great Britain and Northern Ireland,HUMAN_OBSERVATION
51.752794,-8.404851,2018,6,Ireland,HUMAN_OBSERVATION
51.75418,-0.352017,2016,3,United Kingdom of Great Britain and Northern Ireland,HUMAN_OBSERVATION
51.75418,-0.352017,2016,9,United Kingdom of Great Britain and Northern Ireland,HUMAN_OBSERVATION
51.754448,-0.246241,2016,5,United Kingdom of Great Britain and Northern Ireland,HUMAN_OBSERVATION
51.754448,-0.246241,2016,11,United Kingdom of Great Britain and Northern Ireland,HUMAN_OBSERVATION
51.75507,-3.417193,2022,5,United Kingdom of Great Britain and Northern Ireland,HUMAN_OBSERVATION
51.755082,-9.026742,2018,6,Ireland,HUMAN_OBSERVATION
51.755664,-0.951779,2016,5,United Kingdom of Great Britain and Northern Ireland,HUMAN_OBSERVATION
51.75581,0.005924,2016,4,United Kingdom of Great Britain and Northern Ireland,HUMAN_OBSERVATION
51.75581,0.005924,2016,9,United Kingdom of Great Britain and Northern Ireland,HUMAN_OBSERVATION
51.755867,-3.196353,2019,5,United Kingdom of Great Britain and Northern Ireland,HUMAN_OBSERVATION
51.755867,-3.196353,2019,9,United Kingdom of Great Britain and Northern Ireland,HUMAN_OBSERVATION
51.755867,-3.196353,2016,4,United Kingdom of Great Britain and Northern Ireland,HUMAN_OBSERVATION
51.755867,-3.196353,2016,9,United Kingdom of Great Britain and Northern Ireland,HUMAN_OBSERVATION
51.757131,-9.177866,2018,6,Ireland,HUMAN_OBSERVATION
51.757223,-2.555564,2016,5,United Kingdom of Great Britain and Northern Ireland,HUMAN_OBSERVATION
51.757223,-2.555564,2016,10,United Kingdom of Great Britain and Northern Ireland,HUMAN_OBSERVATION
51.757485,-2.18902,2016,4,United Kingdom of Great Britain and Northern Ireland,HUMAN_OBSERVATION
51.757485,-2.18902,2016,10,United Kingdom of Great Britain and Northern Ireland,HUMAN_OBSERVATION
51.758017,-3.401982,2017,4,United Kingdom of Great Britain and Northern Ireland,HUMAN_OBSERVATION
51.758017,-3.401982,2017,9,United Kingdom of Great Britain and Northern Ireland,HUMAN_OBSERVATION
51.758017,-3.401982,2016,4,United Kingdom of Great Britain and Northern Ireland,HUMAN_OBSERVATION
51.758017,-3.401982,2016,9,United Kingdom of Great Britain and Northern Ireland,HUMAN_OBSERVATION
51.75845,-0.961856,2016,5,United Kingdom of Great Britain and Northern Ireland,HUMAN_OBSERVATION
51.759066,-3.579441,2021,4,United Kingdom of Great Britain and Northern Ireland,HUMAN_OBSERVATION
51.759066,-3.579441,2021,9,United Kingdom of Great Britain and Northern Ireland,HUMAN_OBSERVATION
51.759066,-3.579441,2018,3,United Kingdom of Great Britain and Northern Ireland,HUMAN_OBSERVATION
51.759066,-3.579441,2018,3,United Kingdom of Great Britain and Northern Ireland,HUMAN_OBSERVATION
51.759066,-3.579441,2018,10,United Kingdom of Great Britain and Northern Ireland,HUMAN_OBSERVATION
51.759215,-3.396556,2021,5,United Kingdom of Great Britain and Northern Ireland,HUMAN_OBSERVATION
51.759215,-3.396556,2021,9,United Kingdom of Great Britain and Northern Ireland,HUMAN_OBSERVATION
51.759456,-0.476438,2016,5,United Kingdom of Great Britain and Northern Ireland,HUMAN_OBSERVATION
51.760343,-4.008919,2017,5,United Kingdom of Great Britain and Northern Ireland,HUMAN_OBSERVATION
51.760343,-4.008919,2017,9,United Kingdom of Great Britain and Northern Ireland,HUMAN_OBSERVATION
51.760944,-3.519924,2022,3,United Kingdom of Great Britain and Northern Ireland,HUMAN_OBSERVATION
51.760944,-3.519924,2021,10,United Kingdom of Great Britain and Northern Ireland,HUMAN_OBSERVATION
51.760944,-3.519924,2020,9,United Kingdom of Great Britain and Northern Ireland,HUMAN_OBSERVATION
51.760953,-3.519925,2023,4,United Kingdom of Great Britain and Northern Ireland,HUMAN_OBSERVATION
51.761036,-3.519753,2022,11,United Kingdom of Great Britain and Northern Ireland,HUMAN_OBSERVATION
51.76307,-0.477765,2016,5,United Kingdom of Great Britain and Northern Ireland,HUMAN_OBSERVATION
51.76307,-0.477765,2016,10,United Kingdom of Great Britain and Northern Ireland,HUMAN_OBSERVATION
51.763768,-3.238282,2021,5,United Kingdom of Great Britain and Northern Ireland,HUMAN_OBSERVATION
51.763768,-3.238282,2021,9,United Kingdom of Great Britain and Northern Ireland,HUMAN_OBSERVATION
51.764289,-0.367589,2016,3,United Kingdom of Great Britain and Northern Ireland,HUMAN_OBSERVATION
51.764289,-0.367589,2016,9,United Kingdom of Great Britain and Northern Ireland,HUMAN_OBSERVATION
51.764374,-8.664702,2018,7,Ireland,HUMAN_OBSERVATION
51.765314,-2.555663,2016,5,United Kingdom of Great Britain and Northern Ireland,HUMAN_OBSERVATION
51.765314,-2.555663,2016,10,United Kingdom of Great Britain and Northern Ireland,HUMAN_OBSERVATION
51.766858,0.590509,2016,3,United Kingdom of Great Britain and Northern Ireland,HUMAN_OBSERVATION
51.766858,0.590509,2016,9,United Kingdom of Great Britain and Northern Ireland,HUMAN_OBSERVATION
51.767694,-4.293092,2022,3,United Kingdom of Great Britain and Northern Ireland,HUMAN_OBSERVATION
51.767694,-4.293092,2022,6,United Kingdom of Great Britain and Northern Ireland,HUMAN_OBSERVATION
51.767694,-4.293092,2020,8,United Kingdom of Great Britain and Northern Ireland,HUMAN_OBSERVATION
51.767694,-4.293092,2020,10,United Kingdom of Great Britain and Northern Ireland,HUMAN_OBSERVATION
51.767694,-4.293092,2017,4,United Kingdom of Great Britain and Northern Ireland,HUMAN_OBSERVATION
51.767694,-4.293092,2017,11,United Kingdom of Great Britain and Northern Ireland,HUMAN_OBSERVATION
51.76931,-2.652808,2016,1,United Kingdom of Great Britain and Northern Ireland,HUMAN_OBSERVATION
51.770222,-1.973142,2016,4,United Kingdom of Great Britain and Northern Ireland,HUMAN_OBSERVATION
51.770222,-1.973142,2016,10,United Kingdom of Great Britain and Northern Ireland,HUMAN_OBSERVATION
51.772132,-0.483258,2016,5,United Kingdom of Great Britain and Northern Ireland,HUMAN_OBSERVATION
51.773677,0.840247,2017,6,United Kingdom of Great Britain and Northern Ireland,HUMAN_OBSERVATION
51.773846,0.640198,2016,3,United Kingdom of Great Britain and Northern Ireland,HUMAN_OBSERVATION
51.773846,0.640198,2016,10,United Kingdom of Great Britain and Northern Ireland,HUMAN_OBSERVATION
51.775399,-1.310775,2016,5,United Kingdom of Great Britain and Northern Ireland,HUMAN_OBSERVATION
51.775399,-1.310775,2016,11,United Kingdom of Great Britain and Northern Ireland,HUMAN_OBSERVATION
51.775638,-1.352803,2016,5,United Kingdom of Great Britain and Northern Ireland,HUMAN_OBSERVATION
51.775638,-1.352803,2016,10,United Kingdom of Great Britain and Northern Ireland,HUMAN_OBSERVATION
51.776851,-3.788613,2019,9,United Kingdom of Great Britain and Northern Ireland,HUMAN_OBSERVATION
51.776851,-3.788613,2019,9,United Kingdom of Great Britain and Northern Ireland,HUMAN_OBSERVATION
51.776851,-3.788613,2016,5,United Kingdom of Great Britain and Northern Ireland,HUMAN_OBSERVATION
51.777261,-3.296965,2021,5,United Kingdom of Great Britain and Northern Ireland,HUMAN_OBSERVATION
51.777261,-3.296965,2021,9,United Kingdom of Great Britain and Northern Ireland,HUMAN_OBSERVATION
51.77821,-2.486247,2016,4,United Kingdom of Great Britain and Northern Ireland,HUMAN_OBSERVATION
51.778223,-3.203531,2020,9,United Kingdom of Great Britain and Northern Ireland,HUMAN_OBSERVATION
51.778223,-3.203531,2020,9,United Kingdom of Great Britain and Northern Ireland,HUMAN_OBSERVATION
51.778907,-8.738394,2018,7,Ireland,HUMAN_OBSERVATION
51.779434,-0.491711,2016,10,United Kingdom of Great Britain and Northern Ireland,HUMAN_OBSERVATION
51.780089,-9.02514,2018,6,Ireland,HUMAN_OBSERVATION
51.780328,-2.929331,2017,4,United Kingdom of Great Britain and Northern Ireland,HUMAN_OBSERVATION
51.780328,-2.929331,2017,9,United Kingdom of Great Britain and Northern Ireland,HUMAN_OBSERVATION
51.780328,-2.929331,2017,9,United Kingdom of Great Britain and Northern Ireland,HUMAN_OBSERVATION
51.780814,-3.640174,2018,5,United Kingdom of Great Britain and Northern Ireland,HUMAN_OBSERVATION
51.780814,-3.640174,2018,9,United Kingdom of Great Britain and Northern Ireland,HUMAN_OBSERVATION
51.780843,-2.487229,2020,7,United Kingdom of Great Britain and Northern Ireland,HUMAN_OBSERVATION
51.780933,-2.664573,2016,1,United Kingdom of Great Britain and Northern Ireland,HUMAN_OBSERVATION
51.782008,-2.632697,2016,1,United Kingdom of Great Britain and Northern Ireland,HUMAN_OBSERVATION
51.782008,-2.632697,2016,3,United Kingdom of Great Britain and Northern Ireland,HUMAN_OBSERVATION
51.782008,-2.632697,2016,10,United Kingdom of Great Britain and Northern Ireland,HUMAN_OBSERVATION
51.782507,-8.700163,2018,6,Ireland,HUMAN_OBSERVATION
51.784221,-0.378468,2016,3,United Kingdom of Great Britain and Northern Ireland,HUMAN_OBSERVATION
51.784221,-0.378468,2016,7,United Kingdom of Great Britain and Northern Ireland,HUMAN_OBSERVATION
51.784221,-0.378468,2016,9,United Kingdom of Great Britain and Northern Ireland,HUMAN_OBSERVATION
51.784966,0.665498,2019,6,United Kingdom of Great Britain and Northern Ireland,HUMAN_OBSERVATION
51.785149,-3.757102,2016,5,United Kingdom of Great Britain and Northern Ireland,HUMAN_OBSERVATION
51.786774,-3.752467,2019,4,United Kingdom of Great Britain and Northern Ireland,HUMAN_OBSERVATION
51.786774,-3.752467,2019,9,United Kingdom of Great Britain and Northern Ireland,HUMAN_OBSERVATION
51.787321,-3.255758,2021,4,United Kingdom of Great Britain and Northern Ireland,HUMAN_OBSERVATION
51.787321,-3.255758,2021,9,United Kingdom of Great Britain and Northern Ireland,HUMAN_OBSERVATION
51.787966,-2.676017,2023,5,United Kingdom of Great Britain and Northern Ireland,HUMAN_OBSERVATION
51.787966,-2.676017,2022,7,United Kingdom of Great Britain and Northern Ireland,HUMAN_OBSERVATION
51.787966,-2.676017,2022,7,United Kingdom of Great Britain and Northern Ireland,HUMAN_OBSERVATION
51.787966,-2.676017,2022,9,United Kingdom of Great Britain and Northern Ireland,HUMAN_OBSERVATION
51.787966,-2.676017,2020,8,United Kingdom of Great Britain and Northern Ireland,HUMAN_OBSERVATION
51.787966,-2.676017,2018,5,United Kingdom of Great Britain and Northern Ireland,HUMAN_OBSERVATION
51.787966,-2.676017,2018,8,United Kingdom of Great Britain and Northern Ireland,HUMAN_OBSERVATION
51.787966,-2.676017,2018,9,United Kingdom of Great Britain and Northern Ireland,HUMAN_OBSERVATION
51.787966,-2.676017,2017,5,United Kingdom of Great Britain and Northern Ireland,HUMAN_OBSERVATION
51.787966,-2.676017,2017,8,United Kingdom of Great Britain and Northern Ireland,HUMAN_OBSERVATION
51.787966,-2.676017,2017,9,United Kingdom of Great Britain and Northern Ireland,HUMAN_OBSERVATION
51.787966,-2.676017,2016,8,United Kingdom of Great Britain and Northern Ireland,HUMAN_OBSERVATION
51.787966,-2.676017,2016,10,United Kingdom of Great Britain and Northern Ireland,HUMAN_OBSERVATION
51.788042,-3.095997,2023,6,United Kingdom of Great Britain and Northern Ireland,HUMAN_OBSERVATION
51.788042,-3.095997,2022,5,United Kingdom of Great Britain and Northern Ireland,HUMAN_OBSERVATION
51.788556,-2.784907,2018,4,United Kingdom of Great Britain and Northern Ireland,HUMAN_OBSERVATION
51.788556,-2.784907,2018,9,United Kingdom of Great Britain and Northern Ireland,HUMAN_OBSERVATION
51.789524,-1.135127,2016,3,United Kingdom of Great Britain and Northern Ireland,HUMAN_OBSERVATION
51.789524,-1.135127,2016,11,United Kingdom of Great Britain and Northern Ireland,HUMAN_OBSERVATION
51.789891,-3.227258,2020,10,United Kingdom of Great Britain and Northern Ireland,HUMAN_OBSERVATION
51.789907,-4.141986,2017,4,United Kingdom of Great Britain and Northern Ireland,HUMAN_OBSERVATION
51.789907,-4.141986,2017,10,United Kingdom of Great Britain and Northern Ireland,HUMAN_OBSERVATION
51.79013,-3.204653,2019,5,United Kingdom of Great Britain and Northern Ireland,HUMAN_OBSERVATION
51.79013,-3.204653,2019,9,United Kingdom of Great Britain and Northern Ireland,HUMAN_OBSERVATION
51.79013,-3.204653,2016,4,United Kingdom of Great Britain and Northern Ireland,HUMAN_OBSERVATION
51.79013,-3.204653,2016,9,United Kingdom of Great Britain and Northern Ireland,HUMAN_OBSERVATION
51.790492,-3.808003,2019,9,United Kingdom of Great Britain and Northern Ireland,HUMAN_OBSERVATION
51.790729,-2.50233,2016,3,United Kingdom of Great Britain and Northern Ireland,HUMAN_OBSERVATION
51.790729,-2.50233,2016,4,United Kingdom of Great Britain and Northern Ireland,HUMAN_OBSERVATION
51.790729,-2.50233,2016,10,United Kingdom of Great Britain and Northern Ireland,HUMAN_OBSERVATION
51.790791,-2.487832,2016,4,United Kingdom of Great Britain and Northern Ireland,HUMAN_OBSERVATION
51.790791,-2.487832,2016,10,United Kingdom of Great Britain and Northern Ireland,HUMAN_OBSERVATION
51.792659,-4.9731,2018,5,United Kingdom of Great Britain and Northern Ireland,HUMAN_OBSERVATION
51.792659,-4.9731,2018,11,United Kingdom of Great Britain and Northern Ireland,HUMAN_OBSERVATION
51.793408,-0.39264,2016,3,United Kingdom of Great Britain and Northern Ireland,HUMAN_OBSERVATION
51.795634,-4.911766,2018,4,United Kingdom of Great Britain and Northern Ireland,HUMAN_OBSERVATION
51.795634,-4.911766,2018,11,United Kingdom of Great Britain and Northern Ireland,HUMAN_OBSERVATION
51.795634,-4.911766,2018,11,United Kingdom of Great Britain and Northern Ireland,HUMAN_OBSERVATION
51.796368,0.000472,2016,3,United Kingdom of Great Britain and Northern Ireland,HUMAN_OBSERVATION
51.796368,0.000472,2016,9,United Kingdom of Great Britain and Northern Ireland,HUMAN_OBSERVATION
51.797249,-4.119985,2017,5,United Kingdom of Great Britain and Northern Ireland,HUMAN_OBSERVATION
51.797249,-4.119985,2017,10,United Kingdom of Great Britain and Northern Ireland,HUMAN_OBSERVATION
51.79733,-2.625661,2016,1,United Kingdom of Great Britain and Northern Ireland,HUMAN_OBSERVATION
51.798939,-1.883218,2016,4,United Kingdom of Great Britain and Northern Ireland,HUMAN_OBSERVATION
51.798939,-1.883218,2016,10,United Kingdom of Great Britain and Northern Ireland,HUMAN_OBSERVATION
51.799626,-2.71291,2022,4,United Kingdom of Great Britain and Northern Ireland,HUMAN_OBSERVATION
51.799626,-2.71291,2022,9,United Kingdom of Great Britain and Northern Ireland,HUMAN_OBSERVATION
51.799626,-2.71291,2018,4,United Kingdom of Great Britain and Northern Ireland,HUMAN_OBSERVATION
51.799626,-2.71291,2018,9,United Kingdom of Great Britain and Northern Ireland,HUMAN_OBSERVATION
51.8,3.95,2022,9,Netherlands,HUMAN_OBSERVATION
51.8,3.95,2021,8,Netherlands,HUMAN_OBSERVATION
51.8,3.95,2021,8,Netherlands,HUMAN_OBSERVATION
51.8,3.95,2020,6,Netherlands,HUMAN_OBSERVATION
51.8,3.95,2020,6,Netherlands,HUMAN_OBSERVATION
51.8,4.05,2019,2,Netherlands,HUMAN_OBSERVATION
51.8,4.05,2016,9,Netherlands,HUMAN_OBSERVATION
51.8,4.4,2020,4,Netherlands,HUMAN_OBSERVATION
51.8,4.4,2019,2,Netherlands,HUMAN_OBSERVATION
51.8,4.4,2019,2,Netherlands,HUMAN_OBSERVATION
51.8,4.4,2019,8,Netherlands,HUMAN_OBSERVATION
51.8,4.4,2019,8,Netherlands,HUMAN_OBSERVATION
51.8,4.4,2019,8,Netherlands,HUMAN_OBSERVATION
51.8,4.4,2019,8,Netherlands,HUMAN_OBSERVATION
51.8,4.4,2018,11,Netherlands,HUMAN_OBSERVATION
51.8,4.4,2018,12,Netherlands,HUMAN_OBSERVATION
51.8,4.45,2019,10,Netherlands,HUMAN_OBSERVATION
51.8,4.5,2020,11,Netherlands,HUMAN_OBSERVATION
51.8,4.55,2019,9,Netherlands,HUMAN_OBSERVATION
51.8,4.55,2019,9,Netherlands,HUMAN_OBSERVATION
51.8,4.55,2019,9,Netherlands,HUMAN_OBSERVATION
51.8,4.55,2019,9,Netherlands,HUMAN_OBSERVATION
51.8,4.55,2019,9,Netherlands,HUMAN_OBSERVATION
51.8,4.55,2019,9,Netherlands,HUMAN_OBSERVATION
51.8,4.65,2021,10,Netherlands,HUMAN_OBSERVATION
51.8,4.65,2021,10,Netherlands,HUMAN_OBSERVATION
51.8,4.65,2021,10,Netherlands,HUMAN_OBSERVATION
51.8,4.85,2020,9,Netherlands,HUMAN_OBSERVATION
51.8,4.9,2024,3,Netherlands,HUMAN_OBSERVATION
51.8,4.9,2019,2,Netherlands,HUMAN_OBSERVATION
51.8,4.9,2019,2,Netherlands,HUMAN_OBSERVATION
51.8,4.95,2024,5,Netherlands,HUMAN_OBSERVATION
51.8,4.95,2021,8,Netherlands,HUMAN_OBSERVATION
51.8,4.95,2021,9,Netherlands,HUMAN_OBSERVATION
51.8,4.95,2021,9,Netherlands,HUMAN_OBSERVATION
51.8,4.95,2020,10,Netherlands,HUMAN_OBSERVATION
51.8,4.95,2020,10,Netherlands,HUMAN_OBSERVATION
51.8,4.95,2018,12,Netherlands,HUMAN_OBSERVATION
51.8,5,2025,3,Netherlands,HUMAN_OBSERVATION
51.8,5,2024,6,Netherlands,HUMAN_OBSERVATION
51.8,5,2024,8,Netherlands,HUMAN_OBSERVATION
51.8,5,2020,12,Netherlands,HUMAN_OBSERVATION
51.8,5,2020,12,Netherlands,HUMAN_OBSERVATION
51.8,5,2019,7,Netherlands,HUMAN_OBSERVATION
51.8,5.15,2024,8,Netherlands,HUMAN_OBSERVATION
51.8,5.15,2024,9,Netherlands,HUMAN_OBSERVATION
51.8,5.2,2023,9,Netherlands,HUMAN_OBSERVATION
51.8,5.2,2023,9,Netherlands,HUMAN_OBSERVATION
51.8,5.2,2021,11,Netherlands,HUMAN_OBSERVATION
51.8,5.35,2023,3,Netherlands,HUMAN_OBSERVATION
51.8,5.35,2020,4,Netherlands,HUMAN_OBSERVATION
51.8,5.35,2020,10,Netherlands,HUMAN_OBSERVATION
51.8,5.8,2023,8,Netherlands,HUMAN_OBSERVATION
51.8,5.9,2024,5,Netherlands,HUMAN_OBSERVATION
51.8,5.9,2024,5,Netherlands,HUMAN_OBSERVATION
51.8,5.9,2024,5,Netherlands,HUMAN_OBSERVATION
51.801035,-4.803156,2018,4,United Kingdom of Great Britain and Northern Ireland,HUMAN_OBSERVATION
51.801035,-4.803156,2018,9,United Kingdom of Great Britain and Northern Ireland,HUMAN_OBSERVATION
51.801198,-0.736084,2016,3,United Kingdom of Great Britain and Northern Ireland,HUMAN_OBSERVATION
51.801198,-0.736084,2016,9,United Kingdom of Great Britain and Northern Ireland,HUMAN_OBSERVATION
51.801481,-2.511151,2016,4,United Kingdom of Great Britain and Northern Ireland,HUMAN_OBSERVATION
51.801833,-0.003637,2016,5,United Kingdom of Great Britain and Northern Ireland,HUMAN_OBSERVATION
51.801833,-0.003637,2016,11,United Kingdom of Great Britain and Northern Ireland,HUMAN_OBSERVATION
51.802131,-3.993589,2022,9,United Kingdom of Great Britain and Northern Ireland,HUMAN_OBSERVATION
51.802131,-3.993589,2017,4,United Kingdom of Great Britain and Northern Ireland,HUMAN_OBSERVATION
51.802131,-3.993589,2017,9,United Kingdom of Great Britain and Northern Ireland,HUMAN_OBSERVATION
51.802715,-3.898522,2017,4,United Kingdom of Great Britain and Northern Ireland,HUMAN_OBSERVATION
51.802715,-3.898522,2017,11,United Kingdom of Great Britain and Northern Ireland,HUMAN_OBSERVATION
51.802976,-4.797953,2021,9,United Kingdom of Great Britain and Northern Ireland,HUMAN_OBSERVATION
51.802976,-4.797953,2018,5,United Kingdom of Great Britain and Northern Ireland,HUMAN_OBSERVATION
51.802976,-4.797953,2018,9,United Kingdom of Great Britain and Northern Ireland,HUMAN_OBSERVATION
51.803042,-0.076106,2016,11,United Kingdom of Great Britain and Northern Ireland,HUMAN_OBSERVATION
51.805081,-0.147094,2016,5,United Kingdom of Great Britain and Northern Ireland,HUMAN_OBSERVATION
51.805081,-0.147094,2016,7,United Kingdom of Great Britain and Northern Ireland,HUMAN_OBSERVATION
51.805231,-4.955313,2021,4,United Kingdom of Great Britain and Northern Ireland,HUMAN_OBSERVATION
51.805231,-4.955313,2021,10,United Kingdom of Great Britain and Northern Ireland,HUMAN_OBSERVATION
51.805231,-4.955313,2018,5,United Kingdom of Great Britain and Northern Ireland,HUMAN_OBSERVATION
51.805231,-4.955313,2018,9,United Kingdom of Great Britain and Northern Ireland,HUMAN_OBSERVATION
51.805878,-0.753358,2016,3,United Kingdom of Great Britain and Northern Ireland,HUMAN_OBSERVATION
51.805878,-0.753358,2016,9,United Kingdom of Great Britain and Northern Ireland,HUMAN_OBSERVATION
51.806081,-2.715999,2018,5,United Kingdom of Great Britain and Northern Ireland,HUMAN_OBSERVATION
51.806081,-2.715999,2018,9,United Kingdom of Great Britain and Northern Ireland,HUMAN_OBSERVATION
51.807273,-0.05997,2016,4,United Kingdom of Great Britain and Northern Ireland,HUMAN_OBSERVATION
51.807273,-0.05997,2016,9,United Kingdom of Great Britain and Northern Ireland,HUMAN_OBSERVATION
51.807787,-2.508322,2016,3,United Kingdom of Great Britain and Northern Ireland,HUMAN_OBSERVATION
51.807787,-2.508322,2016,4,United Kingdom of Great Britain and Northern Ireland,HUMAN_OBSERVATION
51.807787,-2.508322,2016,10,United Kingdom of Great Britain and Northern Ireland,HUMAN_OBSERVATION
51.808305,-3.869541,2017,4,United Kingdom of Great Britain and Northern Ireland,HUMAN_OBSERVATION
51.808305,-3.869541,2017,9,United Kingdom of Great Britain and Northern Ireland,HUMAN_OBSERVATION
51.808338,-0.070078,2016,3,United Kingdom of Great Britain and Northern Ireland,HUMAN_OBSERVATION
51.808338,-0.070078,2016,9,United Kingdom of Great Britain and Northern Ireland,HUMAN_OBSERVATION
51.809087,-3.214921,2016,5,United Kingdom of Great Britain and Northern Ireland,HUMAN_OBSERVATION
51.809087,-3.214921,2016,5,United Kingdom of Great Britain and Northern Ireland,HUMAN_OBSERVATION
51.809585,-2.508342,2016,4,United Kingdom of Great Britain and Northern Ireland,HUMAN_OBSERVATION
51.809748,0.006867,2016,5,United Kingdom of Great Britain and Northern Ireland,HUMAN_OBSERVATION
51.809867,0.941184,2018,5,United Kingdom of Great Britain and Northern Ireland,HUMAN_OBSERVATION
51.812509,0.973786,2018,7,United Kingdom of Great Britain and Northern Ireland,HUMAN_OBSERVATION
51.812991,-2.717266,2019,8,United Kingdom of Great Britain and Northern Ireland,HUMAN_OBSERVATION
51.813779,-2.911741,2021,9,United Kingdom of Great Britain and Northern Ireland,HUMAN_OBSERVATION
51.813779,-2.911741,2018,4,United Kingdom of Great Britain and Northern Ireland,HUMAN_OBSERVATION
51.813779,-2.911741,2018,9,United Kingdom of Great Britain and Northern Ireland,HUMAN_OBSERVATION
51.813779,-2.911741,2018,9,United Kingdom of Great Britain and Northern Ireland,HUMAN_OBSERVATION
51.815357,-4.610461,2022,3,United Kingdom of Great Britain and Northern Ireland,HUMAN_OBSERVATION
51.815357,-4.610461,2022,10,United Kingdom of Great Britain and Northern Ireland,HUMAN_OBSERVATION
51.815357,-4.610461,2017,5,United Kingdom of Great Britain and Northern Ireland,HUMAN_OBSERVATION
51.815357,-4.610461,2017,9,United Kingdom of Great Britain and Northern Ireland,HUMAN_OBSERVATION
51.815878,-2.508413,2016,4,United Kingdom of Great Britain and Northern Ireland,HUMAN_OBSERVATION
51.815963,-4.558781,2017,5,United Kingdom of Great Britain and Northern Ireland,HUMAN_OBSERVATION
51.815963,-4.558781,2017,9,United Kingdom of Great Britain and Northern Ireland,HUMAN_OBSERVATION
51.816339,-4.974557,2021,3,United Kingdom of Great Britain and Northern Ireland,HUMAN_OBSERVATION
51.816339,-4.974557,2021,10,United Kingdom of Great Britain and Northern Ireland,HUMAN_OBSERVATION
51.816339,-4.974557,2018,5,United Kingdom of Great Britain and Northern Ireland,HUMAN_OBSERVATION
51.816339,-4.974557,2018,11,United Kingdom of Great Britain and Northern Ireland,HUMAN_OBSERVATION
51.816543,-3.016613,2017,5,United Kingdom of Great Britain and Northern Ireland,HUMAN_OBSERVATION
51.816543,-3.016613,2017,5,United Kingdom of Great Britain and Northern Ireland,HUMAN_OBSERVATION
51.816543,-3.016613,2017,9,United Kingdom of Great Britain and Northern Ireland,HUMAN_OBSERVATION
51.816593,-8.417268,2017,6,Ireland,HUMAN_OBSERVATION
51.817502,-4.766739,2021,4,United Kingdom of Great Britain and Northern Ireland,HUMAN_OBSERVATION
51.817502,-4.766739,2021,10,United Kingdom of Great Britain and Northern Ireland,HUMAN_OBSERVATION
51.817502,-4.766739,2018,5,United Kingdom of Great Britain and Northern Ireland,HUMAN_OBSERVATION
51.817502,-4.766739,2018,9,United Kingdom of Great Britain and Northern Ireland,HUMAN_OBSERVATION
51.818482,-0.842962,2016,4,United Kingdom of Great Britain and Northern Ireland,HUMAN_OBSERVATION
51.818482,-0.842962,2016,10,United Kingdom of Great Britain and Northern Ireland,HUMAN_OBSERVATION
51.819304,-3.027905,2017,4,United Kingdom of Great Britain and Northern Ireland,HUMAN_OBSERVATION
51.819304,-3.027905,2017,9,United Kingdom of Great Britain and Northern Ireland,HUMAN_OBSERVATION
51.819586,-8.6258,2017,6,Ireland,HUMAN_OBSERVATION
51.819655,0.798151,2016,5,United Kingdom of Great Britain and Northern Ireland,HUMAN_OBSERVATION
51.819655,0.798151,2016,9,United Kingdom of Great Britain and Northern Ireland,HUMAN_OBSERVATION
51.820044,-4.496961,2022,3,United Kingdom of Great Britain and Northern Ireland,HUMAN_OBSERVATION
51.820044,-4.496961,2022,3,United Kingdom of Great Britain and Northern Ireland,HUMAN_OBSERVATION
51.820044,-4.496961,2022,9,United Kingdom of Great Britain and Northern Ireland,HUMAN_OBSERVATION
51.820044,-4.496961,2017,5,United Kingdom of Great Britain and Northern Ireland,HUMAN_OBSERVATION
51.820044,-4.496961,2017,9,United Kingdom of Great Britain and Northern Ireland,HUMAN_OBSERVATION
51.820106,-1.26947,2016,5,United Kingdom of Great Britain and Northern Ireland,HUMAN_OBSERVATION
51.820106,-1.26947,2016,10,United Kingdom of Great Britain and Northern Ireland,HUMAN_OBSERVATION
51.820172,-4.970238,2021,4,United Kingdom of Great Britain and Northern Ireland,HUMAN_OBSERVATION
51.820172,-4.970238,2021,6,United Kingdom of Great Britain and Northern Ireland,HUMAN_OBSERVATION
51.820172,-4.970238,2021,9,United Kingdom of Great Britain and Northern Ireland,HUMAN_OBSERVATION
51.820172,-4.970238,2018,4,United Kingdom of Great Britain and Northern Ireland,HUMAN_OBSERVATION
51.820172,-4.970238,2018,11,United Kingdom of Great Britain and Northern Ireland,HUMAN_OBSERVATION
51.820469,-0.097129,2016,5,United Kingdom of Great Britain and Northern Ireland,HUMAN_OBSERVATION
51.822106,-2.912808,2018,4,United Kingdom of Great Britain and Northern Ireland,HUMAN_OBSERVATION
51.822106,-2.912808,2018,9,United Kingdom of Great Britain and Northern Ireland,HUMAN_OBSERVATION
51.822159,-2.511385,2016,4,United Kingdom of Great Britain and Northern Ireland,HUMAN_OBSERVATION
51.822395,-4.559523,2019,5,United Kingdom of Great Britain and Northern Ireland,HUMAN_OBSERVATION
51.822395,-4.559523,2019,10,United Kingdom of Great Britain and Northern Ireland,HUMAN_OBSERVATION
51.822806,-2.809893,2021,5,United Kingdom of Great Britain and Northern Ireland,HUMAN_OBSERVATION
51.822806,-2.809893,2021,9,United Kingdom of Great Britain and Northern Ireland,HUMAN_OBSERVATION
51.822806,-2.809893,2018,4,United Kingdom of Great Britain and Northern Ireland,HUMAN_OBSERVATION
51.822806,-2.809893,2018,9,United Kingdom of Great Britain and Northern Ireland,HUMAN_OBSERVATION
51.823945,-2.514307,2016,4,United Kingdom of Great Britain and Northern Ireland,HUMAN_OBSERVATION
51.825223,-2.826898,2022,4,United Kingdom of Great Britain and Northern Ireland,HUMAN_OBSERVATION
51.825223,-2.826898,2022,9,United Kingdom of Great Britain and Northern Ireland,HUMAN_OBSERVATION
51.825223,-2.826898,2018,5,United Kingdom of Great Britain and Northern Ireland,HUMAN_OBSERVATION
51.825223,-2.826898,2018,9,United Kingdom of Great Britain and Northern Ireland,HUMAN_OBSERVATION
51.82537,-3.45129,2018,3,United Kingdom of Great Britain and Northern Ireland,HUMAN_OBSERVATION
51.82537,-3.45129,2018,7,United Kingdom of Great Britain and Northern Ireland,HUMAN_OBSERVATION
51.82537,-3.45129,2018,9,United Kingdom of Great Britain and Northern Ireland,HUMAN_OBSERVATION
51.82537,-3.45129,2017,4,United Kingdom of Great Britain and Northern Ireland,HUMAN_OBSERVATION
51.82537,-3.45129,2017,7,United Kingdom of Great Britain and Northern Ireland,HUMAN_OBSERVATION
51.82537,-3.45129,2017,7,United Kingdom of Great Britain and Northern Ireland,HUMAN_OBSERVATION
51.82537,-3.45129,2017,9,United Kingdom of Great Britain and Northern Ireland,HUMAN_OBSERVATION
51.82537,-3.45129,2016,8,United Kingdom of Great Britain and Northern Ireland,HUMAN_OBSERVATION
51.82537,-3.45129,2016,10,United Kingdom of Great Britain and Northern Ireland,HUMAN_OBSERVATION
51.829578,-4.027175,2021,6,United Kingdom of Great Britain and Northern Ireland,HUMAN_OBSERVATION
51.829737,-0.059005,2016,5,United Kingdom of Great Britain and Northern Ireland,HUMAN_OBSERVATION
51.830197,-0.845564,2016,4,United Kingdom of Great Britain and Northern Ireland,HUMAN_OBSERVATION
51.830197,-0.845564,2016,9,United Kingdom of Great Britain and Northern Ireland,HUMAN_OBSERVATION
51.830695,-4.99224,2021,4,United Kingdom of Great Britain and Northern Ireland,HUMAN_OBSERVATION
51.830695,-4.99224,2021,10,United Kingdom of Great Britain and Northern Ireland,HUMAN_OBSERVATION
51.830695,-4.99224,2018,4,United Kingdom of Great Britain and Northern Ireland,HUMAN_OBSERVATION
51.830695,-4.99224,2018,10,United Kingdom of Great Britain and Northern Ireland,HUMAN_OBSERVATION
51.831032,-4.023684,2021,6,United Kingdom of Great Britain and Northern Ireland,HUMAN_OBSERVATION
51.831839,0.7002,2016,3,United Kingdom of Great Britain and Northern Ireland,HUMAN_OBSERVATION
51.831839,0.7002,2016,9,United Kingdom of Great Britain and Northern Ireland,HUMAN_OBSERVATION
51.833003,0.065958,2016,8,United Kingdom of Great Britain and Northern Ireland,HUMAN_OBSERVATION
51.833003,0.065958,2016,11,United Kingdom of Great Britain and Northern Ireland,HUMAN_OBSERVATION
51.836258,-4.430893,2022,3,United Kingdom of Great Britain and Northern Ireland,HUMAN_OBSERVATION
51.836258,-4.430893,2022,9,United Kingdom of Great Britain and Northern Ireland,HUMAN_OBSERVATION
51.836258,-4.430893,2017,5,United Kingdom of Great Britain and Northern Ireland,HUMAN_OBSERVATION
51.836258,-4.430893,2017,9,United Kingdom of Great Britain and Northern Ireland,HUMAN_OBSERVATION
51.836258,-4.430893,2017,9,United Kingdom of Great Britain and Northern Ireland,HUMAN_OBSERVATION
51.837698,-0.221236,2016,5,United Kingdom of Great Britain and Northern Ireland,HUMAN_OBSERVATION
51.839123,-4.982651,2021,4,United Kingdom of Great Britain and Northern Ireland,HUMAN_OBSERVATION
51.839123,-4.982651,2018,4,United Kingdom of Great Britain and Northern Ireland,HUMAN_OBSERVATION
51.839123,-4.982651,2018,10,United Kingdom of Great Britain and Northern Ireland,HUMAN_OBSERVATION
51.839139,-0.029568,2016,5,United Kingdom of Great Britain and Northern Ireland,HUMAN_OBSERVATION
51.839139,-0.029568,2016,9,United Kingdom of Great Britain and Northern Ireland,HUMAN_OBSERVATION
51.839235,-2.51303,2016,4,United Kingdom of Great Britain and Northern Ireland,HUMAN_OBSERVATION
51.83948,-4.414604,2019,9,United Kingdom of Great Britain and Northern Ireland,HUMAN_OBSERVATION
51.839751,-3.103268,2017,9,United Kingdom of Great Britain and Northern Ireland,HUMAN_OBSERVATION
51.840627,-1.244462,2016,3,United Kingdom of Great Britain and Northern Ireland,HUMAN_OBSERVATION
51.840627,-1.244462,2016,10,United Kingdom of Great Britain and Northern Ireland,HUMAN_OBSERVATION
51.841345,-3.00151,2023,5,United Kingdom of Great Britain and Northern Ireland,HUMAN_OBSERVATION
51.841345,-3.00151,2023,9,United Kingdom of Great Britain and Northern Ireland,HUMAN_OBSERVATION
51.841463,-4.78492,2021,4,United Kingdom of Great Britain and Northern Ireland,HUMAN_OBSERVATION
51.841463,-4.78492,2021,10,United Kingdom of Great Britain and Northern Ireland,HUMAN_OBSERVATION
51.841463,-4.78492,2019,5,United Kingdom of Great Britain and Northern Ireland,HUMAN_OBSERVATION
51.841463,-4.78492,2019,10,United Kingdom of Great Britain and Northern Ireland,HUMAN_OBSERVATION
51.841463,-4.78492,2018,5,United Kingdom of Great Britain and Northern Ireland,HUMAN_OBSERVATION
51.841463,-4.78492,2018,9,United Kingdom of Great Britain and Northern Ireland,HUMAN_OBSERVATION
51.844166,-4.80177,2021,4,United Kingdom of Great Britain and Northern Ireland,HUMAN_OBSERVATION
51.844166,-4.80177,2021,10,United Kingdom of Great Britain and Northern Ireland,HUMAN_OBSERVATION
51.844166,-4.80177,2018,4,United Kingdom of Great Britain and Northern Ireland,HUMAN_OBSERVATION
51.844166,-4.80177,2018,4,United Kingdom of Great Britain and Northern Ireland,HUMAN_OBSERVATION
51.844166,-4.80177,2018,9,United Kingdom of Great Britain and Northern Ireland,HUMAN_OBSERVATION
51.844538,0.992814,2016,3,United Kingdom of Great Britain and Northern Ireland,HUMAN_OBSERVATION
51.844538,0.992814,2016,9,United Kingdom of Great Britain and Northern Ireland,HUMAN_OBSERVATION
51.844852,-9.900737,2018,9,Ireland,HUMAN_OBSERVATION
51.845051,-3.466644,2018,7,United Kingdom of Great Britain and Northern Ireland,HUMAN_OBSERVATION
51.845051,-3.466644,2018,9,United Kingdom of Great Britain and Northern Ireland,HUMAN_OBSERVATION
51.845051,-3.466644,2018,9,United Kingdom of Great Britain and Northern Ireland,HUMAN_OBSERVATION
51.845051,-3.466644,2017,4,United Kingdom of Great Britain and Northern Ireland,HUMAN_OBSERVATION
51.845051,-3.466644,2017,7,United Kingdom of Great Britain and Northern Ireland,HUMAN_OBSERVATION
51.845051,-3.466644,2017,9,United Kingdom of Great Britain and Northern Ireland,HUMAN_OBSERVATION
51.845051,-3.466644,2016,5,United Kingdom of Great Britain and Northern Ireland,HUMAN_OBSERVATION
51.845051,-3.466644,2016,8,United Kingdom of Great Britain and Northern Ireland,HUMAN_OBSERVATION
51.845051,-3.466644,2016,10,United Kingdom of Great Britain and Northern Ireland,HUMAN_OBSERVATION
51.845059,0.42367,2016,5,United Kingdom of Great Britain and Northern Ireland,HUMAN_OBSERVATION
51.845456,-0.532549,2018,5,United Kingdom of Great Britain and Northern Ireland,HUMAN_OBSERVATION
51.846227,-3.406404,2017,7,United Kingdom of Great Britain and Northern Ireland,HUMAN_OBSERVATION
51.846602,1.017638,2016,3,United Kingdom of Great Britain and Northern Ireland,HUMAN_OBSERVATION
51.846602,1.017638,2016,9,United Kingdom of Great Britain and Northern Ireland,HUMAN_OBSERVATION
51.847997,-0.248415,2016,11,United Kingdom of Great Britain and Northern Ireland,HUMAN_OBSERVATION
51.848125,0.075362,2016,5,United Kingdom of Great Britain and Northern Ireland,HUMAN_OBSERVATION
51.848281,-1.179006,2016,3,United Kingdom of Great Britain and Northern Ireland,HUMAN_OBSERVATION
51.848281,-1.179006,2016,11,United Kingdom of Great Britain and Northern Ireland,HUMAN_OBSERVATION
51.849654,-10.255608,2018,8,Ireland,HUMAN_OBSERVATION
51.85,4.05,2020,5,Netherlands,HUMAN_OBSERVATION
51.85,4.05,2020,8,Netherlands,HUMAN_OBSERVATION
51.85,4.05,2020,8,Netherlands,HUMAN_OBSERVATION
51.85,4.05,2020,8,Netherlands,HUMAN_OBSERVATION
51.85,4.05,2020,8,Netherlands,HUMAN_OBSERVATION
51.85,4.05,2020,8,Netherlands,HUMAN_OBSERVATION
51.85,4.05,2020,8,Netherlands,HUMAN_OBSERVATION
51.85,4.05,2020,8,Netherlands,HUMAN_OBSERVATION
51.85,4.3,2020,5,Netherlands,HUMAN_OBSERVATION
51.85,4.3,2019,11,Netherlands,HUMAN_OBSERVATION
51.85,4.3,2019,11,Netherlands,HUMAN_OBSERVATION
51.85,4.3,2018,11,Netherlands,HUMAN_OBSERVATION
51.85,4.3,2018,11,Netherlands,HUMAN_OBSERVATION
51.85,4.3,2018,11,Netherlands,HUMAN_OBSERVATION
51.85,4.3,2018,11,Netherlands,HUMAN_OBSERVATION
51.85,4.3,2018,11,Netherlands,HUMAN_OBSERVATION
51.85,4.3,2018,11,Netherlands,HUMAN_OBSERVATION
51.85,4.3,2018,11,Netherlands,HUMAN_OBSERVATION
51.85,4.3,2018,11,Netherlands,HUMAN_OBSERVATION
51.85,4.3,2018,11,Netherlands,HUMAN_OBSERVATION
51.85,4.3,2018,11,Netherlands,HUMAN_OBSERVATION
51.85,4.3,2018,11,Netherlands,HUMAN_OBSERVATION
51.85,4.3,2018,11,Netherlands,HUMAN_OBSERVATION
51.85,4.35,2018,11,Netherlands,HUMAN_OBSERVATION
51.85,4.4,2018,5,Netherlands,HUMAN_OBSERVATION
51.85,4.5,2018,9,Netherlands,HUMAN_OBSERVATION
51.85,5.75,2024,8,Netherlands,HUMAN_OBSERVATION
51.85,5.8,2021,12,Netherlands,HUMAN_OBSERVATION
51.85,5.9,2023,8,Netherlands,HUMAN_OBSERVATION
51.85,5.9,2023,8,Netherlands,HUMAN_OBSERVATION
51.85,5.9,2022,10,Netherlands,HUMAN_OBSERVATION
51.85,5.95,2023,9,Netherlands,HUMAN_OBSERVATION
51.85,5.95,2019,9,Netherlands,HUMAN_OBSERVATION
51.85,6,2024,8,Netherlands,HUMAN_OBSERVATION
51.85,6,2023,9,Netherlands,HUMAN_OBSERVATION
51.85,6,2023,9,Netherlands,HUMAN_OBSERVATION
51.85,6,2022,1,Netherlands,HUMAN_OBSERVATION
51.85,6,2022,3,Netherlands,HUMAN_OBSERVATION
51.85,6,2022,3,Netherlands,HUMAN_OBSERVATION
51.85,6,2022,4,Netherlands,HUMAN_OBSERVATION
51.85,6,2022,6,Netherlands,HUMAN_OBSERVATION
51.85,6,2022,6,Netherlands,HUMAN_OBSERVATION
51.85,6,2022,10,Netherlands,HUMAN_OBSERVATION
51.85,6,2022,10,Netherlands,HUMAN_OBSERVATION
51.85,6,2022,10,Netherlands,HUMAN_OBSERVATION
51.85,6.1,2017,3,Netherlands,HUMAN_OBSERVATION
51.850835,0.174225,2016,5,United Kingdom of Great Britain and Northern Ireland,HUMAN_OBSERVATION
51.850835,0.174225,2016,11,United Kingdom of Great Britain and Northern Ireland,HUMAN_OBSERVATION
51.851047,-9.629996,2018,9,Ireland,HUMAN_OBSERVATION
51.852348,-4.326741,2022,3,United Kingdom of Great Britain and Northern Ireland,HUMAN_OBSERVATION
51.852348,-4.326741,2022,9,United Kingdom of Great Britain and Northern Ireland,HUMAN_OBSERVATION
51.852348,-4.326741,2017,3,United Kingdom of Great Britain and Northern Ireland,HUMAN_OBSERVATION
51.852348,-4.326741,2017,9,United Kingdom of Great Britain and Northern Ireland,HUMAN_OBSERVATION
51.856455,-3.143971,2017,5,United Kingdom of Great Britain and Northern Ireland,HUMAN_OBSERVATION
51.856681,-3.141988,2017,5,United Kingdom of Great Britain and Northern Ireland,HUMAN_OBSERVATION
51.856681,-3.141988,2017,9,United Kingdom of Great Britain and Northern Ireland,HUMAN_OBSERVATION
51.85722,-0.26403,2016,5,United Kingdom of Great Britain and Northern Ireland,HUMAN_OBSERVATION
51.857379,-4.762156,2018,9,United Kingdom of Great Britain and Northern Ireland,HUMAN_OBSERVATION
51.857821,-9.022496,2017,6,Ireland,HUMAN_OBSERVATION
51.859604,0.186266,2016,5,United Kingdom of Great Britain and Northern Ireland,HUMAN_OBSERVATION
51.860254,-4.235387,2020,8,United Kingdom of Great Britain and Northern Ireland,HUMAN_OBSERVATION
51.860756,-4.189066,2017,5,United Kingdom of Great Britain and Northern Ireland,HUMAN_OBSERVATION
51.860756,-4.189066,2017,5,United Kingdom of Great Britain and Northern Ireland,HUMAN_OBSERVATION
51.860756,-4.189066,2017,10,United Kingdom of Great Britain and Northern Ireland,HUMAN_OBSERVATION
51.860913,0.830074,2025,5,United Kingdom of Great Britain and Northern Ireland,HUMAN_OBSERVATION
51.861256,-0.117193,2016,5,United Kingdom of Great Britain and Northern Ireland,HUMAN_OBSERVATION
51.861256,-0.117193,2016,8,United Kingdom of Great Britain and Northern Ireland,HUMAN_OBSERVATION
51.861256,-0.117193,2016,11,United Kingdom of Great Britain and Northern Ireland,HUMAN_OBSERVATION
51.861983,-2.64108,2016,3,United Kingdom of Great Britain and Northern Ireland,HUMAN_OBSERVATION
51.861983,-2.64108,2016,9,United Kingdom of Great Britain and Northern Ireland,HUMAN_OBSERVATION
51.862188,-3.257915,2016,3,United Kingdom of Great Britain and Northern Ireland,HUMAN_OBSERVATION
51.862188,-3.257915,2016,3,United Kingdom of Great Britain and Northern Ireland,HUMAN_OBSERVATION
51.862188,-3.257915,2016,10,United Kingdom of Great Britain and Northern Ireland,HUMAN_OBSERVATION
51.862662,0.015031,2016,5,United Kingdom of Great Britain and Northern Ireland,HUMAN_OBSERVATION
51.863891,-3.472194,2017,9,United Kingdom of Great Britain and Northern Ireland,HUMAN_OBSERVATION
51.864951,-4.518554,2016,9,United Kingdom of Great Britain and Northern Ireland,HUMAN_OBSERVATION
51.864951,-4.518554,2016,9,United Kingdom of Great Britain and Northern Ireland,HUMAN_OBSERVATION
51.864951,-4.518554,2016,9,United Kingdom of Great Britain and Northern Ireland,HUMAN_OBSERVATION
51.864951,-4.518554,2016,9,United Kingdom of Great Britain and Northern Ireland,HUMAN_OBSERVATION
51.865549,-8.712611,2017,6,Ireland,HUMAN_OBSERVATION
51.865658,-10.151243,2018,8,Ireland,HUMAN_OBSERVATION
51.865893,-4.276557,2022,3,United Kingdom of Great Britain and Northern Ireland,HUMAN_OBSERVATION
51.865893,-4.276557,2022,9,United Kingdom of Great Britain and Northern Ireland,HUMAN_OBSERVATION
51.865893,-4.276557,2022,9,United Kingdom of Great Britain and Northern Ireland,HUMAN_OBSERVATION
51.866334,-4.416754,2017,5,United Kingdom of Great Britain and Northern Ireland,HUMAN_OBSERVATION
51.866334,-4.416754,2017,9,United Kingdom of Great Britain and Northern Ireland,HUMAN_OBSERVATION
51.867361,-4.85262,2021,4,United Kingdom of Great Britain and Northern Ireland,HUMAN_OBSERVATION
51.867361,-4.85262,2021,10,United Kingdom of Great Britain and Northern Ireland,HUMAN_OBSERVATION
51.867361,-4.85262,2019,5,United Kingdom of Great Britain and Northern Ireland,HUMAN_OBSERVATION
51.867361,-4.85262,2019,10,United Kingdom of Great Britain and Northern Ireland,HUMAN_OBSERVATION
51.867778,-0.131446,2016,5,United Kingdom of Great Britain and Northern Ireland,HUMAN_OBSERVATION
51.869082,0.644321,2018,6,United Kingdom of Great Britain and Northern Ireland,HUMAN_OBSERVATION
51.869875,-3.211751,2022,10,United Kingdom of Great Britain and Northern Ireland,HUMAN_OBSERVATION
51.869875,-3.211751,2017,5,United Kingdom of Great Britain and Northern Ireland,HUMAN_OBSERVATION
51.869875,-3.211751,2017,9,United Kingdom of Great Britain and Northern Ireland,HUMAN_OBSERVATION
51.869875,-3.211751,2017,9,United Kingdom of Great Britain and Northern Ireland,HUMAN_OBSERVATION
51.869915,-4.222385,2022,3,United Kingdom of Great Britain and Northern Ireland,HUMAN_OBSERVATION
51.869915,-4.222385,2022,6,United Kingdom of Great Britain and Northern Ireland,HUMAN_OBSERVATION
51.869915,-4.222385,2022,9,United Kingdom of Great Britain and Northern Ireland,HUMAN_OBSERVATION
51.870644,-2.256307,2016,5,United Kingdom of Great Britain and Northern Ireland,HUMAN_OBSERVATION
51.870644,-2.256307,2016,9,United Kingdom of Great Britain and Northern Ireland,HUMAN_OBSERVATION
51.870717,-1.053685,2016,5,United Kingdom of Great Britain and Northern Ireland,HUMAN_OBSERVATION
51.870717,-1.053685,2016,9,United Kingdom of Great Britain and Northern Ireland,HUMAN_OBSERVATION
51.871501,-4.959875,2021,4,United Kingdom of Great Britain and Northern Ireland,HUMAN_OBSERVATION
51.871501,-4.959875,2021,11,United Kingdom of Great Britain and Northern Ireland,HUMAN_OBSERVATION
51.871501,-4.959875,2018,4,United Kingdom of Great Britain and Northern Ireland,HUMAN_OBSERVATION
51.871501,-4.959875,2018,10,United Kingdom of Great Britain and Northern Ireland,HUMAN_OBSERVATION
51.872342,-4.27325,2019,5,United Kingdom of Great Britain and Northern Ireland,HUMAN_OBSERVATION
51.872342,-4.27325,2019,9,United Kingdom of Great Britain and Northern Ireland,HUMAN_OBSERVATION
51.873641,-3.175566,2022,4,United Kingdom of Great Britain and Northern Ireland,HUMAN_OBSERVATION
51.873641,-3.175566,2022,10,United Kingdom of Great Britain and Northern Ireland,HUMAN_OBSERVATION
51.873641,-3.175566,2017,5,United Kingdom of Great Britain and Northern Ireland,HUMAN_OBSERVATION
51.873729,-4.280584,2022,9,United Kingdom of Great Britain and Northern Ireland,HUMAN_OBSERVATION
51.874417,-3.241841,2017,5,United Kingdom of Great Britain and Northern Ireland,HUMAN_OBSERVATION
51.875316,-3.984268,2020,4,United Kingdom of Great Britain and Northern Ireland,HUMAN_OBSERVATION
51.875316,-3.984268,2020,4,United Kingdom of Great Britain and Northern Ireland,HUMAN_OBSERVATION
51.877208,-0.405634,2016,5,United Kingdom of Great Britain and Northern Ireland,HUMAN_OBSERVATION
51.877208,-0.405634,2016,9,United Kingdom of Great Britain and Northern Ireland,HUMAN_OBSERVATION
51.877873,-2.788191,2018,5,United Kingdom of Great Britain and Northern Ireland,HUMAN_OBSERVATION
51.877873,-2.788191,2018,9,United Kingdom of Great Britain and Northern Ireland,HUMAN_OBSERVATION
51.878111,-4.587581,2016,9,United Kingdom of Great Britain and Northern Ireland,HUMAN_OBSERVATION
51.878111,-4.587581,2016,9,United Kingdom of Great Britain and Northern Ireland,HUMAN_OBSERVATION
51.878111,-4.587581,2016,9,United Kingdom of Great Britain and Northern Ireland,HUMAN_OBSERVATION
51.878111,-4.587581,2016,9,United Kingdom of Great Britain and Northern Ireland,HUMAN_OBSERVATION
51.879795,-4.063651,2022,7,United Kingdom of Great Britain and Northern Ireland,HUMAN_OBSERVATION
51.880492,-2.795718,2018,4,United Kingdom of Great Britain and Northern Ireland,HUMAN_OBSERVATION
51.880492,-2.795718,2018,9,United Kingdom of Great Britain and Northern Ireland,HUMAN_OBSERVATION
51.880509,-4.851171,2018,3,United Kingdom of Great Britain and Northern Ireland,HUMAN_OBSERVATION
51.880509,-4.851171,2018,11,United Kingdom of Great Britain and Northern Ireland,HUMAN_OBSERVATION
51.880575,-9.584386,2018,6,Ireland,HUMAN_OBSERVATION
51.880618,-4.168323,2022,3,United Kingdom of Great Britain and Northern Ireland,HUMAN_OBSERVATION
51.880618,-4.168323,2022,9,United Kingdom of Great Britain and Northern Ireland,HUMAN_OBSERVATION
51.880618,-4.168323,2017,5,United Kingdom of Great Britain and Northern Ireland,HUMAN_OBSERVATION
51.880618,-4.168323,2017,9,United Kingdom of Great Britain and Northern Ireland,HUMAN_OBSERVATION
51.881187,-9.584394,2018,6,Ireland,HUMAN_OBSERVATION
51.881699,-4.16823,2017,4,United Kingdom of Great Britain and Northern Ireland,HUMAN_OBSERVATION
51.881699,-4.16823,2017,10,United Kingdom of Great Britain and Northern Ireland,HUMAN_OBSERVATION
51.881977,-2.600685,2016,3,United Kingdom of Great Britain and Northern Ireland,HUMAN_OBSERVATION
51.881977,-2.600685,2016,10,United Kingdom of Great Britain and Northern Ireland,HUMAN_OBSERVATION
51.882343,0.809311,2016,5,United Kingdom of Great Britain and Northern Ireland,HUMAN_OBSERVATION
51.882343,0.809311,2016,9,United Kingdom of Great Britain and Northern Ireland,HUMAN_OBSERVATION
51.883371,-10.229139,2016,6,Ireland,HUMAN_OBSERVATION
51.883867,-1.012728,2016,5,United Kingdom of Great Britain and Northern Ireland,HUMAN_OBSERVATION
51.884693,-5.268269,2021,4,United Kingdom of Great Britain and Northern Ireland,HUMAN_OBSERVATION
51.884693,-5.268269,2021,10,United Kingdom of Great Britain and Northern Ireland,HUMAN_OBSERVATION
51.884986,-3.298872,2016,10,United Kingdom of Great Britain and Northern Ireland,HUMAN_OBSERVATION
51.884986,-3.298872,2016,10,United Kingdom of Great Britain and Northern Ireland,HUMAN_OBSERVATION
51.891374,-2.231722,2016,5,United Kingdom of Great Britain and Northern Ireland,HUMAN_OBSERVATION
51.891374,-2.231722,2016,9,United Kingdom of Great Britain and Northern Ireland,HUMAN_OBSERVATION
51.893264,-2.179418,2016,3,United Kingdom of Great Britain and Northern Ireland,HUMAN_OBSERVATION
51.893264,-2.179418,2016,9,United Kingdom of Great Britain and Northern Ireland,HUMAN_OBSERVATION
51.893341,-2.118386,2016,5,United Kingdom of Great Britain and Northern Ireland,HUMAN_OBSERVATION
51.893341,-2.118386,2016,9,United Kingdom of Great Britain and Northern Ireland,HUMAN_OBSERVATION
51.893999,-0.140532,2016,5,United Kingdom of Great Britain and Northern Ireland,HUMAN_OBSERVATION
51.89467,0.186515,2016,11,United Kingdom of Great Britain and Northern Ireland,HUMAN_OBSERVATION
51.895094,-1.066253,2016,11,United Kingdom of Great Britain and Northern Ireland,HUMAN_OBSERVATION
51.895829,-4.135097,2022,3,United Kingdom of Great Britain and Northern Ireland,HUMAN_OBSERVATION
51.895829,-4.135097,2022,3,United Kingdom of Great Britain and Northern Ireland,HUMAN_OBSERVATION
51.896732,0.020916,2016,3,United Kingdom of Great Britain and Northern Ireland,HUMAN_OBSERVATION
51.896732,0.020916,2016,9,United Kingdom of Great Britain and Northern Ireland,HUMAN_OBSERVATION
51.897732,-8.568145,2017,9,Ireland,HUMAN_OBSERVATION
51.897825,0.948382,2016,3,United Kingdom of Great Britain and Northern Ireland,HUMAN_OBSERVATION
51.897825,0.948382,2016,9,United Kingdom of Great Britain and Northern Ireland,HUMAN_OBSERVATION
51.898331,-3.282324,2016,3,United Kingdom of Great Britain and Northern Ireland,HUMAN_OBSERVATION
51.898919,-4.138296,2022,3,United Kingdom of Great Britain and Northern Ireland,HUMAN_OBSERVATION
51.898919,-4.138296,2022,3,United Kingdom of Great Britain and Northern Ireland,HUMAN_OBSERVATION
51.89903,-9.45528,2018,9,Ireland,HUMAN_OBSERVATION
51.89925,-4.971513,2021,6,United Kingdom of Great Britain and Northern Ireland,HUMAN_OBSERVATION
51.89925,-4.971513,2021,10,United Kingdom of Great Britain and Northern Ireland,HUMAN_OBSERVATION
51.89925,-4.971513,2018,4,United Kingdom of Great Britain and Northern Ireland,HUMAN_OBSERVATION
51.89925,-4.971513,2018,10,United Kingdom of Great Britain and Northern Ireland,HUMAN_OBSERVATION
51.899269,-4.968606,2018,4,United Kingdom of Great Britain and Northern Ireland,HUMAN_OBSERVATION
51.899269,-4.968606,2018,10,United Kingdom of Great Britain and Northern Ireland,HUMAN_OBSERVATION
51.899297,0.179471,2016,4,United Kingdom of Great Britain and Northern Ireland,HUMAN_OBSERVATION
51.899297,0.179471,2016,11,United Kingdom of Great Britain and Northern Ireland,HUMAN_OBSERVATION
51.89978,-8.661358,2017,6,Ireland,HUMAN_OBSERVATION
51.9,4.1,2022,4,Netherlands,HUMAN_OBSERVATION
51.9,4.35,2023,7,Netherlands,HUMAN_OBSERVATION
51.9,4.5,2017,9,Netherlands,HUMAN_OBSERVATION
51.9,4.55,2016,3,Netherlands,HUMAN_OBSERVATION
51.9,4.6,2020,7,Netherlands,HUMAN_OBSERVATION
51.9,5.6,2018,11,Netherlands,HUMAN_OBSERVATION
51.9,5.85,2023,8,Netherlands,HUMAN_OBSERVATION
51.9,6.55,2024,9,Netherlands,HUMAN_OBSERVATION
51.900227,-4.140539,2022,3,United Kingdom of Great Britain and Northern Ireland,HUMAN_OBSERVATION
51.900227,-4.140539,2022,3,United Kingdom of Great Britain and Northern Ireland,HUMAN_OBSERVATION
51.90169,-0.420756,2016,5,United Kingdom of Great Britain and Northern Ireland,HUMAN_OBSERVATION
51.901826,-3.277598,2017,9,United Kingdom of Great Britain and Northern Ireland,HUMAN_OBSERVATION
51.902244,-1.813185,2016,5,United Kingdom of Great Britain and Northern Ireland,HUMAN_OBSERVATION
51.902244,-1.813185,2016,10,United Kingdom of Great Britain and Northern Ireland,HUMAN_OBSERVATION
51.902884,-8.943808,2017,6,Ireland,HUMAN_OBSERVATION
51.903543,-9.000865,2018,7,Ireland,HUMAN_OBSERVATION
51.904084,-2.967423,2018,4,United Kingdom of Great Britain and Northern Ireland,HUMAN_OBSERVATION
51.904522,-0.430832,2016,5,United Kingdom of Great Britain and Northern Ireland,HUMAN_OBSERVATION
51.905652,-0.448237,2016,5,United Kingdom of Great Britain and Northern Ireland,HUMAN_OBSERVATION
51.906639,-4.841339,2018,3,United Kingdom of Great Britain and Northern Ireland,HUMAN_OBSERVATION
51.906639,-4.841339,2018,10,United Kingdom of Great Britain and Northern Ireland,HUMAN_OBSERVATION
51.907361,-8.312704,2021,,Ireland,HUMAN_OBSERVATION
51.908136,-9.63159,2018,6,Ireland,HUMAN_OBSERVATION
51.909132,-2.326302,2016,7,United Kingdom of Great Britain and Northern Ireland,HUMAN_OBSERVATION
51.909654,-9.340799,2018,6,Ireland,HUMAN_OBSERVATION
51.910304,-9.341428,2018,6,Ireland,HUMAN_OBSERVATION
51.911545,-8.052813,2017,6,Ireland,HUMAN_OBSERVATION
51.911782,-8.169853,2017,6,Ireland,HUMAN_OBSERVATION
51.914935,-8.744539,2017,6,Ireland,HUMAN_OBSERVATION
51.915863,-8.175552,2017,6,Ireland,HUMAN_OBSERVATION
51.916779,-4.817241,2018,10,United Kingdom of Great Britain and Northern Ireland,HUMAN_OBSERVATION
51.918012,-0.648472,2016,5,United Kingdom of Great Britain and Northern Ireland,HUMAN_OBSERVATION
51.918012,-0.648472,2016,9,United Kingdom of Great Britain and Northern Ireland,HUMAN_OBSERVATION
51.918408,-4.362906,2022,3,United Kingdom of Great Britain and Northern Ireland,HUMAN_OBSERVATION
51.919589,-3.323573,2022,10,United Kingdom of Great Britain and Northern Ireland,HUMAN_OBSERVATION
51.919589,-3.323573,2017,5,United Kingdom of Great Britain and Northern Ireland,HUMAN_OBSERVATION
51.919589,-3.323573,2017,5,United Kingdom of Great Britain and Northern Ireland,HUMAN_OBSERVATION
51.921347,-4.719016,2018,4,United Kingdom of Great Britain and Northern Ireland,HUMAN_OBSERVATION
51.921906,-1.302718,2016,5,United Kingdom of Great Britain and Northern Ireland,HUMAN_OBSERVATION
51.921906,-1.302718,2016,10,United Kingdom of Great Britain and Northern Ireland,HUMAN_OBSERVATION
51.922381,-8.602101,2017,6,Ireland,HUMAN_OBSERVATION
51.92389,-1.862537,2016,5,United Kingdom of Great Britain and Northern Ireland,HUMAN_OBSERVATION
51.924847,0.521055,2016,3,United Kingdom of Great Britain and Northern Ireland,HUMAN_OBSERVATION
51.924847,0.521055,2016,10,United Kingdom of Great Britain and Northern Ireland,HUMAN_OBSERVATION
51.925186,-4.701516,2018,4,United Kingdom of Great Britain and Northern Ireland,HUMAN_OBSERVATION
51.925186,-4.701516,2018,11,United Kingdom of Great Britain and Northern Ireland,HUMAN_OBSERVATION
51.925186,-4.701516,2018,11,United Kingdom of Great Britain and Northern Ireland,HUMAN_OBSERVATION
51.92572,-8.393037,2017,6,Ireland,HUMAN_OBSERVATION
51.925813,-7.96915,2017,6,Ireland,HUMAN_OBSERVATION
51.926734,1.21795,2016,5,United Kingdom of Great Britain and Northern Ireland,HUMAN_OBSERVATION
51.927525,-9.124141,2017,6,Ireland,HUMAN_OBSERVATION
51.9287,-0.008193,2016,3,United Kingdom of Great Britain and Northern Ireland,HUMAN_OBSERVATION
51.9287,-0.008193,2016,9,United Kingdom of Great Britain and Northern Ireland,HUMAN_OBSERVATION
51.930124,-3.718367,2016,4,United Kingdom of Great Britain and Northern Ireland,HUMAN_OBSERVATION
51.930124,-3.718367,2016,9,United Kingdom of Great Britain and Northern Ireland,HUMAN_OBSERVATION
51.934034,-2.87921,2023,5,United Kingdom of Great Britain and Northern Ireland,HUMAN_OBSERVATION
51.934034,-2.87921,2022,4,United Kingdom of Great Britain and Northern Ireland,HUMAN_OBSERVATION
51.934034,-2.87921,2022,6,United Kingdom of Great Britain and Northern Ireland,HUMAN_OBSERVATION
51.934034,-2.87921,2022,9,United Kingdom of Great Britain and Northern Ireland,HUMAN_OBSERVATION
51.934034,-2.87921,2021,7,United Kingdom of Great Britain and Northern Ireland,HUMAN_OBSERVATION
51.934034,-2.87921,2021,9,United Kingdom of Great Britain and Northern Ireland,HUMAN_OBSERVATION
51.934034,-2.87921,2020,11,United Kingdom of Great Britain and Northern Ireland,HUMAN_OBSERVATION
51.934034,-2.87921,2019,4,United Kingdom of Great Britain and Northern Ireland,HUMAN_OBSERVATION
51.934034,-2.87921,2019,10,United Kingdom of Great Britain and Northern Ireland,HUMAN_OBSERVATION
51.934034,-2.87921,2018,5,United Kingdom of Great Britain and Northern Ireland,HUMAN_OBSERVATION
51.934034,-2.87921,2018,9,United Kingdom of Great Britain and Northern Ireland,HUMAN_OBSERVATION
51.934034,-2.87921,2017,5,United Kingdom of Great Britain and Northern Ireland,HUMAN_OBSERVATION
51.934034,-2.87921,2017,9,United Kingdom of Great Britain and Northern Ireland,HUMAN_OBSERVATION
51.934034,-2.87921,2016,9,United Kingdom of Great Britain and Northern Ireland,HUMAN_OBSERVATION
51.934541,-3.657397,2017,9,United Kingdom of Great Britain and Northern Ireland,HUMAN_OBSERVATION
51.93686,-5.025944,2021,3,United Kingdom of Great Britain and Northern Ireland,HUMAN_OBSERVATION
51.93686,-5.025944,2021,10,United Kingdom of Great Britain and Northern Ireland,HUMAN_OBSERVATION
51.93686,-5.025944,2018,5,United Kingdom of Great Britain and Northern Ireland,HUMAN_OBSERVATION
51.93686,-5.025944,2018,10,United Kingdom of Great Britain and Northern Ireland,HUMAN_OBSERVATION
51.936963,-4.289027,2017,5,United Kingdom of Great Britain and Northern Ireland,HUMAN_OBSERVATION
51.936963,-4.289027,2017,10,United Kingdom of Great Britain and Northern Ireland,HUMAN_OBSERVATION
51.937175,0.655599,2016,3,United Kingdom of Great Britain and Northern Ireland,HUMAN_OBSERVATION
51.937888,-5.022667,2021,3,United Kingdom of Great Britain and Northern Ireland,HUMAN_OBSERVATION
51.937888,-5.022667,2021,10,United Kingdom of Great Britain and Northern Ireland,HUMAN_OBSERVATION
51.938616,-3.567337,2017,9,United Kingdom of Great Britain and Northern Ireland,HUMAN_OBSERVATION
51.939099,-3.27424,2017,8,United Kingdom of Great Britain and Northern Ireland,HUMAN_OBSERVATION
51.93951,-3.034041,2018,4,United Kingdom of Great Britain and Northern Ireland,HUMAN_OBSERVATION
51.93951,-3.034041,2018,9,United Kingdom of Great Britain and Northern Ireland,HUMAN_OBSERVATION
51.940074,-3.364298,2017,4,United Kingdom of Great Britain and Northern Ireland,HUMAN_OBSERVATION
51.940074,-3.364298,2017,9,United Kingdom of Great Britain and Northern Ireland,HUMAN_OBSERVATION
51.94057,-2.336713,2016,7,United Kingdom of Great Britain and Northern Ireland,HUMAN_OBSERVATION
51.94057,-2.336713,2016,9,United Kingdom of Great Britain and Northern Ireland,HUMAN_OBSERVATION
51.942366,-0.916882,2016,5,United Kingdom of Great Britain and Northern Ireland,HUMAN_OBSERVATION
51.942366,-0.916882,2016,9,United Kingdom of Great Britain and Northern Ireland,HUMAN_OBSERVATION
51.943139,-2.882278,2016,5,United Kingdom of Great Britain and Northern Ireland,HUMAN_OBSERVATION
51.943139,-2.882278,2016,10,United Kingdom of Great Britain and Northern Ireland,HUMAN_OBSERVATION
51.943521,-10.16334,2016,6,Ireland,HUMAN_OBSERVATION
51.944092,-3.27039,2016,5,United Kingdom of Great Britain and Northern Ireland,HUMAN_OBSERVATION
51.945031,0.705541,2016,5,United Kingdom of Great Britain and Northern Ireland,HUMAN_OBSERVATION
51.945031,0.705541,2016,9,United Kingdom of Great Britain and Northern Ireland,HUMAN_OBSERVATION
51.945855,-3.407104,2022,10,United Kingdom of Great Britain and Northern Ireland,HUMAN_OBSERVATION
51.945855,-3.407104,2017,9,United Kingdom of Great Britain and Northern Ireland,HUMAN_OBSERVATION
51.945896,-4.994418,2018,4,United Kingdom of Great Britain and Northern Ireland,HUMAN_OBSERVATION
51.945896,-4.994418,2018,4,United Kingdom of Great Britain and Northern Ireland,HUMAN_OBSERVATION
51.945896,-4.994418,2018,10,United Kingdom of Great Britain and Northern Ireland,HUMAN_OBSERVATION
51.948045,-3.3938,2017,5,United Kingdom of Great Britain and Northern Ireland,HUMAN_OBSERVATION
51.948045,-3.3938,2017,9,United Kingdom of Great Britain and Northern Ireland,HUMAN_OBSERVATION
51.948926,-2.226199,2016,5,United Kingdom of Great Britain and Northern Ireland,HUMAN_OBSERVATION
51.948926,-2.226199,2016,7,United Kingdom of Great Britain and Northern Ireland,HUMAN_OBSERVATION
51.948926,-2.226199,2016,9,United Kingdom of Great Britain and Northern Ireland,HUMAN_OBSERVATION
51.95,4.3,2022,8,Netherlands,HUMAN_OBSERVATION
51.95,4.3,2019,10,Netherlands,HUMAN_OBSERVATION
51.95,4.35,2023,7,Netherlands,HUMAN_OBSERVATION
51.95,4.35,2022,8,Netherlands,HUMAN_OBSERVATION
51.95,4.4,2021,9,Netherlands,HUMAN_OBSERVATION
51.95,4.55,2016,9,Netherlands,HUMAN_OBSERVATION
51.95,5.15,2023,12,Netherlands,HUMAN_OBSERVATION
51.95,5.15,2020,8,Netherlands,HUMAN_OBSERVATION
51.95,5.15,2017,9,Netherlands,HUMAN_OBSERVATION
51.95,5.2,2024,3,Netherlands,HUMAN_OBSERVATION
51.95,5.2,2024,3,Netherlands,HUMAN_OBSERVATION
51.95,5.2,2024,10,Netherlands,HUMAN_OBSERVATION
51.95,5.2,2024,11,Netherlands,HUMAN_OBSERVATION
51.95,5.2,2023,4,Netherlands,HUMAN_OBSERVATION
51.95,5.2,2023,12,Netherlands,HUMAN_OBSERVATION
51.95,5.2,2020,9,Netherlands,HUMAN_OBSERVATION
51.95,5.6,2021,3,Netherlands,HUMAN_OBSERVATION
51.95,5.6,2018,2,Netherlands,HUMAN_OBSERVATION
51.95,5.65,2020,2,Netherlands,HUMAN_OBSERVATION
51.95,5.75,2020,3,Netherlands,HUMAN_OBSERVATION
51.95,5.85,2023,7,Netherlands,HUMAN_OBSERVATION
51.95,6.7,2022,7,Netherlands,HUMAN_OBSERVATION
51.950506,-1.679124,2016,5,United Kingdom of Great Britain and Northern Ireland,HUMAN_OBSERVATION
51.951872,-4.149318,2022,3,United Kingdom of Great Britain and Northern Ireland,HUMAN_OBSERVATION
51.951872,-4.149318,2022,10,United Kingdom of Great Britain and Northern Ireland,HUMAN_OBSERVATION
51.951974,0.471638,2016,3,United Kingdom of Great Britain and Northern Ireland,HUMAN_OBSERVATION
51.953824,-7.721378,2022,10,Ireland,HUMAN_OBSERVATION
51.954229,-9.389379,2016,8,Ireland,HUMAN_OBSERVATION
51.954539,-3.533286,2017,4,United Kingdom of Great Britain and Northern Ireland,HUMAN_OBSERVATION
51.95662,-8.4162,2017,6,Ireland,HUMAN_OBSERVATION
51.958649,7.617554,2024,6,Germany,HUMAN_OBSERVATION
51.958795,7.617549,2022,8,Germany,HUMAN_OBSERVATION
51.960879,-0.508843,2020,7,United Kingdom of Great Britain and Northern Ireland,HUMAN_OBSERVATION
51.961599,-3.451538,2022,8,United Kingdom of Great Britain and Northern Ireland,HUMAN_OBSERVATION
51.961599,-3.451538,2022,8,United Kingdom of Great Britain and Northern Ireland,HUMAN_OBSERVATION
51.961599,-3.451538,2018,9,United Kingdom of Great Britain and Northern Ireland,HUMAN_OBSERVATION
51.962204,-2.3165,2016,3,United Kingdom of Great Britain and Northern Ireland,HUMAN_OBSERVATION
51.965296,-0.27587,2016,5,United Kingdom of Great Britain and Northern Ireland,HUMAN_OBSERVATION
51.965296,-0.27587,2016,11,United Kingdom of Great Britain and Northern Ireland,HUMAN_OBSERVATION
51.965521,-9.849749,2018,8,Ireland,HUMAN_OBSERVATION
51.965521,-9.849749,2016,6,Ireland,HUMAN_OBSERVATION
51.965614,-9.804573,2018,8,Ireland,HUMAN_OBSERVATION
51.966909,-10.170629,2016,6,Ireland,HUMAN_OBSERVATION
51.967136,0.798597,2016,5,United Kingdom of Great Britain and Northern Ireland,HUMAN_OBSERVATION
51.967136,0.798597,2016,9,United Kingdom of Great Britain and Northern Ireland,HUMAN_OBSERVATION
51.969354,7.595534,2021,9,Germany,HUMAN_OBSERVATION
51.969354,7.595537,2021,9,Germany,HUMAN_OBSERVATION
51.969369,-2.32674,2016,3,United Kingdom of Great Britain and Northern Ireland,HUMAN_OBSERVATION
51.971668,-9.860888,2018,8,Ireland,HUMAN_OBSERVATION
51.974553,-2.3952,2016,7,United Kingdom of Great Britain and Northern Ireland,HUMAN_OBSERVATION
51.976936,-0.272511,2016,11,United Kingdom of Great Britain and Northern Ireland,HUMAN_OBSERVATION
51.97734,-2.588858,2016,3,United Kingdom of Great Britain and Northern Ireland,HUMAN_OBSERVATION
51.97734,-2.588858,2016,9,United Kingdom of Great Britain and Northern Ireland,HUMAN_OBSERVATION
51.979932,0.808862,2016,5,United Kingdom of Great Britain and Northern Ireland,HUMAN_OBSERVATION
51.98074,-2.42583,2016,7,United Kingdom of Great Britain and Northern Ireland,HUMAN_OBSERVATION
51.981012,0.930541,2016,3,United Kingdom of Great Britain and Northern Ireland,HUMAN_OBSERVATION
51.981012,0.930541,2016,9,United Kingdom of Great Britain and Northern Ireland,HUMAN_OBSERVATION
51.981266,-4.933101,2021,10,United Kingdom of Great Britain and Northern Ireland,HUMAN_OBSERVATION
51.981266,-4.933101,2018,4,United Kingdom of Great Britain and Northern Ireland,HUMAN_OBSERVATION
51.981266,-4.933101,2018,10,United Kingdom of Great Britain and Northern Ireland,HUMAN_OBSERVATION
51.981278,-3.811351,2022,3,United Kingdom of Great Britain and Northern Ireland,HUMAN_OBSERVATION
51.981278,-3.811351,2022,9,United Kingdom of Great Britain and Northern Ireland,HUMAN_OBSERVATION
51.983147,7.630606,2022,9,Germany,HUMAN_OBSERVATION
51.983183,7.630647,2022,9,Germany,HUMAN_OBSERVATION
51.983722,-4.060346,2017,4,United Kingdom of Great Britain and Northern Ireland,HUMAN_OBSERVATION
51.983722,-4.060346,2017,9,United Kingdom of Great Britain and Northern Ireland,HUMAN_OBSERVATION
51.983722,-4.060346,2016,5,United Kingdom of Great Britain and Northern Ireland,HUMAN_OBSERVATION
51.98401,-10.081806,2016,8,Ireland,HUMAN_OBSERVATION
51.984657,-2.325395,2016,3,United Kingdom of Great Britain and Northern Ireland,HUMAN_OBSERVATION
51.986414,-0.36972,2016,3,United Kingdom of Great Britain and Northern Ireland,HUMAN_OBSERVATION
51.986974,-2.441908,2016,7,United Kingdom of Great Britain and Northern Ireland,HUMAN_OBSERVATION
51.986974,-2.441908,2016,9,United Kingdom of Great Britain and Northern Ireland,HUMAN_OBSERVATION
51.987925,-8.36017,2017,6,Ireland,HUMAN_OBSERVATION
51.988237,-2.331246,2016,3,United Kingdom of Great Britain and Northern Ireland,HUMAN_OBSERVATION
51.990879,-2.350198,2016,3,United Kingdom of Great Britain and Northern Ireland,HUMAN_OBSERVATION
51.990879,-2.350198,2016,4,United Kingdom of Great Britain and Northern Ireland,HUMAN_OBSERVATION
51.990879,-2.350198,2016,9,United Kingdom of Great Britain and Northern Ireland,HUMAN_OBSERVATION
51.994928,-3.79081,2022,9,United Kingdom of Great Britain and Northern Ireland,HUMAN_OBSERVATION
51.994928,-3.79081,2017,9,United Kingdom of Great Britain and Northern Ireland,HUMAN_OBSERVATION
51.996342,-3.463222,2017,9,United Kingdom of Great Britain and Northern Ireland,HUMAN_OBSERVATION
51.996542,-3.76968,2017,4,United Kingdom of Great Britain and Northern Ireland,HUMAN_OBSERVATION
51.996542,-3.76968,2017,9,United Kingdom of Great Britain and Northern Ireland,HUMAN_OBSERVATION
51.996791,-2.460939,2016,7,United Kingdom of Great Britain and Northern Ireland,HUMAN_OBSERVATION
51.996791,-2.460939,2016,9,United Kingdom of Great Britain and Northern Ireland,HUMAN_OBSERVATION
51.996886,-2.436179,2016,3,United Kingdom of Great Britain and Northern Ireland,HUMAN_OBSERVATION
51.996886,-2.436179,2016,9,United Kingdom of Great Britain and Northern Ireland,HUMAN_OBSERVATION
51.999378,-2.16382,2016,5,United Kingdom of Great Britain and Northern Ireland,HUMAN_OBSERVATION
51.999378,-2.16382,2016,9,United Kingdom of Great Britain and Northern Ireland,HUMAN_OBSERVATION
52,4.15,2022,1,Netherlands,HUMAN_OBSERVATION
52,4.15,2021,7,Netherlands,HUMAN_OBSERVATION
52,4.45,2024,7,Netherlands,HUMAN_OBSERVATION
52,4.45,2021,6,Netherlands,HUMAN_OBSERVATION
52,4.45,2020,9,Netherlands,HUMAN_OBSERVATION
52,4.55,2018,10,Netherlands,HUMAN_OBSERVATION
52,4.55,2018,10,Netherlands,HUMAN_OBSERVATION
52.000918,-3.240751,2018,4,United Kingdom of Great Britain and Northern Ireland,HUMAN_OBSERVATION
52.000918,-3.240751,2018,9,United Kingdom of Great Britain and Northern Ireland,HUMAN_OBSERVATION
52.001026,-3.273662,2021,4,United Kingdom of Great Britain and Northern Ireland,HUMAN_OBSERVATION
52.001026,-3.273662,2021,10,United Kingdom of Great Britain and Northern Ireland,HUMAN_OBSERVATION
52.001026,-3.273662,2018,4,United Kingdom of Great Britain and Northern Ireland,HUMAN_OBSERVATION
52.001066,-1.05094,2016,5,United Kingdom of Great Britain and Northern Ireland,HUMAN_OBSERVATION
52.001066,-1.05094,2016,9,United Kingdom of Great Britain and Northern Ireland,HUMAN_OBSERVATION
52.001739,-3.241371,2021,10,United Kingdom of Great Britain and Northern Ireland,HUMAN_OBSERVATION
52.001739,-3.241371,2018,4,United Kingdom of Great Britain and Northern Ireland,HUMAN_OBSERVATION
52.001739,-3.241371,2018,9,United Kingdom of Great Britain and Northern Ireland,HUMAN_OBSERVATION
52.001739,-3.241371,2018,9,United Kingdom of Great Britain and Northern Ireland,HUMAN_OBSERVATION
52.001829,-4.751139,2021,4,United Kingdom of Great Britain and Northern Ireland,HUMAN_OBSERVATION
52.001829,-4.751139,2021,9,United Kingdom of Great Britain and Northern Ireland,HUMAN_OBSERVATION
52.001829,-4.751139,2018,4,United Kingdom of Great Britain and Northern Ireland,HUMAN_OBSERVATION
52.001829,-4.751139,2018,10,United Kingdom of Great Britain and Northern Ireland,HUMAN_OBSERVATION
52.002908,-3.237921,2021,10,United Kingdom of Great Britain and Northern Ireland,HUMAN_OBSERVATION
52.002908,-3.237921,2021,10,United Kingdom of Great Britain and Northern Ireland,HUMAN_OBSERVATION
52.002908,-3.237921,2018,4,United Kingdom of Great Britain and Northern Ireland,HUMAN_OBSERVATION
52.002908,-3.237921,2018,9,United Kingdom of Great Britain and Northern Ireland,HUMAN_OBSERVATION
52.003398,-0.411716,2019,7,United Kingdom of Great Britain and Northern Ireland,HUMAN_OBSERVATION
52.006636,-9.981763,2016,6,Ireland,HUMAN_OBSERVATION
52.007014,-4.01342,2017,4,United Kingdom of Great Britain and Northern Ireland,HUMAN_OBSERVATION
52.007293,0.958491,2016,3,United Kingdom of Great Britain and Northern Ireland,HUMAN_OBSERVATION
52.008651,-3.236448,2023,4,United Kingdom of Great Britain and Northern Ireland,HUMAN_OBSERVATION
52.008651,-3.236448,2023,8,United Kingdom of Great Britain and Northern Ireland,HUMAN_OBSERVATION
52.008651,-3.236448,2023,10,United Kingdom of Great Britain and Northern Ireland,HUMAN_OBSERVATION
52.008651,-3.236448,2022,4,United Kingdom of Great Britain and Northern Ireland,HUMAN_OBSERVATION
52.008651,-3.236448,2022,10,United Kingdom of Great Britain and Northern Ireland,HUMAN_OBSERVATION
52.008651,-3.236448,2021,7,United Kingdom of Great Britain and Northern Ireland,HUMAN_OBSERVATION
52.008651,-3.236448,2021,10,United Kingdom of Great Britain and Northern Ireland,HUMAN_OBSERVATION
52.008651,-3.236448,2019,4,United Kingdom of Great Britain and Northern Ireland,HUMAN_OBSERVATION
52.008651,-3.236448,2019,9,United Kingdom of Great Britain and Northern Ireland,HUMAN_OBSERVATION
52.008651,-3.236448,2018,4,United Kingdom of Great Britain and Northern Ireland,HUMAN_OBSERVATION
52.008651,-3.236448,2018,4,United Kingdom of Great Britain and Northern Ireland,HUMAN_OBSERVATION
52.008651,-3.236448,2018,9,United Kingdom of Great Britain and Northern Ireland,HUMAN_OBSERVATION
52.008651,-3.236448,2017,4,United Kingdom of Great Britain and Northern Ireland,HUMAN_OBSERVATION
52.008651,-3.236448,2017,9,United Kingdom of Great Britain and Northern Ireland,HUMAN_OBSERVATION
52.008651,-3.236448,2016,10,United Kingdom of Great Britain and Northern Ireland,HUMAN_OBSERVATION
52.009204,0.216866,2016,4,United Kingdom of Great Britain and Northern Ireland,HUMAN_OBSERVATION
52.012079,-0.217243,2016,4,United Kingdom of Great Britain and Northern Ireland,HUMAN_OBSERVATION
52.012079,-0.217243,2016,5,United Kingdom of Great Britain and Northern Ireland,HUMAN_OBSERVATION
52.012079,-0.217243,2016,11,United Kingdom of Great Britain and Northern Ireland,HUMAN_OBSERVATION
52.01275,7.541703,2022,6,Germany,HUMAN_OBSERVATION
52.012824,-9.360117,2018,8,Ireland,HUMAN_OBSERVATION
52.012824,-9.360117,2016,8,Ireland,HUMAN_OBSERVATION
52.01289,-0.369413,2021,6,United Kingdom of Great Britain and Northern Ireland,HUMAN_OBSERVATION
52.014884,-9.880169,2018,8,Ireland,HUMAN_OBSERVATION
52.014884,-9.880169,2016,6,Ireland,HUMAN_OBSERVATION
52.016571,-3.774171,2019,5,United Kingdom of Great Britain and Northern Ireland,HUMAN_OBSERVATION
52.016655,-4.763214,2018,4,United Kingdom of Great Britain and Northern Ireland,HUMAN_OBSERVATION
52.016655,-4.763214,2018,4,United Kingdom of Great Britain and Northern Ireland,HUMAN_OBSERVATION
52.016655,-4.763214,2018,10,United Kingdom of Great Britain and Northern Ireland,HUMAN_OBSERVATION
52.017284,-4.484983,2016,6,United Kingdom of Great Britain and Northern Ireland,HUMAN_OBSERVATION
52.017284,-4.484983,2016,6,United Kingdom of Great Britain and Northern Ireland,HUMAN_OBSERVATION
52.017284,-4.484983,2016,6,United Kingdom of Great Britain and Northern Ireland,HUMAN_OBSERVATION
52.017284,-4.484983,2016,6,United Kingdom of Great Britain and Northern Ireland,HUMAN_OBSERVATION
52.017345,-1.326008,2016,4,United Kingdom of Great Britain and Northern Ireland,HUMAN_OBSERVATION
52.017345,-1.326008,2016,10,United Kingdom of Great Britain and Northern Ireland,HUMAN_OBSERVATION
52.018034,-3.964712,2017,9,United Kingdom of Great Britain and Northern Ireland,HUMAN_OBSERVATION
52.018034,-3.964712,2016,5,United Kingdom of Great Britain and Northern Ireland,HUMAN_OBSERVATION
52.019462,-3.769709,2019,5,United Kingdom of Great Britain and Northern Ireland,HUMAN_OBSERVATION
52.019647,-3.760345,2017,5,United Kingdom of Great Britain and Northern Ireland,HUMAN_OBSERVATION
52.019647,-3.760345,2017,9,United Kingdom of Great Britain and Northern Ireland,HUMAN_OBSERVATION
52.022101,-4.346358,2019,5,United Kingdom of Great Britain and Northern Ireland,HUMAN_OBSERVATION
52.024163,1.190682,2016,6,United Kingdom of Great Britain and Northern Ireland,HUMAN_OBSERVATION
52.024163,1.190682,2016,6,United Kingdom of Great Britain and Northern Ireland,HUMAN_OBSERVATION
52.024338,-1.155383,2016,5,United Kingdom of Great Britain and Northern Ireland,HUMAN_OBSERVATION
52.024338,-1.155383,2016,9,United Kingdom of Great Britain and Northern Ireland,HUMAN_OBSERVATION
52.026215,-0.403474,2022,10,United Kingdom of Great Britain and Northern Ireland,HUMAN_OBSERVATION
52.02625,-0.403443,2022,10,United Kingdom of Great Britain and Northern Ireland,HUMAN_OBSERVATION
52.026831,-9.35808,2016,8,Ireland,HUMAN_OBSERVATION
52.026887,-1.13493,2016,4,United Kingdom of Great Britain and Northern Ireland,HUMAN_OBSERVATION
52.027972,-4.354371,2016,9,United Kingdom of Great Britain and Northern Ireland,HUMAN_OBSERVATION
52.027972,-4.354371,2016,9,United Kingdom of Great Britain and Northern Ireland,HUMAN_OBSERVATION
52.027972,-4.354371,2016,9,United Kingdom of Great Britain and Northern Ireland,HUMAN_OBSERVATION
52.027972,-4.354371,2016,9,United Kingdom of Great Britain and Northern Ireland,HUMAN_OBSERVATION
52.028416,-0.400043,2022,5,United Kingdom of Great Britain and Northern Ireland,HUMAN_OBSERVATION
52.028416,-0.400043,2022,5,United Kingdom of Great Britain and Northern Ireland,HUMAN_OBSERVATION
52.028808,-0.930829,2016,3,United Kingdom of Great Britain and Northern Ireland,HUMAN_OBSERVATION
52.028808,-0.930829,2016,9,United Kingdom of Great Britain and Northern Ireland,HUMAN_OBSERVATION
52.029095,-9.444876,2016,8,Ireland,HUMAN_OBSERVATION
52.03021,-1.579438,2016,5,United Kingdom of Great Britain and Northern Ireland,HUMAN_OBSERVATION
52.030721,-3.812168,2017,4,United Kingdom of Great Britain and Northern Ireland,HUMAN_OBSERVATION
52.030721,-3.812168,2017,4,United Kingdom of Great Britain and Northern Ireland,HUMAN_OBSERVATION
52.030721,-3.812168,2017,9,United Kingdom of Great Britain and Northern Ireland,HUMAN_OBSERVATION
52.030721,-3.812168,2017,9,United Kingdom of Great Britain and Northern Ireland,HUMAN_OBSERVATION
52.030864,-1.331635,2016,4,United Kingdom of Great Britain and Northern Ireland,HUMAN_OBSERVATION
52.030864,-1.331635,2016,10,United Kingdom of Great Britain and Northern Ireland,HUMAN_OBSERVATION
52.03169,-0.266028,2016,5,United Kingdom of Great Britain and Northern Ireland,HUMAN_OBSERVATION
52.03169,-0.266028,2016,11,United Kingdom of Great Britain and Northern Ireland,HUMAN_OBSERVATION
52.034122,-3.752589,2017,5,United Kingdom of Great Britain and Northern Ireland,HUMAN_OBSERVATION
52.034122,-3.752589,2017,9,United Kingdom of Great Britain and Northern Ireland,HUMAN_OBSERVATION
52.034457,-9.453769,2016,8,Ireland,HUMAN_OBSERVATION
52.034469,0.212284,2016,4,United Kingdom of Great Britain and Northern Ireland,HUMAN_OBSERVATION
52.03521,-3.809681,2017,5,United Kingdom of Great Britain and Northern Ireland,HUMAN_OBSERVATION
52.035816,-1.643528,2016,5,United Kingdom of Great Britain and Northern Ireland,HUMAN_OBSERVATION
52.037548,-8.353539,2018,7,Ireland,HUMAN_OBSERVATION
52.039901,-2.65966,2016,5,United Kingdom of Great Britain and Northern Ireland,HUMAN_OBSERVATION
52.039901,-2.65966,2016,9,United Kingdom of Great Britain and Northern Ireland,HUMAN_OBSERVATION
52.041083,-0.638932,2016,3,United Kingdom of Great Britain and Northern Ireland,HUMAN_OBSERVATION
52.041083,-0.638932,2016,9,United Kingdom of Great Britain and Northern Ireland,HUMAN_OBSERVATION
52.04194,1.280191,2016,3,United Kingdom of Great Britain and Northern Ireland,HUMAN_OBSERVATION
52.042412,-3.199979,2021,4,United Kingdom of Great Britain and Northern Ireland,HUMAN_OBSERVATION
52.042412,-3.199979,2021,10,United Kingdom of Great Britain and Northern Ireland,HUMAN_OBSERVATION
52.042412,-3.199979,2018,4,United Kingdom of Great Britain and Northern Ireland,HUMAN_OBSERVATION
52.042412,-3.199979,2018,9,United Kingdom of Great Britain and Northern Ireland,HUMAN_OBSERVATION
52.042978,0.823753,2016,3,United Kingdom of Great Britain and Northern Ireland,HUMAN_OBSERVATION
52.043198,-4.26829,2019,5,United Kingdom of Great Britain and Northern Ireland,HUMAN_OBSERVATION
52.043198,-4.26829,2019,9,United Kingdom of Great Britain and Northern Ireland,HUMAN_OBSERVATION
52.044529,-2.438101,2016,3,United Kingdom of Great Britain and Northern Ireland,HUMAN_OBSERVATION
52.044529,-2.438101,2016,9,United Kingdom of Great Britain and Northern Ireland,HUMAN_OBSERVATION
52.045016,-2.961564,2016,5,United Kingdom of Great Britain and Northern Ireland,HUMAN_OBSERVATION
52.045016,-2.961564,2016,10,United Kingdom of Great Britain and Northern Ireland,HUMAN_OBSERVATION
52.046019,-3.197218,2021,10,United Kingdom of Great Britain and Northern Ireland,HUMAN_OBSERVATION
52.046587,-0.364614,2016,5,United Kingdom of Great Britain and Northern Ireland,HUMAN_OBSERVATION
52.046769,1.426418,2016,4,United Kingdom of Great Britain and Northern Ireland,HUMAN_OBSERVATION
52.046769,1.426418,2016,10,United Kingdom of Great Britain and Northern Ireland,HUMAN_OBSERVATION
52.04698,0.691277,2016,3,United Kingdom of Great Britain and Northern Ireland,HUMAN_OBSERVATION
52.047783,-9.506317,2016,8,Ireland,HUMAN_OBSERVATION
52.048023,-4.230322,2019,4,United Kingdom of Great Britain and Northern Ireland,HUMAN_OBSERVATION
52.048023,-4.230322,2019,9,United Kingdom of Great Britain and Northern Ireland,HUMAN_OBSERVATION
52.049196,-3.964402,2017,4,United Kingdom of Great Britain and Northern Ireland,HUMAN_OBSERVATION
52.049196,-3.964402,2017,9,United Kingdom of Great Britain and Northern Ireland,HUMAN_OBSERVATION
52.049196,-3.964402,2016,5,United Kingdom of Great Britain and Northern Ireland,HUMAN_OBSERVATION
52.049424,-1.277403,2016,4,United Kingdom of Great Britain and Northern Ireland,HUMAN_OBSERVATION
52.049424,-1.277403,2016,10,United Kingdom of Great Britain and Northern Ireland,HUMAN_OBSERVATION
52.05,4.25,2024,5,Netherlands,HUMAN_OBSERVATION
52.05,4.25,2024,6,Netherlands,HUMAN_OBSERVATION
52.05,4.25,2024,6,Netherlands,HUMAN_OBSERVATION
52.05,4.25,2024,7,Netherlands,HUMAN_OBSERVATION
52.05,4.25,2024,8,Netherlands,HUMAN_OBSERVATION
52.05,4.4,2023,9,Netherlands,HUMAN_OBSERVATION
52.05,4.4,2023,9,Netherlands,HUMAN_OBSERVATION
52.05,4.4,2017,1,Netherlands,HUMAN_OBSERVATION
52.05,4.45,2022,6,Netherlands,HUMAN_OBSERVATION
52.05,4.5,2022,8,Netherlands,HUMAN_OBSERVATION
52.05,4.55,2022,1,Netherlands,HUMAN_OBSERVATION
52.05,4.55,2022,1,Netherlands,HUMAN_OBSERVATION
52.05,4.55,2022,1,Netherlands,HUMAN_OBSERVATION
52.05,5,2022,4,Netherlands,HUMAN_OBSERVATION
52.05,5.1,2025,5,Netherlands,HUMAN_OBSERVATION
52.05,6.1,2024,8,Netherlands,HUMAN_OBSERVATION
52.05,6.2,2018,4,Netherlands,HUMAN_OBSERVATION
52.05,6.2,2018,11,Netherlands,HUMAN_OBSERVATION
52.050383,-2.712312,2016,5,United Kingdom of Great Britain and Northern Ireland,HUMAN_OBSERVATION
52.050383,-2.712312,2016,10,United Kingdom of Great Britain and Northern Ireland,HUMAN_OBSERVATION
52.050461,-2.699189,2016,5,United Kingdom of Great Britain and Northern Ireland,HUMAN_OBSERVATION
52.050461,-2.699189,2016,9,United Kingdom of Great Britain and Northern Ireland,HUMAN_OBSERVATION
52.052513,-4.541879,2019,5,United Kingdom of Great Britain and Northern Ireland,HUMAN_OBSERVATION
52.052513,-4.541879,2019,9,United Kingdom of Great Britain and Northern Ireland,HUMAN_OBSERVATION
52.054113,-8.241916,2018,8,Ireland,HUMAN_OBSERVATION
52.054301,-8.25306,2018,8,Ireland,HUMAN_OBSERVATION
52.054358,-0.699784,2016,9,United Kingdom of Great Britain and Northern Ireland,HUMAN_OBSERVATION
52.054519,-0.289939,2020,3,United Kingdom of Great Britain and Northern Ireland,HUMAN_OBSERVATION
52.055214,-7.778631,2018,8,Ireland,HUMAN_OBSERVATION
52.055453,-8.286549,2018,7,Ireland,HUMAN_OBSERVATION
52.055525,-0.303582,2019,5,United Kingdom of Great Britain and Northern Ireland,HUMAN_OBSERVATION
52.057396,-4.260855,2023,5,United Kingdom of Great Britain and Northern Ireland,HUMAN_OBSERVATION
52.057396,-4.260855,2023,10,United Kingdom of Great Britain and Northern Ireland,HUMAN_OBSERVATION
52.057396,-4.260855,2023,10,United Kingdom of Great Britain and Northern Ireland,HUMAN_OBSERVATION
52.057906,-3.164776,2018,9,United Kingdom of Great Britain and Northern Ireland,HUMAN_OBSERVATION
52.058024,-9.633428,2016,8,Ireland,HUMAN_OBSERVATION
52.058282,-8.105595,2018,8,Ireland,HUMAN_OBSERVATION
52.059927,-0.715667,2016,5,United Kingdom of Great Britain and Northern Ireland,HUMAN_OBSERVATION
52.059927,-0.715667,2016,9,United Kingdom of Great Britain and Northern Ireland,HUMAN_OBSERVATION
52.061352,-2.20343,2016,5,United Kingdom of Great Britain and Northern Ireland,HUMAN_OBSERVATION
52.061352,-2.20343,2016,7,United Kingdom of Great Britain and Northern Ireland,HUMAN_OBSERVATION
52.061352,-2.20343,2016,9,United Kingdom of Great Britain and Northern Ireland,HUMAN_OBSERVATION
52.061829,0.191753,2016,4,United Kingdom of Great Britain and Northern Ireland,HUMAN_OBSERVATION
52.061829,0.191753,2016,4,United Kingdom of Great Britain and Northern Ireland,HUMAN_OBSERVATION
52.061829,0.191753,2016,10,United Kingdom of Great Britain and Northern Ireland,HUMAN_OBSERVATION
52.062286,-4.60129,2023,5,United Kingdom of Great Britain and Northern Ireland,HUMAN_OBSERVATION
52.062286,-4.60129,2022,3,United Kingdom of Great Britain and Northern Ireland,HUMAN_OBSERVATION
52.062286,-4.60129,2022,6,United Kingdom of Great Britain and Northern Ireland,HUMAN_OBSERVATION
52.062286,-4.60129,2022,9,United Kingdom of Great Britain and Northern Ireland,HUMAN_OBSERVATION
52.062286,-4.60129,2021,4,United Kingdom of Great Britain and Northern Ireland,HUMAN_OBSERVATION
52.062286,-4.60129,2021,6,United Kingdom of Great Britain and Northern Ireland,HUMAN_OBSERVATION
52.062286,-4.60129,2021,9,United Kingdom of Great Britain and Northern Ireland,HUMAN_OBSERVATION
52.062286,-4.60129,2019,4,United Kingdom of Great Britain and Northern Ireland,HUMAN_OBSERVATION
52.062286,-4.60129,2019,9,United Kingdom of Great Britain and Northern Ireland,HUMAN_OBSERVATION
52.062286,-4.60129,2018,5,United Kingdom of Great Britain and Northern Ireland,HUMAN_OBSERVATION
52.062286,-4.60129,2018,10,United Kingdom of Great Britain and Northern Ireland,HUMAN_OBSERVATION
52.062813,-1.12986,2016,5,United Kingdom of Great Britain and Northern Ireland,HUMAN_OBSERVATION
52.062813,-1.12986,2016,9,United Kingdom of Great Britain and Northern Ireland,HUMAN_OBSERVATION
52.062838,-9.893528,2018,8,Ireland,HUMAN_OBSERVATION
52.062838,-9.893528,2016,6,Ireland,HUMAN_OBSERVATION
52.062982,-4.599521,2023,4,United Kingdom of Great Britain and Northern Ireland,HUMAN_OBSERVATION
52.062982,-4.599521,2023,10,United Kingdom of Great Britain and Northern Ireland,HUMAN_OBSERVATION
52.062982,-4.599521,2023,10,United Kingdom of Great Britain and Northern Ireland,HUMAN_OBSERVATION
52.062982,-4.599521,2019,5,United Kingdom of Great Britain and Northern Ireland,HUMAN_OBSERVATION
52.062982,-4.599521,2019,10,United Kingdom of Great Britain and Northern Ireland,HUMAN_OBSERVATION
52.063929,1.047596,2016,4,United Kingdom of Great Britain and Northern Ireland,HUMAN_OBSERVATION
52.064118,-3.295894,2018,4,United Kingdom of Great Britain and Northern Ireland,HUMAN_OBSERVATION
52.064118,-3.295894,2018,9,United Kingdom of Great Britain and Northern Ireland,HUMAN_OBSERVATION
52.06493,-4.19965,2019,5,United Kingdom of Great Britain and Northern Ireland,HUMAN_OBSERVATION
52.06493,-4.19965,2019,9,United Kingdom of Great Britain and Northern Ireland,HUMAN_OBSERVATION
52.066295,-3.296613,2018,4,United Kingdom of Great Britain and Northern Ireland,HUMAN_OBSERVATION
52.066295,-3.296613,2018,9,United Kingdom of Great Britain and Northern Ireland,HUMAN_OBSERVATION
52.069624,10.367346,2025,3,Germany,HUMAN_OBSERVATION
52.069831,-9.517069,2016,8,Ireland,HUMAN_OBSERVATION
52.07042,-1.331045,2016,4,United Kingdom of Great Britain and Northern Ireland,HUMAN_OBSERVATION
52.07042,-1.331045,2016,10,United Kingdom of Great Britain and Northern Ireland,HUMAN_OBSERVATION
52.074583,-7.845909,2018,8,Ireland,HUMAN_OBSERVATION
52.074816,-9.632019,2016,8,Ireland,HUMAN_OBSERVATION
52.075448,-2.566803,2016,3,United Kingdom of Great Britain and Northern Ireland,HUMAN_OBSERVATION
52.075814,1.10437,2024,7,United Kingdom of Great Britain and Northern Ireland,HUMAN_OBSERVATION
52.078157,-3.319065,2018,4,United Kingdom of Great Britain and Northern Ireland,HUMAN_OBSERVATION
52.078157,-3.319065,2018,9,United Kingdom of Great Britain and Northern Ireland,HUMAN_OBSERVATION
52.078984,-9.045338,2018,9,Ireland,HUMAN_OBSERVATION
52.081826,-9.067049,2018,8,Ireland,HUMAN_OBSERVATION
52.082998,-4.662867,2022,3,United Kingdom of Great Britain and Northern Ireland,HUMAN_OBSERVATION
52.082998,-4.662867,2019,5,United Kingdom of Great Britain and Northern Ireland,HUMAN_OBSERVATION
52.082998,-4.662867,2019,10,United Kingdom of Great Britain and Northern Ireland,HUMAN_OBSERVATION
52.083766,-9.186515,2018,8,Ireland,HUMAN_OBSERVATION
52.088357,0.690848,2016,5,United Kingdom of Great Britain and Northern Ireland,HUMAN_OBSERVATION
52.088549,-2.447289,2016,3,United Kingdom of Great Britain and Northern Ireland,HUMAN_OBSERVATION
52.088549,-2.447289,2016,9,United Kingdom of Great Britain and Northern Ireland,HUMAN_OBSERVATION
52.088716,-9.136087,2018,8,Ireland,HUMAN_OBSERVATION
52.089167,-1.168755,2016,5,United Kingdom of Great Britain and Northern Ireland,HUMAN_OBSERVATION
52.089167,-1.168755,2016,10,United Kingdom of Great Britain and Northern Ireland,HUMAN_OBSERVATION
52.08958,-9.13662,2018,8,Ireland,HUMAN_OBSERVATION
52.090094,-2.686673,2016,5,United Kingdom of Great Britain and Northern Ireland,HUMAN_OBSERVATION
52.090094,-2.686673,2016,10,United Kingdom of Great Britain and Northern Ireland,HUMAN_OBSERVATION
52.092077,-2.066366,2016,4,United Kingdom of Great Britain and Northern Ireland,HUMAN_OBSERVATION
52.092982,0.564105,2016,3,United Kingdom of Great Britain and Northern Ireland,HUMAN_OBSERVATION
52.094081,0.29261,2016,3,United Kingdom of Great Britain and Northern Ireland,HUMAN_OBSERVATION
52.094081,0.29261,2016,7,United Kingdom of Great Britain and Northern Ireland,HUMAN_OBSERVATION
52.094081,0.29261,2016,10,United Kingdom of Great Britain and Northern Ireland,HUMAN_OBSERVATION
52.094404,-9.428149,2016,8,Ireland,HUMAN_OBSERVATION
52.094639,0.486818,2016,3,United Kingdom of Great Britain and Northern Ireland,HUMAN_OBSERVATION
52.094656,-9.207778,2018,8,Ireland,HUMAN_OBSERVATION
52.094929,-9.696206,2016,8,Ireland,HUMAN_OBSERVATION
52.095406,-4.448143,2019,5,United Kingdom of Great Britain and Northern Ireland,HUMAN_OBSERVATION
52.095406,-4.448143,2019,10,United Kingdom of Great Britain and Northern Ireland,HUMAN_OBSERVATION
52.095406,-4.448143,2019,10,United Kingdom of Great Britain and Northern Ireland,HUMAN_OBSERVATION
52.097137,-3.623868,2017,5,United Kingdom of Great Britain and Northern Ireland,HUMAN_OBSERVATION
52.097137,-3.623868,2017,9,United Kingdom of Great Britain and Northern Ireland,HUMAN_OBSERVATION
52.098145,-2.332279,2021,3,United Kingdom of Great Britain and Northern Ireland,HUMAN_OBSERVATION
52.09821,-9.772055,2016,6,Ireland,HUMAN_OBSERVATION
52.098603,-9.714704,2016,8,Ireland,HUMAN_OBSERVATION
52.09886,-3.126133,2017,4,United Kingdom of Great Britain and Northern Ireland,HUMAN_OBSERVATION
52.09886,-3.126133,2017,10,United Kingdom of Great Britain and Northern Ireland,HUMAN_OBSERVATION
52.099029,-3.112291,2021,5,United Kingdom of Great Britain and Northern Ireland,HUMAN_OBSERVATION
52.1,4.3,2018,5,Netherlands,HUMAN_OBSERVATION
52.1,4.3,2016,7,Netherlands,HUMAN_OBSERVATION
52.1,4.3,2016,7,Netherlands,HUMAN_OBSERVATION
52.1,4.35,2021,3,Netherlands,HUMAN_OBSERVATION
52.1,4.45,2021,5,Netherlands,HUMAN_OBSERVATION
52.1,4.7,2016,10,Netherlands,HUMAN_OBSERVATION
52.1,4.75,2019,11,Netherlands,HUMAN_OBSERVATION
52.1,5,2020,4,Netherlands,HUMAN_OBSERVATION
52.1,5.45,2018,10,Netherlands,HUMAN_OBSERVATION
52.1,5.95,2022,8,Netherlands,HUMAN_OBSERVATION
52.1,6,2024,5,Netherlands,HUMAN_OBSERVATION
52.101007,-4.139573,2019,9,United Kingdom of Great Britain and Northern Ireland,HUMAN_OBSERVATION
52.105272,-7.809596,2018,8,Ireland,HUMAN_OBSERVATION
52.105332,-3.000897,2021,6,United Kingdom of Great Britain and Northern Ireland,HUMAN_OBSERVATION
52.107403,-8.980176,2018,8,Ireland,HUMAN_OBSERVATION
52.107603,-7.660922,2016,6,Ireland,HUMAN_OBSERVATION
52.108504,-4.073805,2023,5,United Kingdom of Great Britain and Northern Ireland,HUMAN_OBSERVATION
52.108692,-4.073872,2016,9,United Kingdom of Great Britain and Northern Ireland,HUMAN_OBSERVATION
52.108799,-2.716164,2016,4,United Kingdom of Great Britain and Northern Ireland,HUMAN_OBSERVATION
52.108799,-2.716164,2016,10,United Kingdom of Great Britain and Northern Ireland,HUMAN_OBSERVATION
52.108967,-1.311486,2016,4,United Kingdom of Great Britain and Northern Ireland,HUMAN_OBSERVATION
52.109444,-2.386171,2016,5,United Kingdom of Great Britain and Northern Ireland,HUMAN_OBSERVATION
52.109444,-2.386171,2016,9,United Kingdom of Great Britain and Northern Ireland,HUMAN_OBSERVATION
52.109708,-1.149391,2016,10,United Kingdom of Great Britain and Northern Ireland,HUMAN_OBSERVATION
52.111016,-0.21914,2016,3,United Kingdom of Great Britain and Northern Ireland,HUMAN_OBSERVATION
52.111016,-0.21914,2016,10,United Kingdom of Great Britain and Northern Ireland,HUMAN_OBSERVATION
52.11333,-3.349311,2021,10,United Kingdom of Great Britain and Northern Ireland,HUMAN_OBSERVATION
52.11333,-3.349311,2018,4,United Kingdom of Great Britain and Northern Ireland,HUMAN_OBSERVATION
52.11333,-3.349311,2018,9,United Kingdom of Great Britain and Northern Ireland,HUMAN_OBSERVATION
52.113678,0.25564,2016,3,United Kingdom of Great Britain and Northern Ireland,HUMAN_OBSERVATION
52.113678,0.25564,2016,7,United Kingdom of Great Britain and Northern Ireland,HUMAN_OBSERVATION
52.113678,0.25564,2016,10,United Kingdom of Great Britain and Northern Ireland,HUMAN_OBSERVATION
52.113878,-3.557308,2017,5,United Kingdom of Great Britain and Northern Ireland,HUMAN_OBSERVATION
52.113878,-3.557308,2017,9,United Kingdom of Great Britain and Northern Ireland,HUMAN_OBSERVATION
52.113878,-3.557308,2017,9,United Kingdom of Great Britain and Northern Ireland,HUMAN_OBSERVATION
52.114563,-7.506314,2016,6,Ireland,HUMAN_OBSERVATION
52.115327,1.094199,2016,3,United Kingdom of Great Britain and Northern Ireland,HUMAN_OBSERVATION
52.115327,1.094199,2016,10,United Kingdom of Great Britain and Northern Ireland,HUMAN_OBSERVATION
52.115508,0.157869,2016,4,United Kingdom of Great Britain and Northern Ireland,HUMAN_OBSERVATION
52.115508,0.157869,2016,9,United Kingdom of Great Britain and Northern Ireland,HUMAN_OBSERVATION
52.11611,1.098636,2016,5,United Kingdom of Great Britain and Northern Ireland,HUMAN_OBSERVATION
52.117578,-1.006113,2016,5,United Kingdom of Great Britain and Northern Ireland,HUMAN_OBSERVATION
52.117578,-1.006113,2016,10,United Kingdom of Great Britain and Northern Ireland,HUMAN_OBSERVATION
52.117705,-0.50661,2016,3,United Kingdom of Great Britain and Northern Ireland,HUMAN_OBSERVATION
52.117705,-0.50661,2016,11,United Kingdom of Great Britain and Northern Ireland,HUMAN_OBSERVATION
52.117927,-1.04846,2016,4,United Kingdom of Great Britain and Northern Ireland,HUMAN_OBSERVATION
52.117927,-1.04846,2016,10,United Kingdom of Great Britain and Northern Ireland,HUMAN_OBSERVATION
52.120226,-9.640415,2016,8,Ireland,HUMAN_OBSERVATION
52.120659,0.219472,2016,10,United Kingdom of Great Britain and Northern Ireland,HUMAN_OBSERVATION
52.120807,-2.117528,2016,4,United Kingdom of Great Britain and Northern Ireland,HUMAN_OBSERVATION
52.120807,-2.117528,2016,10,United Kingdom of Great Britain and Northern Ireland,HUMAN_OBSERVATION
52.121854,-9.5045,2016,8,Ireland,HUMAN_OBSERVATION
52.122561,-8.782685,2018,8,Ireland,HUMAN_OBSERVATION
52.124611,1.378323,2016,3,United Kingdom of Great Britain and Northern Ireland,HUMAN_OBSERVATION
52.125363,-7.461475,2016,6,Ireland,HUMAN_OBSERVATION
52.125445,-9.571524,2016,8,Ireland,HUMAN_OBSERVATION
52.126182,-0.211231,2016,3,United Kingdom of Great Britain and Northern Ireland,HUMAN_OBSERVATION
52.126182,-0.211231,2016,10,United Kingdom of Great Britain and Northern Ireland,HUMAN_OBSERVATION
52.126931,-2.966029,2019,5,United Kingdom of Great Britain and Northern Ireland,HUMAN_OBSERVATION
52.127301,-0.302129,2018,3,United Kingdom of Great Britain and Northern Ireland,HUMAN_OBSERVATION
52.128522,-8.70564,2018,8,Ireland,HUMAN_OBSERVATION
52.128738,-0.760439,2016,11,United Kingdom of Great Britain and Northern Ireland,HUMAN_OBSERVATION
52.130251,-9.309279,2016,8,Ireland,HUMAN_OBSERVATION
52.131011,-2.389279,2016,5,United Kingdom of Great Britain and Northern Ireland,HUMAN_OBSERVATION
52.131011,-2.389279,2016,9,United Kingdom of Great Britain and Northern Ireland,HUMAN_OBSERVATION
52.131127,-8.655512,2018,8,Ireland,HUMAN_OBSERVATION
52.132444,-0.95757,2016,5,United Kingdom of Great Britain and Northern Ireland,HUMAN_OBSERVATION
52.132444,-0.95757,2016,10,United Kingdom of Great Britain and Northern Ireland,HUMAN_OBSERVATION
52.132926,-8.884916,2018,8,Ireland,HUMAN_OBSERVATION
52.132931,-8.719582,2018,8,Ireland,HUMAN_OBSERVATION
52.133054,-1.029145,2016,5,United Kingdom of Great Britain and Northern Ireland,HUMAN_OBSERVATION
52.133518,-3.5365,2019,4,United Kingdom of Great Britain and Northern Ireland,HUMAN_OBSERVATION
52.133518,-3.5365,2019,4,United Kingdom of Great Britain and Northern Ireland,HUMAN_OBSERVATION
52.133518,-3.5365,2019,9,United Kingdom of Great Britain and Northern Ireland,HUMAN_OBSERVATION
52.133518,-3.5365,2019,9,United Kingdom of Great Britain and Northern Ireland,HUMAN_OBSERVATION
52.133518,-3.5365,2017,5,United Kingdom of Great Britain and Northern Ireland,HUMAN_OBSERVATION
52.133518,-3.5365,2017,9,United Kingdom of Great Britain and Northern Ireland,HUMAN_OBSERVATION
52.135373,-1.220494,2016,4,United Kingdom of Great Britain and Northern Ireland,HUMAN_OBSERVATION
52.135373,-1.220494,2016,9,United Kingdom of Great Britain and Northern Ireland,HUMAN_OBSERVATION
52.137423,-8.902189,2018,8,Ireland,HUMAN_OBSERVATION
52.137529,8.25248,2024,8,Germany,HUMAN_OBSERVATION
52.138779,-8.273625,2018,8,Ireland,HUMAN_OBSERVATION
52.139037,-8.814042,2018,8,Ireland,HUMAN_OBSERVATION
52.140464,0.069928,2016,5,United Kingdom of Great Britain and Northern Ireland,HUMAN_OBSERVATION
52.140464,0.069928,2016,9,United Kingdom of Great Britain and Northern Ireland,HUMAN_OBSERVATION
52.141366,-7.907486,2018,8,Ireland,HUMAN_OBSERVATION
52.141749,0.148907,2016,3,United Kingdom of Great Britain and Northern Ireland,HUMAN_OBSERVATION
52.141749,0.148907,2016,7,United Kingdom of Great Britain and Northern Ireland,HUMAN_OBSERVATION
52.141749,0.148907,2016,10,United Kingdom of Great Britain and Northern Ireland,HUMAN_OBSERVATION
52.14223,-7.929324,2018,8,Ireland,HUMAN_OBSERVATION
52.142477,-8.88299,2018,8,Ireland,HUMAN_OBSERVATION
52.142977,-10.055005,2016,6,Ireland,HUMAN_OBSERVATION
52.143034,-8.591393,2018,8,Ireland,HUMAN_OBSERVATION
52.143128,-2.22426,2016,5,United Kingdom of Great Britain and Northern Ireland,HUMAN_OBSERVATION
52.143128,-2.22426,2016,9,United Kingdom of Great Britain and Northern Ireland,HUMAN_OBSERVATION
52.14341,-4.052334,2016,9,United Kingdom of Great Britain and Northern Ireland,HUMAN_OBSERVATION
52.14586,-0.529052,2016,3,United Kingdom of Great Britain and Northern Ireland,HUMAN_OBSERVATION
52.14586,-0.529052,2016,11,United Kingdom of Great Britain and Northern Ireland,HUMAN_OBSERVATION
52.146774,-8.5099,2018,8,Ireland,HUMAN_OBSERVATION
52.147279,-9.96385,2016,8,Ireland,HUMAN_OBSERVATION
52.14788,-0.407676,2016,4,United Kingdom of Great Britain and Northern Ireland,HUMAN_OBSERVATION
52.14788,-0.407676,2016,11,United Kingdom of Great Britain and Northern Ireland,HUMAN_OBSERVATION
52.147944,-3.372923,2018,9,United Kingdom of Great Britain and Northern Ireland,HUMAN_OBSERVATION
52.149611,-10.296845,2016,6,Ireland,HUMAN_OBSERVATION
52.15,4.3,2018,3,Netherlands,HUMAN_OBSERVATION
52.15,4.3,2018,3,Netherlands,HUMAN_OBSERVATION
52.15,4.3,2018,3,Netherlands,HUMAN_OBSERVATION
52.15,4.3,2018,3,Netherlands,HUMAN_OBSERVATION
52.15,4.35,2022,9,Netherlands,HUMAN_OBSERVATION
52.15,4.35,2021,5,Netherlands,HUMAN_OBSERVATION
52.15,4.35,2021,6,Netherlands,HUMAN_OBSERVATION
52.15,4.35,2020,11,Netherlands,HUMAN_OBSERVATION
52.15,4.35,2019,3,Netherlands,HUMAN_OBSERVATION
52.15,4.35,2018,1,Netherlands,HUMAN_OBSERVATION
52.15,4.35,2018,3,Netherlands,HUMAN_OBSERVATION
52.15,4.35,2018,3,Netherlands,HUMAN_OBSERVATION
52.15,4.35,2018,4,Netherlands,HUMAN_OBSERVATION
52.15,4.35,2018,5,Netherlands,HUMAN_OBSERVATION
52.15,4.35,2018,5,Netherlands,HUMAN_OBSERVATION
52.15,4.35,2018,6,Netherlands,HUMAN_OBSERVATION
52.15,4.35,2018,9,Netherlands,HUMAN_OBSERVATION
52.15,4.35,2018,10,Netherlands,HUMAN_OBSERVATION
52.15,4.35,2018,10,Netherlands,HUMAN_OBSERVATION
52.15,4.35,2017,7,Netherlands,HUMAN_OBSERVATION
52.15,4.35,2017,7,Netherlands,HUMAN_OBSERVATION
52.15,4.35,2016,2,Netherlands,HUMAN_OBSERVATION
52.15,4.35,2016,3,Netherlands,HUMAN_OBSERVATION
52.15,4.35,2016,6,Netherlands,HUMAN_OBSERVATION
52.15,4.35,2016,7,Netherlands,HUMAN_OBSERVATION
52.15,4.35,2016,7,Netherlands,HUMAN_OBSERVATION
52.15,4.35,2016,7,Netherlands,HUMAN_OBSERVATION
52.15,4.4,2023,6,Netherlands,HUMAN_OBSERVATION
52.15,4.4,2022,11,Netherlands,HUMAN_OBSERVATION
52.15,4.4,2021,4,Netherlands,HUMAN_OBSERVATION
52.15,4.4,2021,4,Netherlands,HUMAN_OBSERVATION
52.15,4.4,2019,11,Netherlands,HUMAN_OBSERVATION
52.15,4.4,2018,1,Netherlands,HUMAN_OBSERVATION
52.15,4.4,2018,2,Netherlands,HUMAN_OBSERVATION
52.15,4.4,2018,7,Netherlands,HUMAN_OBSERVATION
52.15,4.4,2018,7,Netherlands,HUMAN_OBSERVATION
52.15,4.4,2018,7,Netherlands,HUMAN_OBSERVATION
52.15,4.4,2018,9,Netherlands,HUMAN_OBSERVATION
52.15,4.4,2018,11,Netherlands,HUMAN_OBSERVATION
52.15,4.4,2017,2,Netherlands,HUMAN_OBSERVATION
52.15,4.4,2017,2,Netherlands,HUMAN_OBSERVATION
52.15,4.4,2017,2,Netherlands,HUMAN_OBSERVATION
52.15,4.4,2017,5,Netherlands,HUMAN_OBSERVATION
52.15,4.4,2017,5,Netherlands,HUMAN_OBSERVATION
52.15,4.4,2017,7,Netherlands,HUMAN_OBSERVATION
52.15,4.4,2017,7,Netherlands,HUMAN_OBSERVATION
52.15,4.4,2016,3,Netherlands,HUMAN_OBSERVATION
52.15,4.4,2016,3,Netherlands,HUMAN_OBSERVATION
52.15,4.4,2016,6,Netherlands,HUMAN_OBSERVATION
52.15,4.4,2016,11,Netherlands,HUMAN_OBSERVATION
52.15,4.4,2016,11,Netherlands,HUMAN_OBSERVATION
52.15,4.45,2025,6,Netherlands,HUMAN_OBSERVATION
52.15,4.45,2023,9,Netherlands,HUMAN_OBSERVATION
52.15,4.45,2023,9,Netherlands,HUMAN_OBSERVATION
52.15,4.45,2020,5,Netherlands,HUMAN_OBSERVATION
52.15,4.45,2020,6,Netherlands,HUMAN_OBSERVATION
52.15,4.45,2020,6,Netherlands,HUMAN_OBSERVATION
52.15,4.5,2024,7,Netherlands,HUMAN_OBSERVATION
52.15,4.5,2024,7,Netherlands,HUMAN_OBSERVATION
52.15,4.5,2024,7,Netherlands,HUMAN_OBSERVATION
52.15,4.6,2017,10,Netherlands,HUMAN_OBSERVATION
52.15,5.3,2024,1,Netherlands,HUMAN_OBSERVATION
52.15102,-3.416954,2019,4,United Kingdom of Great Britain and Northern Ireland,HUMAN_OBSERVATION
52.151033,-0.311092,2016,5,United Kingdom of Great Britain and Northern Ireland,HUMAN_OBSERVATION
52.152082,0.449086,2016,3,United Kingdom of Great Britain and Northern Ireland,HUMAN_OBSERVATION
52.152082,0.449086,2016,10,United Kingdom of Great Britain and Northern Ireland,HUMAN_OBSERVATION
52.15358,0.091003,2016,5,United Kingdom of Great Britain and Northern Ireland,HUMAN_OBSERVATION
52.15358,0.091003,2016,10,United Kingdom of Great Britain and Northern Ireland,HUMAN_OBSERVATION
52.154479,0.091045,2016,5,United Kingdom of Great Britain and Northern Ireland,HUMAN_OBSERVATION
52.154479,0.091045,2016,10,United Kingdom of Great Britain and Northern Ireland,HUMAN_OBSERVATION
52.155863,-8.452547,2018,7,Ireland,HUMAN_OBSERVATION
52.156445,-0.312349,2016,5,United Kingdom of Great Britain and Northern Ireland,HUMAN_OBSERVATION
52.156879,-9.141783,2018,8,Ireland,HUMAN_OBSERVATION
52.157485,-8.242331,2018,8,Ireland,HUMAN_OBSERVATION
52.159181,-3.282864,2018,4,United Kingdom of Great Britain and Northern Ireland,HUMAN_OBSERVATION
52.159498,1.492845,2016,5,United Kingdom of Great Britain and Northern Ireland,HUMAN_OBSERVATION
52.159498,1.492845,2016,5,United Kingdom of Great Britain and Northern Ireland,HUMAN_OBSERVATION
52.160292,-1.823803,2016,4,United Kingdom of Great Britain and Northern Ireland,HUMAN_OBSERVATION
52.160292,-1.823803,2016,10,United Kingdom of Great Britain and Northern Ireland,HUMAN_OBSERVATION
52.160359,-2.441943,2021,2,United Kingdom of Great Britain and Northern Ireland,HUMAN_OBSERVATION
52.160536,-2.442675,2020,3,United Kingdom of Great Britain and Northern Ireland,HUMAN_OBSERVATION
52.162348,-3.421496,2017,10,United Kingdom of Great Britain and Northern Ireland,HUMAN_OBSERVATION
52.164157,-9.431046,2016,8,Ireland,HUMAN_OBSERVATION
52.164643,-3.777437,2022,9,United Kingdom of Great Britain and Northern Ireland,HUMAN_OBSERVATION
52.165155,-10.303481,2023,5,Ireland,HUMAN_OBSERVATION
52.165168,-8.901333,2018,8,Ireland,HUMAN_OBSERVATION
52.165348,-9.976367,2016,8,Ireland,HUMAN_OBSERVATION
52.165539,-9.090859,2018,8,Ireland,HUMAN_OBSERVATION
52.166431,-2.701006,2016,6,United Kingdom of Great Britain and Northern Ireland,HUMAN_OBSERVATION
52.168117,0.095267,2021,7,United Kingdom of Great Britain and Northern Ireland,HUMAN_OBSERVATION
52.16815,0.09523,2021,7,United Kingdom of Great Britain and Northern Ireland,HUMAN_OBSERVATION
52.169475,-8.983206,2018,8,Ireland,HUMAN_OBSERVATION
52.169753,-3.429248,2017,5,United Kingdom of Great Britain and Northern Ireland,HUMAN_OBSERVATION
52.169753,-3.429248,2017,9,United Kingdom of Great Britain and Northern Ireland,HUMAN_OBSERVATION
52.171263,-1.209631,2016,4,United Kingdom of Great Britain and Northern Ireland,HUMAN_OBSERVATION
52.171263,-1.209631,2016,9,United Kingdom of Great Britain and Northern Ireland,HUMAN_OBSERVATION
52.171816,-2.702553,2016,6,United Kingdom of Great Britain and Northern Ireland,HUMAN_OBSERVATION
52.17241,-10.293316,2016,6,Ireland,HUMAN_OBSERVATION
52.172601,-9.376984,2016,8,Ireland,HUMAN_OBSERVATION
52.172908,-3.841807,2018,5,United Kingdom of Great Britain and Northern Ireland,HUMAN_OBSERVATION
52.173365,-9.399122,2016,8,Ireland,HUMAN_OBSERVATION
52.174032,-4.052383,2022,7,United Kingdom of Great Britain and Northern Ireland,HUMAN_OBSERVATION
52.17453,-2.699671,2016,6,United Kingdom of Great Britain and Northern Ireland,HUMAN_OBSERVATION
52.175446,-2.696761,2016,6,United Kingdom of Great Britain and Northern Ireland,HUMAN_OBSERVATION
52.176354,-2.695313,2016,6,United Kingdom of Great Britain and Northern Ireland,HUMAN_OBSERVATION
52.176354,-2.695313,2016,6,United Kingdom of Great Britain and Northern Ireland,HUMAN_OBSERVATION
52.178451,-8.303518,2018,8,Ireland,HUMAN_OBSERVATION
52.178866,-2.320962,2016,4,United Kingdom of Great Britain and Northern Ireland,HUMAN_OBSERVATION
52.178866,-2.320962,2016,9,United Kingdom of Great Britain and Northern Ireland,HUMAN_OBSERVATION
52.179553,-3.302697,2021,5,United Kingdom of Great Britain and Northern Ireland,HUMAN_OBSERVATION
52.179553,-3.302697,2021,10,United Kingdom of Great Britain and Northern Ireland,HUMAN_OBSERVATION
52.179553,-3.302697,2018,4,United Kingdom of Great Britain and Northern Ireland,HUMAN_OBSERVATION
52.179553,-3.302697,2018,9,United Kingdom of Great Britain and Northern Ireland,HUMAN_OBSERVATION
52.180831,0.125924,2016,10,United Kingdom of Great Britain and Northern Ireland,HUMAN_OBSERVATION
52.181521,-3.297123,2018,9,United Kingdom of Great Britain and Northern Ireland,HUMAN_OBSERVATION
52.182672,-9.496826,2016,8,Ireland,HUMAN_OBSERVATION
52.182908,-9.53451,2016,8,Ireland,HUMAN_OBSERVATION
52.18435,-4.130406,2023,4,United Kingdom of Great Britain and Northern Ireland,HUMAN_OBSERVATION
52.18435,-4.130406,2023,10,United Kingdom of Great Britain and Northern Ireland,HUMAN_OBSERVATION
52.18435,-4.130406,2019,4,United Kingdom of Great Britain and Northern Ireland,HUMAN_OBSERVATION
52.18435,-4.130406,2019,9,United Kingdom of Great Britain and Northern Ireland,HUMAN_OBSERVATION
52.18435,-4.130406,2019,9,United Kingdom of Great Britain and Northern Ireland,HUMAN_OBSERVATION
52.18701,-9.357627,2016,8,Ireland,HUMAN_OBSERVATION
52.188217,-8.926352,2018,8,Ireland,HUMAN_OBSERVATION
52.189007,-8.987454,2018,9,Ireland,HUMAN_OBSERVATION
52.191234,-9.026351,2018,8,Ireland,HUMAN_OBSERVATION
52.191596,-8.932228,2018,8,Ireland,HUMAN_OBSERVATION
52.191665,0.123515,2016,4,United Kingdom of Great Britain and Northern Ireland,HUMAN_OBSERVATION
52.191665,0.123515,2016,9,United Kingdom of Great Britain and Northern Ireland,HUMAN_OBSERVATION
52.193245,8.65098,2024,10,Germany,HUMAN_OBSERVATION
52.193258,-9.563829,2016,8,Ireland,HUMAN_OBSERVATION
52.193529,8.651068,2022,12,Germany,HUMAN_OBSERVATION
52.194117,1.273829,2016,9,United Kingdom of Great Britain and Northern Ireland,HUMAN_OBSERVATION
52.198912,-0.603388,2016,5,United Kingdom of Great Britain and Northern Ireland,HUMAN_OBSERVATION
52.198912,-0.603388,2016,11,United Kingdom of Great Britain and Northern Ireland,HUMAN_OBSERVATION
52.199961,-9.552932,2016,8,Ireland,HUMAN_OBSERVATION
52.2,4.4,2021,2,Netherlands,HUMAN_OBSERVATION
52.2,4.4,2021,9,Netherlands,HUMAN_OBSERVATION
52.2,4.4,2018,1,Netherlands,HUMAN_OBSERVATION
52.2,4.4,2018,1,Netherlands,HUMAN_OBSERVATION
52.2,4.4,2018,6,Netherlands,HUMAN_OBSERVATION
52.2,4.4,2016,3,Netherlands,HUMAN_OBSERVATION
52.2,4.45,2018,6,Netherlands,HUMAN_OBSERVATION
52.2,4.55,2021,5,Netherlands,HUMAN_OBSERVATION
52.2,5.4,2023,7,Netherlands,HUMAN_OBSERVATION
52.200696,-7.41893,2016,6,Ireland,HUMAN_OBSERVATION
52.201125,-2.392818,2016,4,United Kingdom of Great Britain and Northern Ireland,HUMAN_OBSERVATION
52.201125,-2.392818,2016,9,United Kingdom of Great Britain and Northern Ireland,HUMAN_OBSERVATION
52.201385,-8.470584,2018,7,Ireland,HUMAN_OBSERVATION
52.204609,-2.7777,2016,3,United Kingdom of Great Britain and Northern Ireland,HUMAN_OBSERVATION
52.204609,-2.7777,2016,10,United Kingdom of Great Britain and Northern Ireland,HUMAN_OBSERVATION
52.206465,-2.768952,2016,3,United Kingdom of Great Britain and Northern Ireland,HUMAN_OBSERVATION
52.206465,-2.768952,2016,10,United Kingdom of Great Britain and Northern Ireland,HUMAN_OBSERVATION
52.207207,-9.009563,2018,8,Ireland,HUMAN_OBSERVATION
52.207648,-0.922152,2016,3,United Kingdom of Great Britain and Northern Ireland,HUMAN_OBSERVATION
52.207648,-0.922152,2016,9,United Kingdom of Great Britain and Northern Ireland,HUMAN_OBSERVATION
52.207841,-2.233367,2016,5,United Kingdom of Great Britain and Northern Ireland,HUMAN_OBSERVATION
52.207841,-2.233367,2016,9,United Kingdom of Great Britain and Northern Ireland,HUMAN_OBSERVATION
52.209152,-2.770462,2016,4,United Kingdom of Great Britain and Northern Ireland,HUMAN_OBSERVATION
52.209152,-2.770462,2016,9,United Kingdom of Great Britain and Northern Ireland,HUMAN_OBSERVATION
52.209465,-10.311032,2017,8,Ireland,HUMAN_OBSERVATION
52.2096,-4.185479,2019,4,United Kingdom of Great Britain and Northern Ireland,HUMAN_OBSERVATION
52.2096,-4.185479,2019,9,United Kingdom of Great Britain and Northern Ireland,HUMAN_OBSERVATION
52.210145,-9.183031,2018,8,Ireland,HUMAN_OBSERVATION
52.211106,-1.122576,2016,4,United Kingdom of Great Britain and Northern Ireland,HUMAN_OBSERVATION
52.211106,-1.122576,2016,9,United Kingdom of Great Britain and Northern Ireland,HUMAN_OBSERVATION
52.211323,-6.859586,2017,10,Ireland,HUMAN_OBSERVATION
52.212073,0.746631,2016,5,United Kingdom of Great Britain and Northern Ireland,HUMAN_OBSERVATION
52.212073,0.746631,2016,9,United Kingdom of Great Britain and Northern Ireland,HUMAN_OBSERVATION
52.21261,-8.383829,2018,8,Ireland,HUMAN_OBSERVATION
52.213495,-3.444732,2017,5,United Kingdom of Great Britain and Northern Ireland,HUMAN_OBSERVATION
52.213495,-3.444732,2017,5,United Kingdom of Great Britain and Northern Ireland,HUMAN_OBSERVATION
52.214458,-4.233821,2019,9,United Kingdom of Great Britain and Northern Ireland,HUMAN_OBSERVATION
52.214819,-3.075838,2018,4,United Kingdom of Great Britain and Northern Ireland,HUMAN_OBSERVATION
52.214819,-3.075838,2018,10,United Kingdom of Great Britain and Northern Ireland,HUMAN_OBSERVATION
52.217052,-10.349528,2017,8,Ireland,HUMAN_OBSERVATION
52.217891,-8.579867,2018,7,Ireland,HUMAN_OBSERVATION
52.21806,0.155518,2016,4,United Kingdom of Great Britain and Northern Ireland,HUMAN_OBSERVATION
52.21806,0.155518,2016,9,United Kingdom of Great Britain and Northern Ireland,HUMAN_OBSERVATION
52.218701,-2.193902,2016,5,United Kingdom of Great Britain and Northern Ireland,HUMAN_OBSERVATION
52.218701,-2.193902,2016,9,United Kingdom of Great Britain and Northern Ireland,HUMAN_OBSERVATION
52.21882,-8.502549,2018,7,Ireland,HUMAN_OBSERVATION
52.21935,-1.027265,2016,10,United Kingdom of Great Britain and Northern Ireland,HUMAN_OBSERVATION
52.220859,-2.895093,2016,3,United Kingdom of Great Britain and Northern Ireland,HUMAN_OBSERVATION
52.220859,-2.895093,2016,10,United Kingdom of Great Britain and Northern Ireland,HUMAN_OBSERVATION
52.22403,-9.904702,2018,8,Ireland,HUMAN_OBSERVATION
52.224145,-8.633523,2018,7,Ireland,HUMAN_OBSERVATION
52.22423,-10.147243,2018,8,Ireland,HUMAN_OBSERVATION
52.22423,-10.147243,2017,8,Ireland,HUMAN_OBSERVATION
52.224349,-9.383608,2016,8,Ireland,HUMAN_OBSERVATION
52.224706,-9.4435,2016,8,Ireland,HUMAN_OBSERVATION
52.224748,-2.855643,2016,4,United Kingdom of Great Britain and Northern Ireland,HUMAN_OBSERVATION
52.224748,-2.855643,2016,10,United Kingdom of Great Britain and Northern Ireland,HUMAN_OBSERVATION
52.226046,-0.870465,2016,6,United Kingdom of Great Britain and Northern Ireland,HUMAN_OBSERVATION
52.226046,-0.870465,2016,6,United Kingdom of Great Britain and Northern Ireland,HUMAN_OBSERVATION
52.226373,-9.494438,2016,8,Ireland,HUMAN_OBSERVATION
52.226947,-0.542479,2016,5,United Kingdom of Great Britain and Northern Ireland,HUMAN_OBSERVATION
52.226947,-0.542479,2016,11,United Kingdom of Great Britain and Northern Ireland,HUMAN_OBSERVATION
52.227031,-9.561885,2016,8,Ireland,HUMAN_OBSERVATION
52.22841,-1.152981,2016,4,United Kingdom of Great Britain and Northern Ireland,HUMAN_OBSERVATION
52.22841,-1.152981,2016,9,United Kingdom of Great Britain and Northern Ireland,HUMAN_OBSERVATION
52.230226,-0.933319,2016,4,United Kingdom of Great Britain and Northern Ireland,HUMAN_OBSERVATION
52.230226,-0.933319,2016,7,United Kingdom of Great Britain and Northern Ireland,HUMAN_OBSERVATION
52.230226,-0.933319,2016,9,United Kingdom of Great Britain and Northern Ireland,HUMAN_OBSERVATION
52.231592,-0.88643,2016,5,United Kingdom of Great Britain and Northern Ireland,HUMAN_OBSERVATION
52.231592,-0.88643,2016,10,United Kingdom of Great Britain and Northern Ireland,HUMAN_OBSERVATION
52.232172,-1.05627,2016,3,United Kingdom of Great Britain and Northern Ireland,HUMAN_OBSERVATION
52.232172,-1.05627,2016,10,United Kingdom of Great Britain and Northern Ireland,HUMAN_OBSERVATION
52.233677,-8.667328,2018,7,Ireland,HUMAN_OBSERVATION
52.233913,-10.139644,2017,8,Ireland,HUMAN_OBSERVATION
52.234109,-1.0738,2016,3,United Kingdom of Great Britain and Northern Ireland,HUMAN_OBSERVATION
52.234109,-1.0738,2016,9,United Kingdom of Great Britain and Northern Ireland,HUMAN_OBSERVATION
52.234756,-9.481755,2016,8,Ireland,HUMAN_OBSERVATION
52.234863,-7.033774,2017,8,Ireland,HUMAN_OBSERVATION
52.234934,-6.835408,2017,10,Ireland,HUMAN_OBSERVATION
52.235479,-6.579168,2017,10,Ireland,HUMAN_OBSERVATION
52.236658,-8.886002,2018,8,Ireland,HUMAN_OBSERVATION
52.23676,0.729114,2016,4,United Kingdom of Great Britain and Northern Ireland,HUMAN_OBSERVATION
52.23676,0.729114,2016,9,United Kingdom of Great Britain and Northern Ireland,HUMAN_OBSERVATION
52.237492,-9.980684,2017,8,Ireland,HUMAN_OBSERVATION
52.238781,-4.260338,2019,4,United Kingdom of Great Britain and Northern Ireland,HUMAN_OBSERVATION
52.238781,-4.260338,2019,9,United Kingdom of Great Britain and Northern Ireland,HUMAN_OBSERVATION
52.238792,-0.710511,2016,3,United Kingdom of Great Britain and Northern Ireland,HUMAN_OBSERVATION
52.238792,-0.710511,2016,10,United Kingdom of Great Britain and Northern Ireland,HUMAN_OBSERVATION
52.239499,1.417816,2016,4,United Kingdom of Great Britain and Northern Ireland,HUMAN_OBSERVATION
52.239693,-3.057386,2021,11,United Kingdom of Great Britain and Northern Ireland,HUMAN_OBSERVATION
52.239693,-3.057386,2018,5,United Kingdom of Great Britain and Northern Ireland,HUMAN_OBSERVATION
52.239693,-3.057386,2018,9,United Kingdom of Great Britain and Northern Ireland,HUMAN_OBSERVATION
52.239893,-8.133207,2019,,Ireland,HUMAN_OBSERVATION
52.240905,-3.058513,2021,11,United Kingdom of Great Britain and Northern Ireland,HUMAN_OBSERVATION
52.240905,-3.058513,2018,5,United Kingdom of Great Britain and Northern Ireland,HUMAN_OBSERVATION
52.240905,-3.058513,2018,9,United Kingdom of Great Britain and Northern Ireland,HUMAN_OBSERVATION
52.242035,-0.262234,2016,5,United Kingdom of Great Britain and Northern Ireland,HUMAN_OBSERVATION
52.242035,-0.262234,2016,10,United Kingdom of Great Britain and Northern Ireland,HUMAN_OBSERVATION
52.24261,-0.911053,2016,10,United Kingdom of Great Britain and Northern Ireland,HUMAN_OBSERVATION
52.242624,-6.665316,2017,10,Ireland,HUMAN_OBSERVATION
52.243977,-1.88352,2016,3,United Kingdom of Great Britain and Northern Ireland,HUMAN_OBSERVATION
52.243977,-1.88352,2016,9,United Kingdom of Great Britain and Northern Ireland,HUMAN_OBSERVATION
52.244032,-9.847704,2023,10,Ireland,HUMAN_OBSERVATION
52.244266,-7.130304,2017,6,Ireland,HUMAN_OBSERVATION
52.244329,0.241753,2016,5,United Kingdom of Great Britain and Northern Ireland,HUMAN_OBSERVATION
52.244947,-0.782103,2016,4,United Kingdom of Great Britain and Northern Ireland,HUMAN_OBSERVATION
52.244947,-0.782103,2016,11,United Kingdom of Great Britain and Northern Ireland,HUMAN_OBSERVATION
52.244967,-6.53419,2017,10,Ireland,HUMAN_OBSERVATION
52.247433,13.805233,2025,1,Germany,HUMAN_OBSERVATION
52.24803,-0.820103,2016,4,United Kingdom of Great Britain and Northern Ireland,HUMAN_OBSERVATION
52.24803,-0.820103,2016,10,United Kingdom of Great Britain and Northern Ireland,HUMAN_OBSERVATION
52.248041,-8.405397,2018,8,Ireland,HUMAN_OBSERVATION
52.248204,0.274178,2016,3,United Kingdom of Great Britain and Northern Ireland,HUMAN_OBSERVATION
52.248204,0.274178,2016,10,United Kingdom of Great Britain and Northern Ireland,HUMAN_OBSERVATION
52.248407,-8.406075,2018,8,Ireland,HUMAN_OBSERVATION
52.25,4.5,2018,2,Netherlands,HUMAN_OBSERVATION
52.25,4.5,2018,3,Netherlands,HUMAN_OBSERVATION
52.25,5.05,2020,1,Netherlands,HUMAN_OBSERVATION
52.25,5.05,2020,1,Netherlands,HUMAN_OBSERVATION
52.25,5.05,2020,1,Netherlands,HUMAN_OBSERVATION
52.25,5.05,2020,1,Netherlands,HUMAN_OBSERVATION
52.25,5.45,2020,1,Netherlands,HUMAN_OBSERVATION
52.25,5.45,2020,1,Netherlands,HUMAN_OBSERVATION
52.25,5.45,2020,1,Netherlands,HUMAN_OBSERVATION
52.25,5.5,2025,3,Netherlands,HUMAN_OBSERVATION
52.25,5.5,2022,10,Netherlands,HUMAN_OBSERVATION
52.251509,-1.618365,2016,4,United Kingdom of Great Britain and Northern Ireland,HUMAN_OBSERVATION
52.252413,-2.913087,2020,9,United Kingdom of Great Britain and Northern Ireland,HUMAN_OBSERVATION
52.25275,-7.11193,2017,6,Ireland,HUMAN_OBSERVATION
52.254938,-9.04428,2018,8,Ireland,HUMAN_OBSERVATION
52.255549,-2.201388,2016,5,United Kingdom of Great Britain and Northern Ireland,HUMAN_OBSERVATION
52.255549,-2.201388,2016,9,United Kingdom of Great Britain and Northern Ireland,HUMAN_OBSERVATION
52.25614,-9.642182,2017,8,Ireland,HUMAN_OBSERVATION
52.256978,-10.171611,2018,8,Ireland,HUMAN_OBSERVATION
52.256978,-10.171611,2017,8,Ireland,HUMAN_OBSERVATION
52.257431,-9.555943,2016,8,Ireland,HUMAN_OBSERVATION
52.258776,-0.909192,2016,5,United Kingdom of Great Britain and Northern Ireland,HUMAN_OBSERVATION
52.259244,8.229892,2020,,Germany,HUMAN_OBSERVATION
52.259602,-9.690791,2017,8,Ireland,HUMAN_OBSERVATION
52.26123,-0.70693,2016,9,United Kingdom of Great Britain and Northern Ireland,HUMAN_OBSERVATION
52.262033,-6.459928,2016,7,Ireland,HUMAN_OBSERVATION
52.264937,-0.717079,2016,5,United Kingdom of Great Britain and Northern Ireland,HUMAN_OBSERVATION
52.264937,-0.717079,2016,9,United Kingdom of Great Britain and Northern Ireland,HUMAN_OBSERVATION
52.264959,-6.476791,2016,7,Ireland,HUMAN_OBSERVATION
52.265394,-1.773568,2016,5,United Kingdom of Great Britain and Northern Ireland,HUMAN_OBSERVATION
52.265394,-1.773568,2016,10,United Kingdom of Great Britain and Northern Ireland,HUMAN_OBSERVATION
52.265929,-8.118785,2017,7,Ireland,HUMAN_OBSERVATION
52.266355,-2.19118,2016,5,United Kingdom of Great Britain and Northern Ireland,HUMAN_OBSERVATION
52.266355,-2.19118,2016,9,United Kingdom of Great Britain and Northern Ireland,HUMAN_OBSERVATION
52.268519,-0.353529,2016,4,United Kingdom of Great Britain and Northern Ireland,HUMAN_OBSERVATION
52.26911,-8.070145,2017,7,Ireland,HUMAN_OBSERVATION
52.269934,-9.615489,2017,8,Ireland,HUMAN_OBSERVATION
52.270014,-2.147232,2016,5,United Kingdom of Great Britain and Northern Ireland,HUMAN_OBSERVATION
52.270014,-2.147232,2016,9,United Kingdom of Great Britain and Northern Ireland,HUMAN_OBSERVATION
52.270268,-3.301514,2023,4,United Kingdom of Great Britain and Northern Ireland,HUMAN_OBSERVATION
52.270268,-3.301514,2023,8,United Kingdom of Great Britain and Northern Ireland,HUMAN_OBSERVATION
52.270268,-3.301514,2022,4,United Kingdom of Great Britain and Northern Ireland,HUMAN_OBSERVATION
52.270268,-3.301514,2022,4,United Kingdom of Great Britain and Northern Ireland,HUMAN_OBSERVATION
52.270268,-3.301514,2022,8,United Kingdom of Great Britain and Northern Ireland,HUMAN_OBSERVATION
52.270268,-3.301514,2022,10,United Kingdom of Great Britain and Northern Ireland,HUMAN_OBSERVATION
52.270268,-3.301514,2021,4,United Kingdom of Great Britain and Northern Ireland,HUMAN_OBSERVATION
52.270268,-3.301514,2021,8,United Kingdom of Great Britain and Northern Ireland,HUMAN_OBSERVATION
52.270268,-3.301514,2021,10,United Kingdom of Great Britain and Northern Ireland,HUMAN_OBSERVATION
52.270268,-3.301514,2020,10,United Kingdom of Great Britain and Northern Ireland,HUMAN_OBSERVATION
52.270268,-3.301514,2019,4,United Kingdom of Great Britain and Northern Ireland,HUMAN_OBSERVATION
52.270268,-3.301514,2019,10,United Kingdom of Great Britain and Northern Ireland,HUMAN_OBSERVATION
52.270268,-3.301514,2018,4,United Kingdom of Great Britain and Northern Ireland,HUMAN_OBSERVATION
52.270268,-3.301514,2018,9,United Kingdom of Great Britain and Northern Ireland,HUMAN_OBSERVATION
52.270268,-3.301514,2017,5,United Kingdom of Great Britain and Northern Ireland,HUMAN_OBSERVATION
52.270268,-3.301514,2017,10,United Kingdom of Great Britain and Northern Ireland,HUMAN_OBSERVATION
52.270268,-3.301514,2016,4,United Kingdom of Great Britain and Northern Ireland,HUMAN_OBSERVATION
52.270268,-3.301514,2016,10,United Kingdom of Great Britain and Northern Ireland,HUMAN_OBSERVATION
52.270326,-2.149212,2018,7,United Kingdom of Great Britain and Northern Ireland,HUMAN_OBSERVATION
52.270326,-2.149212,2018,7,United Kingdom of Great Britain and Northern Ireland,HUMAN_OBSERVATION
52.271364,-2.830527,2020,9,United Kingdom of Great Britain and Northern Ireland,HUMAN_OBSERVATION
52.271985,-7.844376,2017,8,Ireland,HUMAN_OBSERVATION
52.272442,-8.792582,2018,7,Ireland,HUMAN_OBSERVATION
52.27291,-6.681065,2017,10,Ireland,HUMAN_OBSERVATION
52.273864,-7.483642,2017,9,Ireland,HUMAN_OBSERVATION
52.274779,-7.809209,2017,8,Ireland,HUMAN_OBSERVATION
52.274879,-7.779721,2017,8,Ireland,HUMAN_OBSERVATION
52.275768,-3.34427,2021,10,United Kingdom of Great Britain and Northern Ireland,HUMAN_OBSERVATION
52.277165,-6.797187,2017,10,Ireland,HUMAN_OBSERVATION
52.278164,-7.994604,2017,7,Ireland,HUMAN_OBSERVATION
52.278226,-7.436217,2017,9,Ireland,HUMAN_OBSERVATION
52.278678,-8.691285,2018,7,Ireland,HUMAN_OBSERVATION
52.279612,0.856374,2016,5,United Kingdom of Great Britain and Northern Ireland,HUMAN_OBSERVATION
52.279612,0.856374,2016,11,United Kingdom of Great Britain and Northern Ireland,HUMAN_OBSERVATION
52.280489,10.364406,2020,,Germany,HUMAN_OBSERVATION
52.281071,-3.011023,2021,4,United Kingdom of Great Britain and Northern Ireland,HUMAN_OBSERVATION
52.281071,-3.011023,2021,11,United Kingdom of Great Britain and Northern Ireland,HUMAN_OBSERVATION
52.281396,-0.924762,2016,9,United Kingdom of Great Britain and Northern Ireland,HUMAN_OBSERVATION
52.282256,-6.681788,2017,10,Ireland,HUMAN_OBSERVATION
52.283415,-0.263548,2016,10,United Kingdom of Great Britain and Northern Ireland,HUMAN_OBSERVATION
52.283729,-1.222292,2016,4,United Kingdom of Great Britain and Northern Ireland,HUMAN_OBSERVATION
52.284335,-7.312977,2017,8,Ireland,HUMAN_OBSERVATION
52.284421,-6.549986,2017,10,Ireland,HUMAN_OBSERVATION
52.285283,-1.512526,2016,5,United Kingdom of Great Britain and Northern Ireland,HUMAN_OBSERVATION
52.285384,-0.2752,2016,10,United Kingdom of Great Britain and Northern Ireland,HUMAN_OBSERVATION
52.286487,-0.22824,2016,10,United Kingdom of Great Britain and Northern Ireland,HUMAN_OBSERVATION
52.287221,-1.54769,2016,4,United Kingdom of Great Britain and Northern Ireland,HUMAN_OBSERVATION
52.287705,-2.767353,2020,9,United Kingdom of Great Britain and Northern Ireland,HUMAN_OBSERVATION
52.288566,-8.930246,2018,8,Ireland,HUMAN_OBSERVATION
52.28928,-1.116634,2016,11,United Kingdom of Great Britain and Northern Ireland,HUMAN_OBSERVATION
52.289903,-0.782337,2016,4,United Kingdom of Great Britain and Northern Ireland,HUMAN_OBSERVATION
52.289903,-0.782337,2016,10,United Kingdom of Great Britain and Northern Ireland,HUMAN_OBSERVATION
52.293022,-7.129435,2017,9,Ireland,HUMAN_OBSERVATION
52.294092,-7.495838,2017,9,Ireland,HUMAN_OBSERVATION
52.295334,-9.00691,2018,8,Ireland,HUMAN_OBSERVATION
52.297223,-6.736143,2017,9,Ireland,HUMAN_OBSERVATION
52.299553,-0.676484,2016,3,United Kingdom of Great Britain and Northern Ireland,HUMAN_OBSERVATION
52.299553,-0.676484,2016,9,United Kingdom of Great Britain and Northern Ireland,HUMAN_OBSERVATION
52.299726,-2.106271,2016,5,United Kingdom of Great Britain and Northern Ireland,HUMAN_OBSERVATION
52.299726,-2.106271,2016,10,United Kingdom of Great Britain and Northern Ireland,HUMAN_OBSERVATION
52.3,4.5,2022,1,Netherlands,HUMAN_OBSERVATION
52.3,4.65,2023,7,Netherlands,HUMAN_OBSERVATION
52.3,4.65,2017,1,Netherlands,HUMAN_OBSERVATION
52.3,5.05,2019,12,Netherlands,HUMAN_OBSERVATION
52.3,5.1,2024,10,Netherlands,HUMAN_OBSERVATION
52.3,5.15,2023,1,Netherlands,HUMAN_OBSERVATION
52.3,5.15,2022,10,Netherlands,HUMAN_OBSERVATION
52.3,5.3,2021,12,Netherlands,HUMAN_OBSERVATION
52.3,5.3,2021,12,Netherlands,HUMAN_OBSERVATION
52.3,5.55,2025,2,Netherlands,HUMAN_OBSERVATION
52.3,5.55,2025,2,Netherlands,HUMAN_OBSERVATION
52.3,5.55,2025,2,Netherlands,HUMAN_OBSERVATION
52.3,5.55,2025,2,Netherlands,HUMAN_OBSERVATION
52.3,5.55,2025,2,Netherlands,HUMAN_OBSERVATION
52.3,5.7,2018,1,Netherlands,HUMAN_OBSERVATION
52.3,5.7,2017,12,Netherlands,HUMAN_OBSERVATION
52.3,5.7,2017,12,Netherlands,HUMAN_OBSERVATION
52.3,5.7,2017,12,Netherlands,HUMAN_OBSERVATION
52.300307,0.276848,2016,5,United Kingdom of Great Britain and Northern Ireland,HUMAN_OBSERVATION
52.300445,-8.683397,2018,7,Ireland,HUMAN_OBSERVATION
52.301571,-1.986024,2016,9,United Kingdom of Great Britain and Northern Ireland,HUMAN_OBSERVATION
52.302603,-6.648926,2017,10,Ireland,HUMAN_OBSERVATION
52.304233,-9.359003,2017,8,Ireland,HUMAN_OBSERVATION
52.304914,-4.132434,2019,9,United Kingdom of Great Britain and Northern Ireland,HUMAN_OBSERVATION
52.305127,-2.097484,2016,3,United Kingdom of Great Britain and Northern Ireland,HUMAN_OBSERVATION
52.305127,-2.097484,2016,9,United Kingdom of Great Britain and Northern Ireland,HUMAN_OBSERVATION
52.305237,-1.086984,2016,3,United Kingdom of Great Britain and Northern Ireland,HUMAN_OBSERVATION
52.305367,-4.159461,2019,4,United Kingdom of Great Britain and Northern Ireland,HUMAN_OBSERVATION
52.305367,-4.159461,2019,10,United Kingdom of Great Britain and Northern Ireland,HUMAN_OBSERVATION
52.305679,-0.92564,2016,4,United Kingdom of Great Britain and Northern Ireland,HUMAN_OBSERVATION
52.305679,-0.92564,2016,9,United Kingdom of Great Britain and Northern Ireland,HUMAN_OBSERVATION
52.306161,0.390103,2016,5,United Kingdom of Great Britain and Northern Ireland,HUMAN_OBSERVATION
52.306161,0.390103,2016,10,United Kingdom of Great Britain and Northern Ireland,HUMAN_OBSERVATION
52.30768,-4.139608,2023,4,United Kingdom of Great Britain and Northern Ireland,HUMAN_OBSERVATION
52.30768,-4.139608,2023,10,United Kingdom of Great Britain and Northern Ireland,HUMAN_OBSERVATION
52.307946,0.823169,2025,5,United Kingdom of Great Britain and Northern Ireland,HUMAN_OBSERVATION
52.309858,-7.878891,2017,8,Ireland,HUMAN_OBSERVATION
52.310888,0.28766,2016,5,United Kingdom of Great Britain and Northern Ireland,HUMAN_OBSERVATION
52.311088,-6.72193,2017,10,Ireland,HUMAN_OBSERVATION
52.311276,-2.684224,2016,5,United Kingdom of Great Britain and Northern Ireland,HUMAN_OBSERVATION
52.311276,-2.684224,2016,9,United Kingdom of Great Britain and Northern Ireland,HUMAN_OBSERVATION
52.312711,-2.234579,2018,7,United Kingdom of Great Britain and Northern Ireland,HUMAN_OBSERVATION
52.312902,-1.455015,2016,4,United Kingdom of Great Britain and Northern Ireland,HUMAN_OBSERVATION
52.312902,-1.455015,2016,9,United Kingdom of Great Britain and Northern Ireland,HUMAN_OBSERVATION
52.313409,0.600307,2016,4,United Kingdom of Great Britain and Northern Ireland,HUMAN_OBSERVATION
52.313409,0.600307,2016,10,United Kingdom of Great Britain and Northern Ireland,HUMAN_OBSERVATION
52.313588,-2.588911,2016,4,United Kingdom of Great Britain and Northern Ireland,HUMAN_OBSERVATION
52.313588,-2.588911,2016,9,United Kingdom of Great Britain and Northern Ireland,HUMAN_OBSERVATION
52.314356,-2.243462,2022,7,United Kingdom of Great Britain and Northern Ireland,HUMAN_OBSERVATION
52.314838,-7.949824,2017,7,Ireland,HUMAN_OBSERVATION
52.315631,-9.235004,2017,8,Ireland,HUMAN_OBSERVATION
52.316009,-6.836815,2017,10,Ireland,HUMAN_OBSERVATION
52.316647,-0.677441,2016,11,United Kingdom of Great Britain and Northern Ireland,HUMAN_OBSERVATION
52.316839,-2.062302,2016,5,United Kingdom of Great Britain and Northern Ireland,HUMAN_OBSERVATION
52.316839,-2.062302,2016,10,United Kingdom of Great Britain and Northern Ireland,HUMAN_OBSERVATION
52.317873,-1.369866,2016,3,United Kingdom of Great Britain and Northern Ireland,HUMAN_OBSERVATION
52.317873,-1.369866,2016,10,United Kingdom of Great Britain and Northern Ireland,HUMAN_OBSERVATION
52.320119,-2.845745,2016,4,United Kingdom of Great Britain and Northern Ireland,HUMAN_OBSERVATION
52.320119,-2.845745,2016,9,United Kingdom of Great Britain and Northern Ireland,HUMAN_OBSERVATION
52.320122,-1.154166,2016,3,United Kingdom of Great Britain and Northern Ireland,HUMAN_OBSERVATION
52.320122,-1.154166,2016,10,United Kingdom of Great Britain and Northern Ireland,HUMAN_OBSERVATION
52.320165,-2.528847,2016,5,United Kingdom of Great Britain and Northern Ireland,HUMAN_OBSERVATION
52.320165,-2.528847,2016,9,United Kingdom of Great Britain and Northern Ireland,HUMAN_OBSERVATION
52.324885,-7.10452,2017,9,Ireland,HUMAN_OBSERVATION
52.325494,0.540842,2016,3,United Kingdom of Great Britain and Northern Ireland,HUMAN_OBSERVATION
52.325494,0.540842,2016,11,United Kingdom of Great Britain and Northern Ireland,HUMAN_OBSERVATION
52.326586,1.484718,2016,4,United Kingdom of Great Britain and Northern Ireland,HUMAN_OBSERVATION
52.326598,-6.698125,2017,9,Ireland,HUMAN_OBSERVATION
52.327591,0.843319,2016,5,United Kingdom of Great Britain and Northern Ireland,HUMAN_OBSERVATION
52.327591,0.843319,2016,11,United Kingdom of Great Britain and Northern Ireland,HUMAN_OBSERVATION
52.32826,-7.992669,2017,7,Ireland,HUMAN_OBSERVATION
52.328558,-1.542866,2016,4,United Kingdom of Great Britain and Northern Ireland,HUMAN_OBSERVATION
52.328788,-9.790759,2017,8,Ireland,HUMAN_OBSERVATION
52.329908,-0.920651,2016,3,United Kingdom of Great Britain and Northern Ireland,HUMAN_OBSERVATION
52.329908,-0.920651,2016,10,United Kingdom of Great Britain and Northern Ireland,HUMAN_OBSERVATION
52.330805,-9.775158,2017,8,Ireland,HUMAN_OBSERVATION
52.331114,-6.629656,2017,9,Ireland,HUMAN_OBSERVATION
52.331531,-0.062061,2016,4,United Kingdom of Great Britain and Northern Ireland,HUMAN_OBSERVATION
52.331531,-0.062061,2016,10,United Kingdom of Great Britain and Northern Ireland,HUMAN_OBSERVATION
52.333018,-2.068195,2016,5,United Kingdom of Great Britain and Northern Ireland,HUMAN_OBSERVATION
52.333018,-2.068195,2016,10,United Kingdom of Great Britain and Northern Ireland,HUMAN_OBSERVATION
52.333047,0.438524,2016,3,United Kingdom of Great Britain and Northern Ireland,HUMAN_OBSERVATION
52.333047,0.438524,2016,10,United Kingdom of Great Britain and Northern Ireland,HUMAN_OBSERVATION
52.334228,-0.295316,2016,4,United Kingdom of Great Britain and Northern Ireland,HUMAN_OBSERVATION
52.334228,-0.295316,2016,11,United Kingdom of Great Britain and Northern Ireland,HUMAN_OBSERVATION
52.334503,-3.354063,2021,3,United Kingdom of Great Britain and Northern Ireland,HUMAN_OBSERVATION
52.334503,-3.354063,2021,10,United Kingdom of Great Britain and Northern Ireland,HUMAN_OBSERVATION
52.334848,0.008538,2016,10,United Kingdom of Great Britain and Northern Ireland,HUMAN_OBSERVATION
52.336233,-6.681929,2017,9,Ireland,HUMAN_OBSERVATION
52.336403,-7.788234,2017,8,Ireland,HUMAN_OBSERVATION
52.336651,-0.157248,2016,10,United Kingdom of Great Britain and Northern Ireland,HUMAN_OBSERVATION
52.337191,-9.306537,2017,8,Ireland,HUMAN_OBSERVATION
52.337519,-2.056461,2016,4,United Kingdom of Great Britain and Northern Ireland,HUMAN_OBSERVATION
52.337519,-2.056461,2016,10,United Kingdom of Great Britain and Northern Ireland,HUMAN_OBSERVATION
52.339795,-0.92041,2016,3,United Kingdom of Great Britain and Northern Ireland,HUMAN_OBSERVATION
52.339795,-0.92041,2016,4,United Kingdom of Great Britain and Northern Ireland,HUMAN_OBSERVATION
52.339795,-0.92041,2016,9,United Kingdom of Great Britain and Northern Ireland,HUMAN_OBSERVATION
52.340296,-8.856661,2018,7,Ireland,HUMAN_OBSERVATION
52.340296,-8.856661,2017,8,Ireland,HUMAN_OBSERVATION
52.340334,-8.596722,2018,7,Ireland,HUMAN_OBSERVATION
52.342031,-3.054938,2018,4,United Kingdom of Great Britain and Northern Ireland,HUMAN_OBSERVATION
52.342605,-9.697075,2017,8,Ireland,HUMAN_OBSERVATION
52.342742,-7.740056,2017,8,Ireland,HUMAN_OBSERVATION
52.346215,-6.735993,2017,9,Ireland,HUMAN_OBSERVATION
52.346731,-1.595527,2016,4,United Kingdom of Great Britain and Northern Ireland,HUMAN_OBSERVATION
52.346731,-1.595527,2016,10,United Kingdom of Great Britain and Northern Ireland,HUMAN_OBSERVATION
52.346998,-7.905546,2017,8,Ireland,HUMAN_OBSERVATION
52.347315,-7.433725,2017,8,Ireland,HUMAN_OBSERVATION
52.35,4.55,2022,5,Netherlands,HUMAN_OBSERVATION
52.35,4.55,2022,5,Netherlands,HUMAN_OBSERVATION
52.35,4.55,2020,3,Netherlands,HUMAN_OBSERVATION
52.35,4.9,2019,9,Netherlands,HUMAN_OBSERVATION
52.35,4.95,2024,6,Netherlands,HUMAN_OBSERVATION
52.35,5.2,2022,9,Netherlands,HUMAN_OBSERVATION
52.35,5.2,2019,10,Netherlands,HUMAN_OBSERVATION
52.35,5.65,2019,4,Netherlands,HUMAN_OBSERVATION
52.35,5.65,2019,4,Netherlands,HUMAN_OBSERVATION
52.35,5.7,2019,2,Netherlands,HUMAN_OBSERVATION
52.351021,7.63368,2024,10,Germany,HUMAN_OBSERVATION
52.351623,7.633146,2022,10,Germany,HUMAN_OBSERVATION
52.35165,7.633233,2024,9,Germany,HUMAN_OBSERVATION
52.351713,7.633532,2024,10,Germany,HUMAN_OBSERVATION
52.351718,7.633919,2022,3,Germany,HUMAN_OBSERVATION
52.35172,7.632845,2024,8,Germany,HUMAN_OBSERVATION
52.351739,7.633528,2022,7,Germany,HUMAN_OBSERVATION
52.351763,7.633308,2022,10,Germany,HUMAN_OBSERVATION
52.351773,7.633354,2022,10,Germany,HUMAN_OBSERVATION
52.351775,7.633358,2024,10,Germany,HUMAN_OBSERVATION
52.351776,7.633368,2024,8,Germany,HUMAN_OBSERVATION
52.351794,7.633338,2022,10,Germany,HUMAN_OBSERVATION
52.351794,7.633338,2022,10,Germany,HUMAN_OBSERVATION
52.351794,7.633338,2022,10,Germany,HUMAN_OBSERVATION
52.351795,7.633262,2024,7,Germany,HUMAN_OBSERVATION
52.351806,7.633411,2024,8,Germany,HUMAN_OBSERVATION
52.351817,-7.484658,2017,8,Ireland,HUMAN_OBSERVATION
52.351822,7.633325,2022,10,Germany,HUMAN_OBSERVATION
52.351824,7.633375,2022,10,Germany,HUMAN_OBSERVATION
52.351826,7.633285,2022,10,Germany,HUMAN_OBSERVATION
52.35183,7.633483,2023,8,Germany,HUMAN_OBSERVATION
52.351889,7.633346,2024,6,Germany,HUMAN_OBSERVATION
52.351889,7.633346,2024,6,Germany,HUMAN_OBSERVATION
52.35213,-9.326286,2017,8,Ireland,HUMAN_OBSERVATION
52.352519,-9.667134,2017,8,Ireland,HUMAN_OBSERVATION
52.353794,-9.341238,2017,8,Ireland,HUMAN_OBSERVATION
52.354992,-9.836147,2023,10,Ireland,HUMAN_OBSERVATION
52.356831,7.626682,2024,10,Germany,HUMAN_OBSERVATION
52.356879,-7.649901,2017,8,Ireland,HUMAN_OBSERVATION
52.358779,-6.8247,2017,10,Ireland,HUMAN_OBSERVATION
52.359144,-2.878677,2016,4,United Kingdom of Great Britain and Northern Ireland,HUMAN_OBSERVATION
52.359436,-2.878801,2016,4,United Kingdom of Great Britain and Northern Ireland,HUMAN_OBSERVATION
52.359436,-2.878801,2016,9,United Kingdom of Great Britain and Northern Ireland,HUMAN_OBSERVATION
52.359765,-7.640968,2017,8,Ireland,HUMAN_OBSERVATION
52.360229,-7.580637,2017,8,Ireland,HUMAN_OBSERVATION
52.360335,-2.878819,2016,7,United Kingdom of Great Britain and Northern Ireland,HUMAN_OBSERVATION
52.360335,-2.878819,2016,10,United Kingdom of Great Britain and Northern Ireland,HUMAN_OBSERVATION
52.360994,-1.561622,2016,4,United Kingdom of Great Britain and Northern Ireland,HUMAN_OBSERVATION
52.360994,-1.561622,2016,10,United Kingdom of Great Britain and Northern Ireland,HUMAN_OBSERVATION
52.361229,-8.877995,2018,7,Ireland,HUMAN_OBSERVATION
52.361229,-8.877995,2017,8,Ireland,HUMAN_OBSERVATION
52.361742,7.618014,2022,10,Germany,HUMAN_OBSERVATION
52.362286,-8.999486,2017,8,Ireland,HUMAN_OBSERVATION
52.362356,11.040017,2020,,Germany,HUMAN_OBSERVATION
52.362416,-0.592364,2016,4,United Kingdom of Great Britain and Northern Ireland,HUMAN_OBSERVATION
52.362416,-0.592364,2016,9,United Kingdom of Great Britain and Northern Ireland,HUMAN_OBSERVATION
52.364487,-2.06237,2016,2,United Kingdom of Great Britain and Northern Ireland,HUMAN_OBSERVATION
52.36451,-2.306226,2021,2,United Kingdom of Great Britain and Northern Ireland,HUMAN_OBSERVATION
52.365459,-9.003629,2017,8,Ireland,HUMAN_OBSERVATION
52.365477,-3.096561,2018,9,United Kingdom of Great Britain and Northern Ireland,HUMAN_OBSERVATION
52.365875,-7.178846,2017,8,Ireland,HUMAN_OBSERVATION
52.369157,0.981156,2016,4,United Kingdom of Great Britain and Northern Ireland,HUMAN_OBSERVATION
52.369157,0.981156,2016,10,United Kingdom of Great Britain and Northern Ireland,HUMAN_OBSERVATION
52.369473,-9.647109,2017,8,Ireland,HUMAN_OBSERVATION
52.372177,-2.723355,2016,5,United Kingdom of Great Britain and Northern Ireland,HUMAN_OBSERVATION
52.372177,-2.723355,2016,9,United Kingdom of Great Britain and Northern Ireland,HUMAN_OBSERVATION
52.372325,-2.25186,2016,5,United Kingdom of Great Britain and Northern Ireland,HUMAN_OBSERVATION
52.372325,-2.25186,2016,10,United Kingdom of Great Britain and Northern Ireland,HUMAN_OBSERVATION
52.373203,-8.491141,2017,9,Ireland,HUMAN_OBSERVATION
52.373338,-8.523594,2017,9,Ireland,HUMAN_OBSERVATION
52.374208,-2.310553,2016,6,United Kingdom of Great Britain and Northern Ireland,HUMAN_OBSERVATION
52.379271,-2.348857,2016,8,United Kingdom of Great Britain and Northern Ireland,HUMAN_OBSERVATION
52.379601,-0.762241,2016,8,United Kingdom of Great Britain and Northern Ireland,HUMAN_OBSERVATION
52.379601,-0.762241,2016,10,United Kingdom of Great Britain and Northern Ireland,HUMAN_OBSERVATION
52.379632,-0.765179,2016,8,United Kingdom of Great Britain and Northern Ireland,HUMAN_OBSERVATION
52.379632,-0.765179,2016,10,United Kingdom of Great Britain and Northern Ireland,HUMAN_OBSERVATION
52.382353,-9.449284,2017,8,Ireland,HUMAN_OBSERVATION
52.382728,-6.763576,2017,9,Ireland,HUMAN_OBSERVATION
52.383839,-1.271958,2016,9,United Kingdom of Great Britain and Northern Ireland,HUMAN_OBSERVATION
52.383839,-1.271958,2016,9,United Kingdom of Great Britain and Northern Ireland,HUMAN_OBSERVATION
52.384695,-2.338615,2016,5,United Kingdom of Great Britain and Northern Ireland,HUMAN_OBSERVATION
52.384695,-2.338615,2016,10,United Kingdom of Great Britain and Northern Ireland,HUMAN_OBSERVATION
52.384736,-2.323923,2016,5,United Kingdom of Great Britain and Northern Ireland,HUMAN_OBSERVATION
52.384736,-2.323923,2016,8,United Kingdom of Great Britain and Northern Ireland,HUMAN_OBSERVATION
52.384736,-2.323923,2016,9,United Kingdom of Great Britain and Northern Ireland,HUMAN_OBSERVATION
52.384931,-9.109959,2017,8,Ireland,HUMAN_OBSERVATION
52.385954,-8.806357,2017,8,Ireland,HUMAN_OBSERVATION
52.386326,-2.889621,2016,7,United Kingdom of Great Britain and Northern Ireland,HUMAN_OBSERVATION
52.386326,-2.889621,2016,10,United Kingdom of Great Britain and Northern Ireland,HUMAN_OBSERVATION
52.386605,-9.232901,2017,8,Ireland,HUMAN_OBSERVATION
52.387382,-1.016229,2016,11,United Kingdom of Great Britain and Northern Ireland,HUMAN_OBSERVATION
52.387924,-7.912319,2017,8,Ireland,HUMAN_OBSERVATION
52.388108,-2.763289,2016,4,United Kingdom of Great Britain and Northern Ireland,HUMAN_OBSERVATION
52.388252,-1.258661,2016,9,United Kingdom of Great Britain and Northern Ireland,HUMAN_OBSERVATION
52.388342,-9.834989,2023,10,Ireland,HUMAN_OBSERVATION
52.388544,-9.302632,2017,8,Ireland,HUMAN_OBSERVATION
52.388579,-4.076106,2023,5,United Kingdom of Great Britain and Northern Ireland,HUMAN_OBSERVATION
52.389142,-2.354813,2022,6,United Kingdom of Great Britain and Northern Ireland,HUMAN_OBSERVATION
52.389412,-9.302016,2017,8,Ireland,HUMAN_OBSERVATION
52.390546,-8.940043,2018,7,Ireland,HUMAN_OBSERVATION
52.390546,-8.940043,2017,8,Ireland,HUMAN_OBSERVATION
52.391856,-1.26007,2016,9,United Kingdom of Great Britain and Northern Ireland,HUMAN_OBSERVATION
52.392421,-6.360857,2022,6,Ireland,HUMAN_OBSERVATION
52.393319,-1.551015,2016,10,United Kingdom of Great Britain and Northern Ireland,HUMAN_OBSERVATION
52.393646,-2.35191,2022,6,United Kingdom of Great Britain and Northern Ireland,HUMAN_OBSERVATION
52.394398,-3.327355,2021,10,United Kingdom of Great Britain and Northern Ireland,HUMAN_OBSERVATION
52.394398,-3.327355,2017,5,United Kingdom of Great Britain and Northern Ireland,HUMAN_OBSERVATION
52.394558,-2.347508,2022,4,United Kingdom of Great Britain and Northern Ireland,HUMAN_OBSERVATION
52.394673,-2.357267,2018,5,United Kingdom of Great Britain and Northern Ireland,HUMAN_OBSERVATION
52.394868,-1.171843,2016,3,United Kingdom of Great Britain and Northern Ireland,HUMAN_OBSERVATION
52.395622,-6.644145,2016,7,Ireland,HUMAN_OBSERVATION
52.396899,-8.660805,2017,9,Ireland,HUMAN_OBSERVATION
52.398044,-6.478371,2016,7,Ireland,HUMAN_OBSERVATION
52.398616,-9.302725,2017,8,Ireland,HUMAN_OBSERVATION
52.399184,-7.909512,2017,8,Ireland,HUMAN_OBSERVATION
52.4,4.55,2024,6,Netherlands,HUMAN_OBSERVATION
52.4,4.55,2024,8,Netherlands,HUMAN_OBSERVATION
52.4,4.55,2023,10,Netherlands,HUMAN_OBSERVATION
52.4,4.55,2022,6,Netherlands,HUMAN_OBSERVATION
52.4,4.55,2021,3,Netherlands,HUMAN_OBSERVATION
52.4,4.55,2021,6,Netherlands,HUMAN_OBSERVATION
52.4,4.55,2021,6,Netherlands,HUMAN_OBSERVATION
52.4,4.55,2021,7,Netherlands,HUMAN_OBSERVATION
52.4,4.6,2022,4,Netherlands,HUMAN_OBSERVATION
52.4,4.6,2020,4,Netherlands,HUMAN_OBSERVATION
52.4,4.6,2020,4,Netherlands,HUMAN_OBSERVATION
52.4,4.6,2020,4,Netherlands,HUMAN_OBSERVATION
52.4,4.6,2020,4,Netherlands,HUMAN_OBSERVATION
52.4,4.6,2020,4,Netherlands,HUMAN_OBSERVATION
52.4,4.6,2020,4,Netherlands,HUMAN_OBSERVATION
52.4,4.6,2020,5,Netherlands,HUMAN_OBSERVATION
52.4,4.6,2020,10,Netherlands,HUMAN_OBSERVATION
52.4,4.65,2022,9,Netherlands,HUMAN_OBSERVATION
52.4,4.65,2020,11,Netherlands,HUMAN_OBSERVATION
52.4,4.7,2022,5,Netherlands,HUMAN_OBSERVATION
52.4,4.7,2021,9,Netherlands,HUMAN_OBSERVATION
52.4,4.7,2020,5,Netherlands,HUMAN_OBSERVATION
52.4,4.7,2019,11,Netherlands,HUMAN_OBSERVATION
52.4,4.75,2017,11,Netherlands,HUMAN_OBSERVATION
52.4,4.85,2018,6,Netherlands,HUMAN_OBSERVATION
52.4,4.85,2018,6,Netherlands,HUMAN_OBSERVATION
52.4,4.85,2018,6,Netherlands,HUMAN_OBSERVATION
52.4,4.85,2018,6,Netherlands,HUMAN_OBSERVATION
52.4,4.9,2024,6,Netherlands,HUMAN_OBSERVATION
52.4,5.9,2023,7,Netherlands,HUMAN_OBSERVATION
52.400286,-1.495093,2016,3,United Kingdom of Great Britain and Northern Ireland,HUMAN_OBSERVATION
52.400293,-2.200577,2016,3,United Kingdom of Great Britain and Northern Ireland,HUMAN_OBSERVATION
52.400293,-2.200577,2016,10,United Kingdom of Great Britain and Northern Ireland,HUMAN_OBSERVATION
52.400683,-0.801338,2016,8,United Kingdom of Great Britain and Northern Ireland,HUMAN_OBSERVATION
52.400813,-7.23854,2017,8,Ireland,HUMAN_OBSERVATION
52.401246,-8.277817,2017,8,Ireland,HUMAN_OBSERVATION
52.403607,-7.635957,2017,9,Ireland,HUMAN_OBSERVATION
52.404068,-9.001192,2017,8,Ireland,HUMAN_OBSERVATION
52.404453,-8.378084,2017,9,Ireland,HUMAN_OBSERVATION
52.404956,-1.972762,2016,5,United Kingdom of Great Britain and Northern Ireland,HUMAN_OBSERVATION
52.405253,-8.992271,2018,7,Ireland,HUMAN_OBSERVATION
52.405253,-8.992271,2017,8,Ireland,HUMAN_OBSERVATION
52.405324,-6.571493,2016,7,Ireland,HUMAN_OBSERVATION
52.406061,-8.578268,2017,9,Ireland,HUMAN_OBSERVATION
52.406475,-2.345618,2021,8,United Kingdom of Great Britain and Northern Ireland,HUMAN_OBSERVATION
52.407,4.835,2020,1,Netherlands,HUMAN_OBSERVATION
52.40765,-1.963941,2016,5,United Kingdom of Great Britain and Northern Ireland,HUMAN_OBSERVATION
52.408394,-0.764376,2016,8,United Kingdom of Great Britain and Northern Ireland,HUMAN_OBSERVATION
52.40864,-8.438851,2017,9,Ireland,HUMAN_OBSERVATION
52.409511,-3.62798,2017,5,United Kingdom of Great Britain and Northern Ireland,HUMAN_OBSERVATION
52.411363,-3.838934,2016,5,United Kingdom of Great Britain and Northern Ireland,HUMAN_OBSERVATION
52.413012,-0.692204,2016,4,United Kingdom of Great Britain and Northern Ireland,HUMAN_OBSERVATION
52.415637,-2.16095,2016,5,United Kingdom of Great Britain and Northern Ireland,HUMAN_OBSERVATION
52.415637,-2.16095,2016,10,United Kingdom of Great Britain and Northern Ireland,HUMAN_OBSERVATION
52.416075,-8.009832,2017,8,Ireland,HUMAN_OBSERVATION
52.416213,-8.072168,2017,8,Ireland,HUMAN_OBSERVATION
52.416234,-6.480418,2016,7,Ireland,HUMAN_OBSERVATION
52.41715,-7.975245,2017,8,Ireland,HUMAN_OBSERVATION
52.418479,-1.547819,2016,4,United Kingdom of Great Britain and Northern Ireland,HUMAN_OBSERVATION
52.418479,-1.547819,2016,10,United Kingdom of Great Britain and Northern Ireland,HUMAN_OBSERVATION
52.419041,-2.26683,2016,4,United Kingdom of Great Britain and Northern Ireland,HUMAN_OBSERVATION
52.419041,-2.26683,2016,10,United Kingdom of Great Britain and Northern Ireland,HUMAN_OBSERVATION
52.420123,-8.164811,2017,8,Ireland,HUMAN_OBSERVATION
52.420607,-2.355065,2018,4,United Kingdom of Great Britain and Northern Ireland,HUMAN_OBSERVATION
52.42184,-1.052226,2016,3,United Kingdom of Great Britain and Northern Ireland,HUMAN_OBSERVATION
52.42203,1.356901,2016,9,United Kingdom of Great Britain and Northern Ireland,HUMAN_OBSERVATION
52.422473,-1.431608,2016,3,United Kingdom of Great Britain and Northern Ireland,HUMAN_OBSERVATION
52.422473,-1.431608,2016,9,United Kingdom of Great Britain and Northern Ireland,HUMAN_OBSERVATION
52.423238,-9.248884,2017,8,Ireland,HUMAN_OBSERVATION
52.423664,-8.662163,2017,9,Ireland,HUMAN_OBSERVATION
52.424502,-6.581605,2016,7,Ireland,HUMAN_OBSERVATION
52.424615,-2.937451,2016,7,United Kingdom of Great Britain and Northern Ireland,HUMAN_OBSERVATION
52.424615,-2.937451,2016,10,United Kingdom of Great Britain and Northern Ireland,HUMAN_OBSERVATION
52.426127,-9.002324,2017,8,Ireland,HUMAN_OBSERVATION
52.426906,9.963814,2020,,Germany,HUMAN_OBSERVATION
52.427259,-2.503656,2016,4,United Kingdom of Great Britain and Northern Ireland,HUMAN_OBSERVATION
52.427259,-2.503656,2016,9,United Kingdom of Great Britain and Northern Ireland,HUMAN_OBSERVATION
52.428003,-7.391493,2017,9,Ireland,HUMAN_OBSERVATION
52.429794,-9.010124,2017,8,Ireland,HUMAN_OBSERVATION
52.430083,-3.545558,2023,4,United Kingdom of Great Britain and Northern Ireland,HUMAN_OBSERVATION
52.430083,-3.545558,2023,4,United Kingdom of Great Britain and Northern Ireland,HUMAN_OBSERVATION
52.430083,-3.545558,2023,6,United Kingdom of Great Britain and Northern Ireland,HUMAN_OBSERVATION
52.430083,-3.545558,2023,10,United Kingdom of Great Britain and Northern Ireland,HUMAN_OBSERVATION
52.430083,-3.545558,2022,6,United Kingdom of Great Britain and Northern Ireland,HUMAN_OBSERVATION
52.430083,-3.545558,2020,8,United Kingdom of Great Britain and Northern Ireland,HUMAN_OBSERVATION
52.430083,-3.545558,2019,4,United Kingdom of Great Britain and Northern Ireland,HUMAN_OBSERVATION
52.430083,-3.545558,2019,10,United Kingdom of Great Britain and Northern Ireland,HUMAN_OBSERVATION
52.430083,-3.545558,2019,10,United Kingdom of Great Britain and Northern Ireland,HUMAN_OBSERVATION
52.430083,-3.545558,2018,4,United Kingdom of Great Britain and Northern Ireland,HUMAN_OBSERVATION
52.430083,-3.545558,2018,4,United Kingdom of Great Britain and Northern Ireland,HUMAN_OBSERVATION
52.430083,-3.545558,2018,9,United Kingdom of Great Britain and Northern Ireland,HUMAN_OBSERVATION
52.430083,-3.545558,2017,4,United Kingdom of Great Britain and Northern Ireland,HUMAN_OBSERVATION
52.430083,-3.545558,2017,9,United Kingdom of Great Britain and Northern Ireland,HUMAN_OBSERVATION
52.430162,-7.648939,2017,7,Ireland,HUMAN_OBSERVATION
52.430636,-9.54193,2017,8,Ireland,HUMAN_OBSERVATION
52.43088,-2.497814,2016,4,United Kingdom of Great Britain and Northern Ireland,HUMAN_OBSERVATION
52.43088,-2.497814,2016,9,United Kingdom of Great Britain and Northern Ireland,HUMAN_OBSERVATION
52.432866,0.878049,2016,10,United Kingdom of Great Britain and Northern Ireland,HUMAN_OBSERVATION
52.434029,-2.752315,2016,5,United Kingdom of Great Britain and Northern Ireland,HUMAN_OBSERVATION
52.434029,-2.752315,2016,10,United Kingdom of Great Britain and Northern Ireland,HUMAN_OBSERVATION
52.434034,-9.4336,2017,8,Ireland,HUMAN_OBSERVATION
52.434116,-0.818082,2016,5,United Kingdom of Great Britain and Northern Ireland,HUMAN_OBSERVATION
52.434163,-4.066581,2019,5,United Kingdom of Great Britain and Northern Ireland,HUMAN_OBSERVATION
52.434163,-4.066581,2019,9,United Kingdom of Great Britain and Northern Ireland,HUMAN_OBSERVATION
52.434986,-0.815117,2016,5,United Kingdom of Great Britain and Northern Ireland,HUMAN_OBSERVATION
52.435373,-0.765092,2016,9,United Kingdom of Great Britain and Northern Ireland,HUMAN_OBSERVATION
52.43584,-0.810681,2016,6,United Kingdom of Great Britain and Northern Ireland,HUMAN_OBSERVATION
52.436315,-0.68563,2016,4,United Kingdom of Great Britain and Northern Ireland,HUMAN_OBSERVATION
52.436315,-0.68563,2016,9,United Kingdom of Great Britain and Northern Ireland,HUMAN_OBSERVATION
52.436644,-1.234313,2016,5,United Kingdom of Great Britain and Northern Ireland,HUMAN_OBSERVATION
52.436659,-7.638009,2017,7,Ireland,HUMAN_OBSERVATION
52.437055,-7.987926,2017,8,Ireland,HUMAN_OBSERVATION
52.437519,-0.798867,2016,5,United Kingdom of Great Britain and Northern Ireland,HUMAN_OBSERVATION
52.439268,-9.406639,2017,8,Ireland,HUMAN_OBSERVATION
52.439568,-8.037547,2017,8,Ireland,HUMAN_OBSERVATION
52.441213,-9.478111,2017,8,Ireland,HUMAN_OBSERVATION
52.441721,-9.030437,2017,8,Ireland,HUMAN_OBSERVATION
52.442352,-8.492796,2017,9,Ireland,HUMAN_OBSERVATION
52.442703,-3.55471,2018,4,United Kingdom of Great Britain and Northern Ireland,HUMAN_OBSERVATION
52.442703,-3.55471,2018,9,United Kingdom of Great Britain and Northern Ireland,HUMAN_OBSERVATION
52.443884,-0.49119,2016,5,United Kingdom of Great Britain and Northern Ireland,HUMAN_OBSERVATION
52.443884,-0.49119,2016,10,United Kingdom of Great Britain and Northern Ireland,HUMAN_OBSERVATION
52.444453,-9.497917,2017,8,Ireland,HUMAN_OBSERVATION
52.44494,-6.33978,2017,8,Ireland,HUMAN_OBSERVATION
52.445036,-2.717192,2016,5,United Kingdom of Great Britain and Northern Ireland,HUMAN_OBSERVATION
52.445036,-2.717192,2016,10,United Kingdom of Great Britain and Northern Ireland,HUMAN_OBSERVATION
52.445546,-8.675516,2017,7,Ireland,HUMAN_OBSERVATION
52.448381,-9.047693,2017,8,Ireland,HUMAN_OBSERVATION
52.448387,13.23011,2018,10,Germany,HUMAN_OBSERVATION
52.448772,-6.692357,2016,7,Ireland,HUMAN_OBSERVATION
52.45,4.55,2022,12,Netherlands,HUMAN_OBSERVATION
52.45,4.55,2022,12,Netherlands,HUMAN_OBSERVATION
52.45,4.55,2018,7,Netherlands,HUMAN_OBSERVATION
52.45,4.55,2018,8,Netherlands,HUMAN_OBSERVATION
52.45,4.55,2018,8,Netherlands,HUMAN_OBSERVATION
52.45,4.6,2023,2,Netherlands,HUMAN_OBSERVATION
52.45,4.6,2020,9,Netherlands,HUMAN_OBSERVATION
52.45,4.6,2016,10,Netherlands,HUMAN_OBSERVATION
52.45,4.65,2021,8,Netherlands,HUMAN_OBSERVATION
52.45,4.8,2022,8,Netherlands,HUMAN_OBSERVATION
52.45,4.8,2022,8,Netherlands,HUMAN_OBSERVATION
52.45,5,2021,7,Netherlands,HUMAN_OBSERVATION
52.45,6.1,2020,8,Netherlands,HUMAN_OBSERVATION
52.450264,-2.358247,2017,,United Kingdom of Great Britain and Northern Ireland,HUMAN_OBSERVATION
52.450489,-2.358322,2017,10,United Kingdom of Great Britain and Northern Ireland,HUMAN_OBSERVATION
52.450558,-9.556918,2017,8,Ireland,HUMAN_OBSERVATION
52.451519,-8.67144,2017,7,Ireland,HUMAN_OBSERVATION
52.451702,-1.200208,2016,4,United Kingdom of Great Britain and Northern Ireland,HUMAN_OBSERVATION
52.451702,-1.200208,2016,9,United Kingdom of Great Britain and Northern Ireland,HUMAN_OBSERVATION
52.452768,4.561822,2024,3,Netherlands,HUMAN_OBSERVATION
52.454044,-6.486184,2016,7,Ireland,HUMAN_OBSERVATION
52.455446,13.188533,2024,11,Germany,HUMAN_OBSERVATION
52.455525,-3.477483,2021,5,United Kingdom of Great Britain and Northern Ireland,HUMAN_OBSERVATION
52.455525,-3.477483,2016,5,United Kingdom of Great Britain and Northern Ireland,HUMAN_OBSERVATION
52.455525,-3.477483,2016,9,United Kingdom of Great Britain and Northern Ireland,HUMAN_OBSERVATION
52.45585,13.188581,2024,11,Germany,HUMAN_OBSERVATION
52.455855,13.188487,2024,11,Germany,HUMAN_OBSERVATION
52.455897,13.188602,2024,11,Germany,HUMAN_OBSERVATION
52.455899,13.188548,2024,11,Germany,HUMAN_OBSERVATION
52.45603,13.188582,2024,10,Germany,HUMAN_OBSERVATION
52.456063,13.188591,2024,10,Germany,HUMAN_OBSERVATION
52.456068,13.188588,2024,10,Germany,HUMAN_OBSERVATION
52.456069,13.188636,2024,10,Germany,HUMAN_OBSERVATION
52.456607,-7.66679,2017,7,Ireland,HUMAN_OBSERVATION
52.456613,-8.11169,2017,8,Ireland,HUMAN_OBSERVATION
52.456972,-3.553991,2023,4,United Kingdom of Great Britain and Northern Ireland,HUMAN_OBSERVATION
52.456972,-3.553991,2022,5,United Kingdom of Great Britain and Northern Ireland,HUMAN_OBSERVATION
52.456972,-3.553991,2022,7,United Kingdom of Great Britain and Northern Ireland,HUMAN_OBSERVATION
52.456972,-3.553991,2022,9,United Kingdom of Great Britain and Northern Ireland,HUMAN_OBSERVATION
52.456972,-3.553991,2021,6,United Kingdom of Great Britain and Northern Ireland,HUMAN_OBSERVATION
52.456972,-3.553991,2019,4,United Kingdom of Great Britain and Northern Ireland,HUMAN_OBSERVATION
52.456972,-3.553991,2019,10,United Kingdom of Great Britain and Northern Ireland,HUMAN_OBSERVATION
52.456972,-3.553991,2018,4,United Kingdom of Great Britain and Northern Ireland,HUMAN_OBSERVATION
52.456972,-3.553991,2018,9,United Kingdom of Great Britain and Northern Ireland,HUMAN_OBSERVATION
52.456972,-3.553991,2016,5,United Kingdom of Great Britain and Northern Ireland,HUMAN_OBSERVATION
52.456972,-3.553991,2016,9,United Kingdom of Great Britain and Northern Ireland,HUMAN_OBSERVATION
52.458161,13.189227,2024,11,Germany,HUMAN_OBSERVATION
52.458188,13.189249,2024,11,Germany,HUMAN_OBSERVATION
52.458411,-3.454281,2018,4,United Kingdom of Great Britain and Northern Ireland,HUMAN_OBSERVATION
52.459129,-7.996881,2017,7,Ireland,HUMAN_OBSERVATION
52.459389,-1.0264,2016,3,United Kingdom of Great Britain and Northern Ireland,HUMAN_OBSERVATION
52.459389,-1.0264,2016,10,United Kingdom of Great Britain and Northern Ireland,HUMAN_OBSERVATION
52.462099,-6.613825,2016,7,Ireland,HUMAN_OBSERVATION
52.462106,-8.224128,2017,8,Ireland,HUMAN_OBSERVATION
52.462179,-2.84405,2016,4,United Kingdom of Great Britain and Northern Ireland,HUMAN_OBSERVATION
52.462179,-2.84405,2016,10,United Kingdom of Great Britain and Northern Ireland,HUMAN_OBSERVATION
52.462528,-9.018431,2017,8,Ireland,HUMAN_OBSERVATION
52.463076,-2.707182,2016,5,United Kingdom of Great Britain and Northern Ireland,HUMAN_OBSERVATION
52.463076,-2.707182,2016,10,United Kingdom of Great Britain and Northern Ireland,HUMAN_OBSERVATION
52.464136,-0.458113,2016,8,United Kingdom of Great Britain and Northern Ireland,HUMAN_OBSERVATION
52.465011,-1.494353,2016,3,United Kingdom of Great Britain and Northern Ireland,HUMAN_OBSERVATION
52.465016,-0.456611,2016,4,United Kingdom of Great Britain and Northern Ireland,HUMAN_OBSERVATION
52.465016,-0.456611,2016,8,United Kingdom of Great Britain and Northern Ireland,HUMAN_OBSERVATION
52.465016,-0.456611,2016,10,United Kingdom of Great Britain and Northern Ireland,HUMAN_OBSERVATION
52.465051,-2.819082,2016,5,United Kingdom of Great Britain and Northern Ireland,HUMAN_OBSERVATION
52.465051,-2.819082,2016,10,United Kingdom of Great Britain and Northern Ireland,HUMAN_OBSERVATION
52.466581,-1.14253,2016,5,United Kingdom of Great Britain and Northern Ireland,HUMAN_OBSERVATION
52.466752,-7.32559,2016,7,Ireland,HUMAN_OBSERVATION
52.467616,-2.526197,2016,4,United Kingdom of Great Britain and Northern Ireland,HUMAN_OBSERVATION
52.467616,-2.526197,2016,10,United Kingdom of Great Britain and Northern Ireland,HUMAN_OBSERVATION
52.467875,-8.39882,2017,9,Ireland,HUMAN_OBSERVATION
52.468304,-8.511942,2017,9,Ireland,HUMAN_OBSERVATION
52.470076,-7.538852,2017,7,Ireland,HUMAN_OBSERVATION
52.47136,-2.171458,2016,4,United Kingdom of Great Britain and Northern Ireland,HUMAN_OBSERVATION
52.471538,-0.974605,2016,4,United Kingdom of Great Britain and Northern Ireland,HUMAN_OBSERVATION
52.471538,-0.974605,2016,9,United Kingdom of Great Britain and Northern Ireland,HUMAN_OBSERVATION
52.471858,-0.909821,2016,3,United Kingdom of Great Britain and Northern Ireland,HUMAN_OBSERVATION
52.471858,-0.909821,2016,10,United Kingdom of Great Britain and Northern Ireland,HUMAN_OBSERVATION
52.471877,-9.314481,2017,8,Ireland,HUMAN_OBSERVATION
52.472953,-9.289269,2017,8,Ireland,HUMAN_OBSERVATION
52.473658,-4.025819,2023,5,United Kingdom of Great Britain and Northern Ireland,HUMAN_OBSERVATION
52.473658,-4.025819,2022,10,United Kingdom of Great Britain and Northern Ireland,HUMAN_OBSERVATION
52.473658,-4.025819,2021,4,United Kingdom of Great Britain and Northern Ireland,HUMAN_OBSERVATION
52.473658,-4.025819,2021,10,United Kingdom of Great Britain and Northern Ireland,HUMAN_OBSERVATION
52.473658,-4.025819,2021,10,United Kingdom of Great Britain and Northern Ireland,HUMAN_OBSERVATION
52.473658,-4.025819,2020,11,United Kingdom of Great Britain and Northern Ireland,HUMAN_OBSERVATION
52.473658,-4.025819,2018,5,United Kingdom of Great Britain and Northern Ireland,HUMAN_OBSERVATION
52.473658,-4.025819,2018,9,United Kingdom of Great Britain and Northern Ireland,HUMAN_OBSERVATION
52.473658,-4.025819,2017,11,United Kingdom of Great Britain and Northern Ireland,HUMAN_OBSERVATION
52.473658,-4.025819,2016,10,United Kingdom of Great Britain and Northern Ireland,HUMAN_OBSERVATION
52.476734,-9.50395,2017,8,Ireland,HUMAN_OBSERVATION
52.477257,-9.370098,2017,8,Ireland,HUMAN_OBSERVATION
52.47774,-2.65883,2016,5,United Kingdom of Great Britain and Northern Ireland,HUMAN_OBSERVATION
52.477775,-7.707175,2017,7,Ireland,HUMAN_OBSERVATION
52.478073,-7.676849,2017,7,Ireland,HUMAN_OBSERVATION
52.478074,-3.94045,2018,5,United Kingdom of Great Britain and Northern Ireland,HUMAN_OBSERVATION
52.478074,-3.94045,2018,10,United Kingdom of Great Britain and Northern Ireland,HUMAN_OBSERVATION
52.478468,-0.910026,2021,3,United Kingdom of Great Britain and Northern Ireland,HUMAN_OBSERVATION
52.478468,-0.910026,2021,3,United Kingdom of Great Britain and Northern Ireland,HUMAN_OBSERVATION
52.479266,-8.68455,2017,7,Ireland,HUMAN_OBSERVATION
52.479813,-3.003412,2016,7,United Kingdom of Great Britain and Northern Ireland,HUMAN_OBSERVATION
52.480065,-8.566994,2017,9,Ireland,HUMAN_OBSERVATION
52.48038,-1.514791,2016,5,United Kingdom of Great Britain and Northern Ireland,HUMAN_OBSERVATION
52.480999,-3.971269,2022,10,United Kingdom of Great Britain and Northern Ireland,HUMAN_OBSERVATION
52.486797,-7.514706,2017,7,Ireland,HUMAN_OBSERVATION
52.487386,-8.854868,2017,9,Ireland,HUMAN_OBSERVATION
52.4879,-0.716494,2016,7,United Kingdom of Great Britain and Northern Ireland,HUMAN_OBSERVATION
52.487914,-0.896169,2016,4,United Kingdom of Great Britain and Northern Ireland,HUMAN_OBSERVATION
52.488344,-0.675243,2016,3,United Kingdom of Great Britain and Northern Ireland,HUMAN_OBSERVATION
52.488344,-0.675243,2016,9,United Kingdom of Great Britain and Northern Ireland,HUMAN_OBSERVATION
52.488349,-2.226014,2016,3,United Kingdom of Great Britain and Northern Ireland,HUMAN_OBSERVATION
52.488578,-9.407574,2017,8,Ireland,HUMAN_OBSERVATION
52.489316,-3.977194,2018,5,United Kingdom of Great Britain and Northern Ireland,HUMAN_OBSERVATION
52.489316,-3.977194,2018,10,United Kingdom of Great Britain and Northern Ireland,HUMAN_OBSERVATION
52.49229,-8.457246,2017,9,Ireland,HUMAN_OBSERVATION
52.493073,-6.572441,2016,7,Ireland,HUMAN_OBSERVATION
52.493615,0.36932,2019,6,United Kingdom of Great Britain and Northern Ireland,HUMAN_OBSERVATION
52.494068,-0.881286,2016,3,United Kingdom of Great Britain and Northern Ireland,HUMAN_OBSERVATION
52.494068,-0.881286,2016,11,United Kingdom of Great Britain and Northern Ireland,HUMAN_OBSERVATION
52.495947,-0.632296,2016,4,United Kingdom of Great Britain and Northern Ireland,HUMAN_OBSERVATION
52.495947,-0.632296,2016,9,United Kingdom of Great Britain and Northern Ireland,HUMAN_OBSERVATION
52.495967,0.980891,2016,5,United Kingdom of Great Britain and Northern Ireland,HUMAN_OBSERVATION
52.495967,0.980891,2016,10,United Kingdom of Great Britain and Northern Ireland,HUMAN_OBSERVATION
52.497018,-7.982081,2017,7,Ireland,HUMAN_OBSERVATION
52.497362,-7.756277,2017,7,Ireland,HUMAN_OBSERVATION
52.5,4.6,2021,1,Netherlands,HUMAN_OBSERVATION
52.5,4.6,2021,1,Netherlands,HUMAN_OBSERVATION
52.5,4.6,2021,1,Netherlands,HUMAN_OBSERVATION
52.5,4.6,2021,2,Netherlands,HUMAN_OBSERVATION
52.5,4.6,2021,3,Netherlands,HUMAN_OBSERVATION
52.5,4.6,2021,3,Netherlands,HUMAN_OBSERVATION
52.5,4.6,2019,6,Netherlands,HUMAN_OBSERVATION
52.5,4.6,2019,6,Netherlands,HUMAN_OBSERVATION
52.5,5,2023,2,Netherlands,HUMAN_OBSERVATION
52.5,5.3,2016,10,Netherlands,HUMAN_OBSERVATION
52.5,5.85,2024,11,Netherlands,HUMAN_OBSERVATION
52.5,6,2019,10,Netherlands,HUMAN_OBSERVATION
52.5,6,2019,10,Netherlands,HUMAN_OBSERVATION
52.5,6,2018,10,Netherlands,HUMAN_OBSERVATION
52.5,6,2018,11,Netherlands,HUMAN_OBSERVATION
52.5,6.5,2023,7,Netherlands,HUMAN_OBSERVATION
52.500569,-7.091464,2016,7,Ireland,HUMAN_OBSERVATION
52.501024,-3.520363,2017,4,United Kingdom of Great Britain and Northern Ireland,HUMAN_OBSERVATION
52.501908,-0.682201,2016,9,United Kingdom of Great Britain and Northern Ireland,HUMAN_OBSERVATION
52.502071,-0.696929,2016,3,United Kingdom of Great Britain and Northern Ireland,HUMAN_OBSERVATION
52.502071,-0.696929,2016,9,United Kingdom of Great Britain and Northern Ireland,HUMAN_OBSERVATION
52.502743,-2.754888,2016,7,United Kingdom of Great Britain and Northern Ireland,HUMAN_OBSERVATION
52.50315,-8.955168,2017,8,Ireland,HUMAN_OBSERVATION
52.503971,-9.445645,2017,8,Ireland,HUMAN_OBSERVATION
52.504465,-3.346212,2019,4,United Kingdom of Great Britain and Northern Ireland,HUMAN_OBSERVATION
52.504465,-3.346212,2019,10,United Kingdom of Great Britain and Northern Ireland,HUMAN_OBSERVATION
52.504465,-3.346212,2016,4,United Kingdom of Great Britain and Northern Ireland,HUMAN_OBSERVATION
52.504465,-3.346212,2016,9,United Kingdom of Great Britain and Northern Ireland,HUMAN_OBSERVATION
52.505206,-8.699623,2017,7,Ireland,HUMAN_OBSERVATION
52.507048,-3.453116,2017,4,United Kingdom of Great Britain and Northern Ireland,HUMAN_OBSERVATION
52.507048,-3.453116,2017,9,United Kingdom of Great Britain and Northern Ireland,HUMAN_OBSERVATION
52.508492,-7.286391,2016,7,Ireland,HUMAN_OBSERVATION
52.510007,-9.680688,2022,3,Ireland,HUMAN_OBSERVATION
52.512678,-8.619395,2017,9,Ireland,HUMAN_OBSERVATION
52.513835,-8.482188,2018,8,Ireland,HUMAN_OBSERVATION
52.514575,-3.427884,2016,4,United Kingdom of Great Britain and Northern Ireland,HUMAN_OBSERVATION
52.514575,-3.427884,2016,9,United Kingdom of Great Britain and Northern Ireland,HUMAN_OBSERVATION
52.515204,-7.991685,2017,7,Ireland,HUMAN_OBSERVATION
52.515466,-6.336851,2017,8,Ireland,HUMAN_OBSERVATION
52.517952,0.662491,2016,5,United Kingdom of Great Britain and Northern Ireland,HUMAN_OBSERVATION
52.517952,0.662491,2016,10,United Kingdom of Great Britain and Northern Ireland,HUMAN_OBSERVATION
52.518576,-8.71792,2017,7,Ireland,HUMAN_OBSERVATION
52.518801,-9.497571,2017,8,Ireland,HUMAN_OBSERVATION
52.519241,-8.021549,2017,7,Ireland,HUMAN_OBSERVATION
52.519394,-7.583008,2017,7,Ireland,HUMAN_OBSERVATION
52.520429,-8.942046,2017,8,Ireland,HUMAN_OBSERVATION
52.521436,-7.933945,2017,8,Ireland,HUMAN_OBSERVATION
52.521946,-8.477379,2018,8,Ireland,HUMAN_OBSERVATION
52.522164,-0.725813,2016,4,United Kingdom of Great Britain and Northern Ireland,HUMAN_OBSERVATION
52.522164,-0.725813,2016,4,United Kingdom of Great Britain and Northern Ireland,HUMAN_OBSERVATION
52.522164,-0.725813,2016,10,United Kingdom of Great Britain and Northern Ireland,HUMAN_OBSERVATION
52.522164,-0.725813,2016,11,United Kingdom of Great Britain and Northern Ireland,HUMAN_OBSERVATION
52.523154,-8.013436,2017,7,Ireland,HUMAN_OBSERVATION
52.52365,-7.137174,2016,7,Ireland,HUMAN_OBSERVATION
52.523855,-7.137022,2016,7,Ireland,HUMAN_OBSERVATION
52.523855,-7.137022,2016,7,Ireland,HUMAN_OBSERVATION
52.52401,-7.661586,2017,7,Ireland,HUMAN_OBSERVATION
52.525393,-1.913732,2016,3,United Kingdom of Great Britain and Northern Ireland,HUMAN_OBSERVATION
52.525393,-1.913732,2016,9,United Kingdom of Great Britain and Northern Ireland,HUMAN_OBSERVATION
52.52687,-8.087855,2017,7,Ireland,HUMAN_OBSERVATION
52.526962,-3.389546,2016,4,United Kingdom of Great Britain and Northern Ireland,HUMAN_OBSERVATION
52.526962,-3.389546,2016,9,United Kingdom of Great Britain and Northern Ireland,HUMAN_OBSERVATION
52.527935,-2.210003,2016,4,United Kingdom of Great Britain and Northern Ireland,HUMAN_OBSERVATION
52.527935,-2.210003,2016,10,United Kingdom of Great Britain and Northern Ireland,HUMAN_OBSERVATION
52.528569,-0.435219,2016,9,United Kingdom of Great Britain and Northern Ireland,HUMAN_OBSERVATION
52.529356,-0.90545,2016,5,United Kingdom of Great Britain and Northern Ireland,HUMAN_OBSERVATION
52.529822,-1.329985,2021,5,United Kingdom of Great Britain and Northern Ireland,HUMAN_OBSERVATION
52.529822,-1.329985,2021,5,United Kingdom of Great Britain and Northern Ireland,HUMAN_OBSERVATION
52.530431,-3.105693,2019,10,United Kingdom of Great Britain and Northern Ireland,HUMAN_OBSERVATION
52.530431,-3.105693,2016,4,United Kingdom of Great Britain and Northern Ireland,HUMAN_OBSERVATION
52.530431,-3.105693,2016,4,United Kingdom of Great Britain and Northern Ireland,HUMAN_OBSERVATION
52.530431,-3.105693,2016,9,United Kingdom of Great Britain and Northern Ireland,HUMAN_OBSERVATION
52.532019,-0.722579,2016,4,United Kingdom of Great Britain and Northern Ireland,HUMAN_OBSERVATION
52.532189,-0.825771,2016,3,United Kingdom of Great Britain and Northern Ireland,HUMAN_OBSERVATION
52.532189,-0.825771,2016,10,United Kingdom of Great Britain and Northern Ireland,HUMAN_OBSERVATION
52.532366,-6.529528,2016,8,Ireland,HUMAN_OBSERVATION
52.532582,-3.26777,2023,4,United Kingdom of Great Britain and Northern Ireland,HUMAN_OBSERVATION
52.532582,-3.26777,2023,7,United Kingdom of Great Britain and Northern Ireland,HUMAN_OBSERVATION
52.532582,-3.26777,2023,10,United Kingdom of Great Britain and Northern Ireland,HUMAN_OBSERVATION
52.532582,-3.26777,2022,4,United Kingdom of Great Britain and Northern Ireland,HUMAN_OBSERVATION
52.532582,-3.26777,2022,6,United Kingdom of Great Britain and Northern Ireland,HUMAN_OBSERVATION
52.532582,-3.26777,2022,6,United Kingdom of Great Britain and Northern Ireland,HUMAN_OBSERVATION
52.532582,-3.26777,2022,10,United Kingdom of Great Britain and Northern Ireland,HUMAN_OBSERVATION
52.532582,-3.26777,2021,3,United Kingdom of Great Britain and Northern Ireland,HUMAN_OBSERVATION
52.532582,-3.26777,2021,7,United Kingdom of Great Britain and Northern Ireland,HUMAN_OBSERVATION
52.532582,-3.26777,2021,9,United Kingdom of Great Britain and Northern Ireland,HUMAN_OBSERVATION
52.532582,-3.26777,2020,8,United Kingdom of Great Britain and Northern Ireland,HUMAN_OBSERVATION
52.532582,-3.26777,2020,10,United Kingdom of Great Britain and Northern Ireland,HUMAN_OBSERVATION
52.532582,-3.26777,2019,4,United Kingdom of Great Britain and Northern Ireland,HUMAN_OBSERVATION
52.532582,-3.26777,2019,10,United Kingdom of Great Britain and Northern Ireland,HUMAN_OBSERVATION
52.532582,-3.26777,2018,4,United Kingdom of Great Britain and Northern Ireland,HUMAN_OBSERVATION
52.532582,-3.26777,2018,9,United Kingdom of Great Britain and Northern Ireland,HUMAN_OBSERVATION
52.532582,-3.26777,2017,4,United Kingdom of Great Britain and Northern Ireland,HUMAN_OBSERVATION
52.532582,-3.26777,2017,9,United Kingdom of Great Britain and Northern Ireland,HUMAN_OBSERVATION
52.532582,-3.26777,2016,5,United Kingdom of Great Britain and Northern Ireland,HUMAN_OBSERVATION
52.53283,-9.484061,2017,8,Ireland,HUMAN_OBSERVATION
52.534059,-2.28964,2016,6,United Kingdom of Great Britain and Northern Ireland,HUMAN_OBSERVATION
52.534121,-7.362836,2016,7,Ireland,HUMAN_OBSERVATION
52.534464,-9.146491,2017,8,Ireland,HUMAN_OBSERVATION
52.53451,-9.15384,2017,8,Ireland,HUMAN_OBSERVATION
52.53551,-6.51321,2016,8,Ireland,HUMAN_OBSERVATION
52.536476,-7.721184,2017,7,Ireland,HUMAN_OBSERVATION
52.537462,-3.075422,2019,4,United Kingdom of Great Britain and Northern Ireland,HUMAN_OBSERVATION
52.537462,-3.075422,2019,10,United Kingdom of Great Britain and Northern Ireland,HUMAN_OBSERVATION
52.537462,-3.075422,2016,4,United Kingdom of Great Britain and Northern Ireland,HUMAN_OBSERVATION
52.537462,-3.075422,2016,9,United Kingdom of Great Britain and Northern Ireland,HUMAN_OBSERVATION
52.539516,-6.954339,2017,7,Ireland,HUMAN_OBSERVATION
52.539516,-6.954339,2016,7,Ireland,HUMAN_OBSERVATION
52.539567,-3.94089,2023,5,United Kingdom of Great Britain and Northern Ireland,HUMAN_OBSERVATION
52.539591,-7.931194,2017,7,Ireland,HUMAN_OBSERVATION
52.540713,-8.976538,2017,8,Ireland,HUMAN_OBSERVATION
52.541304,-1.287124,2020,4,United Kingdom of Great Britain and Northern Ireland,HUMAN_OBSERVATION
52.541304,-1.287124,2020,4,United Kingdom of Great Britain and Northern Ireland,HUMAN_OBSERVATION
52.541414,-2.213017,2016,4,United Kingdom of Great Britain and Northern Ireland,HUMAN_OBSERVATION
52.541445,-2.195323,2016,3,United Kingdom of Great Britain and Northern Ireland,HUMAN_OBSERVATION
52.541579,-7.193724,2016,7,Ireland,HUMAN_OBSERVATION
52.541643,-8.522502,2018,8,Ireland,HUMAN_OBSERVATION
52.541643,-8.522502,2017,9,Ireland,HUMAN_OBSERVATION
52.542722,-7.272464,2016,7,Ireland,HUMAN_OBSERVATION
52.543292,-3.236963,2016,9,United Kingdom of Great Britain and Northern Ireland,HUMAN_OBSERVATION
52.543369,-8.18344,2018,6,Ireland,HUMAN_OBSERVATION
52.543391,-8.767414,2017,7,Ireland,HUMAN_OBSERVATION
52.544138,-7.226165,2016,7,Ireland,HUMAN_OBSERVATION
52.544744,-0.916864,2016,9,United Kingdom of Great Britain and Northern Ireland,HUMAN_OBSERVATION
52.545251,-7.389106,2016,7,Ireland,HUMAN_OBSERVATION
52.545336,-3.293797,2016,4,United Kingdom of Great Britain and Northern Ireland,HUMAN_OBSERVATION
52.545336,-3.293797,2016,4,United Kingdom of Great Britain and Northern Ireland,HUMAN_OBSERVATION
52.545336,-3.293797,2016,9,United Kingdom of Great Britain and Northern Ireland,HUMAN_OBSERVATION
52.545408,-7.226914,2016,7,Ireland,HUMAN_OBSERVATION
52.545413,-8.213015,2018,6,Ireland,HUMAN_OBSERVATION
52.546223,-6.33597,2017,8,Ireland,HUMAN_OBSERVATION
52.547339,1.282371,2016,4,United Kingdom of Great Britain and Northern Ireland,HUMAN_OBSERVATION
52.548113,-6.549672,2016,8,Ireland,HUMAN_OBSERVATION
52.548326,-0.915301,2016,5,United Kingdom of Great Britain and Northern Ireland,HUMAN_OBSERVATION
52.548375,-2.316279,2016,5,United Kingdom of Great Britain and Northern Ireland,HUMAN_OBSERVATION
52.548375,-2.316279,2016,10,United Kingdom of Great Britain and Northern Ireland,HUMAN_OBSERVATION
52.5492,-7.905977,2017,7,Ireland,HUMAN_OBSERVATION
52.549288,-1.025887,2022,7,United Kingdom of Great Britain and Northern Ireland,HUMAN_OBSERVATION
52.549288,-1.025887,2022,7,United Kingdom of Great Britain and Northern Ireland,HUMAN_OBSERVATION
52.55,5.9,2019,12,Netherlands,HUMAN_OBSERVATION
52.552406,-2.79711,2016,8,United Kingdom of Great Britain and Northern Ireland,HUMAN_OBSERVATION
52.552416,-2.795635,2016,8,United Kingdom of Great Britain and Northern Ireland,HUMAN_OBSERVATION
52.552624,-3.943154,2019,6,United Kingdom of Great Britain and Northern Ireland,HUMAN_OBSERVATION
52.554233,-2.792718,2016,8,United Kingdom of Great Britain and Northern Ireland,HUMAN_OBSERVATION
52.555517,-3.224179,2016,4,United Kingdom of Great Britain and Northern Ireland,HUMAN_OBSERVATION
52.555517,-3.224179,2016,9,United Kingdom of Great Britain and Northern Ireland,HUMAN_OBSERVATION
52.557183,-6.747383,2016,7,Ireland,HUMAN_OBSERVATION
52.557675,-8.121427,2017,7,Ireland,HUMAN_OBSERVATION
52.557994,-9.176733,2017,8,Ireland,HUMAN_OBSERVATION
52.55816,-7.420179,2016,8,Ireland,HUMAN_OBSERVATION
52.558456,-7.664652,2017,7,Ireland,HUMAN_OBSERVATION
52.558486,-1.245396,2019,8,United Kingdom of Great Britain and Northern Ireland,HUMAN_OBSERVATION
52.558991,-1.246936,2016,5,United Kingdom of Great Britain and Northern Ireland,HUMAN_OBSERVATION
52.558991,-1.246936,2016,10,United Kingdom of Great Britain and Northern Ireland,HUMAN_OBSERVATION
52.559822,-2.396017,2016,5,United Kingdom of Great Britain and Northern Ireland,HUMAN_OBSERVATION
52.559822,-2.396017,2016,9,United Kingdom of Great Britain and Northern Ireland,HUMAN_OBSERVATION
52.561467,-0.279143,2016,4,United Kingdom of Great Britain and Northern Ireland,HUMAN_OBSERVATION
52.561467,-0.279143,2016,9,United Kingdom of Great Britain and Northern Ireland,HUMAN_OBSERVATION
52.562158,-7.846952,2017,7,Ireland,HUMAN_OBSERVATION
52.564128,0.395253,2019,6,United Kingdom of Great Britain and Northern Ireland,HUMAN_OBSERVATION
52.564705,-7.923441,2017,7,Ireland,HUMAN_OBSERVATION
52.564876,1.133144,2016,3,United Kingdom of Great Britain and Northern Ireland,HUMAN_OBSERVATION
52.564883,-8.837548,2017,9,Ireland,HUMAN_OBSERVATION
52.565152,-3.537261,2016,9,United Kingdom of Great Britain and Northern Ireland,HUMAN_OBSERVATION
52.565163,-1.100776,2016,3,United Kingdom of Great Britain and Northern Ireland,HUMAN_OBSERVATION
52.565163,-1.100776,2016,10,United Kingdom of Great Britain and Northern Ireland,HUMAN_OBSERVATION
52.56547,-8.821332,2017,9,Ireland,HUMAN_OBSERVATION
52.566396,1.109639,2016,4,United Kingdom of Great Britain and Northern Ireland,HUMAN_OBSERVATION
52.566396,1.109639,2016,9,United Kingdom of Great Britain and Northern Ireland,HUMAN_OBSERVATION
52.566947,0.519363,2016,5,United Kingdom of Great Britain and Northern Ireland,HUMAN_OBSERVATION
52.566947,0.519363,2016,9,United Kingdom of Great Britain and Northern Ireland,HUMAN_OBSERVATION
52.568032,-8.258451,2018,6,Ireland,HUMAN_OBSERVATION
52.568998,-0.652157,2016,4,United Kingdom of Great Britain and Northern Ireland,HUMAN_OBSERVATION
52.569293,-0.388028,2016,7,United Kingdom of Great Britain and Northern Ireland,HUMAN_OBSERVATION
52.569293,-0.388028,2016,11,United Kingdom of Great Britain and Northern Ireland,HUMAN_OBSERVATION
52.569519,9.790839,2020,,Germany,HUMAN_OBSERVATION
52.569525,-1.454866,2018,3,United Kingdom of Great Britain and Northern Ireland,HUMAN_OBSERVATION
52.569851,-0.178474,2016,4,United Kingdom of Great Britain and Northern Ireland,HUMAN_OBSERVATION
52.569851,-0.178474,2016,9,United Kingdom of Great Britain and Northern Ireland,HUMAN_OBSERVATION
52.570102,1.105473,2016,4,United Kingdom of Great Britain and Northern Ireland,HUMAN_OBSERVATION
52.570102,1.105473,2016,9,United Kingdom of Great Britain and Northern Ireland,HUMAN_OBSERVATION
52.570137,-1.76315,2016,9,United Kingdom of Great Britain and Northern Ireland,HUMAN_OBSERVATION
52.570489,-7.421619,2016,8,Ireland,HUMAN_OBSERVATION
52.571359,-4.069972,2018,5,United Kingdom of Great Britain and Northern Ireland,HUMAN_OBSERVATION
52.571425,-9.282484,2017,8,Ireland,HUMAN_OBSERVATION
52.57263,-6.453964,2016,8,Ireland,HUMAN_OBSERVATION
52.572828,-1.760185,2016,9,United Kingdom of Great Britain and Northern Ireland,HUMAN_OBSERVATION
52.573441,-9.378444,2017,8,Ireland,HUMAN_OBSERVATION
52.575422,13.262616,2021,6,Germany,HUMAN_OBSERVATION
52.575539,13.263165,2020,8,Germany,HUMAN_OBSERVATION
52.575614,-0.764108,2016,3,United Kingdom of Great Britain and Northern Ireland,HUMAN_OBSERVATION
52.575614,-0.764108,2016,11,United Kingdom of Great Britain and Northern Ireland,HUMAN_OBSERVATION
52.577961,-0.122054,2016,3,United Kingdom of Great Britain and Northern Ireland,HUMAN_OBSERVATION
52.577961,-0.122054,2016,8,United Kingdom of Great Britain and Northern Ireland,HUMAN_OBSERVATION
52.577961,-0.122054,2016,11,United Kingdom of Great Britain and Northern Ireland,HUMAN_OBSERVATION
52.57932,-7.56572,2016,7,Ireland,HUMAN_OBSERVATION
52.579537,-0.414219,2016,5,United Kingdom of Great Britain and Northern Ireland,HUMAN_OBSERVATION
52.579537,-0.414219,2016,7,United Kingdom of Great Britain and Northern Ireland,HUMAN_OBSERVATION
52.579537,-0.414219,2016,11,United Kingdom of Great Britain and Northern Ireland,HUMAN_OBSERVATION
52.579546,-3.188174,2016,4,United Kingdom of Great Britain and Northern Ireland,HUMAN_OBSERVATION
52.579546,-3.188174,2016,9,United Kingdom of Great Britain and Northern Ireland,HUMAN_OBSERVATION
52.579576,-0.417169,2016,11,United Kingdom of Great Britain and Northern Ireland,HUMAN_OBSERVATION
52.579702,-1.411868,2025,5,United Kingdom of Great Britain and Northern Ireland,HUMAN_OBSERVATION
52.580072,0.536354,2016,5,United Kingdom of Great Britain and Northern Ireland,HUMAN_OBSERVATION
52.580072,0.536354,2016,9,United Kingdom of Great Britain and Northern Ireland,HUMAN_OBSERVATION
52.581684,-1.480099,2019,7,United Kingdom of Great Britain and Northern Ireland,HUMAN_OBSERVATION
52.581843,-8.329299,2018,6,Ireland,HUMAN_OBSERVATION
52.582197,1.090088,2016,5,United Kingdom of Great Britain and Northern Ireland,HUMAN_OBSERVATION
52.582375,-6.571974,2016,8,Ireland,HUMAN_OBSERVATION
52.582873,-0.39491,2016,3,United Kingdom of Great Britain and Northern Ireland,HUMAN_OBSERVATION
52.582873,-0.39491,2016,10,United Kingdom of Great Britain and Northern Ireland,HUMAN_OBSERVATION
52.582981,-8.382757,2018,6,Ireland,HUMAN_OBSERVATION
52.583258,-0.901156,2016,5,United Kingdom of Great Britain and Northern Ireland,HUMAN_OBSERVATION
52.583492,-2.294394,2016,4,United Kingdom of Great Britain and Northern Ireland,HUMAN_OBSERVATION
52.583492,-2.294394,2016,9,United Kingdom of Great Britain and Northern Ireland,HUMAN_OBSERVATION
52.58378,-0.771258,2016,3,United Kingdom of Great Britain and Northern Ireland,HUMAN_OBSERVATION
52.58378,-0.771258,2016,11,United Kingdom of Great Britain and Northern Ireland,HUMAN_OBSERVATION
52.587167,-0.591079,2016,4,United Kingdom of Great Britain and Northern Ireland,HUMAN_OBSERVATION
52.587206,-6.285818,2017,8,Ireland,HUMAN_OBSERVATION
52.587622,-0.554161,2016,9,United Kingdom of Great Britain and Northern Ireland,HUMAN_OBSERVATION
52.588941,1.072843,2016,3,United Kingdom of Great Britain and Northern Ireland,HUMAN_OBSERVATION
52.588941,1.072843,2016,10,United Kingdom of Great Britain and Northern Ireland,HUMAN_OBSERVATION
52.589563,-3.831078,2018,9,United Kingdom of Great Britain and Northern Ireland,HUMAN_OBSERVATION
52.59076,-9.077572,2017,8,Ireland,HUMAN_OBSERVATION
52.591048,-6.572053,2016,8,Ireland,HUMAN_OBSERVATION
52.591489,-8.27415,2018,6,Ireland,HUMAN_OBSERVATION
52.591928,-3.161641,2019,4,United Kingdom of Great Britain and Northern Ireland,HUMAN_OBSERVATION
52.591928,-3.161641,2019,10,United Kingdom of Great Britain and Northern Ireland,HUMAN_OBSERVATION
52.591928,-3.161641,2016,4,United Kingdom of Great Britain and Northern Ireland,HUMAN_OBSERVATION
52.591928,-3.161641,2016,9,United Kingdom of Great Britain and Northern Ireland,HUMAN_OBSERVATION
52.591985,-1.547512,2016,4,United Kingdom of Great Britain and Northern Ireland,HUMAN_OBSERVATION
52.591985,-1.547512,2016,9,United Kingdom of Great Britain and Northern Ireland,HUMAN_OBSERVATION
52.592053,-9.190899,2017,8,Ireland,HUMAN_OBSERVATION
52.592216,-0.421143,2016,8,United Kingdom of Great Britain and Northern Ireland,HUMAN_OBSERVATION
52.593974,-1.600636,2016,4,United Kingdom of Great Britain and Northern Ireland,HUMAN_OBSERVATION
52.593974,-1.600636,2016,9,United Kingdom of Great Britain and Northern Ireland,HUMAN_OBSERVATION
52.594993,-3.190732,2016,4,United Kingdom of Great Britain and Northern Ireland,HUMAN_OBSERVATION
52.594993,-3.190732,2016,9,United Kingdom of Great Britain and Northern Ireland,HUMAN_OBSERVATION
52.596574,-0.883106,2016,5,United Kingdom of Great Britain and Northern Ireland,HUMAN_OBSERVATION
52.596574,-0.883106,2016,11,United Kingdom of Great Britain and Northern Ireland,HUMAN_OBSERVATION
52.596575,-0.79157,2016,11,United Kingdom of Great Britain and Northern Ireland,HUMAN_OBSERVATION
52.597417,-0.546456,2016,4,United Kingdom of Great Britain and Northern Ireland,HUMAN_OBSERVATION
52.597417,-0.546456,2016,9,United Kingdom of Great Britain and Northern Ireland,HUMAN_OBSERVATION
52.598303,1.437062,2019,6,United Kingdom of Great Britain and Northern Ireland,HUMAN_OBSERVATION
52.598762,-2.549914,2016,5,United Kingdom of Great Britain and Northern Ireland,HUMAN_OBSERVATION
52.598762,-2.549914,2016,10,United Kingdom of Great Britain and Northern Ireland,HUMAN_OBSERVATION
52.598864,-3.831576,2019,6,United Kingdom of Great Britain and Northern Ireland,HUMAN_OBSERVATION
52.599696,1.433995,2019,6,United Kingdom of Great Britain and Northern Ireland,HUMAN_OBSERVATION
52.6,4.6,2019,6,Netherlands,HUMAN_OBSERVATION
52.6,5,2025,1,Netherlands,HUMAN_OBSERVATION
52.6,5,2025,1,Netherlands,HUMAN_OBSERVATION
52.6,5,2025,1,Netherlands,HUMAN_OBSERVATION
52.6,5,2025,3,Netherlands,HUMAN_OBSERVATION
52.6,5,2024,2,Netherlands,HUMAN_OBSERVATION
52.6,5,2024,2,Netherlands,HUMAN_OBSERVATION
52.6,5,2024,2,Netherlands,HUMAN_OBSERVATION
52.6,5,2024,8,Netherlands,HUMAN_OBSERVATION
52.6,5,2024,10,Netherlands,HUMAN_OBSERVATION
52.6,5.1,2021,3,Netherlands,HUMAN_OBSERVATION
52.6,5.1,2021,3,Netherlands,HUMAN_OBSERVATION
52.600286,-1.108916,2022,8,United Kingdom of Great Britain and Northern Ireland,HUMAN_OBSERVATION
52.600286,-1.108916,2022,8,United Kingdom of Great Britain and Northern Ireland,HUMAN_OBSERVATION
52.600346,-3.856852,2022,10,United Kingdom of Great Britain and Northern Ireland,HUMAN_OBSERVATION
52.60269,0.571629,2016,5,United Kingdom of Great Britain and Northern Ireland,HUMAN_OBSERVATION
52.60269,0.571629,2016,9,United Kingdom of Great Britain and Northern Ireland,HUMAN_OBSERVATION
52.604269,-1.161993,2016,3,United Kingdom of Great Britain and Northern Ireland,HUMAN_OBSERVATION
52.60436,0.362002,2016,9,United Kingdom of Great Britain and Northern Ireland,HUMAN_OBSERVATION
52.604615,-9.726487,2016,8,Ireland,HUMAN_OBSERVATION
52.604879,-3.344668,2016,4,United Kingdom of Great Britain and Northern Ireland,HUMAN_OBSERVATION
52.604879,-3.344668,2016,9,United Kingdom of Great Britain and Northern Ireland,HUMAN_OBSERVATION
52.605113,-8.325163,2018,6,Ireland,HUMAN_OBSERVATION
52.605764,-3.343572,2016,9,United Kingdom of Great Britain and Northern Ireland,HUMAN_OBSERVATION
52.606589,-6.298716,2017,8,Ireland,HUMAN_OBSERVATION
52.607493,-8.40986,2018,6,Ireland,HUMAN_OBSERVATION
52.608981,-0.611055,2016,3,United Kingdom of Great Britain and Northern Ireland,HUMAN_OBSERVATION
52.608981,-0.611055,2016,10,United Kingdom of Great Britain and Northern Ireland,HUMAN_OBSERVATION
52.609099,-3.627384,2018,5,United Kingdom of Great Britain and Northern Ireland,HUMAN_OBSERVATION
52.609099,-3.627384,2018,10,United Kingdom of Great Britain and Northern Ireland,HUMAN_OBSERVATION
52.609568,-1.148601,2022,9,United Kingdom of Great Britain and Northern Ireland,HUMAN_OBSERVATION
52.609568,-1.148601,2022,9,United Kingdom of Great Britain and Northern Ireland,HUMAN_OBSERVATION
52.611121,-0.900459,2016,5,United Kingdom of Great Britain and Northern Ireland,HUMAN_OBSERVATION
52.611121,-0.900459,2016,11,United Kingdom of Great Britain and Northern Ireland,HUMAN_OBSERVATION
52.611185,-2.358083,2016,5,United Kingdom of Great Britain and Northern Ireland,HUMAN_OBSERVATION
52.611185,-2.358083,2016,9,United Kingdom of Great Britain and Northern Ireland,HUMAN_OBSERVATION
52.612034,-0.901913,2016,5,United Kingdom of Great Britain and Northern Ireland,HUMAN_OBSERVATION
52.612034,-0.901913,2016,11,United Kingdom of Great Britain and Northern Ireland,HUMAN_OBSERVATION
52.612092,-3.628736,2018,5,United Kingdom of Great Britain and Northern Ireland,HUMAN_OBSERVATION
52.612092,-3.628736,2018,10,United Kingdom of Great Britain and Northern Ireland,HUMAN_OBSERVATION
52.612139,-3.30897,2016,4,United Kingdom of Great Britain and Northern Ireland,HUMAN_OBSERVATION
52.612139,-3.30897,2016,9,United Kingdom of Great Britain and Northern Ireland,HUMAN_OBSERVATION
52.61257,-0.863499,2016,4,United Kingdom of Great Britain and Northern Ireland,HUMAN_OBSERVATION
52.61257,-0.863499,2016,9,United Kingdom of Great Britain and Northern Ireland,HUMAN_OBSERVATION
52.612983,-0.427781,2016,4,United Kingdom of Great Britain and Northern Ireland,HUMAN_OBSERVATION
52.612983,-0.427781,2016,9,United Kingdom of Great Britain and Northern Ireland,HUMAN_OBSERVATION
52.613877,-7.929025,2017,7,Ireland,HUMAN_OBSERVATION
52.614416,-4.063878,2018,5,United Kingdom of Great Britain and Northern Ireland,HUMAN_OBSERVATION
52.614416,-4.063878,2018,5,United Kingdom of Great Britain and Northern Ireland,HUMAN_OBSERVATION
52.614416,-4.063878,2018,9,United Kingdom of Great Britain and Northern Ireland,HUMAN_OBSERVATION
52.614442,-0.61679,2016,5,United Kingdom of Great Britain and Northern Ireland,HUMAN_OBSERVATION
52.614442,-0.61679,2016,9,United Kingdom of Great Britain and Northern Ireland,HUMAN_OBSERVATION
52.615395,-2.442304,2016,5,United Kingdom of Great Britain and Northern Ireland,HUMAN_OBSERVATION
52.615395,-2.442304,2016,8,United Kingdom of Great Britain and Northern Ireland,HUMAN_OBSERVATION
52.615395,-2.442304,2016,9,United Kingdom of Great Britain and Northern Ireland,HUMAN_OBSERVATION
52.615644,-7.895617,2017,7,Ireland,HUMAN_OBSERVATION
52.615971,-2.696351,2016,5,United Kingdom of Great Britain and Northern Ireland,HUMAN_OBSERVATION
52.616713,-6.607231,2016,8,Ireland,HUMAN_OBSERVATION
52.616815,13.460639,2021,9,Germany,HUMAN_OBSERVATION
52.617752,-2.699334,2016,5,United Kingdom of Great Britain and Northern Ireland,HUMAN_OBSERVATION
52.618299,-1.616663,2016,5,United Kingdom of Great Britain and Northern Ireland,HUMAN_OBSERVATION
52.619249,-6.557642,2016,8,Ireland,HUMAN_OBSERVATION
52.620692,-0.538299,2016,3,United Kingdom of Great Britain and Northern Ireland,HUMAN_OBSERVATION
52.620692,-0.538299,2016,4,United Kingdom of Great Britain and Northern Ireland,HUMAN_OBSERVATION
52.620692,-0.538299,2016,11,United Kingdom of Great Britain and Northern Ireland,HUMAN_OBSERVATION
52.621399,-6.921193,2017,7,Ireland,HUMAN_OBSERVATION
52.621868,-6.356696,2017,8,Ireland,HUMAN_OBSERVATION
52.622326,-3.763526,2018,10,United Kingdom of Great Britain and Northern Ireland,HUMAN_OBSERVATION
52.622371,-1.179375,2017,10,United Kingdom of Great Britain and Northern Ireland,HUMAN_OBSERVATION
52.622452,-3.76232,2022,10,United Kingdom of Great Britain and Northern Ireland,HUMAN_OBSERVATION
52.622452,-3.76232,2022,10,United Kingdom of Great Britain and Northern Ireland,HUMAN_OBSERVATION
52.622452,-3.76232,2018,10,United Kingdom of Great Britain and Northern Ireland,HUMAN_OBSERVATION
52.622472,-7.482891,2016,8,Ireland,HUMAN_OBSERVATION
52.624475,-6.604564,2016,8,Ireland,HUMAN_OBSERVATION
52.625132,-9.63764,2016,8,Ireland,HUMAN_OBSERVATION
52.626807,-6.302318,2017,8,Ireland,HUMAN_OBSERVATION
52.627407,-7.683782,2017,7,Ireland,HUMAN_OBSERVATION
52.627709,-6.305185,2017,8,Ireland,HUMAN_OBSERVATION
52.627823,1.23371,2016,5,United Kingdom of Great Britain and Northern Ireland,HUMAN_OBSERVATION
52.627823,1.23371,2016,9,United Kingdom of Great Britain and Northern Ireland,HUMAN_OBSERVATION
52.628208,-8.449563,2018,6,Ireland,HUMAN_OBSERVATION
52.628242,-2.365609,2016,4,United Kingdom of Great Britain and Northern Ireland,HUMAN_OBSERVATION
52.628242,-2.365609,2016,10,United Kingdom of Great Britain and Northern Ireland,HUMAN_OBSERVATION
52.628859,-6.62138,2016,8,Ireland,HUMAN_OBSERVATION
52.62986,-0.793608,2021,3,United Kingdom of Great Britain and Northern Ireland,HUMAN_OBSERVATION
52.62986,-0.793608,2021,3,United Kingdom of Great Britain and Northern Ireland,HUMAN_OBSERVATION
52.630308,-6.989017,2017,7,Ireland,HUMAN_OBSERVATION
52.631093,-1.68747,2016,4,United Kingdom of Great Britain and Northern Ireland,HUMAN_OBSERVATION
52.631198,-2.534068,2016,10,United Kingdom of Great Britain and Northern Ireland,HUMAN_OBSERVATION
52.632326,-6.993476,2017,7,Ireland,HUMAN_OBSERVATION
52.633182,-2.491243,2016,5,United Kingdom of Great Britain and Northern Ireland,HUMAN_OBSERVATION
52.633182,-2.491243,2016,9,United Kingdom of Great Britain and Northern Ireland,HUMAN_OBSERVATION
52.633522,-1.105286,2019,4,United Kingdom of Great Britain and Northern Ireland,HUMAN_OBSERVATION
52.633657,-1.105357,2019,4,United Kingdom of Great Britain and Northern Ireland,HUMAN_OBSERVATION
52.635671,-9.486527,2016,8,Ireland,HUMAN_OBSERVATION
52.636403,1.080605,2016,5,United Kingdom of Great Britain and Northern Ireland,HUMAN_OBSERVATION
52.636638,-2.52379,2016,5,United Kingdom of Great Britain and Northern Ireland,HUMAN_OBSERVATION
52.636638,-2.52379,2016,8,United Kingdom of Great Britain and Northern Ireland,HUMAN_OBSERVATION
52.636638,-2.52379,2016,9,United Kingdom of Great Britain and Northern Ireland,HUMAN_OBSERVATION
52.636739,-1.056456,2018,8,United Kingdom of Great Britain and Northern Ireland,HUMAN_OBSERVATION
52.637158,-0.718041,2016,3,United Kingdom of Great Britain and Northern Ireland,HUMAN_OBSERVATION
52.637158,-0.718041,2016,11,United Kingdom of Great Britain and Northern Ireland,HUMAN_OBSERVATION
52.637348,-2.325787,2016,4,United Kingdom of Great Britain and Northern Ireland,HUMAN_OBSERVATION
52.637348,-2.325787,2016,9,United Kingdom of Great Britain and Northern Ireland,HUMAN_OBSERVATION
52.637943,-1.374145,2024,10,United Kingdom of Great Britain and Northern Ireland,HUMAN_OBSERVATION
52.638071,-2.60065,2016,5,United Kingdom of Great Britain and Northern Ireland,HUMAN_OBSERVATION
52.638071,-2.60065,2016,8,United Kingdom of Great Britain and Northern Ireland,HUMAN_OBSERVATION
52.638071,-2.60065,2016,9,United Kingdom of Great Britain and Northern Ireland,HUMAN_OBSERVATION
52.63815,-1.254445,2019,4,United Kingdom of Great Britain and Northern Ireland,HUMAN_OBSERVATION
52.638409,-9.646974,2016,8,Ireland,HUMAN_OBSERVATION
52.63894,-7.204979,2016,8,Ireland,HUMAN_OBSERVATION
52.639162,-2.31989,2016,5,United Kingdom of Great Britain and Northern Ireland,HUMAN_OBSERVATION
52.640075,-3.724985,2018,5,United Kingdom of Great Britain and Northern Ireland,HUMAN_OBSERVATION
52.640075,-3.724985,2018,10,United Kingdom of Great Britain and Northern Ireland,HUMAN_OBSERVATION
52.64069,-7.91895,2017,7,Ireland,HUMAN_OBSERVATION
52.64082,-9.45831,2016,8,Ireland,HUMAN_OBSERVATION
52.642225,-7.216399,2016,8,Ireland,HUMAN_OBSERVATION
52.642443,-7.427286,2016,8,Ireland,HUMAN_OBSERVATION
52.642585,-9.432787,2016,8,Ireland,HUMAN_OBSERVATION
52.643126,-6.271046,2017,8,Ireland,HUMAN_OBSERVATION
52.643459,-7.229642,2016,8,Ireland,HUMAN_OBSERVATION
52.644613,-4.017156,2018,5,United Kingdom of Great Britain and Northern Ireland,HUMAN_OBSERVATION
52.644625,-0.510896,2016,4,United Kingdom of Great Britain and Northern Ireland,HUMAN_OBSERVATION
52.644625,-0.510896,2016,5,United Kingdom of Great Britain and Northern Ireland,HUMAN_OBSERVATION
52.644625,-0.510896,2016,9,United Kingdom of Great Britain and Northern Ireland,HUMAN_OBSERVATION
52.645093,-1.215899,2018,8,United Kingdom of Great Britain and Northern Ireland,HUMAN_OBSERVATION
52.646036,-6.287624,2017,8,Ireland,HUMAN_OBSERVATION
52.646168,-0.29208,2016,3,United Kingdom of Great Britain and Northern Ireland,HUMAN_OBSERVATION
52.646168,-0.29208,2016,11,United Kingdom of Great Britain and Northern Ireland,HUMAN_OBSERVATION
52.64677,-2.655456,2016,5,United Kingdom of Great Britain and Northern Ireland,HUMAN_OBSERVATION
52.64677,-2.655456,2016,9,United Kingdom of Great Britain and Northern Ireland,HUMAN_OBSERVATION
52.647829,-1.221763,2020,2,United Kingdom of Great Britain and Northern Ireland,HUMAN_OBSERVATION
52.647829,-1.221763,2020,2,United Kingdom of Great Britain and Northern Ireland,HUMAN_OBSERVATION
52.649417,-0.688119,2024,2,United Kingdom of Great Britain and Northern Ireland,HUMAN_OBSERVATION
52.649788,-0.423504,2016,4,United Kingdom of Great Britain and Northern Ireland,HUMAN_OBSERVATION
52.6498,-9.350467,2016,8,Ireland,HUMAN_OBSERVATION
52.65,4.6,2019,4,Netherlands,HUMAN_OBSERVATION
52.65,5.6,2022,3,Netherlands,HUMAN_OBSERVATION
52.651398,-9.663315,2016,8,Ireland,HUMAN_OBSERVATION
52.653329,-9.321225,2016,8,Ireland,HUMAN_OBSERVATION
52.653522,-9.234278,2016,8,Ireland,HUMAN_OBSERVATION
52.655233,-7.254548,2016,8,Ireland,HUMAN_OBSERVATION
52.655552,1.206179,2016,3,United Kingdom of Great Britain and Northern Ireland,HUMAN_OBSERVATION
52.655552,1.206179,2016,10,United Kingdom of Great Britain and Northern Ireland,HUMAN_OBSERVATION
52.655749,-7.83395,2017,7,Ireland,HUMAN_OBSERVATION
52.656087,-6.649399,2016,8,Ireland,HUMAN_OBSERVATION
52.657047,-1.125503,2018,8,United Kingdom of Great Britain and Northern Ireland,HUMAN_OBSERVATION
52.657285,-8.469326,2018,8,Ireland,HUMAN_OBSERVATION
52.657324,-1.302906,2019,9,United Kingdom of Great Britain and Northern Ireland,HUMAN_OBSERVATION
52.657528,-0.269459,2016,3,United Kingdom of Great Britain and Northern Ireland,HUMAN_OBSERVATION
52.657528,-0.269459,2016,5,United Kingdom of Great Britain and Northern Ireland,HUMAN_OBSERVATION
52.657956,-1.126964,2025,4,United Kingdom of Great Britain and Northern Ireland,HUMAN_OBSERVATION
52.65804,-2.320028,2016,5,United Kingdom of Great Britain and Northern Ireland,HUMAN_OBSERVATION
52.65804,-2.320028,2016,10,United Kingdom of Great Britain and Northern Ireland,HUMAN_OBSERVATION
52.658135,12.446159,2023,8,Germany,HUMAN_OBSERVATION
52.658359,-1.326544,2025,4,United Kingdom of Great Britain and Northern Ireland,HUMAN_OBSERVATION
52.65889,-2.337775,2016,5,United Kingdom of Great Britain and Northern Ireland,HUMAN_OBSERVATION
52.65889,-2.337775,2016,10,United Kingdom of Great Britain and Northern Ireland,HUMAN_OBSERVATION
52.659061,-6.382063,2016,8,Ireland,HUMAN_OBSERVATION
52.659368,-0.272343,2016,5,United Kingdom of Great Britain and Northern Ireland,HUMAN_OBSERVATION
52.659406,-7.943052,2017,7,Ireland,HUMAN_OBSERVATION
52.660141,-3.355101,2016,9,United Kingdom of Great Britain and Northern Ireland,HUMAN_OBSERVATION
52.660267,-6.288758,2017,8,Ireland,HUMAN_OBSERVATION
52.66042,-1.095866,2016,5,United Kingdom of Great Britain and Northern Ireland,HUMAN_OBSERVATION
52.660559,-0.563584,2016,3,United Kingdom of Great Britain and Northern Ireland,HUMAN_OBSERVATION
52.660559,-0.563584,2016,7,United Kingdom of Great Britain and Northern Ireland,HUMAN_OBSERVATION
52.660559,-0.563584,2016,10,United Kingdom of Great Britain and Northern Ireland,HUMAN_OBSERVATION
52.661208,-7.255029,2016,8,Ireland,HUMAN_OBSERVATION
52.66144,-0.562077,2016,3,United Kingdom of Great Britain and Northern Ireland,HUMAN_OBSERVATION
52.66144,-0.562077,2016,7,United Kingdom of Great Britain and Northern Ireland,HUMAN_OBSERVATION
52.66144,-0.562077,2016,10,United Kingdom of Great Britain and Northern Ireland,HUMAN_OBSERVATION
52.661861,-3.359517,2016,4,United Kingdom of Great Britain and Northern Ireland,HUMAN_OBSERVATION
52.661861,-3.359517,2016,9,United Kingdom of Great Britain and Northern Ireland,HUMAN_OBSERVATION
52.662083,-3.135183,2022,5,United Kingdom of Great Britain and Northern Ireland,HUMAN_OBSERVATION
52.663049,-1.08694,2016,5,United Kingdom of Great Britain and Northern Ireland,HUMAN_OBSERVATION
52.663627,-0.594536,2016,5,United Kingdom of Great Britain and Northern Ireland,HUMAN_OBSERVATION
52.663627,-0.594536,2016,9,United Kingdom of Great Britain and Northern Ireland,HUMAN_OBSERVATION
52.664604,-7.797041,2017,9,Ireland,HUMAN_OBSERVATION
52.664812,-1.082467,2016,5,United Kingdom of Great Britain and Northern Ireland,HUMAN_OBSERVATION
52.664812,-1.082467,2016,5,United Kingdom of Great Britain and Northern Ireland,HUMAN_OBSERVATION
52.665157,1.532329,2016,10,United Kingdom of Great Britain and Northern Ireland,HUMAN_OBSERVATION
52.665201,1.530853,2016,5,United Kingdom of Great Britain and Northern Ireland,HUMAN_OBSERVATION
52.6657,-1.08097,2016,5,United Kingdom of Great Britain and Northern Ireland,HUMAN_OBSERVATION
52.666564,-1.076516,2016,5,United Kingdom of Great Britain and Northern Ireland,HUMAN_OBSERVATION
52.667444,-3.277125,2019,5,United Kingdom of Great Britain and Northern Ireland,HUMAN_OBSERVATION
52.667444,-3.277125,2019,10,United Kingdom of Great Britain and Northern Ireland,HUMAN_OBSERVATION
52.667444,-3.277125,2016,4,United Kingdom of Great Britain and Northern Ireland,HUMAN_OBSERVATION
52.667444,-3.277125,2016,9,United Kingdom of Great Britain and Northern Ireland,HUMAN_OBSERVATION
52.667602,-0.706799,2016,5,United Kingdom of Great Britain and Northern Ireland,HUMAN_OBSERVATION
52.667602,-0.706799,2016,11,United Kingdom of Great Britain and Northern Ireland,HUMAN_OBSERVATION
52.668508,7.898784,2020,12,Germany,HUMAN_OBSERVATION
52.668616,7.898679,2021,1,Germany,HUMAN_OBSERVATION
52.668616,7.898679,2021,1,Germany,HUMAN_OBSERVATION
52.668705,-8.527977,2018,8,Ireland,HUMAN_OBSERVATION
52.669382,-7.684231,2017,7,Ireland,HUMAN_OBSERVATION
52.66939,-1.370738,2022,9,United Kingdom of Great Britain and Northern Ireland,HUMAN_OBSERVATION
52.66939,-1.370738,2022,9,United Kingdom of Great Britain and Northern Ireland,HUMAN_OBSERVATION
52.669813,-0.585464,2016,4,United Kingdom of Great Britain and Northern Ireland,HUMAN_OBSERVATION
52.669813,-0.585464,2016,9,United Kingdom of Great Britain and Northern Ireland,HUMAN_OBSERVATION
52.670464,-1.116363,2024,1,United Kingdom of Great Britain and Northern Ireland,HUMAN_OBSERVATION
52.670951,-1.18438,2016,3,United Kingdom of Great Britain and Northern Ireland,HUMAN_OBSERVATION
52.672081,-7.715517,2017,7,Ireland,HUMAN_OBSERVATION
52.672424,-2.320133,2016,5,United Kingdom of Great Britain and Northern Ireland,HUMAN_OBSERVATION
52.672424,-2.320133,2016,10,United Kingdom of Great Britain and Northern Ireland,HUMAN_OBSERVATION
52.672735,-9.310807,2016,8,Ireland,HUMAN_OBSERVATION
52.672816,-0.465567,2016,3,United Kingdom of Great Britain and Northern Ireland,HUMAN_OBSERVATION
52.672816,-0.465567,2016,7,United Kingdom of Great Britain and Northern Ireland,HUMAN_OBSERVATION
52.672816,-0.465567,2016,10,United Kingdom of Great Britain and Northern Ireland,HUMAN_OBSERVATION
52.673138,-1.113351,2025,1,United Kingdom of Great Britain and Northern Ireland,HUMAN_OBSERVATION
52.673594,-3.708172,2022,12,United Kingdom of Great Britain and Northern Ireland,HUMAN_OBSERVATION
52.673732,-0.538009,2016,3,United Kingdom of Great Britain and Northern Ireland,HUMAN_OBSERVATION
52.673732,-0.538009,2016,8,United Kingdom of Great Britain and Northern Ireland,HUMAN_OBSERVATION
52.673732,-0.538009,2016,11,United Kingdom of Great Britain and Northern Ireland,HUMAN_OBSERVATION
52.674633,-0.466983,2016,3,United Kingdom of Great Britain and Northern Ireland,HUMAN_OBSERVATION
52.674633,-0.466983,2016,7,United Kingdom of Great Britain and Northern Ireland,HUMAN_OBSERVATION
52.674633,-0.466983,2016,10,United Kingdom of Great Britain and Northern Ireland,HUMAN_OBSERVATION
52.67615,-6.374428,2016,8,Ireland,HUMAN_OBSERVATION
52.677053,-3.432926,2023,4,United Kingdom of Great Britain and Northern Ireland,HUMAN_OBSERVATION
52.677053,-3.432926,2023,4,United Kingdom of Great Britain and Northern Ireland,HUMAN_OBSERVATION
52.677053,-3.432926,2023,10,United Kingdom of Great Britain and Northern Ireland,HUMAN_OBSERVATION
52.677053,-3.432926,2022,4,United Kingdom of Great Britain and Northern Ireland,HUMAN_OBSERVATION
52.677053,-3.432926,2022,7,United Kingdom of Great Britain and Northern Ireland,HUMAN_OBSERVATION
52.677053,-3.432926,2022,10,United Kingdom of Great Britain and Northern Ireland,HUMAN_OBSERVATION
52.677053,-3.432926,2021,5,United Kingdom of Great Britain and Northern Ireland,HUMAN_OBSERVATION
52.677053,-3.432926,2021,7,United Kingdom of Great Britain and Northern Ireland,HUMAN_OBSERVATION
52.677053,-3.432926,2020,8,United Kingdom of Great Britain and Northern Ireland,HUMAN_OBSERVATION
52.677053,-3.432926,2020,10,United Kingdom of Great Britain and Northern Ireland,HUMAN_OBSERVATION
52.677053,-3.432926,2019,5,United Kingdom of Great Britain and Northern Ireland,HUMAN_OBSERVATION
52.677053,-3.432926,2019,5,United Kingdom of Great Britain and Northern Ireland,HUMAN_OBSERVATION
52.677053,-3.432926,2018,4,United Kingdom of Great Britain and Northern Ireland,HUMAN_OBSERVATION
52.677053,-3.432926,2018,9,United Kingdom of Great Britain and Northern Ireland,HUMAN_OBSERVATION
52.677053,-3.432926,2017,4,United Kingdom of Great Britain and Northern Ireland,HUMAN_OBSERVATION
52.677053,-3.432926,2017,9,United Kingdom of Great Britain and Northern Ireland,HUMAN_OBSERVATION
52.677053,-3.432926,2016,9,United Kingdom of Great Britain and Northern Ireland,HUMAN_OBSERVATION
52.677382,0.527195,2016,5,United Kingdom of Great Britain and Northern Ireland,HUMAN_OBSERVATION
52.677382,0.527195,2016,8,United Kingdom of Great Britain and Northern Ireland,HUMAN_OBSERVATION
52.677382,0.527195,2016,10,United Kingdom of Great Britain and Northern Ireland,HUMAN_OBSERVATION
52.677995,0.540545,2016,5,United Kingdom of Great Britain and Northern Ireland,HUMAN_OBSERVATION
52.677995,0.540545,2016,8,United Kingdom of Great Britain and Northern Ireland,HUMAN_OBSERVATION
52.678256,5.243053,2023,9,Netherlands,HUMAN_OBSERVATION
52.678625,0.510993,2016,5,United Kingdom of Great Britain and Northern Ireland,HUMAN_OBSERVATION
52.678625,0.510993,2016,8,United Kingdom of Great Britain and Northern Ireland,HUMAN_OBSERVATION
52.678625,0.510993,2016,10,United Kingdom of Great Britain and Northern Ireland,HUMAN_OBSERVATION
52.678952,-7.809411,2017,7,Ireland,HUMAN_OBSERVATION
52.679145,-0.468304,2016,3,United Kingdom of Great Britain and Northern Ireland,HUMAN_OBSERVATION
52.679145,-0.468304,2016,7,United Kingdom of Great Britain and Northern Ireland,HUMAN_OBSERVATION
52.679145,-0.468304,2016,10,United Kingdom of Great Britain and Northern Ireland,HUMAN_OBSERVATION
52.680044,-0.468273,2016,3,United Kingdom of Great Britain and Northern Ireland,HUMAN_OBSERVATION
52.680044,-0.468273,2016,7,United Kingdom of Great Britain and Northern Ireland,HUMAN_OBSERVATION
52.680044,-0.468273,2016,10,United Kingdom of Great Britain and Northern Ireland,HUMAN_OBSERVATION
52.681726,-0.459338,2016,5,United Kingdom of Great Britain and Northern Ireland,HUMAN_OBSERVATION
52.681726,-0.459338,2016,8,United Kingdom of Great Britain and Northern Ireland,HUMAN_OBSERVATION
52.681726,-0.459338,2016,11,United Kingdom of Great Britain and Northern Ireland,HUMAN_OBSERVATION
52.682188,-9.377445,2018,8,Ireland,HUMAN_OBSERVATION
52.683832,-1.228519,2016,4,United Kingdom of Great Britain and Northern Ireland,HUMAN_OBSERVATION
52.683832,-1.228519,2016,10,United Kingdom of Great Britain and Northern Ireland,HUMAN_OBSERVATION
52.684245,-7.709229,2017,7,Ireland,HUMAN_OBSERVATION
52.684466,-8.677663,2016,8,Ireland,HUMAN_OBSERVATION
52.685744,-3.464811,2016,9,United Kingdom of Great Britain and Northern Ireland,HUMAN_OBSERVATION
52.686008,1.52198,2017,6,United Kingdom of Great Britain and Northern Ireland,HUMAN_OBSERVATION
52.687442,-1.102705,2022,9,United Kingdom of Great Britain and Northern Ireland,HUMAN_OBSERVATION
52.687442,-1.102705,2022,9,United Kingdom of Great Britain and Northern Ireland,HUMAN_OBSERVATION
52.687878,0.582553,2016,9,United Kingdom of Great Britain and Northern Ireland,HUMAN_OBSERVATION
52.688129,1.353833,2017,6,United Kingdom of Great Britain and Northern Ireland,HUMAN_OBSERVATION
52.688341,-1.102687,2020,1,United Kingdom of Great Britain and Northern Ireland,HUMAN_OBSERVATION
52.688341,-1.102687,2020,1,United Kingdom of Great Britain and Northern Ireland,HUMAN_OBSERVATION
52.688409,-0.420634,2016,5,United Kingdom of Great Britain and Northern Ireland,HUMAN_OBSERVATION
52.688409,-0.420634,2016,8,United Kingdom of Great Britain and Northern Ireland,HUMAN_OBSERVATION
52.688409,-0.420634,2016,9,United Kingdom of Great Britain and Northern Ireland,HUMAN_OBSERVATION
52.688409,-0.420634,2016,9,United Kingdom of Great Britain and Northern Ireland,HUMAN_OBSERVATION
52.688409,-0.420634,2016,10,United Kingdom of Great Britain and Northern Ireland,HUMAN_OBSERVATION
52.688925,-2.163434,2016,3,United Kingdom of Great Britain and Northern Ireland,HUMAN_OBSERVATION
52.688925,-2.163434,2016,9,United Kingdom of Great Britain and Northern Ireland,HUMAN_OBSERVATION
52.689384,-3.074728,2019,5,United Kingdom of Great Britain and Northern Ireland,HUMAN_OBSERVATION
52.689384,-3.074728,2019,10,United Kingdom of Great Britain and Northern Ireland,HUMAN_OBSERVATION
52.689676,-7.933016,2017,7,Ireland,HUMAN_OBSERVATION
52.690128,-9.231097,2016,8,Ireland,HUMAN_OBSERVATION
52.691539,-3.289429,2023,4,United Kingdom of Great Britain and Northern Ireland,HUMAN_OBSERVATION
52.691539,-3.289429,2019,5,United Kingdom of Great Britain and Northern Ireland,HUMAN_OBSERVATION
52.691539,-3.289429,2019,10,United Kingdom of Great Britain and Northern Ireland,HUMAN_OBSERVATION
52.691539,-3.289429,2016,4,United Kingdom of Great Britain and Northern Ireland,HUMAN_OBSERVATION
52.691539,-3.289429,2016,9,United Kingdom of Great Britain and Northern Ireland,HUMAN_OBSERVATION
52.691539,-3.289429,2016,9,United Kingdom of Great Britain and Northern Ireland,HUMAN_OBSERVATION
52.691843,-6.643417,2016,6,Ireland,HUMAN_OBSERVATION
52.692285,-6.784574,2016,8,Ireland,HUMAN_OBSERVATION
52.692424,-3.269094,2016,4,United Kingdom of Great Britain and Northern Ireland,HUMAN_OBSERVATION
52.693227,-0.748952,2016,3,United Kingdom of Great Britain and Northern Ireland,HUMAN_OBSERVATION
52.693227,-0.748952,2016,10,United Kingdom of Great Britain and Northern Ireland,HUMAN_OBSERVATION
52.693257,-1.098887,2017,3,United Kingdom of Great Britain and Northern Ireland,HUMAN_OBSERVATION
52.693257,-1.098887,2017,3,United Kingdom of Great Britain and Northern Ireland,HUMAN_OBSERVATION
52.693257,-1.098887,2017,3,United Kingdom of Great Britain and Northern Ireland,HUMAN_OBSERVATION
52.694034,0.418639,2016,5,United Kingdom of Great Britain and Northern Ireland,HUMAN_OBSERVATION
52.694034,0.418639,2016,9,United Kingdom of Great Britain and Northern Ireland,HUMAN_OBSERVATION
52.694119,7.346577,2021,4,Germany,HUMAN_OBSERVATION
52.695542,1.416354,2016,5,United Kingdom of Great Britain and Northern Ireland,HUMAN_OBSERVATION
52.695542,1.416354,2016,11,United Kingdom of Great Britain and Northern Ireland,HUMAN_OBSERVATION
52.695554,-1.105498,2016,3,United Kingdom of Great Britain and Northern Ireland,HUMAN_OBSERVATION
52.69598,-0.593497,2016,3,United Kingdom of Great Britain and Northern Ireland,HUMAN_OBSERVATION
52.69598,-0.593497,2016,11,United Kingdom of Great Britain and Northern Ireland,HUMAN_OBSERVATION
52.697405,-0.719236,2016,3,United Kingdom of Great Britain and Northern Ireland,HUMAN_OBSERVATION
52.697405,-0.719236,2016,10,United Kingdom of Great Britain and Northern Ireland,HUMAN_OBSERVATION
52.697629,1.468332,2016,5,United Kingdom of Great Britain and Northern Ireland,HUMAN_OBSERVATION
52.698822,-9.34508,2018,7,Ireland,HUMAN_OBSERVATION
52.69939,-6.294061,2017,8,Ireland,HUMAN_OBSERVATION
52.69989,-1.084692,2016,3,United Kingdom of Great Britain and Northern Ireland,HUMAN_OBSERVATION
52.69989,-1.084692,2016,10,United Kingdom of Great Britain and Northern Ireland,HUMAN_OBSERVATION
52.699966,-6.979838,2017,8,Ireland,HUMAN_OBSERVATION
52.7,4.6,2023,8,Netherlands,HUMAN_OBSERVATION
52.700092,1.351568,2016,4,United Kingdom of Great Britain and Northern Ireland,HUMAN_OBSERVATION
52.700092,1.351568,2016,11,United Kingdom of Great Britain and Northern Ireland,HUMAN_OBSERVATION
52.700094,-1.612987,2016,5,United Kingdom of Great Britain and Northern Ireland,HUMAN_OBSERVATION
52.700535,-6.403522,2016,8,Ireland,HUMAN_OBSERVATION
52.700756,1.422684,2016,5,United Kingdom of Great Britain and Northern Ireland,HUMAN_OBSERVATION
52.701019,-9.419943,2018,7,Ireland,HUMAN_OBSERVATION
52.701173,0.632186,2016,9,United Kingdom of Great Britain and Northern Ireland,HUMAN_OBSERVATION
52.701234,1.507468,2017,6,United Kingdom of Great Britain and Northern Ireland,HUMAN_OBSERVATION
52.701322,-0.445328,2016,5,United Kingdom of Great Britain and Northern Ireland,HUMAN_OBSERVATION
52.701322,-0.445328,2016,8,United Kingdom of Great Britain and Northern Ireland,HUMAN_OBSERVATION
52.701322,-0.445328,2016,9,United Kingdom of Great Britain and Northern Ireland,HUMAN_OBSERVATION
52.701322,-0.445328,2016,9,United Kingdom of Great Britain and Northern Ireland,HUMAN_OBSERVATION
52.702679,1.418392,2016,5,United Kingdom of Great Britain and Northern Ireland,HUMAN_OBSERVATION
52.702932,-2.736213,2016,10,United Kingdom of Great Britain and Northern Ireland,HUMAN_OBSERVATION
52.703959,-0.831526,2016,3,United Kingdom of Great Britain and Northern Ireland,HUMAN_OBSERVATION
52.703959,-0.831526,2016,10,United Kingdom of Great Britain and Northern Ireland,HUMAN_OBSERVATION
52.70429,-3.380239,2023,10,United Kingdom of Great Britain and Northern Ireland,HUMAN_OBSERVATION
52.70429,-3.380239,2018,4,United Kingdom of Great Britain and Northern Ireland,HUMAN_OBSERVATION
52.70429,-3.380239,2018,9,United Kingdom of Great Britain and Northern Ireland,HUMAN_OBSERVATION
52.70429,-3.380239,2018,9,United Kingdom of Great Britain and Northern Ireland,HUMAN_OBSERVATION
52.70429,-3.380239,2017,4,United Kingdom of Great Britain and Northern Ireland,HUMAN_OBSERVATION
52.70429,-3.380239,2017,9,United Kingdom of Great Britain and Northern Ireland,HUMAN_OBSERVATION
52.704307,-1.534512,2016,1,United Kingdom of Great Britain and Northern Ireland,HUMAN_OBSERVATION
52.704484,-3.141419,2019,4,United Kingdom of Great Britain and Northern Ireland,HUMAN_OBSERVATION
52.704484,-3.141419,2019,10,United Kingdom of Great Britain and Northern Ireland,HUMAN_OBSERVATION
52.704748,-3.132619,2019,4,United Kingdom of Great Britain and Northern Ireland,HUMAN_OBSERVATION
52.704748,-3.132619,2019,10,United Kingdom of Great Britain and Northern Ireland,HUMAN_OBSERVATION
52.705612,-4.021991,2024,7,United Kingdom of Great Britain and Northern Ireland,HUMAN_OBSERVATION
52.706108,-0.966156,2021,2,United Kingdom of Great Britain and Northern Ireland,HUMAN_OBSERVATION
52.706108,-0.966156,2021,2,United Kingdom of Great Britain and Northern Ireland,HUMAN_OBSERVATION
52.706249,-6.678895,2016,8,Ireland,HUMAN_OBSERVATION
52.706302,-9.331144,2018,7,Ireland,HUMAN_OBSERVATION
52.706865,-8.439913,2018,8,Ireland,HUMAN_OBSERVATION
52.708062,-0.282262,2016,10,United Kingdom of Great Britain and Northern Ireland,HUMAN_OBSERVATION
52.708487,-6.620393,2016,6,Ireland,HUMAN_OBSERVATION
52.708506,-2.535012,2016,4,United Kingdom of Great Britain and Northern Ireland,HUMAN_OBSERVATION
52.708506,-2.535012,2016,9,United Kingdom of Great Britain and Northern Ireland,HUMAN_OBSERVATION
52.7088,-0.399174,2016,5,United Kingdom of Great Britain and Northern Ireland,HUMAN_OBSERVATION
52.709162,-9.484557,2018,7,Ireland,HUMAN_OBSERVATION
52.711164,-0.832814,2016,3,United Kingdom of Great Britain and Northern Ireland,HUMAN_OBSERVATION
52.711164,-0.832814,2016,10,United Kingdom of Great Britain and Northern Ireland,HUMAN_OBSERVATION
52.711617,-6.827588,2017,8,Ireland,HUMAN_OBSERVATION
52.712959,-1.364931,2021,1,United Kingdom of Great Britain and Northern Ireland,HUMAN_OBSERVATION
52.713281,-7.801919,2017,7,Ireland,HUMAN_OBSERVATION
52.71336,-7.321911,2016,7,Ireland,HUMAN_OBSERVATION
52.713477,-3.107931,2019,4,United Kingdom of Great Britain and Northern Ireland,HUMAN_OBSERVATION
52.713477,-3.107931,2019,10,United Kingdom of Great Britain and Northern Ireland,HUMAN_OBSERVATION
52.713946,-7.92482,2017,7,Ireland,HUMAN_OBSERVATION
52.71497,1.404766,2017,6,United Kingdom of Great Britain and Northern Ireland,HUMAN_OBSERVATION
52.716328,1.386581,2017,6,United Kingdom of Great Britain and Northern Ireland,HUMAN_OBSERVATION
52.717279,-9.067943,2016,8,Ireland,HUMAN_OBSERVATION
52.718142,-6.551886,2016,6,Ireland,HUMAN_OBSERVATION
52.719525,-7.900845,2017,7,Ireland,HUMAN_OBSERVATION
52.720874,-9.512254,2018,7,Ireland,HUMAN_OBSERVATION
52.720895,-0.363196,2016,4,United Kingdom of Great Britain and Northern Ireland,HUMAN_OBSERVATION
52.720895,-0.363196,2016,10,United Kingdom of Great Britain and Northern Ireland,HUMAN_OBSERVATION
52.721302,-1.846723,2016,4,United Kingdom of Great Britain and Northern Ireland,HUMAN_OBSERVATION
52.721595,-8.505184,2018,8,Ireland,HUMAN_OBSERVATION
52.722105,-6.198519,2017,9,Ireland,HUMAN_OBSERVATION
52.722475,-7.678278,2017,7,Ireland,HUMAN_OBSERVATION
52.723124,-6.553075,2016,6,Ireland,HUMAN_OBSERVATION
52.723706,1.648167,2016,5,United Kingdom of Great Britain and Northern Ireland,HUMAN_OBSERVATION
52.724238,1.356383,2016,4,United Kingdom of Great Britain and Northern Ireland,HUMAN_OBSERVATION
52.724238,1.356383,2016,10,United Kingdom of Great Britain and Northern Ireland,HUMAN_OBSERVATION
52.725228,-2.60925,2016,4,United Kingdom of Great Britain and Northern Ireland,HUMAN_OBSERVATION
52.725228,-2.60925,2016,10,United Kingdom of Great Britain and Northern Ireland,HUMAN_OBSERVATION
52.725317,1.11946,2016,3,United Kingdom of Great Britain and Northern Ireland,HUMAN_OBSERVATION
52.725317,1.11946,2016,4,United Kingdom of Great Britain and Northern Ireland,HUMAN_OBSERVATION
52.725317,1.11946,2016,9,United Kingdom of Great Britain and Northern Ireland,HUMAN_OBSERVATION
52.7254,-7.965655,2018,7,Ireland,HUMAN_OBSERVATION
52.7254,-7.965655,2017,7,Ireland,HUMAN_OBSERVATION
52.726248,-1.122639,2016,3,United Kingdom of Great Britain and Northern Ireland,HUMAN_OBSERVATION
52.726248,-1.122639,2016,10,United Kingdom of Great Britain and Northern Ireland,HUMAN_OBSERVATION
52.726259,-8.768757,2016,10,Ireland,HUMAN_OBSERVATION
52.726509,-7.37219,2016,7,Ireland,HUMAN_OBSERVATION
52.726944,-0.105292,2016,7,United Kingdom of Great Britain and Northern Ireland,HUMAN_OBSERVATION
52.726944,-0.105292,2016,7,United Kingdom of Great Britain and Northern Ireland,HUMAN_OBSERVATION
52.727203,9.819401,2022,11,Germany,HUMAN_OBSERVATION
52.727356,-7.341811,2018,10,Ireland,HUMAN_OBSERVATION
52.72757,-1.181844,2016,3,United Kingdom of Great Britain and Northern Ireland,HUMAN_OBSERVATION
52.72757,-1.181844,2016,10,United Kingdom of Great Britain and Northern Ireland,HUMAN_OBSERVATION
52.72786,-6.982396,2017,8,Ireland,HUMAN_OBSERVATION
52.729093,-3.065723,2017,4,United Kingdom of Great Britain and Northern Ireland,HUMAN_OBSERVATION
52.729093,-3.065723,2017,9,United Kingdom of Great Britain and Northern Ireland,HUMAN_OBSERVATION
52.730325,1.503375,2017,6,United Kingdom of Great Britain and Northern Ireland,HUMAN_OBSERVATION
52.732469,-3.192607,2016,4,United Kingdom of Great Britain and Northern Ireland,HUMAN_OBSERVATION
52.732469,-3.192607,2016,9,United Kingdom of Great Britain and Northern Ireland,HUMAN_OBSERVATION
52.732546,0.469653,2016,5,United Kingdom of Great Britain and Northern Ireland,HUMAN_OBSERVATION
52.732546,0.469653,2016,10,United Kingdom of Great Britain and Northern Ireland,HUMAN_OBSERVATION
52.734909,-2.455361,2016,4,United Kingdom of Great Britain and Northern Ireland,HUMAN_OBSERVATION
52.734909,-2.455361,2016,9,United Kingdom of Great Britain and Northern Ireland,HUMAN_OBSERVATION
52.73567,-7.019188,2017,8,Ireland,HUMAN_OBSERVATION
52.735795,-3.958559,2017,4,United Kingdom of Great Britain and Northern Ireland,HUMAN_OBSERVATION
52.735795,-3.958559,2017,11,United Kingdom of Great Britain and Northern Ireland,HUMAN_OBSERVATION
52.735854,-9.493706,2018,7,Ireland,HUMAN_OBSERVATION
52.736363,-6.219947,2017,9,Ireland,HUMAN_OBSERVATION
52.736547,-9.17075,2016,8,Ireland,HUMAN_OBSERVATION
52.736678,-8.027697,2017,7,Ireland,HUMAN_OBSERVATION
52.73712,-2.567946,2016,5,United Kingdom of Great Britain and Northern Ireland,HUMAN_OBSERVATION
52.73712,-2.567946,2016,10,United Kingdom of Great Britain and Northern Ireland,HUMAN_OBSERVATION
52.737427,-1.177216,2016,3,United Kingdom of Great Britain and Northern Ireland,HUMAN_OBSERVATION
52.737427,-1.177216,2016,9,United Kingdom of Great Britain and Northern Ireland,HUMAN_OBSERVATION
52.737619,-7.949294,2017,7,Ireland,HUMAN_OBSERVATION
52.737757,-0.795075,2016,10,United Kingdom of Great Britain and Northern Ireland,HUMAN_OBSERVATION
52.738057,-9.078118,2016,8,Ireland,HUMAN_OBSERVATION
52.738519,5.17056,2023,9,Netherlands,HUMAN_OBSERVATION
52.739238,1.581297,2016,5,United Kingdom of Great Britain and Northern Ireland,HUMAN_OBSERVATION
52.739593,-6.206882,2017,8,Ireland,HUMAN_OBSERVATION
52.739904,-6.238225,2017,9,Ireland,HUMAN_OBSERVATION
52.740013,-1.300106,2018,2,United Kingdom of Great Britain and Northern Ireland,HUMAN_OBSERVATION
52.742305,-7.929186,2017,7,Ireland,HUMAN_OBSERVATION
52.743656,-2.514704,2016,4,United Kingdom of Great Britain and Northern Ireland,HUMAN_OBSERVATION
52.743656,-2.514704,2016,9,United Kingdom of Great Britain and Northern Ireland,HUMAN_OBSERVATION
52.743878,-2.799119,2016,5,United Kingdom of Great Britain and Northern Ireland,HUMAN_OBSERVATION
52.743878,-2.799119,2016,8,United Kingdom of Great Britain and Northern Ireland,HUMAN_OBSERVATION
52.743878,-2.799119,2016,10,United Kingdom of Great Britain and Northern Ireland,HUMAN_OBSERVATION
52.743917,-6.970927,2018,8,Ireland,HUMAN_OBSERVATION
52.744331,-9.43073,2018,7,Ireland,HUMAN_OBSERVATION
52.745091,-1.117817,2018,6,United Kingdom of Great Britain and Northern Ireland,HUMAN_OBSERVATION
52.745632,-7.238419,2016,8,Ireland,HUMAN_OBSERVATION
52.746144,-3.906115,2018,5,United Kingdom of Great Britain and Northern Ireland,HUMAN_OBSERVATION
52.746144,-3.906115,2018,10,United Kingdom of Great Britain and Northern Ireland,HUMAN_OBSERVATION
52.746144,-3.906115,2017,4,United Kingdom of Great Britain and Northern Ireland,HUMAN_OBSERVATION
52.746144,-3.906115,2017,11,United Kingdom of Great Britain and Northern Ireland,HUMAN_OBSERVATION
52.746547,-0.775574,2016,4,United Kingdom of Great Britain and Northern Ireland,HUMAN_OBSERVATION
52.746547,-0.775574,2016,10,United Kingdom of Great Britain and Northern Ireland,HUMAN_OBSERVATION
52.747249,-2.831773,2016,3,United Kingdom of Great Britain and Northern Ireland,HUMAN_OBSERVATION
52.747249,-2.831773,2016,9,United Kingdom of Great Britain and Northern Ireland,HUMAN_OBSERVATION
52.747623,-1.157024,2021,9,United Kingdom of Great Britain and Northern Ireland,HUMAN_OBSERVATION
52.747765,-0.491085,2016,5,United Kingdom of Great Britain and Northern Ireland,HUMAN_OBSERVATION
52.747765,-0.491085,2016,9,United Kingdom of Great Britain and Northern Ireland,HUMAN_OBSERVATION
52.74783,-1.18665,2021,9,United Kingdom of Great Britain and Northern Ireland,HUMAN_OBSERVATION
52.74783,-1.18665,2021,9,United Kingdom of Great Britain and Northern Ireland,HUMAN_OBSERVATION
52.749054,-1.30885,2016,4,United Kingdom of Great Britain and Northern Ireland,HUMAN_OBSERVATION
52.749054,-1.30885,2016,9,United Kingdom of Great Britain and Northern Ireland,HUMAN_OBSERVATION
52.749069,-9.402526,2018,7,Ireland,HUMAN_OBSERVATION
52.749121,1.103377,2016,3,United Kingdom of Great Britain and Northern Ireland,HUMAN_OBSERVATION
52.749121,1.103377,2016,8,United Kingdom of Great Britain and Northern Ireland,HUMAN_OBSERVATION
52.749846,-3.011872,2022,4,United Kingdom of Great Britain and Northern Ireland,HUMAN_OBSERVATION
52.749846,-3.011872,2022,10,United Kingdom of Great Britain and Northern Ireland,HUMAN_OBSERVATION
52.749846,-3.011872,2017,5,United Kingdom of Great Britain and Northern Ireland,HUMAN_OBSERVATION
52.749846,-3.011872,2017,10,United Kingdom of Great Britain and Northern Ireland,HUMAN_OBSERVATION
52.750479,-9.338234,2018,7,Ireland,HUMAN_OBSERVATION
52.75054,0.043906,2016,4,United Kingdom of Great Britain and Northern Ireland,HUMAN_OBSERVATION
52.75054,0.043906,2016,11,United Kingdom of Great Britain and Northern Ireland,HUMAN_OBSERVATION
52.751658,-0.514658,2016,5,United Kingdom of Great Britain and Northern Ireland,HUMAN_OBSERVATION
52.751658,-0.514658,2016,11,United Kingdom of Great Britain and Northern Ireland,HUMAN_OBSERVATION
52.752305,-0.29534,2016,5,United Kingdom of Great Britain and Northern Ireland,HUMAN_OBSERVATION
52.752993,-3.851187,2018,5,United Kingdom of Great Britain and Northern Ireland,HUMAN_OBSERVATION
52.752993,-3.851187,2018,10,United Kingdom of Great Britain and Northern Ireland,HUMAN_OBSERVATION
52.752993,-3.851187,2017,4,United Kingdom of Great Britain and Northern Ireland,HUMAN_OBSERVATION
52.752993,-3.851187,2017,4,United Kingdom of Great Britain and Northern Ireland,HUMAN_OBSERVATION
52.752993,-3.851187,2017,11,United Kingdom of Great Britain and Northern Ireland,HUMAN_OBSERVATION
52.753295,1.636558,2016,7,United Kingdom of Great Britain and Northern Ireland,HUMAN_OBSERVATION
52.753394,-6.347132,2016,8,Ireland,HUMAN_OBSERVATION
52.753534,-9.23385,2018,7,Ireland,HUMAN_OBSERVATION
52.753748,1.621772,2016,7,United Kingdom of Great Britain and Northern Ireland,HUMAN_OBSERVATION
52.753872,-8.019416,2017,7,Ireland,HUMAN_OBSERVATION
52.753912,-0.984287,2016,4,United Kingdom of Great Britain and Northern Ireland,HUMAN_OBSERVATION
52.753912,-0.984287,2016,11,United Kingdom of Great Britain and Northern Ireland,HUMAN_OBSERVATION
52.754567,-3.943886,2017,4,United Kingdom of Great Britain and Northern Ireland,HUMAN_OBSERVATION
52.754567,-3.943886,2017,10,United Kingdom of Great Britain and Northern Ireland,HUMAN_OBSERVATION
52.754738,-6.819357,2017,8,Ireland,HUMAN_OBSERVATION
52.755318,-7.248798,2016,8,Ireland,HUMAN_OBSERVATION
52.755866,-6.958086,2018,8,Ireland,HUMAN_OBSERVATION
52.756101,-2.545967,2016,4,United Kingdom of Great Britain and Northern Ireland,HUMAN_OBSERVATION
52.756101,-2.545967,2016,9,United Kingdom of Great Britain and Northern Ireland,HUMAN_OBSERVATION
52.75639,-2.479293,2016,4,United Kingdom of Great Britain and Northern Ireland,HUMAN_OBSERVATION
52.75639,-2.479293,2016,9,United Kingdom of Great Britain and Northern Ireland,HUMAN_OBSERVATION
52.756508,0.527328,2016,5,United Kingdom of Great Britain and Northern Ireland,HUMAN_OBSERVATION
52.756508,0.527328,2016,10,United Kingdom of Great Britain and Northern Ireland,HUMAN_OBSERVATION
52.75715,-1.776956,2016,4,United Kingdom of Great Britain and Northern Ireland,HUMAN_OBSERVATION
52.75715,-1.776956,2016,9,United Kingdom of Great Britain and Northern Ireland,HUMAN_OBSERVATION
52.757202,-1.80659,2016,4,United Kingdom of Great Britain and Northern Ireland,HUMAN_OBSERVATION
52.757914,-3.898197,2018,5,United Kingdom of Great Britain and Northern Ireland,HUMAN_OBSERVATION
52.757914,-3.898197,2018,5,United Kingdom of Great Britain and Northern Ireland,HUMAN_OBSERVATION
52.757914,-3.898197,2017,11,United Kingdom of Great Britain and Northern Ireland,HUMAN_OBSERVATION
52.75899,-3.846551,2018,10,United Kingdom of Great Britain and Northern Ireland,HUMAN_OBSERVATION
52.760041,-1.939943,2016,9,United Kingdom of Great Britain and Northern Ireland,HUMAN_OBSERVATION
52.761169,-0.798875,2016,3,United Kingdom of Great Britain and Northern Ireland,HUMAN_OBSERVATION
52.761169,-0.798875,2016,10,United Kingdom of Great Britain and Northern Ireland,HUMAN_OBSERVATION
52.761566,-6.500782,2018,8,Ireland,HUMAN_OBSERVATION
52.761716,-1.321987,2016,4,United Kingdom of Great Britain and Northern Ireland,HUMAN_OBSERVATION
52.761716,-1.321987,2016,9,United Kingdom of Great Britain and Northern Ireland,HUMAN_OBSERVATION
52.761913,-1.35755,2016,4,United Kingdom of Great Britain and Northern Ireland,HUMAN_OBSERVATION
52.761913,-1.35755,2016,10,United Kingdom of Great Britain and Northern Ireland,HUMAN_OBSERVATION
52.761952,-7.570162,2016,6,Ireland,HUMAN_OBSERVATION
52.762302,-2.32672,2016,5,United Kingdom of Great Britain and Northern Ireland,HUMAN_OBSERVATION
52.765457,-3.156886,2016,4,United Kingdom of Great Britain and Northern Ireland,HUMAN_OBSERVATION
52.766411,-0.783909,2016,3,United Kingdom of Great Britain and Northern Ireland,HUMAN_OBSERVATION
52.766411,-0.783909,2016,10,United Kingdom of Great Britain and Northern Ireland,HUMAN_OBSERVATION
52.767091,-7.572408,2016,6,Ireland,HUMAN_OBSERVATION
52.767812,-3.298486,2016,4,United Kingdom of Great Britain and Northern Ireland,HUMAN_OBSERVATION
52.767812,-3.298486,2016,9,United Kingdom of Great Britain and Northern Ireland,HUMAN_OBSERVATION
52.768822,-3.10861,2021,7,United Kingdom of Great Britain and Northern Ireland,HUMAN_OBSERVATION
52.768822,-3.10861,2020,8,United Kingdom of Great Britain and Northern Ireland,HUMAN_OBSERVATION
52.768822,-3.10861,2020,8,United Kingdom of Great Britain and Northern Ireland,HUMAN_OBSERVATION
52.768822,-3.10861,2019,4,United Kingdom of Great Britain and Northern Ireland,HUMAN_OBSERVATION
52.768822,-3.10861,2019,10,United Kingdom of Great Britain and Northern Ireland,HUMAN_OBSERVATION
52.768822,-3.10861,2018,5,United Kingdom of Great Britain and Northern Ireland,HUMAN_OBSERVATION
52.768822,-3.10861,2018,9,United Kingdom of Great Britain and Northern Ireland,HUMAN_OBSERVATION
52.768822,-3.10861,2018,9,United Kingdom of Great Britain and Northern Ireland,HUMAN_OBSERVATION
52.768822,-3.10861,2017,4,United Kingdom of Great Britain and Northern Ireland,HUMAN_OBSERVATION
52.768822,-3.10861,2017,9,United Kingdom of Great Britain and Northern Ireland,HUMAN_OBSERVATION
52.768822,-3.10861,2016,5,United Kingdom of Great Britain and Northern Ireland,HUMAN_OBSERVATION
52.768822,-3.10861,2016,9,United Kingdom of Great Britain and Northern Ireland,HUMAN_OBSERVATION
52.768937,-1.839146,2016,4,United Kingdom of Great Britain and Northern Ireland,HUMAN_OBSERVATION
52.76959,-3.116797,2023,4,United Kingdom of Great Britain and Northern Ireland,HUMAN_OBSERVATION
52.76959,-3.116797,2023,8,United Kingdom of Great Britain and Northern Ireland,HUMAN_OBSERVATION
52.76959,-3.116797,2023,10,United Kingdom of Great Britain and Northern Ireland,HUMAN_OBSERVATION
52.76959,-3.116797,2022,4,United Kingdom of Great Britain and Northern Ireland,HUMAN_OBSERVATION
52.76959,-3.116797,2022,7,United Kingdom of Great Britain and Northern Ireland,HUMAN_OBSERVATION
52.76959,-3.116797,2022,10,United Kingdom of Great Britain and Northern Ireland,HUMAN_OBSERVATION
52.76959,-3.116797,2021,9,United Kingdom of Great Britain and Northern Ireland,HUMAN_OBSERVATION
52.771007,-3.162029,2016,4,United Kingdom of Great Britain and Northern Ireland,HUMAN_OBSERVATION
52.771137,-3.290343,2016,4,United Kingdom of Great Britain and Northern Ireland,HUMAN_OBSERVATION
52.771728,-1.344066,2016,10,United Kingdom of Great Britain and Northern Ireland,HUMAN_OBSERVATION
52.772498,-7.909899,2017,7,Ireland,HUMAN_OBSERVATION
52.772883,-9.019087,2016,8,Ireland,HUMAN_OBSERVATION
52.774002,-7.70076,2017,7,Ireland,HUMAN_OBSERVATION
52.774208,-1.166146,2016,3,United Kingdom of Great Britain and Northern Ireland,HUMAN_OBSERVATION
52.774311,-7.815827,2017,7,Ireland,HUMAN_OBSERVATION
52.775377,-4.093592,2017,4,United Kingdom of Great Britain and Northern Ireland,HUMAN_OBSERVATION
52.775377,-4.093592,2017,10,United Kingdom of Great Britain and Northern Ireland,HUMAN_OBSERVATION
52.775908,-8.430491,2018,8,Ireland,HUMAN_OBSERVATION
52.776575,-3.205896,2016,4,United Kingdom of Great Britain and Northern Ireland,HUMAN_OBSERVATION
52.776575,-3.205896,2016,4,United Kingdom of Great Britain and Northern Ireland,HUMAN_OBSERVATION
52.776575,-3.205896,2016,9,United Kingdom of Great Britain and Northern Ireland,HUMAN_OBSERVATION
52.776674,1.149828,2016,5,United Kingdom of Great Britain and Northern Ireland,HUMAN_OBSERVATION
52.776674,1.149828,2016,7,United Kingdom of Great Britain and Northern Ireland,HUMAN_OBSERVATION
52.776674,1.149828,2016,9,United Kingdom of Great Britain and Northern Ireland,HUMAN_OBSERVATION
52.77671,-6.709462,2016,8,Ireland,HUMAN_OBSERVATION
52.776819,-3.185252,2023,4,United Kingdom of Great Britain and Northern Ireland,HUMAN_OBSERVATION
52.776819,-3.185252,2023,10,United Kingdom of Great Britain and Northern Ireland,HUMAN_OBSERVATION
52.776819,-3.185252,2016,4,United Kingdom of Great Britain and Northern Ireland,HUMAN_OBSERVATION
52.776819,-3.185252,2016,9,United Kingdom of Great Britain and Northern Ireland,HUMAN_OBSERVATION
52.776859,-1.298033,2016,4,United Kingdom of Great Britain and Northern Ireland,HUMAN_OBSERVATION
52.776859,-1.298033,2016,9,United Kingdom of Great Britain and Northern Ireland,HUMAN_OBSERVATION
52.777618,-9.047706,2016,8,Ireland,HUMAN_OBSERVATION
52.777885,-2.334946,2016,9,United Kingdom of Great Britain and Northern Ireland,HUMAN_OBSERVATION
52.778827,0.961637,2016,4,United Kingdom of Great Britain and Northern Ireland,HUMAN_OBSERVATION
52.778827,0.961637,2016,10,United Kingdom of Great Britain and Northern Ireland,HUMAN_OBSERVATION
52.778917,-9.478947,2017,,Ireland,HUMAN_OBSERVATION
52.778951,-0.153445,2016,3,United Kingdom of Great Britain and Northern Ireland,HUMAN_OBSERVATION
52.778951,-0.153445,2016,10,United Kingdom of Great Britain and Northern Ireland,HUMAN_OBSERVATION
52.779468,1.31614,2017,6,United Kingdom of Great Britain and Northern Ireland,HUMAN_OBSERVATION
52.779689,-3.048845,2016,5,United Kingdom of Great Britain and Northern Ireland,HUMAN_OBSERVATION
52.779689,-3.048845,2016,9,United Kingdom of Great Britain and Northern Ireland,HUMAN_OBSERVATION
52.780418,-6.962869,2018,7,Ireland,HUMAN_OBSERVATION
52.78091,-9.436481,2018,7,Ireland,HUMAN_OBSERVATION
52.781131,-8.741387,2016,9,Ireland,HUMAN_OBSERVATION
52.781197,-1.437326,2016,5,United Kingdom of Great Britain and Northern Ireland,HUMAN_OBSERVATION
52.782277,-2.522573,2016,5,United Kingdom of Great Britain and Northern Ireland,HUMAN_OBSERVATION
52.782637,-0.623325,2016,3,United Kingdom of Great Britain and Northern Ireland,HUMAN_OBSERVATION
52.782637,-0.623325,2016,10,United Kingdom of Great Britain and Northern Ireland,HUMAN_OBSERVATION
52.783015,-7.546093,2016,6,Ireland,HUMAN_OBSERVATION
52.783656,-1.234169,2016,4,United Kingdom of Great Britain and Northern Ireland,HUMAN_OBSERVATION
52.783656,-1.234169,2016,10,United Kingdom of Great Britain and Northern Ireland,HUMAN_OBSERVATION
52.784208,-1.182265,2016,3,United Kingdom of Great Britain and Northern Ireland,HUMAN_OBSERVATION
52.784299,-9.029042,2016,8,Ireland,HUMAN_OBSERVATION
52.784677,1.119257,2016,5,United Kingdom of Great Britain and Northern Ireland,HUMAN_OBSERVATION
52.784677,1.119257,2016,7,United Kingdom of Great Britain and Northern Ireland,HUMAN_OBSERVATION
52.784677,1.119257,2016,9,United Kingdom of Great Britain and Northern Ireland,HUMAN_OBSERVATION
52.784699,-0.42753,2016,5,United Kingdom of Great Britain and Northern Ireland,HUMAN_OBSERVATION
52.784699,-0.42753,2016,10,United Kingdom of Great Britain and Northern Ireland,HUMAN_OBSERVATION
52.785171,-6.739023,2016,8,Ireland,HUMAN_OBSERVATION
52.785768,-2.350871,2016,9,United Kingdom of Great Britain and Northern Ireland,HUMAN_OBSERVATION
52.786862,1.138697,2016,5,United Kingdom of Great Britain and Northern Ireland,HUMAN_OBSERVATION
52.786862,1.138697,2016,7,United Kingdom of Great Britain and Northern Ireland,HUMAN_OBSERVATION
52.786862,1.138697,2016,9,United Kingdom of Great Britain and Northern Ireland,HUMAN_OBSERVATION
52.787015,-6.802551,2017,8,Ireland,HUMAN_OBSERVATION
52.787054,1.097177,2016,9,United Kingdom of Great Britain and Northern Ireland,HUMAN_OBSERVATION
52.789009,1.125501,2016,5,United Kingdom of Great Britain and Northern Ireland,HUMAN_OBSERVATION
52.78932,-6.456357,2016,6,Ireland,HUMAN_OBSERVATION
52.79026,-0.743205,2016,3,United Kingdom of Great Britain and Northern Ireland,HUMAN_OBSERVATION
52.79026,-0.743205,2016,10,United Kingdom of Great Britain and Northern Ireland,HUMAN_OBSERVATION
52.790612,-1.198457,2016,3,United Kingdom of Great Britain and Northern Ireland,HUMAN_OBSERVATION
52.790612,-1.198457,2016,10,United Kingdom of Great Britain and Northern Ireland,HUMAN_OBSERVATION
52.791106,-1.441647,2016,4,United Kingdom of Great Britain and Northern Ireland,HUMAN_OBSERVATION
52.791106,-1.441647,2016,9,United Kingdom of Great Britain and Northern Ireland,HUMAN_OBSERVATION
52.791133,-1.447578,2016,5,United Kingdom of Great Britain and Northern Ireland,HUMAN_OBSERVATION
52.791462,-7.39156,2018,10,Ireland,HUMAN_OBSERVATION
52.791955,-8.905227,2016,9,Ireland,HUMAN_OBSERVATION
52.792515,1.451402,2017,6,United Kingdom of Great Britain and Northern Ireland,HUMAN_OBSERVATION
52.792538,1.452146,2016,4,United Kingdom of Great Britain and Northern Ireland,HUMAN_OBSERVATION
52.792917,-1.444589,2016,9,United Kingdom of Great Britain and Northern Ireland,HUMAN_OBSERVATION
52.794999,-6.188049,2018,7,Ireland,HUMAN_OBSERVATION
52.796356,-9.366088,2018,7,Ireland,HUMAN_OBSERVATION
52.800486,-6.800155,2017,8,Ireland,HUMAN_OBSERVATION
52.801546,0.48098,2016,10,United Kingdom of Great Britain and Northern Ireland,HUMAN_OBSERVATION
52.801788,-6.737206,2016,8,Ireland,HUMAN_OBSERVATION
52.803163,-2.100081,2016,3,United Kingdom of Great Britain and Northern Ireland,HUMAN_OBSERVATION
52.803179,-2.079314,2016,3,United Kingdom of Great Britain and Northern Ireland,HUMAN_OBSERVATION
52.803878,-7.806598,2017,7,Ireland,HUMAN_OBSERVATION
52.804033,-9.46246,2018,7,Ireland,HUMAN_OBSERVATION
52.804126,-8.883814,2016,9,Ireland,HUMAN_OBSERVATION
52.804471,-1.256054,2016,5,United Kingdom of Great Britain and Northern Ireland,HUMAN_OBSERVATION
52.805003,-2.011083,2016,9,United Kingdom of Great Britain and Northern Ireland,HUMAN_OBSERVATION
52.8061,0.562848,2016,5,United Kingdom of Great Britain and Northern Ireland,HUMAN_OBSERVATION
52.8061,0.562848,2016,10,United Kingdom of Great Britain and Northern Ireland,HUMAN_OBSERVATION
52.80646,-4.704469,2019,4,United Kingdom of Great Britain and Northern Ireland,HUMAN_OBSERVATION
52.80646,-4.704469,2019,9,United Kingdom of Great Britain and Northern Ireland,HUMAN_OBSERVATION
52.80646,-4.704469,2019,9,United Kingdom of Great Britain and Northern Ireland,HUMAN_OBSERVATION
52.80646,-4.704469,2018,5,United Kingdom of Great Britain and Northern Ireland,HUMAN_OBSERVATION
52.80646,-4.704469,2018,10,United Kingdom of Great Britain and Northern Ireland,HUMAN_OBSERVATION
52.80646,-4.704469,2016,4,United Kingdom of Great Britain and Northern Ireland,HUMAN_OBSERVATION
52.80646,-4.704469,2016,9,United Kingdom of Great Britain and Northern Ireland,HUMAN_OBSERVATION
52.807109,-7.209752,2016,8,Ireland,HUMAN_OBSERVATION
52.807333,-3.167835,2022,10,United Kingdom of Great Britain and Northern Ireland,HUMAN_OBSERVATION
52.807352,-0.073608,2016,4,United Kingdom of Great Britain and Northern Ireland,HUMAN_OBSERVATION
52.807352,-0.073608,2016,11,United Kingdom of Great Britain and Northern Ireland,HUMAN_OBSERVATION
52.807637,-2.122343,2016,3,United Kingdom of Great Britain and Northern Ireland,HUMAN_OBSERVATION
52.808686,-8.937111,2016,8,Ireland,HUMAN_OBSERVATION
52.809175,-0.131393,2016,4,United Kingdom of Great Britain and Northern Ireland,HUMAN_OBSERVATION
52.809175,-0.131393,2016,9,United Kingdom of Great Britain and Northern Ireland,HUMAN_OBSERVATION
52.809633,-6.136591,2018,7,Ireland,HUMAN_OBSERVATION
52.809647,-3.015443,2016,5,United Kingdom of Great Britain and Northern Ireland,HUMAN_OBSERVATION
52.809647,-3.015443,2016,9,United Kingdom of Great Britain and Northern Ireland,HUMAN_OBSERVATION
52.810507,-4.713862,2019,4,United Kingdom of Great Britain and Northern Ireland,HUMAN_OBSERVATION
52.810507,-4.713862,2018,5,United Kingdom of Great Britain and Northern Ireland,HUMAN_OBSERVATION
52.810507,-4.713862,2018,10,United Kingdom of Great Britain and Northern Ireland,HUMAN_OBSERVATION
52.810507,-4.713862,2016,10,United Kingdom of Great Britain and Northern Ireland,HUMAN_OBSERVATION
52.810653,-9.077557,2016,10,Ireland,HUMAN_OBSERVATION
52.811198,-2.152024,2016,5,United Kingdom of Great Britain and Northern Ireland,HUMAN_OBSERVATION
52.811198,-2.152024,2016,9,United Kingdom of Great Britain and Northern Ireland,HUMAN_OBSERVATION
52.811394,-8.254887,2018,8,Ireland,HUMAN_OBSERVATION
52.811594,-2.377532,2016,5,United Kingdom of Great Britain and Northern Ireland,HUMAN_OBSERVATION
52.811594,-2.377532,2016,9,United Kingdom of Great Britain and Northern Ireland,HUMAN_OBSERVATION
52.81211,-7.532785,2016,6,Ireland,HUMAN_OBSERVATION
52.812461,-8.132616,2018,7,Ireland,HUMAN_OBSERVATION
52.812816,-8.179873,2018,7,Ireland,HUMAN_OBSERVATION
52.813962,-6.952014,2018,7,Ireland,HUMAN_OBSERVATION
52.814534,0.1864,2016,3,United Kingdom of Great Britain and Northern Ireland,HUMAN_OBSERVATION
52.814534,0.1864,2016,11,United Kingdom of Great Britain and Northern Ireland,HUMAN_OBSERVATION
52.815262,1.47473,2016,5,United Kingdom of Great Britain and Northern Ireland,HUMAN_OBSERVATION
52.815283,1.252071,2016,5,United Kingdom of Great Britain and Northern Ireland,HUMAN_OBSERVATION
52.815283,1.252071,2016,9,United Kingdom of Great Britain and Northern Ireland,HUMAN_OBSERVATION
52.815334,-1.432434,2016,4,United Kingdom of Great Britain and Northern Ireland,HUMAN_OBSERVATION
52.815334,-1.432434,2016,9,United Kingdom of Great Britain and Northern Ireland,HUMAN_OBSERVATION
52.815911,-6.671672,2016,8,Ireland,HUMAN_OBSERVATION
52.816171,-6.881596,2018,7,Ireland,HUMAN_OBSERVATION
52.816627,-4.549514,2019,5,United Kingdom of Great Britain and Northern Ireland,HUMAN_OBSERVATION
52.816627,-4.549514,2019,11,United Kingdom of Great Britain and Northern Ireland,HUMAN_OBSERVATION
52.816829,-8.12597,2018,7,Ireland,HUMAN_OBSERVATION
52.816917,-9.108805,2016,10,Ireland,HUMAN_OBSERVATION
52.816986,-7.782944,2017,7,Ireland,HUMAN_OBSERVATION
52.817543,-3.037885,2016,5,United Kingdom of Great Britain and Northern Ireland,HUMAN_OBSERVATION
52.817543,-3.037885,2016,9,United Kingdom of Great Britain and Northern Ireland,HUMAN_OBSERVATION
52.821435,-1.393772,2016,4,United Kingdom of Great Britain and Northern Ireland,HUMAN_OBSERVATION
52.821435,-1.393772,2016,9,United Kingdom of Great Britain and Northern Ireland,HUMAN_OBSERVATION
52.821688,-0.657708,2016,3,United Kingdom of Great Britain and Northern Ireland,HUMAN_OBSERVATION
52.821688,-0.657708,2016,10,United Kingdom of Great Britain and Northern Ireland,HUMAN_OBSERVATION
52.822126,-8.828424,2016,8,Ireland,HUMAN_OBSERVATION
52.822459,-4.069213,2023,4,United Kingdom of Great Britain and Northern Ireland,HUMAN_OBSERVATION
52.822459,-4.069213,2022,4,United Kingdom of Great Britain and Northern Ireland,HUMAN_OBSERVATION
52.822459,-4.069213,2022,7,United Kingdom of Great Britain and Northern Ireland,HUMAN_OBSERVATION
52.822459,-4.069213,2022,12,United Kingdom of Great Britain and Northern Ireland,HUMAN_OBSERVATION
52.822459,-4.069213,2022,12,United Kingdom of Great Britain and Northern Ireland,HUMAN_OBSERVATION
52.822459,-4.069213,2021,8,United Kingdom of Great Britain and Northern Ireland,HUMAN_OBSERVATION
52.822459,-4.069213,2021,11,United Kingdom of Great Britain and Northern Ireland,HUMAN_OBSERVATION
52.822459,-4.069213,2020,7,United Kingdom of Great Britain and Northern Ireland,HUMAN_OBSERVATION
52.822459,-4.069213,2019,5,United Kingdom of Great Britain and Northern Ireland,HUMAN_OBSERVATION
52.822459,-4.069213,2019,11,United Kingdom of Great Britain and Northern Ireland,HUMAN_OBSERVATION
52.822459,-4.069213,2018,5,United Kingdom of Great Britain and Northern Ireland,HUMAN_OBSERVATION
52.822459,-4.069213,2018,5,United Kingdom of Great Britain and Northern Ireland,HUMAN_OBSERVATION
52.822459,-4.069213,2018,9,United Kingdom of Great Britain and Northern Ireland,HUMAN_OBSERVATION
52.822459,-4.069213,2017,4,United Kingdom of Great Britain and Northern Ireland,HUMAN_OBSERVATION
52.822459,-4.069213,2017,10,United Kingdom of Great Britain and Northern Ireland,HUMAN_OBSERVATION
52.822459,-4.069213,2016,3,United Kingdom of Great Britain and Northern Ireland,HUMAN_OBSERVATION
52.822459,-4.069213,2016,10,United Kingdom of Great Britain and Northern Ireland,HUMAN_OBSERVATION
52.823292,-6.418542,2018,7,Ireland,HUMAN_OBSERVATION
52.823572,-3.896605,2021,10,United Kingdom of Great Britain and Northern Ireland,HUMAN_OBSERVATION
52.823572,-3.896605,2017,4,United Kingdom of Great Britain and Northern Ireland,HUMAN_OBSERVATION
52.823572,-3.896605,2017,10,United Kingdom of Great Britain and Northern Ireland,HUMAN_OBSERVATION
52.824875,-4.077625,2017,10,United Kingdom of Great Britain and Northern Ireland,HUMAN_OBSERVATION
52.825342,-4.531766,2016,3,United Kingdom of Great Britain and Northern Ireland,HUMAN_OBSERVATION
52.825342,-4.531766,2016,3,United Kingdom of Great Britain and Northern Ireland,HUMAN_OBSERVATION
52.825342,-4.531766,2016,10,United Kingdom of Great Britain and Northern Ireland,HUMAN_OBSERVATION
52.826305,1.221567,2017,6,United Kingdom of Great Britain and Northern Ireland,HUMAN_OBSERVATION
52.827332,-6.974008,2018,7,Ireland,HUMAN_OBSERVATION
52.827771,-9.410696,2018,7,Ireland,HUMAN_OBSERVATION
52.830725,-7.656226,2016,6,Ireland,HUMAN_OBSERVATION
52.831052,-1.929456,2016,4,United Kingdom of Great Britain and Northern Ireland,HUMAN_OBSERVATION
52.831156,-7.344164,2016,8,Ireland,HUMAN_OBSERVATION
52.831264,-8.657651,2016,9,Ireland,HUMAN_OBSERVATION
52.832099,-0.624731,2016,5,United Kingdom of Great Britain and Northern Ireland,HUMAN_OBSERVATION
52.832099,-0.624731,2016,9,United Kingdom of Great Britain and Northern Ireland,HUMAN_OBSERVATION
52.832174,-6.923696,2018,7,Ireland,HUMAN_OBSERVATION
52.834304,-1.147183,2016,3,United Kingdom of Great Britain and Northern Ireland,HUMAN_OBSERVATION
52.834304,-1.147183,2016,10,United Kingdom of Great Britain and Northern Ireland,HUMAN_OBSERVATION
52.835374,-7.371971,2016,6,Ireland,HUMAN_OBSERVATION
52.835708,-7.965872,2018,7,Ireland,HUMAN_OBSERVATION
52.83591,-9.416009,2018,7,Ireland,HUMAN_OBSERVATION
52.836199,1.210568,2016,6,United Kingdom of Great Britain and Northern Ireland,HUMAN_OBSERVATION
52.836356,1.115967,2017,6,United Kingdom of Great Britain and Northern Ireland,HUMAN_OBSERVATION
52.836356,1.115967,2017,6,United Kingdom of Great Britain and Northern Ireland,HUMAN_OBSERVATION
52.836689,-0.349938,2016,4,United Kingdom of Great Britain and Northern Ireland,HUMAN_OBSERVATION
52.836689,-0.349938,2016,11,United Kingdom of Great Britain and Northern Ireland,HUMAN_OBSERVATION
52.838276,0.809757,2016,3,United Kingdom of Great Britain and Northern Ireland,HUMAN_OBSERVATION
52.838276,0.809757,2016,11,United Kingdom of Great Britain and Northern Ireland,HUMAN_OBSERVATION
52.839035,-2.17439,2016,3,United Kingdom of Great Britain and Northern Ireland,HUMAN_OBSERVATION
52.839668,-9.406792,2018,7,Ireland,HUMAN_OBSERVATION
52.840288,-8.827754,2016,8,Ireland,HUMAN_OBSERVATION
52.840951,-2.048207,2016,9,United Kingdom of Great Britain and Northern Ireland,HUMAN_OBSERVATION
52.841492,-9.168279,2018,7,Ireland,HUMAN_OBSERVATION
52.8421,-1.604304,2016,4,United Kingdom of Great Britain and Northern Ireland,HUMAN_OBSERVATION
52.842886,-3.916111,2017,4,United Kingdom of Great Britain and Northern Ireland,HUMAN_OBSERVATION
52.843556,-3.915235,2021,10,United Kingdom of Great Britain and Northern Ireland,HUMAN_OBSERVATION
52.843556,-3.915235,2017,4,United Kingdom of Great Britain and Northern Ireland,HUMAN_OBSERVATION
52.843556,-3.915235,2017,10,United Kingdom of Great Britain and Northern Ireland,HUMAN_OBSERVATION
52.844145,-7.112597,2016,8,Ireland,HUMAN_OBSERVATION
52.844335,-7.174348,2016,8,Ireland,HUMAN_OBSERVATION
52.844511,-6.765751,2016,8,Ireland,HUMAN_OBSERVATION
52.845385,-6.66513,2016,8,Ireland,HUMAN_OBSERVATION
52.846034,-7.460347,2016,6,Ireland,HUMAN_OBSERVATION
52.846187,-3.051932,2017,1,United Kingdom of Great Britain and Northern Ireland,HUMAN_OBSERVATION
52.8462,-3.050447,2017,1,United Kingdom of Great Britain and Northern Ireland,HUMAN_OBSERVATION
52.846625,0.152371,2016,3,United Kingdom of Great Britain and Northern Ireland,HUMAN_OBSERVATION
52.846625,0.152371,2016,10,United Kingdom of Great Britain and Northern Ireland,HUMAN_OBSERVATION
52.846694,-7.393019,2016,6,Ireland,HUMAN_OBSERVATION
52.846736,-9.183121,2018,7,Ireland,HUMAN_OBSERVATION
52.847307,-4.586883,2019,4,United Kingdom of Great Britain and Northern Ireland,HUMAN_OBSERVATION
52.847307,-4.586883,2019,9,United Kingdom of Great Britain and Northern Ireland,HUMAN_OBSERVATION
52.847307,-4.586883,2019,9,United Kingdom of Great Britain and Northern Ireland,HUMAN_OBSERVATION
52.847307,-4.586883,2016,3,United Kingdom of Great Britain and Northern Ireland,HUMAN_OBSERVATION
52.847307,-4.586883,2016,9,United Kingdom of Great Britain and Northern Ireland,HUMAN_OBSERVATION
52.847348,-1.562681,2016,5,United Kingdom of Great Britain and Northern Ireland,HUMAN_OBSERVATION
52.847348,-1.562681,2016,10,United Kingdom of Great Britain and Northern Ireland,HUMAN_OBSERVATION
52.84767,-2.735691,2016,4,United Kingdom of Great Britain and Northern Ireland,HUMAN_OBSERVATION
52.84767,-2.735691,2016,10,United Kingdom of Great Britain and Northern Ireland,HUMAN_OBSERVATION
52.848395,-0.63461,2016,5,United Kingdom of Great Britain and Northern Ireland,HUMAN_OBSERVATION
52.848395,-0.63461,2016,8,United Kingdom of Great Britain and Northern Ireland,HUMAN_OBSERVATION
52.848395,-0.63461,2016,11,United Kingdom of Great Britain and Northern Ireland,HUMAN_OBSERVATION
52.848905,-2.679286,2016,4,United Kingdom of Great Britain and Northern Ireland,HUMAN_OBSERVATION
52.848905,-2.679286,2016,10,United Kingdom of Great Britain and Northern Ireland,HUMAN_OBSERVATION
52.849753,-8.997169,2016,9,Ireland,HUMAN_OBSERVATION
52.849804,-8.043436,2018,7,Ireland,HUMAN_OBSERVATION
52.85,4.9,2024,1,Netherlands,HUMAN_OBSERVATION
52.85,4.9,2024,2,Netherlands,HUMAN_OBSERVATION
52.85,4.9,2024,9,Netherlands,HUMAN_OBSERVATION
52.85,5.05,2024,1,Netherlands,HUMAN_OBSERVATION
52.85,5.05,2024,2,Netherlands,HUMAN_OBSERVATION
52.850711,-0.950845,2016,11,United Kingdom of Great Britain and Northern Ireland,HUMAN_OBSERVATION
52.85149,-7.531856,2016,6,Ireland,HUMAN_OBSERVATION
52.851706,-8.949602,2016,10,Ireland,HUMAN_OBSERVATION
52.851938,-6.728696,2016,8,Ireland,HUMAN_OBSERVATION
52.852112,-7.321366,2016,8,Ireland,HUMAN_OBSERVATION
52.853444,-7.638518,2016,6,Ireland,HUMAN_OBSERVATION
52.853579,-8.184331,2018,7,Ireland,HUMAN_OBSERVATION
52.853998,-8.970967,2016,10,Ireland,HUMAN_OBSERVATION
52.854865,-8.803388,2016,8,Ireland,HUMAN_OBSERVATION
52.855199,-7.583803,2016,6,Ireland,HUMAN_OBSERVATION
52.855504,-7.568251,2016,6,Ireland,HUMAN_OBSERVATION
52.856229,-8.248745,2018,8,Ireland,HUMAN_OBSERVATION
52.857843,-3.673051,2024,4,United Kingdom of Great Britain and Northern Ireland,HUMAN_OBSERVATION
52.858793,-2.18635,2016,10,United Kingdom of Great Britain and Northern Ireland,HUMAN_OBSERVATION
52.859088,-7.160143,2016,8,Ireland,HUMAN_OBSERVATION
52.860021,-9.428478,2018,7,Ireland,HUMAN_OBSERVATION
52.86247,-8.156712,2018,7,Ireland,HUMAN_OBSERVATION
52.862787,-9.084976,2016,9,Ireland,HUMAN_OBSERVATION
52.864502,-2.774597,2016,4,United Kingdom of Great Britain and Northern Ireland,HUMAN_OBSERVATION
52.864919,-2.272531,2016,5,United Kingdom of Great Britain and Northern Ireland,HUMAN_OBSERVATION
52.864985,-6.120177,2018,7,Ireland,HUMAN_OBSERVATION
52.865444,0.001762,2016,3,United Kingdom of Great Britain and Northern Ireland,HUMAN_OBSERVATION
52.865444,0.001762,2016,11,United Kingdom of Great Britain and Northern Ireland,HUMAN_OBSERVATION
52.866495,-2.555359,2016,5,United Kingdom of Great Britain and Northern Ireland,HUMAN_OBSERVATION
52.866781,-0.316112,2016,3,United Kingdom of Great Britain and Northern Ireland,HUMAN_OBSERVATION
52.870906,-7.028228,2017,8,Ireland,HUMAN_OBSERVATION
52.87213,-7.367652,2016,6,Ireland,HUMAN_OBSERVATION
52.872153,0.501355,2016,9,United Kingdom of Great Britain and Northern Ireland,HUMAN_OBSERVATION
52.872276,1.431725,2016,3,United Kingdom of Great Britain and Northern Ireland,HUMAN_OBSERVATION
52.872276,1.431725,2016,9,United Kingdom of Great Britain and Northern Ireland,HUMAN_OBSERVATION
52.872786,-1.642653,2016,3,United Kingdom of Great Britain and Northern Ireland,HUMAN_OBSERVATION
52.872786,-1.642653,2016,9,United Kingdom of Great Britain and Northern Ireland,HUMAN_OBSERVATION
52.8729,-8.183832,2018,8,Ireland,HUMAN_OBSERVATION
52.873504,0.003619,2016,3,United Kingdom of Great Britain and Northern Ireland,HUMAN_OBSERVATION
52.873721,-1.260813,2016,3,United Kingdom of Great Britain and Northern Ireland,HUMAN_OBSERVATION
52.873721,-1.260813,2016,9,United Kingdom of Great Britain and Northern Ireland,HUMAN_OBSERVATION
52.874455,1.192586,2016,6,United Kingdom of Great Britain and Northern Ireland,HUMAN_OBSERVATION
52.87577,-1.302381,2016,3,United Kingdom of Great Britain and Northern Ireland,HUMAN_OBSERVATION
52.87577,-1.302381,2016,9,United Kingdom of Great Britain and Northern Ireland,HUMAN_OBSERVATION
52.875918,-9.43492,2018,7,Ireland,HUMAN_OBSERVATION
52.876788,-9.175903,2018,7,Ireland,HUMAN_OBSERVATION
52.87725,1.140097,2016,6,United Kingdom of Great Britain and Northern Ireland,HUMAN_OBSERVATION
52.87773,-1.330581,2016,9,United Kingdom of Great Britain and Northern Ireland,HUMAN_OBSERVATION
52.877897,-0.62031,2016,5,United Kingdom of Great Britain and Northern Ireland,HUMAN_OBSERVATION
52.877897,-0.62031,2016,9,United Kingdom of Great Britain and Northern Ireland,HUMAN_OBSERVATION
52.877994,-7.287175,2016,8,Ireland,HUMAN_OBSERVATION
52.878606,-4.443093,2022,5,United Kingdom of Great Britain and Northern Ireland,HUMAN_OBSERVATION
52.879488,-6.898177,2018,7,Ireland,HUMAN_OBSERVATION
52.879632,-8.017087,2018,7,Ireland,HUMAN_OBSERVATION
52.879698,-6.933093,2018,7,Ireland,HUMAN_OBSERVATION
52.879847,-6.872896,2018,7,Ireland,HUMAN_OBSERVATION
52.880633,-7.654186,2016,6,Ireland,HUMAN_OBSERVATION
52.880992,-9.182245,2018,7,Ireland,HUMAN_OBSERVATION
52.882299,-8.280005,2018,8,Ireland,HUMAN_OBSERVATION
52.882355,1.043555,2017,6,United Kingdom of Great Britain and Northern Ireland,HUMAN_OBSERVATION
52.882797,1.030489,2016,6,United Kingdom of Great Britain and Northern Ireland,HUMAN_OBSERVATION
52.883923,-8.78451,2016,8,Ireland,HUMAN_OBSERVATION
52.884085,-7.803982,2016,7,Ireland,HUMAN_OBSERVATION
52.884887,-1.829801,2016,9,United Kingdom of Great Britain and Northern Ireland,HUMAN_OBSERVATION
52.88551,-4.48644,2022,5,United Kingdom of Great Britain and Northern Ireland,HUMAN_OBSERVATION
52.88551,-4.48644,2022,11,United Kingdom of Great Britain and Northern Ireland,HUMAN_OBSERVATION
52.888287,-8.086052,2018,7,Ireland,HUMAN_OBSERVATION
52.888355,-4.485035,2017,10,United Kingdom of Great Britain and Northern Ireland,HUMAN_OBSERVATION
52.890344,-4.069533,2016,5,United Kingdom of Great Britain and Northern Ireland,HUMAN_OBSERVATION
52.890344,-4.069533,2016,10,United Kingdom of Great Britain and Northern Ireland,HUMAN_OBSERVATION
52.890363,-1.902607,2016,9,United Kingdom of Great Britain and Northern Ireland,HUMAN_OBSERVATION
52.890727,-8.206374,2018,8,Ireland,HUMAN_OBSERVATION
52.890788,-4.491195,2016,10,United Kingdom of Great Britain and Northern Ireland,HUMAN_OBSERVATION
52.891262,-1.902605,2016,9,United Kingdom of Great Britain and Northern Ireland,HUMAN_OBSERVATION
52.892551,-6.140915,2018,7,Ireland,HUMAN_OBSERVATION
52.893251,-8.657681,2017,9,Ireland,HUMAN_OBSERVATION
52.893688,-4.461232,2022,11,United Kingdom of Great Britain and Northern Ireland,HUMAN_OBSERVATION
52.894704,-2.509061,2016,5,United Kingdom of Great Britain and Northern Ireland,HUMAN_OBSERVATION
52.894704,-2.509061,2016,10,United Kingdom of Great Britain and Northern Ireland,HUMAN_OBSERVATION
52.894826,-1.869896,2016,9,United Kingdom of Great Britain and Northern Ireland,HUMAN_OBSERVATION
52.898193,-2.266793,2016,4,United Kingdom of Great Britain and Northern Ireland,HUMAN_OBSERVATION
52.898868,1.11214,2017,6,United Kingdom of Great Britain and Northern Ireland,HUMAN_OBSERVATION
52.9,5,2025,2,Netherlands,HUMAN_OBSERVATION
52.9,5,2024,2,Netherlands,HUMAN_OBSERVATION
52.900167,-8.678353,2017,8,Ireland,HUMAN_OBSERVATION
52.900826,-4.328945,2019,8,United Kingdom of Great Britain and Northern Ireland,HUMAN_OBSERVATION
52.901391,-1.383737,2016,5,United Kingdom of Great Britain and Northern Ireland,HUMAN_OBSERVATION
52.901391,-1.383737,2016,9,United Kingdom of Great Britain and Northern Ireland,HUMAN_OBSERVATION
52.901534,-1.411982,2016,3,United Kingdom of Great Britain and Northern Ireland,HUMAN_OBSERVATION
52.901568,-6.976097,2017,8,Ireland,HUMAN_OBSERVATION
52.901877,-0.026297,2016,3,United Kingdom of Great Britain and Northern Ireland,HUMAN_OBSERVATION
52.901877,-0.026297,2016,11,United Kingdom of Great Britain and Northern Ireland,HUMAN_OBSERVATION
52.902002,-6.071417,2018,7,Ireland,HUMAN_OBSERVATION
52.902042,-4.381807,2023,5,United Kingdom of Great Britain and Northern Ireland,HUMAN_OBSERVATION
52.902042,-4.381807,2023,8,United Kingdom of Great Britain and Northern Ireland,HUMAN_OBSERVATION
52.902042,-4.381807,2022,4,United Kingdom of Great Britain and Northern Ireland,HUMAN_OBSERVATION
52.902042,-4.381807,2022,8,United Kingdom of Great Britain and Northern Ireland,HUMAN_OBSERVATION
52.902042,-4.381807,2022,11,United Kingdom of Great Britain and Northern Ireland,HUMAN_OBSERVATION
52.902042,-4.381807,2021,4,United Kingdom of Great Britain and Northern Ireland,HUMAN_OBSERVATION
52.902042,-4.381807,2021,8,United Kingdom of Great Britain and Northern Ireland,HUMAN_OBSERVATION
52.902042,-4.381807,2021,11,United Kingdom of Great Britain and Northern Ireland,HUMAN_OBSERVATION
52.902042,-4.381807,2020,11,United Kingdom of Great Britain and Northern Ireland,HUMAN_OBSERVATION
52.902042,-4.381807,2019,5,United Kingdom of Great Britain and Northern Ireland,HUMAN_OBSERVATION
52.902042,-4.381807,2019,9,United Kingdom of Great Britain and Northern Ireland,HUMAN_OBSERVATION
52.902042,-4.381807,2018,5,United Kingdom of Great Britain and Northern Ireland,HUMAN_OBSERVATION
52.902042,-4.381807,2018,10,United Kingdom of Great Britain and Northern Ireland,HUMAN_OBSERVATION
52.902042,-4.381807,2017,4,United Kingdom of Great Britain and Northern Ireland,HUMAN_OBSERVATION
52.902042,-4.381807,2017,11,United Kingdom of Great Britain and Northern Ireland,HUMAN_OBSERVATION
52.902042,-4.381807,2016,4,United Kingdom of Great Britain and Northern Ireland,HUMAN_OBSERVATION
52.902042,-4.381807,2016,10,United Kingdom of Great Britain and Northern Ireland,HUMAN_OBSERVATION
52.902409,-6.858752,2018,7,Ireland,HUMAN_OBSERVATION
52.902409,-6.858752,2017,8,Ireland,HUMAN_OBSERVATION
52.90242,1.255623,2016,6,United Kingdom of Great Britain and Northern Ireland,HUMAN_OBSERVATION
52.905481,-0.25662,2016,10,United Kingdom of Great Britain and Northern Ireland,HUMAN_OBSERVATION
52.905532,-1.177009,2016,4,United Kingdom of Great Britain and Northern Ireland,HUMAN_OBSERVATION
52.905876,-3.607511,2018,4,United Kingdom of Great Britain and Northern Ireland,HUMAN_OBSERVATION
52.906235,-7.916684,2018,7,Ireland,HUMAN_OBSERVATION
52.906251,-8.527657,2017,8,Ireland,HUMAN_OBSERVATION
52.90686,-1.398528,2016,5,United Kingdom of Great Britain and Northern Ireland,HUMAN_OBSERVATION
52.90686,-1.398528,2016,11,United Kingdom of Great Britain and Northern Ireland,HUMAN_OBSERVATION
52.907042,-1.435697,2016,9,United Kingdom of Great Britain and Northern Ireland,HUMAN_OBSERVATION
52.907392,-1.185896,2016,4,United Kingdom of Great Britain and Northern Ireland,HUMAN_OBSERVATION
52.908276,-9.233405,2018,7,Ireland,HUMAN_OBSERVATION
52.908571,1.063422,2017,6,United Kingdom of Great Britain and Northern Ireland,HUMAN_OBSERVATION
52.908974,0.503477,2016,5,United Kingdom of Great Britain and Northern Ireland,HUMAN_OBSERVATION
52.908974,0.503477,2016,9,United Kingdom of Great Britain and Northern Ireland,HUMAN_OBSERVATION
52.909132,-9.070376,2016,9,Ireland,HUMAN_OBSERVATION
52.910456,-6.832105,2018,7,Ireland,HUMAN_OBSERVATION
52.910456,-6.832105,2017,8,Ireland,HUMAN_OBSERVATION
52.910928,-8.534257,2017,8,Ireland,HUMAN_OBSERVATION
52.912891,-4.098979,2019,9,United Kingdom of Great Britain and Northern Ireland,HUMAN_OBSERVATION
52.913548,-6.832026,2018,7,Ireland,HUMAN_OBSERVATION
52.913548,-6.832026,2017,8,Ireland,HUMAN_OBSERVATION
52.913703,-4.323293,2019,4,United Kingdom of Great Britain and Northern Ireland,HUMAN_OBSERVATION
52.913703,-4.323293,2019,9,United Kingdom of Great Britain and Northern Ireland,HUMAN_OBSERVATION
52.914683,-8.251574,2018,8,Ireland,HUMAN_OBSERVATION
52.914906,-7.997892,2017,7,Ireland,HUMAN_OBSERVATION
52.916115,-7.375329,2016,6,Ireland,HUMAN_OBSERVATION
52.917355,-4.288933,2022,5,United Kingdom of Great Britain and Northern Ireland,HUMAN_OBSERVATION
52.917355,-4.288933,2016,4,United Kingdom of Great Britain and Northern Ireland,HUMAN_OBSERVATION
52.917355,-4.288933,2016,10,United Kingdom of Great Britain and Northern Ireland,HUMAN_OBSERVATION
52.91913,0.887892,2016,3,United Kingdom of Great Britain and Northern Ireland,HUMAN_OBSERVATION
52.91913,0.887892,2016,11,United Kingdom of Great Britain and Northern Ireland,HUMAN_OBSERVATION
52.920658,-7.022283,2017,8,Ireland,HUMAN_OBSERVATION
52.923085,-7.394349,2016,6,Ireland,HUMAN_OBSERVATION
52.923846,-6.112063,2018,7,Ireland,HUMAN_OBSERVATION
52.92567,-9.164791,2016,8,Ireland,HUMAN_OBSERVATION
52.926373,-0.614307,2016,7,United Kingdom of Great Britain and Northern Ireland,HUMAN_OBSERVATION
52.927002,-1.475602,2016,10,United Kingdom of Great Britain and Northern Ireland,HUMAN_OBSERVATION
52.927002,-1.475602,2016,11,United Kingdom of Great Britain and Northern Ireland,HUMAN_OBSERVATION
52.927307,-0.617252,2016,7,United Kingdom of Great Britain and Northern Ireland,HUMAN_OBSERVATION
52.927325,-7.463593,2016,7,Ireland,HUMAN_OBSERVATION
52.927454,-6.041157,2018,7,Ireland,HUMAN_OBSERVATION
52.927695,-1.430966,2016,3,United Kingdom of Great Britain and Northern Ireland,HUMAN_OBSERVATION
52.927695,-1.430966,2016,10,United Kingdom of Great Britain and Northern Ireland,HUMAN_OBSERVATION
52.928646,-4.564502,2016,5,United Kingdom of Great Britain and Northern Ireland,HUMAN_OBSERVATION
52.928646,-4.564502,2016,9,United Kingdom of Great Britain and Northern Ireland,HUMAN_OBSERVATION
52.92919,-0.624631,2016,7,United Kingdom of Great Britain and Northern Ireland,HUMAN_OBSERVATION
52.931519,1.041797,2017,6,United Kingdom of Great Britain and Northern Ireland,HUMAN_OBSERVATION
52.931658,-1.848958,2016,4,United Kingdom of Great Britain and Northern Ireland,HUMAN_OBSERVATION
52.933036,-8.027562,2017,7,Ireland,HUMAN_OBSERVATION
52.933443,-7.687333,2016,7,Ireland,HUMAN_OBSERVATION
52.93354,-1.948631,2016,4,United Kingdom of Great Britain and Northern Ireland,HUMAN_OBSERVATION
52.934146,-4.140638,2021,4,United Kingdom of Great Britain and Northern Ireland,HUMAN_OBSERVATION
52.934146,-4.140638,2021,11,United Kingdom of Great Britain and Northern Ireland,HUMAN_OBSERVATION
52.934146,-4.140638,2016,4,United Kingdom of Great Britain and Northern Ireland,HUMAN_OBSERVATION
52.934146,-4.140638,2016,10,United Kingdom of Great Britain and Northern Ireland,HUMAN_OBSERVATION
52.934146,-4.140638,2016,10,United Kingdom of Great Britain and Northern Ireland,HUMAN_OBSERVATION
52.93436,-4.002097,2021,8,United Kingdom of Great Britain and Northern Ireland,HUMAN_OBSERVATION
52.93436,-4.002097,2021,10,United Kingdom of Great Britain and Northern Ireland,HUMAN_OBSERVATION
52.93436,-4.002097,2018,5,United Kingdom of Great Britain and Northern Ireland,HUMAN_OBSERVATION
52.93436,-4.002097,2018,9,United Kingdom of Great Britain and Northern Ireland,HUMAN_OBSERVATION
52.93436,-4.002097,2017,4,United Kingdom of Great Britain and Northern Ireland,HUMAN_OBSERVATION
52.93436,-4.002097,2017,11,United Kingdom of Great Britain and Northern Ireland,HUMAN_OBSERVATION
52.93436,-4.002097,2016,3,United Kingdom of Great Britain and Northern Ireland,HUMAN_OBSERVATION
52.93436,-4.002097,2016,3,United Kingdom of Great Britain and Northern Ireland,HUMAN_OBSERVATION
52.93436,-4.002097,2016,10,United Kingdom of Great Britain and Northern Ireland,HUMAN_OBSERVATION
52.936241,-1.960531,2016,4,United Kingdom of Great Britain and Northern Ireland,HUMAN_OBSERVATION
52.936626,-4.38213,2023,5,United Kingdom of Great Britain and Northern Ireland,HUMAN_OBSERVATION
52.936626,-4.38213,2016,4,United Kingdom of Great Britain and Northern Ireland,HUMAN_OBSERVATION
52.936626,-4.38213,2016,9,United Kingdom of Great Britain and Northern Ireland,HUMAN_OBSERVATION
52.937143,-7.33993,2016,6,Ireland,HUMAN_OBSERVATION
52.937507,-9.292349,2018,7,Ireland,HUMAN_OBSERVATION
52.93972,-1.506696,2016,6,United Kingdom of Great Britain and Northern Ireland,HUMAN_OBSERVATION
52.940214,-6.953218,2018,6,Ireland,HUMAN_OBSERVATION
52.940364,-1.280511,2016,3,United Kingdom of Great Britain and Northern Ireland,HUMAN_OBSERVATION
52.940364,-1.280511,2016,9,United Kingdom of Great Britain and Northern Ireland,HUMAN_OBSERVATION
52.940546,-6.890418,2017,8,Ireland,HUMAN_OBSERVATION
52.940598,-6.709123,2016,8,Ireland,HUMAN_OBSERVATION
52.941321,-4.367668,2022,11,United Kingdom of Great Britain and Northern Ireland,HUMAN_OBSERVATION
52.942215,1.040954,2017,6,United Kingdom of Great Britain and Northern Ireland,HUMAN_OBSERVATION
52.942955,-1.130168,2016,5,United Kingdom of Great Britain and Northern Ireland,HUMAN_OBSERVATION
52.942955,-1.130168,2016,9,United Kingdom of Great Britain and Northern Ireland,HUMAN_OBSERVATION
52.945822,-3.019373,2023,7,United Kingdom of Great Britain and Northern Ireland,HUMAN_OBSERVATION
52.945822,-3.019373,2020,7,United Kingdom of Great Britain and Northern Ireland,HUMAN_OBSERVATION
52.945822,-3.019373,2020,10,United Kingdom of Great Britain and Northern Ireland,HUMAN_OBSERVATION
52.945822,-3.019373,2018,4,United Kingdom of Great Britain and Northern Ireland,HUMAN_OBSERVATION
52.946031,-1.183682,2016,3,United Kingdom of Great Britain and Northern Ireland,HUMAN_OBSERVATION
52.946031,-1.183682,2016,9,United Kingdom of Great Britain and Northern Ireland,HUMAN_OBSERVATION
52.94634,-0.051066,2016,3,United Kingdom of Great Britain and Northern Ireland,HUMAN_OBSERVATION
52.947121,-1.560188,2016,6,United Kingdom of Great Britain and Northern Ireland,HUMAN_OBSERVATION
52.947159,-1.570605,2016,6,United Kingdom of Great Britain and Northern Ireland,HUMAN_OBSERVATION
52.947872,-4.104058,2016,4,United Kingdom of Great Britain and Northern Ireland,HUMAN_OBSERVATION
52.947872,-4.104058,2016,9,United Kingdom of Great Britain and Northern Ireland,HUMAN_OBSERVATION
52.947901,-3.987599,2021,4,United Kingdom of Great Britain and Northern Ireland,HUMAN_OBSERVATION
52.947901,-3.987599,2021,10,United Kingdom of Great Britain and Northern Ireland,HUMAN_OBSERVATION
52.947901,-3.987599,2016,5,United Kingdom of Great Britain and Northern Ireland,HUMAN_OBSERVATION
52.947901,-3.987599,2016,10,United Kingdom of Great Britain and Northern Ireland,HUMAN_OBSERVATION
52.947901,-3.987599,2016,10,United Kingdom of Great Britain and Northern Ireland,HUMAN_OBSERVATION
52.948031,-1.563155,2016,6,United Kingdom of Great Britain and Northern Ireland,HUMAN_OBSERVATION
52.948036,-1.564644,2016,6,United Kingdom of Great Britain and Northern Ireland,HUMAN_OBSERVATION
52.950485,0.741099,2016,3,United Kingdom of Great Britain and Northern Ireland,HUMAN_OBSERVATION
52.950485,0.741099,2016,11,United Kingdom of Great Britain and Northern Ireland,HUMAN_OBSERVATION
52.950624,-2.0394,2016,3,United Kingdom of Great Britain and Northern Ireland,HUMAN_OBSERVATION
52.950624,-2.0394,2016,10,United Kingdom of Great Britain and Northern Ireland,HUMAN_OBSERVATION
52.951428,-1.844424,2016,4,United Kingdom of Great Britain and Northern Ireland,HUMAN_OBSERVATION
52.951428,-1.844424,2016,10,United Kingdom of Great Britain and Northern Ireland,HUMAN_OBSERVATION
52.951502,-4.095585,2021,4,United Kingdom of Great Britain and Northern Ireland,HUMAN_OBSERVATION
52.951502,-4.095585,2021,11,United Kingdom of Great Britain and Northern Ireland,HUMAN_OBSERVATION
52.951502,-4.095585,2016,5,United Kingdom of Great Britain and Northern Ireland,HUMAN_OBSERVATION
52.951502,-4.095585,2016,10,United Kingdom of Great Britain and Northern Ireland,HUMAN_OBSERVATION
52.952478,11.153233,2019,8,Germany,HUMAN_OBSERVATION
52.954348,-7.961914,2017,7,Ireland,HUMAN_OBSERVATION
52.955388,-8.060967,2017,7,Ireland,HUMAN_OBSERVATION
52.955553,-7.400231,2016,6,Ireland,HUMAN_OBSERVATION
52.956389,-4.100044,2022,8,United Kingdom of Great Britain and Northern Ireland,HUMAN_OBSERVATION
52.956389,-4.100044,2022,8,United Kingdom of Great Britain and Northern Ireland,HUMAN_OBSERVATION
52.956625,-1.466312,2016,3,United Kingdom of Great Britain and Northern Ireland,HUMAN_OBSERVATION
52.956625,-1.466312,2016,11,United Kingdom of Great Britain and Northern Ireland,HUMAN_OBSERVATION
52.956909,-7.79617,2017,6,Ireland,HUMAN_OBSERVATION
52.956923,-1.991772,2016,4,United Kingdom of Great Britain and Northern Ireland,HUMAN_OBSERVATION
52.959169,-7.460961,2016,7,Ireland,HUMAN_OBSERVATION
52.959813,-8.663524,2018,8,Ireland,HUMAN_OBSERVATION
52.959813,-8.663524,2017,8,Ireland,HUMAN_OBSERVATION
52.961418,-1.993259,2016,4,United Kingdom of Great Britain and Northern Ireland,HUMAN_OBSERVATION
52.962059,-3.95031,2016,3,United Kingdom of Great Britain and Northern Ireland,HUMAN_OBSERVATION
52.962059,-3.95031,2016,3,United Kingdom of Great Britain and Northern Ireland,HUMAN_OBSERVATION
52.962059,-3.95031,2016,10,United Kingdom of Great Britain and Northern Ireland,HUMAN_OBSERVATION
52.962296,-3.053825,2022,5,United Kingdom of Great Britain and Northern Ireland,HUMAN_OBSERVATION
52.962296,-3.053825,2022,5,United Kingdom of Great Britain and Northern Ireland,HUMAN_OBSERVATION
52.962296,-3.053825,2018,5,United Kingdom of Great Britain and Northern Ireland,HUMAN_OBSERVATION
52.962296,-3.053825,2018,5,United Kingdom of Great Britain and Northern Ireland,HUMAN_OBSERVATION
52.962296,-3.053825,2018,9,United Kingdom of Great Britain and Northern Ireland,HUMAN_OBSERVATION
52.962296,-3.053825,2017,4,United Kingdom of Great Britain and Northern Ireland,HUMAN_OBSERVATION
52.962389,-0.619111,2016,4,United Kingdom of Great Britain and Northern Ireland,HUMAN_OBSERVATION
52.962389,-0.619111,2016,9,United Kingdom of Great Britain and Northern Ireland,HUMAN_OBSERVATION
52.962417,-7.836571,2017,6,Ireland,HUMAN_OBSERVATION
52.963948,-2.198713,2016,9,United Kingdom of Great Britain and Northern Ireland,HUMAN_OBSERVATION
52.96462,-7.837063,2017,6,Ireland,HUMAN_OBSERVATION
52.964753,-0.751551,2016,5,United Kingdom of Great Britain and Northern Ireland,HUMAN_OBSERVATION
52.965081,-7.563606,2016,7,Ireland,HUMAN_OBSERVATION
52.965748,-2.197233,2016,3,United Kingdom of Great Britain and Northern Ireland,HUMAN_OBSERVATION
52.965795,-1.181821,2016,3,United Kingdom of Great Britain and Northern Ireland,HUMAN_OBSERVATION
52.965921,-9.084703,2016,8,Ireland,HUMAN_OBSERVATION
52.965943,-0.694936,2016,9,United Kingdom of Great Britain and Northern Ireland,HUMAN_OBSERVATION
52.968258,-4.161014,2021,10,United Kingdom of Great Britain and Northern Ireland,HUMAN_OBSERVATION
52.968258,-4.161014,2016,8,United Kingdom of Great Britain and Northern Ireland,HUMAN_OBSERVATION
52.969063,-3.950833,2016,10,United Kingdom of Great Britain and Northern Ireland,HUMAN_OBSERVATION
52.969098,-7.894654,2017,6,Ireland,HUMAN_OBSERVATION
52.969183,-1.460202,2016,4,United Kingdom of Great Britain and Northern Ireland,HUMAN_OBSERVATION
52.969183,-1.460202,2016,10,United Kingdom of Great Britain and Northern Ireland,HUMAN_OBSERVATION
52.970394,-3.08696,2017,4,United Kingdom of Great Britain and Northern Ireland,HUMAN_OBSERVATION
52.970394,-3.08696,2017,11,United Kingdom of Great Britain and Northern Ireland,HUMAN_OBSERVATION
52.97059,-3.081232,2019,4,United Kingdom of Great Britain and Northern Ireland,HUMAN_OBSERVATION
52.97059,-3.081232,2019,11,United Kingdom of Great Britain and Northern Ireland,HUMAN_OBSERVATION
52.97059,-3.081232,2017,4,United Kingdom of Great Britain and Northern Ireland,HUMAN_OBSERVATION
52.97059,-3.081232,2017,10,United Kingdom of Great Britain and Northern Ireland,HUMAN_OBSERVATION
52.971006,-1.037281,2016,4,United Kingdom of Great Britain and Northern Ireland,HUMAN_OBSERVATION
52.971006,-1.037281,2016,9,United Kingdom of Great Britain and Northern Ireland,HUMAN_OBSERVATION
52.971143,-9.308724,2018,7,Ireland,HUMAN_OBSERVATION
52.97117,-8.573678,2017,8,Ireland,HUMAN_OBSERVATION
52.971306,-1.99028,2016,4,United Kingdom of Great Britain and Northern Ireland,HUMAN_OBSERVATION
52.97311,-1.075953,2016,4,United Kingdom of Great Britain and Northern Ireland,HUMAN_OBSERVATION
52.97311,-1.075953,2016,9,United Kingdom of Great Britain and Northern Ireland,HUMAN_OBSERVATION
52.973755,-2.521903,2016,4,United Kingdom of Great Britain and Northern Ireland,HUMAN_OBSERVATION
52.973755,-2.521903,2016,9,United Kingdom of Great Britain and Northern Ireland,HUMAN_OBSERVATION
52.975604,-2.510011,2016,3,United Kingdom of Great Britain and Northern Ireland,HUMAN_OBSERVATION
52.9758,-0.612726,2016,4,United Kingdom of Great Britain and Northern Ireland,HUMAN_OBSERVATION
52.9758,-0.612726,2016,9,United Kingdom of Great Britain and Northern Ireland,HUMAN_OBSERVATION
52.975989,-7.473074,2016,7,Ireland,HUMAN_OBSERVATION
52.97626,-0.502499,2016,3,United Kingdom of Great Britain and Northern Ireland,HUMAN_OBSERVATION
52.97626,-0.502499,2016,10,United Kingdom of Great Britain and Northern Ireland,HUMAN_OBSERVATION
52.977089,-9.297617,2018,7,Ireland,HUMAN_OBSERVATION
52.977614,-3.265867,2019,11,United Kingdom of Great Britain and Northern Ireland,HUMAN_OBSERVATION
52.978352,-3.084732,2023,4,United Kingdom of Great Britain and Northern Ireland,HUMAN_OBSERVATION
52.978352,-3.084732,2023,10,United Kingdom of Great Britain and Northern Ireland,HUMAN_OBSERVATION
52.978352,-3.084732,2019,4,United Kingdom of Great Britain and Northern Ireland,HUMAN_OBSERVATION
52.978352,-3.084732,2019,11,United Kingdom of Great Britain and Northern Ireland,HUMAN_OBSERVATION
52.978352,-3.084732,2017,10,United Kingdom of Great Britain and Northern Ireland,HUMAN_OBSERVATION
52.979962,-3.406421,2019,4,United Kingdom of Great Britain and Northern Ireland,HUMAN_OBSERVATION
52.979962,-3.406421,2019,11,United Kingdom of Great Britain and Northern Ireland,HUMAN_OBSERVATION
52.979962,-3.406421,2017,5,United Kingdom of Great Britain and Northern Ireland,HUMAN_OBSERVATION
52.980121,-2.203256,2016,9,United Kingdom of Great Britain and Northern Ireland,HUMAN_OBSERVATION
52.980321,-6.769471,2017,7,Ireland,HUMAN_OBSERVATION
52.981025,-2.200281,2016,9,United Kingdom of Great Britain and Northern Ireland,HUMAN_OBSERVATION
52.982766,-3.368797,2017,4,United Kingdom of Great Britain and Northern Ireland,HUMAN_OBSERVATION
52.982766,-3.368797,2017,11,United Kingdom of Great Britain and Northern Ireland,HUMAN_OBSERVATION
52.982813,-2.206247,2016,9,United Kingdom of Great Britain and Northern Ireland,HUMAN_OBSERVATION
52.983284,-7.800779,2017,8,Ireland,HUMAN_OBSERVATION
52.983968,-6.809656,2017,7,Ireland,HUMAN_OBSERVATION
52.984569,-1.483842,2016,4,United Kingdom of Great Britain and Northern Ireland,HUMAN_OBSERVATION
52.984569,-1.483842,2016,10,United Kingdom of Great Britain and Northern Ireland,HUMAN_OBSERVATION
52.986776,-0.987772,2016,5,United Kingdom of Great Britain and Northern Ireland,HUMAN_OBSERVATION
52.987045,-2.76055,2017,4,United Kingdom of Great Britain and Northern Ireland,HUMAN_OBSERVATION
52.98951,-0.992178,2016,3,United Kingdom of Great Britain and Northern Ireland,HUMAN_OBSERVATION
52.98951,-0.992178,2016,10,United Kingdom of Great Britain and Northern Ireland,HUMAN_OBSERVATION
52.99073,-8.145179,2018,8,Ireland,HUMAN_OBSERVATION
52.990871,-8.820676,2016,8,Ireland,HUMAN_OBSERVATION
52.991457,-7.174551,2017,7,Ireland,HUMAN_OBSERVATION
52.992427,-2.566822,2016,4,United Kingdom of Great Britain and Northern Ireland,HUMAN_OBSERVATION
52.992427,-2.566822,2016,9,United Kingdom of Great Britain and Northern Ireland,HUMAN_OBSERVATION
52.993326,-2.566834,2016,9,United Kingdom of Great Britain and Northern Ireland,HUMAN_OBSERVATION
52.993777,-1.978356,2016,4,United Kingdom of Great Britain and Northern Ireland,HUMAN_OBSERVATION
52.993889,-7.299156,2018,6,Ireland,HUMAN_OBSERVATION
52.995679,-6.082661,2018,7,Ireland,HUMAN_OBSERVATION
52.996248,-1.482213,2016,4,United Kingdom of Great Britain and Northern Ireland,HUMAN_OBSERVATION
52.997661,-9.020137,2022,3,Ireland,HUMAN_OBSERVATION
52.99822,-1.52391,2016,3,United Kingdom of Great Britain and Northern Ireland,HUMAN_OBSERVATION
52.99822,-1.52391,2016,10,United Kingdom of Great Britain and Northern Ireland,HUMAN_OBSERVATION
52.998637,-2.840098,2023,4,United Kingdom of Great Britain and Northern Ireland,HUMAN_OBSERVATION
52.998637,-2.840098,2023,10,United Kingdom of Great Britain and Northern Ireland,HUMAN_OBSERVATION
52.998637,-2.840098,2019,5,United Kingdom of Great Britain and Northern Ireland,HUMAN_OBSERVATION
52.998929,-1.759323,2016,4,United Kingdom of Great Britain and Northern Ireland,HUMAN_OBSERVATION
52.99902,-2.863127,2019,5,United Kingdom of Great Britain and Northern Ireland,HUMAN_OBSERVATION
52.99902,-2.863127,2019,9,United Kingdom of Great Britain and Northern Ireland,HUMAN_OBSERVATION
52.99902,-2.863127,2017,4,United Kingdom of Great Britain and Northern Ireland,HUMAN_OBSERVATION
52.99902,-2.863127,2017,9,United Kingdom of Great Britain and Northern Ireland,HUMAN_OBSERVATION
52.99902,-2.863127,2017,9,United Kingdom of Great Britain and Northern Ireland,HUMAN_OBSERVATION
52.999777,-0.020345,2016,5,United Kingdom of Great Britain and Northern Ireland,HUMAN_OBSERVATION
53.000941,-1.194568,2016,4,United Kingdom of Great Britain and Northern Ireland,HUMAN_OBSERVATION
53.000941,-1.194568,2016,9,United Kingdom of Great Britain and Northern Ireland,HUMAN_OBSERVATION
53.001411,-7.165917,2017,7,Ireland,HUMAN_OBSERVATION
53.001867,-1.975372,2016,4,United Kingdom of Great Britain and Northern Ireland,HUMAN_OBSERVATION
53.00242,-2.913414,2017,11,United Kingdom of Great Britain and Northern Ireland,HUMAN_OBSERVATION
53.002766,-1.975372,2016,4,United Kingdom of Great Britain and Northern Ireland,HUMAN_OBSERVATION
53.003002,-0.892019,2016,4,United Kingdom of Great Britain and Northern Ireland,HUMAN_OBSERVATION
53.003002,-0.892019,2016,11,United Kingdom of Great Britain and Northern Ireland,HUMAN_OBSERVATION
53.003302,-0.829422,2016,3,United Kingdom of Great Britain and Northern Ireland,HUMAN_OBSERVATION
53.003302,-0.829422,2016,10,United Kingdom of Great Britain and Northern Ireland,HUMAN_OBSERVATION
53.003763,-0.976943,2016,4,United Kingdom of Great Britain and Northern Ireland,HUMAN_OBSERVATION
53.00417,-1.444864,2016,9,United Kingdom of Great Britain and Northern Ireland,HUMAN_OBSERVATION
53.00582,-6.084513,2018,7,Ireland,HUMAN_OBSERVATION
53.005842,-9.235595,2018,7,Ireland,HUMAN_OBSERVATION
53.006025,-6.810355,2017,7,Ireland,HUMAN_OBSERVATION
53.008198,-6.962194,2018,6,Ireland,HUMAN_OBSERVATION
53.008483,-2.370307,2016,3,United Kingdom of Great Britain and Northern Ireland,HUMAN_OBSERVATION
53.008483,-2.370307,2016,9,United Kingdom of Great Britain and Northern Ireland,HUMAN_OBSERVATION
53.010683,-0.385045,2016,9,United Kingdom of Great Britain and Northern Ireland,HUMAN_OBSERVATION
53.012283,-2.868907,2023,4,United Kingdom of Great Britain and Northern Ireland,HUMAN_OBSERVATION
53.012283,-2.868907,2022,8,United Kingdom of Great Britain and Northern Ireland,HUMAN_OBSERVATION
53.012283,-2.868907,2020,10,United Kingdom of Great Britain and Northern Ireland,HUMAN_OBSERVATION
53.012283,-2.868907,2019,5,United Kingdom of Great Britain and Northern Ireland,HUMAN_OBSERVATION
53.012283,-2.868907,2019,9,United Kingdom of Great Britain and Northern Ireland,HUMAN_OBSERVATION
53.012283,-2.868907,2018,5,United Kingdom of Great Britain and Northern Ireland,HUMAN_OBSERVATION
53.012283,-2.868907,2018,9,United Kingdom of Great Britain and Northern Ireland,HUMAN_OBSERVATION
53.012283,-2.868907,2017,4,United Kingdom of Great Britain and Northern Ireland,HUMAN_OBSERVATION
53.012283,-2.868907,2017,10,United Kingdom of Great Britain and Northern Ireland,HUMAN_OBSERVATION
53.012283,-2.868907,2016,5,United Kingdom of Great Britain and Northern Ireland,HUMAN_OBSERVATION
53.012283,-2.868907,2016,5,United Kingdom of Great Britain and Northern Ireland,HUMAN_OBSERVATION
53.012283,-2.868907,2016,11,United Kingdom of Great Britain and Northern Ireland,HUMAN_OBSERVATION
53.013131,-1.438787,2016,3,United Kingdom of Great Britain and Northern Ireland,HUMAN_OBSERVATION
53.014143,-8.866797,2016,8,Ireland,HUMAN_OBSERVATION
53.015009,-8.844748,2016,8,Ireland,HUMAN_OBSERVATION
53.015222,-6.753839,2017,7,Ireland,HUMAN_OBSERVATION
53.015418,-0.402757,2016,1,United Kingdom of Great Britain and Northern Ireland,HUMAN_OBSERVATION
53.015596,-4.014547,2024,4,United Kingdom of Great Britain and Northern Ireland,HUMAN_OBSERVATION
53.016147,-6.125848,2018,7,Ireland,HUMAN_OBSERVATION
53.016587,-2.365904,2016,3,United Kingdom of Great Britain and Northern Ireland,HUMAN_OBSERVATION
53.016587,-2.365904,2016,9,United Kingdom of Great Britain and Northern Ireland,HUMAN_OBSERVATION
53.01883,-7.017317,2017,7,Ireland,HUMAN_OBSERVATION
53.018947,-7.915628,2017,6,Ireland,HUMAN_OBSERVATION
53.019739,-2.160211,2016,3,United Kingdom of Great Britain and Northern Ireland,HUMAN_OBSERVATION
53.020303,-0.365304,2016,3,United Kingdom of Great Britain and Northern Ireland,HUMAN_OBSERVATION
53.020303,-0.365304,2016,9,United Kingdom of Great Britain and Northern Ireland,HUMAN_OBSERVATION
53.020383,-3.559702,2023,3,United Kingdom of Great Britain and Northern Ireland,HUMAN_OBSERVATION
53.020383,-3.559702,2023,10,United Kingdom of Great Britain and Northern Ireland,HUMAN_OBSERVATION
53.020383,-3.559702,2019,4,United Kingdom of Great Britain and Northern Ireland,HUMAN_OBSERVATION
53.020383,-3.559702,2019,11,United Kingdom of Great Britain and Northern Ireland,HUMAN_OBSERVATION
53.020557,-7.494382,2016,7,Ireland,HUMAN_OBSERVATION
53.021968,-7.111417,2017,7,Ireland,HUMAN_OBSERVATION
53.022551,-7.286875,2018,6,Ireland,HUMAN_OBSERVATION
53.023861,-3.727629,2021,10,United Kingdom of Great Britain and Northern Ireland,HUMAN_OBSERVATION
53.024733,-9.306507,2018,7,Ireland,HUMAN_OBSERVATION
53.02673,-6.771324,2017,7,Ireland,HUMAN_OBSERVATION
53.027748,-1.490782,2016,5,United Kingdom of Great Britain and Northern Ireland,HUMAN_OBSERVATION
53.027748,-1.490782,2016,10,United Kingdom of Great Britain and Northern Ireland,HUMAN_OBSERVATION
53.027868,-2.9018,2016,5,United Kingdom of Great Britain and Northern Ireland,HUMAN_OBSERVATION
53.029622,-1.182105,2016,5,United Kingdom of Great Britain and Northern Ireland,HUMAN_OBSERVATION
53.029622,-1.182105,2016,9,United Kingdom of Great Britain and Northern Ireland,HUMAN_OBSERVATION
53.029909,-6.179541,2018,7,Ireland,HUMAN_OBSERVATION
53.030017,-7.753653,2017,7,Ireland,HUMAN_OBSERVATION
53.03033,-7.453908,2018,6,Ireland,HUMAN_OBSERVATION
53.03033,-7.453908,2016,7,Ireland,HUMAN_OBSERVATION
53.03121,-0.745159,2016,5,United Kingdom of Great Britain and Northern Ireland,HUMAN_OBSERVATION
53.03121,-0.745159,2016,9,United Kingdom of Great Britain and Northern Ireland,HUMAN_OBSERVATION
53.031285,-1.043395,2016,3,United Kingdom of Great Britain and Northern Ireland,HUMAN_OBSERVATION
53.031285,-1.043395,2016,9,United Kingdom of Great Britain and Northern Ireland,HUMAN_OBSERVATION
53.031297,-1.044886,2016,3,United Kingdom of Great Britain and Northern Ireland,HUMAN_OBSERVATION
53.031297,-1.044886,2016,9,United Kingdom of Great Britain and Northern Ireland,HUMAN_OBSERVATION
53.031841,-1.404247,2016,10,United Kingdom of Great Britain and Northern Ireland,HUMAN_OBSERVATION
53.036059,-8.339875,2017,8,Ireland,HUMAN_OBSERVATION
53.03658,-2.974655,2019,4,United Kingdom of Great Britain and Northern Ireland,HUMAN_OBSERVATION
53.03658,-2.974655,2019,11,United Kingdom of Great Britain and Northern Ireland,HUMAN_OBSERVATION
53.03658,-2.974655,2017,4,United Kingdom of Great Britain and Northern Ireland,HUMAN_OBSERVATION
53.03658,-2.974655,2017,10,United Kingdom of Great Britain and Northern Ireland,HUMAN_OBSERVATION
53.036975,11.451131,2024,7,Germany,HUMAN_OBSERVATION
53.037293,-3.006841,2019,9,United Kingdom of Great Britain and Northern Ireland,HUMAN_OBSERVATION
53.040187,-8.12729,2017,7,Ireland,HUMAN_OBSERVATION
53.042302,-2.064839,2016,6,United Kingdom of Great Britain and Northern Ireland,HUMAN_OBSERVATION
53.043926,-2.509326,2016,9,United Kingdom of Great Britain and Northern Ireland,HUMAN_OBSERVATION
53.044856,-0.598576,2016,7,United Kingdom of Great Britain and Northern Ireland,HUMAN_OBSERVATION
53.044856,-0.598576,2016,7,United Kingdom of Great Britain and Northern Ireland,HUMAN_OBSERVATION
53.04538,-4.325164,2021,11,United Kingdom of Great Britain and Northern Ireland,HUMAN_OBSERVATION
53.045755,-0.598547,2016,7,United Kingdom of Great Britain and Northern Ireland,HUMAN_OBSERVATION
53.045755,-0.598547,2016,7,United Kingdom of Great Britain and Northern Ireland,HUMAN_OBSERVATION
53.045763,-8.654593,2018,7,Ireland,HUMAN_OBSERVATION
53.046279,-1.642712,2016,10,United Kingdom of Great Britain and Northern Ireland,HUMAN_OBSERVATION
53.046797,-2.064846,2016,6,United Kingdom of Great Britain and Northern Ireland,HUMAN_OBSERVATION
53.047998,-3.025752,2019,5,United Kingdom of Great Britain and Northern Ireland,HUMAN_OBSERVATION
53.047998,-3.025752,2019,11,United Kingdom of Great Britain and Northern Ireland,HUMAN_OBSERVATION
53.047998,-3.025752,2019,11,United Kingdom of Great Britain and Northern Ireland,HUMAN_OBSERVATION
53.047998,-3.025752,2017,4,United Kingdom of Great Britain and Northern Ireland,HUMAN_OBSERVATION
53.047998,-3.025752,2017,10,United Kingdom of Great Britain and Northern Ireland,HUMAN_OBSERVATION
53.047998,-3.025752,2017,11,United Kingdom of Great Britain and Northern Ireland,HUMAN_OBSERVATION
53.047998,-3.025752,2017,11,United Kingdom of Great Britain and Northern Ireland,HUMAN_OBSERVATION
53.05,4.8,2022,9,Netherlands,HUMAN_OBSERVATION
53.05,4.8,2022,9,Netherlands,HUMAN_OBSERVATION
53.05,4.8,2020,5,Netherlands,HUMAN_OBSERVATION
53.05,4.85,2018,6,Netherlands,HUMAN_OBSERVATION
53.05,4.85,2018,9,Netherlands,HUMAN_OBSERVATION
53.05,5.95,2019,6,Netherlands,HUMAN_OBSERVATION
53.050213,-1.782906,2016,9,United Kingdom of Great Britain and Northern Ireland,HUMAN_OBSERVATION
53.050934,-0.828132,2016,5,United Kingdom of Great Britain and Northern Ireland,HUMAN_OBSERVATION
53.054736,-1.799295,2016,4,United Kingdom of Great Britain and Northern Ireland,HUMAN_OBSERVATION
53.054796,-1.060779,2016,9,United Kingdom of Great Britain and Northern Ireland,HUMAN_OBSERVATION
53.055115,-3.33407,2023,9,United Kingdom of Great Britain and Northern Ireland,HUMAN_OBSERVATION
53.055115,-3.33407,2017,3,United Kingdom of Great Britain and Northern Ireland,HUMAN_OBSERVATION
53.055367,-6.410513,2016,8,Ireland,HUMAN_OBSERVATION
53.055759,-3.749109,2017,11,United Kingdom of Great Britain and Northern Ireland,HUMAN_OBSERVATION
53.056563,-3.74947,2017,11,United Kingdom of Great Britain and Northern Ireland,HUMAN_OBSERVATION
53.057853,-0.633966,2016,3,United Kingdom of Great Britain and Northern Ireland,HUMAN_OBSERVATION
53.057853,-0.633966,2016,10,United Kingdom of Great Britain and Northern Ireland,HUMAN_OBSERVATION
53.0579,-7.022717,2017,8,Ireland,HUMAN_OBSERVATION
53.057967,-8.123358,2017,7,Ireland,HUMAN_OBSERVATION
53.058325,-7.791193,2017,6,Ireland,HUMAN_OBSERVATION
53.058931,-9.507909,2017,,Ireland,HUMAN_OBSERVATION
53.059739,-3.069528,2017,10,United Kingdom of Great Britain and Northern Ireland,HUMAN_OBSERVATION
53.059739,-3.069528,2017,10,United Kingdom of Great Britain and Northern Ireland,HUMAN_OBSERVATION
53.059739,-3.069528,2017,10,United Kingdom of Great Britain and Northern Ireland,HUMAN_OBSERVATION
53.060974,-1.48293,2016,3,United Kingdom of Great Britain and Northern Ireland,HUMAN_OBSERVATION
53.060974,-1.48293,2016,10,United Kingdom of Great Britain and Northern Ireland,HUMAN_OBSERVATION
53.062078,-2.066361,2016,6,United Kingdom of Great Britain and Northern Ireland,HUMAN_OBSERVATION
53.066275,-1.461974,2016,10,United Kingdom of Great Britain and Northern Ireland,HUMAN_OBSERVATION
53.066587,-2.027567,2016,3,United Kingdom of Great Britain and Northern Ireland,HUMAN_OBSERVATION
53.066587,-2.027567,2016,10,United Kingdom of Great Britain and Northern Ireland,HUMAN_OBSERVATION
53.0672,-8.912067,,,Ireland,OCCURRENCE
53.07032,-8.479644,2017,8,Ireland,HUMAN_OBSERVATION
53.070478,-7.060935,2017,7,Ireland,HUMAN_OBSERVATION
53.070937,-6.056353,2018,7,Ireland,HUMAN_OBSERVATION
53.072867,-2.0619,2016,6,United Kingdom of Great Britain and Northern Ireland,HUMAN_OBSERVATION
53.076881,-3.795305,2017,4,United Kingdom of Great Britain and Northern Ireland,HUMAN_OBSERVATION
53.07825,-1.194619,2016,3,United Kingdom of Great Britain and Northern Ireland,HUMAN_OBSERVATION
53.07825,-1.194619,2016,9,United Kingdom of Great Britain and Northern Ireland,HUMAN_OBSERVATION
53.08003,-2.102216,2016,10,United Kingdom of Great Britain and Northern Ireland,HUMAN_OBSERVATION
53.081659,-3.008399,2019,4,United Kingdom of Great Britain and Northern Ireland,HUMAN_OBSERVATION
53.081659,-3.008399,2019,9,United Kingdom of Great Britain and Northern Ireland,HUMAN_OBSERVATION
53.082612,-7.131471,2017,7,Ireland,HUMAN_OBSERVATION
53.082633,-7.911511,2017,6,Ireland,HUMAN_OBSERVATION
53.082761,-7.921924,2017,6,Ireland,HUMAN_OBSERVATION
53.084076,-8.137476,2018,8,Ireland,HUMAN_OBSERVATION
53.085179,-6.982443,2017,8,Ireland,HUMAN_OBSERVATION
53.086724,-8.400111,2018,8,Ireland,HUMAN_OBSERVATION
53.086724,-8.400111,2017,8,Ireland,HUMAN_OBSERVATION
53.089098,-7.852633,2017,8,Ireland,HUMAN_OBSERVATION
53.090845,-8.123952,2017,7,Ireland,HUMAN_OBSERVATION
53.091385,12.970213,2023,8,Germany,HUMAN_OBSERVATION
53.092546,-2.817512,2016,3,United Kingdom of Great Britain and Northern Ireland,HUMAN_OBSERVATION
53.092546,-2.817512,2016,9,United Kingdom of Great Britain and Northern Ireland,HUMAN_OBSERVATION
53.093006,-6.084964,2018,7,Ireland,HUMAN_OBSERVATION
53.093201,13.438468,2023,9,Germany,HUMAN_OBSERVATION
53.093249,-0.187807,2016,3,United Kingdom of Great Britain and Northern Ireland,HUMAN_OBSERVATION
53.093249,-0.187807,2016,11,United Kingdom of Great Britain and Northern Ireland,HUMAN_OBSERVATION
53.093335,-7.437331,2018,6,Ireland,HUMAN_OBSERVATION
53.093676,-2.43077,2016,10,United Kingdom of Great Britain and Northern Ireland,HUMAN_OBSERVATION
53.095349,-2.041026,2016,5,United Kingdom of Great Britain and Northern Ireland,HUMAN_OBSERVATION
53.095398,-8.345702,2017,8,Ireland,HUMAN_OBSERVATION
53.097549,13.45462,2022,8,Germany,HUMAN_OBSERVATION
53.098795,-2.501014,2016,4,United Kingdom of Great Britain and Northern Ireland,HUMAN_OBSERVATION
53.099066,-3.291697,2016,5,United Kingdom of Great Britain and Northern Ireland,HUMAN_OBSERVATION
53.099066,-3.291697,2016,10,United Kingdom of Great Britain and Northern Ireland,HUMAN_OBSERVATION
53.099257,-8.726434,2018,9,Ireland,HUMAN_OBSERVATION
53.1,4.75,2016,4,Netherlands,HUMAN_OBSERVATION
53.1,4.85,2022,9,Netherlands,HUMAN_OBSERVATION
53.1,4.85,2020,6,Netherlands,HUMAN_OBSERVATION
53.1,5.4,2021,3,Netherlands,HUMAN_OBSERVATION
53.100708,-8.34027,2017,8,Ireland,HUMAN_OBSERVATION
53.101227,-8.301488,2017,8,Ireland,HUMAN_OBSERVATION
53.101615,-1.528744,2016,4,United Kingdom of Great Britain and Northern Ireland,HUMAN_OBSERVATION
53.101893,-0.799862,2016,3,United Kingdom of Great Britain and Northern Ireland,HUMAN_OBSERVATION
53.101893,-0.799862,2016,11,United Kingdom of Great Britain and Northern Ireland,HUMAN_OBSERVATION
53.103317,-8.774373,2018,9,Ireland,HUMAN_OBSERVATION
53.103325,-6.940852,2017,8,Ireland,HUMAN_OBSERVATION
53.103892,-3.309902,2021,7,United Kingdom of Great Britain and Northern Ireland,HUMAN_OBSERVATION
53.103892,-3.309902,2021,9,United Kingdom of Great Britain and Northern Ireland,HUMAN_OBSERVATION
53.103892,-3.309902,2018,5,United Kingdom of Great Britain and Northern Ireland,HUMAN_OBSERVATION
53.103892,-3.309902,2018,9,United Kingdom of Great Britain and Northern Ireland,HUMAN_OBSERVATION
53.103892,-3.309902,2017,3,United Kingdom of Great Britain and Northern Ireland,HUMAN_OBSERVATION
53.103892,-3.309902,2017,10,United Kingdom of Great Britain and Northern Ireland,HUMAN_OBSERVATION
53.103892,-3.309902,2016,5,United Kingdom of Great Britain and Northern Ireland,HUMAN_OBSERVATION
53.103892,-3.309902,2016,10,United Kingdom of Great Britain and Northern Ireland,HUMAN_OBSERVATION
53.105057,-2.961894,2019,4,United Kingdom of Great Britain and Northern Ireland,HUMAN_OBSERVATION
53.105057,-2.961894,2019,9,United Kingdom of Great Britain and Northern Ireland,HUMAN_OBSERVATION
53.105057,-2.961894,2018,9,United Kingdom of Great Britain and Northern Ireland,HUMAN_OBSERVATION
53.105057,-2.961894,2018,9,United Kingdom of Great Britain and Northern Ireland,HUMAN_OBSERVATION
53.105057,-2.961894,2017,4,United Kingdom of Great Britain and Northern Ireland,HUMAN_OBSERVATION
53.105057,-2.961894,2017,9,United Kingdom of Great Britain and Northern Ireland,HUMAN_OBSERVATION
53.105057,-2.961894,2016,5,United Kingdom of Great Britain and Northern Ireland,HUMAN_OBSERVATION
53.105057,-2.961894,2016,10,United Kingdom of Great Britain and Northern Ireland,HUMAN_OBSERVATION
53.106808,-0.379952,2016,3,United Kingdom of Great Britain and Northern Ireland,HUMAN_OBSERVATION
53.106808,-0.379952,2016,9,United Kingdom of Great Britain and Northern Ireland,HUMAN_OBSERVATION
53.108173,-0.992394,2016,3,United Kingdom of Great Britain and Northern Ireland,HUMAN_OBSERVATION
53.108173,-0.992394,2016,9,United Kingdom of Great Britain and Northern Ireland,HUMAN_OBSERVATION
53.108339,-1.42261,2016,3,United Kingdom of Great Britain and Northern Ireland,HUMAN_OBSERVATION
53.108339,-1.42261,2016,10,United Kingdom of Great Britain and Northern Ireland,HUMAN_OBSERVATION
53.108466,-3.41215,2019,9,United Kingdom of Great Britain and Northern Ireland,HUMAN_OBSERVATION
53.108466,-3.41215,2016,10,United Kingdom of Great Britain and Northern Ireland,HUMAN_OBSERVATION
53.109047,-6.741635,2016,8,Ireland,HUMAN_OBSERVATION
53.109655,-2.483214,2016,4,United Kingdom of Great Britain and Northern Ireland,HUMAN_OBSERVATION
53.109655,-2.483214,2016,9,United Kingdom of Great Britain and Northern Ireland,HUMAN_OBSERVATION
53.110622,-2.058967,2016,4,United Kingdom of Great Britain and Northern Ireland,HUMAN_OBSERVATION
53.110813,-3.373756,2021,4,United Kingdom of Great Britain and Northern Ireland,HUMAN_OBSERVATION
53.110813,-3.373756,2021,9,United Kingdom of Great Britain and Northern Ireland,HUMAN_OBSERVATION
53.110813,-3.373756,2016,3,United Kingdom of Great Britain and Northern Ireland,HUMAN_OBSERVATION
53.110813,-3.373756,2016,10,United Kingdom of Great Britain and Northern Ireland,HUMAN_OBSERVATION
53.110942,-3.410304,2018,5,United Kingdom of Great Britain and Northern Ireland,HUMAN_OBSERVATION
53.110942,-3.410304,2018,9,United Kingdom of Great Britain and Northern Ireland,HUMAN_OBSERVATION
53.111797,-0.16611,2016,9,United Kingdom of Great Britain and Northern Ireland,HUMAN_OBSERVATION
53.115111,-2.069431,2016,3,United Kingdom of Great Britain and Northern Ireland,HUMAN_OBSERVATION
53.115122,-8.001329,2017,8,Ireland,HUMAN_OBSERVATION
53.115219,-4.276076,2023,5,United Kingdom of Great Britain and Northern Ireland,HUMAN_OBSERVATION
53.115219,-4.276076,2023,8,United Kingdom of Great Britain and Northern Ireland,HUMAN_OBSERVATION
53.115219,-4.276076,2023,8,United Kingdom of Great Britain and Northern Ireland,HUMAN_OBSERVATION
53.115219,-4.276076,2023,9,United Kingdom of Great Britain and Northern Ireland,HUMAN_OBSERVATION
53.115219,-4.276076,2022,3,United Kingdom of Great Britain and Northern Ireland,HUMAN_OBSERVATION
53.115219,-4.276076,2022,8,United Kingdom of Great Britain and Northern Ireland,HUMAN_OBSERVATION
53.115219,-4.276076,2022,12,United Kingdom of Great Britain and Northern Ireland,HUMAN_OBSERVATION
53.115219,-4.276076,2021,4,United Kingdom of Great Britain and Northern Ireland,HUMAN_OBSERVATION
53.115219,-4.276076,2021,8,United Kingdom of Great Britain and Northern Ireland,HUMAN_OBSERVATION
53.115219,-4.276076,2021,11,United Kingdom of Great Britain and Northern Ireland,HUMAN_OBSERVATION
53.115219,-4.276076,2020,10,United Kingdom of Great Britain and Northern Ireland,HUMAN_OBSERVATION
53.115219,-4.276076,2019,5,United Kingdom of Great Britain and Northern Ireland,HUMAN_OBSERVATION
53.115219,-4.276076,2019,9,United Kingdom of Great Britain and Northern Ireland,HUMAN_OBSERVATION
53.115219,-4.276076,2018,5,United Kingdom of Great Britain and Northern Ireland,HUMAN_OBSERVATION
53.115219,-4.276076,2018,9,United Kingdom of Great Britain and Northern Ireland,HUMAN_OBSERVATION
53.115219,-4.276076,2017,4,United Kingdom of Great Britain and Northern Ireland,HUMAN_OBSERVATION
53.115219,-4.276076,2017,11,United Kingdom of Great Britain and Northern Ireland,HUMAN_OBSERVATION
53.115219,-4.276076,2016,4,United Kingdom of Great Britain and Northern Ireland,HUMAN_OBSERVATION
53.115219,-4.276076,2016,9,United Kingdom of Great Britain and Northern Ireland,HUMAN_OBSERVATION
53.115947,-8.453779,2018,8,Ireland,HUMAN_OBSERVATION
53.115947,-8.453779,2017,8,Ireland,HUMAN_OBSERVATION
53.116347,-8.761404,,,Ireland,OCCURRENCE
53.116814,-6.633423,2016,9,Ireland,HUMAN_OBSERVATION
53.117061,-6.928432,2017,8,Ireland,HUMAN_OBSERVATION
53.117808,-2.069435,2016,5,United Kingdom of Great Britain and Northern Ireland,HUMAN_OBSERVATION
53.117808,-2.069435,2016,10,United Kingdom of Great Britain and Northern Ireland,HUMAN_OBSERVATION
53.11888,-3.04528,2019,4,United Kingdom of Great Britain and Northern Ireland,HUMAN_OBSERVATION
53.11888,-3.04528,2019,9,United Kingdom of Great Britain and Northern Ireland,HUMAN_OBSERVATION
53.118914,-8.524175,2017,8,Ireland,HUMAN_OBSERVATION
53.120424,-4.120847,2019,4,United Kingdom of Great Britain and Northern Ireland,HUMAN_OBSERVATION
53.120424,-4.120847,2018,4,United Kingdom of Great Britain and Northern Ireland,HUMAN_OBSERVATION
53.120424,-4.120847,2018,4,United Kingdom of Great Britain and Northern Ireland,HUMAN_OBSERVATION
53.120424,-4.120847,2017,5,United Kingdom of Great Britain and Northern Ireland,HUMAN_OBSERVATION
53.120424,-4.120847,2016,4,United Kingdom of Great Britain and Northern Ireland,HUMAN_OBSERVATION
53.120524,-2.01266,2016,4,United Kingdom of Great Britain and Northern Ireland,HUMAN_OBSERVATION
53.126451,-6.735192,2016,8,Ireland,HUMAN_OBSERVATION
53.128229,-7.31307,2018,6,Ireland,HUMAN_OBSERVATION
53.12955,-4.26764,2019,4,United Kingdom of Great Britain and Northern Ireland,HUMAN_OBSERVATION
53.12955,-4.26764,2019,9,United Kingdom of Great Britain and Northern Ireland,HUMAN_OBSERVATION
53.130023,-6.615499,2016,8,Ireland,HUMAN_OBSERVATION
53.13057,-8.416523,2017,8,Ireland,HUMAN_OBSERVATION
53.131037,-3.795395,2017,4,United Kingdom of Great Britain and Northern Ireland,HUMAN_OBSERVATION
53.131037,-3.795395,2017,10,United Kingdom of Great Britain and Northern Ireland,HUMAN_OBSERVATION
53.131494,-6.742933,2016,8,Ireland,HUMAN_OBSERVATION
53.131645,-7.974586,2017,8,Ireland,HUMAN_OBSERVATION
53.132114,-7.307272,2018,6,Ireland,HUMAN_OBSERVATION
53.132359,-9.75627,2016,6,Ireland,HUMAN_OBSERVATION
53.132392,-2.413221,2016,4,United Kingdom of Great Britain and Northern Ireland,HUMAN_OBSERVATION
53.132506,-6.700661,2016,8,Ireland,HUMAN_OBSERVATION
53.132575,-2.356427,2016,4,United Kingdom of Great Britain and Northern Ireland,HUMAN_OBSERVATION
53.132575,-2.356427,2016,10,United Kingdom of Great Britain and Northern Ireland,HUMAN_OBSERVATION
53.135611,-6.622949,2016,8,Ireland,HUMAN_OBSERVATION
53.13569,-4.253492,2023,5,United Kingdom of Great Britain and Northern Ireland,HUMAN_OBSERVATION
53.13569,-4.253492,2023,5,United Kingdom of Great Britain and Northern Ireland,HUMAN_OBSERVATION
53.13569,-4.253492,2023,8,United Kingdom of Great Britain and Northern Ireland,HUMAN_OBSERVATION
53.13569,-4.253492,2022,5,United Kingdom of Great Britain and Northern Ireland,HUMAN_OBSERVATION
53.13569,-4.253492,2022,8,United Kingdom of Great Britain and Northern Ireland,HUMAN_OBSERVATION
53.13569,-4.253492,2022,12,United Kingdom of Great Britain and Northern Ireland,HUMAN_OBSERVATION
53.136177,-3.316863,2016,3,United Kingdom of Great Britain and Northern Ireland,HUMAN_OBSERVATION
53.136177,-3.316863,2016,10,United Kingdom of Great Britain and Northern Ireland,HUMAN_OBSERVATION
53.136284,-3.316149,2021,4,United Kingdom of Great Britain and Northern Ireland,HUMAN_OBSERVATION
53.136284,-3.316149,2021,7,United Kingdom of Great Britain and Northern Ireland,HUMAN_OBSERVATION
53.136284,-3.316149,2021,10,United Kingdom of Great Britain and Northern Ireland,HUMAN_OBSERVATION
53.136284,-3.316149,2018,5,United Kingdom of Great Britain and Northern Ireland,HUMAN_OBSERVATION
53.136284,-3.316149,2018,9,United Kingdom of Great Britain and Northern Ireland,HUMAN_OBSERVATION
53.136284,-3.316149,2017,3,United Kingdom of Great Britain and Northern Ireland,HUMAN_OBSERVATION
53.136284,-3.316149,2017,11,United Kingdom of Great Britain and Northern Ireland,HUMAN_OBSERVATION
53.136284,-3.316149,2016,5,United Kingdom of Great Britain and Northern Ireland,HUMAN_OBSERVATION
53.136284,-3.316149,2016,10,United Kingdom of Great Britain and Northern Ireland,HUMAN_OBSERVATION
53.136423,-3.080984,2022,4,United Kingdom of Great Britain and Northern Ireland,HUMAN_OBSERVATION
53.136423,-3.080984,2022,10,United Kingdom of Great Britain and Northern Ireland,HUMAN_OBSERVATION
53.136423,-3.080984,2022,10,United Kingdom of Great Britain and Northern Ireland,HUMAN_OBSERVATION
53.136423,-3.080984,2019,4,United Kingdom of Great Britain and Northern Ireland,HUMAN_OBSERVATION
53.136694,-1.534339,2016,4,United Kingdom of Great Britain and Northern Ireland,HUMAN_OBSERVATION
53.136694,-1.534339,2016,10,United Kingdom of Great Britain and Northern Ireland,HUMAN_OBSERVATION
53.1392,-4.157177,2018,5,United Kingdom of Great Britain and Northern Ireland,HUMAN_OBSERVATION
53.1392,-4.157177,2016,3,United Kingdom of Great Britain and Northern Ireland,HUMAN_OBSERVATION
53.1392,-4.157177,2016,11,United Kingdom of Great Britain and Northern Ireland,HUMAN_OBSERVATION
53.139462,-6.902755,2017,8,Ireland,HUMAN_OBSERVATION
53.140195,-3.206685,2017,10,United Kingdom of Great Britain and Northern Ireland,HUMAN_OBSERVATION
53.140221,8.296813,2024,9,Germany,HUMAN_OBSERVATION
53.140221,8.296813,2024,10,Germany,HUMAN_OBSERVATION
53.140221,8.296813,2018,8,Germany,HUMAN_OBSERVATION
53.141344,-8.299196,2017,8,Ireland,HUMAN_OBSERVATION
53.142272,-7.927998,2017,7,Ireland,HUMAN_OBSERVATION
53.144417,-7.232498,2018,6,Ireland,HUMAN_OBSERVATION
53.145405,8.279694,2024,12,Germany,HUMAN_OBSERVATION
53.145405,8.279694,2017,11,Germany,HUMAN_OBSERVATION
53.14612,-7.070427,2017,7,Ireland,HUMAN_OBSERVATION
53.147064,8.2837,2024,9,Germany,HUMAN_OBSERVATION
53.148258,-0.762683,2016,5,United Kingdom of Great Britain and Northern Ireland,HUMAN_OBSERVATION
53.14834,-2.109854,2016,5,United Kingdom of Great Britain and Northern Ireland,HUMAN_OBSERVATION
53.14834,-2.109854,2016,10,United Kingdom of Great Britain and Northern Ireland,HUMAN_OBSERVATION
53.14839,-2.012669,2016,5,United Kingdom of Great Britain and Northern Ireland,HUMAN_OBSERVATION
53.149021,-0.934618,2016,10,United Kingdom of Great Britain and Northern Ireland,HUMAN_OBSERVATION
53.149157,-0.762658,2016,5,United Kingdom of Great Britain and Northern Ireland,HUMAN_OBSERVATION
53.149157,-0.762658,2016,11,United Kingdom of Great Britain and Northern Ireland,HUMAN_OBSERVATION
53.149157,-0.762658,2016,11,United Kingdom of Great Britain and Northern Ireland,HUMAN_OBSERVATION
53.149574,8.16311,2019,8,Germany,HUMAN_OBSERVATION
53.149634,-2.74832,2016,3,United Kingdom of Great Britain and Northern Ireland,HUMAN_OBSERVATION
53.149634,-2.74832,2016,9,United Kingdom of Great Britain and Northern Ireland,HUMAN_OBSERVATION
53.149882,-1.46392,2016,3,United Kingdom of Great Britain and Northern Ireland,HUMAN_OBSERVATION
53.149882,-1.46392,2016,10,United Kingdom of Great Britain and Northern Ireland,HUMAN_OBSERVATION
53.149978,-3.109436,2019,4,United Kingdom of Great Britain and Northern Ireland,HUMAN_OBSERVATION
53.149978,-3.109436,2019,9,United Kingdom of Great Britain and Northern Ireland,HUMAN_OBSERVATION
53.15,4.8,2023,9,Netherlands,HUMAN_OBSERVATION
53.15,4.85,2022,2,Netherlands,HUMAN_OBSERVATION
53.15,5.4,2021,4,Netherlands,HUMAN_OBSERVATION
53.15,5.7,2021,4,Netherlands,HUMAN_OBSERVATION
53.15,5.8,2024,5,Netherlands,HUMAN_OBSERVATION
53.15,7.05,2019,12,Netherlands,HUMAN_OBSERVATION
53.150887,-0.13603,2016,3,United Kingdom of Great Britain and Northern Ireland,HUMAN_OBSERVATION
53.150887,-0.13603,2016,5,United Kingdom of Great Britain and Northern Ireland,HUMAN_OBSERVATION
53.150887,-0.13603,2016,10,United Kingdom of Great Britain and Northern Ireland,HUMAN_OBSERVATION
53.151146,-8.475175,2017,8,Ireland,HUMAN_OBSERVATION
53.151175,10.215438,2022,9,Germany,HUMAN_OBSERVATION
53.151634,-0.581644,2016,4,United Kingdom of Great Britain and Northern Ireland,HUMAN_OBSERVATION
53.151634,-0.581644,2016,9,United Kingdom of Great Britain and Northern Ireland,HUMAN_OBSERVATION
53.153754,-3.366887,2016,10,United Kingdom of Great Britain and Northern Ireland,HUMAN_OBSERVATION
53.154872,-0.627898,2016,4,United Kingdom of Great Britain and Northern Ireland,HUMAN_OBSERVATION
53.155199,-7.368319,2018,6,Ireland,HUMAN_OBSERVATION
53.155239,8.323367,2017,11,Germany,HUMAN_OBSERVATION
53.156041,-8.302086,2017,8,Ireland,HUMAN_OBSERVATION
53.157688,-0.805784,2016,3,United Kingdom of Great Britain and Northern Ireland,HUMAN_OBSERVATION
53.157688,-0.805784,2016,10,United Kingdom of Great Britain and Northern Ireland,HUMAN_OBSERVATION
53.15816,-7.12957,2017,7,Ireland,HUMAN_OBSERVATION
53.159512,-1.118319,2016,4,United Kingdom of Great Britain and Northern Ireland,HUMAN_OBSERVATION
53.159512,-1.118319,2016,9,United Kingdom of Great Britain and Northern Ireland,HUMAN_OBSERVATION
53.161846,8.270489,2020,2,Germany,HUMAN_OBSERVATION
53.161975,-4.324327,2018,5,United Kingdom of Great Britain and Northern Ireland,HUMAN_OBSERVATION
53.161975,-4.324327,2018,9,United Kingdom of Great Britain and Northern Ireland,HUMAN_OBSERVATION
53.161975,-4.324327,2018,9,United Kingdom of Great Britain and Northern Ireland,HUMAN_OBSERVATION
53.162151,8.269248,2020,2,Germany,HUMAN_OBSERVATION
53.164221,-2.545152,2016,4,United Kingdom of Great Britain and Northern Ireland,HUMAN_OBSERVATION
53.164221,-2.545152,2016,9,United Kingdom of Great Britain and Northern Ireland,HUMAN_OBSERVATION
53.164404,-1.31566,2016,4,United Kingdom of Great Britain and Northern Ireland,HUMAN_OBSERVATION
53.164404,-1.31566,2016,9,United Kingdom of Great Britain and Northern Ireland,HUMAN_OBSERVATION
53.164803,-7.630929,2018,8,Ireland,HUMAN_OBSERVATION
53.166803,-6.782777,2016,8,Ireland,HUMAN_OBSERVATION
53.167418,-8.302121,2017,8,Ireland,HUMAN_OBSERVATION
53.168276,-6.134225,2018,7,Ireland,HUMAN_OBSERVATION
53.169018,8.291817,2017,3,Germany,HUMAN_OBSERVATION
53.169621,-6.198782,2018,7,Ireland,HUMAN_OBSERVATION
53.172459,-3.137289,2022,4,United Kingdom of Great Britain and Northern Ireland,HUMAN_OBSERVATION
53.172459,-3.137289,2022,10,United Kingdom of Great Britain and Northern Ireland,HUMAN_OBSERVATION
53.172459,-3.137289,2019,4,United Kingdom of Great Britain and Northern Ireland,HUMAN_OBSERVATION
53.172459,-3.137289,2019,9,United Kingdom of Great Britain and Northern Ireland,HUMAN_OBSERVATION
53.172459,-3.137289,2018,7,United Kingdom of Great Britain and Northern Ireland,HUMAN_OBSERVATION
53.172747,-7.588036,2017,7,Ireland,HUMAN_OBSERVATION
53.174297,-3.141512,2018,7,United Kingdom of Great Britain and Northern Ireland,HUMAN_OBSERVATION
53.17432,8.269717,2022,8,Germany,HUMAN_OBSERVATION
53.17489,-0.571899,2016,9,United Kingdom of Great Britain and Northern Ireland,HUMAN_OBSERVATION
53.174938,-4.31563,2019,4,United Kingdom of Great Britain and Northern Ireland,HUMAN_OBSERVATION
53.174938,-4.31563,2019,11,United Kingdom of Great Britain and Northern Ireland,HUMAN_OBSERVATION
53.174938,-4.31563,2018,5,United Kingdom of Great Britain and Northern Ireland,HUMAN_OBSERVATION
53.174938,-4.31563,2018,9,United Kingdom of Great Britain and Northern Ireland,HUMAN_OBSERVATION
53.175201,-2.419692,2016,5,United Kingdom of Great Britain and Northern Ireland,HUMAN_OBSERVATION
53.175262,-4.056514,2023,5,United Kingdom of Great Britain and Northern Ireland,HUMAN_OBSERVATION
53.175262,-4.056514,2023,5,United Kingdom of Great Britain and Northern Ireland,HUMAN_OBSERVATION
53.175262,-4.056514,2023,10,United Kingdom of Great Britain and Northern Ireland,HUMAN_OBSERVATION
53.175262,-4.056514,2023,10,United Kingdom of Great Britain and Northern Ireland,HUMAN_OBSERVATION
53.175262,-4.056514,2021,11,United Kingdom of Great Britain and Northern Ireland,HUMAN_OBSERVATION
53.175262,-4.056514,2016,10,United Kingdom of Great Britain and Northern Ireland,HUMAN_OBSERVATION
53.175343,8.276329,2022,8,Germany,HUMAN_OBSERVATION
53.175494,-3.144162,2018,7,United Kingdom of Great Britain and Northern Ireland,HUMAN_OBSERVATION
53.175494,-3.144162,2018,7,United Kingdom of Great Britain and Northern Ireland,HUMAN_OBSERVATION
53.176917,-0.133406,2016,4,United Kingdom of Great Britain and Northern Ireland,HUMAN_OBSERVATION
53.176917,-0.133406,2016,9,United Kingdom of Great Britain and Northern Ireland,HUMAN_OBSERVATION
53.177023,-3.151564,2018,7,United Kingdom of Great Britain and Northern Ireland,HUMAN_OBSERVATION
53.177325,-2.775733,2016,3,United Kingdom of Great Britain and Northern Ireland,HUMAN_OBSERVATION
53.177426,-3.153535,2022,4,United Kingdom of Great Britain and Northern Ireland,HUMAN_OBSERVATION
53.177426,-3.153535,2022,10,United Kingdom of Great Britain and Northern Ireland,HUMAN_OBSERVATION
53.177602,-1.671547,2016,4,United Kingdom of Great Britain and Northern Ireland,HUMAN_OBSERVATION
53.178491,-2.569273,2016,4,United Kingdom of Great Britain and Northern Ireland,HUMAN_OBSERVATION
53.178491,-2.569273,2016,10,United Kingdom of Great Britain and Northern Ireland,HUMAN_OBSERVATION
53.179474,-7.80961,2017,7,Ireland,HUMAN_OBSERVATION
53.180443,-2.4169,2016,5,United Kingdom of Great Britain and Northern Ireland,HUMAN_OBSERVATION
53.180443,-2.4169,2016,9,United Kingdom of Great Britain and Northern Ireland,HUMAN_OBSERVATION
53.181703,-1.206151,2016,4,United Kingdom of Great Britain and Northern Ireland,HUMAN_OBSERVATION
53.181703,-1.206151,2016,9,United Kingdom of Great Britain and Northern Ireland,HUMAN_OBSERVATION
53.182334,-3.369157,2018,5,United Kingdom of Great Britain and Northern Ireland,HUMAN_OBSERVATION
53.182334,-3.369157,2018,9,United Kingdom of Great Britain and Northern Ireland,HUMAN_OBSERVATION
53.182334,-3.369157,2017,4,United Kingdom of Great Britain and Northern Ireland,HUMAN_OBSERVATION
53.182334,-3.369157,2017,11,United Kingdom of Great Britain and Northern Ireland,HUMAN_OBSERVATION
53.182473,-3.361739,2021,4,United Kingdom of Great Britain and Northern Ireland,HUMAN_OBSERVATION
53.182473,-3.361739,2021,10,United Kingdom of Great Britain and Northern Ireland,HUMAN_OBSERVATION
53.182473,-3.361739,2016,3,United Kingdom of Great Britain and Northern Ireland,HUMAN_OBSERVATION
53.182473,-3.361739,2016,10,United Kingdom of Great Britain and Northern Ireland,HUMAN_OBSERVATION
53.183255,-2.98817,2023,5,United Kingdom of Great Britain and Northern Ireland,HUMAN_OBSERVATION
53.183255,-2.98817,2023,11,United Kingdom of Great Britain and Northern Ireland,HUMAN_OBSERVATION
53.183365,-4.137572,2019,4,United Kingdom of Great Britain and Northern Ireland,HUMAN_OBSERVATION
53.183365,-4.137572,2019,11,United Kingdom of Great Britain and Northern Ireland,HUMAN_OBSERVATION
53.183914,8.269144,2022,8,Germany,HUMAN_OBSERVATION
53.183914,8.269144,2017,10,Germany,HUMAN_OBSERVATION
53.184052,-2.418103,2016,9,United Kingdom of Great Britain and Northern Ireland,HUMAN_OBSERVATION
53.185554,8.272027,2024,9,Germany,HUMAN_OBSERVATION
53.185564,8.271991,2024,9,Germany,HUMAN_OBSERVATION
53.18656,0.097513,2016,9,United Kingdom of Great Britain and Northern Ireland,HUMAN_OBSERVATION
53.188217,-8.388773,2017,8,Ireland,HUMAN_OBSERVATION
53.189891,-4.199854,2017,5,United Kingdom of Great Britain and Northern Ireland,HUMAN_OBSERVATION
53.189891,-4.199854,2017,10,United Kingdom of Great Britain and Northern Ireland,HUMAN_OBSERVATION
53.190342,-3.681689,2019,4,United Kingdom of Great Britain and Northern Ireland,HUMAN_OBSERVATION
53.190342,-3.681689,2019,4,United Kingdom of Great Britain and Northern Ireland,HUMAN_OBSERVATION
53.190342,-3.681689,2019,11,United Kingdom of Great Britain and Northern Ireland,HUMAN_OBSERVATION
53.190342,-3.681689,2016,10,United Kingdom of Great Britain and Northern Ireland,HUMAN_OBSERVATION
53.190755,-2.423975,2016,5,United Kingdom of Great Britain and Northern Ireland,HUMAN_OBSERVATION
53.190755,-2.423975,2016,9,United Kingdom of Great Britain and Northern Ireland,HUMAN_OBSERVATION
53.193359,-7.163687,2017,8,Ireland,HUMAN_OBSERVATION
53.193401,-3.562713,2016,5,United Kingdom of Great Britain and Northern Ireland,HUMAN_OBSERVATION
53.193401,-3.562713,2016,5,United Kingdom of Great Britain and Northern Ireland,HUMAN_OBSERVATION
53.193435,-0.472489,2016,4,United Kingdom of Great Britain and Northern Ireland,HUMAN_OBSERVATION
53.193435,-0.472489,2016,9,United Kingdom of Great Britain and Northern Ireland,HUMAN_OBSERVATION
53.194243,-2.460216,2016,5,United Kingdom of Great Britain and Northern Ireland,HUMAN_OBSERVATION
53.194243,-2.460216,2016,9,United Kingdom of Great Britain and Northern Ireland,HUMAN_OBSERVATION
53.195212,-7.202361,2017,8,Ireland,HUMAN_OBSERVATION
53.195477,-0.113138,2016,5,United Kingdom of Great Britain and Northern Ireland,HUMAN_OBSERVATION
53.195477,-0.113138,2016,9,United Kingdom of Great Britain and Northern Ireland,HUMAN_OBSERVATION
53.195714,-7.273261,2018,6,Ireland,HUMAN_OBSERVATION
53.196041,-2.460236,2016,5,United Kingdom of Great Britain and Northern Ireland,HUMAN_OBSERVATION
53.196843,-4.458164,2022,4,United Kingdom of Great Britain and Northern Ireland,HUMAN_OBSERVATION
53.196843,-4.458164,2022,11,United Kingdom of Great Britain and Northern Ireland,HUMAN_OBSERVATION
53.196843,-4.458164,2018,5,United Kingdom of Great Britain and Northern Ireland,HUMAN_OBSERVATION
53.196843,-4.458164,2018,9,United Kingdom of Great Britain and Northern Ireland,HUMAN_OBSERVATION
53.197253,-7.080268,2017,8,Ireland,HUMAN_OBSERVATION
53.19894,-7.206713,2017,7,Ireland,HUMAN_OBSERVATION
53.2,5.5,2022,2,Netherlands,HUMAN_OBSERVATION
53.2,6,2021,3,Netherlands,HUMAN_OBSERVATION
53.2,6.9,2018,8,Netherlands,HUMAN_OBSERVATION
53.2,6.95,2018,8,Netherlands,HUMAN_OBSERVATION
53.200561,-6.127813,2018,7,Ireland,HUMAN_OBSERVATION
53.202746,-6.462138,2016,8,Ireland,HUMAN_OBSERVATION
53.203736,-3.68431,2016,10,United Kingdom of Great Britain and Northern Ireland,HUMAN_OBSERVATION
53.203931,-7.491413,2017,6,Ireland,HUMAN_OBSERVATION
53.204008,-6.774778,2016,8,Ireland,HUMAN_OBSERVATION
53.204279,-2.904976,2016,3,United Kingdom of Great Britain and Northern Ireland,HUMAN_OBSERVATION
53.204279,-2.904976,2016,9,United Kingdom of Great Britain and Northern Ireland,HUMAN_OBSERVATION
53.204942,-4.182261,2019,9,United Kingdom of Great Britain and Northern Ireland,HUMAN_OBSERVATION
53.204942,-4.182261,2019,9,United Kingdom of Great Britain and Northern Ireland,HUMAN_OBSERVATION
53.205492,-8.290678,2017,8,Ireland,HUMAN_OBSERVATION
53.206723,-4.234433,2024,9,United Kingdom of Great Britain and Northern Ireland,HUMAN_OBSERVATION
53.207649,-7.108736,2017,8,Ireland,HUMAN_OBSERVATION
53.209171,-4.4106,2022,4,United Kingdom of Great Britain and Northern Ireland,HUMAN_OBSERVATION
53.209171,-4.4106,2022,11,United Kingdom of Great Britain and Northern Ireland,HUMAN_OBSERVATION
53.209171,-4.4106,2018,5,United Kingdom of Great Britain and Northern Ireland,HUMAN_OBSERVATION
53.209171,-4.4106,2018,9,United Kingdom of Great Britain and Northern Ireland,HUMAN_OBSERVATION
53.210579,-7.906502,2017,6,Ireland,HUMAN_OBSERVATION
53.210901,-8.271631,2017,8,Ireland,HUMAN_OBSERVATION
53.213241,-8.835322,2018,9,Ireland,HUMAN_OBSERVATION
53.213717,-3.376148,2023,4,United Kingdom of Great Britain and Northern Ireland,HUMAN_OBSERVATION
53.213717,-3.376148,2023,4,United Kingdom of Great Britain and Northern Ireland,HUMAN_OBSERVATION
53.213717,-3.376148,2023,9,United Kingdom of Great Britain and Northern Ireland,HUMAN_OBSERVATION
53.213717,-3.376148,2019,4,United Kingdom of Great Britain and Northern Ireland,HUMAN_OBSERVATION
53.213717,-3.376148,2019,11,United Kingdom of Great Britain and Northern Ireland,HUMAN_OBSERVATION
53.213717,-3.376148,2016,3,United Kingdom of Great Britain and Northern Ireland,HUMAN_OBSERVATION
53.213717,-3.376148,2016,10,United Kingdom of Great Britain and Northern Ireland,HUMAN_OBSERVATION
53.21595,-0.100256,2016,4,United Kingdom of Great Britain and Northern Ireland,HUMAN_OBSERVATION
53.21595,-0.100256,2016,9,United Kingdom of Great Britain and Northern Ireland,HUMAN_OBSERVATION
53.217067,-3.04677,2019,4,United Kingdom of Great Britain and Northern Ireland,HUMAN_OBSERVATION
53.217067,-3.04677,2019,11,United Kingdom of Great Britain and Northern Ireland,HUMAN_OBSERVATION
53.217067,-3.04677,2018,5,United Kingdom of Great Britain and Northern Ireland,HUMAN_OBSERVATION
53.217067,-3.04677,2017,4,United Kingdom of Great Britain and Northern Ireland,HUMAN_OBSERVATION
53.217067,-3.04677,2017,10,United Kingdom of Great Britain and Northern Ireland,HUMAN_OBSERVATION
53.218013,-7.004463,2017,8,Ireland,HUMAN_OBSERVATION
53.21949,-4.116559,2024,11,United Kingdom of Great Britain and Northern Ireland,HUMAN_OBSERVATION
53.21951,-4.116623,2024,11,United Kingdom of Great Britain and Northern Ireland,HUMAN_OBSERVATION
53.219721,-3.466733,2022,3,United Kingdom of Great Britain and Northern Ireland,HUMAN_OBSERVATION
53.219721,-3.466733,2022,10,United Kingdom of Great Britain and Northern Ireland,HUMAN_OBSERVATION
53.219721,-3.466733,2022,10,United Kingdom of Great Britain and Northern Ireland,HUMAN_OBSERVATION
53.219721,-3.466733,2016,5,United Kingdom of Great Britain and Northern Ireland,HUMAN_OBSERVATION
53.219721,-3.466733,2016,10,United Kingdom of Great Britain and Northern Ireland,HUMAN_OBSERVATION
53.220057,-4.115358,2019,4,United Kingdom of Great Britain and Northern Ireland,HUMAN_OBSERVATION
53.220057,-4.115358,2019,11,United Kingdom of Great Britain and Northern Ireland,HUMAN_OBSERVATION
53.221915,-6.988665,2017,8,Ireland,HUMAN_OBSERVATION
53.222067,-2.087577,2016,4,United Kingdom of Great Britain and Northern Ireland,HUMAN_OBSERVATION
53.2227,-0.44149,2016,6,United Kingdom of Great Britain and Northern Ireland,HUMAN_OBSERVATION
53.223545,-1.710138,2016,4,United Kingdom of Great Britain and Northern Ireland,HUMAN_OBSERVATION
53.223545,-1.710138,2016,10,United Kingdom of Great Britain and Northern Ireland,HUMAN_OBSERVATION
53.225174,-1.009123,2016,11,United Kingdom of Great Britain and Northern Ireland,HUMAN_OBSERVATION
53.225376,-0.439895,2016,6,United Kingdom of Great Britain and Northern Ireland,HUMAN_OBSERVATION
53.225821,-2.782602,2016,3,United Kingdom of Great Britain and Northern Ireland,HUMAN_OBSERVATION
53.225821,-2.782602,2016,9,United Kingdom of Great Britain and Northern Ireland,HUMAN_OBSERVATION
53.225874,-3.799585,2019,4,United Kingdom of Great Britain and Northern Ireland,HUMAN_OBSERVATION
53.225874,-3.799585,2019,9,United Kingdom of Great Britain and Northern Ireland,HUMAN_OBSERVATION
53.225874,-3.799585,2017,4,United Kingdom of Great Britain and Northern Ireland,HUMAN_OBSERVATION
53.225874,-3.799585,2017,10,United Kingdom of Great Britain and Northern Ireland,HUMAN_OBSERVATION
53.227028,-6.457461,2016,8,Ireland,HUMAN_OBSERVATION
53.227593,-8.879772,2018,9,Ireland,HUMAN_OBSERVATION
53.22843,-7.792343,2017,6,Ireland,HUMAN_OBSERVATION
53.228451,-1.206784,2016,4,United Kingdom of Great Britain and Northern Ireland,HUMAN_OBSERVATION
53.228451,-1.206784,2016,11,United Kingdom of Great Britain and Northern Ireland,HUMAN_OBSERVATION
53.228822,-8.708876,2018,9,Ireland,HUMAN_OBSERVATION
53.230176,-3.290279,2019,4,United Kingdom of Great Britain and Northern Ireland,HUMAN_OBSERVATION
53.230176,-3.290279,2019,11,United Kingdom of Great Britain and Northern Ireland,HUMAN_OBSERVATION
53.230176,-3.290279,2016,3,United Kingdom of Great Britain and Northern Ireland,HUMAN_OBSERVATION
53.230176,-3.290279,2016,10,United Kingdom of Great Britain and Northern Ireland,HUMAN_OBSERVATION
53.230215,-2.797662,2016,4,United Kingdom of Great Britain and Northern Ireland,HUMAN_OBSERVATION
53.230215,-2.797662,2016,9,United Kingdom of Great Britain and Northern Ireland,HUMAN_OBSERVATION
53.230808,-0.310851,2016,3,United Kingdom of Great Britain and Northern Ireland,HUMAN_OBSERVATION
53.230808,-0.310851,2016,9,United Kingdom of Great Britain and Northern Ireland,HUMAN_OBSERVATION
53.231113,-6.419271,2016,8,Ireland,HUMAN_OBSERVATION
53.231894,-2.486088,2016,4,United Kingdom of Great Britain and Northern Ireland,HUMAN_OBSERVATION
53.231894,-2.486088,2016,9,United Kingdom of Great Britain and Northern Ireland,HUMAN_OBSERVATION
53.232345,-4.132515,2024,10,United Kingdom of Great Britain and Northern Ireland,HUMAN_OBSERVATION
53.233465,-6.885374,2017,8,Ireland,HUMAN_OBSERVATION
53.234733,-7.072286,2017,8,Ireland,HUMAN_OBSERVATION
53.234934,-8.691887,2018,9,Ireland,HUMAN_OBSERVATION
53.235784,-4.212713,2019,4,United Kingdom of Great Britain and Northern Ireland,HUMAN_OBSERVATION
53.235784,-4.212713,2019,11,United Kingdom of Great Britain and Northern Ireland,HUMAN_OBSERVATION
53.235784,-4.212713,2018,4,United Kingdom of Great Britain and Northern Ireland,HUMAN_OBSERVATION
53.235784,-4.212713,2018,9,United Kingdom of Great Britain and Northern Ireland,HUMAN_OBSERVATION
53.235784,-4.212713,2018,9,United Kingdom of Great Britain and Northern Ireland,HUMAN_OBSERVATION
53.236187,-3.40808,2016,3,United Kingdom of Great Britain and Northern Ireland,HUMAN_OBSERVATION
53.236187,-3.40808,2016,10,United Kingdom of Great Britain and Northern Ireland,HUMAN_OBSERVATION
53.236187,-3.40808,2016,10,United Kingdom of Great Britain and Northern Ireland,HUMAN_OBSERVATION
53.236937,-6.155254,2018,6,Ireland,HUMAN_OBSERVATION
53.237936,-7.537983,2017,6,Ireland,HUMAN_OBSERVATION
53.238032,-6.697709,2016,9,Ireland,HUMAN_OBSERVATION
53.238619,-7.929233,2017,6,Ireland,HUMAN_OBSERVATION
53.2388,-8.666471,2018,9,Ireland,HUMAN_OBSERVATION
53.239147,7.437975,2020,,Germany,HUMAN_OBSERVATION
53.239489,-6.613676,2016,6,Ireland,HUMAN_OBSERVATION
53.24115,-6.947142,2017,8,Ireland,HUMAN_OBSERVATION
53.241173,-8.620302,2018,9,Ireland,HUMAN_OBSERVATION
53.241649,-8.553583,2018,9,Ireland,HUMAN_OBSERVATION
53.24184,-2.090615,2016,4,United Kingdom of Great Britain and Northern Ireland,HUMAN_OBSERVATION
53.24184,-2.090615,2016,10,United Kingdom of Great Britain and Northern Ireland,HUMAN_OBSERVATION
53.242209,-6.121661,2018,6,Ireland,HUMAN_OBSERVATION
53.243446,-9.296599,2023,5,Ireland,HUMAN_OBSERVATION
53.244621,-2.669729,2019,10,United Kingdom of Great Britain and Northern Ireland,HUMAN_OBSERVATION
53.244626,-9.350912,2018,10,Ireland,HUMAN_OBSERVATION
53.245777,-4.158115,2022,3,United Kingdom of Great Britain and Northern Ireland,HUMAN_OBSERVATION
53.245777,-4.158115,2018,4,United Kingdom of Great Britain and Northern Ireland,HUMAN_OBSERVATION
53.245777,-4.158115,2018,10,United Kingdom of Great Britain and Northern Ireland,HUMAN_OBSERVATION
53.245782,-2.671096,2019,10,United Kingdom of Great Britain and Northern Ireland,HUMAN_OBSERVATION
53.245827,-2.679039,2020,3,United Kingdom of Great Britain and Northern Ireland,HUMAN_OBSERVATION
53.245881,-9.363786,2018,10,Ireland,HUMAN_OBSERVATION
53.247185,-8.354892,2017,8,Ireland,HUMAN_OBSERVATION
53.247809,-8.443326,2018,9,Ireland,HUMAN_OBSERVATION
53.248301,-0.980113,2016,4,United Kingdom of Great Britain and Northern Ireland,HUMAN_OBSERVATION
53.248301,-0.980113,2016,11,United Kingdom of Great Britain and Northern Ireland,HUMAN_OBSERVATION
53.248883,-6.590006,2016,6,Ireland,HUMAN_OBSERVATION
53.249549,-7.333918,2017,6,Ireland,HUMAN_OBSERVATION
53.249672,-9.221685,2023,5,Ireland,HUMAN_OBSERVATION
53.25,6.1,2017,3,Netherlands,HUMAN_OBSERVATION
53.25,6.25,2016,9,Netherlands,HUMAN_OBSERVATION
53.250631,-2.519273,2016,4,United Kingdom of Great Britain and Northern Ireland,HUMAN_OBSERVATION
53.250631,-2.519273,2016,5,United Kingdom of Great Britain and Northern Ireland,HUMAN_OBSERVATION
53.250631,-2.519273,2016,9,United Kingdom of Great Britain and Northern Ireland,HUMAN_OBSERVATION
53.250631,-2.519273,2016,10,United Kingdom of Great Britain and Northern Ireland,HUMAN_OBSERVATION
53.250914,-0.151171,2016,5,United Kingdom of Great Britain and Northern Ireland,HUMAN_OBSERVATION
53.250914,-0.151171,2016,9,United Kingdom of Great Britain and Northern Ireland,HUMAN_OBSERVATION
53.251127,-2.604709,2016,4,United Kingdom of Great Britain and Northern Ireland,HUMAN_OBSERVATION
53.251127,-2.604709,2016,9,United Kingdom of Great Britain and Northern Ireland,HUMAN_OBSERVATION
53.253403,8.47586,2017,1,Germany,HUMAN_OBSERVATION
53.254223,-3.979167,2016,11,United Kingdom of Great Britain and Northern Ireland,HUMAN_OBSERVATION
53.254569,-8.127395,2017,9,Ireland,HUMAN_OBSERVATION
53.254569,-8.127395,2016,8,Ireland,HUMAN_OBSERVATION
53.255182,-8.794995,2018,9,Ireland,HUMAN_OBSERVATION
53.256056,-2.511844,2016,5,United Kingdom of Great Britain and Northern Ireland,HUMAN_OBSERVATION
53.256056,-2.511844,2016,9,United Kingdom of Great Britain and Northern Ireland,HUMAN_OBSERVATION
53.256321,-3.793818,2023,5,United Kingdom of Great Britain and Northern Ireland,HUMAN_OBSERVATION
53.256321,-3.793818,2017,10,United Kingdom of Great Britain and Northern Ireland,HUMAN_OBSERVATION
53.257361,-4.314984,2023,5,United Kingdom of Great Britain and Northern Ireland,HUMAN_OBSERVATION
53.257361,-4.314984,2023,7,United Kingdom of Great Britain and Northern Ireland,HUMAN_OBSERVATION
53.257361,-4.314984,2023,9,United Kingdom of Great Britain and Northern Ireland,HUMAN_OBSERVATION
53.257361,-4.314984,2023,9,United Kingdom of Great Britain and Northern Ireland,HUMAN_OBSERVATION
53.257361,-4.314984,2022,3,United Kingdom of Great Britain and Northern Ireland,HUMAN_OBSERVATION
53.257361,-4.314984,2022,8,United Kingdom of Great Britain and Northern Ireland,HUMAN_OBSERVATION
53.257361,-4.314984,2020,8,United Kingdom of Great Britain and Northern Ireland,HUMAN_OBSERVATION
53.257361,-4.314984,2020,8,United Kingdom of Great Britain and Northern Ireland,HUMAN_OBSERVATION
53.257361,-4.314984,2020,11,United Kingdom of Great Britain and Northern Ireland,HUMAN_OBSERVATION
53.257361,-4.314984,2018,4,United Kingdom of Great Britain and Northern Ireland,HUMAN_OBSERVATION
53.257361,-4.314984,2018,9,United Kingdom of Great Britain and Northern Ireland,HUMAN_OBSERVATION
53.257361,-4.314984,2017,4,United Kingdom of Great Britain and Northern Ireland,HUMAN_OBSERVATION
53.257361,-4.314984,2017,10,United Kingdom of Great Britain and Northern Ireland,HUMAN_OBSERVATION
53.257361,-4.314984,2016,9,United Kingdom of Great Britain and Northern Ireland,HUMAN_OBSERVATION
53.257406,-3.652177,2017,4,United Kingdom of Great Britain and Northern Ireland,HUMAN_OBSERVATION
53.257996,-8.507288,2018,9,Ireland,HUMAN_OBSERVATION
53.258074,-8.585349,2018,9,Ireland,HUMAN_OBSERVATION
53.258529,-7.087026,2017,8,Ireland,HUMAN_OBSERVATION
53.259069,-3.099106,1940,4,United Kingdom of Great Britain and Northern Ireland,MATERIAL_SAMPLE
53.259069,-3.099106,1937,7,United Kingdom of Great Britain and Northern Ireland,MATERIAL_SAMPLE
53.260587,0.080143,2016,5,United Kingdom of Great Britain and Northern Ireland,HUMAN_OBSERVATION
53.260587,0.080143,2016,9,United Kingdom of Great Britain and Northern Ireland,HUMAN_OBSERVATION
53.261002,-6.59105,2016,6,Ireland,HUMAN_OBSERVATION
53.261523,-6.709898,2017,9,Ireland,HUMAN_OBSERVATION
53.262007,-0.356101,2016,10,United Kingdom of Great Britain and Northern Ireland,HUMAN_OBSERVATION
53.262162,-3.434151,2016,5,United Kingdom of Great Britain and Northern Ireland,HUMAN_OBSERVATION
53.262162,-3.434151,2016,5,United Kingdom of Great Britain and Northern Ireland,HUMAN_OBSERVATION
53.262162,-3.434151,2016,10,United Kingdom of Great Britain and Northern Ireland,HUMAN_OBSERVATION
53.262565,-4.324307,2021,11,United Kingdom of Great Britain and Northern Ireland,HUMAN_OBSERVATION
53.262565,-4.324307,2018,4,United Kingdom of Great Britain and Northern Ireland,HUMAN_OBSERVATION
53.262565,-4.324307,2018,9,United Kingdom of Great Britain and Northern Ireland,HUMAN_OBSERVATION
53.262565,-4.324307,2017,4,United Kingdom of Great Britain and Northern Ireland,HUMAN_OBSERVATION
53.262565,-4.324307,2017,8,United Kingdom of Great Britain and Northern Ireland,HUMAN_OBSERVATION
53.262565,-4.324307,2017,10,United Kingdom of Great Britain and Northern Ireland,HUMAN_OBSERVATION
53.262565,-4.324307,2016,5,United Kingdom of Great Britain and Northern Ireland,HUMAN_OBSERVATION
53.262565,-4.324307,2016,8,United Kingdom of Great Britain and Northern Ireland,HUMAN_OBSERVATION
53.262565,-4.324307,2016,10,United Kingdom of Great Britain and Northern Ireland,HUMAN_OBSERVATION
53.263165,-7.748823,2017,6,Ireland,HUMAN_OBSERVATION
53.263244,10.810853,2024,1,Germany,HUMAN_OBSERVATION
53.263536,-3.63664,2019,4,United Kingdom of Great Britain and Northern Ireland,HUMAN_OBSERVATION
53.263536,-3.63664,2019,9,United Kingdom of Great Britain and Northern Ireland,HUMAN_OBSERVATION
53.263536,-3.63664,2017,4,United Kingdom of Great Britain and Northern Ireland,HUMAN_OBSERVATION
53.263536,-3.63664,2017,11,United Kingdom of Great Britain and Northern Ireland,HUMAN_OBSERVATION
53.263738,-3.437682,2022,4,United Kingdom of Great Britain and Northern Ireland,HUMAN_OBSERVATION
53.263738,-3.437682,2022,12,United Kingdom of Great Britain and Northern Ireland,HUMAN_OBSERVATION
53.265359,-7.418718,2017,6,Ireland,HUMAN_OBSERVATION
53.265813,-6.627321,2018,6,Ireland,HUMAN_OBSERVATION
53.266661,-4.490513,2022,4,United Kingdom of Great Britain and Northern Ireland,HUMAN_OBSERVATION
53.266661,-4.490513,2018,4,United Kingdom of Great Britain and Northern Ireland,HUMAN_OBSERVATION
53.266661,-4.490513,2018,9,United Kingdom of Great Britain and Northern Ireland,HUMAN_OBSERVATION
53.266661,-4.490513,2017,4,United Kingdom of Great Britain and Northern Ireland,HUMAN_OBSERVATION
53.266661,-4.490513,2017,10,United Kingdom of Great Britain and Northern Ireland,HUMAN_OBSERVATION
53.266661,-4.490513,2016,3,United Kingdom of Great Britain and Northern Ireland,HUMAN_OBSERVATION
53.266661,-4.490513,2016,9,United Kingdom of Great Britain and Northern Ireland,HUMAN_OBSERVATION
53.266761,-8.117317,2017,9,Ireland,HUMAN_OBSERVATION
53.267848,-2.486496,2016,9,United Kingdom of Great Britain and Northern Ireland,HUMAN_OBSERVATION
53.268779,-1.877762,2020,9,United Kingdom of Great Britain and Northern Ireland,HUMAN_OBSERVATION
53.269014,-7.563828,2017,6,Ireland,HUMAN_OBSERVATION
53.269637,-0.952615,2016,3,United Kingdom of Great Britain and Northern Ireland,HUMAN_OBSERVATION
53.269637,-0.952615,2016,11,United Kingdom of Great Britain and Northern Ireland,HUMAN_OBSERVATION
53.269998,-0.994592,2016,4,United Kingdom of Great Britain and Northern Ireland,HUMAN_OBSERVATION
53.269998,-0.994592,2016,10,United Kingdom of Great Britain and Northern Ireland,HUMAN_OBSERVATION
53.270572,-1.873258,2020,9,United Kingdom of Great Britain and Northern Ireland,HUMAN_OBSERVATION
53.270734,-1.873104,2020,9,United Kingdom of Great Britain and Northern Ireland,HUMAN_OBSERVATION
53.270773,-6.154226,2018,6,Ireland,HUMAN_OBSERVATION
53.272373,-1.333432,2016,3,United Kingdom of Great Britain and Northern Ireland,HUMAN_OBSERVATION
53.274046,-2.50906,2016,4,United Kingdom of Great Britain and Northern Ireland,HUMAN_OBSERVATION
53.274046,-2.50906,2016,9,United Kingdom of Great Britain and Northern Ireland,HUMAN_OBSERVATION
53.274053,-0.450121,2016,9,United Kingdom of Great Britain and Northern Ireland,HUMAN_OBSERVATION
53.274171,-1.333404,2016,3,United Kingdom of Great Britain and Northern Ireland,HUMAN_OBSERVATION
53.274284,-6.857112,2017,8,Ireland,HUMAN_OBSERVATION
53.274331,-2.494592,2016,6,United Kingdom of Great Britain and Northern Ireland,HUMAN_OBSERVATION
53.27483,-6.449523,2016,6,Ireland,HUMAN_OBSERVATION
53.275069,-1.33339,2016,3,United Kingdom of Great Britain and Northern Ireland,HUMAN_OBSERVATION
53.275213,-7.558333,2017,6,Ireland,HUMAN_OBSERVATION
53.275396,-3.835861,2023,9,United Kingdom of Great Britain and Northern Ireland,HUMAN_OBSERVATION
53.275396,-3.835861,2019,9,United Kingdom of Great Britain and Northern Ireland,HUMAN_OBSERVATION
53.275396,-3.835861,2016,9,United Kingdom of Great Britain and Northern Ireland,HUMAN_OBSERVATION
53.275396,-3.835861,2016,9,United Kingdom of Great Britain and Northern Ireland,HUMAN_OBSERVATION
53.276196,-0.408049,2016,3,United Kingdom of Great Britain and Northern Ireland,HUMAN_OBSERVATION
53.277035,-0.403519,2016,3,United Kingdom of Great Britain and Northern Ireland,HUMAN_OBSERVATION
53.277035,-0.403519,2016,9,United Kingdom of Great Britain and Northern Ireland,HUMAN_OBSERVATION
53.278969,-7.024323,2017,8,Ireland,HUMAN_OBSERVATION
53.27932,-8.19378,2017,9,Ireland,HUMAN_OBSERVATION
53.280778,-7.615964,2017,6,Ireland,HUMAN_OBSERVATION
53.281663,-7.715437,2017,6,Ireland,HUMAN_OBSERVATION
53.283819,-8.586991,2018,9,Ireland,HUMAN_OBSERVATION
53.28536,-6.892234,2017,9,Ireland,HUMAN_OBSERVATION
53.285497,-4.678402,2016,10,United Kingdom of Great Britain and Northern Ireland,HUMAN_OBSERVATION
53.286428,-6.680777,2016,9,Ireland,HUMAN_OBSERVATION
53.286761,-4.659855,2020,9,United Kingdom of Great Britain and Northern Ireland,HUMAN_OBSERVATION
53.286767,-4.6598,2020,9,United Kingdom of Great Britain and Northern Ireland,HUMAN_OBSERVATION
53.286807,-4.599715,2002,9,United Kingdom of Great Britain and Northern Ireland,MATERIAL_SAMPLE
53.286807,-4.599715,2002,9,United Kingdom of Great Britain and Northern Ireland,MATERIAL_SAMPLE
53.28734,-3.07774,2022,3,United Kingdom of Great Britain and Northern Ireland,HUMAN_OBSERVATION
53.288068,-7.084199,2017,8,Ireland,HUMAN_OBSERVATION
53.288616,-3.638094,2021,4,United Kingdom of Great Britain and Northern Ireland,HUMAN_OBSERVATION
53.288616,-3.638094,2021,10,United Kingdom of Great Britain and Northern Ireland,HUMAN_OBSERVATION
53.289571,-0.271027,2016,3,United Kingdom of Great Britain and Northern Ireland,HUMAN_OBSERVATION
53.289571,-0.271027,2016,10,United Kingdom of Great Britain and Northern Ireland,HUMAN_OBSERVATION
53.290836,-7.285134,2017,8,Ireland,HUMAN_OBSERVATION
53.291561,-8.513511,2018,9,Ireland,HUMAN_OBSERVATION
53.291691,-4.078173,2022,3,United Kingdom of Great Britain and Northern Ireland,HUMAN_OBSERVATION
53.291691,-4.078173,2022,3,United Kingdom of Great Britain and Northern Ireland,HUMAN_OBSERVATION
53.291691,-4.078173,2022,11,United Kingdom of Great Britain and Northern Ireland,HUMAN_OBSERVATION
53.291691,-4.078173,2018,4,United Kingdom of Great Britain and Northern Ireland,HUMAN_OBSERVATION
53.291691,-4.078173,2018,4,United Kingdom of Great Britain and Northern Ireland,HUMAN_OBSERVATION
53.291691,-4.078173,2018,10,United Kingdom of Great Britain and Northern Ireland,HUMAN_OBSERVATION
53.292597,-7.161968,2017,8,Ireland,HUMAN_OBSERVATION
53.294386,-0.423878,2016,9,United Kingdom of Great Britain and Northern Ireland,HUMAN_OBSERVATION
53.295916,-7.623237,2017,6,Ireland,HUMAN_OBSERVATION
53.29627,-7.210264,2017,8,Ireland,HUMAN_OBSERVATION
53.296492,-6.156439,2021,11,Ireland,HUMAN_OBSERVATION
53.296622,-4.313266,2017,4,United Kingdom of Great Britain and Northern Ireland,HUMAN_OBSERVATION
53.296622,-4.313266,2017,10,United Kingdom of Great Britain and Northern Ireland,HUMAN_OBSERVATION
53.296622,-4.313266,2016,9,United Kingdom of Great Britain and Northern Ireland,HUMAN_OBSERVATION
53.298203,-6.295951,2016,9,Ireland,HUMAN_OBSERVATION
53.298801,-6.287746,2016,9,Ireland,HUMAN_OBSERVATION
53.299402,-1.982705,2016,4,United Kingdom of Great Britain and Northern Ireland,HUMAN_OBSERVATION
53.299402,-1.982705,2016,10,United Kingdom of Great Britain and Northern Ireland,HUMAN_OBSERVATION
53.299556,-3.46324,2016,3,United Kingdom of Great Britain and Northern Ireland,HUMAN_OBSERVATION
53.299556,-3.46324,2016,10,United Kingdom of Great Britain and Northern Ireland,HUMAN_OBSERVATION
53.299803,-0.233097,2016,3,United Kingdom of Great Britain and Northern Ireland,HUMAN_OBSERVATION
53.301854,-6.609834,2016,6,Ireland,HUMAN_OBSERVATION
53.303085,-6.42607,2016,6,Ireland,HUMAN_OBSERVATION
53.30314,-7.903195,2017,6,Ireland,HUMAN_OBSERVATION
53.303246,-6.178586,2023,2,Ireland,HUMAN_OBSERVATION
53.304883,-6.612992,2016,9,Ireland,HUMAN_OBSERVATION
53.305048,-0.483517,2016,3,United Kingdom of Great Britain and Northern Ireland,HUMAN_OBSERVATION
53.305048,-0.483517,2016,10,United Kingdom of Great Britain and Northern Ireland,HUMAN_OBSERVATION
53.305261,-4.147875,2002,9,United Kingdom of Great Britain and Northern Ireland,MATERIAL_SAMPLE
53.305261,-4.147875,2002,9,United Kingdom of Great Britain and Northern Ireland,MATERIAL_SAMPLE
53.305631,-7.492524,2017,6,Ireland,HUMAN_OBSERVATION
53.305872,-6.219338,2016,9,Ireland,HUMAN_OBSERVATION
53.305939,-6.223836,2016,9,Ireland,HUMAN_OBSERVATION
53.309686,-7.54783,2017,6,Ireland,HUMAN_OBSERVATION
53.311098,-8.527471,2018,9,Ireland,HUMAN_OBSERVATION
53.311102,-2.368795,2017,10,United Kingdom of Great Britain and Northern Ireland,HUMAN_OBSERVATION
53.312051,-3.766657,2018,10,United Kingdom of Great Britain and Northern Ireland,HUMAN_OBSERVATION
53.312226,-6.223575,2016,9,Ireland,HUMAN_OBSERVATION
53.315052,-4.512369,2023,5,United Kingdom of Great Britain and Northern Ireland,HUMAN_OBSERVATION
53.315052,-4.512369,2023,7,United Kingdom of Great Britain and Northern Ireland,HUMAN_OBSERVATION
53.315052,-4.512369,2023,9,United Kingdom of Great Britain and Northern Ireland,HUMAN_OBSERVATION
53.315052,-4.512369,2022,4,United Kingdom of Great Britain and Northern Ireland,HUMAN_OBSERVATION
53.315052,-4.512369,2022,8,United Kingdom of Great Britain and Northern Ireland,HUMAN_OBSERVATION
53.315052,-4.512369,2022,11,United Kingdom of Great Britain and Northern Ireland,HUMAN_OBSERVATION
53.315052,-4.512369,2021,4,United Kingdom of Great Britain and Northern Ireland,HUMAN_OBSERVATION
53.315052,-4.512369,2021,7,United Kingdom of Great Britain and Northern Ireland,HUMAN_OBSERVATION
53.315052,-4.512369,2021,10,United Kingdom of Great Britain and Northern Ireland,HUMAN_OBSERVATION
53.315052,-4.512369,2020,8,United Kingdom of Great Britain and Northern Ireland,HUMAN_OBSERVATION
53.315052,-4.512369,2020,11,United Kingdom of Great Britain and Northern Ireland,HUMAN_OBSERVATION
53.315052,-4.512369,2019,5,United Kingdom of Great Britain and Northern Ireland,HUMAN_OBSERVATION
53.315052,-4.512369,2019,11,United Kingdom of Great Britain and Northern Ireland,HUMAN_OBSERVATION
53.315052,-4.512369,2019,11,United Kingdom of Great Britain and Northern Ireland,HUMAN_OBSERVATION
53.315052,-4.512369,2018,4,United Kingdom of Great Britain and Northern Ireland,HUMAN_OBSERVATION
53.315052,-4.512369,2018,9,United Kingdom of Great Britain and Northern Ireland,HUMAN_OBSERVATION
53.315052,-4.512369,2017,4,United Kingdom of Great Britain and Northern Ireland,HUMAN_OBSERVATION
53.315052,-4.512369,2017,10,United Kingdom of Great Britain and Northern Ireland,HUMAN_OBSERVATION
53.315052,-4.512369,2016,3,United Kingdom of Great Britain and Northern Ireland,HUMAN_OBSERVATION
53.315052,-4.512369,2016,9,United Kingdom of Great Britain and Northern Ireland,HUMAN_OBSERVATION
53.315052,-4.512369,2016,9,United Kingdom of Great Britain and Northern Ireland,HUMAN_OBSERVATION
53.315205,-4.537827,2019,11,United Kingdom of Great Britain and Northern Ireland,HUMAN_OBSERVATION
53.315205,-4.537827,2018,9,United Kingdom of Great Britain and Northern Ireland,HUMAN_OBSERVATION
53.316001,-4.28745,2019,10,United Kingdom of Great Britain and Northern Ireland,HUMAN_OBSERVATION
53.317021,-4.215618,2017,7,United Kingdom of Great Britain and Northern Ireland,HUMAN_OBSERVATION
53.317403,-4.290768,2016,10,United Kingdom of Great Britain and Northern Ireland,HUMAN_OBSERVATION
53.317648,-0.415514,2016,3,United Kingdom of Great Britain and Northern Ireland,HUMAN_OBSERVATION
53.317648,-0.415514,2016,9,United Kingdom of Great Britain and Northern Ireland,HUMAN_OBSERVATION
53.317709,-2.368476,2017,6,United Kingdom of Great Britain and Northern Ireland,HUMAN_OBSERVATION
53.317709,-2.368476,2017,10,United Kingdom of Great Britain and Northern Ireland,HUMAN_OBSERVATION
53.31785,-6.196134,2021,10,Ireland,HUMAN_OBSERVATION
53.318277,-6.233547,2016,9,Ireland,HUMAN_OBSERVATION
53.319871,-1.167561,2016,3,United Kingdom of Great Britain and Northern Ireland,HUMAN_OBSERVATION
53.319871,-1.167561,2016,11,United Kingdom of Great Britain and Northern Ireland,HUMAN_OBSERVATION
53.320483,-0.425919,2016,3,United Kingdom of Great Britain and Northern Ireland,HUMAN_OBSERVATION
53.320483,-0.425919,2016,9,United Kingdom of Great Britain and Northern Ireland,HUMAN_OBSERVATION
53.320527,0.245218,2016,3,United Kingdom of Great Britain and Northern Ireland,HUMAN_OBSERVATION
53.323902,-6.390657,2016,6,Ireland,HUMAN_OBSERVATION
53.323918,-3.006596,2016,3,United Kingdom of Great Britain and Northern Ireland,HUMAN_OBSERVATION
53.323918,-3.006596,2016,9,United Kingdom of Great Britain and Northern Ireland,HUMAN_OBSERVATION
53.324562,-4.302309,2019,10,United Kingdom of Great Britain and Northern Ireland,HUMAN_OBSERVATION
53.324817,-3.006617,2016,3,United Kingdom of Great Britain and Northern Ireland,HUMAN_OBSERVATION
53.324817,-3.006617,2016,9,United Kingdom of Great Britain and Northern Ireland,HUMAN_OBSERVATION
53.325324,-7.683156,2017,6,Ireland,HUMAN_OBSERVATION
53.325892,-9.166654,2018,8,Ireland,HUMAN_OBSERVATION
53.326024,-9.169104,2016,5,Ireland,HUMAN_OBSERVATION
53.32666,-2.380565,2017,6,United Kingdom of Great Britain and Northern Ireland,HUMAN_OBSERVATION
53.329394,-8.323318,2017,9,Ireland,HUMAN_OBSERVATION
53.330862,-1.982693,2016,3,United Kingdom of Great Britain and Northern Ireland,HUMAN_OBSERVATION
53.330862,-1.982693,2016,10,United Kingdom of Great Britain and Northern Ireland,HUMAN_OBSERVATION
53.331591,-3.496934,1948,7,United Kingdom of Great Britain and Northern Ireland,MATERIAL_SAMPLE
53.333975,-1.261893,2016,3,United Kingdom of Great Britain and Northern Ireland,HUMAN_OBSERVATION
53.333975,-1.261893,2016,11,United Kingdom of Great Britain and Northern Ireland,HUMAN_OBSERVATION
53.336549,-1.242325,2016,4,United Kingdom of Great Britain and Northern Ireland,HUMAN_OBSERVATION
53.336549,-1.242325,2016,11,United Kingdom of Great Britain and Northern Ireland,HUMAN_OBSERVATION
53.337389,-6.189969,2021,10,Ireland,HUMAN_OBSERVATION
53.339081,-4.449877,2023,5,United Kingdom of Great Britain and Northern Ireland,HUMAN_OBSERVATION
53.339081,-4.449877,2023,9,United Kingdom of Great Britain and Northern Ireland,HUMAN_OBSERVATION
53.339404,-6.318852,2016,6,Ireland,HUMAN_OBSERVATION
53.341157,-2.987476,2016,4,United Kingdom of Great Britain and Northern Ireland,HUMAN_OBSERVATION
53.341157,-2.987476,2016,9,United Kingdom of Great Britain and Northern Ireland,HUMAN_OBSERVATION
53.341944,-7.648941,2017,6,Ireland,HUMAN_OBSERVATION
53.343904,-3.085175,2021,3,United Kingdom of Great Britain and Northern Ireland,HUMAN_OBSERVATION
53.343952,-8.061419,2017,7,Ireland,HUMAN_OBSERVATION
53.344612,13.499225,2023,3,Germany,HUMAN_OBSERVATION
53.346229,-8.206209,2017,9,Ireland,HUMAN_OBSERVATION
53.346247,-3.423453,1948,7,United Kingdom of Great Britain and Northern Ireland,MATERIAL_SAMPLE
53.346633,12.823272,2024,8,Germany,HUMAN_OBSERVATION
53.346756,-1.737844,2016,4,United Kingdom of Great Britain and Northern Ireland,HUMAN_OBSERVATION
53.346756,-1.737844,2016,10,United Kingdom of Great Britain and Northern Ireland,HUMAN_OBSERVATION
53.347113,-0.151518,2016,4,United Kingdom of Great Britain and Northern Ireland,HUMAN_OBSERVATION
53.347113,-0.151518,2016,9,United Kingdom of Great Britain and Northern Ireland,HUMAN_OBSERVATION
53.347271,10.501634,2022,9,Germany,HUMAN_OBSERVATION
53.347426,-8.590674,2018,6,Ireland,HUMAN_OBSERVATION
53.348183,-7.556097,2017,6,Ireland,HUMAN_OBSERVATION
53.348342,-6.690683,2016,6,Ireland,HUMAN_OBSERVATION
53.35,5.2,2018,10,Netherlands,HUMAN_OBSERVATION
53.35,5.25,2020,10,Netherlands,HUMAN_OBSERVATION
53.35,5.25,2018,10,Netherlands,HUMAN_OBSERVATION
53.35,5.25,2017,10,Netherlands,HUMAN_OBSERVATION
53.35,6.2,2022,11,Netherlands,HUMAN_OBSERVATION
53.350633,-2.655691,2016,3,United Kingdom of Great Britain and Northern Ireland,HUMAN_OBSERVATION
53.350633,-2.655691,2016,10,United Kingdom of Great Britain and Northern Ireland,HUMAN_OBSERVATION
53.350742,-1.363758,2016,4,United Kingdom of Great Britain and Northern Ireland,HUMAN_OBSERVATION
53.350742,-1.363758,2016,9,United Kingdom of Great Britain and Northern Ireland,HUMAN_OBSERVATION
53.351912,-0.230943,2016,5,United Kingdom of Great Britain and Northern Ireland,HUMAN_OBSERVATION
53.353484,-4.264819,2018,4,United Kingdom of Great Britain and Northern Ireland,HUMAN_OBSERVATION
53.353484,-4.264819,2018,9,United Kingdom of Great Britain and Northern Ireland,HUMAN_OBSERVATION
53.353627,-7.668189,2017,6,Ireland,HUMAN_OBSERVATION
53.354256,-1.348682,2016,4,United Kingdom of Great Britain and Northern Ireland,HUMAN_OBSERVATION
53.354256,-1.348682,2016,9,United Kingdom of Great Britain and Northern Ireland,HUMAN_OBSERVATION
53.356118,-1.56223,2024,10,United Kingdom of Great Britain and Northern Ireland,HUMAN_OBSERVATION
53.357388,-7.045397,2018,7,Ireland,HUMAN_OBSERVATION
53.359964,-6.446196,2016,9,Ireland,HUMAN_OBSERVATION
53.361604,-7.077137,2018,7,Ireland,HUMAN_OBSERVATION
53.361936,-6.153794,2021,8,Ireland,HUMAN_OBSERVATION
53.362008,-4.299555,2022,11,United Kingdom of Great Britain and Northern Ireland,HUMAN_OBSERVATION
53.362008,-4.299555,2018,4,United Kingdom of Great Britain and Northern Ireland,HUMAN_OBSERVATION
53.362008,-4.299555,2018,10,United Kingdom of Great Britain and Northern Ireland,HUMAN_OBSERVATION
53.362324,-1.997707,2016,3,United Kingdom of Great Britain and Northern Ireland,HUMAN_OBSERVATION
53.362324,-1.997707,2016,9,United Kingdom of Great Britain and Northern Ireland,HUMAN_OBSERVATION
53.362509,-8.592832,2018,6,Ireland,HUMAN_OBSERVATION
53.362849,-6.485285,2016,9,Ireland,HUMAN_OBSERVATION
53.363207,-6.491008,2016,6,Ireland,HUMAN_OBSERVATION
53.363527,-2.376385,2016,4,United Kingdom of Great Britain and Northern Ireland,HUMAN_OBSERVATION
53.363527,-2.376385,2016,9,United Kingdom of Great Britain and Northern Ireland,HUMAN_OBSERVATION
53.364991,-7.853704,2017,7,Ireland,HUMAN_OBSERVATION
53.365604,-0.015447,2016,5,United Kingdom of Great Britain and Northern Ireland,HUMAN_OBSERVATION
53.365604,-0.015447,2016,9,United Kingdom of Great Britain and Northern Ireland,HUMAN_OBSERVATION
53.366117,-9.213383,2018,8,Ireland,HUMAN_OBSERVATION
53.368595,-7.502256,2017,6,Ireland,HUMAN_OBSERVATION
53.369713,-6.780247,2018,7,Ireland,HUMAN_OBSERVATION
53.371001,-9.690193,2017,,Ireland,HUMAN_OBSERVATION
53.371508,0.162211,2016,10,United Kingdom of Great Britain and Northern Ireland,HUMAN_OBSERVATION
53.372932,-0.44954,2016,3,United Kingdom of Great Britain and Northern Ireland,HUMAN_OBSERVATION
53.372932,-0.44954,2016,10,United Kingdom of Great Britain and Northern Ireland,HUMAN_OBSERVATION
53.374755,-6.281977,2016,6,Ireland,HUMAN_OBSERVATION
53.374861,-8.874359,2018,6,Ireland,HUMAN_OBSERVATION
53.377129,13.391797,2023,9,Germany,HUMAN_OBSERVATION
53.377841,-9.96439,2023,5,Ireland,HUMAN_OBSERVATION
53.378383,-0.599677,2016,3,United Kingdom of Great Britain and Northern Ireland,HUMAN_OBSERVATION
53.378383,-0.599677,2016,6,United Kingdom of Great Britain and Northern Ireland,HUMAN_OBSERVATION
53.378383,-0.599677,2016,9,United Kingdom of Great Britain and Northern Ireland,HUMAN_OBSERVATION
53.379949,-0.580082,2016,6,United Kingdom of Great Britain and Northern Ireland,HUMAN_OBSERVATION
53.380413,-1.566262,2016,4,United Kingdom of Great Britain and Northern Ireland,HUMAN_OBSERVATION
53.381234,-1.077666,2016,9,United Kingdom of Great Britain and Northern Ireland,HUMAN_OBSERVATION
53.384343,-6.358349,2016,6,Ireland,HUMAN_OBSERVATION
53.38468,-7.106483,2018,6,Ireland,HUMAN_OBSERVATION
53.384724,-0.324312,2016,3,United Kingdom of Great Britain and Northern Ireland,HUMAN_OBSERVATION
53.384724,-0.324312,2016,10,United Kingdom of Great Britain and Northern Ireland,HUMAN_OBSERVATION
53.384853,-2.644189,2016,3,United Kingdom of Great Britain and Northern Ireland,HUMAN_OBSERVATION
53.384853,-2.644189,2016,9,United Kingdom of Great Britain and Northern Ireland,HUMAN_OBSERVATION
53.386232,-9.561534,2017,,Ireland,HUMAN_OBSERVATION
53.388946,-6.576764,2016,6,Ireland,HUMAN_OBSERVATION
53.389512,-7.607891,2017,6,Ireland,HUMAN_OBSERVATION
53.389549,-8.662418,2018,6,Ireland,HUMAN_OBSERVATION
53.390006,-7.719083,2017,6,Ireland,HUMAN_OBSERVATION
53.390121,-6.582184,2016,9,Ireland,HUMAN_OBSERVATION
53.39078,-0.372197,2016,3,United Kingdom of Great Britain and Northern Ireland,HUMAN_OBSERVATION
53.39078,-0.372197,2016,10,United Kingdom of Great Britain and Northern Ireland,HUMAN_OBSERVATION
53.391369,0.206833,2016,3,United Kingdom of Great Britain and Northern Ireland,HUMAN_OBSERVATION
53.391369,0.206833,2016,10,United Kingdom of Great Britain and Northern Ireland,HUMAN_OBSERVATION
53.391483,-9.572248,2017,,Ireland,HUMAN_OBSERVATION
53.393906,-1.215743,2016,5,United Kingdom of Great Britain and Northern Ireland,HUMAN_OBSERVATION
53.395935,-1.251798,2016,5,United Kingdom of Great Britain and Northern Ireland,HUMAN_OBSERVATION
53.3961,-7.111765,2018,6,Ireland,HUMAN_OBSERVATION
53.396825,0.052187,2016,9,United Kingdom of Great Britain and Northern Ireland,HUMAN_OBSERVATION
53.397012,-6.214351,2016,8,Ireland,HUMAN_OBSERVATION
53.397194,-6.60134,2016,6,Ireland,HUMAN_OBSERVATION
53.397808,-4.433335,2023,5,United Kingdom of Great Britain and Northern Ireland,HUMAN_OBSERVATION
53.397808,-4.433335,2019,5,United Kingdom of Great Britain and Northern Ireland,HUMAN_OBSERVATION
53.397924,-2.546632,2016,4,United Kingdom of Great Britain and Northern Ireland,HUMAN_OBSERVATION
53.397924,-2.546632,2016,9,United Kingdom of Great Britain and Northern Ireland,HUMAN_OBSERVATION
53.398205,-7.628827,2017,6,Ireland,HUMAN_OBSERVATION
53.398245,-2.660935,2016,3,United Kingdom of Great Britain and Northern Ireland,HUMAN_OBSERVATION
53.398245,-2.660935,2016,9,United Kingdom of Great Britain and Northern Ireland,HUMAN_OBSERVATION
53.399282,-7.57981,2017,6,Ireland,HUMAN_OBSERVATION
53.399338,-0.547851,2016,4,United Kingdom of Great Britain and Northern Ireland,HUMAN_OBSERVATION
53.399501,-6.954787,2018,7,Ireland,HUMAN_OBSERVATION
53.4,6.55,2022,10,Netherlands,HUMAN_OBSERVATION
53.4,6.85,2022,2,Netherlands,HUMAN_OBSERVATION
53.400935,-2.096969,2016,3,United Kingdom of Great Britain and Northern Ireland,HUMAN_OBSERVATION
53.400935,-2.096969,2016,6,United Kingdom of Great Britain and Northern Ireland,HUMAN_OBSERVATION
53.400935,-2.096969,2016,10,United Kingdom of Great Britain and Northern Ireland,HUMAN_OBSERVATION
53.402862,-6.39559,2017,7,Ireland,HUMAN_OBSERVATION
53.404102,-6.84786,2018,7,Ireland,HUMAN_OBSERVATION
53.40597,-7.463578,2017,6,Ireland,HUMAN_OBSERVATION
53.40682,-4.445043,2019,5,United Kingdom of Great Britain and Northern Ireland,HUMAN_OBSERVATION
53.407056,-0.446795,2016,3,United Kingdom of Great Britain and Northern Ireland,HUMAN_OBSERVATION
53.407076,-0.448298,2016,9,United Kingdom of Great Britain and Northern Ireland,HUMAN_OBSERVATION
53.407227,-1.19143,2016,5,United Kingdom of Great Britain and Northern Ireland,HUMAN_OBSERVATION
53.407227,-1.19143,2016,9,United Kingdom of Great Britain and Northern Ireland,HUMAN_OBSERVATION
53.40834,-7.039135,2018,7,Ireland,HUMAN_OBSERVATION
53.408582,8.188679,2024,10,Germany,HUMAN_OBSERVATION
53.409126,-4.450517,2019,5,United Kingdom of Great Britain and Northern Ireland,HUMAN_OBSERVATION
53.409186,-1.568978,2016,4,United Kingdom of Great Britain and Northern Ireland,HUMAN_OBSERVATION
53.409591,-3.07782,2016,3,United Kingdom of Great Britain and Northern Ireland,HUMAN_OBSERVATION
53.409591,-3.07782,2016,10,United Kingdom of Great Britain and Northern Ireland,HUMAN_OBSERVATION
53.409652,-4.447222,2019,5,United Kingdom of Great Britain and Northern Ireland,HUMAN_OBSERVATION
53.409944,-4.516842,2024,9,United Kingdom of Great Britain and Northern Ireland,HUMAN_OBSERVATION
53.410188,-4.451376,2023,5,United Kingdom of Great Britain and Northern Ireland,HUMAN_OBSERVATION
53.410188,-4.451376,2019,4,United Kingdom of Great Britain and Northern Ireland,HUMAN_OBSERVATION
53.410188,-4.451376,2019,11,United Kingdom of Great Britain and Northern Ireland,HUMAN_OBSERVATION
53.410532,-0.243557,2016,3,United Kingdom of Great Britain and Northern Ireland,HUMAN_OBSERVATION
53.410532,-0.243557,2016,4,United Kingdom of Great Britain and Northern Ireland,HUMAN_OBSERVATION
53.410532,-0.243557,2016,9,United Kingdom of Great Britain and Northern Ireland,HUMAN_OBSERVATION
53.411551,-7.558041,2017,6,Ireland,HUMAN_OBSERVATION
53.411748,-7.983682,2017,7,Ireland,HUMAN_OBSERVATION
53.411835,-9.282824,2018,8,Ireland,HUMAN_OBSERVATION
53.414278,0.030456,2016,4,United Kingdom of Great Britain and Northern Ireland,HUMAN_OBSERVATION
53.414373,-8.848544,2018,6,Ireland,HUMAN_OBSERVATION
53.417251,-0.211679,2016,4,United Kingdom of Great Britain and Northern Ireland,HUMAN_OBSERVATION
53.417251,-0.211679,2016,9,United Kingdom of Great Britain and Northern Ireland,HUMAN_OBSERVATION
53.4175,-1.41091,2016,3,United Kingdom of Great Britain and Northern Ireland,HUMAN_OBSERVATION
53.4175,-1.41091,2016,9,United Kingdom of Great Britain and Northern Ireland,HUMAN_OBSERVATION
53.420181,-9.393451,2018,8,Ireland,HUMAN_OBSERVATION
53.420409,-8.015092,2017,9,Ireland,HUMAN_OBSERVATION
53.421798,-6.409195,2016,7,Ireland,HUMAN_OBSERVATION
53.422413,-7.302639,2018,6,Ireland,HUMAN_OBSERVATION
53.422833,-1.616993,2016,4,United Kingdom of Great Britain and Northern Ireland,HUMAN_OBSERVATION
53.422833,-1.616993,2016,9,United Kingdom of Great Britain and Northern Ireland,HUMAN_OBSERVATION
53.427464,-1.013456,2016,3,United Kingdom of Great Britain and Northern Ireland,HUMAN_OBSERVATION
53.42847,-2.855551,2016,3,United Kingdom of Great Britain and Northern Ireland,HUMAN_OBSERVATION
53.42847,-2.855551,2016,9,United Kingdom of Great Britain and Northern Ireland,HUMAN_OBSERVATION
53.429373,-8.019922,2017,7,Ireland,HUMAN_OBSERVATION
53.429818,-7.424186,2017,6,Ireland,HUMAN_OBSERVATION
53.431059,-9.320404,2018,8,Ireland,HUMAN_OBSERVATION
53.431921,-9.316382,2018,8,Ireland,HUMAN_OBSERVATION
53.433544,-7.597178,2017,6,Ireland,HUMAN_OBSERVATION
53.434948,-0.192871,2016,7,United Kingdom of Great Britain and Northern Ireland,HUMAN_OBSERVATION
53.43506,-7.442556,2017,6,Ireland,HUMAN_OBSERVATION
53.437207,-6.992304,2018,7,Ireland,HUMAN_OBSERVATION
53.437397,-1.436225,2016,4,United Kingdom of Great Britain and Northern Ireland,HUMAN_OBSERVATION
53.437397,-1.436225,2016,9,United Kingdom of Great Britain and Northern Ireland,HUMAN_OBSERVATION
53.437705,-8.863844,2018,6,Ireland,HUMAN_OBSERVATION
53.440527,-8.727355,2018,6,Ireland,HUMAN_OBSERVATION
53.441307,-7.244928,2018,6,Ireland,HUMAN_OBSERVATION
53.443206,-1.940494,2016,10,United Kingdom of Great Britain and Northern Ireland,HUMAN_OBSERVATION
53.444115,-1.966087,2016,4,United Kingdom of Great Britain and Northern Ireland,HUMAN_OBSERVATION
53.444115,-1.966087,2016,9,United Kingdom of Great Britain and Northern Ireland,HUMAN_OBSERVATION
53.445477,-0.175861,2016,4,United Kingdom of Great Britain and Northern Ireland,HUMAN_OBSERVATION
53.445477,-0.175861,2016,7,United Kingdom of Great Britain and Northern Ireland,HUMAN_OBSERVATION
53.445477,-0.175861,2016,9,United Kingdom of Great Britain and Northern Ireland,HUMAN_OBSERVATION
53.446488,-7.160564,2018,7,Ireland,HUMAN_OBSERVATION
53.448116,-7.887737,2017,7,Ireland,HUMAN_OBSERVATION
53.449447,-6.969357,2018,7,Ireland,HUMAN_OBSERVATION
53.449822,-7.843017,2017,7,Ireland,HUMAN_OBSERVATION
53.45,5.8,2022,4,Netherlands,HUMAN_OBSERVATION
53.45,5.85,2016,9,Netherlands,HUMAN_OBSERVATION
53.45,5.85,2016,9,Netherlands,HUMAN_OBSERVATION
53.45,6.15,2019,4,Netherlands,HUMAN_OBSERVATION
53.452425,-6.914608,2018,7,Ireland,HUMAN_OBSERVATION
53.452637,-0.496336,2016,6,United Kingdom of Great Britain and Northern Ireland,HUMAN_OBSERVATION
53.452828,0.036813,2016,5,United Kingdom of Great Britain and Northern Ireland,HUMAN_OBSERVATION
53.452828,0.036813,2016,10,United Kingdom of Great Britain and Northern Ireland,HUMAN_OBSERVATION
53.452882,-0.515905,2016,6,United Kingdom of Great Britain and Northern Ireland,HUMAN_OBSERVATION
53.454006,-1.987161,2016,4,United Kingdom of Great Britain and Northern Ireland,HUMAN_OBSERVATION
53.454006,-1.987161,2016,10,United Kingdom of Great Britain and Northern Ireland,HUMAN_OBSERVATION
53.454006,-1.985655,2016,4,United Kingdom of Great Britain and Northern Ireland,HUMAN_OBSERVATION
53.454006,-1.985655,2016,9,United Kingdom of Great Britain and Northern Ireland,HUMAN_OBSERVATION
53.455864,-1.55194,2016,9,United Kingdom of Great Britain and Northern Ireland,HUMAN_OBSERVATION
53.455969,-6.172235,2022,4,Ireland,HUMAN_OBSERVATION
53.457464,-0.850104,2016,5,United Kingdom of Great Britain and Northern Ireland,HUMAN_OBSERVATION
53.457464,-0.850104,2016,11,United Kingdom of Great Britain and Northern Ireland,HUMAN_OBSERVATION
53.457723,-1.366679,2016,9,United Kingdom of Great Britain and Northern Ireland,HUMAN_OBSERVATION
53.458928,-7.719046,2017,7,Ireland,HUMAN_OBSERVATION
53.459017,-0.857367,2020,8,United Kingdom of Great Britain and Northern Ireland,HUMAN_OBSERVATION
53.460412,-2.911921,2016,4,United Kingdom of Great Britain and Northern Ireland,HUMAN_OBSERVATION
53.460412,-2.911921,2016,9,United Kingdom of Great Britain and Northern Ireland,HUMAN_OBSERVATION
53.461137,-7.062659,2018,7,Ireland,HUMAN_OBSERVATION
53.461265,-8.083852,2017,7,Ireland,HUMAN_OBSERVATION
53.461717,-0.179684,2016,4,United Kingdom of Great Britain and Northern Ireland,HUMAN_OBSERVATION
53.461938,-8.842411,2018,6,Ireland,HUMAN_OBSERVATION
53.462394,-6.17063,2017,,Ireland,HUMAN_OBSERVATION
53.462796,0.135212,2016,9,United Kingdom of Great Britain and Northern Ireland,HUMAN_OBSERVATION
53.462829,-10.006287,2017,10,Ireland,HUMAN_OBSERVATION
53.464735,-6.217345,2017,6,Ireland,HUMAN_OBSERVATION
53.46569,-1.981133,2016,4,United Kingdom of Great Britain and Northern Ireland,HUMAN_OBSERVATION
53.46569,-1.981133,2016,10,United Kingdom of Great Britain and Northern Ireland,HUMAN_OBSERVATION
53.467058,-2.799838,2019,7,United Kingdom of Great Britain and Northern Ireland,HUMAN_OBSERVATION
53.468762,-7.677299,2017,7,Ireland,HUMAN_OBSERVATION
53.469284,-1.970586,2016,4,United Kingdom of Great Britain and Northern Ireland,HUMAN_OBSERVATION
53.469284,-1.970586,2016,8,United Kingdom of Great Britain and Northern Ireland,HUMAN_OBSERVATION
53.469284,-1.970586,2016,9,United Kingdom of Great Britain and Northern Ireland,HUMAN_OBSERVATION
53.470023,-8.501302,2017,8,Ireland,HUMAN_OBSERVATION
53.470997,13.175283,2022,9,Germany,HUMAN_OBSERVATION
53.471389,-6.220264,2017,6,Ireland,HUMAN_OBSERVATION
53.472188,-2.803983,2019,7,United Kingdom of Great Britain and Northern Ireland,HUMAN_OBSERVATION
53.476045,-8.787686,2018,6,Ireland,HUMAN_OBSERVATION
53.47749,-10.000292,2018,8,Ireland,HUMAN_OBSERVATION
53.47749,-10.000292,2017,10,Ireland,HUMAN_OBSERVATION
53.478292,-0.463784,2016,11,United Kingdom of Great Britain and Northern Ireland,HUMAN_OBSERVATION
53.48087,-2.488931,2016,3,United Kingdom of Great Britain and Northern Ireland,HUMAN_OBSERVATION
53.48087,-2.488931,2016,9,United Kingdom of Great Britain and Northern Ireland,HUMAN_OBSERVATION
53.481756,-2.491954,2016,4,United Kingdom of Great Britain and Northern Ireland,HUMAN_OBSERVATION
53.481756,-2.491954,2016,10,United Kingdom of Great Britain and Northern Ireland,HUMAN_OBSERVATION
53.482174,-0.635444,2016,3,United Kingdom of Great Britain and Northern Ireland,HUMAN_OBSERVATION
53.482563,0.08496,2016,4,United Kingdom of Great Britain and Northern Ireland,HUMAN_OBSERVATION
53.483072,-0.635415,2016,3,United Kingdom of Great Britain and Northern Ireland,HUMAN_OBSERVATION
53.483072,-0.635415,2016,9,United Kingdom of Great Britain and Northern Ireland,HUMAN_OBSERVATION
53.484579,-2.460341,2016,3,United Kingdom of Great Britain and Northern Ireland,HUMAN_OBSERVATION
53.484579,-2.460341,2016,9,United Kingdom of Great Britain and Northern Ireland,HUMAN_OBSERVATION
53.484731,-1.221604,2016,3,United Kingdom of Great Britain and Northern Ireland,HUMAN_OBSERVATION
53.484731,-1.221604,2016,9,United Kingdom of Great Britain and Northern Ireland,HUMAN_OBSERVATION
53.485315,-7.680249,2017,7,Ireland,HUMAN_OBSERVATION
53.485956,-0.651901,2016,3,United Kingdom of Great Britain and Northern Ireland,HUMAN_OBSERVATION
53.485956,-0.651901,2016,11,United Kingdom of Great Britain and Northern Ireland,HUMAN_OBSERVATION
53.486377,-0.329351,2016,4,United Kingdom of Great Britain and Northern Ireland,HUMAN_OBSERVATION
53.486377,-0.329351,2016,9,United Kingdom of Great Britain and Northern Ireland,HUMAN_OBSERVATION
53.4864,-10.018415,2017,10,Ireland,HUMAN_OBSERVATION
53.486531,-9.121231,2018,6,Ireland,HUMAN_OBSERVATION
53.487543,-1.614904,2016,4,United Kingdom of Great Britain and Northern Ireland,HUMAN_OBSERVATION
53.487543,-1.614904,2016,9,United Kingdom of Great Britain and Northern Ireland,HUMAN_OBSERVATION
53.487699,-9.995036,2018,8,Ireland,HUMAN_OBSERVATION
53.488825,-2.520672,2016,5,United Kingdom of Great Britain and Northern Ireland,HUMAN_OBSERVATION
53.490998,-6.331623,2018,8,Ireland,HUMAN_OBSERVATION
53.491178,-8.453788,2017,9,Ireland,HUMAN_OBSERVATION
53.491225,-0.169376,2016,5,United Kingdom of Great Britain and Northern Ireland,HUMAN_OBSERVATION
53.491225,-0.169376,2016,9,United Kingdom of Great Britain and Northern Ireland,HUMAN_OBSERVATION
53.493603,-8.320919,2018,8,Ireland,HUMAN_OBSERVATION
53.494224,-6.10905,2020,7,Ireland,HUMAN_OBSERVATION
53.494886,-0.004892,2016,5,United Kingdom of Great Britain and Northern Ireland,HUMAN_OBSERVATION
53.494886,-0.004892,2016,9,United Kingdom of Great Britain and Northern Ireland,HUMAN_OBSERVATION
53.495347,-2.039906,2016,3,United Kingdom of Great Britain and Northern Ireland,HUMAN_OBSERVATION
53.495347,-2.039906,2016,9,United Kingdom of Great Britain and Northern Ireland,HUMAN_OBSERVATION
53.495757,-1.655529,2016,5,United Kingdom of Great Britain and Northern Ireland,HUMAN_OBSERVATION
53.495757,-1.655529,2016,11,United Kingdom of Great Britain and Northern Ireland,HUMAN_OBSERVATION
53.495944,-6.925669,2018,9,Ireland,HUMAN_OBSERVATION
53.496647,-0.11336,2016,4,United Kingdom of Great Britain and Northern Ireland,HUMAN_OBSERVATION
53.496647,-0.11336,2016,9,United Kingdom of Great Britain and Northern Ireland,HUMAN_OBSERVATION
53.496657,-8.783588,2018,6,Ireland,HUMAN_OBSERVATION
53.49666,-1.657029,2016,5,United Kingdom of Great Britain and Northern Ireland,HUMAN_OBSERVATION
53.49666,-1.657029,2016,11,United Kingdom of Great Britain and Northern Ireland,HUMAN_OBSERVATION
53.498521,10.077945,2021,5,Germany,HUMAN_OBSERVATION
53.498921,0.022437,2016,5,United Kingdom of Great Britain and Northern Ireland,HUMAN_OBSERVATION
53.498921,0.022437,2016,9,United Kingdom of Great Britain and Northern Ireland,HUMAN_OBSERVATION
53.500537,-7.203435,2018,8,Ireland,HUMAN_OBSERVATION
53.500653,7.683125,2020,,Germany,HUMAN_OBSERVATION
53.502183,-7.108228,2018,8,Ireland,HUMAN_OBSERVATION
53.503978,-1.026758,2016,5,United Kingdom of Great Britain and Northern Ireland,HUMAN_OBSERVATION
53.503978,-1.026758,2016,11,United Kingdom of Great Britain and Northern Ireland,HUMAN_OBSERVATION
53.504056,-7.590322,2017,7,Ireland,HUMAN_OBSERVATION
53.506575,-6.192462,2017,6,Ireland,HUMAN_OBSERVATION
53.509747,-6.402971,2017,6,Ireland,HUMAN_OBSERVATION
53.509791,-2.448551,2016,3,United Kingdom of Great Britain and Northern Ireland,HUMAN_OBSERVATION
53.509791,-2.448551,2016,9,United Kingdom of Great Britain and Northern Ireland,HUMAN_OBSERVATION
53.510833,-10.040135,2017,10,Ireland,HUMAN_OBSERVATION
53.511678,-8.674635,2018,6,Ireland,HUMAN_OBSERVATION
53.511985,-0.42788,2016,6,United Kingdom of Great Britain and Northern Ireland,HUMAN_OBSERVATION
53.512798,-6.417903,2017,6,Ireland,HUMAN_OBSERVATION
53.513147,-1.491017,2016,4,United Kingdom of Great Britain and Northern Ireland,HUMAN_OBSERVATION
53.513147,-1.491017,2016,9,United Kingdom of Great Britain and Northern Ireland,HUMAN_OBSERVATION
53.5137,-0.491159,2016,10,United Kingdom of Great Britain and Northern Ireland,HUMAN_OBSERVATION
53.514561,-0.418735,2016,6,United Kingdom of Great Britain and Northern Ireland,HUMAN_OBSERVATION
53.514951,-1.492503,2016,4,United Kingdom of Great Britain and Northern Ireland,HUMAN_OBSERVATION
53.514951,-1.492503,2016,9,United Kingdom of Great Britain and Northern Ireland,HUMAN_OBSERVATION
53.514962,-9.560105,2018,8,Ireland,HUMAN_OBSERVATION
53.515938,-1.364213,2016,9,United Kingdom of Great Britain and Northern Ireland,HUMAN_OBSERVATION
53.516249,-8.615308,2018,6,Ireland,HUMAN_OBSERVATION
53.516459,-1.36425,2016,9,United Kingdom of Great Britain and Northern Ireland,HUMAN_OBSERVATION
53.516625,-1.370174,2016,9,United Kingdom of Great Britain and Northern Ireland,HUMAN_OBSERVATION
53.517272,-2.588887,2016,4,United Kingdom of Great Britain and Northern Ireland,HUMAN_OBSERVATION
53.517272,-2.588887,2016,9,United Kingdom of Great Britain and Northern Ireland,HUMAN_OBSERVATION
53.518142,-6.093634,2021,6,Ireland,HUMAN_OBSERVATION
53.518772,-9.487613,2018,8,Ireland,HUMAN_OBSERVATION
53.519393,-0.51509,2016,3,United Kingdom of Great Britain and Northern Ireland,HUMAN_OBSERVATION
53.519564,-7.339769,2017,6,Ireland,HUMAN_OBSERVATION
53.520155,-6.265923,2017,6,Ireland,HUMAN_OBSERVATION
53.520285,-8.683831,2018,6,Ireland,HUMAN_OBSERVATION
53.521211,-1.045971,2016,4,United Kingdom of Great Britain and Northern Ireland,HUMAN_OBSERVATION
53.521211,-1.045971,2016,10,United Kingdom of Great Britain and Northern Ireland,HUMAN_OBSERVATION
53.522216,-8.880361,2018,6,Ireland,HUMAN_OBSERVATION
53.523728,-8.876852,2018,6,Ireland,HUMAN_OBSERVATION
53.523733,-8.822216,2018,6,Ireland,HUMAN_OBSERVATION
53.524658,-1.45166,2016,3,United Kingdom of Great Britain and Northern Ireland,HUMAN_OBSERVATION
53.524658,-1.45166,2016,9,United Kingdom of Great Britain and Northern Ireland,HUMAN_OBSERVATION
53.525083,-1.356624,2016,4,United Kingdom of Great Britain and Northern Ireland,HUMAN_OBSERVATION
53.525083,-1.356624,2016,9,United Kingdom of Great Britain and Northern Ireland,HUMAN_OBSERVATION
53.525645,-1.471257,2016,4,United Kingdom of Great Britain and Northern Ireland,HUMAN_OBSERVATION
53.525645,-1.471257,2016,9,United Kingdom of Great Britain and Northern Ireland,HUMAN_OBSERVATION
53.527508,-1.486319,2016,4,United Kingdom of Great Britain and Northern Ireland,HUMAN_OBSERVATION
53.527508,-1.486319,2016,9,United Kingdom of Great Britain and Northern Ireland,HUMAN_OBSERVATION
53.527874,-0.155726,2016,3,United Kingdom of Great Britain and Northern Ireland,HUMAN_OBSERVATION
53.527874,-0.155726,2016,8,United Kingdom of Great Britain and Northern Ireland,HUMAN_OBSERVATION
53.527874,-0.155726,2016,9,United Kingdom of Great Britain and Northern Ireland,HUMAN_OBSERVATION
53.528053,-6.783382,2018,8,Ireland,HUMAN_OBSERVATION
53.528255,-1.145379,2016,4,United Kingdom of Great Britain and Northern Ireland,HUMAN_OBSERVATION
53.529658,-1.371641,2016,5,United Kingdom of Great Britain and Northern Ireland,HUMAN_OBSERVATION
53.529658,-1.371641,2016,9,United Kingdom of Great Britain and Northern Ireland,HUMAN_OBSERVATION
53.531357,-8.557685,2017,8,Ireland,HUMAN_OBSERVATION
53.532104,-1.510402,2016,3,United Kingdom of Great Britain and Northern Ireland,HUMAN_OBSERVATION
53.532104,-1.510402,2016,9,United Kingdom of Great Britain and Northern Ireland,HUMAN_OBSERVATION
53.532307,-6.085551,2021,6,Ireland,HUMAN_OBSERVATION
53.533716,-9.655924,2018,8,Ireland,HUMAN_OBSERVATION
53.537119,-2.574074,2016,3,United Kingdom of Great Britain and Northern Ireland,HUMAN_OBSERVATION
53.537119,-2.574074,2016,9,United Kingdom of Great Britain and Northern Ireland,HUMAN_OBSERVATION
53.537423,-1.31268,2016,9,United Kingdom of Great Britain and Northern Ireland,HUMAN_OBSERVATION
53.538395,-1.51033,2016,9,United Kingdom of Great Britain and Northern Ireland,HUMAN_OBSERVATION
53.538425,-9.287796,2018,6,Ireland,HUMAN_OBSERVATION
53.538652,-0.042072,2016,4,United Kingdom of Great Britain and Northern Ireland,HUMAN_OBSERVATION
53.538652,-0.042072,2016,11,United Kingdom of Great Britain and Northern Ireland,HUMAN_OBSERVATION
53.539727,-1.001795,2016,3,United Kingdom of Great Britain and Northern Ireland,HUMAN_OBSERVATION
53.541488,-0.164189,2016,3,United Kingdom of Great Britain and Northern Ireland,HUMAN_OBSERVATION
53.541488,-0.164189,2016,8,United Kingdom of Great Britain and Northern Ireland,HUMAN_OBSERVATION
53.541488,-0.164189,2016,10,United Kingdom of Great Britain and Northern Ireland,HUMAN_OBSERVATION
53.542565,-7.313213,2017,6,Ireland,HUMAN_OBSERVATION
53.543601,-9.978705,2018,8,Ireland,HUMAN_OBSERVATION
53.543601,-9.978705,2017,10,Ireland,HUMAN_OBSERVATION
53.543817,-3.045008,2016,5,United Kingdom of Great Britain and Northern Ireland,HUMAN_OBSERVATION
53.546728,-7.334671,2017,6,Ireland,HUMAN_OBSERVATION
53.550286,-0.151732,2016,3,United Kingdom of Great Britain and Northern Ireland,HUMAN_OBSERVATION
53.550286,-0.151732,2016,8,United Kingdom of Great Britain and Northern Ireland,HUMAN_OBSERVATION
53.550286,-0.151732,2016,10,United Kingdom of Great Britain and Northern Ireland,HUMAN_OBSERVATION
53.550311,-6.749083,2018,8,Ireland,HUMAN_OBSERVATION
53.55259,-7.7971,2017,7,Ireland,HUMAN_OBSERVATION
53.552989,-2.696117,2023,12,United Kingdom of Great Britain and Northern Ireland,HUMAN_OBSERVATION
53.553147,-6.753773,2018,8,Ireland,HUMAN_OBSERVATION
53.554356,-6.83711,2018,8,Ireland,HUMAN_OBSERVATION
53.555082,-2.343366,2016,4,United Kingdom of Great Britain and Northern Ireland,HUMAN_OBSERVATION
53.555442,-1.821088,2016,5,United Kingdom of Great Britain and Northern Ireland,HUMAN_OBSERVATION
53.56094,-9.917378,2017,10,Ireland,HUMAN_OBSERVATION
53.564308,-0.12847,2016,3,United Kingdom of Great Britain and Northern Ireland,HUMAN_OBSERVATION
53.564308,-0.12847,2016,9,United Kingdom of Great Britain and Northern Ireland,HUMAN_OBSERVATION
53.56523,-7.117611,2018,7,Ireland,HUMAN_OBSERVATION
53.565494,-0.96646,2016,4,United Kingdom of Great Britain and Northern Ireland,HUMAN_OBSERVATION
53.567347,-1.597193,2017,10,United Kingdom of Great Britain and Northern Ireland,HUMAN_OBSERVATION
53.568157,-2.024876,2016,4,United Kingdom of Great Britain and Northern Ireland,HUMAN_OBSERVATION
53.568157,-2.024876,2016,9,United Kingdom of Great Britain and Northern Ireland,HUMAN_OBSERVATION
53.570254,-3.001868,2016,5,United Kingdom of Great Britain and Northern Ireland,HUMAN_OBSERVATION
53.570499,-8.46974,2017,8,Ireland,HUMAN_OBSERVATION
53.571382,-2.298197,2016,9,United Kingdom of Great Britain and Northern Ireland,HUMAN_OBSERVATION
53.571917,-0.097928,2016,3,United Kingdom of Great Britain and Northern Ireland,HUMAN_OBSERVATION
53.571917,-0.097928,2016,9,United Kingdom of Great Britain and Northern Ireland,HUMAN_OBSERVATION
53.573768,-2.403924,2016,4,United Kingdom of Great Britain and Northern Ireland,HUMAN_OBSERVATION
53.573768,-2.403924,2016,9,United Kingdom of Great Britain and Northern Ireland,HUMAN_OBSERVATION
53.57478,-0.487475,2016,3,United Kingdom of Great Britain and Northern Ireland,HUMAN_OBSERVATION
53.575423,-1.555209,2016,3,United Kingdom of Great Britain and Northern Ireland,HUMAN_OBSERVATION
53.575423,-1.555209,2016,9,United Kingdom of Great Britain and Northern Ireland,HUMAN_OBSERVATION
53.576883,-7.676302,2017,7,Ireland,HUMAN_OBSERVATION
53.579432,-0.82112,2016,4,United Kingdom of Great Britain and Northern Ireland,HUMAN_OBSERVATION
53.579746,-9.589813,2018,8,Ireland,HUMAN_OBSERVATION
53.579954,-0.094546,2016,5,United Kingdom of Great Britain and Northern Ireland,HUMAN_OBSERVATION
53.579954,-0.094546,2016,10,United Kingdom of Great Britain and Northern Ireland,HUMAN_OBSERVATION
53.582733,-3.014247,2016,4,United Kingdom of Great Britain and Northern Ireland,HUMAN_OBSERVATION
53.583998,-6.103498,2020,9,Ireland,HUMAN_OBSERVATION
53.585731,16.018667,2025,3,Poland,HUMAN_OBSERVATION
53.586829,-6.14524,2020,2,Ireland,HUMAN_OBSERVATION
53.590555,-0.322223,2016,8,United Kingdom of Great Britain and Northern Ireland,HUMAN_OBSERVATION
53.594925,-0.516976,2016,9,United Kingdom of Great Britain and Northern Ireland,HUMAN_OBSERVATION
53.597956,-8.197528,2017,9,Ireland,HUMAN_OBSERVATION
53.598787,-0.269004,2016,3,United Kingdom of Great Britain and Northern Ireland,HUMAN_OBSERVATION
53.599659,-2.797052,2016,5,United Kingdom of Great Britain and Northern Ireland,HUMAN_OBSERVATION
53.599659,-2.797052,2016,9,United Kingdom of Great Britain and Northern Ireland,HUMAN_OBSERVATION
53.603339,-2.632398,2016,4,United Kingdom of Great Britain and Northern Ireland,HUMAN_OBSERVATION
53.603339,-2.632398,2016,9,United Kingdom of Great Britain and Northern Ireland,HUMAN_OBSERVATION
53.603896,-2.227399,2016,9,United Kingdom of Great Britain and Northern Ireland,HUMAN_OBSERVATION
53.605226,-2.404224,2016,4,United Kingdom of Great Britain and Northern Ireland,HUMAN_OBSERVATION
53.605226,-2.404224,2016,9,United Kingdom of Great Britain and Northern Ireland,HUMAN_OBSERVATION
53.605659,-0.309532,2016,8,United Kingdom of Great Britain and Northern Ireland,HUMAN_OBSERVATION
53.605659,-0.309532,2016,10,United Kingdom of Great Britain and Northern Ireland,HUMAN_OBSERVATION
53.606089,-9.887929,2017,10,Ireland,HUMAN_OBSERVATION
53.606592,-8.717547,2018,6,Ireland,HUMAN_OBSERVATION
53.608096,-0.291296,2016,3,United Kingdom of Great Britain and Northern Ireland,HUMAN_OBSERVATION
53.608096,-0.291296,2016,10,United Kingdom of Great Britain and Northern Ireland,HUMAN_OBSERVATION
53.61137,-6.271805,2017,6,Ireland,HUMAN_OBSERVATION
53.617807,-9.670606,2017,9,Ireland,HUMAN_OBSERVATION
53.618309,-8.841802,2018,6,Ireland,HUMAN_OBSERVATION
53.619337,-8.887631,2018,6,Ireland,HUMAN_OBSERVATION
53.621797,-8.647713,2018,6,Ireland,HUMAN_OBSERVATION
53.622916,-8.754825,2018,6,Ireland,HUMAN_OBSERVATION
53.622921,-1.873719,2016,11,United Kingdom of Great Britain and Northern Ireland,HUMAN_OBSERVATION
53.624706,-7.063286,2018,7,Ireland,HUMAN_OBSERVATION
53.625114,-7.388537,2017,6,Ireland,HUMAN_OBSERVATION
53.62571,-8.860766,2018,6,Ireland,HUMAN_OBSERVATION
53.626065,-6.446804,2017,6,Ireland,HUMAN_OBSERVATION
53.626162,-1.135842,2016,3,United Kingdom of Great Britain and Northern Ireland,HUMAN_OBSERVATION
53.626162,-1.135842,2016,9,United Kingdom of Great Britain and Northern Ireland,HUMAN_OBSERVATION
53.626714,-9.25692,2018,6,Ireland,HUMAN_OBSERVATION
53.627082,-6.189896,2021,12,Ireland,HUMAN_OBSERVATION
53.628282,-9.218121,2018,6,Ireland,HUMAN_OBSERVATION
53.629189,-1.852531,2016,11,United Kingdom of Great Britain and Northern Ireland,HUMAN_OBSERVATION
53.630968,-7.473912,2017,6,Ireland,HUMAN_OBSERVATION
53.63156,-2.315256,2016,5,United Kingdom of Great Britain and Northern Ireland,HUMAN_OBSERVATION
53.63156,-2.315256,2016,9,United Kingdom of Great Britain and Northern Ireland,HUMAN_OBSERVATION
53.632216,-2.396921,2016,9,United Kingdom of Great Britain and Northern Ireland,HUMAN_OBSERVATION
53.63254,-7.237007,2017,6,Ireland,HUMAN_OBSERVATION
53.633301,-6.211294,2019,6,Ireland,HUMAN_OBSERVATION
53.633892,-9.432169,2018,8,Ireland,HUMAN_OBSERVATION
53.636797,-3.034869,2023,12,United Kingdom of Great Britain and Northern Ireland,HUMAN_OBSERVATION
53.637315,-7.781157,2017,8,Ireland,HUMAN_OBSERVATION
53.63882,-1.146171,2016,3,United Kingdom of Great Britain and Northern Ireland,HUMAN_OBSERVATION
53.63882,-1.146171,2016,9,United Kingdom of Great Britain and Northern Ireland,HUMAN_OBSERVATION
53.638972,-0.516944,2016,11,United Kingdom of Great Britain and Northern Ireland,HUMAN_OBSERVATION
53.639271,-8.477824,2017,8,Ireland,HUMAN_OBSERVATION
53.641559,-1.729971,2016,10,United Kingdom of Great Britain and Northern Ireland,HUMAN_OBSERVATION
53.642295,-1.129462,2016,3,United Kingdom of Great Britain and Northern Ireland,HUMAN_OBSERVATION
53.643742,0.070209,2016,5,United Kingdom of Great Britain and Northern Ireland,HUMAN_OBSERVATION
53.643742,0.070209,2016,10,United Kingdom of Great Britain and Northern Ireland,HUMAN_OBSERVATION
53.645318,-1.318491,2016,5,United Kingdom of Great Britain and Northern Ireland,HUMAN_OBSERVATION
53.645318,-1.318491,2016,10,United Kingdom of Great Britain and Northern Ireland,HUMAN_OBSERVATION
53.646475,-8.52277,2017,8,Ireland,HUMAN_OBSERVATION
53.646876,-9.887434,1997,4,Ireland,MATERIAL_SAMPLE
53.646876,-9.887434,1997,4,Ireland,MATERIAL_SAMPLE
53.648143,-1.946258,2016,10,United Kingdom of Great Britain and Northern Ireland,HUMAN_OBSERVATION
53.650263,-2.755645,2016,5,United Kingdom of Great Britain and Northern Ireland,HUMAN_OBSERVATION
53.651402,-1.145917,2016,3,United Kingdom of Great Britain and Northern Ireland,HUMAN_OBSERVATION
53.651402,-1.145917,2016,9,United Kingdom of Great Britain and Northern Ireland,HUMAN_OBSERVATION
53.651469,-1.740498,2016,10,United Kingdom of Great Britain and Northern Ireland,HUMAN_OBSERVATION
53.654334,-8.860868,2018,6,Ireland,HUMAN_OBSERVATION
53.654884,-6.223442,2020,3,Ireland,HUMAN_OBSERVATION
53.655088,-0.127478,2016,3,United Kingdom of Great Britain and Northern Ireland,HUMAN_OBSERVATION
53.655088,-0.127478,2016,9,United Kingdom of Great Britain and Northern Ireland,HUMAN_OBSERVATION
53.656257,-7.613149,2017,8,Ireland,HUMAN_OBSERVATION
53.65689,-0.308996,2016,3,United Kingdom of Great Britain and Northern Ireland,HUMAN_OBSERVATION
53.65689,-0.308996,2016,8,United Kingdom of Great Britain and Northern Ireland,HUMAN_OBSERVATION
53.65689,-0.308996,2016,10,United Kingdom of Great Britain and Northern Ireland,HUMAN_OBSERVATION
53.657564,-9.008606,2018,6,Ireland,HUMAN_OBSERVATION
53.658292,-6.949341,2018,7,Ireland,HUMAN_OBSERVATION
53.658888,-0.528352,2016,5,United Kingdom of Great Britain and Northern Ireland,HUMAN_OBSERVATION
53.658888,-0.528352,2016,11,United Kingdom of Great Britain and Northern Ireland,HUMAN_OBSERVATION
53.659543,-0.305863,2016,5,United Kingdom of Great Britain and Northern Ireland,HUMAN_OBSERVATION
53.659543,-0.305863,2016,8,United Kingdom of Great Britain and Northern Ireland,HUMAN_OBSERVATION
53.659543,-0.305863,2016,11,United Kingdom of Great Britain and Northern Ireland,HUMAN_OBSERVATION
53.660329,-7.194767,2017,9,Ireland,HUMAN_OBSERVATION
53.661565,-8.279311,2017,9,Ireland,HUMAN_OBSERVATION
53.66184,-2.407792,2016,4,United Kingdom of Great Britain and Northern Ireland,HUMAN_OBSERVATION
53.66184,-2.407792,2016,9,United Kingdom of Great Britain and Northern Ireland,HUMAN_OBSERVATION
53.662023,-9.11987,2018,6,Ireland,HUMAN_OBSERVATION
53.664961,-1.744955,2016,3,United Kingdom of Great Britain and Northern Ireland,HUMAN_OBSERVATION
53.664961,-1.744955,2016,10,United Kingdom of Great Britain and Northern Ireland,HUMAN_OBSERVATION
53.665221,-1.949263,2016,4,United Kingdom of Great Britain and Northern Ireland,HUMAN_OBSERVATION
53.665221,-1.949263,2016,9,United Kingdom of Great Britain and Northern Ireland,HUMAN_OBSERVATION
53.665221,-1.949263,2016,10,United Kingdom of Great Britain and Northern Ireland,HUMAN_OBSERVATION
53.665883,-1.475558,2016,4,United Kingdom of Great Britain and Northern Ireland,HUMAN_OBSERVATION
53.665883,-1.475558,2016,9,United Kingdom of Great Britain and Northern Ireland,HUMAN_OBSERVATION
53.667185,-9.87717,2017,9,Ireland,HUMAN_OBSERVATION
53.667823,-6.97812,2018,7,Ireland,HUMAN_OBSERVATION
53.668652,-8.958912,2018,6,Ireland,HUMAN_OBSERVATION
53.671703,-0.623273,2016,3,United Kingdom of Great Britain and Northern Ireland,HUMAN_OBSERVATION
53.671703,-0.623273,2016,10,United Kingdom of Great Britain and Northern Ireland,HUMAN_OBSERVATION
53.67297,-6.23498,2020,3,Ireland,HUMAN_OBSERVATION
53.674205,-1.94017,2016,4,United Kingdom of Great Britain and Northern Ireland,HUMAN_OBSERVATION
53.674467,-8.134829,2017,9,Ireland,HUMAN_OBSERVATION
53.676842,6.994676,2016,7,Germany,HUMAN_OBSERVATION
53.677518,-1.732769,2016,4,United Kingdom of Great Britain and Northern Ireland,HUMAN_OBSERVATION
53.677518,-1.732769,2016,10,United Kingdom of Great Britain and Northern Ireland,HUMAN_OBSERVATION
53.677638,-1.492065,2016,10,United Kingdom of Great Britain and Northern Ireland,HUMAN_OBSERVATION
53.678456,-0.373237,2016,3,United Kingdom of Great Britain and Northern Ireland,HUMAN_OBSERVATION
53.678456,-0.373237,2016,9,United Kingdom of Great Britain and Northern Ireland,HUMAN_OBSERVATION
53.680095,-0.732011,2016,9,United Kingdom of Great Britain and Northern Ireland,HUMAN_OBSERVATION
53.682587,-8.984068,2018,6,Ireland,HUMAN_OBSERVATION
53.68286,-6.735147,2018,8,Ireland,HUMAN_OBSERVATION
53.683846,-8.510982,2017,8,Ireland,HUMAN_OBSERVATION
53.684145,21.894767,2020,7,Poland,HUMAN_OBSERVATION
53.68452,-1.658534,2016,3,United Kingdom of Great Britain and Northern Ireland,HUMAN_OBSERVATION
53.68452,-1.658534,2016,9,United Kingdom of Great Britain and Northern Ireland,HUMAN_OBSERVATION
53.684527,-9.002576,2018,6,Ireland,HUMAN_OBSERVATION
53.686958,-8.768562,2018,6,Ireland,HUMAN_OBSERVATION
53.68709,-0.713629,2016,4,United Kingdom of Great Britain and Northern Ireland,HUMAN_OBSERVATION
53.68709,-0.713629,2016,9,United Kingdom of Great Britain and Northern Ireland,HUMAN_OBSERVATION
53.6899,-7.0193,2018,7,Ireland,HUMAN_OBSERVATION
53.693385,-9.085352,2018,6,Ireland,HUMAN_OBSERVATION
53.693728,-2.252114,2016,4,United Kingdom of Great Britain and Northern Ireland,HUMAN_OBSERVATION
53.693728,-2.252114,2016,9,United Kingdom of Great Britain and Northern Ireland,HUMAN_OBSERVATION
53.693831,-9.33355,2017,10,Ireland,HUMAN_OBSERVATION
53.694114,-8.791565,2018,6,Ireland,HUMAN_OBSERVATION
53.694156,-6.759488,2018,8,Ireland,HUMAN_OBSERVATION
53.695674,-8.461864,2018,8,Ireland,HUMAN_OBSERVATION
53.696324,-8.456551,2017,8,Ireland,HUMAN_OBSERVATION
53.69649,-9.309316,2018,8,Ireland,HUMAN_OBSERVATION
53.697543,-2.105224,2016,9,United Kingdom of Great Britain and Northern Ireland,HUMAN_OBSERVATION
53.698777,-9.202618,2018,6,Ireland,HUMAN_OBSERVATION
53.699046,-2.715624,2016,5,United Kingdom of Great Britain and Northern Ireland,HUMAN_OBSERVATION
53.699046,-2.715624,2016,9,United Kingdom of Great Britain and Northern Ireland,HUMAN_OBSERVATION
53.699609,-6.243525,2020,12,Ireland,HUMAN_OBSERVATION
53.703931,-9.175571,2018,6,Ireland,HUMAN_OBSERVATION
53.704923,-8.612919,2017,8,Ireland,HUMAN_OBSERVATION
53.705046,-8.510255,2018,8,Ireland,HUMAN_OBSERVATION
53.705046,-8.510255,2017,8,Ireland,HUMAN_OBSERVATION
53.705621,-2.117363,2016,4,United Kingdom of Great Britain and Northern Ireland,HUMAN_OBSERVATION
53.705621,-2.117363,2016,9,United Kingdom of Great Britain and Northern Ireland,HUMAN_OBSERVATION
53.707958,-9.212049,2018,6,Ireland,HUMAN_OBSERVATION
53.708734,-0.63873,2017,2,United Kingdom of Great Britain and Northern Ireland,HUMAN_OBSERVATION
53.709552,-8.893147,2018,6,Ireland,HUMAN_OBSERVATION
53.71095,-0.135605,2016,3,United Kingdom of Great Britain and Northern Ireland,HUMAN_OBSERVATION
53.712788,-9.738906,2017,9,Ireland,HUMAN_OBSERVATION
53.713577,-9.316757,2018,8,Ireland,HUMAN_OBSERVATION
53.714354,-2.538606,2016,5,United Kingdom of Great Britain and Northern Ireland,HUMAN_OBSERVATION
53.715428,-7.328217,2017,6,Ireland,HUMAN_OBSERVATION
53.716378,-9.197187,2018,6,Ireland,HUMAN_OBSERVATION
53.719204,-8.882716,2018,6,Ireland,HUMAN_OBSERVATION
53.720744,-6.243382,2020,3,Ireland,HUMAN_OBSERVATION
53.721456,-8.786734,2018,6,Ireland,HUMAN_OBSERVATION
53.725542,-6.802225,2018,8,Ireland,HUMAN_OBSERVATION
53.726514,-6.48314,2018,8,Ireland,HUMAN_OBSERVATION
53.727505,-9.298901,2018,8,Ireland,HUMAN_OBSERVATION
53.728216,-8.64468,2017,8,Ireland,HUMAN_OBSERVATION
53.728552,-8.465062,2017,8,Ireland,HUMAN_OBSERVATION
53.728682,-7.406363,2017,8,Ireland,HUMAN_OBSERVATION
53.729447,-7.051126,2018,7,Ireland,HUMAN_OBSERVATION
53.731641,-9.878351,2017,9,Ireland,HUMAN_OBSERVATION
53.731892,-7.790325,2017,6,Ireland,HUMAN_OBSERVATION
53.732258,-6.477574,2018,8,Ireland,HUMAN_OBSERVATION
53.733148,-7.736448,2017,8,Ireland,HUMAN_OBSERVATION
53.733539,-7.931221,2017,8,Ireland,HUMAN_OBSERVATION
53.735224,-6.250304,2021,4,Ireland,HUMAN_OBSERVATION
53.740867,-1.368496,2016,5,United Kingdom of Great Britain and Northern Ireland,HUMAN_OBSERVATION
53.744881,-8.086623,2017,9,Ireland,HUMAN_OBSERVATION
53.745636,-1.423011,2016,11,United Kingdom of Great Britain and Northern Ireland,HUMAN_OBSERVATION
53.745694,-1.435141,2016,11,United Kingdom of Great Britain and Northern Ireland,HUMAN_OBSERVATION
53.74679,-6.959776,2018,8,Ireland,HUMAN_OBSERVATION
53.7471,14.075824,2022,7,Germany,HUMAN_OBSERVATION
53.750307,-8.774855,2018,6,Ireland,HUMAN_OBSERVATION
53.75095,-7.74941,2017,6,Ireland,HUMAN_OBSERVATION
53.751037,-8.499463,2017,8,Ireland,HUMAN_OBSERVATION
53.751546,-1.2,2016,3,United Kingdom of Great Britain and Northern Ireland,HUMAN_OBSERVATION
53.752167,11.059598,2020,12,Germany,HUMAN_OBSERVATION
53.756288,-0.631126,2016,4,United Kingdom of Great Britain and Northern Ireland,HUMAN_OBSERVATION
53.756288,-0.631126,2016,10,United Kingdom of Great Britain and Northern Ireland,HUMAN_OBSERVATION
53.757133,-6.840455,2018,8,Ireland,HUMAN_OBSERVATION
53.758957,-7.165698,2017,8,Ireland,HUMAN_OBSERVATION
53.760154,-6.272109,2018,7,Ireland,HUMAN_OBSERVATION
53.762036,-0.931302,2016,5,United Kingdom of Great Britain and Northern Ireland,HUMAN_OBSERVATION
53.762036,-0.931302,2016,9,United Kingdom of Great Britain and Northern Ireland,HUMAN_OBSERVATION
53.762091,-7.141751,2017,8,Ireland,HUMAN_OBSERVATION
53.762113,-9.809603,2017,9,Ireland,HUMAN_OBSERVATION
53.762294,-8.763487,2018,6,Ireland,HUMAN_OBSERVATION
53.763694,-9.330804,2018,6,Ireland,HUMAN_OBSERVATION
53.763764,-7.725157,2017,6,Ireland,HUMAN_OBSERVATION
53.764622,-9.316404,2018,6,Ireland,HUMAN_OBSERVATION
53.764792,-8.071598,2017,7,Ireland,HUMAN_OBSERVATION
53.765077,-9.345499,2018,6,Ireland,HUMAN_OBSERVATION
53.765585,-1.460664,2016,10,United Kingdom of Great Britain and Northern Ireland,HUMAN_OBSERVATION
53.765861,-1.905149,2016,4,United Kingdom of Great Britain and Northern Ireland,HUMAN_OBSERVATION
53.765861,-1.905149,2016,9,United Kingdom of Great Britain and Northern Ireland,HUMAN_OBSERVATION
53.76759,-7.606629,2018,8,Ireland,HUMAN_OBSERVATION
53.767787,-8.490085,2017,6,Ireland,HUMAN_OBSERVATION
53.768656,-7.010267,2018,8,Ireland,HUMAN_OBSERVATION
53.771221,-8.622565,2017,8,Ireland,HUMAN_OBSERVATION
53.772175,-8.450521,2017,6,Ireland,HUMAN_OBSERVATION
53.772358,-8.646169,2017,8,Ireland,HUMAN_OBSERVATION
53.772524,-7.195251,2017,8,Ireland,HUMAN_OBSERVATION
53.773634,-7.552748,2017,8,Ireland,HUMAN_OBSERVATION
53.774848,-8.102649,2017,6,Ireland,HUMAN_OBSERVATION
53.775889,-7.249538,2017,8,Ireland,HUMAN_OBSERVATION
53.777977,-7.655841,2017,6,Ireland,HUMAN_OBSERVATION
53.778066,-8.087063,2017,6,Ireland,HUMAN_OBSERVATION
53.778844,-1.641077,2016,3,United Kingdom of Great Britain and Northern Ireland,HUMAN_OBSERVATION
53.778844,-1.641077,2016,4,United Kingdom of Great Britain and Northern Ireland,HUMAN_OBSERVATION
53.778844,-1.641077,2016,7,United Kingdom of Great Britain and Northern Ireland,HUMAN_OBSERVATION
53.778844,-1.641077,2016,10,United Kingdom of Great Britain and Northern Ireland,HUMAN_OBSERVATION
53.778846,-9.578823,2017,9,Ireland,HUMAN_OBSERVATION
53.779908,-0.653122,2016,4,United Kingdom of Great Britain and Northern Ireland,HUMAN_OBSERVATION
53.779908,-0.653122,2016,10,United Kingdom of Great Britain and Northern Ireland,HUMAN_OBSERVATION
53.787428,-0.259729,2016,3,United Kingdom of Great Britain and Northern Ireland,HUMAN_OBSERVATION
53.788434,-6.886335,2018,8,Ireland,HUMAN_OBSERVATION
53.78868,-6.231395,2020,2,Ireland,HUMAN_OBSERVATION
53.789079,-1.489202,2016,4,United Kingdom of Great Britain and Northern Ireland,HUMAN_OBSERVATION
53.789079,-1.489202,2016,10,United Kingdom of Great Britain and Northern Ireland,HUMAN_OBSERVATION
53.789608,-7.648773,2017,8,Ireland,HUMAN_OBSERVATION
53.789749,-1.683484,2016,3,United Kingdom of Great Britain and Northern Ireland,HUMAN_OBSERVATION
53.789749,-1.683484,2016,10,United Kingdom of Great Britain and Northern Ireland,HUMAN_OBSERVATION
53.791768,-9.31351,2018,6,Ireland,HUMAN_OBSERVATION
53.793317,-10.011411,2016,6,Ireland,HUMAN_OBSERVATION
53.794014,-1.234108,2016,3,United Kingdom of Great Britain and Northern Ireland,HUMAN_OBSERVATION
53.794014,-1.234108,2016,9,United Kingdom of Great Britain and Northern Ireland,HUMAN_OBSERVATION
53.794162,-2.345318,2016,4,United Kingdom of Great Britain and Northern Ireland,HUMAN_OBSERVATION
53.795378,-1.791226,2016,9,United Kingdom of Great Britain and Northern Ireland,HUMAN_OBSERVATION
53.797163,21.639249,2022,9,Poland,HUMAN_OBSERVATION
53.79858,-1.628763,2016,4,United Kingdom of Great Britain and Northern Ireland,HUMAN_OBSERVATION
53.79858,-1.628763,2016,10,United Kingdom of Great Britain and Northern Ireland,HUMAN_OBSERVATION
53.798744,-2.313473,2016,4,United Kingdom of Great Britain and Northern Ireland,HUMAN_OBSERVATION
53.798744,-2.313473,2016,11,United Kingdom of Great Britain and Northern Ireland,HUMAN_OBSERVATION
53.799981,-9.526728,2017,9,Ireland,HUMAN_OBSERVATION
53.80153,-6.920669,2018,8,Ireland,HUMAN_OBSERVATION
53.803027,-9.133973,2016,9,Ireland,HUMAN_OBSERVATION
53.804195,-8.503918,2017,6,Ireland,HUMAN_OBSERVATION
53.804687,-9.214632,2016,7,Ireland,HUMAN_OBSERVATION
53.806419,-6.260054,2020,2,Ireland,HUMAN_OBSERVATION
53.806937,-8.906981,2016,9,Ireland,HUMAN_OBSERVATION
53.808952,-1.597768,2021,12,United Kingdom of Great Britain and Northern Ireland,HUMAN_OBSERVATION
53.809888,-1.888345,2016,9,United Kingdom of Great Britain and Northern Ireland,HUMAN_OBSERVATION
53.811623,-8.975259,2018,8,Ireland,HUMAN_OBSERVATION
53.811623,-8.975259,2016,9,Ireland,HUMAN_OBSERVATION
53.81178,-9.981928,2016,6,Ireland,HUMAN_OBSERVATION
53.814756,8.570561,2024,9,Germany,HUMAN_OBSERVATION
53.814979,8.568452,2024,9,Germany,HUMAN_OBSERVATION
53.815364,-1.543561,2016,10,United Kingdom of Great Britain and Northern Ireland,HUMAN_OBSERVATION
53.818058,-6.392031,2018,7,Ireland,HUMAN_OBSERVATION
53.818463,-7.256124,2017,6,Ireland,HUMAN_OBSERVATION
53.818921,-9.00585,2016,9,Ireland,HUMAN_OBSERVATION
53.818937,-9.026643,2016,9,Ireland,HUMAN_OBSERVATION
53.82038,-1.145523,2016,3,United Kingdom of Great Britain and Northern Ireland,HUMAN_OBSERVATION
53.82038,-1.145523,2016,10,United Kingdom of Great Britain and Northern Ireland,HUMAN_OBSERVATION
53.82104,-2.755678,2016,4,United Kingdom of Great Britain and Northern Ireland,HUMAN_OBSERVATION
53.821476,-7.054395,2018,8,Ireland,HUMAN_OBSERVATION
53.827062,-8.953267,2016,9,Ireland,HUMAN_OBSERVATION
53.828069,-6.934245,2018,8,Ireland,HUMAN_OBSERVATION
53.828343,-1.663443,2016,4,United Kingdom of Great Britain and Northern Ireland,HUMAN_OBSERVATION
53.828343,-1.663443,2016,9,United Kingdom of Great Britain and Northern Ireland,HUMAN_OBSERVATION
53.829436,-7.08242,2018,8,Ireland,HUMAN_OBSERVATION
53.830251,-9.57003,2017,9,Ireland,HUMAN_OBSERVATION
53.831648,-1.572252,2016,4,United Kingdom of Great Britain and Northern Ireland,HUMAN_OBSERVATION
53.831648,-1.572252,2016,9,United Kingdom of Great Britain and Northern Ireland,HUMAN_OBSERVATION
53.832409,-1.991606,2016,9,United Kingdom of Great Britain and Northern Ireland,HUMAN_OBSERVATION
53.833125,10.714216,2022,6,Germany,HUMAN_OBSERVATION
53.833134,-2.204329,2016,4,United Kingdom of Great Britain and Northern Ireland,HUMAN_OBSERVATION
53.833134,-2.204329,2016,8,United Kingdom of Great Britain and Northern Ireland,HUMAN_OBSERVATION
53.833134,-2.204329,2016,10,United Kingdom of Great Britain and Northern Ireland,HUMAN_OBSERVATION
53.836722,-8.379063,2017,6,Ireland,HUMAN_OBSERVATION
53.837515,-2.480085,2019,8,United Kingdom of Great Britain and Northern Ireland,HUMAN_OBSERVATION
53.837555,-2.480156,2019,8,United Kingdom of Great Britain and Northern Ireland,HUMAN_OBSERVATION
53.838006,-2.901872,2016,5,United Kingdom of Great Britain and Northern Ireland,HUMAN_OBSERVATION
53.83934,-6.393305,2018,7,Ireland,HUMAN_OBSERVATION
53.839547,-7.102515,2018,8,Ireland,HUMAN_OBSERVATION
53.839969,-9.473691,2017,8,Ireland,HUMAN_OBSERVATION
53.840314,-1.789483,2016,3,United Kingdom of Great Britain and Northern Ireland,HUMAN_OBSERVATION
53.840314,-1.789483,2016,9,United Kingdom of Great Britain and Northern Ireland,HUMAN_OBSERVATION
53.840376,-2.483765,2019,9,United Kingdom of Great Britain and Northern Ireland,HUMAN_OBSERVATION
53.840392,-2.483789,2019,9,United Kingdom of Great Britain and Northern Ireland,HUMAN_OBSERVATION
53.842379,-6.394608,2018,7,Ireland,HUMAN_OBSERVATION
53.842391,-1.823288,2020,4,United Kingdom of Great Britain and Northern Ireland,HUMAN_OBSERVATION
53.84495,-2.474926,2020,8,United Kingdom of Great Britain and Northern Ireland,HUMAN_OBSERVATION
53.845279,-2.475134,2020,8,United Kingdom of Great Britain and Northern Ireland,HUMAN_OBSERVATION
53.84528,-7.214407,2017,6,Ireland,HUMAN_OBSERVATION
53.846581,-1.866437,2020,5,United Kingdom of Great Britain and Northern Ireland,HUMAN_OBSERVATION
53.847378,-7.5845,2017,7,Ireland,HUMAN_OBSERVATION
53.847929,-9.5489,2017,9,Ireland,HUMAN_OBSERVATION
53.848307,-6.594531,2018,8,Ireland,HUMAN_OBSERVATION
53.848318,-1.745363,2016,4,United Kingdom of Great Britain and Northern Ireland,HUMAN_OBSERVATION
53.848318,-1.745363,2016,9,United Kingdom of Great Britain and Northern Ireland,HUMAN_OBSERVATION
53.848623,-9.01322,2016,9,Ireland,HUMAN_OBSERVATION
53.85111,-7.721563,2017,8,Ireland,HUMAN_OBSERVATION
53.851288,-8.927069,2016,9,Ireland,HUMAN_OBSERVATION
53.851304,-2.447583,2020,4,United Kingdom of Great Britain and Northern Ireland,HUMAN_OBSERVATION
53.851347,-2.447636,2020,4,United Kingdom of Great Britain and Northern Ireland,HUMAN_OBSERVATION
53.85329,-1.226946,2016,5,United Kingdom of Great Britain and Northern Ireland,HUMAN_OBSERVATION
53.854007,-1.83829,2020,5,United Kingdom of Great Britain and Northern Ireland,HUMAN_OBSERVATION
53.854761,-2.821657,2016,3,United Kingdom of Great Britain and Northern Ireland,HUMAN_OBSERVATION
53.854761,-2.821657,2016,10,United Kingdom of Great Britain and Northern Ireland,HUMAN_OBSERVATION
53.856494,-7.230794,2017,6,Ireland,HUMAN_OBSERVATION
53.857227,-1.710342,2016,4,United Kingdom of Great Britain and Northern Ireland,HUMAN_OBSERVATION
53.857227,-1.710342,2016,10,United Kingdom of Great Britain and Northern Ireland,HUMAN_OBSERVATION
53.858014,-6.239085,2020,8,Ireland,HUMAN_OBSERVATION
53.85844,-1.909502,2016,4,United Kingdom of Great Britain and Northern Ireland,HUMAN_OBSERVATION
53.85844,-1.909502,2016,9,United Kingdom of Great Britain and Northern Ireland,HUMAN_OBSERVATION
53.859131,-9.290036,2016,7,Ireland,HUMAN_OBSERVATION
53.859557,-7.737803,2017,8,Ireland,HUMAN_OBSERVATION
53.860015,-1.751374,2016,5,United Kingdom of Great Britain and Northern Ireland,HUMAN_OBSERVATION
53.860015,-1.751374,2016,8,United Kingdom of Great Britain and Northern Ireland,HUMAN_OBSERVATION
53.860015,-1.751374,2016,9,United Kingdom of Great Britain and Northern Ireland,HUMAN_OBSERVATION
53.861384,-8.40024,2017,6,Ireland,HUMAN_OBSERVATION
53.861673,-7.730264,2017,8,Ireland,HUMAN_OBSERVATION
53.864124,-9.100753,2018,6,Ireland,HUMAN_OBSERVATION
53.864124,-9.100753,2016,9,Ireland,HUMAN_OBSERVATION
53.86813,-6.367144,2018,8,Ireland,HUMAN_OBSERVATION
53.868443,-9.427964,2017,7,Ireland,HUMAN_OBSERVATION
53.869254,-8.854931,2016,9,Ireland,HUMAN_OBSERVATION
53.869513,10.711302,2003,6,Germany,OCCURRENCE
53.869932,-1.766523,2016,5,United Kingdom of Great Britain and Northern Ireland,HUMAN_OBSERVATION
53.869932,-1.766523,2016,8,United Kingdom of Great Britain and Northern Ireland,HUMAN_OBSERVATION
53.869932,-1.766523,2016,9,United Kingdom of Great Britain and Northern Ireland,HUMAN_OBSERVATION
53.870574,-6.867718,2018,7,Ireland,HUMAN_OBSERVATION
53.870848,-1.775643,2016,8,United Kingdom of Great Britain and Northern Ireland,HUMAN_OBSERVATION
53.870848,-1.775643,2016,9,United Kingdom of Great Britain and Northern Ireland,HUMAN_OBSERVATION
53.873827,-2.444835,2016,5,United Kingdom of Great Britain and Northern Ireland,HUMAN_OBSERVATION
53.874025,-8.704707,2017,6,Ireland,HUMAN_OBSERVATION
53.874833,-7.095411,2018,8,Ireland,HUMAN_OBSERVATION
53.876343,-8.645331,2017,6,Ireland,HUMAN_OBSERVATION
53.877125,-1.768004,2016,5,United Kingdom of Great Britain and Northern Ireland,HUMAN_OBSERVATION
53.877125,-1.768004,2016,8,United Kingdom of Great Britain and Northern Ireland,HUMAN_OBSERVATION
53.877125,-1.768004,2016,9,United Kingdom of Great Britain and Northern Ireland,HUMAN_OBSERVATION
53.881062,-2.432742,2016,5,United Kingdom of Great Britain and Northern Ireland,HUMAN_OBSERVATION
53.883744,-9.187261,2016,7,Ireland,HUMAN_OBSERVATION
53.883785,-2.425164,2016,3,United Kingdom of Great Britain and Northern Ireland,HUMAN_OBSERVATION
53.883901,-2.764418,2016,4,United Kingdom of Great Britain and Northern Ireland,HUMAN_OBSERVATION
53.883901,-2.764418,2016,9,United Kingdom of Great Britain and Northern Ireland,HUMAN_OBSERVATION
53.88401,-7.351676,2017,7,Ireland,HUMAN_OBSERVATION
53.884069,-9.539618,2017,8,Ireland,HUMAN_OBSERVATION
53.886235,-9.205861,2016,7,Ireland,HUMAN_OBSERVATION
53.886555,-7.404654,2017,7,Ireland,HUMAN_OBSERVATION
53.887601,-7.071433,2018,8,Ireland,HUMAN_OBSERVATION
53.887712,9.483338,2024,7,Germany,HUMAN_OBSERVATION
53.892525,-9.110107,2016,9,Ireland,HUMAN_OBSERVATION
53.892539,-9.259279,2016,7,Ireland,HUMAN_OBSERVATION
53.895348,-9.223578,2016,7,Ireland,HUMAN_OBSERVATION
53.897948,-0.763473,2016,5,United Kingdom of Great Britain and Northern Ireland,HUMAN_OBSERVATION
53.897948,-0.763473,2016,10,United Kingdom of Great Britain and Northern Ireland,HUMAN_OBSERVATION
53.898213,-9.501205,2017,9,Ireland,HUMAN_OBSERVATION
53.900845,-0.783173,2016,4,United Kingdom of Great Britain and Northern Ireland,HUMAN_OBSERVATION
53.900845,-0.783173,2016,9,United Kingdom of Great Britain and Northern Ireland,HUMAN_OBSERVATION
53.901012,-7.062958,2018,8,Ireland,HUMAN_OBSERVATION
53.904116,-9.263113,2016,7,Ireland,HUMAN_OBSERVATION
53.904153,-7.295429,2017,7,Ireland,HUMAN_OBSERVATION
53.90522,-9.06381,2016,9,Ireland,HUMAN_OBSERVATION
53.90588,-8.199413,2017,8,Ireland,HUMAN_OBSERVATION
53.905903,-8.171848,2017,8,Ireland,HUMAN_OBSERVATION
53.907019,-1.344683,2016,5,United Kingdom of Great Britain and Northern Ireland,HUMAN_OBSERVATION
53.907031,-1.464857,2017,5,United Kingdom of Great Britain and Northern Ireland,HUMAN_OBSERVATION
53.908826,-9.183645,2016,7,Ireland,HUMAN_OBSERVATION
53.909141,-8.139766,2017,8,Ireland,HUMAN_OBSERVATION
53.90989,-9.021609,2016,9,Ireland,HUMAN_OBSERVATION
53.911141,-9.30545,2016,7,Ireland,HUMAN_OBSERVATION
53.911306,-9.410497,2018,7,Ireland,HUMAN_OBSERVATION
53.911306,-9.410497,2017,9,Ireland,HUMAN_OBSERVATION
53.911527,-7.157565,2018,8,Ireland,HUMAN_OBSERVATION
53.911771,-2.763405,2016,3,United Kingdom of Great Britain and Northern Ireland,HUMAN_OBSERVATION
53.912258,-1.668326,2020,8,United Kingdom of Great Britain and Northern Ireland,HUMAN_OBSERVATION
53.913474,-7.828507,2017,7,Ireland,HUMAN_OBSERVATION
53.913687,-1.649056,2016,9,United Kingdom of Great Britain and Northern Ireland,HUMAN_OBSERVATION
53.915223,-0.782755,2016,5,United Kingdom of Great Britain and Northern Ireland,HUMAN_OBSERVATION
53.915223,-0.782755,2016,10,United Kingdom of Great Britain and Northern Ireland,HUMAN_OBSERVATION
53.916024,-9.45632,2017,9,Ireland,HUMAN_OBSERVATION
53.91641,-8.922807,2016,9,Ireland,HUMAN_OBSERVATION
53.918197,-9.480506,2017,9,Ireland,HUMAN_OBSERVATION
53.91981,-2.771164,2016,3,United Kingdom of Great Britain and Northern Ireland,HUMAN_OBSERVATION
53.923396,-0.704853,2016,5,United Kingdom of Great Britain and Northern Ireland,HUMAN_OBSERVATION
53.923396,-0.704853,2016,10,United Kingdom of Great Britain and Northern Ireland,HUMAN_OBSERVATION
53.923448,-2.894576,2016,5,United Kingdom of Great Britain and Northern Ireland,HUMAN_OBSERVATION
53.923567,-10.024624,2017,9,Ireland,HUMAN_OBSERVATION
53.924476,-1.650489,2016,6,United Kingdom of Great Britain and Northern Ireland,HUMAN_OBSERVATION
53.924755,-6.773787,2018,8,Ireland,HUMAN_OBSERVATION
53.924755,-6.773787,2018,10,Ireland,HUMAN_OBSERVATION
53.928297,-0.928583,2016,5,United Kingdom of Great Britain and Northern Ireland,HUMAN_OBSERVATION
53.928297,-0.928583,2016,9,United Kingdom of Great Britain and Northern Ireland,HUMAN_OBSERVATION
53.928361,-9.123912,2016,9,Ireland,HUMAN_OBSERVATION
53.928966,-8.030694,2017,8,Ireland,HUMAN_OBSERVATION
53.929399,-9.081931,2016,9,Ireland,HUMAN_OBSERVATION
53.929618,-0.334545,2016,9,United Kingdom of Great Britain and Northern Ireland,HUMAN_OBSERVATION
53.930754,-7.808747,2017,7,Ireland,HUMAN_OBSERVATION
53.930794,-1.659574,2016,4,United Kingdom of Great Britain and Northern Ireland,HUMAN_OBSERVATION
53.931682,-9.074607,2016,9,Ireland,HUMAN_OBSERVATION
53.933871,-8.969757,2016,9,Ireland,HUMAN_OBSERVATION
53.934384,-7.794656,2017,8,Ireland,HUMAN_OBSERVATION
53.934425,-0.357204,2016,5,United Kingdom of Great Britain and Northern Ireland,HUMAN_OBSERVATION
53.934425,-0.357204,2016,9,United Kingdom of Great Britain and Northern Ireland,HUMAN_OBSERVATION
53.93475,-8.228821,2017,8,Ireland,HUMAN_OBSERVATION
53.939768,-7.644888,2017,7,Ireland,HUMAN_OBSERVATION
53.94184,-8.853475,2016,7,Ireland,HUMAN_OBSERVATION
53.943664,-9.174897,2016,9,Ireland,HUMAN_OBSERVATION
53.945603,-0.765111,2016,3,United Kingdom of Great Britain and Northern Ireland,HUMAN_OBSERVATION
53.945603,-0.765111,2016,10,United Kingdom of Great Britain and Northern Ireland,HUMAN_OBSERVATION
53.945731,-7.626453,2017,7,Ireland,HUMAN_OBSERVATION
53.945795,-1.029663,2025,5,United Kingdom of Great Britain and Northern Ireland,HUMAN_OBSERVATION
53.945928,-7.308064,2017,7,Ireland,HUMAN_OBSERVATION
53.946599,-1.026764,2025,5,United Kingdom of Great Britain and Northern Ireland,HUMAN_OBSERVATION
53.947619,-1.022741,2025,5,United Kingdom of Great Britain and Northern Ireland,HUMAN_OBSERVATION
53.94952,-8.965148,2016,7,Ireland,HUMAN_OBSERVATION
53.951098,-9.124716,2016,9,Ireland,HUMAN_OBSERVATION
53.951917,-8.847498,2016,7,Ireland,HUMAN_OBSERVATION
53.952104,-7.358816,2017,7,Ireland,HUMAN_OBSERVATION
53.95338,-1.703581,2016,4,United Kingdom of Great Britain and Northern Ireland,HUMAN_OBSERVATION
53.95338,-1.703581,2016,9,United Kingdom of Great Britain and Northern Ireland,HUMAN_OBSERVATION
53.954001,-9.386326,2017,9,Ireland,HUMAN_OBSERVATION
53.955588,-9.201908,2018,8,Ireland,HUMAN_OBSERVATION
53.955588,-9.201908,2016,9,Ireland,HUMAN_OBSERVATION
53.958032,-8.991657,2016,7,Ireland,HUMAN_OBSERVATION
53.961175,-7.762201,2017,8,Ireland,HUMAN_OBSERVATION
53.961289,-7.458105,2017,8,Ireland,HUMAN_OBSERVATION
53.961459,-7.81253,2017,7,Ireland,HUMAN_OBSERVATION
53.964055,-9.580072,2017,7,Ireland,HUMAN_OBSERVATION
53.964587,-7.174763,2017,8,Ireland,HUMAN_OBSERVATION
53.96639,-8.628355,2018,7,Ireland,HUMAN_OBSERVATION
53.96639,-8.628355,2016,9,Ireland,HUMAN_OBSERVATION
53.969234,-8.800153,2016,7,Ireland,HUMAN_OBSERVATION
53.970855,-8.794249,2016,7,Ireland,HUMAN_OBSERVATION
53.971163,-7.920724,2017,10,Ireland,HUMAN_OBSERVATION
53.97124,-0.421316,2016,5,United Kingdom of Great Britain and Northern Ireland,HUMAN_OBSERVATION
53.97124,-0.421316,2016,9,United Kingdom of Great Britain and Northern Ireland,HUMAN_OBSERVATION
53.971671,-1.890963,2016,9,United Kingdom of Great Britain and Northern Ireland,HUMAN_OBSERVATION
53.97291,-7.599137,2017,7,Ireland,HUMAN_OBSERVATION
53.975315,-1.993103,2016,9,United Kingdom of Great Britain and Northern Ireland,HUMAN_OBSERVATION
53.977951,-6.723277,2018,8,Ireland,HUMAN_OBSERVATION
53.977961,-9.782709,2017,8,Ireland,HUMAN_OBSERVATION
53.978836,-6.730537,2018,8,Ireland,HUMAN_OBSERVATION
53.979384,-8.821544,2016,7,Ireland,HUMAN_OBSERVATION
53.979787,-7.046024,2017,8,Ireland,HUMAN_OBSERVATION
53.982065,-8.892066,2016,7,Ireland,HUMAN_OBSERVATION
53.982457,-2.107468,2016,10,United Kingdom of Great Britain and Northern Ireland,HUMAN_OBSERVATION
53.982753,-8.841297,2016,7,Ireland,HUMAN_OBSERVATION
53.982756,-2.123709,2020,5,United Kingdom of Great Britain and Northern Ireland,HUMAN_OBSERVATION
53.98309,-8.685932,2018,7,Ireland,HUMAN_OBSERVATION
53.98309,-8.685932,2016,9,Ireland,HUMAN_OBSERVATION
53.983349,-2.667117,2016,11,United Kingdom of Great Britain and Northern Ireland,HUMAN_OBSERVATION
53.984415,-8.280103,2017,6,Ireland,HUMAN_OBSERVATION
53.985169,-2.089175,2016,5,United Kingdom of Great Britain and Northern Ireland,HUMAN_OBSERVATION
53.985169,-2.089175,2016,7,United Kingdom of Great Britain and Northern Ireland,HUMAN_OBSERVATION
53.985169,-2.089175,2016,10,United Kingdom of Great Britain and Northern Ireland,HUMAN_OBSERVATION
53.986381,-7.806827,2017,8,Ireland,HUMAN_OBSERVATION
53.987204,-6.245212,2024,3,Ireland,HUMAN_OBSERVATION
53.98751,-1.694189,2016,4,United Kingdom of Great Britain and Northern Ireland,HUMAN_OBSERVATION
53.98751,-1.694189,2016,9,United Kingdom of Great Britain and Northern Ireland,HUMAN_OBSERVATION
53.987774,-7.600458,2017,7,Ireland,HUMAN_OBSERVATION
53.987865,-2.089181,2016,5,United Kingdom of Great Britain and Northern Ireland,HUMAN_OBSERVATION
53.987865,-2.089181,2016,7,United Kingdom of Great Britain and Northern Ireland,HUMAN_OBSERVATION
53.987865,-2.089181,2016,10,United Kingdom of Great Britain and Northern Ireland,HUMAN_OBSERVATION
53.98864,-0.37795,2016,5,United Kingdom of Great Britain and Northern Ireland,HUMAN_OBSERVATION
53.98864,-0.37795,2016,9,United Kingdom of Great Britain and Northern Ireland,HUMAN_OBSERVATION
53.988764,-2.089183,2016,5,United Kingdom of Great Britain and Northern Ireland,HUMAN_OBSERVATION
53.988764,-2.089183,2016,7,United Kingdom of Great Britain and Northern Ireland,HUMAN_OBSERVATION
53.988764,-2.089183,2016,10,United Kingdom of Great Britain and Northern Ireland,HUMAN_OBSERVATION
53.989646,-7.238485,2017,8,Ireland,HUMAN_OBSERVATION
53.989663,-2.08766,2016,5,United Kingdom of Great Britain and Northern Ireland,HUMAN_OBSERVATION
53.989663,-2.08766,2016,7,United Kingdom of Great Britain and Northern Ireland,HUMAN_OBSERVATION
53.989663,-2.08766,2016,10,United Kingdom of Great Britain and Northern Ireland,HUMAN_OBSERVATION
53.989665,-8.897586,2016,7,Ireland,HUMAN_OBSERVATION
53.990562,-2.087662,2016,5,United Kingdom of Great Britain and Northern Ireland,HUMAN_OBSERVATION
53.990562,-2.087662,2016,7,United Kingdom of Great Britain and Northern Ireland,HUMAN_OBSERVATION
53.990562,-2.087662,2016,10,United Kingdom of Great Britain and Northern Ireland,HUMAN_OBSERVATION
53.991575,-9.307474,2016,8,Ireland,HUMAN_OBSERVATION
53.992361,-2.08614,2016,5,United Kingdom of Great Britain and Northern Ireland,HUMAN_OBSERVATION
53.992361,-2.08614,2016,7,United Kingdom of Great Britain and Northern Ireland,HUMAN_OBSERVATION
53.992361,-2.08614,2016,10,United Kingdom of Great Britain and Northern Ireland,HUMAN_OBSERVATION
53.993606,-9.572184,2017,8,Ireland,HUMAN_OBSERVATION
53.994296,-0.397562,2016,5,United Kingdom of Great Britain and Northern Ireland,HUMAN_OBSERVATION
53.994296,-0.397562,2016,10,United Kingdom of Great Britain and Northern Ireland,HUMAN_OBSERVATION
53.994638,-9.076952,2016,9,Ireland,HUMAN_OBSERVATION
53.995215,-0.399052,2016,5,United Kingdom of Great Britain and Northern Ireland,HUMAN_OBSERVATION
53.995215,-0.399052,2016,10,United Kingdom of Great Britain and Northern Ireland,HUMAN_OBSERVATION
53.995235,-0.400577,2016,10,United Kingdom of Great Britain and Northern Ireland,HUMAN_OBSERVATION
53.995477,-0.418874,2016,10,United Kingdom of Great Britain and Northern Ireland,HUMAN_OBSERVATION
53.996023,-6.68719,2018,8,Ireland,HUMAN_OBSERVATION
53.996306,-8.078472,2017,8,Ireland,HUMAN_OBSERVATION
53.996753,-0.447811,2016,3,United Kingdom of Great Britain and Northern Ireland,HUMAN_OBSERVATION
53.996753,-0.447811,2016,10,United Kingdom of Great Britain and Northern Ireland,HUMAN_OBSERVATION
53.999284,-6.891409,2017,8,Ireland,HUMAN_OBSERVATION
53.999548,-2.090731,2016,5,United Kingdom of Great Britain and Northern Ireland,HUMAN_OBSERVATION
53.999548,-2.090731,2016,7,United Kingdom of Great Britain and Northern Ireland,HUMAN_OBSERVATION
53.999548,-2.090731,2016,10,United Kingdom of Great Britain and Northern Ireland,HUMAN_OBSERVATION
54.001481,-8.772179,2016,9,Ireland,HUMAN_OBSERVATION
54.001663,-7.679075,2017,9,Ireland,HUMAN_OBSERVATION
54.00262,-9.729143,2017,9,Ireland,HUMAN_OBSERVATION
54.004117,-0.46127,2016,5,United Kingdom of Great Britain and Northern Ireland,HUMAN_OBSERVATION
54.004117,-0.46127,2016,10,United Kingdom of Great Britain and Northern Ireland,HUMAN_OBSERVATION
54.004326,-9.093749,2016,9,Ireland,HUMAN_OBSERVATION
54.006116,-6.110489,2021,8,Ireland,HUMAN_OBSERVATION
54.006729,-2.101427,2016,5,United Kingdom of Great Britain and Northern Ireland,HUMAN_OBSERVATION
54.006729,-2.101427,2016,7,United Kingdom of Great Britain and Northern Ireland,HUMAN_OBSERVATION
54.006729,-2.101427,2016,10,United Kingdom of Great Britain and Northern Ireland,HUMAN_OBSERVATION
54.009721,-9.551278,2017,8,Ireland,HUMAN_OBSERVATION
54.009748,-7.370126,2017,7,Ireland,HUMAN_OBSERVATION
54.010887,-7.018203,2017,8,Ireland,HUMAN_OBSERVATION
54.013024,-8.834361,2016,9,Ireland,HUMAN_OBSERVATION
54.016079,-7.630095,2017,7,Ireland,HUMAN_OBSERVATION
54.01793,-7.596193,2017,7,Ireland,HUMAN_OBSERVATION
54.018714,-8.868336,2016,7,Ireland,HUMAN_OBSERVATION
54.022007,-2.102991,2016,5,United Kingdom of Great Britain and Northern Ireland,HUMAN_OBSERVATION
54.022007,-2.102991,2016,7,United Kingdom of Great Britain and Northern Ireland,HUMAN_OBSERVATION
54.022007,-2.102991,2016,10,United Kingdom of Great Britain and Northern Ireland,HUMAN_OBSERVATION
54.022252,-9.033556,2018,6,Ireland,HUMAN_OBSERVATION
54.022252,-9.033556,2016,9,Ireland,HUMAN_OBSERVATION
54.024422,-6.42389,2018,6,Ireland,HUMAN_OBSERVATION
54.024548,-6.242787,2018,6,Ireland,HUMAN_OBSERVATION
54.026771,-0.339826,2016,5,United Kingdom of Great Britain and Northern Ireland,HUMAN_OBSERVATION
54.026771,-0.339826,2016,11,United Kingdom of Great Britain and Northern Ireland,HUMAN_OBSERVATION
54.027657,-8.90657,2018,6,Ireland,HUMAN_OBSERVATION
54.027657,-8.90657,2016,7,Ireland,HUMAN_OBSERVATION
54.028214,-6.349521,2018,7,Ireland,HUMAN_OBSERVATION
54.029541,-6.07641,2022,6,United Kingdom of Great Britain and Northern Ireland,HUMAN_OBSERVATION
54.030056,-6.046546,2022,6,United Kingdom of Great Britain and Northern Ireland,HUMAN_OBSERVATION
54.030103,-2.093851,2016,5,United Kingdom of Great Britain and Northern Ireland,HUMAN_OBSERVATION
54.030103,-2.093851,2016,7,United Kingdom of Great Britain and Northern Ireland,HUMAN_OBSERVATION
54.030103,-2.093851,2016,10,United Kingdom of Great Britain and Northern Ireland,HUMAN_OBSERVATION
54.030951,-9.297845,2016,8,Ireland,HUMAN_OBSERVATION
54.03387,-7.014716,2017,8,Ireland,HUMAN_OBSERVATION
54.034164,-6.965544,2017,8,Ireland,HUMAN_OBSERVATION
54.036404,-8.900947,2016,7,Ireland,HUMAN_OBSERVATION
54.036556,-8.816272,2016,7,Ireland,HUMAN_OBSERVATION
54.037422,-6.435905,2018,6,Ireland,HUMAN_OBSERVATION
54.038042,-6.996143,2017,8,Ireland,HUMAN_OBSERVATION
54.038339,-8.55359,2018,8,Ireland,HUMAN_OBSERVATION
54.040064,-6.863148,2017,8,Ireland,HUMAN_OBSERVATION
54.043022,-7.046921,2017,8,Ireland,HUMAN_OBSERVATION
54.047018,-7.92554,2017,9,Ireland,HUMAN_OBSERVATION
54.048332,-3.181027,2024,8,United Kingdom of Great Britain and Northern Ireland,HUMAN_OBSERVATION
54.048332,-3.181027,2024,8,United Kingdom of Great Britain and Northern Ireland,HUMAN_OBSERVATION
54.048598,-3.18134,2024,8,United Kingdom of Great Britain and Northern Ireland,HUMAN_OBSERVATION
54.049411,-8.800624,2016,9,Ireland,HUMAN_OBSERVATION
54.049954,-3.180615,2023,7,United Kingdom of Great Britain and Northern Ireland,HUMAN_OBSERVATION
54.050087,-1.582232,2016,5,United Kingdom of Great Britain and Northern Ireland,HUMAN_OBSERVATION
54.050087,-1.582232,2016,9,United Kingdom of Great Britain and Northern Ireland,HUMAN_OBSERVATION
54.051045,-8.040572,2017,8,Ireland,HUMAN_OBSERVATION
54.052146,-8.747051,2016,7,Ireland,HUMAN_OBSERVATION
54.055049,-8.733345,2016,7,Ireland,HUMAN_OBSERVATION
54.055347,-7.338389,2017,8,Ireland,HUMAN_OBSERVATION
54.055998,-6.084493,2022,6,United Kingdom of Great Britain and Northern Ireland,HUMAN_OBSERVATION
54.056108,-2.151958,2016,4,United Kingdom of Great Britain and Northern Ireland,HUMAN_OBSERVATION
54.056108,-2.151958,2016,10,United Kingdom of Great Britain and Northern Ireland,HUMAN_OBSERVATION
54.057562,-8.814711,2016,7,Ireland,HUMAN_OBSERVATION
54.058913,-8.236931,2017,8,Ireland,HUMAN_OBSERVATION
54.064147,-7.230773,2017,9,Ireland,HUMAN_OBSERVATION
54.065276,-8.201006,2017,8,Ireland,HUMAN_OBSERVATION
54.067304,-6.348324,2018,6,Ireland,HUMAN_OBSERVATION
54.069064,-9.425211,2016,8,Ireland,HUMAN_OBSERVATION
54.070175,-7.900446,2018,8,Ireland,HUMAN_OBSERVATION
54.071135,-1.710384,2016,5,United Kingdom of Great Britain and Northern Ireland,HUMAN_OBSERVATION
54.071135,-1.710384,2016,10,United Kingdom of Great Britain and Northern Ireland,HUMAN_OBSERVATION
54.071483,-2.005313,2016,4,United Kingdom of Great Britain and Northern Ireland,HUMAN_OBSERVATION
54.071695,-9.506975,2016,8,Ireland,HUMAN_OBSERVATION
54.076365,-2.745026,2016,5,United Kingdom of Great Britain and Northern Ireland,HUMAN_OBSERVATION
54.076365,-2.745026,2016,8,United Kingdom of Great Britain and Northern Ireland,HUMAN_OBSERVATION
54.076365,-2.745026,2016,10,United Kingdom of Great Britain and Northern Ireland,HUMAN_OBSERVATION
54.079888,-8.517058,2018,8,Ireland,HUMAN_OBSERVATION
54.081041,-4.745457,2020,9,Isle of Man,HUMAN_OBSERVATION
54.081221,-9.513972,2016,8,Ireland,HUMAN_OBSERVATION
54.083098,-4.653848,2020,3,Isle of Man,HUMAN_OBSERVATION
54.083098,-4.653848,2020,6,Isle of Man,HUMAN_OBSERVATION
54.083098,-4.653848,2020,9,Isle of Man,HUMAN_OBSERVATION
54.083515,-9.429495,2016,8,Ireland,HUMAN_OBSERVATION
54.085626,-1.760729,2016,3,United Kingdom of Great Britain and Northern Ireland,HUMAN_OBSERVATION
54.085626,-1.760729,2016,9,United Kingdom of Great Britain and Northern Ireland,HUMAN_OBSERVATION
54.086381,-9.342935,2016,9,Ireland,HUMAN_OBSERVATION
54.096406,-7.663739,2017,9,Ireland,HUMAN_OBSERVATION
54.09676,-2.434985,2016,10,United Kingdom of Great Britain and Northern Ireland,HUMAN_OBSERVATION
54.096927,-1.395213,2016,3,United Kingdom of Great Britain and Northern Ireland,HUMAN_OBSERVATION
54.096927,-1.395213,2016,10,United Kingdom of Great Britain and Northern Ireland,HUMAN_OBSERVATION
54.096932,-2.384527,2016,5,United Kingdom of Great Britain and Northern Ireland,HUMAN_OBSERVATION
54.096932,-2.384527,2016,10,United Kingdom of Great Britain and Northern Ireland,HUMAN_OBSERVATION
54.097176,-6.250425,2022,3,United Kingdom of Great Britain and Northern Ireland,HUMAN_OBSERVATION
54.097614,-8.252554,2017,8,Ireland,HUMAN_OBSERVATION
54.097734,-8.774455,2016,7,Ireland,HUMAN_OBSERVATION
54.097905,-6.982474,2017,8,Ireland,HUMAN_OBSERVATION
54.098995,-5.908116,2022,10,United Kingdom of Great Britain and Northern Ireland,HUMAN_OBSERVATION
54.099373,-9.030876,2016,9,Ireland,HUMAN_OBSERVATION
54.099979,-9.318697,2016,9,Ireland,HUMAN_OBSERVATION
54.100034,-4.700821,2020,3,Isle of Man,HUMAN_OBSERVATION
54.100034,-4.700821,2020,6,Isle of Man,HUMAN_OBSERVATION
54.100034,-4.700821,2020,9,Isle of Man,HUMAN_OBSERVATION
54.100261,-2.167335,2020,6,United Kingdom of Great Britain and Northern Ireland,HUMAN_OBSERVATION
54.101291,-7.448789,2017,8,Ireland,HUMAN_OBSERVATION
54.101343,-1.379856,2016,5,United Kingdom of Great Britain and Northern Ireland,HUMAN_OBSERVATION
54.101343,-1.379856,2016,10,United Kingdom of Great Britain and Northern Ireland,HUMAN_OBSERVATION
54.101405,-2.390686,2016,5,United Kingdom of Great Britain and Northern Ireland,HUMAN_OBSERVATION
54.101405,-2.390686,2016,10,United Kingdom of Great Britain and Northern Ireland,HUMAN_OBSERVATION
54.101418,-2.604782,2016,5,United Kingdom of Great Britain and Northern Ireland,HUMAN_OBSERVATION
54.102378,-2.592561,2016,11,United Kingdom of Great Britain and Northern Ireland,HUMAN_OBSERVATION
54.104035,-2.410592,2016,5,United Kingdom of Great Britain and Northern Ireland,HUMAN_OBSERVATION
54.104035,-2.410592,2016,11,United Kingdom of Great Britain and Northern Ireland,HUMAN_OBSERVATION
54.104537,-1.780502,2016,4,United Kingdom of Great Britain and Northern Ireland,HUMAN_OBSERVATION
54.104537,-1.780502,2016,10,United Kingdom of Great Britain and Northern Ireland,HUMAN_OBSERVATION
54.105096,-9.117077,2016,9,Ireland,HUMAN_OBSERVATION
54.107561,-9.090526,2016,9,Ireland,HUMAN_OBSERVATION
54.109531,-7.536563,2017,8,Ireland,HUMAN_OBSERVATION
54.109826,-9.469575,2016,8,Ireland,HUMAN_OBSERVATION
54.11,10.81,2015,9,Germany,MATERIAL_SAMPLE
54.111405,-7.156239,2017,8,Ireland,HUMAN_OBSERVATION
54.112656,-9.256514,2016,9,Ireland,HUMAN_OBSERVATION
54.114372,-7.628159,2017,8,Ireland,HUMAN_OBSERVATION
54.114475,-8.572801,2018,8,Ireland,HUMAN_OBSERVATION
54.114807,-9.288136,2016,9,Ireland,HUMAN_OBSERVATION
54.115353,-1.49285,2019,5,United Kingdom of Great Britain and Northern Ireland,HUMAN_OBSERVATION
54.115355,-9.090971,2016,8,Ireland,HUMAN_OBSERVATION
54.116868,-9.577019,2017,6,Ireland,HUMAN_OBSERVATION
54.117669,-9.085434,2016,9,Ireland,HUMAN_OBSERVATION
54.118385,-6.523216,2018,8,United Kingdom of Great Britain and Northern Ireland,HUMAN_OBSERVATION
54.11848,-9.575367,2017,6,Ireland,HUMAN_OBSERVATION
54.118603,-9.139895,2016,9,Ireland,HUMAN_OBSERVATION
54.121598,-8.730193,2016,7,Ireland,HUMAN_OBSERVATION
54.122075,-9.585815,2017,6,Ireland,HUMAN_OBSERVATION
54.125477,-6.899297,2017,8,Ireland,HUMAN_OBSERVATION
54.125487,-8.302825,2017,8,Ireland,HUMAN_OBSERVATION
54.12551,-6.863736,2017,8,Ireland,HUMAN_OBSERVATION
54.128911,-6.903938,2017,8,Ireland,HUMAN_OBSERVATION
54.129065,-9.623564,2017,6,Ireland,HUMAN_OBSERVATION
54.129186,-9.277424,2016,8,Ireland,HUMAN_OBSERVATION
54.129322,-4.595572,2020,6,Isle of Man,HUMAN_OBSERVATION
54.129322,-4.595572,2020,9,Isle of Man,HUMAN_OBSERVATION
54.129682,-6.79928,2017,8,Ireland,HUMAN_OBSERVATION
54.129715,-8.398585,2018,8,Ireland,HUMAN_OBSERVATION
54.130161,-1.607443,2016,10,United Kingdom of Great Britain and Northern Ireland,HUMAN_OBSERVATION
54.133252,-9.068625,2016,8,Ireland,HUMAN_OBSERVATION
54.134624,-2.770559,2016,4,United Kingdom of Great Britain and Northern Ireland,HUMAN_OBSERVATION
54.136492,-1.619627,2016,5,United Kingdom of Great Britain and Northern Ireland,HUMAN_OBSERVATION
54.136492,-1.619627,2016,10,United Kingdom of Great Britain and Northern Ireland,HUMAN_OBSERVATION
54.137079,-1.339527,2016,5,United Kingdom of Great Britain and Northern Ireland,HUMAN_OBSERVATION
54.137079,-1.339527,2016,10,United Kingdom of Great Britain and Northern Ireland,HUMAN_OBSERVATION
54.137637,-4.626714,2020,6,Isle of Man,HUMAN_OBSERVATION
54.137637,-4.626714,2020,9,Isle of Man,HUMAN_OBSERVATION
54.138431,-9.813962,2017,6,Ireland,HUMAN_OBSERVATION
54.138915,-9.668703,2017,6,Ireland,HUMAN_OBSERVATION
54.14042,-9.754317,2017,6,Ireland,HUMAN_OBSERVATION
54.141209,-2.723228,2016,3,United Kingdom of Great Britain and Northern Ireland,HUMAN_OBSERVATION
54.141209,-2.723228,2016,10,United Kingdom of Great Britain and Northern Ireland,HUMAN_OBSERVATION
54.142323,-9.740434,2017,6,Ireland,HUMAN_OBSERVATION
54.142397,-1.51242,2016,4,United Kingdom of Great Britain and Northern Ireland,HUMAN_OBSERVATION
54.142397,-1.51242,2016,9,United Kingdom of Great Britain and Northern Ireland,HUMAN_OBSERVATION
54.1435,-1.565985,2016,5,United Kingdom of Great Britain and Northern Ireland,HUMAN_OBSERVATION
54.1435,-1.565985,2016,10,United Kingdom of Great Britain and Northern Ireland,HUMAN_OBSERVATION
54.14363,-6.936453,2017,8,Ireland,HUMAN_OBSERVATION
54.144078,-9.56582,2017,6,Ireland,HUMAN_OBSERVATION
54.144901,-9.234051,2016,8,Ireland,HUMAN_OBSERVATION
54.145585,-9.802988,2017,6,Ireland,HUMAN_OBSERVATION
54.146181,-1.360815,2016,3,United Kingdom of Great Britain and Northern Ireland,HUMAN_OBSERVATION
54.146181,-1.360815,2016,9,United Kingdom of Great Britain and Northern Ireland,HUMAN_OBSERVATION
54.147307,-3.197944,2016,4,United Kingdom of Great Britain and Northern Ireland,HUMAN_OBSERVATION
54.147307,-3.197944,2016,10,United Kingdom of Great Britain and Northern Ireland,HUMAN_OBSERVATION
54.148189,-2.597809,2016,5,United Kingdom of Great Britain and Northern Ireland,HUMAN_OBSERVATION
54.148189,-2.597809,2016,11,United Kingdom of Great Britain and Northern Ireland,HUMAN_OBSERVATION
54.149022,-7.068123,2017,9,Ireland,HUMAN_OBSERVATION
54.150154,-1.682275,2016,4,United Kingdom of Great Britain and Northern Ireland,HUMAN_OBSERVATION
54.150766,-8.556497,2018,8,Ireland,HUMAN_OBSERVATION
54.151703,-7.057099,2017,8,Ireland,HUMAN_OBSERVATION
54.15355,-2.604011,2016,5,United Kingdom of Great Britain and Northern Ireland,HUMAN_OBSERVATION
54.15355,-2.604011,2016,10,United Kingdom of Great Britain and Northern Ireland,HUMAN_OBSERVATION
54.154037,-8.46232,2018,8,Ireland,HUMAN_OBSERVATION
54.154145,-2.470805,2016,5,United Kingdom of Great Britain and Northern Ireland,HUMAN_OBSERVATION
54.154145,-2.470805,2016,11,United Kingdom of Great Britain and Northern Ireland,HUMAN_OBSERVATION
54.154151,-2.469274,2016,11,United Kingdom of Great Britain and Northern Ireland,HUMAN_OBSERVATION
54.154376,-1.591902,2016,5,United Kingdom of Great Britain and Northern Ireland,HUMAN_OBSERVATION
54.154376,-1.591902,2016,10,United Kingdom of Great Britain and Northern Ireland,HUMAN_OBSERVATION
54.156533,-9.913477,2017,6,Ireland,HUMAN_OBSERVATION
54.159818,-9.047245,2016,8,Ireland,HUMAN_OBSERVATION
54.159897,-9.421997,2016,8,Ireland,HUMAN_OBSERVATION
54.160253,-8.129836,2017,8,Ireland,HUMAN_OBSERVATION
54.162651,-6.942641,2017,8,Ireland,HUMAN_OBSERVATION
54.16385,-3.250498,2016,8,United Kingdom of Great Britain and Northern Ireland,HUMAN_OBSERVATION
54.164495,-9.34479,2016,8,Ireland,HUMAN_OBSERVATION
54.164776,-8.115624,2017,8,Ireland,HUMAN_OBSERVATION
54.166862,-4.521317,2020,3,Isle of Man,HUMAN_OBSERVATION
54.166862,-4.521317,2020,6,Isle of Man,HUMAN_OBSERVATION
54.1675,-4.490713,2020,9,Isle of Man,HUMAN_OBSERVATION
54.167891,10.376801,2024,7,Germany,HUMAN_OBSERVATION
54.171966,-8.102869,2017,8,Ireland,HUMAN_OBSERVATION
54.174281,-2.592057,2016,11,United Kingdom of Great Britain and Northern Ireland,HUMAN_OBSERVATION
54.175538,-1.540908,2018,5,United Kingdom of Great Britain and Northern Ireland,HUMAN_OBSERVATION
54.176217,-9.311747,2016,8,Ireland,HUMAN_OBSERVATION
54.177563,-9.865129,2017,6,Ireland,HUMAN_OBSERVATION
54.178276,-8.531936,2018,8,Ireland,HUMAN_OBSERVATION
54.179095,-7.863752,2017,7,Ireland,HUMAN_OBSERVATION
54.180475,-8.503305,2018,8,Ireland,HUMAN_OBSERVATION
54.181626,-8.468164,2018,8,Ireland,HUMAN_OBSERVATION
54.182231,-9.371447,2016,8,Ireland,HUMAN_OBSERVATION
54.182345,-9.741005,2017,6,Ireland,HUMAN_OBSERVATION
54.182647,-7.872127,2017,7,Ireland,HUMAN_OBSERVATION
54.183999,-8.937965,2018,8,Ireland,HUMAN_OBSERVATION
54.184683,-8.929528,2018,8,Ireland,HUMAN_OBSERVATION
54.187955,-8.483832,2018,8,Ireland,HUMAN_OBSERVATION
54.188844,-8.14509,2017,8,Ireland,HUMAN_OBSERVATION
54.189046,-9.906601,2017,6,Ireland,HUMAN_OBSERVATION
54.189495,-8.013221,2017,7,Ireland,HUMAN_OBSERVATION
54.190307,-9.312944,2016,9,Ireland,HUMAN_OBSERVATION
54.190697,-3.076588,2016,4,United Kingdom of Great Britain and Northern Ireland,HUMAN_OBSERVATION
54.190697,-3.076588,2016,10,United Kingdom of Great Britain and Northern Ireland,HUMAN_OBSERVATION
54.192499,-4.584201,2020,6,Isle of Man,HUMAN_OBSERVATION
54.196923,-0.497038,2016,3,United Kingdom of Great Britain and Northern Ireland,HUMAN_OBSERVATION
54.196923,-0.497038,2016,10,United Kingdom of Great Britain and Northern Ireland,HUMAN_OBSERVATION
54.197404,-9.350584,2016,8,Ireland,HUMAN_OBSERVATION
54.200022,-9.291743,2016,8,Ireland,HUMAN_OBSERVATION
54.201148,-9.046182,2016,8,Ireland,HUMAN_OBSERVATION
54.201804,-0.860199,2016,4,United Kingdom of Great Britain and Northern Ireland,HUMAN_OBSERVATION
54.202692,-0.527492,2016,4,United Kingdom of Great Britain and Northern Ireland,HUMAN_OBSERVATION
54.202692,-0.527492,2016,10,United Kingdom of Great Britain and Northern Ireland,HUMAN_OBSERVATION
54.2034,-6.839145,2017,8,Ireland,HUMAN_OBSERVATION
54.203789,-1.586816,2016,9,United Kingdom of Great Britain and Northern Ireland,HUMAN_OBSERVATION
54.204294,-1.778442,2016,4,United Kingdom of Great Britain and Northern Ireland,HUMAN_OBSERVATION
54.204836,-0.633206,2016,4,United Kingdom of Great Britain and Northern Ireland,HUMAN_OBSERVATION
54.204836,-0.633206,2016,9,United Kingdom of Great Britain and Northern Ireland,HUMAN_OBSERVATION
54.205223,-2.87312,2017,9,United Kingdom of Great Britain and Northern Ireland,HUMAN_OBSERVATION
54.206623,-2.755034,2016,4,United Kingdom of Great Britain and Northern Ireland,HUMAN_OBSERVATION
54.206623,-2.755034,2016,10,United Kingdom of Great Britain and Northern Ireland,HUMAN_OBSERVATION
54.208723,-3.070924,2016,4,United Kingdom of Great Britain and Northern Ireland,HUMAN_OBSERVATION
54.208723,-3.070924,2016,9,United Kingdom of Great Britain and Northern Ireland,HUMAN_OBSERVATION
54.209174,-7.967577,2017,7,Ireland,HUMAN_OBSERVATION
54.209508,-8.509299,2018,8,Ireland,HUMAN_OBSERVATION
54.209691,-8.992407,2016,8,Ireland,HUMAN_OBSERVATION
54.210091,-0.472026,2016,11,United Kingdom of Great Britain and Northern Ireland,HUMAN_OBSERVATION
54.210628,-9.096835,2016,8,Ireland,HUMAN_OBSERVATION
54.211257,-1.01481,2016,4,United Kingdom of Great Britain and Northern Ireland,HUMAN_OBSERVATION
54.211257,-1.01481,2016,9,United Kingdom of Great Britain and Northern Ireland,HUMAN_OBSERVATION
54.213892,-1.655719,2016,4,United Kingdom of Great Britain and Northern Ireland,HUMAN_OBSERVATION
54.213892,-1.655719,2016,9,United Kingdom of Great Britain and Northern Ireland,HUMAN_OBSERVATION
54.216744,-1.715502,2016,10,United Kingdom of Great Britain and Northern Ireland,HUMAN_OBSERVATION
54.216803,-7.043718,2017,9,Ireland,HUMAN_OBSERVATION
54.216956,-9.277435,2016,8,Ireland,HUMAN_OBSERVATION
54.217563,-1.683292,2016,5,United Kingdom of Great Britain and Northern Ireland,HUMAN_OBSERVATION
54.217563,-1.683292,2016,10,United Kingdom of Great Britain and Northern Ireland,HUMAN_OBSERVATION
54.220348,-8.270213,2018,9,Ireland,HUMAN_OBSERVATION
54.220926,-9.751945,2017,6,Ireland,HUMAN_OBSERVATION
54.221115,-8.276857,2018,9,Ireland,HUMAN_OBSERVATION
54.222734,-8.96617,2018,8,Ireland,HUMAN_OBSERVATION
54.223008,-0.9179,2016,4,United Kingdom of Great Britain and Northern Ireland,HUMAN_OBSERVATION
54.223008,-0.9179,2016,9,United Kingdom of Great Britain and Northern Ireland,HUMAN_OBSERVATION
54.223288,-7.931995,2017,7,Ireland,HUMAN_OBSERVATION
54.223297,-3.322852,2016,4,United Kingdom of Great Britain and Northern Ireland,HUMAN_OBSERVATION
54.223297,-3.322852,2016,9,United Kingdom of Great Britain and Northern Ireland,HUMAN_OBSERVATION
54.225896,-1.796732,2016,10,United Kingdom of Great Britain and Northern Ireland,HUMAN_OBSERVATION
54.226708,-7.843818,2017,4,United Kingdom of Great Britain and Northern Ireland,HUMAN_OBSERVATION
54.22679,-3.332167,2016,3,United Kingdom of Great Britain and Northern Ireland,HUMAN_OBSERVATION
54.22679,-3.332167,2016,9,United Kingdom of Great Britain and Northern Ireland,HUMAN_OBSERVATION
54.22775,-4.617092,2020,9,Isle of Man,HUMAN_OBSERVATION
54.233591,-8.309331,2018,9,Ireland,HUMAN_OBSERVATION
54.237031,-9.640668,2018,6,Ireland,HUMAN_OBSERVATION
54.237031,-9.640668,2017,8,Ireland,HUMAN_OBSERVATION
54.239636,-9.657118,2017,8,Ireland,HUMAN_OBSERVATION
54.241045,-9.697807,2017,8,Ireland,HUMAN_OBSERVATION
54.245089,-8.921145,2018,8,Ireland,HUMAN_OBSERVATION
54.245993,-3.302092,2016,9,United Kingdom of Great Britain and Northern Ireland,HUMAN_OBSERVATION
54.24843,-5.681615,2022,10,United Kingdom of Great Britain and Northern Ireland,HUMAN_OBSERVATION
54.24877,-9.377734,2017,8,Ireland,HUMAN_OBSERVATION
54.249595,-5.752823,2022,10,United Kingdom of Great Britain and Northern Ireland,HUMAN_OBSERVATION
54.250487,-9.272298,2017,7,Ireland,HUMAN_OBSERVATION
54.251179,-8.860998,2018,8,Ireland,HUMAN_OBSERVATION
54.251461,-9.58864,2017,8,Ireland,HUMAN_OBSERVATION
54.251591,-7.129114,2017,9,Ireland,HUMAN_OBSERVATION
54.251895,-8.825632,2018,8,Ireland,HUMAN_OBSERVATION
54.253417,-8.232525,2018,9,Ireland,HUMAN_OBSERVATION
54.254892,-8.862304,2018,8,Ireland,HUMAN_OBSERVATION
54.255216,-8.719797,2018,9,Ireland,HUMAN_OBSERVATION
54.255349,-6.978046,2017,9,Ireland,HUMAN_OBSERVATION
54.255442,-9.989275,2017,8,Ireland,HUMAN_OBSERVATION
54.255813,-6.995774,2017,9,Ireland,HUMAN_OBSERVATION
54.260289,-1.354447,2016,4,United Kingdom of Great Britain and Northern Ireland,HUMAN_OBSERVATION
54.260914,-5.607305,2022,11,United Kingdom of Great Britain and Northern Ireland,HUMAN_OBSERVATION
54.263527,-3.271938,2016,7,United Kingdom of Great Britain and Northern Ireland,HUMAN_OBSERVATION
54.263606,-1.483357,2016,5,United Kingdom of Great Britain and Northern Ireland,HUMAN_OBSERVATION
54.263606,-1.483357,2016,9,United Kingdom of Great Britain and Northern Ireland,HUMAN_OBSERVATION
54.264539,-6.866916,2017,8,Ireland,HUMAN_OBSERVATION
54.266339,-3.143891,2016,7,United Kingdom of Great Britain and Northern Ireland,HUMAN_OBSERVATION
54.269149,-8.758031,2018,9,Ireland,HUMAN_OBSERVATION
54.269347,-4.343266,2020,6,Isle of Man,HUMAN_OBSERVATION
54.269686,-2.931419,2017,7,United Kingdom of Great Britain and Northern Ireland,HUMAN_OBSERVATION
54.26984,-1.747381,2016,9,United Kingdom of Great Britain and Northern Ireland,HUMAN_OBSERVATION
54.270536,-0.489754,2016,4,United Kingdom of Great Britain and Northern Ireland,HUMAN_OBSERVATION
54.270536,-0.489754,2016,10,United Kingdom of Great Britain and Northern Ireland,HUMAN_OBSERVATION
54.272972,-4.604598,2020,3,Isle of Man,HUMAN_OBSERVATION
54.272972,-4.604598,2020,6,Isle of Man,HUMAN_OBSERVATION
54.272972,-4.604598,2020,9,Isle of Man,HUMAN_OBSERVATION
54.273356,-2.397916,2017,9,United Kingdom of Great Britain and Northern Ireland,HUMAN_OBSERVATION
54.276589,-5.77353,2018,9,United Kingdom of Great Britain and Northern Ireland,HUMAN_OBSERVATION
54.277261,-6.937817,2017,9,Ireland,HUMAN_OBSERVATION
54.277617,-2.756332,2016,9,United Kingdom of Great Britain and Northern Ireland,HUMAN_OBSERVATION
54.27948,19.3176,2016,9,Poland,HUMAN_OBSERVATION
54.282676,-3.23259,2016,4,United Kingdom of Great Britain and Northern Ireland,HUMAN_OBSERVATION
54.282676,-3.23259,2016,9,United Kingdom of Great Britain and Northern Ireland,HUMAN_OBSERVATION
54.283333,23.740278,2023,5,Lithuania,HUMAN_OBSERVATION
54.283522,-7.061628,2017,8,Ireland,HUMAN_OBSERVATION
54.284169,-8.472065,2018,8,Ireland,HUMAN_OBSERVATION
54.285031,-8.958957,2018,8,Ireland,HUMAN_OBSERVATION
54.285467,-9.380063,2017,7,Ireland,HUMAN_OBSERVATION
54.286726,-7.986354,2017,9,Ireland,HUMAN_OBSERVATION
54.287801,-8.04668,2017,9,Ireland,HUMAN_OBSERVATION
54.292139,-3.089988,2016,10,United Kingdom of Great Britain and Northern Ireland,HUMAN_OBSERVATION
54.292387,-2.83342,2016,5,United Kingdom of Great Britain and Northern Ireland,HUMAN_OBSERVATION
54.292387,-2.83342,2016,10,United Kingdom of Great Britain and Northern Ireland,HUMAN_OBSERVATION
54.292647,-6.896638,2017,9,Ireland,HUMAN_OBSERVATION
54.292759,-8.442916,2018,8,Ireland,HUMAN_OBSERVATION
54.294315,-2.047977,2016,5,United Kingdom of Great Britain and Northern Ireland,HUMAN_OBSERVATION
54.294845,-9.392356,2017,8,Ireland,HUMAN_OBSERVATION
54.296639,-9.367117,2017,7,Ireland,HUMAN_OBSERVATION
54.29764,-2.048596,2016,5,United Kingdom of Great Britain and Northern Ireland,HUMAN_OBSERVATION
54.299002,-8.197454,2018,10,Ireland,HUMAN_OBSERVATION
54.300581,-1.860903,2016,5,United Kingdom of Great Britain and Northern Ireland,HUMAN_OBSERVATION
54.300581,-1.860903,2016,10,United Kingdom of Great Britain and Northern Ireland,HUMAN_OBSERVATION
54.301262,-8.187631,2018,10,Ireland,HUMAN_OBSERVATION
54.303243,-8.393648,2018,8,Ireland,HUMAN_OBSERVATION
54.30378,-8.178627,2018,9,Ireland,HUMAN_OBSERVATION
54.304006,-8.12074,2018,9,Ireland,HUMAN_OBSERVATION
54.304624,-2.749143,2016,5,United Kingdom of Great Britain and Northern Ireland,HUMAN_OBSERVATION
54.304624,-2.749143,2016,9,United Kingdom of Great Britain and Northern Ireland,HUMAN_OBSERVATION
54.30629,-9.50229,2017,8,Ireland,HUMAN_OBSERVATION
54.30783,-2.069894,2016,5,United Kingdom of Great Britain and Northern Ireland,HUMAN_OBSERVATION
54.30783,-2.069894,2016,9,United Kingdom of Great Britain and Northern Ireland,HUMAN_OBSERVATION
54.309267,-3.084292,2016,3,United Kingdom of Great Britain and Northern Ireland,HUMAN_OBSERVATION
54.31073,-1.58421,2016,5,United Kingdom of Great Britain and Northern Ireland,HUMAN_OBSERVATION
54.31073,-1.58421,2016,10,United Kingdom of Great Britain and Northern Ireland,HUMAN_OBSERVATION
54.313213,-2.085274,2016,10,United Kingdom of Great Britain and Northern Ireland,HUMAN_OBSERVATION
54.314,19.37287,2016,9,Poland,HUMAN_OBSERVATION
54.316198,-5.532177,2023,2,United Kingdom of Great Britain and Northern Ireland,HUMAN_OBSERVATION
54.319435,-8.17098,2018,9,Ireland,HUMAN_OBSERVATION
54.319667,-8.200351,2018,9,Ireland,HUMAN_OBSERVATION
54.323404,-6.894184,2017,8,Ireland,HUMAN_OBSERVATION
54.325958,-8.444848,2018,8,Ireland,HUMAN_OBSERVATION
54.327323,-8.493229,2018,8,Ireland,HUMAN_OBSERVATION
54.329265,-8.342917,2018,8,Ireland,HUMAN_OBSERVATION
54.341487,-2.746737,2016,5,United Kingdom of Great Britain and Northern Ireland,HUMAN_OBSERVATION
54.341487,-2.746737,2016,9,United Kingdom of Great Britain and Northern Ireland,HUMAN_OBSERVATION
54.341716,-5.499717,2017,11,United Kingdom of Great Britain and Northern Ireland,HUMAN_OBSERVATION
54.343348,13.480652,2002,6,Germany,OCCURRENCE
54.350407,-2.757668,2016,5,United Kingdom of Great Britain and Northern Ireland,HUMAN_OBSERVATION
54.350407,-2.757668,2016,9,United Kingdom of Great Britain and Northern Ireland,HUMAN_OBSERVATION
54.350982,-8.246319,2018,9,Ireland,HUMAN_OBSERVATION
54.351215,18.9701,2025,3,Poland,HUMAN_OBSERVATION
54.356745,-2.750091,2016,10,United Kingdom of Great Britain and Northern Ireland,HUMAN_OBSERVATION
54.360811,-2.670143,2016,9,United Kingdom of Great Britain and Northern Ireland,HUMAN_OBSERVATION
54.361744,-0.452551,2016,5,United Kingdom of Great Britain and Northern Ireland,HUMAN_OBSERVATION
54.361744,-0.452551,2016,10,United Kingdom of Great Britain and Northern Ireland,HUMAN_OBSERVATION
54.369737,-2.681063,2016,9,United Kingdom of Great Britain and Northern Ireland,HUMAN_OBSERVATION
54.375579,-1.861034,2016,5,United Kingdom of Great Britain and Northern Ireland,HUMAN_OBSERVATION
54.377637,-1.853638,2016,5,United Kingdom of Great Britain and Northern Ireland,HUMAN_OBSERVATION
54.38311,-3.417297,2016,5,United Kingdom of Great Britain and Northern Ireland,HUMAN_OBSERVATION
54.389835,-3.034748,2017,7,United Kingdom of Great Britain and Northern Ireland,HUMAN_OBSERVATION
54.393098,-8.537618,2018,8,Ireland,HUMAN_OBSERVATION
54.394627,-1.135178,2016,4,United Kingdom of Great Britain and Northern Ireland,HUMAN_OBSERVATION
54.394627,-1.135178,2016,10,United Kingdom of Great Britain and Northern Ireland,HUMAN_OBSERVATION
54.412606,-5.538541,2017,11,United Kingdom of Great Britain and Northern Ireland,HUMAN_OBSERVATION
54.426753,-8.382086,2018,9,Ireland,HUMAN_OBSERVATION
54.42713,-7.946437,2016,1,United Kingdom of Great Britain and Northern Ireland,HUMAN_OBSERVATION
54.4274,-7.946898,2016,1,United Kingdom of Great Britain and Northern Ireland,HUMAN_OBSERVATION
54.427579,-7.946898,2016,1,United Kingdom of Great Britain and Northern Ireland,HUMAN_OBSERVATION
54.438597,17.416041,2024,1,Poland,HUMAN_OBSERVATION
54.440133,-3.531832,2016,4,United Kingdom of Great Britain and Northern Ireland,HUMAN_OBSERVATION
54.440133,-3.531832,2016,10,United Kingdom of Great Britain and Northern Ireland,HUMAN_OBSERVATION
54.4405,-2.551178,2016,10,United Kingdom of Great Britain and Northern Ireland,HUMAN_OBSERVATION
54.440603,-2.528051,2016,9,United Kingdom of Great Britain and Northern Ireland,HUMAN_OBSERVATION
54.446446,-2.622194,2016,5,United Kingdom of Great Britain and Northern Ireland,HUMAN_OBSERVATION
54.446446,-2.622194,2016,9,United Kingdom of Great Britain and Northern Ireland,HUMAN_OBSERVATION
54.454266,-3.029494,2016,7,United Kingdom of Great Britain and Northern Ireland,HUMAN_OBSERVATION
54.456334,-7.968754,2016,2,United Kingdom of Great Britain and Northern Ireland,HUMAN_OBSERVATION
54.461312,-0.661701,2016,5,United Kingdom of Great Britain and Northern Ireland,HUMAN_OBSERVATION
54.461312,-0.661701,2016,7,United Kingdom of Great Britain and Northern Ireland,HUMAN_OBSERVATION
54.461312,-0.661701,2016,9,United Kingdom of Great Britain and Northern Ireland,HUMAN_OBSERVATION
54.464458,-8.281252,2018,9,Ireland,HUMAN_OBSERVATION
54.464937,-8.178489,2018,9,Ireland,HUMAN_OBSERVATION
54.467979,-0.615193,2016,4,United Kingdom of Great Britain and Northern Ireland,HUMAN_OBSERVATION
54.467979,-0.615193,2016,9,United Kingdom of Great Britain and Northern Ireland,HUMAN_OBSERVATION
54.47668,-5.442181,2023,3,United Kingdom of Great Britain and Northern Ireland,HUMAN_OBSERVATION
54.48,16.43,2024,8,Poland,HUMAN_OBSERVATION
54.486989,-1.397191,2016,10,United Kingdom of Great Britain and Northern Ireland,HUMAN_OBSERVATION
54.494177,-2.382073,2016,5,United Kingdom of Great Britain and Northern Ireland,HUMAN_OBSERVATION
54.494177,-2.382073,2016,10,United Kingdom of Great Britain and Northern Ireland,HUMAN_OBSERVATION
54.496308,-1.468076,2016,5,United Kingdom of Great Britain and Northern Ireland,HUMAN_OBSERVATION
54.503339,-2.321934,2016,5,United Kingdom of Great Britain and Northern Ireland,HUMAN_OBSERVATION
54.503339,-2.321934,2016,10,United Kingdom of Great Britain and Northern Ireland,HUMAN_OBSERVATION
54.504655,-1.94669,2016,9,United Kingdom of Great Britain and Northern Ireland,HUMAN_OBSERVATION
54.508316,-1.350545,2016,4,United Kingdom of Great Britain and Northern Ireland,HUMAN_OBSERVATION
54.508316,-1.350545,2016,10,United Kingdom of Great Britain and Northern Ireland,HUMAN_OBSERVATION
54.515838,-2.351382,2016,5,United Kingdom of Great Britain and Northern Ireland,HUMAN_OBSERVATION
54.515838,-2.351382,2016,10,United Kingdom of Great Britain and Northern Ireland,HUMAN_OBSERVATION
54.516061,-3.497596,2016,4,United Kingdom of Great Britain and Northern Ireland,HUMAN_OBSERVATION
54.516061,-3.497596,2016,9,United Kingdom of Great Britain and Northern Ireland,HUMAN_OBSERVATION
54.521109,-1.60834,2016,5,United Kingdom of Great Britain and Northern Ireland,HUMAN_OBSERVATION
54.521109,-1.60834,2016,9,United Kingdom of Great Britain and Northern Ireland,HUMAN_OBSERVATION
54.521329,-2.315897,2016,10,United Kingdom of Great Britain and Northern Ireland,HUMAN_OBSERVATION
54.52418,-3.420635,2016,10,United Kingdom of Great Britain and Northern Ireland,HUMAN_OBSERVATION
54.529498,-5.557697,2017,11,United Kingdom of Great Britain and Northern Ireland,HUMAN_OBSERVATION
54.52951,-0.920628,2016,10,United Kingdom of Great Britain and Northern Ireland,HUMAN_OBSERVATION
54.532329,-0.934462,2016,10,United Kingdom of Great Britain and Northern Ireland,HUMAN_OBSERVATION
54.532709,-1.583503,2016,5,United Kingdom of Great Britain and Northern Ireland,HUMAN_OBSERVATION
54.532709,-1.583503,2016,9,United Kingdom of Great Britain and Northern Ireland,HUMAN_OBSERVATION
54.534553,-1.597393,2016,5,United Kingdom of Great Britain and Northern Ireland,HUMAN_OBSERVATION
54.534553,-1.597393,2016,9,United Kingdom of Great Britain and Northern Ireland,HUMAN_OBSERVATION
54.534597,-7.869464,2017,9,Ireland,HUMAN_OBSERVATION
54.535284,-5.482899,2023,11,United Kingdom of Great Britain and Northern Ireland,HUMAN_OBSERVATION
54.535457,-1.59893,2016,5,United Kingdom of Great Britain and Northern Ireland,HUMAN_OBSERVATION
54.535457,-1.59893,2016,9,United Kingdom of Great Britain and Northern Ireland,HUMAN_OBSERVATION
54.540289,-2.716359,2016,5,United Kingdom of Great Britain and Northern Ireland,HUMAN_OBSERVATION
54.540289,-2.716359,2016,10,United Kingdom of Great Britain and Northern Ireland,HUMAN_OBSERVATION
54.546048,-2.455212,2016,5,United Kingdom of Great Britain and Northern Ireland,HUMAN_OBSERVATION
54.546048,-2.455212,2016,9,United Kingdom of Great Britain and Northern Ireland,HUMAN_OBSERVATION
54.550883,-0.804106,2016,4,United Kingdom of Great Britain and Northern Ireland,HUMAN_OBSERVATION
54.550883,-0.804106,2016,9,United Kingdom of Great Britain and Northern Ireland,HUMAN_OBSERVATION
54.570626,-2.752468,2016,5,United Kingdom of Great Britain and Northern Ireland,HUMAN_OBSERVATION
54.570626,-2.752468,2016,10,United Kingdom of Great Britain and Northern Ireland,HUMAN_OBSERVATION
54.570792,-2.862294,2016,6,United Kingdom of Great Britain and Northern Ireland,HUMAN_OBSERVATION
54.572079,-0.958176,2016,5,United Kingdom of Great Britain and Northern Ireland,HUMAN_OBSERVATION
54.572079,-0.958176,2016,8,United Kingdom of Great Britain and Northern Ireland,HUMAN_OBSERVATION
54.572079,-0.958176,2016,10,United Kingdom of Great Britain and Northern Ireland,HUMAN_OBSERVATION
54.572093,-0.959723,2016,5,United Kingdom of Great Britain and Northern Ireland,HUMAN_OBSERVATION
54.572106,-0.961269,2016,8,United Kingdom of Great Britain and Northern Ireland,HUMAN_OBSERVATION
54.572106,-0.961269,2016,10,United Kingdom of Great Britain and Northern Ireland,HUMAN_OBSERVATION
54.572978,-0.958153,2016,5,United Kingdom of Great Britain and Northern Ireland,HUMAN_OBSERVATION
54.572978,-0.958153,2016,8,United Kingdom of Great Britain and Northern Ireland,HUMAN_OBSERVATION
54.572978,-0.958153,2016,8,United Kingdom of Great Britain and Northern Ireland,HUMAN_OBSERVATION
54.572978,-0.958153,2016,10,United Kingdom of Great Britain and Northern Ireland,HUMAN_OBSERVATION
54.572978,-0.958153,2016,10,United Kingdom of Great Britain and Northern Ireland,HUMAN_OBSERVATION
54.573991,-1.08343,2016,10,United Kingdom of Great Britain and Northern Ireland,HUMAN_OBSERVATION
54.574653,-8.023283,2018,8,Ireland,HUMAN_OBSERVATION
54.57535,-0.972789,2017,8,United Kingdom of Great Britain and Northern Ireland,HUMAN_OBSERVATION
54.575934,-8.141983,2018,8,Ireland,HUMAN_OBSERVATION
54.576572,-0.958062,2016,5,United Kingdom of Great Britain and Northern Ireland,HUMAN_OBSERVATION
54.576572,-0.958062,2016,8,United Kingdom of Great Britain and Northern Ireland,HUMAN_OBSERVATION
54.576572,-0.958062,2016,8,United Kingdom of Great Britain and Northern Ireland,HUMAN_OBSERVATION
54.576572,-0.958062,2016,10,United Kingdom of Great Britain and Northern Ireland,HUMAN_OBSERVATION
54.576572,-0.958062,2016,10,United Kingdom of Great Britain and Northern Ireland,HUMAN_OBSERVATION
54.57672,-2.78352,2016,4,United Kingdom of Great Britain and Northern Ireland,HUMAN_OBSERVATION
54.578369,-0.958016,2016,5,United Kingdom of Great Britain and Northern Ireland,HUMAN_OBSERVATION
54.578369,-0.958016,2016,8,United Kingdom of Great Britain and Northern Ireland,HUMAN_OBSERVATION
54.578369,-0.958016,2016,10,United Kingdom of Great Britain and Northern Ireland,HUMAN_OBSERVATION
54.580051,-2.492722,2016,4,United Kingdom of Great Britain and Northern Ireland,HUMAN_OBSERVATION
54.580051,-2.492722,2016,10,United Kingdom of Great Britain and Northern Ireland,HUMAN_OBSERVATION
54.582716,-3.557294,2016,10,United Kingdom of Great Britain and Northern Ireland,HUMAN_OBSERVATION
54.583827,-0.965613,2016,5,United Kingdom of Great Britain and Northern Ireland,HUMAN_OBSERVATION
54.583827,-0.965613,2016,8,United Kingdom of Great Britain and Northern Ireland,HUMAN_OBSERVATION
54.583827,-0.965613,2016,10,United Kingdom of Great Britain and Northern Ireland,HUMAN_OBSERVATION
54.584852,-2.621207,2016,4,United Kingdom of Great Britain and Northern Ireland,HUMAN_OBSERVATION
54.584852,-2.621207,2016,6,United Kingdom of Great Britain and Northern Ireland,HUMAN_OBSERVATION
54.584852,-2.621207,2016,9,United Kingdom of Great Britain and Northern Ireland,HUMAN_OBSERVATION
54.585234,-8.085614,2018,8,Ireland,HUMAN_OBSERVATION
54.599183,-3.534702,2016,3,United Kingdom of Great Britain and Northern Ireland,HUMAN_OBSERVATION
54.599183,-3.534702,2016,10,United Kingdom of Great Britain and Northern Ireland,HUMAN_OBSERVATION
54.602926,-2.601359,2016,5,United Kingdom of Great Britain and Northern Ireland,HUMAN_OBSERVATION
54.602926,-2.601359,2016,9,United Kingdom of Great Britain and Northern Ireland,HUMAN_OBSERVATION
54.603598,-1.553368,2016,4,United Kingdom of Great Britain and Northern Ireland,HUMAN_OBSERVATION
54.603598,-1.553368,2016,10,United Kingdom of Great Britain and Northern Ireland,HUMAN_OBSERVATION
54.605232,-2.488382,2016,9,United Kingdom of Great Britain and Northern Ireland,HUMAN_OBSERVATION
54.605762,-1.126065,2016,5,United Kingdom of Great Britain and Northern Ireland,HUMAN_OBSERVATION
54.605762,-1.126065,2016,10,United Kingdom of Great Britain and Northern Ireland,HUMAN_OBSERVATION
54.606279,-3.313568,2016,10,United Kingdom of Great Britain and Northern Ireland,HUMAN_OBSERVATION
54.613925,-3.086185,2016,5,United Kingdom of Great Britain and Northern Ireland,HUMAN_OBSERVATION
54.613925,-3.086185,2016,9,United Kingdom of Great Britain and Northern Ireland,HUMAN_OBSERVATION
54.616192,-1.356571,2016,5,United Kingdom of Great Britain and Northern Ireland,HUMAN_OBSERVATION
54.616192,-1.356571,2016,10,United Kingdom of Great Britain and Northern Ireland,HUMAN_OBSERVATION
54.61884,-3.315522,2016,10,United Kingdom of Great Britain and Northern Ireland,HUMAN_OBSERVATION
54.61985,-2.912889,2016,10,United Kingdom of Great Britain and Northern Ireland,HUMAN_OBSERVATION
54.621766,-8.090087,2018,8,Ireland,HUMAN_OBSERVATION
54.621949,-1.42927,2016,5,United Kingdom of Great Britain and Northern Ireland,HUMAN_OBSERVATION
54.621949,-1.42927,2016,9,United Kingdom of Great Britain and Northern Ireland,HUMAN_OBSERVATION
54.622184,-8.06809,2018,8,Ireland,HUMAN_OBSERVATION
54.623898,-3.173187,2016,9,United Kingdom of Great Britain and Northern Ireland,HUMAN_OBSERVATION
54.62416,-5.534463,2023,11,United Kingdom of Great Britain and Northern Ireland,HUMAN_OBSERVATION
54.629188,-8.598443,2018,9,Ireland,HUMAN_OBSERVATION
54.630598,-8.596714,2018,9,Ireland,HUMAN_OBSERVATION
54.63063,-8.577522,2018,9,Ireland,HUMAN_OBSERVATION
54.631549,-8.593275,2018,9,Ireland,HUMAN_OBSERVATION
54.632413,-8.593237,2018,9,Ireland,HUMAN_OBSERVATION
54.633168,-2.809392,2016,5,United Kingdom of Great Britain and Northern Ireland,HUMAN_OBSERVATION
54.633851,-8.341463,2018,9,Ireland,HUMAN_OBSERVATION
54.638809,-8.475099,2018,9,Ireland,HUMAN_OBSERVATION
54.641904,-7.615865,2017,4,United Kingdom of Great Britain and Northern Ireland,HUMAN_OBSERVATION
54.643446,-8.391161,2018,8,Ireland,HUMAN_OBSERVATION
54.64399,-1.54053,2016,4,United Kingdom of Great Britain and Northern Ireland,HUMAN_OBSERVATION
54.644025,-5.538436,2023,11,United Kingdom of Great Britain and Northern Ireland,HUMAN_OBSERVATION
54.645239,-8.593295,2018,9,Ireland,HUMAN_OBSERVATION
54.646888,-2.615955,2016,6,United Kingdom of Great Britain and Northern Ireland,HUMAN_OBSERVATION
54.646888,-2.615955,2016,10,United Kingdom of Great Britain and Northern Ireland,HUMAN_OBSERVATION
54.647693,-3.53653,2016,4,United Kingdom of Great Britain and Northern Ireland,HUMAN_OBSERVATION
54.647693,-3.53653,2016,9,United Kingdom of Great Britain and Northern Ireland,HUMAN_OBSERVATION
54.648577,-3.465268,2016,10,United Kingdom of Great Britain and Northern Ireland,HUMAN_OBSERVATION
54.650243,-8.643278,2018,9,Ireland,HUMAN_OBSERVATION
54.651064,-1.511003,2016,4,United Kingdom of Great Britain and Northern Ireland,HUMAN_OBSERVATION
54.651064,-1.511003,2016,9,United Kingdom of Great Britain and Northern Ireland,HUMAN_OBSERVATION
54.654371,-8.428683,2018,8,Ireland,HUMAN_OBSERVATION
54.654535,-8.419228,2018,9,Ireland,HUMAN_OBSERVATION
54.654809,-8.106889,2018,9,Ireland,HUMAN_OBSERVATION
54.655471,-8.096563,2018,8,Ireland,HUMAN_OBSERVATION
54.658532,-8.349052,2018,8,Ireland,HUMAN_OBSERVATION
54.659049,-2.214658,2016,4,United Kingdom of Great Britain and Northern Ireland,HUMAN_OBSERVATION
54.659068,-8.049836,2018,8,Ireland,HUMAN_OBSERVATION
54.660621,-3.35718,2016,10,United Kingdom of Great Britain and Northern Ireland,HUMAN_OBSERVATION
54.661468,-3.361859,2016,10,United Kingdom of Great Britain and Northern Ireland,HUMAN_OBSERVATION
54.661884,-8.420878,2018,8,Ireland,HUMAN_OBSERVATION
54.66446,-1.796102,2016,9,United Kingdom of Great Britain and Northern Ireland,HUMAN_OBSERVATION
54.6665,-5.643762,2024,3,United Kingdom of Great Britain and Northern Ireland,HUMAN_OBSERVATION
54.667149,-5.715281,2024,3,United Kingdom of Great Britain and Northern Ireland,HUMAN_OBSERVATION
54.667863,-8.670226,2018,9,Ireland,HUMAN_OBSERVATION
54.668251,-2.65504,2016,9,United Kingdom of Great Britain and Northern Ireland,HUMAN_OBSERVATION
54.669884,-3.411762,2016,5,United Kingdom of Great Britain and Northern Ireland,HUMAN_OBSERVATION
54.669884,-3.411762,2016,10,United Kingdom of Great Britain and Northern Ireland,HUMAN_OBSERVATION
54.670176,-5.728529,2024,3,United Kingdom of Great Britain and Northern Ireland,HUMAN_OBSERVATION
54.674596,-5.739177,2024,3,United Kingdom of Great Britain and Northern Ireland,HUMAN_OBSERVATION
54.675305,-5.613439,2024,3,United Kingdom of Great Britain and Northern Ireland,HUMAN_OBSERVATION
54.676161,-8.068633,2018,8,Ireland,HUMAN_OBSERVATION
54.676914,-1.461067,2016,4,United Kingdom of Great Britain and Northern Ireland,HUMAN_OBSERVATION
54.680545,-8.24772,2018,9,Ireland,HUMAN_OBSERVATION
54.681776,-8.239693,2018,9,Ireland,HUMAN_OBSERVATION
54.682486,-1.830133,2016,4,United Kingdom of Great Britain and Northern Ireland,HUMAN_OBSERVATION
54.683061,-8.033928,2018,8,Ireland,HUMAN_OBSERVATION
54.685995,-8.031981,2018,8,Ireland,HUMAN_OBSERVATION
54.688526,-8.744069,2018,9,Ireland,HUMAN_OBSERVATION
54.688948,-8.180983,2018,9,Ireland,HUMAN_OBSERVATION
54.689855,-8.777541,2018,9,Ireland,HUMAN_OBSERVATION
54.699104,-2.373136,2016,9,United Kingdom of Great Britain and Northern Ireland,HUMAN_OBSERVATION
54.707532,-8.703675,2018,8,Ireland,HUMAN_OBSERVATION
54.709495,-8.728286,2018,8,Ireland,HUMAN_OBSERVATION
54.74031,-3.02122,2016,9,United Kingdom of Great Britain and Northern Ireland,HUMAN_OBSERVATION
54.741723,-4.960145,2019,4,United Kingdom of Great Britain and Northern Ireland,HUMAN_OBSERVATION
54.751969,-2.628425,2016,5,United Kingdom of Great Britain and Northern Ireland,HUMAN_OBSERVATION
54.751969,-2.628425,2016,9,United Kingdom of Great Britain and Northern Ireland,HUMAN_OBSERVATION
54.752832,-8.423056,2018,8,Ireland,HUMAN_OBSERVATION
54.757628,-8.526788,2018,8,Ireland,HUMAN_OBSERVATION
54.774076,-1.578071,2024,9,United Kingdom of Great Britain and Northern Ireland,HUMAN_OBSERVATION
54.775711,-1.706933,2016,9,United Kingdom of Great Britain and Northern Ireland,HUMAN_OBSERVATION
54.776699,-8.391224,2018,8,Ireland,HUMAN_OBSERVATION
54.782025,-4.05479,2016,9,United Kingdom of Great Britain and Northern Ireland,HUMAN_OBSERVATION
54.782025,-4.05479,2016,9,United Kingdom of Great Britain and Northern Ireland,HUMAN_OBSERVATION
54.787683,-8.301105,2018,8,Ireland,HUMAN_OBSERVATION
54.790959,-7.67912,2016,8,Ireland,HUMAN_OBSERVATION
54.790959,-7.67912,2016,8,Ireland,HUMAN_OBSERVATION
54.791702,-8.171474,2018,8,Ireland,HUMAN_OBSERVATION
54.791761,-4.010174,2021,5,United Kingdom of Great Britain and Northern Ireland,HUMAN_OBSERVATION
54.79337,-8.285242,2018,8,Ireland,HUMAN_OBSERVATION
54.794556,-4.489465,2017,4,United Kingdom of Great Britain and Northern Ireland,HUMAN_OBSERVATION
54.794556,-4.489465,2017,4,United Kingdom of Great Britain and Northern Ireland,HUMAN_OBSERVATION
54.798433,-7.591306,2016,8,Ireland,HUMAN_OBSERVATION
54.798994,-7.762919,2016,8,Ireland,HUMAN_OBSERVATION
54.800024,-3.999694,2021,4,United Kingdom of Great Britain and Northern Ireland,HUMAN_OBSERVATION
54.803023,-7.806165,2016,8,Ireland,HUMAN_OBSERVATION
54.805404,-2.854837,2016,3,United Kingdom of Great Britain and Northern Ireland,HUMAN_OBSERVATION
54.806572,-8.441835,2018,8,Ireland,HUMAN_OBSERVATION
54.809405,-2.442611,2016,4,United Kingdom of Great Britain and Northern Ireland,HUMAN_OBSERVATION
54.811285,-3.970682,2021,3,United Kingdom of Great Britain and Northern Ireland,HUMAN_OBSERVATION
54.813744,-4.092197,2020,6,United Kingdom of Great Britain and Northern Ireland,HUMAN_OBSERVATION
54.814126,-8.454869,2018,8,Ireland,HUMAN_OBSERVATION
54.814528,-7.871289,2016,8,Ireland,HUMAN_OBSERVATION
54.814797,-2.44267,2016,4,United Kingdom of Great Britain and Northern Ireland,HUMAN_OBSERVATION
54.815123,-4.973299,2020,9,United Kingdom of Great Britain and Northern Ireland,HUMAN_OBSERVATION
54.821837,-4.193801,2017,10,United Kingdom of Great Britain and Northern Ireland,HUMAN_OBSERVATION
54.821837,-4.193801,2017,10,United Kingdom of Great Britain and Northern Ireland,HUMAN_OBSERVATION
54.821921,-4.189135,2017,10,United Kingdom of Great Britain and Northern Ireland,HUMAN_OBSERVATION
54.821921,-4.189135,2017,10,United Kingdom of Great Britain and Northern Ireland,HUMAN_OBSERVATION
54.823833,-4.676543,2020,7,United Kingdom of Great Britain and Northern Ireland,HUMAN_OBSERVATION
54.825728,-3.298891,2016,4,United Kingdom of Great Britain and Northern Ireland,HUMAN_OBSERVATION
54.831169,-4.435144,2025,5,United Kingdom of Great Britain and Northern Ireland,HUMAN_OBSERVATION
54.834577,-4.949809,2020,9,United Kingdom of Great Britain and Northern Ireland,HUMAN_OBSERVATION
54.834844,-4.013873,2021,3,United Kingdom of Great Britain and Northern Ireland,HUMAN_OBSERVATION
54.836985,-4.151019,2021,6,United Kingdom of Great Britain and Northern Ireland,HUMAN_OBSERVATION
54.838309,-4.177564,2023,9,United Kingdom of Great Britain and Northern Ireland,HUMAN_OBSERVATION
54.838359,-7.575647,2016,8,Ireland,HUMAN_OBSERVATION
54.841489,-2.956815,2016,3,United Kingdom of Great Britain and Northern Ireland,HUMAN_OBSERVATION
54.841489,-2.956815,2016,8,United Kingdom of Great Britain and Northern Ireland,HUMAN_OBSERVATION
54.841489,-2.956815,2016,10,United Kingdom of Great Britain and Northern Ireland,HUMAN_OBSERVATION
54.848033,-3.863439,2021,3,United Kingdom of Great Britain and Northern Ireland,HUMAN_OBSERVATION
54.848944,-4.422711,2018,8,United Kingdom of Great Britain and Northern Ireland,HUMAN_OBSERVATION
54.848944,-4.422711,2018,8,United Kingdom of Great Britain and Northern Ireland,HUMAN_OBSERVATION
54.849509,-7.745201,2016,8,Ireland,HUMAN_OBSERVATION
54.849872,-4.421209,2018,8,United Kingdom of Great Britain and Northern Ireland,HUMAN_OBSERVATION
54.849872,-4.421209,2018,8,United Kingdom of Great Britain and Northern Ireland,HUMAN_OBSERVATION
54.851408,-7.640524,2016,8,Ireland,HUMAN_OBSERVATION
54.851649,-4.637877,2021,9,United Kingdom of Great Britain and Northern Ireland,HUMAN_OBSERVATION
54.854267,-4.139475,2022,8,United Kingdom of Great Britain and Northern Ireland,HUMAN_OBSERVATION
54.856424,-4.2023,2021,5,United Kingdom of Great Britain and Northern Ireland,HUMAN_OBSERVATION
54.857811,-7.651127,2016,8,Ireland,HUMAN_OBSERVATION
54.859227,-5.079407,2017,5,United Kingdom of Great Britain and Northern Ireland,HUMAN_OBSERVATION
54.859227,-5.079407,2017,5,United Kingdom of Great Britain and Northern Ireland,HUMAN_OBSERVATION
54.859762,-4.636848,2020,8,United Kingdom of Great Britain and Northern Ireland,HUMAN_OBSERVATION
54.860253,-7.746382,2016,8,Ireland,HUMAN_OBSERVATION
54.864887,-7.599087,2016,8,Ireland,HUMAN_OBSERVATION
54.864904,-4.885002,2020,10,United Kingdom of Great Britain and Northern Ireland,HUMAN_OBSERVATION
54.866084,-3.798823,2021,2,United Kingdom of Great Britain and Northern Ireland,HUMAN_OBSERVATION
54.871479,-4.18247,2020,7,United Kingdom of Great Britain and Northern Ireland,HUMAN_OBSERVATION
54.87355,-4.199649,2020,8,United Kingdom of Great Britain and Northern Ireland,HUMAN_OBSERVATION
54.87642,-3.828898,2020,5,United Kingdom of Great Britain and Northern Ireland,HUMAN_OBSERVATION
54.876623,-4.563118,2020,7,United Kingdom of Great Britain and Northern Ireland,HUMAN_OBSERVATION
54.883535,-8.151138,2018,8,Ireland,HUMAN_OBSERVATION
54.887683,-3.655256,2016,7,United Kingdom of Great Britain and Northern Ireland,HUMAN_OBSERVATION
54.888288,-3.692232,2016,7,United Kingdom of Great Britain and Northern Ireland,HUMAN_OBSERVATION
54.888288,-3.692232,2016,7,United Kingdom of Great Britain and Northern Ireland,HUMAN_OBSERVATION
54.893114,-1.38179,2016,3,United Kingdom of Great Britain and Northern Ireland,HUMAN_OBSERVATION
54.897408,-4.190111,2023,8,United Kingdom of Great Britain and Northern Ireland,HUMAN_OBSERVATION
54.899318,-2.916083,2016,4,United Kingdom of Great Britain and Northern Ireland,HUMAN_OBSERVATION
54.900854,-2.82723,2016,9,United Kingdom of Great Britain and Northern Ireland,HUMAN_OBSERVATION
54.900888,-2.945748,2016,9,United Kingdom of Great Britain and Northern Ireland,HUMAN_OBSERVATION
54.903067,-4.711441,2020,7,United Kingdom of Great Britain and Northern Ireland,HUMAN_OBSERVATION
54.903386,-4.351104,2020,10,United Kingdom of Great Britain and Northern Ireland,HUMAN_OBSERVATION
54.904697,-2.917765,2016,5,United Kingdom of Great Britain and Northern Ireland,HUMAN_OBSERVATION
54.906106,-4.696044,2020,7,United Kingdom of Great Britain and Northern Ireland,HUMAN_OBSERVATION
54.906141,-4.694486,2020,7,United Kingdom of Great Britain and Northern Ireland,HUMAN_OBSERVATION
54.907625,-5.120554,2020,8,United Kingdom of Great Britain and Northern Ireland,HUMAN_OBSERVATION
54.911951,23.826889,2020,7,Lithuania,HUMAN_OBSERVATION
54.912451,-4.526387,2017,3,United Kingdom of Great Britain and Northern Ireland,HUMAN_OBSERVATION
54.912451,-4.526387,2017,3,United Kingdom of Great Britain and Northern Ireland,HUMAN_OBSERVATION
54.913021,-5.155306,2020,8,United Kingdom of Great Britain and Northern Ireland,HUMAN_OBSERVATION
54.916127,-7.68879,2016,9,Ireland,HUMAN_OBSERVATION
54.920193,-4.172623,2021,5,United Kingdom of Great Britain and Northern Ireland,HUMAN_OBSERVATION
54.920277,-4.167946,2021,5,United Kingdom of Great Britain and Northern Ireland,HUMAN_OBSERVATION
54.92218,-3.949572,2016,9,United Kingdom of Great Britain and Northern Ireland,HUMAN_OBSERVATION
54.92218,-3.949572,2016,9,United Kingdom of Great Britain and Northern Ireland,HUMAN_OBSERVATION
54.92218,-3.949572,2016,9,United Kingdom of Great Britain and Northern Ireland,HUMAN_OBSERVATION
54.927216,-3.971665,2017,4,United Kingdom of Great Britain and Northern Ireland,HUMAN_OBSERVATION
54.92762,-4.488316,2020,7,United Kingdom of Great Britain and Northern Ireland,HUMAN_OBSERVATION
54.931895,-8.432078,2017,,Ireland,HUMAN_OBSERVATION
54.932731,-3.96413,2022,3,United Kingdom of Great Britain and Northern Ireland,HUMAN_OBSERVATION
54.933767,-5.117895,2020,8,United Kingdom of Great Britain and Northern Ireland,HUMAN_OBSERVATION
54.934061,-4.046928,2022,9,United Kingdom of Great Britain and Northern Ireland,HUMAN_OBSERVATION
54.935909,-4.043899,2022,9,United Kingdom of Great Britain and Northern Ireland,HUMAN_OBSERVATION
54.937976,-4.509253,2020,7,United Kingdom of Great Britain and Northern Ireland,HUMAN_OBSERVATION
54.940109,-7.700387,2016,9,Ireland,HUMAN_OBSERVATION
54.942476,-3.79911,2018,7,United Kingdom of Great Britain and Northern Ireland,HUMAN_OBSERVATION
54.942476,-3.79911,2018,7,United Kingdom of Great Britain and Northern Ireland,HUMAN_OBSERVATION
54.942821,-3.775707,2016,7,United Kingdom of Great Britain and Northern Ireland,HUMAN_OBSERVATION
54.942821,-3.775707,2016,7,United Kingdom of Great Britain and Northern Ireland,HUMAN_OBSERVATION
54.946417,-4.857653,2019,9,United Kingdom of Great Britain and Northern Ireland,HUMAN_OBSERVATION
54.947467,-4.69569,2022,4,United Kingdom of Great Britain and Northern Ireland,HUMAN_OBSERVATION
54.950056,-4.700549,2021,5,United Kingdom of Great Britain and Northern Ireland,HUMAN_OBSERVATION
54.950741,-8.360326,2018,8,Ireland,HUMAN_OBSERVATION
54.956088,-7.445897,2016,8,Ireland,HUMAN_OBSERVATION
54.958578,-3.612408,2021,4,United Kingdom of Great Britain and Northern Ireland,HUMAN_OBSERVATION
54.958578,-3.612408,2018,6,United Kingdom of Great Britain and Northern Ireland,HUMAN_OBSERVATION
54.958578,-3.612408,2018,6,United Kingdom of Great Britain and Northern Ireland,HUMAN_OBSERVATION
54.958619,-3.609286,2018,6,United Kingdom of Great Britain and Northern Ireland,HUMAN_OBSERVATION
54.958619,-3.609286,2018,6,United Kingdom of Great Britain and Northern Ireland,HUMAN_OBSERVATION
54.960478,-3.604675,2018,6,United Kingdom of Great Britain and Northern Ireland,HUMAN_OBSERVATION
54.960478,-3.604675,2018,6,United Kingdom of Great Britain and Northern Ireland,HUMAN_OBSERVATION
54.962062,-2.4724,2016,4,United Kingdom of Great Britain and Northern Ireland,HUMAN_OBSERVATION
54.962062,-2.4724,2016,9,United Kingdom of Great Britain and Northern Ireland,HUMAN_OBSERVATION
54.96567,-2.039798,2016,9,United Kingdom of Great Britain and Northern Ireland,HUMAN_OBSERVATION
54.966323,-7.872101,2016,9,Ireland,HUMAN_OBSERVATION
54.966787,-2.408416,2016,3,United Kingdom of Great Britain and Northern Ireland,HUMAN_OBSERVATION
54.966787,-2.408416,2016,9,United Kingdom of Great Britain and Northern Ireland,HUMAN_OBSERVATION
54.967519,-3.615891,2023,7,United Kingdom of Great Britain and Northern Ireland,HUMAN_OBSERVATION
54.969646,-3.520679,2016,5,United Kingdom of Great Britain and Northern Ireland,HUMAN_OBSERVATION
54.969646,-3.520679,2016,5,United Kingdom of Great Britain and Northern Ireland,HUMAN_OBSERVATION
54.970777,-3.501975,2016,10,United Kingdom of Great Britain and Northern Ireland,HUMAN_OBSERVATION
54.970777,-3.501975,2016,10,United Kingdom of Great Britain and Northern Ireland,HUMAN_OBSERVATION
54.971115,-5.09891,2020,9,United Kingdom of Great Britain and Northern Ireland,HUMAN_OBSERVATION
54.971258,-4.508203,2020,8,United Kingdom of Great Britain and Northern Ireland,HUMAN_OBSERVATION
54.971266,-3.534801,2018,7,United Kingdom of Great Britain and Northern Ireland,HUMAN_OBSERVATION
54.971266,-3.534801,2018,7,United Kingdom of Great Britain and Northern Ireland,HUMAN_OBSERVATION
54.971266,-3.534801,2017,3,United Kingdom of Great Britain and Northern Ireland,HUMAN_OBSERVATION
54.971266,-3.534801,2017,3,United Kingdom of Great Britain and Northern Ireland,HUMAN_OBSERVATION
54.971514,-2.739638,2016,9,United Kingdom of Great Britain and Northern Ireland,HUMAN_OBSERVATION
54.971637,-3.505132,2016,5,United Kingdom of Great Britain and Northern Ireland,HUMAN_OBSERVATION
54.971637,-3.505132,2016,5,United Kingdom of Great Britain and Northern Ireland,HUMAN_OBSERVATION
54.971637,-3.505132,2016,10,United Kingdom of Great Britain and Northern Ireland,HUMAN_OBSERVATION
54.971637,-3.505132,2016,10,United Kingdom of Great Britain and Northern Ireland,HUMAN_OBSERVATION
54.971733,-3.497324,2016,11,United Kingdom of Great Britain and Northern Ireland,HUMAN_OBSERVATION
54.971733,-3.497324,2016,11,United Kingdom of Great Britain and Northern Ireland,HUMAN_OBSERVATION
54.971753,-3.495762,2016,5,United Kingdom of Great Britain and Northern Ireland,HUMAN_OBSERVATION
54.971753,-3.495762,2016,5,United Kingdom of Great Britain and Northern Ireland,HUMAN_OBSERVATION
54.971753,-3.495762,2016,11,United Kingdom of Great Britain and Northern Ireland,HUMAN_OBSERVATION
54.971753,-3.495762,2016,11,United Kingdom of Great Britain and Northern Ireland,HUMAN_OBSERVATION
54.975365,-1.483639,2016,3,United Kingdom of Great Britain and Northern Ireland,HUMAN_OBSERVATION
54.975365,-1.483639,2016,9,United Kingdom of Great Britain and Northern Ireland,HUMAN_OBSERVATION
54.975688,-3.467784,2017,8,United Kingdom of Great Britain and Northern Ireland,HUMAN_OBSERVATION
54.975688,-3.467784,2017,8,United Kingdom of Great Britain and Northern Ireland,HUMAN_OBSERVATION
54.977207,-4.436684,2016,9,United Kingdom of Great Britain and Northern Ireland,HUMAN_OBSERVATION
54.977207,-4.436684,2016,9,United Kingdom of Great Britain and Northern Ireland,HUMAN_OBSERVATION
54.977354,-2.03356,2016,4,United Kingdom of Great Britain and Northern Ireland,HUMAN_OBSERVATION
54.977354,-2.03356,2016,9,United Kingdom of Great Britain and Northern Ireland,HUMAN_OBSERVATION
54.977919,-7.439709,2016,8,Ireland,HUMAN_OBSERVATION
54.979827,-5.179307,2020,9,United Kingdom of Great Britain and Northern Ireland,HUMAN_OBSERVATION
54.981003,-3.474229,2016,6,United Kingdom of Great Britain and Northern Ireland,HUMAN_OBSERVATION
54.981003,-3.474229,2016,6,United Kingdom of Great Britain and Northern Ireland,HUMAN_OBSERVATION
54.982635,-1.831996,2016,4,United Kingdom of Great Britain and Northern Ireland,HUMAN_OBSERVATION
54.982635,-1.831996,2016,9,United Kingdom of Great Britain and Northern Ireland,HUMAN_OBSERVATION
54.982769,-8.246044,2018,9,Ireland,HUMAN_OBSERVATION
54.984999,-7.849021,2016,9,Ireland,HUMAN_OBSERVATION
54.985396,-2.110137,2016,4,United Kingdom of Great Britain and Northern Ireland,HUMAN_OBSERVATION
54.98623,-5.175123,2020,9,United Kingdom of Great Britain and Northern Ireland,HUMAN_OBSERVATION
54.986525,-3.463491,2017,8,United Kingdom of Great Britain and Northern Ireland,HUMAN_OBSERVATION
54.986525,-3.463491,2017,8,United Kingdom of Great Britain and Northern Ireland,HUMAN_OBSERVATION
54.986855,-3.580721,2021,3,United Kingdom of Great Britain and Northern Ireland,HUMAN_OBSERVATION
54.987404,-3.465086,2017,8,United Kingdom of Great Britain and Northern Ireland,HUMAN_OBSERVATION
54.987404,-3.465086,2017,8,United Kingdom of Great Britain and Northern Ireland,HUMAN_OBSERVATION
54.987887,-3.424468,2021,3,United Kingdom of Great Britain and Northern Ireland,HUMAN_OBSERVATION
54.98806,-2.141399,2016,4,United Kingdom of Great Britain and Northern Ireland,HUMAN_OBSERVATION
54.991105,-7.851293,2016,9,Ireland,HUMAN_OBSERVATION
54.991472,-1.746,2016,3,United Kingdom of Great Britain and Northern Ireland,HUMAN_OBSERVATION
54.991472,-1.746,2016,9,United Kingdom of Great Britain and Northern Ireland,HUMAN_OBSERVATION
54.994994,-7.823029,2016,9,Ireland,HUMAN_OBSERVATION
54.995928,-7.755169,2016,9,Ireland,HUMAN_OBSERVATION
54.996634,-3.588922,2022,8,United Kingdom of Great Britain and Northern Ireland,HUMAN_OBSERVATION
54.996634,-3.588922,2016,2,United Kingdom of Great Britain and Northern Ireland,HUMAN_OBSERVATION
54.996634,-3.588922,2016,2,United Kingdom of Great Britain and Northern Ireland,HUMAN_OBSERVATION
54.996634,-3.588922,2016,4,United Kingdom of Great Britain and Northern Ireland,HUMAN_OBSERVATION
54.996634,-3.588922,2016,4,United Kingdom of Great Britain and Northern Ireland,HUMAN_OBSERVATION
54.997512,-3.59052,2021,3,United Kingdom of Great Britain and Northern Ireland,HUMAN_OBSERVATION
54.999302,-7.533195,2016,9,Ireland,HUMAN_OBSERVATION
54.999314,-3.198189,2021,4,United Kingdom of Great Britain and Northern Ireland,HUMAN_OBSERVATION
55.000761,-3.714913,2019,10,United Kingdom of Great Britain and Northern Ireland,HUMAN_OBSERVATION
55.003854,-3.442232,2023,5,United Kingdom of Great Britain and Northern Ireland,HUMAN_OBSERVATION
55.006059,-7.805476,2016,9,Ireland,HUMAN_OBSERVATION
55.006549,-4.117864,2023,6,United Kingdom of Great Britain and Northern Ireland,HUMAN_OBSERVATION
55.011197,-1.725547,2016,5,United Kingdom of Great Britain and Northern Ireland,HUMAN_OBSERVATION
55.011197,-1.725547,2016,9,United Kingdom of Great Britain and Northern Ireland,HUMAN_OBSERVATION
55.011339,-3.337725,2023,7,United Kingdom of Great Britain and Northern Ireland,HUMAN_OBSERVATION
55.013722,-3.588033,2021,3,United Kingdom of Great Britain and Northern Ireland,HUMAN_OBSERVATION
55.014145,-3.624022,2016,3,United Kingdom of Great Britain and Northern Ireland,HUMAN_OBSERVATION
55.014145,-3.624022,2016,3,United Kingdom of Great Britain and Northern Ireland,HUMAN_OBSERVATION
55.01526,-3.128288,2023,6,United Kingdom of Great Britain and Northern Ireland,HUMAN_OBSERVATION
55.015498,-3.589668,2021,3,United Kingdom of Great Britain and Northern Ireland,HUMAN_OBSERVATION
55.015758,-8.328243,2017,,Ireland,HUMAN_OBSERVATION
55.017477,-1.720813,2016,5,United Kingdom of Great Britain and Northern Ireland,HUMAN_OBSERVATION
55.017477,-1.720813,2016,9,United Kingdom of Great Britain and Northern Ireland,HUMAN_OBSERVATION
55.018108,-3.663286,2016,6,United Kingdom of Great Britain and Northern Ireland,HUMAN_OBSERVATION
55.018108,-3.663286,2016,6,United Kingdom of Great Britain and Northern Ireland,HUMAN_OBSERVATION
55.018123,-8.112167,2018,9,Ireland,HUMAN_OBSERVATION
55.018151,-3.660159,2016,6,United Kingdom of Great Britain and Northern Ireland,HUMAN_OBSERVATION
55.018151,-3.660159,2016,6,United Kingdom of Great Britain and Northern Ireland,HUMAN_OBSERVATION
55.019969,-3.591409,2022,6,United Kingdom of Great Britain and Northern Ireland,HUMAN_OBSERVATION
55.021683,-3.597734,2021,3,United Kingdom of Great Britain and Northern Ireland,HUMAN_OBSERVATION
55.021756,-7.703097,2016,9,Ireland,HUMAN_OBSERVATION
55.022726,-1.664468,2016,5,United Kingdom of Great Britain and Northern Ireland,HUMAN_OBSERVATION
55.022726,-1.664468,2016,9,United Kingdom of Great Britain and Northern Ireland,HUMAN_OBSERVATION
55.023585,-1.650384,2016,5,United Kingdom of Great Britain and Northern Ireland,HUMAN_OBSERVATION
55.023585,-1.650384,2016,9,United Kingdom of Great Britain and Northern Ireland,HUMAN_OBSERVATION
55.024566,-8.38773,2017,,Ireland,HUMAN_OBSERVATION
55.024606,-1.695736,2016,5,United Kingdom of Great Britain and Northern Ireland,HUMAN_OBSERVATION
55.024606,-1.695736,2016,9,United Kingdom of Great Britain and Northern Ireland,HUMAN_OBSERVATION
55.026087,-3.385148,2016,9,United Kingdom of Great Britain and Northern Ireland,HUMAN_OBSERVATION
55.026087,-3.385148,2016,9,United Kingdom of Great Britain and Northern Ireland,HUMAN_OBSERVATION
55.029413,-3.815522,2022,6,United Kingdom of Great Britain and Northern Ireland,HUMAN_OBSERVATION
55.034919,-7.654712,2018,8,Ireland,HUMAN_OBSERVATION
55.034919,-7.654712,2016,9,Ireland,HUMAN_OBSERVATION
55.036659,-1.955377,2016,5,United Kingdom of Great Britain and Northern Ireland,HUMAN_OBSERVATION
55.036659,-1.955377,2016,9,United Kingdom of Great Britain and Northern Ireland,HUMAN_OBSERVATION
55.036895,-7.767139,2016,9,Ireland,HUMAN_OBSERVATION
55.037546,-1.930341,2016,5,United Kingdom of Great Britain and Northern Ireland,HUMAN_OBSERVATION
55.037546,-1.930341,2016,9,United Kingdom of Great Britain and Northern Ireland,HUMAN_OBSERVATION
55.038353,-1.834892,2016,9,United Kingdom of Great Britain and Northern Ireland,HUMAN_OBSERVATION
55.038381,-1.856798,2016,5,United Kingdom of Great Britain and Northern Ireland,HUMAN_OBSERVATION
55.038381,-1.856798,2016,9,United Kingdom of Great Britain and Northern Ireland,HUMAN_OBSERVATION
55.040224,-1.903735,2016,5,United Kingdom of Great Britain and Northern Ireland,HUMAN_OBSERVATION
55.04219,-3.310583,2023,6,United Kingdom of Great Britain and Northern Ireland,HUMAN_OBSERVATION
55.04395,-7.702526,2016,9,Ireland,HUMAN_OBSERVATION
55.044409,-7.742414,2016,9,Ireland,HUMAN_OBSERVATION
55.04922,-1.9178,2016,5,United Kingdom of Great Britain and Northern Ireland,HUMAN_OBSERVATION
55.04922,-1.9178,2016,9,United Kingdom of Great Britain and Northern Ireland,HUMAN_OBSERVATION
55.052103,-3.389177,2021,4,United Kingdom of Great Britain and Northern Ireland,HUMAN_OBSERVATION
55.053675,-2.125978,2016,4,United Kingdom of Great Britain and Northern Ireland,HUMAN_OBSERVATION
55.05369,-7.358533,2016,9,Ireland,HUMAN_OBSERVATION
55.053773,-7.809468,2016,9,Ireland,HUMAN_OBSERVATION
55.059091,-7.4057,2016,9,Ireland,HUMAN_OBSERVATION
55.065317,-2.160461,2016,3,United Kingdom of Great Britain and Northern Ireland,HUMAN_OBSERVATION
55.065317,-2.160461,2016,9,United Kingdom of Great Britain and Northern Ireland,HUMAN_OBSERVATION
55.067037,-7.347199,2016,9,Ireland,HUMAN_OBSERVATION
55.068433,-3.375648,2017,4,United Kingdom of Great Britain and Northern Ireland,HUMAN_OBSERVATION
55.068433,-3.375648,2017,4,United Kingdom of Great Britain and Northern Ireland,HUMAN_OBSERVATION
55.075466,-7.605127,2016,9,Ireland,HUMAN_OBSERVATION
55.077599,-7.749829,2018,7,Ireland,HUMAN_OBSERVATION
55.078272,-8.289754,2018,9,Ireland,HUMAN_OBSERVATION
55.08166,-3.615791,2022,9,United Kingdom of Great Britain and Northern Ireland,HUMAN_OBSERVATION
55.084334,-3.617465,2022,9,United Kingdom of Great Britain and Northern Ireland,HUMAN_OBSERVATION
55.084417,-3.611202,2016,5,United Kingdom of Great Britain and Northern Ireland,HUMAN_OBSERVATION
55.084417,-3.611202,2016,5,United Kingdom of Great Britain and Northern Ireland,HUMAN_OBSERVATION
55.086378,-3.598746,2017,8,United Kingdom of Great Britain and Northern Ireland,HUMAN_OBSERVATION
55.086378,-3.598746,2017,8,United Kingdom of Great Britain and Northern Ireland,HUMAN_OBSERVATION
55.087256,-3.600348,2022,5,United Kingdom of Great Britain and Northern Ireland,HUMAN_OBSERVATION
55.087319,-2.759008,2016,4,United Kingdom of Great Britain and Northern Ireland,HUMAN_OBSERVATION
55.089598,-3.627079,2023,4,United Kingdom of Great Britain and Northern Ireland,HUMAN_OBSERVATION
55.090497,-3.410878,2016,11,United Kingdom of Great Britain and Northern Ireland,HUMAN_OBSERVATION
55.090497,-3.410878,2016,11,United Kingdom of Great Britain and Northern Ireland,HUMAN_OBSERVATION
55.091331,-3.631851,2018,7,United Kingdom of Great Britain and Northern Ireland,HUMAN_OBSERVATION
55.091331,-3.631851,2017,8,United Kingdom of Great Britain and Northern Ireland,HUMAN_OBSERVATION
55.091352,-3.630285,2017,8,United Kingdom of Great Britain and Northern Ireland,HUMAN_OBSERVATION
55.091378,-3.412476,2016,11,United Kingdom of Great Britain and Northern Ireland,HUMAN_OBSERVATION
55.091378,-3.412476,2016,11,United Kingdom of Great Britain and Northern Ireland,HUMAN_OBSERVATION
55.092203,-3.418773,2016,11,United Kingdom of Great Britain and Northern Ireland,HUMAN_OBSERVATION
55.092203,-3.418773,2016,11,United Kingdom of Great Britain and Northern Ireland,HUMAN_OBSERVATION
55.092896,-8.283422,2018,9,Ireland,HUMAN_OBSERVATION
55.092918,-1.703053,2016,8,United Kingdom of Great Britain and Northern Ireland,HUMAN_OBSERVATION
55.093811,-8.272456,2018,9,Ireland,HUMAN_OBSERVATION
55.09718,-7.711826,2018,7,Ireland,HUMAN_OBSERVATION
55.101945,-1.720225,2016,4,United Kingdom of Great Britain and Northern Ireland,HUMAN_OBSERVATION
55.101945,-1.720225,2016,10,United Kingdom of Great Britain and Northern Ireland,HUMAN_OBSERVATION
55.105766,-3.627736,2017,8,United Kingdom of Great Britain and Northern Ireland,HUMAN_OBSERVATION
55.105766,-3.627736,2017,8,United Kingdom of Great Britain and Northern Ireland,HUMAN_OBSERVATION
55.10999,-3.372044,2019,7,United Kingdom of Great Britain and Northern Ireland,HUMAN_OBSERVATION
55.110027,-2.28134,2016,9,United Kingdom of Great Britain and Northern Ireland,HUMAN_OBSERVATION
55.114148,-7.785344,2018,7,Ireland,HUMAN_OBSERVATION
55.11725,-8.139026,2018,9,Ireland,HUMAN_OBSERVATION
55.118707,-3.438607,2022,10,United Kingdom of Great Britain and Northern Ireland,HUMAN_OBSERVATION
55.119728,-7.893508,2018,8,Ireland,HUMAN_OBSERVATION
55.120054,-3.63459,2017,8,United Kingdom of Great Britain and Northern Ireland,HUMAN_OBSERVATION
55.120054,-3.63459,2017,8,United Kingdom of Great Britain and Northern Ireland,HUMAN_OBSERVATION
55.125476,-8.062278,2018,8,Ireland,HUMAN_OBSERVATION
55.126207,-7.815254,2018,7,Ireland,HUMAN_OBSERVATION
55.127347,-3.410609,2023,6,United Kingdom of Great Britain and Northern Ireland,HUMAN_OBSERVATION
55.130075,-7.450404,2016,9,Ireland,HUMAN_OBSERVATION
55.13223,-7.915317,2018,8,Ireland,HUMAN_OBSERVATION
55.133145,-3.663361,2019,5,United Kingdom of Great Britain and Northern Ireland,HUMAN_OBSERVATION
55.135322,-2.21564,2016,4,United Kingdom of Great Britain and Northern Ireland,HUMAN_OBSERVATION
55.135322,-2.21564,2016,9,United Kingdom of Great Britain and Northern Ireland,HUMAN_OBSERVATION
55.135385,-8.116336,2018,8,Ireland,HUMAN_OBSERVATION
55.139069,-8.218821,2018,9,Ireland,HUMAN_OBSERVATION
55.139384,-3.379657,2022,5,United Kingdom of Great Britain and Northern Ireland,HUMAN_OBSERVATION
55.140421,-8.074838,2018,9,Ireland,HUMAN_OBSERVATION
55.140635,-2.256455,2016,4,United Kingdom of Great Britain and Northern Ireland,HUMAN_OBSERVATION
55.140635,-2.256455,2016,9,United Kingdom of Great Britain and Northern Ireland,HUMAN_OBSERVATION
55.141687,-7.454183,2016,9,Ireland,HUMAN_OBSERVATION
55.141853,-7.695672,2018,7,Ireland,HUMAN_OBSERVATION
55.148977,-7.931859,2018,8,Ireland,HUMAN_OBSERVATION
55.153111,-7.392853,2016,9,Ireland,HUMAN_OBSERVATION
55.153342,-7.14759,2024,6,Ireland,HUMAN_OBSERVATION
55.154567,-7.349675,2016,9,Ireland,HUMAN_OBSERVATION
55.157239,-7.437238,2016,9,Ireland,HUMAN_OBSERVATION
55.159553,-1.766906,2016,5,United Kingdom of Great Britain and Northern Ireland,HUMAN_OBSERVATION
55.159553,-1.766906,2016,8,United Kingdom of Great Britain and Northern Ireland,HUMAN_OBSERVATION
55.159553,-1.766906,2016,9,United Kingdom of Great Britain and Northern Ireland,HUMAN_OBSERVATION
55.159574,-1.777892,2016,5,United Kingdom of Great Britain and Northern Ireland,HUMAN_OBSERVATION
55.159574,-1.777892,2016,8,United Kingdom of Great Britain and Northern Ireland,HUMAN_OBSERVATION
55.159574,-1.777892,2016,9,United Kingdom of Great Britain and Northern Ireland,HUMAN_OBSERVATION
55.161097,-3.444764,2022,5,United Kingdom of Great Britain and Northern Ireland,HUMAN_OBSERVATION
55.16132,-1.751201,2016,5,United Kingdom of Great Britain and Northern Ireland,HUMAN_OBSERVATION
55.16132,-1.751201,2016,8,United Kingdom of Great Britain and Northern Ireland,HUMAN_OBSERVATION
55.16132,-1.751201,2016,9,United Kingdom of Great Britain and Northern Ireland,HUMAN_OBSERVATION
55.16224,-1.762182,2016,5,United Kingdom of Great Britain and Northern Ireland,HUMAN_OBSERVATION
55.16224,-1.762182,2016,8,United Kingdom of Great Britain and Northern Ireland,HUMAN_OBSERVATION
55.16224,-1.762182,2016,9,United Kingdom of Great Britain and Northern Ireland,HUMAN_OBSERVATION
55.165384,-7.410175,2016,9,Ireland,HUMAN_OBSERVATION
55.169363,-1.730742,2016,4,United Kingdom of Great Britain and Northern Ireland,HUMAN_OBSERVATION
55.169363,-1.730742,2016,9,United Kingdom of Great Britain and Northern Ireland,HUMAN_OBSERVATION
55.174867,-3.420139,2023,5,United Kingdom of Great Britain and Northern Ireland,HUMAN_OBSERVATION
55.175139,-3.396595,2021,5,United Kingdom of Great Britain and Northern Ireland,HUMAN_OBSERVATION
55.177798,-3.399828,2021,5,United Kingdom of Great Britain and Northern Ireland,HUMAN_OBSERVATION
55.179693,-7.899321,2024,6,Ireland,HUMAN_OBSERVATION
55.179693,-7.899321,2024,6,Ireland,HUMAN_OBSERVATION
55.181453,-3.313581,2020,8,United Kingdom of Great Britain and Northern Ireland,HUMAN_OBSERVATION
55.183284,-3.3105,2020,8,United Kingdom of Great Britain and Northern Ireland,HUMAN_OBSERVATION
55.184182,-3.310529,2020,8,United Kingdom of Great Britain and Northern Ireland,HUMAN_OBSERVATION
55.185158,-7.494765,2016,9,Ireland,HUMAN_OBSERVATION
55.187726,-7.516784,2016,9,Ireland,HUMAN_OBSERVATION
55.192029,-3.332779,2022,5,United Kingdom of Great Britain and Northern Ireland,HUMAN_OBSERVATION
55.194674,-6.961062,2024,6,United Kingdom of Great Britain and Northern Ireland,HUMAN_OBSERVATION
55.202626,-7.256491,2016,9,Ireland,HUMAN_OBSERVATION
55.220134,-6.130122,2017,4,United Kingdom of Great Britain and Northern Ireland,HUMAN_OBSERVATION
55.227832,-7.40504,2018,8,Ireland,HUMAN_OBSERVATION
55.227832,-7.40504,2016,9,Ireland,HUMAN_OBSERVATION
55.238235,-1.546681,2016,10,United Kingdom of Great Britain and Northern Ireland,HUMAN_OBSERVATION
55.240024,-7.269852,2016,9,Ireland,HUMAN_OBSERVATION
55.242146,-3.351757,2021,1,United Kingdom of Great Britain and Northern Ireland,HUMAN_OBSERVATION
55.245329,-7.385948,2018,8,Ireland,HUMAN_OBSERVATION
55.245329,-7.385948,2016,9,Ireland,HUMAN_OBSERVATION
55.250631,-7.391198,2018,8,Ireland,HUMAN_OBSERVATION
55.250631,-7.391198,2016,9,Ireland,HUMAN_OBSERVATION
55.256317,-8.197333,2016,6,Ireland,HUMAN_OBSERVATION
55.257801,-7.257742,2018,8,Ireland,HUMAN_OBSERVATION
55.257801,-7.257742,2016,9,Ireland,HUMAN_OBSERVATION
55.258657,-7.0144,2016,9,Ireland,HUMAN_OBSERVATION
55.259879,-7.183775,2016,9,Ireland,HUMAN_OBSERVATION
55.259954,-7.420115,2018,8,Ireland,HUMAN_OBSERVATION
55.259954,-7.420115,2016,9,Ireland,HUMAN_OBSERVATION
55.262909,-6.1875,2017,6,United Kingdom of Great Britain and Northern Ireland,HUMAN_OBSERVATION
55.262911,-6.187658,2017,6,United Kingdom of Great Britain and Northern Ireland,HUMAN_OBSERVATION
55.263204,-7.417601,2018,8,Ireland,HUMAN_OBSERVATION
55.263204,-7.417601,2016,9,Ireland,HUMAN_OBSERVATION
55.270801,-7.070211,2018,8,Ireland,HUMAN_OBSERVATION
55.270801,-7.070211,2016,9,Ireland,HUMAN_OBSERVATION
55.271374,-7.254594,2018,8,Ireland,HUMAN_OBSERVATION
55.271374,-7.254594,2016,9,Ireland,HUMAN_OBSERVATION
55.272745,-7.245253,2016,9,Ireland,HUMAN_OBSERVATION
55.274836,-3.749567,2022,8,United Kingdom of Great Britain and Northern Ireland,HUMAN_OBSERVATION
55.274836,-3.749567,2019,8,United Kingdom of Great Britain and Northern Ireland,HUMAN_OBSERVATION
55.275597,-3.820444,2019,9,United Kingdom of Great Britain and Northern Ireland,HUMAN_OBSERVATION
55.275846,-6.18754,2017,6,United Kingdom of Great Britain and Northern Ireland,HUMAN_OBSERVATION
55.27927,-7.317602,2018,8,Ireland,HUMAN_OBSERVATION
55.27927,-7.317602,2016,9,Ireland,HUMAN_OBSERVATION
55.280298,-6.184819,2016,11,United Kingdom of Great Britain and Northern Ireland,HUMAN_OBSERVATION
55.281693,-7.171799,2016,9,Ireland,HUMAN_OBSERVATION
55.282245,-1.60561,2016,5,United Kingdom of Great Britain and Northern Ireland,HUMAN_OBSERVATION
55.282245,-1.60561,2016,10,United Kingdom of Great Britain and Northern Ireland,HUMAN_OBSERVATION
55.283113,-1.596155,2016,5,United Kingdom of Great Britain and Northern Ireland,HUMAN_OBSERVATION
55.283113,-1.596155,2016,10,United Kingdom of Great Britain and Northern Ireland,HUMAN_OBSERVATION
55.290262,-3.739222,2023,6,United Kingdom of Great Britain and Northern Ireland,HUMAN_OBSERVATION
55.291495,-1.698424,2016,4,United Kingdom of Great Britain and Northern Ireland,HUMAN_OBSERVATION
55.291495,-1.698424,2016,9,United Kingdom of Great Britain and Northern Ireland,HUMAN_OBSERVATION
55.291905,-7.242715,2016,9,Ireland,HUMAN_OBSERVATION
55.29528,-7.153445,2024,6,Ireland,HUMAN_OBSERVATION
55.296227,-7.261402,2016,9,Ireland,HUMAN_OBSERVATION
55.29646,-6.264537,2017,6,United Kingdom of Great Britain and Northern Ireland,HUMAN_OBSERVATION
55.296681,-6.248625,2017,6,United Kingdom of Great Britain and Northern Ireland,HUMAN_OBSERVATION
55.296857,-6.248303,2017,6,United Kingdom of Great Britain and Northern Ireland,HUMAN_OBSERVATION
55.300742,-6.268759,2017,6,United Kingdom of Great Britain and Northern Ireland,HUMAN_OBSERVATION
55.319085,-7.174999,2016,9,Ireland,HUMAN_OBSERVATION
55.333928,-7.286142,2016,9,Ireland,HUMAN_OBSERVATION
55.337692,-2.021254,2016,3,United Kingdom of Great Britain and Northern Ireland,HUMAN_OBSERVATION
55.33803,-1.628704,2016,5,United Kingdom of Great Britain and Northern Ireland,HUMAN_OBSERVATION
55.33803,-1.628704,2016,8,United Kingdom of Great Britain and Northern Ireland,HUMAN_OBSERVATION
55.33803,-1.628704,2016,9,United Kingdom of Great Britain and Northern Ireland,HUMAN_OBSERVATION
55.355107,-1.630122,2016,5,United Kingdom of Great Britain and Northern Ireland,HUMAN_OBSERVATION
55.355107,-1.630122,2016,10,United Kingdom of Great Britain and Northern Ireland,HUMAN_OBSERVATION
55.355959,-7.345898,2016,9,Ireland,HUMAN_OBSERVATION
55.37082,12.80954,2025,1,Sweden,HUMAN_OBSERVATION
55.383607,-3.983266,2023,8,United Kingdom of Great Britain and Northern Ireland,HUMAN_OBSERVATION
55.388349,-4.022975,2023,8,United Kingdom of Great Britain and Northern Ireland,HUMAN_OBSERVATION
55.446207,-1.771544,2016,4,United Kingdom of Great Britain and Northern Ireland,HUMAN_OBSERVATION
55.446207,-1.771544,2016,10,United Kingdom of Great Britain and Northern Ireland,HUMAN_OBSERVATION
55.449379,-1.605527,2016,3,United Kingdom of Great Britain and Northern Ireland,HUMAN_OBSERVATION
55.449379,-1.605527,2016,10,United Kingdom of Great Britain and Northern Ireland,HUMAN_OBSERVATION
55.47874,12.95631,2025,4,Sweden,HUMAN_OBSERVATION
55.479994,-3.207988,2021,6,United Kingdom of Great Britain and Northern Ireland,HUMAN_OBSERVATION
55.486335,-1.643136,2016,3,United Kingdom of Great Britain and Northern Ireland,HUMAN_OBSERVATION
55.486335,-1.643136,2016,10,United Kingdom of Great Britain and Northern Ireland,HUMAN_OBSERVATION
55.495359,-3.198961,2021,6,United Kingdom of Great Britain and Northern Ireland,HUMAN_OBSERVATION
55.512006,-1.958011,2016,9,United Kingdom of Great Britain and Northern Ireland,HUMAN_OBSERVATION
55.521546,-1.609892,2003,8,United Kingdom of Great Britain and Northern Ireland,MATERIAL_SAMPLE
55.521546,-1.609892,2003,8,United Kingdom of Great Britain and Northern Ireland,MATERIAL_SAMPLE
55.524105,-1.653882,2016,3,United Kingdom of Great Britain and Northern Ireland,HUMAN_OBSERVATION
55.524105,-1.653882,2016,10,United Kingdom of Great Britain and Northern Ireland,HUMAN_OBSERVATION
55.554542,-2.766406,2018,7,United Kingdom of Great Britain and Northern Ireland,HUMAN_OBSERVATION
55.564128,-2.002351,2016,5,United Kingdom of Great Britain and Northern Ireland,HUMAN_OBSERVATION
55.564128,-2.002351,2016,9,United Kingdom of Great Britain and Northern Ireland,HUMAN_OBSERVATION
55.572299,-2.647808,2022,9,United Kingdom of Great Britain and Northern Ireland,HUMAN_OBSERVATION
55.572611,-1.648698,2016,10,United Kingdom of Great Britain and Northern Ireland,HUMAN_OBSERVATION
55.598119,-6.331365,2016,7,United Kingdom of Great Britain and Northern Ireland,HUMAN_OBSERVATION
55.602963,-6.271607,2021,10,United Kingdom of Great Britain and Northern Ireland,HUMAN_OBSERVATION
55.602963,-6.271607,2021,10,United Kingdom of Great Britain and Northern Ireland,HUMAN_OBSERVATION
55.605415,-2.672162,2019,8,United Kingdom of Great Britain and Northern Ireland,HUMAN_OBSERVATION
55.613071,-4.156441,2022,6,United Kingdom of Great Britain and Northern Ireland,HUMAN_OBSERVATION
55.626988,-2.096052,2016,4,United Kingdom of Great Britain and Northern Ireland,HUMAN_OBSERVATION
55.626988,-2.096052,2016,9,United Kingdom of Great Britain and Northern Ireland,HUMAN_OBSERVATION
55.635037,-2.135782,2016,4,United Kingdom of Great Britain and Northern Ireland,HUMAN_OBSERVATION
55.635037,-2.135782,2016,9,United Kingdom of Great Britain and Northern Ireland,HUMAN_OBSERVATION
55.64799,14.26231,2019,9,Sweden,HUMAN_OBSERVATION
55.649397,-1.849814,2016,3,United Kingdom of Great Britain and Northern Ireland,HUMAN_OBSERVATION
55.649397,-1.849814,2016,9,United Kingdom of Great Britain and Northern Ireland,HUMAN_OBSERVATION
55.650755,-3.205295,2022,8,United Kingdom of Great Britain and Northern Ireland,HUMAN_OBSERVATION
55.657276,-3.777718,2020,10,United Kingdom of Great Britain and Northern Ireland,HUMAN_OBSERVATION
55.667742,-1.79968,2003,8,United Kingdom of Great Britain and Northern Ireland,MATERIAL_SAMPLE
55.667742,-1.79968,2003,8,United Kingdom of Great Britain and Northern Ireland,MATERIAL_SAMPLE
55.679004,-2.18205,2016,5,United Kingdom of Great Britain and Northern Ireland,HUMAN_OBSERVATION
55.679004,-2.18205,2016,9,United Kingdom of Great Britain and Northern Ireland,HUMAN_OBSERVATION
55.68374,13.0642,2024,11,Sweden,HUMAN_OBSERVATION
55.68393,13.06503,2024,10,Sweden,HUMAN_OBSERVATION
55.68402,13.05731,2025,3,Sweden,HUMAN_OBSERVATION
55.688688,-1.800865,2020,8,United Kingdom of Great Britain and Northern Ireland,HUMAN_OBSERVATION
55.69802,13.55568,2024,11,Sweden,HUMAN_OBSERVATION
55.706,-2.151942,2016,3,United Kingdom of Great Britain and Northern Ireland,HUMAN_OBSERVATION
55.706,-2.151942,2016,9,United Kingdom of Great Britain and Northern Ireland,HUMAN_OBSERVATION
55.707666,13.032573,2024,5,Sweden,HUMAN_OBSERVATION
55.71118,13.025269,2024,5,Sweden,HUMAN_OBSERVATION
55.721068,-4.42172,2017,7,United Kingdom of Great Britain and Northern Ireland,HUMAN_OBSERVATION
55.722521,13.004762,2024,5,Sweden,HUMAN_OBSERVATION
55.722577,13.004725,2024,5,Sweden,HUMAN_OBSERVATION
55.73897,13.16218,2023,5,Sweden,HUMAN_OBSERVATION
55.749367,-4.90934,2017,8,United Kingdom of Great Britain and Northern Ireland,HUMAN_OBSERVATION
55.765396,-2.007146,2016,5,United Kingdom of Great Britain and Northern Ireland,HUMAN_OBSERVATION
55.765396,-2.007146,2016,5,United Kingdom of Great Britain and Northern Ireland,HUMAN_OBSERVATION
55.768433,-4.02067,2017,7,United Kingdom of Great Britain and Northern Ireland,HUMAN_OBSERVATION
55.769207,-4.496294,2016,8,United Kingdom of Great Britain and Northern Ireland,HUMAN_OBSERVATION
55.780299,-2.302097,2017,6,United Kingdom of Great Britain and Northern Ireland,HUMAN_OBSERVATION
55.791637,-4.901101,2016,3,United Kingdom of Great Britain and Northern Ireland,HUMAN_OBSERVATION
55.791671,-4.899998,2016,3,United Kingdom of Great Britain and Northern Ireland,MATERIAL_SAMPLE
55.791671,-4.899998,2016,3,United Kingdom of Great Britain and Northern Ireland,MATERIAL_SAMPLE
55.795129,-3.98233,2017,7,United Kingdom of Great Britain and Northern Ireland,HUMAN_OBSERVATION
55.801295,-4.352294,2019,3,United Kingdom of Great Britain and Northern Ireland,HUMAN_OBSERVATION
55.802821,-6.32715,2016,10,United Kingdom of Great Britain and Northern Ireland,HUMAN_OBSERVATION
55.805334,-5.482005,2016,10,United Kingdom of Great Britain and Northern Ireland,HUMAN_OBSERVATION
55.81458,-4.109075,2016,8,United Kingdom of Great Britain and Northern Ireland,HUMAN_OBSERVATION
55.818202,-6.34343,2016,10,United Kingdom of Great Britain and Northern Ireland,HUMAN_OBSERVATION
55.819041,-6.342357,2016,7,United Kingdom of Great Britain and Northern Ireland,HUMAN_OBSERVATION
55.820087,-3.255216,2017,5,United Kingdom of Great Britain and Northern Ireland,HUMAN_OBSERVATION
55.820087,-3.255216,2017,5,United Kingdom of Great Britain and Northern Ireland,HUMAN_OBSERVATION
55.821117,-6.449413,2016,7,United Kingdom of Great Britain and Northern Ireland,HUMAN_OBSERVATION
55.824903,-4.300695,2017,7,United Kingdom of Great Britain and Northern Ireland,HUMAN_OBSERVATION
55.824903,-4.300695,2017,7,United Kingdom of Great Britain and Northern Ireland,HUMAN_OBSERVATION
55.83887,-3.643867,2019,8,United Kingdom of Great Britain and Northern Ireland,HUMAN_OBSERVATION
55.842611,-2.117344,2018,8,United Kingdom of Great Britain and Northern Ireland,HUMAN_OBSERVATION
55.843512,-2.114153,2018,8,United Kingdom of Great Britain and Northern Ireland,HUMAN_OBSERVATION
55.864796,-2.55041,2022,8,United Kingdom of Great Britain and Northern Ireland,HUMAN_OBSERVATION
55.866578,-2.553631,2018,7,United Kingdom of Great Britain and Northern Ireland,HUMAN_OBSERVATION
55.870114,-2.566465,2018,7,United Kingdom of Great Britain and Northern Ireland,HUMAN_OBSERVATION
55.871569,-4.070333,2017,7,United Kingdom of Great Britain and Northern Ireland,HUMAN_OBSERVATION
55.878643,-3.484094,2019,7,United Kingdom of Great Britain and Northern Ireland,HUMAN_OBSERVATION
55.878662,-3.482496,2019,7,United Kingdom of Great Britain and Northern Ireland,HUMAN_OBSERVATION
55.880187,-3.504934,2016,1,United Kingdom of Great Britain and Northern Ireland,HUMAN_OBSERVATION
55.883163,-4.152527,2016,8,United Kingdom of Great Britain and Northern Ireland,HUMAN_OBSERVATION
55.88958,-6.333809,2016,8,United Kingdom of Great Britain and Northern Ireland,HUMAN_OBSERVATION
55.89425,-3.966912,2016,8,United Kingdom of Great Britain and Northern Ireland,HUMAN_OBSERVATION
55.895649,-4.353204,2020,4,United Kingdom of Great Britain and Northern Ireland,HUMAN_OBSERVATION
55.897601,-3.318491,2016,2,United Kingdom of Great Britain and Northern Ireland,HUMAN_OBSERVATION
55.899461,-4.370008,2017,7,United Kingdom of Great Britain and Northern Ireland,HUMAN_OBSERVATION
55.903359,-4.405795,2017,7,United Kingdom of Great Britain and Northern Ireland,HUMAN_OBSERVATION
55.906887,-4.314157,2017,7,United Kingdom of Great Britain and Northern Ireland,HUMAN_OBSERVATION
55.907952,-2.979713,2022,4,United Kingdom of Great Britain and Northern Ireland,HUMAN_OBSERVATION
55.908138,-2.170327,2020,8,United Kingdom of Great Britain and Northern Ireland,HUMAN_OBSERVATION
55.909233,-4.427536,2017,7,United Kingdom of Great Britain and Northern Ireland,HUMAN_OBSERVATION
55.90976,14.32267,2022,5,Sweden,HUMAN_OBSERVATION
55.909935,-2.170335,2020,8,United Kingdom of Great Britain and Northern Ireland,HUMAN_OBSERVATION
55.909974,-2.139942,2020,8,United Kingdom of Great Britain and Northern Ireland,HUMAN_OBSERVATION
55.909975,-2.138343,2020,8,United Kingdom of Great Britain and Northern Ireland,HUMAN_OBSERVATION
55.911728,-2.173543,2020,8,United Kingdom of Great Britain and Northern Ireland,HUMAN_OBSERVATION
55.911885,-3.55736,2016,7,United Kingdom of Great Britain and Northern Ireland,HUMAN_OBSERVATION
55.912789,-3.147819,2017,9,United Kingdom of Great Britain and Northern Ireland,HUMAN_OBSERVATION
55.913582,-4.329407,2017,7,United Kingdom of Great Britain and Northern Ireland,HUMAN_OBSERVATION
55.92726,-4.321855,2017,7,United Kingdom of Great Britain and Northern Ireland,HUMAN_OBSERVATION
55.928478,-2.330456,2019,5,United Kingdom of Great Britain and Northern Ireland,HUMAN_OBSERVATION
55.929376,-2.330464,2019,5,United Kingdom of Great Britain and Northern Ireland,HUMAN_OBSERVATION
55.929637,-3.073091,2018,8,United Kingdom of Great Britain and Northern Ireland,HUMAN_OBSERVATION
55.930549,-3.071516,2018,8,United Kingdom of Great Britain and Northern Ireland,HUMAN_OBSERVATION
55.933125,-3.982698,2017,7,United Kingdom of Great Britain and Northern Ireland,HUMAN_OBSERVATION
55.935333,-4.304982,2016,8,United Kingdom of Great Britain and Northern Ireland,HUMAN_OBSERVATION
55.939708,-3.151817,2017,6,United Kingdom of Great Britain and Northern Ireland,HUMAN_OBSERVATION
55.940592,-3.153444,2016,8,United Kingdom of Great Britain and Northern Ireland,HUMAN_OBSERVATION
55.94152,-3.15027,2016,6,United Kingdom of Great Britain and Northern Ireland,HUMAN_OBSERVATION
55.94152,-3.15027,2016,6,United Kingdom of Great Britain and Northern Ireland,HUMAN_OBSERVATION
55.947212,-2.37705,2020,7,United Kingdom of Great Britain and Northern Ireland,HUMAN_OBSERVATION
55.948151,-4.036686,2016,8,United Kingdom of Great Britain and Northern Ireland,HUMAN_OBSERVATION
55.950347,-2.505185,2022,9,United Kingdom of Great Britain and Northern Ireland,HUMAN_OBSERVATION
55.952144,-2.505208,2022,9,United Kingdom of Great Britain and Northern Ireland,HUMAN_OBSERVATION
55.952679,-3.376417,2016,1,United Kingdom of Great Britain and Northern Ireland,HUMAN_OBSERVATION
55.957938,-2.394772,2019,5,United Kingdom of Great Britain and Northern Ireland,HUMAN_OBSERVATION
55.96155,-3.216541,2019,5,United Kingdom of Great Britain and Northern Ireland,HUMAN_OBSERVATION
55.970999,-3.641456,2019,4,United Kingdom of Great Britain and Northern Ireland,HUMAN_OBSERVATION
55.97773,-3.608085,2016,10,United Kingdom of Great Britain and Northern Ireland,HUMAN_OBSERVATION
55.979015,-3.266771,2020,4,United Kingdom of Great Britain and Northern Ireland,HUMAN_OBSERVATION
55.979064,-3.261964,2020,4,United Kingdom of Great Britain and Northern Ireland,HUMAN_OBSERVATION
55.979484,-3.611363,2016,10,United Kingdom of Great Britain and Northern Ireland,HUMAN_OBSERVATION
55.984343,-3.224069,2020,4,United Kingdom of Great Britain and Northern Ireland,HUMAN_OBSERVATION
55.992507,-2.521766,2016,5,United Kingdom of Great Britain and Northern Ireland,HUMAN_OBSERVATION
55.993999,-4.960584,2023,3,United Kingdom of Great Britain and Northern Ireland,HUMAN_OBSERVATION
55.997772,-2.550696,2022,8,United Kingdom of Great Britain and Northern Ireland,HUMAN_OBSERVATION
55.997779,-2.549092,2022,8,United Kingdom of Great Britain and Northern Ireland,HUMAN_OBSERVATION
55.997779,-2.549092,2022,8,United Kingdom of Great Britain and Northern Ireland,HUMAN_OBSERVATION
56.00331,-3.644429,2020,8,United Kingdom of Great Britain and Northern Ireland,HUMAN_OBSERVATION
56.006068,-3.639735,2020,8,United Kingdom of Great Britain and Northern Ireland,HUMAN_OBSERVATION
56.01486,-6.234655,2016,6,United Kingdom of Great Britain and Northern Ireland,HUMAN_OBSERVATION
56.015268,-6.233512,2022,10,United Kingdom of Great Britain and Northern Ireland,HUMAN_OBSERVATION
56.015898,-2.841286,2019,5,United Kingdom of Great Britain and Northern Ireland,HUMAN_OBSERVATION
56.015909,-2.839682,2019,5,United Kingdom of Great Britain and Northern Ireland,HUMAN_OBSERVATION
56.021979,-6.2214,2022,10,United Kingdom of Great Britain and Northern Ireland,HUMAN_OBSERVATION
56.035667,-3.502956,2019,9,United Kingdom of Great Britain and Northern Ireland,HUMAN_OBSERVATION
56.049021,-2.718389,2020,6,United Kingdom of Great Britain and Northern Ireland,HUMAN_OBSERVATION
56.049021,-2.718389,2019,5,United Kingdom of Great Britain and Northern Ireland,HUMAN_OBSERVATION
56.050607,-4.518657,2022,7,United Kingdom of Great Britain and Northern Ireland,HUMAN_OBSERVATION
56.051285,-2.789074,2020,7,United Kingdom of Great Britain and Northern Ireland,HUMAN_OBSERVATION
56.051295,-2.787469,2020,7,United Kingdom of Great Britain and Northern Ireland,HUMAN_OBSERVATION
56.051315,-2.784258,2020,7,United Kingdom of Great Britain and Northern Ireland,HUMAN_OBSERVATION
56.052295,-2.771433,2020,7,United Kingdom of Great Britain and Northern Ireland,HUMAN_OBSERVATION
56.052395,-4.516927,2018,6,United Kingdom of Great Britain and Northern Ireland,HUMAN_OBSERVATION
56.052395,-4.516927,2018,6,United Kingdom of Great Britain and Northern Ireland,HUMAN_OBSERVATION
56.0646,15.73701,2021,9,Sweden,MATERIAL_SAMPLE
56.0646,15.73701,2020,10,Sweden,MATERIAL_SAMPLE
56.0646,15.73701,2020,10,Sweden,MATERIAL_SAMPLE
56.06832,15.68716,2022,10,Sweden,MATERIAL_SAMPLE
56.06832,15.68716,2022,10,Sweden,MATERIAL_SAMPLE
56.06832,15.68716,2022,10,Sweden,MATERIAL_SAMPLE
56.06832,15.68716,2021,9,Sweden,MATERIAL_SAMPLE
56.06832,15.68716,2021,9,Sweden,MATERIAL_SAMPLE
56.06832,15.68716,2021,9,Sweden,MATERIAL_SAMPLE
56.06832,15.68716,2021,9,Sweden,MATERIAL_SAMPLE
56.06832,15.68716,2020,10,Sweden,MATERIAL_SAMPLE
56.06832,15.68716,2020,10,Sweden,MATERIAL_SAMPLE
56.07225,15.74915,2022,9,Sweden,MATERIAL_SAMPLE
56.07225,15.74915,2022,9,Sweden,MATERIAL_SAMPLE
56.07225,15.74915,2022,9,Sweden,MATERIAL_SAMPLE
56.07225,15.74915,2022,9,Sweden,MATERIAL_SAMPLE
56.07225,15.74915,2021,9,Sweden,MATERIAL_SAMPLE
56.07225,15.74915,2021,9,Sweden,MATERIAL_SAMPLE
56.07225,15.74915,2021,9,Sweden,MATERIAL_SAMPLE
56.07225,15.74915,2021,9,Sweden,MATERIAL_SAMPLE
56.07225,15.74915,2021,9,Sweden,MATERIAL_SAMPLE
56.07225,15.74915,2020,10,Sweden,MATERIAL_SAMPLE
56.07225,15.74915,2020,10,Sweden,MATERIAL_SAMPLE
56.07225,15.74915,2020,10,Sweden,MATERIAL_SAMPLE
56.07225,15.74915,2020,10,Sweden,MATERIAL_SAMPLE
56.07225,15.74915,2020,10,Sweden,MATERIAL_SAMPLE
56.07225,15.74915,2020,10,Sweden,MATERIAL_SAMPLE
56.128927,-3.738694,2020,11,United Kingdom of Great Britain and Northern Ireland,HUMAN_OBSERVATION
56.165936,10.208071,2022,9,Denmark,HUMAN_OBSERVATION
56.26887,12.51115,2024,9,Sweden,HUMAN_OBSERVATION
56.26905,12.51142,2023,9,Sweden,HUMAN_OBSERVATION
56.26907,12.51144,2018,8,Sweden,HUMAN_OBSERVATION
56.27091,12.50504,2025,4,Sweden,HUMAN_OBSERVATION
56.399206,-5.48642,2017,5,United Kingdom of Great Britain and Northern Ireland,HUMAN_OBSERVATION
56.399206,-5.48642,2017,7,United Kingdom of Great Britain and Northern Ireland,HUMAN_OBSERVATION
56.399206,-5.48642,2017,9,United Kingdom of Great Britain and Northern Ireland,HUMAN_OBSERVATION
56.410702,9.921384,2023,7,Denmark,HUMAN_OBSERVATION
56.466898,-6.945923,2022,5,United Kingdom of Great Britain and Northern Ireland,HUMAN_OBSERVATION
56.51022,-6.862897,2022,5,United Kingdom of Great Britain and Northern Ireland,HUMAN_OBSERVATION
56.536811,-6.757222,2022,5,United Kingdom of Great Britain and Northern Ireland,HUMAN_OBSERVATION
56.577932,-6.282151,2021,10,United Kingdom of Great Britain and Northern Ireland,HUMAN_OBSERVATION
56.58967,12.93807,2024,9,Sweden,HUMAN_OBSERVATION
56.62029,12.91201,2020,10,Sweden,HUMAN_OBSERVATION
56.93115,18.13747,2015,8,Sweden,MATERIAL_SAMPLE
56.93115,18.13747,2015,8,Sweden,MATERIAL_SAMPLE
56.93115,18.13747,2005,8,Sweden,MATERIAL_SAMPLE
56.93893,18.31123,2006,8,Sweden,MATERIAL_SAMPLE
56.93893,18.31123,2006,8,Sweden,MATERIAL_SAMPLE
56.93893,18.31123,2006,8,Sweden,MATERIAL_SAMPLE
56.93893,18.31123,2006,8,Sweden,MATERIAL_SAMPLE
56.93893,18.31123,2006,8,Sweden,MATERIAL_SAMPLE
56.93893,18.31123,2006,8,Sweden,MATERIAL_SAMPLE
56.93893,18.31123,2005,8,Sweden,MATERIAL_SAMPLE
56.994177,-5.830895,2022,7,United Kingdom of Great Britain and Northern Ireland,HUMAN_OBSERVATION
57.044469,24.006221,2022,9,Latvia,HUMAN_OBSERVATION
57.068598,9.919179,2023,7,Denmark,HUMAN_OBSERVATION
57.11288,-7.378638,2020,11,United Kingdom of Great Britain and Northern Ireland,HUMAN_OBSERVATION
57.155009,-7.397189,2020,11,United Kingdom of Great Britain and Northern Ireland,HUMAN_OBSERVATION
57.15594,-7.309965,2016,9,United Kingdom of Great Britain and Northern Ireland,HUMAN_OBSERVATION
57.16277,-7.338163,2016,9,United Kingdom of Great Britain and Northern Ireland,HUMAN_OBSERVATION
57.16277,-7.338163,2016,9,United Kingdom of Great Britain and Northern Ireland,HUMAN_OBSERVATION
57.16315,-7.324022,2016,9,United Kingdom of Great Britain and Northern Ireland,HUMAN_OBSERVATION
57.16458,-7.320799,2016,9,United Kingdom of Great Britain and Northern Ireland,HUMAN_OBSERVATION
57.20847,9.934298,2023,9,Denmark,HUMAN_OBSERVATION
57.23547,18.70603,2022,9,Sweden,HUMAN_OBSERVATION
57.24765,-7.36167,2016,9,United Kingdom of Great Britain and Northern Ireland,HUMAN_OBSERVATION
57.24765,-7.36167,2016,9,United Kingdom of Great Britain and Northern Ireland,HUMAN_OBSERVATION
57.249064,-7.378097,2021,8,United Kingdom of Great Britain and Northern Ireland,HUMAN_OBSERVATION
57.24956,-7.352816,2016,9,United Kingdom of Great Britain and Northern Ireland,HUMAN_OBSERVATION
57.24956,-7.352816,2016,9,United Kingdom of Great Britain and Northern Ireland,HUMAN_OBSERVATION
57.25018,-7.375388,2016,9,United Kingdom of Great Britain and Northern Ireland,HUMAN_OBSERVATION
57.25018,-7.375388,2016,9,United Kingdom of Great Britain and Northern Ireland,HUMAN_OBSERVATION
57.27507,18.09543,2015,8,Sweden,MATERIAL_SAMPLE
57.27507,18.09543,2015,8,Sweden,MATERIAL_SAMPLE
57.27507,18.09543,2015,8,Sweden,MATERIAL_SAMPLE
57.27507,18.09543,2015,8,Sweden,MATERIAL_SAMPLE
57.27507,18.09543,2015,8,Sweden,MATERIAL_SAMPLE
57.27507,18.09543,2015,8,Sweden,MATERIAL_SAMPLE
57.27507,18.09543,2015,8,Sweden,MATERIAL_SAMPLE
57.27507,18.09543,2015,8,Sweden,MATERIAL_SAMPLE
57.27507,18.09543,2015,8,Sweden,MATERIAL_SAMPLE
57.27507,18.09543,2015,8,Sweden,MATERIAL_SAMPLE
57.27507,18.09543,2015,8,Sweden,MATERIAL_SAMPLE
57.27507,18.09543,2015,8,Sweden,MATERIAL_SAMPLE
57.27507,18.09543,2015,8,Sweden,MATERIAL_SAMPLE
57.27507,18.09543,2015,8,Sweden,MATERIAL_SAMPLE
57.29231,-7.378955,2016,9,United Kingdom of Great Britain and Northern Ireland,HUMAN_OBSERVATION
57.29231,-7.378955,2016,9,United Kingdom of Great Britain and Northern Ireland,HUMAN_OBSERVATION
57.29522,-7.38673,2016,9,United Kingdom of Great Britain and Northern Ireland,HUMAN_OBSERVATION
57.29677,-7.379425,2016,9,United Kingdom of Great Britain and Northern Ireland,HUMAN_OBSERVATION
57.322658,-7.368079,2021,8,United Kingdom of Great Britain and Northern Ireland,HUMAN_OBSERVATION
57.33629,-7.246579,2016,9,United Kingdom of Great Britain and Northern Ireland,HUMAN_OBSERVATION
57.35121,-7.345782,2016,9,United Kingdom of Great Britain and Northern Ireland,HUMAN_OBSERVATION
57.35314,-7.292547,2016,9,United Kingdom of Great Britain and Northern Ireland,HUMAN_OBSERVATION
57.35314,-7.292547,2016,9,United Kingdom of Great Britain and Northern Ireland,HUMAN_OBSERVATION
57.35464,-7.343517,2016,9,United Kingdom of Great Britain and Northern Ireland,HUMAN_OBSERVATION
57.35464,-7.343517,2016,9,United Kingdom of Great Britain and Northern Ireland,HUMAN_OBSERVATION
57.35571,-7.273619,2016,9,United Kingdom of Great Britain and Northern Ireland,HUMAN_OBSERVATION
57.35673,-7.31478,2016,9,United Kingdom of Great Britain and Northern Ireland,HUMAN_OBSERVATION
57.358064,-7.293003,2021,6,United Kingdom of Great Britain and Northern Ireland,HUMAN_OBSERVATION
57.36283,-7.381904,2016,9,United Kingdom of Great Britain and Northern Ireland,HUMAN_OBSERVATION
57.36559,-7.365002,2016,9,United Kingdom of Great Britain and Northern Ireland,HUMAN_OBSERVATION
57.36688,-7.338572,2016,9,United Kingdom of Great Britain and Northern Ireland,HUMAN_OBSERVATION
57.37399,-7.381843,2016,9,United Kingdom of Great Britain and Northern Ireland,HUMAN_OBSERVATION
57.37399,-7.381843,2016,9,United Kingdom of Great Britain and Northern Ireland,HUMAN_OBSERVATION
57.37629,-7.366368,2016,9,United Kingdom of Great Britain and Northern Ireland,HUMAN_OBSERVATION
57.381666,-7.343399,2021,11,United Kingdom of Great Britain and Northern Ireland,HUMAN_OBSERVATION
57.38694,-7.324546,2016,9,United Kingdom of Great Britain and Northern Ireland,HUMAN_OBSERVATION
57.39027,-7.328964,2016,9,United Kingdom of Great Britain and Northern Ireland,HUMAN_OBSERVATION
57.39082,-7.398268,2016,9,United Kingdom of Great Britain and Northern Ireland,HUMAN_OBSERVATION
57.39082,-7.398268,2016,9,United Kingdom of Great Britain and Northern Ireland,HUMAN_OBSERVATION
57.39211,-7.34434,2020,8,United Kingdom of Great Britain and Northern Ireland,HUMAN_OBSERVATION
57.41282,-7.245255,2016,9,United Kingdom of Great Britain and Northern Ireland,HUMAN_OBSERVATION
57.41282,-7.245255,2016,9,United Kingdom of Great Britain and Northern Ireland,HUMAN_OBSERVATION
57.41282,-7.245255,2016,9,United Kingdom of Great Britain and Northern Ireland,HUMAN_OBSERVATION
57.41396,-7.246086,2016,9,United Kingdom of Great Britain and Northern Ireland,HUMAN_OBSERVATION
57.41396,-7.246086,2016,9,United Kingdom of Great Britain and Northern Ireland,HUMAN_OBSERVATION
57.41444,-7.250825,2016,9,United Kingdom of Great Britain and Northern Ireland,HUMAN_OBSERVATION
57.41444,-7.250825,2016,9,United Kingdom of Great Britain and Northern Ireland,HUMAN_OBSERVATION
57.41777,-7.232521,2016,9,United Kingdom of Great Britain and Northern Ireland,HUMAN_OBSERVATION
57.41777,-7.232521,2016,9,United Kingdom of Great Britain and Northern Ireland,HUMAN_OBSERVATION
57.41914,-7.228865,2016,9,United Kingdom of Great Britain and Northern Ireland,HUMAN_OBSERVATION
57.41914,-7.228865,2016,9,United Kingdom of Great Britain and Northern Ireland,HUMAN_OBSERVATION
57.41988,-7.332909,2016,9,United Kingdom of Great Britain and Northern Ireland,HUMAN_OBSERVATION
57.42014,-7.338403,2016,9,United Kingdom of Great Britain and Northern Ireland,HUMAN_OBSERVATION
57.42015,-7.235581,2016,9,United Kingdom of Great Britain and Northern Ireland,HUMAN_OBSERVATION
57.42015,-7.235581,2016,9,United Kingdom of Great Britain and Northern Ireland,HUMAN_OBSERVATION
57.42105,-7.235777,2016,9,United Kingdom of Great Britain and Northern Ireland,HUMAN_OBSERVATION
57.42105,-7.235777,2016,9,United Kingdom of Great Britain and Northern Ireland,HUMAN_OBSERVATION
57.422,-7.213227,2016,9,United Kingdom of Great Britain and Northern Ireland,HUMAN_OBSERVATION
57.422,-7.213227,2016,9,United Kingdom of Great Britain and Northern Ireland,HUMAN_OBSERVATION
57.42295,-7.211326,2016,9,United Kingdom of Great Britain and Northern Ireland,HUMAN_OBSERVATION
57.42295,-7.211326,2016,9,United Kingdom of Great Britain and Northern Ireland,HUMAN_OBSERVATION
57.4232,-7.213764,2016,9,United Kingdom of Great Britain and Northern Ireland,HUMAN_OBSERVATION
57.4232,-7.213764,2016,9,United Kingdom of Great Britain and Northern Ireland,HUMAN_OBSERVATION
57.4236,-7.337739,2016,9,United Kingdom of Great Britain and Northern Ireland,HUMAN_OBSERVATION
57.42566,16.68166,2022,5,Sweden,HUMAN_OBSERVATION
57.42566,16.68166,2021,5,Sweden,HUMAN_OBSERVATION
57.42566,16.68166,2020,6,Sweden,HUMAN_OBSERVATION
57.42566,16.68166,2018,5,Sweden,HUMAN_OBSERVATION
57.42566,16.68166,2016,6,Sweden,HUMAN_OBSERVATION
57.42601,-7.339893,2016,9,United Kingdom of Great Britain and Northern Ireland,HUMAN_OBSERVATION
57.42783,16.70866,2016,6,Sweden,HUMAN_OBSERVATION
57.42944,-7.233124,2016,9,United Kingdom of Great Britain and Northern Ireland,HUMAN_OBSERVATION
57.434412,-7.330416,2022,1,United Kingdom of Great Britain and Northern Ireland,HUMAN_OBSERVATION
57.43665,-7.272188,2016,9,United Kingdom of Great Britain and Northern Ireland,HUMAN_OBSERVATION
57.43665,-7.272188,2016,9,United Kingdom of Great Britain and Northern Ireland,HUMAN_OBSERVATION
57.44473,18.89033,2015,8,Sweden,MATERIAL_SAMPLE
57.44473,18.89033,2015,8,Sweden,MATERIAL_SAMPLE
57.44473,18.89033,2015,8,Sweden,MATERIAL_SAMPLE
57.44473,18.89033,2015,8,Sweden,MATERIAL_SAMPLE
57.44473,18.89033,2015,8,Sweden,MATERIAL_SAMPLE
57.44473,18.89033,2015,8,Sweden,MATERIAL_SAMPLE
57.44473,18.89033,2015,8,Sweden,MATERIAL_SAMPLE
57.44473,18.89033,2015,8,Sweden,MATERIAL_SAMPLE
57.44473,18.89033,2006,8,Sweden,MATERIAL_SAMPLE
57.44473,18.89033,2005,8,Sweden,MATERIAL_SAMPLE
57.44473,18.89033,2005,8,Sweden,MATERIAL_SAMPLE
57.44473,18.89033,2005,8,Sweden,MATERIAL_SAMPLE
57.456035,-7.396265,2016,8,United Kingdom of Great Britain and Northern Ireland,HUMAN_OBSERVATION
57.4686,-7.326994,2016,9,United Kingdom of Great Britain and Northern Ireland,HUMAN_OBSERVATION
57.47475,-7.303734,2016,9,United Kingdom of Great Britain and Northern Ireland,HUMAN_OBSERVATION
57.47848,12.07276,2023,8,Sweden,HUMAN_OBSERVATION
57.47873,-7.323494,2016,9,United Kingdom of Great Britain and Northern Ireland,HUMAN_OBSERVATION
57.47873,-7.323494,2016,9,United Kingdom of Great Britain and Northern Ireland,HUMAN_OBSERVATION
57.48146,-7.340585,2016,9,United Kingdom of Great Britain and Northern Ireland,HUMAN_OBSERVATION
57.48195,-7.337983,2016,9,United Kingdom of Great Britain and Northern Ireland,HUMAN_OBSERVATION
57.48763,12.07418,2023,11,Sweden,HUMAN_OBSERVATION
57.52323,-7.203781,2016,9,United Kingdom of Great Britain and Northern Ireland,HUMAN_OBSERVATION
57.53382,-7.201545,2016,9,United Kingdom of Great Britain and Northern Ireland,HUMAN_OBSERVATION
57.54127,-7.25655,2016,9,United Kingdom of Great Britain and Northern Ireland,HUMAN_OBSERVATION
57.54514,-7.326591,2016,9,United Kingdom of Great Britain and Northern Ireland,HUMAN_OBSERVATION
57.54578,-7.263813,2016,9,United Kingdom of Great Britain and Northern Ireland,HUMAN_OBSERVATION
57.54669,-7.275193,2016,9,United Kingdom of Great Britain and Northern Ireland,HUMAN_OBSERVATION
57.54742,-7.335176,2016,9,United Kingdom of Great Britain and Northern Ireland,HUMAN_OBSERVATION
57.55104,-7.342974,2016,9,United Kingdom of Great Britain and Northern Ireland,HUMAN_OBSERVATION
57.55192,-7.344458,2016,9,United Kingdom of Great Britain and Northern Ireland,HUMAN_OBSERVATION
57.60238,18.80787,2019,9,Sweden,MATERIAL_SAMPLE
57.60713,-7.192122,2016,9,United Kingdom of Great Britain and Northern Ireland,HUMAN_OBSERVATION
57.61014,-7.190892,2016,9,United Kingdom of Great Britain and Northern Ireland,HUMAN_OBSERVATION
57.61014,-7.190892,2016,9,United Kingdom of Great Britain and Northern Ireland,HUMAN_OBSERVATION
57.61055,-7.203343,2016,9,United Kingdom of Great Britain and Northern Ireland,HUMAN_OBSERVATION
57.61245,-7.200731,2016,9,United Kingdom of Great Britain and Northern Ireland,HUMAN_OBSERVATION
57.61245,-7.200731,2016,9,United Kingdom of Great Britain and Northern Ireland,HUMAN_OBSERVATION
57.6428,-7.206423,2016,9,United Kingdom of Great Britain and Northern Ireland,HUMAN_OBSERVATION
57.64626,-7.219374,2016,9,United Kingdom of Great Britain and Northern Ireland,HUMAN_OBSERVATION
57.64783,-7.201154,2016,9,United Kingdom of Great Britain and Northern Ireland,HUMAN_OBSERVATION
57.647988,-7.48297,2021,4,United Kingdom of Great Britain and Northern Ireland,HUMAN_OBSERVATION
57.64933,-7.212498,2016,9,United Kingdom of Great Britain and Northern Ireland,HUMAN_OBSERVATION
57.64988,-7.492237,2019,8,United Kingdom of Great Britain and Northern Ireland,HUMAN_OBSERVATION
57.65451,-7.203204,2016,9,United Kingdom of Great Britain and Northern Ireland,HUMAN_OBSERVATION
57.67179,18.72787,2018,7,Sweden,HUMAN_OBSERVATION
57.67214,12.082432,2022,9,Sweden,HUMAN_OBSERVATION
57.69856,12.00083,2021,10,Sweden,HUMAN_OBSERVATION
57.730305,-7.17557,2020,7,United Kingdom of Great Britain and Northern Ireland,HUMAN_OBSERVATION
57.73322,16.71159,2019,6,Sweden,HUMAN_OBSERVATION
57.76588,16.68883,2021,3,Sweden,HUMAN_OBSERVATION
57.84922,12.32675,2023,9,Sweden,HUMAN_OBSERVATION
57.85017,12.32737,2023,9,Sweden,HUMAN_OBSERVATION
57.85044,12.32551,2023,9,Sweden,HUMAN_OBSERVATION
57.85469,12.33987,2023,9,Sweden,HUMAN_OBSERVATION
57.85633,12.3392,2023,9,Sweden,HUMAN_OBSERVATION
57.8593,19.12736,2017,5,Sweden,HUMAN_OBSERVATION
57.86078,12.32361,2023,9,Sweden,HUMAN_OBSERVATION
57.86208,12.32419,2023,9,Sweden,HUMAN_OBSERVATION
57.87111,12.33055,2023,9,Sweden,HUMAN_OBSERVATION
57.91608,14.12445,2022,10,Sweden,HUMAN_OBSERVATION
58.01483,16.71065,2022,6,Sweden,HUMAN_OBSERVATION
58.01483,16.71065,2021,5,Sweden,HUMAN_OBSERVATION
58.01483,16.71065,2020,6,Sweden,HUMAN_OBSERVATION
58.01483,16.71065,2018,5,Sweden,HUMAN_OBSERVATION
58.01483,16.71065,2017,6,Sweden,HUMAN_OBSERVATION
58.01483,16.71065,2016,6,Sweden,HUMAN_OBSERVATION
58.01766,16.80532,2021,6,Sweden,HUMAN_OBSERVATION
58.01766,16.80532,2017,6,Sweden,HUMAN_OBSERVATION
58.01895,14.45314,2022,11,Sweden,HUMAN_OBSERVATION
58.035217,-5.073304,2018,8,United Kingdom of Great Britain and Northern Ireland,HUMAN_OBSERVATION
58.035217,-5.073304,2018,8,United Kingdom of Great Britain and Northern Ireland,HUMAN_OBSERVATION
58.04333,16.75982,2022,6,Sweden,HUMAN_OBSERVATION
58.04333,16.75982,2021,5,Sweden,HUMAN_OBSERVATION
58.04333,16.75982,2020,6,Sweden,HUMAN_OBSERVATION
58.04333,16.75982,2018,5,Sweden,HUMAN_OBSERVATION
58.04333,16.75982,2017,6,Sweden,HUMAN_OBSERVATION
58.04333,16.75982,2016,6,Sweden,HUMAN_OBSERVATION
58.06195,22.15448,2022,5,Estonia,HUMAN_OBSERVATION
58.067397,-6.662354,2023,5,United Kingdom of Great Britain and Northern Ireland,HUMAN_OBSERVATION
58.107166,7.824138,2021,4,Norway,HUMAN_OBSERVATION
58.126979,7.864353,2022,11,Norway,HUMAN_OBSERVATION
58.140727,-6.433931,2017,9,United Kingdom of Great Britain and Northern Ireland,HUMAN_OBSERVATION
58.15166,-4.976246,2018,9,United Kingdom of Great Britain and Northern Ireland,HUMAN_OBSERVATION
58.15166,-4.976246,2018,9,United Kingdom of Great Britain and Northern Ireland,HUMAN_OBSERVATION
58.152518,-4.978017,2018,9,United Kingdom of Great Britain and Northern Ireland,HUMAN_OBSERVATION
58.152518,-4.978017,2018,9,United Kingdom of Great Britain and Northern Ireland,HUMAN_OBSERVATION
58.166551,-4.992796,2018,9,United Kingdom of Great Britain and Northern Ireland,HUMAN_OBSERVATION
58.166551,-4.992796,2018,9,United Kingdom of Great Britain and Northern Ireland,HUMAN_OBSERVATION
58.170582,-5.302711,2018,9,United Kingdom of Great Britain and Northern Ireland,HUMAN_OBSERVATION
58.170582,-5.302711,2018,9,United Kingdom of Great Britain and Northern Ireland,HUMAN_OBSERVATION
58.171567,-5.2994,2018,9,United Kingdom of Great Britain and Northern Ireland,HUMAN_OBSERVATION
58.171567,-5.2994,2018,9,United Kingdom of Great Britain and Northern Ireland,HUMAN_OBSERVATION
58.182953,8.028246,2020,6,Norway,HUMAN_OBSERVATION
58.182953,8.028246,2020,8,Norway,HUMAN_OBSERVATION
58.186194,8.021276,2020,6,Norway,HUMAN_OBSERVATION
58.186194,8.021276,2020,8,Norway,HUMAN_OBSERVATION
58.191995,8.028381,2020,6,Norway,HUMAN_OBSERVATION
58.191995,8.028381,2020,8,Norway,HUMAN_OBSERVATION
58.195719,8.029856,2020,6,Norway,HUMAN_OBSERVATION
58.195719,8.029856,2020,8,Norway,HUMAN_OBSERVATION
58.198479,-5.335946,2017,6,United Kingdom of Great Britain and Northern Ireland,HUMAN_OBSERVATION
58.199421,-5.334332,2018,9,United Kingdom of Great Britain and Northern Ireland,HUMAN_OBSERVATION
58.199421,-5.334332,2018,9,United Kingdom of Great Britain and Northern Ireland,HUMAN_OBSERVATION
58.21192,22.55977,2016,9,Estonia,HUMAN_OBSERVATION
58.21785,22.51307,2016,8,Estonia,HUMAN_OBSERVATION
58.21901,22.48612,2016,8,Estonia,HUMAN_OBSERVATION
58.22832,22.38226,2023,4,Estonia,HUMAN_OBSERVATION
58.22832,22.38226,2022,5,Estonia,HUMAN_OBSERVATION
58.242613,-5.191802,2017,6,United Kingdom of Great Britain and Northern Ireland,HUMAN_OBSERVATION
58.24869,14.26635,2021,9,Sweden,HUMAN_OBSERVATION
58.27839,22.72707,2017,8,Estonia,HUMAN_OBSERVATION
58.31803,16.94713,2022,7,Sweden,HUMAN_OBSERVATION
58.32782,23.01502,2016,7,Estonia,HUMAN_OBSERVATION
58.34011,22.9946,2016,7,Estonia,HUMAN_OBSERVATION
58.34308,12.35013,2022,9,Sweden,HUMAN_OBSERVATION
58.35547,22.99476,2017,7,Estonia,HUMAN_OBSERVATION
58.35661,22.97336,2017,3,Estonia,HUMAN_OBSERVATION
58.35949,22.98122,2016,7,Estonia,HUMAN_OBSERVATION
58.36079,22.98945,2016,10,Estonia,HUMAN_OBSERVATION
58.36163,22.99466,2016,7,Estonia,HUMAN_OBSERVATION
58.36217,22.96995,2016,5,Estonia,HUMAN_OBSERVATION
58.36217,22.96995,2016,7,Estonia,HUMAN_OBSERVATION
58.36819,22.97234,2016,10,Estonia,HUMAN_OBSERVATION
58.36835,22.96686,2016,5,Estonia,HUMAN_OBSERVATION
58.36845,22.97215,2016,5,Estonia,HUMAN_OBSERVATION
58.36865,22.97837,2016,8,Estonia,HUMAN_OBSERVATION
58.36933,22.96606,2016,5,Estonia,HUMAN_OBSERVATION
58.36951,22.96858,2017,3,Estonia,HUMAN_OBSERVATION
58.36959,22.96798,2016,5,Estonia,HUMAN_OBSERVATION
58.3709,22.9737,2016,5,Estonia,HUMAN_OBSERVATION
58.3709,22.9737,2016,7,Estonia,HUMAN_OBSERVATION
58.37313,22.96028,2016,2,Estonia,HUMAN_OBSERVATION
58.37313,22.96028,2016,7,Estonia,HUMAN_OBSERVATION
58.37313,22.96028,2016,10,Estonia,HUMAN_OBSERVATION
58.37512,22.95586,2016,7,Estonia,HUMAN_OBSERVATION
58.37514,22.95613,2016,10,Estonia,HUMAN_OBSERVATION
58.37815,22.97329,2017,6,Estonia,HUMAN_OBSERVATION
58.37815,22.97329,2017,10,Estonia,HUMAN_OBSERVATION
58.42262,14.40897,2022,10,Sweden,HUMAN_OBSERVATION
58.43628,6.01161,2020,9,Norway,HUMAN_OBSERVATION
58.457185,8.73963,2016,8,Norway,HUMAN_OBSERVATION
58.469106,5.982338,2018,11,Norway,HUMAN_OBSERVATION
58.477163,-5.082663,2018,9,United Kingdom of Great Britain and Northern Ireland,HUMAN_OBSERVATION
58.477163,-5.082663,2018,9,United Kingdom of Great Britain and Northern Ireland,HUMAN_OBSERVATION
58.51268,23.19813,2018,7,Estonia,HUMAN_OBSERVATION
58.51473,15.01372,2022,11,Sweden,HUMAN_OBSERVATION
58.52133,5.80057,2023,11,Norway,HUMAN_OBSERVATION
58.52133,5.80057,2021,11,Norway,HUMAN_OBSERVATION
58.52133,5.80057,2016,9,Norway,HUMAN_OBSERVATION
58.55778,23.32419,2019,5,Estonia,HUMAN_OBSERVATION
58.569721,-4.767413,2018,9,United Kingdom of Great Britain and Northern Ireland,HUMAN_OBSERVATION
58.569721,-4.767413,2018,9,United Kingdom of Great Britain and Northern Ireland,HUMAN_OBSERVATION
58.57103,23.39504,2016,8,Estonia,HUMAN_OBSERVATION
58.57974,23.51194,2018,8,Estonia,HUMAN_OBSERVATION
58.58147,23.50922,2018,8,Estonia,HUMAN_OBSERVATION
58.59021,16.3943,2018,9,Sweden,HUMAN_OBSERVATION
58.609404,5.628991,2022,12,Norway,HUMAN_OBSERVATION
58.612985,5.62557,2022,12,Norway,HUMAN_OBSERVATION
58.63306,13.44853,2019,11,Sweden,HUMAN_OBSERVATION
58.63306,13.44853,2017,11,Sweden,HUMAN_OBSERVATION
58.65237,17.09248,2018,9,Sweden,HUMAN_OBSERVATION
58.66335,16.96538,2020,10,Sweden,HUMAN_OBSERVATION
58.67339,5.606943,2022,12,Norway,HUMAN_OBSERVATION
58.68808,17.46625,2022,8,Sweden,MATERIAL_SAMPLE
58.68808,17.46625,2022,8,Sweden,MATERIAL_SAMPLE
58.68808,17.46625,2022,8,Sweden,MATERIAL_SAMPLE
58.69594,5.6608,2018,11,Norway,HUMAN_OBSERVATION
58.715824,5.710121,2018,11,Norway,HUMAN_OBSERVATION
58.71701,23.10054,2016,6,Estonia,HUMAN_OBSERVATION
58.730525,5.525529,2023,11,Norway,HUMAN_OBSERVATION
58.730525,5.525529,2019,11,Norway,HUMAN_OBSERVATION
58.730525,5.525529,2017,10,Norway,HUMAN_OBSERVATION
58.73159,13.8488,2022,9,Sweden,HUMAN_OBSERVATION
58.734511,5.600487,2023,11,Norway,HUMAN_OBSERVATION
58.744225,17.393767,2025,5,Sweden,HUMAN_OBSERVATION
58.75293,17.58057,2015,9,Sweden,MATERIAL_SAMPLE
58.75293,17.58057,2005,9,Sweden,MATERIAL_SAMPLE
58.75293,17.58057,2005,9,Sweden,MATERIAL_SAMPLE
58.75293,17.58057,2005,9,Sweden,MATERIAL_SAMPLE
58.758417,5.849247,2022,11,Norway,HUMAN_OBSERVATION
58.758417,5.849247,2019,11,Norway,HUMAN_OBSERVATION
58.76366,5.78314,2020,5,Norway,HUMAN_OBSERVATION
58.76366,5.78314,2020,9,Norway,HUMAN_OBSERVATION
58.76366,5.78314,2018,9,Norway,HUMAN_OBSERVATION
58.774689,5.903635,2022,11,Norway,HUMAN_OBSERVATION
58.774689,5.903635,2019,11,Norway,HUMAN_OBSERVATION
58.777343,5.764791,2023,11,Norway,HUMAN_OBSERVATION
58.780862,5.738159,2023,11,Norway,HUMAN_OBSERVATION
58.7812,5.729825,2023,11,Norway,HUMAN_OBSERVATION
58.781668,5.721913,2023,11,Norway,HUMAN_OBSERVATION
58.781668,5.721913,2017,10,Norway,HUMAN_OBSERVATION
58.783224,5.731784,2024,2,Norway,HUMAN_OBSERVATION
58.78524,22.97884,2016,7,Estonia,HUMAN_OBSERVATION
58.79245,17.68692,2015,9,Sweden,MATERIAL_SAMPLE
58.79245,17.68692,2015,9,Sweden,MATERIAL_SAMPLE
58.79245,17.68692,2015,9,Sweden,MATERIAL_SAMPLE
58.79245,17.68692,2006,9,Sweden,MATERIAL_SAMPLE
58.79245,17.68692,2006,9,Sweden,MATERIAL_SAMPLE
58.79245,17.68692,2006,9,Sweden,MATERIAL_SAMPLE
58.79245,17.68692,2006,9,Sweden,MATERIAL_SAMPLE
58.79245,17.68692,2004,9,Sweden,MATERIAL_SAMPLE
58.79245,17.68692,2004,9,Sweden,MATERIAL_SAMPLE
58.79245,17.68692,2004,9,Sweden,MATERIAL_SAMPLE
58.79245,17.68692,2004,9,Sweden,MATERIAL_SAMPLE
58.79245,17.68692,2004,9,Sweden,MATERIAL_SAMPLE
58.79245,17.68692,2004,9,Sweden,MATERIAL_SAMPLE
58.792997,5.597912,2022,11,Norway,HUMAN_OBSERVATION
58.792997,5.597912,2019,11,Norway,HUMAN_OBSERVATION
58.79607,17.56228,2018,8,Sweden,MATERIAL_SAMPLE
58.798636,5.733793,2022,11,Norway,HUMAN_OBSERVATION
58.798636,5.733793,2019,11,Norway,HUMAN_OBSERVATION
58.79892,22.98797,2016,7,Estonia,HUMAN_OBSERVATION
58.799637,5.72906,2024,2,Norway,HUMAN_OBSERVATION
58.799637,5.72906,2023,11,Norway,HUMAN_OBSERVATION
58.80113,5.63879,2022,11,Norway,HUMAN_OBSERVATION
58.806532,5.672349,2023,11,Norway,HUMAN_OBSERVATION
58.8138,17.55543,2015,9,Sweden,MATERIAL_SAMPLE
58.8138,17.55543,2015,9,Sweden,MATERIAL_SAMPLE
58.8138,17.55543,2015,9,Sweden,MATERIAL_SAMPLE
58.8138,17.55543,2015,9,Sweden,MATERIAL_SAMPLE
58.8138,17.55543,2015,9,Sweden,MATERIAL_SAMPLE
58.8138,17.55543,2015,9,Sweden,MATERIAL_SAMPLE
58.8138,17.55543,2015,9,Sweden,MATERIAL_SAMPLE
58.8138,17.55543,2007,9,Sweden,MATERIAL_SAMPLE
58.8138,17.55543,2007,9,Sweden,MATERIAL_SAMPLE
58.8138,17.55543,2007,9,Sweden,MATERIAL_SAMPLE
58.8138,17.55543,2006,9,Sweden,MATERIAL_SAMPLE
58.8138,17.55543,2006,9,Sweden,MATERIAL_SAMPLE
58.8138,17.55543,2006,9,Sweden,MATERIAL_SAMPLE
58.8138,17.55543,2006,9,Sweden,MATERIAL_SAMPLE
58.8138,17.55543,2006,9,Sweden,MATERIAL_SAMPLE
58.8138,17.55543,2006,9,Sweden,MATERIAL_SAMPLE
58.8138,17.55543,2006,9,Sweden,MATERIAL_SAMPLE
58.8138,17.55543,2006,9,Sweden,MATERIAL_SAMPLE
58.8138,17.55543,2005,9,Sweden,MATERIAL_SAMPLE
58.8138,17.55543,2005,9,Sweden,MATERIAL_SAMPLE
58.8138,17.55543,2004,9,Sweden,MATERIAL_SAMPLE
58.8138,17.55543,2004,9,Sweden,MATERIAL_SAMPLE
58.8138,17.55543,2004,9,Sweden,MATERIAL_SAMPLE
58.8138,17.55543,2004,9,Sweden,MATERIAL_SAMPLE
58.82005,17.63077,2022,7,Sweden,MATERIAL_SAMPLE
58.82005,17.63077,2020,8,Sweden,MATERIAL_SAMPLE
58.82005,17.63077,2019,9,Sweden,MATERIAL_SAMPLE
58.82005,17.63077,2019,9,Sweden,MATERIAL_SAMPLE
58.82005,17.63077,2018,8,Sweden,MATERIAL_SAMPLE
58.82005,17.63077,2016,8,Sweden,MATERIAL_SAMPLE
58.82005,17.63077,2015,9,Sweden,MATERIAL_SAMPLE
58.82005,17.63077,2015,9,Sweden,MATERIAL_SAMPLE
58.82005,17.63077,2015,9,Sweden,MATERIAL_SAMPLE
58.82005,17.63077,2015,9,Sweden,MATERIAL_SAMPLE
58.82005,17.63077,2015,9,Sweden,MATERIAL_SAMPLE
58.82005,17.63077,2006,9,Sweden,MATERIAL_SAMPLE
58.82005,17.63077,2006,9,Sweden,MATERIAL_SAMPLE
58.82005,17.63077,1997,8,Sweden,MATERIAL_SAMPLE
58.823869,5.716223,2019,11,Norway,HUMAN_OBSERVATION
58.83767,17.52238,2016,8,Sweden,MATERIAL_SAMPLE
58.83767,17.52238,2015,9,Sweden,MATERIAL_SAMPLE
58.83767,17.52238,2015,9,Sweden,MATERIAL_SAMPLE
58.83767,17.52238,2015,9,Sweden,MATERIAL_SAMPLE
58.83767,17.52238,2015,9,Sweden,MATERIAL_SAMPLE
58.83767,17.52238,2015,9,Sweden,MATERIAL_SAMPLE
58.83767,17.52238,2015,9,Sweden,MATERIAL_SAMPLE
58.83767,17.52238,2015,9,Sweden,MATERIAL_SAMPLE
58.83767,17.52238,2015,9,Sweden,MATERIAL_SAMPLE
58.83767,17.52238,2015,9,Sweden,MATERIAL_SAMPLE
58.83767,17.52238,2011,8,Sweden,MATERIAL_SAMPLE
58.83767,17.52238,2007,9,Sweden,MATERIAL_SAMPLE
58.83767,17.52238,2007,9,Sweden,MATERIAL_SAMPLE
58.83767,17.52238,2006,9,Sweden,MATERIAL_SAMPLE
58.83767,17.52238,2006,9,Sweden,MATERIAL_SAMPLE
58.83767,17.52238,2006,9,Sweden,MATERIAL_SAMPLE
58.83767,17.52238,2006,9,Sweden,MATERIAL_SAMPLE
58.83767,17.52238,2006,9,Sweden,MATERIAL_SAMPLE
58.83767,17.52238,2006,9,Sweden,MATERIAL_SAMPLE
58.83767,17.52238,2006,9,Sweden,MATERIAL_SAMPLE
58.83767,17.52238,2006,9,Sweden,MATERIAL_SAMPLE
58.83767,17.52238,2005,9,Sweden,MATERIAL_SAMPLE
58.83767,17.52238,2005,9,Sweden,MATERIAL_SAMPLE
58.83767,17.52238,2002,9,Sweden,MATERIAL_SAMPLE
58.83825,17.54577,2015,9,Sweden,MATERIAL_SAMPLE
58.83825,17.54577,2015,9,Sweden,MATERIAL_SAMPLE
58.83825,17.54577,2015,9,Sweden,MATERIAL_SAMPLE
58.83825,17.54577,2015,9,Sweden,MATERIAL_SAMPLE
58.83825,17.54577,2015,9,Sweden,MATERIAL_SAMPLE
58.83825,17.54577,2015,9,Sweden,MATERIAL_SAMPLE
58.83825,17.54577,2006,9,Sweden,MATERIAL_SAMPLE
58.83825,17.54577,2006,9,Sweden,MATERIAL_SAMPLE
58.83825,17.54577,2006,9,Sweden,MATERIAL_SAMPLE
58.83825,17.54577,2006,9,Sweden,MATERIAL_SAMPLE
58.83825,17.54577,2006,9,Sweden,MATERIAL_SAMPLE
58.83825,17.54577,2005,9,Sweden,MATERIAL_SAMPLE
58.845565,5.730764,2019,11,Norway,HUMAN_OBSERVATION
58.856917,-3.103783,2014,7,United Kingdom of Great Britain and Northern Ireland,MATERIAL_SAMPLE
58.856917,-3.103783,2014,7,United Kingdom of Great Britain and Northern Ireland,MATERIAL_SAMPLE
58.860434,5.803299,2022,5,Norway,HUMAN_OBSERVATION
58.871543,5.81168,2022,5,Norway,HUMAN_OBSERVATION
58.87487,17.47158,2020,8,Sweden,MATERIAL_SAMPLE
58.9349,17.6059,2016,7,Sweden,HUMAN_OBSERVATION
58.942501,5.670538,2023,11,Norway,HUMAN_OBSERVATION
58.942501,5.670538,2017,10,Norway,HUMAN_OBSERVATION
58.94761,23.45039,2016,9,Estonia,HUMAN_OBSERVATION
58.96539,23.51666,2016,9,Estonia,HUMAN_OBSERVATION
58.9654,23.51655,2016,7,Estonia,HUMAN_OBSERVATION
58.96558,23.51651,2016,5,Estonia,HUMAN_OBSERVATION
58.96653,23.51105,2016,9,Estonia,HUMAN_OBSERVATION
58.96654,23.67499,2018,5,Estonia,HUMAN_OBSERVATION
58.96658,23.51103,2016,5,Estonia,HUMAN_OBSERVATION
58.96665,23.51109,2016,7,Estonia,HUMAN_OBSERVATION
58.98827,11.466033,2023,6,Norway,HUMAN_OBSERVATION
58.995182,-3.210559,2013,2,United Kingdom of Great Britain and Northern Ireland,MATERIAL_SAMPLE
58.995182,-3.210559,2013,2,United Kingdom of Great Britain and Northern Ireland,MATERIAL_SAMPLE
58.99527,-3.210719,2015,7,United Kingdom of Great Britain and Northern Ireland,MATERIAL_SAMPLE
58.99527,-3.210719,2015,7,United Kingdom of Great Britain and Northern Ireland,MATERIAL_SAMPLE
58.99527,-3.210719,2014,8,United Kingdom of Great Britain and Northern Ireland,MATERIAL_SAMPLE
58.99527,-3.210719,2014,8,United Kingdom of Great Britain and Northern Ireland,MATERIAL_SAMPLE
58.99527,-3.210719,2014,8,United Kingdom of Great Britain and Northern Ireland,MATERIAL_SAMPLE
58.99527,-3.210719,2014,8,United Kingdom of Great Britain and Northern Ireland,MATERIAL_SAMPLE
59.009075,9.701875,2022,10,Norway,HUMAN_OBSERVATION
59.051716,9.638725,2018,7,Norway,HUMAN_OBSERVATION
59.05211,11.06106,2021,11,Norway,HUMAN_OBSERVATION
59.0662,11.03022,2020,11,Norway,HUMAN_OBSERVATION
59.06645,11.435228,2020,10,Norway,HUMAN_OBSERVATION
59.069999,10.906958,2021,11,Norway,HUMAN_OBSERVATION
59.072702,11.412645,2023,10,Norway,HUMAN_OBSERVATION
59.10207,17.67845,2025,4,Sweden,HUMAN_OBSERVATION
59.10207,17.67845,2021,10,Sweden,HUMAN_OBSERVATION
59.102513,9.650691,2019,10,Norway,HUMAN_OBSERVATION
59.103923,17.681808,2018,4,Sweden,HUMAN_OBSERVATION
59.120762,11.38329,2018,9,Norway,HUMAN_OBSERVATION
59.12667,17.50882,2021,7,Sweden,HUMAN_OBSERVATION
59.135469,10.25403,2024,9,Norway,HUMAN_OBSERVATION
59.16755,17.6697,2023,1,Sweden,HUMAN_OBSERVATION
59.195795,10.819327,2024,10,Norway,HUMAN_OBSERVATION
59.19668,9.61638,2022,11,Norway,HUMAN_OBSERVATION
59.210189,10.961261,2021,9,Norway,HUMAN_OBSERVATION
59.211432,10.960017,2021,9,Norway,HUMAN_OBSERVATION
59.22131,17.87702,2023,4,Sweden,HUMAN_OBSERVATION
59.224192,10.92745,2020,11,Norway,HUMAN_OBSERVATION
59.22427,18.5448,2012,9,Sweden,MATERIAL_SAMPLE
59.22427,18.5448,2012,9,Sweden,MATERIAL_SAMPLE
59.22427,18.5448,2012,9,Sweden,MATERIAL_SAMPLE
59.22427,18.5448,2011,9,Sweden,MATERIAL_SAMPLE
59.22427,18.5448,2011,9,Sweden,MATERIAL_SAMPLE
59.22427,18.5448,2011,9,Sweden,MATERIAL_SAMPLE
59.23173,17.88071,2023,9,Sweden,HUMAN_OBSERVATION
59.23723,17.88005,2023,9,Sweden,HUMAN_OBSERVATION
59.23727,18.52427,2022,9,Sweden,MATERIAL_SAMPLE
59.23727,18.52427,2022,9,Sweden,MATERIAL_SAMPLE
59.23727,18.52427,2021,9,Sweden,MATERIAL_SAMPLE
59.23727,18.52427,2019,9,Sweden,MATERIAL_SAMPLE
59.23727,18.52427,2015,9,Sweden,MATERIAL_SAMPLE
59.23727,18.52427,2014,9,Sweden,MATERIAL_SAMPLE
59.23727,18.52427,2012,9,Sweden,MATERIAL_SAMPLE
59.23727,18.52427,2012,9,Sweden,MATERIAL_SAMPLE
59.23727,18.52427,2012,9,Sweden,MATERIAL_SAMPLE
59.23727,18.52427,2012,9,Sweden,MATERIAL_SAMPLE
59.24031,18.1604,2018,5,Sweden,HUMAN_OBSERVATION
59.24052,18.1631,2018,5,Sweden,HUMAN_OBSERVATION
59.262264,5.199727,2021,10,Norway,HUMAN_OBSERVATION
59.26266,5.19956,2023,12,Norway,HUMAN_OBSERVATION
59.26572,11.05289,2024,4,Norway,HUMAN_OBSERVATION
59.29732,18.64977,2023,1,Sweden,HUMAN_OBSERVATION
59.32512,18.71972,2012,9,Sweden,MATERIAL_SAMPLE
59.32512,18.71972,2012,9,Sweden,MATERIAL_SAMPLE
59.32512,18.71972,2012,9,Sweden,MATERIAL_SAMPLE
59.32512,18.71972,2011,9,Sweden,MATERIAL_SAMPLE
59.32512,18.71972,2011,9,Sweden,MATERIAL_SAMPLE
59.32512,18.71972,2011,9,Sweden,MATERIAL_SAMPLE
59.32591,18.71037,2019,9,Sweden,MATERIAL_SAMPLE
59.32591,18.71037,2018,9,Sweden,MATERIAL_SAMPLE
59.32591,18.71037,2016,9,Sweden,MATERIAL_SAMPLE
59.32591,18.71037,2015,9,Sweden,MATERIAL_SAMPLE
59.32591,18.71037,2014,9,Sweden,MATERIAL_SAMPLE
59.32591,18.71037,2014,9,Sweden,MATERIAL_SAMPLE
59.32591,18.71037,2014,9,Sweden,MATERIAL_SAMPLE
59.32591,18.71037,2012,9,Sweden,MATERIAL_SAMPLE
59.32591,18.71037,2012,9,Sweden,MATERIAL_SAMPLE
59.32591,18.71037,2011,9,Sweden,MATERIAL_SAMPLE
59.328265,10.685073,2023,10,Norway,HUMAN_OBSERVATION
59.335881,5.276204,2021,10,Norway,HUMAN_OBSERVATION
59.34084,18.71156,2012,9,Sweden,MATERIAL_SAMPLE
59.35567,24.03199,2017,9,Estonia,HUMAN_OBSERVATION
59.35598,24.03458,2017,9,Estonia,HUMAN_OBSERVATION
59.3565,26.3513,2020,9,Estonia,HUMAN_OBSERVATION
59.36335,24.03622,2017,9,Estonia,HUMAN_OBSERVATION
59.36341,24.03847,2017,9,Estonia,HUMAN_OBSERVATION
59.36413,24.03382,2017,9,Estonia,HUMAN_OBSERVATION
59.36518,26.34991,2020,9,Estonia,HUMAN_OBSERVATION
59.37292,24.03033,2017,9,Estonia,HUMAN_OBSERVATION
59.3764,26.3477,2020,9,Estonia,HUMAN_OBSERVATION
59.39103,27.03528,2023,4,Estonia,HUMAN_OBSERVATION
59.39103,27.03528,2020,5,Estonia,HUMAN_OBSERVATION
59.4003,27.83464,2016,8,Estonia,HUMAN_OBSERVATION
59.40531,17.9049,2019,6,Sweden,HUMAN_OBSERVATION
59.40691,5.327571,2020,9,Norway,HUMAN_OBSERVATION
59.407246,5.330567,2020,9,Norway,HUMAN_OBSERVATION
59.4083,27.83614,2016,8,Estonia,HUMAN_OBSERVATION
59.41986,27.52789,2019,4,Estonia,HUMAN_OBSERVATION
59.435924,10.374352,2022,3,Norway,HUMAN_OBSERVATION
59.43712,26.38028,2020,4,Estonia,HUMAN_OBSERVATION
59.47438,24.37197,2016,7,Estonia,HUMAN_OBSERVATION
59.47502,24.37092,2016,7,Estonia,HUMAN_OBSERVATION
59.490118,10.923217,2023,10,Norway,HUMAN_OBSERVATION
59.497643,10.242251,2024,10,Norway,HUMAN_OBSERVATION
59.50612,26.33665,2023,4,Estonia,HUMAN_OBSERVATION
59.50612,26.33665,2022,9,Estonia,HUMAN_OBSERVATION
59.507861,10.183134,2022,10,Norway,HUMAN_OBSERVATION
59.51305,24.92127,2016,9,Estonia,HUMAN_OBSERVATION
59.51377,25.00074,2018,9,Estonia,HUMAN_OBSERVATION
59.52021,24.91813,2018,9,Estonia,HUMAN_OBSERVATION
59.52131,26.74366,2017,8,Estonia,HUMAN_OBSERVATION
59.52145,26.74453,2017,8,Estonia,HUMAN_OBSERVATION
59.521485,26.743913,2016,8,Estonia,HUMAN_OBSERVATION
59.52407,26.74959,2016,8,Estonia,HUMAN_OBSERVATION
59.52469,26.75088,2016,8,Estonia,HUMAN_OBSERVATION
59.52535,26.75086,2016,8,Estonia,HUMAN_OBSERVATION
59.54639,26.6509,2016,8,Estonia,HUMAN_OBSERVATION
59.54659,26.6512,2016,8,Estonia,HUMAN_OBSERVATION
59.54743,26.65243,2016,8,Estonia,HUMAN_OBSERVATION
59.54807,26.65313,2017,8,Estonia,HUMAN_OBSERVATION
59.54911,26.65514,2016,8,Estonia,HUMAN_OBSERVATION
59.5496,26.65595,2017,8,Estonia,HUMAN_OBSERVATION
59.55079,26.65781,2016,8,Estonia,HUMAN_OBSERVATION
59.55136,24.88166,2017,8,Estonia,HUMAN_OBSERVATION
59.55431,26.69362,2017,11,Estonia,HUMAN_OBSERVATION
59.55726,26.70608,2018,8,Estonia,HUMAN_OBSERVATION
59.55726,26.70608,2017,11,Estonia,HUMAN_OBSERVATION
59.570565,11.081036,2024,10,Norway,HUMAN_OBSERVATION
59.60571,17.50958,2024,9,Sweden,HUMAN_OBSERVATION
59.62545,25.91283,2016,8,Estonia,HUMAN_OBSERVATION
59.62549,25.91241,2016,8,Estonia,HUMAN_OBSERVATION
59.625494,25.912181,2016,8,Estonia,HUMAN_OBSERVATION
59.625519,10.778045,2023,10,Norway,HUMAN_OBSERVATION
59.63622,25.96296,2016,7,Estonia,HUMAN_OBSERVATION
59.63647,25.96244,2016,7,Estonia,HUMAN_OBSERVATION
59.63727,25.96096,2016,7,Estonia,HUMAN_OBSERVATION
59.63759,25.96017,2016,7,Estonia,HUMAN_OBSERVATION
59.638,25.95932,2016,7,Estonia,HUMAN_OBSERVATION
59.643964,10.605009,2022,10,Norway,HUMAN_OBSERVATION
59.654156,25.742139,2016,7,Estonia,HUMAN_OBSERVATION
59.65424,25.74259,2016,7,Estonia,HUMAN_OBSERVATION
59.65472,25.74355,2016,7,Estonia,HUMAN_OBSERVATION
59.65498,25.7444,2016,7,Estonia,HUMAN_OBSERVATION
59.674038,10.252413,2024,10,Norway,HUMAN_OBSERVATION
59.684058,10.752948,2023,10,Norway,HUMAN_OBSERVATION
59.688095,10.52232,2022,10,Norway,HUMAN_OBSERVATION
59.693091,10.47286,2022,10,Norway,HUMAN_OBSERVATION
59.709312,10.273248,2021,4,Norway,HUMAN_OBSERVATION
59.711732,10.647521,2022,10,Norway,HUMAN_OBSERVATION
59.712823,10.267675,2021,4,Norway,HUMAN_OBSERVATION
59.718944,10.662356,2022,10,Norway,HUMAN_OBSERVATION
59.740849,10.238846,2019,7,Norway,HUMAN_OBSERVATION
59.740969,10.239402,2021,4,Norway,HUMAN_OBSERVATION
59.749886,10.287131,2023,10,Norway,HUMAN_OBSERVATION
59.751906,10.396355,2022,10,Norway,HUMAN_OBSERVATION
59.765308,10.80414,2023,5,Norway,HUMAN_OBSERVATION
59.765308,10.80414,2021,10,Norway,HUMAN_OBSERVATION
59.773103,10.267591,2023,10,Norway,HUMAN_OBSERVATION
59.776885,22.086854,2020,7,Finland,HUMAN_OBSERVATION
59.776969,22.086931,2020,7,Finland,HUMAN_OBSERVATION
59.777045,22.087027,2020,7,Finland,HUMAN_OBSERVATION
59.77712,22.087123,2020,7,Finland,HUMAN_OBSERVATION
59.777196,22.087219,2020,7,Finland,HUMAN_OBSERVATION
59.790665,10.734982,2021,10,Norway,HUMAN_OBSERVATION
59.801665,10.418121,2022,10,Norway,HUMAN_OBSERVATION
59.803601,10.788089,2023,5,Norway,HUMAN_OBSERVATION
59.803601,10.788089,2023,10,Norway,HUMAN_OBSERVATION
59.803601,10.788089,2021,4,Norway,HUMAN_OBSERVATION
59.803601,10.788089,2021,10,Norway,HUMAN_OBSERVATION
59.803601,10.788089,2019,4,Norway,HUMAN_OBSERVATION
59.80542,17.66541,2025,4,Sweden,HUMAN_OBSERVATION
59.81094,23.206216,2018,,Finland,OCCURRENCE
59.81094,23.206216,2018,,Finland,OCCURRENCE
59.81094,23.206216,2018,,Finland,OCCURRENCE
59.81094,23.206216,2018,,Finland,OCCURRENCE
59.813816,10.482403,2022,10,Norway,HUMAN_OBSERVATION
59.814086,22.089315,2020,9,Finland,HUMAN_OBSERVATION
59.81455,17.67063,2023,6,Sweden,HUMAN_OBSERVATION
59.815991,10.322953,2022,10,Norway,HUMAN_OBSERVATION
59.817033,10.471638,2022,10,Norway,HUMAN_OBSERVATION
59.817476,10.439181,2019,10,Norway,HUMAN_OBSERVATION
59.818989,10.772163,2025,3,Norway,HUMAN_OBSERVATION
59.821725,10.352433,2022,10,Norway,HUMAN_OBSERVATION
59.823964,10.234122,2023,10,Norway,HUMAN_OBSERVATION
59.826515,10.225401,2023,10,Norway,HUMAN_OBSERVATION
59.835197,10.466312,2022,10,Norway,HUMAN_OBSERVATION
59.850072,10.246984,2023,10,Norway,HUMAN_OBSERVATION
59.859064,10.220978,2023,10,Norway,HUMAN_OBSERVATION
59.866373,10.490421,2022,10,Norway,HUMAN_OBSERVATION
59.871016,10.541543,2022,10,Norway,HUMAN_OBSERVATION
59.895642,10.43115,2024,10,Norway,HUMAN_OBSERVATION
59.910215,10.517972,2022,10,Norway,HUMAN_OBSERVATION
59.925023,-1.321171,2018,7,United Kingdom of Great Britain and Northern Ireland,HUMAN_OBSERVATION
59.92534,24.43251,2008,7,Finland,MATERIAL_SAMPLE
59.9269,-1.337232,2018,7,United Kingdom of Great Britain and Northern Ireland,HUMAN_OBSERVATION
59.941301,-1.344104,2018,7,United Kingdom of Great Britain and Northern Ireland,HUMAN_OBSERVATION
59.94605,10.594523,2022,10,Norway,HUMAN_OBSERVATION
59.954494,10.607458,2022,10,Norway,HUMAN_OBSERVATION
59.96016,24.40135,2008,7,Finland,MATERIAL_SAMPLE
60.019959,24.415314,2016,9,Finland,HUMAN_OBSERVATION
60.05073,24.27311,1976,9,Finland,MATERIAL_SAMPLE
60.10254,20.3233,2000,8,Åland Islands,MATERIAL_SAMPLE
60.13403,22.89978,1994,10,Finland,MATERIAL_SAMPLE
60.16,24.90361,2018,5,Finland,OCCURRENCE
60.16221,21.28754,1994,10,Finland,MATERIAL_SAMPLE
60.16909,18.6364,2017,9,Sweden,HUMAN_OBSERVATION
60.169463,11.029808,2023,10,Norway,HUMAN_OBSERVATION
60.17081,18.61025,2017,9,Sweden,HUMAN_OBSERVATION
60.17238,24.81869,1991,11,Finland,MATERIAL_SAMPLE
60.17885,18.66899,2017,9,Sweden,HUMAN_OBSERVATION
60.1802,19.99878,2000,6,Åland Islands,MATERIAL_SAMPLE
60.18321,20.05596,2000,6,Åland Islands,MATERIAL_SAMPLE
60.18516,21.35669,1994,10,Finland,MATERIAL_SAMPLE
60.19322,18.51408,2023,9,Sweden,HUMAN_OBSERVATION
60.19482,18.65053,2017,9,Sweden,HUMAN_OBSERVATION
60.20678,18.4655,2016,7,Sweden,HUMAN_OBSERVATION
60.244624,21.975704,2019,6,Finland,MACHINE_OBSERVATION
60.26754,21.42817,1991,9,Finland,MATERIAL_SAMPLE
60.27937,19.97644,2000,6,Åland Islands,MATERIAL_SAMPLE
60.28962,25.543712,2013,8,Finland,OCCURRENCE
60.29554,19.9766,2000,6,Åland Islands,MATERIAL_SAMPLE
60.297469,25.547569,2013,8,Finland,OCCURRENCE
60.297469,25.547569,2013,8,Finland,OCCURRENCE
60.297469,25.547569,2013,8,Finland,OCCURRENCE
60.297469,25.547569,2013,8,Finland,OCCURRENCE
60.297469,25.547569,2013,8,Finland,OCCURRENCE
60.297962,25.54655,2013,8,Finland,OCCURRENCE
60.305042,25.550905,2013,8,Finland,OCCURRENCE
60.30672,20.30742,2000,8,Åland Islands,MATERIAL_SAMPLE
60.306788,25.551807,2013,8,Finland,OCCURRENCE
60.306788,25.551807,2013,8,Finland,OCCURRENCE
60.309517,25.552225,2013,8,Finland,OCCURRENCE
60.32221,19.92227,2000,6,Åland Islands,MATERIAL_SAMPLE
60.36052,22.04676,1956,9,Finland,MATERIAL_SAMPLE
60.37023,26.35189,1997,9,Finland,MATERIAL_SAMPLE
60.3705,26.35062,2000,5,Finland,MATERIAL_SAMPLE
60.3705,26.35062,1993,5,Finland,MATERIAL_SAMPLE
60.397,22.27991,1991,9,Finland,MATERIAL_SAMPLE
60.42169,22.2436,2000,10,Finland,MATERIAL_SAMPLE
60.4315,22.20142,2000,10,Finland,MATERIAL_SAMPLE
60.435826,26.866008,2023,11,Finland,HUMAN_OBSERVATION
60.435983,26.850751,2023,11,Finland,MACHINE_OBSERVATION
60.44149,18.22782,2022,5,Sweden,HUMAN_OBSERVATION
60.44149,18.22782,2021,6,Sweden,HUMAN_OBSERVATION
60.44149,18.22782,2020,5,Sweden,HUMAN_OBSERVATION
60.44983,18.33316,2021,6,Sweden,HUMAN_OBSERVATION
60.517206,27.153225,2013,8,Finland,OCCURRENCE
60.517206,27.153225,2013,8,Finland,OCCURRENCE
60.517206,27.153225,2013,8,Finland,OCCURRENCE
60.53382,27.14664,1992,5,Finland,MATERIAL_SAMPLE
60.615513,11.976721,2020,10,Norway,HUMAN_OBSERVATION
60.656681,10.77448,2019,10,Norway,HUMAN_OBSERVATION
60.74046,21.35182,1996,8,Finland,MATERIAL_SAMPLE
60.791598,10.749133,2020,10,Norway,HUMAN_OBSERVATION
61.24145,21.41051,2000,9,Finland,MATERIAL_SAMPLE
61.24145,21.41051,1999,9,Finland,MATERIAL_SAMPLE
61.24145,21.41051,1995,9,Finland,MATERIAL_SAMPLE
61.25635,21.42075,1998,9,Finland,MATERIAL_SAMPLE
61.263835,21.294641,2021,9,Finland,HUMAN_OBSERVATION
61.263863,21.294467,2021,9,Finland,HUMAN_OBSERVATION
61.263929,21.2941,2021,9,Finland,HUMAN_OBSERVATION
61.263957,21.293927,2021,9,Finland,HUMAN_OBSERVATION
61.263995,21.293752,2021,9,Finland,HUMAN_OBSERVATION
61.264023,21.29356,2021,9,Finland,HUMAN_OBSERVATION
61.264045,21.293443,2021,9,Finland,HUMAN_OBSERVATION
61.264059,21.293347,2021,9,Finland,HUMAN_OBSERVATION
61.264088,21.293174,2021,9,Finland,HUMAN_OBSERVATION
61.264118,21.293038,2021,9,Finland,HUMAN_OBSERVATION
62.144548,6.097402,2023,9,Norway,HUMAN_OBSERVATION
62.42723,21.1952,2000,8,Finland,MATERIAL_SAMPLE
62.85377,18.27848,2015,8,Sweden,MATERIAL_SAMPLE
62.85377,18.27848,2015,8,Sweden,MATERIAL_SAMPLE
62.85377,18.27848,2015,8,Sweden,MATERIAL_SAMPLE
62.85377,18.27848,2015,8,Sweden,MATERIAL_SAMPLE
62.8754,18.29048,2015,8,Sweden,MATERIAL_SAMPLE
62.899682,7.423141,2022,9,Norway,HUMAN_OBSERVATION
62.899682,7.423141,2022,9,Norway,HUMAN_OBSERVATION
62.899702,7.423101,2016,9,Norway,HUMAN_OBSERVATION
62.95126,21.4214,2007,6,Finland,MATERIAL_SAMPLE
62.995637,7.470818,2023,9,Norway,HUMAN_OBSERVATION
62.99737,18.64919,2016,9,Sweden,HUMAN_OBSERVATION
62.99768,18.64835,2016,9,Sweden,HUMAN_OBSERVATION
63.00476,21.1683,1999,10,Finland,MATERIAL_SAMPLE
63.008538,7.565957,2023,9,Norway,HUMAN_OBSERVATION
63.085881,10.251747,2022,10,Norway,HUMAN_OBSERVATION
63.09038,21.36453,1996,10,Finland,MATERIAL_SAMPLE
63.09628,21.55182,1991,10,Finland,MATERIAL_SAMPLE
63.10955,21.5809,1999,10,Finland,MATERIAL_SAMPLE
63.24862,21.74116,1995,9,Finland,MATERIAL_SAMPLE
63.265074,9.803365,2021,11,Norway,HUMAN_OBSERVATION
63.29127,21.61665,1990,10,Finland,MATERIAL_SAMPLE
63.363507,10.463862,2019,10,Norway,HUMAN_OBSERVATION
63.365089,10.439282,2019,10,Norway,HUMAN_OBSERVATION
63.421966,10.685984,2024,6,Norway,HUMAN_OBSERVATION
63.48961,22.3131,2010,6,Finland,MATERIAL_SAMPLE
65.23375,21.62991,2023,1,Sweden,HUMAN_OBSERVATION
67.08475,20.345,2021,7,Sweden,HUMAN_OBSERVATION
