latitude,longitude,year,month,country,basisOfRecord
28.107593,-16.72973,2013,11,Spain,HUMAN_OBSERVATION
28.107593,-16.72973,2013,11,Spain,HUMAN_OBSERVATION
28.301083,-16.367308,2021,11,Spain,HUMAN_OBSERVATION
28.986044,-13.508569,2023,7,Spain,HUMAN_OBSERVATION
36.010206,-5.609717,2020,1,Spain,HUMAN_OBSERVATION
36.036137,-5.518852,2005,5,Spain,HUMAN_OBSERVATION
36.043582,-5.638607,2023,3,Spain,HUMAN_OBSERVATION
36.062982,-5.699712,2023,3,Spain,HUMAN_OBSERVATION
36.062982,-5.699712,2023,3,Spain,HUMAN_OBSERVATION
36.063726,-5.727717,2022,6,Spain,HUMAN_OBSERVATION
36.063726,-5.727717,2022,6,Spain,HUMAN_OBSERVATION
36.06433,-5.699042,2022,4,Spain,HUMAN_OBSERVATION
36.064919,-5.434799,2013,11,Spain,HUMAN_OBSERVATION
36.065069,-5.434539,2013,11,Spain,HUMAN_OBSERVATION
36.069746,-5.434123,2013,7,Spain,HUMAN_OBSERVATION
36.069751,-5.43408,2013,7,Spain,HUMAN_OBSERVATION
36.069822,-5.433995,2013,7,Spain,HUMAN_OBSERVATION
36.07335,-5.751998,2024,3,Spain,HUMAN_OBSERVATION
36.076279,-5.42521,2012,2,Spain,HUMAN_OBSERVATION
36.082332,-5.417032,2017,10,Spain,HUMAN_OBSERVATION
36.083008,-5.76435,2025,3,Spain,HUMAN_OBSERVATION
36.083049,-5.764399,2025,3,Spain,HUMAN_OBSERVATION
36.083416,-5.764354,2024,3,Spain,HUMAN_OBSERVATION
36.083731,-5.766377,2024,12,Spain,HUMAN_OBSERVATION
36.088783,-5.803871,2014,6,Spain,HUMAN_OBSERVATION
36.186537,-6.022911,2022,9,Spain,HUMAN_OBSERVATION
36.186813,-6.022533,2022,9,Spain,HUMAN_OBSERVATION
36.186813,-6.022533,2022,9,Spain,HUMAN_OBSERVATION
36.205903,-5.325508,2024,8,Spain,HUMAN_OBSERVATION
36.225,-5.3138,2014,7,Spain,MACHINE_OBSERVATION
36.225,-5.3138,2014,7,Spain,MACHINE_OBSERVATION
36.306732,-5.25961,2014,12,Spain,HUMAN_OBSERVATION
36.472926,-6.258945,2013,6,Spain,HUMAN_OBSERVATION
36.479828,-6.262207,2013,6,Spain,HUMAN_OBSERVATION
36.514272,-6.284729,2023,4,Spain,HUMAN_OBSERVATION
36.528975,-6.312178,2015,4,Spain,HUMAN_OBSERVATION
36.583762,-6.249161,2013,10,Spain,HUMAN_OBSERVATION
36.661621,-6.404615,2022,6,Spain,HUMAN_OBSERVATION
36.661621,-6.404615,2022,6,Spain,HUMAN_OBSERVATION
36.695645,-2.84977,2025,2,Spain,HUMAN_OBSERVATION
36.722366,-2.193521,2019,6,Spain,HUMAN_OBSERVATION
36.775192,-2.062683,,,Spain,OCCURRENCE
36.937365,-25.105259,2016,,Portugal,HUMAN_OBSERVATION
36.940195,-25.150384,2016,,Portugal,HUMAN_OBSERVATION
36.943886,-25.014773,2019,,Portugal,HUMAN_OBSERVATION
36.945797,-25.146063,2019,,Portugal,HUMAN_OBSERVATION
36.945797,-25.146063,2016,,Portugal,HUMAN_OBSERVATION
36.94734,-25.088821,2019,,Portugal,HUMAN_OBSERVATION
36.94734,-25.088821,2008,,Portugal,HUMAN_OBSERVATION
36.950235,-25.095009,2011,,Portugal,HUMAN_OBSERVATION
36.985383,-25.050515,2019,,Portugal,HUMAN_OBSERVATION
36.985383,-25.050515,2019,,Portugal,HUMAN_OBSERVATION
36.985383,-25.050515,2008,,Portugal,HUMAN_OBSERVATION
36.985383,-25.050515,2008,,Portugal,HUMAN_OBSERVATION
36.9858,-25.049216,2011,,Portugal,HUMAN_OBSERVATION
36.99533,-25.052727,2008,,Portugal,HUMAN_OBSERVATION
36.996286,-25.045811,2008,,Portugal,HUMAN_OBSERVATION
36.9977,-7.9731,2014,6,Portugal,MATERIAL_SAMPLE
37.004655,-8.934401,2023,5,Portugal,HUMAN_OBSERVATION
37.004892,-8.93437,2023,5,Portugal,HUMAN_OBSERVATION
37.004928,-8.934362,2023,5,Portugal,HUMAN_OBSERVATION
37.004928,-8.934362,2023,5,Portugal,HUMAN_OBSERVATION
37.004998,-25.159629,2011,,Portugal,HUMAN_OBSERVATION
37.005173,-25.157061,2007,,Portugal,HUMAN_OBSERVATION
37.005206,-8.934765,2023,5,Portugal,HUMAN_OBSERVATION
37.005419,-8.938885,2023,5,Portugal,HUMAN_OBSERVATION
37.008405,-8.926345,2023,5,Portugal,HUMAN_OBSERVATION
37.008412,-8.926396,2024,5,Portugal,HUMAN_OBSERVATION
37.010028,-8.93027,2025,5,Portugal,HUMAN_OBSERVATION
37.010253,-8.9303,2022,10,Portugal,HUMAN_OBSERVATION
37.011001,-8.925029,,,Portugal,OCCURRENCE
37.011627,-8.930447,2023,5,Portugal,HUMAN_OBSERVATION
37.011627,-8.930447,2023,5,Portugal,HUMAN_OBSERVATION
37.011627,-8.930447,2023,5,Portugal,HUMAN_OBSERVATION
37.011627,-8.930447,2023,5,Portugal,HUMAN_OBSERVATION
37.01164,-8.930442,2023,5,Portugal,HUMAN_OBSERVATION
37.011668,-8.930703,2023,5,Portugal,HUMAN_OBSERVATION
37.012072,-25.146074,2011,,Portugal,HUMAN_OBSERVATION
37.012164,-8.930358,2023,5,Portugal,HUMAN_OBSERVATION
37.012181,-8.930165,2023,5,Portugal,HUMAN_OBSERVATION
37.012285,-8.930298,2023,5,Portugal,HUMAN_OBSERVATION
37.012293,-8.930018,2024,5,Portugal,HUMAN_OBSERVATION
37.012407,-8.929957,2023,5,Portugal,HUMAN_OBSERVATION
37.013092,-8.929967,2023,5,Portugal,HUMAN_OBSERVATION
37.014558,-7.806546,2025,4,Portugal,HUMAN_OBSERVATION
37.016606,-7.807495,2025,4,Portugal,HUMAN_OBSERVATION
37.016722,-7.80831,2025,4,Portugal,HUMAN_OBSERVATION
37.016742,-7.807492,2025,4,Portugal,HUMAN_OBSERVATION
37.016829,-8.940593,2017,4,Portugal,HUMAN_OBSERVATION
37.017014,-7.809912,2025,4,Portugal,HUMAN_OBSERVATION
37.01801,-8.91953,2019,5,Portugal,HUMAN_OBSERVATION
37.020308,-7.808886,2025,4,Portugal,HUMAN_OBSERVATION
37.02109,-8.921792,2002,10,Portugal,HUMAN_OBSERVATION
37.02405,-8.90577,2019,5,Portugal,HUMAN_OBSERVATION
37.02405,-8.90577,2019,5,Portugal,HUMAN_OBSERVATION
37.03342,-8.89622,2020,9,Portugal,HUMAN_OBSERVATION
37.042684,-8.895165,2023,5,Portugal,HUMAN_OBSERVATION
37.045155,-8.877728,2001,11,Portugal,HUMAN_OBSERVATION
37.045803,-8.979338,2023,7,Portugal,HUMAN_OBSERVATION
37.045834,-8.878382,2023,5,Portugal,HUMAN_OBSERVATION
37.045974,-8.879343,2023,5,Portugal,HUMAN_OBSERVATION
37.04619,-8.878651,2023,5,Portugal,HUMAN_OBSERVATION
37.046576,-8.879049,2023,5,Portugal,HUMAN_OBSERVATION
37.04831,-8.98581,2019,6,Portugal,HUMAN_OBSERVATION
37.04831,-8.98581,2019,6,Portugal,HUMAN_OBSERVATION
37.06253,-8.82032,2019,5,Portugal,HUMAN_OBSERVATION
37.06253,-8.82032,2019,5,Portugal,HUMAN_OBSERVATION
37.066254,-8.807981,2022,8,Portugal,HUMAN_OBSERVATION
37.068357,-8.776625,2018,8,Portugal,HUMAN_OBSERVATION
37.072434,-8.298182,2002,10,Portugal,HUMAN_OBSERVATION
37.074314,-8.304343,2023,4,Portugal,HUMAN_OBSERVATION
37.074458,-8.303817,2022,3,Portugal,HUMAN_OBSERVATION
37.074458,-8.303817,2022,3,Portugal,HUMAN_OBSERVATION
37.076112,-8.277359,2022,4,Portugal,HUMAN_OBSERVATION
37.076113,-8.277285,2022,4,Portugal,HUMAN_OBSERVATION
37.076481,-8.276022,2020,2,Portugal,HUMAN_OBSERVATION
37.07699,-8.275744,2022,5,Portugal,HUMAN_OBSERVATION
37.077626,-8.275675,2022,4,Portugal,HUMAN_OBSERVATION
37.08382,-8.96357,2019,8,Portugal,HUMAN_OBSERVATION
37.08382,-8.96357,2019,8,Portugal,HUMAN_OBSERVATION
37.08385,-8.681465,2002,10,Portugal,HUMAN_OBSERVATION
37.084187,-8.729989,2001,11,Portugal,HUMAN_OBSERVATION
37.086819,-8.686018,2021,4,Portugal,HUMAN_OBSERVATION
37.089327,-8.188497,2002,10,Portugal,HUMAN_OBSERVATION
37.091115,-8.66897,2001,11,Portugal,HUMAN_OBSERVATION
37.09459,-8.96021,2019,8,Portugal,HUMAN_OBSERVATION
37.09459,-8.96021,2019,8,Portugal,HUMAN_OBSERVATION
37.099716,-8.946006,2024,5,Portugal,HUMAN_OBSERVATION
37.099832,-8.94627,2025,5,Portugal,HUMAN_OBSERVATION
37.099832,-8.94627,2025,5,Portugal,HUMAN_OBSERVATION
37.099832,-8.94627,2024,5,Portugal,HUMAN_OBSERVATION
37.099926,-8.945449,2024,5,Portugal,HUMAN_OBSERVATION
37.100771,-8.945415,2024,5,Portugal,HUMAN_OBSERVATION
37.102286,-8.945245,2025,5,Portugal,HUMAN_OBSERVATION
37.102333,-8.945397,2025,5,Portugal,HUMAN_OBSERVATION
37.102461,-8.945659,2001,11,Portugal,HUMAN_OBSERVATION
37.102592,-8.94493,2024,5,Portugal,HUMAN_OBSERVATION
37.103011,-8.944847,2024,5,Portugal,HUMAN_OBSERVATION
37.103269,-8.944898,2025,5,Portugal,HUMAN_OBSERVATION
37.104116,-8.945664,2024,5,Portugal,HUMAN_OBSERVATION
37.13,-8.46,,,Portugal,MATERIAL_SAMPLE
37.17244,-8.90947,2020,7,Portugal,HUMAN_OBSERVATION
37.17244,-8.90947,2020,7,Portugal,HUMAN_OBSERVATION
37.174986,-8.908935,2025,5,Portugal,HUMAN_OBSERVATION
37.18977,-8.91432,2020,7,Portugal,HUMAN_OBSERVATION
37.190752,-8.909007,2023,3,Portugal,HUMAN_OBSERVATION
37.191079,-8.923742,2019,9,Portugal,HUMAN_OBSERVATION
37.19446,-8.91804,2020,7,Portugal,HUMAN_OBSERVATION
37.19446,-8.91804,2020,7,Portugal,HUMAN_OBSERVATION
37.196475,-8.904197,2020,8,Portugal,HUMAN_OBSERVATION
37.198165,-8.905809,2024,5,Portugal,HUMAN_OBSERVATION
37.198242,-8.905696,2024,5,Portugal,HUMAN_OBSERVATION
37.198302,-8.905749,2024,5,Portugal,HUMAN_OBSERVATION
37.198387,-8.891713,2024,5,Portugal,HUMAN_OBSERVATION
37.198392,-8.905739,2024,5,Portugal,HUMAN_OBSERVATION
37.198395,-8.906101,2024,5,Portugal,HUMAN_OBSERVATION
37.198527,-8.905722,2024,5,Portugal,HUMAN_OBSERVATION
37.198554,-8.905766,2024,5,Portugal,HUMAN_OBSERVATION
37.198605,-8.906057,2024,5,Portugal,HUMAN_OBSERVATION
37.19864,-8.906095,2024,5,Portugal,HUMAN_OBSERVATION
37.198823,-8.898322,2024,5,Portugal,HUMAN_OBSERVATION
37.257,-8.8682,2019,9,Portugal,HUMAN_OBSERVATION
37.257,-8.8682,2019,9,Portugal,HUMAN_OBSERVATION
37.26518,-8.8656,2019,9,Portugal,HUMAN_OBSERVATION
37.28605,-8.8673,2019,9,Portugal,HUMAN_OBSERVATION
37.28605,-8.8673,2019,9,Portugal,HUMAN_OBSERVATION
37.289191,-8.864691,2002,10,Portugal,HUMAN_OBSERVATION
37.29849,-8.87668,2019,9,Portugal,HUMAN_OBSERVATION
37.29849,-8.87668,2019,9,Portugal,HUMAN_OBSERVATION
37.30323,-8.87847,2019,9,Portugal,HUMAN_OBSERVATION
37.31423,-8.87672,2019,9,Portugal,HUMAN_OBSERVATION
37.32081,-8.88052,2019,9,Portugal,HUMAN_OBSERVATION
37.32081,-8.88052,2019,9,Portugal,HUMAN_OBSERVATION
37.338598,-8.852222,2024,5,Portugal,HUMAN_OBSERVATION
37.340073,-8.855755,2024,5,Portugal,HUMAN_OBSERVATION
37.340579,-8.854811,2001,11,Portugal,HUMAN_OBSERVATION
37.340685,-8.853214,2024,5,Portugal,HUMAN_OBSERVATION
37.341281,-8.85312,2024,5,Portugal,HUMAN_OBSERVATION
37.353022,-8.844998,2023,9,Portugal,HUMAN_OBSERVATION
37.365092,-8.837342,2023,8,Portugal,HUMAN_OBSERVATION
37.365092,-8.837342,2023,8,Portugal,HUMAN_OBSERVATION
37.375638,-8.856327,2019,9,Portugal,HUMAN_OBSERVATION
37.382567,-8.826646,2002,10,Portugal,HUMAN_OBSERVATION
37.382966,-8.826563,2021,8,Portugal,HUMAN_OBSERVATION
37.384463,-1.615312,2011,1,Spain,HUMAN_OBSERVATION
37.392827,-8.839212,2019,9,Portugal,HUMAN_OBSERVATION
37.40019,-1.583565,2012,3,Spain,HUMAN_OBSERVATION
37.444421,-8.80036,,,Portugal,OCCURRENCE
37.450828,-8.82261,2024,5,Portugal,HUMAN_OBSERVATION
37.453731,-8.817962,2020,9,Portugal,HUMAN_OBSERVATION
37.479467,-8.802967,2019,9,Portugal,HUMAN_OBSERVATION
37.479467,-8.802967,2019,9,Portugal,HUMAN_OBSERVATION
37.490017,-8.799817,2019,9,Portugal,HUMAN_OBSERVATION
37.490017,-8.799817,2019,9,Portugal,HUMAN_OBSERVATION
37.519353,-8.788402,2024,9,Portugal,HUMAN_OBSERVATION
37.524209,-8.788036,2001,11,Portugal,HUMAN_OBSERVATION
37.530258,-8.786325,2024,10,Portugal,HUMAN_OBSERVATION
37.53605,-8.798467,2019,9,Portugal,HUMAN_OBSERVATION
37.543367,-8.793533,2019,9,Portugal,HUMAN_OBSERVATION
37.588117,-8.816817,2019,8,Portugal,HUMAN_OBSERVATION
37.588117,-8.816817,2019,8,Portugal,HUMAN_OBSERVATION
37.597717,-8.820317,2019,8,Portugal,HUMAN_OBSERVATION
37.597717,-8.820317,2019,8,Portugal,HUMAN_OBSERVATION
37.626967,-8.8147,2019,8,Portugal,HUMAN_OBSERVATION
37.626967,-8.8147,2019,8,Portugal,HUMAN_OBSERVATION
37.6378,-8.813717,2019,8,Portugal,HUMAN_OBSERVATION
37.6378,-8.813717,2019,8,Portugal,HUMAN_OBSERVATION
37.648935,-8.805241,2022,8,Portugal,HUMAN_OBSERVATION
37.653056,-8.8025,2022,1,Portugal,HUMAN_OBSERVATION
37.653088,-8.802745,2023,3,Portugal,HUMAN_OBSERVATION
37.680383,-8.80285,2019,9,Portugal,HUMAN_OBSERVATION
37.680383,-8.80285,2019,9,Portugal,HUMAN_OBSERVATION
37.68591,-8.80926,2020,9,Portugal,HUMAN_OBSERVATION
37.694933,-8.801083,2019,9,Portugal,HUMAN_OBSERVATION
37.694933,-8.801083,2019,9,Portugal,HUMAN_OBSERVATION
37.703,-25.5091,2016,,Portugal,HUMAN_OBSERVATION
37.703,-25.5091,2016,,Portugal,HUMAN_OBSERVATION
37.7039,-25.4422,2016,,Portugal,HUMAN_OBSERVATION
37.7039,-25.4422,2016,,Portugal,HUMAN_OBSERVATION
37.710695,-8.790823,2024,6,Portugal,HUMAN_OBSERVATION
37.7126,-25.4953,2016,,Portugal,HUMAN_OBSERVATION
37.7132,-25.4956,1998,,Portugal,HUMAN_OBSERVATION
37.7132,-25.4956,1998,,Portugal,HUMAN_OBSERVATION
37.714,-25.53,2012,,Portugal,HUMAN_OBSERVATION
37.7189,-25.5372,2016,,Portugal,HUMAN_OBSERVATION
37.7195,-25.5375,2019,,Portugal,HUMAN_OBSERVATION
37.7195,-25.5375,2019,,Portugal,HUMAN_OBSERVATION
37.719516,-8.791535,2025,4,Portugal,HUMAN_OBSERVATION
37.720533,-8.792396,2025,4,Portugal,HUMAN_OBSERVATION
37.720834,-8.792484,2001,11,Portugal,HUMAN_OBSERVATION
37.7241,-25.3102,2016,,Portugal,HUMAN_OBSERVATION
37.724597,-8.792695,2025,5,Portugal,HUMAN_OBSERVATION
37.7396,-25.6569,1994,,Portugal,HUMAN_OBSERVATION
37.7435,-25.6389,2016,,Portugal,HUMAN_OBSERVATION
37.744617,-8.816067,2019,8,Portugal,HUMAN_OBSERVATION
37.744617,-8.816067,2019,8,Portugal,HUMAN_OBSERVATION
37.7451,-25.6271,2016,,Portugal,HUMAN_OBSERVATION
37.75225,-8.814,2019,8,Portugal,HUMAN_OBSERVATION
37.7615,-25.7417,2016,,Portugal,HUMAN_OBSERVATION
37.777916,-8.819408,2020,8,Portugal,HUMAN_OBSERVATION
37.780472,-8.812278,2020,8,Portugal,HUMAN_OBSERVATION
37.7825,-25.7764,2016,,Portugal,HUMAN_OBSERVATION
37.8034,-25.8028,1998,,Portugal,HUMAN_OBSERVATION
37.8034,-25.8028,1998,,Portugal,HUMAN_OBSERVATION
37.8034,-25.8028,1998,,Portugal,HUMAN_OBSERVATION
37.80345,-8.813083,2019,8,Portugal,HUMAN_OBSERVATION
37.80345,-8.813083,2019,8,Portugal,HUMAN_OBSERVATION
37.808617,-8.809433,2019,8,Portugal,HUMAN_OBSERVATION
37.808617,-8.809433,2019,8,Portugal,HUMAN_OBSERVATION
37.817144,23.76299,2020,6,Greece,HUMAN_OBSERVATION
37.820015,-8.79405,2025,5,Portugal,HUMAN_OBSERVATION
37.820059,-8.793436,2002,10,Portugal,HUMAN_OBSERVATION
37.820186,-8.793607,2025,5,Portugal,HUMAN_OBSERVATION
37.8245,-25.6047,1998,,Portugal,HUMAN_OBSERVATION
37.828333,-8.800433,2019,7,Portugal,HUMAN_OBSERVATION
37.828333,-8.800433,2019,7,Portugal,HUMAN_OBSERVATION
37.8295,-8.8029,2019,10,Portugal,HUMAN_OBSERVATION
37.8295,-8.8029,2019,10,Portugal,HUMAN_OBSERVATION
37.8297,-25.4143,2016,,Portugal,HUMAN_OBSERVATION
37.83055,-8.802133,2019,10,Portugal,HUMAN_OBSERVATION
37.83055,-8.802133,2019,10,Portugal,HUMAN_OBSERVATION
37.8342,-25.6685,1998,,Portugal,HUMAN_OBSERVATION
37.834293,-8.799822,,,Portugal,OCCURRENCE
37.8343,-25.395,1998,,Portugal,HUMAN_OBSERVATION
37.8343,-25.395,1998,,Portugal,HUMAN_OBSERVATION
37.8343,-25.395,1998,,Portugal,HUMAN_OBSERVATION
37.8347,-25.6678,1994,,Portugal,HUMAN_OBSERVATION
37.8357,-25.4833,2016,,Portugal,HUMAN_OBSERVATION
37.8357,-25.4833,2016,,Portugal,HUMAN_OBSERVATION
37.836717,-8.800167,2019,7,Portugal,HUMAN_OBSERVATION
37.836717,-8.800167,2019,7,Portugal,HUMAN_OBSERVATION
37.8456,-25.3999,2016,,Portugal,HUMAN_OBSERVATION
37.846117,-8.801033,2019,7,Portugal,HUMAN_OBSERVATION
37.849,-25.3544,2016,,Portugal,HUMAN_OBSERVATION
37.849438,23.743825,2023,1,Greece,HUMAN_OBSERVATION
37.849487,-8.795959,2021,11,Portugal,HUMAN_OBSERVATION
37.850367,-8.80085,2019,7,Portugal,HUMAN_OBSERVATION
37.850367,-8.80085,2019,7,Portugal,HUMAN_OBSERVATION
37.876772,-8.795116,2021,11,Portugal,HUMAN_OBSERVATION
37.877705,-8.816179,2020,8,Portugal,HUMAN_OBSERVATION
37.87935,-8.8028,2019,7,Portugal,HUMAN_OBSERVATION
37.87935,-8.8028,2019,7,Portugal,HUMAN_OBSERVATION
37.880817,-8.802683,2019,7,Portugal,HUMAN_OBSERVATION
37.880817,-8.802683,2019,7,Portugal,HUMAN_OBSERVATION
37.885199,-8.795712,2020,8,Portugal,HUMAN_OBSERVATION
37.89,-0.74,2018,6,Spain,HUMAN_OBSERVATION
37.89,-0.74,2012,8,Spain,HUMAN_OBSERVATION
37.891804,-8.797249,2001,11,Portugal,HUMAN_OBSERVATION
37.897341,-8.798699,2025,4,Portugal,HUMAN_OBSERVATION
37.898258,-25.822226,2022,6,Portugal,HUMAN_OBSERVATION
37.8997,-25.8202,1998,,Portugal,HUMAN_OBSERVATION
37.899883,-8.805067,2019,9,Portugal,HUMAN_OBSERVATION
37.899883,-8.805067,2019,9,Portugal,HUMAN_OBSERVATION
37.9,-0.7,2013,7,Spain,HUMAN_OBSERVATION
37.9003,-25.8199,1998,,Portugal,HUMAN_OBSERVATION
37.9003,-25.8199,1998,,Portugal,HUMAN_OBSERVATION
37.9008,-25.8183,1998,,Portugal,HUMAN_OBSERVATION
37.9008,-25.8183,1998,,Portugal,HUMAN_OBSERVATION
37.902317,-8.805317,2019,9,Portugal,HUMAN_OBSERVATION
37.902317,-8.805317,2019,9,Portugal,HUMAN_OBSERVATION
37.91,-0.73,2012,8,Spain,HUMAN_OBSERVATION
37.91,-0.71,2013,7,Spain,HUMAN_OBSERVATION
37.911487,12.297449,2020,9,Italy,HUMAN_OBSERVATION
37.912645,-8.802884,2002,10,Portugal,HUMAN_OBSERVATION
37.92,-0.7,2013,7,Spain,HUMAN_OBSERVATION
37.9225,-8.81005,2019,7,Portugal,HUMAN_OBSERVATION
37.9245,12.2787,2017,4,Italy,MACHINE_OBSERVATION
37.96,-0.71,2009,7,Spain,HUMAN_OBSERVATION
38.04,-0.65,2009,5,Spain,HUMAN_OBSERVATION
38.15,-0.441667,,,Spain,HUMAN_OBSERVATION
38.16,-0.47,2014,6,Spain,HUMAN_OBSERVATION
38.16,-0.47,2014,6,Spain,HUMAN_OBSERVATION
38.17,-0.48,2002,7,Spain,HUMAN_OBSERVATION
38.17,-0.48,2002,7,Spain,HUMAN_OBSERVATION
38.17,-0.48,2002,8,Spain,HUMAN_OBSERVATION
38.17,-0.48,1999,,Spain,HUMAN_OBSERVATION
38.17,-0.48,1995,,Spain,HUMAN_OBSERVATION
38.17,-0.47,2014,6,Spain,HUMAN_OBSERVATION
38.17,-0.47,2014,6,Spain,HUMAN_OBSERVATION
38.17,-0.47,2014,6,Spain,HUMAN_OBSERVATION
38.17,-0.47,2014,7,Spain,HUMAN_OBSERVATION
38.17,-0.47,2014,7,Spain,HUMAN_OBSERVATION
38.17,-0.47,2014,7,Spain,HUMAN_OBSERVATION
38.17,-0.47,2014,7,Spain,HUMAN_OBSERVATION
38.17,-0.47,2014,7,Spain,HUMAN_OBSERVATION
38.17,-0.47,2014,7,Spain,HUMAN_OBSERVATION
38.17,-0.47,2014,7,Spain,HUMAN_OBSERVATION
38.17,-0.47,1999,,Spain,HUMAN_OBSERVATION
38.17,-0.47,1999,,Spain,HUMAN_OBSERVATION
38.17,-0.46,2014,7,Spain,HUMAN_OBSERVATION
38.17,-0.46,2014,7,Spain,HUMAN_OBSERVATION
38.17,-0.46,2014,7,Spain,HUMAN_OBSERVATION
38.17,-0.46,2014,7,Spain,HUMAN_OBSERVATION
38.17,-0.46,2014,7,Spain,HUMAN_OBSERVATION
38.17,-0.46,1999,,Spain,HUMAN_OBSERVATION
38.2,-0.52,2002,7,Spain,HUMAN_OBSERVATION
38.2,-0.52,2002,8,Spain,HUMAN_OBSERVATION
38.21,-0.5,2012,9,Spain,HUMAN_OBSERVATION
38.21,-0.5,2012,9,Spain,HUMAN_OBSERVATION
38.21,-0.5,2012,9,Spain,HUMAN_OBSERVATION
38.22,-0.52,1999,,Spain,HUMAN_OBSERVATION
38.22,-0.5,2014,9,Spain,HUMAN_OBSERVATION
38.22,-0.5,2014,9,Spain,HUMAN_OBSERVATION
38.3,-0.51,1999,,Spain,HUMAN_OBSERVATION
38.3,-0.51,1997,1,Spain,HUMAN_OBSERVATION
38.31,-0.51,2012,5,Spain,HUMAN_OBSERVATION
38.32,-0.51,1999,,Spain,HUMAN_OBSERVATION
38.32,-0.51,1997,1,Spain,HUMAN_OBSERVATION
38.32,-0.51,1997,1,Spain,HUMAN_OBSERVATION
38.32,-0.51,1996,10,Spain,HUMAN_OBSERVATION
38.32,-0.51,1996,10,Spain,HUMAN_OBSERVATION
38.34,-0.48,1999,,Spain,HUMAN_OBSERVATION
38.34,-0.48,1997,1,Spain,HUMAN_OBSERVATION
38.34,-0.48,1995,,Spain,HUMAN_OBSERVATION
38.36,-0.46,1999,,Spain,HUMAN_OBSERVATION
38.36,-0.46,1997,1,Spain,HUMAN_OBSERVATION
38.36,-0.46,1996,10,Spain,HUMAN_OBSERVATION
38.36,-0.45,2012,5,Spain,HUMAN_OBSERVATION
38.36,-0.43,1999,,Spain,HUMAN_OBSERVATION
38.36,-0.43,1999,,Spain,HUMAN_OBSERVATION
38.36,-0.43,1997,1,Spain,HUMAN_OBSERVATION
38.36,-0.43,1996,7,Spain,HUMAN_OBSERVATION
38.36,-0.43,1995,,Spain,HUMAN_OBSERVATION
38.36,-0.42,1999,,Spain,HUMAN_OBSERVATION
38.36,-0.42,1999,,Spain,HUMAN_OBSERVATION
38.36,-0.41,2012,5,Spain,HUMAN_OBSERVATION
38.36,-0.41,2012,5,Spain,HUMAN_OBSERVATION
38.36,-0.41,2002,5,Spain,HUMAN_OBSERVATION
38.36,-0.41,2002,8,Spain,HUMAN_OBSERVATION
38.36,-0.41,1999,,Spain,HUMAN_OBSERVATION
38.36,-0.41,1999,,Spain,HUMAN_OBSERVATION
38.36,-0.41,1999,,Spain,HUMAN_OBSERVATION
38.36,-0.41,1996,4,Spain,HUMAN_OBSERVATION
38.37,-0.44,1999,,Spain,HUMAN_OBSERVATION
38.37,-0.44,1999,,Spain,HUMAN_OBSERVATION
38.37,-0.44,1997,1,Spain,HUMAN_OBSERVATION
38.37,-0.44,1996,4,Spain,HUMAN_OBSERVATION
38.37,-0.44,1996,10,Spain,HUMAN_OBSERVATION
38.38958,-28.252883,2007,,Portugal,HUMAN_OBSERVATION
38.38958,-28.252883,2007,,Portugal,HUMAN_OBSERVATION
38.389725,-28.252395,2011,,Portugal,HUMAN_OBSERVATION
38.391826,-28.251878,1989,,Portugal,HUMAN_OBSERVATION
38.391826,-28.251878,1989,,Portugal,HUMAN_OBSERVATION
38.392892,-28.255585,2007,,Portugal,HUMAN_OBSERVATION
38.392892,-28.255585,2007,,Portugal,HUMAN_OBSERVATION
38.394346,-28.198255,2007,,Portugal,HUMAN_OBSERVATION
38.394346,-28.198255,2007,,Portugal,HUMAN_OBSERVATION
38.395374,-28.256297,2007,,Portugal,HUMAN_OBSERVATION
38.395374,-28.256297,2007,,Portugal,HUMAN_OBSERVATION
38.395374,-28.256297,2007,,Portugal,HUMAN_OBSERVATION
38.395374,-28.256297,2007,,Portugal,HUMAN_OBSERVATION
38.395374,-28.256297,2007,,Portugal,HUMAN_OBSERVATION
38.395374,-28.256297,2007,,Portugal,HUMAN_OBSERVATION
38.395374,-28.256297,2007,,Portugal,HUMAN_OBSERVATION
38.395374,-28.256297,2007,,Portugal,HUMAN_OBSERVATION
38.398098,-28.255913,2007,,Portugal,HUMAN_OBSERVATION
38.398098,-28.255913,2007,,Portugal,HUMAN_OBSERVATION
38.39961,-28.255085,2007,,Portugal,HUMAN_OBSERVATION
38.39961,-28.255085,2007,,Portugal,HUMAN_OBSERVATION
38.39961,-28.255085,2007,,Portugal,HUMAN_OBSERVATION
38.39961,-28.255085,2007,,Portugal,HUMAN_OBSERVATION
38.40219,-28.079374,2007,,Portugal,HUMAN_OBSERVATION
38.40219,-28.079374,2007,,Portugal,HUMAN_OBSERVATION
38.40219,-28.079374,2007,,Portugal,HUMAN_OBSERVATION
38.40219,-28.079374,2007,,Portugal,HUMAN_OBSERVATION
38.40219,-28.079374,2007,,Portugal,HUMAN_OBSERVATION
38.40219,-28.079374,2007,,Portugal,HUMAN_OBSERVATION
38.402234,-28.078158,2007,,Portugal,HUMAN_OBSERVATION
38.402234,-28.078158,2007,,Portugal,HUMAN_OBSERVATION
38.402234,-28.078158,2007,,Portugal,HUMAN_OBSERVATION
38.402234,-28.078158,2007,,Portugal,HUMAN_OBSERVATION
38.402428,-28.067472,2007,,Portugal,HUMAN_OBSERVATION
38.402428,-28.067472,2007,,Portugal,HUMAN_OBSERVATION
38.402428,-28.067472,2007,,Portugal,HUMAN_OBSERVATION
38.402428,-28.067472,2007,,Portugal,HUMAN_OBSERVATION
38.404764,-28.187053,2007,,Portugal,HUMAN_OBSERVATION
38.404764,-28.187053,2007,,Portugal,HUMAN_OBSERVATION
38.404764,-28.187053,2007,,Portugal,HUMAN_OBSERVATION
38.404764,-28.187053,2007,,Portugal,HUMAN_OBSERVATION
38.406176,-28.158753,2007,,Portugal,HUMAN_OBSERVATION
38.406176,-28.158753,2007,,Portugal,HUMAN_OBSERVATION
38.406176,-28.158753,2007,,Portugal,HUMAN_OBSERVATION
38.406176,-28.158753,2007,,Portugal,HUMAN_OBSERVATION
38.406967,-9.19235,2010,7,Portugal,OCCURRENCE
38.406967,-9.19235,2010,7,Portugal,OCCURRENCE
38.406967,-9.19235,2010,8,Portugal,OCCURRENCE
38.406967,-9.19235,2010,8,Portugal,OCCURRENCE
38.406967,-9.19235,2010,8,Portugal,OCCURRENCE
38.406967,-9.19235,2010,8,Portugal,OCCURRENCE
38.406967,-9.19235,2010,8,Portugal,OCCURRENCE
38.406967,-9.19235,2010,8,Portugal,OCCURRENCE
38.406967,-9.19235,2010,8,Portugal,OCCURRENCE
38.406967,-9.19235,2010,8,Portugal,OCCURRENCE
38.406967,-9.19235,2010,8,Portugal,OCCURRENCE
38.406967,-9.19235,2010,8,Portugal,OCCURRENCE
38.406967,-9.19235,2010,8,Portugal,OCCURRENCE
38.40833,-9.203491,,,Portugal,OCCURRENCE
38.40833,-9.203491,,,Portugal,OCCURRENCE
38.408611,-9.195278,1985,6,Portugal,OCCURRENCE
38.40869,-9.198303,,,Portugal,OCCURRENCE
38.40869,-9.198303,,,Portugal,OCCURRENCE
38.408753,-28.164838,2007,,Portugal,HUMAN_OBSERVATION
38.408753,-28.164838,2007,,Portugal,HUMAN_OBSERVATION
38.408753,-28.164838,2007,,Portugal,HUMAN_OBSERVATION
38.408753,-28.164838,2007,,Portugal,HUMAN_OBSERVATION
38.408753,-28.164838,2007,,Portugal,HUMAN_OBSERVATION
38.408753,-28.164838,2007,,Portugal,HUMAN_OBSERVATION
38.40885,-9.195983,2014,9,Portugal,OCCURRENCE
38.40912,-9.196289,,,Portugal,OCCURRENCE
38.40912,-9.196289,,,Portugal,OCCURRENCE
38.40912,-9.196289,,,Portugal,OCCURRENCE
38.40912,-9.196289,,,Portugal,OCCURRENCE
38.40912,-9.196289,,,Portugal,OCCURRENCE
38.4093,-9.203308,,,Portugal,OCCURRENCE
38.4093,-9.203308,,,Portugal,OCCURRENCE
38.4093,-9.203308,,,Portugal,OCCURRENCE
38.4093,-9.203308,,,Portugal,OCCURRENCE
38.409417,-9.195233,2014,10,Portugal,OCCURRENCE
38.409417,-9.195233,2014,10,Portugal,OCCURRENCE
38.409417,-9.195233,2014,10,Portugal,OCCURRENCE
38.409417,-9.195233,2014,10,Portugal,OCCURRENCE
38.409417,-9.195233,2014,10,Portugal,OCCURRENCE
38.409833,-9.204817,2021,4,Portugal,HUMAN_OBSERVATION
38.41,-9.221667,1981,6,Portugal,OCCURRENCE
38.4101,-9.19458,,,Portugal,OCCURRENCE
38.4101,-9.19458,,,Portugal,OCCURRENCE
38.4101,-9.19458,,,Portugal,OCCURRENCE
38.410566,-28.036926,2007,,Portugal,HUMAN_OBSERVATION
38.410566,-28.036926,2007,,Portugal,HUMAN_OBSERVATION
38.410566,-28.036926,2007,,Portugal,HUMAN_OBSERVATION
38.410566,-28.036926,2007,,Portugal,HUMAN_OBSERVATION
38.410566,-28.036926,2007,,Portugal,HUMAN_OBSERVATION
38.410566,-28.036926,2007,,Portugal,HUMAN_OBSERVATION
38.410566,-28.036926,2007,,Portugal,HUMAN_OBSERVATION
38.410566,-28.036926,2007,,Portugal,HUMAN_OBSERVATION
38.41154,-28.028848,2007,,Portugal,HUMAN_OBSERVATION
38.41154,-28.028848,2007,,Portugal,HUMAN_OBSERVATION
38.411967,-9.189633,2014,9,Portugal,OCCURRENCE
38.411967,-9.189633,2014,9,Portugal,OCCURRENCE
38.41229,-9.190002,,,Portugal,OCCURRENCE
38.41229,-9.190002,,,Portugal,OCCURRENCE
38.41229,-9.190002,,,Portugal,OCCURRENCE
38.41229,-9.190002,,,Portugal,OCCURRENCE
38.412468,-28.284707,2007,,Portugal,HUMAN_OBSERVATION
38.412468,-28.284707,2007,,Portugal,HUMAN_OBSERVATION
38.412468,-28.284707,2007,,Portugal,HUMAN_OBSERVATION
38.412468,-28.284707,2007,,Portugal,HUMAN_OBSERVATION
38.412468,-28.284707,2007,,Portugal,HUMAN_OBSERVATION
38.412468,-28.284707,2007,,Portugal,HUMAN_OBSERVATION
38.412767,-9.188767,2014,10,Portugal,OCCURRENCE
38.412767,-9.188767,2014,10,Portugal,OCCURRENCE
38.412767,-9.188767,2014,10,Portugal,OCCURRENCE
38.412767,-9.188767,2014,10,Portugal,OCCURRENCE
38.412767,-9.188767,2014,10,Portugal,OCCURRENCE
38.41324,-28.334801,2007,,Portugal,HUMAN_OBSERVATION
38.41324,-28.334801,2007,,Portugal,HUMAN_OBSERVATION
38.41324,-28.334801,2007,,Portugal,HUMAN_OBSERVATION
38.41324,-28.334801,2007,,Portugal,HUMAN_OBSERVATION
38.41324,-28.334801,2007,,Portugal,HUMAN_OBSERVATION
38.41324,-28.334801,2007,,Portugal,HUMAN_OBSERVATION
38.41324,-28.334801,2007,,Portugal,HUMAN_OBSERVATION
38.41324,-28.334801,2007,,Portugal,HUMAN_OBSERVATION
38.41435,-9.188664,2024,5,Portugal,HUMAN_OBSERVATION
38.414616,-9.187466,2022,4,Portugal,HUMAN_OBSERVATION
38.415235,-9.224891,2017,7,Portugal,OCCURRENCE
38.415289,-9.225011,2017,7,Portugal,OCCURRENCE
38.415369,-9.22519,2017,7,Portugal,OCCURRENCE
38.415433,-9.188083,2014,10,Portugal,OCCURRENCE
38.415433,-9.188083,2014,10,Portugal,OCCURRENCE
38.415433,-9.188083,2014,10,Portugal,OCCURRENCE
38.415433,-9.188083,2014,10,Portugal,OCCURRENCE
38.415433,-9.188083,2014,10,Portugal,OCCURRENCE
38.415433,-9.188083,2014,10,Portugal,OCCURRENCE
38.415433,-9.188083,2014,10,Portugal,OCCURRENCE
38.41545,-9.225369,2017,7,Portugal,OCCURRENCE
38.415467,-9.189067,2014,9,Portugal,OCCURRENCE
38.415548,-9.225588,2017,7,Portugal,OCCURRENCE
38.415638,-9.225787,2017,7,Portugal,OCCURRENCE
38.415682,-9.225886,2017,7,Portugal,OCCURRENCE
38.415736,-9.226005,2017,7,Portugal,OCCURRENCE
38.415758,-9.226055,2017,7,Portugal,OCCURRENCE
38.415861,-9.226284,2017,7,Portugal,OCCURRENCE
38.4165,-9.181583,2014,9,Portugal,OCCURRENCE
38.4165,-9.181583,2014,9,Portugal,OCCURRENCE
38.416575,-9.223015,2017,7,Portugal,OCCURRENCE
38.41661,-9.22312,2017,7,Portugal,OCCURRENCE
38.416645,-9.223226,2017,7,Portugal,OCCURRENCE
38.416667,-9.166667,1983,8,Portugal,OCCURRENCE
38.41668,-9.223332,2017,7,Portugal,OCCURRENCE
38.416715,-9.223437,2017,7,Portugal,OCCURRENCE
38.416753,-9.223553,2017,7,Portugal,OCCURRENCE
38.416784,-9.223649,2017,7,Portugal,OCCURRENCE
38.416896,-9.223987,2017,7,Portugal,OCCURRENCE
38.416931,-9.224092,2017,7,Portugal,OCCURRENCE
38.416959,-9.224177,2017,7,Portugal,OCCURRENCE
38.416994,-9.224282,2017,7,Portugal,OCCURRENCE
38.417029,-9.224388,2017,7,Portugal,OCCURRENCE
38.417063,-9.224494,2017,7,Portugal,OCCURRENCE
38.417098,-9.224599,2017,7,Portugal,OCCURRENCE
38.417133,-9.224705,2017,7,Portugal,OCCURRENCE
38.417203,-9.224916,2017,7,Portugal,OCCURRENCE
38.417238,-9.225022,2017,7,Portugal,OCCURRENCE
38.417307,-9.225233,2017,7,Portugal,OCCURRENCE
38.417412,-9.22555,2017,7,Portugal,OCCURRENCE
38.41744,-9.225634,2017,7,Portugal,OCCURRENCE
38.418333,-9.181867,2014,10,Portugal,OCCURRENCE
38.418333,-9.181867,2014,10,Portugal,OCCURRENCE
38.41836,-9.222211,2017,7,Portugal,OCCURRENCE
38.418383,-9.18455,2014,10,Portugal,OCCURRENCE
38.418383,-9.18455,2014,10,Portugal,OCCURRENCE
38.418421,-9.222377,2017,7,Portugal,OCCURRENCE
38.418458,-9.222481,2017,7,Portugal,OCCURRENCE
38.418485,-9.222554,2017,7,Portugal,OCCURRENCE
38.418523,-9.222658,2017,7,Portugal,OCCURRENCE
38.418632,-9.222959,2017,7,Portugal,OCCURRENCE
38.41864,-9.22298,2017,7,Portugal,OCCURRENCE
38.418674,-9.223074,2017,7,Portugal,OCCURRENCE
38.418761,-9.223313,2017,7,Portugal,OCCURRENCE
38.418795,-9.223406,2017,7,Portugal,OCCURRENCE
38.418825,-9.22349,2017,7,Portugal,OCCURRENCE
38.418863,-9.223594,2017,7,Portugal,OCCURRENCE
38.418901,-9.223698,2017,7,Portugal,OCCURRENCE
38.418912,-9.223729,2017,7,Portugal,OCCURRENCE
38.419,-9.25275,2011,6,Portugal,OCCURRENCE
38.419,-9.25275,2011,6,Portugal,OCCURRENCE
38.419,-9.25275,2011,6,Portugal,OCCURRENCE
38.419,-9.25275,2011,6,Portugal,OCCURRENCE
38.419534,-9.222144,2017,7,Portugal,OCCURRENCE
38.419575,-9.222247,2017,7,Portugal,OCCURRENCE
38.419615,-9.222349,2017,7,Portugal,OCCURRENCE
38.419696,-9.222554,2017,7,Portugal,OCCURRENCE
38.419745,-9.222677,2017,7,Portugal,OCCURRENCE
38.419777,-9.222758,2017,7,Portugal,OCCURRENCE
38.419817,-9.222861,2017,7,Portugal,OCCURRENCE
38.42,-0.39,2012,9,Spain,HUMAN_OBSERVATION
38.42,-0.39,2012,9,Spain,HUMAN_OBSERVATION
38.42,-0.39,1999,,Spain,HUMAN_OBSERVATION
38.42135,-9.227133,2014,10,Portugal,OCCURRENCE
38.42135,-9.227133,2014,10,Portugal,OCCURRENCE
38.42206,-9.22009,2017,7,Portugal,OCCURRENCE
38.422081,-9.220318,2017,7,Portugal,OCCURRENCE
38.422123,-9.220773,2017,7,Portugal,OCCURRENCE
38.422176,-9.221342,2017,7,Portugal,OCCURRENCE
38.422197,-9.221569,2017,7,Portugal,OCCURRENCE
38.423685,-9.215187,2001,12,Portugal,HUMAN_OBSERVATION
38.425552,-9.171074,1995,,Portugal,OCCURRENCE
38.425552,-9.171074,1994,,Portugal,OCCURRENCE
38.425883,-9.171,2014,10,Portugal,OCCURRENCE
38.425883,-9.171,2014,10,Portugal,OCCURRENCE
38.42655,-9.17131,2010,4,Portugal,OCCURRENCE
38.42655,-9.17131,2010,4,Portugal,OCCURRENCE
38.42655,-9.17131,2009,6,Portugal,OCCURRENCE
38.42655,-9.17131,2009,11,Portugal,OCCURRENCE
38.42655,-9.17131,2009,11,Portugal,OCCURRENCE
38.426678,-9.171376,2010,4,Portugal,OCCURRENCE
38.426678,-9.171376,2010,4,Portugal,OCCURRENCE
38.426678,-9.171376,2009,6,Portugal,OCCURRENCE
38.426678,-9.171376,2009,11,Portugal,OCCURRENCE
38.426678,-9.171376,2009,11,Portugal,OCCURRENCE
38.427314,-9.169335,2012,7,Portugal,OCCURRENCE
38.428305,-9.137414,1983,8,Portugal,OCCURRENCE
38.428305,-9.137414,1983,10,Portugal,OCCURRENCE
38.429334,-9.165928,2010,4,Portugal,OCCURRENCE
38.429334,-9.165928,2010,4,Portugal,OCCURRENCE
38.429334,-9.165928,2009,6,Portugal,OCCURRENCE
38.429334,-9.165928,2009,11,Portugal,OCCURRENCE
38.42944,-9.16622,2010,4,Portugal,OCCURRENCE
38.42944,-9.16622,2010,4,Portugal,OCCURRENCE
38.42944,-9.16622,2009,6,Portugal,OCCURRENCE
38.42944,-9.16622,2009,11,Portugal,OCCURRENCE
38.429803,-9.118103,1983,4,Portugal,OCCURRENCE
38.429803,-9.118103,1983,6,Portugal,OCCURRENCE
38.429876,-9.10221,1985,9,Portugal,OCCURRENCE
38.43,-9.132283,2014,9,Portugal,OCCURRENCE
38.43,-9.132283,2014,9,Portugal,OCCURRENCE
38.43,-9.132283,2014,9,Portugal,OCCURRENCE
38.43,-9.132283,2014,9,Portugal,OCCURRENCE
38.43,-0.38,1999,,Spain,HUMAN_OBSERVATION
38.43,-0.38,1996,7,Spain,HUMAN_OBSERVATION
38.430824,-28.462433,2007,,Portugal,HUMAN_OBSERVATION
38.430824,-28.462433,2007,,Portugal,HUMAN_OBSERVATION
38.430824,-28.462433,2007,,Portugal,HUMAN_OBSERVATION
38.430824,-28.462433,2007,,Portugal,HUMAN_OBSERVATION
38.432567,-9.102,2014,9,Portugal,OCCURRENCE
38.432567,-9.102,2014,9,Portugal,OCCURRENCE
38.433059,-9.081321,2016,7,Portugal,OCCURRENCE
38.433059,-9.081321,2016,8,Portugal,OCCURRENCE
38.433059,-9.081321,2016,8,Portugal,OCCURRENCE
38.433059,-9.081321,2010,,Portugal,OCCURRENCE
38.433059,-9.081321,2009,,Portugal,OCCURRENCE
38.433059,-9.081321,2008,,Portugal,OCCURRENCE
38.433059,-9.081321,2007,,Portugal,OCCURRENCE
38.433059,-9.081321,2006,,Portugal,OCCURRENCE
38.433059,-9.081321,2005,,Portugal,OCCURRENCE
38.433059,-9.081321,2004,,Portugal,OCCURRENCE
38.433059,-9.081321,2003,,Portugal,OCCURRENCE
38.433059,-9.081321,2002,,Portugal,OCCURRENCE
38.433059,-9.081321,2001,,Portugal,OCCURRENCE
38.433059,-9.081321,2000,,Portugal,OCCURRENCE
38.433059,-9.081321,2000,,Portugal,OCCURRENCE
38.433059,-9.081321,1999,,Portugal,OCCURRENCE
38.433059,-9.081321,1999,,Portugal,OCCURRENCE
38.433059,-9.081321,1998,,Portugal,OCCURRENCE
38.433059,-9.081321,1997,,Portugal,OCCURRENCE
38.433059,-9.081321,1996,,Portugal,OCCURRENCE
38.433059,-9.081321,1981,6,Portugal,OCCURRENCE
38.433059,-9.081321,,,Portugal,OCCURRENCE
38.433059,-9.081321,,,Portugal,OCCURRENCE
38.433059,-9.081321,,,Portugal,OCCURRENCE
38.433885,-9.059603,1983,6,Portugal,OCCURRENCE
38.43391,-9.115356,,,Portugal,OCCURRENCE
38.434067,-9.06515,2014,9,Portugal,OCCURRENCE
38.434067,-9.06515,2014,9,Portugal,OCCURRENCE
38.434183,-9.228063,2014,9,Portugal,OCCURRENCE
38.434183,-9.228063,2014,9,Portugal,OCCURRENCE
38.434183,-9.063333,2014,9,Portugal,OCCURRENCE
38.43435,-9.066883,2014,9,Portugal,OCCURRENCE
38.43435,-9.066883,2014,9,Portugal,OCCURRENCE
38.43435,-9.066883,2014,9,Portugal,OCCURRENCE
38.43435,-9.066883,2014,9,Portugal,OCCURRENCE
38.43435,-9.066883,2014,9,Portugal,OCCURRENCE
38.43435,-9.066883,2014,9,Portugal,OCCURRENCE
38.43435,-9.066883,2014,9,Portugal,OCCURRENCE
38.43435,-9.066883,2014,9,Portugal,OCCURRENCE
38.43435,-9.066883,2014,9,Portugal,OCCURRENCE
38.434417,-9.068283,2014,9,Portugal,OCCURRENCE
38.434417,-9.068283,2014,9,Portugal,OCCURRENCE
38.434467,-9.06825,2014,9,Portugal,OCCURRENCE
38.434467,-9.06825,2014,9,Portugal,OCCURRENCE
38.434467,-9.06825,2014,9,Portugal,OCCURRENCE
38.434467,-9.06825,2014,9,Portugal,OCCURRENCE
38.434467,-9.06825,2014,9,Portugal,OCCURRENCE
38.434467,-9.06825,2014,9,Portugal,OCCURRENCE
38.43451,-9.063782,,,Portugal,OCCURRENCE
38.43464,-9.06855,2010,4,Portugal,OCCURRENCE
38.43464,-9.06855,2010,4,Portugal,OCCURRENCE
38.43464,-9.06855,2009,6,Portugal,OCCURRENCE
38.43464,-9.06855,2009,10,Portugal,OCCURRENCE
38.43464,-9.06855,2009,10,Portugal,OCCURRENCE
38.434667,-9.071233,2014,9,Portugal,OCCURRENCE
38.434667,-9.071233,2014,9,Portugal,OCCURRENCE
38.434667,-9.071233,2014,9,Portugal,OCCURRENCE
38.4352,-9.06385,2014,9,Portugal,OCCURRENCE
38.4352,-9.06385,2014,9,Portugal,OCCURRENCE
38.4352,-9.06385,2014,9,Portugal,OCCURRENCE
38.4352,-9.06385,2014,9,Portugal,OCCURRENCE
38.4352,-9.06385,2014,9,Portugal,OCCURRENCE
38.4352,-9.06385,2014,9,Portugal,OCCURRENCE
38.4352,-9.06385,2014,9,Portugal,OCCURRENCE
38.4352,-9.06385,2014,9,Portugal,OCCURRENCE
38.4352,-9.06385,2014,9,Portugal,OCCURRENCE
38.4352,-9.06385,2014,9,Portugal,OCCURRENCE
38.4352,-9.06385,2014,9,Portugal,OCCURRENCE
38.4352,-9.06385,2014,9,Portugal,OCCURRENCE
38.435279,-9.069253,2010,4,Portugal,OCCURRENCE
38.435279,-9.069253,2010,4,Portugal,OCCURRENCE
38.435279,-9.069253,2009,6,Portugal,OCCURRENCE
38.435279,-9.069253,2009,10,Portugal,OCCURRENCE
38.435817,-9.080867,2014,9,Portugal,OCCURRENCE
38.435817,-9.080867,2014,9,Portugal,OCCURRENCE
38.435817,-9.080867,2014,9,Portugal,OCCURRENCE
38.436433,-9.109933,2014,9,Portugal,OCCURRENCE
38.436433,-9.109933,2014,9,Portugal,OCCURRENCE
38.436433,-9.109933,2014,9,Portugal,OCCURRENCE
38.436433,-9.109933,2014,9,Portugal,OCCURRENCE
38.436433,-9.109933,2014,9,Portugal,OCCURRENCE
38.436433,-9.109933,2014,9,Portugal,OCCURRENCE
38.436433,-9.109933,2014,9,Portugal,OCCURRENCE
38.436433,-9.109933,2014,9,Portugal,OCCURRENCE
38.436433,-9.109933,2014,9,Portugal,OCCURRENCE
38.436433,-9.109933,2014,9,Portugal,OCCURRENCE
38.436967,-9.063133,2014,9,Portugal,OCCURRENCE
38.436967,-9.063133,2014,9,Portugal,OCCURRENCE
38.436967,-9.063133,2014,9,Portugal,OCCURRENCE
38.436967,-9.063133,2014,9,Portugal,OCCURRENCE
38.437477,-9.215756,1985,11,Portugal,OCCURRENCE
38.437524,-9.0626,2019,3,Portugal,OCCURRENCE
38.43755,-9.1021,2014,9,Portugal,OCCURRENCE
38.43755,-9.1021,2014,9,Portugal,OCCURRENCE
38.439054,-9.089558,2023,7,Portugal,HUMAN_OBSERVATION
38.439404,-9.052687,1995,,Portugal,OCCURRENCE
38.439404,-9.052687,1994,,Portugal,OCCURRENCE
38.439483,-9.054,2014,9,Portugal,OCCURRENCE
38.439483,-9.054,2014,9,Portugal,OCCURRENCE
38.439483,-9.054,2014,9,Portugal,OCCURRENCE
38.439483,-9.054,2014,9,Portugal,OCCURRENCE
38.439483,-9.054,2014,9,Portugal,OCCURRENCE
38.439483,-9.054,2014,9,Portugal,OCCURRENCE
38.439663,-28.055835,2007,,Portugal,HUMAN_OBSERVATION
38.439663,-28.055835,2007,,Portugal,HUMAN_OBSERVATION
38.439663,-28.055835,2007,,Portugal,HUMAN_OBSERVATION
38.439663,-28.055835,2007,,Portugal,HUMAN_OBSERVATION
38.43988,-9.05249,,,Portugal,OCCURRENCE
38.43988,-9.05249,,,Portugal,OCCURRENCE
38.43988,-9.05249,,,Portugal,OCCURRENCE
38.44,-0.38,2015,7,Spain,HUMAN_OBSERVATION
38.44,-0.38,2012,9,Spain,HUMAN_OBSERVATION
38.44,-0.38,2012,9,Spain,HUMAN_OBSERVATION
38.44,-0.38,1999,,Spain,HUMAN_OBSERVATION
38.44,-0.38,1999,,Spain,HUMAN_OBSERVATION
38.44,-0.38,1999,,Spain,HUMAN_OBSERVATION
38.44,-0.38,1996,10,Spain,HUMAN_OBSERVATION
38.44,-0.37,1999,,Spain,HUMAN_OBSERVATION
38.441133,-9.0505,2014,9,Portugal,OCCURRENCE
38.441133,-9.0505,2014,9,Portugal,OCCURRENCE
38.441133,-9.0505,2014,9,Portugal,OCCURRENCE
38.443333,-9.211667,1981,6,Portugal,OCCURRENCE
38.444667,-9.039867,2014,9,Portugal,OCCURRENCE
38.444667,-9.039867,2014,9,Portugal,OCCURRENCE
38.445133,-9.0433,2014,9,Portugal,OCCURRENCE
38.445133,-9.0433,2014,9,Portugal,OCCURRENCE
38.445573,-9.028415,1984,10,Portugal,OCCURRENCE
38.445683,-9.02945,2014,9,Portugal,OCCURRENCE
38.445683,-9.02945,2014,9,Portugal,OCCURRENCE
38.445683,-9.02945,2014,9,Portugal,OCCURRENCE
38.445833,-9.043333,1983,4,Portugal,OCCURRENCE
38.445879,-28.502033,2007,,Portugal,HUMAN_OBSERVATION
38.445879,-28.502033,2007,,Portugal,HUMAN_OBSERVATION
38.445879,-28.502033,2007,,Portugal,HUMAN_OBSERVATION
38.445879,-28.502033,2007,,Portugal,HUMAN_OBSERVATION
38.44592,-9.028076,,,Portugal,OCCURRENCE
38.44617,-9.0296,2010,4,Portugal,OCCURRENCE
38.44617,-9.0296,2010,4,Portugal,OCCURRENCE
38.44617,-9.0296,2009,6,Portugal,OCCURRENCE
38.44617,-9.0296,2009,11,Portugal,OCCURRENCE
38.44617,-9.0296,2009,11,Portugal,OCCURRENCE
38.446697,-9.027471,2010,4,Portugal,OCCURRENCE
38.446697,-9.027471,2010,4,Portugal,OCCURRENCE
38.446697,-9.027471,2009,6,Portugal,OCCURRENCE
38.446697,-9.027471,2009,11,Portugal,OCCURRENCE
38.446697,-9.027471,2009,11,Portugal,OCCURRENCE
38.44673,-9.03941,2010,5,Portugal,OCCURRENCE
38.44673,-9.03941,2010,5,Portugal,OCCURRENCE
38.44673,-9.03941,2009,6,Portugal,OCCURRENCE
38.44673,-9.03941,2009,11,Portugal,OCCURRENCE
38.44673,-9.03941,2009,11,Portugal,OCCURRENCE
38.44673,-9.03941,2008,5,Portugal,OCCURRENCE
38.44673,-9.03941,2008,5,Portugal,OCCURRENCE
38.44673,-9.03941,2008,6,Portugal,OCCURRENCE
38.44673,-9.03941,2008,8,Portugal,OCCURRENCE
38.44673,-9.03941,2008,8,Portugal,OCCURRENCE
38.44673,-9.03941,2008,10,Portugal,OCCURRENCE
38.44673,-9.03941,2008,11,Portugal,OCCURRENCE
38.44673,-9.03941,2008,11,Portugal,OCCURRENCE
38.44673,-9.03941,2007,5,Portugal,OCCURRENCE
38.44673,-9.03941,2007,5,Portugal,OCCURRENCE
38.44673,-9.03941,2007,6,Portugal,OCCURRENCE
38.44673,-9.03941,2007,6,Portugal,OCCURRENCE
38.44673,-9.03941,2007,7,Portugal,OCCURRENCE
38.44673,-9.03941,2007,7,Portugal,OCCURRENCE
38.44673,-9.03941,2007,8,Portugal,OCCURRENCE
38.44673,-9.03941,2007,8,Portugal,OCCURRENCE
38.44673,-9.03941,2007,10,Portugal,OCCURRENCE
38.44673,-9.03941,2007,10,Portugal,OCCURRENCE
38.44673,-9.03941,2007,11,Portugal,OCCURRENCE
38.44673,-9.03941,2007,11,Portugal,OCCURRENCE
38.44705,-9.03968,2010,5,Portugal,OCCURRENCE
38.44705,-9.03968,2010,5,Portugal,OCCURRENCE
38.44705,-9.03968,2009,6,Portugal,OCCURRENCE
38.44705,-9.03968,2009,11,Portugal,OCCURRENCE
38.44705,-9.03968,2009,11,Portugal,OCCURRENCE
38.44705,-9.03968,2008,1,Portugal,OCCURRENCE
38.44705,-9.03968,2008,1,Portugal,OCCURRENCE
38.44705,-9.03968,2007,3,Portugal,OCCURRENCE
38.44705,-9.03968,2007,4,Portugal,OCCURRENCE
38.44705,-9.03968,2007,5,Portugal,OCCURRENCE
38.44705,-9.03968,2007,6,Portugal,OCCURRENCE
38.44705,-9.03968,2007,6,Portugal,OCCURRENCE
38.44705,-9.03968,2007,7,Portugal,OCCURRENCE
38.44705,-9.03968,2007,7,Portugal,OCCURRENCE
38.44705,-9.03968,2007,8,Portugal,OCCURRENCE
38.44705,-9.03968,2007,8,Portugal,OCCURRENCE
38.44705,-9.03968,2007,9,Portugal,OCCURRENCE
38.44705,-9.03968,2007,9,Portugal,OCCURRENCE
38.44705,-9.03968,2007,10,Portugal,OCCURRENCE
38.44705,-9.03968,2007,10,Portugal,OCCURRENCE
38.44705,-9.03968,2007,11,Portugal,OCCURRENCE
38.44705,-9.03968,2007,11,Portugal,OCCURRENCE
38.44705,-9.03968,2007,12,Portugal,OCCURRENCE
38.44705,-9.03968,2007,12,Portugal,OCCURRENCE
38.44705,-9.03968,2006,5,Portugal,OCCURRENCE
38.44705,-9.03968,2006,9,Portugal,OCCURRENCE
38.448621,-28.511449,2007,,Portugal,HUMAN_OBSERVATION
38.448621,-28.511449,2007,,Portugal,HUMAN_OBSERVATION
38.448621,-28.511449,2007,,Portugal,HUMAN_OBSERVATION
38.448621,-28.511449,2007,,Portugal,HUMAN_OBSERVATION
38.448621,-28.511449,2007,,Portugal,HUMAN_OBSERVATION
38.448621,-28.511449,2007,,Portugal,HUMAN_OBSERVATION
38.448621,-28.511449,2007,,Portugal,HUMAN_OBSERVATION
38.448621,-28.511449,2007,,Portugal,HUMAN_OBSERVATION
38.448621,-28.511449,2007,,Portugal,HUMAN_OBSERVATION
38.448621,-28.511449,2007,,Portugal,HUMAN_OBSERVATION
38.448621,-28.511449,2007,,Portugal,HUMAN_OBSERVATION
38.448621,-28.511449,2007,,Portugal,HUMAN_OBSERVATION
38.45,-0.36,2012,9,Spain,HUMAN_OBSERVATION
38.45,-0.35,2015,7,Spain,HUMAN_OBSERVATION
38.45,-0.35,2015,7,Spain,HUMAN_OBSERVATION
38.45,-0.35,2015,7,Spain,HUMAN_OBSERVATION
38.45,-0.35,2015,7,Spain,HUMAN_OBSERVATION
38.45161,-9.01977,2010,3,Portugal,OCCURRENCE
38.45161,-9.01977,2010,3,Portugal,OCCURRENCE
38.45161,-9.01977,2010,5,Portugal,OCCURRENCE
38.45161,-9.01977,2010,5,Portugal,OCCURRENCE
38.45161,-9.01977,2009,5,Portugal,OCCURRENCE
38.45161,-9.01977,2009,7,Portugal,OCCURRENCE
38.45161,-9.01977,2009,11,Portugal,OCCURRENCE
38.45161,-9.01977,2009,11,Portugal,OCCURRENCE
38.45161,-9.01977,2008,1,Portugal,OCCURRENCE
38.45161,-9.01977,2008,1,Portugal,OCCURRENCE
38.45161,-9.01977,2007,1,Portugal,OCCURRENCE
38.45161,-9.01977,2007,3,Portugal,OCCURRENCE
38.45161,-9.01977,2007,4,Portugal,OCCURRENCE
38.45161,-9.01977,2007,5,Portugal,OCCURRENCE
38.45161,-9.01977,2007,5,Portugal,OCCURRENCE
38.45161,-9.01977,2007,6,Portugal,OCCURRENCE
38.45161,-9.01977,2007,6,Portugal,OCCURRENCE
38.45161,-9.01977,2007,7,Portugal,OCCURRENCE
38.45161,-9.01977,2007,7,Portugal,OCCURRENCE
38.45161,-9.01977,2007,8,Portugal,OCCURRENCE
38.45161,-9.01977,2007,8,Portugal,OCCURRENCE
38.45161,-9.01977,2007,9,Portugal,OCCURRENCE
38.45161,-9.01977,2007,9,Portugal,OCCURRENCE
38.45161,-9.01977,2007,10,Portugal,OCCURRENCE
38.45161,-9.01977,2007,10,Portugal,OCCURRENCE
38.45161,-9.01977,2007,11,Portugal,OCCURRENCE
38.45161,-9.01977,2007,11,Portugal,OCCURRENCE
38.45161,-9.01977,2007,12,Portugal,OCCURRENCE
38.45161,-9.01977,2007,12,Portugal,OCCURRENCE
38.45161,-9.01977,2006,5,Portugal,OCCURRENCE
38.45161,-9.01977,2006,8,Portugal,OCCURRENCE
38.4518,-9.019614,2010,5,Portugal,OCCURRENCE
38.4518,-9.019614,2010,5,Portugal,OCCURRENCE
38.4518,-9.019614,2009,6,Portugal,OCCURRENCE
38.4518,-9.019614,2009,6,Portugal,OCCURRENCE
38.4518,-9.019614,2009,7,Portugal,OCCURRENCE
38.4518,-9.019614,2009,8,Portugal,OCCURRENCE
38.4518,-9.019614,2009,11,Portugal,OCCURRENCE
38.4518,-9.019614,2009,11,Portugal,OCCURRENCE
38.4518,-9.019614,2008,5,Portugal,OCCURRENCE
38.4518,-9.019614,2008,5,Portugal,OCCURRENCE
38.4518,-9.019614,2008,8,Portugal,OCCURRENCE
38.4518,-9.019614,2008,10,Portugal,OCCURRENCE
38.4518,-9.019614,2008,10,Portugal,OCCURRENCE
38.4518,-9.019614,2007,5,Portugal,OCCURRENCE
38.4518,-9.019614,2007,6,Portugal,OCCURRENCE
38.4518,-9.019614,2007,6,Portugal,OCCURRENCE
38.4518,-9.019614,2007,7,Portugal,OCCURRENCE
38.4518,-9.019614,2007,7,Portugal,OCCURRENCE
38.4518,-9.019614,2007,8,Portugal,OCCURRENCE
38.4518,-9.019614,2007,8,Portugal,OCCURRENCE
38.4518,-9.019614,2007,10,Portugal,OCCURRENCE
38.4518,-9.019614,2007,10,Portugal,OCCURRENCE
38.4518,-9.019614,2007,11,Portugal,OCCURRENCE
38.4518,-9.019614,2007,11,Portugal,OCCURRENCE
38.4523,-9.01865,2014,9,Portugal,OCCURRENCE
38.4523,-9.01865,2014,9,Portugal,OCCURRENCE
38.45332,-28.120977,2007,,Portugal,HUMAN_OBSERVATION
38.45332,-28.120977,2007,,Portugal,HUMAN_OBSERVATION
38.45345,-9.0171,2014,9,Portugal,OCCURRENCE
38.454167,-9.007333,1983,6,Portugal,OCCURRENCE
38.454167,-9.007333,1983,8,Portugal,OCCURRENCE
38.455183,-9.007033,2014,9,Portugal,OCCURRENCE
38.455183,-9.007033,2014,9,Portugal,OCCURRENCE
38.455183,-9.007033,2014,9,Portugal,OCCURRENCE
38.455258,-9.009165,2010,5,Portugal,OCCURRENCE
38.455258,-9.009165,2010,5,Portugal,OCCURRENCE
38.455258,-9.009165,2009,7,Portugal,OCCURRENCE
38.455258,-9.009165,2009,11,Portugal,OCCURRENCE
38.455258,-9.009165,2009,11,Portugal,OCCURRENCE
38.45536,-9.00966,2010,5,Portugal,OCCURRENCE
38.45536,-9.00966,2010,5,Portugal,OCCURRENCE
38.45536,-9.00966,2009,7,Portugal,OCCURRENCE
38.45536,-9.00966,2009,11,Portugal,OCCURRENCE
38.45536,-9.00966,2009,11,Portugal,OCCURRENCE
38.455489,-9.005883,2020,9,Portugal,HUMAN_OBSERVATION
38.455688,-9.006542,2010,5,Portugal,OCCURRENCE
38.455688,-9.006542,2010,5,Portugal,OCCURRENCE
38.455688,-9.006542,2009,6,Portugal,OCCURRENCE
38.455688,-9.006542,2009,11,Portugal,OCCURRENCE
38.455688,-9.006542,2009,11,Portugal,OCCURRENCE
38.45577,-9.00617,2010,5,Portugal,OCCURRENCE
38.45577,-9.00617,2010,5,Portugal,OCCURRENCE
38.45577,-9.00617,2009,6,Portugal,OCCURRENCE
38.45577,-9.00617,2009,11,Portugal,OCCURRENCE
38.45577,-9.00617,2009,11,Portugal,OCCURRENCE
38.456591,-28.16742,2007,,Portugal,HUMAN_OBSERVATION
38.456591,-28.16742,2007,,Portugal,HUMAN_OBSERVATION
38.460587,-8.996651,2010,4,Portugal,OCCURRENCE
38.460587,-8.996651,2010,4,Portugal,OCCURRENCE
38.460587,-8.996651,2009,6,Portugal,OCCURRENCE
38.460587,-8.996651,2009,11,Portugal,OCCURRENCE
38.460587,-8.996651,2009,11,Portugal,OCCURRENCE
38.46066,-8.99649,2010,4,Portugal,OCCURRENCE
38.46066,-8.99649,2010,4,Portugal,OCCURRENCE
38.46066,-8.99649,2009,6,Portugal,OCCURRENCE
38.46066,-8.99649,2009,11,Portugal,OCCURRENCE
38.46066,-8.99649,2009,11,Portugal,OCCURRENCE
38.46066,-8.99649,2007,3,Portugal,OCCURRENCE
38.46066,-8.99649,2007,4,Portugal,OCCURRENCE
38.46066,-8.99649,2007,5,Portugal,OCCURRENCE
38.46066,-8.99649,2006,5,Portugal,OCCURRENCE
38.46066,-8.99649,2006,7,Portugal,OCCURRENCE
38.46066,-8.99649,2006,10,Portugal,OCCURRENCE
38.46183,-8.99479,2009,9,Portugal,OCCURRENCE
38.467201,-8.98963,1983,4,Portugal,OCCURRENCE
38.472617,-8.98375,2014,9,Portugal,OCCURRENCE
38.472617,-8.98375,2014,9,Portugal,OCCURRENCE
38.472617,-8.98375,2014,9,Portugal,OCCURRENCE
38.472617,-8.98375,2014,9,Portugal,OCCURRENCE
38.477344,-8.972189,1995,,Portugal,OCCURRENCE
38.477344,-8.972189,1994,,Portugal,OCCURRENCE
38.47748,-8.973206,,,Portugal,OCCURRENCE
38.47748,-8.973206,,,Portugal,OCCURRENCE
38.47748,-8.973206,,,Portugal,OCCURRENCE
38.47748,-8.973206,,,Portugal,OCCURRENCE
38.4777,-8.97235,2014,9,Portugal,OCCURRENCE
38.4777,-8.97235,2014,9,Portugal,OCCURRENCE
38.4777,-8.97235,2014,9,Portugal,OCCURRENCE
38.477785,-28.204158,2011,,Portugal,HUMAN_OBSERVATION
38.477785,-28.204158,2007,,Portugal,HUMAN_OBSERVATION
38.477785,-28.204158,2007,,Portugal,HUMAN_OBSERVATION
38.477785,-28.204158,2007,,Portugal,HUMAN_OBSERVATION
38.477785,-28.204158,2007,,Portugal,HUMAN_OBSERVATION
38.478248,-8.981859,2002,12,Portugal,HUMAN_OBSERVATION
38.48,-0.3,1999,,Spain,HUMAN_OBSERVATION
38.483333,-8.966667,,,Portugal,OCCURRENCE
38.483439,-8.967998,2022,10,Portugal,HUMAN_OBSERVATION
38.486345,-28.538979,2007,,Portugal,HUMAN_OBSERVATION
38.486345,-28.538979,2007,,Portugal,HUMAN_OBSERVATION
38.494812,-28.540192,2011,,Portugal,HUMAN_OBSERVATION
38.496417,-8.929683,2014,9,Portugal,OCCURRENCE
38.497333,-8.9294,2014,9,Portugal,OCCURRENCE
38.498333,-0.133333,,,Spain,HUMAN_OBSERVATION
38.5,-0.27,1999,,Spain,HUMAN_OBSERVATION
38.5,-0.24,1999,,Spain,HUMAN_OBSERVATION
38.5,-0.24,1996,4,Spain,HUMAN_OBSERVATION
38.5,-0.24,1996,7,Spain,HUMAN_OBSERVATION
38.5,-0.24,1996,7,Spain,HUMAN_OBSERVATION
38.5,-0.24,1996,10,Spain,HUMAN_OBSERVATION
38.5,-0.13,2015,6,Spain,HUMAN_OBSERVATION
38.509128,-28.288709,2007,,Portugal,HUMAN_OBSERVATION
38.509128,-28.288709,2007,,Portugal,HUMAN_OBSERVATION
38.51,-0.24,1999,,Spain,HUMAN_OBSERVATION
38.51,-0.24,1996,4,Spain,HUMAN_OBSERVATION
38.51,-0.24,1996,7,Spain,HUMAN_OBSERVATION
38.51,-0.24,1996,10,Spain,HUMAN_OBSERVATION
38.51,-0.23,1999,,Spain,HUMAN_OBSERVATION
38.51,-0.23,1997,1,Spain,HUMAN_OBSERVATION
38.51,-0.23,1996,10,Spain,HUMAN_OBSERVATION
38.51,-0.22,1999,,Spain,HUMAN_OBSERVATION
38.51,-0.21,1999,,Spain,HUMAN_OBSERVATION
38.51,-0.2,1999,,Spain,HUMAN_OBSERVATION
38.516292,-28.626644,1999,,Portugal,HUMAN_OBSERVATION
38.516589,-28.626061,2018,,Portugal,HUMAN_OBSERVATION
38.516589,-28.626061,2018,,Portugal,HUMAN_OBSERVATION
38.516753,-28.626077,2018,,Portugal,HUMAN_OBSERVATION
38.516753,-28.626077,2018,,Portugal,HUMAN_OBSERVATION
38.516795,-28.630027,1999,,Portugal,HUMAN_OBSERVATION
38.516795,-28.630027,1999,,Portugal,HUMAN_OBSERVATION
38.516795,-28.630027,1999,,Portugal,HUMAN_OBSERVATION
38.51695,-28.625483,2005,,Portugal,HUMAN_OBSERVATION
38.51695,-28.625483,2005,,Portugal,HUMAN_OBSERVATION
38.51695,-28.625483,2005,,Portugal,HUMAN_OBSERVATION
38.51695,-28.625483,2005,,Portugal,HUMAN_OBSERVATION
38.5171,-28.62685,2005,,Portugal,HUMAN_OBSERVATION
38.5171,-28.62685,2005,,Portugal,HUMAN_OBSERVATION
38.517167,-28.625767,2018,,Portugal,HUMAN_OBSERVATION
38.517167,-28.625767,2018,,Portugal,HUMAN_OBSERVATION
38.517182,-28.625752,2018,,Portugal,HUMAN_OBSERVATION
38.517182,-28.625752,2018,,Portugal,HUMAN_OBSERVATION
38.517267,-28.625733,2005,,Portugal,HUMAN_OBSERVATION
38.517267,-28.625733,2005,,Portugal,HUMAN_OBSERVATION
38.517367,-28.626085,2005,,Portugal,HUMAN_OBSERVATION
38.517367,-28.626085,2005,,Portugal,HUMAN_OBSERVATION
38.517367,-28.626085,2005,,Portugal,HUMAN_OBSERVATION
38.517571,-28.699626,1999,,Portugal,HUMAN_OBSERVATION
38.517817,-28.727217,2005,,Portugal,HUMAN_OBSERVATION
38.517817,-28.727217,2005,,Portugal,HUMAN_OBSERVATION
38.518333,-28.6275,1999,,Portugal,HUMAN_OBSERVATION
38.518397,-28.677222,2000,,Portugal,HUMAN_OBSERVATION
38.518517,-28.619683,2005,,Portugal,HUMAN_OBSERVATION
38.518517,-28.619683,2005,,Portugal,HUMAN_OBSERVATION
38.518746,-28.750053,1999,,Portugal,HUMAN_OBSERVATION
38.519084,-28.619316,2018,,Portugal,HUMAN_OBSERVATION
38.519084,-28.619316,2018,,Portugal,HUMAN_OBSERVATION
38.519169,-28.730413,2003,,Portugal,HUMAN_OBSERVATION
38.519211,-28.619189,2018,,Portugal,HUMAN_OBSERVATION
38.519211,-28.619189,2018,,Portugal,HUMAN_OBSERVATION
38.519339,-28.619061,2018,,Portugal,HUMAN_OBSERVATION
38.519339,-28.619061,2018,,Portugal,HUMAN_OBSERVATION
38.519483,-28.6195,2015,,Portugal,HUMAN_OBSERVATION
38.519683,-28.66605,1999,,Portugal,HUMAN_OBSERVATION
38.519733,-28.735217,2003,,Portugal,HUMAN_OBSERVATION
38.519733,-28.735217,2003,,Portugal,HUMAN_OBSERVATION
38.519783,-28.657067,2018,,Portugal,HUMAN_OBSERVATION
38.519783,-28.657067,2018,,Portugal,HUMAN_OBSERVATION
38.52,-0.16,2014,7,Spain,HUMAN_OBSERVATION
38.52,-0.16,2014,7,Spain,HUMAN_OBSERVATION
38.52,-0.16,2014,7,Spain,HUMAN_OBSERVATION
38.52,-0.16,2012,7,Spain,HUMAN_OBSERVATION
38.520033,-28.679117,2005,,Portugal,HUMAN_OBSERVATION
38.520033,-28.679117,2005,,Portugal,HUMAN_OBSERVATION
38.520167,-28.6763,2005,,Portugal,HUMAN_OBSERVATION
38.5208,-28.667117,2015,,Portugal,HUMAN_OBSERVATION
38.52125,-28.655817,2005,,Portugal,HUMAN_OBSERVATION
38.52125,-28.655817,2005,,Portugal,HUMAN_OBSERVATION
38.52125,-28.655817,2005,,Portugal,HUMAN_OBSERVATION
38.5213,-28.630833,2005,,Portugal,HUMAN_OBSERVATION
38.521383,-28.657383,2018,,Portugal,HUMAN_OBSERVATION
38.521383,-28.657383,2018,,Portugal,HUMAN_OBSERVATION
38.521517,-28.650133,2005,,Portugal,HUMAN_OBSERVATION
38.521517,-28.650133,2005,,Portugal,HUMAN_OBSERVATION
38.521517,-28.650133,2005,,Portugal,HUMAN_OBSERVATION
38.521567,-28.652217,2005,,Portugal,HUMAN_OBSERVATION
38.521567,-28.652217,2005,,Portugal,HUMAN_OBSERVATION
38.5217,-28.749333,2003,,Portugal,HUMAN_OBSERVATION
38.521883,-28.75195,2003,,Portugal,HUMAN_OBSERVATION
38.521883,-28.648617,2005,,Portugal,HUMAN_OBSERVATION
38.521883,-28.648617,2005,,Portugal,HUMAN_OBSERVATION
38.521883,-28.648617,2005,,Portugal,HUMAN_OBSERVATION
38.521902,-28.75166,2003,,Portugal,HUMAN_OBSERVATION
38.522117,-28.630367,2005,,Portugal,HUMAN_OBSERVATION
38.522153,-28.656906,2004,,Portugal,HUMAN_OBSERVATION
38.522153,-28.656906,2004,,Portugal,HUMAN_OBSERVATION
38.522153,-28.656906,2004,,Portugal,HUMAN_OBSERVATION
38.522167,-28.620633,2005,,Portugal,HUMAN_OBSERVATION
38.522167,-28.620633,2005,,Portugal,HUMAN_OBSERVATION
38.522167,-28.620633,2005,,Portugal,HUMAN_OBSERVATION
38.522783,-28.622483,2016,7,Portugal,HUMAN_OBSERVATION
38.523211,-28.623616,2005,,Portugal,HUMAN_OBSERVATION
38.523211,-28.623616,2005,,Portugal,HUMAN_OBSERVATION
38.524025,-28.621781,2005,,Portugal,HUMAN_OBSERVATION
38.524025,-28.621781,2005,,Portugal,HUMAN_OBSERVATION
38.527148,-28.319716,2011,,Portugal,HUMAN_OBSERVATION
38.527432,-28.620718,2016,,Portugal,HUMAN_OBSERVATION
38.52745,-28.6207,2016,,Portugal,HUMAN_OBSERVATION
38.52745,-28.6207,2016,,Portugal,HUMAN_OBSERVATION
38.5297,-28.6018,2014,6,Portugal,MATERIAL_SAMPLE
38.53,-0.16,1999,,Spain,HUMAN_OBSERVATION
38.53,-0.13,1999,,Spain,HUMAN_OBSERVATION
38.53,-0.1,2012,7,Spain,HUMAN_OBSERVATION
38.53,-0.1,1999,,Spain,HUMAN_OBSERVATION
38.533837,-28.534756,2007,,Portugal,HUMAN_OBSERVATION
38.533837,-28.534756,2007,,Portugal,HUMAN_OBSERVATION
38.533837,-28.534756,2007,,Portugal,HUMAN_OBSERVATION
38.533837,-28.534756,2007,,Portugal,HUMAN_OBSERVATION
38.535259,-28.335402,2007,,Portugal,HUMAN_OBSERVATION
38.535259,-28.335402,2007,,Portugal,HUMAN_OBSERVATION
38.535259,-28.335402,2007,,Portugal,HUMAN_OBSERVATION
38.535259,-28.335402,2007,,Portugal,HUMAN_OBSERVATION
38.535259,-28.335402,2007,,Portugal,HUMAN_OBSERVATION
38.535259,-28.335402,2007,,Portugal,HUMAN_OBSERVATION
38.535844,-28.549904,2007,,Portugal,HUMAN_OBSERVATION
38.535844,-28.549904,2007,,Portugal,HUMAN_OBSERVATION
38.535844,-28.549904,2007,,Portugal,HUMAN_OBSERVATION
38.535844,-28.549904,2007,,Portugal,HUMAN_OBSERVATION
38.535844,-28.549904,2007,,Portugal,HUMAN_OBSERVATION
38.535844,-28.549904,2007,,Portugal,HUMAN_OBSERVATION
38.535844,-28.549904,2007,,Portugal,HUMAN_OBSERVATION
38.535844,-28.549904,2007,,Portugal,HUMAN_OBSERVATION
38.535854,-28.545742,2007,,Portugal,HUMAN_OBSERVATION
38.535854,-28.545742,2007,,Portugal,HUMAN_OBSERVATION
38.537581,-28.334334,2007,,Portugal,HUMAN_OBSERVATION
38.537581,-28.334334,2007,,Portugal,HUMAN_OBSERVATION
38.55,-0.07,2012,7,Spain,HUMAN_OBSERVATION
38.556193,-28.44759,2007,,Portugal,HUMAN_OBSERVATION
38.556193,-28.44759,2007,,Portugal,HUMAN_OBSERVATION
38.556193,-28.44759,2007,,Portugal,HUMAN_OBSERVATION
38.556193,-28.44759,2007,,Portugal,HUMAN_OBSERVATION
38.55817,-28.390065,2007,,Portugal,HUMAN_OBSERVATION
38.55817,-28.390065,2007,,Portugal,HUMAN_OBSERVATION
38.558712,-28.481251,2007,,Portugal,HUMAN_OBSERVATION
38.558712,-28.481251,2007,,Portugal,HUMAN_OBSERVATION
38.558712,-28.481251,2007,,Portugal,HUMAN_OBSERVATION
38.558712,-28.481251,2007,,Portugal,HUMAN_OBSERVATION
38.558712,-28.481251,2007,,Portugal,HUMAN_OBSERVATION
38.558712,-28.481251,2007,,Portugal,HUMAN_OBSERVATION
38.558712,-28.481251,2007,,Portugal,HUMAN_OBSERVATION
38.558712,-28.481251,2007,,Portugal,HUMAN_OBSERVATION
38.558712,-28.481251,2007,,Portugal,HUMAN_OBSERVATION
38.558712,-28.481251,2007,,Portugal,HUMAN_OBSERVATION
38.563933,-28.776733,2005,,Portugal,HUMAN_OBSERVATION
38.575367,-28.604783,2005,,Portugal,HUMAN_OBSERVATION
38.58,-0.06,2012,7,Spain,HUMAN_OBSERVATION
38.59,-0.05,1999,,Spain,HUMAN_OBSERVATION
38.59,-0.05,1996,10,Spain,HUMAN_OBSERVATION
38.5905,-28.60005,2004,,Portugal,HUMAN_OBSERVATION
38.595317,-28.831767,2003,,Portugal,HUMAN_OBSERVATION
38.595317,-28.831767,2003,,Portugal,HUMAN_OBSERVATION
38.595317,-28.831767,2003,,Portugal,HUMAN_OBSERVATION
38.59785,-28.83365,2003,,Portugal,HUMAN_OBSERVATION
38.6,-0.04,2012,7,Spain,HUMAN_OBSERVATION
38.6,-0.04,1999,,Spain,HUMAN_OBSERVATION
38.6,-0.04,1997,1,Spain,HUMAN_OBSERVATION
38.6,-0.04,1996,10,Spain,HUMAN_OBSERVATION
38.6071,-28.614,2005,,Portugal,HUMAN_OBSERVATION
38.61,-0.04,1999,,Spain,HUMAN_OBSERVATION
38.61,-0.04,1997,1,Spain,HUMAN_OBSERVATION
38.61,-0.04,1996,10,Spain,HUMAN_OBSERVATION
38.614117,-28.76845,2005,,Portugal,HUMAN_OBSERVATION
38.614117,-28.76845,2005,,Portugal,HUMAN_OBSERVATION
38.62,-0.03,1999,,Spain,HUMAN_OBSERVATION
38.62,-0.03,1997,1,Spain,HUMAN_OBSERVATION
38.62,-0.02,2012,7,Spain,HUMAN_OBSERVATION
38.62608,-28.65779,2014,7,Portugal,HUMAN_OBSERVATION
38.62608,-28.65779,2014,7,Portugal,HUMAN_OBSERVATION
38.626366,-9.205901,2020,8,Portugal,HUMAN_OBSERVATION
38.63,-0.01,1999,,Spain,HUMAN_OBSERVATION
38.63,0.01,1999,,Spain,HUMAN_OBSERVATION
38.63,0.01,1997,1,Spain,HUMAN_OBSERVATION
38.64,-28.13,2014,6,Portugal,MATERIAL_SAMPLE
38.64,0.08,1982,10,Spain,HUMAN_OBSERVATION
38.64,0.08,1982,10,Spain,HUMAN_OBSERVATION
38.645312,-27.097203,2008,,Portugal,HUMAN_OBSERVATION
38.645312,-27.097203,2008,,Portugal,HUMAN_OBSERVATION
38.646749,-27.099061,2008,,Portugal,HUMAN_OBSERVATION
38.65,0.08,2017,7,Spain,HUMAN_OBSERVATION
38.65,0.08,2017,7,Spain,HUMAN_OBSERVATION
38.65,0.08,2017,7,Spain,HUMAN_OBSERVATION
38.65,0.09,2017,7,Spain,HUMAN_OBSERVATION
38.653707,-27.233297,2008,,Portugal,HUMAN_OBSERVATION
38.655274,-27.237065,2008,,Portugal,HUMAN_OBSERVATION
38.67,0.11,2017,7,Spain,HUMAN_OBSERVATION
38.67,0.11,2017,7,Spain,HUMAN_OBSERVATION
38.672771,-27.330059,2008,,Portugal,HUMAN_OBSERVATION
38.675145,-27.327739,2008,,Portugal,HUMAN_OBSERVATION
38.675419,-27.329237,2008,,Portugal,HUMAN_OBSERVATION
38.675419,-27.329237,2008,,Portugal,HUMAN_OBSERVATION
38.68,0.14,2017,7,Spain,HUMAN_OBSERVATION
38.68,0.14,2017,7,Spain,HUMAN_OBSERVATION
38.68,0.14,2017,7,Spain,HUMAN_OBSERVATION
38.680514,-9.345321,2021,8,Portugal,HUMAN_OBSERVATION
38.686749,-9.358678,,,Portugal,OCCURRENCE
38.687094,-9.357423,2023,3,Portugal,HUMAN_OBSERVATION
38.687501,-9.358297,2024,3,Portugal,HUMAN_OBSERVATION
38.687665,-9.360526,2024,9,Portugal,HUMAN_OBSERVATION
38.687786,-9.360407,2024,5,Portugal,HUMAN_OBSERVATION
38.68785,-9.359686,2024,9,Portugal,HUMAN_OBSERVATION
38.687876,-9.359677,2024,9,Portugal,HUMAN_OBSERVATION
38.68788,-9.36182,2024,9,Portugal,HUMAN_OBSERVATION
38.687951,-9.360884,2024,9,Portugal,HUMAN_OBSERVATION
38.688206,-9.361793,2024,5,Portugal,HUMAN_OBSERVATION
38.688291,-9.36059,2018,4,Portugal,HUMAN_OBSERVATION
38.688291,-9.36059,2018,4,Portugal,HUMAN_OBSERVATION
38.688291,-9.36059,2018,4,Portugal,HUMAN_OBSERVATION
38.688291,-9.36059,2018,4,Portugal,HUMAN_OBSERVATION
38.688291,-9.36059,2018,4,Portugal,HUMAN_OBSERVATION
38.688291,-9.36059,2018,5,Portugal,HUMAN_OBSERVATION
38.688291,-9.36059,2018,5,Portugal,HUMAN_OBSERVATION
38.688291,-9.36059,2018,5,Portugal,HUMAN_OBSERVATION
38.688291,-9.36059,2018,5,Portugal,HUMAN_OBSERVATION
38.688291,-9.36059,2018,6,Portugal,HUMAN_OBSERVATION
38.688291,-9.36059,2018,6,Portugal,HUMAN_OBSERVATION
38.6883,-9.361183,2024,5,Portugal,HUMAN_OBSERVATION
38.688317,-9.361163,2024,3,Portugal,HUMAN_OBSERVATION
38.68832,-9.361623,2024,5,Portugal,HUMAN_OBSERVATION
38.688487,-9.36168,2023,3,Portugal,HUMAN_OBSERVATION
38.688555,-9.36181,2023,3,Portugal,HUMAN_OBSERVATION
38.688646,-9.36157,2022,11,Portugal,HUMAN_OBSERVATION
38.689195,-9.362851,2023,3,Portugal,HUMAN_OBSERVATION
38.689197,-9.362893,2023,3,Portugal,HUMAN_OBSERVATION
38.689236,-9.3629,2023,3,Portugal,HUMAN_OBSERVATION
38.689742,-9.363689,2023,3,Portugal,HUMAN_OBSERVATION
38.691455,-9.421687,2024,5,Portugal,HUMAN_OBSERVATION
38.693398,-9.369528,2024,5,Portugal,HUMAN_OBSERVATION
38.702981,-9.401837,2022,7,Portugal,HUMAN_OBSERVATION
38.707052,-27.046829,2008,,Portugal,HUMAN_OBSERVATION
38.7088,-27.048377,2008,,Portugal,HUMAN_OBSERVATION
38.709571,-9.486673,2001,10,Portugal,HUMAN_OBSERVATION
38.71,0.17,2017,10,Spain,HUMAN_OBSERVATION
38.715413,-9.479185,2021,9,Portugal,HUMAN_OBSERVATION
38.73,0.2,1982,10,Spain,HUMAN_OBSERVATION
38.73,0.21,2017,10,Spain,HUMAN_OBSERVATION
38.73,0.22,2017,6,Spain,HUMAN_OBSERVATION
38.73,0.22,2017,6,Spain,HUMAN_OBSERVATION
38.73,0.22,2017,10,Spain,HUMAN_OBSERVATION
38.74,0.23,2017,10,Spain,HUMAN_OBSERVATION
38.74,0.23,2017,12,Spain,HUMAN_OBSERVATION
38.75,0.23,2017,6,Spain,HUMAN_OBSERVATION
38.75,0.23,2017,6,Spain,HUMAN_OBSERVATION
38.75,0.23,2017,6,Spain,HUMAN_OBSERVATION
38.75,0.23,2017,6,Spain,HUMAN_OBSERVATION
38.75,0.23,2017,6,Spain,HUMAN_OBSERVATION
38.750711,-9.45035,2021,8,Portugal,HUMAN_OBSERVATION
38.76,0.23,2017,6,Spain,HUMAN_OBSERVATION
38.76,0.23,2017,6,Spain,HUMAN_OBSERVATION
38.76,0.23,2017,10,Spain,HUMAN_OBSERVATION
38.77,0.22,2017,6,Spain,HUMAN_OBSERVATION
38.77,0.22,2017,6,Spain,HUMAN_OBSERVATION
38.77,0.22,2017,10,Spain,HUMAN_OBSERVATION
38.77,0.22,2017,10,Spain,HUMAN_OBSERVATION
38.77,0.22,2016,10,Spain,HUMAN_OBSERVATION
38.77,0.22,2016,10,Spain,HUMAN_OBSERVATION
38.77,0.22,2016,10,Spain,HUMAN_OBSERVATION
38.77,0.22,2016,10,Spain,HUMAN_OBSERVATION
38.78,0.19,1982,12,Spain,HUMAN_OBSERVATION
38.8,0.2,2017,6,Spain,HUMAN_OBSERVATION
38.8,0.2,2014,7,Spain,HUMAN_OBSERVATION
38.801473,-27.25893,2008,,Portugal,HUMAN_OBSERVATION
38.81,0.17,2018,5,Spain,HUMAN_OBSERVATION
38.81,0.17,2018,5,Spain,HUMAN_OBSERVATION
38.81,0.18,2018,5,Spain,HUMAN_OBSERVATION
38.81,0.18,2018,5,Spain,HUMAN_OBSERVATION
38.81,0.2,2017,10,Spain,HUMAN_OBSERVATION
38.81,0.2,2013,8,Spain,HUMAN_OBSERVATION
38.83,0.16,1999,,Spain,HUMAN_OBSERVATION
38.83,0.16,1983,9,Spain,HUMAN_OBSERVATION
38.83,0.16,1982,10,Spain,HUMAN_OBSERVATION
38.84,0.11,2012,8,Spain,HUMAN_OBSERVATION
38.84,0.13,2019,3,Spain,HUMAN_OBSERVATION
38.84,0.13,2019,3,Spain,HUMAN_OBSERVATION
38.84,0.13,2012,8,Spain,HUMAN_OBSERVATION
38.84,0.13,1999,,Spain,HUMAN_OBSERVATION
38.84,0.14,2019,3,Spain,HUMAN_OBSERVATION
38.84,0.14,2019,3,Spain,HUMAN_OBSERVATION
38.85,0.09,2019,6,Spain,HUMAN_OBSERVATION
38.85,0.1,2019,6,Spain,HUMAN_OBSERVATION
38.85,0.11,2019,6,Spain,HUMAN_OBSERVATION
38.85,0.12,2019,6,Spain,HUMAN_OBSERVATION
38.859969,-9.450947,2022,7,Portugal,HUMAN_OBSERVATION
38.86,0.03,2019,6,Spain,HUMAN_OBSERVATION
38.86,0.04,2019,6,Spain,HUMAN_OBSERVATION
38.86,0.06,2019,6,Spain,HUMAN_OBSERVATION
38.86,0.07,2019,6,Spain,HUMAN_OBSERVATION
38.86,0.08,2019,6,Spain,HUMAN_OBSERVATION
38.86,0.09,2019,6,Spain,HUMAN_OBSERVATION
38.86,0.09,2013,8,Spain,HUMAN_OBSERVATION
38.86,0.1,2019,6,Spain,HUMAN_OBSERVATION
38.86,0.11,2019,6,Spain,HUMAN_OBSERVATION
38.86,0.12,2019,6,Spain,HUMAN_OBSERVATION
38.86,0.12,2013,8,Spain,HUMAN_OBSERVATION
38.86,0.14,2019,6,Spain,HUMAN_OBSERVATION
38.863816,-9.449683,2020,7,Portugal,HUMAN_OBSERVATION
38.865024,-9.45061,2001,10,Portugal,HUMAN_OBSERVATION
38.87,0,2019,6,Spain,HUMAN_OBSERVATION
38.87,0,2019,6,Spain,HUMAN_OBSERVATION
38.87,0.01,2019,6,Spain,HUMAN_OBSERVATION
38.87,0.02,2019,6,Spain,HUMAN_OBSERVATION
38.87,0.02,1999,,Spain,HUMAN_OBSERVATION
38.87,0.03,2019,6,Spain,HUMAN_OBSERVATION
38.87,0.04,2019,6,Spain,HUMAN_OBSERVATION
38.87,0.06,2019,6,Spain,HUMAN_OBSERVATION
38.87,0.11,2013,8,Spain,HUMAN_OBSERVATION
38.87,0.12,2019,6,Spain,HUMAN_OBSERVATION
38.88,-0.01,2019,6,Spain,HUMAN_OBSERVATION
38.88,0,2019,6,Spain,HUMAN_OBSERVATION
38.88,0,2019,6,Spain,HUMAN_OBSERVATION
38.88,0.09,2019,6,Spain,HUMAN_OBSERVATION
38.88,0.1,2019,6,Spain,HUMAN_OBSERVATION
38.88,0.11,2019,6,Spain,HUMAN_OBSERVATION
38.88,0.12,2013,8,Spain,HUMAN_OBSERVATION
38.89,0.07,2013,8,Spain,HUMAN_OBSERVATION
38.89,0.08,2019,6,Spain,HUMAN_OBSERVATION
38.89,0.09,2019,6,Spain,HUMAN_OBSERVATION
38.89,0.1,2019,6,Spain,HUMAN_OBSERVATION
38.89755,-9.434971,2020,6,Portugal,HUMAN_OBSERVATION
38.9,0.09,2019,6,Spain,HUMAN_OBSERVATION
38.959464,-9.416179,2015,7,Portugal,HUMAN_OBSERVATION
38.959523,-9.416984,2012,9,Portugal,HUMAN_OBSERVATION
38.961181,-9.42029,2001,10,Portugal,HUMAN_OBSERVATION
38.977671,-9.421358,2023,6,Portugal,HUMAN_OBSERVATION
38.977904,-9.421506,2023,6,Portugal,HUMAN_OBSERVATION
39.004045,-9.425417,2024,10,Portugal,HUMAN_OBSERVATION
39.009987,-27.942812,2006,,Portugal,HUMAN_OBSERVATION
39.012446,-27.958205,2006,,Portugal,HUMAN_OBSERVATION
39.01245,-27.959901,2006,,Portugal,HUMAN_OBSERVATION
39.014019,-9.423131,2022,4,Portugal,HUMAN_OBSERVATION
39.014019,-9.423131,2022,4,Portugal,HUMAN_OBSERVATION
39.014069,-9.423145,2023,4,Portugal,HUMAN_OBSERVATION
39.014081,-9.423544,2002,12,Portugal,HUMAN_OBSERVATION
39.014175,-9.422721,2022,3,Portugal,HUMAN_OBSERVATION
39.07,-0.19,2013,7,Spain,HUMAN_OBSERVATION
39.088456,-28.001856,2006,,Portugal,HUMAN_OBSERVATION
39.089915,-27.995677,2006,,Portugal,HUMAN_OBSERVATION
39.133839,-9.383783,2020,8,Portugal,HUMAN_OBSERVATION
39.1344,-9.3848,2014,6,Portugal,MATERIAL_SAMPLE
39.24107,-9.343348,2019,8,Portugal,HUMAN_OBSERVATION
39.24107,-9.343348,2019,8,Portugal,HUMAN_OBSERVATION
39.269006,-9.337256,2020,9,Portugal,HUMAN_OBSERVATION
39.270788,-9.336072,,,Portugal,OCCURRENCE
39.275421,-9.336325,2021,8,Portugal,HUMAN_OBSERVATION
39.276041,-9.335972,2019,8,Portugal,HUMAN_OBSERVATION
39.276041,-9.335972,2019,8,Portugal,HUMAN_OBSERVATION
39.288397,22.88214,2022,7,Greece,HUMAN_OBSERVATION
39.296951,-9.345823,2023,7,Portugal,HUMAN_OBSERVATION
39.296951,-9.345823,2023,8,Portugal,HUMAN_OBSERVATION
39.296951,-9.345823,2023,8,Portugal,HUMAN_OBSERVATION
39.296951,-9.345823,2023,8,Portugal,HUMAN_OBSERVATION
39.296951,-9.345823,2023,8,Portugal,HUMAN_OBSERVATION
39.296951,-9.345823,2023,9,Portugal,HUMAN_OBSERVATION
39.296951,-9.345823,2022,6,Portugal,HUMAN_OBSERVATION
39.296951,-9.345823,2022,6,Portugal,HUMAN_OBSERVATION
39.296951,-9.345823,2022,6,Portugal,HUMAN_OBSERVATION
39.296951,-9.345823,2021,8,Portugal,HUMAN_OBSERVATION
39.296951,-9.345823,2021,8,Portugal,HUMAN_OBSERVATION
39.296951,-9.345823,2021,8,Portugal,HUMAN_OBSERVATION
39.296951,-9.345823,2020,8,Portugal,HUMAN_OBSERVATION
39.317775,-9.354135,2020,8,Portugal,HUMAN_OBSERVATION
39.32,-0.26,2024,5,Spain,HUMAN_OBSERVATION
39.32,-0.25,2024,5,Spain,HUMAN_OBSERVATION
39.325568,-9.357672,2021,8,Portugal,HUMAN_OBSERVATION
39.33,-0.26,2024,5,Spain,HUMAN_OBSERVATION
39.363581,-9.377408,2024,7,Portugal,HUMAN_OBSERVATION
39.366615,-9.373056,2024,5,Portugal,HUMAN_OBSERVATION
39.368879,-9.379025,2024,4,Portugal,HUMAN_OBSERVATION
39.369012,-9.379288,2024,4,Portugal,HUMAN_OBSERVATION
39.36979,-9.378157,2024,5,Portugal,HUMAN_OBSERVATION
39.37,-0.29,2024,5,Spain,HUMAN_OBSERVATION
39.370154,-9.385865,,,Portugal,OCCURRENCE
39.372801,-31.208518,2018,,Portugal,HUMAN_OBSERVATION
39.372801,-31.208518,2018,,Portugal,HUMAN_OBSERVATION
39.372801,-31.208518,2018,,Portugal,HUMAN_OBSERVATION
39.372801,-31.208518,2018,,Portugal,HUMAN_OBSERVATION
39.37344,-9.37773,2021,3,Portugal,HUMAN_OBSERVATION
39.37344,-9.377283,2001,10,Portugal,HUMAN_OBSERVATION
39.375856,-9.339807,2001,10,Portugal,HUMAN_OBSERVATION
39.37586,-9.33981,2021,3,Portugal,HUMAN_OBSERVATION
39.38,-0.29,2024,5,Spain,HUMAN_OBSERVATION
39.38,-0.28,2024,5,Spain,HUMAN_OBSERVATION
39.392978,-31.259311,2018,,Portugal,HUMAN_OBSERVATION
39.392978,-31.259311,2018,,Portugal,HUMAN_OBSERVATION
39.410733,-9.510233,,,Portugal,OCCURRENCE
39.410783,-9.51062,2015,6,Portugal,HUMAN_OBSERVATION
39.410783,-9.51062,2015,6,Portugal,HUMAN_OBSERVATION
39.412135,-9.51136,2019,5,Portugal,HUMAN_OBSERVATION
39.412135,-9.51136,2019,5,Portugal,HUMAN_OBSERVATION
39.41228,-9.507544,2015,5,Portugal,HUMAN_OBSERVATION
39.415314,-9.506543,2024,7,Portugal,HUMAN_OBSERVATION
39.424187,-31.145587,2018,,Portugal,HUMAN_OBSERVATION
39.444917,-9.528471,2023,8,Portugal,HUMAN_OBSERVATION
39.458818,-31.264851,2012,,Portugal,HUMAN_OBSERVATION
39.469496,-31.139423,2018,,Portugal,HUMAN_OBSERVATION
39.495215,-31.274644,2018,,Portugal,HUMAN_OBSERVATION
39.511391,-9.142621,2001,10,Portugal,HUMAN_OBSERVATION
39.51151,-9.14207,2021,7,Portugal,HUMAN_OBSERVATION
39.519017,-31.206235,2018,,Portugal,HUMAN_OBSERVATION
39.519017,-31.206235,2018,,Portugal,HUMAN_OBSERVATION
39.520223,-31.205269,2018,,Portugal,HUMAN_OBSERVATION
39.520223,-31.205269,2018,,Portugal,HUMAN_OBSERVATION
39.520461,-31.238744,2018,,Portugal,HUMAN_OBSERVATION
39.520461,-31.238744,2018,,Portugal,HUMAN_OBSERVATION
39.526318,-31.206453,2018,,Portugal,HUMAN_OBSERVATION
39.526318,-31.206453,2018,,Portugal,HUMAN_OBSERVATION
39.668229,-31.112482,2018,,Portugal,HUMAN_OBSERVATION
39.668229,-31.112482,2018,,Portugal,HUMAN_OBSERVATION
39.668229,-31.112482,2018,,Portugal,HUMAN_OBSERVATION
39.668229,-31.112482,2018,,Portugal,HUMAN_OBSERVATION
39.668229,-31.112482,2018,,Portugal,HUMAN_OBSERVATION
39.668229,-31.112482,2018,,Portugal,HUMAN_OBSERVATION
39.668742,-31.120615,2018,,Portugal,HUMAN_OBSERVATION
39.668742,-31.120615,2018,,Portugal,HUMAN_OBSERVATION
39.668742,-31.120615,2018,,Portugal,HUMAN_OBSERVATION
39.668742,-31.120615,2018,,Portugal,HUMAN_OBSERVATION
39.668742,-31.120615,2018,,Portugal,HUMAN_OBSERVATION
39.669127,-31.113446,2018,,Portugal,HUMAN_OBSERVATION
39.669127,-31.113446,2018,,Portugal,HUMAN_OBSERVATION
39.669127,-31.113446,2018,,Portugal,HUMAN_OBSERVATION
39.669127,-31.113446,2018,,Portugal,HUMAN_OBSERVATION
39.71895,9.67481,2001,8,Italy,HUMAN_OBSERVATION
39.7758,2.6655,2017,7,Spain,MACHINE_OBSERVATION
39.9117,18.39348,2019,10,Italy,HUMAN_OBSERVATION
39.93365,3.97206,2016,8,Spain,HUMAN_OBSERVATION
39.938,3.1842,2020,7,Spain,MACHINE_OBSERVATION
39.954722,23.686111,1997,7,Greece,HUMAN_OBSERVATION
39.954722,23.686111,1997,7,Greece,HUMAN_OBSERVATION
39.962222,23.919167,1998,1,Greece,HUMAN_OBSERVATION
39.962222,23.919167,1998,1,Greece,HUMAN_OBSERVATION
39.99334,3.8334,2016,8,Spain,HUMAN_OBSERVATION
39.99334,3.8334,2016,8,Spain,HUMAN_OBSERVATION
39.99334,3.8334,2016,8,Spain,HUMAN_OBSERVATION
39.99334,3.8334,2016,8,Spain,HUMAN_OBSERVATION
39.99334,3.8334,2016,8,Spain,HUMAN_OBSERVATION
40.06,0.12,2009,6,Spain,HUMAN_OBSERVATION
40.07,0.12,2009,10,Spain,HUMAN_OBSERVATION
40.09,0.14,2022,,Spain,HUMAN_OBSERVATION
40.1,0.16,2022,,Spain,HUMAN_OBSERVATION
40.11,0.15,2022,,Spain,HUMAN_OBSERVATION
40.12,0.15,2022,,Spain,HUMAN_OBSERVATION
40.13,0.17,2022,,Spain,HUMAN_OBSERVATION
40.157881,23.916964,1998,8,Greece,HUMAN_OBSERVATION
40.157881,23.916964,1998,8,Greece,HUMAN_OBSERVATION
40.52895,9.82831,2001,8,Italy,HUMAN_OBSERVATION
40.53514,9.81814,2001,8,Italy,HUMAN_OBSERVATION
40.85,0.8,,,Spain,OCCURRENCE
40.85,0.8,,,Spain,OCCURRENCE
40.85,0.8,,,Spain,OCCURRENCE
40.85,0.8,,,Spain,OCCURRENCE
40.85,0.8,,,Spain,OCCURRENCE
40.85,0.8,,,Spain,OCCURRENCE
40.85,0.8,,,Spain,OCCURRENCE
40.85,0.8,,,Spain,OCCURRENCE
40.85,0.8,,,Spain,OCCURRENCE
40.91651,8.68616,2020,7,Italy,HUMAN_OBSERVATION
40.91934,8.68993,2020,7,Italy,HUMAN_OBSERVATION
41.02798,8.87902,2020,7,Italy,HUMAN_OBSERVATION
41.03,1.03,,,Spain,OCCURRENCE
41.13,1.27,1981,7,Spain,OCCURRENCE
41.13,1.27,1981,7,Spain,OCCURRENCE
41.19502,9.32553,2001,8,Italy,HUMAN_OBSERVATION
41.22,1.74,,,Spain,OCCURRENCE
41.22,1.74,,,Spain,OCCURRENCE
41.22,1.74,,,Spain,OCCURRENCE
41.22,1.74,,,Spain,OCCURRENCE
41.23,1.86,,,Spain,OCCURRENCE
41.274929,-8.729791,2002,11,Portugal,HUMAN_OBSERVATION
41.5,2.34,,,Spain,OCCURRENCE
41.5,2.34,,,Spain,OCCURRENCE
41.5,2.34,,,Spain,OCCURRENCE
41.5,2.34,,,Spain,OCCURRENCE
41.5,2.46,,,Spain,OCCURRENCE
41.59,2.58,2006,4,Spain,OCCURRENCE
41.59,2.58,2006,4,Spain,OCCURRENCE
41.59,2.58,,,Spain,OCCURRENCE
41.59,2.58,,,Spain,OCCURRENCE
41.59,2.58,,,Spain,OCCURRENCE
41.59,2.58,,,Spain,OCCURRENCE
41.59,2.58,,,Spain,OCCURRENCE
41.59,2.58,,,Spain,OCCURRENCE
41.59,2.7,,,Spain,OCCURRENCE
41.59,2.7,,,Spain,OCCURRENCE
41.59,2.7,,,Spain,OCCURRENCE
41.59,2.7,,,Spain,OCCURRENCE
41.59,2.7,,,Spain,OCCURRENCE
41.59,2.7,,,Spain,OCCURRENCE
41.59,2.7,,,Spain,OCCURRENCE
41.59,2.7,,,Spain,OCCURRENCE
41.68,2.81,,,Spain,OCCURRENCE
41.68,2.81,,,Spain,OCCURRENCE
41.68,2.81,,,Spain,OCCURRENCE
41.68,2.81,,,Spain,OCCURRENCE
41.68,2.81,,,Spain,OCCURRENCE
41.68,2.81,,,Spain,OCCURRENCE
41.68,2.81,,,Spain,OCCURRENCE
41.68,2.81,,,Spain,OCCURRENCE
41.68,2.81,,,Spain,OCCURRENCE
41.68,2.81,,,Spain,OCCURRENCE
41.68,2.81,,,Spain,OCCURRENCE
41.68,2.93,1984,1,Spain,OCCURRENCE
41.68,2.93,1984,1,Spain,OCCURRENCE
41.68,2.93,1984,1,Spain,OCCURRENCE
41.68,2.93,1984,1,Spain,OCCURRENCE
41.68,2.93,1983,1,Spain,OCCURRENCE
41.68,2.93,1983,1,Spain,OCCURRENCE
41.68,2.93,1983,1,Spain,OCCURRENCE
41.68,2.93,1983,1,Spain,OCCURRENCE
41.68,2.93,1983,1,Spain,OCCURRENCE
41.68,2.93,1983,1,Spain,OCCURRENCE
41.68,2.93,1983,1,Spain,OCCURRENCE
41.68,2.93,1983,1,Spain,OCCURRENCE
41.68,2.93,1983,1,Spain,OCCURRENCE
41.68,2.93,1983,2,Spain,OCCURRENCE
41.68,2.93,1983,2,Spain,OCCURRENCE
41.68,2.93,1983,2,Spain,OCCURRENCE
41.68,2.93,1983,3,Spain,OCCURRENCE
41.68,2.93,1983,3,Spain,OCCURRENCE
41.68,2.93,1983,3,Spain,OCCURRENCE
41.68,2.93,1983,3,Spain,OCCURRENCE
41.68,2.93,1983,4,Spain,OCCURRENCE
41.68,2.93,1983,4,Spain,OCCURRENCE
41.68,2.93,1983,4,Spain,OCCURRENCE
41.68,2.93,1983,4,Spain,OCCURRENCE
41.68,2.93,1983,4,Spain,OCCURRENCE
41.68,2.93,1983,4,Spain,OCCURRENCE
41.68,2.93,1983,4,Spain,OCCURRENCE
41.68,2.93,1983,4,Spain,OCCURRENCE
41.68,2.93,1983,4,Spain,OCCURRENCE
41.68,2.93,1983,4,Spain,OCCURRENCE
41.68,2.93,1983,4,Spain,OCCURRENCE
41.68,2.93,1983,5,Spain,OCCURRENCE
41.68,2.93,1983,5,Spain,OCCURRENCE
41.68,2.93,1983,5,Spain,OCCURRENCE
41.68,2.93,1983,6,Spain,OCCURRENCE
41.68,2.93,1983,6,Spain,OCCURRENCE
41.68,2.93,1983,6,Spain,OCCURRENCE
41.68,2.93,1983,6,Spain,OCCURRENCE
41.68,2.93,1983,6,Spain,OCCURRENCE
41.68,2.93,1983,6,Spain,OCCURRENCE
41.68,2.93,1983,6,Spain,OCCURRENCE
41.68,2.93,1983,7,Spain,OCCURRENCE
41.68,2.93,1983,7,Spain,OCCURRENCE
41.68,2.93,1983,7,Spain,OCCURRENCE
41.68,2.93,1983,7,Spain,OCCURRENCE
41.68,2.93,1983,7,Spain,OCCURRENCE
41.68,2.93,1983,8,Spain,OCCURRENCE
41.68,2.93,1983,8,Spain,OCCURRENCE
41.68,2.93,1983,8,Spain,OCCURRENCE
41.68,2.93,1983,8,Spain,OCCURRENCE
41.68,2.93,1983,8,Spain,OCCURRENCE
41.68,2.93,1983,8,Spain,OCCURRENCE
41.68,2.93,1983,8,Spain,OCCURRENCE
41.68,2.93,1983,8,Spain,OCCURRENCE
41.68,2.93,1983,9,Spain,OCCURRENCE
41.68,2.93,1983,9,Spain,OCCURRENCE
41.68,2.93,1983,9,Spain,OCCURRENCE
41.68,2.93,1983,10,Spain,OCCURRENCE
41.68,2.93,1983,10,Spain,OCCURRENCE
41.68,2.93,1983,10,Spain,OCCURRENCE
41.68,2.93,1983,10,Spain,OCCURRENCE
41.68,2.93,1983,10,Spain,OCCURRENCE
41.68,2.93,1983,10,Spain,OCCURRENCE
41.68,2.93,1983,10,Spain,OCCURRENCE
41.68,2.93,1983,10,Spain,OCCURRENCE
41.68,2.93,1983,10,Spain,OCCURRENCE
41.68,2.93,1983,10,Spain,OCCURRENCE
41.68,2.93,1983,10,Spain,OCCURRENCE
41.68,2.93,1983,10,Spain,OCCURRENCE
41.68,2.93,1983,10,Spain,OCCURRENCE
41.68,2.93,1983,10,Spain,OCCURRENCE
41.68,2.93,1983,11,Spain,OCCURRENCE
41.68,2.93,1983,11,Spain,OCCURRENCE
41.68,2.93,1983,11,Spain,OCCURRENCE
41.68,2.93,1983,12,Spain,OCCURRENCE
41.68,2.93,1983,12,Spain,OCCURRENCE
41.68,2.93,1983,12,Spain,OCCURRENCE
41.68,2.93,1983,12,Spain,OCCURRENCE
41.68,2.93,1982,1,Spain,OCCURRENCE
41.68,2.93,1982,1,Spain,OCCURRENCE
41.68,2.93,1982,1,Spain,OCCURRENCE
41.68,2.93,1982,1,Spain,OCCURRENCE
41.68,2.93,1982,1,Spain,OCCURRENCE
41.68,2.93,1982,1,Spain,OCCURRENCE
41.68,2.93,1982,1,Spain,OCCURRENCE
41.68,2.93,1982,1,Spain,OCCURRENCE
41.68,2.93,1982,1,Spain,OCCURRENCE
41.68,2.93,1982,1,Spain,OCCURRENCE
41.68,2.93,1982,1,Spain,OCCURRENCE
41.68,2.93,1982,2,Spain,OCCURRENCE
41.68,2.93,1982,2,Spain,OCCURRENCE
41.68,2.93,1982,2,Spain,OCCURRENCE
41.68,2.93,1982,2,Spain,OCCURRENCE
41.68,2.93,1982,2,Spain,OCCURRENCE
41.68,2.93,1982,2,Spain,OCCURRENCE
41.68,2.93,1982,2,Spain,OCCURRENCE
41.68,2.93,1982,3,Spain,OCCURRENCE
41.68,2.93,1982,4,Spain,OCCURRENCE
41.68,2.93,1982,4,Spain,OCCURRENCE
41.68,2.93,1982,4,Spain,OCCURRENCE
41.68,2.93,1982,4,Spain,OCCURRENCE
41.68,2.93,1982,4,Spain,OCCURRENCE
41.68,2.93,1982,4,Spain,OCCURRENCE
41.68,2.93,1982,4,Spain,OCCURRENCE
41.68,2.93,1982,4,Spain,OCCURRENCE
41.68,2.93,1982,4,Spain,OCCURRENCE
41.68,2.93,1982,4,Spain,OCCURRENCE
41.68,2.93,1982,4,Spain,OCCURRENCE
41.68,2.93,1982,4,Spain,OCCURRENCE
41.68,2.93,1982,4,Spain,OCCURRENCE
41.68,2.93,1982,5,Spain,OCCURRENCE
41.68,2.93,1982,5,Spain,OCCURRENCE
41.68,2.93,1982,5,Spain,OCCURRENCE
41.68,2.93,1982,5,Spain,OCCURRENCE
41.68,2.93,1982,5,Spain,OCCURRENCE
41.68,2.93,1982,5,Spain,OCCURRENCE
41.68,2.93,1982,5,Spain,OCCURRENCE
41.68,2.93,1982,6,Spain,OCCURRENCE
41.68,2.93,1982,6,Spain,OCCURRENCE
41.68,2.93,1982,7,Spain,OCCURRENCE
41.68,2.93,1982,7,Spain,OCCURRENCE
41.68,2.93,1982,7,Spain,OCCURRENCE
41.68,2.93,1982,7,Spain,OCCURRENCE
41.68,2.93,1982,7,Spain,OCCURRENCE
41.68,2.93,1982,8,Spain,OCCURRENCE
41.68,2.93,1982,8,Spain,OCCURRENCE
41.68,2.93,1982,8,Spain,OCCURRENCE
41.68,2.93,1982,8,Spain,OCCURRENCE
41.68,2.93,1982,8,Spain,OCCURRENCE
41.68,2.93,1982,8,Spain,OCCURRENCE
41.68,2.93,1982,8,Spain,OCCURRENCE
41.68,2.93,1982,8,Spain,OCCURRENCE
41.68,2.93,1982,9,Spain,OCCURRENCE
41.68,2.93,1982,9,Spain,OCCURRENCE
41.68,2.93,1982,9,Spain,OCCURRENCE
41.68,2.93,1982,9,Spain,OCCURRENCE
41.68,2.93,1982,9,Spain,OCCURRENCE
41.68,2.93,1982,9,Spain,OCCURRENCE
41.68,2.93,1982,10,Spain,OCCURRENCE
41.68,2.93,1982,10,Spain,OCCURRENCE
41.68,2.93,1982,10,Spain,OCCURRENCE
41.68,2.93,1982,11,Spain,OCCURRENCE
41.68,2.93,1982,11,Spain,OCCURRENCE
41.68,2.93,1982,11,Spain,OCCURRENCE
41.68,2.93,1982,11,Spain,OCCURRENCE
41.68,2.93,1982,11,Spain,OCCURRENCE
41.68,2.93,1982,12,Spain,OCCURRENCE
41.68,2.93,1982,12,Spain,OCCURRENCE
41.68,2.93,1981,11,Spain,OCCURRENCE
41.68,2.93,1981,11,Spain,OCCURRENCE
41.68,2.93,1981,11,Spain,OCCURRENCE
41.68,2.93,1981,11,Spain,OCCURRENCE
41.68,2.93,1980,7,Spain,OCCURRENCE
41.68,2.93,1980,7,Spain,OCCURRENCE
41.68,2.93,,,Spain,OCCURRENCE
41.68,2.93,,,Spain,OCCURRENCE
41.68,2.93,,,Spain,OCCURRENCE
41.68,2.93,,,Spain,OCCURRENCE
41.68,2.93,,,Spain,OCCURRENCE
41.68,2.93,,,Spain,OCCURRENCE
41.68,2.93,,,Spain,OCCURRENCE
41.68,2.93,,,Spain,OCCURRENCE
41.68,2.93,,,Spain,OCCURRENCE
41.68,2.93,,,Spain,OCCURRENCE
41.68,2.93,,,Spain,OCCURRENCE
41.68,2.93,,,Spain,OCCURRENCE
41.68,2.93,,,Spain,OCCURRENCE
41.68,2.93,,,Spain,OCCURRENCE
41.696677,-8.851859,2019,5,Portugal,HUMAN_OBSERVATION
41.696679,-8.85186,2019,5,Portugal,HUMAN_OBSERVATION
41.699337,-8.856872,2023,7,Portugal,HUMAN_OBSERVATION
41.69983,-8.85472,2020,11,Portugal,HUMAN_OBSERVATION
41.74292,-8.87591,2021,1,Portugal,HUMAN_OBSERVATION
41.77,2.93,,,Spain,OCCURRENCE
41.77,2.93,,,Spain,OCCURRENCE
41.77,3.06,2010,7,Spain,OCCURRENCE
41.77,3.06,,,Spain,OCCURRENCE
41.77,3.06,,,Spain,OCCURRENCE
41.77,3.06,,,Spain,OCCURRENCE
41.77,3.06,,,Spain,OCCURRENCE
41.77,3.06,,,Spain,OCCURRENCE
41.77,3.06,,,Spain,OCCURRENCE
41.77458,9.40496,2020,3,France,HUMAN_OBSERVATION
41.78072,-8.87014,2020,10,Portugal,HUMAN_OBSERVATION
41.78439,-8.87168,2020,12,Portugal,HUMAN_OBSERVATION
41.8194,-8.87205,2020,12,Portugal,HUMAN_OBSERVATION
41.83815,-8.87491,2020,10,Portugal,HUMAN_OBSERVATION
41.83908,-8.87529,2021,6,Portugal,HUMAN_OBSERVATION
41.84,-8.87598,2021,6,Portugal,HUMAN_OBSERVATION
41.8482,3.1135,2015,6,Spain,MACHINE_OBSERVATION
41.85043,8.75475,2021,10,France,HUMAN_OBSERVATION
41.85043,8.75475,2020,7,France,HUMAN_OBSERVATION
41.85043,8.75475,2019,7,France,HUMAN_OBSERVATION
41.86,3.06,,,Spain,OCCURRENCE
41.86,3.06,,,Spain,OCCURRENCE
41.86,3.06,,,Spain,OCCURRENCE
41.86,3.06,,,Spain,OCCURRENCE
41.86,3.06,,,Spain,OCCURRENCE
41.86,3.18,2008,7,Spain,OCCURRENCE
41.86,3.18,2007,,Spain,OCCURRENCE
41.86,3.18,1998,3,Spain,OCCURRENCE
41.86,3.18,1998,3,Spain,OCCURRENCE
41.86,3.18,1998,3,Spain,OCCURRENCE
41.86,3.18,1998,6,Spain,OCCURRENCE
41.86,3.18,1998,6,Spain,OCCURRENCE
41.86,3.18,1998,9,Spain,OCCURRENCE
41.86,3.18,1998,9,Spain,OCCURRENCE
41.86,3.18,1998,12,Spain,OCCURRENCE
41.86,3.18,1989,1,Spain,OCCURRENCE
41.86,3.18,1989,1,Spain,OCCURRENCE
41.86,3.18,1989,1,Spain,OCCURRENCE
41.86,3.18,1989,2,Spain,OCCURRENCE
41.86,3.18,1989,2,Spain,OCCURRENCE
41.86,3.18,1989,2,Spain,OCCURRENCE
41.86,3.18,1989,5,Spain,OCCURRENCE
41.86,3.18,1989,6,Spain,OCCURRENCE
41.86,3.18,1989,8,Spain,OCCURRENCE
41.86,3.18,1989,10,Spain,OCCURRENCE
41.86,3.18,1988,3,Spain,OCCURRENCE
41.86,3.18,1988,6,Spain,OCCURRENCE
41.86,3.18,1988,6,Spain,OCCURRENCE
41.86,3.18,1988,9,Spain,OCCURRENCE
41.86,3.18,1988,10,Spain,OCCURRENCE
41.86,3.18,1988,12,Spain,OCCURRENCE
41.86,3.18,1988,12,Spain,OCCURRENCE
41.86,3.18,1988,,Spain,OCCURRENCE
41.86,3.18,,,Spain,OCCURRENCE
41.86,3.18,,,Spain,OCCURRENCE
41.86,3.18,,,Spain,OCCURRENCE
41.86,3.18,,,Spain,OCCURRENCE
41.86,3.18,,,Spain,OCCURRENCE
41.86,3.18,,,Spain,OCCURRENCE
41.86,3.18,,,Spain,OCCURRENCE
41.86,3.18,,,Spain,OCCURRENCE
41.86,3.18,,,Spain,OCCURRENCE
41.86,3.18,,,Spain,OCCURRENCE
41.86,3.18,,,Spain,OCCURRENCE
41.86,3.18,,,Spain,OCCURRENCE
41.86,3.18,,,Spain,OCCURRENCE
41.86,3.18,,,Spain,OCCURRENCE
41.86,3.18,,,Spain,OCCURRENCE
41.90796,8.72606,2019,7,France,HUMAN_OBSERVATION
41.90796,8.72606,2013,8,France,HUMAN_OBSERVATION
41.91017,-8.87801,2021,5,Spain,HUMAN_OBSERVATION
41.95,3.18,,,Spain,OCCURRENCE
41.95,3.18,,,Spain,OCCURRENCE
41.95,3.18,,,Spain,OCCURRENCE
41.95,3.18,,,Spain,OCCURRENCE
41.95,3.18,,,Spain,OCCURRENCE
41.95,3.18,,,Spain,OCCURRENCE
41.95,3.18,,,Spain,OCCURRENCE
41.95,3.18,,,Spain,OCCURRENCE
41.953735,3.208136,2011,5,Spain,HUMAN_OBSERVATION
41.957,3.2323,2017,5,Spain,MACHINE_OBSERVATION
42.018,8.625,2014,7,France,HUMAN_OBSERVATION
42.01806,8.62531,2022,7,France,HUMAN_OBSERVATION
42.028762,11.93537,2020,8,Italy,HUMAN_OBSERVATION
42.04,3.18,2009,,Spain,OCCURRENCE
42.04,3.18,1982,2,Spain,OCCURRENCE
42.04,3.18,1981,11,Spain,OCCURRENCE
42.04,3.18,1978,1,Spain,OCCURRENCE
42.04,3.18,1978,1,Spain,OCCURRENCE
42.04,3.18,1978,1,Spain,OCCURRENCE
42.04,3.18,1978,1,Spain,OCCURRENCE
42.04,3.18,1978,1,Spain,OCCURRENCE
42.04,3.18,1978,1,Spain,OCCURRENCE
42.04,3.18,1978,1,Spain,OCCURRENCE
42.04,3.18,1978,2,Spain,OCCURRENCE
42.04,3.18,1978,2,Spain,OCCURRENCE
42.04,3.18,1978,2,Spain,OCCURRENCE
42.04,3.18,1978,2,Spain,OCCURRENCE
42.04,3.18,1978,2,Spain,OCCURRENCE
42.04,3.18,1978,2,Spain,OCCURRENCE
42.04,3.18,1978,3,Spain,OCCURRENCE
42.04,3.18,1978,3,Spain,OCCURRENCE
42.04,3.18,1978,3,Spain,OCCURRENCE
42.04,3.18,1978,3,Spain,OCCURRENCE
42.04,3.18,1978,3,Spain,OCCURRENCE
42.04,3.18,1978,4,Spain,OCCURRENCE
42.04,3.18,1978,4,Spain,OCCURRENCE
42.04,3.18,1978,4,Spain,OCCURRENCE
42.04,3.18,1978,4,Spain,OCCURRENCE
42.04,3.18,1978,4,Spain,OCCURRENCE
42.04,3.18,1978,4,Spain,OCCURRENCE
42.04,3.18,1977,4,Spain,OCCURRENCE
42.04,3.18,1977,4,Spain,OCCURRENCE
42.04,3.18,1977,8,Spain,OCCURRENCE
42.04,3.18,1977,8,Spain,OCCURRENCE
42.04,3.18,1977,8,Spain,OCCURRENCE
42.04,3.18,1977,8,Spain,OCCURRENCE
42.04,3.18,1977,8,Spain,OCCURRENCE
42.04,3.18,1977,8,Spain,OCCURRENCE
42.04,3.18,1977,11,Spain,OCCURRENCE
42.04,3.18,1977,11,Spain,OCCURRENCE
42.04,3.18,1977,11,Spain,OCCURRENCE
42.04,3.18,1953,5,Spain,OCCURRENCE
42.04,3.18,1953,5,Spain,OCCURRENCE
42.04,3.18,,,Spain,OCCURRENCE
42.04,3.18,,,Spain,OCCURRENCE
42.04,3.18,,,Spain,OCCURRENCE
42.04,3.18,,,Spain,OCCURRENCE
42.04,3.18,,,Spain,OCCURRENCE
42.04,3.18,,,Spain,OCCURRENCE
42.04,3.18,,,Spain,OCCURRENCE
42.04,3.18,,,Spain,OCCURRENCE
42.04,3.18,,,Spain,OCCURRENCE
42.04,3.18,,,Spain,OCCURRENCE
42.04,3.18,,,Spain,OCCURRENCE
42.04,3.18,,,Spain,OCCURRENCE
42.04,3.18,,,Spain,OCCURRENCE
42.04,3.18,,,Spain,OCCURRENCE
42.04,3.18,,,Spain,OCCURRENCE
42.04,3.18,,,Spain,OCCURRENCE
42.04,3.18,,,Spain,OCCURRENCE
42.04,3.18,,,Spain,OCCURRENCE
42.04115,3.22678,2023,5,Spain,HUMAN_OBSERVATION
42.04115,3.22678,2015,11,Spain,HUMAN_OBSERVATION
42.04115,3.22678,2015,11,Spain,HUMAN_OBSERVATION
42.041389,3.224722,2024,5,Spain,HUMAN_OBSERVATION
42.041496,3.227762,2024,5,Spain,HUMAN_OBSERVATION
42.041715,3.225,2022,2,Spain,HUMAN_OBSERVATION
42.041715,3.225,2022,3,Spain,HUMAN_OBSERVATION
42.0418,3.22559,2013,6,Spain,HUMAN_OBSERVATION
42.042168,3.225775,2018,5,Spain,HUMAN_OBSERVATION
42.04219,3.22884,2023,5,Spain,HUMAN_OBSERVATION
42.0422,3.22692,2021,8,Spain,HUMAN_OBSERVATION
42.04285,3.22225,2004,10,Spain,HUMAN_OBSERVATION
42.04384,3.22658,2021,8,Spain,HUMAN_OBSERVATION
42.04384,3.22658,2021,8,Spain,HUMAN_OBSERVATION
42.04384,3.22658,2019,6,Spain,HUMAN_OBSERVATION
42.04384,3.22658,2017,6,Spain,HUMAN_OBSERVATION
42.04384,3.22658,2016,6,Spain,HUMAN_OBSERVATION
42.04384,3.22658,2013,6,Spain,HUMAN_OBSERVATION
42.04384,3.22658,2013,6,Spain,HUMAN_OBSERVATION
42.043943,3.2264,2022,4,Spain,HUMAN_OBSERVATION
42.046629,3.223801,2025,5,Spain,HUMAN_OBSERVATION
42.046629,3.223801,2025,5,Spain,HUMAN_OBSERVATION
42.046629,3.223801,2025,5,Spain,HUMAN_OBSERVATION
42.046629,3.223801,2025,5,Spain,HUMAN_OBSERVATION
42.046629,3.223801,2025,5,Spain,HUMAN_OBSERVATION
42.046629,3.223801,2025,5,Spain,HUMAN_OBSERVATION
42.046629,3.223801,2025,5,Spain,HUMAN_OBSERVATION
42.046629,3.223801,2023,5,Spain,HUMAN_OBSERVATION
42.04712,3.2258,2023,5,Spain,HUMAN_OBSERVATION
42.04712,3.2258,2019,5,Spain,HUMAN_OBSERVATION
42.04712,3.2258,2018,6,Spain,HUMAN_OBSERVATION
42.04712,3.2258,2018,6,Spain,HUMAN_OBSERVATION
42.04712,3.2258,2015,5,Spain,HUMAN_OBSERVATION
42.04712,3.2258,2015,5,Spain,HUMAN_OBSERVATION
42.04712,3.2258,2013,6,Spain,HUMAN_OBSERVATION
42.04712,3.2258,2012,6,Spain,HUMAN_OBSERVATION
42.047301,3.222545,2023,6,Spain,HUMAN_OBSERVATION
42.04932,3.22006,2021,8,Spain,HUMAN_OBSERVATION
42.04932,3.22006,2015,5,Spain,HUMAN_OBSERVATION
42.04932,3.22006,2015,11,Spain,HUMAN_OBSERVATION
42.04949,3.22253,2019,5,Spain,HUMAN_OBSERVATION
42.05002,3.221309,2022,2,Spain,HUMAN_OBSERVATION
42.05008,3.22426,2019,5,Spain,HUMAN_OBSERVATION
42.05008,3.22426,2016,5,Spain,HUMAN_OBSERVATION
42.05008,3.22426,2015,5,Spain,HUMAN_OBSERVATION
42.05008,3.22426,2015,11,Spain,HUMAN_OBSERVATION
42.05008,3.22426,2013,6,Spain,HUMAN_OBSERVATION
42.0525,3.2093,2017,3,Spain,MACHINE_OBSERVATION
42.06024,3.2131,2021,10,Spain,HUMAN_OBSERVATION
42.06024,3.2131,2015,5,Spain,HUMAN_OBSERVATION
42.0607,3.21363,2023,6,Spain,HUMAN_OBSERVATION
42.0607,3.21363,2023,10,Spain,HUMAN_OBSERVATION
42.06583,3.20972,2023,9,Spain,HUMAN_OBSERVATION
42.06663,3.2114,2018,5,Spain,HUMAN_OBSERVATION
42.06663,3.2114,2013,6,Spain,HUMAN_OBSERVATION
42.06663,3.2114,2013,6,Spain,HUMAN_OBSERVATION
42.06663,3.2114,2013,6,Spain,HUMAN_OBSERVATION
42.06672,3.21025,2015,5,Spain,HUMAN_OBSERVATION
42.107351,3.173255,2021,6,Spain,HUMAN_OBSERVATION
42.11185,-8.89945,2021,5,Spain,HUMAN_OBSERVATION
42.11306,8.61584,2015,7,France,HUMAN_OBSERVATION
42.11306,8.61584,2015,7,France,HUMAN_OBSERVATION
42.1181,3.1581,2017,4,Spain,MACHINE_OBSERVATION
42.1181,3.1581,2017,4,Spain,MACHINE_OBSERVATION
42.12616,-8.823088,2016,4,Spain,HUMAN_OBSERVATION
42.13,3.18,2007,,Spain,OCCURRENCE
42.13,3.18,1953,5,Spain,OCCURRENCE
42.13,3.18,,,Spain,OCCURRENCE
42.13,3.18,,,Spain,OCCURRENCE
42.15921,-8.8194,2021,5,Spain,HUMAN_OBSERVATION
42.182559,-8.813491,2023,5,Spain,HUMAN_OBSERVATION
42.193036,-8.901978,,,Spain,OCCURRENCE
42.193211,-8.902051,2015,5,Spain,HUMAN_OBSERVATION
42.213929,-8.905254,2019,3,Spain,HUMAN_OBSERVATION
42.213929,-8.905254,2019,3,Spain,HUMAN_OBSERVATION
42.214421,-8.897337,2019,9,Spain,HUMAN_OBSERVATION
42.22,3.18,2007,,Spain,OCCURRENCE
42.22,3.18,,,Spain,OCCURRENCE
42.22,3.18,,,Spain,OCCURRENCE
42.22,3.18,,,Spain,OCCURRENCE
42.22,3.18,,,Spain,OCCURRENCE
42.22,3.18,,,Spain,OCCURRENCE
42.22,3.18,,,Spain,OCCURRENCE
42.22,3.18,,,Spain,OCCURRENCE
42.22,3.18,,,Spain,OCCURRENCE
42.22,3.18,,,Spain,OCCURRENCE
42.22,3.18,,,Spain,OCCURRENCE
42.22,3.3,1977,4,Spain,HUMAN_OBSERVATION
42.22,3.3,,,Spain,HUMAN_OBSERVATION
42.22,3.3,2007,,Spain,OCCURRENCE
42.22,3.3,,,Spain,OCCURRENCE
42.22,3.3,,,Spain,OCCURRENCE
42.22,3.3,,,Spain,OCCURRENCE
42.22,3.3,,,Spain,OCCURRENCE
42.22,3.3,,,Spain,OCCURRENCE
42.22,3.3,,,Spain,OCCURRENCE
42.22,3.3,,,Spain,OCCURRENCE
42.22,3.3,,,Spain,OCCURRENCE
42.22,3.3,,,Spain,OCCURRENCE
42.22,3.3,,,Spain,OCCURRENCE
42.22,3.3,,,Spain,OCCURRENCE
42.22,3.3,,,Spain,OCCURRENCE
42.22,3.3,,,Spain,OCCURRENCE
42.22,3.3,,,Spain,OCCURRENCE
42.22,3.3,,,Spain,OCCURRENCE
42.22,3.3,,,Spain,OCCURRENCE
42.22,3.3,,,Spain,OCCURRENCE
42.22,3.3,,,Spain,OCCURRENCE
42.22,3.3,,,Spain,OCCURRENCE
42.2284,-8.7787,2018,,Spain,OCCURRENCE
42.23522,3.22138,2015,9,Spain,HUMAN_OBSERVATION
42.238208,3.206237,2024,6,Spain,HUMAN_OBSERVATION
42.23824,3.2647,2023,5,Spain,HUMAN_OBSERVATION
42.238642,3.201771,2025,5,Spain,HUMAN_OBSERVATION
42.23955,3.206413,2025,5,Spain,HUMAN_OBSERVATION
42.239562,3.205806,2023,5,Spain,HUMAN_OBSERVATION
42.239874,3.205231,2025,3,Spain,HUMAN_OBSERVATION
42.24072,3.24906,2023,5,Spain,HUMAN_OBSERVATION
42.24093,3.202115,2025,3,Spain,HUMAN_OBSERVATION
42.24142,8.54848,2019,8,France,HUMAN_OBSERVATION
42.24142,8.54848,2016,7,France,HUMAN_OBSERVATION
42.244208,3.254881,2022,6,Spain,HUMAN_OBSERVATION
42.244367,3.254178,2022,6,Spain,HUMAN_OBSERVATION
42.247016,3.180613,2024,4,Spain,HUMAN_OBSERVATION
42.248091,3.243252,2024,5,Spain,HUMAN_OBSERVATION
42.249852,3.243872,2025,5,Spain,HUMAN_OBSERVATION
42.250334,3.180142,2025,5,Spain,HUMAN_OBSERVATION
42.251096,3.180829,2025,4,Spain,HUMAN_OBSERVATION
42.31,3.18,1984,2,Spain,OCCURRENCE
42.31,3.18,1984,2,Spain,OCCURRENCE
42.31,3.18,1984,5,Spain,OCCURRENCE
42.31,3.18,1984,5,Spain,OCCURRENCE
42.31,3.18,1984,7,Spain,OCCURRENCE
42.31,3.18,1984,7,Spain,OCCURRENCE
42.31,3.18,1983,11,Spain,OCCURRENCE
42.31,3.18,1983,11,Spain,OCCURRENCE
42.31,3.18,1983,11,Spain,OCCURRENCE
42.31,3.18,,,Spain,OCCURRENCE
42.31,3.3,,,Spain,HUMAN_OBSERVATION
42.31,3.3,1984,2,Spain,OCCURRENCE
42.31,3.3,1984,2,Spain,OCCURRENCE
42.31,3.3,1984,5,Spain,OCCURRENCE
42.31,3.3,1984,5,Spain,OCCURRENCE
42.31,3.3,1984,8,Spain,OCCURRENCE
42.31,3.3,1984,8,Spain,OCCURRENCE
42.31,3.3,1983,11,Spain,OCCURRENCE
42.31,3.3,1983,11,Spain,OCCURRENCE
42.31,3.3,1983,11,Spain,OCCURRENCE
42.31,3.3,,,Spain,OCCURRENCE
42.31,3.3,,,Spain,OCCURRENCE
42.31,3.3,,,Spain,OCCURRENCE
42.31,3.3,,,Spain,OCCURRENCE
42.31,3.3,,,Spain,OCCURRENCE
42.31,3.3,,,Spain,OCCURRENCE
42.31,3.3,,,Spain,OCCURRENCE
42.31,3.3,,,Spain,OCCURRENCE
42.31,3.3,,,Spain,OCCURRENCE
42.31,3.3,,,Spain,OCCURRENCE
42.31,3.3,,,Spain,OCCURRENCE
42.31,3.3,,,Spain,OCCURRENCE
42.31,3.3,,,Spain,OCCURRENCE
42.31,3.3,,,Spain,OCCURRENCE
42.31,3.3,,,Spain,OCCURRENCE
42.31,3.3,,,Spain,OCCURRENCE
42.31,3.3,,,Spain,OCCURRENCE
42.31,3.3,,,Spain,OCCURRENCE
42.31,3.3,,,Spain,OCCURRENCE
42.31369,3.31567,2019,9,Spain,HUMAN_OBSERVATION
42.33562,3.25525,2019,7,Spain,HUMAN_OBSERVATION
42.364143,-8.935823,2011,6,Spain,HUMAN_OBSERVATION
42.3732,3.1656,2016,4,Spain,MACHINE_OBSERVATION
42.382117,3.158184,2025,5,Spain,HUMAN_OBSERVATION
42.38365,3.16132,2015,5,Spain,HUMAN_OBSERVATION
42.387828,3.163661,2025,5,Spain,HUMAN_OBSERVATION
42.387828,3.163661,2025,5,Spain,HUMAN_OBSERVATION
42.387828,3.163661,2025,5,Spain,HUMAN_OBSERVATION
42.390234,3.160713,2022,3,Spain,HUMAN_OBSERVATION
42.390605,3.161623,2025,4,Spain,HUMAN_OBSERVATION
42.3907,3.160255,2025,5,Spain,HUMAN_OBSERVATION
42.39368,3.154893,2025,5,Spain,HUMAN_OBSERVATION
42.4,3.18,2011,,Spain,HUMAN_OBSERVATION
42.4,3.18,2006,6,Spain,OCCURRENCE
42.4,3.18,,,Spain,OCCURRENCE
42.40469,3.157612,2025,4,Spain,HUMAN_OBSERVATION
42.404881,3.157969,2025,4,Spain,HUMAN_OBSERVATION
42.407515,3.15816,2025,4,Spain,HUMAN_OBSERVATION
42.40922,3.16209,2019,5,Spain,HUMAN_OBSERVATION
42.40947,3.16656,2018,8,Spain,HUMAN_OBSERVATION
42.43158,3.17179,2018,5,Spain,HUMAN_OBSERVATION
42.43158,3.17179,2016,6,Spain,HUMAN_OBSERVATION
42.43311,3.17523,2021,5,France,HUMAN_OBSERVATION
42.43311,3.17523,2021,5,France,HUMAN_OBSERVATION
42.43311,3.17523,2021,5,France,HUMAN_OBSERVATION
42.43311,3.17523,2021,5,France,HUMAN_OBSERVATION
42.43311,3.17523,2021,5,France,HUMAN_OBSERVATION
42.43311,3.17523,2021,6,France,HUMAN_OBSERVATION
42.43311,3.17523,2021,6,France,HUMAN_OBSERVATION
42.43311,3.17523,2021,6,France,HUMAN_OBSERVATION
42.43311,3.17523,2021,6,France,HUMAN_OBSERVATION
42.43311,3.17523,2021,6,France,HUMAN_OBSERVATION
42.43311,3.17523,2021,6,France,HUMAN_OBSERVATION
42.43311,3.17523,2021,6,France,HUMAN_OBSERVATION
42.43311,3.17523,2021,6,France,HUMAN_OBSERVATION
42.43311,3.17523,2021,6,France,HUMAN_OBSERVATION
42.43311,3.17523,2021,6,France,HUMAN_OBSERVATION
42.43311,3.17523,2021,6,France,HUMAN_OBSERVATION
42.43311,3.17523,2021,6,France,HUMAN_OBSERVATION
42.43311,3.17523,2021,6,France,HUMAN_OBSERVATION
42.43311,3.17523,2021,6,France,HUMAN_OBSERVATION
42.43311,3.17523,2021,6,France,HUMAN_OBSERVATION
42.43311,3.17523,2020,11,France,HUMAN_OBSERVATION
42.43885,3.17718,2022,6,France,HUMAN_OBSERVATION
42.43885,3.17718,2018,5,France,HUMAN_OBSERVATION
42.440814,3.167605,2025,4,France,HUMAN_OBSERVATION
42.440814,3.167605,2025,4,France,HUMAN_OBSERVATION
42.44133,3.17672,2023,5,France,HUMAN_OBSERVATION
42.441572,3.16823,2024,4,France,HUMAN_OBSERVATION
42.44158,3.168038,2024,4,France,HUMAN_OBSERVATION
42.441766,3.16817,2024,4,France,HUMAN_OBSERVATION
42.44445,3.17778,2014,10,France,HUMAN_OBSERVATION
42.45577,3.17283,2021,6,France,HUMAN_OBSERVATION
42.460447,3.156703,2024,4,France,HUMAN_OBSERVATION
42.4611,3.16021,2022,5,France,HUMAN_OBSERVATION
42.4611,3.16021,2022,6,France,HUMAN_OBSERVATION
42.4611,3.16021,2019,6,France,HUMAN_OBSERVATION
42.4611,3.16021,2019,6,France,HUMAN_OBSERVATION
42.4611,3.16021,2019,6,France,HUMAN_OBSERVATION
42.4611,3.16021,2019,6,France,HUMAN_OBSERVATION
42.4611,3.16021,2019,6,France,HUMAN_OBSERVATION
42.4611,3.16021,2019,6,France,HUMAN_OBSERVATION
42.4611,3.16021,2019,6,France,HUMAN_OBSERVATION
42.4611,3.16021,2019,6,France,HUMAN_OBSERVATION
42.4611,3.16021,2019,6,France,HUMAN_OBSERVATION
42.4611,3.16021,2019,6,France,HUMAN_OBSERVATION
42.4611,3.16021,2018,7,France,HUMAN_OBSERVATION
42.464505,-8.941469,2025,2,Spain,HUMAN_OBSERVATION
42.46942,3.15967,2021,7,France,HUMAN_OBSERVATION
42.47433,3.1567,2021,7,France,HUMAN_OBSERVATION
42.47433,3.1567,2021,8,France,HUMAN_OBSERVATION
42.47433,3.1567,2016,6,France,HUMAN_OBSERVATION
42.47433,3.1567,2014,8,France,HUMAN_OBSERVATION
42.47635,3.15694,2021,7,France,HUMAN_OBSERVATION
42.47635,3.15694,2019,5,France,HUMAN_OBSERVATION
42.47635,3.15694,2018,5,France,HUMAN_OBSERVATION
42.47635,3.15694,2016,6,France,HUMAN_OBSERVATION
42.47805,3.16149,2022,6,France,HUMAN_OBSERVATION
42.47805,3.16149,2019,5,France,HUMAN_OBSERVATION
42.47805,3.16149,2019,5,France,HUMAN_OBSERVATION
42.47805,3.16149,2019,5,France,HUMAN_OBSERVATION
42.47805,3.16149,2019,7,France,HUMAN_OBSERVATION
42.47805,3.16149,2014,7,France,HUMAN_OBSERVATION
42.47844,3.15462,2019,9,France,HUMAN_OBSERVATION
42.47844,3.15462,2018,5,France,HUMAN_OBSERVATION
42.47844,3.15462,2014,5,France,HUMAN_OBSERVATION
42.47861,3.14917,2019,5,France,HUMAN_OBSERVATION
42.47861,3.14917,2016,5,France,HUMAN_OBSERVATION
42.47861,3.14917,2002,8,France,HUMAN_OBSERVATION
42.47917,3.16,1969,9,France,HUMAN_OBSERVATION
42.48028,3.14306,1967,8,France,HUMAN_OBSERVATION
42.487,3.169,2017,5,France,MATERIAL_SAMPLE
42.487,3.169,2017,5,France,MATERIAL_SAMPLE
42.487,3.169,2017,5,France,MATERIAL_SAMPLE
42.487,3.169,2017,5,France,MATERIAL_SAMPLE
42.487,3.169,2017,5,France,MATERIAL_SAMPLE
42.487,3.169,2017,5,France,MATERIAL_SAMPLE
42.487,3.169,2017,5,France,MATERIAL_SAMPLE
42.487,3.169,2017,5,France,MATERIAL_SAMPLE
42.487,3.169,2017,5,France,MATERIAL_SAMPLE
42.487,3.169,2017,5,France,MATERIAL_SAMPLE
42.487,3.169,2017,5,France,MATERIAL_SAMPLE
42.487,3.169,2017,5,France,MATERIAL_SAMPLE
42.487,3.169,2017,5,France,MATERIAL_SAMPLE
42.487,3.169,2017,5,France,MATERIAL_SAMPLE
42.487,3.169,2017,5,France,MATERIAL_SAMPLE
42.487,3.169,2017,5,France,MATERIAL_SAMPLE
42.487,3.169,2017,5,France,MATERIAL_SAMPLE
42.487,3.169,2017,5,France,MATERIAL_SAMPLE
42.487,3.169,2017,5,France,MATERIAL_SAMPLE
42.487,3.169,2017,5,France,MATERIAL_SAMPLE
42.487,3.169,2017,5,France,MATERIAL_SAMPLE
42.487,3.169,2017,5,France,MATERIAL_SAMPLE
42.487,3.17,2017,5,France,MATERIAL_SAMPLE
42.487,3.17,2017,5,France,MATERIAL_SAMPLE
42.487,3.17,2017,5,France,MATERIAL_SAMPLE
42.49,3.15,2014,6,France,MATERIAL_SAMPLE
42.50117,3.12814,2019,6,France,HUMAN_OBSERVATION
42.50117,3.12814,2019,6,France,HUMAN_OBSERVATION
42.50329,3.12834,2018,9,France,HUMAN_OBSERVATION
42.50902,3.1355,2016,5,France,HUMAN_OBSERVATION
42.51332,3.13386,2019,10,France,HUMAN_OBSERVATION
42.521459,3.11911,2021,6,France,HUMAN_OBSERVATION
42.5237,3.09937,2014,4,France,HUMAN_OBSERVATION
42.52404,3.11066,2019,10,France,HUMAN_OBSERVATION
42.52861,3.08528,1967,8,France,HUMAN_OBSERVATION
42.53246,3.08099,2021,6,France,HUMAN_OBSERVATION
42.57665,-9.08985,2021,6,Spain,HUMAN_OBSERVATION
42.71205,9.45652,2007,2,France,HUMAN_OBSERVATION
42.7122,9.4564,2008,9,France,MACHINE_OBSERVATION
42.74564,-9.07681,2021,5,Spain,HUMAN_OBSERVATION
42.78567,9.4906,2019,8,France,HUMAN_OBSERVATION
42.79679,-9.14016,2021,5,Spain,HUMAN_OBSERVATION
42.904396,-9.260117,2024,2,Spain,HUMAN_OBSERVATION
42.90442,-9.26077,2021,5,Spain,HUMAN_OBSERVATION
42.91742,3.06145,2021,8,France,HUMAN_OBSERVATION
42.91742,3.06145,2015,11,France,HUMAN_OBSERVATION
42.921226,-9.235834,2023,8,Spain,HUMAN_OBSERVATION
42.92717,3.05683,2021,8,France,HUMAN_OBSERVATION
42.98886,6.39705,2021,8,France,HUMAN_OBSERVATION
42.98886,6.39705,2011,9,France,HUMAN_OBSERVATION
42.98886,6.39705,2006,6,France,HUMAN_OBSERVATION
42.98905,6.39357,2006,6,France,HUMAN_OBSERVATION
42.9932,6.27393,2015,6,France,HUMAN_OBSERVATION
42.99362,6.40293,2016,5,France,HUMAN_OBSERVATION
42.99556,6.40619,2023,6,France,HUMAN_OBSERVATION
42.99611,6.40735,2006,6,France,HUMAN_OBSERVATION
43.0005,6.15595,2021,8,France,HUMAN_OBSERVATION
43.00396,6.14325,2014,9,France,HUMAN_OBSERVATION
43.00543,6.15307,2021,9,France,HUMAN_OBSERVATION
43.00543,6.15307,2016,5,France,HUMAN_OBSERVATION
43.0071,6.15955,2011,9,France,HUMAN_OBSERVATION
43.01333,6.36667,2023,7,France,HUMAN_OBSERVATION
43.01827,6.36259,2021,10,France,HUMAN_OBSERVATION
43.01827,6.36259,2012,6,France,HUMAN_OBSERVATION
43.01827,6.36259,2012,6,France,HUMAN_OBSERVATION
43.01834,6.40795,2018,10,France,HUMAN_OBSERVATION
43.01834,6.40795,2016,5,France,HUMAN_OBSERVATION
43.01834,6.40795,2015,5,France,HUMAN_OBSERVATION
43.01849,6.14625,2014,7,France,HUMAN_OBSERVATION
43.02622,6.24054,2011,9,France,HUMAN_OBSERVATION
43.02795,6.09832,2018,4,France,HUMAN_OBSERVATION
43.02795,6.09832,2016,5,France,HUMAN_OBSERVATION
43.02875,6.24126,2021,8,France,HUMAN_OBSERVATION
43.02875,6.24126,2012,6,France,HUMAN_OBSERVATION
43.02875,6.24126,2012,6,France,HUMAN_OBSERVATION
43.02875,6.24126,2004,6,France,HUMAN_OBSERVATION
43.03027,6.24128,2011,9,France,HUMAN_OBSERVATION
43.03232,6.0964,2016,5,France,HUMAN_OBSERVATION
43.03232,6.0964,2016,5,France,HUMAN_OBSERVATION
43.03317,6.09632,2016,5,France,HUMAN_OBSERVATION
43.03725,6.09138,2016,5,France,HUMAN_OBSERVATION
43.03725,6.09138,2016,5,France,HUMAN_OBSERVATION
43.04252,5.86175,2016,10,France,HUMAN_OBSERVATION
43.043331,-9.290875,2022,4,Spain,HUMAN_OBSERVATION
43.043331,-9.290875,2022,4,Spain,HUMAN_OBSERVATION
43.04423,-9.2881,2021,5,Spain,HUMAN_OBSERVATION
43.04442,5.86133,2022,4,France,HUMAN_OBSERVATION
43.04442,5.86133,2018,5,France,HUMAN_OBSERVATION
43.04787,5.86967,2022,4,France,HUMAN_OBSERVATION
43.04797,5.86876,2013,7,France,HUMAN_OBSERVATION
43.04857,5.86866,2022,4,France,HUMAN_OBSERVATION
43.04857,5.86866,2022,4,France,HUMAN_OBSERVATION
43.04857,5.86866,2022,4,France,HUMAN_OBSERVATION
43.04857,5.86866,2022,4,France,HUMAN_OBSERVATION
43.04857,5.86866,2022,5,France,HUMAN_OBSERVATION
43.04857,5.86866,2021,6,France,HUMAN_OBSERVATION
43.04857,5.86866,2013,6,France,HUMAN_OBSERVATION
43.04857,5.86866,2013,8,France,HUMAN_OBSERVATION
43.05635,5.7601,2021,12,France,HUMAN_OBSERVATION
43.06757,5.79061,2013,8,France,HUMAN_OBSERVATION
43.068609,5.79037,2021,6,France,HUMAN_OBSERVATION
43.07324,5.77523,2018,5,France,HUMAN_OBSERVATION
43.07324,5.77523,2013,10,France,HUMAN_OBSERVATION
43.07461,3.11369,2020,6,France,HUMAN_OBSERVATION
43.07542,5.74963,2006,9,France,HUMAN_OBSERVATION
43.07555,5.89851,2022,4,France,HUMAN_OBSERVATION
43.08451,5.76788,2019,6,France,HUMAN_OBSERVATION
43.12234,5.77659,2022,9,France,HUMAN_OBSERVATION
43.12742,5.75199,2015,5,France,HUMAN_OBSERVATION
43.14463,5.70858,2021,5,France,HUMAN_OBSERVATION
43.14463,5.70858,2019,6,France,HUMAN_OBSERVATION
43.14463,5.70858,2018,11,France,HUMAN_OBSERVATION
43.14597,5.54543,2015,6,France,HUMAN_OBSERVATION
43.14597,5.54543,2013,5,France,HUMAN_OBSERVATION
43.14665,5.71816,2015,7,France,HUMAN_OBSERVATION
43.14677,5.69471,2017,10,France,HUMAN_OBSERVATION
43.14779,5.69276,2022,6,France,HUMAN_OBSERVATION
43.14779,5.69276,2019,6,France,HUMAN_OBSERVATION
43.14779,5.69276,2016,6,France,HUMAN_OBSERVATION
43.15469,5.68324,2019,6,France,HUMAN_OBSERVATION
43.155,5.62278,2019,6,France,HUMAN_OBSERVATION
43.15528,5.62333,2021,9,France,HUMAN_OBSERVATION
43.15528,5.62333,2015,5,France,HUMAN_OBSERVATION
43.15644,5.62397,2015,6,France,HUMAN_OBSERVATION
43.15722,5.62222,2021,9,France,HUMAN_OBSERVATION
43.15722,5.62222,2021,10,France,HUMAN_OBSERVATION
43.15722,5.62222,2019,2,France,HUMAN_OBSERVATION
43.15722,5.62222,2013,7,France,HUMAN_OBSERVATION
43.15739,5.61967,2018,11,France,HUMAN_OBSERVATION
43.15739,5.61967,2015,6,France,HUMAN_OBSERVATION
43.15739,5.61967,2014,5,France,HUMAN_OBSERVATION
43.15739,5.61967,2014,6,France,HUMAN_OBSERVATION
43.15739,5.61967,2013,7,France,HUMAN_OBSERVATION
43.15756,5.61967,2021,3,France,HUMAN_OBSERVATION
43.15756,5.61967,2021,6,France,HUMAN_OBSERVATION
43.15756,5.61967,2021,9,France,HUMAN_OBSERVATION
43.15756,5.61967,2019,6,France,HUMAN_OBSERVATION
43.15756,5.61967,2019,6,France,HUMAN_OBSERVATION
43.15756,5.61967,2018,6,France,HUMAN_OBSERVATION
43.15756,5.61967,2018,6,France,HUMAN_OBSERVATION
43.15756,5.61967,2015,5,France,HUMAN_OBSERVATION
43.15756,5.61967,2014,5,France,HUMAN_OBSERVATION
43.15756,5.61967,2013,6,France,HUMAN_OBSERVATION
43.15767,6.62252,2012,10,France,HUMAN_OBSERVATION
43.15773,5.61583,2016,6,France,HUMAN_OBSERVATION
43.15821,5.61596,2021,5,France,HUMAN_OBSERVATION
43.15911,5.62079,2019,6,France,HUMAN_OBSERVATION
43.15911,5.62079,2013,3,France,HUMAN_OBSERVATION
43.15917,5.68083,2015,5,France,HUMAN_OBSERVATION
43.15917,5.68083,2015,5,France,HUMAN_OBSERVATION
43.15917,5.68083,2015,5,France,HUMAN_OBSERVATION
43.16002,5.61549,2023,6,France,HUMAN_OBSERVATION
43.16002,5.61549,2022,3,France,HUMAN_OBSERVATION
43.16002,5.61549,2022,3,France,HUMAN_OBSERVATION
43.16002,5.61549,2021,3,France,HUMAN_OBSERVATION
43.16002,5.61549,2019,6,France,HUMAN_OBSERVATION
43.16002,5.61549,2018,6,France,HUMAN_OBSERVATION
43.16003,5.61211,2022,3,France,HUMAN_OBSERVATION
43.16003,5.61211,2019,6,France,HUMAN_OBSERVATION
43.16003,5.61211,2019,9,France,HUMAN_OBSERVATION
43.16003,5.61211,2018,6,France,HUMAN_OBSERVATION
43.16003,5.61211,2018,6,France,HUMAN_OBSERVATION
43.16003,5.61211,2018,6,France,HUMAN_OBSERVATION
43.16003,5.61211,2016,5,France,HUMAN_OBSERVATION
43.16003,5.61211,2015,5,France,HUMAN_OBSERVATION
43.16003,5.61211,2015,5,France,HUMAN_OBSERVATION
43.16003,5.61211,2015,6,France,HUMAN_OBSERVATION
43.16003,5.61211,2013,6,France,HUMAN_OBSERVATION
43.16003,5.61211,2009,10,France,HUMAN_OBSERVATION
43.16011,6.62321,2012,10,France,HUMAN_OBSERVATION
43.16191,5.60184,2018,11,France,HUMAN_OBSERVATION
43.16286,5.61369,2018,9,France,HUMAN_OBSERVATION
43.16286,5.61369,2016,4,France,HUMAN_OBSERVATION
43.16386,5.60856,2018,5,France,HUMAN_OBSERVATION
43.16386,5.60856,2016,5,France,HUMAN_OBSERVATION
43.16471,5.59838,2018,6,France,HUMAN_OBSERVATION
43.16471,5.59838,2018,6,France,HUMAN_OBSERVATION
43.16488,5.60608,2018,4,France,HUMAN_OBSERVATION
43.16937,5.39375,2018,6,France,HUMAN_OBSERVATION
43.171305,5.393967,2025,4,France,HUMAN_OBSERVATION
43.171472,5.393794,2025,4,France,HUMAN_OBSERVATION
43.171498,5.393803,2025,4,France,HUMAN_OBSERVATION
43.17157,5.39385,2023,5,France,HUMAN_OBSERVATION
43.17157,5.39385,2023,5,France,HUMAN_OBSERVATION
43.17157,5.39385,2022,5,France,HUMAN_OBSERVATION
43.17157,5.39385,2021,6,France,HUMAN_OBSERVATION
43.171588,5.393827,2025,4,France,HUMAN_OBSERVATION
43.171657,5.393624,2023,5,France,HUMAN_OBSERVATION
43.17247,5.3907,2023,5,France,HUMAN_OBSERVATION
43.17259,5.389597,2023,5,France,HUMAN_OBSERVATION
43.172706,5.393269,2025,5,France,HUMAN_OBSERVATION
43.172713,5.393254,2025,5,France,HUMAN_OBSERVATION
43.1729,5.38296,2011,6,France,HUMAN_OBSERVATION
43.17328,5.39843,2022,5,France,HUMAN_OBSERVATION
43.17361,5.39904,2011,5,France,HUMAN_OBSERVATION
43.1738,5.39871,2019,5,France,HUMAN_OBSERVATION
43.1738,5.39871,2018,4,France,HUMAN_OBSERVATION
43.1738,5.39871,2018,5,France,HUMAN_OBSERVATION
43.174412,5.398524,2024,5,France,HUMAN_OBSERVATION
43.174521,5.397987,2025,4,France,HUMAN_OBSERVATION
43.17473,5.4012,2019,5,France,HUMAN_OBSERVATION
43.175689,5.385778,2025,4,France,HUMAN_OBSERVATION
43.175689,5.385778,2025,4,France,HUMAN_OBSERVATION
43.175689,5.385778,2025,4,France,HUMAN_OBSERVATION
43.17648,5.37087,2022,5,France,HUMAN_OBSERVATION
43.17648,5.37087,2022,5,France,HUMAN_OBSERVATION
43.17648,5.37087,2019,5,France,HUMAN_OBSERVATION
43.17648,5.37087,2018,4,France,HUMAN_OBSERVATION
43.17648,5.37087,2018,4,France,HUMAN_OBSERVATION
43.17648,5.37087,2018,4,France,HUMAN_OBSERVATION
43.17648,5.37087,2018,5,France,HUMAN_OBSERVATION
43.17648,5.37087,2018,6,France,HUMAN_OBSERVATION
43.17648,5.37087,2016,5,France,HUMAN_OBSERVATION
43.17648,5.37087,2014,5,France,HUMAN_OBSERVATION
43.17648,5.37087,2010,3,France,HUMAN_OBSERVATION
43.17648,5.37087,2010,4,France,HUMAN_OBSERVATION
43.17648,5.37087,2010,4,France,HUMAN_OBSERVATION
43.17648,5.37087,2010,5,France,HUMAN_OBSERVATION
43.176586,5.370255,2025,4,France,HUMAN_OBSERVATION
43.1766,5.3708,2023,6,France,HUMAN_OBSERVATION
43.1766,5.3708,2023,6,France,HUMAN_OBSERVATION
43.176684,5.370386,2025,4,France,HUMAN_OBSERVATION
43.176684,5.370386,2025,4,France,HUMAN_OBSERVATION
43.176716,5.370242,2025,4,France,HUMAN_OBSERVATION
43.176732,5.370311,2025,4,France,HUMAN_OBSERVATION
43.176738,5.370211,2025,4,France,HUMAN_OBSERVATION
43.176763,5.370714,2025,4,France,HUMAN_OBSERVATION
43.176802,5.370753,2018,5,France,HUMAN_OBSERVATION
43.176849,5.370761,2025,4,France,HUMAN_OBSERVATION
43.176849,5.370761,2025,4,France,HUMAN_OBSERVATION
43.176849,5.370761,2024,5,France,HUMAN_OBSERVATION
43.177208,5.372332,2024,4,France,HUMAN_OBSERVATION
43.177661,5.372465,2025,4,France,HUMAN_OBSERVATION
43.177661,5.372465,2024,4,France,HUMAN_OBSERVATION
43.177719,5.37271,2024,4,France,HUMAN_OBSERVATION
43.177719,5.37271,2024,4,France,HUMAN_OBSERVATION
43.18457,5.38928,2022,5,France,HUMAN_OBSERVATION
43.186079,5.391441,2025,3,France,HUMAN_OBSERVATION
43.186212,5.391687,2025,5,France,HUMAN_OBSERVATION
43.186212,5.391687,2024,6,France,HUMAN_OBSERVATION
43.186309,5.391769,2025,4,France,HUMAN_OBSERVATION
43.186332,5.391312,2024,4,France,HUMAN_OBSERVATION
43.18707,5.39108,2022,5,France,HUMAN_OBSERVATION
43.18707,5.39108,2022,5,France,HUMAN_OBSERVATION
43.18707,5.39108,2022,5,France,HUMAN_OBSERVATION
43.18707,5.39108,2021,4,France,HUMAN_OBSERVATION
43.18707,5.39108,2018,5,France,HUMAN_OBSERVATION
43.188472,5.385133,2025,4,France,HUMAN_OBSERVATION
43.188623,5.385471,2024,2,France,HUMAN_OBSERVATION
43.18864,5.38572,2022,5,France,HUMAN_OBSERVATION
43.188685,5.385241,2025,4,France,HUMAN_OBSERVATION
43.189239,5.385439,2025,5,France,HUMAN_OBSERVATION
43.19038,5.38217,2023,5,France,HUMAN_OBSERVATION
43.19673,5.36158,2011,6,France,HUMAN_OBSERVATION
43.19673,5.36187,2022,4,France,HUMAN_OBSERVATION
43.19673,5.36187,2022,5,France,HUMAN_OBSERVATION
43.19673,5.36187,2022,6,France,HUMAN_OBSERVATION
43.19673,5.36187,2018,6,France,HUMAN_OBSERVATION
43.197234,5.361392,2024,4,France,HUMAN_OBSERVATION
43.19743,5.50988,2021,5,France,HUMAN_OBSERVATION
43.19743,5.50988,2021,5,France,HUMAN_OBSERVATION
43.19743,5.50988,2019,5,France,HUMAN_OBSERVATION
43.19743,5.50988,2018,3,France,HUMAN_OBSERVATION
43.19743,5.50988,2018,3,France,HUMAN_OBSERVATION
43.19743,5.50988,2018,4,France,HUMAN_OBSERVATION
43.19743,5.50988,2018,5,France,HUMAN_OBSERVATION
43.19743,5.50988,2017,5,France,HUMAN_OBSERVATION
43.19743,5.50988,2014,1,France,HUMAN_OBSERVATION
43.19752,5.50118,2021,5,France,HUMAN_OBSERVATION
43.19752,5.50118,2021,5,France,HUMAN_OBSERVATION
43.19752,5.50118,2019,5,France,HUMAN_OBSERVATION
43.19752,5.50118,2018,3,France,HUMAN_OBSERVATION
43.19752,5.50118,2018,5,France,HUMAN_OBSERVATION
43.19752,5.50118,2017,5,France,HUMAN_OBSERVATION
43.19832,5.49798,2021,5,France,HUMAN_OBSERVATION
43.19832,5.49798,2021,5,France,HUMAN_OBSERVATION
43.19832,5.49798,2017,5,France,HUMAN_OBSERVATION
43.19832,5.49798,2012,6,France,HUMAN_OBSERVATION
43.19861,5.22833,2021,3,France,HUMAN_OBSERVATION
43.19861,5.22833,2018,5,France,HUMAN_OBSERVATION
43.19861,5.22833,2014,3,France,HUMAN_OBSERVATION
43.198978,5.229778,2025,4,France,HUMAN_OBSERVATION
43.19927,5.23112,2014,5,France,HUMAN_OBSERVATION
43.19927,5.23112,2013,7,France,HUMAN_OBSERVATION
43.199429,5.228726,2021,4,France,HUMAN_OBSERVATION
43.19948,5.230548,2025,5,France,HUMAN_OBSERVATION
43.19952,5.22963,2018,6,France,HUMAN_OBSERVATION
43.199653,5.230654,2024,2,France,HUMAN_OBSERVATION
43.20057,5.51292,2021,5,France,HUMAN_OBSERVATION
43.20057,5.51292,2021,5,France,HUMAN_OBSERVATION
43.20057,5.51292,2021,5,France,HUMAN_OBSERVATION
43.20243,5.45508,2011,6,France,HUMAN_OBSERVATION
43.20278,5.45505,2021,5,France,HUMAN_OBSERVATION
43.2028,5.49275,2017,5,France,HUMAN_OBSERVATION
43.20348,5.48902,2017,5,France,HUMAN_OBSERVATION
43.20348,5.48902,2017,5,France,HUMAN_OBSERVATION
43.205365,5.427243,2025,3,France,HUMAN_OBSERVATION
43.20732,5.33773,2015,6,France,HUMAN_OBSERVATION
43.20735,5.33748,2022,5,France,HUMAN_OBSERVATION
43.20735,5.33748,2022,5,France,HUMAN_OBSERVATION
43.20763,5.3383,2011,6,France,HUMAN_OBSERVATION
43.20779,5.338186,2023,4,France,HUMAN_OBSERVATION
43.20783,5.33848,2022,5,France,HUMAN_OBSERVATION
43.20783,5.33848,2022,5,France,HUMAN_OBSERVATION
43.20783,5.33848,2022,7,France,HUMAN_OBSERVATION
43.20783,5.33848,2020,3,France,HUMAN_OBSERVATION
43.20783,5.33848,2017,9,France,HUMAN_OBSERVATION
43.20783,5.33848,2014,5,France,HUMAN_OBSERVATION
43.20783,5.33848,2013,10,France,HUMAN_OBSERVATION
43.20838,5.44786,2018,4,France,HUMAN_OBSERVATION
43.21033,5.33266,2017,6,France,HUMAN_OBSERVATION
43.210751,5.456575,2025,5,France,HUMAN_OBSERVATION
43.210751,5.456575,2025,5,France,HUMAN_OBSERVATION
43.210852,5.456374,2025,5,France,HUMAN_OBSERVATION
43.210852,5.456374,2025,5,France,HUMAN_OBSERVATION
43.210888,5.351307,2025,5,France,HUMAN_OBSERVATION
43.210931,5.350958,2025,4,France,HUMAN_OBSERVATION
43.210931,5.350958,2025,4,France,HUMAN_OBSERVATION
43.210963,5.456449,2025,5,France,HUMAN_OBSERVATION
43.211283,5.352117,2025,3,France,HUMAN_OBSERVATION
43.211503,5.352272,2025,2,France,HUMAN_OBSERVATION
43.211513,5.45541,2022,5,France,HUMAN_OBSERVATION
43.21316,5.33034,2010,5,France,HUMAN_OBSERVATION
43.21331,3.24101,2014,3,France,HUMAN_OBSERVATION
43.213722,5.325577,2024,4,France,HUMAN_OBSERVATION
43.213731,5.337333,2025,4,France,HUMAN_OBSERVATION
43.213914,5.325333,2024,4,France,HUMAN_OBSERVATION
43.213942,5.325365,2024,5,France,HUMAN_OBSERVATION
43.214031,5.325582,2024,4,France,HUMAN_OBSERVATION
43.214279,5.325234,2024,4,France,HUMAN_OBSERVATION
43.215056,5.326428,2024,4,France,HUMAN_OBSERVATION
43.215056,5.326428,2024,4,France,HUMAN_OBSERVATION
43.215062,5.32613,2024,4,France,HUMAN_OBSERVATION
43.215091,5.325183,2024,4,France,HUMAN_OBSERVATION
43.216549,5.320923,2024,5,France,HUMAN_OBSERVATION
43.228259,5.346949,2022,3,France,HUMAN_OBSERVATION
43.228837,5.348752,2018,6,France,HUMAN_OBSERVATION
43.22885,5.3488,2014,3,France,HUMAN_OBSERVATION
43.22885,5.3488,2014,5,France,HUMAN_OBSERVATION
43.22885,5.3488,2014,5,France,HUMAN_OBSERVATION
43.22885,5.3488,2012,11,France,HUMAN_OBSERVATION
43.228902,5.347958,2024,4,France,HUMAN_OBSERVATION
43.23987,5.36236,2017,3,France,HUMAN_OBSERVATION
43.2535,3.52833,2020,10,France,HUMAN_OBSERVATION
43.25482,5.37408,2017,4,France,HUMAN_OBSERVATION
43.26024,5.289194,2025,4,France,HUMAN_OBSERVATION
43.26024,5.289194,2025,4,France,HUMAN_OBSERVATION
43.260563,5.289474,2025,4,France,HUMAN_OBSERVATION
43.260563,5.289474,2025,4,France,HUMAN_OBSERVATION
43.260563,5.289474,2025,4,France,HUMAN_OBSERVATION
43.260563,5.289474,2024,7,France,HUMAN_OBSERVATION
43.260581,5.289684,2025,4,France,HUMAN_OBSERVATION
43.260587,5.290313,2025,4,France,HUMAN_OBSERVATION
43.260587,5.290313,2025,4,France,HUMAN_OBSERVATION
43.260587,5.290313,2025,4,France,HUMAN_OBSERVATION
43.260587,5.290313,2025,4,France,HUMAN_OBSERVATION
43.260587,5.290313,2025,4,France,HUMAN_OBSERVATION
43.260587,5.290313,2025,4,France,HUMAN_OBSERVATION
43.260945,5.290212,2025,4,France,HUMAN_OBSERVATION
43.260982,5.290227,2025,4,France,HUMAN_OBSERVATION
43.260982,5.290227,2025,4,France,HUMAN_OBSERVATION
43.261068,5.290277,2025,4,France,HUMAN_OBSERVATION
43.261068,5.290277,2025,4,France,HUMAN_OBSERVATION
43.26152,5.28749,2018,5,France,HUMAN_OBSERVATION
43.26194,5.29111,2022,5,France,HUMAN_OBSERVATION
43.26194,5.29111,2019,5,France,HUMAN_OBSERVATION
43.26194,5.29111,2019,5,France,HUMAN_OBSERVATION
43.26194,5.29111,2017,5,France,HUMAN_OBSERVATION
43.26194,5.29111,2017,5,France,HUMAN_OBSERVATION
43.26194,5.29111,2017,5,France,HUMAN_OBSERVATION
43.26194,5.29111,2015,10,France,HUMAN_OBSERVATION
43.26194,5.29111,2014,10,France,HUMAN_OBSERVATION
43.26194,5.29111,2010,3,France,HUMAN_OBSERVATION
43.262084,5.291659,2025,5,France,HUMAN_OBSERVATION
43.26282,5.28758,2018,5,France,HUMAN_OBSERVATION
43.26282,5.28758,2014,10,France,HUMAN_OBSERVATION
43.26282,5.28758,2013,10,France,HUMAN_OBSERVATION
43.264119,5.286708,2025,4,France,HUMAN_OBSERVATION
43.264119,5.286708,2025,4,France,HUMAN_OBSERVATION
43.26628,5.29633,2019,5,France,HUMAN_OBSERVATION
43.26628,5.29633,2017,5,France,HUMAN_OBSERVATION
43.26841,3.51196,2019,10,France,HUMAN_OBSERVATION
43.27058,3.51475,2021,1,France,HUMAN_OBSERVATION
43.27058,3.51475,2019,7,France,HUMAN_OBSERVATION
43.27058,3.51475,2019,7,France,HUMAN_OBSERVATION
43.27058,3.51475,2019,8,France,HUMAN_OBSERVATION
43.27058,3.51475,2019,8,France,HUMAN_OBSERVATION
43.27058,3.51475,2019,8,France,HUMAN_OBSERVATION
43.27058,3.51475,2017,8,France,HUMAN_OBSERVATION
43.27282,5.36212,2016,4,France,HUMAN_OBSERVATION
43.27307,5.36234,2015,5,France,HUMAN_OBSERVATION
43.27307,5.36234,2015,5,France,HUMAN_OBSERVATION
43.27318,5.35329,2017,5,France,HUMAN_OBSERVATION
43.27319,5.3622,2022,2,France,HUMAN_OBSERVATION
43.274382,3.514857,2025,5,France,HUMAN_OBSERVATION
43.27991,5.2867,2021,6,France,HUMAN_OBSERVATION
43.27991,5.2867,2021,6,France,HUMAN_OBSERVATION
43.27991,5.2867,2018,4,France,HUMAN_OBSERVATION
43.27991,5.2867,2018,5,France,HUMAN_OBSERVATION
43.27991,5.2867,2018,5,France,HUMAN_OBSERVATION
43.27991,5.2867,2018,5,France,HUMAN_OBSERVATION
43.27991,5.2867,2018,5,France,HUMAN_OBSERVATION
43.27991,5.2867,2018,5,France,HUMAN_OBSERVATION
43.27991,5.2867,2015,5,France,HUMAN_OBSERVATION
43.27991,5.2867,2015,6,France,HUMAN_OBSERVATION
43.27991,5.2867,2015,10,France,HUMAN_OBSERVATION
43.27991,5.2867,2014,5,France,HUMAN_OBSERVATION
43.27991,5.2867,2014,5,France,HUMAN_OBSERVATION
43.27991,5.2867,2014,5,France,HUMAN_OBSERVATION
43.27991,5.2867,2013,6,France,HUMAN_OBSERVATION
43.27991,5.2867,2013,6,France,HUMAN_OBSERVATION
43.27991,5.2867,2013,6,France,HUMAN_OBSERVATION
43.27991,5.2867,2013,6,France,HUMAN_OBSERVATION
43.27991,5.2867,2013,6,France,HUMAN_OBSERVATION
43.27991,5.2867,2013,6,France,HUMAN_OBSERVATION
43.27991,5.2867,2013,6,France,HUMAN_OBSERVATION
43.280064,5.350595,2024,6,France,HUMAN_OBSERVATION
43.280215,5.350433,2025,5,France,HUMAN_OBSERVATION
43.280233,5.350303,2024,6,France,HUMAN_OBSERVATION
43.280333,5.285904,2025,4,France,HUMAN_OBSERVATION
43.28169,5.30531,2014,3,France,HUMAN_OBSERVATION
43.28229,5.30504,2014,10,France,HUMAN_OBSERVATION
43.2855,5.30574,2018,4,France,HUMAN_OBSERVATION
43.29169,5.42044,2021,4,France,HUMAN_OBSERVATION
43.294101,-2.148482,2021,8,Spain,HUMAN_OBSERVATION
43.294101,-2.148482,2021,8,Spain,HUMAN_OBSERVATION
43.294101,-2.148482,2018,8,Spain,HUMAN_OBSERVATION
43.294101,-2.148482,2018,8,Spain,HUMAN_OBSERVATION
43.294101,-2.148482,2015,8,Spain,HUMAN_OBSERVATION
43.294101,-2.148482,2015,8,Spain,HUMAN_OBSERVATION
43.294101,-2.148482,2012,4,Spain,HUMAN_OBSERVATION
43.294101,-2.148482,2012,4,Spain,HUMAN_OBSERVATION
43.294101,-2.148482,2012,4,Spain,HUMAN_OBSERVATION
43.294101,-2.148482,2012,4,Spain,HUMAN_OBSERVATION
43.294101,-2.148482,2012,4,Spain,HUMAN_OBSERVATION
43.294101,-2.148482,2012,4,Spain,HUMAN_OBSERVATION
43.294101,-2.148482,2012,4,Spain,HUMAN_OBSERVATION
43.294101,-2.148482,2009,8,Spain,HUMAN_OBSERVATION
43.294101,-2.148482,2009,8,Spain,HUMAN_OBSERVATION
43.302436,-2.344919,2021,5,Spain,HUMAN_OBSERVATION
43.302436,-2.344919,2021,5,Spain,HUMAN_OBSERVATION
43.302436,-2.344919,2021,5,Spain,HUMAN_OBSERVATION
43.302436,-2.344919,2021,5,Spain,HUMAN_OBSERVATION
43.302436,-2.344919,2021,5,Spain,HUMAN_OBSERVATION
43.302436,-2.344919,2021,5,Spain,HUMAN_OBSERVATION
43.302436,-2.344919,2021,5,Spain,HUMAN_OBSERVATION
43.302436,-2.344919,2021,5,Spain,HUMAN_OBSERVATION
43.302436,-2.344919,2018,6,Spain,HUMAN_OBSERVATION
43.302436,-2.344919,2018,6,Spain,HUMAN_OBSERVATION
43.302436,-2.344919,2018,6,Spain,HUMAN_OBSERVATION
43.302436,-2.344919,2018,6,Spain,HUMAN_OBSERVATION
43.302436,-2.344919,2018,6,Spain,HUMAN_OBSERVATION
43.302436,-2.344919,2015,7,Spain,HUMAN_OBSERVATION
43.302436,-2.344919,2015,7,Spain,HUMAN_OBSERVATION
43.302436,-2.344919,2015,7,Spain,HUMAN_OBSERVATION
43.302436,-2.344919,2015,7,Spain,HUMAN_OBSERVATION
43.302436,-2.344919,2015,7,Spain,HUMAN_OBSERVATION
43.302436,-2.344919,2015,7,Spain,HUMAN_OBSERVATION
43.302436,-2.344919,2012,4,Spain,HUMAN_OBSERVATION
43.302436,-2.344919,2012,4,Spain,HUMAN_OBSERVATION
43.302436,-2.344919,2012,4,Spain,HUMAN_OBSERVATION
43.302436,-2.344919,2012,4,Spain,HUMAN_OBSERVATION
43.302436,-2.344919,2012,4,Spain,HUMAN_OBSERVATION
43.302436,-2.344919,2009,7,Spain,HUMAN_OBSERVATION
43.302436,-2.344919,2009,7,Spain,HUMAN_OBSERVATION
43.302436,-2.344919,2009,7,Spain,HUMAN_OBSERVATION
43.302436,-2.344919,2009,7,Spain,HUMAN_OBSERVATION
43.302436,-2.344919,2009,7,Spain,HUMAN_OBSERVATION
43.302436,-2.344919,2009,7,Spain,HUMAN_OBSERVATION
43.302436,-2.344919,2009,7,Spain,HUMAN_OBSERVATION
43.302436,-2.344919,2009,7,Spain,HUMAN_OBSERVATION
43.302436,-2.344919,2006,4,Spain,HUMAN_OBSERVATION
43.302436,-2.344919,2006,4,Spain,HUMAN_OBSERVATION
43.302436,-2.344919,2006,4,Spain,HUMAN_OBSERVATION
43.302436,-2.344919,2003,4,Spain,HUMAN_OBSERVATION
43.302436,-2.344919,2003,4,Spain,HUMAN_OBSERVATION
43.302436,-2.344919,2003,4,Spain,HUMAN_OBSERVATION
43.302436,-2.344919,2003,4,Spain,HUMAN_OBSERVATION
43.30287,-2.35627,2021,5,Spain,HUMAN_OBSERVATION
43.30287,-2.35627,2021,5,Spain,HUMAN_OBSERVATION
43.30287,-2.35627,2021,5,Spain,HUMAN_OBSERVATION
43.30287,-2.35627,2021,5,Spain,HUMAN_OBSERVATION
43.30287,-2.35627,2021,5,Spain,HUMAN_OBSERVATION
43.30287,-2.35627,2021,5,Spain,HUMAN_OBSERVATION
43.30287,-2.35627,2018,6,Spain,HUMAN_OBSERVATION
43.30287,-2.35627,2018,6,Spain,HUMAN_OBSERVATION
43.30287,-2.35627,2018,6,Spain,HUMAN_OBSERVATION
43.30287,-2.35627,2018,6,Spain,HUMAN_OBSERVATION
43.30287,-2.35627,2015,4,Spain,HUMAN_OBSERVATION
43.30287,-2.35627,2015,4,Spain,HUMAN_OBSERVATION
43.30287,-2.35627,2015,4,Spain,HUMAN_OBSERVATION
43.30287,-2.35627,2012,5,Spain,HUMAN_OBSERVATION
43.30287,-2.35627,2012,5,Spain,HUMAN_OBSERVATION
43.30287,-2.35627,2012,5,Spain,HUMAN_OBSERVATION
43.30287,-2.35627,2012,5,Spain,HUMAN_OBSERVATION
43.30287,-2.35627,2012,5,Spain,HUMAN_OBSERVATION
43.30287,-2.35627,2009,7,Spain,HUMAN_OBSERVATION
43.30287,-2.35627,2009,7,Spain,HUMAN_OBSERVATION
43.30287,-2.35627,2009,7,Spain,HUMAN_OBSERVATION
43.30287,-2.35627,2009,7,Spain,HUMAN_OBSERVATION
43.30287,-2.35627,2006,4,Spain,HUMAN_OBSERVATION
43.30287,-2.35627,2006,4,Spain,HUMAN_OBSERVATION
43.30287,-2.35627,2006,4,Spain,HUMAN_OBSERVATION
43.30287,-2.35627,2006,4,Spain,HUMAN_OBSERVATION
43.30287,-2.35627,2006,4,Spain,HUMAN_OBSERVATION
43.30287,-2.35627,2006,4,Spain,HUMAN_OBSERVATION
43.30287,-2.35627,2003,4,Spain,HUMAN_OBSERVATION
43.303563,-2.259562,2019,4,Spain,HUMAN_OBSERVATION
43.303563,-2.259562,2019,4,Spain,HUMAN_OBSERVATION
43.303563,-2.259562,2019,4,Spain,HUMAN_OBSERVATION
43.303563,-2.259562,2019,4,Spain,HUMAN_OBSERVATION
43.303563,-2.259562,2016,5,Spain,HUMAN_OBSERVATION
43.303563,-2.259562,2016,5,Spain,HUMAN_OBSERVATION
43.303563,-2.259562,2016,5,Spain,HUMAN_OBSERVATION
43.303563,-2.259562,2016,5,Spain,HUMAN_OBSERVATION
43.303563,-2.259562,2016,5,Spain,HUMAN_OBSERVATION
43.303563,-2.259562,2013,3,Spain,HUMAN_OBSERVATION
43.303563,-2.259562,2013,3,Spain,HUMAN_OBSERVATION
43.303563,-2.259562,2013,3,Spain,HUMAN_OBSERVATION
43.303563,-2.259562,2010,8,Spain,HUMAN_OBSERVATION
43.303563,-2.259562,2010,8,Spain,HUMAN_OBSERVATION
43.303563,-2.259562,2010,8,Spain,HUMAN_OBSERVATION
43.303563,-2.259562,2010,8,Spain,HUMAN_OBSERVATION
43.303563,-2.259562,2007,4,Spain,HUMAN_OBSERVATION
43.303563,-2.259562,2007,4,Spain,HUMAN_OBSERVATION
43.303563,-2.259562,2004,4,Spain,HUMAN_OBSERVATION
43.303563,-2.259562,2004,4,Spain,HUMAN_OBSERVATION
43.303637,-2.25987,2019,4,Spain,HUMAN_OBSERVATION
43.303637,-2.25987,2019,4,Spain,HUMAN_OBSERVATION
43.303637,-2.25987,2019,4,Spain,HUMAN_OBSERVATION
43.303637,-2.25987,2019,4,Spain,HUMAN_OBSERVATION
43.303637,-2.25987,2016,5,Spain,HUMAN_OBSERVATION
43.303637,-2.25987,2016,5,Spain,HUMAN_OBSERVATION
43.303637,-2.25987,2016,5,Spain,HUMAN_OBSERVATION
43.303637,-2.25987,2013,3,Spain,HUMAN_OBSERVATION
43.303637,-2.25987,2013,3,Spain,HUMAN_OBSERVATION
43.303637,-2.25987,2013,3,Spain,HUMAN_OBSERVATION
43.303637,-2.25987,2010,8,Spain,HUMAN_OBSERVATION
43.303637,-2.25987,2010,8,Spain,HUMAN_OBSERVATION
43.303637,-2.25987,2010,8,Spain,HUMAN_OBSERVATION
43.303637,-2.25987,2007,4,Spain,HUMAN_OBSERVATION
43.303637,-2.25987,2007,4,Spain,HUMAN_OBSERVATION
43.303637,-2.25987,2007,4,Spain,HUMAN_OBSERVATION
43.303637,-2.25987,2007,4,Spain,HUMAN_OBSERVATION
43.303637,-2.25987,2004,4,Spain,HUMAN_OBSERVATION
43.303637,-2.25987,2004,4,Spain,HUMAN_OBSERVATION
43.303637,-2.25987,2004,4,Spain,HUMAN_OBSERVATION
43.303785,-2.260447,2019,4,Spain,HUMAN_OBSERVATION
43.303785,-2.260447,2019,4,Spain,HUMAN_OBSERVATION
43.303785,-2.260447,2019,4,Spain,HUMAN_OBSERVATION
43.303785,-2.260447,2019,4,Spain,HUMAN_OBSERVATION
43.303785,-2.260447,2016,5,Spain,HUMAN_OBSERVATION
43.303785,-2.260447,2016,5,Spain,HUMAN_OBSERVATION
43.303785,-2.260447,2016,5,Spain,HUMAN_OBSERVATION
43.303785,-2.260447,2013,3,Spain,HUMAN_OBSERVATION
43.303785,-2.260447,2013,3,Spain,HUMAN_OBSERVATION
43.303785,-2.260447,2013,3,Spain,HUMAN_OBSERVATION
43.303785,-2.260447,2010,8,Spain,HUMAN_OBSERVATION
43.303785,-2.260447,2010,8,Spain,HUMAN_OBSERVATION
43.303785,-2.260447,2010,8,Spain,HUMAN_OBSERVATION
43.303785,-2.260447,2007,4,Spain,HUMAN_OBSERVATION
43.303785,-2.260447,2007,4,Spain,HUMAN_OBSERVATION
43.303785,-2.260447,2004,4,Spain,HUMAN_OBSERVATION
43.307584,-2.074769,2021,8,Spain,HUMAN_OBSERVATION
43.307584,-2.074769,2021,8,Spain,HUMAN_OBSERVATION
43.307584,-2.074769,2018,7,Spain,HUMAN_OBSERVATION
43.30848,-2.239071,2019,4,Spain,HUMAN_OBSERVATION
43.30848,-2.239071,2019,4,Spain,HUMAN_OBSERVATION
43.30848,-2.239071,2019,4,Spain,HUMAN_OBSERVATION
43.30848,-2.239071,2019,4,Spain,HUMAN_OBSERVATION
43.30848,-2.239071,2016,3,Spain,HUMAN_OBSERVATION
43.30848,-2.239071,2016,3,Spain,HUMAN_OBSERVATION
43.30848,-2.239071,2016,3,Spain,HUMAN_OBSERVATION
43.30848,-2.239071,2013,3,Spain,HUMAN_OBSERVATION
43.30848,-2.239071,2013,3,Spain,HUMAN_OBSERVATION
43.30848,-2.239071,2013,3,Spain,HUMAN_OBSERVATION
43.30848,-2.239071,2013,3,Spain,HUMAN_OBSERVATION
43.30848,-2.239071,2010,8,Spain,HUMAN_OBSERVATION
43.30848,-2.239071,2010,8,Spain,HUMAN_OBSERVATION
43.30848,-2.239071,2010,8,Spain,HUMAN_OBSERVATION
43.30848,-2.239071,2007,4,Spain,HUMAN_OBSERVATION
43.30848,-2.239071,2007,4,Spain,HUMAN_OBSERVATION
43.30848,-2.239071,2007,4,Spain,HUMAN_OBSERVATION
43.30848,-2.239071,2007,4,Spain,HUMAN_OBSERVATION
43.30848,-2.239071,2007,4,Spain,HUMAN_OBSERVATION
43.30848,-2.239071,2007,4,Spain,HUMAN_OBSERVATION
43.30848,-2.239071,2004,5,Spain,HUMAN_OBSERVATION
43.30848,-2.239071,2004,5,Spain,HUMAN_OBSERVATION
43.30848,-2.239071,2004,5,Spain,HUMAN_OBSERVATION
43.30848,-2.239071,2004,5,Spain,HUMAN_OBSERVATION
43.30848,-2.239071,2004,5,Spain,HUMAN_OBSERVATION
43.320866,-2.015431,2019,7,Spain,HUMAN_OBSERVATION
43.320866,-2.015431,2019,7,Spain,HUMAN_OBSERVATION
43.320866,-2.015431,2019,7,Spain,HUMAN_OBSERVATION
43.320866,-2.015431,2016,5,Spain,HUMAN_OBSERVATION
43.320866,-2.015431,2016,5,Spain,HUMAN_OBSERVATION
43.320866,-2.015431,2016,5,Spain,HUMAN_OBSERVATION
43.321504,-2.4123,2017,6,Spain,HUMAN_OBSERVATION
43.321504,-2.4123,2014,4,Spain,HUMAN_OBSERVATION
43.321504,-2.4123,2011,4,Spain,HUMAN_OBSERVATION
43.321504,-2.4123,2008,5,Spain,HUMAN_OBSERVATION
43.321504,-2.4123,2005,3,Spain,HUMAN_OBSERVATION
43.321504,-2.4123,2005,3,Spain,HUMAN_OBSERVATION
43.322929,-2.409485,2025,5,Spain,HUMAN_OBSERVATION
43.323075,-2.411298,2017,4,Spain,HUMAN_OBSERVATION
43.323075,-2.411298,2017,4,Spain,HUMAN_OBSERVATION
43.323075,-2.411298,2017,4,Spain,HUMAN_OBSERVATION
43.323075,-2.411298,2017,4,Spain,HUMAN_OBSERVATION
43.323075,-2.411298,2017,4,Spain,HUMAN_OBSERVATION
43.323075,-2.411298,2017,4,Spain,HUMAN_OBSERVATION
43.323075,-2.411298,2014,4,Spain,HUMAN_OBSERVATION
43.323075,-2.411298,2014,4,Spain,HUMAN_OBSERVATION
43.323075,-2.411298,2014,4,Spain,HUMAN_OBSERVATION
43.323075,-2.411298,2014,4,Spain,HUMAN_OBSERVATION
43.323075,-2.411298,2014,4,Spain,HUMAN_OBSERVATION
43.323075,-2.411298,2014,4,Spain,HUMAN_OBSERVATION
43.323075,-2.411298,2014,4,Spain,HUMAN_OBSERVATION
43.323075,-2.411298,2011,4,Spain,HUMAN_OBSERVATION
43.323075,-2.411298,2011,4,Spain,HUMAN_OBSERVATION
43.323075,-2.411298,2011,4,Spain,HUMAN_OBSERVATION
43.323075,-2.411298,2011,4,Spain,HUMAN_OBSERVATION
43.323075,-2.411298,2011,4,Spain,HUMAN_OBSERVATION
43.323075,-2.411298,2008,5,Spain,HUMAN_OBSERVATION
43.323075,-2.411298,2008,5,Spain,HUMAN_OBSERVATION
43.323075,-2.411298,2008,5,Spain,HUMAN_OBSERVATION
43.323075,-2.411298,2005,3,Spain,HUMAN_OBSERVATION
43.323075,-2.411298,2005,3,Spain,HUMAN_OBSERVATION
43.323075,-2.411298,2005,3,Spain,HUMAN_OBSERVATION
43.324286,-8.811417,2024,7,Spain,HUMAN_OBSERVATION
43.32461,5.07981,2017,6,France,HUMAN_OBSERVATION
43.32461,5.07981,2014,5,France,HUMAN_OBSERVATION
43.32493,5.05453,2023,5,France,HUMAN_OBSERVATION
43.32493,5.05453,2022,5,France,HUMAN_OBSERVATION
43.32493,5.05453,2022,5,France,HUMAN_OBSERVATION
43.32493,5.05453,2011,5,France,HUMAN_OBSERVATION
43.32738,5.10933,2015,5,France,HUMAN_OBSERVATION
43.327424,5.048123,2023,5,France,HUMAN_OBSERVATION
43.32808,5.10154,2013,10,France,HUMAN_OBSERVATION
43.32808,5.10154,2011,5,France,HUMAN_OBSERVATION
43.328147,5.100224,2025,5,France,HUMAN_OBSERVATION
43.3283,5.22123,2017,5,France,HUMAN_OBSERVATION
43.3283,5.22123,2015,5,France,HUMAN_OBSERVATION
43.32843,5.04508,2023,5,France,HUMAN_OBSERVATION
43.32845,5.21862,2017,7,France,HUMAN_OBSERVATION
43.32849,5.229979,2025,5,France,HUMAN_OBSERVATION
43.328538,5.22945,2018,4,France,HUMAN_OBSERVATION
43.328616,5.100245,2025,5,France,HUMAN_OBSERVATION
43.328636,5.044477,2024,5,France,HUMAN_OBSERVATION
43.32882,5.09984,2021,5,France,HUMAN_OBSERVATION
43.32888,5.21809,2021,5,France,HUMAN_OBSERVATION
43.32892,5.21863,2017,4,France,HUMAN_OBSERVATION
43.32892,5.21863,2017,4,France,HUMAN_OBSERVATION
43.32892,5.21863,2017,4,France,HUMAN_OBSERVATION
43.32892,5.21863,2013,4,France,HUMAN_OBSERVATION
43.32892,5.21863,2013,10,France,HUMAN_OBSERVATION
43.32892,5.21863,2013,10,France,HUMAN_OBSERVATION
43.32892,5.21863,2011,4,France,HUMAN_OBSERVATION
43.329,5.23002,2022,10,France,HUMAN_OBSERVATION
43.329,5.23002,2021,12,France,HUMAN_OBSERVATION
43.329115,5.099967,2025,3,France,HUMAN_OBSERVATION
43.329115,5.099967,2024,6,France,HUMAN_OBSERVATION
43.32926,5.23698,2018,5,France,HUMAN_OBSERVATION
43.32926,5.23698,2018,6,France,HUMAN_OBSERVATION
43.32941,5.23293,2012,5,France,HUMAN_OBSERVATION
43.32941,5.23293,2012,5,France,HUMAN_OBSERVATION
43.32942,5.09371,2015,5,France,HUMAN_OBSERVATION
43.32943,5.09974,2016,6,France,HUMAN_OBSERVATION
43.32943,5.09974,2016,6,France,HUMAN_OBSERVATION
43.329551,-1.971959,2019,7,Spain,HUMAN_OBSERVATION
43.329551,-1.971959,2019,7,Spain,HUMAN_OBSERVATION
43.329551,-1.971959,2019,7,Spain,HUMAN_OBSERVATION
43.329551,-1.971959,2019,7,Spain,HUMAN_OBSERVATION
43.329551,-1.971959,2016,6,Spain,HUMAN_OBSERVATION
43.329551,-1.971959,2016,6,Spain,HUMAN_OBSERVATION
43.329551,-1.971959,2016,6,Spain,HUMAN_OBSERVATION
43.329551,-1.971959,2016,6,Spain,HUMAN_OBSERVATION
43.329551,-1.971959,2016,6,Spain,HUMAN_OBSERVATION
43.329551,-1.971959,2016,6,Spain,HUMAN_OBSERVATION
43.329551,-1.971959,2013,3,Spain,HUMAN_OBSERVATION
43.329551,-1.971959,2013,3,Spain,HUMAN_OBSERVATION
43.329551,-1.971959,2013,3,Spain,HUMAN_OBSERVATION
43.329551,-1.971959,2013,3,Spain,HUMAN_OBSERVATION
43.329551,-1.971959,2010,6,Spain,HUMAN_OBSERVATION
43.329551,-1.971959,2010,6,Spain,HUMAN_OBSERVATION
43.329551,-1.971959,2010,6,Spain,HUMAN_OBSERVATION
43.329551,-1.971959,2010,6,Spain,HUMAN_OBSERVATION
43.329551,-1.971959,2007,5,Spain,HUMAN_OBSERVATION
43.329551,-1.971959,2007,5,Spain,HUMAN_OBSERVATION
43.329551,-1.971959,2007,5,Spain,HUMAN_OBSERVATION
43.329551,-1.971959,2007,5,Spain,HUMAN_OBSERVATION
43.329551,-1.971959,2004,4,Spain,HUMAN_OBSERVATION
43.329747,5.234914,2025,4,France,HUMAN_OBSERVATION
43.32983,5.23477,2013,6,France,HUMAN_OBSERVATION
43.32983,5.23477,2013,6,France,HUMAN_OBSERVATION
43.32983,5.23477,2013,6,France,HUMAN_OBSERVATION
43.32983,5.23477,2013,6,France,HUMAN_OBSERVATION
43.32983,5.23477,2013,6,France,HUMAN_OBSERVATION
43.32983,5.23477,2013,6,France,HUMAN_OBSERVATION
43.32983,5.23608,2021,11,France,HUMAN_OBSERVATION
43.32983,5.23608,2021,11,France,HUMAN_OBSERVATION
43.33,5.23717,2021,5,France,HUMAN_OBSERVATION
43.33,5.23717,2016,6,France,HUMAN_OBSERVATION
43.33,5.23717,2014,3,France,HUMAN_OBSERVATION
43.33,5.23717,2014,5,France,HUMAN_OBSERVATION
43.33,5.23717,2014,6,France,HUMAN_OBSERVATION
43.33,5.23717,2012,5,France,HUMAN_OBSERVATION
43.33,5.23717,2012,5,France,HUMAN_OBSERVATION
43.33,5.23717,2012,5,France,HUMAN_OBSERVATION
43.33,5.23717,2010,5,France,HUMAN_OBSERVATION
43.33,5.23717,2010,5,France,HUMAN_OBSERVATION
43.33,5.23717,2010,5,France,HUMAN_OBSERVATION
43.330082,5.185157,2025,5,France,HUMAN_OBSERVATION
43.33016,5.23589,2015,7,France,HUMAN_OBSERVATION
43.33022,5.2373,2023,5,France,HUMAN_OBSERVATION
43.33022,5.2373,2017,4,France,HUMAN_OBSERVATION
43.33022,5.2373,2017,4,France,HUMAN_OBSERVATION
43.33038,5.23658,2015,6,France,HUMAN_OBSERVATION
43.33038,5.23658,2015,6,France,HUMAN_OBSERVATION
43.33038,5.23658,2012,5,France,HUMAN_OBSERVATION
43.33038,5.23658,2012,5,France,HUMAN_OBSERVATION
43.33038,5.23658,2012,5,France,HUMAN_OBSERVATION
43.331,5.23967,2014,4,France,HUMAN_OBSERVATION
43.331,5.23967,2014,4,France,HUMAN_OBSERVATION
43.331,5.23967,2014,6,France,HUMAN_OBSERVATION
43.331,5.23967,2013,6,France,HUMAN_OBSERVATION
43.331,5.23967,2010,5,France,HUMAN_OBSERVATION
43.331,5.23967,2010,5,France,HUMAN_OBSERVATION
43.331,5.23967,2010,5,France,HUMAN_OBSERVATION
43.331368,5.241578,2019,3,France,HUMAN_OBSERVATION
43.33141,5.24183,2017,7,France,HUMAN_OBSERVATION
43.33141,5.24183,2016,4,France,HUMAN_OBSERVATION
43.33141,5.24183,2016,4,France,HUMAN_OBSERVATION
43.33141,5.24183,2016,6,France,HUMAN_OBSERVATION
43.33141,5.24183,2015,4,France,HUMAN_OBSERVATION
43.33141,5.24183,2015,6,France,HUMAN_OBSERVATION
43.33141,5.24183,2015,6,France,HUMAN_OBSERVATION
43.33141,5.24183,2014,3,France,HUMAN_OBSERVATION
43.33141,5.24183,2014,3,France,HUMAN_OBSERVATION
43.33141,5.24183,2014,4,France,HUMAN_OBSERVATION
43.33141,5.24183,2013,6,France,HUMAN_OBSERVATION
43.33141,5.24183,2013,6,France,HUMAN_OBSERVATION
43.33141,5.24183,2013,6,France,HUMAN_OBSERVATION
43.33141,5.24183,2013,6,France,HUMAN_OBSERVATION
43.33141,5.24183,2013,6,France,HUMAN_OBSERVATION
43.33141,5.24183,2013,6,France,HUMAN_OBSERVATION
43.33141,5.24183,2013,6,France,HUMAN_OBSERVATION
43.33141,5.24183,2010,5,France,HUMAN_OBSERVATION
43.33141,5.24183,2010,5,France,HUMAN_OBSERVATION
43.33141,5.24183,2010,5,France,HUMAN_OBSERVATION
43.331574,5.24224,2024,3,France,HUMAN_OBSERVATION
43.332006,5.244148,2023,4,France,HUMAN_OBSERVATION
43.332239,-1.948699,2019,7,Spain,HUMAN_OBSERVATION
43.332239,-1.948699,2019,7,Spain,HUMAN_OBSERVATION
43.332239,-1.948699,2019,7,Spain,HUMAN_OBSERVATION
43.332239,-1.948699,2019,7,Spain,HUMAN_OBSERVATION
43.332239,-1.948699,2016,6,Spain,HUMAN_OBSERVATION
43.332239,-1.948699,2016,6,Spain,HUMAN_OBSERVATION
43.332239,-1.948699,2016,6,Spain,HUMAN_OBSERVATION
43.332239,-1.948699,2016,6,Spain,HUMAN_OBSERVATION
43.332239,-1.948699,2016,6,Spain,HUMAN_OBSERVATION
43.332239,-1.948699,2013,8,Spain,HUMAN_OBSERVATION
43.332239,-1.948699,2013,8,Spain,HUMAN_OBSERVATION
43.332239,-1.948699,2010,7,Spain,HUMAN_OBSERVATION
43.332239,-1.948699,2010,7,Spain,HUMAN_OBSERVATION
43.332239,-1.948699,2010,7,Spain,HUMAN_OBSERVATION
43.332239,-1.948699,2007,4,Spain,HUMAN_OBSERVATION
43.332239,-1.948699,2007,4,Spain,HUMAN_OBSERVATION
43.332239,-1.948699,2007,4,Spain,HUMAN_OBSERVATION
43.332239,-1.948699,2007,4,Spain,HUMAN_OBSERVATION
43.332239,-1.948699,2007,4,Spain,HUMAN_OBSERVATION
43.332239,-1.948699,2004,5,Spain,HUMAN_OBSERVATION
43.332239,-1.948699,2004,5,Spain,HUMAN_OBSERVATION
43.332239,-1.948699,2004,5,Spain,HUMAN_OBSERVATION
43.332239,-1.948699,2004,5,Spain,HUMAN_OBSERVATION
43.33236,5.24376,2017,4,France,HUMAN_OBSERVATION
43.3333,-1.925,2014,6,Spain,MATERIAL_SAMPLE
43.335483,-1.931459,2019,6,Spain,HUMAN_OBSERVATION
43.335483,-1.931459,2019,6,Spain,HUMAN_OBSERVATION
43.335761,-1.927494,2016,5,Spain,HUMAN_OBSERVATION
43.335761,-1.927494,2016,5,Spain,HUMAN_OBSERVATION
43.335761,-1.927494,2016,5,Spain,HUMAN_OBSERVATION
43.335761,-1.927494,2016,5,Spain,HUMAN_OBSERVATION
43.335761,-1.927494,2016,5,Spain,HUMAN_OBSERVATION
43.335761,-1.927494,2016,5,Spain,HUMAN_OBSERVATION
43.335761,-1.927494,2013,6,Spain,HUMAN_OBSERVATION
43.335761,-1.927494,2013,6,Spain,HUMAN_OBSERVATION
43.335761,-1.927494,2013,6,Spain,HUMAN_OBSERVATION
43.335761,-1.927494,2010,7,Spain,HUMAN_OBSERVATION
43.335761,-1.927494,2010,7,Spain,HUMAN_OBSERVATION
43.335761,-1.927494,2010,7,Spain,HUMAN_OBSERVATION
43.335761,-1.927494,2007,4,Spain,HUMAN_OBSERVATION
43.335761,-1.927494,2007,4,Spain,HUMAN_OBSERVATION
43.335761,-1.927494,2004,4,Spain,HUMAN_OBSERVATION
43.33861,5.2593,2022,5,France,HUMAN_OBSERVATION
43.33861,5.2593,2022,5,France,HUMAN_OBSERVATION
43.33861,5.2593,2022,5,France,HUMAN_OBSERVATION
43.33861,5.2593,2021,6,France,HUMAN_OBSERVATION
43.33861,5.2593,2021,6,France,HUMAN_OBSERVATION
43.33861,5.2593,2018,4,France,HUMAN_OBSERVATION
43.33861,5.2593,2014,4,France,HUMAN_OBSERVATION
43.33861,5.2593,2014,4,France,HUMAN_OBSERVATION
43.33861,5.2593,2013,6,France,HUMAN_OBSERVATION
43.33861,5.2593,2013,6,France,HUMAN_OBSERVATION
43.33922,5.25662,2023,5,France,HUMAN_OBSERVATION
43.344054,-8.355656,2025,5,Spain,HUMAN_OBSERVATION
43.351681,-3.146566,2021,8,Spain,HUMAN_OBSERVATION
43.351681,-3.146566,2021,8,Spain,HUMAN_OBSERVATION
43.351681,-3.146566,2021,8,Spain,HUMAN_OBSERVATION
43.351681,-3.146566,2021,8,Spain,HUMAN_OBSERVATION
43.351681,-3.146566,2018,8,Spain,HUMAN_OBSERVATION
43.351681,-3.146566,2018,8,Spain,HUMAN_OBSERVATION
43.351681,-3.146566,2018,8,Spain,HUMAN_OBSERVATION
43.351681,-3.146566,2018,8,Spain,HUMAN_OBSERVATION
43.352664,-3.113326,2021,8,Spain,HUMAN_OBSERVATION
43.352664,-3.113326,2021,8,Spain,HUMAN_OBSERVATION
43.352664,-3.113326,2021,8,Spain,HUMAN_OBSERVATION
43.352664,-3.113326,2021,8,Spain,HUMAN_OBSERVATION
43.352664,-3.113326,2018,7,Spain,HUMAN_OBSERVATION
43.352664,-3.113326,2018,7,Spain,HUMAN_OBSERVATION
43.352664,-3.113326,2018,7,Spain,HUMAN_OBSERVATION
43.352664,-3.113326,2018,7,Spain,HUMAN_OBSERVATION
43.352664,-3.113326,2015,7,Spain,HUMAN_OBSERVATION
43.352664,-3.113326,2015,7,Spain,HUMAN_OBSERVATION
43.352664,-3.113326,2015,7,Spain,HUMAN_OBSERVATION
43.352664,-3.113326,2015,7,Spain,HUMAN_OBSERVATION
43.352664,-3.113326,2015,7,Spain,HUMAN_OBSERVATION
43.352664,-3.113326,2015,7,Spain,HUMAN_OBSERVATION
43.352664,-3.113326,2012,4,Spain,HUMAN_OBSERVATION
43.352664,-3.113326,2012,4,Spain,HUMAN_OBSERVATION
43.352664,-3.113326,2012,4,Spain,HUMAN_OBSERVATION
43.352664,-3.113326,2012,4,Spain,HUMAN_OBSERVATION
43.352664,-3.113326,2012,4,Spain,HUMAN_OBSERVATION
43.352664,-3.113326,2009,7,Spain,HUMAN_OBSERVATION
43.352664,-3.113326,2009,7,Spain,HUMAN_OBSERVATION
43.352664,-3.113326,2009,7,Spain,HUMAN_OBSERVATION
43.352664,-3.113326,2009,7,Spain,HUMAN_OBSERVATION
43.352664,-3.113326,2009,7,Spain,HUMAN_OBSERVATION
43.352664,-3.113326,2006,4,Spain,HUMAN_OBSERVATION
43.352664,-3.113326,2006,4,Spain,HUMAN_OBSERVATION
43.352664,-3.113326,2006,4,Spain,HUMAN_OBSERVATION
43.352664,-3.113326,2006,4,Spain,HUMAN_OBSERVATION
43.352664,-3.113326,2003,4,Spain,HUMAN_OBSERVATION
43.352664,-3.113326,2003,4,Spain,HUMAN_OBSERVATION
43.352664,-3.113326,2003,4,Spain,HUMAN_OBSERVATION
43.355708,-3.113208,2021,8,Spain,HUMAN_OBSERVATION
43.355708,-3.113208,2021,8,Spain,HUMAN_OBSERVATION
43.355708,-3.113208,2021,8,Spain,HUMAN_OBSERVATION
43.355708,-3.113208,2021,8,Spain,HUMAN_OBSERVATION
43.355708,-3.113208,2018,7,Spain,HUMAN_OBSERVATION
43.355708,-3.113208,2018,7,Spain,HUMAN_OBSERVATION
43.355708,-3.113208,2018,7,Spain,HUMAN_OBSERVATION
43.355708,-3.113208,2018,7,Spain,HUMAN_OBSERVATION
43.355708,-3.113208,2018,7,Spain,HUMAN_OBSERVATION
43.355708,-3.113208,2018,7,Spain,HUMAN_OBSERVATION
43.355708,-3.113208,2015,7,Spain,HUMAN_OBSERVATION
43.355708,-3.113208,2015,7,Spain,HUMAN_OBSERVATION
43.355708,-3.113208,2015,7,Spain,HUMAN_OBSERVATION
43.355708,-3.113208,2015,7,Spain,HUMAN_OBSERVATION
43.355708,-3.113208,2015,7,Spain,HUMAN_OBSERVATION
43.355708,-3.113208,2015,7,Spain,HUMAN_OBSERVATION
43.3574,-3.11352,2012,8,Spain,HUMAN_OBSERVATION
43.3574,-3.11352,2012,8,Spain,HUMAN_OBSERVATION
43.3574,-3.11352,2012,8,Spain,HUMAN_OBSERVATION
43.3574,-3.11352,2012,8,Spain,HUMAN_OBSERVATION
43.3574,-3.11352,2012,8,Spain,HUMAN_OBSERVATION
43.3574,-3.11352,2009,7,Spain,HUMAN_OBSERVATION
43.3574,-3.11352,2009,7,Spain,HUMAN_OBSERVATION
43.3574,-3.11352,2009,7,Spain,HUMAN_OBSERVATION
43.3574,-3.11352,2009,7,Spain,HUMAN_OBSERVATION
43.3574,-3.11352,2009,7,Spain,HUMAN_OBSERVATION
43.3574,-3.11352,2009,7,Spain,HUMAN_OBSERVATION
43.363333,-2.491685,2020,8,Spain,HUMAN_OBSERVATION
43.363333,-2.491685,2020,8,Spain,HUMAN_OBSERVATION
43.363333,-2.491685,2020,8,Spain,HUMAN_OBSERVATION
43.363333,-2.491685,2017,8,Spain,HUMAN_OBSERVATION
43.363333,-2.491685,2017,8,Spain,HUMAN_OBSERVATION
43.363333,-2.491685,2017,8,Spain,HUMAN_OBSERVATION
43.363333,-2.491685,2014,7,Spain,HUMAN_OBSERVATION
43.363333,-2.491685,2014,7,Spain,HUMAN_OBSERVATION
43.363333,-2.491685,2014,7,Spain,HUMAN_OBSERVATION
43.363333,-2.491685,2014,7,Spain,HUMAN_OBSERVATION
43.363333,-2.491685,2014,7,Spain,HUMAN_OBSERVATION
43.363333,-2.491685,2011,4,Spain,HUMAN_OBSERVATION
43.363333,-2.491685,2011,4,Spain,HUMAN_OBSERVATION
43.366869,-2.497234,2017,4,Spain,HUMAN_OBSERVATION
43.366869,-2.497234,2017,4,Spain,HUMAN_OBSERVATION
43.366869,-2.497234,2017,4,Spain,HUMAN_OBSERVATION
43.366869,-2.497234,2017,4,Spain,HUMAN_OBSERVATION
43.366869,-2.497234,2014,7,Spain,HUMAN_OBSERVATION
43.366869,-2.497234,2014,7,Spain,HUMAN_OBSERVATION
43.366869,-2.497234,2014,7,Spain,HUMAN_OBSERVATION
43.366869,-2.497234,2014,7,Spain,HUMAN_OBSERVATION
43.366869,-2.497234,2011,4,Spain,HUMAN_OBSERVATION
43.366869,-2.497234,2011,4,Spain,HUMAN_OBSERVATION
43.366869,-2.497234,2011,4,Spain,HUMAN_OBSERVATION
43.366869,-2.497234,2011,4,Spain,HUMAN_OBSERVATION
43.366869,-2.497234,2008,5,Spain,HUMAN_OBSERVATION
43.366869,-2.497234,2008,5,Spain,HUMAN_OBSERVATION
43.366869,-2.497234,2005,3,Spain,HUMAN_OBSERVATION
43.366869,-2.497234,2005,3,Spain,HUMAN_OBSERVATION
43.366869,-2.497234,2002,4,Spain,HUMAN_OBSERVATION
43.370248,-8.414076,2024,7,Spain,HUMAN_OBSERVATION
43.370288,-8.41388,2024,7,Spain,HUMAN_OBSERVATION
43.374823,-2.549253,2025,2,Spain,HUMAN_OBSERVATION
43.377832,-8.447163,2025,4,Spain,HUMAN_OBSERVATION
43.378164,-1.759912,2025,4,France,HUMAN_OBSERVATION
43.38,-1.74,2011,6,France,HUMAN_OBSERVATION
43.380161,-8.397383,2025,3,Spain,HUMAN_OBSERVATION
43.38031,-1.73341,2018,7,France,HUMAN_OBSERVATION
43.380345,-3.015888,2021,8,Spain,HUMAN_OBSERVATION
43.380345,-3.015888,2021,8,Spain,HUMAN_OBSERVATION
43.380345,-3.015888,2021,8,Spain,HUMAN_OBSERVATION
43.380345,-3.015888,2021,8,Spain,HUMAN_OBSERVATION
43.380345,-3.015888,2021,8,Spain,HUMAN_OBSERVATION
43.380345,-3.015888,2018,7,Spain,HUMAN_OBSERVATION
43.380345,-3.015888,2018,7,Spain,HUMAN_OBSERVATION
43.380345,-3.015888,2018,7,Spain,HUMAN_OBSERVATION
43.380345,-3.015888,2018,7,Spain,HUMAN_OBSERVATION
43.380345,-3.015888,2015,8,Spain,HUMAN_OBSERVATION
43.380345,-3.015888,2015,8,Spain,HUMAN_OBSERVATION
43.380345,-3.015888,2015,8,Spain,HUMAN_OBSERVATION
43.380345,-3.015888,2015,8,Spain,HUMAN_OBSERVATION
43.380345,-3.015888,2012,4,Spain,HUMAN_OBSERVATION
43.380345,-3.015888,2012,4,Spain,HUMAN_OBSERVATION
43.380345,-3.015888,2012,4,Spain,HUMAN_OBSERVATION
43.380345,-3.015888,2012,4,Spain,HUMAN_OBSERVATION
43.380345,-3.015888,2012,4,Spain,HUMAN_OBSERVATION
43.380345,-3.015888,2012,4,Spain,HUMAN_OBSERVATION
43.380345,-3.015888,2009,7,Spain,HUMAN_OBSERVATION
43.380345,-3.015888,2009,7,Spain,HUMAN_OBSERVATION
43.380345,-3.015888,2009,7,Spain,HUMAN_OBSERVATION
43.380345,-3.015888,2009,7,Spain,HUMAN_OBSERVATION
43.380345,-3.015888,2009,7,Spain,HUMAN_OBSERVATION
43.380345,-3.015888,2009,7,Spain,HUMAN_OBSERVATION
43.38042,-1.73304,2018,7,France,HUMAN_OBSERVATION
43.38042,-1.73304,2018,8,France,HUMAN_OBSERVATION
43.38097,-1.75409,2018,7,France,HUMAN_OBSERVATION
43.38097,-1.75409,2018,7,France,HUMAN_OBSERVATION
43.38097,-1.75409,2018,8,France,HUMAN_OBSERVATION
43.381,-1.73294,2017,3,France,HUMAN_OBSERVATION
43.386377,-3.003956,2024,3,Spain,HUMAN_OBSERVATION
43.386426,-3.004124,2024,2,Spain,HUMAN_OBSERVATION
43.386531,-3.003926,2024,2,Spain,HUMAN_OBSERVATION
43.38745,-1.71212,2018,7,France,HUMAN_OBSERVATION
43.38745,-1.71212,2018,8,France,HUMAN_OBSERVATION
43.38854,-1.67769,2019,1,France,HUMAN_OBSERVATION
43.38854,-1.67769,2019,2,France,HUMAN_OBSERVATION
43.38854,-1.67769,2019,4,France,HUMAN_OBSERVATION
43.38854,-1.67769,2019,5,France,HUMAN_OBSERVATION
43.38854,-1.67769,2019,5,France,HUMAN_OBSERVATION
43.38854,-1.67769,2019,6,France,HUMAN_OBSERVATION
43.38854,-1.67769,2019,9,France,HUMAN_OBSERVATION
43.38854,-1.67769,2019,10,France,HUMAN_OBSERVATION
43.38854,-1.67769,2018,5,France,HUMAN_OBSERVATION
43.38854,-1.67769,2018,9,France,HUMAN_OBSERVATION
43.38854,-1.67769,2018,10,France,HUMAN_OBSERVATION
43.38854,-1.67769,2018,10,France,HUMAN_OBSERVATION
43.38854,-1.67769,2018,11,France,HUMAN_OBSERVATION
43.38879,-1.67869,2019,1,France,HUMAN_OBSERVATION
43.38879,-1.67869,2019,2,France,HUMAN_OBSERVATION
43.38879,-1.67869,2019,4,France,HUMAN_OBSERVATION
43.38879,-1.67869,2019,5,France,HUMAN_OBSERVATION
43.38879,-1.67869,2019,5,France,HUMAN_OBSERVATION
43.38879,-1.67869,2019,6,France,HUMAN_OBSERVATION
43.38879,-1.67869,2019,9,France,HUMAN_OBSERVATION
43.38879,-1.67869,2019,10,France,HUMAN_OBSERVATION
43.38879,-1.67869,2018,9,France,HUMAN_OBSERVATION
43.38879,-1.67869,2018,10,France,HUMAN_OBSERVATION
43.38891,-1.67965,2019,1,France,HUMAN_OBSERVATION
43.38891,-1.67965,2019,2,France,HUMAN_OBSERVATION
43.38891,-1.67965,2019,3,France,HUMAN_OBSERVATION
43.38891,-1.67965,2019,4,France,HUMAN_OBSERVATION
43.38891,-1.67965,2019,5,France,HUMAN_OBSERVATION
43.38891,-1.67965,2019,5,France,HUMAN_OBSERVATION
43.38891,-1.67965,2019,6,France,HUMAN_OBSERVATION
43.38891,-1.67965,2019,9,France,HUMAN_OBSERVATION
43.38891,-1.67965,2019,10,France,HUMAN_OBSERVATION
43.38891,-1.67965,2018,5,France,HUMAN_OBSERVATION
43.38891,-1.67965,2018,9,France,HUMAN_OBSERVATION
43.38891,-1.67965,2018,10,France,HUMAN_OBSERVATION
43.38891,-1.67965,2018,10,France,HUMAN_OBSERVATION
43.38891,-1.67965,2018,11,France,HUMAN_OBSERVATION
43.38982,-1.68289,2020,1,France,HUMAN_OBSERVATION
43.38982,-1.68289,2019,2,France,HUMAN_OBSERVATION
43.38982,-1.68289,2019,2,France,HUMAN_OBSERVATION
43.38982,-1.68289,2018,5,France,HUMAN_OBSERVATION
43.38982,-1.68289,2018,10,France,HUMAN_OBSERVATION
43.38982,-1.68289,2018,11,France,HUMAN_OBSERVATION
43.39,-1.69,2011,6,France,HUMAN_OBSERVATION
43.39085,-1.68386,2020,1,France,HUMAN_OBSERVATION
43.39085,-1.68386,2019,1,France,HUMAN_OBSERVATION
43.39085,-1.68386,2019,2,France,HUMAN_OBSERVATION
43.39085,-1.68386,2019,4,France,HUMAN_OBSERVATION
43.39085,-1.68386,2018,6,France,HUMAN_OBSERVATION
43.39085,-1.68386,2018,6,France,HUMAN_OBSERVATION
43.39085,-1.68386,2018,6,France,HUMAN_OBSERVATION
43.39085,-1.68386,2018,10,France,HUMAN_OBSERVATION
43.39085,-1.68386,2018,11,France,HUMAN_OBSERVATION
43.391142,-1.790736,2013,5,Spain,HUMAN_OBSERVATION
43.391142,-1.790736,2013,5,Spain,HUMAN_OBSERVATION
43.391142,-1.790736,2013,5,Spain,HUMAN_OBSERVATION
43.391142,-1.790736,2013,5,Spain,HUMAN_OBSERVATION
43.391142,-1.790736,2013,5,Spain,HUMAN_OBSERVATION
43.391142,-1.790736,2013,5,Spain,HUMAN_OBSERVATION
43.391142,-1.790736,2013,5,Spain,HUMAN_OBSERVATION
43.391142,-1.790736,2013,5,Spain,HUMAN_OBSERVATION
43.391142,-1.790736,2013,5,Spain,HUMAN_OBSERVATION
43.391142,-1.790736,2013,5,Spain,HUMAN_OBSERVATION
43.391142,-1.790736,2013,5,Spain,HUMAN_OBSERVATION
43.391142,-1.790736,2013,5,Spain,HUMAN_OBSERVATION
43.391142,-1.790736,2013,5,Spain,HUMAN_OBSERVATION
43.391142,-1.790736,2013,5,Spain,HUMAN_OBSERVATION
43.391142,-1.790736,2013,5,Spain,HUMAN_OBSERVATION
43.391142,-1.790736,2013,5,Spain,HUMAN_OBSERVATION
43.391142,-1.790736,2010,7,Spain,HUMAN_OBSERVATION
43.391142,-1.790736,2010,7,Spain,HUMAN_OBSERVATION
43.391142,-1.790736,2010,7,Spain,HUMAN_OBSERVATION
43.391142,-1.790736,2010,7,Spain,HUMAN_OBSERVATION
43.391142,-1.790736,2010,7,Spain,HUMAN_OBSERVATION
43.391142,-1.790736,2010,7,Spain,HUMAN_OBSERVATION
43.391142,-1.790736,2010,7,Spain,HUMAN_OBSERVATION
43.391142,-1.790736,2010,7,Spain,HUMAN_OBSERVATION
43.391142,-1.790736,2010,7,Spain,HUMAN_OBSERVATION
43.391142,-1.790736,2010,7,Spain,HUMAN_OBSERVATION
43.391142,-1.790736,2010,7,Spain,HUMAN_OBSERVATION
43.391142,-1.790736,2007,4,Spain,HUMAN_OBSERVATION
43.391142,-1.790736,2007,4,Spain,HUMAN_OBSERVATION
43.391142,-1.790736,2007,4,Spain,HUMAN_OBSERVATION
43.391142,-1.790736,2007,4,Spain,HUMAN_OBSERVATION
43.391142,-1.790736,2007,4,Spain,HUMAN_OBSERVATION
43.391142,-1.790736,2007,4,Spain,HUMAN_OBSERVATION
43.391142,-1.790736,2007,4,Spain,HUMAN_OBSERVATION
43.391142,-1.790736,2007,4,Spain,HUMAN_OBSERVATION
43.391142,-1.790736,2007,4,Spain,HUMAN_OBSERVATION
43.391142,-1.790736,2007,4,Spain,HUMAN_OBSERVATION
43.391142,-1.790736,2004,6,Spain,HUMAN_OBSERVATION
43.391142,-1.790736,2004,6,Spain,HUMAN_OBSERVATION
43.391142,-1.790736,2004,6,Spain,HUMAN_OBSERVATION
43.391142,-1.790736,2004,6,Spain,HUMAN_OBSERVATION
43.391142,-1.790736,2004,6,Spain,HUMAN_OBSERVATION
43.391142,-1.790736,2004,6,Spain,HUMAN_OBSERVATION
43.393177,-1.79582,2019,7,Spain,HUMAN_OBSERVATION
43.393177,-1.79582,2010,7,Spain,HUMAN_OBSERVATION
43.393177,-1.79582,2007,6,Spain,HUMAN_OBSERVATION
43.393177,-1.79582,2004,6,Spain,HUMAN_OBSERVATION
43.394823,-4.440069,2022,4,Spain,HUMAN_OBSERVATION
43.394823,-4.440069,2022,4,Spain,HUMAN_OBSERVATION
43.3977,-1.66114,2020,1,France,HUMAN_OBSERVATION
43.3977,-1.66114,2020,1,France,HUMAN_OBSERVATION
43.3977,-1.66114,2019,2,France,HUMAN_OBSERVATION
43.3977,-1.66114,2019,2,France,HUMAN_OBSERVATION
43.3977,-1.66114,2019,3,France,HUMAN_OBSERVATION
43.3977,-1.66114,2019,3,France,HUMAN_OBSERVATION
43.3977,-1.66114,2019,5,France,HUMAN_OBSERVATION
43.3977,-1.66114,2019,6,France,HUMAN_OBSERVATION
43.3977,-1.66114,2019,9,France,HUMAN_OBSERVATION
43.3977,-1.66114,2019,10,France,HUMAN_OBSERVATION
43.3977,-1.66114,2018,9,France,HUMAN_OBSERVATION
43.3977,-1.66114,2018,9,France,HUMAN_OBSERVATION
43.3977,-1.66114,2018,9,France,HUMAN_OBSERVATION
43.3977,-1.66114,2018,9,France,HUMAN_OBSERVATION
43.3977,-1.66114,2018,10,France,HUMAN_OBSERVATION
43.3977,-1.66114,2018,10,France,HUMAN_OBSERVATION
43.3977,-1.66114,2018,10,France,HUMAN_OBSERVATION
43.3977,-1.66114,2018,10,France,HUMAN_OBSERVATION
43.3977,-1.66114,2018,11,France,HUMAN_OBSERVATION
43.3977,-1.66114,2018,11,France,HUMAN_OBSERVATION
43.398165,-1.662039,2025,5,France,HUMAN_OBSERVATION
43.39818,-1.66163,2020,1,France,HUMAN_OBSERVATION
43.39818,-1.66163,2020,1,France,HUMAN_OBSERVATION
43.39818,-1.66163,2019,1,France,HUMAN_OBSERVATION
43.39818,-1.66163,2019,2,France,HUMAN_OBSERVATION
43.39818,-1.66163,2019,2,France,HUMAN_OBSERVATION
43.39818,-1.66163,2019,3,France,HUMAN_OBSERVATION
43.39818,-1.66163,2019,4,France,HUMAN_OBSERVATION
43.39818,-1.66163,2019,6,France,HUMAN_OBSERVATION
43.39818,-1.66163,2019,9,France,HUMAN_OBSERVATION
43.39818,-1.66163,2019,10,France,HUMAN_OBSERVATION
43.39818,-1.66163,2018,9,France,HUMAN_OBSERVATION
43.39818,-1.66163,2018,10,France,HUMAN_OBSERVATION
43.39818,-1.66163,2018,10,France,HUMAN_OBSERVATION
43.39818,-1.66163,2018,10,France,HUMAN_OBSERVATION
43.39818,-1.66163,2018,11,France,HUMAN_OBSERVATION
43.39818,-1.66163,2018,11,France,HUMAN_OBSERVATION
43.39842,-1.66175,2023,1,France,HUMAN_OBSERVATION
43.39847,-1.66179,2023,1,France,HUMAN_OBSERVATION
43.39864,-1.66217,2020,1,France,HUMAN_OBSERVATION
43.39864,-1.66217,2020,1,France,HUMAN_OBSERVATION
43.39864,-1.66217,2019,1,France,HUMAN_OBSERVATION
43.39864,-1.66217,2019,2,France,HUMAN_OBSERVATION
43.39864,-1.66217,2019,2,France,HUMAN_OBSERVATION
43.39864,-1.66217,2019,3,France,HUMAN_OBSERVATION
43.39864,-1.66217,2019,5,France,HUMAN_OBSERVATION
43.39864,-1.66217,2019,9,France,HUMAN_OBSERVATION
43.39864,-1.66217,2019,10,France,HUMAN_OBSERVATION
43.39864,-1.66217,2018,10,France,HUMAN_OBSERVATION
43.39864,-1.66217,2018,10,France,HUMAN_OBSERVATION
43.39872,-1.67306,2022,5,France,HUMAN_OBSERVATION
43.40601,-1.64381,2019,2,France,HUMAN_OBSERVATION
43.40601,-1.64381,2019,3,France,HUMAN_OBSERVATION
43.40601,-1.64381,2019,4,France,HUMAN_OBSERVATION
43.40601,-1.64381,2019,6,France,HUMAN_OBSERVATION
43.40601,-1.64381,2019,9,France,HUMAN_OBSERVATION
43.40601,-1.64381,2019,10,France,HUMAN_OBSERVATION
43.40601,-1.64381,2018,9,France,HUMAN_OBSERVATION
43.40601,-1.64381,2018,10,France,HUMAN_OBSERVATION
43.406015,-2.973662,2024,7,Spain,HUMAN_OBSERVATION
43.4064,6.77364,2021,8,France,HUMAN_OBSERVATION
43.4064,6.77364,2020,9,France,HUMAN_OBSERVATION
43.4064,6.77364,2019,4,France,HUMAN_OBSERVATION
43.4064,6.77364,2015,5,France,HUMAN_OBSERVATION
43.40714,6.77323,2018,4,France,HUMAN_OBSERVATION
43.40714,6.77323,2017,4,France,HUMAN_OBSERVATION
43.40722,6.77506,2021,12,France,HUMAN_OBSERVATION
43.40722,6.77506,2014,8,France,HUMAN_OBSERVATION
43.4075,-1.64068,2020,1,France,HUMAN_OBSERVATION
43.4075,-1.64068,2020,1,France,HUMAN_OBSERVATION
43.4075,-1.64068,2019,1,France,HUMAN_OBSERVATION
43.4075,-1.64068,2019,2,France,HUMAN_OBSERVATION
43.4075,-1.64068,2019,2,France,HUMAN_OBSERVATION
43.4075,-1.64068,2019,3,France,HUMAN_OBSERVATION
43.4075,-1.64068,2019,3,France,HUMAN_OBSERVATION
43.4075,-1.64068,2019,4,France,HUMAN_OBSERVATION
43.4075,-1.64068,2019,4,France,HUMAN_OBSERVATION
43.4075,-1.64068,2019,5,France,HUMAN_OBSERVATION
43.4075,-1.64068,2019,5,France,HUMAN_OBSERVATION
43.4075,-1.64068,2019,6,France,HUMAN_OBSERVATION
43.4075,-1.64068,2019,9,France,HUMAN_OBSERVATION
43.4075,-1.64068,2019,10,France,HUMAN_OBSERVATION
43.4075,-1.64068,2018,9,France,HUMAN_OBSERVATION
43.4075,-1.64068,2018,10,France,HUMAN_OBSERVATION
43.4075,-1.64068,2018,10,France,HUMAN_OBSERVATION
43.4075,-1.64068,2018,11,France,HUMAN_OBSERVATION
43.4075,-1.64068,2018,11,France,HUMAN_OBSERVATION
43.40755,6.85515,2018,9,France,HUMAN_OBSERVATION
43.4082,6.85592,2012,8,France,HUMAN_OBSERVATION
43.40901,6.84389,2022,7,France,HUMAN_OBSERVATION
43.40901,6.84389,2019,8,France,HUMAN_OBSERVATION
43.40901,6.84389,2018,5,France,HUMAN_OBSERVATION
43.40901,6.84389,2017,10,France,HUMAN_OBSERVATION
43.40901,6.84389,2015,5,France,HUMAN_OBSERVATION
43.40901,6.84389,2011,5,France,HUMAN_OBSERVATION
43.40901,6.84389,2011,5,France,HUMAN_OBSERVATION
43.40906,-1.6376,2020,1,France,HUMAN_OBSERVATION
43.40906,-1.6376,2020,1,France,HUMAN_OBSERVATION
43.40906,-1.6376,2019,1,France,HUMAN_OBSERVATION
43.40906,-1.6376,2019,2,France,HUMAN_OBSERVATION
43.40906,-1.6376,2019,2,France,HUMAN_OBSERVATION
43.40906,-1.6376,2019,3,France,HUMAN_OBSERVATION
43.40906,-1.6376,2019,3,France,HUMAN_OBSERVATION
43.40906,-1.6376,2019,4,France,HUMAN_OBSERVATION
43.40906,-1.6376,2019,4,France,HUMAN_OBSERVATION
43.40906,-1.6376,2019,5,France,HUMAN_OBSERVATION
43.40906,-1.6376,2019,5,France,HUMAN_OBSERVATION
43.40906,-1.6376,2019,6,France,HUMAN_OBSERVATION
43.40906,-1.6376,2019,9,France,HUMAN_OBSERVATION
43.40906,-1.6376,2019,10,France,HUMAN_OBSERVATION
43.40906,-1.6376,2018,9,France,HUMAN_OBSERVATION
43.40906,-1.6376,2018,10,France,HUMAN_OBSERVATION
43.40906,-1.6376,2018,10,France,HUMAN_OBSERVATION
43.40906,-1.6376,2018,11,France,HUMAN_OBSERVATION
43.40906,-1.6376,2018,11,France,HUMAN_OBSERVATION
43.40941,6.85085,2022,10,France,HUMAN_OBSERVATION
43.40941,6.85085,2021,3,France,HUMAN_OBSERVATION
43.40941,6.85085,2015,5,France,HUMAN_OBSERVATION
43.40941,6.85085,2014,11,France,HUMAN_OBSERVATION
43.40941,6.85085,2013,6,France,HUMAN_OBSERVATION
43.40941,6.85085,2011,5,France,HUMAN_OBSERVATION
43.40941,6.85085,2009,10,France,HUMAN_OBSERVATION
43.41,-1.66,2011,5,France,HUMAN_OBSERVATION
43.41,-1.66,2011,5,France,HUMAN_OBSERVATION
43.41,-1.64,2011,5,France,HUMAN_OBSERVATION
43.41,-1.64,2011,5,France,HUMAN_OBSERVATION
43.410599,-2.698086,2020,7,Spain,HUMAN_OBSERVATION
43.410599,-2.698086,2020,7,Spain,HUMAN_OBSERVATION
43.410599,-2.698086,2020,7,Spain,HUMAN_OBSERVATION
43.410599,-2.698086,2020,7,Spain,HUMAN_OBSERVATION
43.410599,-2.698086,2017,6,Spain,HUMAN_OBSERVATION
43.410599,-2.698086,2017,6,Spain,HUMAN_OBSERVATION
43.410599,-2.698086,2017,6,Spain,HUMAN_OBSERVATION
43.410599,-2.698086,2017,6,Spain,HUMAN_OBSERVATION
43.410599,-2.698086,2017,6,Spain,HUMAN_OBSERVATION
43.410599,-2.698086,2014,7,Spain,HUMAN_OBSERVATION
43.410599,-2.698086,2014,7,Spain,HUMAN_OBSERVATION
43.410599,-2.698086,2014,7,Spain,HUMAN_OBSERVATION
43.410599,-2.698086,2011,7,Spain,HUMAN_OBSERVATION
43.410599,-2.698086,2011,7,Spain,HUMAN_OBSERVATION
43.410599,-2.698086,2011,7,Spain,HUMAN_OBSERVATION
43.410599,-2.698086,2008,6,Spain,HUMAN_OBSERVATION
43.410599,-2.698086,2008,6,Spain,HUMAN_OBSERVATION
43.410599,-2.698086,2008,6,Spain,HUMAN_OBSERVATION
43.41096,6.85635,2011,5,France,HUMAN_OBSERVATION
43.412025,-2.676229,2020,7,Spain,HUMAN_OBSERVATION
43.412025,-2.676229,2017,8,Spain,HUMAN_OBSERVATION
43.412025,-2.676229,2017,8,Spain,HUMAN_OBSERVATION
43.412025,-2.676229,2017,8,Spain,HUMAN_OBSERVATION
43.412025,-2.676229,2017,8,Spain,HUMAN_OBSERVATION
43.412025,-2.676229,2014,7,Spain,HUMAN_OBSERVATION
43.412025,-2.676229,2014,7,Spain,HUMAN_OBSERVATION
43.412025,-2.676229,2014,7,Spain,HUMAN_OBSERVATION
43.412025,-2.676229,2011,8,Spain,HUMAN_OBSERVATION
43.412025,-2.676229,2011,8,Spain,HUMAN_OBSERVATION
43.412025,-2.676229,2011,8,Spain,HUMAN_OBSERVATION
43.412025,-2.676229,2011,8,Spain,HUMAN_OBSERVATION
43.412025,-2.676229,2008,6,Spain,HUMAN_OBSERVATION
43.412025,-2.676229,2008,6,Spain,HUMAN_OBSERVATION
43.412025,-2.676229,2008,6,Spain,HUMAN_OBSERVATION
43.412025,-2.676229,2008,6,Spain,HUMAN_OBSERVATION
43.412025,-2.676229,2008,6,Spain,HUMAN_OBSERVATION
43.412025,-2.676229,2008,6,Spain,HUMAN_OBSERVATION
43.412025,-2.676229,2008,6,Spain,HUMAN_OBSERVATION
43.412025,-2.676229,2008,6,Spain,HUMAN_OBSERVATION
43.41343,-2.959086,2024,7,Spain,HUMAN_OBSERVATION
43.413644,-2.958567,2024,6,Spain,HUMAN_OBSERVATION
43.41667,6.85,,,France,OCCURRENCE
43.41667,6.85,,,France,OCCURRENCE
43.417379,-3.411162,2025,5,Spain,HUMAN_OBSERVATION
43.418036,-2.94902,2014,4,Spain,HUMAN_OBSERVATION
43.418036,-2.94902,2011,4,Spain,HUMAN_OBSERVATION
43.418036,-2.94902,2011,4,Spain,HUMAN_OBSERVATION
43.418036,-2.94902,2011,4,Spain,HUMAN_OBSERVATION
43.418036,-2.94902,2008,5,Spain,HUMAN_OBSERVATION
43.418036,-2.94902,2008,5,Spain,HUMAN_OBSERVATION
43.418036,-2.94902,2005,3,Spain,HUMAN_OBSERVATION
43.418036,-2.94902,2005,3,Spain,HUMAN_OBSERVATION
43.418036,-2.94902,2002,4,Spain,HUMAN_OBSERVATION
43.418154,-2.949489,2020,7,Spain,HUMAN_OBSERVATION
43.418154,-2.949489,2020,7,Spain,HUMAN_OBSERVATION
43.418154,-2.949489,2020,7,Spain,HUMAN_OBSERVATION
43.418154,-2.949489,2020,7,Spain,HUMAN_OBSERVATION
43.418154,-2.949489,2020,7,Spain,HUMAN_OBSERVATION
43.418154,-2.949489,2020,7,Spain,HUMAN_OBSERVATION
43.418154,-2.949489,2017,8,Spain,HUMAN_OBSERVATION
43.418154,-2.949489,2017,8,Spain,HUMAN_OBSERVATION
43.418154,-2.949489,2017,8,Spain,HUMAN_OBSERVATION
43.418154,-2.949489,2014,4,Spain,HUMAN_OBSERVATION
43.418154,-2.949489,2014,4,Spain,HUMAN_OBSERVATION
43.418154,-2.949489,2011,4,Spain,HUMAN_OBSERVATION
43.418154,-2.949489,2011,4,Spain,HUMAN_OBSERVATION
43.418154,-2.949489,2011,4,Spain,HUMAN_OBSERVATION
43.418154,-2.949489,2011,4,Spain,HUMAN_OBSERVATION
43.418154,-2.949489,2008,5,Spain,HUMAN_OBSERVATION
43.418154,-2.949489,2008,5,Spain,HUMAN_OBSERVATION
43.418154,-2.949489,2008,5,Spain,HUMAN_OBSERVATION
43.418154,-2.949489,2005,3,Spain,HUMAN_OBSERVATION
43.418154,-2.949489,2005,3,Spain,HUMAN_OBSERVATION
43.418154,-2.949489,2005,3,Spain,HUMAN_OBSERVATION
43.418154,-2.949489,2002,4,Spain,HUMAN_OBSERVATION
43.41822,3.60155,2021,9,France,HUMAN_OBSERVATION
43.4186,3.80942,2019,6,France,HUMAN_OBSERVATION
43.4186,3.80942,2017,7,France,HUMAN_OBSERVATION
43.42,-1.66,2011,5,France,HUMAN_OBSERVATION
43.42059,3.60344,2018,6,France,HUMAN_OBSERVATION
43.42125,-1.62119,2018,11,France,HUMAN_OBSERVATION
43.42125,-1.62119,2018,11,France,HUMAN_OBSERVATION
43.42159,-1.62023,2018,10,France,HUMAN_OBSERVATION
43.42159,-1.62023,2018,10,France,HUMAN_OBSERVATION
43.423736,-2.721078,2024,3,Spain,HUMAN_OBSERVATION
43.42403,-2.721101,2024,3,Spain,HUMAN_OBSERVATION
43.424299,-2.720751,2025,4,Spain,HUMAN_OBSERVATION
43.424336,-2.720665,2025,3,Spain,HUMAN_OBSERVATION
43.42472,3.7,2019,12,France,HUMAN_OBSERVATION
43.42472,3.7,2014,5,France,HUMAN_OBSERVATION
43.42524,-1.61444,2018,6,France,HUMAN_OBSERVATION
43.42524,-1.61444,2018,6,France,HUMAN_OBSERVATION
43.42567,-1.61373,2018,6,France,HUMAN_OBSERVATION
43.42694,3.84139,2021,5,France,HUMAN_OBSERVATION
43.427173,-2.812677,2013,7,Spain,HUMAN_OBSERVATION
43.42982,3.80205,2021,4,France,HUMAN_OBSERVATION
43.43168,-1.601,2018,6,France,HUMAN_OBSERVATION
43.43246,-1.59984,2018,10,France,HUMAN_OBSERVATION
43.43246,-1.59984,2018,11,France,HUMAN_OBSERVATION
43.43246,-1.59984,2018,11,France,HUMAN_OBSERVATION
43.4326,2.8997,2014,6,France,MATERIAL_SAMPLE
43.432792,-2.868625,2025,3,Spain,HUMAN_OBSERVATION
43.43318,-1.59917,2018,10,France,HUMAN_OBSERVATION
43.43318,-1.59917,2018,10,France,HUMAN_OBSERVATION
43.43318,-1.59917,2018,11,France,HUMAN_OBSERVATION
43.43318,-1.59917,2018,11,France,HUMAN_OBSERVATION
43.433268,-2.869653,2024,4,Spain,HUMAN_OBSERVATION
43.433464,-2.899559,2020,8,Spain,HUMAN_OBSERVATION
43.433464,-2.899559,2020,8,Spain,HUMAN_OBSERVATION
43.433464,-2.899559,2020,8,Spain,HUMAN_OBSERVATION
43.433464,-2.899559,2017,8,Spain,HUMAN_OBSERVATION
43.433464,-2.899559,2017,8,Spain,HUMAN_OBSERVATION
43.433464,-2.899559,2017,8,Spain,HUMAN_OBSERVATION
43.435638,-5.658434,2023,4,Spain,HUMAN_OBSERVATION
43.4358,-4.08,2018,7,Spain,MACHINE_OBSERVATION
43.436235,-2.800655,2023,6,Spain,HUMAN_OBSERVATION
43.436748,-5.623413,2022,7,Spain,HUMAN_OBSERVATION
43.436911,-4.817309,2023,4,Spain,HUMAN_OBSERVATION
43.43934,3.6724,2013,7,France,HUMAN_OBSERVATION
43.45,-1.66,2011,5,France,HUMAN_OBSERVATION
43.462306,-3.80998,2013,7,Spain,HUMAN_OBSERVATION
43.463083,-5.056138,2017,4,Spain,HUMAN_OBSERVATION
43.467152,-3.773215,2024,4,Spain,HUMAN_OBSERVATION
43.46912,3.86727,2021,5,France,HUMAN_OBSERVATION
43.470113,-3.775434,2013,7,Spain,HUMAN_OBSERVATION
43.470622,-3.776397,2013,6,Spain,HUMAN_OBSERVATION
43.476595,-3.785789,2011,5,Spain,HUMAN_OBSERVATION
43.476689,-3.712231,2013,6,Spain,HUMAN_OBSERVATION
43.479662,-3.787539,2025,4,Spain,HUMAN_OBSERVATION
43.479662,-3.787539,2025,4,Spain,HUMAN_OBSERVATION
43.479662,-3.787539,2025,4,Spain,HUMAN_OBSERVATION
43.479662,-3.787539,2025,4,Spain,HUMAN_OBSERVATION
43.482096,-3.835484,2024,4,Spain,HUMAN_OBSERVATION
43.482271,-3.835103,2024,4,Spain,HUMAN_OBSERVATION
43.48267,-1.56773,2018,9,France,HUMAN_OBSERVATION
43.48267,-1.56773,2018,11,France,HUMAN_OBSERVATION
43.48355,-1.56151,2018,10,France,HUMAN_OBSERVATION
43.48355,-1.56151,2018,10,France,HUMAN_OBSERVATION
43.48355,-1.56151,2018,11,France,HUMAN_OBSERVATION
43.4836,-1.56166,2018,10,France,HUMAN_OBSERVATION
43.48366,-1.56122,2018,10,France,HUMAN_OBSERVATION
43.484302,-1.563392,2022,4,France,HUMAN_OBSERVATION
43.487906,-3.785907,2016,6,Spain,HUMAN_OBSERVATION
43.50751,7.06236,2015,8,France,HUMAN_OBSERVATION
43.51404,7.07193,2016,8,France,HUMAN_OBSERVATION
43.51404,7.07193,2012,5,France,HUMAN_OBSERVATION
43.52083,7.03167,2010,8,France,HUMAN_OBSERVATION
43.52301,7.06155,2019,8,France,HUMAN_OBSERVATION
43.52301,7.06155,2014,12,France,HUMAN_OBSERVATION
43.53963,7.12252,2019,8,France,HUMAN_OBSERVATION
43.53963,7.12252,2018,5,France,HUMAN_OBSERVATION
43.53963,7.12252,2018,8,France,HUMAN_OBSERVATION
43.53963,7.12252,2017,8,France,HUMAN_OBSERVATION
43.54028,7.08278,2021,7,France,HUMAN_OBSERVATION
43.54028,7.08278,2019,5,France,HUMAN_OBSERVATION
43.54028,7.08278,2016,8,France,HUMAN_OBSERVATION
43.54028,7.08278,2015,8,France,HUMAN_OBSERVATION
43.54028,7.08278,2012,5,France,HUMAN_OBSERVATION
43.54028,7.08278,2012,5,France,HUMAN_OBSERVATION
43.54028,7.08278,2009,8,France,HUMAN_OBSERVATION
43.54371,7.11805,2021,7,France,HUMAN_OBSERVATION
43.54371,7.11805,2019,8,France,HUMAN_OBSERVATION
43.54371,7.11805,2017,8,France,HUMAN_OBSERVATION
43.54371,7.11805,2016,6,France,HUMAN_OBSERVATION
43.54371,7.11805,2016,8,France,HUMAN_OBSERVATION
43.54371,7.11805,2015,8,France,HUMAN_OBSERVATION
43.54371,7.11805,2015,8,France,HUMAN_OBSERVATION
43.54371,7.11805,2014,8,France,HUMAN_OBSERVATION
43.54371,7.11805,2013,8,France,HUMAN_OBSERVATION
43.54371,7.11805,2013,8,France,HUMAN_OBSERVATION
43.54371,7.11805,2012,8,France,HUMAN_OBSERVATION
43.54371,7.11805,2012,8,France,HUMAN_OBSERVATION
43.54371,7.11805,2012,8,France,HUMAN_OBSERVATION
43.54371,7.11805,2012,8,France,HUMAN_OBSERVATION
43.54371,7.11805,2009,8,France,HUMAN_OBSERVATION
43.54371,7.11805,2009,8,France,HUMAN_OBSERVATION
43.54371,7.11805,2009,8,France,HUMAN_OBSERVATION
43.5438,7.00578,2021,5,France,HUMAN_OBSERVATION
43.54808,7.1401,2018,5,France,HUMAN_OBSERVATION
43.54808,7.1401,2018,5,France,HUMAN_OBSERVATION
43.54808,7.1401,2018,5,France,HUMAN_OBSERVATION
43.54808,7.1401,2018,8,France,HUMAN_OBSERVATION
43.54808,7.1401,2016,8,France,HUMAN_OBSERVATION
43.54808,7.1401,2016,8,France,HUMAN_OBSERVATION
43.54808,7.1401,2012,5,France,HUMAN_OBSERVATION
43.54808,7.1401,2012,5,France,HUMAN_OBSERVATION
43.54808,7.1401,2012,8,France,HUMAN_OBSERVATION
43.54808,7.1401,2012,8,France,HUMAN_OBSERVATION
43.54808,7.1401,2010,7,France,HUMAN_OBSERVATION
43.54808,7.1401,2010,7,France,HUMAN_OBSERVATION
43.54808,7.1401,2009,8,France,HUMAN_OBSERVATION
43.54808,7.1401,2009,8,France,HUMAN_OBSERVATION
43.54808,7.1401,2009,8,France,HUMAN_OBSERVATION
43.54808,7.1401,2006,8,France,HUMAN_OBSERVATION
43.54934,7.11347,2020,8,France,HUMAN_OBSERVATION
43.54985,7.11657,2020,6,France,HUMAN_OBSERVATION
43.54985,7.11657,2020,6,France,HUMAN_OBSERVATION
43.54985,7.11657,2020,7,France,HUMAN_OBSERVATION
43.54985,7.11657,2020,7,France,HUMAN_OBSERVATION
43.54985,7.11657,2020,8,France,HUMAN_OBSERVATION
43.54985,7.11657,2020,10,France,HUMAN_OBSERVATION
43.54985,7.11657,2018,7,France,HUMAN_OBSERVATION
43.55214,7.14525,2016,8,France,HUMAN_OBSERVATION
43.55214,7.14525,2016,8,France,HUMAN_OBSERVATION
43.55214,7.14525,2012,5,France,HUMAN_OBSERVATION
43.55214,7.14525,2012,5,France,HUMAN_OBSERVATION
43.565163,-6.828318,2022,5,Spain,HUMAN_OBSERVATION
43.565163,-6.828318,2022,5,Spain,HUMAN_OBSERVATION
43.577989,-6.266305,2022,9,Spain,HUMAN_OBSERVATION
43.627822,-5.876855,2024,8,Spain,HUMAN_OBSERVATION
43.67563,-1.43216,2019,12,France,HUMAN_OBSERVATION
44.55771,-1.24266,2020,2,France,HUMAN_OBSERVATION
44.60704,-1.2086,2020,2,France,HUMAN_OBSERVATION
44.63953,-1.20433,2020,2,France,HUMAN_OBSERVATION
44.64481,-1.07418,2020,2,France,HUMAN_OBSERVATION
44.64529,-1.11378,2020,2,France,HUMAN_OBSERVATION
44.64554,-1.06579,2020,2,France,HUMAN_OBSERVATION
44.64561,-1.06549,2020,2,France,HUMAN_OBSERVATION
44.65286,-1.19621,2020,2,France,HUMAN_OBSERVATION
44.65429,-1.13991,2020,2,France,HUMAN_OBSERVATION
44.66368,-1.16254,2020,2,France,HUMAN_OBSERVATION
44.66388,-1.16511,2020,2,France,HUMAN_OBSERVATION
44.70712,-1.05376,2020,2,France,HUMAN_OBSERVATION
45.62667,-1.05139,2020,2,France,HUMAN_OBSERVATION
45.64084,-1.09749,2021,4,France,HUMAN_OBSERVATION
45.69361,-1.23068,2020,2,France,HUMAN_OBSERVATION
45.69511,-1.23521,2020,2,France,HUMAN_OBSERVATION
45.81,-1.13,2022,3,France,HUMAN_OBSERVATION
45.82018,-1.13833,2022,3,France,HUMAN_OBSERVATION
45.82061,-1.13858,2022,3,France,HUMAN_OBSERVATION
45.82087,-1.13872,2022,3,France,HUMAN_OBSERVATION
45.8209,-1.13874,2022,3,France,HUMAN_OBSERVATION
45.82093,-1.13877,2022,3,France,HUMAN_OBSERVATION
45.82151,-1.13925,2022,3,France,HUMAN_OBSERVATION
45.82939,-1.10353,2022,3,France,HUMAN_OBSERVATION
45.85359,-1.2519,2020,2,France,HUMAN_OBSERVATION
45.85359,-1.2519,2018,8,France,HUMAN_OBSERVATION
45.89168,-1.19612,2020,2,France,HUMAN_OBSERVATION
45.89168,-1.19612,2018,2,France,HUMAN_OBSERVATION
45.91756,-1.3363,2020,2,France,HUMAN_OBSERVATION
45.97509,-1.23643,2020,2,France,HUMAN_OBSERVATION
45.98431,-1.09312,2018,2,France,HUMAN_OBSERVATION
45.99033,-1.25439,2020,2,France,HUMAN_OBSERVATION
46.00234,-1.11666,2018,2,France,HUMAN_OBSERVATION
46.00363,-1.11963,2018,8,France,HUMAN_OBSERVATION
46.00373,-1.32453,2020,2,France,HUMAN_OBSERVATION
46.00404,-1.32532,2020,2,France,HUMAN_OBSERVATION
46.01117,-1.17763,2018,8,France,HUMAN_OBSERVATION
46.01458,-1.3978,2020,2,France,HUMAN_OBSERVATION
46.01458,-1.3978,2018,2,France,HUMAN_OBSERVATION
46.03579,-1.36814,2018,2,France,HUMAN_OBSERVATION
46.03953,-1.372,2020,2,France,HUMAN_OBSERVATION
46.03953,-1.372,2018,2,France,HUMAN_OBSERVATION
46.1052,-1.13451,2018,7,France,HUMAN_OBSERVATION
46.10532,-1.1348,2018,7,France,HUMAN_OBSERVATION
46.10607,-1.13768,2018,8,France,HUMAN_OBSERVATION
46.11323,-1.12424,2018,8,France,HUMAN_OBSERVATION
46.11346,-1.12417,2018,2,France,HUMAN_OBSERVATION
46.11346,-1.12417,2018,8,France,HUMAN_OBSERVATION
46.11346,-1.12417,2017,9,France,HUMAN_OBSERVATION
46.11346,-1.12417,2017,10,France,HUMAN_OBSERVATION
46.11346,-1.12417,2017,10,France,HUMAN_OBSERVATION
46.11346,-1.12417,2017,11,France,HUMAN_OBSERVATION
46.11346,-1.12417,2017,11,France,HUMAN_OBSERVATION
46.11517,-1.1241,2018,9,France,HUMAN_OBSERVATION
46.1325,-1.14874,2017,10,France,HUMAN_OBSERVATION
46.14054,-1.17146,2017,10,France,HUMAN_OBSERVATION
46.1459,-1.28639,2019,4,France,HUMAN_OBSERVATION
46.1459,-1.28639,2018,3,France,HUMAN_OBSERVATION
46.14755,-1.32731,2019,4,France,HUMAN_OBSERVATION
46.14769,-1.32716,2019,4,France,HUMAN_OBSERVATION
46.14769,-1.32716,2018,3,France,HUMAN_OBSERVATION
46.15175,-1.27307,2019,4,France,HUMAN_OBSERVATION
46.15175,-1.27307,2019,8,France,HUMAN_OBSERVATION
46.15175,-1.27307,2018,3,France,HUMAN_OBSERVATION
46.15446,-1.3493,2018,3,France,HUMAN_OBSERVATION
46.15999,-1.36033,2018,3,France,HUMAN_OBSERVATION
46.16099,-1.25633,2019,8,France,HUMAN_OBSERVATION
46.16099,-1.25633,2018,3,France,HUMAN_OBSERVATION
46.16322,-1.25873,2019,4,France,HUMAN_OBSERVATION
46.16322,-1.25873,2019,8,France,HUMAN_OBSERVATION
46.16322,-1.25873,2018,3,France,HUMAN_OBSERVATION
46.17219,-1.38213,2019,4,France,HUMAN_OBSERVATION
46.17219,-1.38213,2018,3,France,HUMAN_OBSERVATION
46.18761,-1.31519,2019,4,France,HUMAN_OBSERVATION
46.18761,-1.31519,2018,3,France,HUMAN_OBSERVATION
46.19342,-1.50545,2019,4,France,HUMAN_OBSERVATION
46.19462,-1.50729,2019,4,France,HUMAN_OBSERVATION
46.20075,-1.48607,2019,4,France,HUMAN_OBSERVATION
46.20075,-1.48607,2019,8,France,HUMAN_OBSERVATION
46.20528,-1.35458,2019,4,France,HUMAN_OBSERVATION
46.20528,-1.35458,2018,3,France,HUMAN_OBSERVATION
46.22853,-1.48215,2019,4,France,HUMAN_OBSERVATION
46.22853,-1.48215,2019,8,France,HUMAN_OBSERVATION
46.23031,-1.41409,2019,4,France,HUMAN_OBSERVATION
46.23473,-1.47513,2019,4,France,HUMAN_OBSERVATION
46.23473,-1.47513,2019,8,France,HUMAN_OBSERVATION
46.23473,-1.47513,2018,3,France,HUMAN_OBSERVATION
46.23484,-1.47478,2019,4,France,HUMAN_OBSERVATION
46.2408,-1.56202,2019,4,France,HUMAN_OBSERVATION
46.2408,-1.56202,2019,8,France,HUMAN_OBSERVATION
46.24463,-1.48145,2019,8,France,HUMAN_OBSERVATION
46.24496,-1.56201,2019,4,France,HUMAN_OBSERVATION
46.24496,-1.56201,2019,8,France,HUMAN_OBSERVATION
46.24507,-1.5621,2019,4,France,HUMAN_OBSERVATION
46.24521,-1.56017,2019,4,France,HUMAN_OBSERVATION
46.24521,-1.56017,2018,3,France,HUMAN_OBSERVATION
46.24721,-1.48219,2019,4,France,HUMAN_OBSERVATION
46.24721,-1.48219,2019,8,France,HUMAN_OBSERVATION
46.25112,-1.14109,2019,4,France,HUMAN_OBSERVATION
46.25198,-1.48875,2019,4,France,HUMAN_OBSERVATION
46.25198,-1.48875,2019,8,France,HUMAN_OBSERVATION
46.25198,-1.48875,2018,3,France,HUMAN_OBSERVATION
46.25459,-1.51958,2019,8,France,HUMAN_OBSERVATION
46.25562,-1.49375,2018,3,France,HUMAN_OBSERVATION
46.71813,-1.98043,2019,10,France,HUMAN_OBSERVATION
46.75542,-2.03047,2019,10,France,HUMAN_OBSERVATION
46.75542,-2.03047,2019,11,France,HUMAN_OBSERVATION
46.82463,-2.14462,2020,1,France,HUMAN_OBSERVATION
46.82463,-2.14462,2019,10,France,HUMAN_OBSERVATION
46.82463,-2.14462,2019,11,France,HUMAN_OBSERVATION
46.82463,-2.14462,2019,12,France,HUMAN_OBSERVATION
46.88518,-2.15581,2020,1,France,HUMAN_OBSERVATION
46.88518,-2.15581,2020,1,France,HUMAN_OBSERVATION
46.88518,-2.15581,2019,10,France,HUMAN_OBSERVATION
46.88518,-2.15581,2019,11,France,HUMAN_OBSERVATION
46.88518,-2.15581,2019,12,France,HUMAN_OBSERVATION
46.89448,-2.15027,2019,4,France,HUMAN_OBSERVATION
46.89448,-2.15027,2019,8,France,HUMAN_OBSERVATION
46.89448,-2.15027,2018,3,France,HUMAN_OBSERVATION
46.9005,-2.15023,2019,4,France,HUMAN_OBSERVATION
46.9005,-2.15023,2019,8,France,HUMAN_OBSERVATION
46.9005,-2.15023,2018,3,France,HUMAN_OBSERVATION
46.93695,-2.18218,2019,4,France,HUMAN_OBSERVATION
46.93707,-2.18181,2019,4,France,HUMAN_OBSERVATION
46.93707,-2.18181,2019,8,France,HUMAN_OBSERVATION
46.93707,-2.18181,2018,3,France,HUMAN_OBSERVATION
46.96016,-2.26318,2019,4,France,HUMAN_OBSERVATION
46.96016,-2.26318,2019,8,France,HUMAN_OBSERVATION
46.96016,-2.26318,2018,3,France,HUMAN_OBSERVATION
46.96511,-2.24063,2018,3,France,HUMAN_OBSERVATION
46.98584,-2.29427,2019,4,France,HUMAN_OBSERVATION
46.98584,-2.29427,2019,8,France,HUMAN_OBSERVATION
46.98584,-2.29427,2018,3,France,HUMAN_OBSERVATION
46.99024,-2.21902,2019,4,France,HUMAN_OBSERVATION
46.99024,-2.21902,2019,8,France,HUMAN_OBSERVATION
46.99024,-2.21902,2018,3,France,HUMAN_OBSERVATION
47.00386,-2.22032,2019,4,France,HUMAN_OBSERVATION
47.00386,-2.22032,2019,8,France,HUMAN_OBSERVATION
47.00386,-2.22032,2018,3,France,HUMAN_OBSERVATION
47.00387,-2.2201,2019,4,France,HUMAN_OBSERVATION
47.00437,-2.22032,2021,10,France,HUMAN_OBSERVATION
47.00466,-2.22031,2021,10,France,HUMAN_OBSERVATION
47.00493,-2.22021,2021,10,France,HUMAN_OBSERVATION
47.00519,-2.22016,2021,10,France,HUMAN_OBSERVATION
47.00588,-2.0301,2019,4,France,HUMAN_OBSERVATION
47.00974,-2.22024,2021,10,France,HUMAN_OBSERVATION
47.01,-2.22036,2021,10,France,HUMAN_OBSERVATION
47.01014,-2.22011,2019,4,France,HUMAN_OBSERVATION
47.0103,-2.22059,2019,4,France,HUMAN_OBSERVATION
47.0103,-2.22059,2019,8,France,HUMAN_OBSERVATION
47.0103,-2.22059,2018,3,France,HUMAN_OBSERVATION
47.01704,-2.29657,2019,4,France,HUMAN_OBSERVATION
47.01704,-2.29657,2019,8,France,HUMAN_OBSERVATION
47.02562,-2.30425,2019,4,France,HUMAN_OBSERVATION
47.02562,-2.30425,2019,8,France,HUMAN_OBSERVATION
47.02562,-2.30425,2018,3,France,HUMAN_OBSERVATION
47.02626,-2.25036,2019,4,France,HUMAN_OBSERVATION
47.02626,-2.25036,2019,8,France,HUMAN_OBSERVATION
47.02626,-2.25036,2018,3,France,HUMAN_OBSERVATION
47.03074,-1.9838,2019,4,France,HUMAN_OBSERVATION
47.04167,-2.375,2019,8,France,HUMAN_OBSERVATION
47.08045,-2.04163,2019,4,France,HUMAN_OBSERVATION
47.1276,-2.22198,2019,4,France,HUMAN_OBSERVATION
47.12763,-2.2217,2019,4,France,HUMAN_OBSERVATION
47.13246,-2.24042,2019,4,France,HUMAN_OBSERVATION
47.13259,-2.24033,2019,4,France,HUMAN_OBSERVATION
47.13259,-2.24033,2019,8,France,HUMAN_OBSERVATION
47.13579,-2.24576,2019,4,France,HUMAN_OBSERVATION
47.13579,-2.24576,2019,8,France,HUMAN_OBSERVATION
47.13606,-2.24222,2019,4,France,HUMAN_OBSERVATION
47.13606,-2.24222,2019,8,France,HUMAN_OBSERVATION
47.1684,-2.16745,2019,4,France,HUMAN_OBSERVATION
47.21694,-2.16549,2019,8,France,HUMAN_OBSERVATION
47.21694,-2.16549,2018,3,France,HUMAN_OBSERVATION
47.26732,-2.17047,2019,4,France,HUMAN_OBSERVATION
47.26732,-2.17047,2019,8,France,HUMAN_OBSERVATION
47.33283,-2.87931,2018,10,France,HUMAN_OBSERVATION
47.33545,-2.87496,2018,10,France,HUMAN_OBSERVATION
47.34196,-2.50705,2019,4,France,HUMAN_OBSERVATION
47.34196,-2.50705,2018,3,France,HUMAN_OBSERVATION
47.3429,-2.87592,2018,10,France,HUMAN_OBSERVATION
47.36607,-2.53445,2019,4,France,HUMAN_OBSERVATION
47.36607,-2.53445,2018,3,France,HUMAN_OBSERVATION
47.38683,-2.52873,2019,4,France,HUMAN_OBSERVATION
47.38993,-2.52484,2018,3,France,HUMAN_OBSERVATION
47.51509,-2.85005,2019,10,France,HUMAN_OBSERVATION
47.51647,-2.57322,2019,10,France,HUMAN_OBSERVATION
47.51762,-2.49585,2019,7,France,HUMAN_OBSERVATION
47.51762,-2.49585,2019,9,France,HUMAN_OBSERVATION
47.5214,-3.08932,2021,9,France,HUMAN_OBSERVATION
47.52851,-3.15182,2022,7,France,HUMAN_OBSERVATION
47.53376,-3.14267,2019,5,France,HUMAN_OBSERVATION
47.53413,-3.14232,2019,5,France,HUMAN_OBSERVATION
47.55553,-2.94279,2022,3,France,HUMAN_OBSERVATION
47.5628,-2.84902,2018,9,France,HUMAN_OBSERVATION
47.56904,-2.90619,2013,9,France,HUMAN_OBSERVATION
47.58771,-2.79953,2019,3,France,HUMAN_OBSERVATION
47.58771,-2.79953,2019,7,France,HUMAN_OBSERVATION
47.60627,-3.15977,2022,7,France,HUMAN_OBSERVATION
47.61845,-2.83506,2023,3,France,HUMAN_OBSERVATION
47.63299,-3.20114,2019,4,France,HUMAN_OBSERVATION
47.64194,-3.4281,2019,7,France,HUMAN_OBSERVATION
47.64314,-3.20957,2019,4,France,HUMAN_OBSERVATION
47.645,-3.21508,2019,4,France,HUMAN_OBSERVATION
47.65143,-3.48026,2017,3,France,HUMAN_OBSERVATION
47.65143,-3.48026,2016,5,France,HUMAN_OBSERVATION
47.654,-3.485,2017,3,France,HUMAN_OBSERVATION
47.65539,-3.21033,2018,9,France,HUMAN_OBSERVATION
47.66122,-3.21095,2014,10,France,HUMAN_OBSERVATION
47.6663,-3.25116,2019,4,France,HUMAN_OBSERVATION
47.6714,-3.2083,2022,6,France,HUMAN_OBSERVATION
47.67445,-3.19909,2019,7,France,HUMAN_OBSERVATION
47.67445,-3.19909,2017,6,France,HUMAN_OBSERVATION
47.67445,-3.19909,2016,7,France,HUMAN_OBSERVATION
47.68807,-3.3053,2010,7,France,HUMAN_OBSERVATION
47.69912,-3.43069,2014,8,France,HUMAN_OBSERVATION
47.70109,-3.43042,2014,8,France,HUMAN_OBSERVATION
47.70266,-3.4085,2019,4,France,HUMAN_OBSERVATION
47.70283,-3.40822,2019,4,France,HUMAN_OBSERVATION
47.70295,-3.99375,2020,6,France,HUMAN_OBSERVATION
47.70405,-3.42909,2021,6,France,HUMAN_OBSERVATION
47.70693,-3.99834,2020,6,France,HUMAN_OBSERVATION
47.70757,-3.99266,2020,6,France,HUMAN_OBSERVATION
47.70886,-3.34124,2019,4,France,HUMAN_OBSERVATION
47.70897,-3.99738,2020,6,France,HUMAN_OBSERVATION
47.70899,-4.00055,2020,6,France,HUMAN_OBSERVATION
47.71005,-3.47722,2021,8,France,HUMAN_OBSERVATION
47.71442,-3.95827,2023,5,France,HUMAN_OBSERVATION
47.71551,-3.95855,2020,6,France,HUMAN_OBSERVATION
47.71551,-3.95855,2019,4,France,HUMAN_OBSERVATION
47.71561,-3.9553,2023,5,France,HUMAN_OBSERVATION
47.71571,-3.95545,2020,6,France,HUMAN_OBSERVATION
47.71571,-3.95545,2018,3,France,HUMAN_OBSERVATION
47.71571,-3.95545,2018,3,France,HUMAN_OBSERVATION
47.71571,-3.95545,2018,6,France,HUMAN_OBSERVATION
47.71589,-3.95893,2019,5,France,HUMAN_OBSERVATION
47.71637,-4.00931,2020,6,France,HUMAN_OBSERVATION
47.71716,-4.00717,2020,6,France,HUMAN_OBSERVATION
47.71717,-3.95862,2018,3,France,HUMAN_OBSERVATION
47.71717,-3.95862,2018,3,France,HUMAN_OBSERVATION
47.71717,-3.95862,2018,6,France,HUMAN_OBSERVATION
47.71745,-4.00752,2020,6,France,HUMAN_OBSERVATION
47.71753,-3.9541,2023,5,France,HUMAN_OBSERVATION
47.71758,-3.9542,2020,6,France,HUMAN_OBSERVATION
47.71758,-3.9542,2019,4,France,HUMAN_OBSERVATION
47.71758,-3.9542,2019,4,France,HUMAN_OBSERVATION
47.71851,-3.95807,2023,5,France,HUMAN_OBSERVATION
47.71854,-3.95781,2020,6,France,HUMAN_OBSERVATION
47.71855,-3.95789,2019,4,France,HUMAN_OBSERVATION
47.71867,-3.95805,2021,5,France,HUMAN_OBSERVATION
47.72058,-3.95659,2023,5,France,HUMAN_OBSERVATION
47.72065,-3.95623,2020,6,France,HUMAN_OBSERVATION
47.7208,-3.99988,2019,4,France,HUMAN_OBSERVATION
47.7208,-3.99988,2019,10,France,HUMAN_OBSERVATION
47.7208,-3.99988,2018,10,France,HUMAN_OBSERVATION
47.72094,-3.95018,2016,7,France,HUMAN_OBSERVATION
47.72094,-3.95018,2014,5,France,HUMAN_OBSERVATION
47.72217,-3.95469,2020,6,France,HUMAN_OBSERVATION
47.72301,-3.99416,2020,6,France,HUMAN_OBSERVATION
47.72306,-3.99424,2023,5,France,HUMAN_OBSERVATION
47.72309,-4.00618,2020,6,France,HUMAN_OBSERVATION
47.72309,-3.95098,2018,8,France,HUMAN_OBSERVATION
47.72354,-3.99128,2020,6,France,HUMAN_OBSERVATION
47.72362,-3.99169,2023,5,France,HUMAN_OBSERVATION
47.72364,-4.00525,2020,6,France,HUMAN_OBSERVATION
47.72371,-3.95648,2022,6,France,HUMAN_OBSERVATION
47.72371,-3.95648,2016,7,France,HUMAN_OBSERVATION
47.72371,-3.95648,2014,10,France,HUMAN_OBSERVATION
47.72425,-3.99701,2020,6,France,HUMAN_OBSERVATION
47.72428,-3.97107,2020,6,France,HUMAN_OBSERVATION
47.72487,-3.97368,2020,6,France,HUMAN_OBSERVATION
47.72496,-4.00201,2020,6,France,HUMAN_OBSERVATION
47.72496,-4.00201,2018,12,France,HUMAN_OBSERVATION
47.72507,-3.97333,2020,6,France,HUMAN_OBSERVATION
47.72529,-3.99472,2019,4,France,HUMAN_OBSERVATION
47.72596,-3.99956,2020,6,France,HUMAN_OBSERVATION
47.76541,-3.55639,2019,7,France,HUMAN_OBSERVATION
47.76619,-3.54856,2019,7,France,HUMAN_OBSERVATION
47.77349,-4.34048,2021,7,France,HUMAN_OBSERVATION
47.77497,-4.02804,2020,8,France,HUMAN_OBSERVATION
47.77536,-4.02115,2014,10,France,HUMAN_OBSERVATION
47.77625,-4.02902,2020,8,France,HUMAN_OBSERVATION
47.77625,-4.02902,2020,8,France,HUMAN_OBSERVATION
47.78277,-3.66308,2019,7,France,HUMAN_OBSERVATION
47.78621,-3.80044,2020,7,France,HUMAN_OBSERVATION
47.78814,-4.27046,2018,4,France,HUMAN_OBSERVATION
47.78847,-3.70291,2019,7,France,HUMAN_OBSERVATION
47.78929,-4.29359,2013,7,France,HUMAN_OBSERVATION
47.78973,-4.27325,2016,5,France,HUMAN_OBSERVATION
47.79073,-4.26893,2020,5,France,HUMAN_OBSERVATION
47.79107,-3.80715,2018,2,France,HUMAN_OBSERVATION
47.79107,-3.80715,2018,4,France,HUMAN_OBSERVATION
47.79107,-3.80715,2017,6,France,HUMAN_OBSERVATION
47.79125,-3.78818,2017,9,France,HUMAN_OBSERVATION
47.79125,-3.76625,2019,3,France,HUMAN_OBSERVATION
47.79125,-3.76625,2019,6,France,HUMAN_OBSERVATION
47.79125,-3.76625,2018,4,France,HUMAN_OBSERVATION
47.79125,-3.76625,2018,5,France,HUMAN_OBSERVATION
47.79125,-3.76625,2017,6,France,HUMAN_OBSERVATION
47.79158,-3.76614,2019,6,France,HUMAN_OBSERVATION
47.79165,-4.22428,2016,7,France,HUMAN_OBSERVATION
47.79165,-4.22428,2014,9,France,HUMAN_OBSERVATION
47.79177,-4.27737,2020,5,France,HUMAN_OBSERVATION
47.79183,-4.25869,2020,5,France,HUMAN_OBSERVATION
47.79192,-4.27553,2018,9,France,HUMAN_OBSERVATION
47.79201,-4.24611,2018,6,France,HUMAN_OBSERVATION
47.79251,-3.85078,2022,2,France,HUMAN_OBSERVATION
47.79251,-3.85078,2022,10,France,HUMAN_OBSERVATION
47.79265,-4.2381,2020,5,France,HUMAN_OBSERVATION
47.79282,-4.29092,2020,5,France,HUMAN_OBSERVATION
47.79308,-4.22209,2020,5,France,HUMAN_OBSERVATION
47.79347,-4.22679,2020,5,France,HUMAN_OBSERVATION
47.79353,-4.23382,2019,8,France,HUMAN_OBSERVATION
47.79397,-3.85322,2018,4,France,HUMAN_OBSERVATION
47.79445,-3.84416,2020,1,France,HUMAN_OBSERVATION
47.79445,-3.84416,2019,5,France,HUMAN_OBSERVATION
47.79445,-3.84416,2019,7,France,HUMAN_OBSERVATION
47.79445,-3.84416,2018,1,France,HUMAN_OBSERVATION
47.79445,-3.84416,2018,3,France,HUMAN_OBSERVATION
47.79445,-3.84416,2018,4,France,HUMAN_OBSERVATION
47.79445,-3.84416,2018,5,France,HUMAN_OBSERVATION
47.79445,-3.84416,2018,8,France,HUMAN_OBSERVATION
47.79445,-3.84416,2018,9,France,HUMAN_OBSERVATION
47.79445,-3.84416,2018,10,France,HUMAN_OBSERVATION
47.79608,-4.29418,2018,9,France,HUMAN_OBSERVATION
47.79608,-3.8511,2020,1,France,HUMAN_OBSERVATION
47.79608,-3.8511,2019,4,France,HUMAN_OBSERVATION
47.79608,-3.8511,2019,5,France,HUMAN_OBSERVATION
47.79608,-3.8511,2019,7,France,HUMAN_OBSERVATION
47.79608,-3.8511,2018,1,France,HUMAN_OBSERVATION
47.79608,-3.8511,2018,3,France,HUMAN_OBSERVATION
47.79608,-3.8511,2018,4,France,HUMAN_OBSERVATION
47.79608,-3.8511,2018,5,France,HUMAN_OBSERVATION
47.79608,-3.8511,2018,8,France,HUMAN_OBSERVATION
47.79608,-3.8511,2018,9,France,HUMAN_OBSERVATION
47.79608,-3.8511,2018,10,France,HUMAN_OBSERVATION
47.79609,-3.83103,2022,2,France,HUMAN_OBSERVATION
47.79609,-3.83103,2021,5,France,HUMAN_OBSERVATION
47.79623,-3.83052,2018,2,France,HUMAN_OBSERVATION
47.79632,-3.83075,2019,5,France,HUMAN_OBSERVATION
47.79632,-3.83075,2019,5,France,HUMAN_OBSERVATION
47.79632,-3.83075,2018,1,France,HUMAN_OBSERVATION
47.79634,-3.83086,2022,2,France,HUMAN_OBSERVATION
47.79636,-3.83082,2018,2,France,HUMAN_OBSERVATION
47.79645,-3.83105,2018,2,France,HUMAN_OBSERVATION
47.79654,-3.83131,2019,5,France,HUMAN_OBSERVATION
47.79654,-3.83131,2018,2,France,HUMAN_OBSERVATION
47.79654,-3.83131,2018,2,France,HUMAN_OBSERVATION
47.79654,-3.83131,2018,12,France,HUMAN_OBSERVATION
47.79661,-3.83154,2019,5,France,HUMAN_OBSERVATION
47.79661,-3.83154,2018,2,France,HUMAN_OBSERVATION
47.79661,-3.83154,2018,2,France,HUMAN_OBSERVATION
47.79661,-3.83154,2018,12,France,HUMAN_OBSERVATION
47.79667,-4.35774,2020,5,France,HUMAN_OBSERVATION
47.79667,-3.83182,2019,5,France,HUMAN_OBSERVATION
47.79667,-3.83182,2018,2,France,HUMAN_OBSERVATION
47.79667,-3.83182,2018,2,France,HUMAN_OBSERVATION
47.79667,-3.83182,2018,12,France,HUMAN_OBSERVATION
47.79672,-3.8265,2019,5,France,HUMAN_OBSERVATION
47.79672,-3.8265,2018,1,France,HUMAN_OBSERVATION
47.79689,-4.36965,2020,5,France,HUMAN_OBSERVATION
47.79689,-4.36965,2018,3,France,HUMAN_OBSERVATION
47.79689,-4.36965,2018,4,France,HUMAN_OBSERVATION
47.79689,-4.36965,2018,6,France,HUMAN_OBSERVATION
47.79689,-4.36965,2018,6,France,HUMAN_OBSERVATION
47.79689,-4.36965,2018,8,France,HUMAN_OBSERVATION
47.79689,-4.36965,2018,9,France,HUMAN_OBSERVATION
47.79689,-4.36965,2018,10,France,HUMAN_OBSERVATION
47.79689,-4.17823,2018,10,France,HUMAN_OBSERVATION
47.79761,-3.83806,2020,1,France,HUMAN_OBSERVATION
47.79761,-3.83806,2019,1,France,HUMAN_OBSERVATION
47.79761,-3.83806,2019,5,France,HUMAN_OBSERVATION
47.79761,-3.83806,2019,7,France,HUMAN_OBSERVATION
47.79761,-3.83806,2019,9,France,HUMAN_OBSERVATION
47.79761,-3.83806,2018,1,France,HUMAN_OBSERVATION
47.79761,-3.83806,2018,3,France,HUMAN_OBSERVATION
47.79761,-3.83806,2018,4,France,HUMAN_OBSERVATION
47.79761,-3.83806,2018,5,France,HUMAN_OBSERVATION
47.79761,-3.83806,2018,8,France,HUMAN_OBSERVATION
47.79761,-3.83806,2018,9,France,HUMAN_OBSERVATION
47.79761,-3.83806,2018,10,France,HUMAN_OBSERVATION
47.79776,-4.19833,2020,5,France,HUMAN_OBSERVATION
47.79811,-3.85071,2019,5,France,HUMAN_OBSERVATION
47.79811,-3.85071,2019,7,France,HUMAN_OBSERVATION
47.79811,-3.85071,2018,3,France,HUMAN_OBSERVATION
47.79811,-3.85071,2018,4,France,HUMAN_OBSERVATION
47.79811,-3.85071,2018,5,France,HUMAN_OBSERVATION
47.79811,-3.85071,2018,8,France,HUMAN_OBSERVATION
47.79811,-3.85071,2018,9,France,HUMAN_OBSERVATION
47.79811,-3.85071,2018,10,France,HUMAN_OBSERVATION
47.79872,-4.17914,2020,7,France,HUMAN_OBSERVATION
47.79892,-4.27493,2018,9,France,HUMAN_OBSERVATION
47.79903,-4.34734,2020,5,France,HUMAN_OBSERVATION
47.79903,-4.34734,2019,5,France,HUMAN_OBSERVATION
47.79928,-4.34014,2020,5,France,HUMAN_OBSERVATION
47.79931,-4.20958,2020,5,France,HUMAN_OBSERVATION
47.79954,-3.85149,2020,2,France,HUMAN_OBSERVATION
47.79959,-4.37385,2020,5,France,HUMAN_OBSERVATION
47.79964,-4.20713,2018,9,France,HUMAN_OBSERVATION
47.79975,-4.31814,2019,5,France,HUMAN_OBSERVATION
47.79975,-4.31814,2018,6,France,HUMAN_OBSERVATION
47.79984,-3.85177,2020,2,France,HUMAN_OBSERVATION
47.80006,-4.29954,2019,5,France,HUMAN_OBSERVATION
47.80038,-4.30147,2020,5,France,HUMAN_OBSERVATION
47.8015,-4.18197,2020,5,France,HUMAN_OBSERVATION
47.80199,-3.72029,2019,7,France,HUMAN_OBSERVATION
47.80261,-3.85337,2020,1,France,HUMAN_OBSERVATION
47.80261,-3.85337,2019,10,France,HUMAN_OBSERVATION
47.80261,-3.85337,2018,3,France,HUMAN_OBSERVATION
47.80261,-3.85337,2017,6,France,HUMAN_OBSERVATION
47.802901,-4.178038,2024,7,France,HUMAN_OBSERVATION
47.80444,-3.74082,2019,3,France,HUMAN_OBSERVATION
47.80444,-3.74082,2019,5,France,HUMAN_OBSERVATION
47.80444,-3.74082,2019,6,France,HUMAN_OBSERVATION
47.80444,-3.74082,2019,9,France,HUMAN_OBSERVATION
47.80444,-3.74082,2018,4,France,HUMAN_OBSERVATION
47.80444,-3.74082,2017,11,France,HUMAN_OBSERVATION
47.80529,-4.17604,2020,5,France,HUMAN_OBSERVATION
47.80544,-4.37346,2020,5,France,HUMAN_OBSERVATION
47.8098,-4.37158,2020,5,France,HUMAN_OBSERVATION
47.8119,-4.17471,2020,5,France,HUMAN_OBSERVATION
47.81269,-4.37445,2020,5,France,HUMAN_OBSERVATION
47.81328,-4.37542,2020,5,France,HUMAN_OBSERVATION
47.81442,-4.16523,2018,10,France,HUMAN_OBSERVATION
47.81587,-3.87251,2018,3,France,HUMAN_OBSERVATION
47.81937,-4.1653,2020,5,France,HUMAN_OBSERVATION
47.82213,-4.37802,2016,7,France,HUMAN_OBSERVATION
47.823,-3.88116,2018,4,France,HUMAN_OBSERVATION
47.823,-3.88116,2017,6,France,HUMAN_OBSERVATION
47.82547,-3.88465,2018,4,France,HUMAN_OBSERVATION
47.82671,-4.36129,2019,5,France,HUMAN_OBSERVATION
47.82671,-4.36129,2019,8,France,HUMAN_OBSERVATION
47.82671,-4.36129,2018,3,France,HUMAN_OBSERVATION
47.82671,-4.36129,2018,6,France,HUMAN_OBSERVATION
47.82671,-4.36129,2018,8,France,HUMAN_OBSERVATION
47.82671,-4.36129,2018,9,France,HUMAN_OBSERVATION
47.82671,-4.36129,2018,10,France,HUMAN_OBSERVATION
47.82935,-3.8882,2020,1,France,HUMAN_OBSERVATION
47.82935,-3.8882,2019,4,France,HUMAN_OBSERVATION
47.82935,-3.8882,2019,5,France,HUMAN_OBSERVATION
47.82935,-3.8882,2019,7,France,HUMAN_OBSERVATION
47.82935,-3.8882,2018,2,France,HUMAN_OBSERVATION
47.82935,-3.8882,2018,3,France,HUMAN_OBSERVATION
47.82935,-3.8882,2018,4,France,HUMAN_OBSERVATION
47.82935,-3.8882,2018,4,France,HUMAN_OBSERVATION
47.82935,-3.8882,2018,8,France,HUMAN_OBSERVATION
47.82935,-3.8882,2018,9,France,HUMAN_OBSERVATION
47.82935,-3.8882,2018,10,France,HUMAN_OBSERVATION
47.82935,-3.8882,2017,6,France,HUMAN_OBSERVATION
47.83029,-4.15977,2020,5,France,HUMAN_OBSERVATION
47.83169,-3.89159,2020,1,France,HUMAN_OBSERVATION
47.83169,-3.89159,2019,5,France,HUMAN_OBSERVATION
47.83169,-3.89159,2019,7,France,HUMAN_OBSERVATION
47.83169,-3.89159,2018,2,France,HUMAN_OBSERVATION
47.83169,-3.89159,2018,3,France,HUMAN_OBSERVATION
47.83169,-3.89159,2018,4,France,HUMAN_OBSERVATION
47.83169,-3.89159,2018,5,France,HUMAN_OBSERVATION
47.83169,-3.89159,2018,8,France,HUMAN_OBSERVATION
47.83169,-3.89159,2018,9,France,HUMAN_OBSERVATION
47.83169,-3.89159,2018,10,France,HUMAN_OBSERVATION
47.83169,-3.89159,2017,5,France,HUMAN_OBSERVATION
47.83169,-3.89159,2017,6,France,HUMAN_OBSERVATION
47.8331,-3.90114,2022,5,France,HUMAN_OBSERVATION
47.8331,-3.90114,2017,8,France,HUMAN_OBSERVATION
47.83333,-3.89369,2020,1,France,HUMAN_OBSERVATION
47.83333,-3.89369,2019,5,France,HUMAN_OBSERVATION
47.83333,-3.89369,2019,7,France,HUMAN_OBSERVATION
47.83333,-3.89369,2018,1,France,HUMAN_OBSERVATION
47.83333,-3.89369,2018,3,France,HUMAN_OBSERVATION
47.83333,-3.89369,2018,8,France,HUMAN_OBSERVATION
47.83333,-3.89369,2018,9,France,HUMAN_OBSERVATION
47.83333,-3.89369,2018,10,France,HUMAN_OBSERVATION
47.83333,-3.89369,2017,6,France,HUMAN_OBSERVATION
47.83379,-3.89564,2019,5,France,HUMAN_OBSERVATION
47.83379,-3.89564,2018,4,France,HUMAN_OBSERVATION
47.83419,-3.89954,2020,5,France,HUMAN_OBSERVATION
47.83419,-3.89954,2019,1,France,HUMAN_OBSERVATION
47.83419,-3.89954,2019,4,France,HUMAN_OBSERVATION
47.83419,-3.89954,2019,5,France,HUMAN_OBSERVATION
47.83419,-3.89954,2019,7,France,HUMAN_OBSERVATION
47.83419,-3.89954,2018,3,France,HUMAN_OBSERVATION
47.83419,-3.89954,2018,4,France,HUMAN_OBSERVATION
47.83419,-3.89954,2018,8,France,HUMAN_OBSERVATION
47.83419,-3.89954,2018,9,France,HUMAN_OBSERVATION
47.83419,-3.89954,2018,10,France,HUMAN_OBSERVATION
47.83419,-3.89954,2017,6,France,HUMAN_OBSERVATION
47.83419,-3.89954,2017,11,France,HUMAN_OBSERVATION
47.83419,-3.89954,2017,12,France,HUMAN_OBSERVATION
47.83659,-3.90146,2019,4,France,HUMAN_OBSERVATION
47.83659,-3.90146,2019,5,France,HUMAN_OBSERVATION
47.83659,-3.90146,2019,7,France,HUMAN_OBSERVATION
47.83659,-3.90146,2018,1,France,HUMAN_OBSERVATION
47.83659,-3.90146,2018,3,France,HUMAN_OBSERVATION
47.83659,-3.90146,2018,5,France,HUMAN_OBSERVATION
47.83659,-3.90146,2018,8,France,HUMAN_OBSERVATION
47.83659,-3.90146,2018,9,France,HUMAN_OBSERVATION
47.83659,-3.90146,2018,10,France,HUMAN_OBSERVATION
47.83659,-3.90146,2017,11,France,HUMAN_OBSERVATION
47.83659,-3.90146,2017,12,France,HUMAN_OBSERVATION
47.83675,-3.90127,2018,2,France,HUMAN_OBSERVATION
47.83677,-3.90131,2018,2,France,HUMAN_OBSERVATION
47.83682,-3.9012,2018,2,France,HUMAN_OBSERVATION
47.83688,-3.90116,2018,2,France,HUMAN_OBSERVATION
47.83693,-3.90111,2018,2,France,HUMAN_OBSERVATION
47.837,-3.90107,2018,2,France,HUMAN_OBSERVATION
47.83703,-3.90118,2020,5,France,HUMAN_OBSERVATION
47.83703,-3.90118,2019,9,France,HUMAN_OBSERVATION
47.83708,-3.90105,2018,2,France,HUMAN_OBSERVATION
47.83715,-3.90103,2018,2,France,HUMAN_OBSERVATION
47.83737,-3.90099,2019,7,France,HUMAN_OBSERVATION
47.8376,-3.90092,2017,6,France,HUMAN_OBSERVATION
47.83787,-4.34801,2018,4,France,HUMAN_OBSERVATION
47.83983,-3.90169,2017,6,France,HUMAN_OBSERVATION
47.84036,-3.90058,2019,4,France,HUMAN_OBSERVATION
47.84137,-3.89861,2019,5,France,HUMAN_OBSERVATION
47.84137,-3.89861,2019,6,France,HUMAN_OBSERVATION
47.84137,-3.89861,2019,7,France,HUMAN_OBSERVATION
47.84137,-3.89861,2018,1,France,HUMAN_OBSERVATION
47.84137,-3.89861,2018,3,France,HUMAN_OBSERVATION
47.84137,-3.89861,2018,4,France,HUMAN_OBSERVATION
47.84137,-3.89861,2018,4,France,HUMAN_OBSERVATION
47.84137,-3.89861,2018,5,France,HUMAN_OBSERVATION
47.84137,-3.89861,2018,8,France,HUMAN_OBSERVATION
47.84137,-3.89861,2018,9,France,HUMAN_OBSERVATION
47.84137,-3.89861,2018,10,France,HUMAN_OBSERVATION
47.84137,-3.89861,2017,5,France,HUMAN_OBSERVATION
47.84137,-3.89861,2017,6,France,HUMAN_OBSERVATION
47.84137,-3.89861,2017,12,France,HUMAN_OBSERVATION
47.84266,-3.89826,2017,6,France,HUMAN_OBSERVATION
47.84323,-4.16659,2020,5,France,HUMAN_OBSERVATION
47.84323,-4.16659,2019,4,France,HUMAN_OBSERVATION
47.84382,-3.89828,2017,6,France,HUMAN_OBSERVATION
47.84505,-4.16708,2020,5,France,HUMAN_OBSERVATION
47.84505,-4.16708,2018,10,France,HUMAN_OBSERVATION
47.84558,-4.03863,2020,5,France,HUMAN_OBSERVATION
47.84558,-4.03863,2018,4,France,HUMAN_OBSERVATION
47.84575,-4.04202,2020,5,France,HUMAN_OBSERVATION
47.84984,-3.90006,2017,6,France,HUMAN_OBSERVATION
47.85026,-4.15957,2020,5,France,HUMAN_OBSERVATION
47.85036,-4.02597,2018,4,France,HUMAN_OBSERVATION
47.85037,-3.90137,2019,6,France,HUMAN_OBSERVATION
47.85037,-3.90137,2018,5,France,HUMAN_OBSERVATION
47.8507,-3.90812,2020,1,France,HUMAN_OBSERVATION
47.8507,-3.90812,2019,7,France,HUMAN_OBSERVATION
47.8507,-3.90812,2018,2,France,HUMAN_OBSERVATION
47.8507,-3.90812,2018,3,France,HUMAN_OBSERVATION
47.8507,-3.90812,2018,4,France,HUMAN_OBSERVATION
47.8507,-3.90812,2018,5,France,HUMAN_OBSERVATION
47.8507,-3.90812,2018,5,France,HUMAN_OBSERVATION
47.8507,-3.90812,2018,6,France,HUMAN_OBSERVATION
47.8507,-3.90812,2018,8,France,HUMAN_OBSERVATION
47.8507,-3.90812,2018,9,France,HUMAN_OBSERVATION
47.8507,-3.90812,2018,10,France,HUMAN_OBSERVATION
47.8507,-3.90812,2017,6,France,HUMAN_OBSERVATION
47.85082,-3.90402,2020,1,France,HUMAN_OBSERVATION
47.85082,-3.90402,2019,6,France,HUMAN_OBSERVATION
47.85082,-3.90402,2019,7,France,HUMAN_OBSERVATION
47.85082,-3.90402,2018,3,France,HUMAN_OBSERVATION
47.85082,-3.90402,2018,4,France,HUMAN_OBSERVATION
47.85082,-3.90402,2018,5,France,HUMAN_OBSERVATION
47.85082,-3.90402,2018,5,France,HUMAN_OBSERVATION
47.85082,-3.90402,2018,6,France,HUMAN_OBSERVATION
47.85082,-3.90402,2018,8,France,HUMAN_OBSERVATION
47.85082,-3.90402,2018,9,France,HUMAN_OBSERVATION
47.85082,-3.90402,2018,10,France,HUMAN_OBSERVATION
47.85082,-3.90402,2017,5,France,HUMAN_OBSERVATION
47.85082,-3.90402,2017,6,France,HUMAN_OBSERVATION
47.85082,-3.90402,2017,10,France,HUMAN_OBSERVATION
47.85133,-4.0114,2018,4,France,HUMAN_OBSERVATION
47.85152,-3.90579,2020,1,France,HUMAN_OBSERVATION
47.85152,-3.90579,2019,6,France,HUMAN_OBSERVATION
47.85152,-3.90579,2019,7,France,HUMAN_OBSERVATION
47.85152,-3.90579,2018,2,France,HUMAN_OBSERVATION
47.85152,-3.90579,2018,3,France,HUMAN_OBSERVATION
47.85152,-3.90579,2018,4,France,HUMAN_OBSERVATION
47.85152,-3.90579,2018,5,France,HUMAN_OBSERVATION
47.85152,-3.90579,2018,5,France,HUMAN_OBSERVATION
47.85152,-3.90579,2018,6,France,HUMAN_OBSERVATION
47.85152,-3.90579,2018,8,France,HUMAN_OBSERVATION
47.85152,-3.90579,2018,9,France,HUMAN_OBSERVATION
47.85152,-3.90579,2018,10,France,HUMAN_OBSERVATION
47.85152,-3.90579,2017,6,France,HUMAN_OBSERVATION
47.85304,-3.99358,2022,5,France,HUMAN_OBSERVATION
47.85372,-3.99456,2018,3,France,HUMAN_OBSERVATION
47.85385,-3.91197,2017,6,France,HUMAN_OBSERVATION
47.85395,-3.9772,2019,4,France,HUMAN_OBSERVATION
47.85395,-3.9772,2019,6,France,HUMAN_OBSERVATION
47.85395,-3.9772,2018,3,France,HUMAN_OBSERVATION
47.85395,-3.9772,2018,4,France,HUMAN_OBSERVATION
47.85395,-3.9772,2018,5,France,HUMAN_OBSERVATION
47.85395,-3.9772,2018,6,France,HUMAN_OBSERVATION
47.85395,-3.9772,2018,8,France,HUMAN_OBSERVATION
47.85395,-3.9772,2018,9,France,HUMAN_OBSERVATION
47.85395,-3.9772,2018,10,France,HUMAN_OBSERVATION
47.85395,-3.9772,2018,12,France,HUMAN_OBSERVATION
47.85395,-3.9772,2018,12,France,HUMAN_OBSERVATION
47.8541,-4.05315,2020,5,France,HUMAN_OBSERVATION
47.8541,-4.05315,2019,10,France,HUMAN_OBSERVATION
47.8541,-4.05315,2018,1,France,HUMAN_OBSERVATION
47.85437,-3.98046,2020,5,France,HUMAN_OBSERVATION
47.85475,-3.91307,2020,1,France,HUMAN_OBSERVATION
47.85475,-3.91307,2019,5,France,HUMAN_OBSERVATION
47.85475,-3.91307,2019,6,France,HUMAN_OBSERVATION
47.85475,-3.91307,2019,7,France,HUMAN_OBSERVATION
47.85475,-3.91307,2018,3,France,HUMAN_OBSERVATION
47.85475,-3.91307,2018,3,France,HUMAN_OBSERVATION
47.85475,-3.91307,2018,4,France,HUMAN_OBSERVATION
47.85475,-3.91307,2018,5,France,HUMAN_OBSERVATION
47.85475,-3.91307,2018,5,France,HUMAN_OBSERVATION
47.85475,-3.91307,2018,8,France,HUMAN_OBSERVATION
47.85475,-3.91307,2018,9,France,HUMAN_OBSERVATION
47.85475,-3.91307,2018,10,France,HUMAN_OBSERVATION
47.85475,-3.91307,2017,11,France,HUMAN_OBSERVATION
47.85475,-3.91307,2017,12,France,HUMAN_OBSERVATION
47.85475,-3.91307,2017,12,France,HUMAN_OBSERVATION
47.85482,-4.15108,2020,5,France,HUMAN_OBSERVATION
47.85482,-4.15108,2019,4,France,HUMAN_OBSERVATION
47.85526,-3.91435,2017,6,France,HUMAN_OBSERVATION
47.85588,-3.91871,2017,6,France,HUMAN_OBSERVATION
47.85624,-3.97734,2019,4,France,HUMAN_OBSERVATION
47.85624,-3.97734,2019,6,France,HUMAN_OBSERVATION
47.85624,-3.97734,2018,3,France,HUMAN_OBSERVATION
47.85624,-3.97734,2018,4,France,HUMAN_OBSERVATION
47.85624,-3.97734,2018,5,France,HUMAN_OBSERVATION
47.85624,-3.97734,2018,6,France,HUMAN_OBSERVATION
47.85624,-3.97734,2018,8,France,HUMAN_OBSERVATION
47.85624,-3.97734,2018,9,France,HUMAN_OBSERVATION
47.85624,-3.97734,2018,10,France,HUMAN_OBSERVATION
47.85624,-3.97734,2018,12,France,HUMAN_OBSERVATION
47.85641,-3.90572,2022,2,France,HUMAN_OBSERVATION
47.85641,-3.90572,2022,6,France,HUMAN_OBSERVATION
47.85641,-3.90572,2022,6,France,HUMAN_OBSERVATION
47.85693,-3.9043,2022,4,France,HUMAN_OBSERVATION
47.85708,-3.9043,2020,1,France,HUMAN_OBSERVATION
47.85708,-3.9043,2019,4,France,HUMAN_OBSERVATION
47.85708,-3.9043,2019,5,France,HUMAN_OBSERVATION
47.85708,-3.9043,2019,6,France,HUMAN_OBSERVATION
47.85708,-3.9043,2019,7,France,HUMAN_OBSERVATION
47.85708,-3.9043,2019,9,France,HUMAN_OBSERVATION
47.85708,-3.9043,2018,1,France,HUMAN_OBSERVATION
47.85708,-3.9043,2018,2,France,HUMAN_OBSERVATION
47.85708,-3.9043,2018,3,France,HUMAN_OBSERVATION
47.85708,-3.9043,2018,4,France,HUMAN_OBSERVATION
47.85708,-3.9043,2018,5,France,HUMAN_OBSERVATION
47.85708,-3.9043,2018,5,France,HUMAN_OBSERVATION
47.85708,-3.9043,2018,6,France,HUMAN_OBSERVATION
47.85708,-3.9043,2018,8,France,HUMAN_OBSERVATION
47.85708,-3.9043,2018,9,France,HUMAN_OBSERVATION
47.85708,-3.9043,2018,9,France,HUMAN_OBSERVATION
47.85708,-3.9043,2018,9,France,HUMAN_OBSERVATION
47.85708,-3.9043,2018,9,France,HUMAN_OBSERVATION
47.85708,-3.9043,2018,9,France,HUMAN_OBSERVATION
47.85708,-3.9043,2018,10,France,HUMAN_OBSERVATION
47.85708,-3.9043,2017,5,France,HUMAN_OBSERVATION
47.85708,-3.9043,2017,6,France,HUMAN_OBSERVATION
47.85708,-3.9043,2017,12,France,HUMAN_OBSERVATION
47.85718,-3.90404,2022,4,France,HUMAN_OBSERVATION
47.85726,-3.97973,2020,5,France,HUMAN_OBSERVATION
47.85861,-4.0652,2017,11,France,HUMAN_OBSERVATION
47.85972,-4.07127,2018,1,France,HUMAN_OBSERVATION
47.86101,-3.98411,2020,5,France,HUMAN_OBSERVATION
47.86101,-3.98411,2018,3,France,HUMAN_OBSERVATION
47.86197,-4.09555,2018,4,France,HUMAN_OBSERVATION
47.8627,-4.13017,2020,5,France,HUMAN_OBSERVATION
47.8627,-4.13017,2018,4,France,HUMAN_OBSERVATION
47.86405,-4.11771,2018,4,France,HUMAN_OBSERVATION
47.86416,-4.11266,2020,5,France,HUMAN_OBSERVATION
47.86416,-4.11266,2018,4,France,HUMAN_OBSERVATION
47.86418,-3.90673,2017,6,France,HUMAN_OBSERVATION
47.86456,-4.12179,2020,5,France,HUMAN_OBSERVATION
47.86852,-3.98551,2018,3,France,HUMAN_OBSERVATION
47.86852,-3.98551,2018,4,France,HUMAN_OBSERVATION
47.86868,-3.91811,2020,1,France,HUMAN_OBSERVATION
47.86868,-3.91811,2019,4,France,HUMAN_OBSERVATION
47.86868,-3.91811,2019,7,France,HUMAN_OBSERVATION
47.86868,-3.91811,2018,3,France,HUMAN_OBSERVATION
47.86868,-3.91811,2018,4,France,HUMAN_OBSERVATION
47.86868,-3.91811,2018,8,France,HUMAN_OBSERVATION
47.86868,-3.91811,2018,9,France,HUMAN_OBSERVATION
47.86868,-3.91811,2018,10,France,HUMAN_OBSERVATION
47.86946,-3.9248,2022,6,France,HUMAN_OBSERVATION
47.86955,-3.92507,2018,4,France,HUMAN_OBSERVATION
47.86955,-3.92507,2017,6,France,HUMAN_OBSERVATION
47.86957,-3.92085,2020,1,France,HUMAN_OBSERVATION
47.86957,-3.92085,2020,8,France,HUMAN_OBSERVATION
47.86957,-3.92085,2019,4,France,HUMAN_OBSERVATION
47.86957,-3.92085,2019,7,France,HUMAN_OBSERVATION
47.86957,-3.92085,2018,2,France,HUMAN_OBSERVATION
47.86957,-3.92085,2018,3,France,HUMAN_OBSERVATION
47.86957,-3.92085,2018,4,France,HUMAN_OBSERVATION
47.86957,-3.92085,2018,8,France,HUMAN_OBSERVATION
47.86957,-3.92085,2018,9,France,HUMAN_OBSERVATION
47.86957,-3.92085,2018,10,France,HUMAN_OBSERVATION
47.86998,-3.9225,2022,6,France,HUMAN_OBSERVATION
47.87002,-3.92297,2020,11,France,HUMAN_OBSERVATION
47.87004,-3.92286,2023,1,France,HUMAN_OBSERVATION
47.87004,-3.92286,2022,12,France,HUMAN_OBSERVATION
47.87004,-3.92286,2021,6,France,HUMAN_OBSERVATION
47.87007,-3.92302,2020,2,France,HUMAN_OBSERVATION
47.87007,-3.92302,2020,2,France,HUMAN_OBSERVATION
47.87007,-3.92302,2018,10,France,HUMAN_OBSERVATION
47.8701,-3.92297,2020,2,France,HUMAN_OBSERVATION
47.8701,-3.92297,2018,10,France,HUMAN_OBSERVATION
47.8701,-3.92288,2020,1,France,HUMAN_OBSERVATION
47.8701,-3.92288,2020,2,France,HUMAN_OBSERVATION
47.8701,-3.92288,2019,4,France,HUMAN_OBSERVATION
47.8701,-3.92281,2020,1,France,HUMAN_OBSERVATION
47.8701,-3.92281,2019,4,France,HUMAN_OBSERVATION
47.8701,-3.92281,2019,6,France,HUMAN_OBSERVATION
47.8701,-3.92281,2019,7,France,HUMAN_OBSERVATION
47.8701,-3.92281,2018,2,France,HUMAN_OBSERVATION
47.8701,-3.92281,2018,2,France,HUMAN_OBSERVATION
47.8701,-3.92281,2018,3,France,HUMAN_OBSERVATION
47.8701,-3.92281,2018,4,France,HUMAN_OBSERVATION
47.8701,-3.92281,2018,4,France,HUMAN_OBSERVATION
47.8701,-3.92281,2018,6,France,HUMAN_OBSERVATION
47.8701,-3.92281,2018,8,France,HUMAN_OBSERVATION
47.8701,-3.92281,2018,9,France,HUMAN_OBSERVATION
47.8701,-3.92281,2018,10,France,HUMAN_OBSERVATION
47.87062,-3.92772,2020,1,France,HUMAN_OBSERVATION
47.87062,-3.92772,2019,1,France,HUMAN_OBSERVATION
47.87062,-3.92772,2019,7,France,HUMAN_OBSERVATION
47.87062,-3.92772,2018,1,France,HUMAN_OBSERVATION
47.87062,-3.92772,2018,3,France,HUMAN_OBSERVATION
47.87062,-3.92772,2018,3,France,HUMAN_OBSERVATION
47.87062,-3.92772,2018,4,France,HUMAN_OBSERVATION
47.87062,-3.92772,2018,4,France,HUMAN_OBSERVATION
47.87062,-3.92772,2018,5,France,HUMAN_OBSERVATION
47.87062,-3.92772,2018,8,France,HUMAN_OBSERVATION
47.87062,-3.92772,2018,9,France,HUMAN_OBSERVATION
47.87062,-3.92772,2018,10,France,HUMAN_OBSERVATION
47.87062,-3.92772,2017,6,France,HUMAN_OBSERVATION
47.87117,-4.1098,2019,6,France,HUMAN_OBSERVATION
47.87117,-4.1098,2018,3,France,HUMAN_OBSERVATION
47.87117,-4.1098,2018,4,France,HUMAN_OBSERVATION
47.87117,-4.1098,2018,8,France,HUMAN_OBSERVATION
47.87117,-4.1098,2018,8,France,HUMAN_OBSERVATION
47.87117,-4.1098,2018,9,France,HUMAN_OBSERVATION
47.87117,-4.1098,2018,10,France,HUMAN_OBSERVATION
47.87117,-4.1098,2018,12,France,HUMAN_OBSERVATION
47.87172,-3.93027,2020,1,France,HUMAN_OBSERVATION
47.87172,-3.93027,2019,4,France,HUMAN_OBSERVATION
47.87379,-3.92944,2019,1,France,HUMAN_OBSERVATION
47.87379,-3.92944,2019,1,France,HUMAN_OBSERVATION
47.87379,-3.92944,2018,11,France,HUMAN_OBSERVATION
47.87385,-3.9294,2020,1,France,HUMAN_OBSERVATION
47.87385,-3.9294,2019,4,France,HUMAN_OBSERVATION
47.87385,-3.9294,2019,5,France,HUMAN_OBSERVATION
47.87385,-3.9294,2019,7,France,HUMAN_OBSERVATION
47.87385,-3.9294,2019,7,France,HUMAN_OBSERVATION
47.87385,-3.9294,2018,1,France,HUMAN_OBSERVATION
47.87385,-3.9294,2018,3,France,HUMAN_OBSERVATION
47.87385,-3.9294,2018,4,France,HUMAN_OBSERVATION
47.87385,-3.9294,2018,5,France,HUMAN_OBSERVATION
47.87385,-3.9294,2018,8,France,HUMAN_OBSERVATION
47.87385,-3.9294,2018,9,France,HUMAN_OBSERVATION
47.87385,-3.9294,2018,10,France,HUMAN_OBSERVATION
47.87407,-3.9293,2019,1,France,HUMAN_OBSERVATION
47.8777,-3.93074,2022,7,France,HUMAN_OBSERVATION
47.87856,-3.93053,2023,2,France,HUMAN_OBSERVATION
47.88071,-3.93228,2022,5,France,HUMAN_OBSERVATION
47.88071,-3.93228,2022,5,France,HUMAN_OBSERVATION
47.88098,-4.36062,2019,5,France,HUMAN_OBSERVATION
47.88098,-4.36062,2019,8,France,HUMAN_OBSERVATION
47.88098,-4.36062,2018,3,France,HUMAN_OBSERVATION
47.88098,-4.36062,2018,6,France,HUMAN_OBSERVATION
47.88098,-4.36062,2018,6,France,HUMAN_OBSERVATION
47.88098,-4.36062,2018,8,France,HUMAN_OBSERVATION
47.88098,-4.36062,2018,9,France,HUMAN_OBSERVATION
47.88098,-4.36062,2018,10,France,HUMAN_OBSERVATION
47.88216,-3.934,2018,9,France,HUMAN_OBSERVATION
47.88216,-3.934,2018,9,France,HUMAN_OBSERVATION
47.88216,-3.934,2018,9,France,HUMAN_OBSERVATION
47.88217,-3.93397,2020,1,France,HUMAN_OBSERVATION
47.88217,-3.93397,2019,7,France,HUMAN_OBSERVATION
47.88217,-3.93397,2018,1,France,HUMAN_OBSERVATION
47.88217,-3.93397,2018,3,France,HUMAN_OBSERVATION
47.88217,-3.93397,2018,4,France,HUMAN_OBSERVATION
47.88217,-3.93397,2018,5,France,HUMAN_OBSERVATION
47.88217,-3.93397,2018,8,France,HUMAN_OBSERVATION
47.88217,-3.93397,2018,9,France,HUMAN_OBSERVATION
47.88217,-3.93397,2018,9,France,HUMAN_OBSERVATION
47.88217,-3.93397,2018,9,France,HUMAN_OBSERVATION
47.88217,-3.93397,2018,9,France,HUMAN_OBSERVATION
47.88217,-3.93397,2018,9,France,HUMAN_OBSERVATION
47.88217,-3.93397,2018,10,France,HUMAN_OBSERVATION
47.88217,-3.93397,2017,6,France,HUMAN_OBSERVATION
47.8848,-3.98797,2019,6,France,HUMAN_OBSERVATION
47.8848,-3.98797,2018,3,France,HUMAN_OBSERVATION
47.8848,-3.98797,2018,4,France,HUMAN_OBSERVATION
47.8848,-3.98797,2018,5,France,HUMAN_OBSERVATION
47.8848,-3.98797,2018,6,France,HUMAN_OBSERVATION
47.8848,-3.98797,2018,8,France,HUMAN_OBSERVATION
47.8848,-3.98797,2018,9,France,HUMAN_OBSERVATION
47.8848,-3.98797,2018,10,France,HUMAN_OBSERVATION
47.8848,-3.98797,2018,12,France,HUMAN_OBSERVATION
47.88497,-3.94313,2019,7,France,HUMAN_OBSERVATION
47.88497,-3.94313,2018,3,France,HUMAN_OBSERVATION
47.88497,-3.94313,2018,4,France,HUMAN_OBSERVATION
47.88497,-3.94313,2018,8,France,HUMAN_OBSERVATION
47.88497,-3.94313,2018,9,France,HUMAN_OBSERVATION
47.88497,-3.94313,2018,10,France,HUMAN_OBSERVATION
47.88497,-3.94313,2017,6,France,HUMAN_OBSERVATION
47.88696,-3.94509,2019,7,France,HUMAN_OBSERVATION
47.88696,-3.94509,2018,3,France,HUMAN_OBSERVATION
47.88696,-3.94509,2018,4,France,HUMAN_OBSERVATION
47.88696,-3.94509,2018,4,France,HUMAN_OBSERVATION
47.88696,-3.94509,2018,5,France,HUMAN_OBSERVATION
47.88696,-3.94509,2018,8,France,HUMAN_OBSERVATION
47.88696,-3.94509,2018,9,France,HUMAN_OBSERVATION
47.88696,-3.94509,2018,10,France,HUMAN_OBSERVATION
47.88696,-3.94509,2017,6,France,HUMAN_OBSERVATION
47.8899,-3.97611,2018,3,France,HUMAN_OBSERVATION
47.89041,-3.97683,2018,3,France,HUMAN_OBSERVATION
47.89392,-3.98192,2017,11,France,HUMAN_OBSERVATION
47.8941,-3.98383,2018,3,France,HUMAN_OBSERVATION
47.89517,-3.97209,2023,6,France,HUMAN_OBSERVATION
47.89536,-3.9717,2023,4,France,HUMAN_OBSERVATION
47.89536,-3.9717,2022,11,France,HUMAN_OBSERVATION
47.8955,-3.9718,2022,11,France,HUMAN_OBSERVATION
47.89645,-3.96527,2018,3,France,HUMAN_OBSERVATION
47.89645,-3.96527,2018,4,France,HUMAN_OBSERVATION
47.89645,-3.96527,2018,5,France,HUMAN_OBSERVATION
47.89645,-3.96527,2018,6,France,HUMAN_OBSERVATION
47.89645,-3.96527,2018,8,France,HUMAN_OBSERVATION
47.89645,-3.96527,2018,9,France,HUMAN_OBSERVATION
47.89645,-3.96527,2018,10,France,HUMAN_OBSERVATION
47.89974,-4.37007,2018,8,France,HUMAN_OBSERVATION
47.9019,-3.97948,2018,3,France,HUMAN_OBSERVATION
47.90193,-3.97769,2018,3,France,HUMAN_OBSERVATION
47.93152,-4.39219,2018,6,France,HUMAN_OBSERVATION
47.96365,-4.42577,2019,4,France,HUMAN_OBSERVATION
47.98066,-4.45069,2019,4,France,HUMAN_OBSERVATION
48.00092,-4.49925,2019,4,France,HUMAN_OBSERVATION
48.00639,-4.55709,2019,10,France,HUMAN_OBSERVATION
48.01096,-4.55034,2022,6,France,HUMAN_OBSERVATION
48.01114,-4.55018,2023,4,France,HUMAN_OBSERVATION
48.01114,-4.55018,2022,5,France,HUMAN_OBSERVATION
48.01114,-4.55018,2022,7,France,HUMAN_OBSERVATION
48.01114,-4.55018,2022,8,France,HUMAN_OBSERVATION
48.01114,-4.55018,2022,10,France,HUMAN_OBSERVATION
48.01114,-4.55018,2022,10,France,HUMAN_OBSERVATION
48.01149,-4.54893,2019,4,France,HUMAN_OBSERVATION
48.01149,-4.54893,2019,10,France,HUMAN_OBSERVATION
48.01149,-4.54893,2018,6,France,HUMAN_OBSERVATION
48.01296,-4.59446,2019,4,France,HUMAN_OBSERVATION
48.01296,-4.59446,2019,7,France,HUMAN_OBSERVATION
48.01631,-4.61082,2018,8,France,HUMAN_OBSERVATION
48.02611,-4.66254,2018,6,France,HUMAN_OBSERVATION
48.02907,-4.63228,2019,4,France,HUMAN_OBSERVATION
48.02907,-4.63228,2019,4,France,HUMAN_OBSERVATION
48.02907,-4.63228,2019,7,France,HUMAN_OBSERVATION
48.03183,-4.83609,2019,10,France,HUMAN_OBSERVATION
48.03223,-4.84786,2019,10,France,HUMAN_OBSERVATION
48.03225,-4.84784,2019,10,France,HUMAN_OBSERVATION
48.03232,-4.84266,2019,10,France,HUMAN_OBSERVATION
48.03711,-4.85048,2019,10,France,HUMAN_OBSERVATION
48.03836,-4.85359,2019,10,France,HUMAN_OBSERVATION
48.03878,-4.85516,2018,9,France,HUMAN_OBSERVATION
48.03922,-4.85703,2019,10,France,HUMAN_OBSERVATION
48.0397,-4.86869,2019,10,France,HUMAN_OBSERVATION
48.03999,-4.8616,2019,10,France,HUMAN_OBSERVATION
48.04023,-4.86449,2019,10,France,HUMAN_OBSERVATION
48.04072,-4.86145,2019,10,France,HUMAN_OBSERVATION
48.04191,-4.86844,2019,10,France,HUMAN_OBSERVATION
48.04568,-4.70661,2018,6,France,HUMAN_OBSERVATION
48.0497,-4.70797,2017,9,France,HUMAN_OBSERVATION
48.0497,-4.70797,2017,9,France,HUMAN_OBSERVATION
48.06061,-4.67187,2018,6,France,HUMAN_OBSERVATION
48.06971,-4.66262,2016,5,France,HUMAN_OBSERVATION
48.06971,-4.66262,2016,8,France,HUMAN_OBSERVATION
48.06971,-4.66262,2012,7,France,HUMAN_OBSERVATION
48.08694,-4.48656,2019,4,France,HUMAN_OBSERVATION
48.08694,-4.48656,2018,6,France,HUMAN_OBSERVATION
48.08834,-4.50353,2019,4,France,HUMAN_OBSERVATION
48.08834,-4.50353,2018,6,France,HUMAN_OBSERVATION
48.09218,-4.2981,2018,6,France,HUMAN_OBSERVATION
48.09473,-4.33684,2003,1,France,HUMAN_OBSERVATION
48.1027,-4.34759,2017,5,France,HUMAN_OBSERVATION
48.1027,-4.34759,2017,5,France,HUMAN_OBSERVATION
48.1027,-4.34759,2015,5,France,HUMAN_OBSERVATION
48.10393,-4.40661,2021,9,France,HUMAN_OBSERVATION
48.10568,-4.28606,2019,5,France,HUMAN_OBSERVATION
48.10714,-4.35294,2020,5,France,HUMAN_OBSERVATION
48.11678,-4.2818,2023,1,France,HUMAN_OBSERVATION
48.11678,-4.2818,2023,1,France,HUMAN_OBSERVATION
48.11708,-4.28113,2023,1,France,HUMAN_OBSERVATION
48.15333,-4.53667,2018,8,France,HUMAN_OBSERVATION
48.15502,-4.27397,2019,5,France,HUMAN_OBSERVATION
48.1844,-4.5276,2018,9,France,HUMAN_OBSERVATION
48.20297,-4.55263,2018,5,France,HUMAN_OBSERVATION
48.21026,-4.44946,2017,6,France,HUMAN_OBSERVATION
48.22928,-4.50231,2018,5,France,HUMAN_OBSERVATION
48.24667,-4.67139,2014,8,France,HUMAN_OBSERVATION
48.24859,-4.54508,2018,5,France,HUMAN_OBSERVATION
48.24954,-4.54525,2017,9,France,HUMAN_OBSERVATION
48.25511,-4.54971,2017,9,France,HUMAN_OBSERVATION
48.27953,-4.62783,2010,10,France,HUMAN_OBSERVATION
48.29278,-4.45173,2019,6,France,HUMAN_OBSERVATION
48.29294,-4.45493,2022,6,France,HUMAN_OBSERVATION
48.29294,-4.45493,2014,6,France,HUMAN_OBSERVATION
48.29332,-4.45359,2021,6,France,HUMAN_OBSERVATION
48.29332,-4.45359,2020,5,France,HUMAN_OBSERVATION
48.29332,-4.45359,2020,7,France,HUMAN_OBSERVATION
48.29332,-4.45359,2019,9,France,HUMAN_OBSERVATION
48.29332,-4.45359,2017,6,France,HUMAN_OBSERVATION
48.29332,-4.45359,2017,7,France,HUMAN_OBSERVATION
48.29332,-4.45359,2017,7,France,HUMAN_OBSERVATION
48.29332,-4.45359,2016,6,France,HUMAN_OBSERVATION
48.29332,-4.45359,2015,6,France,HUMAN_OBSERVATION
48.29332,-4.45359,2015,8,France,HUMAN_OBSERVATION
48.29332,-4.45359,2015,9,France,HUMAN_OBSERVATION
48.29362,-4.45893,2016,7,France,HUMAN_OBSERVATION
48.29384,-4.45354,2018,8,France,HUMAN_OBSERVATION
48.29384,-4.45354,2017,1,France,HUMAN_OBSERVATION
48.29429,-4.4534,2019,6,France,HUMAN_OBSERVATION
48.29429,-4.4534,2017,8,France,HUMAN_OBSERVATION
48.30566,-4.58097,2014,8,France,HUMAN_OBSERVATION
48.3074,-4.57452,2022,7,France,HUMAN_OBSERVATION
48.32353,-4.46386,2022,12,France,HUMAN_OBSERVATION
48.32565,-4.4522,2021,7,France,HUMAN_OBSERVATION
48.32565,-4.4522,2020,6,France,HUMAN_OBSERVATION
48.32565,-4.4522,2014,7,France,HUMAN_OBSERVATION
48.32565,-4.4522,2014,7,France,HUMAN_OBSERVATION
48.32565,-4.4522,2014,7,France,HUMAN_OBSERVATION
48.32628,-4.45307,2017,9,France,HUMAN_OBSERVATION
48.3436,-4.52948,2016,7,France,HUMAN_OBSERVATION
48.3436,-4.52948,2016,7,France,HUMAN_OBSERVATION
48.34433,-4.34988,2023,2,France,HUMAN_OBSERVATION
48.34898,-4.702,2018,4,France,HUMAN_OBSERVATION
48.351,-4.56895,2014,7,France,HUMAN_OBSERVATION
48.351668,-4.566505,2022,10,France,HUMAN_OBSERVATION
48.35692,-4.5078,2015,7,France,HUMAN_OBSERVATION
48.35916,-4.55105,2023,5,France,HUMAN_OBSERVATION
48.35916,-4.55105,2022,5,France,HUMAN_OBSERVATION
48.35916,-4.55105,2022,6,France,HUMAN_OBSERVATION
48.36349,-4.52206,2022,8,France,HUMAN_OBSERVATION
48.36349,-4.52206,2020,5,France,HUMAN_OBSERVATION
48.36427,-4.5265,2023,5,France,HUMAN_OBSERVATION
48.36427,-4.5265,2021,6,France,HUMAN_OBSERVATION
48.36454,-4.52521,2022,7,France,HUMAN_OBSERVATION
48.38271,-4.76214,2018,3,France,HUMAN_OBSERVATION
48.39645,-4.95505,2019,4,France,HUMAN_OBSERVATION
48.39767,-4.42626,2018,4,France,HUMAN_OBSERVATION
48.39861,-4.95139,2015,7,France,HUMAN_OBSERVATION
48.39881,-4.94805,2015,7,France,HUMAN_OBSERVATION
48.39916,-4.94827,2015,7,France,HUMAN_OBSERVATION
48.40012,-4.96322,2019,4,France,HUMAN_OBSERVATION
48.40186,-4.94611,2015,7,France,HUMAN_OBSERVATION
48.40419,-4.78146,2022,10,France,HUMAN_OBSERVATION
48.40711,-4.7773,2019,1,France,HUMAN_OBSERVATION
48.41244,-4.79126,2019,1,France,HUMAN_OBSERVATION
48.41917,-4.92562,2022,5,France,HUMAN_OBSERVATION
48.43069,-4.78417,2019,1,France,HUMAN_OBSERVATION
48.43069,-4.78417,2018,3,France,HUMAN_OBSERVATION
48.43733,-5.11525,2023,8,France,HUMAN_OBSERVATION
48.43789,-5.09961,2018,8,France,HUMAN_OBSERVATION
48.4448,-4.77662,2019,1,France,HUMAN_OBSERVATION
48.446506,-5.140284,2024,6,France,HUMAN_OBSERVATION
48.44693,-4.77956,2019,1,France,HUMAN_OBSERVATION
48.44693,-4.77956,2019,6,France,HUMAN_OBSERVATION
48.45186,-5.12319,2022,5,France,HUMAN_OBSERVATION
48.45194,-5.12306,2023,8,France,HUMAN_OBSERVATION
48.454993,-5.100194,2024,10,France,HUMAN_OBSERVATION
48.46734,-4.76221,2018,3,France,HUMAN_OBSERVATION
48.46771,-5.05689,2022,10,France,HUMAN_OBSERVATION
48.46861,-4.77253,2022,8,France,HUMAN_OBSERVATION
48.46861,-4.77253,2020,6,France,HUMAN_OBSERVATION
48.52373,-4.76215,2020,3,France,HUMAN_OBSERVATION
48.52383,-4.7619,2020,3,France,HUMAN_OBSERVATION
48.52594,-2.655,2019,4,France,HUMAN_OBSERVATION
48.5261,-2.6503,2022,5,France,HUMAN_OBSERVATION
48.54487,-2.72367,2021,9,France,HUMAN_OBSERVATION
48.55667,-2.72585,2022,9,France,HUMAN_OBSERVATION
48.55667,-2.72585,2021,9,France,HUMAN_OBSERVATION
48.56166,-2.74724,2022,9,France,HUMAN_OBSERVATION
48.5684,-4.68492,2018,3,France,HUMAN_OBSERVATION
48.57123,-2.01201,2018,4,France,HUMAN_OBSERVATION
48.57524,-4.62555,2018,3,France,HUMAN_OBSERVATION
48.57635,-4.63567,2018,2,France,HUMAN_OBSERVATION
48.5901,-2.19456,2019,4,France,HUMAN_OBSERVATION
48.5915,-2.18383,2019,4,France,HUMAN_OBSERVATION
48.59262,-2.18434,2019,4,France,HUMAN_OBSERVATION
48.59551,-4.60786,2018,5,France,HUMAN_OBSERVATION
48.59619,-2.01798,2017,5,France,HUMAN_OBSERVATION
48.59619,-2.01798,2017,5,France,HUMAN_OBSERVATION
48.59753,-2.53098,2022,10,France,HUMAN_OBSERVATION
48.59927,-2.82408,2021,10,France,HUMAN_OBSERVATION
48.59992,-2.82422,2022,4,France,HUMAN_OBSERVATION
48.60655,-2.18841,2019,4,France,HUMAN_OBSERVATION
48.60783,-2.49735,2022,10,France,HUMAN_OBSERVATION
48.61451,-2.2433,2019,4,France,HUMAN_OBSERVATION
48.61463,-2.81543,2022,3,France,HUMAN_OBSERVATION
48.61852,-2.15086,2018,4,France,HUMAN_OBSERVATION
48.62192,-4.50363,2018,5,France,HUMAN_OBSERVATION
48.62235,-2.47354,2019,4,France,HUMAN_OBSERVATION
48.62417,-2.8212,2019,4,France,HUMAN_OBSERVATION
48.62501,-2.82308,2022,10,France,HUMAN_OBSERVATION
48.62806,-2.02806,2013,6,France,HUMAN_OBSERVATION
48.62919,-2.15165,2018,4,France,HUMAN_OBSERVATION
48.63056,-2.25298,2019,4,France,HUMAN_OBSERVATION
48.6322,-2.14052,2018,4,France,HUMAN_OBSERVATION
48.63348,-3.84945,2020,1,France,HUMAN_OBSERVATION
48.63371,-2.46708,2019,4,France,HUMAN_OBSERVATION
48.63378,-3.8495,2020,1,France,HUMAN_OBSERVATION
48.63404,-3.84958,2020,1,France,HUMAN_OBSERVATION
48.63577,-2.82562,2022,10,France,HUMAN_OBSERVATION
48.63588,-2.16179,2013,6,France,HUMAN_OBSERVATION
48.63599,-2.08291,2018,4,France,HUMAN_OBSERVATION
48.63602,-2.0827,2018,4,France,HUMAN_OBSERVATION
48.63606,-2.08251,2018,4,France,HUMAN_OBSERVATION
48.63606,-2.08251,2018,4,France,HUMAN_OBSERVATION
48.63606,-2.08251,2018,4,France,HUMAN_OBSERVATION
48.6361,-2.08235,2018,4,France,HUMAN_OBSERVATION
48.6361,-2.08235,2018,4,France,HUMAN_OBSERVATION
48.63616,-2.08217,2018,4,France,HUMAN_OBSERVATION
48.63618,-2.08192,2022,2,France,HUMAN_OBSERVATION
48.63675,-2.12101,2018,4,France,HUMAN_OBSERVATION
48.63744,-3.848359,1999,9,France,HUMAN_OBSERVATION
48.63877,-2.06925,2017,4,France,HUMAN_OBSERVATION
48.63877,-2.06869,2017,4,France,HUMAN_OBSERVATION
48.63877,-2.06811,2017,4,France,HUMAN_OBSERVATION
48.63878,-2.0675,2017,4,France,HUMAN_OBSERVATION
48.63885,-2.06694,2017,4,France,HUMAN_OBSERVATION
48.641,-2.07273,2022,7,France,HUMAN_OBSERVATION
48.6412,-2.11802,2008,7,France,MATERIAL_SAMPLE
48.64125,-2.40874,2022,11,France,HUMAN_OBSERVATION
48.64125,-2.40536,2022,11,France,HUMAN_OBSERVATION
48.6413,-2.4074,2019,4,France,HUMAN_OBSERVATION
48.64134,-2.41113,2023,1,France,HUMAN_OBSERVATION
48.64134,-2.41113,2023,4,France,HUMAN_OBSERVATION
48.64134,-2.41113,2022,11,France,HUMAN_OBSERVATION
48.64704,-2.42029,2021,10,France,HUMAN_OBSERVATION
48.648142,-2.033147,2024,2,France,HUMAN_OBSERVATION
48.65248,-2.14033,2012,2,France,MATERIAL_SAMPLE
48.65394,-1.44531,2018,10,France,HUMAN_OBSERVATION
48.65479,-2.36421,2023,6,France,HUMAN_OBSERVATION
48.65479,-2.36421,2022,12,France,HUMAN_OBSERVATION
48.65528,-2.13955,2013,8,France,HUMAN_OBSERVATION
48.65556,-3.90284,2020,5,France,HUMAN_OBSERVATION
48.66067,-4.21862,2018,5,France,HUMAN_OBSERVATION
48.6694,-3.60332,2019,4,France,HUMAN_OBSERVATION
48.66958,-3.90927,2020,5,France,HUMAN_OBSERVATION
48.67012,-3.91142,2020,5,France,HUMAN_OBSERVATION
48.67089,-3.89944,2020,5,France,HUMAN_OBSERVATION
48.67182,-3.86366,2020,12,France,HUMAN_OBSERVATION
48.67208,-3.92292,2022,10,France,HUMAN_OBSERVATION
48.67261,-2.29342,2013,6,France,HUMAN_OBSERVATION
48.67341,-3.95326,2020,5,France,HUMAN_OBSERVATION
48.67606,-3.64055,2022,6,France,HUMAN_OBSERVATION
48.67658,-2.88412,2019,4,France,HUMAN_OBSERVATION
48.68141,-2.31062,2016,5,France,HUMAN_OBSERVATION
48.6825,-2.32713,2011,8,France,HUMAN_OBSERVATION
48.68253,-3.92124,2019,9,France,HUMAN_OBSERVATION
48.68282,-3.92234,2020,6,France,HUMAN_OBSERVATION
48.68587,-3.92138,2020,6,France,HUMAN_OBSERVATION
48.68592,-3.92481,2019,9,France,HUMAN_OBSERVATION
48.68617,-3.96155,2020,5,France,HUMAN_OBSERVATION
48.68617,-2.0977,2012,9,France,HUMAN_OBSERVATION
48.68643,-3.9223,2020,6,France,HUMAN_OBSERVATION
48.68683,-3.92116,2019,9,France,HUMAN_OBSERVATION
48.68726,-2.32933,2010,8,France,HUMAN_OBSERVATION
48.68729,-3.67707,2020,12,France,HUMAN_OBSERVATION
48.68742,-2.04717,2014,6,France,HUMAN_OBSERVATION
48.68819,-3.96156,2020,12,France,HUMAN_OBSERVATION
48.68819,-3.96156,2020,12,France,HUMAN_OBSERVATION
48.68845,-3.96285,2020,5,France,HUMAN_OBSERVATION
48.68845,-3.96285,2019,9,France,HUMAN_OBSERVATION
48.6899,-3.92571,2019,9,France,HUMAN_OBSERVATION
48.69001,-3.92364,2019,9,France,HUMAN_OBSERVATION
48.69255,-4.15145,2019,9,France,HUMAN_OBSERVATION
48.69285,-3.6639,2020,12,France,HUMAN_OBSERVATION
48.69376,-3.96931,2020,5,France,HUMAN_OBSERVATION
48.69381,-4.05829,2019,9,France,HUMAN_OBSERVATION
48.69689,-3.8409,2019,9,France,HUMAN_OBSERVATION
48.70157,-4.05988,2020,11,France,HUMAN_OBSERVATION
48.7028,-4.055,2010,4,France,HUMAN_OBSERVATION
48.70439,-4.03944,2020,5,France,HUMAN_OBSERVATION
48.70503,-4.05046,2020,5,France,HUMAN_OBSERVATION
48.7084,-3.97353,2019,9,France,HUMAN_OBSERVATION
48.70977,-3.97372,2020,5,France,HUMAN_OBSERVATION
48.71121,-4.02162,2020,5,France,HUMAN_OBSERVATION
48.71168,-4.00077,2020,5,France,HUMAN_OBSERVATION
48.71261,-3.99789,2020,5,France,HUMAN_OBSERVATION
48.71308,-1.83465,2010,9,France,HUMAN_OBSERVATION
48.71317,-3.81237,2019,5,France,HUMAN_OBSERVATION
48.71332,-3.81279,2019,5,France,HUMAN_OBSERVATION
48.71346,-3.97182,2019,9,France,HUMAN_OBSERVATION
48.71346,-3.97181,2020,5,France,HUMAN_OBSERVATION
48.71543,-4.005,2020,5,France,HUMAN_OBSERVATION
48.71951,-3.99149,2020,5,France,HUMAN_OBSERVATION
48.72198,-3.99225,2020,5,France,HUMAN_OBSERVATION
48.72247,-2.94644,2019,4,France,HUMAN_OBSERVATION
48.72266,-3.99197,2020,5,France,HUMAN_OBSERVATION
48.72266,-2.94675,2020,6,France,HUMAN_OBSERVATION
48.72357,-3.97436,2020,5,France,HUMAN_OBSERVATION
48.7236,-3.99211,2020,5,France,HUMAN_OBSERVATION
48.72421,-4.00704,2020,5,France,HUMAN_OBSERVATION
48.72475,-3.9726,2020,5,France,HUMAN_OBSERVATION
48.72603,-4.02358,2011,3,France,MATERIAL_SAMPLE
48.72608,-4.00677,2018,5,France,HUMAN_OBSERVATION
48.72633,-2.9471,2019,4,France,HUMAN_OBSERVATION
48.7271,-4.00713,2020,5,France,HUMAN_OBSERVATION
48.72714,-2.94817,2020,6,France,HUMAN_OBSERVATION
48.72723,-3.98904,2020,5,France,HUMAN_OBSERVATION
48.728456,-3.997213,2016,10,France,HUMAN_OBSERVATION
48.730081,-4.003834,2024,7,France,HUMAN_OBSERVATION
48.73058,-4.00366,2011,8,France,MATERIAL_SAMPLE
48.730584,-3.98784,2024,7,France,HUMAN_OBSERVATION
48.730607,-3.989611,2017,11,France,HUMAN_OBSERVATION
48.730914,-3.991877,,,France,OCCURRENCE
48.74503,-3.54962,2019,4,France,HUMAN_OBSERVATION
48.7602,-3.56573,2019,4,France,HUMAN_OBSERVATION
48.76179,-3.59176,2014,5,France,HUMAN_OBSERVATION
48.76283,-2.9906,2020,6,France,HUMAN_OBSERVATION
48.7734,-3.58381,2019,4,France,HUMAN_OBSERVATION
48.77343,-3.58387,2019,4,France,HUMAN_OBSERVATION
48.78175,-3.57869,2019,4,France,HUMAN_OBSERVATION
48.78183,-3.57907,2019,4,France,HUMAN_OBSERVATION
48.78309,-3.03554,2019,4,France,HUMAN_OBSERVATION
48.79955,-3.58545,2019,4,France,HUMAN_OBSERVATION
48.80365,-3.57723,2019,4,France,HUMAN_OBSERVATION
48.80938,-3.01593,2020,6,France,HUMAN_OBSERVATION
48.81029,-3.01648,2022,10,France,HUMAN_OBSERVATION
48.81121,-3.53894,2021,5,France,HUMAN_OBSERVATION
48.81427,-3.53844,2008,5,France,HUMAN_OBSERVATION
48.81427,-3.53844,2008,9,France,HUMAN_OBSERVATION
48.81448,-3.53894,2021,4,France,HUMAN_OBSERVATION
48.81545,-3.0534,2020,6,France,HUMAN_OBSERVATION
48.81583,-3.0549,2022,10,France,HUMAN_OBSERVATION
48.81672,-3.37189,2020,6,France,HUMAN_OBSERVATION
48.81823,-3.53257,2021,5,France,HUMAN_OBSERVATION
48.81934,-3.5397,2021,4,France,HUMAN_OBSERVATION
48.81939,-3.03814,2020,6,France,HUMAN_OBSERVATION
48.81974,-3.35538,2020,6,France,HUMAN_OBSERVATION
48.82041,-3.36458,2020,6,France,HUMAN_OBSERVATION
48.82114,-1.57541,2018,9,France,HUMAN_OBSERVATION
48.8215,-3.01611,2020,6,France,HUMAN_OBSERVATION
48.82167,-3.01367,2020,6,France,HUMAN_OBSERVATION
48.82183,-3.06637,2020,6,France,HUMAN_OBSERVATION
48.82708,-3.34323,2020,6,France,HUMAN_OBSERVATION
48.82737,-3.50981,2019,4,France,HUMAN_OBSERVATION
48.82949,-3.07939,2020,6,France,HUMAN_OBSERVATION
48.83005,-3.08063,2020,6,France,HUMAN_OBSERVATION
48.83129,-3.29465,2020,6,France,HUMAN_OBSERVATION
48.83298,-3.32998,2020,6,France,HUMAN_OBSERVATION
48.83347,-3.29169,2020,6,France,HUMAN_OBSERVATION
48.83371,-3.51524,2019,4,France,HUMAN_OBSERVATION
48.83522,-3.26237,2020,6,France,HUMAN_OBSERVATION
48.83597,-3.30722,2020,6,France,HUMAN_OBSERVATION
48.83621,-3.26131,2020,6,France,HUMAN_OBSERVATION
48.8367,-3.31133,2020,6,France,HUMAN_OBSERVATION
48.83714,-3.30719,2020,6,France,HUMAN_OBSERVATION
48.83801,-3.09103,2020,6,France,HUMAN_OBSERVATION
48.83947,-3.28406,2020,6,France,HUMAN_OBSERVATION
48.83983,-3.2579,2020,6,France,HUMAN_OBSERVATION
48.84374,-3.25502,2020,6,France,HUMAN_OBSERVATION
48.84465,-3.2551,2020,6,France,HUMAN_OBSERVATION
48.84765,-2.97828,2016,7,France,HUMAN_OBSERVATION
48.84867,-3.08436,2020,6,France,HUMAN_OBSERVATION
48.85225,-3.15405,2020,6,France,HUMAN_OBSERVATION
48.85239,-3.21147,2020,6,France,HUMAN_OBSERVATION
48.85408,-3.14636,2020,6,France,HUMAN_OBSERVATION
48.85655,-3.14373,2020,6,France,HUMAN_OBSERVATION
48.85915,-3.13257,2019,4,France,HUMAN_OBSERVATION
48.86052,-3.23834,2020,6,France,HUMAN_OBSERVATION
48.86053,-3.07827,2020,6,France,HUMAN_OBSERVATION
48.86346,-1.802878,2013,9,France,HUMAN_OBSERVATION
48.86395,-1.80397,2020,11,France,HUMAN_OBSERVATION
48.86557,-3.10895,2019,4,France,HUMAN_OBSERVATION
48.8656,-3.11693,2020,6,France,HUMAN_OBSERVATION
48.86562,-3.10728,2020,6,France,HUMAN_OBSERVATION
48.86595,-3.21904,2020,6,France,HUMAN_OBSERVATION
48.86698,-3.22297,2020,6,France,HUMAN_OBSERVATION
48.8672,-3.10228,2022,9,France,HUMAN_OBSERVATION
48.8675,-3.22694,2020,6,France,HUMAN_OBSERVATION
48.86753,-3.10122,2020,6,France,HUMAN_OBSERVATION
48.86775,-3.10097,2019,4,France,HUMAN_OBSERVATION
48.868,-1.82326,2019,9,France,HUMAN_OBSERVATION
48.86842,-3.09943,2021,10,France,HUMAN_OBSERVATION
48.86912,-3.09525,2020,6,France,HUMAN_OBSERVATION
48.86983,-1.8045,2017,7,France,HUMAN_OBSERVATION
48.87016,-3.0913,2019,4,France,HUMAN_OBSERVATION
48.87233,-1.86507,2018,9,France,HUMAN_OBSERVATION
48.87233,-1.86507,2014,9,France,HUMAN_OBSERVATION
48.87288,-1.8725,2018,9,France,HUMAN_OBSERVATION
48.87411,-3.08463,2019,4,France,HUMAN_OBSERVATION
48.87425,-1.86873,2021,9,France,HUMAN_OBSERVATION
48.87786,-3.07742,2019,4,France,HUMAN_OBSERVATION
48.87801,-3.07772,2019,4,France,HUMAN_OBSERVATION
48.87823,-3.07819,2019,4,France,HUMAN_OBSERVATION
48.88032,-1.57349,2018,10,France,HUMAN_OBSERVATION
48.88583,-1.8784,2019,9,France,HUMAN_OBSERVATION
48.88803,-1.80372,2005,,France,HUMAN_OBSERVATION
48.88803,-1.80372,,,France,HUMAN_OBSERVATION
48.88937,-1.87933,2019,9,France,HUMAN_OBSERVATION
48.90894,-1.82549,2017,9,France,HUMAN_OBSERVATION
48.91161,-1.7697,2010,8,France,HUMAN_OBSERVATION
48.91473,-1.5669,2020,10,France,HUMAN_OBSERVATION
48.91669,-1.56909,2018,9,France,HUMAN_OBSERVATION
48.95886,-1.562,2018,10,France,HUMAN_OBSERVATION
48.98923,-1.55994,2019,8,France,HUMAN_OBSERVATION
48.98923,-1.55994,2019,10,France,HUMAN_OBSERVATION
48.98933,-1.55901,2021,8,France,HUMAN_OBSERVATION
48.98933,-1.55901,2020,8,France,HUMAN_OBSERVATION
48.98933,-1.55901,2020,10,France,HUMAN_OBSERVATION
49.0077,-1.55838,2018,10,France,HUMAN_OBSERVATION
49.01294,-1.58948,2020,2,France,HUMAN_OBSERVATION
49.0368,-1.5985,2018,10,France,HUMAN_OBSERVATION
49.06017,-1.61138,2021,4,France,HUMAN_OBSERVATION
49.06644,-1.63309,2021,2,France,HUMAN_OBSERVATION
49.12866,-1.5965,2018,10,France,HUMAN_OBSERVATION
49.14917,-2.100224,2018,8,Jersey,HUMAN_OBSERVATION
49.14917,-2.100224,2018,8,Jersey,HUMAN_OBSERVATION
49.1638,-1.59863,2018,10,France,HUMAN_OBSERVATION
49.16413,-2.175993,2020,7,Jersey,HUMAN_OBSERVATION
49.16935,-2.193202,2017,6,Jersey,HUMAN_OBSERVATION
49.16971,-2.133714,2020,8,Jersey,HUMAN_OBSERVATION
49.169733,-2.178435,2023,6,Jersey,HUMAN_OBSERVATION
49.17463,-2.207891,2013,7,Jersey,HUMAN_OBSERVATION
49.17496,-2.208524,2017,7,Jersey,HUMAN_OBSERVATION
49.17572,-2.236642,2018,6,Jersey,HUMAN_OBSERVATION
49.19734,-1.60795,2018,10,France,HUMAN_OBSERVATION
49.19761,-2.018189,2019,8,Jersey,HUMAN_OBSERVATION
49.21284,-2.005726,2016,6,Jersey,HUMAN_OBSERVATION
49.21284,-2.005726,2016,6,Jersey,HUMAN_OBSERVATION
49.22343,-2.016111,2018,12,Jersey,HUMAN_OBSERVATION
49.23077,-1.64863,2018,10,France,HUMAN_OBSERVATION
49.2368,-2.043029,2013,8,Jersey,HUMAN_OBSERVATION
49.23963,-2.079207,2013,6,Jersey,HUMAN_OBSERVATION
49.24021,-2.065537,2018,6,Jersey,HUMAN_OBSERVATION
49.2428,-2.049258,2013,7,Jersey,HUMAN_OBSERVATION
49.2428,-2.049258,2013,7,Jersey,HUMAN_OBSERVATION
49.2428,-2.049258,2013,7,Jersey,HUMAN_OBSERVATION
49.24643,-2.063429,2017,7,Jersey,HUMAN_OBSERVATION
49.248934,-2.201953,2024,6,Jersey,HUMAN_OBSERVATION
49.24907,-2.20189,2024,8,Jersey,HUMAN_OBSERVATION
49.25213,-2.114037,2013,7,Jersey,HUMAN_OBSERVATION
49.25223,-2.114024,2013,7,Jersey,HUMAN_OBSERVATION
49.25311,-2.11371,2018,6,Jersey,HUMAN_OBSERVATION
49.25499,-2.130495,2015,6,Jersey,HUMAN_OBSERVATION
49.25847,-2.224269,2020,8,Jersey,HUMAN_OBSERVATION
49.27428,-1.929922,2014,6,Jersey,HUMAN_OBSERVATION
49.2767,-1.68199,2018,10,France,HUMAN_OBSERVATION
49.27803,-1.910158,2013,7,Jersey,HUMAN_OBSERVATION
49.282267,-1.929229,2023,7,Jersey,HUMAN_OBSERVATION
49.283041,-1.93023,2023,9,Jersey,HUMAN_OBSERVATION
49.284556,-1.94505,2021,9,Jersey,HUMAN_OBSERVATION
49.285906,-1.944368,2023,9,Jersey,HUMAN_OBSERVATION
49.29032,-1.70787,1996,,France,HUMAN_OBSERVATION
49.31946,-0.35205,2020,9,France,HUMAN_OBSERVATION
49.32551,-0.36685,2018,5,France,HUMAN_OBSERVATION
49.33572,-0.44557,2018,4,France,HUMAN_OBSERVATION
49.33756,-0.46145,2019,10,France,HUMAN_OBSERVATION
49.33756,-0.46145,2019,11,France,HUMAN_OBSERVATION
49.33756,-0.46145,2018,4,France,HUMAN_OBSERVATION
49.34141,-0.62874,2018,5,France,HUMAN_OBSERVATION
49.39319,-0.95905,,,France,HUMAN_OBSERVATION
49.40965,-2.376555,2011,8,Guernsey,HUMAN_OBSERVATION
49.41598,-2.351633,2008,6,Guernsey,HUMAN_OBSERVATION
49.41961,-2.55471,2012,4,Guernsey,HUMAN_OBSERVATION
49.41961,-2.55471,2012,4,Guernsey,HUMAN_OBSERVATION
49.42015,-2.555074,2018,6,Guernsey,HUMAN_OBSERVATION
49.42015,-2.555074,2018,6,Guernsey,HUMAN_OBSERVATION
49.42028,-2.55511,2018,6,Guernsey,HUMAN_OBSERVATION
49.4225,-2.548371,2019,6,Guernsey,HUMAN_OBSERVATION
49.42904,-2.525314,2017,7,Guernsey,HUMAN_OBSERVATION
49.42909,-2.529308,2017,7,Guernsey,HUMAN_OBSERVATION
49.43057,-2.376716,2008,6,Guernsey,HUMAN_OBSERVATION
49.43198,-2.341554,2010,6,Guernsey,HUMAN_OBSERVATION
49.43217,-2.341639,2010,8,Guernsey,HUMAN_OBSERVATION
49.43217,-2.341639,2010,8,Guernsey,HUMAN_OBSERVATION
49.435001,-2.661664,2012,4,Guernsey,MATERIAL_SAMPLE
49.435001,-2.661664,2012,4,Guernsey,MATERIAL_SAMPLE
49.44726,-2.462428,2017,7,Guernsey,HUMAN_OBSERVATION
49.45089,-2.656729,2012,4,Guernsey,HUMAN_OBSERVATION
49.45089,-2.656729,2012,4,Guernsey,HUMAN_OBSERVATION
49.45264,-2.52696,2011,10,Guernsey,HUMAN_OBSERVATION
49.45264,-2.52696,2011,10,Guernsey,HUMAN_OBSERVATION
49.45264,-2.52696,2011,10,Guernsey,HUMAN_OBSERVATION
49.457175,-2.663255,2012,4,Guernsey,MATERIAL_SAMPLE
49.457175,-2.663255,2012,4,Guernsey,MATERIAL_SAMPLE
49.457342,-2.666254,2012,4,Guernsey,MATERIAL_SAMPLE
49.457342,-2.666254,2012,4,Guernsey,MATERIAL_SAMPLE
49.457859,-2.664526,2014,3,Guernsey,HUMAN_OBSERVATION
49.47476,-2.506642,2019,6,Guernsey,HUMAN_OBSERVATION
49.47794,-1.84475,2018,10,France,HUMAN_OBSERVATION
49.48509,-2.590977,2012,4,Guernsey,HUMAN_OBSERVATION
49.48509,-2.590977,2012,4,Guernsey,HUMAN_OBSERVATION
49.48509,-2.590977,2012,4,Guernsey,HUMAN_OBSERVATION
49.48509,-2.590977,2012,4,Guernsey,HUMAN_OBSERVATION
49.503,-2.522984,2012,4,Guernsey,HUMAN_OBSERVATION
49.50357,-2.522728,2019,5,Guernsey,HUMAN_OBSERVATION
49.51196,-1.86208,2018,4,France,HUMAN_OBSERVATION
49.56348,-1.84761,2018,10,France,HUMAN_OBSERVATION
49.56975,-1.30584,2018,10,France,HUMAN_OBSERVATION
49.57751,-1.27158,2018,10,France,HUMAN_OBSERVATION
49.63556,-1.85156,2018,10,France,HUMAN_OBSERVATION
49.6501,-1.24192,2018,10,France,HUMAN_OBSERVATION
49.65691,-1.56808,2018,10,France,HUMAN_OBSERVATION
49.65723,-1.87577,,,France,HUMAN_OBSERVATION
49.6655,-1.9166,2008,5,France,MATERIAL_SAMPLE
49.67762,-1.73404,2018,10,France,HUMAN_OBSERVATION
49.67972,-1.72389,2023,8,France,HUMAN_OBSERVATION
49.67975,-1.724,2017,12,France,HUMAN_OBSERVATION
49.68029,-1.27283,2018,10,France,HUMAN_OBSERVATION
49.68153,-1.72474,2015,,France,HUMAN_OBSERVATION
49.68192,-1.47513,2018,10,France,HUMAN_OBSERVATION
49.68805,-1.26561,,,France,HUMAN_OBSERVATION
49.6918,-1.45142,2018,10,France,HUMAN_OBSERVATION
49.69383,-1.274,2018,10,France,HUMAN_OBSERVATION
49.69611,-1.4593,2008,,France,HUMAN_OBSERVATION
49.69752,-1.36589,,,France,HUMAN_OBSERVATION
49.697692,-1.468764,2023,11,France,HUMAN_OBSERVATION
49.69988,-1.90324,,,France,HUMAN_OBSERVATION
49.69988,-1.45143,2011,5,France,HUMAN_OBSERVATION
49.70199,-2.227012,2024,9,Guernsey,HUMAN_OBSERVATION
49.70206,-1.40891,2008,,France,HUMAN_OBSERVATION
49.7042,-1.45331,2011,5,France,HUMAN_OBSERVATION
49.70472,-1.40667,2015,9,France,HUMAN_OBSERVATION
49.70488,-1.40618,,,France,HUMAN_OBSERVATION
49.70583,-1.83603,2022,5,France,HUMAN_OBSERVATION
49.70583,-1.83603,2021,6,France,HUMAN_OBSERVATION
49.70583,-1.83603,2017,7,France,HUMAN_OBSERVATION
49.70583,-1.83603,2016,6,France,HUMAN_OBSERVATION
49.70583,-1.83603,2012,5,France,HUMAN_OBSERVATION
49.70595,-1.83407,,,France,HUMAN_OBSERVATION
49.70604,-1.38046,2018,10,France,HUMAN_OBSERVATION
49.70619,-1.83617,2023,5,France,HUMAN_OBSERVATION
49.70663,-1.88938,2018,10,France,HUMAN_OBSERVATION
49.71018,-2.182022,2010,5,Guernsey,HUMAN_OBSERVATION
49.71098,-2.232029,2007,8,Guernsey,HUMAN_OBSERVATION
49.71098,-2.232029,2007,8,Guernsey,HUMAN_OBSERVATION
49.71156,-1.87144,,,France,HUMAN_OBSERVATION
49.71159,-2.180099,2010,5,Guernsey,HUMAN_OBSERVATION
49.71189,-1.84103,2018,10,France,HUMAN_OBSERVATION
49.71257,-1.3672,,,France,HUMAN_OBSERVATION
49.71284,-1.89568,2017,7,France,HUMAN_OBSERVATION
49.71341,-1.8951,2013,,France,HUMAN_OBSERVATION
49.71478,-1.84905,2022,3,France,HUMAN_OBSERVATION
49.71604,-1.85607,2018,10,France,HUMAN_OBSERVATION
49.71713,-2.168147,2010,5,Guernsey,HUMAN_OBSERVATION
49.71751,-2.220854,2019,7,Guernsey,HUMAN_OBSERVATION
49.718251,-2.226169,2024,9,Guernsey,HUMAN_OBSERVATION
49.71851,-2.171717,2017,9,Guernsey,HUMAN_OBSERVATION
49.718796,-2.226059,2024,9,Guernsey,HUMAN_OBSERVATION
49.71923,-2.166488,2007,6,Guernsey,HUMAN_OBSERVATION
49.71923,-2.166488,2007,6,Guernsey,HUMAN_OBSERVATION
49.71923,-2.166488,2007,6,Guernsey,HUMAN_OBSERVATION
49.71953,-1.83942,2023,6,France,HUMAN_OBSERVATION
49.7214,-1.93066,2008,,France,HUMAN_OBSERVATION
49.72231,-2.186857,2007,6,Guernsey,HUMAN_OBSERVATION
49.722464,-2.164492,2024,9,Guernsey,HUMAN_OBSERVATION
49.72251,-2.194015,2017,9,Guernsey,HUMAN_OBSERVATION
49.72251,-2.194015,2017,9,Guernsey,HUMAN_OBSERVATION
49.72256,-2.163037,2007,6,Guernsey,HUMAN_OBSERVATION
49.72384,-2.173845,2018,9,Guernsey,HUMAN_OBSERVATION
49.72548,-2.16082,2007,6,Guernsey,HUMAN_OBSERVATION
49.72612,-2.256381,2007,6,Guernsey,HUMAN_OBSERVATION
49.72731,-2.15602,2007,6,Guernsey,HUMAN_OBSERVATION
49.72848,-2.184523,2007,8,Guernsey,HUMAN_OBSERVATION
49.72848,-2.184523,2007,8,Guernsey,HUMAN_OBSERVATION
49.7292,-2.161287,2007,6,Guernsey,HUMAN_OBSERVATION
49.72948,-2.193357,2007,7,Guernsey,HUMAN_OBSERVATION
49.72977,-2.177339,2007,6,Guernsey,HUMAN_OBSERVATION
49.73098,-2.180356,2007,6,Guernsey,HUMAN_OBSERVATION
49.73265,-2.160353,2007,8,Guernsey,HUMAN_OBSERVATION
49.73265,-2.160353,2007,8,Guernsey,HUMAN_OBSERVATION
49.73768,-2.239725,2016,5,Guernsey,HUMAN_OBSERVATION
49.73994,0.30883,2023,3,France,HUMAN_OBSERVATION
49.887998,-6.333459,1983,7,United Kingdom of Great Britain and Northern Ireland,HUMAN_OBSERVATION
49.888409,-6.335186,2010,8,United Kingdom of Great Britain and Northern Ireland,HUMAN_OBSERVATION
49.89022,-6.346194,1983,3,United Kingdom of Great Britain and Northern Ireland,HUMAN_OBSERVATION
49.89022,-6.346194,1983,3,United Kingdom of Great Britain and Northern Ireland,HUMAN_OBSERVATION
49.89022,-6.346194,1983,3,United Kingdom of Great Britain and Northern Ireland,HUMAN_OBSERVATION
49.8916,-6.3386,2010,8,United Kingdom of Great Britain and Northern Ireland,HUMAN_OBSERVATION
49.892336,-6.361706,1983,7,United Kingdom of Great Britain and Northern Ireland,HUMAN_OBSERVATION
49.893914,-6.349571,2010,9,United Kingdom of Great Britain and Northern Ireland,HUMAN_OBSERVATION
49.894134,-6.329747,2010,8,United Kingdom of Great Britain and Northern Ireland,HUMAN_OBSERVATION
49.89439,-6.36075,2013,5,United Kingdom of Great Britain and Northern Ireland,HUMAN_OBSERVATION
49.894837,-6.352331,2010,9,United Kingdom of Great Britain and Northern Ireland,MATERIAL_SAMPLE
49.894837,-6.352331,2010,9,United Kingdom of Great Britain and Northern Ireland,MATERIAL_SAMPLE
49.895,-6.365,2009,6,United Kingdom of Great Britain and Northern Ireland,HUMAN_OBSERVATION
49.895016,-6.353545,2010,9,United Kingdom of Great Britain and Northern Ireland,HUMAN_OBSERVATION
49.89712,-6.344586,2010,7,United Kingdom of Great Britain and Northern Ireland,HUMAN_OBSERVATION
49.908507,-6.3144,1983,7,United Kingdom of Great Britain and Northern Ireland,HUMAN_OBSERVATION
49.91106,-6.312407,2009,9,United Kingdom of Great Britain and Northern Ireland,HUMAN_OBSERVATION
49.911718,-6.302027,2008,7,United Kingdom of Great Britain and Northern Ireland,HUMAN_OBSERVATION
49.912001,-6.301847,2009,7,United Kingdom of Great Britain and Northern Ireland,HUMAN_OBSERVATION
49.913316,-6.314662,2009,7,United Kingdom of Great Britain and Northern Ireland,HUMAN_OBSERVATION
49.913369,-6.32877,1983,7,United Kingdom of Great Britain and Northern Ireland,HUMAN_OBSERVATION
49.913369,-6.32877,1983,7,United Kingdom of Great Britain and Northern Ireland,HUMAN_OBSERVATION
49.914456,-6.299603,2008,7,United Kingdom of Great Britain and Northern Ireland,HUMAN_OBSERVATION
49.914645,-6.282267,2010,9,United Kingdom of Great Britain and Northern Ireland,HUMAN_OBSERVATION
49.914645,-6.282267,2009,7,United Kingdom of Great Britain and Northern Ireland,HUMAN_OBSERVATION
49.914645,-6.282267,2008,7,United Kingdom of Great Britain and Northern Ireland,HUMAN_OBSERVATION
49.914832,-6.282827,2010,9,United Kingdom of Great Britain and Northern Ireland,MATERIAL_SAMPLE
49.914832,-6.282827,2010,9,United Kingdom of Great Britain and Northern Ireland,MATERIAL_SAMPLE
49.915126,-6.281547,1983,3,United Kingdom of Great Britain and Northern Ireland,HUMAN_OBSERVATION
49.915126,-6.281547,1983,3,United Kingdom of Great Britain and Northern Ireland,HUMAN_OBSERVATION
49.91705,-6.27801,2008,7,United Kingdom of Great Britain and Northern Ireland,HUMAN_OBSERVATION
49.917579,-6.312424,1985,9,United Kingdom of Great Britain and Northern Ireland,HUMAN_OBSERVATION
49.917579,-6.312424,1985,9,United Kingdom of Great Britain and Northern Ireland,HUMAN_OBSERVATION
49.919155,-6.309319,2008,8,United Kingdom of Great Britain and Northern Ireland,HUMAN_OBSERVATION
49.920197,-6.309198,2009,8,United Kingdom of Great Britain and Northern Ireland,HUMAN_OBSERVATION
49.9207,-6.312,2010,7,United Kingdom of Great Britain and Northern Ireland,HUMAN_OBSERVATION
49.9212,-6.3113,2010,7,United Kingdom of Great Britain and Northern Ireland,HUMAN_OBSERVATION
49.922181,-6.308968,2009,6,United Kingdom of Great Britain and Northern Ireland,HUMAN_OBSERVATION
49.922436,-6.308659,2010,9,United Kingdom of Great Britain and Northern Ireland,HUMAN_OBSERVATION
49.922436,-6.308659,2010,9,United Kingdom of Great Britain and Northern Ireland,HUMAN_OBSERVATION
49.92272,-6.340743,2009,9,United Kingdom of Great Britain and Northern Ireland,HUMAN_OBSERVATION
49.923063,-6.310127,2011,9,United Kingdom of Great Britain and Northern Ireland,HUMAN_OBSERVATION
49.923063,-6.310127,2011,9,United Kingdom of Great Britain and Northern Ireland,HUMAN_OBSERVATION
49.923063,-6.310127,2011,9,United Kingdom of Great Britain and Northern Ireland,HUMAN_OBSERVATION
49.923063,-6.310127,2011,9,United Kingdom of Great Britain and Northern Ireland,HUMAN_OBSERVATION
49.923063,-6.310127,2011,9,United Kingdom of Great Britain and Northern Ireland,HUMAN_OBSERVATION
49.923403,-6.276707,1983,7,United Kingdom of Great Britain and Northern Ireland,HUMAN_OBSERVATION
49.923857,-6.312985,2008,8,United Kingdom of Great Britain and Northern Ireland,HUMAN_OBSERVATION
49.924247,-6.350652,1988,9,United Kingdom of Great Britain and Northern Ireland,HUMAN_OBSERVATION
49.924665,-6.313165,2010,9,United Kingdom of Great Britain and Northern Ireland,MATERIAL_SAMPLE
49.924665,-6.313165,2010,9,United Kingdom of Great Britain and Northern Ireland,MATERIAL_SAMPLE
49.92675,-6.313056,2009,6,United Kingdom of Great Britain and Northern Ireland,HUMAN_OBSERVATION
49.92739,-6.270736,2009,10,United Kingdom of Great Britain and Northern Ireland,HUMAN_OBSERVATION
49.927785,-6.279883,2011,9,United Kingdom of Great Britain and Northern Ireland,HUMAN_OBSERVATION
49.927785,-6.279883,2011,9,United Kingdom of Great Britain and Northern Ireland,HUMAN_OBSERVATION
49.928105,-6.281594,2010,9,United Kingdom of Great Britain and Northern Ireland,MATERIAL_SAMPLE
49.928105,-6.281594,2010,9,United Kingdom of Great Britain and Northern Ireland,MATERIAL_SAMPLE
49.928469,-6.358003,1983,7,United Kingdom of Great Britain and Northern Ireland,HUMAN_OBSERVATION
49.929578,-6.280042,2011,9,United Kingdom of Great Britain and Northern Ireland,HUMAN_OBSERVATION
49.934567,-6.315337,1988,9,United Kingdom of Great Britain and Northern Ireland,HUMAN_OBSERVATION
49.936161,-6.290173,2009,9,United Kingdom of Great Britain and Northern Ireland,HUMAN_OBSERVATION
49.93623,-6.30229,2009,9,United Kingdom of Great Britain and Northern Ireland,HUMAN_OBSERVATION
49.937092,-6.298996,2009,9,United Kingdom of Great Britain and Northern Ireland,HUMAN_OBSERVATION
49.937092,-6.298996,2009,9,United Kingdom of Great Britain and Northern Ireland,HUMAN_OBSERVATION
49.93803,1.10937,2018,4,France,HUMAN_OBSERVATION
49.938775,-6.298983,1983,7,United Kingdom of Great Britain and Northern Ireland,HUMAN_OBSERVATION
49.938775,-6.298983,1983,7,United Kingdom of Great Britain and Northern Ireland,HUMAN_OBSERVATION
49.939273,-6.333883,1983,4,United Kingdom of Great Britain and Northern Ireland,HUMAN_OBSERVATION
49.939273,-6.333883,1983,4,United Kingdom of Great Britain and Northern Ireland,HUMAN_OBSERVATION
49.939273,-6.333883,1983,4,United Kingdom of Great Britain and Northern Ireland,HUMAN_OBSERVATION
49.940118,-6.335353,1983,4,United Kingdom of Great Britain and Northern Ireland,HUMAN_OBSERVATION
49.940118,-6.335353,1983,4,United Kingdom of Great Britain and Northern Ireland,HUMAN_OBSERVATION
49.94065,-6.345161,1983,4,United Kingdom of Great Britain and Northern Ireland,HUMAN_OBSERVATION
49.943104,-6.303552,1983,7,United Kingdom of Great Britain and Northern Ireland,HUMAN_OBSERVATION
49.94355,-6.261639,2003,4,United Kingdom of Great Britain and Northern Ireland,HUMAN_OBSERVATION
49.945277,-6.338058,2010,9,United Kingdom of Great Britain and Northern Ireland,HUMAN_OBSERVATION
49.945336,-6.338161,2010,9,United Kingdom of Great Britain and Northern Ireland,MATERIAL_SAMPLE
49.945336,-6.338161,2010,9,United Kingdom of Great Britain and Northern Ireland,MATERIAL_SAMPLE
49.946291,-6.338697,2011,10,United Kingdom of Great Britain and Northern Ireland,HUMAN_OBSERVATION
49.946291,-6.338697,2011,10,United Kingdom of Great Britain and Northern Ireland,HUMAN_OBSERVATION
49.946291,-6.338697,2011,10,United Kingdom of Great Britain and Northern Ireland,HUMAN_OBSERVATION
49.946291,-6.338697,2011,10,United Kingdom of Great Britain and Northern Ireland,HUMAN_OBSERVATION
49.95084,-6.253942,2013,8,United Kingdom of Great Britain and Northern Ireland,HUMAN_OBSERVATION
49.952465,-6.342042,1983,4,United Kingdom of Great Britain and Northern Ireland,HUMAN_OBSERVATION
49.9549,-6.264915,2010,8,United Kingdom of Great Britain and Northern Ireland,HUMAN_OBSERVATION
49.9549,-6.264915,2010,8,United Kingdom of Great Britain and Northern Ireland,HUMAN_OBSERVATION
49.9549,-6.264915,2010,8,United Kingdom of Great Britain and Northern Ireland,HUMAN_OBSERVATION
49.955869,-6.250299,1983,7,United Kingdom of Great Britain and Northern Ireland,HUMAN_OBSERVATION
49.955869,-6.250299,1983,7,United Kingdom of Great Britain and Northern Ireland,HUMAN_OBSERVATION
49.95607,-6.347414,2013,5,United Kingdom of Great Britain and Northern Ireland,HUMAN_OBSERVATION
49.956832,-6.321515,1983,7,United Kingdom of Great Britain and Northern Ireland,HUMAN_OBSERVATION
49.956832,-6.321515,1983,7,United Kingdom of Great Britain and Northern Ireland,HUMAN_OBSERVATION
49.956895,-6.27131,1983,7,United Kingdom of Great Britain and Northern Ireland,HUMAN_OBSERVATION
49.958334,-6.271,2010,9,United Kingdom of Great Britain and Northern Ireland,MATERIAL_SAMPLE
49.958334,-6.271,2010,9,United Kingdom of Great Britain and Northern Ireland,MATERIAL_SAMPLE
49.958689,-6.271469,1985,9,United Kingdom of Great Britain and Northern Ireland,HUMAN_OBSERVATION
49.958689,-6.271469,1985,9,United Kingdom of Great Britain and Northern Ireland,HUMAN_OBSERVATION
49.958689,-6.271469,1984,9,United Kingdom of Great Britain and Northern Ireland,HUMAN_OBSERVATION
49.958689,-6.271469,1984,9,United Kingdom of Great Britain and Northern Ireland,HUMAN_OBSERVATION
49.958689,-6.271469,1984,9,United Kingdom of Great Britain and Northern Ireland,HUMAN_OBSERVATION
49.958689,-6.271469,1984,9,United Kingdom of Great Britain and Northern Ireland,HUMAN_OBSERVATION
49.958741,-6.270079,1983,3,United Kingdom of Great Britain and Northern Ireland,HUMAN_OBSERVATION
49.958856,-6.278207,2023,4,United Kingdom of Great Britain and Northern Ireland,HUMAN_OBSERVATION
49.958952,-6.276439,2009,9,United Kingdom of Great Britain and Northern Ireland,HUMAN_OBSERVATION
49.958996,-6.351329,2010,9,United Kingdom of Great Britain and Northern Ireland,MATERIAL_SAMPLE
49.958996,-6.351329,2010,9,United Kingdom of Great Britain and Northern Ireland,MATERIAL_SAMPLE
49.959789,-5.206052,1994,7,United Kingdom of Great Britain and Northern Ireland,HUMAN_OBSERVATION
49.960101,-6.331706,2010,9,United Kingdom of Great Britain and Northern Ireland,MATERIAL_SAMPLE
49.960101,-6.331706,2010,9,United Kingdom of Great Britain and Northern Ireland,MATERIAL_SAMPLE
49.96016,-6.328787,1982,7,United Kingdom of Great Britain and Northern Ireland,HUMAN_OBSERVATION
49.960212,-6.327397,1985,9,United Kingdom of Great Britain and Northern Ireland,HUMAN_OBSERVATION
49.960212,-6.327397,1985,9,United Kingdom of Great Britain and Northern Ireland,HUMAN_OBSERVATION
49.960212,-6.327397,1984,9,United Kingdom of Great Britain and Northern Ireland,HUMAN_OBSERVATION
49.960212,-6.327397,1983,7,United Kingdom of Great Britain and Northern Ireland,HUMAN_OBSERVATION
49.96056,-6.347918,2010,8,United Kingdom of Great Britain and Northern Ireland,HUMAN_OBSERVATION
49.96056,-6.347918,2010,8,United Kingdom of Great Britain and Northern Ireland,HUMAN_OBSERVATION
49.96481,-6.305658,2017,6,United Kingdom of Great Britain and Northern Ireland,HUMAN_OBSERVATION
49.96606,-6.307409,2008,9,United Kingdom of Great Britain and Northern Ireland,HUMAN_OBSERVATION
49.96606,-6.306586,2010,5,United Kingdom of Great Britain and Northern Ireland,HUMAN_OBSERVATION
49.96606,-6.306586,2010,5,United Kingdom of Great Britain and Northern Ireland,HUMAN_OBSERVATION
49.967319,-6.305715,1983,7,United Kingdom of Great Britain and Northern Ireland,HUMAN_OBSERVATION
49.967319,-6.305715,1983,7,United Kingdom of Great Britain and Northern Ireland,HUMAN_OBSERVATION
49.96973,-6.319081,2009,6,United Kingdom of Great Britain and Northern Ireland,HUMAN_OBSERVATION
49.97004,-6.299631,2021,8,United Kingdom of Great Britain and Northern Ireland,HUMAN_OBSERVATION
49.973201,-6.292322,2010,9,United Kingdom of Great Britain and Northern Ireland,HUMAN_OBSERVATION
49.975907,-6.29253,1983,7,United Kingdom of Great Britain and Northern Ireland,HUMAN_OBSERVATION
49.975907,-6.29253,1983,7,United Kingdom of Great Britain and Northern Ireland,HUMAN_OBSERVATION
49.975907,-6.29253,1983,7,United Kingdom of Great Britain and Northern Ireland,HUMAN_OBSERVATION
49.975907,-6.29253,1983,7,United Kingdom of Great Britain and Northern Ireland,HUMAN_OBSERVATION
49.976002,-6.29083,2010,9,United Kingdom of Great Britain and Northern Ireland,MATERIAL_SAMPLE
49.976002,-6.29083,2010,9,United Kingdom of Great Britain and Northern Ireland,MATERIAL_SAMPLE
49.976112,-6.292042,2010,8,United Kingdom of Great Britain and Northern Ireland,HUMAN_OBSERVATION
49.977546,-6.296862,1983,7,United Kingdom of Great Britain and Northern Ireland,HUMAN_OBSERVATION
49.979551,-6.290267,2010,9,United Kingdom of Great Britain and Northern Ireland,HUMAN_OBSERVATION
49.980185,-6.298493,1983,7,United Kingdom of Great Britain and Northern Ireland,HUMAN_OBSERVATION
49.982133,-6.29448,1983,7,United Kingdom of Great Britain and Northern Ireland,HUMAN_OBSERVATION
49.983846,-5.246718,1994,7,United Kingdom of Great Britain and Northern Ireland,HUMAN_OBSERVATION
50.002115,-5.268886,1994,7,United Kingdom of Great Britain and Northern Ireland,HUMAN_OBSERVATION
50.00398,-5.162126,2015,7,United Kingdom of Great Britain and Northern Ireland,HUMAN_OBSERVATION
50.034637,-5.264112,2006,9,United Kingdom of Great Britain and Northern Ireland,HUMAN_OBSERVATION
50.037055,-5.274054,1994,7,United Kingdom of Great Britain and Northern Ireland,HUMAN_OBSERVATION
50.037291,-5.265689,1994,7,United Kingdom of Great Britain and Northern Ireland,HUMAN_OBSERVATION
50.04562,-5.065539,2015,7,United Kingdom of Great Britain and Northern Ireland,HUMAN_OBSERVATION
50.0552,-5.062447,2011,9,United Kingdom of Great Britain and Northern Ireland,HUMAN_OBSERVATION
50.06041,-5.562336,2011,5,United Kingdom of Great Britain and Northern Ireland,HUMAN_OBSERVATION
50.06419,-5.064285,2020,8,United Kingdom of Great Britain and Northern Ireland,HUMAN_OBSERVATION
50.06495,-5.065053,2015,8,United Kingdom of Great Britain and Northern Ireland,HUMAN_OBSERVATION
50.06522,-5.064315,2010,10,United Kingdom of Great Britain and Northern Ireland,HUMAN_OBSERVATION
50.06524,-5.064624,2011,7,United Kingdom of Great Britain and Northern Ireland,HUMAN_OBSERVATION
50.06541,-5.06395,2012,6,United Kingdom of Great Britain and Northern Ireland,HUMAN_OBSERVATION
50.06549,-5.064452,2020,8,United Kingdom of Great Britain and Northern Ireland,HUMAN_OBSERVATION
50.0659,-5.063954,2011,7,United Kingdom of Great Britain and Northern Ireland,HUMAN_OBSERVATION
50.06607,-5.064957,2017,4,United Kingdom of Great Britain and Northern Ireland,HUMAN_OBSERVATION
50.06616,-5.065,2011,7,United Kingdom of Great Britain and Northern Ireland,HUMAN_OBSERVATION
50.0665,-5.0666,2013,8,United Kingdom of Great Britain and Northern Ireland,HUMAN_OBSERVATION
50.07091,1.38655,2018,4,France,HUMAN_OBSERVATION
50.07245,-5.074954,2021,6,United Kingdom of Great Britain and Northern Ireland,HUMAN_OBSERVATION
50.08489,-5.080162,2021,6,United Kingdom of Great Britain and Northern Ireland,HUMAN_OBSERVATION
50.087047,-5.091501,1987,7,United Kingdom of Great Britain and Northern Ireland,HUMAN_OBSERVATION
50.087047,-5.091501,1987,7,United Kingdom of Great Britain and Northern Ireland,HUMAN_OBSERVATION
50.087047,-5.091501,1987,7,United Kingdom of Great Britain and Northern Ireland,HUMAN_OBSERVATION
50.087381,-5.078938,1987,7,United Kingdom of Great Britain and Northern Ireland,HUMAN_OBSERVATION
50.087381,-5.078938,1987,7,United Kingdom of Great Britain and Northern Ireland,HUMAN_OBSERVATION
50.091708,-5.5357,2018,4,United Kingdom of Great Britain and Northern Ireland,MATERIAL_SAMPLE
50.091708,-5.5357,2018,4,United Kingdom of Great Britain and Northern Ireland,MATERIAL_SAMPLE
50.0939,-5.536779,2017,4,United Kingdom of Great Britain and Northern Ireland,HUMAN_OBSERVATION
50.0939,-5.536779,2017,4,United Kingdom of Great Britain and Northern Ireland,HUMAN_OBSERVATION
50.09391,-5.537003,2011,6,United Kingdom of Great Britain and Northern Ireland,HUMAN_OBSERVATION
50.09391,-5.537003,2011,7,United Kingdom of Great Britain and Northern Ireland,HUMAN_OBSERVATION
50.09399,-5.536086,2013,9,United Kingdom of Great Britain and Northern Ireland,HUMAN_OBSERVATION
50.09401,-5.537178,2017,4,United Kingdom of Great Britain and Northern Ireland,HUMAN_OBSERVATION
50.094747,-5.53784,2020,1,United Kingdom of Great Britain and Northern Ireland,MATERIAL_SAMPLE
50.094747,-5.53784,2020,1,United Kingdom of Great Britain and Northern Ireland,MATERIAL_SAMPLE
50.094792,-5.537843,2020,6,United Kingdom of Great Britain and Northern Ireland,MATERIAL_SAMPLE
50.094792,-5.537843,2020,6,United Kingdom of Great Britain and Northern Ireland,MATERIAL_SAMPLE
50.09488,-5.537892,2018,3,United Kingdom of Great Britain and Northern Ireland,MATERIAL_SAMPLE
50.09488,-5.537892,2018,3,United Kingdom of Great Britain and Northern Ireland,MATERIAL_SAMPLE
50.09488,-5.537892,2018,5,United Kingdom of Great Britain and Northern Ireland,MATERIAL_SAMPLE
50.09488,-5.537892,2018,5,United Kingdom of Great Britain and Northern Ireland,MATERIAL_SAMPLE
50.094937,-5.537771,2018,3,United Kingdom of Great Britain and Northern Ireland,HUMAN_OBSERVATION
50.094937,-5.537771,2018,5,United Kingdom of Great Britain and Northern Ireland,HUMAN_OBSERVATION
50.095637,-5.538157,2020,4,United Kingdom of Great Britain and Northern Ireland,MATERIAL_SAMPLE
50.095637,-5.538157,2020,4,United Kingdom of Great Britain and Northern Ireland,MATERIAL_SAMPLE
50.095729,-5.103247,1987,7,United Kingdom of Great Britain and Northern Ireland,HUMAN_OBSERVATION
50.095729,-5.103247,1987,7,United Kingdom of Great Britain and Northern Ireland,HUMAN_OBSERVATION
50.095729,-5.103247,1987,7,United Kingdom of Great Britain and Northern Ireland,HUMAN_OBSERVATION
50.095729,-5.103247,1987,7,United Kingdom of Great Britain and Northern Ireland,HUMAN_OBSERVATION
50.09637,-5.116858,2021,6,United Kingdom of Great Britain and Northern Ireland,HUMAN_OBSERVATION
50.09648,-5.120186,2021,6,United Kingdom of Great Britain and Northern Ireland,HUMAN_OBSERVATION
50.09648,-5.120186,2021,6,United Kingdom of Great Britain and Northern Ireland,HUMAN_OBSERVATION
50.09657,-5.12229,2012,9,United Kingdom of Great Britain and Northern Ireland,HUMAN_OBSERVATION
50.097898,-5.122967,1987,7,United Kingdom of Great Britain and Northern Ireland,HUMAN_OBSERVATION
50.098011,-5.118778,2012,8,United Kingdom of Great Britain and Northern Ireland,HUMAN_OBSERVATION
50.098011,-5.118778,2012,8,United Kingdom of Great Britain and Northern Ireland,HUMAN_OBSERVATION
50.098011,-5.118778,2012,8,United Kingdom of Great Britain and Northern Ireland,HUMAN_OBSERVATION
50.098011,-5.118778,2012,8,United Kingdom of Great Britain and Northern Ireland,HUMAN_OBSERVATION
50.098011,-5.118778,2012,8,United Kingdom of Great Britain and Northern Ireland,HUMAN_OBSERVATION
50.10098,-5.107254,2021,6,United Kingdom of Great Britain and Northern Ireland,HUMAN_OBSERVATION
50.101035,-5.103961,2024,7,United Kingdom of Great Britain and Northern Ireland,HUMAN_OBSERVATION
50.101035,-5.103961,2024,7,United Kingdom of Great Britain and Northern Ireland,HUMAN_OBSERVATION
50.1023,-5.110262,2021,5,United Kingdom of Great Britain and Northern Ireland,HUMAN_OBSERVATION
50.1023,-5.110262,2021,5,United Kingdom of Great Britain and Northern Ireland,HUMAN_OBSERVATION
50.1023,-5.110262,2021,5,United Kingdom of Great Britain and Northern Ireland,HUMAN_OBSERVATION
50.10241,-5.114123,2011,8,United Kingdom of Great Britain and Northern Ireland,HUMAN_OBSERVATION
50.102462,-5.086899,2002,5,United Kingdom of Great Britain and Northern Ireland,HUMAN_OBSERVATION
50.1026,-5.110401,2021,5,United Kingdom of Great Britain and Northern Ireland,HUMAN_OBSERVATION
50.10286,-5.394635,2007,8,United Kingdom of Great Britain and Northern Ireland,HUMAN_OBSERVATION
50.103323,-5.547187,2019,9,United Kingdom of Great Britain and Northern Ireland,MATERIAL_SAMPLE
50.103323,-5.547187,2019,9,United Kingdom of Great Britain and Northern Ireland,MATERIAL_SAMPLE
50.10458,-5.086454,2021,6,United Kingdom of Great Britain and Northern Ireland,HUMAN_OBSERVATION
50.107888,-5.085849,2012,8,United Kingdom of Great Britain and Northern Ireland,HUMAN_OBSERVATION
50.1079,-5.0857,2012,8,United Kingdom of Great Britain and Northern Ireland,HUMAN_OBSERVATION
50.10918,1.45313,2018,4,France,HUMAN_OBSERVATION
50.110384,-5.539875,2018,5,United Kingdom of Great Britain and Northern Ireland,MATERIAL_SAMPLE
50.110384,-5.539875,2018,5,United Kingdom of Great Britain and Northern Ireland,MATERIAL_SAMPLE
50.110441,-5.539754,2018,3,United Kingdom of Great Britain and Northern Ireland,HUMAN_OBSERVATION
50.110441,-5.539754,2018,5,United Kingdom of Great Britain and Northern Ireland,HUMAN_OBSERVATION
50.113376,-5.452665,2022,5,United Kingdom of Great Britain and Northern Ireland,HUMAN_OBSERVATION
50.11349,-5.085139,2021,5,United Kingdom of Great Britain and Northern Ireland,HUMAN_OBSERVATION
50.113873,-5.533137,2019,10,United Kingdom of Great Britain and Northern Ireland,MATERIAL_SAMPLE
50.113873,-5.533137,2019,10,United Kingdom of Great Britain and Northern Ireland,MATERIAL_SAMPLE
50.114187,-5.530222,2019,9,United Kingdom of Great Britain and Northern Ireland,MATERIAL_SAMPLE
50.114187,-5.530222,2019,9,United Kingdom of Great Britain and Northern Ireland,MATERIAL_SAMPLE
50.114187,-5.530222,2018,3,United Kingdom of Great Britain and Northern Ireland,MATERIAL_SAMPLE
50.114187,-5.530222,2018,3,United Kingdom of Great Britain and Northern Ireland,MATERIAL_SAMPLE
50.114244,-5.530101,2018,3,United Kingdom of Great Britain and Northern Ireland,HUMAN_OBSERVATION
50.114283,-5.530237,2020,7,United Kingdom of Great Britain and Northern Ireland,HUMAN_OBSERVATION
50.114283,-5.530237,2020,7,United Kingdom of Great Britain and Northern Ireland,HUMAN_OBSERVATION
50.114436,-5.533878,2019,9,United Kingdom of Great Britain and Northern Ireland,MATERIAL_SAMPLE
50.114436,-5.533878,2019,9,United Kingdom of Great Britain and Northern Ireland,MATERIAL_SAMPLE
50.115018,-5.529808,2006,9,United Kingdom of Great Britain and Northern Ireland,HUMAN_OBSERVATION
50.11569,-5.08945,2021,8,United Kingdom of Great Britain and Northern Ireland,HUMAN_OBSERVATION
50.117354,-5.037732,2024,9,United Kingdom of Great Britain and Northern Ireland,HUMAN_OBSERVATION
50.117354,-5.037732,2024,9,United Kingdom of Great Britain and Northern Ireland,HUMAN_OBSERVATION
50.11906,-5.529741,2018,3,United Kingdom of Great Britain and Northern Ireland,MATERIAL_SAMPLE
50.11906,-5.529741,2018,3,United Kingdom of Great Britain and Northern Ireland,MATERIAL_SAMPLE
50.11924,-5.471938,2014,7,United Kingdom of Great Britain and Northern Ireland,HUMAN_OBSERVATION
50.119966,-5.529528,2018,3,United Kingdom of Great Britain and Northern Ireland,MATERIAL_SAMPLE
50.119966,-5.529528,2018,3,United Kingdom of Great Britain and Northern Ireland,MATERIAL_SAMPLE
50.119966,-5.529528,2018,5,United Kingdom of Great Britain and Northern Ireland,MATERIAL_SAMPLE
50.119966,-5.529528,2018,5,United Kingdom of Great Britain and Northern Ireland,MATERIAL_SAMPLE
50.12019,-5.529839,2018,3,United Kingdom of Great Britain and Northern Ireland,HUMAN_OBSERVATION
50.120446,-5.528809,2018,3,United Kingdom of Great Britain and Northern Ireland,HUMAN_OBSERVATION
50.120446,-5.528809,2018,5,United Kingdom of Great Britain and Northern Ireland,HUMAN_OBSERVATION
50.12424,-5.089231,2013,8,United Kingdom of Great Britain and Northern Ireland,HUMAN_OBSERVATION
50.12424,-5.089231,2013,8,United Kingdom of Great Britain and Northern Ireland,HUMAN_OBSERVATION
50.124731,-5.091034,2022,5,United Kingdom of Great Britain and Northern Ireland,HUMAN_OBSERVATION
50.124731,-5.091034,2022,5,United Kingdom of Great Britain and Northern Ireland,HUMAN_OBSERVATION
50.12582,-5.087906,2021,8,United Kingdom of Great Britain and Northern Ireland,HUMAN_OBSERVATION
50.12628,-5.08641,2021,9,United Kingdom of Great Britain and Northern Ireland,HUMAN_OBSERVATION
50.13282,-5.072736,2021,10,United Kingdom of Great Britain and Northern Ireland,HUMAN_OBSERVATION
50.13688,-5.074102,2021,9,United Kingdom of Great Britain and Northern Ireland,HUMAN_OBSERVATION
50.13779,-5.074636,2021,10,United Kingdom of Great Britain and Northern Ireland,HUMAN_OBSERVATION
50.13831,-5.074781,2019,5,United Kingdom of Great Britain and Northern Ireland,HUMAN_OBSERVATION
50.13833,-5.061869,2019,11,United Kingdom of Great Britain and Northern Ireland,HUMAN_OBSERVATION
50.139182,-5.071801,2021,8,United Kingdom of Great Britain and Northern Ireland,HUMAN_OBSERVATION
50.139182,-5.071801,2021,8,United Kingdom of Great Britain and Northern Ireland,HUMAN_OBSERVATION
50.13929,-5.072982,2020,10,United Kingdom of Great Britain and Northern Ireland,HUMAN_OBSERVATION
50.13929,-5.072982,2020,10,United Kingdom of Great Britain and Northern Ireland,HUMAN_OBSERVATION
50.139435,-5.015096,2012,8,United Kingdom of Great Britain and Northern Ireland,HUMAN_OBSERVATION
50.140196,-5.073694,2023,10,United Kingdom of Great Britain and Northern Ireland,HUMAN_OBSERVATION
50.14024,-5.049448,2019,12,United Kingdom of Great Britain and Northern Ireland,HUMAN_OBSERVATION
50.1403,-5.0682,2013,8,United Kingdom of Great Britain and Northern Ireland,HUMAN_OBSERVATION
50.140325,-5.074608,2023,10,United Kingdom of Great Britain and Northern Ireland,HUMAN_OBSERVATION
50.140442,-5.074004,2019,8,United Kingdom of Great Britain and Northern Ireland,HUMAN_OBSERVATION
50.14046,-5.074928,2024,4,United Kingdom of Great Britain and Northern Ireland,HUMAN_OBSERVATION
50.140492,-5.075161,2024,4,United Kingdom of Great Britain and Northern Ireland,HUMAN_OBSERVATION
50.140621,-5.073563,2023,8,United Kingdom of Great Britain and Northern Ireland,HUMAN_OBSERVATION
50.140655,-5.053993,2020,1,United Kingdom of Great Britain and Northern Ireland,MATERIAL_SAMPLE
50.140655,-5.053993,2020,1,United Kingdom of Great Britain and Northern Ireland,MATERIAL_SAMPLE
50.140662,-5.074664,2024,4,United Kingdom of Great Britain and Northern Ireland,HUMAN_OBSERVATION
50.140662,-5.074664,2024,4,United Kingdom of Great Britain and Northern Ireland,HUMAN_OBSERVATION
50.140714,-5.075475,2025,5,United Kingdom of Great Britain and Northern Ireland,HUMAN_OBSERVATION
50.140714,-5.075475,2025,5,United Kingdom of Great Britain and Northern Ireland,HUMAN_OBSERVATION
50.140761,-5.074085,2024,4,United Kingdom of Great Britain and Northern Ireland,HUMAN_OBSERVATION
50.14141,-5.065447,2021,11,United Kingdom of Great Britain and Northern Ireland,HUMAN_OBSERVATION
50.14181,-5.069271,2025,5,United Kingdom of Great Britain and Northern Ireland,HUMAN_OBSERVATION
50.141885,-5.06915,2025,5,United Kingdom of Great Britain and Northern Ireland,HUMAN_OBSERVATION
50.141898,-5.068972,2024,9,United Kingdom of Great Britain and Northern Ireland,HUMAN_OBSERVATION
50.14194,-5.066573,2013,9,United Kingdom of Great Britain and Northern Ireland,HUMAN_OBSERVATION
50.141999,-5.069063,2024,2,United Kingdom of Great Britain and Northern Ireland,HUMAN_OBSERVATION
50.142068,-5.068442,2020,3,United Kingdom of Great Britain and Northern Ireland,HUMAN_OBSERVATION
50.14207,-4.983606,2020,9,United Kingdom of Great Britain and Northern Ireland,HUMAN_OBSERVATION
50.142083,-5.068853,2024,7,United Kingdom of Great Britain and Northern Ireland,HUMAN_OBSERVATION
50.142083,-5.068853,2024,7,United Kingdom of Great Britain and Northern Ireland,HUMAN_OBSERVATION
50.142131,-5.068326,2024,7,United Kingdom of Great Britain and Northern Ireland,HUMAN_OBSERVATION
50.142131,-5.068326,2024,7,United Kingdom of Great Britain and Northern Ireland,HUMAN_OBSERVATION
50.142202,-5.068524,2024,2,United Kingdom of Great Britain and Northern Ireland,HUMAN_OBSERVATION
50.142292,-5.069247,2025,5,United Kingdom of Great Britain and Northern Ireland,HUMAN_OBSERVATION
50.142347,-5.068448,2024,2,United Kingdom of Great Britain and Northern Ireland,HUMAN_OBSERVATION
50.142369,-5.068442,2024,2,United Kingdom of Great Britain and Northern Ireland,HUMAN_OBSERVATION
50.142456,-5.068169,2019,5,United Kingdom of Great Britain and Northern Ireland,HUMAN_OBSERVATION
50.142476,-5.06933,2023,8,United Kingdom of Great Britain and Northern Ireland,HUMAN_OBSERVATION
50.142622,-5.069025,2024,9,United Kingdom of Great Britain and Northern Ireland,HUMAN_OBSERVATION
50.142622,-5.069025,2024,9,United Kingdom of Great Britain and Northern Ireland,HUMAN_OBSERVATION
50.142852,-5.073403,2016,3,United Kingdom of Great Britain and Northern Ireland,HUMAN_OBSERVATION
50.142852,-5.073403,2015,2,United Kingdom of Great Britain and Northern Ireland,HUMAN_OBSERVATION
50.142852,-5.073403,2015,3,United Kingdom of Great Britain and Northern Ireland,HUMAN_OBSERVATION
50.142852,-5.073403,2015,10,United Kingdom of Great Britain and Northern Ireland,HUMAN_OBSERVATION
50.142852,-5.073403,2013,2,United Kingdom of Great Britain and Northern Ireland,HUMAN_OBSERVATION
50.142879,-5.06855,2020,8,United Kingdom of Great Britain and Northern Ireland,HUMAN_OBSERVATION
50.143487,-5.044075,2024,3,United Kingdom of Great Britain and Northern Ireland,HUMAN_OBSERVATION
50.144167,-5.067889,2013,4,United Kingdom of Great Britain and Northern Ireland,HUMAN_OBSERVATION
50.144437,-5.068197,2024,7,United Kingdom of Great Britain and Northern Ireland,HUMAN_OBSERVATION
50.144459,-5.068129,2009,9,United Kingdom of Great Britain and Northern Ireland,HUMAN_OBSERVATION
50.14447,-5.040946,2019,12,United Kingdom of Great Britain and Northern Ireland,HUMAN_OBSERVATION
50.144494,-5.068192,2010,4,United Kingdom of Great Britain and Northern Ireland,HUMAN_OBSERVATION
50.14458,-5.049283,2021,3,United Kingdom of Great Britain and Northern Ireland,HUMAN_OBSERVATION
50.144606,-5.048035,2023,7,United Kingdom of Great Britain and Northern Ireland,HUMAN_OBSERVATION
50.14468,-5.05062,2018,9,United Kingdom of Great Britain and Northern Ireland,HUMAN_OBSERVATION
50.144786,-5.064959,2024,7,United Kingdom of Great Britain and Northern Ireland,HUMAN_OBSERVATION
50.144786,-5.064959,2024,7,United Kingdom of Great Britain and Northern Ireland,HUMAN_OBSERVATION
50.144844,-5.065034,2024,7,United Kingdom of Great Britain and Northern Ireland,HUMAN_OBSERVATION
50.144844,-5.065034,2024,7,United Kingdom of Great Britain and Northern Ireland,HUMAN_OBSERVATION
50.1449,-5.0641,2010,9,United Kingdom of Great Britain and Northern Ireland,HUMAN_OBSERVATION
50.144989,-5.063902,2011,3,United Kingdom of Great Britain and Northern Ireland,HUMAN_OBSERVATION
50.145004,-5.064405,2014,9,United Kingdom of Great Britain and Northern Ireland,HUMAN_OBSERVATION
50.145015,-5.064832,2023,7,United Kingdom of Great Britain and Northern Ireland,HUMAN_OBSERVATION
50.145015,-5.064832,2023,8,United Kingdom of Great Britain and Northern Ireland,HUMAN_OBSERVATION
50.145098,-5.064593,2014,7,United Kingdom of Great Britain and Northern Ireland,HUMAN_OBSERVATION
50.1451,-5.0491,2016,3,United Kingdom of Great Britain and Northern Ireland,HUMAN_OBSERVATION
50.14513,-5.049906,2014,4,United Kingdom of Great Britain and Northern Ireland,HUMAN_OBSERVATION
50.14513,-5.049906,2014,4,United Kingdom of Great Britain and Northern Ireland,HUMAN_OBSERVATION
50.14521,-5.050402,2019,4,United Kingdom of Great Britain and Northern Ireland,HUMAN_OBSERVATION
50.14524,-5.050614,2021,11,United Kingdom of Great Britain and Northern Ireland,HUMAN_OBSERVATION
50.14524,-5.050123,2011,8,United Kingdom of Great Britain and Northern Ireland,HUMAN_OBSERVATION
50.14529,-5.04977,2019,6,United Kingdom of Great Britain and Northern Ireland,HUMAN_OBSERVATION
50.1453,-5.050337,2020,11,United Kingdom of Great Britain and Northern Ireland,HUMAN_OBSERVATION
50.145321,-5.064547,2007,9,United Kingdom of Great Britain and Northern Ireland,HUMAN_OBSERVATION
50.145334,-5.064496,2008,10,United Kingdom of Great Britain and Northern Ireland,HUMAN_OBSERVATION
50.145338,-5.064463,2011,3,United Kingdom of Great Britain and Northern Ireland,HUMAN_OBSERVATION
50.14534,-5.050165,2021,5,United Kingdom of Great Britain and Northern Ireland,HUMAN_OBSERVATION
50.14537,-5.061827,2024,10,United Kingdom of Great Britain and Northern Ireland,HUMAN_OBSERVATION
50.14537,-5.061827,2024,10,United Kingdom of Great Britain and Northern Ireland,HUMAN_OBSERVATION
50.145375,-5.063065,2023,3,United Kingdom of Great Britain and Northern Ireland,HUMAN_OBSERVATION
50.145377,-5.062095,2020,6,United Kingdom of Great Britain and Northern Ireland,HUMAN_OBSERVATION
50.1454,-5.0499,2015,7,United Kingdom of Great Britain and Northern Ireland,HUMAN_OBSERVATION
50.14541,-5.050204,2021,9,United Kingdom of Great Britain and Northern Ireland,HUMAN_OBSERVATION
50.14545,-5.062843,2023,5,United Kingdom of Great Britain and Northern Ireland,HUMAN_OBSERVATION
50.14545,-5.062843,2023,6,United Kingdom of Great Britain and Northern Ireland,HUMAN_OBSERVATION
50.14545,-5.062843,2023,6,United Kingdom of Great Britain and Northern Ireland,HUMAN_OBSERVATION
50.14545,-5.062843,2023,9,United Kingdom of Great Britain and Northern Ireland,HUMAN_OBSERVATION
50.14545,-5.062843,2022,10,United Kingdom of Great Britain and Northern Ireland,HUMAN_OBSERVATION
50.14548,-5.050082,2013,6,United Kingdom of Great Britain and Northern Ireland,HUMAN_OBSERVATION
50.14548,-5.050082,2013,6,United Kingdom of Great Britain and Northern Ireland,HUMAN_OBSERVATION
50.14552,-5.050323,2013,5,United Kingdom of Great Britain and Northern Ireland,HUMAN_OBSERVATION
50.14552,-5.050323,2013,7,United Kingdom of Great Britain and Northern Ireland,HUMAN_OBSERVATION
50.14554,-5.049932,2019,5,United Kingdom of Great Britain and Northern Ireland,HUMAN_OBSERVATION
50.14557,-5.050117,2020,2,United Kingdom of Great Britain and Northern Ireland,HUMAN_OBSERVATION
50.14557,-5.050117,2020,5,United Kingdom of Great Britain and Northern Ireland,HUMAN_OBSERVATION
50.14557,-5.050117,2020,7,United Kingdom of Great Britain and Northern Ireland,HUMAN_OBSERVATION
50.14558,-5.051321,2012,6,United Kingdom of Great Britain and Northern Ireland,HUMAN_OBSERVATION
50.14558,-5.050705,2020,8,United Kingdom of Great Britain and Northern Ireland,HUMAN_OBSERVATION
50.14558,-5.049949,2019,4,United Kingdom of Great Britain and Northern Ireland,HUMAN_OBSERVATION
50.14558,-5.049949,2019,4,United Kingdom of Great Britain and Northern Ireland,HUMAN_OBSERVATION
50.145686,-5.061313,2024,8,United Kingdom of Great Britain and Northern Ireland,HUMAN_OBSERVATION
50.145686,-5.061313,2024,8,United Kingdom of Great Britain and Northern Ireland,HUMAN_OBSERVATION
50.14569,-5.051398,2019,4,United Kingdom of Great Britain and Northern Ireland,HUMAN_OBSERVATION
50.14569,-5.050698,2020,8,United Kingdom of Great Britain and Northern Ireland,HUMAN_OBSERVATION
50.1457,-5.050894,2019,4,United Kingdom of Great Britain and Northern Ireland,HUMAN_OBSERVATION
50.14573,-5.017673,2021,9,United Kingdom of Great Britain and Northern Ireland,HUMAN_OBSERVATION
50.145796,-5.061596,2023,8,United Kingdom of Great Britain and Northern Ireland,HUMAN_OBSERVATION
50.145796,-5.061596,2022,3,United Kingdom of Great Britain and Northern Ireland,HUMAN_OBSERVATION
50.145796,-5.061596,2022,3,United Kingdom of Great Britain and Northern Ireland,HUMAN_OBSERVATION
50.145796,-5.061596,2020,6,United Kingdom of Great Britain and Northern Ireland,HUMAN_OBSERVATION
50.1458,-5.0626,2013,7,United Kingdom of Great Britain and Northern Ireland,HUMAN_OBSERVATION
50.1458,-5.0619,2013,7,United Kingdom of Great Britain and Northern Ireland,HUMAN_OBSERVATION
50.145804,-5.061949,2018,6,United Kingdom of Great Britain and Northern Ireland,HUMAN_OBSERVATION
50.145804,-5.061949,2017,1,United Kingdom of Great Britain and Northern Ireland,HUMAN_OBSERVATION
50.14589,-5.051047,2021,10,United Kingdom of Great Britain and Northern Ireland,HUMAN_OBSERVATION
50.1459,-5.0602,2013,9,United Kingdom of Great Britain and Northern Ireland,HUMAN_OBSERVATION
50.145948,-5.061726,2024,6,United Kingdom of Great Britain and Northern Ireland,HUMAN_OBSERVATION
50.145948,-5.061726,2024,6,United Kingdom of Great Britain and Northern Ireland,HUMAN_OBSERVATION
50.146,-5.052202,2021,9,United Kingdom of Great Britain and Northern Ireland,HUMAN_OBSERVATION
50.146028,-5.061909,2024,10,United Kingdom of Great Britain and Northern Ireland,HUMAN_OBSERVATION
50.146028,-5.061909,2024,10,United Kingdom of Great Britain and Northern Ireland,HUMAN_OBSERVATION
50.14605,-5.050623,2015,5,United Kingdom of Great Britain and Northern Ireland,HUMAN_OBSERVATION
50.14608,-5.055287,2015,6,United Kingdom of Great Britain and Northern Ireland,HUMAN_OBSERVATION
50.1461,-5.053174,2021,11,United Kingdom of Great Britain and Northern Ireland,HUMAN_OBSERVATION
50.146197,-5.062698,2024,10,United Kingdom of Great Britain and Northern Ireland,HUMAN_OBSERVATION
50.146197,-5.062698,2024,10,United Kingdom of Great Britain and Northern Ireland,HUMAN_OBSERVATION
50.14621,-5.063393,2024,10,United Kingdom of Great Britain and Northern Ireland,HUMAN_OBSERVATION
50.14621,-5.063393,2024,10,United Kingdom of Great Britain and Northern Ireland,HUMAN_OBSERVATION
50.14637,-5.053191,2021,6,United Kingdom of Great Britain and Northern Ireland,HUMAN_OBSERVATION
50.146373,-5.05935,2024,1,United Kingdom of Great Britain and Northern Ireland,HUMAN_OBSERVATION
50.1466,-5.0597,2013,7,United Kingdom of Great Britain and Northern Ireland,HUMAN_OBSERVATION
50.146604,-5.050545,2023,11,United Kingdom of Great Britain and Northern Ireland,HUMAN_OBSERVATION
50.1467,-5.06,2013,7,United Kingdom of Great Britain and Northern Ireland,HUMAN_OBSERVATION
50.146729,-5.058008,2019,8,United Kingdom of Great Britain and Northern Ireland,HUMAN_OBSERVATION
50.146763,-5.059155,2023,7,United Kingdom of Great Britain and Northern Ireland,HUMAN_OBSERVATION
50.146763,-5.059155,2023,9,United Kingdom of Great Britain and Northern Ireland,HUMAN_OBSERVATION
50.146763,-5.059155,2023,9,United Kingdom of Great Britain and Northern Ireland,HUMAN_OBSERVATION
50.146763,-5.059155,2023,9,United Kingdom of Great Britain and Northern Ireland,HUMAN_OBSERVATION
50.146763,-5.059155,2021,11,United Kingdom of Great Britain and Northern Ireland,HUMAN_OBSERVATION
50.146817,-5.058207,2024,8,United Kingdom of Great Britain and Northern Ireland,HUMAN_OBSERVATION
50.146817,-5.058207,2024,8,United Kingdom of Great Britain and Northern Ireland,HUMAN_OBSERVATION
50.146875,-5.058058,2021,11,United Kingdom of Great Britain and Northern Ireland,HUMAN_OBSERVATION
50.146887,-5.058328,2019,11,United Kingdom of Great Britain and Northern Ireland,HUMAN_OBSERVATION
50.146938,-5.052303,2006,6,United Kingdom of Great Britain and Northern Ireland,HUMAN_OBSERVATION
50.14695,-5.051604,2012,1,United Kingdom of Great Britain and Northern Ireland,HUMAN_OBSERVATION
50.147209,-5.051158,2006,6,United Kingdom of Great Britain and Northern Ireland,HUMAN_OBSERVATION
50.147222,-5.051389,2015,5,United Kingdom of Great Britain and Northern Ireland,HUMAN_OBSERVATION
50.147266,-5.060391,2024,8,United Kingdom of Great Britain and Northern Ireland,HUMAN_OBSERVATION
50.147266,-5.060391,2024,8,United Kingdom of Great Britain and Northern Ireland,HUMAN_OBSERVATION
50.147299,-5.057851,2023,5,United Kingdom of Great Britain and Northern Ireland,HUMAN_OBSERVATION
50.147299,-5.057851,2023,5,United Kingdom of Great Britain and Northern Ireland,HUMAN_OBSERVATION
50.147299,-5.057851,2022,10,United Kingdom of Great Britain and Northern Ireland,HUMAN_OBSERVATION
50.147299,-5.057851,2019,7,United Kingdom of Great Britain and Northern Ireland,HUMAN_OBSERVATION
50.147299,-5.057851,2019,8,United Kingdom of Great Britain and Northern Ireland,HUMAN_OBSERVATION
50.147326,-5.057829,2024,1,United Kingdom of Great Britain and Northern Ireland,HUMAN_OBSERVATION
50.147346,-5.057131,2019,7,United Kingdom of Great Britain and Northern Ireland,HUMAN_OBSERVATION
50.147612,-5.056763,2021,8,United Kingdom of Great Britain and Northern Ireland,HUMAN_OBSERVATION
50.147679,-5.056418,2024,2,United Kingdom of Great Britain and Northern Ireland,HUMAN_OBSERVATION
50.147679,-5.056418,2024,2,United Kingdom of Great Britain and Northern Ireland,HUMAN_OBSERVATION
50.147707,-5.056193,2023,8,United Kingdom of Great Britain and Northern Ireland,HUMAN_OBSERVATION
50.147731,-5.057821,2024,2,United Kingdom of Great Britain and Northern Ireland,HUMAN_OBSERVATION
50.147731,-5.057821,2024,2,United Kingdom of Great Britain and Northern Ireland,HUMAN_OBSERVATION
50.14781,-5.055569,2018,4,United Kingdom of Great Britain and Northern Ireland,MATERIAL_SAMPLE
50.14781,-5.055569,2018,4,United Kingdom of Great Britain and Northern Ireland,MATERIAL_SAMPLE
50.147888,-5.05624,2021,6,United Kingdom of Great Britain and Northern Ireland,HUMAN_OBSERVATION
50.147914,-5.056024,2023,6,United Kingdom of Great Britain and Northern Ireland,HUMAN_OBSERVATION
50.147914,-5.056024,2023,8,United Kingdom of Great Britain and Northern Ireland,HUMAN_OBSERVATION
50.147914,-5.056024,2023,8,United Kingdom of Great Britain and Northern Ireland,HUMAN_OBSERVATION
50.147914,-5.056024,2022,7,United Kingdom of Great Britain and Northern Ireland,HUMAN_OBSERVATION
50.147914,-5.056024,2021,5,United Kingdom of Great Britain and Northern Ireland,HUMAN_OBSERVATION
50.147914,-5.056024,2021,5,United Kingdom of Great Britain and Northern Ireland,HUMAN_OBSERVATION
50.147914,-5.056024,2021,5,United Kingdom of Great Britain and Northern Ireland,HUMAN_OBSERVATION
50.147914,-5.056024,2021,5,United Kingdom of Great Britain and Northern Ireland,HUMAN_OBSERVATION
50.147914,-5.056024,2021,6,United Kingdom of Great Britain and Northern Ireland,HUMAN_OBSERVATION
50.147914,-5.056024,2021,8,United Kingdom of Great Britain and Northern Ireland,HUMAN_OBSERVATION
50.14829,-5.054852,2018,4,United Kingdom of Great Britain and Northern Ireland,HUMAN_OBSERVATION
50.14935,-5.01432,2010,1,United Kingdom of Great Britain and Northern Ireland,HUMAN_OBSERVATION
50.14935,-5.01432,2010,1,United Kingdom of Great Britain and Northern Ireland,HUMAN_OBSERVATION
50.14935,-5.01432,2010,1,United Kingdom of Great Britain and Northern Ireland,HUMAN_OBSERVATION
50.14935,-5.01432,2010,1,United Kingdom of Great Britain and Northern Ireland,HUMAN_OBSERVATION
50.14935,-5.01432,2010,1,United Kingdom of Great Britain and Northern Ireland,HUMAN_OBSERVATION
50.14935,-5.01432,2010,1,United Kingdom of Great Britain and Northern Ireland,HUMAN_OBSERVATION
50.14979,-5.016809,2012,5,United Kingdom of Great Britain and Northern Ireland,HUMAN_OBSERVATION
50.15013,-5.016228,2012,5,United Kingdom of Great Britain and Northern Ireland,HUMAN_OBSERVATION
50.150248,-5.014376,2010,1,United Kingdom of Great Britain and Northern Ireland,HUMAN_OBSERVATION
50.150248,-5.014376,2010,1,United Kingdom of Great Britain and Northern Ireland,HUMAN_OBSERVATION
50.150248,-5.014376,2010,1,United Kingdom of Great Britain and Northern Ireland,HUMAN_OBSERVATION
50.150248,-5.014376,2010,1,United Kingdom of Great Britain and Northern Ireland,HUMAN_OBSERVATION
50.150248,-5.014376,2010,1,United Kingdom of Great Britain and Northern Ireland,HUMAN_OBSERVATION
50.150248,-5.014376,2010,1,United Kingdom of Great Britain and Northern Ireland,HUMAN_OBSERVATION
50.150248,-5.014376,2010,1,United Kingdom of Great Britain and Northern Ireland,HUMAN_OBSERVATION
50.150248,-5.014376,2010,1,United Kingdom of Great Britain and Northern Ireland,HUMAN_OBSERVATION
50.150248,-5.014376,2010,1,United Kingdom of Great Britain and Northern Ireland,HUMAN_OBSERVATION
50.150248,-5.014376,2010,1,United Kingdom of Great Britain and Northern Ireland,HUMAN_OBSERVATION
50.150248,-5.014376,2010,1,United Kingdom of Great Britain and Northern Ireland,HUMAN_OBSERVATION
50.150248,-5.014376,2010,1,United Kingdom of Great Britain and Northern Ireland,HUMAN_OBSERVATION
50.150248,-5.014376,2010,1,United Kingdom of Great Britain and Northern Ireland,HUMAN_OBSERVATION
50.150248,-5.014376,2010,1,United Kingdom of Great Britain and Northern Ireland,HUMAN_OBSERVATION
50.150248,-5.014376,2010,1,United Kingdom of Great Britain and Northern Ireland,HUMAN_OBSERVATION
50.150248,-5.014376,2010,1,United Kingdom of Great Britain and Northern Ireland,HUMAN_OBSERVATION
50.150248,-5.014376,2010,1,United Kingdom of Great Britain and Northern Ireland,HUMAN_OBSERVATION
50.150248,-5.014376,2010,1,United Kingdom of Great Britain and Northern Ireland,HUMAN_OBSERVATION
50.150248,-5.014376,2010,1,United Kingdom of Great Britain and Northern Ireland,HUMAN_OBSERVATION
50.150248,-5.014376,2010,1,United Kingdom of Great Britain and Northern Ireland,HUMAN_OBSERVATION
50.150248,-5.014376,2010,1,United Kingdom of Great Britain and Northern Ireland,HUMAN_OBSERVATION
50.150248,-5.014376,2010,1,United Kingdom of Great Britain and Northern Ireland,HUMAN_OBSERVATION
50.150248,-5.014376,2010,1,United Kingdom of Great Britain and Northern Ireland,HUMAN_OBSERVATION
50.150248,-5.014376,2010,1,United Kingdom of Great Britain and Northern Ireland,HUMAN_OBSERVATION
50.150285,-5.012978,2010,1,United Kingdom of Great Britain and Northern Ireland,HUMAN_OBSERVATION
50.150285,-5.012978,2010,1,United Kingdom of Great Britain and Northern Ireland,HUMAN_OBSERVATION
50.150285,-5.012978,2010,1,United Kingdom of Great Britain and Northern Ireland,HUMAN_OBSERVATION
50.150285,-5.012978,2010,1,United Kingdom of Great Britain and Northern Ireland,HUMAN_OBSERVATION
50.15051,-5.015748,2012,5,United Kingdom of Great Britain and Northern Ireland,HUMAN_OBSERVATION
50.15097,-5.025177,2006,6,United Kingdom of Great Britain and Northern Ireland,HUMAN_OBSERVATION
50.151146,-5.014433,2010,1,United Kingdom of Great Britain and Northern Ireland,HUMAN_OBSERVATION
50.151146,-5.014433,2010,1,United Kingdom of Great Britain and Northern Ireland,HUMAN_OBSERVATION
50.151146,-5.014433,2010,1,United Kingdom of Great Britain and Northern Ireland,HUMAN_OBSERVATION
50.151146,-5.014433,2010,1,United Kingdom of Great Britain and Northern Ireland,HUMAN_OBSERVATION
50.151146,-5.014433,2010,1,United Kingdom of Great Britain and Northern Ireland,HUMAN_OBSERVATION
50.151146,-5.014433,2010,1,United Kingdom of Great Britain and Northern Ireland,HUMAN_OBSERVATION
50.151146,-5.014433,2010,1,United Kingdom of Great Britain and Northern Ireland,HUMAN_OBSERVATION
50.151146,-5.014433,2010,1,United Kingdom of Great Britain and Northern Ireland,HUMAN_OBSERVATION
50.151183,-5.013035,2010,1,United Kingdom of Great Britain and Northern Ireland,HUMAN_OBSERVATION
50.151183,-5.013035,2010,1,United Kingdom of Great Britain and Northern Ireland,HUMAN_OBSERVATION
50.151183,-5.013035,2010,1,United Kingdom of Great Britain and Northern Ireland,HUMAN_OBSERVATION
50.151219,-5.011637,2010,1,United Kingdom of Great Britain and Northern Ireland,HUMAN_OBSERVATION
50.15133,-5.014727,2006,6,United Kingdom of Great Britain and Northern Ireland,HUMAN_OBSERVATION
50.152045,-5.014489,2010,1,United Kingdom of Great Britain and Northern Ireland,HUMAN_OBSERVATION
50.152045,-5.014489,2010,1,United Kingdom of Great Britain and Northern Ireland,HUMAN_OBSERVATION
50.152081,-5.013091,2010,1,United Kingdom of Great Britain and Northern Ireland,HUMAN_OBSERVATION
50.152081,-5.013091,2010,1,United Kingdom of Great Britain and Northern Ireland,HUMAN_OBSERVATION
50.152081,-5.013091,2010,1,United Kingdom of Great Britain and Northern Ireland,HUMAN_OBSERVATION
50.152203,-5.060002,2016,11,United Kingdom of Great Britain and Northern Ireland,HUMAN_OBSERVATION
50.15348,-4.976895,2021,7,United Kingdom of Great Britain and Northern Ireland,HUMAN_OBSERVATION
50.153695,-5.020194,2010,1,United Kingdom of Great Britain and Northern Ireland,HUMAN_OBSERVATION
50.153695,-5.020194,2010,1,United Kingdom of Great Britain and Northern Ireland,HUMAN_OBSERVATION
50.153695,-5.020194,2010,1,United Kingdom of Great Britain and Northern Ireland,HUMAN_OBSERVATION
50.153695,-5.020194,2010,1,United Kingdom of Great Britain and Northern Ireland,HUMAN_OBSERVATION
50.153695,-5.020194,2010,1,United Kingdom of Great Britain and Northern Ireland,HUMAN_OBSERVATION
50.153695,-5.020194,2010,1,United Kingdom of Great Britain and Northern Ireland,HUMAN_OBSERVATION
50.153695,-5.020194,2010,1,United Kingdom of Great Britain and Northern Ireland,HUMAN_OBSERVATION
50.153695,-5.020194,2010,1,United Kingdom of Great Britain and Northern Ireland,HUMAN_OBSERVATION
50.153695,-5.020194,2010,1,United Kingdom of Great Britain and Northern Ireland,HUMAN_OBSERVATION
50.153695,-5.020194,2010,1,United Kingdom of Great Britain and Northern Ireland,HUMAN_OBSERVATION
50.153695,-5.020194,2010,1,United Kingdom of Great Britain and Northern Ireland,HUMAN_OBSERVATION
50.153695,-5.020194,2010,1,United Kingdom of Great Britain and Northern Ireland,HUMAN_OBSERVATION
50.153695,-5.020194,2010,1,United Kingdom of Great Britain and Northern Ireland,HUMAN_OBSERVATION
50.153695,-5.020194,2010,1,United Kingdom of Great Britain and Northern Ireland,HUMAN_OBSERVATION
50.153695,-5.020194,2010,1,United Kingdom of Great Britain and Northern Ireland,HUMAN_OBSERVATION
50.15463,-5.018852,2010,1,United Kingdom of Great Britain and Northern Ireland,HUMAN_OBSERVATION
50.15463,-5.018852,2010,1,United Kingdom of Great Britain and Northern Ireland,HUMAN_OBSERVATION
50.15463,-5.018852,2010,1,United Kingdom of Great Britain and Northern Ireland,HUMAN_OBSERVATION
50.15463,-5.018852,2010,1,United Kingdom of Great Britain and Northern Ireland,HUMAN_OBSERVATION
50.15463,-5.018852,2010,1,United Kingdom of Great Britain and Northern Ireland,HUMAN_OBSERVATION
50.154666,-5.017455,2010,1,United Kingdom of Great Britain and Northern Ireland,HUMAN_OBSERVATION
50.154666,-5.017455,2010,1,United Kingdom of Great Britain and Northern Ireland,HUMAN_OBSERVATION
50.154666,-5.017455,2010,1,United Kingdom of Great Britain and Northern Ireland,HUMAN_OBSERVATION
50.154703,-5.016057,2010,1,United Kingdom of Great Britain and Northern Ireland,HUMAN_OBSERVATION
50.15492,-5.007669,2010,1,United Kingdom of Great Britain and Northern Ireland,HUMAN_OBSERVATION
50.155564,-5.017511,2010,1,United Kingdom of Great Britain and Northern Ireland,HUMAN_OBSERVATION
50.155564,-5.017511,2010,1,United Kingdom of Great Britain and Northern Ireland,HUMAN_OBSERVATION
50.155564,-5.017511,2010,1,United Kingdom of Great Britain and Northern Ireland,HUMAN_OBSERVATION
50.155564,-5.017511,2010,1,United Kingdom of Great Britain and Northern Ireland,HUMAN_OBSERVATION
50.155601,-5.016113,2010,1,United Kingdom of Great Britain and Northern Ireland,HUMAN_OBSERVATION
50.155601,-5.016113,2010,1,United Kingdom of Great Britain and Northern Ireland,HUMAN_OBSERVATION
50.155637,-5.014715,2010,1,United Kingdom of Great Britain and Northern Ireland,HUMAN_OBSERVATION
50.155637,-5.014715,2010,1,United Kingdom of Great Britain and Northern Ireland,HUMAN_OBSERVATION
50.155637,-5.014715,2010,1,United Kingdom of Great Britain and Northern Ireland,HUMAN_OBSERVATION
50.155637,-5.014715,2010,1,United Kingdom of Great Britain and Northern Ireland,HUMAN_OBSERVATION
50.155637,-5.014715,2010,1,United Kingdom of Great Britain and Northern Ireland,HUMAN_OBSERVATION
50.155637,-5.014715,2010,1,United Kingdom of Great Britain and Northern Ireland,HUMAN_OBSERVATION
50.155637,-5.014715,2010,1,United Kingdom of Great Britain and Northern Ireland,HUMAN_OBSERVATION
50.155673,-5.013317,2010,1,United Kingdom of Great Britain and Northern Ireland,HUMAN_OBSERVATION
50.155673,-5.013317,2010,1,United Kingdom of Great Britain and Northern Ireland,HUMAN_OBSERVATION
50.155673,-5.013317,2010,1,United Kingdom of Great Britain and Northern Ireland,HUMAN_OBSERVATION
50.155673,-5.013317,2010,1,United Kingdom of Great Britain and Northern Ireland,HUMAN_OBSERVATION
50.155673,-5.013317,2010,1,United Kingdom of Great Britain and Northern Ireland,HUMAN_OBSERVATION
50.155673,-5.013317,2010,1,United Kingdom of Great Britain and Northern Ireland,HUMAN_OBSERVATION
50.155673,-5.013317,2010,1,United Kingdom of Great Britain and Northern Ireland,HUMAN_OBSERVATION
50.15588,-5.016758,2021,6,United Kingdom of Great Britain and Northern Ireland,HUMAN_OBSERVATION
50.156608,-5.011976,2010,1,United Kingdom of Great Britain and Northern Ireland,HUMAN_OBSERVATION
50.156608,-5.011976,2010,1,United Kingdom of Great Britain and Northern Ireland,HUMAN_OBSERVATION
50.156608,-5.011976,2010,1,United Kingdom of Great Britain and Northern Ireland,HUMAN_OBSERVATION
50.156608,-5.011976,2010,1,United Kingdom of Great Britain and Northern Ireland,HUMAN_OBSERVATION
50.156608,-5.011976,2010,1,United Kingdom of Great Britain and Northern Ireland,HUMAN_OBSERVATION
50.156608,-5.011976,2010,1,United Kingdom of Great Britain and Northern Ireland,HUMAN_OBSERVATION
50.156608,-5.011976,2010,1,United Kingdom of Great Britain and Northern Ireland,HUMAN_OBSERVATION
50.156608,-5.011976,2010,1,United Kingdom of Great Britain and Northern Ireland,HUMAN_OBSERVATION
50.156608,-5.011976,2010,1,United Kingdom of Great Britain and Northern Ireland,HUMAN_OBSERVATION
50.156608,-5.011976,2010,1,United Kingdom of Great Britain and Northern Ireland,HUMAN_OBSERVATION
50.156608,-5.011976,2010,1,United Kingdom of Great Britain and Northern Ireland,HUMAN_OBSERVATION
50.156608,-5.011976,2010,1,United Kingdom of Great Britain and Northern Ireland,HUMAN_OBSERVATION
50.156608,-5.011976,2010,1,United Kingdom of Great Britain and Northern Ireland,HUMAN_OBSERVATION
50.156608,-5.011976,2010,1,United Kingdom of Great Britain and Northern Ireland,HUMAN_OBSERVATION
50.156608,-5.011976,2010,1,United Kingdom of Great Britain and Northern Ireland,HUMAN_OBSERVATION
50.156608,-5.011976,2010,1,United Kingdom of Great Britain and Northern Ireland,HUMAN_OBSERVATION
50.156608,-5.011976,2010,1,United Kingdom of Great Britain and Northern Ireland,HUMAN_OBSERVATION
50.156608,-5.011976,2010,1,United Kingdom of Great Britain and Northern Ireland,HUMAN_OBSERVATION
50.156644,-5.010578,2010,1,United Kingdom of Great Britain and Northern Ireland,HUMAN_OBSERVATION
50.15673,-5.029779,2016,9,United Kingdom of Great Britain and Northern Ireland,HUMAN_OBSERVATION
50.157425,-4.983812,2022,9,United Kingdom of Great Britain and Northern Ireland,HUMAN_OBSERVATION
50.1583,-4.981277,2023,6,United Kingdom of Great Britain and Northern Ireland,HUMAN_OBSERVATION
50.15856,-5.031085,2018,6,United Kingdom of Great Britain and Northern Ireland,HUMAN_OBSERVATION
50.16082,-5.059,2018,3,United Kingdom of Great Britain and Northern Ireland,HUMAN_OBSERVATION
50.16144,-5.059145,2011,7,United Kingdom of Great Britain and Northern Ireland,HUMAN_OBSERVATION
50.162215,-5.059479,2010,6,United Kingdom of Great Britain and Northern Ireland,HUMAN_OBSERVATION
50.162215,-5.059479,2010,6,United Kingdom of Great Britain and Northern Ireland,HUMAN_OBSERVATION
50.162531,-5.026352,2012,8,United Kingdom of Great Britain and Northern Ireland,HUMAN_OBSERVATION
50.167846,-5.029489,2013,9,United Kingdom of Great Britain and Northern Ireland,HUMAN_OBSERVATION
50.1834,1.49178,2018,4,France,HUMAN_OBSERVATION
50.18545,-4.970183,2015,7,United Kingdom of Great Britain and Northern Ireland,HUMAN_OBSERVATION
50.200121,-5.571128,1978,9,United Kingdom of Great Britain and Northern Ireland,HUMAN_OBSERVATION
50.204665,-4.949898,2023,2,United Kingdom of Great Britain and Northern Ireland,HUMAN_OBSERVATION
50.207132,-3.706354,2012,9,United Kingdom of Great Britain and Northern Ireland,HUMAN_OBSERVATION
50.209471,-3.701511,2015,9,United Kingdom of Great Britain and Northern Ireland,HUMAN_OBSERVATION
50.209471,-3.701511,2015,9,United Kingdom of Great Britain and Northern Ireland,HUMAN_OBSERVATION
50.211102,-3.696719,2010,6,United Kingdom of Great Britain and Northern Ireland,HUMAN_OBSERVATION
50.211102,-3.696719,2010,9,United Kingdom of Great Britain and Northern Ireland,HUMAN_OBSERVATION
50.211102,-3.696719,2009,9,United Kingdom of Great Britain and Northern Ireland,HUMAN_OBSERVATION
50.211102,-3.696719,2009,9,United Kingdom of Great Britain and Northern Ireland,HUMAN_OBSERVATION
50.211736,-3.698325,2006,6,United Kingdom of Great Britain and Northern Ireland,HUMAN_OBSERVATION
50.211736,-3.698325,2006,6,United Kingdom of Great Britain and Northern Ireland,HUMAN_OBSERVATION
50.211736,-3.698325,2006,6,United Kingdom of Great Britain and Northern Ireland,HUMAN_OBSERVATION
50.212069,-3.696475,1993,9,United Kingdom of Great Britain and Northern Ireland,HUMAN_OBSERVATION
50.212083,-3.697706,2013,7,United Kingdom of Great Britain and Northern Ireland,HUMAN_OBSERVATION
50.212083,-3.697706,2013,9,United Kingdom of Great Britain and Northern Ireland,HUMAN_OBSERVATION
50.212083,-3.697706,2013,10,United Kingdom of Great Britain and Northern Ireland,HUMAN_OBSERVATION
50.212083,-3.697706,2013,10,United Kingdom of Great Britain and Northern Ireland,HUMAN_OBSERVATION
50.212119,-3.697783,2012,7,United Kingdom of Great Britain and Northern Ireland,HUMAN_OBSERVATION
50.212119,-3.697783,2012,8,United Kingdom of Great Britain and Northern Ireland,HUMAN_OBSERVATION
50.212119,-3.697783,2012,9,United Kingdom of Great Britain and Northern Ireland,HUMAN_OBSERVATION
50.212222,-3.697687,2014,7,United Kingdom of Great Britain and Northern Ireland,HUMAN_OBSERVATION
50.21248,-3.698355,2007,6,United Kingdom of Great Britain and Northern Ireland,HUMAN_OBSERVATION
50.212499,-3.698335,2011,9,United Kingdom of Great Britain and Northern Ireland,HUMAN_OBSERVATION
50.212499,-3.698335,2008,7,United Kingdom of Great Britain and Northern Ireland,HUMAN_OBSERVATION
50.212868,-3.697779,2010,7,United Kingdom of Great Britain and Northern Ireland,HUMAN_OBSERVATION
50.212925,-3.696195,2011,9,United Kingdom of Great Britain and Northern Ireland,HUMAN_OBSERVATION
50.212968,-3.696507,2013,4,United Kingdom of Great Britain and Northern Ireland,HUMAN_OBSERVATION
50.213002,-3.696502,2014,9,United Kingdom of Great Britain and Northern Ireland,HUMAN_OBSERVATION
50.213316,-3.697144,2008,9,United Kingdom of Great Britain and Northern Ireland,HUMAN_OBSERVATION
50.213335,-3.6965,2012,9,United Kingdom of Great Britain and Northern Ireland,HUMAN_OBSERVATION
50.213371,-3.696501,2008,9,United Kingdom of Great Britain and Northern Ireland,HUMAN_OBSERVATION
50.2134,-3.6972,2010,9,United Kingdom of Great Britain and Northern Ireland,HUMAN_OBSERVATION
50.2134,-3.6972,2010,9,United Kingdom of Great Britain and Northern Ireland,HUMAN_OBSERVATION
50.213702,-3.695411,2013,9,United Kingdom of Great Britain and Northern Ireland,HUMAN_OBSERVATION
50.213904,-3.695105,2014,9,United Kingdom of Great Britain and Northern Ireland,HUMAN_OBSERVATION
50.21717,-3.654604,1993,5,United Kingdom of Great Britain and Northern Ireland,HUMAN_OBSERVATION
50.219403,-3.686923,1992,3,United Kingdom of Great Britain and Northern Ireland,HUMAN_OBSERVATION
50.221769,-3.769717,1985,9,United Kingdom of Great Britain and Northern Ireland,HUMAN_OBSERVATION
50.221769,-3.769717,1985,9,United Kingdom of Great Britain and Northern Ireland,HUMAN_OBSERVATION
50.228832,-3.778391,2015,9,United Kingdom of Great Britain and Northern Ireland,HUMAN_OBSERVATION
50.2294,-3.7803,2012,5,United Kingdom of Great Britain and Northern Ireland,HUMAN_OBSERVATION
50.23078,-3.768648,1985,9,United Kingdom of Great Britain and Northern Ireland,HUMAN_OBSERVATION
50.24063,-5.39581,2007,7,United Kingdom of Great Britain and Northern Ireland,HUMAN_OBSERVATION
50.257164,-3.858835,2017,3,United Kingdom of Great Britain and Northern Ireland,MATERIAL_SAMPLE
50.257164,-3.858835,2017,3,United Kingdom of Great Britain and Northern Ireland,MATERIAL_SAMPLE
50.274904,-4.783351,2020,7,United Kingdom of Great Britain and Northern Ireland,HUMAN_OBSERVATION
50.274904,-4.783351,2020,7,United Kingdom of Great Britain and Northern Ireland,HUMAN_OBSERVATION
50.28441,-4.038849,2007,7,United Kingdom of Great Britain and Northern Ireland,HUMAN_OBSERVATION
50.287147,-3.901292,1995,7,United Kingdom of Great Britain and Northern Ireland,HUMAN_OBSERVATION
50.291982,-4.040478,1996,6,United Kingdom of Great Britain and Northern Ireland,HUMAN_OBSERVATION
50.300511,-4.015567,1992,7,United Kingdom of Great Britain and Northern Ireland,HUMAN_OBSERVATION
50.301096,-4.0844,1993,9,United Kingdom of Great Britain and Northern Ireland,HUMAN_OBSERVATION
50.30222,-4.071811,1996,9,United Kingdom of Great Britain and Northern Ireland,HUMAN_OBSERVATION
50.30313,-4.113498,2021,7,United Kingdom of Great Britain and Northern Ireland,HUMAN_OBSERVATION
50.303523,-3.997438,1995,10,United Kingdom of Great Britain and Northern Ireland,HUMAN_OBSERVATION
50.303523,-3.997438,1995,10,United Kingdom of Great Britain and Northern Ireland,HUMAN_OBSERVATION
50.304002,-3.969372,1996,9,United Kingdom of Great Britain and Northern Ireland,HUMAN_OBSERVATION
50.30475,-3.992681,2018,7,United Kingdom of Great Britain and Northern Ireland,HUMAN_OBSERVATION
50.305185,-3.952568,2005,5,United Kingdom of Great Britain and Northern Ireland,HUMAN_OBSERVATION
50.305185,-3.952568,2005,5,United Kingdom of Great Britain and Northern Ireland,HUMAN_OBSERVATION
50.30524,-4.112577,2009,8,United Kingdom of Great Britain and Northern Ireland,HUMAN_OBSERVATION
50.3056,-4.102749,2010,6,United Kingdom of Great Britain and Northern Ireland,HUMAN_OBSERVATION
50.30758,-4.102626,2006,4,United Kingdom of Great Britain and Northern Ireland,HUMAN_OBSERVATION
50.30758,-4.102626,2006,4,United Kingdom of Great Britain and Northern Ireland,HUMAN_OBSERVATION
50.308461,-4.074891,2007,4,United Kingdom of Great Britain and Northern Ireland,HUMAN_OBSERVATION
50.311183,-4.073605,2007,9,United Kingdom of Great Britain and Northern Ireland,HUMAN_OBSERVATION
50.311457,-4.058167,2009,7,United Kingdom of Great Britain and Northern Ireland,HUMAN_OBSERVATION
50.312425,-4.10456,2015,5,United Kingdom of Great Britain and Northern Ireland,HUMAN_OBSERVATION
50.3125,-4.071025,2009,7,United Kingdom of Great Britain and Northern Ireland,HUMAN_OBSERVATION
50.31313,-4.065262,1986,7,United Kingdom of Great Britain and Northern Ireland,HUMAN_OBSERVATION
50.313298,-4.106003,2016,3,United Kingdom of Great Britain and Northern Ireland,HUMAN_OBSERVATION
50.313324,-4.1046,2005,2,United Kingdom of Great Britain and Northern Ireland,HUMAN_OBSERVATION
50.313324,-4.1046,1993,8,United Kingdom of Great Britain and Northern Ireland,HUMAN_OBSERVATION
50.313626,-4.104949,2015,5,United Kingdom of Great Britain and Northern Ireland,MATERIAL_SAMPLE
50.31377,-4.10542,2019,9,United Kingdom of Great Britain and Northern Ireland,MATERIAL_SAMPLE
50.313777,-4.052048,2014,4,United Kingdom of Great Britain and Northern Ireland,MATERIAL_SAMPLE
50.313929,-4.070915,1986,7,United Kingdom of Great Britain and Northern Ireland,HUMAN_OBSERVATION
50.313929,-4.070915,1986,7,United Kingdom of Great Britain and Northern Ireland,HUMAN_OBSERVATION
50.314103,-4.105507,2014,10,United Kingdom of Great Britain and Northern Ireland,HUMAN_OBSERVATION
50.314602,-4.083586,2014,9,United Kingdom of Great Britain and Northern Ireland,HUMAN_OBSERVATION
50.314668,-4.101863,2022,4,United Kingdom of Great Britain and Northern Ireland,HUMAN_OBSERVATION
50.314701,-4.105294,2013,10,United Kingdom of Great Britain and Northern Ireland,HUMAN_OBSERVATION
50.314702,-4.077972,2011,8,United Kingdom of Great Britain and Northern Ireland,HUMAN_OBSERVATION
50.314786,-4.108722,2022,7,United Kingdom of Great Britain and Northern Ireland,HUMAN_OBSERVATION
50.3149,-4.0843,2008,6,United Kingdom of Great Britain and Northern Ireland,HUMAN_OBSERVATION
50.31491,-4.079081,2017,7,United Kingdom of Great Britain and Northern Ireland,HUMAN_OBSERVATION
50.314965,-4.108999,2022,7,United Kingdom of Great Britain and Northern Ireland,HUMAN_OBSERVATION
50.314965,-4.108999,2022,7,United Kingdom of Great Britain and Northern Ireland,HUMAN_OBSERVATION
50.315147,-4.103275,1993,8,United Kingdom of Great Britain and Northern Ireland,HUMAN_OBSERVATION
50.315158,-4.083304,2016,5,United Kingdom of Great Britain and Northern Ireland,HUMAN_OBSERVATION
50.315158,-4.083304,2016,5,United Kingdom of Great Britain and Northern Ireland,HUMAN_OBSERVATION
50.31534,-4.08316,2006,10,United Kingdom of Great Britain and Northern Ireland,HUMAN_OBSERVATION
50.31544,-4.126842,2013,4,United Kingdom of Great Britain and Northern Ireland,HUMAN_OBSERVATION
50.31553,-4.08273,2019,9,United Kingdom of Great Britain and Northern Ireland,MATERIAL_SAMPLE
50.31576,-4.08389,2019,8,United Kingdom of Great Britain and Northern Ireland,HUMAN_OBSERVATION
50.315893,-4.111737,1993,10,United Kingdom of Great Britain and Northern Ireland,HUMAN_OBSERVATION
50.315939,-4.082807,2019,9,United Kingdom of Great Britain and Northern Ireland,MATERIAL_SAMPLE
50.31605,-4.082255,2019,9,United Kingdom of Great Britain and Northern Ireland,MATERIAL_SAMPLE
50.316096,-4.100508,1993,8,United Kingdom of Great Britain and Northern Ireland,HUMAN_OBSERVATION
50.316096,-4.100508,1993,8,United Kingdom of Great Britain and Northern Ireland,HUMAN_OBSERVATION
50.316097,-4.082206,2013,9,United Kingdom of Great Britain and Northern Ireland,HUMAN_OBSERVATION
50.3161,-4.0822,2013,9,United Kingdom of Great Britain and Northern Ireland,HUMAN_OBSERVATION
50.316122,-4.099104,2007,7,United Kingdom of Great Britain and Northern Ireland,HUMAN_OBSERVATION
50.316122,-4.099104,2007,8,United Kingdom of Great Britain and Northern Ireland,HUMAN_OBSERVATION
50.316122,-4.099104,2006,9,United Kingdom of Great Britain and Northern Ireland,HUMAN_OBSERVATION
50.316122,-4.099104,2006,9,United Kingdom of Great Britain and Northern Ireland,HUMAN_OBSERVATION
50.316125,-4.087142,2020,9,United Kingdom of Great Britain and Northern Ireland,HUMAN_OBSERVATION
50.316125,-4.087142,2020,9,United Kingdom of Great Britain and Northern Ireland,HUMAN_OBSERVATION
50.316459,-4.083497,2019,9,United Kingdom of Great Britain and Northern Ireland,MATERIAL_SAMPLE
50.316536,-4.082323,2008,9,United Kingdom of Great Britain and Northern Ireland,HUMAN_OBSERVATION
50.316668,-4.082498,2017,3,United Kingdom of Great Britain and Northern Ireland,MATERIAL_SAMPLE
50.316668,-4.082498,2017,3,United Kingdom of Great Britain and Northern Ireland,MATERIAL_SAMPLE
50.316736,-4.083314,2019,9,United Kingdom of Great Britain and Northern Ireland,MATERIAL_SAMPLE
50.316791,-4.111776,1993,10,United Kingdom of Great Britain and Northern Ireland,HUMAN_OBSERVATION
50.316801,-4.092098,2013,10,United Kingdom of Great Britain and Northern Ireland,HUMAN_OBSERVATION
50.316836,-4.09217,2010,10,United Kingdom of Great Britain and Northern Ireland,HUMAN_OBSERVATION
50.316836,-4.09217,2008,10,United Kingdom of Great Britain and Northern Ireland,HUMAN_OBSERVATION
50.3169,-4.098,2010,10,United Kingdom of Great Britain and Northern Ireland,HUMAN_OBSERVATION
50.3169,-4.098,2010,10,United Kingdom of Great Britain and Northern Ireland,HUMAN_OBSERVATION
50.317083,-4.097722,2015,10,United Kingdom of Great Britain and Northern Ireland,HUMAN_OBSERVATION
50.317222,-4.098167,2009,10,United Kingdom of Great Britain and Northern Ireland,HUMAN_OBSERVATION
50.317298,-4.083704,1989,3,United Kingdom of Great Britain and Northern Ireland,HUMAN_OBSERVATION
50.317323,-4.0823,2005,8,United Kingdom of Great Britain and Northern Ireland,HUMAN_OBSERVATION
50.317432,-4.101269,2005,6,United Kingdom of Great Britain and Northern Ireland,HUMAN_OBSERVATION
50.317685,-4.087233,2011,3,United Kingdom of Great Britain and Northern Ireland,HUMAN_OBSERVATION
50.317688,-4.084422,2009,10,United Kingdom of Great Britain and Northern Ireland,HUMAN_OBSERVATION
50.318461,-4.118874,2010,8,United Kingdom of Great Britain and Northern Ireland,HUMAN_OBSERVATION
50.31936,-4.118914,1993,8,United Kingdom of Great Britain and Northern Ireland,HUMAN_OBSERVATION
50.31936,-4.118914,1993,8,United Kingdom of Great Britain and Northern Ireland,HUMAN_OBSERVATION
50.32242,-4.186124,2011,5,United Kingdom of Great Britain and Northern Ireland,HUMAN_OBSERVATION
50.33319,-5.228744,2011,7,United Kingdom of Great Britain and Northern Ireland,HUMAN_OBSERVATION
50.3344,-4.1213,2011,10,United Kingdom of Great Britain and Northern Ireland,HUMAN_OBSERVATION
50.335384,-4.489406,2015,6,United Kingdom of Great Britain and Northern Ireland,HUMAN_OBSERVATION
50.33546,-4.494119,2010,7,United Kingdom of Great Britain and Northern Ireland,HUMAN_OBSERVATION
50.33669,-4.12713,2013,6,United Kingdom of Great Britain and Northern Ireland,HUMAN_OBSERVATION
50.33699,-4.127452,2018,7,United Kingdom of Great Britain and Northern Ireland,HUMAN_OBSERVATION
50.33699,-4.127452,2018,7,United Kingdom of Great Britain and Northern Ireland,HUMAN_OBSERVATION
50.33701,-4.127313,2011,6,United Kingdom of Great Britain and Northern Ireland,HUMAN_OBSERVATION
50.33714,-4.126729,2018,7,United Kingdom of Great Britain and Northern Ireland,HUMAN_OBSERVATION
50.33714,-4.126729,2018,7,United Kingdom of Great Britain and Northern Ireland,HUMAN_OBSERVATION
50.33717,-4.12711,2018,6,United Kingdom of Great Britain and Northern Ireland,HUMAN_OBSERVATION
50.33721,-4.126647,2018,7,United Kingdom of Great Britain and Northern Ireland,HUMAN_OBSERVATION
50.33772,-4.133838,2019,5,United Kingdom of Great Britain and Northern Ireland,HUMAN_OBSERVATION
50.337976,-4.133796,2003,8,United Kingdom of Great Britain and Northern Ireland,HUMAN_OBSERVATION
50.338613,-4.45233,2013,6,United Kingdom of Great Britain and Northern Ireland,HUMAN_OBSERVATION
50.338952,-4.129624,2005,7,United Kingdom of Great Britain and Northern Ireland,HUMAN_OBSERVATION
50.34286,1.5492,2022,10,France,HUMAN_OBSERVATION
50.34335,1.54949,2018,4,France,HUMAN_OBSERVATION
50.343806,-4.453528,2015,9,United Kingdom of Great Britain and Northern Ireland,HUMAN_OBSERVATION
50.344102,-4.452595,2014,7,United Kingdom of Great Britain and Northern Ireland,HUMAN_OBSERVATION
50.345224,-4.450381,1996,6,United Kingdom of Great Britain and Northern Ireland,HUMAN_OBSERVATION
50.346498,-4.45396,2018,2,United Kingdom of Great Britain and Northern Ireland,HUMAN_OBSERVATION
50.34887,-4.449382,2013,6,United Kingdom of Great Britain and Northern Ireland,HUMAN_OBSERVATION
50.34895,-4.448219,2011,7,United Kingdom of Great Britain and Northern Ireland,HUMAN_OBSERVATION
50.35051,-4.12298,2011,10,United Kingdom of Great Britain and Northern Ireland,HUMAN_OBSERVATION
50.353485,-4.121839,2007,3,United Kingdom of Great Britain and Northern Ireland,HUMAN_OBSERVATION
50.355835,-4.443575,2020,7,United Kingdom of Great Britain and Northern Ireland,HUMAN_OBSERVATION
50.356539,-4.125527,2012,10,United Kingdom of Great Britain and Northern Ireland,HUMAN_OBSERVATION
50.357746,-4.171483,2023,4,United Kingdom of Great Britain and Northern Ireland,HUMAN_OBSERVATION
50.358411,-3.520329,1994,3,United Kingdom of Great Britain and Northern Ireland,HUMAN_OBSERVATION
50.363347,-4.392838,2008,6,United Kingdom of Great Britain and Northern Ireland,HUMAN_OBSERVATION
50.364518,-4.110207,2023,9,United Kingdom of Great Britain and Northern Ireland,HUMAN_OBSERVATION
50.364777,-3.514908,1994,4,United Kingdom of Great Britain and Northern Ireland,HUMAN_OBSERVATION
50.372869,-3.515166,1994,3,United Kingdom of Great Britain and Northern Ireland,HUMAN_OBSERVATION
50.40427,-5.138118,2017,5,United Kingdom of Great Britain and Northern Ireland,HUMAN_OBSERVATION
50.40775,1.55851,2018,4,France,HUMAN_OBSERVATION
50.420894,-3.556114,1994,6,United Kingdom of Great Britain and Northern Ireland,HUMAN_OBSERVATION
50.42227,-5.098948,2015,8,United Kingdom of Great Britain and Northern Ireland,HUMAN_OBSERVATION
50.42227,-5.098624,2015,7,United Kingdom of Great Britain and Northern Ireland,HUMAN_OBSERVATION
50.42233,-5.095262,2021,6,United Kingdom of Great Britain and Northern Ireland,HUMAN_OBSERVATION
50.4236,-5.097,2015,9,United Kingdom of Great Britain and Northern Ireland,HUMAN_OBSERVATION
50.424292,-5.095119,2011,5,United Kingdom of Great Britain and Northern Ireland,HUMAN_OBSERVATION
50.429417,-5.05873,2016,8,United Kingdom of Great Britain and Northern Ireland,HUMAN_OBSERVATION
50.45941,-5.050852,2013,8,United Kingdom of Great Britain and Northern Ireland,HUMAN_OBSERVATION
50.46448,1.57246,2018,4,France,HUMAN_OBSERVATION
50.46594,1.57167,2022,10,France,HUMAN_OBSERVATION
50.47874,-3.509263,2012,5,United Kingdom of Great Britain and Northern Ireland,HUMAN_OBSERVATION
50.47874,-3.509263,2012,5,United Kingdom of Great Britain and Northern Ireland,HUMAN_OBSERVATION
50.516472,-2.45225,2017,4,United Kingdom of Great Britain and Northern Ireland,HUMAN_OBSERVATION
50.517056,-2.450389,2013,7,United Kingdom of Great Britain and Northern Ireland,HUMAN_OBSERVATION
50.517096,-2.450398,2014,7,United Kingdom of Great Britain and Northern Ireland,HUMAN_OBSERVATION
50.527397,-2.427979,,,United Kingdom of Great Britain and Northern Ireland,OCCURRENCE
50.54537,-5.055793,2013,7,United Kingdom of Great Britain and Northern Ireland,HUMAN_OBSERVATION
50.55544,-2.415665,2013,9,United Kingdom of Great Britain and Northern Ireland,HUMAN_OBSERVATION
50.55544,-2.415665,2013,9,United Kingdom of Great Britain and Northern Ireland,HUMAN_OBSERVATION
50.55644,-2.417566,2013,4,United Kingdom of Great Britain and Northern Ireland,HUMAN_OBSERVATION
50.55815,-2.447259,2014,5,United Kingdom of Great Britain and Northern Ireland,HUMAN_OBSERVATION
50.55836,-2.419107,2018,8,United Kingdom of Great Britain and Northern Ireland,HUMAN_OBSERVATION
50.55836,-2.419107,2018,8,United Kingdom of Great Britain and Northern Ireland,HUMAN_OBSERVATION
50.55859,-2.417161,2012,7,United Kingdom of Great Britain and Northern Ireland,HUMAN_OBSERVATION
50.55859,-2.417161,2012,7,United Kingdom of Great Britain and Northern Ireland,HUMAN_OBSERVATION
50.56073,-2.420809,2011,8,United Kingdom of Great Britain and Northern Ireland,HUMAN_OBSERVATION
50.56237,-2.420866,2018,5,United Kingdom of Great Britain and Northern Ireland,HUMAN_OBSERVATION
50.56237,-2.420866,2018,5,United Kingdom of Great Britain and Northern Ireland,HUMAN_OBSERVATION
50.56409,-2.422688,2017,6,United Kingdom of Great Britain and Northern Ireland,HUMAN_OBSERVATION
50.56409,-2.422688,2017,6,United Kingdom of Great Britain and Northern Ireland,HUMAN_OBSERVATION
50.56504,-2.425041,2013,8,United Kingdom of Great Britain and Northern Ireland,HUMAN_OBSERVATION
50.56518,-2.421752,2013,9,United Kingdom of Great Britain and Northern Ireland,HUMAN_OBSERVATION
50.56552,-2.425695,2019,5,United Kingdom of Great Britain and Northern Ireland,HUMAN_OBSERVATION
50.56552,-2.425695,2019,5,United Kingdom of Great Britain and Northern Ireland,HUMAN_OBSERVATION
50.56552,-2.425695,2019,6,United Kingdom of Great Britain and Northern Ireland,HUMAN_OBSERVATION
50.56552,-2.425695,2019,6,United Kingdom of Great Britain and Northern Ireland,HUMAN_OBSERVATION
50.5661,-2.423864,2013,12,United Kingdom of Great Britain and Northern Ireland,HUMAN_OBSERVATION
50.566815,-4.928801,2008,7,United Kingdom of Great Britain and Northern Ireland,HUMAN_OBSERVATION
50.56716,-2.424693,2014,6,United Kingdom of Great Britain and Northern Ireland,HUMAN_OBSERVATION
50.56726,-2.424694,2017,5,United Kingdom of Great Britain and Northern Ireland,HUMAN_OBSERVATION
50.56726,-2.424524,2012,10,United Kingdom of Great Britain and Northern Ireland,HUMAN_OBSERVATION
50.56726,-2.424524,2012,10,United Kingdom of Great Britain and Northern Ireland,HUMAN_OBSERVATION
50.56726,-2.424524,2012,10,United Kingdom of Great Britain and Northern Ireland,HUMAN_OBSERVATION
50.56726,-2.424524,2012,10,United Kingdom of Great Britain and Northern Ireland,HUMAN_OBSERVATION
50.567977,-4.930809,1988,6,United Kingdom of Great Britain and Northern Ireland,HUMAN_OBSERVATION
50.5691,-2.446783,2019,7,United Kingdom of Great Britain and Northern Ireland,HUMAN_OBSERVATION
50.56926,-2.446446,2020,1,United Kingdom of Great Britain and Northern Ireland,HUMAN_OBSERVATION
50.56965,-2.444762,2020,12,United Kingdom of Great Britain and Northern Ireland,HUMAN_OBSERVATION
50.569809,-4.929511,1988,6,United Kingdom of Great Britain and Northern Ireland,HUMAN_OBSERVATION
50.569809,-4.929511,1988,6,United Kingdom of Great Britain and Northern Ireland,HUMAN_OBSERVATION
50.5701,-2.441694,2020,5,United Kingdom of Great Britain and Northern Ireland,HUMAN_OBSERVATION
50.57043,-2.441698,2019,6,United Kingdom of Great Britain and Northern Ireland,HUMAN_OBSERVATION
50.57092,-2.446278,2020,6,United Kingdom of Great Britain and Northern Ireland,HUMAN_OBSERVATION
50.575001,-4.919506,2011,9,United Kingdom of Great Britain and Northern Ireland,HUMAN_OBSERVATION
50.57669,-2.060883,2019,9,United Kingdom of Great Britain and Northern Ireland,HUMAN_OBSERVATION
50.57676,-2.051484,2020,7,United Kingdom of Great Britain and Northern Ireland,HUMAN_OBSERVATION
50.57732,-2.076993,2019,5,United Kingdom of Great Britain and Northern Ireland,HUMAN_OBSERVATION
50.57811,-2.058265,2021,6,United Kingdom of Great Britain and Northern Ireland,HUMAN_OBSERVATION
50.580163,-4.923323,2014,8,United Kingdom of Great Britain and Northern Ireland,HUMAN_OBSERVATION
50.58043,-2.413865,2018,7,United Kingdom of Great Britain and Northern Ireland,HUMAN_OBSERVATION
50.580799,-4.921717,1988,6,United Kingdom of Great Britain and Northern Ireland,HUMAN_OBSERVATION
50.58249,-4.885756,2021,9,United Kingdom of Great Britain and Northern Ireland,HUMAN_OBSERVATION
50.58286,-4.888245,2021,8,United Kingdom of Great Britain and Northern Ireland,HUMAN_OBSERVATION
50.583226,-2.472416,2002,7,United Kingdom of Great Britain and Northern Ireland,HUMAN_OBSERVATION
50.583281,-4.930347,1988,6,United Kingdom of Great Britain and Northern Ireland,HUMAN_OBSERVATION
50.58426,-2.460771,2017,4,United Kingdom of Great Britain and Northern Ireland,HUMAN_OBSERVATION
50.58454,-2.026784,2013,6,United Kingdom of Great Britain and Northern Ireland,HUMAN_OBSERVATION
50.58553,-2.084819,2020,6,United Kingdom of Great Britain and Northern Ireland,HUMAN_OBSERVATION
50.58569,-2.29941,2018,7,United Kingdom of Great Britain and Northern Ireland,HUMAN_OBSERVATION
50.58576,-2.085483,2021,6,United Kingdom of Great Britain and Northern Ireland,HUMAN_OBSERVATION
50.58576,-2.085483,2021,6,United Kingdom of Great Britain and Northern Ireland,HUMAN_OBSERVATION
50.58593,-2.076993,2020,7,United Kingdom of Great Britain and Northern Ireland,HUMAN_OBSERVATION
50.58595,-2.418208,2020,6,United Kingdom of Great Britain and Northern Ireland,HUMAN_OBSERVATION
50.58595,-2.418208,2020,6,United Kingdom of Great Britain and Northern Ireland,HUMAN_OBSERVATION
50.58599,-2.086868,2017,5,United Kingdom of Great Britain and Northern Ireland,HUMAN_OBSERVATION
50.58599,-2.086868,2017,5,United Kingdom of Great Britain and Northern Ireland,HUMAN_OBSERVATION
50.58609,-2.06661,2018,5,United Kingdom of Great Britain and Northern Ireland,HUMAN_OBSERVATION
50.58679,-2.019976,2007,6,United Kingdom of Great Britain and Northern Ireland,HUMAN_OBSERVATION
50.58857,-2.125894,2018,7,United Kingdom of Great Britain and Northern Ireland,HUMAN_OBSERVATION
50.58857,-2.125894,2018,7,United Kingdom of Great Britain and Northern Ireland,HUMAN_OBSERVATION
50.58876,-2.277009,2013,9,United Kingdom of Great Britain and Northern Ireland,HUMAN_OBSERVATION
50.58876,-2.277009,2013,9,United Kingdom of Great Britain and Northern Ireland,HUMAN_OBSERVATION
50.58876,-2.277009,2013,9,United Kingdom of Great Britain and Northern Ireland,HUMAN_OBSERVATION
50.58876,-2.277009,2013,9,United Kingdom of Great Britain and Northern Ireland,HUMAN_OBSERVATION
50.58966,-2.262518,2018,8,United Kingdom of Great Britain and Northern Ireland,HUMAN_OBSERVATION
50.58966,-2.262518,2018,8,United Kingdom of Great Britain and Northern Ireland,HUMAN_OBSERVATION
50.59009,-1.96547,2018,5,United Kingdom of Great Britain and Northern Ireland,HUMAN_OBSERVATION
50.59109,-2.087655,2020,7,United Kingdom of Great Britain and Northern Ireland,HUMAN_OBSERVATION
50.59109,-2.087655,2020,7,United Kingdom of Great Britain and Northern Ireland,HUMAN_OBSERVATION
50.59119,-2.089032,2019,9,United Kingdom of Great Britain and Northern Ireland,HUMAN_OBSERVATION
50.59119,-2.089032,2019,9,United Kingdom of Great Britain and Northern Ireland,HUMAN_OBSERVATION
50.59164,-1.955324,2021,8,United Kingdom of Great Britain and Northern Ireland,HUMAN_OBSERVATION
50.59164,-1.955324,2021,8,United Kingdom of Great Britain and Northern Ireland,HUMAN_OBSERVATION
50.59164,-1.955324,2021,8,United Kingdom of Great Britain and Northern Ireland,HUMAN_OBSERVATION
50.59164,-1.955324,2021,8,United Kingdom of Great Britain and Northern Ireland,HUMAN_OBSERVATION
50.59229,-1.953897,2017,4,United Kingdom of Great Britain and Northern Ireland,HUMAN_OBSERVATION
50.59229,-1.953897,2017,4,United Kingdom of Great Britain and Northern Ireland,HUMAN_OBSERVATION
50.59229,-1.953897,2017,4,United Kingdom of Great Britain and Northern Ireland,HUMAN_OBSERVATION
50.59276,-2.459356,2015,9,United Kingdom of Great Britain and Northern Ireland,HUMAN_OBSERVATION
50.59281,-2.491642,2017,5,United Kingdom of Great Britain and Northern Ireland,HUMAN_OBSERVATION
50.59281,-2.491642,2017,5,United Kingdom of Great Britain and Northern Ireland,HUMAN_OBSERVATION
50.59329,-2.461707,2020,12,United Kingdom of Great Britain and Northern Ireland,HUMAN_OBSERVATION
50.59329,-2.461707,2020,12,United Kingdom of Great Britain and Northern Ireland,HUMAN_OBSERVATION
50.59434,-4.824127,2021,9,United Kingdom of Great Britain and Northern Ireland,HUMAN_OBSERVATION
50.59472,-4.824474,2021,9,United Kingdom of Great Britain and Northern Ireland,HUMAN_OBSERVATION
50.5957,1.57767,2023,4,France,HUMAN_OBSERVATION
50.59593,-2.456194,2013,5,United Kingdom of Great Britain and Northern Ireland,HUMAN_OBSERVATION
50.59593,-2.456194,2013,5,United Kingdom of Great Britain and Northern Ireland,HUMAN_OBSERVATION
50.59786,-1.948309,2011,7,United Kingdom of Great Britain and Northern Ireland,HUMAN_OBSERVATION
50.59826,-1.948557,2016,8,United Kingdom of Great Britain and Northern Ireland,HUMAN_OBSERVATION
50.59826,-1.948557,2016,8,United Kingdom of Great Britain and Northern Ireland,HUMAN_OBSERVATION
50.60052,-1.947783,2010,7,United Kingdom of Great Britain and Northern Ireland,HUMAN_OBSERVATION
50.600581,-4.849449,1977,6,United Kingdom of Great Britain and Northern Ireland,HUMAN_OBSERVATION
50.60086,-1.946313,2005,6,United Kingdom of Great Britain and Northern Ireland,HUMAN_OBSERVATION
50.60099,-2.162429,2003,7,United Kingdom of Great Britain and Northern Ireland,HUMAN_OBSERVATION
50.60192,-2.324984,2013,8,United Kingdom of Great Britain and Northern Ireland,HUMAN_OBSERVATION
50.605432,-2.128932,2009,7,United Kingdom of Great Britain and Northern Ireland,HUMAN_OBSERVATION
50.605585,-2.12913,2008,5,United Kingdom of Great Britain and Northern Ireland,HUMAN_OBSERVATION
50.605606,-2.129568,2017,5,United Kingdom of Great Britain and Northern Ireland,HUMAN_OBSERVATION
50.60776,-1.950306,2020,7,United Kingdom of Great Britain and Northern Ireland,HUMAN_OBSERVATION
50.60776,-1.950306,2020,7,United Kingdom of Great Britain and Northern Ireland,HUMAN_OBSERVATION
50.60802,-1.948892,2020,12,United Kingdom of Great Britain and Northern Ireland,HUMAN_OBSERVATION
50.60806,-1.949373,2017,12,United Kingdom of Great Britain and Northern Ireland,HUMAN_OBSERVATION
50.60806,-1.949373,2017,12,United Kingdom of Great Britain and Northern Ireland,HUMAN_OBSERVATION
50.6081,-2.129324,2015,5,United Kingdom of Great Britain and Northern Ireland,HUMAN_OBSERVATION
50.60833,-2.130046,2014,7,United Kingdom of Great Britain and Northern Ireland,HUMAN_OBSERVATION
50.60911,-2.138486,2007,8,United Kingdom of Great Britain and Northern Ireland,HUMAN_OBSERVATION
50.609292,-2.130672,2007,8,United Kingdom of Great Britain and Northern Ireland,HUMAN_OBSERVATION
50.61094,-1.932896,2012,8,United Kingdom of Great Britain and Northern Ireland,HUMAN_OBSERVATION
50.611981,-2.137746,2017,7,United Kingdom of Great Britain and Northern Ireland,HUMAN_OBSERVATION
50.611981,-2.137746,2017,7,United Kingdom of Great Britain and Northern Ireland,HUMAN_OBSERVATION
50.611981,-2.137746,2017,7,United Kingdom of Great Britain and Northern Ireland,HUMAN_OBSERVATION
50.611981,-2.137746,2017,7,United Kingdom of Great Britain and Northern Ireland,HUMAN_OBSERVATION
50.61309,-2.208086,2016,8,United Kingdom of Great Britain and Northern Ireland,HUMAN_OBSERVATION
50.61327,-2.2055,2019,8,United Kingdom of Great Britain and Northern Ireland,HUMAN_OBSERVATION
50.61341,-2.195677,2011,8,United Kingdom of Great Britain and Northern Ireland,HUMAN_OBSERVATION
50.61554,-2.188236,2018,8,United Kingdom of Great Britain and Northern Ireland,HUMAN_OBSERVATION
50.61554,-2.188236,2018,8,United Kingdom of Great Britain and Northern Ireland,HUMAN_OBSERVATION
50.6158,-2.1835,2013,7,United Kingdom of Great Britain and Northern Ireland,HUMAN_OBSERVATION
50.61714,-2.320546,2021,10,United Kingdom of Great Britain and Northern Ireland,HUMAN_OBSERVATION
50.61768,-2.286092,2016,8,United Kingdom of Great Britain and Northern Ireland,HUMAN_OBSERVATION
50.61782,-2.28019,2019,8,United Kingdom of Great Britain and Northern Ireland,HUMAN_OBSERVATION
50.61782,-2.28019,2019,8,United Kingdom of Great Britain and Northern Ireland,HUMAN_OBSERVATION
50.61787,-2.284969,2017,8,United Kingdom of Great Britain and Northern Ireland,HUMAN_OBSERVATION
50.61787,-2.284969,2017,8,United Kingdom of Great Britain and Northern Ireland,HUMAN_OBSERVATION
50.61787,-2.284969,2017,8,United Kingdom of Great Britain and Northern Ireland,HUMAN_OBSERVATION
50.61793,-2.28398,2017,8,United Kingdom of Great Britain and Northern Ireland,HUMAN_OBSERVATION
50.61822,-1.953645,2021,9,United Kingdom of Great Britain and Northern Ireland,HUMAN_OBSERVATION
50.61826,-1.947397,2015,5,United Kingdom of Great Britain and Northern Ireland,HUMAN_OBSERVATION
50.61914,-1.947028,2011,6,United Kingdom of Great Britain and Northern Ireland,HUMAN_OBSERVATION
50.61914,-1.947028,2011,6,United Kingdom of Great Britain and Northern Ireland,HUMAN_OBSERVATION
50.61916,-1.947325,2015,8,United Kingdom of Great Britain and Northern Ireland,HUMAN_OBSERVATION
50.61916,-1.947325,2015,8,United Kingdom of Great Britain and Northern Ireland,HUMAN_OBSERVATION
50.61985,-2.300263,2016,7,United Kingdom of Great Britain and Northern Ireland,HUMAN_OBSERVATION
50.62176,-2.312505,2016,8,United Kingdom of Great Britain and Northern Ireland,HUMAN_OBSERVATION
50.62176,-2.312505,2016,8,United Kingdom of Great Britain and Northern Ireland,HUMAN_OBSERVATION
50.62276,-2.373101,2016,7,United Kingdom of Great Britain and Northern Ireland,HUMAN_OBSERVATION
50.62276,-2.373101,2016,7,United Kingdom of Great Britain and Northern Ireland,HUMAN_OBSERVATION
50.62293,-2.304637,2020,9,United Kingdom of Great Britain and Northern Ireland,HUMAN_OBSERVATION
50.62293,-2.304637,2020,9,United Kingdom of Great Britain and Northern Ireland,HUMAN_OBSERVATION
50.62298,-2.311099,2017,5,United Kingdom of Great Britain and Northern Ireland,HUMAN_OBSERVATION
50.62421,-2.377022,2020,9,United Kingdom of Great Britain and Northern Ireland,HUMAN_OBSERVATION
50.62434,-2.230028,2017,8,United Kingdom of Great Britain and Northern Ireland,HUMAN_OBSERVATION
50.62513,-2.401278,2021,5,United Kingdom of Great Britain and Northern Ireland,HUMAN_OBSERVATION
50.6253,-2.401279,2015,6,United Kingdom of Great Britain and Northern Ireland,HUMAN_OBSERVATION
50.62533,-2.392471,2017,8,United Kingdom of Great Britain and Northern Ireland,HUMAN_OBSERVATION
50.62593,-1.934465,2015,10,United Kingdom of Great Britain and Northern Ireland,HUMAN_OBSERVATION
50.62594,-1.93496,2019,8,United Kingdom of Great Britain and Northern Ireland,HUMAN_OBSERVATION
50.62787,-2.410676,2021,5,United Kingdom of Great Britain and Northern Ireland,HUMAN_OBSERVATION
50.62896,-1.933584,2017,7,United Kingdom of Great Britain and Northern Ireland,HUMAN_OBSERVATION
50.62973,-2.407524,2011,8,United Kingdom of Great Britain and Northern Ireland,HUMAN_OBSERVATION
50.62982,-2.401431,2014,9,United Kingdom of Great Britain and Northern Ireland,HUMAN_OBSERVATION
50.63006,-1.932338,2021,8,United Kingdom of Great Britain and Northern Ireland,HUMAN_OBSERVATION
50.63019,-1.932168,2020,7,United Kingdom of Great Britain and Northern Ireland,HUMAN_OBSERVATION
50.63232,-1.922252,2017,8,United Kingdom of Great Britain and Northern Ireland,HUMAN_OBSERVATION
50.63575,1.57628,2018,4,France,HUMAN_OBSERVATION
50.64388,-1.920621,2017,7,United Kingdom of Great Britain and Northern Ireland,HUMAN_OBSERVATION
50.65078,-1.476941,2020,7,United Kingdom of Great Britain and Northern Ireland,HUMAN_OBSERVATION
50.65078,-1.476941,2020,7,United Kingdom of Great Britain and Northern Ireland,HUMAN_OBSERVATION
50.65208,-1.120219,2018,7,United Kingdom of Great Britain and Northern Ireland,HUMAN_OBSERVATION
50.659834,-1.570568,1999,10,United Kingdom of Great Britain and Northern Ireland,HUMAN_OBSERVATION
50.659834,-1.570568,1999,10,United Kingdom of Great Britain and Northern Ireland,HUMAN_OBSERVATION
50.65987,-1.580471,1999,10,United Kingdom of Great Britain and Northern Ireland,HUMAN_OBSERVATION
50.65987,-1.580471,1999,10,United Kingdom of Great Britain and Northern Ireland,HUMAN_OBSERVATION
50.66161,-1.913049,2019,7,United Kingdom of Great Britain and Northern Ireland,HUMAN_OBSERVATION
50.66236,-1.544606,2020,7,United Kingdom of Great Britain and Northern Ireland,HUMAN_OBSERVATION
50.66457,-1.931284,2019,7,United Kingdom of Great Britain and Northern Ireland,HUMAN_OBSERVATION
50.66543,-1.516586,2019,5,United Kingdom of Great Britain and Northern Ireland,HUMAN_OBSERVATION
50.66634,-1.570125,2021,10,United Kingdom of Great Britain and Northern Ireland,HUMAN_OBSERVATION
50.66748,1.56975,2018,4,France,HUMAN_OBSERVATION
50.668544,-1.499737,2006,10,United Kingdom of Great Britain and Northern Ireland,HUMAN_OBSERVATION
50.66909,-1.083125,2019,5,United Kingdom of Great Britain and Northern Ireland,HUMAN_OBSERVATION
50.66967,-1.572062,2021,7,United Kingdom of Great Britain and Northern Ireland,HUMAN_OBSERVATION
50.66967,-1.572062,2021,7,United Kingdom of Great Britain and Northern Ireland,HUMAN_OBSERVATION
50.670259,-4.757421,1979,7,United Kingdom of Great Britain and Northern Ireland,HUMAN_OBSERVATION
50.67208,-1.077377,2018,7,United Kingdom of Great Britain and Northern Ireland,HUMAN_OBSERVATION
50.67813,-1.889394,2013,8,United Kingdom of Great Britain and Northern Ireland,HUMAN_OBSERVATION
50.68274,-1.544508,2017,8,United Kingdom of Great Britain and Northern Ireland,HUMAN_OBSERVATION
50.6831,-1.896121,2017,5,United Kingdom of Great Britain and Northern Ireland,HUMAN_OBSERVATION
50.68431,-1.830062,2009,9,United Kingdom of Great Britain and Northern Ireland,HUMAN_OBSERVATION
50.68431,-1.830062,2009,9,United Kingdom of Great Britain and Northern Ireland,HUMAN_OBSERVATION
50.68431,-1.830062,2009,9,United Kingdom of Great Britain and Northern Ireland,HUMAN_OBSERVATION
50.68481,-2.799627,2018,7,United Kingdom of Great Britain and Northern Ireland,HUMAN_OBSERVATION
50.68554,-1.866117,2015,9,United Kingdom of Great Britain and Northern Ireland,HUMAN_OBSERVATION
50.68623,-1.87652,2019,7,United Kingdom of Great Britain and Northern Ireland,HUMAN_OBSERVATION
50.687474,-1.067775,2006,10,United Kingdom of Great Britain and Northern Ireland,HUMAN_OBSERVATION
50.68792,-1.689604,2016,8,United Kingdom of Great Britain and Northern Ireland,HUMAN_OBSERVATION
50.68873,-1.915873,2014,7,United Kingdom of Great Britain and Northern Ireland,HUMAN_OBSERVATION
50.68906,-1.916184,2019,7,United Kingdom of Great Britain and Northern Ireland,HUMAN_OBSERVATION
50.68971,-1.877431,2019,7,United Kingdom of Great Britain and Northern Ireland,HUMAN_OBSERVATION
50.69038,-1.864545,2017,7,United Kingdom of Great Britain and Northern Ireland,HUMAN_OBSERVATION
50.69047,-1.876664,2009,9,United Kingdom of Great Britain and Northern Ireland,HUMAN_OBSERVATION
50.69047,-1.876664,2009,9,United Kingdom of Great Britain and Northern Ireland,HUMAN_OBSERVATION
50.69077,-1.922439,2019,7,United Kingdom of Great Britain and Northern Ireland,HUMAN_OBSERVATION
50.69104,-1.862151,2015,9,United Kingdom of Great Britain and Northern Ireland,HUMAN_OBSERVATION
50.69422,-1.06684,2011,10,United Kingdom of Great Britain and Northern Ireland,HUMAN_OBSERVATION
50.69436,-1.539142,2021,10,United Kingdom of Great Britain and Northern Ireland,HUMAN_OBSERVATION
50.695135,-4.693739,1979,7,United Kingdom of Great Britain and Northern Ireland,HUMAN_OBSERVATION
50.695135,-4.693739,1979,7,United Kingdom of Great Britain and Northern Ireland,HUMAN_OBSERVATION
50.695563,-2.932281,1998,7,United Kingdom of Great Britain and Northern Ireland,HUMAN_OBSERVATION
50.696295,-4.682476,1979,7,United Kingdom of Great Britain and Northern Ireland,HUMAN_OBSERVATION
50.698059,-4.683993,1979,7,United Kingdom of Great Britain and Northern Ireland,HUMAN_OBSERVATION
50.70126,-4.701171,1979,7,United Kingdom of Great Britain and Northern Ireland,HUMAN_OBSERVATION
50.7013,-1.899961,2017,7,United Kingdom of Great Britain and Northern Ireland,HUMAN_OBSERVATION
50.7013,-1.899961,2017,7,United Kingdom of Great Britain and Northern Ireland,HUMAN_OBSERVATION
50.70316,-0.803885,2021,8,United Kingdom of Great Britain and Northern Ireland,HUMAN_OBSERVATION
50.70406,-1.904543,2011,5,United Kingdom of Great Britain and Northern Ireland,HUMAN_OBSERVATION
50.7049,-1.887093,2015,8,United Kingdom of Great Britain and Northern Ireland,HUMAN_OBSERVATION
50.70642,-2.799371,2018,7,United Kingdom of Great Britain and Northern Ireland,HUMAN_OBSERVATION
50.70792,-1.498019,2017,8,United Kingdom of Great Britain and Northern Ireland,HUMAN_OBSERVATION
50.7081,-1.883828,2019,7,United Kingdom of Great Britain and Northern Ireland,HUMAN_OBSERVATION
50.7081,-1.883304,2016,8,United Kingdom of Great Britain and Northern Ireland,HUMAN_OBSERVATION
50.7092,-1.480626,2021,6,United Kingdom of Great Britain and Northern Ireland,HUMAN_OBSERVATION
50.71123,-1.475646,2014,8,United Kingdom of Great Britain and Northern Ireland,HUMAN_OBSERVATION
50.7168,-1.837397,2011,6,United Kingdom of Great Britain and Northern Ireland,HUMAN_OBSERVATION
50.72164,-0.812738,2009,9,United Kingdom of Great Britain and Northern Ireland,HUMAN_OBSERVATION
50.72867,-0.774724,2020,9,United Kingdom of Great Britain and Northern Ireland,HUMAN_OBSERVATION
50.7305,-0.773667,2020,8,United Kingdom of Great Britain and Northern Ireland,HUMAN_OBSERVATION
50.73211,1.59171,2022,3,France,HUMAN_OBSERVATION
50.73262,-2.914119,2008,10,United Kingdom of Great Britain and Northern Ireland,HUMAN_OBSERVATION
50.73322,-0.769319,2021,6,United Kingdom of Great Britain and Northern Ireland,HUMAN_OBSERVATION
50.7334,1.59358,2018,4,France,HUMAN_OBSERVATION
50.74154,-1.355437,2021,9,United Kingdom of Great Britain and Northern Ireland,HUMAN_OBSERVATION
50.741987,-4.651067,1979,7,United Kingdom of Great Britain and Northern Ireland,HUMAN_OBSERVATION
50.74442,-0.701848,2011,7,United Kingdom of Great Britain and Northern Ireland,HUMAN_OBSERVATION
50.74492,-0.702387,2019,8,United Kingdom of Great Britain and Northern Ireland,HUMAN_OBSERVATION
50.74635,-0.701511,1993,6,United Kingdom of Great Britain and Northern Ireland,HUMAN_OBSERVATION
50.76534,1.60563,2018,4,France,HUMAN_OBSERVATION
50.768,-0.705667,1993,5,United Kingdom of Great Britain and Northern Ireland,HUMAN_OBSERVATION
50.76899,-0.613233,1993,5,United Kingdom of Great Britain and Northern Ireland,HUMAN_OBSERVATION
50.772197,-4.587527,1979,7,United Kingdom of Great Britain and Northern Ireland,HUMAN_OBSERVATION
50.79086,1.60575,2021,9,France,HUMAN_OBSERVATION
50.79101,1.60612,2021,9,France,HUMAN_OBSERVATION
50.796833,-0.5734,2022,5,United Kingdom of Great Britain and Northern Ireland,HUMAN_OBSERVATION
50.80389,-1.312369,2021,8,United Kingdom of Great Britain and Northern Ireland,HUMAN_OBSERVATION
50.80509,1.60205,2010,1,France,HUMAN_OBSERVATION
50.807,1.59975,2018,4,France,HUMAN_OBSERVATION
50.8228,1.59083,2018,4,France,HUMAN_OBSERVATION
50.87067,1.59194,2018,4,France,HUMAN_OBSERVATION
50.88779,1.65945,2018,4,France,HUMAN_OBSERVATION
51.00349,2.04626,2023,1,France,HUMAN_OBSERVATION
51.00349,2.04626,2023,2,France,HUMAN_OBSERVATION
51.00349,2.04626,2023,4,France,HUMAN_OBSERVATION
51.00349,2.04626,2023,5,France,HUMAN_OBSERVATION
51.06578,2.45962,2022,1,France,HUMAN_OBSERVATION
51.06967,2.47847,2022,10,France,HUMAN_OBSERVATION
51.06987,2.47937,2022,10,France,HUMAN_OBSERVATION
51.133333,-4.238889,2017,11,United Kingdom of Great Britain and Northern Ireland,HUMAN_OBSERVATION
51.162356,-4.65243,2022,7,United Kingdom of Great Britain and Northern Ireland,HUMAN_OBSERVATION
51.162356,-4.65243,2022,7,United Kingdom of Great Britain and Northern Ireland,HUMAN_OBSERVATION
51.163944,-4.65791,2022,7,United Kingdom of Great Britain and Northern Ireland,HUMAN_OBSERVATION
51.164754,-4.649499,1978,7,United Kingdom of Great Britain and Northern Ireland,HUMAN_OBSERVATION
51.16534,-4.654179,2016,8,United Kingdom of Great Britain and Northern Ireland,HUMAN_OBSERVATION
51.170847,-4.658433,1978,7,United Kingdom of Great Britain and Northern Ireland,HUMAN_OBSERVATION
51.175306,-4.66012,1978,7,United Kingdom of Great Britain and Northern Ireland,HUMAN_OBSERVATION
51.198647,-4.176928,2018,2,United Kingdom of Great Britain and Northern Ireland,HUMAN_OBSERVATION
51.199169,-4.178336,2011,10,United Kingdom of Great Britain and Northern Ireland,HUMAN_OBSERVATION
51.22345,-3.617984,2014,8,United Kingdom of Great Britain and Northern Ireland,HUMAN_OBSERVATION
51.470324,-9.367893,1960,,Ireland,HUMAN_OBSERVATION
51.470528,-9.388767,1987,1,Ireland,HUMAN_OBSERVATION
51.470545,-9.387329,1987,2,Ireland,HUMAN_OBSERVATION
51.470764,-9.443465,1975,8,Ireland,HUMAN_OBSERVATION
51.471665,-9.443493,2000,1,Ireland,HUMAN_OBSERVATION
51.471665,-9.443493,1999,12,Ireland,HUMAN_OBSERVATION
51.471914,-9.224018,1960,,Ireland,HUMAN_OBSERVATION
51.493533,-9.491701,1987,1,Ireland,HUMAN_OBSERVATION
51.493533,-9.491701,1987,12,Ireland,HUMAN_OBSERVATION
51.494141,-9.288689,1987,4,Ireland,HUMAN_OBSERVATION
51.497968,-9.496166,1975,8,Ireland,HUMAN_OBSERVATION
51.49885,-9.497635,2000,1,Ireland,HUMAN_OBSERVATION
51.50125,-9.296091,1988,1,Ireland,HUMAN_OBSERVATION
51.50251,-9.304047,1988,1,Ireland,HUMAN_OBSERVATION
51.50251,-9.304047,1988,1,Ireland,HUMAN_OBSERVATION
51.502669,-9.28965,1984,6,Ireland,HUMAN_OBSERVATION
51.502669,-9.28965,1979,12,Ireland,HUMAN_OBSERVATION
51.502669,-9.28965,1950,,Ireland,HUMAN_OBSERVATION
51.503914,-9.299047,1988,1,Ireland,HUMAN_OBSERVATION
51.51872,-9.417606,1987,1,Ireland,HUMAN_OBSERVATION
51.520975,-9.453696,1987,1,Ireland,HUMAN_OBSERVATION
51.520975,-9.453696,1987,2,Ireland,HUMAN_OBSERVATION
51.521835,-9.456605,1975,8,Ireland,HUMAN_OBSERVATION
51.521835,-9.456605,1975,8,Ireland,HUMAN_OBSERVATION
51.522737,-9.456634,2000,1,Ireland,HUMAN_OBSERVATION
51.522737,-9.456634,2000,1,Ireland,HUMAN_OBSERVATION
51.585227,-9.418232,1987,2,Ireland,HUMAN_OBSERVATION
51.648249,-9.517723,1960,,Ireland,HUMAN_OBSERVATION
51.669502,-9.507592,1988,1,Ireland,HUMAN_OBSERVATION
51.669502,-9.507592,1984,7,Ireland,HUMAN_OBSERVATION
51.670803,-9.511249,1950,,Ireland,HUMAN_OBSERVATION
51.69823,-5.293415,2012,9,United Kingdom of Great Britain and Northern Ireland,HUMAN_OBSERVATION
51.737006,-5.28084,2008,7,United Kingdom of Great Britain and Northern Ireland,HUMAN_OBSERVATION
51.75728,-10.13662,2016,11,Ireland,HUMAN_OBSERVATION
51.758368,-9.869964,1995,8,Ireland,HUMAN_OBSERVATION
51.758368,-9.869964,1995,8,Ireland,HUMAN_OBSERVATION
51.758675,-9.869761,1995,8,Ireland,HUMAN_OBSERVATION
51.76925,-10.05519,2015,11,Ireland,HUMAN_OBSERVATION
51.770376,-10.020661,1995,8,Ireland,HUMAN_OBSERVATION
51.770376,-10.020661,1995,8,Ireland,HUMAN_OBSERVATION
51.770555,-10.020929,1999,12,Ireland,HUMAN_OBSERVATION
51.770555,-10.020929,1995,8,Ireland,HUMAN_OBSERVATION
51.88417,-10.383198,2024,6,Ireland,HUMAN_OBSERVATION
51.884998,-10.386816,1995,5,Ireland,HUMAN_OBSERVATION
51.884998,-10.386816,1995,5,Ireland,HUMAN_OBSERVATION
51.885058,-10.386295,1999,12,Ireland,HUMAN_OBSERVATION
51.885058,-10.386295,1995,5,Ireland,HUMAN_OBSERVATION
51.886496,-10.375177,2024,9,Ireland,HUMAN_OBSERVATION
51.887387,-10.356555,2023,10,Ireland,HUMAN_OBSERVATION
51.937771,-5.208461,2022,8,United Kingdom of Great Britain and Northern Ireland,HUMAN_OBSERVATION
51.937961,-5.208624,2022,8,United Kingdom of Great Britain and Northern Ireland,HUMAN_OBSERVATION
51.938345,-10.282958,1999,12,Ireland,HUMAN_OBSERVATION
51.938345,-10.282958,1995,5,Ireland,HUMAN_OBSERVATION
51.938496,-10.283833,1995,5,Ireland,HUMAN_OBSERVATION
51.938496,-10.283833,1995,5,Ireland,HUMAN_OBSERVATION
52.0272,-5.076959,2008,9,United Kingdom of Great Britain and Northern Ireland,HUMAN_OBSERVATION
52.133244,-10.35937,1987,6,Ireland,HUMAN_OBSERVATION
52.136084,-7.190171,1950,,Ireland,HUMAN_OBSERVATION
52.185304,-6.319296,1960,,Ireland,HUMAN_OBSERVATION
52.185304,-6.319296,1960,,Ireland,HUMAN_OBSERVATION
52.190106,-6.34105,1988,1,Ireland,HUMAN_OBSERVATION
52.2589,-9.914521,,,Ireland,HUMAN_OBSERVATION
52.268035,-10.124785,1960,,Ireland,HUMAN_OBSERVATION
52.301143,-10.031073,1988,1,Ireland,HUMAN_OBSERVATION
52.301143,-10.031073,1950,,Ireland,HUMAN_OBSERVATION
52.362761,-9.835701,1960,,Ireland,HUMAN_OBSERVATION
52.39,4.53,1982,12,Netherlands,HUMAN_OBSERVATION
52.394083,-9.844346,1959,12,Ireland,HUMAN_OBSERVATION
52.455,4.556,2018,1,Netherlands,HUMAN_OBSERVATION
52.58,4.61,2017,8,Netherlands,HUMAN_OBSERVATION
52.58,4.61,2017,11,Netherlands,HUMAN_OBSERVATION
52.58,4.61,2006,11,Netherlands,HUMAN_OBSERVATION
52.58,4.61,2006,11,Netherlands,HUMAN_OBSERVATION
52.64,4.62,1982,12,Netherlands,HUMAN_OBSERVATION
52.799679,-4.649918,1983,8,United Kingdom of Great Britain and Northern Ireland,HUMAN_OBSERVATION
52.799679,-4.649918,1983,8,United Kingdom of Great Britain and Northern Ireland,HUMAN_OBSERVATION
52.82,4.68,2012,10,Netherlands,HUMAN_OBSERVATION
53.063786,-9.514791,1985,9,Ireland,HUMAN_OBSERVATION
53.063786,-9.514791,1950,,Ireland,HUMAN_OBSERVATION
53.071393,-9.619502,1958,12,Ireland,HUMAN_OBSERVATION
53.085565,-9.567794,1970,5,Ireland,HUMAN_OBSERVATION
53.095042,-9.631586,1999,12,Ireland,HUMAN_OBSERVATION
53.095042,-9.631586,1993,8,Ireland,HUMAN_OBSERVATION
53.095292,-9.633101,1993,8,Ireland,HUMAN_OBSERVATION
53.095292,-9.633101,1993,8,Ireland,HUMAN_OBSERVATION
53.095292,-9.633101,1993,8,Ireland,HUMAN_OBSERVATION
53.095292,-9.633101,1993,8,Ireland,HUMAN_OBSERVATION
53.1,4.7,1983,1,Netherlands,HUMAN_OBSERVATION
53.1,4.7,1982,12,Netherlands,HUMAN_OBSERVATION
53.115892,-9.651045,1984,6,Ireland,HUMAN_OBSERVATION
53.115892,-9.651045,1984,7,Ireland,HUMAN_OBSERVATION
53.115892,-9.651045,1950,,Ireland,HUMAN_OBSERVATION
53.141559,-9.7417,1984,6,Ireland,HUMAN_OBSERVATION
53.141559,-9.7417,1950,,Ireland,HUMAN_OBSERVATION
53.141993,-9.711827,1984,7,Ireland,HUMAN_OBSERVATION
53.141993,-9.711827,1950,,Ireland,HUMAN_OBSERVATION
53.150978,-9.136246,2025,2,Ireland,HUMAN_OBSERVATION
53.157568,-9.119675,2022,3,Ireland,HUMAN_OBSERVATION
53.158205,-9.099509,1988,1,Ireland,HUMAN_OBSERVATION
53.158205,-9.099509,1987,8,Ireland,HUMAN_OBSERVATION
53.158205,-9.099509,1986,10,Ireland,HUMAN_OBSERVATION
53.16705,-9.114688,1984,2,Ireland,HUMAN_OBSERVATION
53.16705,-9.114688,1984,7,Ireland,HUMAN_OBSERVATION
53.16705,-9.114688,1984,9,Ireland,HUMAN_OBSERVATION
53.16705,-9.114688,1950,,Ireland,HUMAN_OBSERVATION
53.16705,-9.114688,1950,,Ireland,HUMAN_OBSERVATION
53.167461,-9.069839,1984,8,Ireland,HUMAN_OBSERVATION
53.180455,-9.122514,1976,8,Ireland,HUMAN_OBSERVATION
53.180455,-9.122514,1976,8,Ireland,HUMAN_OBSERVATION
53.180455,-9.122514,1973,,Ireland,HUMAN_OBSERVATION
53.180455,-9.122514,1960,,Ireland,HUMAN_OBSERVATION
53.233699,-9.543996,1999,12,Ireland,HUMAN_OBSERVATION
53.233699,-9.543996,1996,8,Ireland,HUMAN_OBSERVATION
53.240468,-9.547285,1996,8,Ireland,HUMAN_OBSERVATION
53.240468,-9.547285,1996,8,Ireland,HUMAN_OBSERVATION
53.246026,-9.628548,2020,6,Ireland,HUMAN_OBSERVATION
53.251828,-9.566374,1958,12,Ireland,HUMAN_OBSERVATION
53.255125,-9.063784,1958,12,Ireland,HUMAN_OBSERVATION
53.257161,-9.08706,1984,8,Ireland,HUMAN_OBSERVATION
53.257161,-9.08706,1950,,Ireland,HUMAN_OBSERVATION
53.257431,-9.057098,1984,10,Ireland,HUMAN_OBSERVATION
53.257431,-9.057098,1950,,Ireland,HUMAN_OBSERVATION
53.264215,-9.05202,1958,12,Ireland,HUMAN_OBSERVATION
53.268782,-9.274711,1960,,Ireland,HUMAN_OBSERVATION
53.279131,-4.621751,2002,9,United Kingdom of Great Britain and Northern Ireland,MATERIAL_SAMPLE
53.279131,-4.621751,2002,9,United Kingdom of Great Britain and Northern Ireland,MATERIAL_SAMPLE
53.28999,-9.691597,2018,9,Ireland,HUMAN_OBSERVATION
53.28999,-9.691597,2018,9,Ireland,HUMAN_OBSERVATION
53.301865,-9.838224,1984,6,Ireland,HUMAN_OBSERVATION
53.301865,-9.838224,1950,,Ireland,HUMAN_OBSERVATION
53.302758,-9.867515,1988,1,Ireland,HUMAN_OBSERVATION
53.302758,-9.867515,1987,1,Ireland,HUMAN_OBSERVATION
53.319594,-9.853993,1988,1,Ireland,HUMAN_OBSERVATION
53.319594,-9.853993,1984,2,Ireland,HUMAN_OBSERVATION
53.319594,-9.853993,1984,4,Ireland,HUMAN_OBSERVATION
53.319594,-9.853993,1984,6,Ireland,HUMAN_OBSERVATION
53.319594,-9.853993,1984,7,Ireland,HUMAN_OBSERVATION
53.319594,-9.853993,1984,8,Ireland,HUMAN_OBSERVATION
53.319594,-9.853993,1984,8,Ireland,HUMAN_OBSERVATION
53.319594,-9.853993,1984,11,Ireland,HUMAN_OBSERVATION
53.319594,-9.853993,1983,12,Ireland,HUMAN_OBSERVATION
53.319594,-9.853993,1983,12,Ireland,HUMAN_OBSERVATION
53.319594,-9.853993,1958,12,Ireland,HUMAN_OBSERVATION
53.319594,-9.853993,1950,,Ireland,HUMAN_OBSERVATION
53.357755,-9.70544,1988,1,Ireland,HUMAN_OBSERVATION
53.404417,-9.917077,1987,1,Ireland,HUMAN_OBSERVATION
53.414127,-10.113803,1984,6,Ireland,HUMAN_OBSERVATION
53.414127,-10.113803,1950,,Ireland,HUMAN_OBSERVATION
53.435356,-10.182578,1950,,Ireland,HUMAN_OBSERVATION
53.47245,-10.0179,2011,10,Ireland,HUMAN_OBSERVATION
53.527801,-10.036511,1960,,Ireland,HUMAN_OBSERVATION
53.559864,-10.000318,1950,,Ireland,HUMAN_OBSERVATION
53.560364,-9.970156,1984,6,Ireland,HUMAN_OBSERVATION
53.560364,-9.970156,1950,,Ireland,HUMAN_OBSERVATION
53.563892,-10.001263,1984,7,Ireland,HUMAN_OBSERVATION
53.628248,-10.200081,1950,,Ireland,HUMAN_OBSERVATION
53.709866,-9.893829,1960,,Ireland,HUMAN_OBSERVATION
53.709866,-9.893829,1960,,Ireland,HUMAN_OBSERVATION
53.764084,-9.903093,1959,12,Ireland,HUMAN_OBSERVATION
53.797165,-10.049541,1960,,Ireland,HUMAN_OBSERVATION
53.829988,-9.967598,1984,1,Ireland,HUMAN_OBSERVATION
53.866321,-9.666198,,,Ireland,HUMAN_OBSERVATION
53.966188,-9.90486,,,Ireland,HUMAN_OBSERVATION
54.047676,-4.827286,2003,,Isle of Man,HUMAN_OBSERVATION
54.051168,-4.674729,2003,,Isle of Man,HUMAN_OBSERVATION
54.05769,-4.78159,2017,6,Isle of Man,HUMAN_OBSERVATION
54.06091,-4.752718,2017,6,Isle of Man,HUMAN_OBSERVATION
54.063271,-4.662135,2021,8,Isle of Man,HUMAN_OBSERVATION
54.06357,-4.634461,2011,4,Isle of Man,HUMAN_OBSERVATION
54.06427,-4.738954,2017,6,Isle of Man,HUMAN_OBSERVATION
54.070064,-4.65378,2021,6,Isle of Man,HUMAN_OBSERVATION
54.07105,-4.653342,2021,10,Isle of Man,HUMAN_OBSERVATION
54.07117,-4.653839,2021,8,Isle of Man,HUMAN_OBSERVATION
54.07125,-4.652499,2021,10,Isle of Man,HUMAN_OBSERVATION
54.07144,-4.652832,2021,8,Isle of Man,HUMAN_OBSERVATION
54.07144,-4.652832,2021,8,Isle of Man,HUMAN_OBSERVATION
54.07144,-4.652832,2021,8,Isle of Man,HUMAN_OBSERVATION
54.071796,-4.654731,2021,8,Isle of Man,HUMAN_OBSERVATION
54.071796,-4.654731,2021,8,Isle of Man,HUMAN_OBSERVATION
54.07184,-4.606334,2020,7,Isle of Man,HUMAN_OBSERVATION
54.07184,-4.606334,2020,7,Isle of Man,HUMAN_OBSERVATION
54.07184,-4.606334,2020,7,Isle of Man,HUMAN_OBSERVATION
54.0725,-4.607308,2021,7,Isle of Man,HUMAN_OBSERVATION
54.07257,-4.607313,2019,6,Isle of Man,HUMAN_OBSERVATION
54.07257,-4.607313,2019,7,Isle of Man,HUMAN_OBSERVATION
54.07257,-4.607313,2019,8,Isle of Man,HUMAN_OBSERVATION
54.07317,-4.608497,2016,8,Isle of Man,HUMAN_OBSERVATION
54.073443,-4.683806,2021,6,Isle of Man,HUMAN_OBSERVATION
54.07412,-4.653275,2021,8,Isle of Man,HUMAN_OBSERVATION
54.07412,-4.653275,2021,8,Isle of Man,HUMAN_OBSERVATION
54.07412,-4.653275,2021,8,Isle of Man,HUMAN_OBSERVATION
54.07412,-4.653275,2021,8,Isle of Man,HUMAN_OBSERVATION
54.07412,-4.653275,2021,10,Isle of Man,HUMAN_OBSERVATION
54.07412,-4.653275,2021,10,Isle of Man,HUMAN_OBSERVATION
54.0743,-4.684205,2021,6,Isle of Man,HUMAN_OBSERVATION
54.07467,-4.607658,2014,8,Isle of Man,HUMAN_OBSERVATION
54.075123,-4.607475,2021,7,Isle of Man,HUMAN_OBSERVATION
54.075123,-4.607475,2020,7,Isle of Man,HUMAN_OBSERVATION
54.075123,-4.607475,2020,7,Isle of Man,HUMAN_OBSERVATION
54.075123,-4.607475,2019,6,Isle of Man,HUMAN_OBSERVATION
54.075123,-4.607475,2019,7,Isle of Man,HUMAN_OBSERVATION
54.075123,-4.607475,2019,8,Isle of Man,HUMAN_OBSERVATION
54.075123,-4.607475,2016,12,Isle of Man,HUMAN_OBSERVATION
54.07664,-4.77827,2017,6,Isle of Man,HUMAN_OBSERVATION
54.07747,-4.777684,2017,6,Isle of Man,HUMAN_OBSERVATION
54.07774,-4.718678,2017,6,Isle of Man,HUMAN_OBSERVATION
54.07822,-4.719444,2017,6,Isle of Man,HUMAN_OBSERVATION
54.07851,-4.727934,2018,9,Isle of Man,HUMAN_OBSERVATION
54.081389,-4.73019,2018,9,Isle of Man,HUMAN_OBSERVATION
54.0851,-4.765179,2014,8,Isle of Man,HUMAN_OBSERVATION
54.098345,-10.058394,2018,9,Ireland,HUMAN_OBSERVATION
54.098504,-10.059163,2018,9,Ireland,MATERIAL_SAMPLE
54.098504,-10.059163,2018,9,Ireland,MATERIAL_SAMPLE
54.10143,-10.06619,2018,9,Ireland,HUMAN_OBSERVATION
54.111201,-6.280029,2021,3,United Kingdom of Great Britain and Northern Ireland,HUMAN_OBSERVATION
54.11531,-4.749146,2017,6,Isle of Man,HUMAN_OBSERVATION
54.11627,-4.74774,2017,6,Isle of Man,HUMAN_OBSERVATION
54.15915,-4.459575,2021,9,Isle of Man,HUMAN_OBSERVATION
54.168129,-4.460108,2021,9,Isle of Man,HUMAN_OBSERVATION
54.168129,-4.460108,2017,8,Isle of Man,HUMAN_OBSERVATION
54.22619,-4.697424,2012,5,Isle of Man,HUMAN_OBSERVATION
54.248111,-5.681944,2016,5,United Kingdom of Great Britain and Northern Ireland,HUMAN_OBSERVATION
54.255336,-10.074671,2018,9,Ireland,MATERIAL_SAMPLE
54.255336,-10.074671,2018,9,Ireland,MATERIAL_SAMPLE
54.25583,-10.07615,2018,9,Ireland,HUMAN_OBSERVATION
54.25583,-10.07615,2018,9,Ireland,HUMAN_OBSERVATION
54.25596,-10.07576,2020,7,Ireland,HUMAN_OBSERVATION
54.256004,-10.077328,2018,9,Ireland,MATERIAL_SAMPLE
54.256004,-10.077328,2018,9,Ireland,MATERIAL_SAMPLE
54.256004,-10.077328,2018,9,Ireland,MATERIAL_SAMPLE
54.256004,-10.077328,2018,9,Ireland,MATERIAL_SAMPLE
54.256004,-10.077328,2018,9,Ireland,MATERIAL_SAMPLE
54.256004,-10.077328,2018,9,Ireland,MATERIAL_SAMPLE
54.256904,-10.080693,2014,5,Ireland,HUMAN_OBSERVATION
54.266544,-9.065289,2018,9,Ireland,HUMAN_OBSERVATION
54.273499,-9.209002,2018,9,Ireland,HUMAN_OBSERVATION
54.299444,-5.554333,2016,4,United Kingdom of Great Britain and Northern Ireland,HUMAN_OBSERVATION
54.37827,-5.568434,2018,5,United Kingdom of Great Britain and Northern Ireland,HUMAN_OBSERVATION
54.41103,-4.338242,2000,6,Isle of Man,HUMAN_OBSERVATION
54.43511,-5.545732,2016,4,United Kingdom of Great Britain and Northern Ireland,HUMAN_OBSERVATION
54.45306,-5.632795,2017,5,United Kingdom of Great Britain and Northern Ireland,HUMAN_OBSERVATION
54.5109,-5.549952,2016,4,United Kingdom of Great Britain and Northern Ireland,HUMAN_OBSERVATION
54.66775,-5.704634,2016,5,United Kingdom of Great Britain and Northern Ireland,HUMAN_OBSERVATION
54.66859,-5.651036,2019,8,United Kingdom of Great Britain and Northern Ireland,HUMAN_OBSERVATION
54.66859,-5.651036,2019,8,United Kingdom of Great Britain and Northern Ireland,HUMAN_OBSERVATION
54.98014,-5.965487,2016,4,United Kingdom of Great Britain and Northern Ireland,HUMAN_OBSERVATION
55.134568,-7.6873,,,Ireland,HUMAN_OBSERVATION
55.179406,-7.742554,1993,7,Ireland,HUMAN_OBSERVATION
55.180008,-7.742446,1993,7,Ireland,HUMAN_OBSERVATION
55.180008,-7.742446,1993,7,Ireland,HUMAN_OBSERVATION
55.189325,-7.76133,1993,7,Ireland,HUMAN_OBSERVATION
55.190206,-7.760911,1993,7,Ireland,HUMAN_OBSERVATION
55.190206,-7.760911,1993,7,Ireland,HUMAN_OBSERVATION
55.249937,-7.293178,1960,,Ireland,HUMAN_OBSERVATION
55.281137,-7.253283,1999,12,Ireland,HUMAN_OBSERVATION
55.43637,-5.123809,2014,9,United Kingdom of Great Britain and Northern Ireland,HUMAN_OBSERVATION
55.43637,-5.123809,2014,9,United Kingdom of Great Britain and Northern Ireland,HUMAN_OBSERVATION
55.43637,-5.123809,2014,9,United Kingdom of Great Britain and Northern Ireland,HUMAN_OBSERVATION
55.5108,-5.060974,2014,9,United Kingdom of Great Britain and Northern Ireland,HUMAN_OBSERVATION
55.5108,-5.060974,2014,9,United Kingdom of Great Britain and Northern Ireland,HUMAN_OBSERVATION
55.53871,-5.076446,2014,9,United Kingdom of Great Britain and Northern Ireland,HUMAN_OBSERVATION
55.54432,-5.0944,2010,8,United Kingdom of Great Britain and Northern Ireland,HUMAN_OBSERVATION
55.54432,-5.0944,2010,8,United Kingdom of Great Britain and Northern Ireland,HUMAN_OBSERVATION
55.54774,-5.088912,2018,10,United Kingdom of Great Britain and Northern Ireland,HUMAN_OBSERVATION
55.54795,-5.07963,2010,8,United Kingdom of Great Britain and Northern Ireland,HUMAN_OBSERVATION
55.54898,-5.0798,2010,8,United Kingdom of Great Britain and Northern Ireland,HUMAN_OBSERVATION
55.54898,-5.0798,2010,8,United Kingdom of Great Britain and Northern Ireland,HUMAN_OBSERVATION
55.54898,-5.0798,2010,8,United Kingdom of Great Britain and Northern Ireland,HUMAN_OBSERVATION
55.54898,-5.0798,2010,8,United Kingdom of Great Britain and Northern Ireland,HUMAN_OBSERVATION
55.55117,-5.07914,2010,8,United Kingdom of Great Britain and Northern Ireland,HUMAN_OBSERVATION
55.60984,-5.125572,2010,8,United Kingdom of Great Britain and Northern Ireland,HUMAN_OBSERVATION
55.60985,-5.125366,2010,8,United Kingdom of Great Britain and Northern Ireland,HUMAN_OBSERVATION
55.6491,-1.6134,2018,11,United Kingdom of Great Britain and Northern Ireland,HUMAN_OBSERVATION
55.9086,-2.12683,2016,9,United Kingdom of Great Britain and Northern Ireland,HUMAN_OBSERVATION
55.925606,-5.349252,1988,9,United Kingdom of Great Britain and Northern Ireland,HUMAN_OBSERVATION
55.936866,-5.709043,1985,9,United Kingdom of Great Britain and Northern Ireland,HUMAN_OBSERVATION
55.952695,-5.660877,1985,8,United Kingdom of Great Britain and Northern Ireland,HUMAN_OBSERVATION
55.971951,-5.648267,1985,8,United Kingdom of Great Britain and Northern Ireland,HUMAN_OBSERVATION
55.997382,-5.387549,1988,9,United Kingdom of Great Britain and Northern Ireland,HUMAN_OBSERVATION
56.007532,-5.600268,1985,9,United Kingdom of Great Britain and Northern Ireland,HUMAN_OBSERVATION
56.010268,-5.598918,1985,9,United Kingdom of Great Britain and Northern Ireland,HUMAN_OBSERVATION
56.03134,-5.576532,2006,9,United Kingdom of Great Britain and Northern Ireland,HUMAN_OBSERVATION
56.0327,-5.599568,2018,4,United Kingdom of Great Britain and Northern Ireland,HUMAN_OBSERVATION
56.03285,-5.59939,2018,4,United Kingdom of Great Britain and Northern Ireland,HUMAN_OBSERVATION
56.039196,-5.593583,1984,8,United Kingdom of Great Britain and Northern Ireland,HUMAN_OBSERVATION
56.23012,-5.046564,1988,8,United Kingdom of Great Britain and Northern Ireland,HUMAN_OBSERVATION
56.455522,-6.258861,2016,9,United Kingdom of Great Britain and Northern Ireland,MATERIAL_SAMPLE
56.455522,-6.258861,2016,9,United Kingdom of Great Britain and Northern Ireland,MATERIAL_SAMPLE
56.46434,-6.214671,2016,9,United Kingdom of Great Britain and Northern Ireland,HUMAN_OBSERVATION
56.466994,-6.239027,2016,9,United Kingdom of Great Britain and Northern Ireland,MATERIAL_SAMPLE
56.466994,-6.239027,2016,9,United Kingdom of Great Britain and Northern Ireland,MATERIAL_SAMPLE
56.576516,-6.284728,1976,8,United Kingdom of Great Britain and Northern Ireland,HUMAN_OBSERVATION
56.649182,-6.103608,1994,6,United Kingdom of Great Britain and Northern Ireland,HUMAN_OBSERVATION
56.654687,-6.017676,1990,6,United Kingdom of Great Britain and Northern Ireland,HUMAN_OBSERVATION
56.67722,-5.855633,2001,8,United Kingdom of Great Britain and Northern Ireland,HUMAN_OBSERVATION
56.67722,-5.855633,2001,8,United Kingdom of Great Britain and Northern Ireland,HUMAN_OBSERVATION
56.7605,-5.893984,2014,,United Kingdom of Great Britain and Northern Ireland,HUMAN_OBSERVATION
56.76157,-5.894668,2014,,United Kingdom of Great Britain and Northern Ireland,HUMAN_OBSERVATION
56.76485,-5.894795,2014,8,United Kingdom of Great Britain and Northern Ireland,HUMAN_OBSERVATION
56.76522,-5.893352,2003,7,United Kingdom of Great Britain and Northern Ireland,HUMAN_OBSERVATION
56.78679,-5.870733,2014,8,United Kingdom of Great Britain and Northern Ireland,HUMAN_OBSERVATION
56.80025,-5.888341,2014,,United Kingdom of Great Britain and Northern Ireland,HUMAN_OBSERVATION
56.84594,-5.727154,2014,,United Kingdom of Great Britain and Northern Ireland,HUMAN_OBSERVATION
56.84597,-5.771791,2014,,United Kingdom of Great Britain and Northern Ireland,HUMAN_OBSERVATION
56.8465,-5.7655,1995,6,United Kingdom of Great Britain and Northern Ireland,HUMAN_OBSERVATION
56.84701,-5.726539,2014,8,United Kingdom of Great Britain and Northern Ireland,HUMAN_OBSERVATION
56.8472,-5.725622,2003,7,United Kingdom of Great Britain and Northern Ireland,HUMAN_OBSERVATION
56.84781,-5.735242,2014,,United Kingdom of Great Britain and Northern Ireland,HUMAN_OBSERVATION
56.84782,-5.73068,2014,,United Kingdom of Great Britain and Northern Ireland,HUMAN_OBSERVATION
56.8481,-5.73756,2014,,United Kingdom of Great Britain and Northern Ireland,HUMAN_OBSERVATION
56.84878,-5.736947,2014,,United Kingdom of Great Britain and Northern Ireland,HUMAN_OBSERVATION
56.84931,-5.745902,2014,,United Kingdom of Great Britain and Northern Ireland,HUMAN_OBSERVATION
56.85007,-5.7784,2014,,United Kingdom of Great Britain and Northern Ireland,HUMAN_OBSERVATION
56.8502,-5.749274,2003,7,United Kingdom of Great Britain and Northern Ireland,HUMAN_OBSERVATION
56.853,-5.752666,1995,6,United Kingdom of Great Britain and Northern Ireland,HUMAN_OBSERVATION
56.85318,-5.753675,2014,,United Kingdom of Great Britain and Northern Ireland,HUMAN_OBSERVATION
56.8532,-5.745298,2014,,United Kingdom of Great Britain and Northern Ireland,HUMAN_OBSERVATION
56.85321,-5.749625,2014,8,United Kingdom of Great Britain and Northern Ireland,HUMAN_OBSERVATION
56.85341,-5.748709,2003,7,United Kingdom of Great Britain and Northern Ireland,HUMAN_OBSERVATION
56.85412,-5.763396,2014,,United Kingdom of Great Britain and Northern Ireland,HUMAN_OBSERVATION
56.955981,-7.502304,1995,8,United Kingdom of Great Britain and Northern Ireland,HUMAN_OBSERVATION
57.0052,-7.398504,2000,5,United Kingdom of Great Britain and Northern Ireland,HUMAN_OBSERVATION
57.005604,-7.399552,2000,5,United Kingdom of Great Britain and Northern Ireland,HUMAN_OBSERVATION
57.01572,-7.383955,2015,9,United Kingdom of Great Britain and Northern Ireland,HUMAN_OBSERVATION
57.01572,-7.383955,2015,9,United Kingdom of Great Britain and Northern Ireland,HUMAN_OBSERVATION
57.01572,-7.383955,2015,9,United Kingdom of Great Britain and Northern Ireland,HUMAN_OBSERVATION
57.01572,-7.383955,2015,9,United Kingdom of Great Britain and Northern Ireland,HUMAN_OBSERVATION
57.01572,-7.383955,2015,9,United Kingdom of Great Britain and Northern Ireland,HUMAN_OBSERVATION
57.01572,-7.383955,2015,9,United Kingdom of Great Britain and Northern Ireland,HUMAN_OBSERVATION
57.01572,-7.383955,2015,9,United Kingdom of Great Britain and Northern Ireland,HUMAN_OBSERVATION
57.01572,-7.383955,2015,9,United Kingdom of Great Britain and Northern Ireland,HUMAN_OBSERVATION
57.01572,-7.383955,2015,9,United Kingdom of Great Britain and Northern Ireland,HUMAN_OBSERVATION
57.01572,-7.383955,2015,9,United Kingdom of Great Britain and Northern Ireland,HUMAN_OBSERVATION
57.01653,-7.372523,2015,9,United Kingdom of Great Britain and Northern Ireland,HUMAN_OBSERVATION
57.01653,-7.372523,2015,9,United Kingdom of Great Britain and Northern Ireland,HUMAN_OBSERVATION
57.065198,-7.357347,1999,9,United Kingdom of Great Britain and Northern Ireland,HUMAN_OBSERVATION
57.065198,-7.357347,1999,9,United Kingdom of Great Britain and Northern Ireland,HUMAN_OBSERVATION
57.06888,-7.368953,2015,9,United Kingdom of Great Britain and Northern Ireland,HUMAN_OBSERVATION
57.06888,-7.368953,2015,9,United Kingdom of Great Britain and Northern Ireland,HUMAN_OBSERVATION
57.06888,-7.368953,2015,9,United Kingdom of Great Britain and Northern Ireland,HUMAN_OBSERVATION
57.06888,-7.368953,2015,9,United Kingdom of Great Britain and Northern Ireland,HUMAN_OBSERVATION
57.069558,-7.307918,1999,9,United Kingdom of Great Britain and Northern Ireland,HUMAN_OBSERVATION
57.069558,-7.307918,1999,9,United Kingdom of Great Britain and Northern Ireland,HUMAN_OBSERVATION
57.069654,-7.307767,1999,9,United Kingdom of Great Britain and Northern Ireland,HUMAN_OBSERVATION
57.069654,-7.307767,1999,9,United Kingdom of Great Britain and Northern Ireland,HUMAN_OBSERVATION
57.069654,-7.307767,1999,9,United Kingdom of Great Britain and Northern Ireland,HUMAN_OBSERVATION
57.069654,-7.307767,1999,9,United Kingdom of Great Britain and Northern Ireland,HUMAN_OBSERVATION
57.090721,-7.284832,1999,5,United Kingdom of Great Britain and Northern Ireland,HUMAN_OBSERVATION
57.090721,-7.284832,1999,5,United Kingdom of Great Britain and Northern Ireland,HUMAN_OBSERVATION
57.09172,-7.361747,2015,9,United Kingdom of Great Britain and Northern Ireland,HUMAN_OBSERVATION
57.09172,-7.361747,2015,9,United Kingdom of Great Britain and Northern Ireland,HUMAN_OBSERVATION
57.09172,-7.361747,2015,9,United Kingdom of Great Britain and Northern Ireland,HUMAN_OBSERVATION
57.09172,-7.361747,2015,9,United Kingdom of Great Britain and Northern Ireland,HUMAN_OBSERVATION
57.09172,-7.361747,2015,9,United Kingdom of Great Britain and Northern Ireland,HUMAN_OBSERVATION
57.09172,-7.361747,2015,9,United Kingdom of Great Britain and Northern Ireland,HUMAN_OBSERVATION
57.09172,-7.361747,2015,9,United Kingdom of Great Britain and Northern Ireland,HUMAN_OBSERVATION
57.09426,-7.335594,2015,9,United Kingdom of Great Britain and Northern Ireland,HUMAN_OBSERVATION
57.09426,-7.335594,2015,9,United Kingdom of Great Britain and Northern Ireland,HUMAN_OBSERVATION
57.09623,-7.325907,2015,9,United Kingdom of Great Britain and Northern Ireland,HUMAN_OBSERVATION
57.09623,-7.325907,2015,9,United Kingdom of Great Britain and Northern Ireland,HUMAN_OBSERVATION
57.097261,-7.300381,1999,5,United Kingdom of Great Britain and Northern Ireland,HUMAN_OBSERVATION
57.098193,-7.323562,1999,5,United Kingdom of Great Britain and Northern Ireland,HUMAN_OBSERVATION
57.0987,-7.286048,2015,9,United Kingdom of Great Britain and Northern Ireland,HUMAN_OBSERVATION
57.099863,-7.306094,1999,5,United Kingdom of Great Britain and Northern Ireland,HUMAN_OBSERVATION
57.099863,-7.306094,1999,5,United Kingdom of Great Britain and Northern Ireland,HUMAN_OBSERVATION
57.100516,-7.293009,1999,5,United Kingdom of Great Britain and Northern Ireland,HUMAN_OBSERVATION
57.101,-7.387369,2001,8,United Kingdom of Great Britain and Northern Ireland,HUMAN_OBSERVATION
57.10109,-7.294194,2015,9,United Kingdom of Great Britain and Northern Ireland,HUMAN_OBSERVATION
57.13226,-5.973911,2016,3,United Kingdom of Great Britain and Northern Ireland,HUMAN_OBSERVATION
57.141834,-7.261762,1990,5,United Kingdom of Great Britain and Northern Ireland,HUMAN_OBSERVATION
57.229997,-7.347353,1979,5,United Kingdom of Great Britain and Northern Ireland,HUMAN_OBSERVATION
57.230366,-7.317539,1984,7,United Kingdom of Great Britain and Northern Ireland,HUMAN_OBSERVATION
57.230366,-7.317539,1984,7,United Kingdom of Great Britain and Northern Ireland,HUMAN_OBSERVATION
57.28333,-5.655467,2019,2,United Kingdom of Great Britain and Northern Ireland,HUMAN_OBSERVATION
57.28333,-5.655467,2019,2,United Kingdom of Great Britain and Northern Ireland,HUMAN_OBSERVATION
57.396814,-7.381699,2017,12,United Kingdom of Great Britain and Northern Ireland,HUMAN_OBSERVATION
57.403088,-7.371784,2016,7,United Kingdom of Great Britain and Northern Ireland,HUMAN_OBSERVATION
57.412739,-7.356524,2017,11,United Kingdom of Great Britain and Northern Ireland,HUMAN_OBSERVATION
57.474632,-7.38231,2017,1,United Kingdom of Great Britain and Northern Ireland,HUMAN_OBSERVATION
57.474632,-7.38231,2016,12,United Kingdom of Great Britain and Northern Ireland,HUMAN_OBSERVATION
57.479839,-7.205154,2017,3,United Kingdom of Great Britain and Northern Ireland,HUMAN_OBSERVATION
57.506386,-7.269964,2017,6,United Kingdom of Great Britain and Northern Ireland,HUMAN_OBSERVATION
57.62497,-7.139612,2015,7,United Kingdom of Great Britain and Northern Ireland,HUMAN_OBSERVATION
57.62807,-7.175624,2015,7,United Kingdom of Great Britain and Northern Ireland,HUMAN_OBSERVATION
57.62991,-7.162132,2004,5,United Kingdom of Great Britain and Northern Ireland,HUMAN_OBSERVATION
57.67372,-2.484308,2018,8,United Kingdom of Great Britain and Northern Ireland,HUMAN_OBSERVATION
57.67372,-2.484308,2018,8,United Kingdom of Great Britain and Northern Ireland,HUMAN_OBSERVATION
57.698553,-5.788485,1990,6,United Kingdom of Great Britain and Northern Ireland,HUMAN_OBSERVATION
57.736697,-5.775667,1990,6,United Kingdom of Great Britain and Northern Ireland,HUMAN_OBSERVATION
57.810481,-5.588,1990,6,United Kingdom of Great Britain and Northern Ireland,HUMAN_OBSERVATION
57.82057,-5.61259,1990,6,United Kingdom of Great Britain and Northern Ireland,HUMAN_OBSERVATION
58.056642,-7.025908,1988,8,United Kingdom of Great Britain and Northern Ireland,HUMAN_OBSERVATION
58.067872,-7.037677,1988,8,United Kingdom of Great Britain and Northern Ireland,HUMAN_OBSERVATION
58.971699,-2.912169,1995,6,United Kingdom of Great Britain and Northern Ireland,HUMAN_OBSERVATION
58.971699,-2.912169,1995,6,United Kingdom of Great Britain and Northern Ireland,HUMAN_OBSERVATION
58.990761,-2.883091,1995,6,United Kingdom of Great Britain and Northern Ireland,HUMAN_OBSERVATION
58.990761,-2.883091,1995,6,United Kingdom of Great Britain and Northern Ireland,HUMAN_OBSERVATION
59.007243,-3.078506,1995,6,United Kingdom of Great Britain and Northern Ireland,HUMAN_OBSERVATION
59.007243,-3.078506,1995,6,United Kingdom of Great Britain and Northern Ireland,HUMAN_OBSERVATION
59.007738,-2.895713,1995,6,United Kingdom of Great Britain and Northern Ireland,HUMAN_OBSERVATION
59.012543,-3.08912,1995,6,United Kingdom of Great Britain and Northern Ireland,HUMAN_OBSERVATION
59.013911,-3.031698,1995,6,United Kingdom of Great Britain and Northern Ireland,HUMAN_OBSERVATION
59.01935,-2.904723,1995,6,United Kingdom of Great Britain and Northern Ireland,HUMAN_OBSERVATION
59.02108,-3.033654,1995,6,United Kingdom of Great Britain and Northern Ireland,HUMAN_OBSERVATION
59.024127,-2.988457,1995,6,United Kingdom of Great Britain and Northern Ireland,HUMAN_OBSERVATION
59.025,-2.86655,1995,6,United Kingdom of Great Britain and Northern Ireland,HUMAN_OBSERVATION
59.031048,-2.901546,1995,6,United Kingdom of Great Britain and Northern Ireland,HUMAN_OBSERVATION
59.038154,-3.032424,1995,6,United Kingdom of Great Britain and Northern Ireland,HUMAN_OBSERVATION
59.043458,-3.04304,1995,6,United Kingdom of Great Britain and Northern Ireland,HUMAN_OBSERVATION
59.08977,-2.526994,2016,5,United Kingdom of Great Britain and Northern Ireland,HUMAN_OBSERVATION
59.140755,-2.736645,1997,6,United Kingdom of Great Britain and Northern Ireland,HUMAN_OBSERVATION
59.195953,-2.659059,1997,6,United Kingdom of Great Britain and Northern Ireland,HUMAN_OBSERVATION
59.2243,-2.504185,2008,9,United Kingdom of Great Britain and Northern Ireland,HUMAN_OBSERVATION
59.2243,-2.504185,2008,9,United Kingdom of Great Britain and Northern Ireland,HUMAN_OBSERVATION
59.268361,-2.535907,1997,7,United Kingdom of Great Britain and Northern Ireland,HUMAN_OBSERVATION
59.26908,-2.382103,2008,9,United Kingdom of Great Britain and Northern Ireland,HUMAN_OBSERVATION
59.29787,-2.44413,2008,9,United Kingdom of Great Britain and Northern Ireland,HUMAN_OBSERVATION
60.1033,-1.070184,2021,8,United Kingdom of Great Britain and Northern Ireland,HUMAN_OBSERVATION
