latitude,longitude,year,month,country,basisOfRecord
36.7859,-5.354,2003,5,Spain,OCCURRENCE
38.1021,-8.7925,1978,1,Portugal,OCCURRENCE
38.1349,-8.7807,1989,2,Portugal,OCCURRENCE
38.1349,-8.7807,1988,3,Portugal,OCCURRENCE
38.1349,-8.7807,1988,4,Portugal,OCCURRENCE
38.8353,-8.9793,2011,8,Portugal,OCCURRENCE
41.8783,-8.8347,2022,1,Portugal,OCCURRENCE
45.246782,29.740744,2021,9,Ukraine,MATERIAL_SAMPLE
45.326844,29.773612,2012,5,Ukraine,HUMAN_OBSERVATION
45.340271,29.771403,2012,5,Ukraine,HUMAN_OBSERVATION
45.340613,29.767881,2021,9,Ukraine,MATERIAL_SAMPLE
45.34065,29.757115,2011,10,Ukraine,HUMAN_OBSERVATION
45.341476,29.657944,2010,10,Ukraine,HUMAN_OBSERVATION
45.39245,29.609909,2011,8,Ukraine,HUMAN_OBSERVATION
45.447629,29.719422,2011,8,Ukraine,HUMAN_OBSERVATION
45.447629,29.719422,2010,10,Ukraine,HUMAN_OBSERVATION
45.447629,29.719422,2009,8,Ukraine,HUMAN_OBSERVATION
45.465255,29.644309,2010,8,Ukraine,HUMAN_OBSERVATION
45.473124,29.651587,2011,5,Ukraine,HUMAN_OBSERVATION
45.473124,29.651587,2011,10,Ukraine,HUMAN_OBSERVATION
45.477361,29.608929,2011,10,Ukraine,HUMAN_OBSERVATION
45.48609,29.629149,2010,8,Ukraine,HUMAN_OBSERVATION
45.48609,29.629149,2010,8,Ukraine,HUMAN_OBSERVATION
45.542161,29.65321,2009,8,Ukraine,HUMAN_OBSERVATION
45.566094,29.61264,2009,10,Ukraine,HUMAN_OBSERVATION
45.598643,29.74041,2010,4,Ukraine,HUMAN_OBSERVATION
45.70462,5.86232,2023,7,France,HUMAN_OBSERVATION
45.70462,5.86232,2023,7,France,HUMAN_OBSERVATION
45.71073,5.86082,2023,2,France,HUMAN_OBSERVATION
45.71073,5.86082,2022,7,France,HUMAN_OBSERVATION
45.71073,5.86082,2022,7,France,HUMAN_OBSERVATION
45.71073,5.86082,2022,8,France,HUMAN_OBSERVATION
45.71073,5.86082,2022,8,France,HUMAN_OBSERVATION
45.71073,5.86082,2022,11,France,HUMAN_OBSERVATION
45.71983,5.85699,2021,9,France,HUMAN_OBSERVATION
45.72212,5.85679,2021,9,France,HUMAN_OBSERVATION
45.73626,5.84889,2023,7,France,HUMAN_OBSERVATION
45.849599,29.65259,2010,8,Ukraine,HUMAN_OBSERVATION
46.63025,31.418,2008,7,Ukraine,HUMAN_OBSERVATION
46.982667,31.990472,2019,5,Ukraine,HUMAN_OBSERVATION
47.7266,18.7461,2018,8,Hungary,HUMAN_OBSERVATION
49.26953,-0.24279,1974,,France,HUMAN_OBSERVATION
49.4606,6.36413,1974,8,Luxembourg,HUMAN_OBSERVATION
49.4837,6.3613,1984,8,Luxembourg,HUMAN_OBSERVATION
49.5232,6.34694,1984,8,Luxembourg,HUMAN_OBSERVATION
49.5232,6.34694,1984,8,Luxembourg,HUMAN_OBSERVATION
49.5325,6.36026,1984,8,Germany,HUMAN_OBSERVATION
49.6724,6.43132,1974,1,Luxembourg,HUMAN_OBSERVATION
49.6724,6.43686,1973,1,Luxembourg,HUMAN_OBSERVATION
50.18334,4.3875,2019,9,Belgium,HUMAN_OBSERVATION
50.185,4.49667,2022,3,Belgium,HUMAN_OBSERVATION
50.456763,-4.226489,1986,7,United Kingdom of Great Britain and Northern Ireland,HUMAN_OBSERVATION
50.456763,-4.226489,1986,7,United Kingdom of Great Britain and Northern Ireland,HUMAN_OBSERVATION
50.457688,-4.225124,1986,4,United Kingdom of Great Britain and Northern Ireland,HUMAN_OBSERVATION
50.458344,-4.237835,1986,4,United Kingdom of Great Britain and Northern Ireland,HUMAN_OBSERVATION
50.473971,-4.220251,1986,4,United Kingdom of Great Britain and Northern Ireland,HUMAN_OBSERVATION
50.491917,-4.222502,1986,7,United Kingdom of Great Britain and Northern Ireland,HUMAN_OBSERVATION
50.534644,-3.590899,1988,7,United Kingdom of Great Britain and Northern Ireland,HUMAN_OBSERVATION
50.537475,-3.581116,1988,7,United Kingdom of Great Britain and Northern Ireland,HUMAN_OBSERVATION
50.53933,-3.576945,1988,7,United Kingdom of Great Britain and Northern Ireland,HUMAN_OBSERVATION
50.59028,3.39664,2022,4,Belgium,HUMAN_OBSERVATION
50.619662,7.21113,2009,,Germany,HUMAN_OBSERVATION
50.896703,7.008613,2009,,Germany,HUMAN_OBSERVATION
51.0377,4.1125,2015,5,Belgium,HUMAN_OBSERVATION
51.04509,4.0895,2015,5,Belgium,HUMAN_OBSERVATION
51.13439,2.76066,2006,11,Belgium,HUMAN_OBSERVATION
51.28333,4.39106,2016,12,Belgium,HUMAN_OBSERVATION
51.283439,4.390913,2019,12,Belgium,HUMAN_OBSERVATION
51.28355,4.39143,2019,12,Belgium,HUMAN_OBSERVATION
51.28387,4.39153,2023,1,Belgium,HUMAN_OBSERVATION
51.29243,3.11875,2024,7,Belgium,HUMAN_OBSERVATION
51.3,3.85,2025,4,Netherlands,HUMAN_OBSERVATION
51.3,3.85,2024,5,Netherlands,HUMAN_OBSERVATION
51.33402,4.25607,2024,8,Belgium,HUMAN_OBSERVATION
51.3505,3.37246,2002,10,Belgium,HUMAN_OBSERVATION
51.351816,6.663253,2009,,Germany,HUMAN_OBSERVATION
51.36071,3.3525,2024,2,Belgium,HUMAN_OBSERVATION
51.4,4.2,1998,5,Netherlands,HUMAN_OBSERVATION
51.484488,-0.008887,2007,3,United Kingdom of Great Britain and Northern Ireland,HUMAN_OBSERVATION
51.484488,-0.008887,2007,3,United Kingdom of Great Britain and Northern Ireland,HUMAN_OBSERVATION
51.484488,-0.008887,2007,10,United Kingdom of Great Britain and Northern Ireland,HUMAN_OBSERVATION
51.484488,-0.008887,2007,10,United Kingdom of Great Britain and Northern Ireland,HUMAN_OBSERVATION
51.484488,-0.008887,2007,10,United Kingdom of Great Britain and Northern Ireland,HUMAN_OBSERVATION
51.484488,-0.008887,2006,3,United Kingdom of Great Britain and Northern Ireland,HUMAN_OBSERVATION
51.484488,-0.008887,2006,3,United Kingdom of Great Britain and Northern Ireland,HUMAN_OBSERVATION
51.484488,-0.008887,2006,3,United Kingdom of Great Britain and Northern Ireland,HUMAN_OBSERVATION
51.484488,-0.008887,2005,3,United Kingdom of Great Britain and Northern Ireland,HUMAN_OBSERVATION
51.484488,-0.008887,2005,3,United Kingdom of Great Britain and Northern Ireland,HUMAN_OBSERVATION
51.484488,-0.008887,2005,3,United Kingdom of Great Britain and Northern Ireland,HUMAN_OBSERVATION
51.484488,-0.008887,2005,3,United Kingdom of Great Britain and Northern Ireland,HUMAN_OBSERVATION
51.484488,-0.008887,2005,9,United Kingdom of Great Britain and Northern Ireland,HUMAN_OBSERVATION
51.484488,-0.008887,2005,9,United Kingdom of Great Britain and Northern Ireland,HUMAN_OBSERVATION
51.484488,-0.008887,2005,9,United Kingdom of Great Britain and Northern Ireland,HUMAN_OBSERVATION
51.484488,-0.008887,2005,9,United Kingdom of Great Britain and Northern Ireland,HUMAN_OBSERVATION
51.484488,-0.008887,2005,9,United Kingdom of Great Britain and Northern Ireland,HUMAN_OBSERVATION
51.484488,-0.008887,2005,9,United Kingdom of Great Britain and Northern Ireland,HUMAN_OBSERVATION
51.486095,-0.281042,2006,9,United Kingdom of Great Britain and Northern Ireland,HUMAN_OBSERVATION
51.486095,-0.281042,2006,9,United Kingdom of Great Britain and Northern Ireland,HUMAN_OBSERVATION
51.487956,-0.285293,2006,9,United Kingdom of Great Britain and Northern Ireland,HUMAN_OBSERVATION
51.487956,-0.285293,2005,3,United Kingdom of Great Britain and Northern Ireland,HUMAN_OBSERVATION
51.487956,-0.285293,2005,7,United Kingdom of Great Britain and Northern Ireland,HUMAN_OBSERVATION
51.487956,-0.285293,2005,9,United Kingdom of Great Britain and Northern Ireland,HUMAN_OBSERVATION
51.487956,-0.285293,2005,9,United Kingdom of Great Britain and Northern Ireland,HUMAN_OBSERVATION
51.487956,-0.285293,2005,9,United Kingdom of Great Britain and Northern Ireland,HUMAN_OBSERVATION
51.495077,0.054964,2006,3,United Kingdom of Great Britain and Northern Ireland,HUMAN_OBSERVATION
51.495077,0.054964,2006,3,United Kingdom of Great Britain and Northern Ireland,HUMAN_OBSERVATION
51.495925,0.057883,1998,3,United Kingdom of Great Britain and Northern Ireland,HUMAN_OBSERVATION
51.497621,0.063723,2000,9,United Kingdom of Great Britain and Northern Ireland,HUMAN_OBSERVATION
51.497621,0.063723,1998,3,United Kingdom of Great Britain and Northern Ireland,HUMAN_OBSERVATION
51.5,3.85,2018,7,Netherlands,HUMAN_OBSERVATION
51.502116,0.605724,2001,10,United Kingdom of Great Britain and Northern Ireland,HUMAN_OBSERVATION
51.502116,0.605724,2001,10,United Kingdom of Great Britain and Northern Ireland,HUMAN_OBSERVATION
51.502116,0.605724,2001,10,United Kingdom of Great Britain and Northern Ireland,HUMAN_OBSERVATION
51.502728,-0.023942,2007,5,United Kingdom of Great Britain and Northern Ireland,HUMAN_OBSERVATION
51.50694,-0.115985,2007,10,United Kingdom of Great Britain and Northern Ireland,HUMAN_OBSERVATION
51.50694,-0.115985,2007,10,United Kingdom of Great Britain and Northern Ireland,HUMAN_OBSERVATION
51.50694,-0.115985,2006,3,United Kingdom of Great Britain and Northern Ireland,HUMAN_OBSERVATION
51.50694,-0.115985,2006,3,United Kingdom of Great Britain and Northern Ireland,HUMAN_OBSERVATION
51.50694,-0.115985,2005,9,United Kingdom of Great Britain and Northern Ireland,HUMAN_OBSERVATION
51.50694,-0.115985,2002,9,United Kingdom of Great Britain and Northern Ireland,HUMAN_OBSERVATION
51.514105,0.097617,2005,4,United Kingdom of Great Britain and Northern Ireland,HUMAN_OBSERVATION
51.514105,0.097617,2002,4,United Kingdom of Great Britain and Northern Ireland,HUMAN_OBSERVATION
51.514105,0.097617,2002,9,United Kingdom of Great Britain and Northern Ireland,HUMAN_OBSERVATION
51.514105,0.097617,2001,10,United Kingdom of Great Britain and Northern Ireland,HUMAN_OBSERVATION
51.514105,0.097617,2001,10,United Kingdom of Great Britain and Northern Ireland,HUMAN_OBSERVATION
51.514105,0.097617,2000,3,United Kingdom of Great Britain and Northern Ireland,HUMAN_OBSERVATION
51.647419,6.606871,2009,,Germany,HUMAN_OBSERVATION
51.65,4.3,2025,4,Netherlands,HUMAN_OBSERVATION
51.665062,6.485684,2009,,Germany,HUMAN_OBSERVATION
51.707094,4.128745,2009,4,Netherlands,HUMAN_OBSERVATION
51.707094,4.128745,2009,4,Netherlands,HUMAN_OBSERVATION
51.707094,4.128745,2008,8,Netherlands,HUMAN_OBSERVATION
51.735099,4.169864,2007,5,Netherlands,HUMAN_OBSERVATION
51.754368,6.401914,2009,,Germany,HUMAN_OBSERVATION
51.755363,4.096084,2008,4,Netherlands,HUMAN_OBSERVATION
51.758076,6.33749,2009,,Germany,HUMAN_OBSERVATION
51.798728,3.877752,1995,6,Netherlands,HUMAN_OBSERVATION
51.809219,-4.394813,1935,8,United Kingdom of Great Britain and Northern Ireland,HUMAN_OBSERVATION
51.809219,-4.394813,1935,8,United Kingdom of Great Britain and Northern Ireland,HUMAN_OBSERVATION
51.830753,6.245908,2009,,Germany,HUMAN_OBSERVATION
51.847089,-8.187189,2003,9,Ireland,HUMAN_OBSERVATION
51.85,4.55,2023,8,Netherlands,HUMAN_OBSERVATION
51.85,4.55,2023,9,Netherlands,HUMAN_OBSERVATION
51.85,4.55,2020,9,Netherlands,HUMAN_OBSERVATION
51.852754,4.329767,2006,8,Netherlands,HUMAN_OBSERVATION
51.860199,6.074038,2009,,Germany,HUMAN_OBSERVATION
51.861314,-8.267083,2017,,Ireland,HUMAN_OBSERVATION
51.871986,4.230175,2003,4,Netherlands,HUMAN_OBSERVATION
51.885221,1.255678,1992,8,United Kingdom of Great Britain and Northern Ireland,HUMAN_OBSERVATION
51.91,4.25,1952,5,Netherlands,HUMAN_OBSERVATION
51.918942,4.398262,2001,8,Netherlands,HUMAN_OBSERVATION
51.948362,1.116161,1992,8,United Kingdom of Great Britain and Northern Ireland,HUMAN_OBSERVATION
51.95,4.55,2018,9,Netherlands,HUMAN_OBSERVATION
51.95,4.55,2013,5,Netherlands,HUMAN_OBSERVATION
51.95,5.05,2023,9,Netherlands,HUMAN_OBSERVATION
51.95,5.2,2019,6,Netherlands,HUMAN_OBSERVATION
51.952426,1.132454,1992,8,United Kingdom of Great Britain and Northern Ireland,HUMAN_OBSERVATION
51.956941,1.011217,1959,6,United Kingdom of Great Britain and Northern Ireland,HUMAN_OBSERVATION
51.956941,1.011217,1957,9,United Kingdom of Great Britain and Northern Ireland,HUMAN_OBSERVATION
51.998824,1.212921,1992,8,United Kingdom of Great Britain and Northern Ireland,HUMAN_OBSERVATION
52.06976,1.485831,2014,10,United Kingdom of Great Britain and Northern Ireland,HUMAN_OBSERVATION
52.06976,1.485831,2014,10,United Kingdom of Great Britain and Northern Ireland,HUMAN_OBSERVATION
52.06976,1.485831,2014,10,United Kingdom of Great Britain and Northern Ireland,HUMAN_OBSERVATION
52.06976,1.485831,2014,10,United Kingdom of Great Britain and Northern Ireland,HUMAN_OBSERVATION
52.06976,1.485831,2014,10,United Kingdom of Great Britain and Northern Ireland,HUMAN_OBSERVATION
52.06976,1.485831,2014,10,United Kingdom of Great Britain and Northern Ireland,HUMAN_OBSERVATION
52.06976,1.485831,2014,10,United Kingdom of Great Britain and Northern Ireland,HUMAN_OBSERVATION
52.06976,1.485831,2014,10,United Kingdom of Great Britain and Northern Ireland,HUMAN_OBSERVATION
52.06976,1.485831,2014,10,United Kingdom of Great Britain and Northern Ireland,HUMAN_OBSERVATION
52.097858,4.663606,2004,5,Netherlands,HUMAN_OBSERVATION
52.100482,1.496261,1992,6,United Kingdom of Great Britain and Northern Ireland,HUMAN_OBSERVATION
52.15687,1.580384,2000,10,United Kingdom of Great Britain and Northern Ireland,HUMAN_OBSERVATION
52.15687,1.580384,2000,10,United Kingdom of Great Britain and Northern Ireland,HUMAN_OBSERVATION
52.159498,1.492845,2014,5,United Kingdom of Great Britain and Northern Ireland,HUMAN_OBSERVATION
52.159498,1.492845,2014,5,United Kingdom of Great Britain and Northern Ireland,HUMAN_OBSERVATION
52.163733,1.346918,1991,10,United Kingdom of Great Britain and Northern Ireland,HUMAN_OBSERVATION
52.178314,1.35606,1991,10,United Kingdom of Great Britain and Northern Ireland,HUMAN_OBSERVATION
52.2,4.95,2021,7,Netherlands,HUMAN_OBSERVATION
52.2,4.95,2019,12,Netherlands,HUMAN_OBSERVATION
52.2,4.95,2007,6,Netherlands,HUMAN_OBSERVATION
52.200257,-6.392598,2016,,Ireland,HUMAN_OBSERVATION
52.200329,-6.610535,2016,,Ireland,HUMAN_OBSERVATION
52.226605,5.313002,2005,5,Netherlands,HUMAN_OBSERVATION
52.257543,-7.100327,,,Ireland,HUMAN_OBSERVATION
52.3,5,2022,10,Netherlands,HUMAN_OBSERVATION
52.318379,1.59342,2014,6,United Kingdom of Great Britain and Northern Ireland,HUMAN_OBSERVATION
52.318379,1.59342,2014,6,United Kingdom of Great Britain and Northern Ireland,HUMAN_OBSERVATION
52.318379,1.59342,2014,6,United Kingdom of Great Britain and Northern Ireland,HUMAN_OBSERVATION
52.366623,-6.399777,2002,9,Ireland,HUMAN_OBSERVATION
52.367694,4.958034,1999,9,Netherlands,HUMAN_OBSERVATION
52.37112,4.876726,1995,9,Netherlands,HUMAN_OBSERVATION
52.379532,4.908896,1998,9,Netherlands,HUMAN_OBSERVATION
52.386524,1.716562,1985,,United Kingdom of Great Britain and Northern Ireland,HUMAN_OBSERVATION
52.38718,1.710002,1985,,United Kingdom of Great Britain and Northern Ireland,HUMAN_OBSERVATION
52.395002,4.675215,2010,5,Netherlands,HUMAN_OBSERVATION
52.395002,4.675215,2010,5,Netherlands,HUMAN_OBSERVATION
52.4,4.7,2021,9,Netherlands,HUMAN_OBSERVATION
52.4,4.7,2003,6,Netherlands,HUMAN_OBSERVATION
52.4,4.75,2015,4,Netherlands,HUMAN_OBSERVATION
52.4,4.8,2024,5,Netherlands,HUMAN_OBSERVATION
52.4,4.9,2013,11,Netherlands,HUMAN_OBSERVATION
52.4,4.95,2018,7,Netherlands,HUMAN_OBSERVATION
52.407523,4.679834,2010,5,Netherlands,HUMAN_OBSERVATION
52.407523,4.679834,2010,5,Netherlands,HUMAN_OBSERVATION
52.435836,4.897229,1991,9,Netherlands,HUMAN_OBSERVATION
52.497825,1.60805,1996,10,United Kingdom of Great Britain and Northern Ireland,HUMAN_OBSERVATION
52.55,4.75,2017,6,Netherlands,HUMAN_OBSERVATION
52.558968,5.917927,1997,10,Netherlands,HUMAN_OBSERVATION
52.582951,1.76271,1982,4,United Kingdom of Great Britain and Northern Ireland,HUMAN_OBSERVATION
52.587545,1.615422,1982,4,United Kingdom of Great Britain and Northern Ireland,HUMAN_OBSERVATION
52.587545,1.615422,1982,4,United Kingdom of Great Britain and Northern Ireland,HUMAN_OBSERVATION
52.587545,1.615422,1982,4,United Kingdom of Great Britain and Northern Ireland,HUMAN_OBSERVATION
52.587545,1.615422,1982,4,United Kingdom of Great Britain and Northern Ireland,HUMAN_OBSERVATION
52.587545,1.615422,1982,4,United Kingdom of Great Britain and Northern Ireland,HUMAN_OBSERVATION
52.587545,1.615422,1982,4,United Kingdom of Great Britain and Northern Ireland,HUMAN_OBSERVATION
52.587545,1.615422,1982,4,United Kingdom of Great Britain and Northern Ireland,HUMAN_OBSERVATION
52.587545,1.615422,1982,4,United Kingdom of Great Britain and Northern Ireland,HUMAN_OBSERVATION
52.587545,1.615422,1977,2,United Kingdom of Great Britain and Northern Ireland,HUMAN_OBSERVATION
52.587545,1.615422,1977,3,United Kingdom of Great Britain and Northern Ireland,HUMAN_OBSERVATION
52.587545,1.615422,1977,3,United Kingdom of Great Britain and Northern Ireland,HUMAN_OBSERVATION
52.591956,1.468096,1996,7,United Kingdom of Great Britain and Northern Ireland,HUMAN_OBSERVATION
52.591956,1.468096,1977,2,United Kingdom of Great Britain and Northern Ireland,HUMAN_OBSERVATION
52.591956,1.468096,1977,3,United Kingdom of Great Britain and Northern Ireland,HUMAN_OBSERVATION
52.605657,-4.121086,2007,1,United Kingdom of Great Britain and Northern Ireland,HUMAN_OBSERVATION
52.605701,-4.121103,2007,1,United Kingdom of Great Britain and Northern Ireland,HUMAN_OBSERVATION
52.605726,-4.121222,2007,1,United Kingdom of Great Britain and Northern Ireland,HUMAN_OBSERVATION
52.605782,-4.121137,2007,1,United Kingdom of Great Britain and Northern Ireland,HUMAN_OBSERVATION
52.605805,-4.121344,2007,1,United Kingdom of Great Britain and Northern Ireland,HUMAN_OBSERVATION
52.605832,-4.121346,2007,1,United Kingdom of Great Britain and Northern Ireland,HUMAN_OBSERVATION
52.605861,-4.121229,2007,1,United Kingdom of Great Britain and Northern Ireland,HUMAN_OBSERVATION
52.606211,-4.121275,1998,12,United Kingdom of Great Britain and Northern Ireland,HUMAN_OBSERVATION
52.606211,-4.121275,1998,12,United Kingdom of Great Britain and Northern Ireland,HUMAN_OBSERVATION
52.606211,-4.121275,1998,12,United Kingdom of Great Britain and Northern Ireland,HUMAN_OBSERVATION
52.677263,1.622834,1997,3,United Kingdom of Great Britain and Northern Ireland,HUMAN_OBSERVATION
52.677263,1.622834,1982,3,United Kingdom of Great Britain and Northern Ireland,HUMAN_OBSERVATION
52.677263,1.622834,1982,3,United Kingdom of Great Britain and Northern Ireland,HUMAN_OBSERVATION
52.677263,1.622834,1982,3,United Kingdom of Great Britain and Northern Ireland,HUMAN_OBSERVATION
52.677263,1.622834,1982,3,United Kingdom of Great Britain and Northern Ireland,HUMAN_OBSERVATION
52.677263,1.622834,1982,3,United Kingdom of Great Britain and Northern Ireland,HUMAN_OBSERVATION
52.677263,1.622834,1982,3,United Kingdom of Great Britain and Northern Ireland,HUMAN_OBSERVATION
52.677263,1.622834,1982,3,United Kingdom of Great Britain and Northern Ireland,HUMAN_OBSERVATION
52.677263,1.622834,1982,4,United Kingdom of Great Britain and Northern Ireland,HUMAN_OBSERVATION
52.677263,1.622834,1977,1,United Kingdom of Great Britain and Northern Ireland,HUMAN_OBSERVATION
52.677263,1.622834,1977,1,United Kingdom of Great Britain and Northern Ireland,HUMAN_OBSERVATION
52.677263,1.622834,1977,1,United Kingdom of Great Britain and Northern Ireland,HUMAN_OBSERVATION
52.677263,1.622834,1977,1,United Kingdom of Great Britain and Northern Ireland,HUMAN_OBSERVATION
52.677263,1.622834,1977,1,United Kingdom of Great Britain and Northern Ireland,HUMAN_OBSERVATION
52.677263,1.622834,1977,3,United Kingdom of Great Britain and Northern Ireland,HUMAN_OBSERVATION
52.677263,1.622834,1977,3,United Kingdom of Great Britain and Northern Ireland,HUMAN_OBSERVATION
52.677263,1.622834,1977,3,United Kingdom of Great Britain and Northern Ireland,HUMAN_OBSERVATION
52.681688,1.475207,1982,3,United Kingdom of Great Britain and Northern Ireland,HUMAN_OBSERVATION
52.681688,1.475207,1982,3,United Kingdom of Great Britain and Northern Ireland,HUMAN_OBSERVATION
52.681688,1.475207,1982,3,United Kingdom of Great Britain and Northern Ireland,HUMAN_OBSERVATION
52.681688,1.475207,1982,3,United Kingdom of Great Britain and Northern Ireland,HUMAN_OBSERVATION
52.681688,1.475207,1977,1,United Kingdom of Great Britain and Northern Ireland,HUMAN_OBSERVATION
52.681688,1.475207,1977,1,United Kingdom of Great Britain and Northern Ireland,HUMAN_OBSERVATION
52.681688,1.475207,1977,1,United Kingdom of Great Britain and Northern Ireland,HUMAN_OBSERVATION
52.681688,1.475207,1977,3,United Kingdom of Great Britain and Northern Ireland,HUMAN_OBSERVATION
52.681688,1.475207,1977,3,United Kingdom of Great Britain and Northern Ireland,HUMAN_OBSERVATION
52.697551,0.884338,1977,1,United Kingdom of Great Britain and Northern Ireland,HUMAN_OBSERVATION
52.697551,0.884338,1977,1,United Kingdom of Great Britain and Northern Ireland,HUMAN_OBSERVATION
52.697551,0.884338,1977,1,United Kingdom of Great Britain and Northern Ireland,HUMAN_OBSERVATION
52.697551,0.884338,1977,1,United Kingdom of Great Britain and Northern Ireland,HUMAN_OBSERVATION
52.697551,0.884338,1977,1,United Kingdom of Great Britain and Northern Ireland,HUMAN_OBSERVATION
52.697551,0.884338,1977,1,United Kingdom of Great Britain and Northern Ireland,HUMAN_OBSERVATION
52.697551,0.884338,1977,1,United Kingdom of Great Britain and Northern Ireland,HUMAN_OBSERVATION
52.697551,0.884338,1977,1,United Kingdom of Great Britain and Northern Ireland,HUMAN_OBSERVATION
52.697551,0.884338,1977,,United Kingdom of Great Britain and Northern Ireland,HUMAN_OBSERVATION
52.697551,0.884338,1977,,United Kingdom of Great Britain and Northern Ireland,HUMAN_OBSERVATION
52.7,4.6,2021,10,Netherlands,HUMAN_OBSERVATION
52.7,4.65,2021,10,Netherlands,HUMAN_OBSERVATION
52.735804,1.620283,1988,,United Kingdom of Great Britain and Northern Ireland,HUMAN_OBSERVATION
52.744323,1.635811,1968,,United Kingdom of Great Britain and Northern Ireland,HUMAN_OBSERVATION
52.75,4.64,1989,7,Netherlands,HUMAN_OBSERVATION
52.75,4.64,1977,5,Netherlands,HUMAN_OBSERVATION
52.766979,1.630285,1990,8,United Kingdom of Great Britain and Northern Ireland,HUMAN_OBSERVATION
52.775673,1.334389,1996,11,United Kingdom of Great Britain and Northern Ireland,HUMAN_OBSERVATION
52.85,4.85,2016,4,Netherlands,HUMAN_OBSERVATION
52.9,4.75,2015,4,Netherlands,HUMAN_OBSERVATION
53.010525,4.756976,1998,5,Netherlands,HUMAN_OBSERVATION
53.05,4.8,2010,7,Netherlands,HUMAN_OBSERVATION
53.05,4.8,2010,7,Netherlands,HUMAN_OBSERVATION
53.07414,4.790372,1985,9,Netherlands,HUMAN_OBSERVATION
53.084343,4.800381,1985,5,Netherlands,HUMAN_OBSERVATION
53.124392,4.893652,1985,9,Netherlands,HUMAN_OBSERVATION
53.15,5.4,2015,6,Netherlands,HUMAN_OBSERVATION
53.1687,4.873857,1985,5,Netherlands,HUMAN_OBSERVATION
53.275008,-2.494075,2016,6,United Kingdom of Great Britain and Northern Ireland,HUMAN_OBSERVATION
53.295309,-4.198797,1997,5,United Kingdom of Great Britain and Northern Ireland,HUMAN_OBSERVATION
53.3,6.8,2021,3,Netherlands,HUMAN_OBSERVATION
53.374834,-2.481702,1921,8,United Kingdom of Great Britain and Northern Ireland,HUMAN_OBSERVATION
53.391483,-9.572248,2017,,Ireland,HUMAN_OBSERVATION
53.39874,-2.989545,2016,10,United Kingdom of Great Britain and Northern Ireland,HUMAN_OBSERVATION
53.606874,-0.035895,2016,4,United Kingdom of Great Britain and Northern Ireland,HUMAN_OBSERVATION
53.695847,-0.464962,1983,,United Kingdom of Great Britain and Northern Ireland,HUMAN_OBSERVATION
53.710869,-0.410625,1987,,United Kingdom of Great Britain and Northern Ireland,HUMAN_OBSERVATION
54.569672,13.129263,1973,10,Germany,HUMAN_OBSERVATION
54.574099,-8.188618,,,Ireland,HUMAN_OBSERVATION
55.00532,-7.317995,2012,8,United Kingdom of Great Britain and Northern Ireland,HUMAN_OBSERVATION
55.021539,-7.519997,2003,7,Ireland,HUMAN_OBSERVATION
55.14483,-6.676238,2012,8,United Kingdom of Great Britain and Northern Ireland,HUMAN_OBSERVATION
55.15383,-6.694075,2012,8,United Kingdom of Great Britain and Northern Ireland,HUMAN_OBSERVATION
55.756977,-4.886521,2024,6,United Kingdom of Great Britain and Northern Ireland,HUMAN_OBSERVATION
55.983323,-5.658962,1984,9,United Kingdom of Great Britain and Northern Ireland,HUMAN_OBSERVATION
56.012774,-5.636068,1984,8,United Kingdom of Great Britain and Northern Ireland,HUMAN_OBSERVATION
56.254463,-5.043654,1995,5,United Kingdom of Great Britain and Northern Ireland,HUMAN_OBSERVATION
56.357038,-3.247721,1930,,United Kingdom of Great Britain and Northern Ireland,HUMAN_OBSERVATION
56.375638,-3.18356,1930,,United Kingdom of Great Britain and Northern Ireland,HUMAN_OBSERVATION
56.375942,-3.151185,1930,,United Kingdom of Great Britain and Northern Ireland,HUMAN_OBSERVATION
57.544665,-7.333245,1994,6,United Kingdom of Great Britain and Northern Ireland,HUMAN_OBSERVATION
57.544665,-7.333245,1994,6,United Kingdom of Great Britain and Northern Ireland,HUMAN_OBSERVATION
57.54669,-7.275193,2016,9,United Kingdom of Great Britain and Northern Ireland,HUMAN_OBSERVATION
57.54742,-7.335176,2016,9,United Kingdom of Great Britain and Northern Ireland,HUMAN_OBSERVATION
57.73614,23.29069,2008,5,Estonia,HUMAN_OBSERVATION
57.73985,23.25597,2008,5,Estonia,HUMAN_OBSERVATION
57.95317,24.38608,2015,7,Estonia,HUMAN_OBSERVATION
57.95409,24.3839,2017,7,Estonia,HUMAN_OBSERVATION
57.9576,24.39039,2012,9,Estonia,HUMAN_OBSERVATION
57.95789,24.37196,2012,9,Estonia,HUMAN_OBSERVATION
57.95798,24.38561,2012,9,Estonia,HUMAN_OBSERVATION
57.9614,24.3549,2015,8,Estonia,HUMAN_OBSERVATION
58.00724,24.43928,2013,7,Estonia,HUMAN_OBSERVATION
58.00755,24.43825,2013,7,Estonia,HUMAN_OBSERVATION
58.00844,24.43554,2013,7,Estonia,HUMAN_OBSERVATION
58.08474,23.94331,2012,6,Estonia,HUMAN_OBSERVATION
58.08632,22.14827,2007,7,Estonia,HUMAN_OBSERVATION
58.08739,22.26832,2007,7,Estonia,HUMAN_OBSERVATION
58.09056,22.24889,2013,7,Estonia,HUMAN_OBSERVATION
58.10481,22.177,2010,7,Estonia,HUMAN_OBSERVATION
58.15717,22.20802,2015,7,Estonia,HUMAN_OBSERVATION
58.258333,11.433333,2019,10,Sweden,MATERIAL_SAMPLE
58.258333,11.433333,2019,10,Sweden,MATERIAL_SAMPLE
58.258333,11.433333,2019,10,Sweden,MATERIAL_SAMPLE
58.258333,11.433333,2019,10,Sweden,MATERIAL_SAMPLE
58.258333,11.433333,2019,10,Sweden,MATERIAL_SAMPLE
58.258333,11.433333,2019,10,Sweden,MATERIAL_SAMPLE
58.258333,11.433333,2019,10,Sweden,MATERIAL_SAMPLE
58.258333,11.433333,2019,10,Sweden,MATERIAL_SAMPLE
58.258333,11.433333,2019,10,Sweden,MATERIAL_SAMPLE
58.258333,11.433333,2019,10,Sweden,MATERIAL_SAMPLE
58.258333,11.433333,2019,10,Sweden,MATERIAL_SAMPLE
58.258333,11.433333,2019,10,Sweden,MATERIAL_SAMPLE
58.258333,11.433333,2019,10,Sweden,MATERIAL_SAMPLE
58.258333,11.433333,2019,10,Sweden,MATERIAL_SAMPLE
58.258333,11.433333,2019,10,Sweden,MATERIAL_SAMPLE
58.258333,11.433333,2019,10,Sweden,MATERIAL_SAMPLE
58.258333,11.433333,2019,10,Sweden,MATERIAL_SAMPLE
58.258333,11.433333,2019,10,Sweden,MATERIAL_SAMPLE
58.258333,11.433333,2019,10,Sweden,MATERIAL_SAMPLE
58.258333,11.433333,2019,10,Sweden,MATERIAL_SAMPLE
58.259833,11.4355,2016,12,Sweden,MATERIAL_SAMPLE
58.259833,11.435667,2016,6,Sweden,MATERIAL_SAMPLE
58.259833,11.435667,2016,9,Sweden,MATERIAL_SAMPLE
58.259833,11.435667,2016,10,Sweden,MATERIAL_SAMPLE
58.26042,24.49743,2017,8,Estonia,HUMAN_OBSERVATION
58.26042,24.49851,2011,7,Estonia,HUMAN_OBSERVATION
58.26083,24.49458,2012,8,Estonia,HUMAN_OBSERVATION
58.26091,24.49594,2013,7,Estonia,HUMAN_OBSERVATION
58.26137,24.49393,2016,7,Estonia,HUMAN_OBSERVATION
58.26182,24.49243,2017,8,Estonia,HUMAN_OBSERVATION
58.26242,24.49275,2009,8,Estonia,HUMAN_OBSERVATION
58.26255,24.4892,2011,7,Estonia,HUMAN_OBSERVATION
58.26759,24.47073,2011,7,Estonia,HUMAN_OBSERVATION
58.27008,24.46099,2011,7,Estonia,HUMAN_OBSERVATION
58.27579,23.92962,2011,8,Estonia,HUMAN_OBSERVATION
58.2815,24.28671,2005,9,Estonia,HUMAN_OBSERVATION
58.28193,24.29447,1997,9,Estonia,HUMAN_OBSERVATION
58.28241,24.27714,2017,8,Estonia,HUMAN_OBSERVATION
58.28263,24.5343,2017,7,Estonia,HUMAN_OBSERVATION
58.2827,24.29245,2009,8,Estonia,HUMAN_OBSERVATION
58.28273,24.277208,2014,8,Estonia,HUMAN_OBSERVATION
58.28286,24.27788,2015,7,Estonia,HUMAN_OBSERVATION
58.28291,24.28959,2011,7,Estonia,HUMAN_OBSERVATION
58.28308,24.27797,2010,8,Estonia,HUMAN_OBSERVATION
58.28308,24.28315,2012,8,Estonia,HUMAN_OBSERVATION
58.283095,24.267273,2016,7,Estonia,HUMAN_OBSERVATION
58.28316,24.2683,2016,7,Estonia,HUMAN_OBSERVATION
58.28316,24.26978,2014,8,Estonia,HUMAN_OBSERVATION
58.28321,24.2832,2012,8,Estonia,HUMAN_OBSERVATION
58.283415,24.285571,2014,8,Estonia,HUMAN_OBSERVATION
58.283461,24.283061,2014,8,Estonia,HUMAN_OBSERVATION
58.2835,24.28569,2015,7,Estonia,HUMAN_OBSERVATION
58.28356,24.53333,2015,7,Estonia,HUMAN_OBSERVATION
58.28398,24.28319,2013,8,Estonia,HUMAN_OBSERVATION
58.28976,24.51261,2017,7,Estonia,HUMAN_OBSERVATION
58.29106,24.51154,2015,7,Estonia,HUMAN_OBSERVATION
58.291152,24.511261,2014,8,Estonia,HUMAN_OBSERVATION
58.294391,24.49916,2014,8,Estonia,HUMAN_OBSERVATION
58.3049,23.74496,2011,8,Estonia,HUMAN_OBSERVATION
58.30497,23.73618,2011,6,Estonia,HUMAN_OBSERVATION
58.31409,24.33848,2017,7,Estonia,HUMAN_OBSERVATION
58.31674,24.30782,2017,8,Estonia,HUMAN_OBSERVATION
58.31683,24.30784,2015,8,Estonia,HUMAN_OBSERVATION
58.31991,24.28975,2017,7,Estonia,HUMAN_OBSERVATION
58.31995,24.29609,2013,8,Estonia,HUMAN_OBSERVATION
58.32065,24.29105,2009,8,Estonia,HUMAN_OBSERVATION
58.32091,24.29128,2011,7,Estonia,HUMAN_OBSERVATION
58.32119,24.28978,2012,8,Estonia,HUMAN_OBSERVATION
58.32127,24.2897,2017,8,Estonia,HUMAN_OBSERVATION
58.32129,24.2893,2011,7,Estonia,HUMAN_OBSERVATION
58.32137,24.28955,2016,7,Estonia,HUMAN_OBSERVATION
58.3215,24.28854,2017,8,Estonia,HUMAN_OBSERVATION
58.32156,24.28858,2016,7,Estonia,HUMAN_OBSERVATION
58.32161,24.28812,2012,8,Estonia,HUMAN_OBSERVATION
58.32166,24.28819,2011,7,Estonia,HUMAN_OBSERVATION
58.32172,24.288035,2016,7,Estonia,HUMAN_OBSERVATION
58.32782,23.01502,2016,7,Estonia,HUMAN_OBSERVATION
58.3283,23.0117,1997,7,Estonia,HUMAN_OBSERVATION
58.3316,23.76085,2011,8,Estonia,HUMAN_OBSERVATION
58.33772,23.81959,2011,8,Estonia,HUMAN_OBSERVATION
58.33891,23.0035,2005,7,Estonia,HUMAN_OBSERVATION
58.34,22.99487,2011,7,Estonia,HUMAN_OBSERVATION
58.34002,22.99494,2013,7,Estonia,HUMAN_OBSERVATION
58.34363,21.79034,2010,9,Estonia,HUMAN_OBSERVATION
58.34523,22.9913,2009,7,Estonia,HUMAN_OBSERVATION
58.34809,22.99726,2008,7,Estonia,HUMAN_OBSERVATION
58.35025,21.99069,2006,8,Estonia,HUMAN_OBSERVATION
58.3507,24.32946,2008,7,Estonia,HUMAN_OBSERVATION
58.35489,22.99479,2013,7,Estonia,HUMAN_OBSERVATION
58.35635,22.99059,2012,11,Estonia,HUMAN_OBSERVATION
58.35785,22.99423,2012,8,Estonia,HUMAN_OBSERVATION
58.36033,22.99484,2008,7,Estonia,HUMAN_OBSERVATION
58.36406,24.32949,2008,7,Estonia,HUMAN_OBSERVATION
58.36876,24.31266,2008,7,Estonia,HUMAN_OBSERVATION
58.37304,23.68178,2011,8,Estonia,HUMAN_OBSERVATION
58.37317,23.70969,2017,8,Estonia,HUMAN_OBSERVATION
58.37394,23.69006,2011,8,Estonia,HUMAN_OBSERVATION
58.3744,23.70716,2011,8,Estonia,HUMAN_OBSERVATION
58.39521,23.67235,2011,8,Estonia,HUMAN_OBSERVATION
58.40436,21.94431,2008,7,Estonia,HUMAN_OBSERVATION
58.40454,21.95222,2012,7,Estonia,HUMAN_OBSERVATION
58.40464,21.94848,2010,7,Estonia,HUMAN_OBSERVATION
58.4161,23.65705,2011,8,Estonia,HUMAN_OBSERVATION
58.41649,21.77975,2008,6,Estonia,HUMAN_OBSERVATION
58.42531,21.78947,2008,6,Estonia,HUMAN_OBSERVATION
58.43618,21.7996,2008,6,Estonia,HUMAN_OBSERVATION
58.48596,23.4341,2008,7,Estonia,HUMAN_OBSERVATION
58.50456,23.55365,2008,7,Estonia,HUMAN_OBSERVATION
58.50655,21.90346,2008,7,Estonia,HUMAN_OBSERVATION
58.50662,21.90291,2008,7,Estonia,HUMAN_OBSERVATION
58.50817,21.90986,2012,7,Estonia,HUMAN_OBSERVATION
58.5222,23.5362,2008,7,Estonia,HUMAN_OBSERVATION
58.53571,23.5352,2008,7,Estonia,HUMAN_OBSERVATION
58.56202,22.27464,2011,7,Estonia,HUMAN_OBSERVATION
58.56212,22.27854,2013,7,Estonia,HUMAN_OBSERVATION
58.56221,22.27567,2011,7,Estonia,HUMAN_OBSERVATION
58.56519,22.27857,2007,7,Estonia,HUMAN_OBSERVATION
58.57778,23.04584,2013,7,Estonia,HUMAN_OBSERVATION
58.57812,23.04641,2013,7,Estonia,HUMAN_OBSERVATION
58.6233,22.86752,2008,7,Estonia,HUMAN_OBSERVATION
58.64892,23.01834,2010,7,Estonia,HUMAN_OBSERVATION
58.7002,11.21825,2024,8,Sweden,HUMAN_OBSERVATION
58.73545,23.62102,2015,7,Estonia,HUMAN_OBSERVATION
58.73562,23.62082,2013,7,Estonia,HUMAN_OBSERVATION
58.73879,23.52632,2013,7,Estonia,HUMAN_OBSERVATION
58.73915,23.52617,2010,7,Estonia,HUMAN_OBSERVATION
58.73927,23.5259,2010,7,Estonia,HUMAN_OBSERVATION
58.73991,23.52579,2013,7,Estonia,HUMAN_OBSERVATION
58.73992,23.52584,2010,7,Estonia,HUMAN_OBSERVATION
58.74128,23.5257,2013,7,Estonia,HUMAN_OBSERVATION
58.7451,23.63605,2006,7,Estonia,HUMAN_OBSERVATION
58.74797,23.52633,2010,7,Estonia,HUMAN_OBSERVATION
58.75441,23.57715,2012,8,Estonia,HUMAN_OBSERVATION
58.75703,23.61987,2013,7,Estonia,HUMAN_OBSERVATION
58.75811,23.57389,2013,7,Estonia,HUMAN_OBSERVATION
58.75825,23.57401,2015,7,Estonia,HUMAN_OBSERVATION
58.765,23.52615,2006,7,Estonia,HUMAN_OBSERVATION
58.76511,23.56907,2012,8,Estonia,HUMAN_OBSERVATION
58.77139,23.56526,2012,8,Estonia,HUMAN_OBSERVATION
58.77514,23.59693,2006,7,Estonia,HUMAN_OBSERVATION
58.80333,17.62367,2019,8,Sweden,MATERIAL_SAMPLE
58.88994,17.55822,2024,10,Sweden,HUMAN_OBSERVATION
58.89048,22.02791,2007,8,Estonia,HUMAN_OBSERVATION
58.89697,22.0276,2011,6,Estonia,HUMAN_OBSERVATION
58.94096,23.49569,2013,8,Estonia,HUMAN_OBSERVATION
58.94107,23.49527,2010,7,Estonia,HUMAN_OBSERVATION
58.94176,23.49576,2011,7,Estonia,HUMAN_OBSERVATION
58.9424,23.49432,2010,7,Estonia,HUMAN_OBSERVATION
58.9444,23.49296,2009,7,Estonia,HUMAN_OBSERVATION
58.94488,23.45332,2012,8,Estonia,HUMAN_OBSERVATION
58.94503,23.45348,2011,7,Estonia,HUMAN_OBSERVATION
58.95627,18.41814,2008,9,Sweden,MATERIAL_SAMPLE
58.95634,23.28618,2012,7,Estonia,HUMAN_OBSERVATION
58.95826,18.54628,2008,8,Sweden,MATERIAL_SAMPLE
58.95831,23.17004,2012,7,Estonia,HUMAN_OBSERVATION
58.95859,18.53661,2008,8,Sweden,MATERIAL_SAMPLE
58.95859,18.53661,2008,8,Sweden,MATERIAL_SAMPLE
58.96369,23.50684,2013,8,Estonia,HUMAN_OBSERVATION
58.96376,23.51174,2009,7,Estonia,HUMAN_OBSERVATION
58.9638,23.50687,2012,8,Estonia,HUMAN_OBSERVATION
58.96441,18.57889,2008,8,Sweden,MATERIAL_SAMPLE
58.96467,22.04065,2011,6,Estonia,HUMAN_OBSERVATION
58.96603,23.50955,2010,8,Estonia,HUMAN_OBSERVATION
58.96764,23.31301,2012,7,Estonia,HUMAN_OBSERVATION
58.97152,18.38803,2008,9,Sweden,MATERIAL_SAMPLE
58.97521,23.51727,2009,7,Estonia,HUMAN_OBSERVATION
58.97583,18.59449,2008,8,Sweden,MATERIAL_SAMPLE
58.97583,18.59449,2008,8,Sweden,MATERIAL_SAMPLE
58.97585,23.51784,2009,7,Estonia,HUMAN_OBSERVATION
58.9763,23.38109,2012,7,Estonia,HUMAN_OBSERVATION
58.97654,23.51847,2012,8,Estonia,HUMAN_OBSERVATION
58.97796,23.11242,2012,7,Estonia,HUMAN_OBSERVATION
58.99057,11.45944,2011,1,Sweden,HUMAN_OBSERVATION
58.99621,11.45972,2011,1,Sweden,HUMAN_OBSERVATION
59.00039,11.44804,2011,1,Sweden,HUMAN_OBSERVATION
59.00277,18.63105,2008,8,Sweden,MATERIAL_SAMPLE
59.00495,11.44567,2011,1,Sweden,HUMAN_OBSERVATION
59.00497,11.44594,2024,9,Sweden,HUMAN_OBSERVATION
59.00506,11.44583,2024,9,Sweden,HUMAN_OBSERVATION
59.00656,18.59643,2008,8,Sweden,MATERIAL_SAMPLE
59.01132,18.61677,2008,8,Sweden,MATERIAL_SAMPLE
59.01132,18.61677,2008,8,Sweden,MATERIAL_SAMPLE
59.01132,18.61677,2008,8,Sweden,MATERIAL_SAMPLE
59.01132,18.61677,2008,8,Sweden,MATERIAL_SAMPLE
59.01313,11.44936,2011,1,Sweden,HUMAN_OBSERVATION
59.01759,23.11918,2012,7,Estonia,HUMAN_OBSERVATION
59.02563,11.4434,2011,1,Sweden,HUMAN_OBSERVATION
59.02698,18.58557,2008,8,Sweden,MATERIAL_SAMPLE
59.02735,23.10601,2011,7,Estonia,HUMAN_OBSERVATION
59.02824,18.56663,2008,9,Sweden,MATERIAL_SAMPLE
59.02865,23.36692,2012,7,Estonia,HUMAN_OBSERVATION
59.03103,11.41044,2011,1,Sweden,HUMAN_OBSERVATION
59.03959,11.40691,2024,9,Sweden,HUMAN_OBSERVATION
59.04251,11.41865,2011,1,Sweden,HUMAN_OBSERVATION
59.04757,18.53628,2008,8,Sweden,MATERIAL_SAMPLE
59.04757,18.53628,2008,8,Sweden,MATERIAL_SAMPLE
59.05506,11.3944,2024,9,Sweden,HUMAN_OBSERVATION
59.05878,11.42999,2011,1,Sweden,HUMAN_OBSERVATION
59.06101,11.41151,2011,1,Sweden,HUMAN_OBSERVATION
59.06814,11.3731,2024,9,Sweden,HUMAN_OBSERVATION
59.06814,11.37325,2011,1,Sweden,HUMAN_OBSERVATION
59.06817,11.37321,2024,9,Sweden,HUMAN_OBSERVATION
59.08169,22.72303,2011,8,Estonia,HUMAN_OBSERVATION
59.22615,23.50904,2007,7,Estonia,HUMAN_OBSERVATION
59.24701,23.48316,2007,7,Estonia,HUMAN_OBSERVATION
59.27913,23.72412,2011,8,Estonia,HUMAN_OBSERVATION
59.27949,23.7237,2011,8,Estonia,HUMAN_OBSERVATION
59.28889,23.41752,2007,7,Estonia,HUMAN_OBSERVATION
59.33039,23.78962,2009,5,Estonia,HUMAN_OBSERVATION
59.39693,24.04622,2016,8,Estonia,HUMAN_OBSERVATION
59.39805,27.83422,2013,8,Estonia,HUMAN_OBSERVATION
59.39901,27.83444,2013,8,Estonia,HUMAN_OBSERVATION
59.40057,27.83256,2010,8,Estonia,HUMAN_OBSERVATION
59.40058,27.82879,2008,8,Estonia,HUMAN_OBSERVATION
59.4009,27.83474,2011,7,Estonia,HUMAN_OBSERVATION
59.40135,27.83482,2013,8,Estonia,HUMAN_OBSERVATION
59.40799,27.8337,2010,8,Estonia,HUMAN_OBSERVATION
59.41196,27.74676,2015,9,Estonia,HUMAN_OBSERVATION
59.4133,27.7569,2015,8,Estonia,HUMAN_OBSERVATION
59.4133,27.7569,2015,9,Estonia,HUMAN_OBSERVATION
59.4133,27.7569,2012,9,Estonia,HUMAN_OBSERVATION
59.41355,27.75708,2012,8,Estonia,HUMAN_OBSERVATION
59.4175,27.70671,2012,8,Estonia,HUMAN_OBSERVATION
59.41753,27.7605,2015,8,Estonia,HUMAN_OBSERVATION
59.41753,27.7605,2012,9,Estonia,HUMAN_OBSERVATION
59.41762,27.70687,2011,9,Estonia,HUMAN_OBSERVATION
59.41783,27.76029,2012,8,Estonia,HUMAN_OBSERVATION
59.42198,27.70731,2015,8,Estonia,HUMAN_OBSERVATION
59.42198,27.70731,2015,9,Estonia,HUMAN_OBSERVATION
59.42583,27.75135,2015,9,Estonia,HUMAN_OBSERVATION
59.42617,27.70756,2012,8,Estonia,HUMAN_OBSERVATION
59.42624,27.70753,2015,9,Estonia,HUMAN_OBSERVATION
59.42624,27.70753,2012,9,Estonia,HUMAN_OBSERVATION
59.4291,27.70878,2015,9,Estonia,HUMAN_OBSERVATION
59.4291,27.70878,2012,9,Estonia,HUMAN_OBSERVATION
59.45377,18.5316,2020,10,Sweden,HUMAN_OBSERVATION
59.47351,24.44147,2011,8,Estonia,HUMAN_OBSERVATION
59.47385,24.37198,2017,8,Estonia,HUMAN_OBSERVATION
59.49722,24.81851,2009,7,Estonia,HUMAN_OBSERVATION
59.50362,24.67785,2008,7,Estonia,HUMAN_OBSERVATION
59.50758,24.65595,2008,7,Estonia,HUMAN_OBSERVATION
59.50793,24.65617,2008,7,Estonia,HUMAN_OBSERVATION
59.50905,24.66754,2008,7,Estonia,HUMAN_OBSERVATION
59.51724,24.6622,2008,7,Estonia,HUMAN_OBSERVATION
59.52051,25.46481,2014,8,Estonia,HUMAN_OBSERVATION
59.52145,26.74453,2017,8,Estonia,HUMAN_OBSERVATION
59.52289,24.91002,2017,8,Estonia,HUMAN_OBSERVATION
59.52289,24.91002,2013,8,Estonia,HUMAN_OBSERVATION
59.522968,24.910725,2012,8,Estonia,HUMAN_OBSERVATION
59.52328,24.91116,2017,8,Estonia,HUMAN_OBSERVATION
59.52345,24.91288,2013,8,Estonia,HUMAN_OBSERVATION
59.52367,24.91332,2016,8,Estonia,HUMAN_OBSERVATION
59.52371,24.91375,2017,8,Estonia,HUMAN_OBSERVATION
59.52375,24.91396,2013,8,Estonia,HUMAN_OBSERVATION
59.52444,24.9171,2012,8,Estonia,HUMAN_OBSERVATION
59.52538,24.92211,2013,8,Estonia,HUMAN_OBSERVATION
59.53827,26.72306,2010,8,Estonia,HUMAN_OBSERVATION
59.54638,26.65104,2017,8,Estonia,HUMAN_OBSERVATION
59.54639,26.6509,2016,8,Estonia,HUMAN_OBSERVATION
59.54654,26.65125,2009,7,Estonia,HUMAN_OBSERVATION
59.546546,26.650944,2012,8,Estonia,HUMAN_OBSERVATION
59.54824,25.28311,2007,8,Estonia,HUMAN_OBSERVATION
59.54911,26.65514,2016,8,Estonia,HUMAN_OBSERVATION
59.55002,26.6998,2011,10,Estonia,HUMAN_OBSERVATION
59.55078,26.65786,2011,7,Estonia,HUMAN_OBSERVATION
59.55088,26.65779,2012,8,Estonia,HUMAN_OBSERVATION
59.55395,26.66268,2014,8,Estonia,HUMAN_OBSERVATION
59.5584,26.66897,2009,7,Estonia,HUMAN_OBSERVATION
59.56038,26.67345,2011,7,Estonia,HUMAN_OBSERVATION
59.57465,24.74434,2013,8,Estonia,HUMAN_OBSERVATION
59.57489,24.7459,2017,8,Estonia,HUMAN_OBSERVATION
59.58392,25.24545,2007,8,Estonia,HUMAN_OBSERVATION
59.614,25.01197,2015,8,Estonia,HUMAN_OBSERVATION
59.62534,25.91553,2016,8,Estonia,HUMAN_OBSERVATION
59.62541,25.91422,2016,8,Estonia,HUMAN_OBSERVATION
59.6255,25.91492,2010,8,Estonia,HUMAN_OBSERVATION
59.63095,25.02947,2015,8,Estonia,HUMAN_OBSERVATION
59.63373,25.53508,2014,8,Estonia,HUMAN_OBSERVATION
59.63928,25.95973,2010,8,Estonia,HUMAN_OBSERVATION
59.64655,25.00444,2007,8,Estonia,HUMAN_OBSERVATION
59.65518,25.74486,2012,8,Estonia,HUMAN_OBSERVATION
59.65526,25.74532,2008,8,Estonia,HUMAN_OBSERVATION
59.65535,25.74461,2017,7,Estonia,HUMAN_OBSERVATION
59.67823,25.79347,2007,8,Estonia,HUMAN_OBSERVATION
59.69887,25.0132,2007,8,Estonia,HUMAN_OBSERVATION
59.709004,22.111679,2010,7,Finland,HUMAN_OBSERVATION
59.709004,22.111679,2010,7,Finland,HUMAN_OBSERVATION
59.709014,22.111695,2010,7,Finland,HUMAN_OBSERVATION
59.709032,22.11171,2010,7,Finland,HUMAN_OBSERVATION
59.709042,22.111727,2010,7,Finland,HUMAN_OBSERVATION
59.709103,22.111914,2010,7,Finland,HUMAN_OBSERVATION
59.709118,22.111823,2010,7,Finland,HUMAN_OBSERVATION
59.70912,22.111893,2010,7,Finland,HUMAN_OBSERVATION
59.709126,22.111821,2010,7,Finland,HUMAN_OBSERVATION
59.709127,22.111839,2010,7,Finland,HUMAN_OBSERVATION
59.709128,22.111857,2010,7,Finland,HUMAN_OBSERVATION
59.709139,22.111909,2010,7,Finland,HUMAN_OBSERVATION
59.709147,22.11189,2010,7,Finland,HUMAN_OBSERVATION
59.709147,22.11189,2010,7,Finland,HUMAN_OBSERVATION
59.709173,22.111868,2010,7,Finland,HUMAN_OBSERVATION
59.709181,22.111849,2010,7,Finland,HUMAN_OBSERVATION
59.7092,22.111864,2010,7,Finland,HUMAN_OBSERVATION
59.709212,22.111951,2010,7,Finland,HUMAN_OBSERVATION
59.709265,22.111908,2010,7,Finland,HUMAN_OBSERVATION
59.709271,22.111836,2010,7,Finland,HUMAN_OBSERVATION
59.709271,22.111836,2010,7,Finland,HUMAN_OBSERVATION
59.70928,22.111834,2010,7,Finland,HUMAN_OBSERVATION
59.709307,22.111848,2010,7,Finland,HUMAN_OBSERVATION
59.709318,22.111882,2010,7,Finland,HUMAN_OBSERVATION
59.709323,22.111793,2010,7,Finland,HUMAN_OBSERVATION
59.709327,22.111881,2010,7,Finland,HUMAN_OBSERVATION
59.709345,22.111896,2010,7,Finland,HUMAN_OBSERVATION
59.709346,22.111914,2010,7,Finland,HUMAN_OBSERVATION
59.709346,22.111914,2010,7,Finland,HUMAN_OBSERVATION
59.709353,22.111877,2010,7,Finland,HUMAN_OBSERVATION
59.709355,22.111913,2010,7,Finland,HUMAN_OBSERVATION
59.709369,22.111821,2010,7,Finland,HUMAN_OBSERVATION
59.709369,22.111821,2010,7,Finland,HUMAN_OBSERVATION
59.709371,22.111857,2010,7,Finland,HUMAN_OBSERVATION
59.709371,22.111857,2010,7,Finland,HUMAN_OBSERVATION
59.70938,22.111856,2010,7,Finland,HUMAN_OBSERVATION
59.70938,22.111873,2010,7,Finland,HUMAN_OBSERVATION
59.709398,22.111853,2010,7,Finland,HUMAN_OBSERVATION
59.709406,22.111834,2010,7,Finland,HUMAN_OBSERVATION
59.709413,22.111797,2010,7,Finland,HUMAN_OBSERVATION
59.709414,22.111815,2010,7,Finland,HUMAN_OBSERVATION
59.709423,22.111814,2010,7,Finland,HUMAN_OBSERVATION
59.709431,22.111795,2010,7,Finland,HUMAN_OBSERVATION
59.70944,22.112025,2010,7,Finland,HUMAN_OBSERVATION
59.709459,22.112058,2010,7,Finland,HUMAN_OBSERVATION
59.709467,22.112039,2010,7,Finland,HUMAN_OBSERVATION
59.709472,22.111913,2010,7,Finland,HUMAN_OBSERVATION
59.709474,22.111966,2010,7,Finland,HUMAN_OBSERVATION
59.709476,22.11202,2010,7,Finland,HUMAN_OBSERVATION
59.709484,22.112001,2010,7,Finland,HUMAN_OBSERVATION
59.709502,22.111998,2010,7,Finland,HUMAN_OBSERVATION
59.709512,22.112014,2010,7,Finland,HUMAN_OBSERVATION
59.7101,22.423711,2012,8,Finland,HUMAN_OBSERVATION
59.71018,22.423683,2012,8,Finland,HUMAN_OBSERVATION
59.710242,22.423656,2012,8,Finland,HUMAN_OBSERVATION
59.710313,22.423629,2012,8,Finland,HUMAN_OBSERVATION
59.710402,22.423599,2012,8,Finland,HUMAN_OBSERVATION
59.710482,22.423552,2012,8,Finland,HUMAN_OBSERVATION
59.710571,22.423523,2012,8,Finland,HUMAN_OBSERVATION
59.710659,22.423493,2012,8,Finland,HUMAN_OBSERVATION
59.71818,22.075395,2010,7,Finland,HUMAN_OBSERVATION
59.718221,22.0753,2010,7,Finland,HUMAN_OBSERVATION
59.718229,22.075281,2010,7,Finland,HUMAN_OBSERVATION
59.719772,23.381418,2010,7,Finland,HUMAN_OBSERVATION
59.729458,22.147916,2010,7,Finland,HUMAN_OBSERVATION
59.729467,22.147932,2010,7,Finland,HUMAN_OBSERVATION
59.72948,22.14802,2010,7,Finland,HUMAN_OBSERVATION
59.729613,22.147733,2010,7,Finland,HUMAN_OBSERVATION
59.738362,22.365163,2010,7,Finland,HUMAN_OBSERVATION
59.738373,22.422299,2010,7,Finland,HUMAN_OBSERVATION
59.738392,22.422349,2010,7,Finland,HUMAN_OBSERVATION
59.738393,22.422367,2010,7,Finland,HUMAN_OBSERVATION
59.738402,22.422366,2010,7,Finland,HUMAN_OBSERVATION
59.738407,22.422258,2010,7,Finland,HUMAN_OBSERVATION
59.738409,22.422312,2010,7,Finland,HUMAN_OBSERVATION
59.738409,22.422312,2010,7,Finland,HUMAN_OBSERVATION
59.73841,22.422347,2010,7,Finland,HUMAN_OBSERVATION
59.738411,22.422365,2010,7,Finland,HUMAN_OBSERVATION
59.738421,22.422132,2010,7,Finland,HUMAN_OBSERVATION
59.738422,22.422167,2010,7,Finland,HUMAN_OBSERVATION
59.738424,22.42222,2010,7,Finland,HUMAN_OBSERVATION
59.738428,22.422095,2010,7,Finland,HUMAN_OBSERVATION
59.738431,22.421899,2010,7,Finland,HUMAN_OBSERVATION
59.738431,22.422166,2010,7,Finland,HUMAN_OBSERVATION
59.738433,22.422237,2010,7,Finland,HUMAN_OBSERVATION
59.738436,22.422308,2010,7,Finland,HUMAN_OBSERVATION
59.738445,22.422057,2010,7,Finland,HUMAN_OBSERVATION
59.738447,22.42211,2010,7,Finland,HUMAN_OBSERVATION
59.738447,22.42211,2010,7,Finland,HUMAN_OBSERVATION
59.738451,22.422217,2010,7,Finland,HUMAN_OBSERVATION
59.741016,23.377677,2015,6,Finland,HUMAN_OBSERVATION
59.741251,23.377403,2015,6,Finland,HUMAN_OBSERVATION
59.742302,22.385571,2020,7,Finland,HUMAN_OBSERVATION
59.742359,22.38567,2020,7,Finland,HUMAN_OBSERVATION
59.742378,22.385703,2020,7,Finland,HUMAN_OBSERVATION
59.746252,22.911803,2010,7,Finland,HUMAN_OBSERVATION
59.752326,22.525898,2012,8,Finland,HUMAN_OBSERVATION
59.752326,22.526415,2012,8,Finland,HUMAN_OBSERVATION
59.752327,22.525648,2012,8,Finland,HUMAN_OBSERVATION
59.752328,22.525417,2012,8,Finland,HUMAN_OBSERVATION
59.752328,22.525684,2012,8,Finland,HUMAN_OBSERVATION
59.752328,22.526218,2012,8,Finland,HUMAN_OBSERVATION
59.75233,22.525487,2012,8,Finland,HUMAN_OBSERVATION
59.75233,22.526022,2012,8,Finland,HUMAN_OBSERVATION
59.755377,22.486329,2020,7,Finland,HUMAN_OBSERVATION
59.755424,22.486377,2020,7,Finland,HUMAN_OBSERVATION
59.755564,22.486536,2020,7,Finland,HUMAN_OBSERVATION
59.755583,22.486551,2020,7,Finland,HUMAN_OBSERVATION
59.755657,22.48663,2020,7,Finland,HUMAN_OBSERVATION
59.756052,23.379878,2010,7,Finland,HUMAN_OBSERVATION
59.756097,23.379891,2010,7,Finland,HUMAN_OBSERVATION
59.756161,23.37992,2010,7,Finland,HUMAN_OBSERVATION
59.756369,23.379986,2010,7,Finland,HUMAN_OBSERVATION
59.756415,23.379999,2010,7,Finland,HUMAN_OBSERVATION
59.756442,23.380014,2010,7,Finland,HUMAN_OBSERVATION
59.75657,23.380071,2010,7,Finland,HUMAN_OBSERVATION
59.76158,22.801525,2014,8,Finland,HUMAN_OBSERVATION
59.762779,23.45844,2010,7,Finland,HUMAN_OBSERVATION
59.762805,23.458437,2010,7,Finland,HUMAN_OBSERVATION
59.764458,23.383547,2010,7,Finland,HUMAN_OBSERVATION
59.764467,23.383528,2010,7,Finland,HUMAN_OBSERVATION
59.764474,23.383474,2010,7,Finland,HUMAN_OBSERVATION
59.764493,23.38349,2010,7,Finland,HUMAN_OBSERVATION
59.7645,23.383435,2010,7,Finland,HUMAN_OBSERVATION
59.764504,23.383577,2010,7,Finland,HUMAN_OBSERVATION
59.764511,23.383488,2010,7,Finland,HUMAN_OBSERVATION
59.764511,23.383505,2010,7,Finland,HUMAN_OBSERVATION
59.764513,23.383576,2010,7,Finland,HUMAN_OBSERVATION
59.764517,23.383398,2010,7,Finland,HUMAN_OBSERVATION
59.764518,23.383416,2010,7,Finland,HUMAN_OBSERVATION
59.764521,23.383522,2010,7,Finland,HUMAN_OBSERVATION
59.764531,23.383592,2010,7,Finland,HUMAN_OBSERVATION
59.764537,23.383467,2010,7,Finland,HUMAN_OBSERVATION
59.764563,23.383446,2010,7,Finland,HUMAN_OBSERVATION
59.764572,23.383427,2010,7,Finland,HUMAN_OBSERVATION
59.764576,23.383587,2010,7,Finland,HUMAN_OBSERVATION
59.764577,23.383605,2010,7,Finland,HUMAN_OBSERVATION
59.764586,23.383604,2010,7,Finland,HUMAN_OBSERVATION
59.764594,23.383568,2010,7,Finland,HUMAN_OBSERVATION
59.764599,23.383425,2010,7,Finland,HUMAN_OBSERVATION
59.764599,23.383425,2010,7,Finland,HUMAN_OBSERVATION
59.764602,23.383549,2010,7,Finland,HUMAN_OBSERVATION
59.764616,23.383387,2010,7,Finland,HUMAN_OBSERVATION
59.764622,23.3836,2010,7,Finland,HUMAN_OBSERVATION
59.76463,23.383582,2010,7,Finland,HUMAN_OBSERVATION
59.764636,23.383474,2010,7,Finland,HUMAN_OBSERVATION
59.76465,23.38333,2010,7,Finland,HUMAN_OBSERVATION
59.764659,23.383311,2010,7,Finland,HUMAN_OBSERVATION
59.764664,23.383507,2010,7,Finland,HUMAN_OBSERVATION
59.764667,23.38331,2010,7,Finland,HUMAN_OBSERVATION
59.764676,23.383291,2010,7,Finland,HUMAN_OBSERVATION
59.764684,23.383273,2010,7,Finland,HUMAN_OBSERVATION
59.764688,23.383415,2010,7,Finland,HUMAN_OBSERVATION
59.764724,23.383411,2010,7,Finland,HUMAN_OBSERVATION
59.76473,23.383286,2010,7,Finland,HUMAN_OBSERVATION
59.764747,23.382927,2010,7,Finland,HUMAN_OBSERVATION
59.764756,23.383265,2010,7,Finland,HUMAN_OBSERVATION
59.764757,23.3833,2010,7,Finland,HUMAN_OBSERVATION
59.764768,23.383032,2010,7,Finland,HUMAN_OBSERVATION
59.764774,23.383245,2010,7,Finland,HUMAN_OBSERVATION
59.76483,23.383328,2010,7,Finland,HUMAN_OBSERVATION
59.764846,23.383273,2010,7,Finland,HUMAN_OBSERVATION
59.767565,22.834733,2010,7,Finland,HUMAN_OBSERVATION
59.767657,22.834793,2010,7,Finland,HUMAN_OBSERVATION
59.767673,22.83472,2010,7,Finland,HUMAN_OBSERVATION
59.767673,22.834738,2010,7,Finland,HUMAN_OBSERVATION
59.767683,22.834754,2010,7,Finland,HUMAN_OBSERVATION
59.767749,22.834585,2010,7,Finland,HUMAN_OBSERVATION
59.767805,22.834632,2010,7,Finland,HUMAN_OBSERVATION
59.768595,22.438394,2010,7,Finland,HUMAN_OBSERVATION
59.768618,22.438283,2010,7,Finland,HUMAN_OBSERVATION
59.768618,22.438283,2010,7,Finland,HUMAN_OBSERVATION
59.768618,22.438301,2010,7,Finland,HUMAN_OBSERVATION
59.768625,22.438247,2010,7,Finland,HUMAN_OBSERVATION
59.768626,22.438264,2010,7,Finland,HUMAN_OBSERVATION
59.768626,22.438264,2010,7,Finland,HUMAN_OBSERVATION
59.768626,22.438264,2010,7,Finland,HUMAN_OBSERVATION
59.768626,22.438264,2010,7,Finland,HUMAN_OBSERVATION
59.768626,22.438264,2010,7,Finland,HUMAN_OBSERVATION
59.768634,22.438245,2010,7,Finland,HUMAN_OBSERVATION
59.768641,22.438191,2010,7,Finland,HUMAN_OBSERVATION
59.768658,22.437886,2010,7,Finland,HUMAN_OBSERVATION
59.768666,22.437867,2010,7,Finland,HUMAN_OBSERVATION
59.768668,22.43792,2010,7,Finland,HUMAN_OBSERVATION
59.768672,22.438044,2010,7,Finland,HUMAN_OBSERVATION
59.768674,22.437848,2010,7,Finland,HUMAN_OBSERVATION
59.768678,22.437954,2010,7,Finland,HUMAN_OBSERVATION
59.76868,22.438007,2010,7,Finland,HUMAN_OBSERVATION
59.76869,22.438024,2010,7,Finland,HUMAN_OBSERVATION
59.768691,22.437792,2010,7,Finland,HUMAN_OBSERVATION
59.768691,22.438059,2010,7,Finland,HUMAN_OBSERVATION
59.768691,22.438059,2010,7,Finland,HUMAN_OBSERVATION
59.768692,22.437845,2010,7,Finland,HUMAN_OBSERVATION
59.768692,22.437845,2010,7,Finland,HUMAN_OBSERVATION
59.768698,22.438005,2010,7,Finland,HUMAN_OBSERVATION
59.768699,22.43804,2010,7,Finland,HUMAN_OBSERVATION
59.76871,22.437843,2010,7,Finland,HUMAN_OBSERVATION
59.768733,22.437715,2010,7,Finland,HUMAN_OBSERVATION
59.768741,22.437678,2010,7,Finland,HUMAN_OBSERVATION
59.768751,22.437712,2010,7,Finland,HUMAN_OBSERVATION
59.768759,22.437693,2010,7,Finland,HUMAN_OBSERVATION
59.768768,22.437692,2010,7,Finland,HUMAN_OBSERVATION
59.768769,22.43771,2010,7,Finland,HUMAN_OBSERVATION
59.768776,22.437656,2010,7,Finland,HUMAN_OBSERVATION
59.768778,22.437709,2010,7,Finland,HUMAN_OBSERVATION
59.768811,22.437633,2010,7,Finland,HUMAN_OBSERVATION
59.768812,22.437668,2010,7,Finland,HUMAN_OBSERVATION
59.76916,22.873844,2010,7,Finland,HUMAN_OBSERVATION
59.769164,22.118581,2010,7,Finland,HUMAN_OBSERVATION
59.769168,22.873807,2010,7,Finland,HUMAN_OBSERVATION
59.769187,22.87384,2010,7,Finland,HUMAN_OBSERVATION
59.769224,22.874175,2010,7,Finland,HUMAN_OBSERVATION
59.770198,23.080826,2010,7,Finland,HUMAN_OBSERVATION
59.770261,23.080801,2010,7,Finland,HUMAN_OBSERVATION
59.770768,22.20671,2020,7,Finland,HUMAN_OBSERVATION
59.770861,22.898272,2014,8,Finland,HUMAN_OBSERVATION
59.770913,22.044316,2010,7,Finland,HUMAN_OBSERVATION
59.770921,22.044279,2010,7,Finland,HUMAN_OBSERVATION
59.770929,22.04426,2010,7,Finland,HUMAN_OBSERVATION
59.770937,22.044223,2010,7,Finland,HUMAN_OBSERVATION
59.770942,22.044133,2010,7,Finland,HUMAN_OBSERVATION
59.770953,22.044185,2010,7,Finland,HUMAN_OBSERVATION
59.770953,22.044185,2010,7,Finland,HUMAN_OBSERVATION
59.770954,22.044435,2010,7,Finland,HUMAN_OBSERVATION
59.770954,22.044453,2010,7,Finland,HUMAN_OBSERVATION
59.770955,22.044239,2010,7,Finland,HUMAN_OBSERVATION
59.770964,22.044219,2010,7,Finland,HUMAN_OBSERVATION
59.770973,22.044468,2010,7,Finland,HUMAN_OBSERVATION
59.77098,22.043949,2010,7,Finland,HUMAN_OBSERVATION
59.77098,22.044181,2010,7,Finland,HUMAN_OBSERVATION
59.770985,22.043824,2010,7,Finland,HUMAN_OBSERVATION
59.770986,22.044341,2010,7,Finland,HUMAN_OBSERVATION
59.770987,22.043877,2010,7,Finland,HUMAN_OBSERVATION
59.770989,22.04443,2010,7,Finland,HUMAN_OBSERVATION
59.77099,22.044447,2010,7,Finland,HUMAN_OBSERVATION
59.770991,22.043984,2010,7,Finland,HUMAN_OBSERVATION
59.770998,22.043929,2010,7,Finland,HUMAN_OBSERVATION
59.770998,22.043929,2010,7,Finland,HUMAN_OBSERVATION
59.770998,22.043947,2010,7,Finland,HUMAN_OBSERVATION
59.771,22.044464,2010,7,Finland,HUMAN_OBSERVATION
59.771,22.044482,2010,7,Finland,HUMAN_OBSERVATION
59.771001,22.044499,2010,7,Finland,HUMAN_OBSERVATION
59.771001,22.044499,2010,7,Finland,HUMAN_OBSERVATION
59.771002,22.043803,2010,7,Finland,HUMAN_OBSERVATION
59.771004,22.043857,2010,7,Finland,HUMAN_OBSERVATION
59.771009,22.043767,2010,7,Finland,HUMAN_OBSERVATION
59.77101,22.044498,2010,7,Finland,HUMAN_OBSERVATION
59.771013,22.043855,2010,7,Finland,HUMAN_OBSERVATION
59.771014,22.044604,2010,7,Finland,HUMAN_OBSERVATION
59.771014,22.044604,2010,7,Finland,HUMAN_OBSERVATION
59.771015,22.043926,2010,7,Finland,HUMAN_OBSERVATION
59.771017,22.04373,2010,7,Finland,HUMAN_OBSERVATION
59.77102,22.043801,2010,7,Finland,HUMAN_OBSERVATION
59.771028,22.043782,2010,7,Finland,HUMAN_OBSERVATION
59.771029,22.043817,2010,7,Finland,HUMAN_OBSERVATION
59.771037,22.04378,2010,7,Finland,HUMAN_OBSERVATION
59.771044,22.043726,2010,7,Finland,HUMAN_OBSERVATION
59.771047,22.043797,2010,7,Finland,HUMAN_OBSERVATION
59.771063,22.043759,2010,7,Finland,HUMAN_OBSERVATION
59.771063,22.043759,2010,7,Finland,HUMAN_OBSERVATION
59.771073,22.043775,2010,7,Finland,HUMAN_OBSERVATION
59.771088,22.043951,2010,7,Finland,HUMAN_OBSERVATION
59.771093,22.043826,2010,7,Finland,HUMAN_OBSERVATION
59.771096,22.043914,2010,7,Finland,HUMAN_OBSERVATION
59.7711,22.043789,2010,7,Finland,HUMAN_OBSERVATION
59.771102,22.043824,2010,7,Finland,HUMAN_OBSERVATION
59.77111,22.043823,2010,7,Finland,HUMAN_OBSERVATION
59.771116,22.043733,2010,7,Finland,HUMAN_OBSERVATION
59.771119,22.043822,2010,7,Finland,HUMAN_OBSERVATION
59.771124,22.043696,2010,7,Finland,HUMAN_OBSERVATION
59.771136,22.043784,2010,7,Finland,HUMAN_OBSERVATION
59.771139,22.043854,2010,7,Finland,HUMAN_OBSERVATION
59.771169,22.043707,2010,7,Finland,HUMAN_OBSERVATION
59.771186,22.043687,2010,7,Finland,HUMAN_OBSERVATION
59.771736,22.206624,2020,7,Finland,HUMAN_OBSERVATION
59.775213,23.158947,2015,7,Finland,HUMAN_OBSERVATION
59.775223,23.158982,2015,7,Finland,HUMAN_OBSERVATION
59.775232,23.158998,2015,7,Finland,HUMAN_OBSERVATION
59.775242,23.159033,2015,7,Finland,HUMAN_OBSERVATION
59.775252,23.159067,2015,7,Finland,HUMAN_OBSERVATION
59.775262,23.159102,2015,7,Finland,HUMAN_OBSERVATION
59.775272,23.159136,2015,7,Finland,HUMAN_OBSERVATION
59.775273,23.159154,2015,7,Finland,HUMAN_OBSERVATION
59.775283,23.159189,2015,7,Finland,HUMAN_OBSERVATION
59.775294,23.159241,2015,7,Finland,HUMAN_OBSERVATION
59.775343,23.159396,2015,7,Finland,HUMAN_OBSERVATION
59.775363,23.159465,2015,7,Finland,HUMAN_OBSERVATION
59.775795,22.21901,2010,7,Finland,HUMAN_OBSERVATION
59.775796,22.219045,2010,7,Finland,HUMAN_OBSERVATION
59.775851,22.219073,2010,7,Finland,HUMAN_OBSERVATION
59.775852,22.219091,2010,7,Finland,HUMAN_OBSERVATION
59.775862,22.219107,2010,7,Finland,HUMAN_OBSERVATION
59.775878,22.21857,2010,7,Finland,HUMAN_OBSERVATION
59.77588,22.219105,2010,7,Finland,HUMAN_OBSERVATION
59.775892,22.218461,2010,7,Finland,HUMAN_OBSERVATION
59.775896,22.219066,2010,7,Finland,HUMAN_OBSERVATION
59.775898,22.219102,2010,7,Finland,HUMAN_OBSERVATION
59.775909,22.218422,2010,7,Finland,HUMAN_OBSERVATION
59.775924,22.21908,2010,7,Finland,HUMAN_OBSERVATION
59.77594,22.218543,2010,7,Finland,HUMAN_OBSERVATION
59.775961,22.21813,2010,7,Finland,HUMAN_OBSERVATION
59.775964,22.218468,2010,7,Finland,HUMAN_OBSERVATION
59.775966,22.218521,2010,7,Finland,HUMAN_OBSERVATION
59.775973,22.219198,2010,7,Finland,HUMAN_OBSERVATION
59.775975,22.219019,2010,7,Finland,HUMAN_OBSERVATION
59.776003,22.219033,2010,7,Finland,HUMAN_OBSERVATION
59.776005,22.218837,2010,7,Finland,HUMAN_OBSERVATION
59.776006,22.217873,2010,7,Finland,HUMAN_OBSERVATION
59.776023,22.218834,2010,7,Finland,HUMAN_OBSERVATION
59.776023,22.218852,2010,7,Finland,HUMAN_OBSERVATION
59.776024,22.21887,2010,7,Finland,HUMAN_OBSERVATION
59.776025,22.218905,2010,7,Finland,HUMAN_OBSERVATION
59.776028,22.218976,2010,7,Finland,HUMAN_OBSERVATION
59.776034,22.218886,2010,7,Finland,HUMAN_OBSERVATION
59.776034,22.218904,2010,7,Finland,HUMAN_OBSERVATION
59.776035,22.218922,2010,7,Finland,HUMAN_OBSERVATION
59.776036,22.218939,2010,7,Finland,HUMAN_OBSERVATION
59.776039,22.219028,2010,7,Finland,HUMAN_OBSERVATION
59.776054,22.218955,2010,7,Finland,HUMAN_OBSERVATION
59.776101,22.219251,2010,7,Finland,HUMAN_OBSERVATION
59.776112,22.219321,2010,7,Finland,HUMAN_OBSERVATION
59.776133,22.219389,2010,7,Finland,HUMAN_OBSERVATION
59.777696,22.191032,2020,7,Finland,HUMAN_OBSERVATION
59.77773,22.191723,2020,7,Finland,HUMAN_OBSERVATION
59.779918,23.368876,2010,7,Finland,HUMAN_OBSERVATION
59.779925,23.368786,2010,7,Finland,HUMAN_OBSERVATION
59.779956,23.368943,2010,7,Finland,HUMAN_OBSERVATION
59.779965,23.36896,2010,7,Finland,HUMAN_OBSERVATION
59.780058,23.369057,2010,7,Finland,HUMAN_OBSERVATION
59.780118,23.368961,2010,7,Finland,HUMAN_OBSERVATION
59.781075,22.199787,2020,7,Finland,HUMAN_OBSERVATION
59.78243,22.11175,2010,7,Finland,HUMAN_OBSERVATION
59.782436,22.11166,2010,7,Finland,HUMAN_OBSERVATION
59.782443,22.111606,2010,7,Finland,HUMAN_OBSERVATION
59.782447,22.111712,2010,7,Finland,HUMAN_OBSERVATION
59.782453,22.11164,2010,7,Finland,HUMAN_OBSERVATION
59.782453,22.11164,2010,7,Finland,HUMAN_OBSERVATION
59.782458,22.111532,2010,7,Finland,HUMAN_OBSERVATION
59.78246,26.38118,2009,6,Estonia,HUMAN_OBSERVATION
59.782468,22.111566,2010,7,Finland,HUMAN_OBSERVATION
59.782471,22.111637,2010,7,Finland,HUMAN_OBSERVATION
59.782482,22.111457,2010,7,Finland,HUMAN_OBSERVATION
59.782496,22.11158,2010,7,Finland,HUMAN_OBSERVATION
59.782513,22.111542,2010,7,Finland,HUMAN_OBSERVATION
59.782514,22.111577,2010,7,Finland,HUMAN_OBSERVATION
59.782553,22.111429,2010,7,Finland,HUMAN_OBSERVATION
59.782556,22.1115,2010,7,Finland,HUMAN_OBSERVATION
59.783564,23.561798,2014,9,Finland,HUMAN_OBSERVATION
59.783611,23.5619,2014,9,Finland,HUMAN_OBSERVATION
59.783631,23.561951,2014,9,Finland,HUMAN_OBSERVATION
59.78365,23.562003,2014,9,Finland,HUMAN_OBSERVATION
59.783688,23.562088,2014,9,Finland,HUMAN_OBSERVATION
59.783739,22.543609,2020,7,Finland,HUMAN_OBSERVATION
59.783793,23.562327,2014,9,Finland,HUMAN_OBSERVATION
59.783846,22.543845,2020,7,Finland,HUMAN_OBSERVATION
59.783851,23.562463,2014,9,Finland,HUMAN_OBSERVATION
59.783875,22.543895,2020,7,Finland,HUMAN_OBSERVATION
59.783875,22.543912,2020,7,Finland,HUMAN_OBSERVATION
59.783885,22.543929,2020,7,Finland,HUMAN_OBSERVATION
59.783885,22.543947,2020,7,Finland,HUMAN_OBSERVATION
59.783908,23.5626,2014,9,Finland,HUMAN_OBSERVATION
59.783966,23.562737,2014,9,Finland,HUMAN_OBSERVATION
59.78787,23.119788,2010,7,Finland,HUMAN_OBSERVATION
59.787872,23.119859,2010,7,Finland,HUMAN_OBSERVATION
59.787894,23.119696,2010,7,Finland,HUMAN_OBSERVATION
59.787922,23.119729,2010,7,Finland,HUMAN_OBSERVATION
59.787933,23.119799,2010,7,Finland,HUMAN_OBSERVATION
59.78794,23.119745,2010,7,Finland,HUMAN_OBSERVATION
59.789122,23.106516,2014,8,Finland,HUMAN_OBSERVATION
59.789202,23.106471,2014,8,Finland,HUMAN_OBSERVATION
59.789281,23.106426,2014,8,Finland,HUMAN_OBSERVATION
59.789635,23.106224,2014,8,Finland,HUMAN_OBSERVATION
59.789997,23.285085,2010,7,Finland,HUMAN_OBSERVATION
59.790028,23.285224,2010,7,Finland,HUMAN_OBSERVATION
59.790101,23.285269,2010,7,Finland,HUMAN_OBSERVATION
59.790119,23.285267,2010,7,Finland,HUMAN_OBSERVATION
59.790129,23.285284,2010,7,Finland,HUMAN_OBSERVATION
59.790131,23.285373,2010,7,Finland,HUMAN_OBSERVATION
59.790148,23.285317,2010,7,Finland,HUMAN_OBSERVATION
59.790148,23.285317,2010,7,Finland,HUMAN_OBSERVATION
59.790193,23.28533,2010,7,Finland,HUMAN_OBSERVATION
59.790194,23.285366,2010,7,Finland,HUMAN_OBSERVATION
59.790204,23.2854,2010,7,Finland,HUMAN_OBSERVATION
59.790211,23.285328,2010,7,Finland,HUMAN_OBSERVATION
59.790659,22.776048,2014,8,Finland,HUMAN_OBSERVATION
59.7907,23.526629,2020,8,Finland,HUMAN_OBSERVATION
59.790791,23.526673,2020,8,Finland,HUMAN_OBSERVATION
59.790838,23.526722,2020,8,Finland,HUMAN_OBSERVATION
59.79084,23.526793,2020,8,Finland,HUMAN_OBSERVATION
59.790856,23.52672,2020,8,Finland,HUMAN_OBSERVATION
59.790876,23.526825,2020,8,Finland,HUMAN_OBSERVATION
59.790885,23.526824,2020,8,Finland,HUMAN_OBSERVATION
59.790947,23.526782,2020,8,Finland,HUMAN_OBSERVATION
59.790949,23.526871,2020,8,Finland,HUMAN_OBSERVATION
59.790995,23.526901,2020,8,Finland,HUMAN_OBSERVATION
59.791169,23.527008,2020,8,Finland,HUMAN_OBSERVATION
59.791242,23.527054,2020,8,Finland,HUMAN_OBSERVATION
59.791595,22.889104,2010,7,Finland,HUMAN_OBSERVATION
59.791595,22.889122,2010,7,Finland,HUMAN_OBSERVATION
59.791631,22.8891,2010,7,Finland,HUMAN_OBSERVATION
59.791632,22.889136,2010,7,Finland,HUMAN_OBSERVATION
59.791668,22.889131,2010,7,Finland,HUMAN_OBSERVATION
59.791668,22.889131,2010,7,Finland,HUMAN_OBSERVATION
59.79168,22.889237,2010,7,Finland,HUMAN_OBSERVATION
59.791691,22.889289,2010,7,Finland,HUMAN_OBSERVATION
59.791698,22.889234,2010,7,Finland,HUMAN_OBSERVATION
59.791708,22.889287,2010,7,Finland,HUMAN_OBSERVATION
59.79171,22.88934,2010,7,Finland,HUMAN_OBSERVATION
59.791752,22.889513,2010,7,Finland,HUMAN_OBSERVATION
59.79176,22.889494,2010,7,Finland,HUMAN_OBSERVATION
59.792934,23.436515,2010,7,Finland,HUMAN_OBSERVATION
59.793319,22.768164,2015,7,Finland,HUMAN_OBSERVATION
59.79359,26.35996,2009,6,Estonia,HUMAN_OBSERVATION
59.79363,26.36555,2009,6,Estonia,HUMAN_OBSERVATION
59.793764,22.768322,2015,7,Finland,HUMAN_OBSERVATION
59.793833,23.541105,2020,8,Finland,HUMAN_OBSERVATION
59.793849,23.541067,2020,8,Finland,HUMAN_OBSERVATION
59.793867,23.541048,2020,8,Finland,HUMAN_OBSERVATION
59.793927,22.710975,2012,8,Finland,HUMAN_OBSERVATION
59.793936,23.540951,2020,8,Finland,HUMAN_OBSERVATION
59.794004,22.711125,2012,8,Finland,HUMAN_OBSERVATION
59.794239,23.54051,2020,8,Finland,HUMAN_OBSERVATION
59.794246,22.711665,2012,8,Finland,HUMAN_OBSERVATION
59.794266,23.540507,2020,8,Finland,HUMAN_OBSERVATION
59.794284,23.540487,2020,8,Finland,HUMAN_OBSERVATION
59.794319,23.540484,2020,8,Finland,HUMAN_OBSERVATION
59.794322,22.71178,2012,8,Finland,HUMAN_OBSERVATION
59.794355,23.54048,2020,8,Finland,HUMAN_OBSERVATION
59.794439,22.712051,2012,8,Finland,HUMAN_OBSERVATION
59.794444,23.540453,2020,8,Finland,HUMAN_OBSERVATION
59.794555,22.595768,2010,7,Finland,HUMAN_OBSERVATION
59.79459,22.595728,2010,7,Finland,HUMAN_OBSERVATION
59.794609,22.595761,2010,7,Finland,HUMAN_OBSERVATION
59.794636,22.595776,2010,7,Finland,HUMAN_OBSERVATION
59.794652,22.595988,2010,7,Finland,HUMAN_OBSERVATION
59.794654,22.595773,2010,7,Finland,HUMAN_OBSERVATION
59.794655,22.595791,2010,7,Finland,HUMAN_OBSERVATION
59.794665,22.595825,2010,7,Finland,HUMAN_OBSERVATION
59.794667,22.595896,2010,7,Finland,HUMAN_OBSERVATION
59.794672,22.596021,2010,7,Finland,HUMAN_OBSERVATION
59.794678,22.595948,2010,7,Finland,HUMAN_OBSERVATION
59.794681,22.59577,2010,7,Finland,HUMAN_OBSERVATION
59.794681,22.596037,2010,7,Finland,HUMAN_OBSERVATION
59.794682,22.595805,2010,7,Finland,HUMAN_OBSERVATION
59.794682,22.596073,2010,7,Finland,HUMAN_OBSERVATION
59.794683,22.596091,2010,7,Finland,HUMAN_OBSERVATION
59.794686,22.595912,2010,7,Finland,HUMAN_OBSERVATION
59.794698,22.595732,2010,7,Finland,HUMAN_OBSERVATION
59.794703,22.595874,2010,7,Finland,HUMAN_OBSERVATION
59.794711,22.595855,2010,7,Finland,HUMAN_OBSERVATION
59.794716,22.595747,2010,7,Finland,HUMAN_OBSERVATION
59.794735,22.59578,2010,7,Finland,HUMAN_OBSERVATION
59.794737,22.595816,2010,7,Finland,HUMAN_OBSERVATION
59.794737,22.595834,2010,7,Finland,HUMAN_OBSERVATION
59.794744,22.595761,2010,7,Finland,HUMAN_OBSERVATION
59.794746,22.595815,2010,7,Finland,HUMAN_OBSERVATION
59.794748,22.595886,2010,7,Finland,HUMAN_OBSERVATION
59.794763,22.595812,2010,7,Finland,HUMAN_OBSERVATION
59.795421,23.204712,2014,8,Finland,HUMAN_OBSERVATION
59.798894,22.450561,2012,8,Finland,HUMAN_OBSERVATION
59.798917,22.450451,2012,8,Finland,HUMAN_OBSERVATION
59.802156,23.487262,2015,8,Finland,HUMAN_OBSERVATION
59.802174,23.487278,2015,8,Finland,HUMAN_OBSERVATION
59.802211,23.48731,2015,8,Finland,HUMAN_OBSERVATION
59.802257,23.487358,2015,8,Finland,HUMAN_OBSERVATION
59.802303,23.487389,2015,8,Finland,HUMAN_OBSERVATION
59.802303,23.487389,2015,8,Finland,HUMAN_OBSERVATION
59.802321,23.487405,2015,8,Finland,HUMAN_OBSERVATION
59.802321,23.487405,2015,8,Finland,HUMAN_OBSERVATION
59.80234,23.487421,2015,8,Finland,HUMAN_OBSERVATION
59.803252,23.509499,2020,8,Finland,HUMAN_OBSERVATION
59.803279,23.509496,2020,8,Finland,HUMAN_OBSERVATION
59.80336,23.509523,2020,8,Finland,HUMAN_OBSERVATION
59.803397,23.509537,2020,8,Finland,HUMAN_OBSERVATION
59.803496,23.509563,2020,8,Finland,HUMAN_OBSERVATION
59.803587,23.509589,2020,8,Finland,HUMAN_OBSERVATION
59.803629,23.509495,2020,8,Finland,HUMAN_OBSERVATION
59.803717,23.509432,2020,8,Finland,HUMAN_OBSERVATION
59.803806,23.509388,2020,8,Finland,HUMAN_OBSERVATION
59.803886,23.509344,2020,8,Finland,HUMAN_OBSERVATION
59.804107,23.509213,2020,8,Finland,HUMAN_OBSERVATION
59.804151,23.509191,2020,8,Finland,HUMAN_OBSERVATION
59.804231,23.509147,2020,8,Finland,HUMAN_OBSERVATION
59.804319,23.509084,2020,8,Finland,HUMAN_OBSERVATION
59.804408,23.509039,2020,8,Finland,HUMAN_OBSERVATION
59.804497,23.508994,2020,8,Finland,HUMAN_OBSERVATION
59.807623,22.579225,2010,7,Finland,HUMAN_OBSERVATION
59.807871,22.578853,2010,7,Finland,HUMAN_OBSERVATION
59.807941,22.578772,2010,7,Finland,HUMAN_OBSERVATION
59.80807,22.578595,2010,7,Finland,HUMAN_OBSERVATION
59.808156,22.578494,2010,7,Finland,HUMAN_OBSERVATION
59.808157,23.525007,2020,8,Finland,HUMAN_OBSERVATION
59.808247,23.525016,2020,8,Finland,HUMAN_OBSERVATION
59.808291,23.525011,2020,8,Finland,HUMAN_OBSERVATION
59.808336,23.525007,2020,8,Finland,HUMAN_OBSERVATION
59.808543,23.525021,2020,8,Finland,HUMAN_OBSERVATION
59.808552,23.52502,2020,8,Finland,HUMAN_OBSERVATION
59.808579,23.525017,2020,8,Finland,HUMAN_OBSERVATION
59.8091,23.117229,2015,7,Finland,HUMAN_OBSERVATION
59.809126,23.117208,2015,7,Finland,HUMAN_OBSERVATION
59.809204,23.117109,2015,7,Finland,HUMAN_OBSERVATION
59.809239,23.11707,2015,7,Finland,HUMAN_OBSERVATION
59.809247,23.117051,2015,7,Finland,HUMAN_OBSERVATION
59.809274,23.11703,2015,7,Finland,HUMAN_OBSERVATION
59.809442,23.524998,2020,8,Finland,HUMAN_OBSERVATION
59.809456,23.116812,2015,7,Finland,HUMAN_OBSERVATION
59.80998,23.524978,2020,8,Finland,HUMAN_OBSERVATION
59.81007,23.524986,2020,8,Finland,HUMAN_OBSERVATION
59.810451,22.167839,2010,7,Finland,HUMAN_OBSERVATION
59.810467,22.167801,2010,7,Finland,HUMAN_OBSERVATION
59.810509,22.167706,2010,7,Finland,HUMAN_OBSERVATION
59.810509,22.167723,2010,7,Finland,HUMAN_OBSERVATION
59.810527,22.167721,2010,7,Finland,HUMAN_OBSERVATION
59.810544,22.1677,2010,7,Finland,HUMAN_OBSERVATION
59.810548,23.40999,2015,8,Finland,HUMAN_OBSERVATION
59.810571,22.167697,2010,7,Finland,HUMAN_OBSERVATION
59.810577,22.167839,2010,7,Finland,HUMAN_OBSERVATION
59.810593,23.410003,2015,6,Finland,HUMAN_OBSERVATION
59.810593,23.410003,2015,7,Finland,HUMAN_OBSERVATION
59.810598,22.167675,2010,7,Finland,HUMAN_OBSERVATION
59.810601,22.167781,2010,7,Finland,HUMAN_OBSERVATION
59.810602,22.168049,2010,7,Finland,HUMAN_OBSERVATION
59.810603,22.167835,2010,7,Finland,HUMAN_OBSERVATION
59.810607,22.167941,2010,7,Finland,HUMAN_OBSERVATION
59.810608,22.167727,2010,7,Finland,HUMAN_OBSERVATION
59.810611,23.410019,2015,8,Finland,HUMAN_OBSERVATION
59.810612,22.167833,2010,7,Finland,HUMAN_OBSERVATION
59.81062,23.410018,2015,6,Finland,HUMAN_OBSERVATION
59.81062,23.410018,2015,7,Finland,HUMAN_OBSERVATION
59.810632,23.50853,2020,8,Finland,HUMAN_OBSERVATION
59.810638,23.410016,2015,8,Finland,HUMAN_OBSERVATION
59.810648,22.167828,2010,7,Finland,HUMAN_OBSERVATION
59.810656,22.167809,2010,7,Finland,HUMAN_OBSERVATION
59.810664,22.167772,2010,7,Finland,HUMAN_OBSERVATION
59.810666,22.167826,2010,7,Finland,HUMAN_OBSERVATION
59.810666,23.410031,2015,6,Finland,HUMAN_OBSERVATION
59.810666,23.410031,2015,7,Finland,HUMAN_OBSERVATION
59.810684,23.410029,2015,8,Finland,HUMAN_OBSERVATION
59.810687,22.167912,2010,7,Finland,HUMAN_OBSERVATION
59.810694,22.167857,2010,7,Finland,HUMAN_OBSERVATION
59.810695,22.167893,2010,7,Finland,HUMAN_OBSERVATION
59.810711,23.410044,2015,7,Finland,HUMAN_OBSERVATION
59.810729,23.410042,2015,8,Finland,HUMAN_OBSERVATION
59.810746,22.167796,2010,7,Finland,HUMAN_OBSERVATION
59.810747,23.41004,2015,6,Finland,HUMAN_OBSERVATION
59.810747,23.41004,2015,7,Finland,HUMAN_OBSERVATION
59.810763,22.167776,2010,7,Finland,HUMAN_OBSERVATION
59.810765,23.410056,2015,8,Finland,HUMAN_OBSERVATION
59.810776,22.167649,2010,7,Finland,HUMAN_OBSERVATION
59.810796,22.167682,2010,7,Finland,HUMAN_OBSERVATION
59.810796,22.1677,2010,7,Finland,HUMAN_OBSERVATION
59.810796,22.1677,2010,7,Finland,HUMAN_OBSERVATION
59.810799,22.167771,2010,7,Finland,HUMAN_OBSERVATION
59.810801,23.410052,2015,6,Finland,HUMAN_OBSERVATION
59.810804,22.167663,2010,7,Finland,HUMAN_OBSERVATION
59.810804,22.167663,2010,7,Finland,HUMAN_OBSERVATION
59.810816,22.16775,2010,7,Finland,HUMAN_OBSERVATION
59.811143,23.507799,2020,8,Finland,HUMAN_OBSERVATION
59.811666,23.507869,2020,7,Finland,HUMAN_OBSERVATION
59.811899,22.689203,2021,7,Finland,HUMAN_OBSERVATION
59.811929,22.689288,2021,7,Finland,HUMAN_OBSERVATION
59.812162,23.508281,2020,7,Finland,HUMAN_OBSERVATION
59.812171,23.50828,2020,7,Finland,HUMAN_OBSERVATION
59.81219,23.508296,2020,7,Finland,HUMAN_OBSERVATION
59.812199,23.508313,2020,7,Finland,HUMAN_OBSERVATION
59.812254,23.50836,2020,7,Finland,HUMAN_OBSERVATION
59.812274,22.964201,2014,8,Finland,HUMAN_OBSERVATION
59.813227,23.416947,2020,8,Finland,HUMAN_OBSERVATION
59.813259,23.416783,2020,8,Finland,HUMAN_OBSERVATION
59.813299,23.416618,2020,8,Finland,HUMAN_OBSERVATION
59.813348,23.416434,2020,8,Finland,HUMAN_OBSERVATION
59.813373,23.416342,2020,8,Finland,HUMAN_OBSERVATION
59.813405,23.416214,2020,8,Finland,HUMAN_OBSERVATION
59.813437,23.416068,2020,8,Finland,HUMAN_OBSERVATION
59.813477,23.415903,2020,8,Finland,HUMAN_OBSERVATION
59.815695,23.292983,2015,7,Finland,HUMAN_OBSERVATION
59.81585,23.251237,2021,9,Finland,HUMAN_OBSERVATION
59.8159,23.251089,2021,9,Finland,HUMAN_OBSERVATION
59.815949,23.250923,2021,9,Finland,HUMAN_OBSERVATION
59.81599,23.250776,2021,9,Finland,HUMAN_OBSERVATION
59.816007,23.293538,2015,7,Finland,HUMAN_OBSERVATION
59.816035,23.293588,2015,7,Finland,HUMAN_OBSERVATION
59.816039,23.250627,2021,9,Finland,HUMAN_OBSERVATION
59.816054,23.293622,2015,7,Finland,HUMAN_OBSERVATION
59.816089,23.250479,2021,9,Finland,HUMAN_OBSERVATION
59.816092,23.293689,2015,7,Finland,HUMAN_OBSERVATION
59.816111,23.293722,2015,7,Finland,HUMAN_OBSERVATION
59.816168,23.293823,2015,7,Finland,HUMAN_OBSERVATION
59.816215,23.293907,2015,7,Finland,HUMAN_OBSERVATION
59.816253,23.293974,2015,7,Finland,HUMAN_OBSERVATION
59.816272,23.294008,2015,7,Finland,HUMAN_OBSERVATION
59.816733,23.589251,2009,8,Finland,HUMAN_OBSERVATION
59.816854,23.58906,2009,8,Finland,HUMAN_OBSERVATION
59.816855,23.589113,2009,8,Finland,HUMAN_OBSERVATION
59.817346,23.515983,2020,8,Finland,HUMAN_OBSERVATION
59.817365,23.516035,2020,8,Finland,HUMAN_OBSERVATION
59.817375,23.516069,2020,8,Finland,HUMAN_OBSERVATION
59.817419,23.101854,2012,9,Finland,HUMAN_OBSERVATION
59.817471,23.516309,2020,8,Finland,HUMAN_OBSERVATION
59.817586,23.516583,2020,8,Finland,HUMAN_OBSERVATION
59.817697,23.516678,2020,8,Finland,HUMAN_OBSERVATION
59.81774,23.516602,2020,8,Finland,HUMAN_OBSERVATION
59.817808,23.51647,2020,8,Finland,HUMAN_OBSERVATION
59.817851,23.516394,2020,8,Finland,HUMAN_OBSERVATION
59.818135,23.587876,2009,8,Finland,HUMAN_OBSERVATION
59.818354,23.587639,2009,8,Finland,HUMAN_OBSERVATION
59.818415,23.587579,2009,8,Finland,HUMAN_OBSERVATION
59.818485,23.587501,2009,8,Finland,HUMAN_OBSERVATION
59.818713,23.51095,2020,8,Finland,HUMAN_OBSERVATION
59.818796,23.511013,2020,8,Finland,HUMAN_OBSERVATION
59.8188,23.587183,2009,8,Finland,HUMAN_OBSERVATION
59.818835,23.587144,2009,8,Finland,HUMAN_OBSERVATION
59.818878,23.511076,2020,8,Finland,HUMAN_OBSERVATION
59.818879,23.587104,2009,8,Finland,HUMAN_OBSERVATION
59.818905,23.587083,2009,8,Finland,HUMAN_OBSERVATION
59.818942,23.511105,2020,8,Finland,HUMAN_OBSERVATION
59.818949,23.587025,2009,8,Finland,HUMAN_OBSERVATION
59.818988,23.511153,2020,8,Finland,HUMAN_OBSERVATION
59.819016,23.511168,2020,8,Finland,HUMAN_OBSERVATION
59.819098,23.511231,2020,8,Finland,HUMAN_OBSERVATION
59.819354,23.511401,2020,8,Finland,HUMAN_OBSERVATION
59.820268,23.511269,2020,8,Finland,HUMAN_OBSERVATION
59.820286,23.511267,2020,8,Finland,HUMAN_OBSERVATION
59.820321,23.511264,2020,8,Finland,HUMAN_OBSERVATION
59.820375,23.511258,2020,8,Finland,HUMAN_OBSERVATION
59.820877,22.439754,2012,8,Finland,HUMAN_OBSERVATION
59.820881,22.440396,2012,8,Finland,HUMAN_OBSERVATION
59.823365,23.52742,2020,8,Finland,HUMAN_OBSERVATION
59.823439,23.52752,2020,8,Finland,HUMAN_OBSERVATION
59.823514,23.527637,2020,8,Finland,HUMAN_OBSERVATION
59.823589,23.527736,2020,8,Finland,HUMAN_OBSERVATION
59.823691,23.527868,2020,8,Finland,HUMAN_OBSERVATION
59.824541,22.419711,2012,8,Finland,HUMAN_OBSERVATION
59.824646,22.420393,2012,8,Finland,HUMAN_OBSERVATION
59.824656,22.42041,2012,8,Finland,HUMAN_OBSERVATION
59.824656,22.420427,2012,8,Finland,HUMAN_OBSERVATION
59.824657,22.420445,2012,8,Finland,HUMAN_OBSERVATION
59.824658,22.420463,2012,8,Finland,HUMAN_OBSERVATION
59.824673,23.529319,2020,8,Finland,HUMAN_OBSERVATION
59.82473,23.52942,2020,8,Finland,HUMAN_OBSERVATION
59.824758,23.529471,2020,8,Finland,HUMAN_OBSERVATION
59.824832,23.52957,2020,8,Finland,HUMAN_OBSERVATION
59.824898,23.529688,2020,8,Finland,HUMAN_OBSERVATION
59.824922,23.42258,2020,8,Finland,HUMAN_OBSERVATION
59.824981,23.445977,2020,8,Finland,HUMAN_OBSERVATION
59.825071,23.445985,2020,8,Finland,HUMAN_OBSERVATION
59.82519,23.422552,2020,8,Finland,HUMAN_OBSERVATION
59.825286,23.546106,2020,8,Finland,HUMAN_OBSERVATION
59.825307,23.422539,2020,8,Finland,HUMAN_OBSERVATION
59.825648,23.546211,2020,8,Finland,HUMAN_OBSERVATION
59.825739,23.546238,2020,8,Finland,HUMAN_OBSERVATION
59.8259,23.490204,2020,9,Finland,HUMAN_OBSERVATION
59.825954,23.490234,2020,9,Finland,HUMAN_OBSERVATION
59.826,23.490265,2020,9,Finland,HUMAN_OBSERVATION
59.826045,23.490278,2020,9,Finland,HUMAN_OBSERVATION
59.826105,23.422471,2020,8,Finland,HUMAN_OBSERVATION
59.826195,23.422462,2020,8,Finland,HUMAN_OBSERVATION
59.826255,23.490399,2020,9,Finland,HUMAN_OBSERVATION
59.826276,23.422471,2020,8,Finland,HUMAN_OBSERVATION
59.826473,23.422467,2020,8,Finland,HUMAN_OBSERVATION
59.826555,23.422477,2020,8,Finland,HUMAN_OBSERVATION
59.826703,23.490673,2020,9,Finland,HUMAN_OBSERVATION
59.826781,23.546915,2020,8,Finland,HUMAN_OBSERVATION
59.826846,23.54698,2020,8,Finland,HUMAN_OBSERVATION
59.826935,23.490595,2020,9,Finland,HUMAN_OBSERVATION
59.826937,23.547042,2020,8,Finland,HUMAN_OBSERVATION
59.82697,23.490591,2020,9,Finland,HUMAN_OBSERVATION
59.827024,23.490568,2020,9,Finland,HUMAN_OBSERVATION
59.827051,23.490565,2020,9,Finland,HUMAN_OBSERVATION
59.827086,23.490544,2020,9,Finland,HUMAN_OBSERVATION
59.827104,23.490542,2020,9,Finland,HUMAN_OBSERVATION
59.827131,23.490539,2020,9,Finland,HUMAN_OBSERVATION
59.827275,22.453365,2012,8,Finland,HUMAN_OBSERVATION
59.827277,22.4534,2012,8,Finland,HUMAN_OBSERVATION
59.827278,22.453436,2012,8,Finland,HUMAN_OBSERVATION
59.827279,22.453472,2012,8,Finland,HUMAN_OBSERVATION
59.827281,22.452739,2012,8,Finland,HUMAN_OBSERVATION
59.827281,22.453007,2012,8,Finland,HUMAN_OBSERVATION
59.827282,22.453042,2012,8,Finland,HUMAN_OBSERVATION
59.827284,22.452846,2012,8,Finland,HUMAN_OBSERVATION
59.829283,23.517395,2020,8,Finland,HUMAN_OBSERVATION
59.829308,23.517339,2020,8,Finland,HUMAN_OBSERVATION
59.829334,23.517283,2020,8,Finland,HUMAN_OBSERVATION
59.829383,23.521187,2012,9,Finland,HUMAN_OBSERVATION
59.829402,23.517151,2020,8,Finland,HUMAN_OBSERVATION
59.829437,23.521164,2012,9,Finland,HUMAN_OBSERVATION
59.829698,23.072238,2023,6,Finland,HUMAN_OBSERVATION
59.829774,23.521004,2012,9,Finland,HUMAN_OBSERVATION
59.830377,22.21135,2021,6,Finland,HUMAN_OBSERVATION
59.830394,22.21133,2021,6,Finland,HUMAN_OBSERVATION
59.830412,22.211328,2021,6,Finland,HUMAN_OBSERVATION
59.830429,22.211307,2021,6,Finland,HUMAN_OBSERVATION
59.830801,22.07493,2010,7,Finland,HUMAN_OBSERVATION
59.831802,23.531772,2020,9,Finland,HUMAN_OBSERVATION
59.831886,23.531871,2020,9,Finland,HUMAN_OBSERVATION
59.832646,23.532416,2020,9,Finland,HUMAN_OBSERVATION
59.835335,22.612921,2010,7,Finland,HUMAN_OBSERVATION
59.835339,22.613296,2010,7,Finland,HUMAN_OBSERVATION
59.835346,22.613509,2010,7,Finland,HUMAN_OBSERVATION
59.835346,22.613509,2010,7,Finland,HUMAN_OBSERVATION
59.835347,22.613545,2010,7,Finland,HUMAN_OBSERVATION
59.835378,22.613666,2010,7,Finland,HUMAN_OBSERVATION
59.835388,22.6137,2010,7,Finland,HUMAN_OBSERVATION
59.835399,22.613752,2010,7,Finland,HUMAN_OBSERVATION
59.835404,22.613627,2010,7,Finland,HUMAN_OBSERVATION
59.835404,22.613645,2010,7,Finland,HUMAN_OBSERVATION
59.83542,22.613321,2010,7,Finland,HUMAN_OBSERVATION
59.835427,22.613516,2010,7,Finland,HUMAN_OBSERVATION
59.835429,22.613588,2010,7,Finland,HUMAN_OBSERVATION
59.835432,22.613659,2010,7,Finland,HUMAN_OBSERVATION
59.835433,22.613426,2010,7,Finland,HUMAN_OBSERVATION
59.835433,22.613694,2010,7,Finland,HUMAN_OBSERVATION
59.835435,22.613748,2010,7,Finland,HUMAN_OBSERVATION
59.835437,22.613551,2010,7,Finland,HUMAN_OBSERVATION
59.835441,22.613675,2010,7,Finland,HUMAN_OBSERVATION
59.835442,22.613693,2010,7,Finland,HUMAN_OBSERVATION
59.835443,22.613711,2010,7,Finland,HUMAN_OBSERVATION
59.835443,22.613729,2010,7,Finland,HUMAN_OBSERVATION
59.835446,22.613532,2010,7,Finland,HUMAN_OBSERVATION
59.835451,22.61371,2010,7,Finland,HUMAN_OBSERVATION
59.835456,22.613834,2010,7,Finland,HUMAN_OBSERVATION
59.83546,22.613691,2010,7,Finland,HUMAN_OBSERVATION
59.83546,22.613691,2010,7,Finland,HUMAN_OBSERVATION
59.835467,22.613636,2010,7,Finland,HUMAN_OBSERVATION
59.835469,22.61369,2010,7,Finland,HUMAN_OBSERVATION
59.835472,22.61326,2010,7,Finland,HUMAN_OBSERVATION
59.835478,22.613706,2010,7,Finland,HUMAN_OBSERVATION
59.835497,22.613739,2010,7,Finland,HUMAN_OBSERVATION
59.835504,22.613667,2010,7,Finland,HUMAN_OBSERVATION
59.835505,22.613149,2010,7,Finland,HUMAN_OBSERVATION
59.835513,22.613666,2010,7,Finland,HUMAN_OBSERVATION
59.835543,22.613769,2010,7,Finland,HUMAN_OBSERVATION
59.83558,22.6138,2010,7,Finland,HUMAN_OBSERVATION
59.835582,22.613836,2010,7,Finland,HUMAN_OBSERVATION
59.835627,22.613847,2010,7,Finland,HUMAN_OBSERVATION
59.835926,22.156849,2014,8,Finland,HUMAN_OBSERVATION
59.835932,22.156794,2014,8,Finland,HUMAN_OBSERVATION
59.837756,23.517313,2020,9,Finland,HUMAN_OBSERVATION
59.837874,22.523141,2012,8,Finland,HUMAN_OBSERVATION
59.837964,22.523147,2012,8,Finland,HUMAN_OBSERVATION
59.838054,22.523153,2012,8,Finland,HUMAN_OBSERVATION
59.83809,22.523148,2012,8,Finland,HUMAN_OBSERVATION
59.838143,22.523141,2012,8,Finland,HUMAN_OBSERVATION
59.838152,22.52314,2012,8,Finland,HUMAN_OBSERVATION
59.83818,22.523154,2012,8,Finland,HUMAN_OBSERVATION
59.838189,22.523153,2012,8,Finland,HUMAN_OBSERVATION
59.838203,23.518248,2020,9,Finland,HUMAN_OBSERVATION
59.838216,22.523149,2012,8,Finland,HUMAN_OBSERVATION
59.83827,23.518384,2020,9,Finland,HUMAN_OBSERVATION
59.839921,23.212424,2014,4,Finland,HUMAN_OBSERVATION
59.840364,22.215132,2012,8,Finland,HUMAN_OBSERVATION
59.840394,22.494014,2012,8,Finland,HUMAN_OBSERVATION
59.840403,22.494013,2012,8,Finland,HUMAN_OBSERVATION
59.840412,22.494012,2012,8,Finland,HUMAN_OBSERVATION
59.841718,22.770875,2012,8,Finland,HUMAN_OBSERVATION
59.843111,23.774531,2009,8,Finland,HUMAN_OBSERVATION
59.843112,23.774567,2009,8,Finland,HUMAN_OBSERVATION
59.843138,23.77451,2009,8,Finland,HUMAN_OBSERVATION
59.84314,23.774582,2009,8,Finland,HUMAN_OBSERVATION
59.84315,23.774617,2009,8,Finland,HUMAN_OBSERVATION
59.843193,23.774559,2009,8,Finland,HUMAN_OBSERVATION
59.843211,23.774575,2009,8,Finland,HUMAN_OBSERVATION
59.843219,23.77452,2009,8,Finland,HUMAN_OBSERVATION
59.843293,23.774585,2009,8,Finland,HUMAN_OBSERVATION
59.84332,23.7746,2009,8,Finland,HUMAN_OBSERVATION
59.843347,23.774597,2009,8,Finland,HUMAN_OBSERVATION
59.843347,23.774597,2009,8,Finland,HUMAN_OBSERVATION
59.843384,23.77463,2009,8,Finland,HUMAN_OBSERVATION
59.843445,23.775302,2009,8,Finland,HUMAN_OBSERVATION
59.843494,23.775119,2009,8,Finland,HUMAN_OBSERVATION
59.843503,23.7751,2009,8,Finland,HUMAN_OBSERVATION
59.843521,23.775116,2009,8,Finland,HUMAN_OBSERVATION
59.843553,23.774935,2009,8,Finland,HUMAN_OBSERVATION
59.843566,23.775112,2009,8,Finland,HUMAN_OBSERVATION
59.843587,23.774878,2009,8,Finland,HUMAN_OBSERVATION
59.843594,23.77477,2009,8,Finland,HUMAN_OBSERVATION
59.843619,23.775089,2009,8,Finland,HUMAN_OBSERVATION
59.843621,23.775142,2009,8,Finland,HUMAN_OBSERVATION
59.84363,23.774802,2009,8,Finland,HUMAN_OBSERVATION
59.843638,23.775123,2009,8,Finland,HUMAN_OBSERVATION
59.843676,23.774816,2009,8,Finland,HUMAN_OBSERVATION
59.843721,23.774847,2009,8,Finland,HUMAN_OBSERVATION
59.844046,23.737366,2009,8,Finland,HUMAN_OBSERVATION
59.845348,22.311193,2010,7,Finland,HUMAN_OBSERVATION
59.845356,22.311174,2010,7,Finland,HUMAN_OBSERVATION
59.845367,22.310207,2010,7,Finland,HUMAN_OBSERVATION
59.845367,22.310225,2010,7,Finland,HUMAN_OBSERVATION
59.845368,22.310243,2010,7,Finland,HUMAN_OBSERVATION
59.845392,22.310168,2010,7,Finland,HUMAN_OBSERVATION
59.845407,22.310827,2010,7,Finland,HUMAN_OBSERVATION
59.845413,22.310504,2010,7,Finland,HUMAN_OBSERVATION
59.845414,22.310522,2010,7,Finland,HUMAN_OBSERVATION
59.845416,22.310576,2010,7,Finland,HUMAN_OBSERVATION
59.845416,22.310593,2010,7,Finland,HUMAN_OBSERVATION
59.845418,22.310629,2010,7,Finland,HUMAN_OBSERVATION
59.84542,22.31095,2010,7,Finland,HUMAN_OBSERVATION
59.845421,22.310986,2010,7,Finland,HUMAN_OBSERVATION
59.845422,22.310503,2010,7,Finland,HUMAN_OBSERVATION
59.845423,22.310771,2010,7,Finland,HUMAN_OBSERVATION
59.845423,22.311021,2010,7,Finland,HUMAN_OBSERVATION
59.845424,22.310288,2010,7,Finland,HUMAN_OBSERVATION
59.845425,22.310842,2010,7,Finland,HUMAN_OBSERVATION
59.845427,22.310878,2010,7,Finland,HUMAN_OBSERVATION
59.845428,22.310914,2010,7,Finland,HUMAN_OBSERVATION
59.845432,22.310788,2010,7,Finland,HUMAN_OBSERVATION
59.845446,22.310428,2010,7,Finland,HUMAN_OBSERVATION
59.84545,22.310285,2010,7,Finland,HUMAN_OBSERVATION
59.845451,22.310302,2010,7,Finland,HUMAN_OBSERVATION
59.845457,22.310463,2010,7,Finland,HUMAN_OBSERVATION
59.845465,22.310444,2010,7,Finland,HUMAN_OBSERVATION
59.84547,22.310318,2010,7,Finland,HUMAN_OBSERVATION
59.845476,22.310764,2010,7,Finland,HUMAN_OBSERVATION
59.846182,23.427334,2020,7,Finland,HUMAN_OBSERVATION
59.846777,23.407925,2015,8,Finland,HUMAN_OBSERVATION
59.848998,23.443342,2015,6,Finland,HUMAN_OBSERVATION
59.849109,23.443134,2015,6,Finland,HUMAN_OBSERVATION
59.849109,23.443134,2015,8,Finland,HUMAN_OBSERVATION
59.849143,23.443077,2015,6,Finland,HUMAN_OBSERVATION
59.849143,23.443077,2015,8,Finland,HUMAN_OBSERVATION
59.849178,23.443019,2015,6,Finland,HUMAN_OBSERVATION
59.849178,23.443019,2015,8,Finland,HUMAN_OBSERVATION
59.849204,23.442981,2015,8,Finland,HUMAN_OBSERVATION
59.849229,23.442925,2015,8,Finland,HUMAN_OBSERVATION
59.849255,23.442868,2015,8,Finland,HUMAN_OBSERVATION
59.853584,23.433472,2020,7,Finland,HUMAN_OBSERVATION
59.853638,23.433484,2020,7,Finland,HUMAN_OBSERVATION
59.853683,23.43348,2020,7,Finland,HUMAN_OBSERVATION
59.853719,23.433494,2020,7,Finland,HUMAN_OBSERVATION
59.853894,23.53383,2015,6,Finland,HUMAN_OBSERVATION
59.85391,23.533757,2015,6,Finland,HUMAN_OBSERVATION
59.853927,23.53372,2015,6,Finland,HUMAN_OBSERVATION
59.853935,23.533683,2015,6,Finland,HUMAN_OBSERVATION
59.853937,22.240125,2021,7,Finland,HUMAN_OBSERVATION
59.854003,22.240956,2021,7,Finland,HUMAN_OBSERVATION
59.854688,23.433408,2020,7,Finland,HUMAN_OBSERVATION
59.856604,22.35513,2012,8,Finland,HUMAN_OBSERVATION
59.856623,22.355163,2012,8,Finland,HUMAN_OBSERVATION
59.856623,22.355163,2012,8,Finland,HUMAN_OBSERVATION
59.856692,22.355314,2012,8,Finland,HUMAN_OBSERVATION
59.856701,22.355331,2012,8,Finland,HUMAN_OBSERVATION
59.856711,22.355365,2012,8,Finland,HUMAN_OBSERVATION
59.856721,22.355382,2012,8,Finland,HUMAN_OBSERVATION
59.85674,22.355415,2012,8,Finland,HUMAN_OBSERVATION
59.85676,22.355466,2012,8,Finland,HUMAN_OBSERVATION
59.856778,22.355481,2012,8,Finland,HUMAN_OBSERVATION
59.856799,22.35555,2012,8,Finland,HUMAN_OBSERVATION
59.856809,22.355584,2012,8,Finland,HUMAN_OBSERVATION
59.856906,22.355785,2012,8,Finland,HUMAN_OBSERVATION
59.856973,22.355901,2012,8,Finland,HUMAN_OBSERVATION
59.856983,22.355935,2012,8,Finland,HUMAN_OBSERVATION
59.856993,22.355952,2012,8,Finland,HUMAN_OBSERVATION
59.857002,22.355968,2012,8,Finland,HUMAN_OBSERVATION
59.858988,22.172196,2020,7,Finland,HUMAN_OBSERVATION
59.859108,22.172787,2020,7,Finland,HUMAN_OBSERVATION
59.859317,22.174777,2020,7,Finland,HUMAN_OBSERVATION
59.859327,22.175062,2020,7,Finland,HUMAN_OBSERVATION
59.859341,22.175203,2020,7,Finland,HUMAN_OBSERVATION
59.859348,22.175381,2020,7,Finland,HUMAN_OBSERVATION
59.860506,23.586999,2015,6,Finland,HUMAN_OBSERVATION
59.860507,23.587375,2015,6,Finland,HUMAN_OBSERVATION
59.860507,23.58741,2015,6,Finland,HUMAN_OBSERVATION
59.860508,23.587446,2015,6,Finland,HUMAN_OBSERVATION
59.86051,23.587178,2015,6,Finland,HUMAN_OBSERVATION
59.860512,23.587231,2015,6,Finland,HUMAN_OBSERVATION
59.860513,23.587285,2015,6,Finland,HUMAN_OBSERVATION
59.860514,23.587302,2015,6,Finland,HUMAN_OBSERVATION
59.860514,23.58732,2015,6,Finland,HUMAN_OBSERVATION
59.860515,23.587338,2015,6,Finland,HUMAN_OBSERVATION
59.860569,23.636221,2014,8,Finland,HUMAN_OBSERVATION
59.86057,23.636239,2014,8,Finland,HUMAN_OBSERVATION
59.860791,23.636807,2014,8,Finland,HUMAN_OBSERVATION
59.86084,23.636962,2014,8,Finland,HUMAN_OBSERVATION
59.860926,23.637186,2014,8,Finland,HUMAN_OBSERVATION
59.860936,23.637221,2014,8,Finland,HUMAN_OBSERVATION
59.860946,23.637238,2014,8,Finland,HUMAN_OBSERVATION
59.860965,23.637307,2014,8,Finland,HUMAN_OBSERVATION
59.862821,22.117926,2012,8,Finland,HUMAN_OBSERVATION
59.864086,23.400623,2014,9,Finland,HUMAN_OBSERVATION
59.864268,23.400675,2014,9,Finland,HUMAN_OBSERVATION
59.865077,23.401016,2014,9,Finland,HUMAN_OBSERVATION
59.865218,23.401251,2014,9,Finland,HUMAN_OBSERVATION
59.865342,23.401524,2014,9,Finland,HUMAN_OBSERVATION
59.865369,23.403147,2014,9,Finland,HUMAN_OBSERVATION
59.865375,23.403701,2014,9,Finland,HUMAN_OBSERVATION
59.865458,23.406748,2014,9,Finland,HUMAN_OBSERVATION
59.865514,23.407815,2014,9,Finland,HUMAN_OBSERVATION
59.865747,23.407468,2014,9,Finland,HUMAN_OBSERVATION
59.865807,22.612817,2012,8,Finland,HUMAN_OBSERVATION
59.866087,22.613388,2012,8,Finland,HUMAN_OBSERVATION
59.867188,23.857065,2009,8,Finland,HUMAN_OBSERVATION
59.867337,23.857283,2009,8,Finland,HUMAN_OBSERVATION
59.867346,23.857282,2009,8,Finland,HUMAN_OBSERVATION
59.867405,23.857491,2009,8,Finland,HUMAN_OBSERVATION
59.867419,23.857311,2009,8,Finland,HUMAN_OBSERVATION
59.867424,23.857507,2009,8,Finland,HUMAN_OBSERVATION
59.867424,23.857507,2009,8,Finland,HUMAN_OBSERVATION
59.867428,23.857328,2009,8,Finland,HUMAN_OBSERVATION
59.867441,23.85747,2009,8,Finland,HUMAN_OBSERVATION
59.867458,23.857432,2009,8,Finland,HUMAN_OBSERVATION
59.867466,23.857414,2009,8,Finland,HUMAN_OBSERVATION
59.867501,23.857357,2009,8,Finland,HUMAN_OBSERVATION
59.86751,23.857374,2009,8,Finland,HUMAN_OBSERVATION
59.867528,23.857372,2009,8,Finland,HUMAN_OBSERVATION
59.867558,23.857494,2009,8,Finland,HUMAN_OBSERVATION
59.867567,23.857476,2009,8,Finland,HUMAN_OBSERVATION
59.867593,23.857473,2009,8,Finland,HUMAN_OBSERVATION
59.869323,22.172179,2014,8,Finland,HUMAN_OBSERVATION
59.86933,22.172143,2014,8,Finland,HUMAN_OBSERVATION
59.872255,22.240006,2020,7,Finland,HUMAN_OBSERVATION
59.873565,22.249122,2020,8,Finland,HUMAN_OBSERVATION
59.873854,23.578086,2015,6,Finland,HUMAN_OBSERVATION
59.873904,22.250022,2020,8,Finland,HUMAN_OBSERVATION
59.876287,23.72094,2014,8,Finland,HUMAN_OBSERVATION
59.877042,21.748037,2016,7,Finland,HUMAN_OBSERVATION
59.878233,22.123804,2022,8,Finland,HUMAN_OBSERVATION
59.878772,22.123778,2022,8,Finland,HUMAN_OBSERVATION
59.8808,22.096081,2010,7,Finland,HUMAN_OBSERVATION
59.880807,22.096026,2010,7,Finland,HUMAN_OBSERVATION
59.880816,22.096043,2010,7,Finland,HUMAN_OBSERVATION
59.880839,22.095914,2010,7,Finland,HUMAN_OBSERVATION
59.880848,22.095931,2010,7,Finland,HUMAN_OBSERVATION
59.880856,22.095912,2010,7,Finland,HUMAN_OBSERVATION
59.880857,22.095929,2010,7,Finland,HUMAN_OBSERVATION
59.880869,22.095999,2010,7,Finland,HUMAN_OBSERVATION
59.881001,22.095693,2010,7,Finland,HUMAN_OBSERVATION
59.881006,22.095585,2010,7,Finland,HUMAN_OBSERVATION
59.881008,22.095621,2010,7,Finland,HUMAN_OBSERVATION
59.881016,22.095602,2010,7,Finland,HUMAN_OBSERVATION
59.881021,22.095494,2010,7,Finland,HUMAN_OBSERVATION
59.881024,22.095583,2010,7,Finland,HUMAN_OBSERVATION
59.881028,22.095689,2010,7,Finland,HUMAN_OBSERVATION
59.881032,22.095563,2010,7,Finland,HUMAN_OBSERVATION
59.881049,22.095525,2010,7,Finland,HUMAN_OBSERVATION
59.88106,22.095577,2010,7,Finland,HUMAN_OBSERVATION
59.881066,22.095505,2010,7,Finland,HUMAN_OBSERVATION
59.88107,22.095612,2010,7,Finland,HUMAN_OBSERVATION
59.881085,22.095538,2010,7,Finland,HUMAN_OBSERVATION
59.881093,22.095501,2010,7,Finland,HUMAN_OBSERVATION
59.881116,22.095623,2010,7,Finland,HUMAN_OBSERVATION
59.881141,22.095333,2010,7,Finland,HUMAN_OBSERVATION
59.881149,22.095314,2010,7,Finland,HUMAN_OBSERVATION
59.881167,22.095311,2010,7,Finland,HUMAN_OBSERVATION
59.881175,22.095292,2010,7,Finland,HUMAN_OBSERVATION
59.886737,23.665101,2009,8,Finland,HUMAN_OBSERVATION
59.886755,23.665099,2009,8,Finland,HUMAN_OBSERVATION
59.887961,23.665157,2009,8,Finland,HUMAN_OBSERVATION
59.887988,23.665137,2009,8,Finland,HUMAN_OBSERVATION
59.888005,23.665135,2009,8,Finland,HUMAN_OBSERVATION
59.888023,23.665133,2009,8,Finland,HUMAN_OBSERVATION
59.888097,23.665215,2009,8,Finland,HUMAN_OBSERVATION
59.888117,23.665267,2009,8,Finland,HUMAN_OBSERVATION
59.889159,23.665269,2009,8,Finland,HUMAN_OBSERVATION
59.889169,23.665286,2009,8,Finland,HUMAN_OBSERVATION
59.890565,23.938473,2009,8,Finland,HUMAN_OBSERVATION
59.890816,23.697492,2009,8,Finland,HUMAN_OBSERVATION
59.892225,22.599557,2018,6,Finland,HUMAN_OBSERVATION
59.892342,22.434114,2012,8,Finland,HUMAN_OBSERVATION
59.892361,22.43413,2012,8,Finland,HUMAN_OBSERVATION
59.893716,10.52458,2020,9,Norway,HUMAN_OBSERVATION
59.895129,22.632194,2012,8,Finland,HUMAN_OBSERVATION
59.895153,22.121856,2020,8,Finland,HUMAN_OBSERVATION
59.895221,22.121971,2020,8,Finland,HUMAN_OBSERVATION
59.895279,22.122106,2020,8,Finland,HUMAN_OBSERVATION
59.895384,22.631999,2012,8,Finland,HUMAN_OBSERVATION
59.895424,22.125021,2021,7,Finland,HUMAN_OBSERVATION
59.895472,22.12487,2021,7,Finland,HUMAN_OBSERVATION
59.89552,22.12472,2021,7,Finland,HUMAN_OBSERVATION
59.895939,22.583726,2010,7,Finland,HUMAN_OBSERVATION
59.895955,22.583652,2010,7,Finland,HUMAN_OBSERVATION
59.896014,22.583537,2010,7,Finland,HUMAN_OBSERVATION
59.896039,22.124626,2020,8,Finland,HUMAN_OBSERVATION
59.896043,22.583587,2010,7,Finland,HUMAN_OBSERVATION
59.89606,22.583567,2010,7,Finland,HUMAN_OBSERVATION
59.896064,22.124819,2020,8,Finland,HUMAN_OBSERVATION
59.896077,22.124925,2020,8,Finland,HUMAN_OBSERVATION
59.896091,22.125066,2020,8,Finland,HUMAN_OBSERVATION
59.896115,22.125241,2020,8,Finland,HUMAN_OBSERVATION
59.89613,22.1254,2020,8,Finland,HUMAN_OBSERVATION
59.896283,23.768246,2009,8,Finland,HUMAN_OBSERVATION
59.896284,23.768264,2009,8,Finland,HUMAN_OBSERVATION
59.896295,23.768352,2009,8,Finland,HUMAN_OBSERVATION
59.896295,23.76837,2009,8,Finland,HUMAN_OBSERVATION
59.896312,23.768315,2009,8,Finland,HUMAN_OBSERVATION
59.896315,23.768422,2009,8,Finland,HUMAN_OBSERVATION
59.896324,23.768421,2009,8,Finland,HUMAN_OBSERVATION
59.896326,23.76817,2009,8,Finland,HUMAN_OBSERVATION
59.896328,23.768224,2009,8,Finland,HUMAN_OBSERVATION
59.896336,23.768205,2009,8,Finland,HUMAN_OBSERVATION
59.896337,23.768223,2009,8,Finland,HUMAN_OBSERVATION
59.899557,23.651811,2009,8,Finland,HUMAN_OBSERVATION
59.899575,23.651809,2009,8,Finland,HUMAN_OBSERVATION
59.901125,22.200305,2021,8,Finland,HUMAN_OBSERVATION
59.901156,22.478895,2012,8,Finland,HUMAN_OBSERVATION
59.901184,22.200189,2021,8,Finland,HUMAN_OBSERVATION
59.901243,22.200073,2021,8,Finland,HUMAN_OBSERVATION
59.901262,22.197653,2021,7,Finland,HUMAN_OBSERVATION
59.901277,22.200015,2021,8,Finland,HUMAN_OBSERVATION
59.901344,22.19988,2021,8,Finland,HUMAN_OBSERVATION
59.902064,22.198665,2021,8,Finland,HUMAN_OBSERVATION
59.902072,22.198646,2021,8,Finland,HUMAN_OBSERVATION
59.902239,22.198282,2021,8,Finland,HUMAN_OBSERVATION
59.902306,22.198165,2021,8,Finland,HUMAN_OBSERVATION
59.90249,22.197762,2021,8,Finland,HUMAN_OBSERVATION
59.902587,23.888959,2009,8,Finland,HUMAN_OBSERVATION
59.903953,21.523682,2013,8,Finland,HUMAN_OBSERVATION
59.903962,21.523466,2013,8,Finland,HUMAN_OBSERVATION
59.903967,21.523375,2013,8,Finland,HUMAN_OBSERVATION
59.904352,22.312977,2010,7,Finland,HUMAN_OBSERVATION
59.904377,22.31292,2010,7,Finland,HUMAN_OBSERVATION
59.904377,22.31292,2010,7,Finland,HUMAN_OBSERVATION
59.904379,22.31274,2010,7,Finland,HUMAN_OBSERVATION
59.904414,22.31295,2010,7,Finland,HUMAN_OBSERVATION
59.905146,23.747864,2014,8,Finland,HUMAN_OBSERVATION
59.905192,23.747913,2014,8,Finland,HUMAN_OBSERVATION
59.905219,23.747947,2014,8,Finland,HUMAN_OBSERVATION
59.905238,23.747963,2014,8,Finland,HUMAN_OBSERVATION
59.905247,22.053944,2012,8,Finland,HUMAN_OBSERVATION
59.905251,22.053567,2012,8,Finland,HUMAN_OBSERVATION
59.905252,22.05337,2012,8,Finland,HUMAN_OBSERVATION
59.905253,22.054122,2012,8,Finland,HUMAN_OBSERVATION
59.905293,23.748011,2014,8,Finland,HUMAN_OBSERVATION
59.905339,23.74806,2014,8,Finland,HUMAN_OBSERVATION
59.905392,23.772513,2015,7,Finland,HUMAN_OBSERVATION
59.90544,23.748158,2014,8,Finland,HUMAN_OBSERVATION
59.905482,23.772504,2015,7,Finland,HUMAN_OBSERVATION
59.905913,23.629341,2014,9,Finland,HUMAN_OBSERVATION
59.905917,23.628446,2014,9,Finland,HUMAN_OBSERVATION
59.905919,23.628178,2014,9,Finland,HUMAN_OBSERVATION
59.905919,23.629573,2014,9,Finland,HUMAN_OBSERVATION
59.905919,23.629931,2014,9,Finland,HUMAN_OBSERVATION
59.905921,23.629662,2014,9,Finland,HUMAN_OBSERVATION
59.906292,22.318201,2012,8,Finland,HUMAN_OBSERVATION
59.906369,22.318351,2012,8,Finland,HUMAN_OBSERVATION
59.906537,23.887641,2014,7,Finland,HUMAN_OBSERVATION
59.906626,23.887597,2014,7,Finland,HUMAN_OBSERVATION
59.907304,22.34877,2010,7,Finland,HUMAN_OBSERVATION
59.907321,22.348732,2010,7,Finland,HUMAN_OBSERVATION
59.907348,22.348728,2010,7,Finland,HUMAN_OBSERVATION
59.90735,22.348799,2010,7,Finland,HUMAN_OBSERVATION
59.90735,22.348799,2010,7,Finland,HUMAN_OBSERVATION
59.907377,22.348795,2010,7,Finland,HUMAN_OBSERVATION
59.907459,21.998498,2010,7,Finland,HUMAN_OBSERVATION
59.907521,21.998238,2010,7,Finland,HUMAN_OBSERVATION
59.907562,21.997426,2010,7,Finland,HUMAN_OBSERVATION
59.907564,21.998178,2010,7,Finland,HUMAN_OBSERVATION
59.907566,21.997515,2010,7,Finland,HUMAN_OBSERVATION
59.907568,21.997336,2010,7,Finland,HUMAN_OBSERVATION
59.907572,21.998159,2010,7,Finland,HUMAN_OBSERVATION
59.907573,21.998177,2010,7,Finland,HUMAN_OBSERVATION
59.907575,21.997514,2010,7,Finland,HUMAN_OBSERVATION
59.907575,21.997514,2010,7,Finland,HUMAN_OBSERVATION
59.907586,21.997333,2010,7,Finland,HUMAN_OBSERVATION
59.907593,21.997995,2010,7,Finland,HUMAN_OBSERVATION
59.90762,21.99799,2010,7,Finland,HUMAN_OBSERVATION
59.907632,21.997595,2010,7,Finland,HUMAN_OBSERVATION
59.907633,21.99763,2010,7,Finland,HUMAN_OBSERVATION
59.907638,21.997988,2010,7,Finland,HUMAN_OBSERVATION
59.90767,21.99766,2010,7,Finland,HUMAN_OBSERVATION
59.908539,22.331064,2010,7,Finland,HUMAN_OBSERVATION
59.908564,22.331025,2010,7,Finland,HUMAN_OBSERVATION
59.908604,22.331127,2010,7,Finland,HUMAN_OBSERVATION
59.908613,22.331126,2010,7,Finland,HUMAN_OBSERVATION
59.908613,22.331143,2010,7,Finland,HUMAN_OBSERVATION
59.90862,22.331071,2010,7,Finland,HUMAN_OBSERVATION
59.908622,22.331142,2010,7,Finland,HUMAN_OBSERVATION
59.908623,22.33116,2010,7,Finland,HUMAN_OBSERVATION
59.908633,22.331176,2010,7,Finland,HUMAN_OBSERVATION
59.908633,22.331445,2010,7,Finland,HUMAN_OBSERVATION
59.908642,22.331175,2010,7,Finland,HUMAN_OBSERVATION
59.908642,22.331193,2010,7,Finland,HUMAN_OBSERVATION
59.908651,22.331192,2010,7,Finland,HUMAN_OBSERVATION
59.90866,22.331441,2010,7,Finland,HUMAN_OBSERVATION
59.90866,22.331441,2010,7,Finland,HUMAN_OBSERVATION
59.908686,22.330918,2010,7,Finland,HUMAN_OBSERVATION
59.908745,22.330552,2010,7,Finland,HUMAN_OBSERVATION
59.909311,22.614374,2012,8,Finland,HUMAN_OBSERVATION
59.909317,22.614534,2012,8,Finland,HUMAN_OBSERVATION
59.909341,22.614728,2012,8,Finland,HUMAN_OBSERVATION
59.909356,22.614905,2012,8,Finland,HUMAN_OBSERVATION
59.909371,22.6151,2012,8,Finland,HUMAN_OBSERVATION
59.909387,22.615295,2012,8,Finland,HUMAN_OBSERVATION
59.909432,22.615844,2012,8,Finland,HUMAN_OBSERVATION
59.916166,22.72708,2012,8,Finland,HUMAN_OBSERVATION
59.919117,23.699332,2009,8,Finland,HUMAN_OBSERVATION
59.923901,22.13784,2012,8,Finland,HUMAN_OBSERVATION
59.92396,22.137724,2012,8,Finland,HUMAN_OBSERVATION
59.925543,21.828419,2013,8,Finland,HUMAN_OBSERVATION
59.925543,21.828437,2013,8,Finland,HUMAN_OBSERVATION
59.928081,22.637189,2010,7,Finland,HUMAN_OBSERVATION
59.928412,23.976159,2015,7,Finland,HUMAN_OBSERVATION
59.928432,23.976264,2015,7,Finland,HUMAN_OBSERVATION
59.928433,23.9763,2015,7,Finland,HUMAN_OBSERVATION
59.931381,22.773923,2012,8,Finland,HUMAN_OBSERVATION
59.931391,22.773957,2012,8,Finland,HUMAN_OBSERVATION
59.931401,22.773992,2012,8,Finland,HUMAN_OBSERVATION
59.931411,22.774009,2012,8,Finland,HUMAN_OBSERVATION
59.931441,22.774112,2012,8,Finland,HUMAN_OBSERVATION
59.931491,22.774249,2012,8,Finland,HUMAN_OBSERVATION
59.93739,24.437115,2015,8,Finland,HUMAN_OBSERVATION
59.937464,24.437216,2015,8,Finland,HUMAN_OBSERVATION
59.937528,24.437301,2015,8,Finland,HUMAN_OBSERVATION
59.937602,24.437385,2015,8,Finland,HUMAN_OBSERVATION
59.937647,24.437435,2015,8,Finland,HUMAN_OBSERVATION
59.937666,24.437469,2015,8,Finland,HUMAN_OBSERVATION
59.9385,23.381285,2014,8,Finland,HUMAN_OBSERVATION
59.93851,23.381302,2014,8,Finland,HUMAN_OBSERVATION
59.938547,23.381334,2014,8,Finland,HUMAN_OBSERVATION
59.938565,23.38135,2014,8,Finland,HUMAN_OBSERVATION
59.938593,23.381382,2014,8,Finland,HUMAN_OBSERVATION
59.938603,23.381417,2014,8,Finland,HUMAN_OBSERVATION
59.93863,23.381432,2014,8,Finland,HUMAN_OBSERVATION
59.941078,22.182723,2022,8,Finland,HUMAN_OBSERVATION
59.941257,22.182697,2022,8,Finland,HUMAN_OBSERVATION
59.941346,22.182684,2022,8,Finland,HUMAN_OBSERVATION
59.941436,22.182671,2022,8,Finland,HUMAN_OBSERVATION
59.941615,22.182645,2022,8,Finland,HUMAN_OBSERVATION
59.946771,23.823392,2009,8,Finland,HUMAN_OBSERVATION
59.946771,23.823392,2009,8,Finland,HUMAN_OBSERVATION
59.94678,23.823392,2009,8,Finland,HUMAN_OBSERVATION
59.948756,23.799591,2009,8,Finland,HUMAN_OBSERVATION
59.948764,23.799554,2009,8,Finland,HUMAN_OBSERVATION
59.948765,23.799572,2009,8,Finland,HUMAN_OBSERVATION
59.948765,23.799572,2009,8,Finland,HUMAN_OBSERVATION
59.948765,23.79959,2009,8,Finland,HUMAN_OBSERVATION
59.948777,23.799714,2009,8,Finland,HUMAN_OBSERVATION
59.950086,22.508007,2010,7,Finland,HUMAN_OBSERVATION
59.950148,22.50798,2010,7,Finland,HUMAN_OBSERVATION
59.950206,22.508098,2010,7,Finland,HUMAN_OBSERVATION
59.951164,24.021988,2014,7,Finland,HUMAN_OBSERVATION
59.951247,24.02207,2014,7,Finland,HUMAN_OBSERVATION
59.951411,24.022198,2014,7,Finland,HUMAN_OBSERVATION
59.954852,22.284419,2021,7,Finland,HUMAN_OBSERVATION
59.957777,21.721343,2013,8,Finland,HUMAN_OBSERVATION
59.957797,21.721394,2013,8,Finland,HUMAN_OBSERVATION
59.957829,21.721514,2013,8,Finland,HUMAN_OBSERVATION
59.957838,21.721513,2013,8,Finland,HUMAN_OBSERVATION
59.95786,21.721599,2013,8,Finland,HUMAN_OBSERVATION
59.969179,21.617583,2005,1,Finland,HUMAN_OBSERVATION
59.975169,21.609139,2005,1,Finland,HUMAN_OBSERVATION
59.975225,21.609184,2005,1,Finland,HUMAN_OBSERVATION
59.975252,21.609179,2005,1,Finland,HUMAN_OBSERVATION
59.975336,21.609255,2005,1,Finland,HUMAN_OBSERVATION
59.975369,21.745393,2019,7,Finland,HUMAN_OBSERVATION
59.975427,21.609294,2005,1,Finland,HUMAN_OBSERVATION
59.975511,21.609352,2005,1,Finland,HUMAN_OBSERVATION
59.975553,21.745274,2019,7,Finland,HUMAN_OBSERVATION
59.979581,22.253202,2010,7,Finland,HUMAN_OBSERVATION
59.979639,22.253068,2010,7,Finland,HUMAN_OBSERVATION
59.979648,22.253048,2010,7,Finland,HUMAN_OBSERVATION
59.97968,22.252954,2010,7,Finland,HUMAN_OBSERVATION
59.979689,22.253186,2010,7,Finland,HUMAN_OBSERVATION
59.979824,22.252951,2010,7,Finland,HUMAN_OBSERVATION
59.979898,22.252995,2010,7,Finland,HUMAN_OBSERVATION
59.979915,22.252992,2010,7,Finland,HUMAN_OBSERVATION
59.979931,22.252918,2010,7,Finland,HUMAN_OBSERVATION
59.979931,22.252918,2010,7,Finland,HUMAN_OBSERVATION
59.979942,22.252988,2010,7,Finland,HUMAN_OBSERVATION
59.979953,22.253023,2010,7,Finland,HUMAN_OBSERVATION
59.979997,22.253016,2010,7,Finland,HUMAN_OBSERVATION
59.979998,22.253034,2010,7,Finland,HUMAN_OBSERVATION
59.980004,22.252944,2010,7,Finland,HUMAN_OBSERVATION
59.980031,21.33865,2013,8,Finland,HUMAN_OBSERVATION
59.980033,21.338686,2013,8,Finland,HUMAN_OBSERVATION
59.980034,21.338703,2013,8,Finland,HUMAN_OBSERVATION
59.980034,21.338721,2013,8,Finland,HUMAN_OBSERVATION
59.981874,21.758258,2022,8,Finland,HUMAN_OBSERVATION
59.985319,21.607142,2005,1,Finland,HUMAN_OBSERVATION
59.987673,24.026453,2015,7,Finland,HUMAN_OBSERVATION
59.987885,24.026291,2015,7,Finland,HUMAN_OBSERVATION
59.987894,24.026272,2015,7,Finland,HUMAN_OBSERVATION
59.989831,22.030846,2010,7,Finland,HUMAN_OBSERVATION
59.989862,22.030931,2010,7,Finland,HUMAN_OBSERVATION
59.989868,22.030859,2010,7,Finland,HUMAN_OBSERVATION
59.989869,22.030894,2010,7,Finland,HUMAN_OBSERVATION
59.98987,22.030912,2010,7,Finland,HUMAN_OBSERVATION
59.989948,22.030846,2010,7,Finland,HUMAN_OBSERVATION
59.98996,22.030917,2010,7,Finland,HUMAN_OBSERVATION
59.989962,22.03097,2010,7,Finland,HUMAN_OBSERVATION
59.989987,22.03093,2010,7,Finland,HUMAN_OBSERVATION
59.989998,22.030983,2010,7,Finland,HUMAN_OBSERVATION
59.990018,22.031033,2010,7,Finland,HUMAN_OBSERVATION
59.990038,22.031067,2010,7,Finland,HUMAN_OBSERVATION
59.990053,22.031244,2010,7,Finland,HUMAN_OBSERVATION
59.990063,22.031027,2010,7,Finland,HUMAN_OBSERVATION
59.990064,22.031062,2010,7,Finland,HUMAN_OBSERVATION
59.990079,22.031222,2010,7,Finland,HUMAN_OBSERVATION
59.990085,22.031131,2010,7,Finland,HUMAN_OBSERVATION
59.990086,22.031149,2010,7,Finland,HUMAN_OBSERVATION
59.990096,22.031183,2010,7,Finland,HUMAN_OBSERVATION
59.990097,22.031201,2010,7,Finland,HUMAN_OBSERVATION
59.990102,22.031093,2010,7,Finland,HUMAN_OBSERVATION
59.990102,22.031093,2010,7,Finland,HUMAN_OBSERVATION
59.990102,22.031111,2010,7,Finland,HUMAN_OBSERVATION
59.990104,22.031164,2010,7,Finland,HUMAN_OBSERVATION
59.990112,22.031127,2010,7,Finland,HUMAN_OBSERVATION
59.990112,22.031127,2010,7,Finland,HUMAN_OBSERVATION
59.990113,22.031145,2010,7,Finland,HUMAN_OBSERVATION
59.990116,22.031234,2010,7,Finland,HUMAN_OBSERVATION
59.990122,22.031162,2010,7,Finland,HUMAN_OBSERVATION
59.990123,22.031179,2010,7,Finland,HUMAN_OBSERVATION
59.990132,22.031178,2010,7,Finland,HUMAN_OBSERVATION
59.990159,22.031192,2010,7,Finland,HUMAN_OBSERVATION
59.990159,22.031192,2010,7,Finland,HUMAN_OBSERVATION
59.990175,21.624205,2005,1,Finland,HUMAN_OBSERVATION
59.990176,22.031171,2010,7,Finland,HUMAN_OBSERVATION
59.990176,22.031171,2010,7,Finland,HUMAN_OBSERVATION
59.990236,22.031091,2010,7,Finland,HUMAN_OBSERVATION
59.990245,22.031089,2010,7,Finland,HUMAN_OBSERVATION
59.990251,21.624318,2005,1,Finland,HUMAN_OBSERVATION
59.990264,22.031104,2010,7,Finland,HUMAN_OBSERVATION
59.990331,21.624503,2005,1,Finland,HUMAN_OBSERVATION
59.991042,24.063725,2014,7,Finland,HUMAN_OBSERVATION
59.991056,24.063563,2014,7,Finland,HUMAN_OBSERVATION
59.993648,22.381499,2010,7,Finland,HUMAN_OBSERVATION
59.993807,22.381693,2010,7,Finland,HUMAN_OBSERVATION
59.993904,22.381122,2010,7,Finland,HUMAN_OBSERVATION
59.9968,21.659652,2013,8,Finland,HUMAN_OBSERVATION
59.996926,21.660081,2013,8,Finland,HUMAN_OBSERVATION
59.996927,21.660117,2013,8,Finland,HUMAN_OBSERVATION
59.996937,21.660151,2013,8,Finland,HUMAN_OBSERVATION
59.996969,21.660254,2013,8,Finland,HUMAN_OBSERVATION
60.000378,22.411716,2010,7,Finland,HUMAN_OBSERVATION
60.002545,24.506338,2016,8,Finland,HUMAN_OBSERVATION
60.006083,21.219349,2021,8,Finland,HUMAN_OBSERVATION
60.006264,21.219371,2021,8,Finland,HUMAN_OBSERVATION
60.006402,22.158941,2020,8,Finland,HUMAN_OBSERVATION
60.006445,22.159114,2020,8,Finland,HUMAN_OBSERVATION
60.006477,22.159271,2020,8,Finland,HUMAN_OBSERVATION
60.006498,22.159358,2020,8,Finland,HUMAN_OBSERVATION
60.006519,22.159426,2020,8,Finland,HUMAN_OBSERVATION
60.00654,22.159513,2020,8,Finland,HUMAN_OBSERVATION
60.006551,22.159565,2020,8,Finland,HUMAN_OBSERVATION
60.006593,22.159721,2020,8,Finland,HUMAN_OBSERVATION
60.007,21.492332,2013,8,Finland,HUMAN_OBSERVATION
60.007014,21.492258,2013,8,Finland,HUMAN_OBSERVATION
60.011269,23.10779,2022,7,Finland,HUMAN_OBSERVATION
60.013515,21.881021,2014,8,Finland,HUMAN_OBSERVATION
60.013516,21.881039,2014,8,Finland,HUMAN_OBSERVATION
60.014574,23.087613,2014,9,Finland,HUMAN_OBSERVATION
60.016403,22.044856,2021,7,Finland,HUMAN_OBSERVATION
60.016513,22.045145,2021,7,Finland,HUMAN_OBSERVATION
60.016648,24.596385,2015,8,Finland,HUMAN_OBSERVATION
60.016656,24.596313,2015,8,Finland,HUMAN_OBSERVATION
60.016672,24.596222,2015,8,Finland,HUMAN_OBSERVATION
60.016721,24.595931,2015,8,Finland,HUMAN_OBSERVATION
60.017183,22.04526,2021,7,Finland,HUMAN_OBSERVATION
60.0172,22.04524,2021,7,Finland,HUMAN_OBSERVATION
60.017364,22.045071,2021,7,Finland,HUMAN_OBSERVATION
60.031491,24.796951,2015,8,Finland,HUMAN_OBSERVATION
60.031567,24.797233,2015,8,Finland,HUMAN_OBSERVATION
60.031577,24.79725,2015,8,Finland,HUMAN_OBSERVATION
60.031596,24.797321,2015,8,Finland,HUMAN_OBSERVATION
60.031653,24.797532,2015,8,Finland,HUMAN_OBSERVATION
60.034616,24.752091,2021,7,Finland,HUMAN_OBSERVATION
60.034634,24.752108,2021,7,Finland,HUMAN_OBSERVATION
60.035449,22.377577,2012,8,Finland,HUMAN_OBSERVATION
60.035467,22.377592,2012,8,Finland,HUMAN_OBSERVATION
60.040073,24.993429,2020,8,Finland,HUMAN_OBSERVATION
60.055614,24.668416,2015,8,Finland,HUMAN_OBSERVATION
60.055676,24.668394,2015,8,Finland,HUMAN_OBSERVATION
60.055712,24.668373,2015,8,Finland,HUMAN_OBSERVATION
60.06293,24.72693,2021,6,Finland,HUMAN_OBSERVATION
60.06386,24.721979,2021,8,Finland,HUMAN_OBSERVATION
60.064279,24.651972,2015,8,Finland,HUMAN_OBSERVATION
60.064317,24.652131,2015,8,Finland,HUMAN_OBSERVATION
60.064346,24.652237,2015,8,Finland,HUMAN_OBSERVATION
60.065017,22.007134,2013,7,Finland,HUMAN_OBSERVATION
60.065018,22.007152,2013,7,Finland,HUMAN_OBSERVATION
60.066099,24.723675,2021,8,Finland,HUMAN_OBSERVATION
60.066235,24.724295,2021,8,Finland,HUMAN_OBSERVATION
60.066265,24.724472,2021,8,Finland,HUMAN_OBSERVATION
60.067033,24.942337,2021,8,Finland,HUMAN_OBSERVATION
60.067082,24.942011,2021,8,Finland,HUMAN_OBSERVATION
60.067139,24.941666,2021,8,Finland,HUMAN_OBSERVATION
60.068673,22.131441,2021,8,Finland,HUMAN_OBSERVATION
60.068689,22.131402,2021,8,Finland,HUMAN_OBSERVATION
60.06874,22.131323,2021,8,Finland,HUMAN_OBSERVATION
60.06878,22.128977,2021,8,Finland,HUMAN_OBSERVATION
60.068799,22.12901,2021,8,Finland,HUMAN_OBSERVATION
60.068808,22.131205,2021,8,Finland,HUMAN_OBSERVATION
60.068848,22.129111,2021,8,Finland,HUMAN_OBSERVATION
60.068944,22.129277,2021,8,Finland,HUMAN_OBSERVATION
60.068963,22.12931,2021,8,Finland,HUMAN_OBSERVATION
60.068992,22.129378,2021,8,Finland,HUMAN_OBSERVATION
60.069506,22.130867,2021,8,Finland,HUMAN_OBSERVATION
60.069549,22.131059,2021,8,Finland,HUMAN_OBSERVATION
60.069574,22.131235,2021,8,Finland,HUMAN_OBSERVATION
60.069606,22.131393,2021,8,Finland,HUMAN_OBSERVATION
60.069652,22.131656,2021,8,Finland,HUMAN_OBSERVATION
60.074447,21.864877,2013,7,Finland,HUMAN_OBSERVATION
60.074448,21.864895,2013,7,Finland,HUMAN_OBSERVATION
60.074448,21.864913,2013,7,Finland,HUMAN_OBSERVATION
60.074452,21.864787,2013,7,Finland,HUMAN_OBSERVATION
60.074453,21.864804,2013,7,Finland,HUMAN_OBSERVATION
60.077597,22.98532,2018,7,Finland,HUMAN_OBSERVATION
60.077696,22.985614,2018,7,Finland,HUMAN_OBSERVATION
60.077794,22.985908,2018,7,Finland,HUMAN_OBSERVATION
60.0784,21.250273,2004,8,Finland,HUMAN_OBSERVATION
60.07968,24.831634,2021,7,Finland,HUMAN_OBSERVATION
60.079733,21.252365,2004,8,Finland,HUMAN_OBSERVATION
60.079946,24.829189,2021,7,Finland,HUMAN_OBSERVATION
60.079989,24.831254,2021,7,Finland,HUMAN_OBSERVATION
60.079993,24.82933,2021,7,Finland,HUMAN_OBSERVATION
60.080135,24.829788,2021,7,Finland,HUMAN_OBSERVATION
60.080138,24.831064,2021,7,Finland,HUMAN_OBSERVATION
60.080183,24.829947,2021,7,Finland,HUMAN_OBSERVATION
60.080202,24.830017,2021,7,Finland,HUMAN_OBSERVATION
60.080217,24.830969,2021,7,Finland,HUMAN_OBSERVATION
60.080675,24.829321,2021,7,Finland,HUMAN_OBSERVATION
60.080727,24.829156,2021,7,Finland,HUMAN_OBSERVATION
60.080761,24.829064,2021,7,Finland,HUMAN_OBSERVATION
60.080787,24.82899,2021,7,Finland,HUMAN_OBSERVATION
60.083378,22.327521,2021,7,Finland,HUMAN_OBSERVATION
60.083485,22.327253,2021,7,Finland,HUMAN_OBSERVATION
60.083502,22.327215,2021,7,Finland,HUMAN_OBSERVATION
60.083518,22.327159,2021,7,Finland,HUMAN_OBSERVATION
60.083609,22.32693,2021,7,Finland,HUMAN_OBSERVATION
60.083626,22.326892,2021,7,Finland,HUMAN_OBSERVATION
60.083658,22.326797,2021,7,Finland,HUMAN_OBSERVATION
60.083675,22.326758,2021,7,Finland,HUMAN_OBSERVATION
60.083683,22.326739,2021,7,Finland,HUMAN_OBSERVATION
60.083691,22.32672,2021,7,Finland,HUMAN_OBSERVATION
60.084345,22.082954,2019,8,Finland,HUMAN_OBSERVATION
60.084451,22.082902,2019,8,Finland,HUMAN_OBSERVATION
60.085685,24.68253,2021,7,Finland,HUMAN_OBSERVATION
60.086448,25.132152,2021,7,Finland,HUMAN_OBSERVATION
60.086513,25.132311,2021,7,Finland,HUMAN_OBSERVATION
60.08655,25.13238,2020,8,Finland,HUMAN_OBSERVATION
60.086615,25.132521,2020,8,Finland,HUMAN_OBSERVATION
60.086803,25.133067,2020,8,Finland,HUMAN_OBSERVATION
60.086995,25.133362,2020,8,Finland,HUMAN_OBSERVATION
60.087075,25.13262,2021,7,Finland,HUMAN_OBSERVATION
60.087347,25.132209,2020,8,Finland,HUMAN_OBSERVATION
60.087353,25.133881,2020,8,Finland,HUMAN_OBSERVATION
60.087373,25.820713,2013,9,Finland,HUMAN_OBSERVATION
60.08738,25.133916,2020,8,Finland,HUMAN_OBSERVATION
60.087382,25.820731,2013,9,Finland,HUMAN_OBSERVATION
60.087409,25.820766,2013,9,Finland,HUMAN_OBSERVATION
60.087409,25.820784,2013,9,Finland,HUMAN_OBSERVATION
60.087419,25.820802,2013,9,Finland,HUMAN_OBSERVATION
60.087437,25.820837,2013,9,Finland,HUMAN_OBSERVATION
60.087455,25.820872,2013,9,Finland,HUMAN_OBSERVATION
60.0875,25.134089,2020,8,Finland,HUMAN_OBSERVATION
60.087527,25.134141,2020,8,Finland,HUMAN_OBSERVATION
60.087528,25.820978,2013,9,Finland,HUMAN_OBSERVATION
60.088251,24.759516,2021,7,Finland,HUMAN_OBSERVATION
60.088342,24.759582,2021,7,Finland,HUMAN_OBSERVATION
60.088506,24.759715,2021,7,Finland,HUMAN_OBSERVATION
60.08857,24.759765,2021,7,Finland,HUMAN_OBSERVATION
60.08867,24.759848,2021,7,Finland,HUMAN_OBSERVATION
60.088998,24.760113,2021,7,Finland,HUMAN_OBSERVATION
60.089016,24.760112,2021,7,Finland,HUMAN_OBSERVATION
60.089498,24.760493,2021,7,Finland,HUMAN_OBSERVATION
60.089526,24.760509,2021,7,Finland,HUMAN_OBSERVATION
60.089562,24.760506,2021,7,Finland,HUMAN_OBSERVATION
60.089616,24.760521,2021,7,Finland,HUMAN_OBSERVATION
60.089652,24.760536,2021,7,Finland,HUMAN_OBSERVATION
60.089697,24.760551,2021,7,Finland,HUMAN_OBSERVATION
60.090991,23.003669,2018,7,Finland,HUMAN_OBSERVATION
60.091935,24.71335,2014,7,Finland,HUMAN_OBSERVATION
60.092104,24.713788,2014,7,Finland,HUMAN_OBSERVATION
60.09216,24.713928,2014,7,Finland,HUMAN_OBSERVATION
60.092216,24.714068,2014,7,Finland,HUMAN_OBSERVATION
60.096312,22.130597,2021,8,Finland,HUMAN_OBSERVATION
60.096399,22.130512,2021,8,Finland,HUMAN_OBSERVATION
60.09661,22.128932,2021,8,Finland,HUMAN_OBSERVATION
60.096709,22.129169,2021,8,Finland,HUMAN_OBSERVATION
60.096739,22.129255,2021,8,Finland,HUMAN_OBSERVATION
60.096768,22.129322,2021,8,Finland,HUMAN_OBSERVATION
60.097091,22.023854,2021,7,Finland,HUMAN_OBSERVATION
60.097214,22.026411,2021,7,Finland,HUMAN_OBSERVATION
60.09723,22.026355,2021,7,Finland,HUMAN_OBSERVATION
60.09737,22.025775,2021,7,Finland,HUMAN_OBSERVATION
60.097371,22.023415,2020,8,Finland,HUMAN_OBSERVATION
60.097428,22.02373,2020,8,Finland,HUMAN_OBSERVATION
60.097484,22.024028,2020,8,Finland,HUMAN_OBSERVATION
60.097517,22.024185,2020,8,Finland,HUMAN_OBSERVATION
60.09754,24.727982,2021,8,Finland,HUMAN_OBSERVATION
60.097564,22.024467,2020,8,Finland,HUMAN_OBSERVATION
60.097567,24.727962,2021,8,Finland,HUMAN_OBSERVATION
60.097594,22.129254,2021,8,Finland,HUMAN_OBSERVATION
60.097745,22.129214,2021,8,Finland,HUMAN_OBSERVATION
60.097922,22.129134,2021,8,Finland,HUMAN_OBSERVATION
60.097985,22.129124,2021,8,Finland,HUMAN_OBSERVATION
60.098035,24.727462,2021,8,Finland,HUMAN_OBSERVATION
60.098038,22.129099,2021,8,Finland,HUMAN_OBSERVATION
60.09807,24.727442,2021,8,Finland,HUMAN_OBSERVATION
60.098073,22.129093,2021,8,Finland,HUMAN_OBSERVATION
60.098144,22.129065,2021,8,Finland,HUMAN_OBSERVATION
60.098149,24.727346,2021,8,Finland,HUMAN_OBSERVATION
60.100719,22.248124,2020,8,Finland,HUMAN_OBSERVATION
60.100928,24.718663,2021,8,Finland,HUMAN_OBSERVATION
60.101016,22.248135,2020,8,Finland,HUMAN_OBSERVATION
60.101052,22.24813,2020,8,Finland,HUMAN_OBSERVATION
60.103524,22.288992,2021,7,Finland,HUMAN_OBSERVATION
60.103574,22.289147,2021,7,Finland,HUMAN_OBSERVATION
60.104627,22.290924,2021,7,Finland,HUMAN_OBSERVATION
60.10486,22.967466,2018,7,Finland,HUMAN_OBSERVATION
60.10487,22.9675,2018,7,Finland,HUMAN_OBSERVATION
60.104912,22.967693,2018,7,Finland,HUMAN_OBSERVATION
60.105746,22.035591,2021,7,Finland,HUMAN_OBSERVATION
60.105754,22.035572,2021,7,Finland,HUMAN_OBSERVATION
60.105755,22.03559,2021,7,Finland,HUMAN_OBSERVATION
60.105787,22.035495,2021,7,Finland,HUMAN_OBSERVATION
60.105845,22.03536,2021,7,Finland,HUMAN_OBSERVATION
60.105901,22.290832,2021,7,Finland,HUMAN_OBSERVATION
60.105903,22.035225,2021,7,Finland,HUMAN_OBSERVATION
60.108288,24.790274,2014,7,Finland,HUMAN_OBSERVATION
60.108377,24.790268,2014,7,Finland,HUMAN_OBSERVATION
60.108404,24.790267,2014,7,Finland,HUMAN_OBSERVATION
60.108494,24.790279,2014,7,Finland,HUMAN_OBSERVATION
60.108584,24.790273,2014,7,Finland,HUMAN_OBSERVATION
60.108764,24.79026,2014,7,Finland,HUMAN_OBSERVATION
60.110109,22.077177,2021,8,Finland,HUMAN_OBSERVATION
60.110198,22.077145,2021,8,Finland,HUMAN_OBSERVATION
60.11034,22.077088,2021,8,Finland,HUMAN_OBSERVATION
60.110429,22.077057,2021,8,Finland,HUMAN_OBSERVATION
60.110518,22.077025,2021,8,Finland,HUMAN_OBSERVATION
60.110562,22.077019,2021,8,Finland,HUMAN_OBSERVATION
60.111447,22.076382,2021,8,Finland,HUMAN_OBSERVATION
60.111527,21.955974,2013,7,Finland,HUMAN_OBSERVATION
60.111528,21.955992,2013,7,Finland,HUMAN_OBSERVATION
60.111653,24.830827,2021,7,Finland,HUMAN_OBSERVATION
60.111678,24.830663,2021,7,Finland,HUMAN_OBSERVATION
60.111706,22.076091,2021,8,Finland,HUMAN_OBSERVATION
60.111719,24.830427,2021,7,Finland,HUMAN_OBSERVATION
60.111743,24.830263,2021,7,Finland,HUMAN_OBSERVATION
60.111776,22.076026,2021,8,Finland,HUMAN_OBSERVATION
60.111776,24.830099,2021,7,Finland,HUMAN_OBSERVATION
60.111793,22.076006,2021,8,Finland,HUMAN_OBSERVATION
60.1118,24.829917,2021,7,Finland,HUMAN_OBSERVATION
60.111833,24.829753,2021,7,Finland,HUMAN_OBSERVATION
60.112016,24.832135,2021,8,Finland,HUMAN_OBSERVATION
60.112416,24.832414,2021,8,Finland,HUMAN_OBSERVATION
60.113129,25.153656,2013,8,Finland,HUMAN_OBSERVATION
60.116041,25.054135,2020,8,Finland,HUMAN_OBSERVATION
60.116803,24.843663,2021,7,Finland,HUMAN_OBSERVATION
60.116918,24.838544,2020,7,Finland,HUMAN_OBSERVATION
60.116958,24.843221,2021,7,Finland,HUMAN_OBSERVATION
60.116982,24.838665,2020,7,Finland,HUMAN_OBSERVATION
60.117056,24.838769,2020,7,Finland,HUMAN_OBSERVATION
60.117111,24.838855,2020,7,Finland,HUMAN_OBSERVATION
60.117167,24.838959,2020,7,Finland,HUMAN_OBSERVATION
60.11728,24.84203,2021,7,Finland,HUMAN_OBSERVATION
60.118113,25.807828,2013,9,Finland,HUMAN_OBSERVATION
60.118115,25.808008,2013,9,Finland,HUMAN_OBSERVATION
60.118116,25.808206,2013,9,Finland,HUMAN_OBSERVATION
60.118118,25.808386,2013,9,Finland,HUMAN_OBSERVATION
60.11812,25.80763,2013,9,Finland,HUMAN_OBSERVATION
60.123918,25.206099,2019,7,Finland,HUMAN_OBSERVATION
60.123935,25.206044,2019,7,Finland,HUMAN_OBSERVATION
60.123953,25.206007,2019,7,Finland,HUMAN_OBSERVATION
60.123961,25.205988,2019,7,Finland,HUMAN_OBSERVATION
60.123979,25.205969,2019,7,Finland,HUMAN_OBSERVATION
60.124014,25.205877,2019,7,Finland,HUMAN_OBSERVATION
60.124146,21.902685,2006,8,Finland,HUMAN_OBSERVATION
60.124149,21.903225,2006,8,Finland,HUMAN_OBSERVATION
60.124151,21.903045,2006,8,Finland,HUMAN_OBSERVATION
60.124152,21.902594,2006,8,Finland,HUMAN_OBSERVATION
60.124153,21.901692,2006,8,Finland,HUMAN_OBSERVATION
60.124153,21.902864,2006,8,Finland,HUMAN_OBSERVATION
60.124154,21.90171,2006,8,Finland,HUMAN_OBSERVATION
60.124155,21.90198,2006,8,Finland,HUMAN_OBSERVATION
60.124156,21.902251,2006,8,Finland,HUMAN_OBSERVATION
60.124157,21.9018,2006,8,Finland,HUMAN_OBSERVATION
60.128885,24.838191,2014,7,Finland,HUMAN_OBSERVATION
60.13279,21.810184,2006,8,Finland,HUMAN_OBSERVATION
60.132825,21.810179,2006,8,Finland,HUMAN_OBSERVATION
60.134902,24.918273,2021,8,Finland,HUMAN_OBSERVATION
60.135954,24.918333,2021,8,Finland,HUMAN_OBSERVATION
60.135976,25.088379,2021,7,Finland,HUMAN_OBSERVATION
60.13602,25.088322,2021,7,Finland,HUMAN_OBSERVATION
60.141165,24.729295,2021,8,Finland,HUMAN_OBSERVATION
60.141611,25.599259,2017,7,Finland,HUMAN_OBSERVATION
60.143117,21.98369,2006,8,Finland,HUMAN_OBSERVATION
60.143154,21.983703,2006,8,Finland,HUMAN_OBSERVATION
60.146081,25.097159,2021,9,Finland,HUMAN_OBSERVATION
60.151145,22.214762,2012,8,Finland,HUMAN_OBSERVATION
60.156211,25.1216,2018,8,Finland,HUMAN_OBSERVATION
60.157922,25.399689,2019,7,Finland,HUMAN_OBSERVATION
60.159171,25.125774,2021,8,Finland,HUMAN_OBSERVATION
60.162088,26.256664,2014,7,Finland,HUMAN_OBSERVATION
60.162107,26.256699,2014,7,Finland,HUMAN_OBSERVATION
60.164133,25.183469,2020,7,Finland,HUMAN_OBSERVATION
60.164706,25.183997,2020,7,Finland,HUMAN_OBSERVATION
60.164904,25.183337,2020,8,Finland,HUMAN_OBSERVATION
60.168603,25.18717,2020,7,Finland,HUMAN_OBSERVATION
60.168726,25.186983,2020,7,Finland,HUMAN_OBSERVATION
60.168796,25.186871,2020,7,Finland,HUMAN_OBSERVATION
60.169156,25.848548,2014,7,Finland,HUMAN_OBSERVATION
60.169201,25.84851,2014,7,Finland,HUMAN_OBSERVATION
60.169237,25.182323,2020,7,Finland,HUMAN_OBSERVATION
60.169246,25.848472,2014,7,Finland,HUMAN_OBSERVATION
60.169255,25.18234,2020,7,Finland,HUMAN_OBSERVATION
60.169355,25.182388,2020,7,Finland,HUMAN_OBSERVATION
60.169391,25.182404,2020,7,Finland,HUMAN_OBSERVATION
60.169699,24.913133,2021,8,Finland,HUMAN_OBSERVATION
60.169789,24.913163,2021,8,Finland,HUMAN_OBSERVATION
60.16987,25.18135,2020,7,Finland,HUMAN_OBSERVATION
60.169872,25.181476,2020,7,Finland,HUMAN_OBSERVATION
60.169881,25.181512,2020,7,Finland,HUMAN_OBSERVATION
60.169882,25.181548,2020,7,Finland,HUMAN_OBSERVATION
60.169882,25.181566,2020,7,Finland,HUMAN_OBSERVATION
60.169883,25.18162,2020,7,Finland,HUMAN_OBSERVATION
60.169885,25.181746,2020,7,Finland,HUMAN_OBSERVATION
60.17024,24.913261,2021,8,Finland,HUMAN_OBSERVATION
60.170401,25.185971,2020,7,Finland,HUMAN_OBSERVATION
60.170428,25.186006,2020,7,Finland,HUMAN_OBSERVATION
60.170474,25.186058,2020,7,Finland,HUMAN_OBSERVATION
60.170629,25.186229,2020,7,Finland,HUMAN_OBSERVATION
60.170784,25.186419,2020,7,Finland,HUMAN_OBSERVATION
60.171012,25.186695,2020,7,Finland,HUMAN_OBSERVATION
60.176221,26.133737,2017,9,Finland,HUMAN_OBSERVATION
60.176242,26.135575,2017,9,Finland,HUMAN_OBSERVATION
60.178733,22.247703,2012,8,Finland,HUMAN_OBSERVATION
60.179136,26.149794,2017,9,Finland,HUMAN_OBSERVATION
60.184486,26.135719,2017,9,Finland,HUMAN_OBSERVATION
60.203214,25.751845,2014,7,Finland,HUMAN_OBSERVATION
60.203251,25.752006,2014,7,Finland,HUMAN_OBSERVATION
60.203297,25.752167,2014,7,Finland,HUMAN_OBSERVATION
60.203344,25.752327,2014,7,Finland,HUMAN_OBSERVATION
60.203567,25.753167,2014,7,Finland,HUMAN_OBSERVATION
60.203614,25.753327,2014,7,Finland,HUMAN_OBSERVATION
60.203773,26.023054,2014,7,Finland,HUMAN_OBSERVATION
60.203792,26.023089,2014,7,Finland,HUMAN_OBSERVATION
60.203828,26.02316,2014,7,Finland,HUMAN_OBSERVATION
60.203837,26.023196,2014,7,Finland,HUMAN_OBSERVATION
60.203846,26.023214,2014,7,Finland,HUMAN_OBSERVATION
60.203856,26.023232,2014,7,Finland,HUMAN_OBSERVATION
60.203874,26.023267,2014,7,Finland,HUMAN_OBSERVATION
60.206753,26.070308,2013,9,Finland,HUMAN_OBSERVATION
60.206834,26.070342,2013,9,Finland,HUMAN_OBSERVATION
60.206924,26.070375,2013,9,Finland,HUMAN_OBSERVATION
60.212267,22.419195,2012,8,Finland,HUMAN_OBSERVATION
60.215226,22.413738,2021,7,Finland,HUMAN_OBSERVATION
60.215854,22.414229,2021,7,Finland,HUMAN_OBSERVATION
60.215886,22.414369,2021,7,Finland,HUMAN_OBSERVATION
60.21595,22.414649,2021,7,Finland,HUMAN_OBSERVATION
60.216927,25.645737,2013,9,Finland,HUMAN_OBSERVATION
60.21889,25.19972,2018,8,Finland,OCCURRENCE
60.22248,18.87239,2021,8,Sweden,MATERIAL_SAMPLE
60.22248,18.87239,2018,8,Sweden,MATERIAL_SAMPLE
60.226986,25.679735,2016,8,Finland,HUMAN_OBSERVATION
60.226992,25.679373,2016,8,Finland,HUMAN_OBSERVATION
60.234367,25.942166,2013,9,Finland,HUMAN_OBSERVATION
60.234392,25.942003,2013,9,Finland,HUMAN_OBSERVATION
60.241989,26.578451,2022,8,Finland,HUMAN_OBSERVATION
60.242043,26.578595,2022,8,Finland,HUMAN_OBSERVATION
60.24245,26.579547,2022,8,Finland,HUMAN_OBSERVATION
60.244138,27.27264,2010,7,Finland,HUMAN_OBSERVATION
60.245418,25.548528,2016,8,Finland,HUMAN_OBSERVATION
60.245581,25.548683,2016,8,Finland,HUMAN_OBSERVATION
60.245636,25.548753,2016,8,Finland,HUMAN_OBSERVATION
60.249981,22.43364,2021,7,Finland,HUMAN_OBSERVATION
60.254168,26.399679,2014,7,Finland,HUMAN_OBSERVATION
60.254169,26.39977,2014,7,Finland,HUMAN_OBSERVATION
60.25417,26.399986,2014,7,Finland,HUMAN_OBSERVATION
60.25417,26.400077,2014,7,Finland,HUMAN_OBSERVATION
60.25417,26.400149,2014,7,Finland,HUMAN_OBSERVATION
60.256261,26.20652,2014,7,Finland,HUMAN_OBSERVATION
60.256351,26.206518,2014,7,Finland,HUMAN_OBSERVATION
60.256432,26.206516,2014,7,Finland,HUMAN_OBSERVATION
60.256602,26.206494,2014,7,Finland,HUMAN_OBSERVATION
60.256692,26.206492,2014,7,Finland,HUMAN_OBSERVATION
60.256782,26.20649,2014,7,Finland,HUMAN_OBSERVATION
60.26015,26.549882,2022,8,Finland,HUMAN_OBSERVATION
60.260378,25.955495,2024,7,Finland,HUMAN_OBSERVATION
60.260441,25.955475,2024,7,Finland,HUMAN_OBSERVATION
60.260531,25.955436,2024,7,Finland,HUMAN_OBSERVATION
60.260611,25.955397,2024,7,Finland,HUMAN_OBSERVATION
60.260701,25.955376,2024,7,Finland,HUMAN_OBSERVATION
60.26079,25.955338,2024,7,Finland,HUMAN_OBSERVATION
60.26088,25.955317,2024,7,Finland,HUMAN_OBSERVATION
60.262253,25.930404,2013,9,Finland,HUMAN_OBSERVATION
60.270447,25.707669,2013,9,Finland,HUMAN_OBSERVATION
60.270457,25.707867,2013,9,Finland,HUMAN_OBSERVATION
60.270459,25.708048,2013,9,Finland,HUMAN_OBSERVATION
60.27047,25.708246,2013,9,Finland,HUMAN_OBSERVATION
60.270481,25.708427,2013,9,Finland,HUMAN_OBSERVATION
60.271925,27.340027,2010,7,Finland,HUMAN_OBSERVATION
60.272094,27.315353,2010,7,Finland,HUMAN_OBSERVATION
60.27213,27.3153,2010,7,Finland,HUMAN_OBSERVATION
60.272139,27.315336,2010,7,Finland,HUMAN_OBSERVATION
60.272148,27.315372,2010,7,Finland,HUMAN_OBSERVATION
60.272184,27.315354,2010,7,Finland,HUMAN_OBSERVATION
60.272202,27.315409,2010,7,Finland,HUMAN_OBSERVATION
60.272211,27.315409,2010,7,Finland,HUMAN_OBSERVATION
60.272309,27.315374,2010,7,Finland,HUMAN_OBSERVATION
60.272772,27.289618,2010,7,Finland,HUMAN_OBSERVATION
60.272799,27.289672,2010,7,Finland,HUMAN_OBSERVATION
60.27413,26.691533,2015,8,Finland,HUMAN_OBSERVATION
60.274526,26.691529,2015,8,Finland,HUMAN_OBSERVATION
60.275071,27.087211,2023,8,Finland,HUMAN_OBSERVATION
60.275664,27.015819,2023,8,Finland,HUMAN_OBSERVATION
60.276941,27.296489,2013,9,Finland,HUMAN_OBSERVATION
60.277031,27.296652,2013,9,Finland,HUMAN_OBSERVATION
60.281284,27.285661,2010,7,Finland,HUMAN_OBSERVATION
60.283166,25.799926,2014,7,Finland,HUMAN_OBSERVATION
60.283185,26.468444,2022,8,Finland,HUMAN_OBSERVATION
60.283195,26.468516,2022,8,Finland,HUMAN_OBSERVATION
60.283204,26.468552,2022,8,Finland,HUMAN_OBSERVATION
60.283213,26.468606,2022,8,Finland,HUMAN_OBSERVATION
60.283231,26.468678,2022,8,Finland,HUMAN_OBSERVATION
60.283249,26.468732,2022,8,Finland,HUMAN_OBSERVATION
60.284456,27.300517,2008,8,Finland,HUMAN_OBSERVATION
60.286455,27.277423,2022,8,Finland,HUMAN_OBSERVATION
60.286491,27.277513,2022,8,Finland,HUMAN_OBSERVATION
60.286518,27.277586,2022,8,Finland,HUMAN_OBSERVATION
60.286562,27.277713,2022,8,Finland,HUMAN_OBSERVATION
60.286625,27.277876,2022,8,Finland,HUMAN_OBSERVATION
60.286643,27.277949,2022,8,Finland,HUMAN_OBSERVATION
60.286705,27.278094,2022,8,Finland,HUMAN_OBSERVATION
60.286741,27.278221,2022,8,Finland,HUMAN_OBSERVATION
60.286954,27.261494,2010,7,Finland,HUMAN_OBSERVATION
60.287626,26.388178,2015,7,Finland,HUMAN_OBSERVATION
60.288344,26.631679,2009,6,Finland,HUMAN_OBSERVATION
60.289244,27.522973,2010,7,Finland,HUMAN_OBSERVATION
60.289253,27.522937,2010,7,Finland,HUMAN_OBSERVATION
60.289253,27.522937,2010,7,Finland,HUMAN_OBSERVATION
60.289254,27.522883,2010,7,Finland,HUMAN_OBSERVATION
60.28929,27.522883,2010,7,Finland,HUMAN_OBSERVATION
60.289308,27.522721,2010,7,Finland,HUMAN_OBSERVATION
60.289308,27.522829,2010,7,Finland,HUMAN_OBSERVATION
60.289317,27.522811,2010,7,Finland,HUMAN_OBSERVATION
60.289325,27.522884,2010,7,Finland,HUMAN_OBSERVATION
60.289344,27.522812,2010,7,Finland,HUMAN_OBSERVATION
60.289353,27.522848,2010,7,Finland,HUMAN_OBSERVATION
60.289361,27.522902,2010,7,Finland,HUMAN_OBSERVATION
60.289388,27.522849,2010,7,Finland,HUMAN_OBSERVATION
60.289801,25.542655,2013,8,Finland,OCCURRENCE
60.289801,25.542655,2013,8,Finland,OCCURRENCE
60.289801,25.542655,2013,8,Finland,OCCURRENCE
60.289899,27.347665,2008,6,Finland,HUMAN_OBSERVATION
60.290862,26.63279,2015,8,Finland,HUMAN_OBSERVATION
60.290862,26.63279,2015,8,Finland,HUMAN_OBSERVATION
60.290978,26.632535,2015,8,Finland,HUMAN_OBSERVATION
60.291218,26.63199,2015,8,Finland,HUMAN_OBSERVATION
60.296669,27.144073,2010,9,Finland,HUMAN_OBSERVATION
60.2972,18.85914,2008,7,Sweden,MATERIAL_SAMPLE
60.297469,25.547569,2013,8,Finland,OCCURRENCE
60.297469,25.547569,2013,8,Finland,OCCURRENCE
60.297469,25.547569,2013,8,Finland,OCCURRENCE
60.297469,25.547569,2013,8,Finland,OCCURRENCE
60.297469,25.547569,2013,8,Finland,OCCURRENCE
60.297469,25.547569,2013,8,Finland,OCCURRENCE
60.297962,25.54655,2013,8,Finland,OCCURRENCE
60.297962,25.54655,2013,8,Finland,OCCURRENCE
60.297962,25.54655,2013,8,Finland,OCCURRENCE
60.297962,25.54655,2013,8,Finland,OCCURRENCE
60.297962,25.54655,2013,8,Finland,OCCURRENCE
60.297962,25.54655,2013,8,Finland,OCCURRENCE
60.297962,25.54655,2013,8,Finland,OCCURRENCE
60.298224,27.395497,2010,7,Finland,HUMAN_OBSERVATION
60.298269,27.395534,2010,7,Finland,HUMAN_OBSERVATION
60.298304,27.395571,2010,7,Finland,HUMAN_OBSERVATION
60.298322,27.395553,2010,7,Finland,HUMAN_OBSERVATION
60.298322,27.395553,2010,7,Finland,HUMAN_OBSERVATION
60.298322,27.395571,2010,7,Finland,HUMAN_OBSERVATION
60.298322,27.395589,2010,7,Finland,HUMAN_OBSERVATION
60.298385,27.395626,2010,7,Finland,HUMAN_OBSERVATION
60.298439,27.395572,2010,7,Finland,HUMAN_OBSERVATION
60.298457,27.395573,2010,7,Finland,HUMAN_OBSERVATION
60.298565,27.395502,2010,7,Finland,HUMAN_OBSERVATION
60.29886,23.003076,2022,6,Finland,HUMAN_OBSERVATION
60.299867,26.240673,2014,7,Finland,HUMAN_OBSERVATION
60.299884,26.240582,2014,7,Finland,HUMAN_OBSERVATION
60.299901,26.240455,2014,7,Finland,HUMAN_OBSERVATION
60.299918,26.240274,2014,7,Finland,HUMAN_OBSERVATION
60.300939,21.142632,2013,10,Finland,HUMAN_OBSERVATION
60.300949,21.142648,2013,10,Finland,HUMAN_OBSERVATION
60.30095,21.142666,2013,10,Finland,HUMAN_OBSERVATION
60.300959,21.142665,2013,10,Finland,HUMAN_OBSERVATION
60.300968,21.142681,2013,10,Finland,HUMAN_OBSERVATION
60.300978,21.142697,2013,10,Finland,HUMAN_OBSERVATION
60.300988,21.142714,2013,10,Finland,HUMAN_OBSERVATION
60.300994,23.010351,2022,6,Finland,HUMAN_OBSERVATION
60.300997,21.14273,2013,10,Finland,HUMAN_OBSERVATION
60.301007,21.142747,2013,10,Finland,HUMAN_OBSERVATION
60.301017,21.142763,2013,10,Finland,HUMAN_OBSERVATION
60.301026,21.142761,2013,10,Finland,HUMAN_OBSERVATION
60.301036,21.142778,2013,10,Finland,HUMAN_OBSERVATION
60.301036,21.142796,2013,10,Finland,HUMAN_OBSERVATION
60.301064,21.142809,2013,10,Finland,HUMAN_OBSERVATION
60.301074,21.142825,2013,10,Finland,HUMAN_OBSERVATION
60.301074,21.142843,2013,10,Finland,HUMAN_OBSERVATION
60.301083,21.142842,2013,10,Finland,HUMAN_OBSERVATION
60.302818,27.145258,2009,7,Finland,HUMAN_OBSERVATION
60.302863,27.351693,2010,7,Finland,HUMAN_OBSERVATION
60.302889,27.352327,2010,7,Finland,HUMAN_OBSERVATION
60.302933,27.352418,2010,7,Finland,HUMAN_OBSERVATION
60.302951,27.352382,2010,7,Finland,HUMAN_OBSERVATION
60.303007,27.351622,2010,7,Finland,HUMAN_OBSERVATION
60.305042,25.550905,2013,8,Finland,OCCURRENCE
60.305042,25.550905,2013,8,Finland,OCCURRENCE
60.305201,23.023227,2022,6,Finland,HUMAN_OBSERVATION
60.30521,27.474967,2010,7,Finland,HUMAN_OBSERVATION
60.305942,23.02397,2022,6,Finland,HUMAN_OBSERVATION
60.306282,26.494344,2013,7,Finland,HUMAN_OBSERVATION
60.306346,26.494687,2013,7,Finland,HUMAN_OBSERVATION
60.30641,26.495084,2013,7,Finland,HUMAN_OBSERVATION
60.30663,23.025028,2022,6,Finland,HUMAN_OBSERVATION
60.306788,25.551807,2013,8,Finland,OCCURRENCE
60.306788,25.551807,2013,8,Finland,OCCURRENCE
60.306788,25.551807,2013,8,Finland,OCCURRENCE
60.30732,23.026737,2022,6,Finland,HUMAN_OBSERVATION
60.307939,27.165785,2010,9,Finland,HUMAN_OBSERVATION
60.308037,23.027882,2022,6,Finland,HUMAN_OBSERVATION
60.308437,23.028341,2022,6,Finland,HUMAN_OBSERVATION
60.309341,23.029083,2022,6,Finland,HUMAN_OBSERVATION
60.309517,25.552225,2013,8,Finland,OCCURRENCE
60.309517,25.552225,2013,8,Finland,OCCURRENCE
60.309517,25.552225,2013,8,Finland,OCCURRENCE
60.311042,27.12897,2023,8,Finland,HUMAN_OBSERVATION
60.311194,27.129133,2023,8,Finland,HUMAN_OBSERVATION
60.311275,27.129224,2023,8,Finland,HUMAN_OBSERVATION
60.311356,27.129315,2023,8,Finland,HUMAN_OBSERVATION
60.311401,27.129369,2023,8,Finland,HUMAN_OBSERVATION
60.311454,27.129424,2023,8,Finland,HUMAN_OBSERVATION
60.311562,27.129551,2023,8,Finland,HUMAN_OBSERVATION
60.311942,27.577543,2007,9,Finland,HUMAN_OBSERVATION
60.311948,27.12986,2023,8,Finland,HUMAN_OBSERVATION
60.312038,27.129915,2023,8,Finland,HUMAN_OBSERVATION
60.312109,27.129951,2023,8,Finland,HUMAN_OBSERVATION
60.31213,27.275469,2010,7,Finland,HUMAN_OBSERVATION
60.312172,27.129988,2023,8,Finland,HUMAN_OBSERVATION
60.312201,27.275578,2010,7,Finland,HUMAN_OBSERVATION
60.312202,27.275397,2010,7,Finland,HUMAN_OBSERVATION
60.312202,27.275523,2010,7,Finland,HUMAN_OBSERVATION
60.312217,27.130006,2023,8,Finland,HUMAN_OBSERVATION
60.312229,27.275469,2010,7,Finland,HUMAN_OBSERVATION
60.312247,27.275451,2010,7,Finland,HUMAN_OBSERVATION
60.312254,27.276031,2010,7,Finland,HUMAN_OBSERVATION
60.312264,27.275524,2010,7,Finland,HUMAN_OBSERVATION
60.312272,27.276049,2010,7,Finland,HUMAN_OBSERVATION
60.31229,27.276067,2010,7,Finland,HUMAN_OBSERVATION
60.312299,27.276067,2010,7,Finland,HUMAN_OBSERVATION
60.312307,27.130061,2023,8,Finland,HUMAN_OBSERVATION
60.312309,27.275669,2010,7,Finland,HUMAN_OBSERVATION
60.312317,27.276049,2010,7,Finland,HUMAN_OBSERVATION
60.312318,27.275669,2010,7,Finland,HUMAN_OBSERVATION
60.312326,27.275995,2010,7,Finland,HUMAN_OBSERVATION
60.312327,27.275724,2010,7,Finland,HUMAN_OBSERVATION
60.312352,27.130097,2023,8,Finland,HUMAN_OBSERVATION
60.312388,27.130115,2023,8,Finland,HUMAN_OBSERVATION
60.312524,27.276069,2010,7,Finland,HUMAN_OBSERVATION
60.312533,27.276142,2010,7,Finland,HUMAN_OBSERVATION
60.312542,27.276087,2010,7,Finland,HUMAN_OBSERVATION
60.312551,22.942631,2022,6,Finland,HUMAN_OBSERVATION
60.312577,27.276142,2010,7,Finland,HUMAN_OBSERVATION
60.312578,27.276088,2010,7,Finland,HUMAN_OBSERVATION
60.312595,27.276106,2010,7,Finland,HUMAN_OBSERVATION
60.312678,22.940604,2022,6,Finland,HUMAN_OBSERVATION
60.312719,27.463908,2010,7,Finland,HUMAN_OBSERVATION
60.312746,27.463963,2010,7,Finland,HUMAN_OBSERVATION
60.31278,27.464416,2010,7,Finland,HUMAN_OBSERVATION
60.312808,27.464163,2010,7,Finland,HUMAN_OBSERVATION
60.312816,27.464525,2010,7,Finland,HUMAN_OBSERVATION
60.312824,27.353773,2010,7,Finland,HUMAN_OBSERVATION
60.312891,22.947863,2022,6,Finland,HUMAN_OBSERVATION
60.313364,25.554156,2013,8,Finland,OCCURRENCE
60.313364,25.554156,2013,8,Finland,OCCURRENCE
60.313364,25.554156,2013,8,Finland,OCCURRENCE
60.313364,25.554156,2013,8,Finland,OCCURRENCE
60.313364,25.554156,2013,8,Finland,OCCURRENCE
60.313364,25.554156,2013,8,Finland,OCCURRENCE
60.31359,27.022028,2023,8,Finland,HUMAN_OBSERVATION
60.313608,27.022082,2023,8,Finland,HUMAN_OBSERVATION
60.313626,27.022136,2023,8,Finland,HUMAN_OBSERVATION
60.313635,27.022172,2023,8,Finland,HUMAN_OBSERVATION
60.313635,27.02219,2023,8,Finland,HUMAN_OBSERVATION
60.313644,27.02219,2023,8,Finland,HUMAN_OBSERVATION
60.313644,27.022209,2023,8,Finland,HUMAN_OBSERVATION
60.313653,27.022245,2023,8,Finland,HUMAN_OBSERVATION
60.313662,27.022281,2023,8,Finland,HUMAN_OBSERVATION
60.313679,27.022317,2023,8,Finland,HUMAN_OBSERVATION
60.313731,22.949462,2022,6,Finland,HUMAN_OBSERVATION
60.313868,27.024761,2015,8,Finland,HUMAN_OBSERVATION
60.31393,27.024797,2015,8,Finland,HUMAN_OBSERVATION
60.313985,27.023603,2023,8,Finland,HUMAN_OBSERVATION
60.313993,27.024833,2015,8,Finland,HUMAN_OBSERVATION
60.314029,27.023693,2023,8,Finland,HUMAN_OBSERVATION
60.314074,27.023784,2023,8,Finland,HUMAN_OBSERVATION
60.31411,27.023874,2023,8,Finland,HUMAN_OBSERVATION
60.314189,22.95651,2022,6,Finland,HUMAN_OBSERVATION
60.314473,22.955206,2022,6,Finland,HUMAN_OBSERVATION
60.31458,22.95019,2022,6,Finland,HUMAN_OBSERVATION
60.314678,27.288866,2010,7,Finland,HUMAN_OBSERVATION
60.314831,27.288886,2010,7,Finland,HUMAN_OBSERVATION
60.314849,27.28894,2010,7,Finland,HUMAN_OBSERVATION
60.314903,27.288724,2010,7,Finland,HUMAN_OBSERVATION
60.315002,22.951624,2022,6,Finland,HUMAN_OBSERVATION
60.315011,27.288833,2010,7,Finland,HUMAN_OBSERVATION
60.315046,27.288924,2010,7,Finland,HUMAN_OBSERVATION
60.317399,26.546886,2013,7,Finland,HUMAN_OBSERVATION
60.317417,26.546941,2013,7,Finland,HUMAN_OBSERVATION
60.317444,26.546994,2013,7,Finland,HUMAN_OBSERVATION
60.317498,26.547139,2013,7,Finland,HUMAN_OBSERVATION
60.317616,26.547427,2013,7,Finland,HUMAN_OBSERVATION
60.318865,27.433347,2010,7,Finland,HUMAN_OBSERVATION
60.318892,27.433366,2010,7,Finland,HUMAN_OBSERVATION
60.318919,27.433275,2010,7,Finland,HUMAN_OBSERVATION
60.31926,26.545032,2013,7,Finland,HUMAN_OBSERVATION
60.319411,27.096363,2014,8,Finland,HUMAN_OBSERVATION
60.319465,27.096454,2014,8,Finland,HUMAN_OBSERVATION
60.320777,27.477981,2010,7,Finland,HUMAN_OBSERVATION
60.320805,27.477891,2010,7,Finland,HUMAN_OBSERVATION
60.320814,27.477927,2010,7,Finland,HUMAN_OBSERVATION
60.323438,26.306575,2013,10,Finland,HUMAN_OBSERVATION
60.323519,26.306609,2013,10,Finland,HUMAN_OBSERVATION
60.324827,23.009796,2022,6,Finland,HUMAN_OBSERVATION
60.325399,27.068044,2023,8,Finland,HUMAN_OBSERVATION
60.325453,27.067972,2023,8,Finland,HUMAN_OBSERVATION
60.325607,22.968076,2022,6,Finland,HUMAN_OBSERVATION
60.325759,23.012402,2022,6,Finland,HUMAN_OBSERVATION
60.330172,26.522606,2014,7,Finland,HUMAN_OBSERVATION
60.330172,26.522805,2014,7,Finland,HUMAN_OBSERVATION
60.330178,26.522026,2014,7,Finland,HUMAN_OBSERVATION
60.330265,27.447895,2015,7,Finland,HUMAN_OBSERVATION
60.330265,27.447913,2015,7,Finland,HUMAN_OBSERVATION
60.330265,27.447931,2015,7,Finland,HUMAN_OBSERVATION
60.330265,27.447968,2015,7,Finland,HUMAN_OBSERVATION
60.330376,27.364702,2023,9,Finland,HUMAN_OBSERVATION
60.330429,27.364847,2023,9,Finland,HUMAN_OBSERVATION
60.330483,27.364993,2023,9,Finland,HUMAN_OBSERVATION
60.330527,27.365102,2023,9,Finland,HUMAN_OBSERVATION
60.330554,27.365175,2023,9,Finland,HUMAN_OBSERVATION
60.330599,27.365284,2023,9,Finland,HUMAN_OBSERVATION
60.330634,27.365375,2023,9,Finland,HUMAN_OBSERVATION
60.33067,27.365484,2023,9,Finland,HUMAN_OBSERVATION
60.330697,27.365539,2023,9,Finland,HUMAN_OBSERVATION
60.330714,27.365593,2023,9,Finland,HUMAN_OBSERVATION
60.331304,27.366723,2023,9,Finland,HUMAN_OBSERVATION
60.331322,27.366723,2023,9,Finland,HUMAN_OBSERVATION
60.331331,27.366723,2023,9,Finland,HUMAN_OBSERVATION
60.331349,27.366723,2023,9,Finland,HUMAN_OBSERVATION
60.331403,27.366742,2023,9,Finland,HUMAN_OBSERVATION
60.331421,27.366742,2023,9,Finland,HUMAN_OBSERVATION
60.331439,27.366742,2023,9,Finland,HUMAN_OBSERVATION
60.331457,27.366742,2023,9,Finland,HUMAN_OBSERVATION
60.331474,27.366743,2023,9,Finland,HUMAN_OBSERVATION
60.332093,27.564407,2022,9,Finland,HUMAN_OBSERVATION
60.332111,27.564443,2022,9,Finland,HUMAN_OBSERVATION
60.33212,27.564498,2022,9,Finland,HUMAN_OBSERVATION
60.332358,26.563196,2012,9,Finland,HUMAN_OBSERVATION
60.332358,26.563232,2012,9,Finland,HUMAN_OBSERVATION
60.332368,26.563304,2012,9,Finland,HUMAN_OBSERVATION
60.332377,26.563395,2012,9,Finland,HUMAN_OBSERVATION
60.332386,26.563503,2012,9,Finland,HUMAN_OBSERVATION
60.332396,26.563648,2012,9,Finland,HUMAN_OBSERVATION
60.332405,26.563666,2012,9,Finland,HUMAN_OBSERVATION
60.332414,26.563829,2012,9,Finland,HUMAN_OBSERVATION
60.332776,27.26905,2023,9,Finland,HUMAN_OBSERVATION
60.332857,27.269141,2023,9,Finland,HUMAN_OBSERVATION
60.332938,27.269215,2023,9,Finland,HUMAN_OBSERVATION
60.334204,26.299736,2014,7,Finland,HUMAN_OBSERVATION
60.335484,26.506915,2013,7,Finland,HUMAN_OBSERVATION
60.335569,26.177354,2013,9,Finland,HUMAN_OBSERVATION
60.335632,26.177479,2013,9,Finland,HUMAN_OBSERVATION
60.335705,26.177604,2013,9,Finland,HUMAN_OBSERVATION
60.336479,22.124154,2021,7,Finland,HUMAN_OBSERVATION
60.336511,22.124548,2021,7,Finland,HUMAN_OBSERVATION
60.336523,22.124637,2021,7,Finland,HUMAN_OBSERVATION
60.336526,22.124709,2021,7,Finland,HUMAN_OBSERVATION
60.336537,22.124762,2021,7,Finland,HUMAN_OBSERVATION
60.336857,27.42855,2023,8,Finland,HUMAN_OBSERVATION
60.336973,27.428787,2023,8,Finland,HUMAN_OBSERVATION
60.337035,27.428933,2023,8,Finland,HUMAN_OBSERVATION
60.337062,27.428988,2023,8,Finland,HUMAN_OBSERVATION
60.337124,27.429115,2023,8,Finland,HUMAN_OBSERVATION
60.337561,27.430045,2023,8,Finland,HUMAN_OBSERVATION
60.33757,27.430063,2023,8,Finland,HUMAN_OBSERVATION
60.337579,27.430063,2023,8,Finland,HUMAN_OBSERVATION
60.337597,27.430081,2023,8,Finland,HUMAN_OBSERVATION
60.33799,27.430648,2023,8,Finland,HUMAN_OBSERVATION
60.344352,27.461404,2008,9,Finland,HUMAN_OBSERVATION
60.34444,26.898817,2023,8,Finland,HUMAN_OBSERVATION
60.344476,26.898889,2023,8,Finland,HUMAN_OBSERVATION
60.345683,27.419933,2015,6,Finland,HUMAN_OBSERVATION
60.345801,27.419608,2008,6,Finland,HUMAN_OBSERVATION
60.346965,22.094558,2021,7,Finland,HUMAN_OBSERVATION
60.346965,22.094558,2021,7,Finland,HUMAN_OBSERVATION
60.346988,22.094681,2021,7,Finland,HUMAN_OBSERVATION
60.346988,22.094681,2021,7,Finland,HUMAN_OBSERVATION
60.347025,22.094948,2021,7,Finland,HUMAN_OBSERVATION
60.347025,22.094948,2021,7,Finland,HUMAN_OBSERVATION
60.347038,22.095073,2021,7,Finland,HUMAN_OBSERVATION
60.347038,22.095073,2021,7,Finland,HUMAN_OBSERVATION
60.347076,22.095358,2021,7,Finland,HUMAN_OBSERVATION
60.347076,22.095358,2021,7,Finland,HUMAN_OBSERVATION
60.347318,27.452532,2008,10,Finland,HUMAN_OBSERVATION
60.347696,27.462955,2007,10,Finland,HUMAN_OBSERVATION
60.347815,27.462251,2007,10,Finland,HUMAN_OBSERVATION
60.347922,26.807251,2023,8,Finland,HUMAN_OBSERVATION
60.347967,26.807396,2023,8,Finland,HUMAN_OBSERVATION
60.348012,26.807558,2023,8,Finland,HUMAN_OBSERVATION
60.348057,26.807721,2023,8,Finland,HUMAN_OBSERVATION
60.348102,26.807866,2023,8,Finland,HUMAN_OBSERVATION
60.348147,26.808029,2023,8,Finland,HUMAN_OBSERVATION
60.348192,26.808173,2023,8,Finland,HUMAN_OBSERVATION
60.348237,26.808336,2023,8,Finland,HUMAN_OBSERVATION
60.348283,26.808499,2023,8,Finland,HUMAN_OBSERVATION
60.348328,26.808644,2023,8,Finland,HUMAN_OBSERVATION
60.348442,27.270103,2014,8,Finland,HUMAN_OBSERVATION
60.348505,27.270104,2014,8,Finland,HUMAN_OBSERVATION
60.348622,27.270105,2014,8,Finland,HUMAN_OBSERVATION
60.348676,27.270105,2014,8,Finland,HUMAN_OBSERVATION
60.348703,27.270105,2014,8,Finland,HUMAN_OBSERVATION
60.348721,27.270106,2014,8,Finland,HUMAN_OBSERVATION
60.348766,27.270106,2014,8,Finland,HUMAN_OBSERVATION
60.349098,26.757687,2013,8,Finland,HUMAN_OBSERVATION
60.3495,26.799758,2023,8,Finland,HUMAN_OBSERVATION
60.349815,26.800354,2023,8,Finland,HUMAN_OBSERVATION
60.349905,26.800517,2023,8,Finland,HUMAN_OBSERVATION
60.349909,26.470837,2013,9,Finland,HUMAN_OBSERVATION
60.349941,26.800589,2023,8,Finland,HUMAN_OBSERVATION
60.349999,26.470818,2013,9,Finland,HUMAN_OBSERVATION
60.350052,27.44061,2008,9,Finland,HUMAN_OBSERVATION
60.350232,26.470724,2013,9,Finland,HUMAN_OBSERVATION
60.350763,27.442812,2007,9,Finland,HUMAN_OBSERVATION
60.350853,27.442868,2007,9,Finland,HUMAN_OBSERVATION
60.351446,27.463788,2008,8,Finland,HUMAN_OBSERVATION
60.351643,26.694353,2015,7,Finland,HUMAN_OBSERVATION
60.352504,27.45891,2008,10,Finland,HUMAN_OBSERVATION
60.352551,27.450593,2008,10,Finland,HUMAN_OBSERVATION
60.352578,27.450503,2008,10,Finland,HUMAN_OBSERVATION
60.352779,26.807113,2023,8,Finland,HUMAN_OBSERVATION
60.352986,26.807692,2023,8,Finland,HUMAN_OBSERVATION
60.35304,26.807837,2023,8,Finland,HUMAN_OBSERVATION
60.353094,26.807981,2023,8,Finland,HUMAN_OBSERVATION
60.353194,26.808289,2023,8,Finland,HUMAN_OBSERVATION
60.353248,26.808434,2023,8,Finland,HUMAN_OBSERVATION
60.354152,27.407936,2022,9,Finland,HUMAN_OBSERVATION
60.354179,27.407991,2022,9,Finland,HUMAN_OBSERVATION
60.354188,27.408027,2022,9,Finland,HUMAN_OBSERVATION
60.354205,27.408082,2022,9,Finland,HUMAN_OBSERVATION
60.35425,27.408191,2022,9,Finland,HUMAN_OBSERVATION
60.354277,27.408282,2022,9,Finland,HUMAN_OBSERVATION
60.354312,27.408391,2022,9,Finland,HUMAN_OBSERVATION
60.35433,27.408428,2022,9,Finland,HUMAN_OBSERVATION
60.354547,25.927165,2017,7,Finland,HUMAN_OBSERVATION
60.354627,25.927145,2017,7,Finland,HUMAN_OBSERVATION
60.354806,25.927066,2017,7,Finland,HUMAN_OBSERVATION
60.355099,27.409506,2022,9,Finland,HUMAN_OBSERVATION
60.35533,27.410252,2022,9,Finland,HUMAN_OBSERVATION
60.359236,27.383095,2012,10,Finland,HUMAN_OBSERVATION
60.359308,27.383096,2012,10,Finland,HUMAN_OBSERVATION
60.359496,27.383098,2012,10,Finland,HUMAN_OBSERVATION
60.359622,27.3831,2012,10,Finland,HUMAN_OBSERVATION
60.359665,23.060158,2022,6,Finland,HUMAN_OBSERVATION
60.359891,27.383103,2012,10,Finland,HUMAN_OBSERVATION
60.359936,27.383103,2012,10,Finland,HUMAN_OBSERVATION
60.361226,23.060677,2022,6,Finland,HUMAN_OBSERVATION
60.362073,21.509092,2013,8,Finland,HUMAN_OBSERVATION
60.365869,27.518834,2022,9,Finland,HUMAN_OBSERVATION
60.368108,26.329033,2013,9,Finland,HUMAN_OBSERVATION
60.368198,26.329067,2013,9,Finland,HUMAN_OBSERVATION
60.368288,26.329102,2013,9,Finland,HUMAN_OBSERVATION
60.368377,26.329136,2013,9,Finland,HUMAN_OBSERVATION
60.369199,26.580073,2013,7,Finland,HUMAN_OBSERVATION
60.3692,26.580272,2013,7,Finland,HUMAN_OBSERVATION
60.370498,26.570718,2013,7,Finland,HUMAN_OBSERVATION
60.370722,27.309923,2012,10,Finland,HUMAN_OBSERVATION
60.370757,27.310268,2012,10,Finland,HUMAN_OBSERVATION
60.370783,27.310631,2012,10,Finland,HUMAN_OBSERVATION
60.370927,26.512817,2012,9,Finland,HUMAN_OBSERVATION
60.371017,26.512779,2012,9,Finland,HUMAN_OBSERVATION
60.371107,26.51276,2012,9,Finland,HUMAN_OBSERVATION
60.373299,27.547077,2022,9,Finland,HUMAN_OBSERVATION
60.373492,27.548095,2022,9,Finland,HUMAN_OBSERVATION
60.373545,27.548187,2022,9,Finland,HUMAN_OBSERVATION
60.373562,27.62404,2023,8,Finland,HUMAN_OBSERVATION
60.373624,27.624168,2023,8,Finland,HUMAN_OBSERVATION
60.373626,27.548279,2022,9,Finland,HUMAN_OBSERVATION
60.373651,27.624223,2023,8,Finland,HUMAN_OBSERVATION
60.373697,27.548389,2022,9,Finland,HUMAN_OBSERVATION
60.373713,27.624351,2023,8,Finland,HUMAN_OBSERVATION
60.373769,27.548499,2022,9,Finland,HUMAN_OBSERVATION
60.373962,27.624846,2023,8,Finland,HUMAN_OBSERVATION
60.373974,27.548774,2022,9,Finland,HUMAN_OBSERVATION
60.373997,27.624919,2023,8,Finland,HUMAN_OBSERVATION
60.374024,27.624974,2023,8,Finland,HUMAN_OBSERVATION
60.374086,27.625102,2023,8,Finland,HUMAN_OBSERVATION
60.374095,27.62512,2023,8,Finland,HUMAN_OBSERVATION
60.374113,27.625139,2023,8,Finland,HUMAN_OBSERVATION
60.374153,27.549031,2022,9,Finland,HUMAN_OBSERVATION
60.374167,27.625248,2023,8,Finland,HUMAN_OBSERVATION
60.374193,27.625249,2023,8,Finland,HUMAN_OBSERVATION
60.374193,27.625303,2023,8,Finland,HUMAN_OBSERVATION
60.374229,27.625304,2023,8,Finland,HUMAN_OBSERVATION
60.3743,27.625432,2023,8,Finland,HUMAN_OBSERVATION
60.374363,27.625542,2023,8,Finland,HUMAN_OBSERVATION
60.374434,27.625671,2023,8,Finland,HUMAN_OBSERVATION
60.374496,27.625799,2023,8,Finland,HUMAN_OBSERVATION
60.374558,27.625909,2023,8,Finland,HUMAN_OBSERVATION
60.374594,27.625982,2023,8,Finland,HUMAN_OBSERVATION
60.374665,27.626092,2023,8,Finland,HUMAN_OBSERVATION
60.374728,27.62622,2023,8,Finland,HUMAN_OBSERVATION
60.374799,27.62633,2023,8,Finland,HUMAN_OBSERVATION
60.374861,27.626459,2023,8,Finland,HUMAN_OBSERVATION
60.376203,26.687957,2014,8,Finland,HUMAN_OBSERVATION
60.376257,26.687811,2014,8,Finland,HUMAN_OBSERVATION
60.376319,26.687666,2014,8,Finland,HUMAN_OBSERVATION
60.376435,26.687374,2014,8,Finland,HUMAN_OBSERVATION
60.378648,26.350653,2014,7,Finland,HUMAN_OBSERVATION
60.378666,26.350471,2014,7,Finland,HUMAN_OBSERVATION
60.378683,26.350289,2014,7,Finland,HUMAN_OBSERVATION
60.379254,26.931862,2011,8,Finland,HUMAN_OBSERVATION
60.379669,27.507427,2007,10,Finland,HUMAN_OBSERVATION
60.379731,27.507573,2007,10,Finland,HUMAN_OBSERVATION
60.380864,27.571544,2015,7,Finland,HUMAN_OBSERVATION
60.381809,27.424497,2013,6,Finland,HUMAN_OBSERVATION
60.381809,27.424515,2013,6,Finland,HUMAN_OBSERVATION
60.381809,27.424552,2013,6,Finland,HUMAN_OBSERVATION
60.381809,27.424588,2013,6,Finland,HUMAN_OBSERVATION
60.38273,27.612153,2022,9,Finland,HUMAN_OBSERVATION
60.382811,27.612263,2022,9,Finland,HUMAN_OBSERVATION
60.383007,27.612521,2022,9,Finland,HUMAN_OBSERVATION
60.383127,26.404074,2015,6,Finland,HUMAN_OBSERVATION
60.383172,26.40391,2015,6,Finland,HUMAN_OBSERVATION
60.38323,27.612816,2022,9,Finland,HUMAN_OBSERVATION
60.383467,27.439248,2013,6,Finland,HUMAN_OBSERVATION
60.383548,27.439176,2013,6,Finland,HUMAN_OBSERVATION
60.383611,27.439141,2013,6,Finland,HUMAN_OBSERVATION
60.386053,22.609551,2022,7,Finland,HUMAN_OBSERVATION
60.387121,26.777069,2015,7,Finland,HUMAN_OBSERVATION
60.387121,26.77716,2015,7,Finland,HUMAN_OBSERVATION
60.388286,27.641212,2022,9,Finland,HUMAN_OBSERVATION
60.388357,27.641395,2022,9,Finland,HUMAN_OBSERVATION
60.388375,27.641431,2022,9,Finland,HUMAN_OBSERVATION
60.388384,27.641468,2022,9,Finland,HUMAN_OBSERVATION
60.388437,27.641614,2022,9,Finland,HUMAN_OBSERVATION
60.391022,26.569976,2016,9,Finland,HUMAN_OBSERVATION
60.391049,26.570139,2016,9,Finland,HUMAN_OBSERVATION
60.392894,27.495857,2022,9,Finland,HUMAN_OBSERVATION
60.392938,27.496003,2022,9,Finland,HUMAN_OBSERVATION
60.392982,27.496131,2022,9,Finland,HUMAN_OBSERVATION
60.393027,27.496295,2022,9,Finland,HUMAN_OBSERVATION
60.39308,27.496441,2022,9,Finland,HUMAN_OBSERVATION
60.393169,27.496732,2022,9,Finland,HUMAN_OBSERVATION
60.394363,27.560131,2022,9,Finland,HUMAN_OBSERVATION
60.394699,26.59749,2013,7,Finland,HUMAN_OBSERVATION
60.395246,27.701593,2007,10,Finland,HUMAN_OBSERVATION
60.395256,27.70143,2007,10,Finland,HUMAN_OBSERVATION
60.395403,27.707603,2007,10,Finland,HUMAN_OBSERVATION
60.395482,27.707895,2007,10,Finland,HUMAN_OBSERVATION
60.395499,27.707986,2007,10,Finland,HUMAN_OBSERVATION
60.395544,27.70815,2007,10,Finland,HUMAN_OBSERVATION
60.395585,22.018615,2021,7,Finland,HUMAN_OBSERVATION
60.395594,22.018614,2021,7,Finland,HUMAN_OBSERVATION
60.395603,22.018613,2021,7,Finland,HUMAN_OBSERVATION
60.395631,22.018627,2021,7,Finland,HUMAN_OBSERVATION
60.39564,22.018625,2021,7,Finland,HUMAN_OBSERVATION
60.395658,22.018641,2021,7,Finland,HUMAN_OBSERVATION
60.395686,22.018655,2021,7,Finland,HUMAN_OBSERVATION
60.395704,22.01867,2021,7,Finland,HUMAN_OBSERVATION
60.395832,22.018723,2021,7,Finland,HUMAN_OBSERVATION
60.39585,22.01872,2021,7,Finland,HUMAN_OBSERVATION
60.395869,22.018736,2021,7,Finland,HUMAN_OBSERVATION
60.398571,26.195582,2014,7,Finland,HUMAN_OBSERVATION
60.399169,27.592771,2022,9,Finland,HUMAN_OBSERVATION
60.39924,27.5929,2022,9,Finland,HUMAN_OBSERVATION
60.399285,27.592955,2022,9,Finland,HUMAN_OBSERVATION
60.399356,27.593065,2022,9,Finland,HUMAN_OBSERVATION
60.399427,27.593193,2022,9,Finland,HUMAN_OBSERVATION
60.39949,27.593303,2022,9,Finland,HUMAN_OBSERVATION
60.399516,26.674722,2013,7,Finland,HUMAN_OBSERVATION
60.399543,26.674758,2013,7,Finland,HUMAN_OBSERVATION
60.399561,27.593414,2022,9,Finland,HUMAN_OBSERVATION
60.399588,26.674812,2013,7,Finland,HUMAN_OBSERVATION
60.399632,27.593524,2022,9,Finland,HUMAN_OBSERVATION
60.399669,26.67492,2013,7,Finland,HUMAN_OBSERVATION
60.399704,27.593634,2022,9,Finland,HUMAN_OBSERVATION
60.399741,26.67501,2013,7,Finland,HUMAN_OBSERVATION
60.399775,27.593744,2022,9,Finland,HUMAN_OBSERVATION
60.399846,27.593873,2022,9,Finland,HUMAN_OBSERVATION
60.399873,27.593909,2022,9,Finland,HUMAN_OBSERVATION
60.399976,26.675298,2013,7,Finland,HUMAN_OBSERVATION
60.401771,22.638747,2022,7,Finland,HUMAN_OBSERVATION
60.402348,22.64016,2022,7,Finland,HUMAN_OBSERVATION
60.402634,27.496296,2014,8,Finland,HUMAN_OBSERVATION
60.402779,27.40878,2013,6,Finland,HUMAN_OBSERVATION
60.402795,27.496462,2014,8,Finland,HUMAN_OBSERVATION
60.403216,26.928146,2011,8,Finland,HUMAN_OBSERVATION
60.403504,27.647083,2023,8,Finland,HUMAN_OBSERVATION
60.403505,27.64692,2023,8,Finland,HUMAN_OBSERVATION
60.403506,27.64672,2023,8,Finland,HUMAN_OBSERVATION
60.403506,27.646829,2023,8,Finland,HUMAN_OBSERVATION
60.403507,27.646611,2023,8,Finland,HUMAN_OBSERVATION
60.403511,27.647501,2023,8,Finland,HUMAN_OBSERVATION
60.403511,27.647628,2023,8,Finland,HUMAN_OBSERVATION
60.403512,27.647392,2023,8,Finland,HUMAN_OBSERVATION
60.403513,27.647174,2023,8,Finland,HUMAN_OBSERVATION
60.403513,27.647247,2023,8,Finland,HUMAN_OBSERVATION
60.403517,27.648082,2023,8,Finland,HUMAN_OBSERVATION
60.403518,27.647919,2023,8,Finland,HUMAN_OBSERVATION
60.40367,27.648049,2023,8,Finland,HUMAN_OBSERVATION
60.403705,27.648213,2023,8,Finland,HUMAN_OBSERVATION
60.403741,27.648377,2023,8,Finland,HUMAN_OBSERVATION
60.403784,27.648614,2023,8,Finland,HUMAN_OBSERVATION
60.403819,27.648759,2023,8,Finland,HUMAN_OBSERVATION
60.403837,27.648851,2023,8,Finland,HUMAN_OBSERVATION
60.403837,27.648869,2023,8,Finland,HUMAN_OBSERVATION
60.403854,27.64896,2023,8,Finland,HUMAN_OBSERVATION
60.40389,27.649106,2023,8,Finland,HUMAN_OBSERVATION
60.403907,27.649215,2023,8,Finland,HUMAN_OBSERVATION
60.403916,27.649251,2023,8,Finland,HUMAN_OBSERVATION
60.405628,27.398996,2013,6,Finland,HUMAN_OBSERVATION
60.405709,27.398925,2013,6,Finland,HUMAN_OBSERVATION
60.407206,26.728502,2013,8,Finland,HUMAN_OBSERVATION
60.410688,27.297378,2012,10,Finland,HUMAN_OBSERVATION
60.411135,26.851318,2012,9,Finland,HUMAN_OBSERVATION
60.411189,26.851409,2012,9,Finland,HUMAN_OBSERVATION
60.411261,26.851536,2012,9,Finland,HUMAN_OBSERVATION
60.411333,26.851644,2012,9,Finland,HUMAN_OBSERVATION
60.411357,26.875916,2011,8,Finland,HUMAN_OBSERVATION
60.411483,26.875825,2011,8,Finland,HUMAN_OBSERVATION
60.411564,26.875788,2011,8,Finland,HUMAN_OBSERVATION
60.411574,26.626474,2013,7,Finland,HUMAN_OBSERVATION
60.411664,26.626437,2013,7,Finland,HUMAN_OBSERVATION
60.411752,26.875661,2011,8,Finland,HUMAN_OBSERVATION
60.411753,26.626399,2013,7,Finland,HUMAN_OBSERVATION
60.411869,26.875587,2011,8,Finland,HUMAN_OBSERVATION
60.411924,26.626343,2013,7,Finland,HUMAN_OBSERVATION
60.412013,26.626306,2013,7,Finland,HUMAN_OBSERVATION
60.414702,26.781565,2023,8,Finland,HUMAN_OBSERVATION
60.415257,27.388656,2012,10,Finland,HUMAN_OBSERVATION
60.41555,18.54355,2008,7,Sweden,MATERIAL_SAMPLE
60.41555,18.54355,2008,7,Sweden,MATERIAL_SAMPLE
60.41555,18.54355,2008,7,Sweden,MATERIAL_SAMPLE
60.416686,26.870594,2011,8,Finland,HUMAN_OBSERVATION
60.416758,26.870957,2011,8,Finland,HUMAN_OBSERVATION
60.417003,26.733722,2012,8,Finland,HUMAN_OBSERVATION
60.418562,27.20753,2014,7,Finland,HUMAN_OBSERVATION
60.421112,26.988941,2011,8,Finland,HUMAN_OBSERVATION
60.421211,26.989249,2011,8,Finland,HUMAN_OBSERVATION
60.422192,26.761556,2012,8,Finland,HUMAN_OBSERVATION
60.42221,26.761483,2012,8,Finland,HUMAN_OBSERVATION
60.422245,26.761374,2012,8,Finland,HUMAN_OBSERVATION
60.422272,26.761283,2012,8,Finland,HUMAN_OBSERVATION
60.422299,26.761174,2012,8,Finland,HUMAN_OBSERVATION
60.424638,27.112802,2012,9,Finland,HUMAN_OBSERVATION
60.424858,27.308532,2013,6,Finland,HUMAN_OBSERVATION
60.424872,27.112257,2012,9,Finland,HUMAN_OBSERVATION
60.424926,27.112112,2012,9,Finland,HUMAN_OBSERVATION
60.426228,26.726854,2013,8,Finland,HUMAN_OBSERVATION
60.426247,26.727036,2013,8,Finland,HUMAN_OBSERVATION
60.426256,26.727217,2013,8,Finland,HUMAN_OBSERVATION
60.426274,26.727344,2013,8,Finland,HUMAN_OBSERVATION
60.426385,27.582405,2023,9,Finland,HUMAN_OBSERVATION
60.426465,27.582461,2023,9,Finland,HUMAN_OBSERVATION
60.426555,27.582535,2023,9,Finland,HUMAN_OBSERVATION
60.426636,27.582591,2023,9,Finland,HUMAN_OBSERVATION
60.426698,27.582647,2023,9,Finland,HUMAN_OBSERVATION
60.426788,27.582721,2023,9,Finland,HUMAN_OBSERVATION
60.426868,27.582777,2023,9,Finland,HUMAN_OBSERVATION
60.42694,27.582833,2023,9,Finland,HUMAN_OBSERVATION
60.426984,27.58287,2023,9,Finland,HUMAN_OBSERVATION
60.42702,27.582907,2023,9,Finland,HUMAN_OBSERVATION
60.427351,26.982927,2013,8,Finland,HUMAN_OBSERVATION
60.427412,26.924078,2013,8,Finland,OCCURRENCE
60.427923,27.583759,2023,9,Finland,HUMAN_OBSERVATION
60.428004,27.583796,2023,9,Finland,HUMAN_OBSERVATION
60.428094,27.583834,2023,9,Finland,HUMAN_OBSERVATION
60.428201,27.583891,2023,9,Finland,HUMAN_OBSERVATION
60.428219,27.583909,2023,9,Finland,HUMAN_OBSERVATION
60.428237,27.58391,2023,9,Finland,HUMAN_OBSERVATION
60.428264,27.583928,2023,9,Finland,HUMAN_OBSERVATION
60.428291,27.583947,2023,9,Finland,HUMAN_OBSERVATION
60.428309,27.583947,2023,9,Finland,HUMAN_OBSERVATION
60.428327,27.583947,2023,9,Finland,HUMAN_OBSERVATION
60.428353,27.583966,2023,9,Finland,HUMAN_OBSERVATION
60.428371,27.583966,2023,9,Finland,HUMAN_OBSERVATION
60.428398,27.583985,2023,9,Finland,HUMAN_OBSERVATION
60.428416,27.584004,2023,9,Finland,HUMAN_OBSERVATION
60.428634,27.339882,2012,10,Finland,HUMAN_OBSERVATION
60.429219,27.649229,2023,9,Finland,HUMAN_OBSERVATION
60.429228,27.64912,2023,9,Finland,HUMAN_OBSERVATION
60.434047,22.2188,2012,8,Finland,OCCURRENCE
60.434205,27.60262,2023,8,Finland,HUMAN_OBSERVATION
60.434223,27.602657,2023,8,Finland,HUMAN_OBSERVATION
60.434277,27.602785,2023,8,Finland,HUMAN_OBSERVATION
60.434328,22.217818,2012,8,Finland,OCCURRENCE
60.434339,27.602931,2023,8,Finland,HUMAN_OBSERVATION
60.43437,22.217511,2012,6,Finland,OCCURRENCE
60.43437,22.217511,2012,6,Finland,OCCURRENCE
60.43437,22.217511,2012,6,Finland,OCCURRENCE
60.43437,22.217511,2012,6,Finland,OCCURRENCE
60.43437,22.217511,2012,6,Finland,OCCURRENCE
60.43437,22.217511,2012,6,Finland,OCCURRENCE
60.43437,22.217511,2012,6,Finland,OCCURRENCE
60.43437,22.217511,2012,6,Finland,OCCURRENCE
60.43437,22.217511,2012,6,Finland,OCCURRENCE
60.43437,22.217511,2012,6,Finland,OCCURRENCE
60.43437,22.217511,2012,6,Finland,OCCURRENCE
60.434374,27.603023,2023,8,Finland,HUMAN_OBSERVATION
60.434436,27.603169,2023,8,Finland,HUMAN_OBSERVATION
60.43449,27.603316,2023,8,Finland,HUMAN_OBSERVATION
60.434534,27.603425,2023,8,Finland,HUMAN_OBSERVATION
60.434649,27.603718,2023,8,Finland,HUMAN_OBSERVATION
60.435039,27.604888,2023,8,Finland,HUMAN_OBSERVATION
60.435048,27.604961,2023,8,Finland,HUMAN_OBSERVATION
60.435057,27.604979,2023,8,Finland,HUMAN_OBSERVATION
60.435057,27.604998,2023,8,Finland,HUMAN_OBSERVATION
60.435065,27.605034,2023,8,Finland,HUMAN_OBSERVATION
60.435083,27.605125,2023,8,Finland,HUMAN_OBSERVATION
60.435101,27.605216,2023,8,Finland,HUMAN_OBSERVATION
60.435127,27.605326,2023,8,Finland,HUMAN_OBSERVATION
60.435136,27.605381,2023,8,Finland,HUMAN_OBSERVATION
60.435153,27.605472,2023,8,Finland,HUMAN_OBSERVATION
60.435153,27.60549,2023,8,Finland,HUMAN_OBSERVATION
60.435162,27.605545,2023,8,Finland,HUMAN_OBSERVATION
60.43518,27.605599,2023,8,Finland,HUMAN_OBSERVATION
60.435206,27.605763,2023,8,Finland,HUMAN_OBSERVATION
60.435281,26.845449,2012,9,Finland,HUMAN_OBSERVATION
60.436175,27.490212,2014,8,Finland,HUMAN_OBSERVATION
60.436184,27.49014,2014,8,Finland,HUMAN_OBSERVATION
60.436185,27.489958,2014,8,Finland,HUMAN_OBSERVATION
60.436203,27.48974,2014,8,Finland,HUMAN_OBSERVATION
60.436204,27.489595,2014,8,Finland,HUMAN_OBSERVATION
60.436204,27.489649,2014,8,Finland,HUMAN_OBSERVATION
60.436634,26.973311,2013,8,Finland,HUMAN_OBSERVATION
60.43684,26.973038,2013,8,Finland,HUMAN_OBSERVATION
60.436867,26.97302,2013,8,Finland,HUMAN_OBSERVATION
60.436885,26.972984,2013,8,Finland,HUMAN_OBSERVATION
60.437393,27.27571,2015,7,Finland,HUMAN_OBSERVATION
60.439899,22.214594,2012,8,Finland,OCCURRENCE
60.441266,26.971781,2013,8,Finland,HUMAN_OBSERVATION
60.441291,22.164382,2012,6,Finland,OCCURRENCE
60.441291,22.164382,2012,6,Finland,OCCURRENCE
60.441291,22.164382,2012,6,Finland,OCCURRENCE
60.441291,22.164382,2012,6,Finland,OCCURRENCE
60.441291,22.164382,2012,6,Finland,OCCURRENCE
60.441311,26.971944,2013,8,Finland,HUMAN_OBSERVATION
60.441401,26.972271,2013,8,Finland,HUMAN_OBSERVATION
60.441446,26.972435,2013,8,Finland,HUMAN_OBSERVATION
60.441491,26.972598,2013,8,Finland,HUMAN_OBSERVATION
60.442306,27.631482,2022,9,Finland,HUMAN_OBSERVATION
60.443197,26.759022,2014,8,Finland,HUMAN_OBSERVATION
60.443588,22.217189,2012,6,Finland,OCCURRENCE
60.443588,22.217189,2012,6,Finland,OCCURRENCE
60.443588,22.217189,2012,6,Finland,OCCURRENCE
60.443588,22.217189,2012,6,Finland,OCCURRENCE
60.443588,22.217189,2012,6,Finland,OCCURRENCE
60.443609,22.218575,2012,8,Finland,OCCURRENCE
60.444014,27.273786,2005,9,Finland,HUMAN_OBSERVATION
60.444014,27.273913,2005,9,Finland,HUMAN_OBSERVATION
60.444015,27.273113,2005,9,Finland,HUMAN_OBSERVATION
60.444015,27.273259,2005,9,Finland,HUMAN_OBSERVATION
60.444015,27.273349,2005,9,Finland,HUMAN_OBSERVATION
60.444015,27.27344,2005,9,Finland,HUMAN_OBSERVATION
60.444016,27.27275,2005,9,Finland,HUMAN_OBSERVATION
60.444016,27.272931,2005,9,Finland,HUMAN_OBSERVATION
60.445801,26.943481,2018,8,Finland,HUMAN_OBSERVATION
60.445819,26.943499,2018,8,Finland,HUMAN_OBSERVATION
60.445854,26.943553,2018,8,Finland,HUMAN_OBSERVATION
60.445881,26.943572,2018,8,Finland,HUMAN_OBSERVATION
60.445953,26.943662,2018,8,Finland,HUMAN_OBSERVATION
60.446115,26.943844,2018,8,Finland,HUMAN_OBSERVATION
60.44663,27.440209,2015,8,Finland,HUMAN_OBSERVATION
60.446817,27.440611,2015,8,Finland,HUMAN_OBSERVATION
60.446847,27.304778,2013,8,Finland,HUMAN_OBSERVATION
60.446918,27.304888,2013,8,Finland,HUMAN_OBSERVATION
60.446921,27.279226,2005,9,Finland,HUMAN_OBSERVATION
60.446948,27.27919,2005,9,Finland,HUMAN_OBSERVATION
60.446957,27.279172,2005,9,Finland,HUMAN_OBSERVATION
60.447038,27.279045,2005,9,Finland,HUMAN_OBSERVATION
60.447138,27.441288,2015,8,Finland,HUMAN_OBSERVATION
60.447178,27.305199,2013,8,Finland,HUMAN_OBSERVATION
60.447258,27.443089,2015,8,Finland,HUMAN_OBSERVATION
60.447262,27.441744,2015,8,Finland,HUMAN_OBSERVATION
60.447263,27.441562,2015,8,Finland,HUMAN_OBSERVATION
60.447266,27.443271,2015,8,Finland,HUMAN_OBSERVATION
60.447281,27.278666,2005,9,Finland,HUMAN_OBSERVATION
60.44733,27.305382,2013,8,Finland,HUMAN_OBSERVATION
60.447405,27.193647,2012,7,Finland,HUMAN_OBSERVATION
60.447485,27.194102,2012,7,Finland,HUMAN_OBSERVATION
60.447488,27.278322,2005,9,Finland,HUMAN_OBSERVATION
60.448831,27.288584,2012,9,Finland,HUMAN_OBSERVATION
60.448843,27.221682,2013,10,Finland,HUMAN_OBSERVATION
60.449094,27.221483,2013,10,Finland,HUMAN_OBSERVATION
60.449175,27.221411,2013,10,Finland,HUMAN_OBSERVATION
60.449265,27.221357,2013,10,Finland,HUMAN_OBSERVATION
60.449292,27.221339,2013,10,Finland,HUMAN_OBSERVATION
60.451845,27.190529,2012,7,Finland,HUMAN_OBSERVATION
60.452022,27.29532,2013,8,Finland,HUMAN_OBSERVATION
60.45213,27.295139,2013,8,Finland,HUMAN_OBSERVATION
60.45351,27.493491,2014,8,Finland,HUMAN_OBSERVATION
60.45381,27.269287,2005,9,Finland,HUMAN_OBSERVATION
60.453899,27.269597,2005,9,Finland,HUMAN_OBSERVATION
60.453935,27.269761,2005,9,Finland,HUMAN_OBSERVATION
60.453961,27.269852,2005,9,Finland,HUMAN_OBSERVATION
60.453979,27.269925,2005,9,Finland,HUMAN_OBSERVATION
60.454006,27.270016,2005,9,Finland,HUMAN_OBSERVATION
60.454015,27.270052,2005,9,Finland,HUMAN_OBSERVATION
60.454738,27.562043,2014,8,Finland,HUMAN_OBSERVATION
60.454756,27.562026,2014,8,Finland,HUMAN_OBSERVATION
60.454783,27.56199,2014,8,Finland,HUMAN_OBSERVATION
60.456494,22.052861,2012,6,Finland,OCCURRENCE
60.456494,22.052861,2012,6,Finland,OCCURRENCE
60.456494,22.052861,2012,6,Finland,OCCURRENCE
60.457125,27.704127,2014,8,Finland,HUMAN_OBSERVATION
60.457125,27.7042,2014,8,Finland,HUMAN_OBSERVATION
60.457134,27.704055,2014,8,Finland,HUMAN_OBSERVATION
60.457134,27.704073,2014,8,Finland,HUMAN_OBSERVATION
60.457135,27.703891,2014,8,Finland,HUMAN_OBSERVATION
60.457135,27.703927,2014,8,Finland,HUMAN_OBSERVATION
60.457135,27.703982,2014,8,Finland,HUMAN_OBSERVATION
60.457145,27.703709,2014,8,Finland,HUMAN_OBSERVATION
60.457145,27.7038,2014,8,Finland,HUMAN_OBSERVATION
60.457155,27.703637,2014,8,Finland,HUMAN_OBSERVATION
60.457755,22.046252,2012,6,Finland,OCCURRENCE
60.458032,27.009254,2012,8,Finland,HUMAN_OBSERVATION
60.458185,27.010108,2012,8,Finland,HUMAN_OBSERVATION
60.458212,27.010272,2012,8,Finland,HUMAN_OBSERVATION
60.458216,22.038216,2012,6,Finland,OCCURRENCE
60.458216,22.038216,2012,6,Finland,OCCURRENCE
60.458216,22.038216,2012,6,Finland,OCCURRENCE
60.458216,22.038216,2012,6,Finland,OCCURRENCE
60.458239,27.010454,2012,8,Finland,HUMAN_OBSERVATION
60.45878,27.23324,2012,8,Finland,HUMAN_OBSERVATION
60.459456,26.923876,2018,9,Finland,HUMAN_OBSERVATION
60.459474,26.923876,2018,9,Finland,HUMAN_OBSERVATION
60.459537,26.923821,2018,9,Finland,HUMAN_OBSERVATION
60.459627,26.923767,2018,9,Finland,HUMAN_OBSERVATION
60.45967,27.247446,2013,10,Finland,HUMAN_OBSERVATION
60.459707,27.247264,2013,10,Finland,HUMAN_OBSERVATION
60.459708,26.923694,2018,9,Finland,HUMAN_OBSERVATION
60.459743,27.247101,2013,10,Finland,HUMAN_OBSERVATION
60.460703,27.416708,2012,9,Finland,HUMAN_OBSERVATION
60.464315,27.027767,2012,7,Finland,HUMAN_OBSERVATION
60.464377,27.027639,2012,7,Finland,HUMAN_OBSERVATION
60.464395,27.027585,2012,7,Finland,HUMAN_OBSERVATION
60.471116,27.160741,2014,8,Finland,HUMAN_OBSERVATION
60.473149,26.763583,2015,8,Finland,HUMAN_OBSERVATION
60.474394,27.408717,2021,9,Finland,HUMAN_OBSERVATION
60.474394,27.408717,2021,9,Finland,HUMAN_OBSERVATION
60.477775,27.538665,2013,8,Finland,HUMAN_OBSERVATION
60.477856,27.538758,2013,8,Finland,HUMAN_OBSERVATION
60.4779,27.538813,2013,8,Finland,HUMAN_OBSERVATION
60.477954,27.538868,2013,8,Finland,HUMAN_OBSERVATION
60.477999,27.538942,2013,8,Finland,HUMAN_OBSERVATION
60.481376,26.949592,2013,8,Finland,OCCURRENCE
60.481376,26.949592,2013,8,Finland,OCCURRENCE
60.481376,26.949592,2013,8,Finland,OCCURRENCE
60.481376,26.949592,2013,8,Finland,OCCURRENCE
60.481376,26.949592,2013,8,Finland,OCCURRENCE
60.48204,27.32161,2013,8,Finland,HUMAN_OBSERVATION
60.48454,27.152092,2014,7,Finland,HUMAN_OBSERVATION
60.484541,27.151255,2014,7,Finland,HUMAN_OBSERVATION
60.484541,27.151638,2014,7,Finland,HUMAN_OBSERVATION
60.484541,27.151947,2014,7,Finland,HUMAN_OBSERVATION
60.484542,27.150873,2014,7,Finland,HUMAN_OBSERVATION
60.48581,27.073584,2012,8,Finland,HUMAN_OBSERVATION
60.485891,27.073493,2012,8,Finland,HUMAN_OBSERVATION
60.485963,27.073402,2012,8,Finland,HUMAN_OBSERVATION
60.486344,27.727215,2012,7,Finland,HUMAN_OBSERVATION
60.487096,27.084559,2012,8,Finland,HUMAN_OBSERVATION
60.487114,27.084559,2012,8,Finland,HUMAN_OBSERVATION
60.487132,27.084559,2012,8,Finland,HUMAN_OBSERVATION
60.48715,27.084559,2012,8,Finland,HUMAN_OBSERVATION
60.487159,27.084559,2012,8,Finland,HUMAN_OBSERVATION
60.487177,27.084559,2012,8,Finland,HUMAN_OBSERVATION
60.487204,27.084559,2012,8,Finland,HUMAN_OBSERVATION
60.487204,27.084559,2012,8,Finland,HUMAN_OBSERVATION
60.490615,26.942725,2013,8,Finland,OCCURRENCE
60.490615,26.942725,2013,8,Finland,OCCURRENCE
60.490615,26.942725,2013,8,Finland,OCCURRENCE
60.490615,26.942725,2013,8,Finland,OCCURRENCE
60.490615,26.942725,2013,8,Finland,OCCURRENCE
60.490615,26.942725,2013,8,Finland,OCCURRENCE
60.491376,27.592087,2013,7,Finland,HUMAN_OBSERVATION
60.491538,27.592036,2013,7,Finland,HUMAN_OBSERVATION
60.492111,27.303456,2013,8,Finland,HUMAN_OBSERVATION
60.495066,26.972517,2018,8,Finland,HUMAN_OBSERVATION
60.495647,21.230229,2013,8,Finland,HUMAN_OBSERVATION
60.495692,21.230221,2013,8,Finland,HUMAN_OBSERVATION
60.501639,27.586085,2013,7,Finland,HUMAN_OBSERVATION
60.501642,27.585393,2013,7,Finland,HUMAN_OBSERVATION
60.502028,21.772252,2022,7,Finland,HUMAN_OBSERVATION
60.502718,21.771264,2022,7,Finland,HUMAN_OBSERVATION
60.503197,21.769709,2022,7,Finland,HUMAN_OBSERVATION
60.50424,21.766494,2022,7,Finland,HUMAN_OBSERVATION
60.504333,21.768413,2022,7,Finland,HUMAN_OBSERVATION
60.504368,21.770213,2022,7,Finland,HUMAN_OBSERVATION
60.5044,21.770573,2022,7,Finland,HUMAN_OBSERVATION
60.507693,21.778581,2022,7,Finland,HUMAN_OBSERVATION
60.516889,27.066223,2012,8,Finland,HUMAN_OBSERVATION
60.517206,27.153225,2013,8,Finland,OCCURRENCE
60.517206,27.153225,2013,8,Finland,OCCURRENCE
60.517206,27.153225,2013,8,Finland,OCCURRENCE
60.517206,27.153225,2013,8,Finland,OCCURRENCE
60.517206,27.153225,2013,8,Finland,OCCURRENCE
60.517206,27.153225,2013,8,Finland,OCCURRENCE
60.517206,27.153225,2013,8,Finland,OCCURRENCE
60.517206,27.153225,2013,8,Finland,OCCURRENCE
60.517206,27.153225,2013,8,Finland,OCCURRENCE
60.517456,21.786844,2022,7,Finland,HUMAN_OBSERVATION
60.51917,21.787882,2022,7,Finland,HUMAN_OBSERVATION
60.521002,27.064046,2013,7,Finland,HUMAN_OBSERVATION
60.521083,27.063955,2013,7,Finland,HUMAN_OBSERVATION
60.521388,27.063573,2013,7,Finland,HUMAN_OBSERVATION
60.522154,27.075069,2013,7,Finland,HUMAN_OBSERVATION
60.522388,27.075342,2013,7,Finland,HUMAN_OBSERVATION
60.522468,27.075452,2013,7,Finland,HUMAN_OBSERVATION
60.522549,27.075543,2013,7,Finland,HUMAN_OBSERVATION
60.52287,21.789075,2022,7,Finland,HUMAN_OBSERVATION
60.523067,27.166851,2013,8,Finland,OCCURRENCE
60.523067,27.166851,2013,8,Finland,OCCURRENCE
60.523067,27.166851,2013,8,Finland,OCCURRENCE
60.523067,27.166851,2013,8,Finland,OCCURRENCE
60.523067,27.166851,2013,8,Finland,OCCURRENCE
60.523067,27.166851,2013,8,Finland,OCCURRENCE
60.523067,27.166851,2013,8,Finland,OCCURRENCE
60.523067,27.166851,2013,8,Finland,OCCURRENCE
60.523067,27.166851,2013,8,Finland,OCCURRENCE
60.523145,27.629065,2013,7,Finland,HUMAN_OBSERVATION
60.52318,27.62923,2013,7,Finland,HUMAN_OBSERVATION
60.523206,27.629413,2013,7,Finland,HUMAN_OBSERVATION
60.523241,27.629595,2013,7,Finland,HUMAN_OBSERVATION
60.523267,27.629778,2013,7,Finland,HUMAN_OBSERVATION
60.523302,27.629961,2013,7,Finland,HUMAN_OBSERVATION
60.523406,27.234378,2012,8,Finland,HUMAN_OBSERVATION
60.525944,21.809739,2022,8,Finland,HUMAN_OBSERVATION
60.527092,21.192978,2013,7,Finland,HUMAN_OBSERVATION
60.527745,21.797783,2022,7,Finland,HUMAN_OBSERVATION
60.531971,21.799331,2022,7,Finland,HUMAN_OBSERVATION
60.534802,27.732512,2013,7,Finland,HUMAN_OBSERVATION
60.5349,27.732696,2013,7,Finland,HUMAN_OBSERVATION
60.534908,27.732714,2013,7,Finland,HUMAN_OBSERVATION
60.534926,27.732733,2013,7,Finland,HUMAN_OBSERVATION
60.545095,21.793018,2022,8,Finland,HUMAN_OBSERVATION
60.547613,21.793654,2022,8,Finland,HUMAN_OBSERVATION
60.547613,27.223852,2023,8,Finland,HUMAN_OBSERVATION
60.548219,21.793739,2022,8,Finland,HUMAN_OBSERVATION
60.54887,21.793835,2022,8,Finland,HUMAN_OBSERVATION
60.552616,27.725894,2013,7,Finland,HUMAN_OBSERVATION
60.564108,21.744895,2022,8,Finland,HUMAN_OBSERVATION
60.56806,21.748804,2022,8,Finland,HUMAN_OBSERVATION
60.570967,27.739442,2013,7,Finland,HUMAN_OBSERVATION
60.576357,21.148398,2013,7,Finland,HUMAN_OBSERVATION
60.590199,21.82626,2022,8,Finland,HUMAN_OBSERVATION
60.590724,21.73712,2022,8,Finland,HUMAN_OBSERVATION
60.592292,21.721697,2022,8,Finland,HUMAN_OBSERVATION
60.606746,21.376296,2013,7,Finland,HUMAN_OBSERVATION
60.612222,21.698515,2022,8,Finland,HUMAN_OBSERVATION
60.613986,21.696046,2022,8,Finland,HUMAN_OBSERVATION
60.615361,21.693494,2022,8,Finland,HUMAN_OBSERVATION
60.616126,21.695327,2022,8,Finland,HUMAN_OBSERVATION
60.616884,21.694012,2022,8,Finland,HUMAN_OBSERVATION
60.622142,21.651483,2022,8,Finland,HUMAN_OBSERVATION
60.623331,21.658043,2022,8,Finland,HUMAN_OBSERVATION
60.624043,21.665251,2022,8,Finland,HUMAN_OBSERVATION
60.624357,21.664118,2022,8,Finland,HUMAN_OBSERVATION
60.624791,21.666409,2022,8,Finland,HUMAN_OBSERVATION
60.624804,21.635985,2022,8,Finland,HUMAN_OBSERVATION
60.625571,21.671958,2022,8,Finland,HUMAN_OBSERVATION
60.625907,21.666188,2022,8,Finland,HUMAN_OBSERVATION
60.627505,21.8108,2022,8,Finland,HUMAN_OBSERVATION
60.628118,21.812204,2022,8,Finland,HUMAN_OBSERVATION
60.628577,21.813833,2022,8,Finland,HUMAN_OBSERVATION
60.628677,21.815483,2022,8,Finland,HUMAN_OBSERVATION
60.629991,21.818954,2022,8,Finland,HUMAN_OBSERVATION
60.631778,21.6656,2022,8,Finland,HUMAN_OBSERVATION
60.633439,21.664391,2022,8,Finland,HUMAN_OBSERVATION
60.63423,21.663252,2022,8,Finland,HUMAN_OBSERVATION
60.636678,21.661234,2022,8,Finland,HUMAN_OBSERVATION
60.63744,21.659367,2022,8,Finland,HUMAN_OBSERVATION
60.638692,21.657144,2022,8,Finland,HUMAN_OBSERVATION
60.639637,21.657133,2022,8,Finland,HUMAN_OBSERVATION
60.643386,21.329437,2013,7,Finland,HUMAN_OBSERVATION
60.64341,21.329579,2013,7,Finland,HUMAN_OBSERVATION
60.646783,21.634045,2022,8,Finland,HUMAN_OBSERVATION
60.646843,21.632422,2022,8,Finland,HUMAN_OBSERVATION
60.647162,21.630499,2022,8,Finland,HUMAN_OBSERVATION
60.647363,21.62834,2022,8,Finland,HUMAN_OBSERVATION
60.647774,21.625797,2022,8,Finland,HUMAN_OBSERVATION
60.648121,21.623924,2022,8,Finland,HUMAN_OBSERVATION
60.648491,21.62038,2022,8,Finland,HUMAN_OBSERVATION
60.649076,21.618815,2022,8,Finland,HUMAN_OBSERVATION
60.70353,21.204333,2012,9,Finland,HUMAN_OBSERVATION
60.703611,21.204337,2012,9,Finland,HUMAN_OBSERVATION
60.703628,21.204316,2012,9,Finland,HUMAN_OBSERVATION
60.703664,21.204309,2012,9,Finland,HUMAN_OBSERVATION
60.7037,21.204303,2012,9,Finland,HUMAN_OBSERVATION
60.708401,21.283326,2012,9,Finland,HUMAN_OBSERVATION
60.905045,21.313025,2024,7,Finland,HUMAN_OBSERVATION
60.905057,21.312025,2024,7,Finland,HUMAN_OBSERVATION
60.905123,21.310831,2024,7,Finland,HUMAN_OBSERVATION
60.905225,21.306654,2024,7,Finland,HUMAN_OBSERVATION
60.906011,21.310764,2024,7,Finland,HUMAN_OBSERVATION
60.948362,21.091397,2021,8,Finland,HUMAN_OBSERVATION
60.948367,21.091729,2021,8,Finland,HUMAN_OBSERVATION
60.994604,21.111737,2021,8,Finland,HUMAN_OBSERVATION
61.128363,21.390841,2021,7,Finland,HUMAN_OBSERVATION
61.280012,21.54123,2022,7,Finland,HUMAN_OBSERVATION
61.286383,21.379373,2012,9,Finland,HUMAN_OBSERVATION
61.388195,21.466584,2013,9,Finland,HUMAN_OBSERVATION
61.388201,21.465626,2013,9,Finland,HUMAN_OBSERVATION
61.388212,21.465436,2013,9,Finland,HUMAN_OBSERVATION
61.407288,21.47373,2013,9,Finland,HUMAN_OBSERVATION
61.501403,21.55564,2018,8,Finland,HUMAN_OBSERVATION
61.501803,21.555532,2018,8,Finland,HUMAN_OBSERVATION
61.501839,21.555526,2018,8,Finland,HUMAN_OBSERVATION
61.554237,21.690082,2022,7,Finland,HUMAN_OBSERVATION
61.558638,21.687101,2022,7,Finland,HUMAN_OBSERVATION
61.56968,17.08149,2009,8,Sweden,MATERIAL_SAMPLE
61.57276,17.07619,2009,8,Sweden,MATERIAL_SAMPLE
61.57276,17.07619,2009,8,Sweden,MATERIAL_SAMPLE
61.57276,17.07619,2009,8,Sweden,MATERIAL_SAMPLE
61.57276,17.07619,2009,8,Sweden,MATERIAL_SAMPLE
61.57605,17.06055,2009,8,Sweden,MATERIAL_SAMPLE
61.57605,17.06055,2009,8,Sweden,MATERIAL_SAMPLE
61.57605,17.06055,2009,8,Sweden,MATERIAL_SAMPLE
61.648953,21.493416,2013,9,Finland,HUMAN_OBSERVATION
61.656041,21.429422,2013,9,Finland,HUMAN_OBSERVATION
61.656081,21.429529,2013,9,Finland,HUMAN_OBSERVATION
61.65614,21.429651,2013,9,Finland,HUMAN_OBSERVATION
61.656268,21.42993,2013,9,Finland,HUMAN_OBSERVATION
61.656396,21.430191,2013,9,Finland,HUMAN_OBSERVATION
61.656456,21.430332,2013,9,Finland,HUMAN_OBSERVATION
61.656533,21.430469,2013,9,Finland,HUMAN_OBSERVATION
61.678573,21.454959,2023,8,Finland,HUMAN_OBSERVATION
61.678837,21.455915,2023,8,Finland,HUMAN_OBSERVATION
61.678855,21.455476,2023,8,Finland,HUMAN_OBSERVATION
61.678937,21.455291,2023,8,Finland,HUMAN_OBSERVATION
61.679002,21.455772,2023,8,Finland,HUMAN_OBSERVATION
61.679115,21.457002,2023,8,Finland,HUMAN_OBSERVATION
61.679328,21.456698,2023,8,Finland,HUMAN_OBSERVATION
61.67946,21.457754,2023,8,Finland,HUMAN_OBSERVATION
61.679546,21.45808,2023,8,Finland,HUMAN_OBSERVATION
61.679562,21.458247,2023,8,Finland,HUMAN_OBSERVATION
61.679579,21.457581,2023,8,Finland,HUMAN_OBSERVATION
61.681963,21.422616,2013,9,Finland,HUMAN_OBSERVATION
61.682002,21.422685,2013,9,Finland,HUMAN_OBSERVATION
61.682111,21.42293,2013,9,Finland,HUMAN_OBSERVATION
61.702178,21.421079,2023,7,Finland,HUMAN_OBSERVATION
61.734108,21.546337,2018,8,Finland,HUMAN_OBSERVATION
61.747627,21.54392,2013,9,Finland,HUMAN_OBSERVATION
61.779874,21.415193,2013,9,Finland,HUMAN_OBSERVATION
61.77994,21.415047,2013,9,Finland,HUMAN_OBSERVATION
61.779973,21.414984,2013,9,Finland,HUMAN_OBSERVATION
61.780213,21.414466,2013,9,Finland,HUMAN_OBSERVATION
61.82191,21.476331,2013,9,Finland,HUMAN_OBSERVATION
61.821946,21.476324,2013,9,Finland,HUMAN_OBSERVATION
61.821999,21.476315,2013,9,Finland,HUMAN_OBSERVATION
61.822087,21.476261,2013,9,Finland,HUMAN_OBSERVATION
61.822177,21.476245,2013,9,Finland,HUMAN_OBSERVATION
61.822256,21.476211,2013,9,Finland,HUMAN_OBSERVATION
61.822354,21.476175,2013,9,Finland,HUMAN_OBSERVATION
61.822797,21.476,2013,9,Finland,HUMAN_OBSERVATION
61.850524,21.370205,2013,9,Finland,HUMAN_OBSERVATION
61.85084,21.370871,2013,9,Finland,HUMAN_OBSERVATION
61.884119,21.458932,2017,8,Finland,HUMAN_OBSERVATION
61.887874,21.457869,2017,8,Finland,HUMAN_OBSERVATION
61.919825,21.385644,2023,8,Finland,HUMAN_OBSERVATION
61.919897,21.385879,2023,8,Finland,HUMAN_OBSERVATION
61.920141,21.385662,2023,8,Finland,HUMAN_OBSERVATION
61.920386,21.386381,2023,8,Finland,HUMAN_OBSERVATION
61.921317,21.386248,2023,8,Finland,HUMAN_OBSERVATION
61.921429,21.383497,2023,8,Finland,HUMAN_OBSERVATION
61.92148,21.384958,2023,8,Finland,HUMAN_OBSERVATION
61.921531,21.385101,2023,8,Finland,HUMAN_OBSERVATION
61.921591,21.385262,2023,8,Finland,HUMAN_OBSERVATION
61.921622,21.385351,2023,8,Finland,HUMAN_OBSERVATION
61.921628,21.384396,2023,8,Finland,HUMAN_OBSERVATION
61.921642,21.385405,2023,8,Finland,HUMAN_OBSERVATION
61.940586,21.364014,2023,8,Finland,HUMAN_OBSERVATION
61.944646,21.380289,2023,8,Finland,HUMAN_OBSERVATION
61.945984,21.346867,2023,8,Finland,HUMAN_OBSERVATION
61.946902,21.34794,2023,8,Finland,HUMAN_OBSERVATION
62.227326,21.387817,2023,8,Finland,HUMAN_OBSERVATION
62.228094,21.388985,2023,8,Finland,HUMAN_OBSERVATION
62.401186,21.141289,2015,6,Finland,HUMAN_OBSERVATION
62.403535,21.134657,2015,6,Finland,HUMAN_OBSERVATION
62.601633,28.753599,2019,8,Finland,HUMAN_OBSERVATION
62.875901,21.143986,2018,7,Finland,HUMAN_OBSERVATION
62.87798,18.45655,2018,8,Sweden,MATERIAL_SAMPLE
62.931037,20.827884,2011,7,Finland,HUMAN_OBSERVATION
63.011598,20.75674,2015,8,Finland,HUMAN_OBSERVATION
63.011598,20.756958,2015,8,Finland,HUMAN_OBSERVATION
63.011601,20.757017,2015,8,Finland,HUMAN_OBSERVATION
63.016435,21.043762,2015,8,Finland,HUMAN_OBSERVATION
63.01648,21.041851,2015,8,Finland,HUMAN_OBSERVATION
63.016806,21.456699,2018,7,Finland,HUMAN_OBSERVATION
63.03753,20.913566,2015,8,Finland,HUMAN_OBSERVATION
63.037537,20.913525,2015,8,Finland,HUMAN_OBSERVATION
63.06947,20.85181,2013,8,Finland,HUMAN_OBSERVATION
63.069516,20.851224,2013,8,Finland,HUMAN_OBSERVATION
63.080706,20.845536,2013,8,Finland,HUMAN_OBSERVATION
63.089408,21.590912,2022,7,Finland,HUMAN_OBSERVATION
63.08944,21.591978,2022,7,Finland,HUMAN_OBSERVATION
63.089698,21.591195,2022,7,Finland,HUMAN_OBSERVATION
63.090259,21.591746,2022,7,Finland,HUMAN_OBSERVATION
63.090857,21.59092,2022,7,Finland,HUMAN_OBSERVATION
63.091262,21.590447,2022,7,Finland,HUMAN_OBSERVATION
63.09514,21.565794,2022,7,Finland,HUMAN_OBSERVATION
63.096062,21.562404,2022,7,Finland,HUMAN_OBSERVATION
63.104617,20.815847,2013,8,Finland,HUMAN_OBSERVATION
63.104641,20.815782,2013,8,Finland,HUMAN_OBSERVATION
63.104657,20.815739,2013,8,Finland,HUMAN_OBSERVATION
63.104658,20.815759,2013,8,Finland,HUMAN_OBSERVATION
63.104674,20.815715,2013,8,Finland,HUMAN_OBSERVATION
63.104681,20.815674,2013,8,Finland,HUMAN_OBSERVATION
63.10503,21.463035,2013,9,Finland,HUMAN_OBSERVATION
63.105107,21.46294,2013,9,Finland,HUMAN_OBSERVATION
63.105185,21.462846,2013,9,Finland,HUMAN_OBSERVATION
63.105262,21.462752,2013,9,Finland,HUMAN_OBSERVATION
63.105339,21.462658,2013,9,Finland,HUMAN_OBSERVATION
63.113776,21.290747,2012,9,Finland,HUMAN_OBSERVATION
63.113843,21.290396,2012,9,Finland,HUMAN_OBSERVATION
63.113872,21.290211,2012,9,Finland,HUMAN_OBSERVATION
63.113967,21.289676,2012,9,Finland,HUMAN_OBSERVATION
63.114025,21.289327,2012,9,Finland,HUMAN_OBSERVATION
63.151191,21.446487,2013,9,Finland,HUMAN_OBSERVATION
63.151211,21.446304,2013,9,Finland,HUMAN_OBSERVATION
63.151241,21.44592,2013,9,Finland,HUMAN_OBSERVATION
63.158345,21.426304,2013,8,Finland,HUMAN_OBSERVATION
63.158388,21.426256,2013,8,Finland,HUMAN_OBSERVATION
63.158404,21.426213,2013,8,Finland,HUMAN_OBSERVATION
63.158439,21.426186,2013,8,Finland,HUMAN_OBSERVATION
63.158456,21.426143,2013,8,Finland,HUMAN_OBSERVATION
63.164235,21.454815,2012,7,Finland,HUMAN_OBSERVATION
63.164252,21.454792,2012,7,Finland,HUMAN_OBSERVATION
63.189117,21.484016,2013,8,Finland,HUMAN_OBSERVATION
63.189142,21.48421,2013,8,Finland,HUMAN_OBSERVATION
63.189184,21.484581,2013,8,Finland,HUMAN_OBSERVATION
63.189597,21.484801,2012,9,Finland,HUMAN_OBSERVATION
63.189654,21.484412,2012,9,Finland,HUMAN_OBSERVATION
63.189683,21.484227,2012,9,Finland,HUMAN_OBSERVATION
63.189777,21.483651,2012,9,Finland,HUMAN_OBSERVATION
63.190086,21.460178,2012,7,Finland,HUMAN_OBSERVATION
63.207961,21.100206,2018,6,Finland,HUMAN_OBSERVATION
63.224649,21.500967,2012,7,Finland,HUMAN_OBSERVATION
63.234579,21.093164,2018,6,Finland,HUMAN_OBSERVATION
63.249847,21.453989,2012,7,Finland,HUMAN_OBSERVATION
63.258224,21.08326,2018,6,Finland,HUMAN_OBSERVATION
63.262764,21.449425,2012,7,Finland,HUMAN_OBSERVATION
63.288236,21.190619,2022,7,Finland,HUMAN_OBSERVATION
63.297163,22.245121,2013,8,Finland,HUMAN_OBSERVATION
63.322987,21.482118,2012,7,Finland,HUMAN_OBSERVATION
63.324883,22.171216,2013,7,Finland,HUMAN_OBSERVATION
63.330729,22.06373,2013,9,Finland,HUMAN_OBSERVATION
63.331349,22.063964,2013,9,Finland,HUMAN_OBSERVATION
63.337514,22.129342,2013,8,Finland,HUMAN_OBSERVATION
63.338603,22.159703,2013,8,Finland,HUMAN_OBSERVATION
63.342129,22.220126,2013,7,Finland,HUMAN_OBSERVATION
63.342629,22.341009,2013,9,Finland,HUMAN_OBSERVATION
63.342805,22.34034,2013,9,Finland,HUMAN_OBSERVATION
63.342854,22.340191,2013,9,Finland,HUMAN_OBSERVATION
63.34308,22.31119,2013,8,Finland,HUMAN_OBSERVATION
63.347744,22.214587,2013,9,Finland,HUMAN_OBSERVATION
63.347863,22.214667,2013,9,Finland,HUMAN_OBSERVATION
63.35057,22.228313,2013,7,Finland,HUMAN_OBSERVATION
63.35088,22.230324,2013,7,Finland,HUMAN_OBSERVATION
63.356614,22.149797,2013,7,Finland,HUMAN_OBSERVATION
63.359313,21.108775,2016,8,Finland,HUMAN_OBSERVATION
63.365046,22.135951,2013,7,Finland,HUMAN_OBSERVATION
63.367617,22.198731,2013,7,Finland,HUMAN_OBSERVATION
63.368119,22.26669,2013,8,Finland,HUMAN_OBSERVATION
63.369296,22.265574,2013,9,Finland,HUMAN_OBSERVATION
63.369298,22.265073,2013,9,Finland,HUMAN_OBSERVATION
63.369301,22.265453,2013,9,Finland,HUMAN_OBSERVATION
63.369303,22.265232,2013,9,Finland,HUMAN_OBSERVATION
63.369304,22.265553,2013,9,Finland,HUMAN_OBSERVATION
63.371554,22.110879,2013,7,Finland,HUMAN_OBSERVATION
63.372536,22.256724,2013,8,Finland,HUMAN_OBSERVATION
63.372601,22.256773,2013,8,Finland,HUMAN_OBSERVATION
63.376312,22.153523,2013,7,Finland,HUMAN_OBSERVATION
63.376367,21.824916,2015,6,Finland,HUMAN_OBSERVATION
63.377018,22.102872,2013,7,Finland,HUMAN_OBSERVATION
63.383335,22.151875,2013,7,Finland,HUMAN_OBSERVATION
63.385102,22.172688,2013,7,Finland,HUMAN_OBSERVATION
63.386431,21.604121,2015,8,Finland,HUMAN_OBSERVATION
63.386461,21.603955,2015,8,Finland,HUMAN_OBSERVATION
63.386498,21.603767,2015,8,Finland,HUMAN_OBSERVATION
63.386506,21.603725,2015,8,Finland,HUMAN_OBSERVATION
63.38652,21.603622,2015,8,Finland,HUMAN_OBSERVATION
63.386527,21.603581,2015,8,Finland,HUMAN_OBSERVATION
63.386535,21.603539,2015,8,Finland,HUMAN_OBSERVATION
63.38655,21.603476,2015,8,Finland,HUMAN_OBSERVATION
63.388419,22.084743,2013,7,Finland,HUMAN_OBSERVATION
63.390947,21.515728,2015,8,Finland,HUMAN_OBSERVATION
63.392003,22.131498,2013,7,Finland,HUMAN_OBSERVATION
63.3972,22.072806,2013,7,Finland,HUMAN_OBSERVATION
63.40962,20.02385,2006,8,Sweden,MATERIAL_SAMPLE
63.40962,20.02385,2006,8,Sweden,MATERIAL_SAMPLE
63.40962,20.02385,2006,8,Sweden,MATERIAL_SAMPLE
63.40962,20.02385,2006,8,Sweden,MATERIAL_SAMPLE
63.40962,20.02385,2006,8,Sweden,MATERIAL_SAMPLE
63.40974,20.02408,2006,8,Sweden,HUMAN_OBSERVATION
63.40989,20.02427,2006,8,Sweden,HUMAN_OBSERVATION
63.41018,20.02453,2006,8,Sweden,HUMAN_OBSERVATION
63.41024,19.48693,2007,8,Sweden,HUMAN_OBSERVATION
63.4105,19.48895,2007,8,Sweden,MATERIAL_SAMPLE
63.41052,20.02473,2006,8,Sweden,HUMAN_OBSERVATION
63.41199,20.02854,2006,8,Sweden,HUMAN_OBSERVATION
63.41407,19.52393,2007,8,Sweden,MATERIAL_SAMPLE
63.41445,19.5227,2007,8,Sweden,HUMAN_OBSERVATION
63.415087,22.168659,2013,7,Finland,HUMAN_OBSERVATION
63.4154,19.44755,2007,8,Sweden,MATERIAL_SAMPLE
63.41621,19.44928,2007,8,Sweden,HUMAN_OBSERVATION
63.419498,22.201296,2013,9,Finland,HUMAN_OBSERVATION
63.419502,22.201155,2013,9,Finland,HUMAN_OBSERVATION
63.42437,19.55407,2007,9,Sweden,MATERIAL_SAMPLE
63.42455,19.55378,2007,9,Sweden,HUMAN_OBSERVATION
63.425033,21.831161,2019,7,Finland,HUMAN_OBSERVATION
63.42673,20.03725,2006,8,Sweden,MATERIAL_SAMPLE
63.42673,20.03725,2006,8,Sweden,MATERIAL_SAMPLE
63.42673,20.03725,2006,8,Sweden,MATERIAL_SAMPLE
63.42673,20.03725,2006,8,Sweden,MATERIAL_SAMPLE
63.42673,20.03725,2006,8,Sweden,MATERIAL_SAMPLE
63.42673,20.03725,2006,8,Sweden,MATERIAL_SAMPLE
63.42673,20.03725,2006,8,Sweden,MATERIAL_SAMPLE
63.42673,20.03725,2006,8,Sweden,MATERIAL_SAMPLE
63.42673,20.03725,2006,8,Sweden,MATERIAL_SAMPLE
63.42673,20.03725,2006,8,Sweden,MATERIAL_SAMPLE
63.42673,20.03725,2006,8,Sweden,MATERIAL_SAMPLE
63.42673,20.03725,2006,8,Sweden,MATERIAL_SAMPLE
63.42673,20.03725,2006,8,Sweden,MATERIAL_SAMPLE
63.42673,20.03725,2006,8,Sweden,MATERIAL_SAMPLE
63.42673,20.03725,2006,8,Sweden,MATERIAL_SAMPLE
63.42673,20.03725,2006,8,Sweden,MATERIAL_SAMPLE
63.42673,20.03725,2006,8,Sweden,MATERIAL_SAMPLE
63.42673,20.03725,2006,8,Sweden,MATERIAL_SAMPLE
63.42673,20.03725,2006,8,Sweden,MATERIAL_SAMPLE
63.42673,20.03725,2006,8,Sweden,MATERIAL_SAMPLE
63.42673,20.03725,2006,8,Sweden,MATERIAL_SAMPLE
63.42685,20.03724,2006,8,Sweden,HUMAN_OBSERVATION
63.42702,20.03716,2006,8,Sweden,HUMAN_OBSERVATION
63.42707,19.41502,2007,9,Sweden,HUMAN_OBSERVATION
63.4271,19.41495,2007,9,Sweden,MATERIAL_SAMPLE
63.42714,20.03701,2006,8,Sweden,HUMAN_OBSERVATION
63.42761,20.03691,2006,8,Sweden,HUMAN_OBSERVATION
63.42783,20.03669,2006,8,Sweden,HUMAN_OBSERVATION
63.42799,20.03647,2006,8,Sweden,HUMAN_OBSERVATION
63.42811,20.03634,2006,8,Sweden,HUMAN_OBSERVATION
63.42821,20.03633,2006,8,Sweden,HUMAN_OBSERVATION
63.42834,20.03632,2006,8,Sweden,HUMAN_OBSERVATION
63.42848,20.0362,2006,8,Sweden,HUMAN_OBSERVATION
63.42862,20.03609,2006,8,Sweden,HUMAN_OBSERVATION
63.42876,20.03617,2006,8,Sweden,HUMAN_OBSERVATION
63.42886,20.03637,2006,8,Sweden,HUMAN_OBSERVATION
63.42893,20.03664,2006,8,Sweden,HUMAN_OBSERVATION
63.42905,20.03692,2006,8,Sweden,HUMAN_OBSERVATION
63.42923,20.03716,2006,8,Sweden,HUMAN_OBSERVATION
63.4294,20.03734,2006,8,Sweden,HUMAN_OBSERVATION
63.42955,20.03752,2006,8,Sweden,HUMAN_OBSERVATION
63.42973,20.03769,2006,8,Sweden,HUMAN_OBSERVATION
63.42975,20.03773,2006,9,Sweden,HUMAN_OBSERVATION
63.42991,20.03786,2006,8,Sweden,HUMAN_OBSERVATION
63.43039,20.03821,2006,9,Sweden,MATERIAL_SAMPLE
63.43044,20.03811,2006,8,Sweden,HUMAN_OBSERVATION
63.43805,19.82899,2006,9,Sweden,HUMAN_OBSERVATION
63.43808,19.8296,2006,9,Sweden,MATERIAL_SAMPLE
63.4403,19.34497,2007,8,Sweden,MATERIAL_SAMPLE
63.44038,19.34394,2007,8,Sweden,HUMAN_OBSERVATION
63.44052,19.41973,2007,8,Sweden,MATERIAL_SAMPLE
63.44061,19.41885,2007,8,Sweden,HUMAN_OBSERVATION
63.44465,19.39331,2007,8,Sweden,HUMAN_OBSERVATION
63.44482,19.39447,2007,8,Sweden,MATERIAL_SAMPLE
63.448598,21.161273,2016,8,Finland,HUMAN_OBSERVATION
63.449384,21.055447,2016,8,Finland,HUMAN_OBSERVATION
63.458213,21.12315,2016,8,Finland,HUMAN_OBSERVATION
63.466905,21.746893,2012,8,Finland,HUMAN_OBSERVATION
63.47587,19.87365,2006,9,Sweden,MATERIAL_SAMPLE
63.47587,19.87365,2006,9,Sweden,MATERIAL_SAMPLE
63.47633,19.87446,2006,9,Sweden,HUMAN_OBSERVATION
63.4765,19.87465,2006,9,Sweden,HUMAN_OBSERVATION
63.4816,19.77552,2006,8,Sweden,HUMAN_OBSERVATION
63.48188,19.94695,2006,8,Sweden,MATERIAL_SAMPLE
63.48209,19.77453,2006,8,Sweden,HUMAN_OBSERVATION
63.48238,19.7738,2006,8,Sweden,MATERIAL_SAMPLE
63.48238,19.7738,2006,8,Sweden,MATERIAL_SAMPLE
63.48299,19.94668,2006,8,Sweden,HUMAN_OBSERVATION
63.48856,19.86313,2006,8,Sweden,HUMAN_OBSERVATION
63.48866,19.863,2006,8,Sweden,HUMAN_OBSERVATION
63.48876,19.86278,2006,8,Sweden,HUMAN_OBSERVATION
63.48914,19.86032,2006,8,Sweden,HUMAN_OBSERVATION
63.48978,19.85587,2006,8,Sweden,MATERIAL_SAMPLE
63.48978,19.85587,2006,8,Sweden,MATERIAL_SAMPLE
63.48978,19.85587,2006,8,Sweden,MATERIAL_SAMPLE
63.48978,19.85587,2006,8,Sweden,MATERIAL_SAMPLE
63.49967,19.819,2019,8,Sweden,MATERIAL_SAMPLE
63.49967,19.819,2019,8,Sweden,MATERIAL_SAMPLE
63.49967,19.819,2019,8,Sweden,MATERIAL_SAMPLE
63.49967,19.819,2019,8,Sweden,MATERIAL_SAMPLE
63.49967,19.82017,2019,12,Sweden,MATERIAL_SAMPLE
63.50253,19.85195,2006,8,Sweden,MATERIAL_SAMPLE
63.50271,19.85239,2006,8,Sweden,HUMAN_OBSERVATION
63.512169,22.1666,2016,7,Finland,HUMAN_OBSERVATION
63.51771,19.88393,2006,9,Sweden,HUMAN_OBSERVATION
63.5179,19.88431,2006,9,Sweden,HUMAN_OBSERVATION
63.518,19.88453,2006,9,Sweden,MATERIAL_SAMPLE
63.518,19.88453,2006,9,Sweden,MATERIAL_SAMPLE
63.518097,22.149078,2016,7,Finland,HUMAN_OBSERVATION
63.5201,19.7762,2006,8,Sweden,HUMAN_OBSERVATION
63.52015,19.7765,2006,8,Sweden,HUMAN_OBSERVATION
63.52023,19.77687,2006,8,Sweden,HUMAN_OBSERVATION
63.52078,19.77932,2006,8,Sweden,HUMAN_OBSERVATION
63.52275,19.77965,2006,8,Sweden,MATERIAL_SAMPLE
63.52275,19.77965,2006,8,Sweden,MATERIAL_SAMPLE
63.52275,19.77965,2006,8,Sweden,MATERIAL_SAMPLE
63.52275,19.77965,2006,8,Sweden,MATERIAL_SAMPLE
63.52359,19.77431,2006,9,Sweden,HUMAN_OBSERVATION
63.52362,19.7745,2006,9,Sweden,HUMAN_OBSERVATION
63.52364,19.7747,2006,9,Sweden,HUMAN_OBSERVATION
63.5238,19.7762,2006,9,Sweden,MATERIAL_SAMPLE
63.5238,19.7762,2006,9,Sweden,MATERIAL_SAMPLE
63.5238,19.7762,2006,9,Sweden,MATERIAL_SAMPLE
63.525,19.80933,2019,1,Sweden,MATERIAL_SAMPLE
63.53779,19.96017,2006,9,Sweden,MATERIAL_SAMPLE
63.53874,19.96103,2006,9,Sweden,HUMAN_OBSERVATION
63.54887,20.00704,2006,8,Sweden,HUMAN_OBSERVATION
63.54896,20.00684,2006,8,Sweden,HUMAN_OBSERVATION
63.54932,20.00617,2006,8,Sweden,MATERIAL_SAMPLE
63.54932,20.00617,2006,8,Sweden,MATERIAL_SAMPLE
63.57703,20.80687,2007,8,Sweden,MATERIAL_SAMPLE
63.57703,20.80687,2007,8,Sweden,MATERIAL_SAMPLE
63.57703,20.80687,2007,8,Sweden,MATERIAL_SAMPLE
63.57703,20.80687,2007,8,Sweden,MATERIAL_SAMPLE
63.57703,20.80687,2007,8,Sweden,MATERIAL_SAMPLE
63.57708,20.80689,2007,8,Sweden,HUMAN_OBSERVATION
63.57716,20.8069,2007,8,Sweden,HUMAN_OBSERVATION
63.5772,20.80693,2007,8,Sweden,HUMAN_OBSERVATION
63.57723,20.8069,2007,8,Sweden,HUMAN_OBSERVATION
63.57724,20.80694,2007,8,Sweden,HUMAN_OBSERVATION
63.57743,20.80702,2007,8,Sweden,HUMAN_OBSERVATION
63.57757,20.80687,2007,8,Sweden,HUMAN_OBSERVATION
63.57835,20.80763,2007,8,Sweden,HUMAN_OBSERVATION
63.57873,20.80902,2007,8,Sweden,MATERIAL_SAMPLE
63.57873,20.80902,2007,8,Sweden,MATERIAL_SAMPLE
63.57873,20.80902,2007,8,Sweden,MATERIAL_SAMPLE
63.61311,20.83498,2007,8,Sweden,HUMAN_OBSERVATION
63.61425,20.83533,2007,8,Sweden,MATERIAL_SAMPLE
63.618849,22.358332,2023,8,Finland,HUMAN_OBSERVATION
63.618939,22.358358,2023,8,Finland,HUMAN_OBSERVATION
63.619572,22.358457,2023,8,Finland,HUMAN_OBSERVATION
63.619662,22.358462,2023,8,Finland,HUMAN_OBSERVATION
63.6291,20.7884,2007,8,Sweden,HUMAN_OBSERVATION
63.63037,20.78898,2007,8,Sweden,MATERIAL_SAMPLE
63.63037,20.78898,2007,8,Sweden,MATERIAL_SAMPLE
63.63037,20.78898,2007,8,Sweden,MATERIAL_SAMPLE
63.63037,20.78898,2007,8,Sweden,MATERIAL_SAMPLE
63.63037,20.78898,2007,8,Sweden,MATERIAL_SAMPLE
63.63037,20.78898,2007,8,Sweden,MATERIAL_SAMPLE
63.6304,20.78905,2007,8,Sweden,HUMAN_OBSERVATION
63.63054,20.7893,2007,8,Sweden,HUMAN_OBSERVATION
63.63068,20.78955,2007,8,Sweden,HUMAN_OBSERVATION
63.63075,20.78968,2007,8,Sweden,HUMAN_OBSERVATION
63.63089,20.78994,2007,8,Sweden,HUMAN_OBSERVATION
63.63096,20.79007,2007,8,Sweden,HUMAN_OBSERVATION
63.63103,20.78997,2007,8,Sweden,MATERIAL_SAMPLE
63.641684,22.477024,2023,8,Finland,HUMAN_OBSERVATION
63.641703,22.477041,2023,8,Finland,HUMAN_OBSERVATION
63.641731,22.477077,2023,8,Finland,HUMAN_OBSERVATION
63.641909,22.477312,2023,8,Finland,HUMAN_OBSERVATION
63.642012,22.477437,2023,8,Finland,HUMAN_OBSERVATION
63.642087,22.477526,2023,8,Finland,HUMAN_OBSERVATION
63.642133,22.477579,2023,8,Finland,HUMAN_OBSERVATION
63.6606,20.79883,2007,8,Sweden,MATERIAL_SAMPLE
63.66269,20.80084,2007,8,Sweden,HUMAN_OBSERVATION
63.66469,20.88288,2007,8,Sweden,HUMAN_OBSERVATION
63.66625,20.8851,2007,8,Sweden,MATERIAL_SAMPLE
63.672478,22.522887,2023,8,Finland,HUMAN_OBSERVATION
63.672543,22.52237,2023,8,Finland,HUMAN_OBSERVATION
63.672559,22.522307,2023,8,Finland,HUMAN_OBSERVATION
63.672565,22.522205,2023,8,Finland,HUMAN_OBSERVATION
63.672594,22.521998,2023,8,Finland,HUMAN_OBSERVATION
63.672615,22.521812,2023,8,Finland,HUMAN_OBSERVATION
63.672666,22.52142,2023,8,Finland,HUMAN_OBSERVATION
63.672696,22.521233,2023,8,Finland,HUMAN_OBSERVATION
63.6806,20.9395,2007,8,Sweden,HUMAN_OBSERVATION
63.68066,20.93957,2007,8,Sweden,HUMAN_OBSERVATION
63.68228,20.94358,2007,8,Sweden,MATERIAL_SAMPLE
63.68228,20.94358,2007,8,Sweden,MATERIAL_SAMPLE
63.69591,20.85876,2007,8,Sweden,HUMAN_OBSERVATION
63.69595,20.85918,2007,8,Sweden,HUMAN_OBSERVATION
63.69613,20.86113,2007,8,Sweden,MATERIAL_SAMPLE
63.69613,20.86113,2007,8,Sweden,MATERIAL_SAMPLE
63.712255,22.560019,2023,8,Finland,HUMAN_OBSERVATION
63.712352,22.559659,2023,8,Finland,HUMAN_OBSERVATION
63.712384,22.559552,2023,8,Finland,HUMAN_OBSERVATION
63.712433,22.559382,2023,8,Finland,HUMAN_OBSERVATION
63.712465,22.559256,2023,8,Finland,HUMAN_OBSERVATION
63.71253,22.559023,2023,8,Finland,HUMAN_OBSERVATION
63.712538,22.558981,2023,8,Finland,HUMAN_OBSERVATION
63.72012,20.83575,2007,8,Sweden,MATERIAL_SAMPLE
63.72012,20.83575,2007,8,Sweden,MATERIAL_SAMPLE
63.72027,20.83551,2007,8,Sweden,HUMAN_OBSERVATION
63.72152,20.83554,2007,8,Sweden,HUMAN_OBSERVATION
63.77828,20.96637,2007,8,Sweden,HUMAN_OBSERVATION
63.77857,20.96672,2007,8,Sweden,MATERIAL_SAMPLE
63.7907,20.66269,2007,8,Sweden,HUMAN_OBSERVATION
63.79133,20.66213,2007,8,Sweden,MATERIAL_SAMPLE
63.82054,20.93762,2007,8,Sweden,HUMAN_OBSERVATION
63.822,20.93877,2007,8,Sweden,MATERIAL_SAMPLE
63.834775,23.012362,2018,8,Finland,HUMAN_OBSERVATION
63.83485,23.012474,2018,8,Finland,HUMAN_OBSERVATION
63.834933,23.012564,2018,8,Finland,HUMAN_OBSERVATION
63.840897,23.026443,2013,8,Finland,OCCURRENCE
63.840897,23.026443,2013,8,Finland,OCCURRENCE
63.840897,23.026443,2013,8,Finland,OCCURRENCE
63.840897,23.026443,2013,8,Finland,OCCURRENCE
63.845897,23.017387,2013,8,Finland,OCCURRENCE
63.845897,23.017387,2013,8,Finland,OCCURRENCE
63.845897,23.017387,2013,8,Finland,OCCURRENCE
63.847294,22.994174,2018,8,Finland,HUMAN_OBSERVATION
63.847306,22.994274,2018,8,Finland,HUMAN_OBSERVATION
63.847318,22.994374,2018,8,Finland,HUMAN_OBSERVATION
63.84735,22.994573,2018,8,Finland,HUMAN_OBSERVATION
63.847429,22.995152,2018,8,Finland,HUMAN_OBSERVATION
63.847474,22.995452,2018,8,Finland,HUMAN_OBSERVATION
63.847485,22.995531,2018,8,Finland,HUMAN_OBSERVATION
63.847529,22.995831,2018,8,Finland,HUMAN_OBSERVATION
63.847553,22.996031,2018,8,Finland,HUMAN_OBSERVATION
63.856924,22.966217,2018,8,Finland,HUMAN_OBSERVATION
63.863247,22.821566,2023,8,Finland,HUMAN_OBSERVATION
63.863429,22.821641,2023,8,Finland,HUMAN_OBSERVATION
63.866399,22.993427,2018,8,Finland,HUMAN_OBSERVATION
63.866437,22.993483,2018,8,Finland,HUMAN_OBSERVATION
63.866474,22.993539,2018,8,Finland,HUMAN_OBSERVATION
63.866512,22.993595,2018,8,Finland,HUMAN_OBSERVATION
63.866549,22.993651,2018,8,Finland,HUMAN_OBSERVATION
63.866605,22.993724,2018,8,Finland,HUMAN_OBSERVATION
63.866633,22.993741,2018,8,Finland,HUMAN_OBSERVATION
63.866708,22.993852,2018,8,Finland,HUMAN_OBSERVATION
63.866745,22.993908,2018,8,Finland,HUMAN_OBSERVATION
63.866783,22.993964,2018,8,Finland,HUMAN_OBSERVATION
63.86682,22.993999,2018,8,Finland,HUMAN_OBSERVATION
63.866866,22.994054,2018,8,Finland,HUMAN_OBSERVATION
63.866904,22.994109,2018,8,Finland,HUMAN_OBSERVATION
63.866913,22.994128,2018,8,Finland,HUMAN_OBSERVATION
63.866941,22.994165,2018,8,Finland,HUMAN_OBSERVATION
63.867016,22.994277,2018,8,Finland,HUMAN_OBSERVATION
63.878562,22.951917,2018,8,Finland,HUMAN_OBSERVATION
63.878743,22.95291,2018,8,Finland,HUMAN_OBSERVATION
63.878775,22.953089,2018,8,Finland,HUMAN_OBSERVATION
63.878816,22.953287,2018,8,Finland,HUMAN_OBSERVATION
63.878848,22.953466,2018,8,Finland,HUMAN_OBSERVATION
63.889557,22.945905,2018,9,Finland,HUMAN_OBSERVATION
63.889646,22.945872,2018,9,Finland,HUMAN_OBSERVATION
63.889735,22.945839,2018,9,Finland,HUMAN_OBSERVATION
63.889824,22.945806,2018,9,Finland,HUMAN_OBSERVATION
63.889913,22.945772,2018,9,Finland,HUMAN_OBSERVATION
63.890001,22.945719,2018,9,Finland,HUMAN_OBSERVATION
63.89009,22.945686,2018,9,Finland,HUMAN_OBSERVATION
63.890179,22.945652,2018,9,Finland,HUMAN_OBSERVATION
63.890961,22.941501,2018,9,Finland,HUMAN_OBSERVATION
63.891029,22.941368,2018,9,Finland,HUMAN_OBSERVATION
63.891098,22.941236,2018,9,Finland,HUMAN_OBSERVATION
63.891165,22.941084,2018,9,Finland,HUMAN_OBSERVATION
63.891224,22.940953,2018,9,Finland,HUMAN_OBSERVATION
63.891293,22.94082,2018,9,Finland,HUMAN_OBSERVATION
63.89136,22.940668,2018,9,Finland,HUMAN_OBSERVATION
63.891428,22.940536,2018,9,Finland,HUMAN_OBSERVATION
63.891496,22.940383,2018,9,Finland,HUMAN_OBSERVATION
63.89153,22.940317,2018,9,Finland,HUMAN_OBSERVATION
63.891555,22.940252,2018,9,Finland,HUMAN_OBSERVATION
63.891573,22.940229,2018,9,Finland,HUMAN_OBSERVATION
63.898093,22.763061,2023,8,Finland,HUMAN_OBSERVATION
63.90947,22.832541,2023,8,Finland,HUMAN_OBSERVATION
63.909514,22.832515,2023,8,Finland,HUMAN_OBSERVATION
63.909637,22.832435,2023,8,Finland,HUMAN_OBSERVATION
63.909858,22.8323,2023,8,Finland,HUMAN_OBSERVATION
63.909911,22.832251,2023,8,Finland,HUMAN_OBSERVATION
63.909973,22.832222,2023,8,Finland,HUMAN_OBSERVATION
63.910026,22.832193,2023,8,Finland,HUMAN_OBSERVATION
63.91007,22.832166,2023,8,Finland,HUMAN_OBSERVATION
63.910087,22.832143,2023,8,Finland,HUMAN_OBSERVATION
63.910141,22.832115,2023,8,Finland,HUMAN_OBSERVATION
63.910167,22.832091,2023,8,Finland,HUMAN_OBSERVATION
63.910185,22.832088,2023,8,Finland,HUMAN_OBSERVATION
63.910202,22.832065,2023,8,Finland,HUMAN_OBSERVATION
63.910264,22.832036,2023,8,Finland,HUMAN_OBSERVATION
63.914091,22.959608,2016,6,Finland,HUMAN_OBSERVATION
63.91417,22.959535,2016,6,Finland,HUMAN_OBSERVATION
63.914258,22.959482,2016,6,Finland,HUMAN_OBSERVATION
63.914346,22.959408,2016,6,Finland,HUMAN_OBSERVATION
63.914434,22.959354,2016,6,Finland,HUMAN_OBSERVATION
63.914452,22.959332,2016,6,Finland,HUMAN_OBSERVATION
63.929311,23.257213,2023,8,Finland,HUMAN_OBSERVATION
63.929403,23.257282,2023,8,Finland,HUMAN_OBSERVATION
63.929458,23.257316,2023,8,Finland,HUMAN_OBSERVATION
63.929549,23.257385,2023,8,Finland,HUMAN_OBSERVATION
63.929614,23.257438,2023,8,Finland,HUMAN_OBSERVATION
63.929641,23.257455,2023,8,Finland,HUMAN_OBSERVATION
63.929668,23.257471,2023,8,Finland,HUMAN_OBSERVATION
63.929714,23.257506,2023,8,Finland,HUMAN_OBSERVATION
63.936167,22.826629,2016,6,Finland,HUMAN_OBSERVATION
63.938909,23.115324,2018,8,Finland,HUMAN_OBSERVATION
63.939044,23.115693,2018,8,Finland,HUMAN_OBSERVATION
63.939103,23.115849,2018,8,Finland,HUMAN_OBSERVATION
63.939161,23.116004,2018,8,Finland,HUMAN_OBSERVATION
63.939219,23.116159,2018,8,Finland,HUMAN_OBSERVATION
63.939277,23.116315,2018,8,Finland,HUMAN_OBSERVATION
63.939335,23.11647,2018,8,Finland,HUMAN_OBSERVATION
63.939393,23.116626,2018,8,Finland,HUMAN_OBSERVATION
63.939451,23.116781,2018,8,Finland,HUMAN_OBSERVATION
63.939509,23.116936,2018,8,Finland,HUMAN_OBSERVATION
63.939567,23.117092,2018,8,Finland,HUMAN_OBSERVATION
63.939654,23.117325,2018,8,Finland,HUMAN_OBSERVATION
63.975094,23.293569,2023,8,Finland,HUMAN_OBSERVATION
63.975107,23.293731,2023,8,Finland,HUMAN_OBSERVATION
63.975118,23.293791,2023,8,Finland,HUMAN_OBSERVATION
63.975118,23.293812,2023,8,Finland,HUMAN_OBSERVATION
63.975129,23.293872,2023,8,Finland,HUMAN_OBSERVATION
63.975141,23.293993,2023,8,Finland,HUMAN_OBSERVATION
63.975152,23.294093,2023,8,Finland,HUMAN_OBSERVATION
63.975177,23.294336,2023,8,Finland,HUMAN_OBSERVATION
63.975178,23.294397,2023,8,Finland,HUMAN_OBSERVATION
64.19819,23.673778,2017,9,Finland,HUMAN_OBSERVATION
64.20014,23.66202,2023,8,Finland,HUMAN_OBSERVATION
64.205922,23.564724,2023,8,Finland,HUMAN_OBSERVATION
64.205988,23.56486,2023,8,Finland,HUMAN_OBSERVATION
64.206054,23.564976,2023,8,Finland,HUMAN_OBSERVATION
64.206327,23.565519,2023,8,Finland,HUMAN_OBSERVATION
64.213398,23.545398,2017,6,Finland,HUMAN_OBSERVATION
64.217108,23.639224,2017,9,Finland,HUMAN_OBSERVATION
64.217185,23.639091,2017,9,Finland,HUMAN_OBSERVATION
64.217246,23.63898,2017,9,Finland,HUMAN_OBSERVATION
64.217315,23.638848,2017,9,Finland,HUMAN_OBSERVATION
64.217383,23.638716,2017,9,Finland,HUMAN_OBSERVATION
64.217452,23.638584,2017,9,Finland,HUMAN_OBSERVATION
64.217521,23.638472,2017,9,Finland,HUMAN_OBSERVATION
64.21759,23.63834,2017,9,Finland,HUMAN_OBSERVATION
64.217668,23.638207,2017,9,Finland,HUMAN_OBSERVATION
64.217737,23.638075,2017,9,Finland,HUMAN_OBSERVATION
64.217771,23.637988,2017,9,Finland,HUMAN_OBSERVATION
64.237553,23.606189,2017,6,Finland,HUMAN_OBSERVATION
64.24229,23.630733,2017,6,Finland,HUMAN_OBSERVATION
64.315959,23.499319,2023,8,Finland,HUMAN_OBSERVATION
64.315999,23.499127,2023,8,Finland,HUMAN_OBSERVATION
64.316031,23.498937,2023,8,Finland,HUMAN_OBSERVATION
64.316062,23.498747,2023,8,Finland,HUMAN_OBSERVATION
64.316102,23.498555,2023,8,Finland,HUMAN_OBSERVATION
64.316134,23.498386,2023,8,Finland,HUMAN_OBSERVATION
64.316166,23.498195,2023,8,Finland,HUMAN_OBSERVATION
64.316206,23.498004,2023,8,Finland,HUMAN_OBSERVATION
64.316237,23.497814,2023,8,Finland,HUMAN_OBSERVATION
64.583089,24.363432,2019,9,Finland,HUMAN_OBSERVATION
64.668119,24.403843,2016,7,Finland,HUMAN_OBSERVATION
64.66817,24.404174,2016,7,Finland,HUMAN_OBSERVATION
64.668314,24.404202,2016,7,Finland,HUMAN_OBSERVATION
64.671377,24.346093,2019,7,Finland,HUMAN_OBSERVATION
64.671434,24.371411,2019,7,Finland,HUMAN_OBSERVATION
64.673156,24.352691,2019,7,Finland,HUMAN_OBSERVATION
64.673548,24.342485,2019,7,Finland,HUMAN_OBSERVATION
64.675297,24.345878,2019,7,Finland,HUMAN_OBSERVATION
64.675343,24.361493,2019,7,Finland,HUMAN_OBSERVATION
64.676434,24.375854,2019,7,Finland,HUMAN_OBSERVATION
64.676932,24.361988,2019,7,Finland,HUMAN_OBSERVATION
64.678634,24.370294,2019,7,Finland,HUMAN_OBSERVATION
64.68165,24.345612,2023,8,Finland,HUMAN_OBSERVATION
64.681814,24.345743,2023,8,Finland,HUMAN_OBSERVATION
64.681896,24.345819,2023,8,Finland,HUMAN_OBSERVATION
64.681987,24.345894,2023,8,Finland,HUMAN_OBSERVATION
64.682069,24.34597,2023,8,Finland,HUMAN_OBSERVATION
64.682151,24.346025,2023,8,Finland,HUMAN_OBSERVATION
64.685736,24.382924,2023,8,Finland,HUMAN_OBSERVATION
64.685759,24.382733,2023,8,Finland,HUMAN_OBSERVATION
64.685782,24.382521,2023,8,Finland,HUMAN_OBSERVATION
64.685806,24.38233,2023,8,Finland,HUMAN_OBSERVATION
64.685829,24.382139,2023,8,Finland,HUMAN_OBSERVATION
64.694569,24.343991,2019,7,Finland,HUMAN_OBSERVATION
64.699002,24.411755,2019,7,Finland,HUMAN_OBSERVATION
64.706072,24.379826,2019,7,Finland,HUMAN_OBSERVATION
64.70611,24.379906,2019,7,Finland,HUMAN_OBSERVATION
64.716127,24.493328,2016,7,Finland,HUMAN_OBSERVATION
64.826209,24.566533,2019,8,Finland,HUMAN_OBSERVATION
64.834546,24.592751,2019,8,Finland,HUMAN_OBSERVATION
64.916895,25.154547,2019,7,Finland,HUMAN_OBSERVATION
64.916985,25.154604,2019,7,Finland,HUMAN_OBSERVATION
64.917157,25.154698,2019,7,Finland,HUMAN_OBSERVATION
64.917419,25.15487,2019,7,Finland,HUMAN_OBSERVATION
64.919922,24.897929,2019,7,Finland,HUMAN_OBSERVATION
64.956365,25.170127,2019,8,Finland,HUMAN_OBSERVATION
64.960556,25.010232,2024,6,Finland,HUMAN_OBSERVATION
64.960637,25.010268,2024,6,Finland,HUMAN_OBSERVATION
64.960908,25.010375,2024,6,Finland,HUMAN_OBSERVATION
65.006789,25.259377,2024,6,Finland,HUMAN_OBSERVATION
65.018131,25.230789,2024,6,Finland,HUMAN_OBSERVATION
65.018174,25.232144,2024,6,Finland,HUMAN_OBSERVATION
65.018221,25.230846,2024,6,Finland,HUMAN_OBSERVATION
65.018557,25.231142,2024,6,Finland,HUMAN_OBSERVATION
65.018729,25.23128,2024,6,Finland,HUMAN_OBSERVATION
65.018774,25.220005,2024,7,Finland,HUMAN_OBSERVATION
65.01881,25.231359,2024,6,Finland,HUMAN_OBSERVATION
65.019232,25.223774,2024,7,Finland,HUMAN_OBSERVATION
65.019479,25.220361,2024,7,Finland,HUMAN_OBSERVATION
65.064085,25.036448,2024,7,Finland,HUMAN_OBSERVATION
65.070281,25.010127,2024,7,Finland,HUMAN_OBSERVATION
65.070371,25.010184,2024,7,Finland,HUMAN_OBSERVATION
65.070453,25.010263,2024,7,Finland,HUMAN_OBSERVATION
65.070534,25.010321,2024,7,Finland,HUMAN_OBSERVATION
65.070625,25.010399,2024,7,Finland,HUMAN_OBSERVATION
65.070707,25.010457,2024,7,Finland,HUMAN_OBSERVATION
65.070788,25.010514,2024,7,Finland,HUMAN_OBSERVATION
65.070879,25.010593,2024,7,Finland,HUMAN_OBSERVATION
65.070961,25.01065,2024,7,Finland,HUMAN_OBSERVATION
65.071052,25.010729,2024,7,Finland,HUMAN_OBSERVATION
65.071133,25.010786,2024,7,Finland,HUMAN_OBSERVATION
65.071146,24.992939,2024,7,Finland,HUMAN_OBSERVATION
65.071525,24.993783,2024,7,Finland,HUMAN_OBSERVATION
65.07159,24.993927,2024,7,Finland,HUMAN_OBSERVATION
65.071655,24.994071,2024,7,Finland,HUMAN_OBSERVATION
65.07172,24.994215,2024,7,Finland,HUMAN_OBSERVATION
65.071753,24.992021,2024,7,Finland,HUMAN_OBSERVATION
65.071756,24.992234,2024,7,Finland,HUMAN_OBSERVATION
65.07177,24.992637,2024,7,Finland,HUMAN_OBSERVATION
65.071794,24.993039,2024,7,Finland,HUMAN_OBSERVATION
65.071797,24.993252,2024,7,Finland,HUMAN_OBSERVATION
65.07182,24.993654,2024,7,Finland,HUMAN_OBSERVATION
65.076857,24.617202,2019,8,Finland,HUMAN_OBSERVATION
65.087637,25.131785,2018,6,Finland,HUMAN_OBSERVATION
65.098983,24.782372,2019,8,Finland,HUMAN_OBSERVATION
65.130015,25.141448,2017,9,Finland,HUMAN_OBSERVATION
65.130087,25.141443,2017,9,Finland,HUMAN_OBSERVATION
65.130105,25.141441,2017,9,Finland,HUMAN_OBSERVATION
65.130114,25.141462,2017,9,Finland,HUMAN_OBSERVATION
65.130195,25.141456,2017,9,Finland,HUMAN_OBSERVATION
65.130204,25.141477,2017,9,Finland,HUMAN_OBSERVATION
65.130284,25.141471,2017,9,Finland,HUMAN_OBSERVATION
65.130294,25.141492,2017,9,Finland,HUMAN_OBSERVATION
65.135164,25.052114,2018,6,Finland,HUMAN_OBSERVATION
65.138322,25.058237,2017,9,Finland,HUMAN_OBSERVATION
65.138412,25.058273,2017,9,Finland,HUMAN_OBSERVATION
65.138502,25.058288,2017,9,Finland,HUMAN_OBSERVATION
65.138592,25.058302,2017,9,Finland,HUMAN_OBSERVATION
65.138682,25.058317,2017,9,Finland,HUMAN_OBSERVATION
65.138773,25.058353,2017,9,Finland,HUMAN_OBSERVATION
65.138862,25.058368,2017,9,Finland,HUMAN_OBSERVATION
65.138952,25.058383,2017,9,Finland,HUMAN_OBSERVATION
65.139042,25.058397,2017,9,Finland,HUMAN_OBSERVATION
65.139132,25.058412,2017,9,Finland,HUMAN_OBSERVATION
65.139222,25.058427,2017,9,Finland,HUMAN_OBSERVATION
65.139312,25.058463,2017,9,Finland,HUMAN_OBSERVATION
65.139402,25.058478,2017,9,Finland,HUMAN_OBSERVATION
65.139492,25.058493,2017,9,Finland,HUMAN_OBSERVATION
65.139573,25.058508,2017,9,Finland,HUMAN_OBSERVATION
65.155052,25.173215,2018,6,Finland,HUMAN_OBSERVATION
65.168292,25.162249,2018,6,Finland,HUMAN_OBSERVATION
65.182837,25.018644,2024,6,Finland,HUMAN_OBSERVATION
65.182884,25.018812,2024,6,Finland,HUMAN_OBSERVATION
65.182941,25.019,2024,6,Finland,HUMAN_OBSERVATION
65.182988,25.019167,2024,6,Finland,HUMAN_OBSERVATION
65.183035,25.019334,2024,6,Finland,HUMAN_OBSERVATION
65.183091,25.019501,2024,6,Finland,HUMAN_OBSERVATION
65.183138,25.019668,2024,6,Finland,HUMAN_OBSERVATION
65.183185,25.019836,2024,6,Finland,HUMAN_OBSERVATION
65.183241,25.020002,2024,6,Finland,HUMAN_OBSERVATION
65.183288,25.02017,2024,6,Finland,HUMAN_OBSERVATION
65.183335,25.020337,2024,6,Finland,HUMAN_OBSERVATION
65.197082,25.103471,2018,6,Finland,HUMAN_OBSERVATION
65.19985,25.240998,2019,6,Finland,HUMAN_OBSERVATION
65.201,25.130357,2018,6,Finland,HUMAN_OBSERVATION
65.212461,25.244886,2019,6,Finland,HUMAN_OBSERVATION
65.214323,25.244506,2019,6,Finland,HUMAN_OBSERVATION
65.223006,25.242476,2019,6,Finland,HUMAN_OBSERVATION
65.226227,25.237834,2019,6,Finland,HUMAN_OBSERVATION
65.250327,25.049521,2019,6,Finland,HUMAN_OBSERVATION
65.261575,25.212962,2024,6,Finland,HUMAN_OBSERVATION
65.267035,25.208693,2019,6,Finland,HUMAN_OBSERVATION
65.267198,25.208853,2019,6,Finland,HUMAN_OBSERVATION
65.267362,25.209035,2019,6,Finland,HUMAN_OBSERVATION
65.267698,25.209355,2019,6,Finland,HUMAN_OBSERVATION
65.285235,25.206986,2024,6,Finland,HUMAN_OBSERVATION
65.286752,25.216103,2024,6,Finland,HUMAN_OBSERVATION
65.287019,25.216643,2024,6,Finland,HUMAN_OBSERVATION
65.287083,25.216767,2024,6,Finland,HUMAN_OBSERVATION
65.287147,25.216913,2024,6,Finland,HUMAN_OBSERVATION
65.331282,24.82083,2018,7,Finland,HUMAN_OBSERVATION
65.332197,24.87618,2018,7,Finland,HUMAN_OBSERVATION
65.333434,24.888841,2018,7,Finland,HUMAN_OBSERVATION
65.334253,24.869784,2018,7,Finland,HUMAN_OBSERVATION
65.334413,24.883693,2018,7,Finland,HUMAN_OBSERVATION
65.334697,24.82796,2018,7,Finland,HUMAN_OBSERVATION
65.335287,25.033905,2018,7,Finland,HUMAN_OBSERVATION
65.335587,24.858138,2018,7,Finland,HUMAN_OBSERVATION
65.335704,25.026634,2018,7,Finland,HUMAN_OBSERVATION
65.336116,24.832376,2018,7,Finland,HUMAN_OBSERVATION
65.33642,24.885358,2018,7,Finland,HUMAN_OBSERVATION
65.336521,24.863885,2018,7,Finland,HUMAN_OBSERVATION
65.336531,24.863949,2018,7,Finland,HUMAN_OBSERVATION
65.336553,24.811606,2018,7,Finland,HUMAN_OBSERVATION
65.336966,24.869972,2018,7,Finland,HUMAN_OBSERVATION
65.337019,25.030403,2018,7,Finland,HUMAN_OBSERVATION
65.337079,24.882468,2018,7,Finland,HUMAN_OBSERVATION
65.337515,24.823559,2018,7,Finland,HUMAN_OBSERVATION
65.338032,24.833873,2018,7,Finland,HUMAN_OBSERVATION
65.338233,24.850402,2018,7,Finland,HUMAN_OBSERVATION
65.33845,24.862547,2018,7,Finland,HUMAN_OBSERVATION
65.338653,25.027702,2018,7,Finland,HUMAN_OBSERVATION
65.338871,24.84732,2018,7,Finland,HUMAN_OBSERVATION
65.339203,24.814243,2018,7,Finland,HUMAN_OBSERVATION
65.340346,25.219391,2024,7,Finland,HUMAN_OBSERVATION
65.340515,25.219251,2024,7,Finland,HUMAN_OBSERVATION
65.340764,25.219019,2024,7,Finland,HUMAN_OBSERVATION
65.340801,25.21762,2024,7,Finland,HUMAN_OBSERVATION
65.340815,25.218027,2024,7,Finland,HUMAN_OBSERVATION
65.340817,25.21822,2024,7,Finland,HUMAN_OBSERVATION
65.340828,25.218434,2024,7,Finland,HUMAN_OBSERVATION
65.340831,25.218628,2024,7,Finland,HUMAN_OBSERVATION
65.340842,25.218842,2024,7,Finland,HUMAN_OBSERVATION
65.340844,25.219035,2024,7,Finland,HUMAN_OBSERVATION
65.340847,25.21925,2024,7,Finland,HUMAN_OBSERVATION
65.340858,25.219442,2024,7,Finland,HUMAN_OBSERVATION
65.340861,25.219657,2024,7,Finland,HUMAN_OBSERVATION
65.340932,25.218879,2024,7,Finland,HUMAN_OBSERVATION
65.341021,25.218808,2024,7,Finland,HUMAN_OBSERVATION
65.341101,25.218717,2024,7,Finland,HUMAN_OBSERVATION
65.341618,24.814279,2018,7,Finland,HUMAN_OBSERVATION
65.341836,24.805794,2018,7,Finland,HUMAN_OBSERVATION
65.344361,24.851492,2017,7,Finland,HUMAN_OBSERVATION
65.344657,24.852134,2017,7,Finland,HUMAN_OBSERVATION
65.344777,24.852361,2017,7,Finland,HUMAN_OBSERVATION
65.344777,25.015574,2017,7,Finland,HUMAN_OBSERVATION
65.344831,25.015591,2017,7,Finland,HUMAN_OBSERVATION
65.345642,24.950644,2017,7,Finland,HUMAN_OBSERVATION
65.348336,24.838184,2018,7,Finland,HUMAN_OBSERVATION
65.348804,24.829504,2018,7,Finland,HUMAN_OBSERVATION
65.348834,25.037515,2018,7,Finland,HUMAN_OBSERVATION
65.353403,25.210124,2024,7,Finland,HUMAN_OBSERVATION
65.353494,25.210182,2024,7,Finland,HUMAN_OBSERVATION
65.353584,25.210219,2024,7,Finland,HUMAN_OBSERVATION
65.353755,25.210293,2024,7,Finland,HUMAN_OBSERVATION
65.353845,25.21033,2024,7,Finland,HUMAN_OBSERVATION
65.353936,25.210388,2024,7,Finland,HUMAN_OBSERVATION
65.354017,25.210426,2024,7,Finland,HUMAN_OBSERVATION
65.354097,25.206615,2024,7,Finland,HUMAN_OBSERVATION
65.354269,25.206711,2024,7,Finland,HUMAN_OBSERVATION
65.354359,25.206748,2024,7,Finland,HUMAN_OBSERVATION
65.354441,25.206807,2024,7,Finland,HUMAN_OBSERVATION
65.354621,25.206902,2024,7,Finland,HUMAN_OBSERVATION
65.354703,25.206961,2024,7,Finland,HUMAN_OBSERVATION
65.354793,25.206998,2024,7,Finland,HUMAN_OBSERVATION
65.354883,25.207056,2024,7,Finland,HUMAN_OBSERVATION
65.356741,24.878262,2017,7,Finland,HUMAN_OBSERVATION
65.360546,25.182178,2024,7,Finland,HUMAN_OBSERVATION
65.360607,25.182023,2024,7,Finland,HUMAN_OBSERVATION
65.360719,25.181715,2024,7,Finland,HUMAN_OBSERVATION
65.36078,25.18156,2024,7,Finland,HUMAN_OBSERVATION
65.360802,25.180376,2024,7,Finland,HUMAN_OBSERVATION
65.360832,25.181384,2024,7,Finland,HUMAN_OBSERVATION
65.360893,25.181229,2024,7,Finland,HUMAN_OBSERVATION
65.360945,25.181075,2024,7,Finland,HUMAN_OBSERVATION
65.360948,25.180602,2024,7,Finland,HUMAN_OBSERVATION
65.361159,25.180974,2024,7,Finland,HUMAN_OBSERVATION
65.361306,25.181222,2024,7,Finland,HUMAN_OBSERVATION
65.361379,25.181346,2024,7,Finland,HUMAN_OBSERVATION
65.361452,25.18147,2024,7,Finland,HUMAN_OBSERVATION
65.363821,25.034568,2018,7,Finland,HUMAN_OBSERVATION
65.364805,25.030838,2018,7,Finland,HUMAN_OBSERVATION
65.367479,25.026702,2018,7,Finland,HUMAN_OBSERVATION
65.367581,25.033126,2018,7,Finland,HUMAN_OBSERVATION
65.369333,24.931781,2018,7,Finland,HUMAN_OBSERVATION
65.369396,25.006552,2018,7,Finland,HUMAN_OBSERVATION
65.369832,25.016479,2018,7,Finland,HUMAN_OBSERVATION
65.369987,24.946831,2018,7,Finland,HUMAN_OBSERVATION
65.370848,24.935577,2018,7,Finland,HUMAN_OBSERVATION
65.370876,25.024274,2018,7,Finland,HUMAN_OBSERVATION
65.372544,25.007023,2018,7,Finland,HUMAN_OBSERVATION
65.373124,25.016984,2018,7,Finland,HUMAN_OBSERVATION
65.37408,25.027669,2018,7,Finland,HUMAN_OBSERVATION
65.374693,24.928648,2018,7,Finland,HUMAN_OBSERVATION
65.377046,24.929388,2018,7,Finland,HUMAN_OBSERVATION
65.378009,24.944634,2018,7,Finland,HUMAN_OBSERVATION
65.379179,24.928445,2018,7,Finland,HUMAN_OBSERVATION
65.379633,24.923631,2018,7,Finland,HUMAN_OBSERVATION
65.379634,24.934155,2018,7,Finland,HUMAN_OBSERVATION
65.382093,24.939364,2018,7,Finland,HUMAN_OBSERVATION
65.384606,24.928211,2018,7,Finland,HUMAN_OBSERVATION
65.384927,24.937226,2018,7,Finland,HUMAN_OBSERVATION
65.388458,24.904893,2018,7,Finland,HUMAN_OBSERVATION
65.392009,25.035538,2018,7,Finland,HUMAN_OBSERVATION
65.396668,25.024573,2018,7,Finland,HUMAN_OBSERVATION
65.401062,24.993594,2018,9,Finland,HUMAN_OBSERVATION
65.401672,25.012609,2018,9,Finland,HUMAN_OBSERVATION
65.402184,25.00109,2018,9,Finland,HUMAN_OBSERVATION
65.402249,24.995829,2018,9,Finland,HUMAN_OBSERVATION
65.402419,24.905071,2019,8,Finland,HUMAN_OBSERVATION
65.402508,24.905,2019,7,Finland,HUMAN_OBSERVATION
65.402587,24.904929,2019,7,Finland,HUMAN_OBSERVATION
65.402658,25.006352,2018,9,Finland,HUMAN_OBSERVATION
65.402676,24.904857,2019,7,Finland,HUMAN_OBSERVATION
65.402765,24.904785,2019,7,Finland,HUMAN_OBSERVATION
65.402934,24.904664,2019,8,Finland,HUMAN_OBSERVATION
65.403003,24.904443,2019,8,Finland,HUMAN_OBSERVATION
65.403014,24.904593,2019,8,Finland,HUMAN_OBSERVATION
65.403102,24.904521,2019,8,Finland,HUMAN_OBSERVATION
65.403182,24.90445,2019,8,Finland,HUMAN_OBSERVATION
65.403198,24.905612,2019,8,Finland,HUMAN_OBSERVATION
65.403796,24.904681,2019,8,Finland,HUMAN_OBSERVATION
65.405115,24.810263,2017,6,Finland,HUMAN_OBSERVATION
65.40532,24.95766,2018,9,Finland,HUMAN_OBSERVATION
65.406407,24.811513,2017,6,Finland,HUMAN_OBSERVATION
65.406631,24.806539,2017,6,Finland,HUMAN_OBSERVATION
65.407993,24.853889,2019,8,Finland,HUMAN_OBSERVATION
65.408881,24.80258,2017,6,Finland,HUMAN_OBSERVATION
65.416362,24.946499,2018,9,Finland,HUMAN_OBSERVATION
65.419352,24.942644,2018,9,Finland,HUMAN_OBSERVATION
65.431481,24.968,2018,7,Finland,HUMAN_OBSERVATION
65.431589,24.960078,2018,7,Finland,HUMAN_OBSERVATION
65.433109,24.970979,2018,9,Finland,HUMAN_OBSERVATION
65.433262,24.976336,2018,7,Finland,HUMAN_OBSERVATION
65.43376,24.955337,2018,7,Finland,HUMAN_OBSERVATION
65.436006,24.953458,2018,7,Finland,HUMAN_OBSERVATION
65.437523,24.960759,2018,9,Finland,HUMAN_OBSERVATION
65.438196,24.999098,2018,7,Finland,HUMAN_OBSERVATION
65.438438,24.921195,2018,9,Finland,HUMAN_OBSERVATION
65.4393,24.934305,2018,9,Finland,HUMAN_OBSERVATION
65.439314,24.940603,2018,7,Finland,HUMAN_OBSERVATION
65.439501,24.918155,2018,9,Finland,HUMAN_OBSERVATION
65.446008,25.301178,2024,7,Finland,HUMAN_OBSERVATION
65.446103,25.300849,2024,7,Finland,HUMAN_OBSERVATION
65.446155,25.300673,2024,7,Finland,HUMAN_OBSERVATION
65.446198,25.300497,2024,7,Finland,HUMAN_OBSERVATION
65.44625,25.300321,2024,7,Finland,HUMAN_OBSERVATION
65.446302,25.300167,2024,7,Finland,HUMAN_OBSERVATION
65.446345,25.299992,2024,7,Finland,HUMAN_OBSERVATION
65.446397,25.299816,2024,7,Finland,HUMAN_OBSERVATION
65.446632,25.299218,2024,7,Finland,HUMAN_OBSERVATION
65.446657,25.299022,2024,7,Finland,HUMAN_OBSERVATION
65.446691,25.298826,2024,7,Finland,HUMAN_OBSERVATION
65.446758,25.298455,2024,7,Finland,HUMAN_OBSERVATION
65.446792,25.298258,2024,7,Finland,HUMAN_OBSERVATION
65.446817,25.298063,2024,7,Finland,HUMAN_OBSERVATION
65.446851,25.297888,2024,7,Finland,HUMAN_OBSERVATION
65.446918,25.297495,2024,7,Finland,HUMAN_OBSERVATION
65.452128,25.255274,2024,7,Finland,HUMAN_OBSERVATION
65.452386,25.255106,2024,7,Finland,HUMAN_OBSERVATION
65.452846,25.267807,2024,7,Finland,HUMAN_OBSERVATION
65.452875,25.267999,2024,7,Finland,HUMAN_OBSERVATION
65.452881,25.254469,2024,7,Finland,HUMAN_OBSERVATION
65.452913,25.268191,2024,7,Finland,HUMAN_OBSERVATION
65.452942,25.268383,2024,7,Finland,HUMAN_OBSERVATION
65.452971,25.268575,2024,7,Finland,HUMAN_OBSERVATION
65.45303,25.26896,2024,7,Finland,HUMAN_OBSERVATION
65.453088,25.269344,2024,7,Finland,HUMAN_OBSERVATION
65.453155,25.269728,2024,7,Finland,HUMAN_OBSERVATION
65.453323,25.254612,2024,7,Finland,HUMAN_OBSERVATION
65.453413,25.254649,2024,7,Finland,HUMAN_OBSERVATION
65.453503,25.254665,2024,7,Finland,HUMAN_OBSERVATION
65.453593,25.254702,2024,7,Finland,HUMAN_OBSERVATION
65.453683,25.254718,2024,7,Finland,HUMAN_OBSERVATION
65.455707,25.236563,2024,7,Finland,HUMAN_OBSERVATION
65.455747,25.236172,2024,7,Finland,HUMAN_OBSERVATION
65.455763,25.235976,2024,7,Finland,HUMAN_OBSERVATION
65.455803,25.235564,2024,7,Finland,HUMAN_OBSERVATION
65.455819,25.235368,2024,7,Finland,HUMAN_OBSERVATION
65.455844,25.235172,2024,7,Finland,HUMAN_OBSERVATION
65.455859,25.234977,2024,7,Finland,HUMAN_OBSERVATION
65.455875,25.234782,2024,7,Finland,HUMAN_OBSERVATION
65.49873,22.32895,2007,8,Sweden,MATERIAL_SAMPLE
65.49873,22.32895,2007,8,Sweden,MATERIAL_SAMPLE
65.545962,24.808209,2018,7,Finland,HUMAN_OBSERVATION
65.552272,24.774857,2018,7,Finland,HUMAN_OBSERVATION
65.552677,24.790898,2018,7,Finland,HUMAN_OBSERVATION
65.556171,24.188798,2017,8,Finland,HUMAN_OBSERVATION
65.55684,24.863501,2018,7,Finland,HUMAN_OBSERVATION
65.556857,24.217292,2017,8,Finland,HUMAN_OBSERVATION
65.557484,24.221581,2017,8,Finland,HUMAN_OBSERVATION
65.558786,24.224087,2017,8,Finland,HUMAN_OBSERVATION
65.558909,24.199493,2017,8,Finland,HUMAN_OBSERVATION
65.559476,24.20639,2017,8,Finland,HUMAN_OBSERVATION
65.560152,24.218219,2017,8,Finland,HUMAN_OBSERVATION
65.56145,24.23965,2017,8,Finland,HUMAN_OBSERVATION
65.561964,24.217657,2017,8,Finland,HUMAN_OBSERVATION
65.562156,24.182776,2017,8,Finland,HUMAN_OBSERVATION
65.562431,24.195689,2017,8,Finland,HUMAN_OBSERVATION
65.562824,24.236708,2017,8,Finland,HUMAN_OBSERVATION
65.564038,24.807361,2018,7,Finland,HUMAN_OBSERVATION
65.564504,24.873623,2018,7,Finland,HUMAN_OBSERVATION
65.56518,24.230994,2017,8,Finland,HUMAN_OBSERVATION
65.56527,24.243343,2017,8,Finland,HUMAN_OBSERVATION
65.567368,24.22005,2017,8,Finland,HUMAN_OBSERVATION
65.567809,24.18984,2017,8,Finland,HUMAN_OBSERVATION
65.568089,24.246297,2017,8,Finland,HUMAN_OBSERVATION
65.569229,24.228503,2017,8,Finland,HUMAN_OBSERVATION
65.569995,24.233561,2017,8,Finland,HUMAN_OBSERVATION
65.57058,24.243019,2017,8,Finland,HUMAN_OBSERVATION
65.570669,24.188122,2017,8,Finland,HUMAN_OBSERVATION
65.571181,24.206652,2017,8,Finland,HUMAN_OBSERVATION
65.572131,24.233052,2017,8,Finland,HUMAN_OBSERVATION
65.572248,24.211439,2017,8,Finland,HUMAN_OBSERVATION
65.572743,24.263371,2018,6,Finland,HUMAN_OBSERVATION
65.57308,24.218616,2017,8,Finland,HUMAN_OBSERVATION
65.573478,24.190031,2017,8,Finland,HUMAN_OBSERVATION
65.575003,24.231988,2017,8,Finland,HUMAN_OBSERVATION
65.575606,24.245415,2017,8,Finland,HUMAN_OBSERVATION
65.57597,24.208264,2017,8,Finland,HUMAN_OBSERVATION
65.576236,24.279359,2018,6,Finland,HUMAN_OBSERVATION
65.5769,24.270309,2018,6,Finland,HUMAN_OBSERVATION
65.57693,24.20289,2017,8,Finland,HUMAN_OBSERVATION
65.577044,24.24446,2017,8,Finland,HUMAN_OBSERVATION
65.577064,25.02408,2018,7,Finland,HUMAN_OBSERVATION
65.578374,24.247508,2017,8,Finland,HUMAN_OBSERVATION
65.578919,25.010777,2018,7,Finland,HUMAN_OBSERVATION
65.578948,25.010969,2018,7,Finland,HUMAN_OBSERVATION
65.578978,25.011184,2018,7,Finland,HUMAN_OBSERVATION
65.578999,25.011378,2018,7,Finland,HUMAN_OBSERVATION
65.579028,25.011571,2018,7,Finland,HUMAN_OBSERVATION
65.579058,25.011763,2018,7,Finland,HUMAN_OBSERVATION
65.579078,25.011957,2018,7,Finland,HUMAN_OBSERVATION
65.579108,25.01215,2018,7,Finland,HUMAN_OBSERVATION
65.579137,25.012343,2018,7,Finland,HUMAN_OBSERVATION
65.579157,25.012537,2018,7,Finland,HUMAN_OBSERVATION
65.579706,24.268605,2018,6,Finland,HUMAN_OBSERVATION
65.579864,24.227262,2017,8,Finland,HUMAN_OBSERVATION
65.580241,24.217395,2017,8,Finland,HUMAN_OBSERVATION
65.581142,25.06055,2018,7,Finland,HUMAN_OBSERVATION
65.581807,24.285133,2018,6,Finland,HUMAN_OBSERVATION
65.581998,25.026633,2018,7,Finland,HUMAN_OBSERVATION
65.582162,24.207101,2017,8,Finland,HUMAN_OBSERVATION
65.583838,24.230484,2017,8,Finland,HUMAN_OBSERVATION
65.584408,24.285425,2018,6,Finland,HUMAN_OBSERVATION
65.584412,24.219162,2017,8,Finland,HUMAN_OBSERVATION
65.58476,24.823944,2018,7,Finland,HUMAN_OBSERVATION
65.58499,24.27035,2018,6,Finland,HUMAN_OBSERVATION
65.585979,24.278882,2018,6,Finland,HUMAN_OBSERVATION
65.588358,24.281389,2018,6,Finland,HUMAN_OBSERVATION
65.588548,24.287012,2018,6,Finland,HUMAN_OBSERVATION
65.58856,24.27412,2018,6,Finland,HUMAN_OBSERVATION
65.588574,24.212033,2017,8,Finland,HUMAN_OBSERVATION
65.588624,24.232492,2017,8,Finland,HUMAN_OBSERVATION
65.59214,24.21113,2017,8,Finland,HUMAN_OBSERVATION
65.592213,24.281052,2018,6,Finland,HUMAN_OBSERVATION
65.592884,24.23269,2017,8,Finland,HUMAN_OBSERVATION
65.593513,24.273428,2018,6,Finland,HUMAN_OBSERVATION
65.59356,24.269038,2018,6,Finland,HUMAN_OBSERVATION
65.594289,24.305904,2018,6,Finland,HUMAN_OBSERVATION
65.594681,24.315847,2018,6,Finland,HUMAN_OBSERVATION
65.595259,24.280711,2018,6,Finland,HUMAN_OBSERVATION
65.595326,24.706137,2018,7,Finland,HUMAN_OBSERVATION
65.596071,24.218371,2017,8,Finland,HUMAN_OBSERVATION
65.596387,24.292597,2018,6,Finland,HUMAN_OBSERVATION
65.596811,24.71473,2018,7,Finland,HUMAN_OBSERVATION
65.597418,24.312222,2018,6,Finland,HUMAN_OBSERVATION
65.598067,24.727881,2018,7,Finland,HUMAN_OBSERVATION
65.599656,24.696227,2018,7,Finland,HUMAN_OBSERVATION
65.599876,24.7198,2018,7,Finland,HUMAN_OBSERVATION
65.600158,24.710464,2018,7,Finland,HUMAN_OBSERVATION
65.600318,24.295531,2018,6,Finland,HUMAN_OBSERVATION
65.602214,24.291578,2018,6,Finland,HUMAN_OBSERVATION
65.603072,24.299891,2018,6,Finland,HUMAN_OBSERVATION
65.603673,24.707854,2018,7,Finland,HUMAN_OBSERVATION
65.60445,24.294624,2018,6,Finland,HUMAN_OBSERVATION
65.607901,24.801491,2018,7,Finland,HUMAN_OBSERVATION
65.608032,24.297595,2018,6,Finland,HUMAN_OBSERVATION
65.608458,24.290775,2018,6,Finland,HUMAN_OBSERVATION
65.609441,24.308199,2018,6,Finland,HUMAN_OBSERVATION
65.611872,24.525302,2018,7,Finland,HUMAN_OBSERVATION
65.613891,24.510363,2018,7,Finland,HUMAN_OBSERVATION
65.61536,24.523949,2018,7,Finland,HUMAN_OBSERVATION
65.616222,24.539962,2018,7,Finland,HUMAN_OBSERVATION
65.616285,24.807666,2018,7,Finland,HUMAN_OBSERVATION
65.616587,24.199751,2015,7,Finland,HUMAN_OBSERVATION
65.616644,24.199918,2015,8,Finland,HUMAN_OBSERVATION
65.616841,24.173675,2017,8,Finland,HUMAN_OBSERVATION
65.616906,24.173798,2017,8,Finland,HUMAN_OBSERVATION
65.617667,24.522274,2018,7,Finland,HUMAN_OBSERVATION
65.618109,24.187333,2017,8,Finland,HUMAN_OBSERVATION
65.618122,24.712987,2024,8,Finland,HUMAN_OBSERVATION
65.618212,24.712979,2024,8,Finland,HUMAN_OBSERVATION
65.618231,24.539881,2018,7,Finland,HUMAN_OBSERVATION
65.618302,24.712992,2024,8,Finland,HUMAN_OBSERVATION
65.618392,24.712985,2024,8,Finland,HUMAN_OBSERVATION
65.618519,24.711931,2024,8,Finland,HUMAN_OBSERVATION
65.618531,24.712125,2024,8,Finland,HUMAN_OBSERVATION
65.618544,24.712341,2024,8,Finland,HUMAN_OBSERVATION
65.618567,24.71273,2024,8,Finland,HUMAN_OBSERVATION
65.61858,24.712946,2024,8,Finland,HUMAN_OBSERVATION
65.618592,24.713141,2024,8,Finland,HUMAN_OBSERVATION
65.618603,24.713335,2024,8,Finland,HUMAN_OBSERVATION
65.618616,24.713551,2024,8,Finland,HUMAN_OBSERVATION
65.618637,24.713745,2024,8,Finland,HUMAN_OBSERVATION
65.618647,24.196531,2017,8,Finland,HUMAN_OBSERVATION
65.618648,24.713939,2024,8,Finland,HUMAN_OBSERVATION
65.618661,24.712961,2024,8,Finland,HUMAN_OBSERVATION
65.61884,24.712945,2024,8,Finland,HUMAN_OBSERVATION
65.61893,24.712959,2024,8,Finland,HUMAN_OBSERVATION
65.618949,24.572244,2018,7,Finland,HUMAN_OBSERVATION
65.619074,24.572797,2018,7,Finland,HUMAN_OBSERVATION
65.619122,24.572967,2018,7,Finland,HUMAN_OBSERVATION
65.619161,24.573159,2018,7,Finland,HUMAN_OBSERVATION
65.619208,24.573328,2018,7,Finland,HUMAN_OBSERVATION
65.619247,24.57352,2018,7,Finland,HUMAN_OBSERVATION
65.621017,24.846778,2018,7,Finland,HUMAN_OBSERVATION
65.62134,24.595657,2018,7,Finland,HUMAN_OBSERVATION
65.621495,24.612305,2018,7,Finland,HUMAN_OBSERVATION
65.622009,24.572197,2018,7,Finland,HUMAN_OBSERVATION
65.622018,24.572153,2018,7,Finland,HUMAN_OBSERVATION
65.622042,24.571977,2018,7,Finland,HUMAN_OBSERVATION
65.622065,24.571779,2018,7,Finland,HUMAN_OBSERVATION
65.622113,24.571384,2018,7,Finland,HUMAN_OBSERVATION
65.622137,24.571186,2018,7,Finland,HUMAN_OBSERVATION
65.622169,24.570944,2018,7,Finland,HUMAN_OBSERVATION
65.622193,24.570746,2018,7,Finland,HUMAN_OBSERVATION
65.622216,24.570549,2018,7,Finland,HUMAN_OBSERVATION
65.62224,24.570351,2018,7,Finland,HUMAN_OBSERVATION
65.622256,24.570241,2018,7,Finland,HUMAN_OBSERVATION
65.622349,24.583941,2018,7,Finland,HUMAN_OBSERVATION
65.62512,24.71689,2024,8,Finland,HUMAN_OBSERVATION
65.625199,24.716796,2024,8,Finland,HUMAN_OBSERVATION
65.625279,24.716702,2024,8,Finland,HUMAN_OBSERVATION
65.625342,24.716131,2024,8,Finland,HUMAN_OBSERVATION
65.625358,24.716608,2024,8,Finland,HUMAN_OBSERVATION
65.625398,24.7163,2024,8,Finland,HUMAN_OBSERVATION
65.625438,24.716514,2024,8,Finland,HUMAN_OBSERVATION
65.625517,24.71642,2024,8,Finland,HUMAN_OBSERVATION
65.625576,24.716763,2024,8,Finland,HUMAN_OBSERVATION
65.625632,24.71691,2024,8,Finland,HUMAN_OBSERVATION
65.625676,24.716232,2024,8,Finland,HUMAN_OBSERVATION
65.625744,24.717226,2024,8,Finland,HUMAN_OBSERVATION
65.625755,24.716138,2024,8,Finland,HUMAN_OBSERVATION
65.625801,24.717395,2024,8,Finland,HUMAN_OBSERVATION
65.625834,24.716045,2024,8,Finland,HUMAN_OBSERVATION
65.625866,24.717541,2024,8,Finland,HUMAN_OBSERVATION
65.626371,24.512665,2018,7,Finland,HUMAN_OBSERVATION
65.626745,24.579838,2018,7,Finland,HUMAN_OBSERVATION
65.628872,24.522335,2018,7,Finland,HUMAN_OBSERVATION
65.629837,24.677991,2018,8,Finland,HUMAN_OBSERVATION
65.630354,24.627746,2024,8,Finland,HUMAN_OBSERVATION
65.630612,24.627548,2024,8,Finland,HUMAN_OBSERVATION
65.630692,24.627497,2024,8,Finland,HUMAN_OBSERVATION
65.63078,24.627424,2024,8,Finland,HUMAN_OBSERVATION
65.631038,24.627249,2024,8,Finland,HUMAN_OBSERVATION
65.631127,24.627175,2024,8,Finland,HUMAN_OBSERVATION
65.631207,24.631753,2024,8,Finland,HUMAN_OBSERVATION
65.631337,24.631481,2024,8,Finland,HUMAN_OBSERVATION
65.631407,24.631344,2024,8,Finland,HUMAN_OBSERVATION
65.631477,24.631207,2024,8,Finland,HUMAN_OBSERVATION
65.631537,24.631071,2024,8,Finland,HUMAN_OBSERVATION
65.631738,24.630662,2024,8,Finland,HUMAN_OBSERVATION
65.632918,24.511147,2018,7,Finland,HUMAN_OBSERVATION
65.633155,24.681302,2018,8,Finland,HUMAN_OBSERVATION
65.635593,24.252812,2017,8,Finland,HUMAN_OBSERVATION
65.636001,24.215962,2017,8,Finland,HUMAN_OBSERVATION
65.636109,24.215951,2017,7,Finland,HUMAN_OBSERVATION
65.63939,24.261173,2017,8,Finland,HUMAN_OBSERVATION
65.639541,24.261091,2017,7,Finland,HUMAN_OBSERVATION
65.639567,24.21945,2017,8,Finland,HUMAN_OBSERVATION
65.639715,24.219195,2017,7,Finland,HUMAN_OBSERVATION
65.639736,24.275487,2017,8,Finland,HUMAN_OBSERVATION
65.639854,24.275539,2017,7,Finland,HUMAN_OBSERVATION
65.640977,24.656298,2019,7,Finland,HUMAN_OBSERVATION
65.641459,24.511893,2018,7,Finland,HUMAN_OBSERVATION
65.641635,24.246801,2017,8,Finland,HUMAN_OBSERVATION
65.641645,24.246322,2017,7,Finland,HUMAN_OBSERVATION
65.641796,24.283729,2017,8,Finland,HUMAN_OBSERVATION
65.641854,24.283462,2017,7,Finland,HUMAN_OBSERVATION
65.642324,24.346234,2017,8,Finland,HUMAN_OBSERVATION
65.642365,24.236504,2017,8,Finland,HUMAN_OBSERVATION
65.642433,24.236322,2017,7,Finland,HUMAN_OBSERVATION
65.642566,24.205733,2017,7,Finland,HUMAN_OBSERVATION
65.64267,24.269829,2017,8,Finland,HUMAN_OBSERVATION
65.642752,24.269908,2017,7,Finland,HUMAN_OBSERVATION
65.642898,24.28257,2017,8,Finland,HUMAN_OBSERVATION
65.642937,24.282283,2017,8,Finland,HUMAN_OBSERVATION
65.642979,24.282105,2017,8,Finland,HUMAN_OBSERVATION
65.64303,24.281926,2017,8,Finland,HUMAN_OBSERVATION
65.643072,24.281747,2017,8,Finland,HUMAN_OBSERVATION
65.643113,24.281569,2017,8,Finland,HUMAN_OBSERVATION
65.643164,24.28139,2017,8,Finland,HUMAN_OBSERVATION
65.643206,24.281211,2017,8,Finland,HUMAN_OBSERVATION
65.643247,24.281033,2017,8,Finland,HUMAN_OBSERVATION
65.643289,24.280855,2017,8,Finland,HUMAN_OBSERVATION
65.64334,24.280675,2017,8,Finland,HUMAN_OBSERVATION
65.643411,24.331357,2020,8,Finland,HUMAN_OBSERVATION
65.643481,24.331241,2020,8,Finland,HUMAN_OBSERVATION
65.64355,24.331104,2020,8,Finland,HUMAN_OBSERVATION
65.643629,24.330987,2020,8,Finland,HUMAN_OBSERVATION
65.643876,24.360079,2017,8,Finland,HUMAN_OBSERVATION
65.643882,24.281358,2017,8,Finland,HUMAN_OBSERVATION
65.644031,24.281147,2017,7,Finland,HUMAN_OBSERVATION
65.644382,24.329888,2020,8,Finland,HUMAN_OBSERVATION
65.644399,24.329864,2020,8,Finland,HUMAN_OBSERVATION
65.644461,24.329792,2020,8,Finland,HUMAN_OBSERVATION
65.644496,24.329745,2020,8,Finland,HUMAN_OBSERVATION
65.645829,24.190331,2017,7,Finland,HUMAN_OBSERVATION
65.645927,24.559414,2018,7,Finland,HUMAN_OBSERVATION
65.647832,24.357806,2017,8,Finland,HUMAN_OBSERVATION
65.648663,24.186261,2017,7,Finland,HUMAN_OBSERVATION
65.650419,24.399109,2017,8,Finland,HUMAN_OBSERVATION
65.651654,24.624689,2024,8,Finland,HUMAN_OBSERVATION
65.651734,24.624616,2024,8,Finland,HUMAN_OBSERVATION
65.651823,24.624565,2024,8,Finland,HUMAN_OBSERVATION
65.651912,24.624491,2024,8,Finland,HUMAN_OBSERVATION
65.651992,24.624441,2024,8,Finland,HUMAN_OBSERVATION
65.65208,24.624367,2024,8,Finland,HUMAN_OBSERVATION
65.652169,24.624316,2024,8,Finland,HUMAN_OBSERVATION
65.652219,24.519344,2018,8,Finland,HUMAN_OBSERVATION
65.652249,24.624265,2024,8,Finland,HUMAN_OBSERVATION
65.65231,24.512832,2018,8,Finland,HUMAN_OBSERVATION
65.652338,24.624191,2024,8,Finland,HUMAN_OBSERVATION
65.652342,24.521355,2018,8,Finland,HUMAN_OBSERVATION
65.65242,24.364583,2017,8,Finland,HUMAN_OBSERVATION
65.652427,24.62414,2024,8,Finland,HUMAN_OBSERVATION
65.652506,24.624067,2024,8,Finland,HUMAN_OBSERVATION
65.652663,24.622617,2024,8,Finland,HUMAN_OBSERVATION
65.652677,24.402015,2017,8,Finland,HUMAN_OBSERVATION
65.652702,24.622788,2024,8,Finland,HUMAN_OBSERVATION
65.652741,24.62298,2024,8,Finland,HUMAN_OBSERVATION
65.652779,24.62315,2024,8,Finland,HUMAN_OBSERVATION
65.652818,24.623343,2024,8,Finland,HUMAN_OBSERVATION
65.652896,24.623705,2024,8,Finland,HUMAN_OBSERVATION
65.652974,24.62409,2024,8,Finland,HUMAN_OBSERVATION
65.653051,24.624452,2024,8,Finland,HUMAN_OBSERVATION
65.653052,24.504387,2018,7,Finland,HUMAN_OBSERVATION
65.653649,24.383753,2017,8,Finland,HUMAN_OBSERVATION
65.653677,24.50089,2018,7,Finland,HUMAN_OBSERVATION
65.654685,24.362634,2017,8,Finland,HUMAN_OBSERVATION
65.655854,24.452951,2018,7,Finland,HUMAN_OBSERVATION
65.65636,24.352086,2017,8,Finland,HUMAN_OBSERVATION
65.656495,24.517304,2018,7,Finland,HUMAN_OBSERVATION
65.656549,24.517886,2018,7,Finland,HUMAN_OBSERVATION
65.656571,24.518101,2018,7,Finland,HUMAN_OBSERVATION
65.656583,24.518296,2018,7,Finland,HUMAN_OBSERVATION
65.656604,24.51849,2018,7,Finland,HUMAN_OBSERVATION
65.656617,24.518706,2018,7,Finland,HUMAN_OBSERVATION
65.656638,24.5189,2018,7,Finland,HUMAN_OBSERVATION
65.656659,24.519094,2018,7,Finland,HUMAN_OBSERVATION
65.65735,24.216782,2017,7,Finland,HUMAN_OBSERVATION
65.657848,24.376324,2017,8,Finland,HUMAN_OBSERVATION
65.658126,24.272532,2017,8,Finland,HUMAN_OBSERVATION
65.658172,24.272614,2017,8,Finland,HUMAN_OBSERVATION
65.658229,24.272782,2017,8,Finland,HUMAN_OBSERVATION
65.658277,24.272973,2017,8,Finland,HUMAN_OBSERVATION
65.658325,24.273142,2017,8,Finland,HUMAN_OBSERVATION
65.658443,24.22452,2017,7,Finland,HUMAN_OBSERVATION
65.658478,24.273648,2017,8,Finland,HUMAN_OBSERVATION
65.658642,24.208853,2017,7,Finland,HUMAN_OBSERVATION
65.659064,24.41171,2018,7,Finland,HUMAN_OBSERVATION
65.659215,24.348443,2017,8,Finland,HUMAN_OBSERVATION
65.659868,24.359147,2017,8,Finland,HUMAN_OBSERVATION
65.660158,24.469869,2018,7,Finland,HUMAN_OBSERVATION
65.660644,24.420669,2018,7,Finland,HUMAN_OBSERVATION
65.661463,24.2109,2017,7,Finland,HUMAN_OBSERVATION
65.661676,24.350542,2017,8,Finland,HUMAN_OBSERVATION
65.661792,24.382736,2017,8,Finland,HUMAN_OBSERVATION
65.662062,24.437675,2018,7,Finland,HUMAN_OBSERVATION
65.663186,24.458128,2018,7,Finland,HUMAN_OBSERVATION
65.663501,24.407023,2018,7,Finland,HUMAN_OBSERVATION
65.663866,24.498689,2018,7,Finland,HUMAN_OBSERVATION
65.663958,24.202034,2017,7,Finland,HUMAN_OBSERVATION
65.664553,24.419322,2018,7,Finland,HUMAN_OBSERVATION
65.665864,24.49188,2024,8,Finland,HUMAN_OBSERVATION
65.665868,24.492098,2024,8,Finland,HUMAN_OBSERVATION
65.665871,24.492293,2024,8,Finland,HUMAN_OBSERVATION
65.665872,24.492902,2024,8,Finland,HUMAN_OBSERVATION
65.665874,24.492489,2024,8,Finland,HUMAN_OBSERVATION
65.665879,24.493315,2024,8,Finland,HUMAN_OBSERVATION
65.665882,24.493511,2024,8,Finland,HUMAN_OBSERVATION
65.66599,24.467472,2018,7,Finland,HUMAN_OBSERVATION
65.666507,24.492188,2024,8,Finland,HUMAN_OBSERVATION
65.666795,24.493901,2024,8,Finland,HUMAN_OBSERVATION
65.666811,24.41481,2018,7,Finland,HUMAN_OBSERVATION
65.666817,24.407236,2018,7,Finland,HUMAN_OBSERVATION
65.666825,24.494094,2024,8,Finland,HUMAN_OBSERVATION
65.667276,24.410476,2020,8,Finland,HUMAN_OBSERVATION
65.667355,24.410359,2020,8,Finland,HUMAN_OBSERVATION
65.667425,24.410244,2020,8,Finland,HUMAN_OBSERVATION
65.667494,24.410106,2020,8,Finland,HUMAN_OBSERVATION
65.667564,24.40999,2020,8,Finland,HUMAN_OBSERVATION
65.667634,24.409875,2020,8,Finland,HUMAN_OBSERVATION
65.667704,24.409737,2020,8,Finland,HUMAN_OBSERVATION
65.667782,24.40962,2020,8,Finland,HUMAN_OBSERVATION
65.667852,24.409504,2020,8,Finland,HUMAN_OBSERVATION
65.667922,24.409367,2020,8,Finland,HUMAN_OBSERVATION
65.667992,24.409251,2020,8,Finland,HUMAN_OBSERVATION
65.668312,24.40911,2020,8,Finland,HUMAN_OBSERVATION
65.668402,24.40908,2020,8,Finland,HUMAN_OBSERVATION
65.668491,24.409049,2020,8,Finland,HUMAN_OBSERVATION
65.66858,24.409018,2020,8,Finland,HUMAN_OBSERVATION
65.668651,24.403156,2018,7,Finland,HUMAN_OBSERVATION
65.668669,24.408987,2020,8,Finland,HUMAN_OBSERVATION
65.668759,24.408957,2020,8,Finland,HUMAN_OBSERVATION
65.668848,24.408926,2020,8,Finland,HUMAN_OBSERVATION
65.668937,24.408874,2020,8,Finland,HUMAN_OBSERVATION
65.669115,24.408812,2020,8,Finland,HUMAN_OBSERVATION
65.669462,24.42027,2018,7,Finland,HUMAN_OBSERVATION
65.669908,24.429128,2018,7,Finland,HUMAN_OBSERVATION
65.670095,24.430068,2018,7,Finland,HUMAN_OBSERVATION
65.671483,24.483087,2018,7,Finland,HUMAN_OBSERVATION
65.672679,24.606938,2024,8,Finland,HUMAN_OBSERVATION
65.672808,24.432825,2018,7,Finland,HUMAN_OBSERVATION
65.67332,24.433383,2018,7,Finland,HUMAN_OBSERVATION
65.675047,24.434671,2018,7,Finland,HUMAN_OBSERVATION
65.675489,24.434736,2018,7,Finland,HUMAN_OBSERVATION
65.676109,24.426815,2018,7,Finland,HUMAN_OBSERVATION
65.676315,24.42625,2018,7,Finland,HUMAN_OBSERVATION
65.677185,24.448067,2018,7,Finland,HUMAN_OBSERVATION
65.677334,24.448423,2018,7,Finland,HUMAN_OBSERVATION
65.67778,24.310942,2019,8,Finland,HUMAN_OBSERVATION
65.678382,24.557859,2017,9,Finland,HUMAN_OBSERVATION
65.682282,24.208789,2019,7,Finland,HUMAN_OBSERVATION
65.683172,24.459324,2024,8,Finland,HUMAN_OBSERVATION
65.683262,24.459337,2024,8,Finland,HUMAN_OBSERVATION
65.683352,24.45935,2024,8,Finland,HUMAN_OBSERVATION
65.683442,24.459363,2024,8,Finland,HUMAN_OBSERVATION
65.683532,24.459376,2024,8,Finland,HUMAN_OBSERVATION
65.683622,24.459389,2024,8,Finland,HUMAN_OBSERVATION
65.683802,24.459415,2024,8,Finland,HUMAN_OBSERVATION
65.684227,24.249549,2017,7,Finland,HUMAN_OBSERVATION
65.685491,24.501261,2018,8,Finland,HUMAN_OBSERVATION
65.686056,24.317903,2017,8,Finland,HUMAN_OBSERVATION
65.686099,24.317811,2017,8,Finland,HUMAN_OBSERVATION
65.686139,24.501896,2018,8,Finland,HUMAN_OBSERVATION
65.686169,24.317695,2017,8,Finland,HUMAN_OBSERVATION
65.686238,24.317535,2017,8,Finland,HUMAN_OBSERVATION
65.686264,24.317511,2017,8,Finland,HUMAN_OBSERVATION
65.686334,24.317373,2017,8,Finland,HUMAN_OBSERVATION
65.686403,24.317235,2017,8,Finland,HUMAN_OBSERVATION
65.686463,24.317098,2017,8,Finland,HUMAN_OBSERVATION
65.686533,24.316982,2017,8,Finland,HUMAN_OBSERVATION
65.686603,24.316844,2017,8,Finland,HUMAN_OBSERVATION
65.686672,24.316706,2017,8,Finland,HUMAN_OBSERVATION
65.686731,24.316504,2017,8,Finland,HUMAN_OBSERVATION
65.689599,24.603349,2018,8,Finland,HUMAN_OBSERVATION
65.689895,24.608483,2018,8,Finland,HUMAN_OBSERVATION
65.690634,24.337819,2018,8,Finland,HUMAN_OBSERVATION
65.690761,24.601891,2018,8,Finland,HUMAN_OBSERVATION
65.691332,24.428723,2018,8,Finland,HUMAN_OBSERVATION
65.693274,24.31685,2017,8,Finland,HUMAN_OBSERVATION
65.693455,24.547789,2018,7,Finland,HUMAN_OBSERVATION
65.695451,24.175924,2019,7,Finland,HUMAN_OBSERVATION
65.695621,24.431761,2018,8,Finland,HUMAN_OBSERVATION
65.695843,24.310286,2017,8,Finland,HUMAN_OBSERVATION
65.696558,24.306573,2017,8,Finland,HUMAN_OBSERVATION
65.69702,24.43221,2018,8,Finland,HUMAN_OBSERVATION
65.698372,24.306101,2017,8,Finland,HUMAN_OBSERVATION
65.698644,24.302651,2017,8,Finland,HUMAN_OBSERVATION
65.698732,24.244848,2017,7,Finland,HUMAN_OBSERVATION
65.69922,24.422687,2018,8,Finland,HUMAN_OBSERVATION
65.699224,24.422883,2018,8,Finland,HUMAN_OBSERVATION
65.699236,24.4231,2018,8,Finland,HUMAN_OBSERVATION
65.69924,24.423295,2018,8,Finland,HUMAN_OBSERVATION
65.699252,24.42349,2018,8,Finland,HUMAN_OBSERVATION
65.699716,24.303389,2017,8,Finland,HUMAN_OBSERVATION
65.700521,24.434326,2018,8,Finland,HUMAN_OBSERVATION
65.700765,24.306353,2017,8,Finland,HUMAN_OBSERVATION
65.701064,24.300917,2017,8,Finland,HUMAN_OBSERVATION
65.701808,24.294759,2017,8,Finland,HUMAN_OBSERVATION
65.701918,24.43519,2018,8,Finland,HUMAN_OBSERVATION
65.702698,24.613163,2018,8,Finland,HUMAN_OBSERVATION
65.70312,24.436182,2018,8,Finland,HUMAN_OBSERVATION
65.704872,24.286809,2017,8,Finland,HUMAN_OBSERVATION
65.71016,24.599003,2018,8,Finland,HUMAN_OBSERVATION
65.710524,24.26243,2017,8,Finland,HUMAN_OBSERVATION
65.71054,24.440744,2018,8,Finland,HUMAN_OBSERVATION
65.710597,24.262487,2017,8,Finland,HUMAN_OBSERVATION
65.710679,24.262588,2017,8,Finland,HUMAN_OBSERVATION
65.710753,24.262689,2017,8,Finland,HUMAN_OBSERVATION
65.710836,24.262789,2017,8,Finland,HUMAN_OBSERVATION
65.710909,24.26289,2017,8,Finland,HUMAN_OBSERVATION
65.711512,24.396303,2018,8,Finland,HUMAN_OBSERVATION
65.71169,24.396198,2018,8,Finland,HUMAN_OBSERVATION
65.711779,24.396167,2018,8,Finland,HUMAN_OBSERVATION
65.711808,24.441905,2018,8,Finland,HUMAN_OBSERVATION
65.712037,24.396011,2018,8,Finland,HUMAN_OBSERVATION
65.714585,24.261106,2019,7,Finland,HUMAN_OBSERVATION
65.715387,24.444407,2018,8,Finland,HUMAN_OBSERVATION
65.71697,22.3275,2007,8,Sweden,MATERIAL_SAMPLE
65.71697,22.3275,2007,8,Sweden,MATERIAL_SAMPLE
65.71697,22.3275,2007,8,Sweden,MATERIAL_SAMPLE
65.71697,22.3275,2007,8,Sweden,MATERIAL_SAMPLE
65.71697,22.3275,2007,8,Sweden,MATERIAL_SAMPLE
65.71785,24.363826,2018,8,Finland,HUMAN_OBSERVATION
65.717974,24.456843,2018,8,Finland,HUMAN_OBSERVATION
65.72122,24.364529,2018,8,Finland,HUMAN_OBSERVATION
65.721324,24.346721,2018,8,Finland,HUMAN_OBSERVATION
65.72234,24.512597,2018,8,Finland,HUMAN_OBSERVATION
65.723674,24.51345,2018,8,Finland,HUMAN_OBSERVATION
65.725067,24.514101,2018,8,Finland,HUMAN_OBSERVATION
65.73017,22.44667,2019,12,Sweden,MATERIAL_SAMPLE
65.731577,24.493861,2018,8,Finland,HUMAN_OBSERVATION
65.731862,24.458401,2018,8,Finland,HUMAN_OBSERVATION
65.732115,24.534041,2024,8,Finland,HUMAN_OBSERVATION
65.732197,24.534121,2024,8,Finland,HUMAN_OBSERVATION
65.737205,24.520179,2018,8,Finland,HUMAN_OBSERVATION
65.738087,24.199967,2017,9,Finland,HUMAN_OBSERVATION
65.739164,24.35709,2018,8,Finland,HUMAN_OBSERVATION
65.73975,23.69868,2007,8,Sweden,MATERIAL_SAMPLE
65.741894,24.333345,2018,8,Finland,HUMAN_OBSERVATION
65.74399,23.74058,2007,8,Sweden,MATERIAL_SAMPLE
65.74399,23.74058,2007,8,Sweden,MATERIAL_SAMPLE
65.74399,23.74058,2007,8,Sweden,MATERIAL_SAMPLE
65.74399,23.74058,2007,8,Sweden,MATERIAL_SAMPLE
65.74399,23.74058,2007,8,Sweden,MATERIAL_SAMPLE
65.74399,23.74058,2007,8,Sweden,MATERIAL_SAMPLE
65.74399,23.74058,2007,8,Sweden,MATERIAL_SAMPLE
65.747535,24.327872,2018,8,Finland,HUMAN_OBSERVATION
65.748193,24.27217,2019,7,Finland,HUMAN_OBSERVATION
65.748537,24.234884,2019,7,Finland,HUMAN_OBSERVATION
65.75096,24.217984,2017,9,Finland,HUMAN_OBSERVATION
65.7553,22.33797,2007,8,Sweden,MATERIAL_SAMPLE
65.7553,22.33797,2007,8,Sweden,MATERIAL_SAMPLE
65.7553,22.33797,2007,8,Sweden,MATERIAL_SAMPLE
65.7553,22.33797,2007,8,Sweden,MATERIAL_SAMPLE
65.755445,24.190265,2017,9,Finland,HUMAN_OBSERVATION
65.756867,24.291348,2023,8,Finland,HUMAN_OBSERVATION
65.756963,24.19912,2017,9,Finland,HUMAN_OBSERVATION
65.75946,23.4478,2007,8,Sweden,MATERIAL_SAMPLE
65.76964,22.46809,2007,8,Sweden,MATERIAL_SAMPLE
65.76964,22.46809,2007,8,Sweden,MATERIAL_SAMPLE
65.76964,22.46809,2007,8,Sweden,MATERIAL_SAMPLE
65.76964,22.46809,2007,8,Sweden,MATERIAL_SAMPLE
65.77016,22.60555,2007,8,Sweden,MATERIAL_SAMPLE
65.77016,22.60555,2007,8,Sweden,MATERIAL_SAMPLE
65.77016,22.60555,2007,8,Sweden,MATERIAL_SAMPLE
65.77016,22.60555,2007,8,Sweden,MATERIAL_SAMPLE
65.77016,22.60555,2007,8,Sweden,MATERIAL_SAMPLE
65.77858,22.55453,2007,8,Sweden,MATERIAL_SAMPLE
65.77858,22.55453,2007,8,Sweden,MATERIAL_SAMPLE
65.77858,22.55453,2007,8,Sweden,MATERIAL_SAMPLE
65.77858,22.55453,2007,8,Sweden,MATERIAL_SAMPLE
65.77858,22.55453,2007,8,Sweden,MATERIAL_SAMPLE
65.77858,22.55453,2007,8,Sweden,MATERIAL_SAMPLE
65.77858,22.55453,2007,8,Sweden,MATERIAL_SAMPLE
65.77858,22.55453,2007,8,Sweden,MATERIAL_SAMPLE
65.77858,22.55453,2007,8,Sweden,MATERIAL_SAMPLE
65.77858,22.55453,2007,8,Sweden,MATERIAL_SAMPLE
65.78992,22.42453,2007,8,Sweden,MATERIAL_SAMPLE
65.79482,22.60992,2008,8,Sweden,MATERIAL_SAMPLE
65.80088,23.60288,2007,8,Sweden,MATERIAL_SAMPLE
65.80088,23.60288,2007,8,Sweden,MATERIAL_SAMPLE
65.8075,22.375,2019,3,Sweden,MATERIAL_SAMPLE
65.8397,22.46605,2007,8,Sweden,MATERIAL_SAMPLE
65.8397,22.46605,2007,8,Sweden,MATERIAL_SAMPLE
65.8397,22.46605,2007,8,Sweden,MATERIAL_SAMPLE
65.84463,22.38173,2007,8,Sweden,MATERIAL_SAMPLE
