latitude,longitude,year,month,country,basisOfRecord
42.2284,-8.7787,2019,,Spain,OCCURRENCE
42.2284,-8.7787,2019,,Spain,OCCURRENCE
48.68726,-2.32933,2010,8,France,HUMAN_OBSERVATION
48.731555,-3.989466,2005,7,France,HUMAN_OBSERVATION
49.16879,-2.143055,2019,9,Jersey,HUMAN_OBSERVATION
49.1797,-2.160226,2019,9,Jersey,HUMAN_OBSERVATION
49.39152,-1.07859,2021,2,France,HUMAN_OBSERVATION
49.41732,-2.540068,2018,6,Guernsey,HUMAN_OBSERVATION
49.41807,-2.539855,2018,6,Guernsey,HUMAN_OBSERVATION
49.41841,-2.539859,2018,6,Guernsey,HUMAN_OBSERVATION
49.41841,-2.539859,2018,6,Guernsey,HUMAN_OBSERVATION
49.41841,-2.539859,2018,6,Guernsey,HUMAN_OBSERVATION
49.42015,-2.555074,2018,6,Guernsey,HUMAN_OBSERVATION
49.42015,-2.555074,2018,6,Guernsey,HUMAN_OBSERVATION
49.435001,-2.661664,2012,4,Guernsey,MATERIAL_SAMPLE
49.435001,-2.661664,2012,4,Guernsey,MATERIAL_SAMPLE
49.481621,-2.450466,2011,6,Guernsey,HUMAN_OBSERVATION
50.00398,-5.162126,2015,7,United Kingdom of Great Britain and Northern Ireland,HUMAN_OBSERVATION
50.096963,-5.124304,2013,9,United Kingdom of Great Britain and Northern Ireland,HUMAN_OBSERVATION
50.096963,-5.124304,2013,9,United Kingdom of Great Britain and Northern Ireland,HUMAN_OBSERVATION
50.097,-5.122908,2013,9,United Kingdom of Great Britain and Northern Ireland,HUMAN_OBSERVATION
50.097,-5.122908,2013,9,United Kingdom of Great Britain and Northern Ireland,HUMAN_OBSERVATION
50.097,-5.122908,2013,9,United Kingdom of Great Britain and Northern Ireland,HUMAN_OBSERVATION
50.097,-5.122908,2013,9,United Kingdom of Great Britain and Northern Ireland,HUMAN_OBSERVATION
50.097,-5.122908,2013,9,United Kingdom of Great Britain and Northern Ireland,HUMAN_OBSERVATION
50.097,-5.122908,2013,9,United Kingdom of Great Britain and Northern Ireland,HUMAN_OBSERVATION
50.097,-5.122908,2013,9,United Kingdom of Great Britain and Northern Ireland,HUMAN_OBSERVATION
50.097,-5.122908,2013,9,United Kingdom of Great Britain and Northern Ireland,HUMAN_OBSERVATION
50.097,-5.122908,2013,9,United Kingdom of Great Britain and Northern Ireland,HUMAN_OBSERVATION
50.11906,-5.529741,2018,3,United Kingdom of Great Britain and Northern Ireland,MATERIAL_SAMPLE
50.11906,-5.529741,2018,3,United Kingdom of Great Britain and Northern Ireland,MATERIAL_SAMPLE
50.12019,-5.529839,2018,3,United Kingdom of Great Britain and Northern Ireland,HUMAN_OBSERVATION
50.12058,-5.005385,2016,9,United Kingdom of Great Britain and Northern Ireland,HUMAN_OBSERVATION
50.13929,-5.072982,2020,10,United Kingdom of Great Britain and Northern Ireland,HUMAN_OBSERVATION
50.13929,-5.072982,2020,10,United Kingdom of Great Britain and Northern Ireland,HUMAN_OBSERVATION
50.15174,-5.028568,2016,9,United Kingdom of Great Britain and Northern Ireland,HUMAN_OBSERVATION
50.15275,-5.039287,2016,9,United Kingdom of Great Britain and Northern Ireland,HUMAN_OBSERVATION
50.15288,-5.036663,2016,9,United Kingdom of Great Britain and Northern Ireland,HUMAN_OBSERVATION
50.1529,-5.027814,2016,9,United Kingdom of Great Britain and Northern Ireland,HUMAN_OBSERVATION
50.153513,-5.027183,2013,9,United Kingdom of Great Britain and Northern Ireland,HUMAN_OBSERVATION
50.153513,-5.027183,2013,9,United Kingdom of Great Britain and Northern Ireland,HUMAN_OBSERVATION
50.153513,-5.027183,2013,9,United Kingdom of Great Britain and Northern Ireland,HUMAN_OBSERVATION
50.153513,-5.027183,2013,9,United Kingdom of Great Britain and Northern Ireland,HUMAN_OBSERVATION
50.153513,-5.027183,2013,9,United Kingdom of Great Britain and Northern Ireland,HUMAN_OBSERVATION
50.153513,-5.027183,2013,9,United Kingdom of Great Britain and Northern Ireland,HUMAN_OBSERVATION
50.153513,-5.027183,2013,9,United Kingdom of Great Britain and Northern Ireland,HUMAN_OBSERVATION
50.153513,-5.027183,2013,9,United Kingdom of Great Britain and Northern Ireland,HUMAN_OBSERVATION
50.153513,-5.027183,2013,9,United Kingdom of Great Britain and Northern Ireland,HUMAN_OBSERVATION
50.15462,-5.028736,2016,9,United Kingdom of Great Britain and Northern Ireland,HUMAN_OBSERVATION
50.156171,-5.028751,2013,9,United Kingdom of Great Britain and Northern Ireland,HUMAN_OBSERVATION
50.156171,-5.028751,2013,9,United Kingdom of Great Britain and Northern Ireland,HUMAN_OBSERVATION
50.156171,-5.028751,2013,9,United Kingdom of Great Britain and Northern Ireland,HUMAN_OBSERVATION
50.156171,-5.028751,2013,9,United Kingdom of Great Britain and Northern Ireland,HUMAN_OBSERVATION
50.156171,-5.028751,2013,9,United Kingdom of Great Britain and Northern Ireland,HUMAN_OBSERVATION
50.156171,-5.028751,2013,9,United Kingdom of Great Britain and Northern Ireland,HUMAN_OBSERVATION
50.156171,-5.028751,2013,9,United Kingdom of Great Britain and Northern Ireland,HUMAN_OBSERVATION
50.156171,-5.028751,2013,9,United Kingdom of Great Britain and Northern Ireland,HUMAN_OBSERVATION
50.160661,-5.029035,2013,9,United Kingdom of Great Britain and Northern Ireland,HUMAN_OBSERVATION
50.160661,-5.029035,2013,9,United Kingdom of Great Britain and Northern Ireland,HUMAN_OBSERVATION
50.160661,-5.029035,2013,9,United Kingdom of Great Britain and Northern Ireland,HUMAN_OBSERVATION
50.160661,-5.029035,2013,9,United Kingdom of Great Britain and Northern Ireland,HUMAN_OBSERVATION
50.160661,-5.029035,2013,9,United Kingdom of Great Britain and Northern Ireland,HUMAN_OBSERVATION
50.160661,-5.029035,2013,9,United Kingdom of Great Britain and Northern Ireland,HUMAN_OBSERVATION
50.162348,-5.033343,2013,9,United Kingdom of Great Britain and Northern Ireland,HUMAN_OBSERVATION
50.162348,-5.033343,2013,9,United Kingdom of Great Britain and Northern Ireland,HUMAN_OBSERVATION
50.162348,-5.033343,2013,9,United Kingdom of Great Britain and Northern Ireland,HUMAN_OBSERVATION
50.162348,-5.033343,2013,9,United Kingdom of Great Britain and Northern Ireland,HUMAN_OBSERVATION
50.162348,-5.033343,2013,9,United Kingdom of Great Britain and Northern Ireland,HUMAN_OBSERVATION
50.162348,-5.033343,2013,9,United Kingdom of Great Britain and Northern Ireland,HUMAN_OBSERVATION
50.162348,-5.033343,2013,9,United Kingdom of Great Britain and Northern Ireland,HUMAN_OBSERVATION
50.162348,-5.033343,2013,9,United Kingdom of Great Britain and Northern Ireland,HUMAN_OBSERVATION
50.162348,-5.033343,2013,9,United Kingdom of Great Britain and Northern Ireland,HUMAN_OBSERVATION
50.162348,-5.033343,2013,9,United Kingdom of Great Britain and Northern Ireland,HUMAN_OBSERVATION
50.162348,-5.033343,2013,9,United Kingdom of Great Britain and Northern Ireland,HUMAN_OBSERVATION
50.162348,-5.033343,2013,9,United Kingdom of Great Britain and Northern Ireland,HUMAN_OBSERVATION
50.162348,-5.033343,2013,9,United Kingdom of Great Britain and Northern Ireland,HUMAN_OBSERVATION
50.162348,-5.033343,2013,9,United Kingdom of Great Britain and Northern Ireland,HUMAN_OBSERVATION
50.162348,-5.033343,2013,9,United Kingdom of Great Britain and Northern Ireland,HUMAN_OBSERVATION
50.162348,-5.033343,2013,9,United Kingdom of Great Britain and Northern Ireland,HUMAN_OBSERVATION
50.162348,-5.033343,2013,9,United Kingdom of Great Britain and Northern Ireland,HUMAN_OBSERVATION
50.162348,-5.033343,2013,9,United Kingdom of Great Britain and Northern Ireland,HUMAN_OBSERVATION
50.162348,-5.033343,2013,9,United Kingdom of Great Britain and Northern Ireland,HUMAN_OBSERVATION
50.162348,-5.033343,2013,9,United Kingdom of Great Britain and Northern Ireland,HUMAN_OBSERVATION
50.162421,-5.030547,2013,9,United Kingdom of Great Britain and Northern Ireland,HUMAN_OBSERVATION
50.162421,-5.030547,2013,9,United Kingdom of Great Britain and Northern Ireland,HUMAN_OBSERVATION
50.162421,-5.030547,2013,9,United Kingdom of Great Britain and Northern Ireland,HUMAN_OBSERVATION
50.162421,-5.030547,2013,9,United Kingdom of Great Britain and Northern Ireland,HUMAN_OBSERVATION
50.162421,-5.030547,2013,9,United Kingdom of Great Britain and Northern Ireland,HUMAN_OBSERVATION
50.162421,-5.030547,2013,9,United Kingdom of Great Britain and Northern Ireland,HUMAN_OBSERVATION
50.162421,-5.030547,2013,9,United Kingdom of Great Britain and Northern Ireland,HUMAN_OBSERVATION
50.162421,-5.030547,2013,9,United Kingdom of Great Britain and Northern Ireland,HUMAN_OBSERVATION
50.165079,-5.032115,2013,9,United Kingdom of Great Britain and Northern Ireland,HUMAN_OBSERVATION
50.165079,-5.032115,2013,9,United Kingdom of Great Britain and Northern Ireland,HUMAN_OBSERVATION
50.165079,-5.032115,2013,9,United Kingdom of Great Britain and Northern Ireland,HUMAN_OBSERVATION
50.165079,-5.032115,2013,9,United Kingdom of Great Britain and Northern Ireland,HUMAN_OBSERVATION
50.165079,-5.032115,2013,9,United Kingdom of Great Britain and Northern Ireland,HUMAN_OBSERVATION
50.165079,-5.032115,2013,9,United Kingdom of Great Britain and Northern Ireland,HUMAN_OBSERVATION
50.165079,-5.032115,2013,9,United Kingdom of Great Britain and Northern Ireland,HUMAN_OBSERVATION
50.165079,-5.032115,2013,9,United Kingdom of Great Britain and Northern Ireland,HUMAN_OBSERVATION
50.165079,-5.032115,2013,9,United Kingdom of Great Britain and Northern Ireland,HUMAN_OBSERVATION
50.165079,-5.032115,2013,9,United Kingdom of Great Britain and Northern Ireland,HUMAN_OBSERVATION
50.165079,-5.032115,2013,9,United Kingdom of Great Britain and Northern Ireland,HUMAN_OBSERVATION
50.165079,-5.032115,2013,9,United Kingdom of Great Britain and Northern Ireland,HUMAN_OBSERVATION
50.165079,-5.032115,2013,9,United Kingdom of Great Britain and Northern Ireland,HUMAN_OBSERVATION
50.165079,-5.032115,2013,9,United Kingdom of Great Britain and Northern Ireland,HUMAN_OBSERVATION
50.165079,-5.032115,2013,9,United Kingdom of Great Britain and Northern Ireland,HUMAN_OBSERVATION
50.165079,-5.032115,2013,9,United Kingdom of Great Britain and Northern Ireland,HUMAN_OBSERVATION
50.165079,-5.032115,2013,9,United Kingdom of Great Britain and Northern Ireland,HUMAN_OBSERVATION
50.165079,-5.032115,2013,9,United Kingdom of Great Britain and Northern Ireland,HUMAN_OBSERVATION
50.165079,-5.032115,2013,9,United Kingdom of Great Britain and Northern Ireland,HUMAN_OBSERVATION
50.165079,-5.032115,2013,9,United Kingdom of Great Britain and Northern Ireland,HUMAN_OBSERVATION
50.165152,-5.029319,2013,9,United Kingdom of Great Britain and Northern Ireland,HUMAN_OBSERVATION
50.165152,-5.029319,2013,9,United Kingdom of Great Britain and Northern Ireland,HUMAN_OBSERVATION
50.165152,-5.029319,2013,9,United Kingdom of Great Britain and Northern Ireland,HUMAN_OBSERVATION
50.165152,-5.029319,2013,9,United Kingdom of Great Britain and Northern Ireland,HUMAN_OBSERVATION
50.165152,-5.029319,2013,9,United Kingdom of Great Britain and Northern Ireland,HUMAN_OBSERVATION
50.165152,-5.029319,2013,9,United Kingdom of Great Britain and Northern Ireland,HUMAN_OBSERVATION
50.165152,-5.029319,2013,9,United Kingdom of Great Britain and Northern Ireland,HUMAN_OBSERVATION
50.165152,-5.029319,2013,9,United Kingdom of Great Britain and Northern Ireland,HUMAN_OBSERVATION
50.165152,-5.029319,2013,9,United Kingdom of Great Britain and Northern Ireland,HUMAN_OBSERVATION
50.165152,-5.029319,2013,9,United Kingdom of Great Britain and Northern Ireland,HUMAN_OBSERVATION
50.165152,-5.029319,2013,9,United Kingdom of Great Britain and Northern Ireland,HUMAN_OBSERVATION
50.165152,-5.029319,2013,9,United Kingdom of Great Britain and Northern Ireland,HUMAN_OBSERVATION
50.165152,-5.029319,2013,9,United Kingdom of Great Britain and Northern Ireland,HUMAN_OBSERVATION
50.165152,-5.029319,2013,9,United Kingdom of Great Britain and Northern Ireland,HUMAN_OBSERVATION
50.167846,-5.029489,2013,9,United Kingdom of Great Britain and Northern Ireland,HUMAN_OBSERVATION
50.167846,-5.029489,2013,9,United Kingdom of Great Britain and Northern Ireland,HUMAN_OBSERVATION
50.167846,-5.029489,2013,9,United Kingdom of Great Britain and Northern Ireland,HUMAN_OBSERVATION
50.167846,-5.029489,2013,9,United Kingdom of Great Britain and Northern Ireland,HUMAN_OBSERVATION
50.167846,-5.029489,2013,9,United Kingdom of Great Britain and Northern Ireland,HUMAN_OBSERVATION
50.167846,-5.029489,2013,9,United Kingdom of Great Britain and Northern Ireland,HUMAN_OBSERVATION
50.167846,-5.029489,2013,9,United Kingdom of Great Britain and Northern Ireland,HUMAN_OBSERVATION
50.167846,-5.029489,2013,9,United Kingdom of Great Britain and Northern Ireland,HUMAN_OBSERVATION
50.167846,-5.029489,2013,9,United Kingdom of Great Britain and Northern Ireland,HUMAN_OBSERVATION
50.167846,-5.029489,2013,9,United Kingdom of Great Britain and Northern Ireland,HUMAN_OBSERVATION
50.167846,-5.029489,2013,9,United Kingdom of Great Britain and Northern Ireland,HUMAN_OBSERVATION
50.167846,-5.029489,2013,9,United Kingdom of Great Britain and Northern Ireland,HUMAN_OBSERVATION
50.167846,-5.029489,2013,9,United Kingdom of Great Britain and Northern Ireland,HUMAN_OBSERVATION
50.167919,-5.026693,2013,9,United Kingdom of Great Britain and Northern Ireland,HUMAN_OBSERVATION
50.167919,-5.026693,2013,9,United Kingdom of Great Britain and Northern Ireland,HUMAN_OBSERVATION
50.167919,-5.026693,2013,9,United Kingdom of Great Britain and Northern Ireland,HUMAN_OBSERVATION
50.167919,-5.026693,2013,9,United Kingdom of Great Britain and Northern Ireland,HUMAN_OBSERVATION
50.167919,-5.026693,2013,9,United Kingdom of Great Britain and Northern Ireland,HUMAN_OBSERVATION
50.167919,-5.026693,2013,9,United Kingdom of Great Britain and Northern Ireland,HUMAN_OBSERVATION
50.169788,-5.02401,2013,9,United Kingdom of Great Britain and Northern Ireland,HUMAN_OBSERVATION
50.169788,-5.02401,2013,9,United Kingdom of Great Britain and Northern Ireland,HUMAN_OBSERVATION
50.169788,-5.02401,2013,9,United Kingdom of Great Britain and Northern Ireland,HUMAN_OBSERVATION
50.169788,-5.02401,2013,9,United Kingdom of Great Britain and Northern Ireland,HUMAN_OBSERVATION
50.169788,-5.02401,2013,9,United Kingdom of Great Britain and Northern Ireland,HUMAN_OBSERVATION
50.169788,-5.02401,2013,9,United Kingdom of Great Britain and Northern Ireland,HUMAN_OBSERVATION
50.169788,-5.02401,2013,9,United Kingdom of Great Britain and Northern Ireland,HUMAN_OBSERVATION
50.169788,-5.02401,2013,9,United Kingdom of Great Britain and Northern Ireland,HUMAN_OBSERVATION
50.169788,-5.02401,2013,9,United Kingdom of Great Britain and Northern Ireland,HUMAN_OBSERVATION
50.169788,-5.02401,2013,9,United Kingdom of Great Britain and Northern Ireland,HUMAN_OBSERVATION
50.169788,-5.02401,2013,9,United Kingdom of Great Britain and Northern Ireland,HUMAN_OBSERVATION
50.169788,-5.02401,2013,9,United Kingdom of Great Britain and Northern Ireland,HUMAN_OBSERVATION
50.18494,-5.027431,2021,9,United Kingdom of Great Britain and Northern Ireland,HUMAN_OBSERVATION
50.2607,-3.858967,2021,8,United Kingdom of Great Britain and Northern Ireland,HUMAN_OBSERVATION
50.350134,-4.159167,2018,,United Kingdom of Great Britain and Northern Ireland,OCCURRENCE
50.3668,-4.1561,2019,,United Kingdom of Great Britain and Northern Ireland,OCCURRENCE
50.366859,-4.15513,2009,8,United Kingdom of Great Britain and Northern Ireland,HUMAN_OBSERVATION
50.55836,-2.419107,2018,8,United Kingdom of Great Britain and Northern Ireland,HUMAN_OBSERVATION
50.56237,-2.420866,2018,5,United Kingdom of Great Britain and Northern Ireland,HUMAN_OBSERVATION
50.56726,-2.424694,2017,5,United Kingdom of Great Britain and Northern Ireland,HUMAN_OBSERVATION
50.56926,-2.446446,2020,1,United Kingdom of Great Britain and Northern Ireland,HUMAN_OBSERVATION
50.56926,-2.446446,2020,1,United Kingdom of Great Britain and Northern Ireland,HUMAN_OBSERVATION
50.5701,-2.441694,2020,5,United Kingdom of Great Britain and Northern Ireland,HUMAN_OBSERVATION
50.57014,-2.441667,2018,12,United Kingdom of Great Britain and Northern Ireland,HUMAN_OBSERVATION
50.57014,-2.441667,2018,12,United Kingdom of Great Britain and Northern Ireland,HUMAN_OBSERVATION
50.58043,-2.413865,2018,7,United Kingdom of Great Britain and Northern Ireland,HUMAN_OBSERVATION
50.58595,-2.418208,2020,6,United Kingdom of Great Britain and Northern Ireland,HUMAN_OBSERVATION
50.58599,-2.086868,2017,5,United Kingdom of Great Britain and Northern Ireland,HUMAN_OBSERVATION
50.59329,-2.461707,2020,12,United Kingdom of Great Britain and Northern Ireland,HUMAN_OBSERVATION
50.59329,-2.461707,2020,12,United Kingdom of Great Britain and Northern Ireland,HUMAN_OBSERVATION
50.59434,-4.824127,2021,9,United Kingdom of Great Britain and Northern Ireland,HUMAN_OBSERVATION
50.6026,-2.447355,2017,1,United Kingdom of Great Britain and Northern Ireland,HUMAN_OBSERVATION
50.60806,-1.949373,2017,12,United Kingdom of Great Britain and Northern Ireland,HUMAN_OBSERVATION
50.60806,-1.949373,2017,12,United Kingdom of Great Britain and Northern Ireland,HUMAN_OBSERVATION
50.60824,-1.949118,2014,9,United Kingdom of Great Britain and Northern Ireland,HUMAN_OBSERVATION
50.60909,-2.443798,2017,9,United Kingdom of Great Britain and Northern Ireland,HUMAN_OBSERVATION
50.61916,-1.947325,2015,8,United Kingdom of Great Britain and Northern Ireland,HUMAN_OBSERVATION
50.61916,-1.947325,2015,8,United Kingdom of Great Britain and Northern Ireland,HUMAN_OBSERVATION
50.62593,-1.934465,2015,10,United Kingdom of Great Britain and Northern Ireland,HUMAN_OBSERVATION
50.6261,-1.934139,2016,9,United Kingdom of Great Britain and Northern Ireland,HUMAN_OBSERVATION
50.6261,-1.934139,2016,9,United Kingdom of Great Britain and Northern Ireland,HUMAN_OBSERVATION
50.66136,-1.913163,2014,8,United Kingdom of Great Britain and Northern Ireland,HUMAN_OBSERVATION
50.66151,-1.904446,2015,5,United Kingdom of Great Britain and Northern Ireland,HUMAN_OBSERVATION
50.6636,-1.912295,2014,6,United Kingdom of Great Britain and Northern Ireland,HUMAN_OBSERVATION
50.67208,-1.077377,2018,7,United Kingdom of Great Britain and Northern Ireland,HUMAN_OBSERVATION
50.67392,-1.989647,2016,9,United Kingdom of Great Britain and Northern Ireland,HUMAN_OBSERVATION
50.67648,-1.976497,2016,8,United Kingdom of Great Britain and Northern Ireland,HUMAN_OBSERVATION
50.6789,-1.984946,2016,9,United Kingdom of Great Britain and Northern Ireland,HUMAN_OBSERVATION
50.67898,-1.983283,2016,9,United Kingdom of Great Britain and Northern Ireland,HUMAN_OBSERVATION
50.6831,-1.896121,2017,5,United Kingdom of Great Britain and Northern Ireland,HUMAN_OBSERVATION
50.68623,-1.87652,2019,7,United Kingdom of Great Britain and Northern Ireland,HUMAN_OBSERVATION
50.68792,-1.689604,2016,8,United Kingdom of Great Britain and Northern Ireland,HUMAN_OBSERVATION
50.69038,-1.864545,2017,7,United Kingdom of Great Britain and Northern Ireland,HUMAN_OBSERVATION
50.69038,-1.864545,2017,7,United Kingdom of Great Britain and Northern Ireland,HUMAN_OBSERVATION
50.69104,-1.862151,2015,9,United Kingdom of Great Britain and Northern Ireland,HUMAN_OBSERVATION
50.6937,-1.875878,2019,7,United Kingdom of Great Britain and Northern Ireland,HUMAN_OBSERVATION
50.69738,-1.982002,2016,6,United Kingdom of Great Britain and Northern Ireland,HUMAN_OBSERVATION
50.69786,-1.971792,2016,6,United Kingdom of Great Britain and Northern Ireland,HUMAN_OBSERVATION
50.69786,-1.971792,2016,6,United Kingdom of Great Britain and Northern Ireland,HUMAN_OBSERVATION
50.69795,-1.966715,2016,6,United Kingdom of Great Britain and Northern Ireland,HUMAN_OBSERVATION
50.69795,-1.966715,2016,6,United Kingdom of Great Britain and Northern Ireland,HUMAN_OBSERVATION
50.69796,-1.978992,2016,6,United Kingdom of Great Britain and Northern Ireland,HUMAN_OBSERVATION
50.711448,-1.977492,2018,9,United Kingdom of Great Britain and Northern Ireland,MATERIAL_SAMPLE
50.711448,-1.977492,2018,9,United Kingdom of Great Britain and Northern Ireland,MATERIAL_SAMPLE
50.71309,-1.462423,2020,7,United Kingdom of Great Britain and Northern Ireland,HUMAN_OBSERVATION
50.7136,-1.873374,2019,3,United Kingdom of Great Britain and Northern Ireland,HUMAN_OBSERVATION
50.74154,-1.355437,2021,9,United Kingdom of Great Britain and Northern Ireland,HUMAN_OBSERVATION
51.4,3.55,2023,2,Netherlands,HUMAN_OBSERVATION
51.4,3.6,2025,5,Netherlands,HUMAN_OBSERVATION
51.4,3.6,2025,5,Netherlands,HUMAN_OBSERVATION
51.4,3.6,2025,5,Netherlands,HUMAN_OBSERVATION
51.4,3.6,2024,11,Netherlands,HUMAN_OBSERVATION
51.4,3.6,2024,12,Netherlands,HUMAN_OBSERVATION
51.4,3.7,2025,2,Netherlands,HUMAN_OBSERVATION
51.4,3.7,2025,2,Netherlands,HUMAN_OBSERVATION
51.4,3.7,2025,2,Netherlands,HUMAN_OBSERVATION
51.4,3.7,2025,2,Netherlands,HUMAN_OBSERVATION
51.4,3.7,2025,2,Netherlands,HUMAN_OBSERVATION
51.4,3.7,2025,2,Netherlands,HUMAN_OBSERVATION
51.4,3.7,2025,2,Netherlands,HUMAN_OBSERVATION
51.4,3.7,2025,3,Netherlands,HUMAN_OBSERVATION
51.4,3.7,2025,3,Netherlands,HUMAN_OBSERVATION
51.4,3.7,2025,3,Netherlands,HUMAN_OBSERVATION
51.4,3.7,2025,3,Netherlands,HUMAN_OBSERVATION
51.4,3.7,2025,3,Netherlands,HUMAN_OBSERVATION
51.4,3.7,2025,3,Netherlands,HUMAN_OBSERVATION
51.4,3.7,2025,3,Netherlands,HUMAN_OBSERVATION
51.4,3.7,2025,3,Netherlands,HUMAN_OBSERVATION
51.4,3.7,2025,3,Netherlands,HUMAN_OBSERVATION
51.4,3.7,2025,3,Netherlands,HUMAN_OBSERVATION
51.4,3.7,2024,11,Netherlands,HUMAN_OBSERVATION
51.4,3.7,2024,11,Netherlands,HUMAN_OBSERVATION
51.4,3.7,2024,12,Netherlands,HUMAN_OBSERVATION
51.4,3.7,2024,12,Netherlands,HUMAN_OBSERVATION
51.4,3.7,2024,12,Netherlands,HUMAN_OBSERVATION
51.4,3.7,2024,12,Netherlands,HUMAN_OBSERVATION
51.4,3.7,2024,12,Netherlands,HUMAN_OBSERVATION
51.4,3.7,2024,12,Netherlands,HUMAN_OBSERVATION
51.4,3.7,2024,12,Netherlands,HUMAN_OBSERVATION
51.4,3.7,2024,12,Netherlands,HUMAN_OBSERVATION
51.4,3.7,2024,12,Netherlands,HUMAN_OBSERVATION
51.4,3.7,2024,12,Netherlands,HUMAN_OBSERVATION
51.4,3.7,2022,3,Netherlands,HUMAN_OBSERVATION
51.4,3.7,2021,1,Netherlands,HUMAN_OBSERVATION
51.4,3.7,2021,4,Netherlands,HUMAN_OBSERVATION
51.4,3.7,2021,5,Netherlands,HUMAN_OBSERVATION
51.4,3.7,2020,1,Netherlands,HUMAN_OBSERVATION
51.4,3.7,2020,1,Netherlands,HUMAN_OBSERVATION
51.4,3.7,2020,11,Netherlands,HUMAN_OBSERVATION
51.4,3.7,2020,12,Netherlands,HUMAN_OBSERVATION
51.4,4.1,2012,4,Netherlands,HUMAN_OBSERVATION
51.45,3.7,2019,7,Netherlands,HUMAN_OBSERVATION
51.45,3.7,2019,8,Netherlands,HUMAN_OBSERVATION
51.45,4.05,2021,5,Netherlands,HUMAN_OBSERVATION
51.453,3.653,2008,3,Netherlands,HUMAN_OBSERVATION
51.48,4.06,2011,5,Netherlands,HUMAN_OBSERVATION
51.5,3.9,2025,2,Netherlands,HUMAN_OBSERVATION
51.5,3.9,2024,4,Netherlands,HUMAN_OBSERVATION
51.5,3.9,2024,12,Netherlands,HUMAN_OBSERVATION
51.5,3.9,2023,1,Netherlands,HUMAN_OBSERVATION
51.5,3.9,2023,1,Netherlands,HUMAN_OBSERVATION
51.5,3.9,2023,1,Netherlands,HUMAN_OBSERVATION
51.5,3.9,2023,1,Netherlands,HUMAN_OBSERVATION
51.5,3.9,2023,2,Netherlands,HUMAN_OBSERVATION
51.5,3.9,2023,5,Netherlands,HUMAN_OBSERVATION
51.5,3.9,2023,6,Netherlands,HUMAN_OBSERVATION
51.5,3.9,2021,12,Netherlands,HUMAN_OBSERVATION
51.5,3.9,1999,3,Netherlands,HUMAN_OBSERVATION
51.5,3.95,2025,3,Netherlands,HUMAN_OBSERVATION
51.5,3.95,2024,1,Netherlands,HUMAN_OBSERVATION
51.5,3.95,2024,2,Netherlands,HUMAN_OBSERVATION
51.5,3.95,2024,11,Netherlands,HUMAN_OBSERVATION
51.5,3.95,2024,11,Netherlands,HUMAN_OBSERVATION
51.5,3.95,2024,11,Netherlands,HUMAN_OBSERVATION
51.5,3.95,2024,11,Netherlands,HUMAN_OBSERVATION
51.5,3.95,2023,1,Netherlands,HUMAN_OBSERVATION
51.5,3.95,2023,3,Netherlands,HUMAN_OBSERVATION
51.5,3.95,2023,12,Netherlands,HUMAN_OBSERVATION
51.5,3.95,2023,12,Netherlands,HUMAN_OBSERVATION
51.5,3.95,2023,12,Netherlands,HUMAN_OBSERVATION
51.5,3.95,2023,12,Netherlands,HUMAN_OBSERVATION
51.5,3.95,2023,12,Netherlands,HUMAN_OBSERVATION
51.5,3.95,2013,12,Netherlands,HUMAN_OBSERVATION
51.5,3.95,2012,11,Netherlands,HUMAN_OBSERVATION
51.5,4,2025,1,Netherlands,HUMAN_OBSERVATION
51.5,4,2025,2,Netherlands,HUMAN_OBSERVATION
51.5,4,2025,3,Netherlands,HUMAN_OBSERVATION
51.5,4,2024,2,Netherlands,HUMAN_OBSERVATION
51.5,4,2024,2,Netherlands,HUMAN_OBSERVATION
51.5,4,2024,2,Netherlands,HUMAN_OBSERVATION
51.5,4,2023,2,Netherlands,HUMAN_OBSERVATION
51.5,4,2023,5,Netherlands,HUMAN_OBSERVATION
51.5,4,2023,8,Netherlands,HUMAN_OBSERVATION
51.5,4.04,2016,10,Netherlands,HUMAN_OBSERVATION
51.5,4.04,2014,10,Netherlands,HUMAN_OBSERVATION
51.5,4.05,2025,2,Netherlands,HUMAN_OBSERVATION
51.5,4.05,2024,2,Netherlands,HUMAN_OBSERVATION
51.5,4.05,2023,4,Netherlands,HUMAN_OBSERVATION
51.5,4.15,2024,4,Netherlands,HUMAN_OBSERVATION
51.5,4.15,2023,4,Netherlands,HUMAN_OBSERVATION
51.5,4.26,2009,12,Netherlands,HUMAN_OBSERVATION
51.501,4.053,2016,7,Netherlands,HUMAN_OBSERVATION
51.52,3.95,2017,4,Netherlands,HUMAN_OBSERVATION
51.52,3.95,2016,11,Netherlands,HUMAN_OBSERVATION
51.52,3.95,2014,4,Netherlands,HUMAN_OBSERVATION
51.52,3.95,2013,7,Netherlands,HUMAN_OBSERVATION
51.52,3.95,2013,11,Netherlands,HUMAN_OBSERVATION
51.52,3.95,2007,3,Netherlands,HUMAN_OBSERVATION
51.52,3.95,2007,11,Netherlands,HUMAN_OBSERVATION
51.52,3.95,2006,2,Netherlands,HUMAN_OBSERVATION
51.52,4,2015,4,Netherlands,HUMAN_OBSERVATION
51.52,4,2015,7,Netherlands,HUMAN_OBSERVATION
51.52,4,2015,11,Netherlands,HUMAN_OBSERVATION
51.52,4.004,2018,8,Netherlands,HUMAN_OBSERVATION
51.525,4.078,2019,5,Netherlands,HUMAN_OBSERVATION
51.525,4.078,2016,5,Netherlands,HUMAN_OBSERVATION
51.525,4.078,2015,5,Netherlands,HUMAN_OBSERVATION
51.525,4.078,2014,3,Netherlands,HUMAN_OBSERVATION
51.537,3.927,2013,7,Netherlands,HUMAN_OBSERVATION
51.539,3.93,2018,10,Netherlands,HUMAN_OBSERVATION
51.539,3.93,2014,1,Netherlands,HUMAN_OBSERVATION
51.539,3.93,2007,1,Netherlands,HUMAN_OBSERVATION
51.539,3.93,2006,4,Netherlands,HUMAN_OBSERVATION
51.543,3.924,2015,4,Netherlands,HUMAN_OBSERVATION
51.55,3.5,2025,3,Netherlands,HUMAN_OBSERVATION
51.55,3.5,2025,4,Netherlands,HUMAN_OBSERVATION
51.55,3.55,2024,12,Netherlands,HUMAN_OBSERVATION
51.55,3.6,2021,1,Netherlands,HUMAN_OBSERVATION
51.55,3.65,2024,11,Netherlands,HUMAN_OBSERVATION
51.55,3.85,2025,2,Netherlands,HUMAN_OBSERVATION
51.55,3.85,2024,4,Netherlands,HUMAN_OBSERVATION
51.55,3.85,2023,1,Netherlands,HUMAN_OBSERVATION
51.55,3.85,2022,12,Netherlands,HUMAN_OBSERVATION
51.55,3.85,2022,12,Netherlands,HUMAN_OBSERVATION
51.55,3.85,2022,12,Netherlands,HUMAN_OBSERVATION
51.55,3.85,2022,12,Netherlands,HUMAN_OBSERVATION
51.55,4,2025,2,Netherlands,HUMAN_OBSERVATION
51.55,4,2024,5,Netherlands,HUMAN_OBSERVATION
51.55,4,2024,5,Netherlands,HUMAN_OBSERVATION
51.55,4,2023,5,Netherlands,HUMAN_OBSERVATION
51.568,3.893,2016,12,Netherlands,HUMAN_OBSERVATION
51.568,3.893,2011,11,Netherlands,HUMAN_OBSERVATION
51.59,3.66,2022,1,Netherlands,HUMAN_OBSERVATION
51.59,3.66,2022,1,Netherlands,HUMAN_OBSERVATION
51.597,3.692,2017,3,Netherlands,HUMAN_OBSERVATION
51.6,3.65,2025,1,Netherlands,HUMAN_OBSERVATION
51.6,3.65,2025,2,Netherlands,HUMAN_OBSERVATION
51.6,3.65,2025,2,Netherlands,HUMAN_OBSERVATION
51.6,3.65,2024,1,Netherlands,HUMAN_OBSERVATION
51.6,3.65,2021,3,Netherlands,HUMAN_OBSERVATION
51.6,3.7,2025,2,Netherlands,HUMAN_OBSERVATION
51.6,3.8,2009,9,Netherlands,HUMAN_OBSERVATION
51.6,3.85,2023,4,Netherlands,HUMAN_OBSERVATION
51.6,3.85,2017,12,Netherlands,HUMAN_OBSERVATION
51.6,3.9,2023,3,Netherlands,HUMAN_OBSERVATION
51.6,3.9,2022,3,Netherlands,HUMAN_OBSERVATION
51.6,3.95,2024,11,Netherlands,HUMAN_OBSERVATION
51.6,3.95,2023,7,Netherlands,HUMAN_OBSERVATION
51.6,3.95,2023,7,Netherlands,HUMAN_OBSERVATION
51.6,4,2025,4,Netherlands,HUMAN_OBSERVATION
51.6,4,2024,5,Netherlands,HUMAN_OBSERVATION
51.6,4,2024,5,Netherlands,HUMAN_OBSERVATION
51.6,4,2022,10,Netherlands,HUMAN_OBSERVATION
51.6,4,2021,7,Netherlands,HUMAN_OBSERVATION
51.6,4.05,2025,4,Netherlands,HUMAN_OBSERVATION
51.6,4.05,2025,4,Netherlands,HUMAN_OBSERVATION
51.6,4.05,2024,3,Netherlands,HUMAN_OBSERVATION
51.6,4.05,2024,3,Netherlands,HUMAN_OBSERVATION
51.6,4.05,2024,5,Netherlands,HUMAN_OBSERVATION
51.6,4.05,2024,5,Netherlands,HUMAN_OBSERVATION
51.6,4.05,2023,4,Netherlands,HUMAN_OBSERVATION
51.6,4.05,2023,5,Netherlands,HUMAN_OBSERVATION
51.6,4.05,2023,5,Netherlands,HUMAN_OBSERVATION
51.6,4.05,2023,11,Netherlands,HUMAN_OBSERVATION
51.6,4.05,2023,11,Netherlands,HUMAN_OBSERVATION
51.6,4.05,2018,2,Netherlands,HUMAN_OBSERVATION
51.60809,-4.996191,2018,5,United Kingdom of Great Britain and Northern Ireland,HUMAN_OBSERVATION
51.61164,-5.05439,2021,7,United Kingdom of Great Britain and Northern Ireland,HUMAN_OBSERVATION
51.629,3.913,2018,1,Netherlands,HUMAN_OBSERVATION
51.63,3.69,2023,4,Netherlands,HUMAN_OBSERVATION
51.63,3.69,2021,1,Netherlands,HUMAN_OBSERVATION
51.63,3.69,2020,12,Netherlands,HUMAN_OBSERVATION
51.63,3.69,2018,1,Netherlands,HUMAN_OBSERVATION
51.63,3.69,2017,12,Netherlands,HUMAN_OBSERVATION
51.63,3.69,2016,4,Netherlands,HUMAN_OBSERVATION
51.63,3.69,2016,5,Netherlands,HUMAN_OBSERVATION
51.63,3.69,2016,9,Netherlands,HUMAN_OBSERVATION
51.63,3.69,2015,9,Netherlands,HUMAN_OBSERVATION
51.63,3.69,2015,12,Netherlands,HUMAN_OBSERVATION
51.63,3.69,2013,4,Netherlands,HUMAN_OBSERVATION
51.63,3.69,2007,4,Netherlands,HUMAN_OBSERVATION
51.63,3.898,2014,5,Netherlands,HUMAN_OBSERVATION
51.633,3.691,2021,1,Netherlands,HUMAN_OBSERVATION
51.633,3.691,2021,2,Netherlands,HUMAN_OBSERVATION
51.633,3.691,2021,3,Netherlands,HUMAN_OBSERVATION
51.633,3.691,2021,7,Netherlands,HUMAN_OBSERVATION
51.633,3.691,2019,1,Netherlands,HUMAN_OBSERVATION
51.633,3.691,2019,2,Netherlands,HUMAN_OBSERVATION
51.633,3.691,2019,5,Netherlands,HUMAN_OBSERVATION
51.633,3.691,2019,12,Netherlands,HUMAN_OBSERVATION
51.633,3.691,2018,1,Netherlands,HUMAN_OBSERVATION
51.633,3.691,2018,3,Netherlands,HUMAN_OBSERVATION
51.633,3.691,2018,3,Netherlands,HUMAN_OBSERVATION
51.633,3.691,2018,3,Netherlands,HUMAN_OBSERVATION
51.633,3.691,2018,5,Netherlands,HUMAN_OBSERVATION
51.633,3.691,2018,7,Netherlands,HUMAN_OBSERVATION
51.633,3.691,2017,3,Netherlands,HUMAN_OBSERVATION
51.633,3.691,2010,11,Netherlands,HUMAN_OBSERVATION
51.639,4.08,2016,6,Netherlands,HUMAN_OBSERVATION
51.642,3.709,2023,7,Netherlands,HUMAN_OBSERVATION
51.65,3.7,2025,3,Netherlands,HUMAN_OBSERVATION
51.65,3.7,2022,6,Netherlands,HUMAN_OBSERVATION
51.65,3.75,2024,2,Netherlands,HUMAN_OBSERVATION
51.65,3.75,2014,3,Netherlands,HUMAN_OBSERVATION
51.65,3.8,2024,1,Netherlands,HUMAN_OBSERVATION
51.65,3.85,2025,3,Netherlands,HUMAN_OBSERVATION
51.65,3.85,2025,3,Netherlands,HUMAN_OBSERVATION
51.65,4.1,2024,11,Netherlands,HUMAN_OBSERVATION
51.65,4.1,2022,2,Netherlands,HUMAN_OBSERVATION
51.65,4.1,2022,3,Netherlands,HUMAN_OBSERVATION
51.65,4.1,2021,1,Netherlands,HUMAN_OBSERVATION
51.65,4.1,2021,12,Netherlands,HUMAN_OBSERVATION
51.65,4.1,2020,11,Netherlands,HUMAN_OBSERVATION
51.65,4.1,2020,11,Netherlands,HUMAN_OBSERVATION
51.65,4.1,2015,3,Netherlands,HUMAN_OBSERVATION
51.67,3.739,2019,4,Netherlands,HUMAN_OBSERVATION
51.67,3.739,2016,1,Netherlands,HUMAN_OBSERVATION
51.67,3.739,2015,1,Netherlands,HUMAN_OBSERVATION
51.67,3.739,2015,2,Netherlands,HUMAN_OBSERVATION
51.67,3.739,2015,3,Netherlands,HUMAN_OBSERVATION
51.67,3.739,2014,11,Netherlands,HUMAN_OBSERVATION
51.677,3.857,2013,4,Netherlands,HUMAN_OBSERVATION
51.677,3.857,2013,4,Netherlands,HUMAN_OBSERVATION
51.679,3.839,2018,11,Netherlands,HUMAN_OBSERVATION
51.69407,-5.260746,2015,8,United Kingdom of Great Britain and Northern Ireland,HUMAN_OBSERVATION
51.696,3.803,2017,3,Netherlands,HUMAN_OBSERVATION
51.6983,-5.254652,2015,8,United Kingdom of Great Britain and Northern Ireland,HUMAN_OBSERVATION
51.7,3.65,2021,12,Netherlands,HUMAN_OBSERVATION
51.7,3.85,2019,10,Netherlands,HUMAN_OBSERVATION
51.7,3.95,2023,7,Netherlands,HUMAN_OBSERVATION
51.7,3.95,2023,7,Netherlands,HUMAN_OBSERVATION
51.7,4,2019,5,Netherlands,HUMAN_OBSERVATION
51.70018,-5.079143,2005,9,United Kingdom of Great Britain and Northern Ireland,HUMAN_OBSERVATION
51.7002,-5.078711,2005,9,United Kingdom of Great Britain and Northern Ireland,HUMAN_OBSERVATION
51.70273,-5.073641,2005,9,United Kingdom of Great Britain and Northern Ireland,HUMAN_OBSERVATION
51.70273,-5.073641,2005,9,United Kingdom of Great Britain and Northern Ireland,HUMAN_OBSERVATION
51.703044,-5.073114,2005,9,United Kingdom of Great Britain and Northern Ireland,HUMAN_OBSERVATION
51.703044,-5.073114,2005,9,United Kingdom of Great Britain and Northern Ireland,HUMAN_OBSERVATION
51.70328,-5.091254,2005,9,United Kingdom of Great Britain and Northern Ireland,HUMAN_OBSERVATION
51.70328,-5.091254,2005,9,United Kingdom of Great Britain and Northern Ireland,HUMAN_OBSERVATION
51.70328,-5.091254,2005,9,United Kingdom of Great Britain and Northern Ireland,HUMAN_OBSERVATION
51.70328,-5.091254,2005,9,United Kingdom of Great Britain and Northern Ireland,HUMAN_OBSERVATION
51.70328,-5.091254,2005,9,United Kingdom of Great Britain and Northern Ireland,HUMAN_OBSERVATION
51.70329,-5.089083,2005,9,United Kingdom of Great Britain and Northern Ireland,HUMAN_OBSERVATION
51.70329,-5.089083,2005,9,United Kingdom of Great Britain and Northern Ireland,HUMAN_OBSERVATION
51.70329,-5.089083,2005,9,United Kingdom of Great Britain and Northern Ireland,HUMAN_OBSERVATION
51.70329,-5.089083,2005,9,United Kingdom of Great Britain and Northern Ireland,HUMAN_OBSERVATION
51.703449,-5.091959,2005,9,United Kingdom of Great Britain and Northern Ireland,HUMAN_OBSERVATION
51.703449,-5.091959,2005,9,United Kingdom of Great Britain and Northern Ireland,HUMAN_OBSERVATION
51.703449,-5.091959,2005,9,United Kingdom of Great Britain and Northern Ireland,HUMAN_OBSERVATION
51.703449,-5.091959,2005,9,United Kingdom of Great Britain and Northern Ireland,HUMAN_OBSERVATION
51.703449,-5.091959,2005,9,United Kingdom of Great Britain and Northern Ireland,HUMAN_OBSERVATION
51.703525,-5.089069,2005,9,United Kingdom of Great Britain and Northern Ireland,HUMAN_OBSERVATION
51.703525,-5.089069,2005,9,United Kingdom of Great Britain and Northern Ireland,HUMAN_OBSERVATION
51.703525,-5.089069,2005,9,United Kingdom of Great Britain and Northern Ireland,HUMAN_OBSERVATION
51.703525,-5.089069,2005,9,United Kingdom of Great Britain and Northern Ireland,HUMAN_OBSERVATION
51.703753,-5.0804,2005,9,United Kingdom of Great Britain and Northern Ireland,HUMAN_OBSERVATION
51.703753,-5.0804,2005,9,United Kingdom of Great Britain and Northern Ireland,HUMAN_OBSERVATION
51.703753,-5.0804,2005,9,United Kingdom of Great Britain and Northern Ireland,HUMAN_OBSERVATION
51.703753,-5.0804,2005,9,United Kingdom of Great Britain and Northern Ireland,HUMAN_OBSERVATION
51.70408,-5.080263,2005,9,United Kingdom of Great Britain and Northern Ireland,HUMAN_OBSERVATION
51.70408,-5.080263,2005,9,United Kingdom of Great Britain and Northern Ireland,HUMAN_OBSERVATION
51.70408,-5.080263,2005,9,United Kingdom of Great Britain and Northern Ireland,HUMAN_OBSERVATION
51.70408,-5.080263,2005,9,United Kingdom of Great Britain and Northern Ireland,HUMAN_OBSERVATION
51.70617,-4.910028,2016,10,United Kingdom of Great Britain and Northern Ireland,HUMAN_OBSERVATION
51.731,3.976,2023,7,Netherlands,HUMAN_OBSERVATION
51.74,3.77,2010,11,Netherlands,HUMAN_OBSERVATION
51.742,3.88,2009,11,Netherlands,HUMAN_OBSERVATION
51.75,3.85,2023,7,Netherlands,HUMAN_OBSERVATION
51.75,3.85,2023,7,Netherlands,HUMAN_OBSERVATION
51.75,3.85,2022,1,Netherlands,HUMAN_OBSERVATION
51.75,3.9,2019,2,Netherlands,HUMAN_OBSERVATION
51.75,3.9,2017,12,Netherlands,HUMAN_OBSERVATION
51.75,3.9,2017,12,Netherlands,HUMAN_OBSERVATION
51.75,4,2022,6,Netherlands,HUMAN_OBSERVATION
51.76,3.84,2019,11,Netherlands,HUMAN_OBSERVATION
51.78,3.862,2018,10,Netherlands,HUMAN_OBSERVATION
51.9,3.95,2022,2,Netherlands,HUMAN_OBSERVATION
51.95,4,2021,3,Netherlands,HUMAN_OBSERVATION
52.05,4.2,2024,10,Netherlands,HUMAN_OBSERVATION
52.05,4.2,2024,10,Netherlands,HUMAN_OBSERVATION
52.05,4.2,2022,9,Netherlands,HUMAN_OBSERVATION
52.067586,-7.576089,,,Ireland,HUMAN_OBSERVATION
52.15,4.35,2018,3,Netherlands,HUMAN_OBSERVATION
52.2,4.35,2011,2,Netherlands,HUMAN_OBSERVATION
52.2,4.38,2017,4,Netherlands,HUMAN_OBSERVATION
52.2,4.4,2024,11,Netherlands,HUMAN_OBSERVATION
52.2,4.4,2018,2,Netherlands,HUMAN_OBSERVATION
52.2589,-9.914521,,,Ireland,HUMAN_OBSERVATION
52.45,4.5,2018,2,Netherlands,HUMAN_OBSERVATION
52.45,4.55,2025,1,Netherlands,HUMAN_OBSERVATION
52.45,4.55,2022,10,Netherlands,HUMAN_OBSERVATION
52.45,4.55,2022,12,Netherlands,HUMAN_OBSERVATION
52.45,4.55,2019,12,Netherlands,HUMAN_OBSERVATION
52.45,4.55,2018,2,Netherlands,HUMAN_OBSERVATION
52.455,4.556,2019,11,Netherlands,HUMAN_OBSERVATION
52.455,4.556,2018,1,Netherlands,HUMAN_OBSERVATION
52.455,4.556,2018,2,Netherlands,HUMAN_OBSERVATION
52.455,4.556,2018,9,Netherlands,HUMAN_OBSERVATION
52.455,4.556,2017,6,Netherlands,HUMAN_OBSERVATION
52.46,4.56,2019,2,Netherlands,HUMAN_OBSERVATION
52.48,4.57,2021,10,Netherlands,HUMAN_OBSERVATION
52.58,4.61,2006,11,Netherlands,HUMAN_OBSERVATION
52.6,4.6,2025,2,Netherlands,HUMAN_OBSERVATION
52.6,4.6,2023,2,Netherlands,HUMAN_OBSERVATION
52.609,4.616,2023,2,Netherlands,HUMAN_OBSERVATION
52.64,4.62,2019,1,Netherlands,HUMAN_OBSERVATION
52.64,4.62,2016,2,Netherlands,HUMAN_OBSERVATION
52.64,4.62,2008,10,Netherlands,HUMAN_OBSERVATION
52.65,4.6,2021,3,Netherlands,HUMAN_OBSERVATION
52.65,4.6,2021,12,Netherlands,HUMAN_OBSERVATION
52.653,4.625,2007,11,Netherlands,HUMAN_OBSERVATION
52.684,4.632,2019,2,Netherlands,HUMAN_OBSERVATION
52.684,4.632,2018,10,Netherlands,HUMAN_OBSERVATION
52.684,4.632,2018,11,Netherlands,HUMAN_OBSERVATION
52.7,4.6,2019,12,Netherlands,HUMAN_OBSERVATION
52.71,4.63,2022,3,Netherlands,HUMAN_OBSERVATION
52.77,4.65,2015,12,Netherlands,HUMAN_OBSERVATION
52.8,4.65,2023,4,Netherlands,HUMAN_OBSERVATION
52.8,4.65,2021,1,Netherlands,HUMAN_OBSERVATION
52.82,4.68,2012,10,Netherlands,HUMAN_OBSERVATION
52.82483,-4.445522,2013,6,United Kingdom of Great Britain and Northern Ireland,HUMAN_OBSERVATION
52.93,4.71,2022,1,Netherlands,HUMAN_OBSERVATION
52.93,5.02,2016,8,Netherlands,HUMAN_OBSERVATION
52.95,4.75,2020,2,Netherlands,HUMAN_OBSERVATION
53,4.75,2024,3,Netherlands,HUMAN_OBSERVATION
53.025,4.709,2022,12,Netherlands,HUMAN_OBSERVATION
53.05,4.85,2023,8,Netherlands,HUMAN_OBSERVATION
53.1,4.7,2021,7,Netherlands,HUMAN_OBSERVATION
53.1,4.7,2005,7,Netherlands,HUMAN_OBSERVATION
53.1,4.75,2019,10,Netherlands,HUMAN_OBSERVATION
53.1,4.85,2022,2,Netherlands,HUMAN_OBSERVATION
53.1,4.85,2022,2,Netherlands,HUMAN_OBSERVATION
53.1,4.85,2018,9,Netherlands,HUMAN_OBSERVATION
53.1,4.9,2022,2,Netherlands,HUMAN_OBSERVATION
53.1,5.4,2024,12,Netherlands,HUMAN_OBSERVATION
53.15,4.8,2021,1,Netherlands,HUMAN_OBSERVATION
53.15,4.85,2024,5,Netherlands,HUMAN_OBSERVATION
53.15,4.85,2021,1,Netherlands,HUMAN_OBSERVATION
53.15,4.85,2021,1,Netherlands,HUMAN_OBSERVATION
53.15,4.85,2021,1,Netherlands,HUMAN_OBSERVATION
53.15,4.85,2021,1,Netherlands,HUMAN_OBSERVATION
53.15,4.85,2021,2,Netherlands,HUMAN_OBSERVATION
53.150439,-9.006437,2014,3,Ireland,HUMAN_OBSERVATION
53.150702,-9.007207,2014,3,Ireland,MATERIAL_SAMPLE
53.150702,-9.007207,2014,3,Ireland,MATERIAL_SAMPLE
53.154,4.81,2022,1,Netherlands,HUMAN_OBSERVATION
53.175392,-4.248809,2014,7,United Kingdom of Great Britain and Northern Ireland,HUMAN_OBSERVATION
53.175546,-4.248254,2020,4,United Kingdom of Great Britain and Northern Ireland,HUMAN_OBSERVATION
53.176172,-4.247473,2014,7,United Kingdom of Great Britain and Northern Ireland,HUMAN_OBSERVATION
53.176172,-4.247473,2014,7,United Kingdom of Great Britain and Northern Ireland,HUMAN_OBSERVATION
53.176172,-4.247473,2014,7,United Kingdom of Great Britain and Northern Ireland,HUMAN_OBSERVATION
53.176172,-4.247473,2013,6,United Kingdom of Great Britain and Northern Ireland,HUMAN_OBSERVATION
53.185271,-8.964112,,,Ireland,HUMAN_OBSERVATION
53.19073,-4.209897,2014,7,United Kingdom of Great Britain and Northern Ireland,HUMAN_OBSERVATION
53.19073,-4.209897,2014,7,United Kingdom of Great Britain and Northern Ireland,HUMAN_OBSERVATION
53.2,5.45,2022,1,Netherlands,HUMAN_OBSERVATION
53.2,5.5,2024,2,Netherlands,HUMAN_OBSERVATION
53.213012,-4.194674,2014,7,United Kingdom of Great Britain and Northern Ireland,HUMAN_OBSERVATION
53.213012,-4.194674,2013,6,United Kingdom of Great Britain and Northern Ireland,HUMAN_OBSERVATION
53.21552,-4.192327,2019,6,United Kingdom of Great Britain and Northern Ireland,HUMAN_OBSERVATION
53.21552,-4.192327,2019,6,United Kingdom of Great Britain and Northern Ireland,HUMAN_OBSERVATION
53.2192,-4.178103,2013,9,United Kingdom of Great Britain and Northern Ireland,HUMAN_OBSERVATION
53.269,4.958,2004,4,Netherlands,HUMAN_OBSERVATION
53.29906,-4.685287,2016,6,United Kingdom of Great Britain and Northern Ireland,HUMAN_OBSERVATION
53.3,5,2021,11,Netherlands,HUMAN_OBSERVATION
53.3,5.05,2025,2,Netherlands,HUMAN_OBSERVATION
53.3,5.05,2020,11,Netherlands,HUMAN_OBSERVATION
53.31689,-4.634853,2009,4,United Kingdom of Great Britain and Northern Ireland,HUMAN_OBSERVATION
53.31689,-4.634853,2009,4,United Kingdom of Great Britain and Northern Ireland,HUMAN_OBSERVATION
53.31689,-4.634718,2011,4,United Kingdom of Great Britain and Northern Ireland,HUMAN_OBSERVATION
53.31689,-4.634718,2011,4,United Kingdom of Great Britain and Northern Ireland,HUMAN_OBSERVATION
53.31697,-4.634723,2019,6,United Kingdom of Great Britain and Northern Ireland,HUMAN_OBSERVATION
53.31739,-4.63583,2019,6,United Kingdom of Great Britain and Northern Ireland,HUMAN_OBSERVATION
53.318857,-4.633942,2011,4,United Kingdom of Great Britain and Northern Ireland,HUMAN_OBSERVATION
53.34742,-9.636728,2017,10,Ireland,HUMAN_OBSERVATION
53.35,5.2,2025,4,Netherlands,HUMAN_OBSERVATION
53.35,5.2,2018,4,Netherlands,HUMAN_OBSERVATION
53.35,5.3,2017,12,Netherlands,HUMAN_OBSERVATION
53.37,5.31,2023,3,Netherlands,HUMAN_OBSERVATION
53.39856,-2.989541,2019,3,United Kingdom of Great Britain and Northern Ireland,HUMAN_OBSERVATION
53.39874,-2.989545,2016,10,United Kingdom of Great Britain and Northern Ireland,HUMAN_OBSERVATION
53.39874,-2.989545,2016,10,United Kingdom of Great Britain and Northern Ireland,HUMAN_OBSERVATION
53.4,5.33,2019,3,Netherlands,HUMAN_OBSERVATION
53.4,5.4,2020,12,Netherlands,HUMAN_OBSERVATION
53.417,5.324,2019,3,Netherlands,HUMAN_OBSERVATION
53.417,5.324,2018,1,Netherlands,HUMAN_OBSERVATION
53.417,5.324,2018,1,Netherlands,HUMAN_OBSERVATION
53.45,5.9,2019,3,Netherlands,HUMAN_OBSERVATION
53.4741,-10.01673,2017,10,Ireland,HUMAN_OBSERVATION
53.6227,-9.837784,2017,10,Ireland,HUMAN_OBSERVATION
53.62479,-9.855066,2017,10,Ireland,HUMAN_OBSERVATION
53.62617,-9.858418,2017,10,Ireland,HUMAN_OBSERVATION
53.62617,-9.858418,2017,10,Ireland,HUMAN_OBSERVATION
53.62729,-9.871396,2017,10,Ireland,HUMAN_OBSERVATION
53.866321,-9.666198,,,Ireland,HUMAN_OBSERVATION
53.99983,-9.999225,2019,5,Ireland,HUMAN_OBSERVATION
54.04034,-6.107012,2017,8,United Kingdom of Great Britain and Northern Ireland,HUMAN_OBSERVATION
54.051718,-6.190804,2023,8,Ireland,HUMAN_OBSERVATION
54.07825,-4.776803,2017,6,Isle of Man,HUMAN_OBSERVATION
54.09482,-4.77889,2017,6,Isle of Man,HUMAN_OBSERVATION
54.09979,-10.05819,2018,9,Ireland,HUMAN_OBSERVATION
54.100322,-6.255874,2023,8,United Kingdom of Great Britain and Northern Ireland,HUMAN_OBSERVATION
54.11531,-4.749146,2017,6,Isle of Man,HUMAN_OBSERVATION
54.11627,-4.74774,2017,6,Isle of Man,HUMAN_OBSERVATION
54.12236,-4.744424,2017,6,Isle of Man,HUMAN_OBSERVATION
54.12416,-4.743181,2017,6,Isle of Man,HUMAN_OBSERVATION
54.12985,-5.888992,2016,6,United Kingdom of Great Britain and Northern Ireland,HUMAN_OBSERVATION
54.26154,-5.603793,2012,9,United Kingdom of Great Britain and Northern Ireland,HUMAN_OBSERVATION
54.265362,-9.927228,2018,9,Ireland,HUMAN_OBSERVATION
54.265499,-9.927995,2018,9,Ireland,MATERIAL_SAMPLE
54.265499,-9.927995,2018,9,Ireland,MATERIAL_SAMPLE
54.35988,-5.53162,2012,6,United Kingdom of Great Britain and Northern Ireland,HUMAN_OBSERVATION
54.37888,-5.565283,2012,4,United Kingdom of Great Britain and Northern Ireland,HUMAN_OBSERVATION
54.388447,-5.456842,2020,9,United Kingdom of Great Britain and Northern Ireland,HUMAN_OBSERVATION
54.38989,-5.572279,2015,8,United Kingdom of Great Britain and Northern Ireland,HUMAN_OBSERVATION
54.39272,-5.572279,2012,3,United Kingdom of Great Britain and Northern Ireland,HUMAN_OBSERVATION
54.42739,-5.639297,2014,8,United Kingdom of Great Britain and Northern Ireland,HUMAN_OBSERVATION
54.43472,-5.544942,2013,8,United Kingdom of Great Britain and Northern Ireland,HUMAN_OBSERVATION
54.43472,-5.544942,2013,8,United Kingdom of Great Britain and Northern Ireland,HUMAN_OBSERVATION
54.43472,-5.544942,2012,8,United Kingdom of Great Britain and Northern Ireland,HUMAN_OBSERVATION
54.43472,-5.544942,2012,8,United Kingdom of Great Britain and Northern Ireland,HUMAN_OBSERVATION
54.44973,-5.629798,2012,9,United Kingdom of Great Britain and Northern Ireland,HUMAN_OBSERVATION
54.44973,-5.629798,2012,9,United Kingdom of Great Britain and Northern Ireland,HUMAN_OBSERVATION
54.45256,-5.628119,2015,2,United Kingdom of Great Britain and Northern Ireland,HUMAN_OBSERVATION
54.45256,-5.628119,2012,3,United Kingdom of Great Britain and Northern Ireland,HUMAN_OBSERVATION
54.45306,-5.632795,2017,5,United Kingdom of Great Britain and Northern Ireland,HUMAN_OBSERVATION
54.45339,-5.626125,2015,7,United Kingdom of Great Britain and Northern Ireland,HUMAN_OBSERVATION
54.46673,-5.537275,2014,8,United Kingdom of Great Britain and Northern Ireland,HUMAN_OBSERVATION
54.48106,-5.638785,2012,9,United Kingdom of Great Britain and Northern Ireland,HUMAN_OBSERVATION
54.48156,-5.644792,2012,9,United Kingdom of Great Britain and Northern Ireland,HUMAN_OBSERVATION
54.48573,-5.54162,2015,7,United Kingdom of Great Britain and Northern Ireland,HUMAN_OBSERVATION
54.48706,-5.638453,2012,10,United Kingdom of Great Britain and Northern Ireland,HUMAN_OBSERVATION
54.4889,-5.644797,2020,8,United Kingdom of Great Britain and Northern Ireland,HUMAN_OBSERVATION
54.4889,-5.644797,2012,9,United Kingdom of Great Britain and Northern Ireland,HUMAN_OBSERVATION
54.48893,-5.54562,2017,5,United Kingdom of Great Britain and Northern Ireland,HUMAN_OBSERVATION
54.48989,-5.646461,2015,9,United Kingdom of Great Britain and Northern Ireland,HUMAN_OBSERVATION
54.49006,-5.641795,2015,10,United Kingdom of Great Britain and Northern Ireland,HUMAN_OBSERVATION
54.49006,-5.641795,2014,8,United Kingdom of Great Britain and Northern Ireland,HUMAN_OBSERVATION
54.49006,-5.641795,2013,8,United Kingdom of Great Britain and Northern Ireland,HUMAN_OBSERVATION
54.49023,-5.64663,2012,9,United Kingdom of Great Britain and Northern Ireland,HUMAN_OBSERVATION
54.49357,-5.647793,2012,9,United Kingdom of Great Britain and Northern Ireland,HUMAN_OBSERVATION
54.49357,-5.647793,2012,10,United Kingdom of Great Britain and Northern Ireland,HUMAN_OBSERVATION
54.493664,-5.648168,2013,9,United Kingdom of Great Britain and Northern Ireland,HUMAN_OBSERVATION
54.49573,-5.638792,2020,7,United Kingdom of Great Britain and Northern Ireland,HUMAN_OBSERVATION
54.49573,-5.638792,2016,5,United Kingdom of Great Britain and Northern Ireland,HUMAN_OBSERVATION
54.49606,-5.643287,2013,8,United Kingdom of Great Britain and Northern Ireland,HUMAN_OBSERVATION
54.49606,-5.643287,2012,9,United Kingdom of Great Britain and Northern Ireland,HUMAN_OBSERVATION
54.50006,-5.634959,2014,7,United Kingdom of Great Britain and Northern Ireland,HUMAN_OBSERVATION
54.51774,-5.64562,2012,9,United Kingdom of Great Britain and Northern Ireland,HUMAN_OBSERVATION
54.517837,-5.646661,2013,9,United Kingdom of Great Britain and Northern Ireland,HUMAN_OBSERVATION
54.55474,-5.617961,2016,4,United Kingdom of Great Britain and Northern Ireland,HUMAN_OBSERVATION
54.55557,-5.622785,2016,4,United Kingdom of Great Britain and Northern Ireland,HUMAN_OBSERVATION
54.65659,-5.808641,2019,5,United Kingdom of Great Britain and Northern Ireland,HUMAN_OBSERVATION
54.66609,-5.771468,2014,5,United Kingdom of Great Britain and Northern Ireland,HUMAN_OBSERVATION
54.66809,-5.682584,2018,3,United Kingdom of Great Britain and Northern Ireland,HUMAN_OBSERVATION
54.85078,-5.78814,2016,6,United Kingdom of Great Britain and Northern Ireland,HUMAN_OBSERVATION
54.85294,-5.795966,2016,8,United Kingdom of Great Britain and Northern Ireland,HUMAN_OBSERVATION
55.13444,-7.141041,,,Ireland,HUMAN_OBSERVATION
55.134568,-7.6873,,,Ireland,HUMAN_OBSERVATION
55.14734,-7.159799,2017,6,Ireland,HUMAN_OBSERVATION
55.157358,-7.5205,,,Ireland,HUMAN_OBSERVATION
55.19567,-6.692414,2015,5,United Kingdom of Great Britain and Northern Ireland,HUMAN_OBSERVATION
55.20643,-6.65726,2011,10,United Kingdom of Great Britain and Northern Ireland,HUMAN_OBSERVATION
55.20652,-6.657034,2011,10,United Kingdom of Great Britain and Northern Ireland,HUMAN_OBSERVATION
55.20662,-6.657046,2011,10,United Kingdom of Great Britain and Northern Ireland,HUMAN_OBSERVATION
55.206659,-6.239275,2023,6,United Kingdom of Great Britain and Northern Ireland,HUMAN_OBSERVATION
55.20685,-6.656711,2011,10,United Kingdom of Great Britain and Northern Ireland,HUMAN_OBSERVATION
55.20702,-6.656322,2011,10,United Kingdom of Great Britain and Northern Ireland,HUMAN_OBSERVATION
55.21751,-6.544557,2012,4,United Kingdom of Great Britain and Northern Ireland,HUMAN_OBSERVATION
55.23834,-6.517226,2018,5,United Kingdom of Great Britain and Northern Ireland,HUMAN_OBSERVATION
55.26201,-6.185846,2015,9,United Kingdom of Great Britain and Northern Ireland,HUMAN_OBSERVATION
55.42031,-5.118762,2014,9,United Kingdom of Great Britain and Northern Ireland,HUMAN_OBSERVATION
55.42821,-5.124492,2014,9,United Kingdom of Great Britain and Northern Ireland,HUMAN_OBSERVATION
55.43125,-5.134655,2014,9,United Kingdom of Great Britain and Northern Ireland,HUMAN_OBSERVATION
55.43129,-5.113841,2014,9,United Kingdom of Great Britain and Northern Ireland,HUMAN_OBSERVATION
55.43203,-5.124715,2014,9,United Kingdom of Great Britain and Northern Ireland,HUMAN_OBSERVATION
55.43213,-5.114761,2014,9,United Kingdom of Great Britain and Northern Ireland,HUMAN_OBSERVATION
55.43428,-5.113238,2014,9,United Kingdom of Great Britain and Northern Ireland,HUMAN_OBSERVATION
55.43454,-5.127705,2014,9,United Kingdom of Great Britain and Northern Ireland,HUMAN_OBSERVATION
55.43465,-5.155278,2014,9,United Kingdom of Great Britain and Northern Ireland,HUMAN_OBSERVATION
55.4347,-5.142819,2014,9,United Kingdom of Great Britain and Northern Ireland,HUMAN_OBSERVATION
55.43482,-5.132202,2014,9,United Kingdom of Great Britain and Northern Ireland,HUMAN_OBSERVATION
55.43637,-5.123809,2014,9,United Kingdom of Great Britain and Northern Ireland,HUMAN_OBSERVATION
55.43637,-5.123809,2014,9,United Kingdom of Great Britain and Northern Ireland,HUMAN_OBSERVATION
55.43637,-5.123809,2014,9,United Kingdom of Great Britain and Northern Ireland,HUMAN_OBSERVATION
55.43637,-5.123809,2014,9,United Kingdom of Great Britain and Northern Ireland,HUMAN_OBSERVATION
55.43637,-5.123809,2014,9,United Kingdom of Great Britain and Northern Ireland,HUMAN_OBSERVATION
55.43695,-5.131059,2014,9,United Kingdom of Great Britain and Northern Ireland,HUMAN_OBSERVATION
55.43754,-5.150139,2014,9,United Kingdom of Great Britain and Northern Ireland,HUMAN_OBSERVATION
55.44918,-5.308479,2020,8,United Kingdom of Great Britain and Northern Ireland,HUMAN_OBSERVATION
55.44918,-5.308479,2020,8,United Kingdom of Great Britain and Northern Ireland,HUMAN_OBSERVATION
55.49418,-5.349864,2014,9,United Kingdom of Great Britain and Northern Ireland,HUMAN_OBSERVATION
55.49502,-5.337596,2014,9,United Kingdom of Great Britain and Northern Ireland,HUMAN_OBSERVATION
55.49761,-5.087192,2014,9,United Kingdom of Great Britain and Northern Ireland,HUMAN_OBSERVATION
55.50208,-5.351636,2014,9,United Kingdom of Great Britain and Northern Ireland,HUMAN_OBSERVATION
55.50627,-5.06303,2014,9,United Kingdom of Great Britain and Northern Ireland,HUMAN_OBSERVATION
55.50734,-5.064222,2014,9,United Kingdom of Great Britain and Northern Ireland,HUMAN_OBSERVATION
55.50965,-5.065629,2014,9,United Kingdom of Great Britain and Northern Ireland,HUMAN_OBSERVATION
55.5108,-5.060974,2014,9,United Kingdom of Great Britain and Northern Ireland,HUMAN_OBSERVATION
55.5108,-5.060974,2014,9,United Kingdom of Great Britain and Northern Ireland,HUMAN_OBSERVATION
55.5108,-5.060974,2014,9,United Kingdom of Great Britain and Northern Ireland,HUMAN_OBSERVATION
55.5108,-5.060974,2014,9,United Kingdom of Great Britain and Northern Ireland,HUMAN_OBSERVATION
55.5108,-5.060974,2014,9,United Kingdom of Great Britain and Northern Ireland,HUMAN_OBSERVATION
55.5108,-5.060974,2014,9,United Kingdom of Great Britain and Northern Ireland,HUMAN_OBSERVATION
55.51196,-5.059218,2014,9,United Kingdom of Great Britain and Northern Ireland,HUMAN_OBSERVATION
55.51205,-5.357753,2014,9,United Kingdom of Great Britain and Northern Ireland,HUMAN_OBSERVATION
55.5124,-5.070422,2014,9,United Kingdom of Great Britain and Northern Ireland,HUMAN_OBSERVATION
55.51265,-5.363611,2014,9,United Kingdom of Great Britain and Northern Ireland,HUMAN_OBSERVATION
55.51344,-5.05927,2014,9,United Kingdom of Great Britain and Northern Ireland,HUMAN_OBSERVATION
55.51413,-5.071223,2014,9,United Kingdom of Great Britain and Northern Ireland,HUMAN_OBSERVATION
55.53528,-5.071089,2014,9,United Kingdom of Great Britain and Northern Ireland,HUMAN_OBSERVATION
55.53567,-5.071182,2014,9,United Kingdom of Great Britain and Northern Ireland,HUMAN_OBSERVATION
55.53567,-5.071182,2014,9,United Kingdom of Great Britain and Northern Ireland,HUMAN_OBSERVATION
55.53567,-5.071182,2014,9,United Kingdom of Great Britain and Northern Ireland,HUMAN_OBSERVATION
55.53567,-5.071182,2014,9,United Kingdom of Great Britain and Northern Ireland,HUMAN_OBSERVATION
55.53567,-5.071182,2014,9,United Kingdom of Great Britain and Northern Ireland,HUMAN_OBSERVATION
55.53609,-5.073047,2014,9,United Kingdom of Great Britain and Northern Ireland,HUMAN_OBSERVATION
55.53765,-5.076086,2014,9,United Kingdom of Great Britain and Northern Ireland,HUMAN_OBSERVATION
55.53842,-5.076391,2014,9,United Kingdom of Great Britain and Northern Ireland,HUMAN_OBSERVATION
55.53871,-5.076446,2014,9,United Kingdom of Great Britain and Northern Ireland,HUMAN_OBSERVATION
55.53871,-5.076446,2014,9,United Kingdom of Great Britain and Northern Ireland,HUMAN_OBSERVATION
55.53871,-5.076446,2014,9,United Kingdom of Great Britain and Northern Ireland,HUMAN_OBSERVATION
55.53871,-5.076446,2014,9,United Kingdom of Great Britain and Northern Ireland,HUMAN_OBSERVATION
55.53871,-5.076446,2014,9,United Kingdom of Great Britain and Northern Ireland,HUMAN_OBSERVATION
55.53871,-5.076446,2014,9,United Kingdom of Great Britain and Northern Ireland,HUMAN_OBSERVATION
55.54604,-5.087438,2014,9,United Kingdom of Great Britain and Northern Ireland,HUMAN_OBSERVATION
55.54604,-5.087438,2014,9,United Kingdom of Great Britain and Northern Ireland,HUMAN_OBSERVATION
55.54604,-5.087438,2014,9,United Kingdom of Great Britain and Northern Ireland,HUMAN_OBSERVATION
55.54604,-5.087438,2014,9,United Kingdom of Great Britain and Northern Ireland,HUMAN_OBSERVATION
55.54604,-5.087438,2014,9,United Kingdom of Great Britain and Northern Ireland,HUMAN_OBSERVATION
55.55576,-5.07889,2010,8,United Kingdom of Great Britain and Northern Ireland,HUMAN_OBSERVATION
55.55687,-5.086868,2014,9,United Kingdom of Great Britain and Northern Ireland,HUMAN_OBSERVATION
55.71183,-4.957391,2020,8,United Kingdom of Great Britain and Northern Ireland,HUMAN_OBSERVATION
55.747499,-4.90945,2016,3,United Kingdom of Great Britain and Northern Ireland,MATERIAL_SAMPLE
55.747499,-4.90945,2016,3,United Kingdom of Great Britain and Northern Ireland,MATERIAL_SAMPLE
55.747797,-4.915831,2016,3,United Kingdom of Great Britain and Northern Ireland,MATERIAL_SAMPLE
55.747797,-4.915831,2016,3,United Kingdom of Great Britain and Northern Ireland,MATERIAL_SAMPLE
55.747797,-4.915831,2016,3,United Kingdom of Great Britain and Northern Ireland,MATERIAL_SAMPLE
55.747797,-4.915831,2016,3,United Kingdom of Great Britain and Northern Ireland,MATERIAL_SAMPLE
55.747835,-4.915005,2016,3,United Kingdom of Great Britain and Northern Ireland,MATERIAL_SAMPLE
55.747835,-4.915005,2016,3,United Kingdom of Great Britain and Northern Ireland,MATERIAL_SAMPLE
55.74869,-4.906464,2019,6,United Kingdom of Great Britain and Northern Ireland,HUMAN_OBSERVATION
55.765666,-4.89384,2016,3,United Kingdom of Great Britain and Northern Ireland,MATERIAL_SAMPLE
55.765666,-4.89384,2016,3,United Kingdom of Great Britain and Northern Ireland,MATERIAL_SAMPLE
55.9416,-4.917654,2021,7,United Kingdom of Great Britain and Northern Ireland,HUMAN_OBSERVATION
56.00681,-5.371672,2012,8,United Kingdom of Great Britain and Northern Ireland,HUMAN_OBSERVATION
56.19108,-4.775605,2017,11,United Kingdom of Great Britain and Northern Ireland,HUMAN_OBSERVATION
56.19418,-4.769267,2017,12,United Kingdom of Great Britain and Northern Ireland,HUMAN_OBSERVATION
56.19418,-4.769267,2017,12,United Kingdom of Great Britain and Northern Ireland,HUMAN_OBSERVATION
56.38083,-5.53666,2017,4,United Kingdom of Great Britain and Northern Ireland,HUMAN_OBSERVATION
56.38083,-5.53666,2017,4,United Kingdom of Great Britain and Northern Ireland,HUMAN_OBSERVATION
56.43781,-6.328927,2016,9,United Kingdom of Great Britain and Northern Ireland,HUMAN_OBSERVATION
56.43781,-6.328927,2016,9,United Kingdom of Great Britain and Northern Ireland,HUMAN_OBSERVATION
56.46135,-6.243192,2016,9,United Kingdom of Great Britain and Northern Ireland,HUMAN_OBSERVATION
56.47199,-6.296029,2016,9,United Kingdom of Great Britain and Northern Ireland,HUMAN_OBSERVATION
56.47199,-6.296029,2016,9,United Kingdom of Great Britain and Northern Ireland,HUMAN_OBSERVATION
56.47199,-6.296029,2016,9,United Kingdom of Great Britain and Northern Ireland,HUMAN_OBSERVATION
56.49601,-5.714342,2017,4,United Kingdom of Great Britain and Northern Ireland,HUMAN_OBSERVATION
56.49601,-5.714342,2017,4,United Kingdom of Great Britain and Northern Ireland,HUMAN_OBSERVATION
56.49601,-5.714342,2017,4,United Kingdom of Great Britain and Northern Ireland,HUMAN_OBSERVATION
56.50222,-5.588742,2017,4,United Kingdom of Great Britain and Northern Ireland,HUMAN_OBSERVATION
56.50222,-5.588742,2017,4,United Kingdom of Great Britain and Northern Ireland,HUMAN_OBSERVATION
56.51662,-5.728707,2017,4,United Kingdom of Great Britain and Northern Ireland,HUMAN_OBSERVATION
56.51662,-5.728707,2017,4,United Kingdom of Great Britain and Northern Ireland,HUMAN_OBSERVATION
56.52265,-5.332711,2017,6,United Kingdom of Great Britain and Northern Ireland,HUMAN_OBSERVATION
56.52265,-5.332711,2017,6,United Kingdom of Great Britain and Northern Ireland,HUMAN_OBSERVATION
56.52967,-5.588737,2017,4,United Kingdom of Great Britain and Northern Ireland,HUMAN_OBSERVATION
56.52967,-5.588737,2017,4,United Kingdom of Great Britain and Northern Ireland,HUMAN_OBSERVATION
56.53025,-5.390575,2012,9,United Kingdom of Great Britain and Northern Ireland,HUMAN_OBSERVATION
56.53235,-5.78324,2014,5,United Kingdom of Great Britain and Northern Ireland,HUMAN_OBSERVATION
56.544543,9.692992,2019,6,Denmark,MATERIAL_SAMPLE
56.5542,-5.425279,2011,8,United Kingdom of Great Britain and Northern Ireland,HUMAN_OBSERVATION
56.59996,10.284867,2023,7,Denmark,HUMAN_OBSERVATION
56.63245,-5.333242,2017,4,United Kingdom of Great Britain and Northern Ireland,HUMAN_OBSERVATION
56.63245,-5.333242,2017,4,United Kingdom of Great Britain and Northern Ireland,HUMAN_OBSERVATION
56.63245,-5.333242,2017,4,United Kingdom of Great Britain and Northern Ireland,HUMAN_OBSERVATION
56.64978,-5.989145,2017,4,United Kingdom of Great Britain and Northern Ireland,HUMAN_OBSERVATION
56.64978,-5.989145,2017,4,United Kingdom of Great Britain and Northern Ireland,HUMAN_OBSERVATION
56.66018,-5.871887,2018,10,United Kingdom of Great Britain and Northern Ireland,HUMAN_OBSERVATION
56.6626,-5.856425,2019,10,United Kingdom of Great Britain and Northern Ireland,HUMAN_OBSERVATION
56.66558,-5.867786,2019,10,United Kingdom of Great Britain and Northern Ireland,HUMAN_OBSERVATION
56.66787,-5.979397,2021,7,United Kingdom of Great Britain and Northern Ireland,HUMAN_OBSERVATION
56.6771,-5.930167,2017,4,United Kingdom of Great Britain and Northern Ireland,HUMAN_OBSERVATION
56.6901,-5.170433,2011,8,United Kingdom of Great Britain and Northern Ireland,HUMAN_OBSERVATION
56.6901,-5.170433,2011,8,United Kingdom of Great Britain and Northern Ireland,HUMAN_OBSERVATION
56.76485,-5.894795,2014,8,United Kingdom of Great Britain and Northern Ireland,HUMAN_OBSERVATION
56.78679,-5.870733,2014,8,United Kingdom of Great Britain and Northern Ireland,HUMAN_OBSERVATION
56.82367,-5.875649,2014,8,United Kingdom of Great Britain and Northern Ireland,HUMAN_OBSERVATION
56.84701,-5.726539,2014,8,United Kingdom of Great Britain and Northern Ireland,HUMAN_OBSERVATION
56.85321,-5.749625,2014,8,United Kingdom of Great Britain and Northern Ireland,HUMAN_OBSERVATION
56.87908,-6.116257,2017,8,United Kingdom of Great Britain and Northern Ireland,HUMAN_OBSERVATION
56.89985,9.056633,2019,,Denmark,OCCURRENCE
56.89985,9.056633,2019,,Denmark,OCCURRENCE
56.89985,9.056633,,,Denmark,OCCURRENCE
56.89985,9.056633,,,Denmark,OCCURRENCE
56.89985,9.056633,,,Denmark,OCCURRENCE
56.90155,9.055167,2019,,Denmark,OCCURRENCE
56.90155,9.055167,,,Denmark,OCCURRENCE
56.90155,9.055167,,,Denmark,OCCURRENCE
56.90155,9.055167,,,Denmark,OCCURRENCE
56.99368,-5.529187,2017,8,United Kingdom of Great Britain and Northern Ireland,HUMAN_OBSERVATION
57.01572,-7.383955,2015,9,United Kingdom of Great Britain and Northern Ireland,HUMAN_OBSERVATION
57.01572,-7.383955,2015,9,United Kingdom of Great Britain and Northern Ireland,HUMAN_OBSERVATION
57.01572,-7.383955,2015,9,United Kingdom of Great Britain and Northern Ireland,HUMAN_OBSERVATION
57.01572,-7.383955,2015,9,United Kingdom of Great Britain and Northern Ireland,HUMAN_OBSERVATION
57.01572,-7.383955,2015,9,United Kingdom of Great Britain and Northern Ireland,HUMAN_OBSERVATION
57.01572,-7.383955,2015,9,United Kingdom of Great Britain and Northern Ireland,HUMAN_OBSERVATION
57.01572,-7.383955,2015,9,United Kingdom of Great Britain and Northern Ireland,HUMAN_OBSERVATION
57.01572,-7.383955,2015,9,United Kingdom of Great Britain and Northern Ireland,HUMAN_OBSERVATION
57.01572,-7.383955,2015,9,United Kingdom of Great Britain and Northern Ireland,HUMAN_OBSERVATION
57.01572,-7.383955,2015,9,United Kingdom of Great Britain and Northern Ireland,HUMAN_OBSERVATION
57.01572,-7.383955,2015,9,United Kingdom of Great Britain and Northern Ireland,HUMAN_OBSERVATION
57.01572,-7.383955,2015,9,United Kingdom of Great Britain and Northern Ireland,HUMAN_OBSERVATION
57.01653,-7.372523,2015,9,United Kingdom of Great Britain and Northern Ireland,HUMAN_OBSERVATION
57.01653,-7.372523,2015,9,United Kingdom of Great Britain and Northern Ireland,HUMAN_OBSERVATION
57.02104,-5.742637,2017,8,United Kingdom of Great Britain and Northern Ireland,HUMAN_OBSERVATION
57.03457,-5.762553,2015,7,United Kingdom of Great Britain and Northern Ireland,HUMAN_OBSERVATION
57.05292,-6.475237,2017,8,United Kingdom of Great Britain and Northern Ireland,HUMAN_OBSERVATION
57.0537,-6.352867,2010,9,United Kingdom of Great Britain and Northern Ireland,HUMAN_OBSERVATION
57.06038,-5.889217,2017,8,United Kingdom of Great Britain and Northern Ireland,HUMAN_OBSERVATION
57.06038,-5.889217,2017,8,United Kingdom of Great Britain and Northern Ireland,HUMAN_OBSERVATION
57.06038,-5.889217,2017,8,United Kingdom of Great Britain and Northern Ireland,HUMAN_OBSERVATION
57.06205,-6.346581,2010,8,United Kingdom of Great Britain and Northern Ireland,HUMAN_OBSERVATION
57.06888,-7.368953,2015,9,United Kingdom of Great Britain and Northern Ireland,HUMAN_OBSERVATION
57.06888,-7.368953,2015,9,United Kingdom of Great Britain and Northern Ireland,HUMAN_OBSERVATION
57.06888,-7.368953,2015,9,United Kingdom of Great Britain and Northern Ireland,HUMAN_OBSERVATION
57.07092,-6.487234,2010,9,United Kingdom of Great Britain and Northern Ireland,HUMAN_OBSERVATION
57.09172,-7.361747,2015,9,United Kingdom of Great Britain and Northern Ireland,HUMAN_OBSERVATION
57.09172,-7.361747,2015,9,United Kingdom of Great Britain and Northern Ireland,HUMAN_OBSERVATION
57.09172,-7.361747,2015,9,United Kingdom of Great Britain and Northern Ireland,HUMAN_OBSERVATION
57.09172,-7.361747,2015,9,United Kingdom of Great Britain and Northern Ireland,HUMAN_OBSERVATION
57.09172,-7.361747,2015,9,United Kingdom of Great Britain and Northern Ireland,HUMAN_OBSERVATION
57.0987,-7.286048,2015,9,United Kingdom of Great Britain and Northern Ireland,HUMAN_OBSERVATION
57.10109,-7.294194,2015,9,United Kingdom of Great Britain and Northern Ireland,HUMAN_OBSERVATION
57.10109,-7.294194,2015,9,United Kingdom of Great Britain and Northern Ireland,HUMAN_OBSERVATION
57.10109,-7.294194,2015,9,United Kingdom of Great Britain and Northern Ireland,HUMAN_OBSERVATION
57.10109,-7.294194,2015,9,United Kingdom of Great Britain and Northern Ireland,HUMAN_OBSERVATION
57.10109,-7.294194,2015,9,United Kingdom of Great Britain and Northern Ireland,HUMAN_OBSERVATION
57.10109,-7.294194,2015,9,United Kingdom of Great Britain and Northern Ireland,HUMAN_OBSERVATION
57.10992,-6.000572,2015,7,United Kingdom of Great Britain and Northern Ireland,HUMAN_OBSERVATION
57.10992,-6.000572,2015,7,United Kingdom of Great Britain and Northern Ireland,HUMAN_OBSERVATION
57.13992,-5.584357,2015,11,United Kingdom of Great Britain and Northern Ireland,HUMAN_OBSERVATION
57.14001,-5.976959,2015,7,United Kingdom of Great Britain and Northern Ireland,HUMAN_OBSERVATION
57.14608,-5.961126,2016,8,United Kingdom of Great Britain and Northern Ireland,HUMAN_OBSERVATION
57.14608,-5.961126,2016,8,United Kingdom of Great Britain and Northern Ireland,HUMAN_OBSERVATION
57.14608,-5.961126,2016,8,United Kingdom of Great Britain and Northern Ireland,HUMAN_OBSERVATION
57.14949,-6.053916,2016,8,United Kingdom of Great Britain and Northern Ireland,HUMAN_OBSERVATION
57.15156,-5.948185,2016,8,United Kingdom of Great Britain and Northern Ireland,HUMAN_OBSERVATION
57.15156,-5.948185,2016,8,United Kingdom of Great Britain and Northern Ireland,HUMAN_OBSERVATION
57.15214,-6.140389,2016,8,United Kingdom of Great Britain and Northern Ireland,HUMAN_OBSERVATION
57.15214,-6.140389,2016,8,United Kingdom of Great Britain and Northern Ireland,HUMAN_OBSERVATION
57.1537,-5.960452,2016,8,United Kingdom of Great Britain and Northern Ireland,HUMAN_OBSERVATION
57.15882,-6.046648,2016,8,United Kingdom of Great Britain and Northern Ireland,HUMAN_OBSERVATION
57.15882,-6.046648,2016,8,United Kingdom of Great Britain and Northern Ireland,HUMAN_OBSERVATION
57.15882,-6.046648,2016,8,United Kingdom of Great Britain and Northern Ireland,HUMAN_OBSERVATION
57.16903,-5.936732,2016,8,United Kingdom of Great Britain and Northern Ireland,HUMAN_OBSERVATION
57.16903,-5.936732,2016,8,United Kingdom of Great Britain and Northern Ireland,HUMAN_OBSERVATION
57.16903,-5.936732,2016,8,United Kingdom of Great Britain and Northern Ireland,HUMAN_OBSERVATION
57.17423,-6.169456,2016,8,United Kingdom of Great Britain and Northern Ireland,HUMAN_OBSERVATION
57.17423,-6.169456,2016,8,United Kingdom of Great Britain and Northern Ireland,HUMAN_OBSERVATION
57.18213,-5.997538,2015,7,United Kingdom of Great Britain and Northern Ireland,HUMAN_OBSERVATION
57.18213,-5.997538,2015,7,United Kingdom of Great Britain and Northern Ireland,HUMAN_OBSERVATION
57.24968,12.09097,2023,6,Sweden,HUMAN_OBSERVATION
57.24968,12.09097,2019,6,Sweden,HUMAN_OBSERVATION
57.24968,12.09097,2017,6,Sweden,HUMAN_OBSERVATION
57.26986,-5.522799,2015,11,United Kingdom of Great Britain and Northern Ireland,HUMAN_OBSERVATION
57.27326,-5.712747,2012,8,United Kingdom of Great Britain and Northern Ireland,HUMAN_OBSERVATION
57.27326,-5.712747,2012,8,United Kingdom of Great Britain and Northern Ireland,HUMAN_OBSERVATION
57.27326,-5.712747,2012,8,United Kingdom of Great Britain and Northern Ireland,HUMAN_OBSERVATION
57.27326,-5.712747,2012,8,United Kingdom of Great Britain and Northern Ireland,HUMAN_OBSERVATION
57.27326,-5.712747,2012,8,United Kingdom of Great Britain and Northern Ireland,HUMAN_OBSERVATION
57.27448,-5.618917,2018,3,United Kingdom of Great Britain and Northern Ireland,HUMAN_OBSERVATION
57.27709,-5.731784,2012,8,United Kingdom of Great Britain and Northern Ireland,HUMAN_OBSERVATION
57.27876,-5.703349,2012,8,United Kingdom of Great Britain and Northern Ireland,HUMAN_OBSERVATION
57.32998,-5.697959,2017,7,United Kingdom of Great Britain and Northern Ireland,HUMAN_OBSERVATION
57.33178,-6.512399,2019,7,United Kingdom of Great Britain and Northern Ireland,HUMAN_OBSERVATION
57.33178,-6.512399,2019,7,United Kingdom of Great Britain and Northern Ireland,HUMAN_OBSERVATION
57.33183,-6.507299,2019,7,United Kingdom of Great Britain and Northern Ireland,HUMAN_OBSERVATION
57.33183,-6.507299,2019,7,United Kingdom of Great Britain and Northern Ireland,HUMAN_OBSERVATION
57.34515,-5.62772,2018,3,United Kingdom of Great Britain and Northern Ireland,HUMAN_OBSERVATION
57.34973,11.96622,2022,1,Sweden,MATERIAL_SAMPLE
57.34973,11.96622,2022,1,Sweden,MATERIAL_SAMPLE
57.35125,11.98361,2019,10,Sweden,HUMAN_OBSERVATION
57.35125,11.98361,2019,10,Sweden,MATERIAL_SAMPLE
57.35125,11.98361,2019,10,Sweden,MATERIAL_SAMPLE
57.35516,-5.555688,2017,8,United Kingdom of Great Britain and Northern Ireland,HUMAN_OBSERVATION
57.3579,-5.565978,2017,11,United Kingdom of Great Britain and Northern Ireland,HUMAN_OBSERVATION
57.3579,-5.565978,2017,11,United Kingdom of Great Britain and Northern Ireland,HUMAN_OBSERVATION
57.35803,-5.557156,2018,3,United Kingdom of Great Britain and Northern Ireland,HUMAN_OBSERVATION
57.35804,-5.551766,2017,8,United Kingdom of Great Britain and Northern Ireland,HUMAN_OBSERVATION
57.36253,-5.649322,2017,8,United Kingdom of Great Britain and Northern Ireland,HUMAN_OBSERVATION
57.36275,-6.531906,2019,7,United Kingdom of Great Britain and Northern Ireland,HUMAN_OBSERVATION
57.36275,-6.531906,2019,7,United Kingdom of Great Britain and Northern Ireland,HUMAN_OBSERVATION
57.51231,11.89615,2019,10,Sweden,HUMAN_OBSERVATION
57.51231,11.89615,2019,10,Sweden,MATERIAL_SAMPLE
57.51231,11.89615,2019,10,Sweden,MATERIAL_SAMPLE
57.51231,11.89615,2019,10,Sweden,MATERIAL_SAMPLE
57.51231,11.89615,2019,10,Sweden,MATERIAL_SAMPLE
57.5601,11.88768,2021,9,Sweden,HUMAN_OBSERVATION
57.5601,11.88768,2021,9,Sweden,MATERIAL_SAMPLE
57.5601,11.88768,2021,9,Sweden,MATERIAL_SAMPLE
57.61275,-7.117981,2015,7,United Kingdom of Great Britain and Northern Ireland,HUMAN_OBSERVATION
57.6216,-7.13901,2015,7,United Kingdom of Great Britain and Northern Ireland,HUMAN_OBSERVATION
57.62199,-7.144761,2015,7,United Kingdom of Great Britain and Northern Ireland,HUMAN_OBSERVATION
57.62334,-7.16772,2015,7,United Kingdom of Great Britain and Northern Ireland,HUMAN_OBSERVATION
57.62807,-7.175624,2015,7,United Kingdom of Great Britain and Northern Ireland,HUMAN_OBSERVATION
57.683147,-4.038499,2012,8,United Kingdom of Great Britain and Northern Ireland,HUMAN_OBSERVATION
57.70502,-5.77043,2010,8,United Kingdom of Great Britain and Northern Ireland,HUMAN_OBSERVATION
57.74474,-5.802265,2010,8,United Kingdom of Great Britain and Northern Ireland,HUMAN_OBSERVATION
57.78976,-5.603496,2010,8,United Kingdom of Great Britain and Northern Ireland,HUMAN_OBSERVATION
57.82096,11.57885,2019,8,Sweden,HUMAN_OBSERVATION
57.82096,11.57885,2019,8,Sweden,MATERIAL_SAMPLE
57.82096,11.57885,2019,8,Sweden,MATERIAL_SAMPLE
57.87597,-5.125901,2010,8,United Kingdom of Great Britain and Northern Ireland,HUMAN_OBSERVATION
57.88407,-5.435175,2010,8,United Kingdom of Great Britain and Northern Ireland,HUMAN_OBSERVATION
57.89864,-5.170111,2010,8,United Kingdom of Great Britain and Northern Ireland,HUMAN_OBSERVATION
57.90044,-5.384157,2010,8,United Kingdom of Great Britain and Northern Ireland,HUMAN_OBSERVATION
57.9178,11.5063,2022,10,Sweden,MATERIAL_SAMPLE
57.9178,11.5063,2022,10,Sweden,MATERIAL_SAMPLE
57.9178,11.5063,2022,10,Sweden,MATERIAL_SAMPLE
57.9178,11.5063,2022,10,Sweden,MATERIAL_SAMPLE
57.92744,11.54506,2022,9,Sweden,MATERIAL_SAMPLE
57.92798,11.54892,2009,10,Sweden,MATERIAL_SAMPLE
57.94645,11.51696,2020,8,Sweden,HUMAN_OBSERVATION
57.94645,11.51696,2020,8,Sweden,MATERIAL_SAMPLE
57.95728,11.53413,2022,9,Sweden,MATERIAL_SAMPLE
57.95728,11.53413,2022,9,Sweden,MATERIAL_SAMPLE
57.95728,11.53413,2022,9,Sweden,MATERIAL_SAMPLE
57.95728,11.53413,2022,9,Sweden,MATERIAL_SAMPLE
57.95744,11.6659,2009,10,Sweden,MATERIAL_SAMPLE
57.95744,11.6659,2009,10,Sweden,MATERIAL_SAMPLE
57.95744,11.6659,2009,10,Sweden,MATERIAL_SAMPLE
57.975002,7.058315,2005,6,Norway,HUMAN_OBSERVATION
58.00319,-5.418683,2010,8,United Kingdom of Great Britain and Northern Ireland,HUMAN_OBSERVATION
58.008332,7.574999,2000,11,Norway,HUMAN_OBSERVATION
58.010866,7.603002,2022,8,Norway,HUMAN_OBSERVATION
58.010866,7.603002,2016,6,Norway,HUMAN_OBSERVATION
58.010866,7.603002,2015,6,Norway,HUMAN_OBSERVATION
58.010866,7.603002,2014,6,Norway,HUMAN_OBSERVATION
58.010866,7.603002,2013,6,Norway,HUMAN_OBSERVATION
58.041669,7.691672,2005,9,Norway,HUMAN_OBSERVATION
58.041674,7.041651,2005,9,Norway,HUMAN_OBSERVATION
58.06145,11.7785,2009,10,Sweden,MATERIAL_SAMPLE
58.06145,11.7785,2009,10,Sweden,MATERIAL_SAMPLE
58.06145,11.7785,2009,10,Sweden,MATERIAL_SAMPLE
58.06145,11.7785,2009,10,Sweden,MATERIAL_SAMPLE
58.0633,11.77934,2012,8,Sweden,MATERIAL_SAMPLE
58.067225,6.767319,2011,9,Norway,HUMAN_OBSERVATION
58.06733,6.7755,2011,9,Norway,HUMAN_OBSERVATION
58.075,11.493,2016,9,Sweden,MATERIAL_SAMPLE
58.07788,11.76883,2009,9,Sweden,MATERIAL_SAMPLE
58.07788,11.76883,2009,9,Sweden,MATERIAL_SAMPLE
58.07788,11.76883,2009,9,Sweden,MATERIAL_SAMPLE
58.07788,11.76883,2009,9,Sweden,MATERIAL_SAMPLE
58.07788,11.76883,2009,9,Sweden,MATERIAL_SAMPLE
58.09397,11.79511,2013,8,Sweden,MATERIAL_SAMPLE
58.09397,11.79511,2012,9,Sweden,MATERIAL_SAMPLE
58.10199,11.80819,2012,8,Sweden,MATERIAL_SAMPLE
58.10665,11.79902,2012,8,Sweden,MATERIAL_SAMPLE
58.10665,11.79902,2012,8,Sweden,MATERIAL_SAMPLE
58.125,8.191665,2005,6,Norway,HUMAN_OBSERVATION
58.1323,8.06625,2022,8,Norway,HUMAN_OBSERVATION
58.1323,8.06625,2016,6,Norway,HUMAN_OBSERVATION
58.1323,8.06625,2015,6,Norway,HUMAN_OBSERVATION
58.1323,8.06625,2014,6,Norway,HUMAN_OBSERVATION
58.1323,8.06625,2013,6,Norway,HUMAN_OBSERVATION
58.144695,8.035953,2016,6,Norway,HUMAN_OBSERVATION
58.144695,8.035953,2015,6,Norway,HUMAN_OBSERVATION
58.144695,8.035953,2014,6,Norway,HUMAN_OBSERVATION
58.144695,8.035953,2013,6,Norway,HUMAN_OBSERVATION
58.175001,8.241674,2003,8,Norway,HUMAN_OBSERVATION
58.18615,11.42528,2021,8,Sweden,HUMAN_OBSERVATION
58.18615,11.42528,2021,8,Sweden,MATERIAL_SAMPLE
58.18615,11.42528,2021,8,Sweden,MATERIAL_SAMPLE
58.19109,11.4343,2021,8,Sweden,HUMAN_OBSERVATION
58.19109,11.4343,2021,8,Sweden,MATERIAL_SAMPLE
58.19109,11.4343,2021,8,Sweden,MATERIAL_SAMPLE
58.19109,11.4343,2021,8,Sweden,MATERIAL_SAMPLE
58.19109,11.4343,2021,8,Sweden,MATERIAL_SAMPLE
58.19109,11.4343,2021,8,Sweden,MATERIAL_SAMPLE
58.19109,11.4343,2021,8,Sweden,MATERIAL_SAMPLE
58.19109,11.4343,2021,8,Sweden,MATERIAL_SAMPLE
58.19169,11.42068,2021,8,Sweden,HUMAN_OBSERVATION
58.19169,11.42068,2021,8,Sweden,MATERIAL_SAMPLE
58.19169,11.42068,2021,8,Sweden,MATERIAL_SAMPLE
58.19169,11.42068,2021,8,Sweden,MATERIAL_SAMPLE
58.19169,11.42068,2021,8,Sweden,MATERIAL_SAMPLE
58.19169,11.42068,2021,8,Sweden,MATERIAL_SAMPLE
58.19169,11.42068,2021,8,Sweden,MATERIAL_SAMPLE
58.21012,11.34208,2012,8,Sweden,HUMAN_OBSERVATION
58.21018,11.34222,2022,7,Sweden,MATERIAL_SAMPLE
58.21018,11.34222,2022,7,Sweden,MATERIAL_SAMPLE
58.21018,11.34222,2022,7,Sweden,MATERIAL_SAMPLE
58.21018,11.34222,2022,7,Sweden,MATERIAL_SAMPLE
58.22725,11.38604,2019,7,Sweden,HUMAN_OBSERVATION
58.22725,11.38604,2019,7,Sweden,MATERIAL_SAMPLE
58.22725,11.38604,2019,7,Sweden,MATERIAL_SAMPLE
58.22725,11.38604,2019,7,Sweden,MATERIAL_SAMPLE
58.22725,11.38604,2019,7,Sweden,MATERIAL_SAMPLE
58.22833,6.50283,2024,8,Norway,HUMAN_OBSERVATION
58.22833,6.50283,2022,9,Norway,HUMAN_OBSERVATION
58.22833,6.50283,2021,9,Norway,HUMAN_OBSERVATION
58.22833,6.50283,2020,6,Norway,HUMAN_OBSERVATION
58.22833,6.50283,2019,6,Norway,HUMAN_OBSERVATION
58.22833,6.50283,2017,6,Norway,HUMAN_OBSERVATION
58.22833,6.50283,2016,6,Norway,HUMAN_OBSERVATION
58.241674,8.391675,2005,6,Norway,HUMAN_OBSERVATION
58.24359,11.37205,2019,7,Sweden,MATERIAL_SAMPLE
58.24359,11.37205,2019,7,Sweden,MATERIAL_SAMPLE
58.24359,11.37205,2019,7,Sweden,MATERIAL_SAMPLE
58.24359,11.37205,2019,7,Sweden,MATERIAL_SAMPLE
58.24359,11.37205,2019,7,Sweden,MATERIAL_SAMPLE
58.24359,11.37205,2019,7,Sweden,MATERIAL_SAMPLE
58.24359,11.37205,2019,7,Sweden,MATERIAL_SAMPLE
58.24367,11.37199,2019,7,Sweden,HUMAN_OBSERVATION
58.24367,11.37199,2013,7,Sweden,HUMAN_OBSERVATION
58.24367,11.37199,2010,7,Sweden,HUMAN_OBSERVATION
58.25097,11.37823,2012,8,Sweden,HUMAN_OBSERVATION
58.25097,11.37823,2011,7,Sweden,HUMAN_OBSERVATION
58.25283,11.44154,2021,7,Sweden,HUMAN_OBSERVATION
58.25283,11.44154,2021,7,Sweden,MATERIAL_SAMPLE
58.25283,11.44154,2021,7,Sweden,MATERIAL_SAMPLE
58.25283,11.44154,2021,7,Sweden,MATERIAL_SAMPLE
58.25283,11.44154,2021,7,Sweden,MATERIAL_SAMPLE
58.25283,11.44154,2021,7,Sweden,MATERIAL_SAMPLE
58.25283,11.44154,2021,7,Sweden,MATERIAL_SAMPLE
58.25283,11.44154,2021,7,Sweden,MATERIAL_SAMPLE
58.25454,8.522821,2022,8,Norway,HUMAN_OBSERVATION
58.25454,8.522821,2018,6,Norway,HUMAN_OBSERVATION
58.25454,8.522821,2016,6,Norway,HUMAN_OBSERVATION
58.25454,8.522821,2015,6,Norway,HUMAN_OBSERVATION
58.25454,8.522821,2014,6,Norway,HUMAN_OBSERVATION
58.25454,8.522821,2013,6,Norway,HUMAN_OBSERVATION
58.25933,11.46619,2021,7,Sweden,HUMAN_OBSERVATION
58.25933,11.46619,2021,7,Sweden,MATERIAL_SAMPLE
58.25933,11.46619,2021,7,Sweden,MATERIAL_SAMPLE
58.25933,11.46619,2021,7,Sweden,MATERIAL_SAMPLE
58.25933,11.46619,2021,7,Sweden,MATERIAL_SAMPLE
58.25933,11.46619,2021,7,Sweden,MATERIAL_SAMPLE
58.25933,11.46619,2021,7,Sweden,MATERIAL_SAMPLE
58.25933,11.46619,2021,7,Sweden,MATERIAL_SAMPLE
58.25933,11.46619,2021,7,Sweden,MATERIAL_SAMPLE
58.25983,11.436,2019,5,Sweden,MATERIAL_SAMPLE
58.26123,11.38615,2022,7,Sweden,MATERIAL_SAMPLE
58.26123,11.38615,2022,7,Sweden,MATERIAL_SAMPLE
58.26123,11.38615,2022,7,Sweden,MATERIAL_SAMPLE
58.26123,11.38615,2022,7,Sweden,MATERIAL_SAMPLE
58.26123,11.38615,2022,7,Sweden,MATERIAL_SAMPLE
58.26123,11.38615,2022,7,Sweden,MATERIAL_SAMPLE
58.26123,11.38615,2022,7,Sweden,MATERIAL_SAMPLE
58.26123,11.38615,2022,7,Sweden,MATERIAL_SAMPLE
58.26128,11.386,2014,7,Sweden,HUMAN_OBSERVATION
58.26128,11.386,2013,7,Sweden,HUMAN_OBSERVATION
58.26128,11.386,2011,7,Sweden,HUMAN_OBSERVATION
58.26128,11.386,2010,7,Sweden,HUMAN_OBSERVATION
58.2613,11.47071,2009,9,Sweden,MATERIAL_SAMPLE
58.2613,11.47071,2009,9,Sweden,MATERIAL_SAMPLE
58.2613,11.47071,2009,9,Sweden,MATERIAL_SAMPLE
58.2613,11.47071,2009,9,Sweden,MATERIAL_SAMPLE
58.2613,11.47071,2009,9,Sweden,MATERIAL_SAMPLE
58.2613,11.47071,2009,9,Sweden,MATERIAL_SAMPLE
58.2613,11.47071,2009,9,Sweden,MATERIAL_SAMPLE
58.2613,11.47071,2009,9,Sweden,MATERIAL_SAMPLE
58.27087,11.49319,2021,7,Sweden,HUMAN_OBSERVATION
58.27087,11.49319,2021,7,Sweden,MATERIAL_SAMPLE
58.27087,11.49319,2021,7,Sweden,MATERIAL_SAMPLE
58.27087,11.49319,2021,7,Sweden,MATERIAL_SAMPLE
58.27087,11.49319,2021,7,Sweden,MATERIAL_SAMPLE
58.27087,11.49319,2021,7,Sweden,MATERIAL_SAMPLE
58.27087,11.49319,2021,7,Sweden,MATERIAL_SAMPLE
58.27087,11.49319,2021,7,Sweden,MATERIAL_SAMPLE
58.27129,11.49396,2009,8,Sweden,MATERIAL_SAMPLE
58.27129,11.49396,2009,8,Sweden,MATERIAL_SAMPLE
58.27129,11.49396,2009,8,Sweden,MATERIAL_SAMPLE
58.27129,11.49396,2009,8,Sweden,MATERIAL_SAMPLE
58.27129,11.49396,2009,8,Sweden,MATERIAL_SAMPLE
58.27129,11.49396,2009,8,Sweden,MATERIAL_SAMPLE
58.27129,11.49396,2009,8,Sweden,MATERIAL_SAMPLE
58.273133,8.537156,2022,9,Norway,HUMAN_OBSERVATION
58.273133,8.537156,2018,6,Norway,HUMAN_OBSERVATION
58.273133,8.537156,2016,6,Norway,HUMAN_OBSERVATION
58.273133,8.537156,2015,6,Norway,HUMAN_OBSERVATION
58.273133,8.537156,2014,6,Norway,HUMAN_OBSERVATION
58.273133,8.537156,2013,6,Norway,HUMAN_OBSERVATION
58.2775,11.4228,2024,9,Sweden,MATERIAL_SAMPLE
58.2784,11.4247,2024,9,Sweden,MATERIAL_SAMPLE
58.27868,11.50479,2009,9,Sweden,MATERIAL_SAMPLE
58.27868,11.50479,2009,9,Sweden,MATERIAL_SAMPLE
58.27868,11.50479,2009,9,Sweden,MATERIAL_SAMPLE
58.27868,11.50479,2009,9,Sweden,MATERIAL_SAMPLE
58.27868,11.50479,2009,9,Sweden,MATERIAL_SAMPLE
58.27868,11.50479,2009,9,Sweden,MATERIAL_SAMPLE
58.28557,11.33504,2012,8,Sweden,HUMAN_OBSERVATION
58.28557,11.33504,2010,7,Sweden,HUMAN_OBSERVATION
58.29601,11.52625,2009,9,Sweden,MATERIAL_SAMPLE
58.29601,11.52625,2009,9,Sweden,MATERIAL_SAMPLE
58.29601,11.52625,2009,9,Sweden,MATERIAL_SAMPLE
58.29601,11.52625,2009,9,Sweden,MATERIAL_SAMPLE
58.29601,11.52625,2009,9,Sweden,MATERIAL_SAMPLE
58.29601,11.52625,2009,9,Sweden,MATERIAL_SAMPLE
58.29601,11.52625,2009,9,Sweden,MATERIAL_SAMPLE
58.29601,11.52625,2009,9,Sweden,MATERIAL_SAMPLE
58.29601,11.52625,2009,9,Sweden,MATERIAL_SAMPLE
58.29601,11.52625,2009,9,Sweden,MATERIAL_SAMPLE
58.29601,11.52625,2009,9,Sweden,MATERIAL_SAMPLE
58.29601,11.52625,2009,9,Sweden,MATERIAL_SAMPLE
58.29601,11.52625,2009,9,Sweden,MATERIAL_SAMPLE
58.29601,11.52625,2009,9,Sweden,MATERIAL_SAMPLE
58.29601,11.52625,2009,9,Sweden,MATERIAL_SAMPLE
58.29601,11.52625,2009,9,Sweden,MATERIAL_SAMPLE
58.29601,11.52625,2009,9,Sweden,MATERIAL_SAMPLE
58.29708,11.52585,2009,9,Sweden,MATERIAL_SAMPLE
58.29708,11.52585,2009,9,Sweden,MATERIAL_SAMPLE
58.29708,11.52585,2009,9,Sweden,MATERIAL_SAMPLE
58.29708,11.52585,2009,9,Sweden,MATERIAL_SAMPLE
58.29708,11.52585,2009,9,Sweden,MATERIAL_SAMPLE
58.29878,11.33117,2012,8,Sweden,HUMAN_OBSERVATION
58.299,11.37204,2023,7,Sweden,HUMAN_OBSERVATION
58.308331,8.575003,2005,6,Norway,HUMAN_OBSERVATION
58.31439,11.54675,2009,9,Sweden,MATERIAL_SAMPLE
58.31439,11.54675,2009,9,Sweden,MATERIAL_SAMPLE
58.31439,11.54675,2009,9,Sweden,MATERIAL_SAMPLE
58.31439,11.54675,2009,9,Sweden,MATERIAL_SAMPLE
58.31439,11.54675,2009,9,Sweden,MATERIAL_SAMPLE
58.31439,11.54675,2009,9,Sweden,MATERIAL_SAMPLE
58.31439,11.54675,2009,9,Sweden,MATERIAL_SAMPLE
58.31439,11.54675,2009,9,Sweden,MATERIAL_SAMPLE
58.316602,8.581778,2022,8,Norway,HUMAN_OBSERVATION
58.316602,8.581778,2016,6,Norway,HUMAN_OBSERVATION
58.316602,8.581778,2015,6,Norway,HUMAN_OBSERVATION
58.316602,8.581778,2014,6,Norway,HUMAN_OBSERVATION
58.316602,8.581778,2013,6,Norway,HUMAN_OBSERVATION
58.323429,8.580761,2019,8,Norway,HUMAN_OBSERVATION
58.33081,11.23589,2021,8,Sweden,HUMAN_OBSERVATION
58.33081,11.23589,2021,8,Sweden,MATERIAL_SAMPLE
58.33081,11.23589,2021,8,Sweden,MATERIAL_SAMPLE
58.33081,11.23589,2021,8,Sweden,MATERIAL_SAMPLE
58.33081,11.23589,2021,8,Sweden,MATERIAL_SAMPLE
58.33081,11.23589,2021,8,Sweden,MATERIAL_SAMPLE
58.336,11.4037,2024,9,Sweden,MATERIAL_SAMPLE
58.34452,11.25358,2021,8,Sweden,HUMAN_OBSERVATION
58.34452,11.25358,2021,8,Sweden,MATERIAL_SAMPLE
58.34452,11.25358,2021,8,Sweden,MATERIAL_SAMPLE
58.34452,11.25358,2021,8,Sweden,MATERIAL_SAMPLE
58.34452,11.25358,2021,8,Sweden,MATERIAL_SAMPLE
58.34452,11.25358,2021,8,Sweden,MATERIAL_SAMPLE
58.34475,11.39539,2022,7,Sweden,MATERIAL_SAMPLE
58.34475,11.39539,2022,7,Sweden,MATERIAL_SAMPLE
58.34475,11.39539,2022,7,Sweden,MATERIAL_SAMPLE
58.34475,11.39539,2022,7,Sweden,MATERIAL_SAMPLE
58.34475,11.39539,2022,7,Sweden,MATERIAL_SAMPLE
58.34475,11.39539,2022,7,Sweden,MATERIAL_SAMPLE
58.34475,11.39539,2022,7,Sweden,MATERIAL_SAMPLE
58.34475,11.39539,2022,7,Sweden,MATERIAL_SAMPLE
58.34547,11.24351,2021,8,Sweden,HUMAN_OBSERVATION
58.34547,11.24351,2021,8,Sweden,MATERIAL_SAMPLE
58.34547,11.24351,2021,8,Sweden,MATERIAL_SAMPLE
58.34547,11.24351,2021,8,Sweden,MATERIAL_SAMPLE
58.34547,11.24351,2021,8,Sweden,MATERIAL_SAMPLE
58.34547,11.24351,2021,8,Sweden,MATERIAL_SAMPLE
58.34547,11.24351,2021,8,Sweden,MATERIAL_SAMPLE
58.352,11.2285,2024,9,Sweden,MATERIAL_SAMPLE
58.3578,11.2412,2024,9,Sweden,MATERIAL_SAMPLE
58.3598,11.4107,2024,9,Sweden,MATERIAL_SAMPLE
58.366,11.241,2024,9,Sweden,MATERIAL_SAMPLE
58.37773,11.24119,2021,8,Sweden,HUMAN_OBSERVATION
58.37773,11.24119,2021,8,Sweden,MATERIAL_SAMPLE
58.37773,11.24119,2021,8,Sweden,MATERIAL_SAMPLE
58.38491,11.23129,2021,8,Sweden,HUMAN_OBSERVATION
58.38491,11.23129,2021,8,Sweden,MATERIAL_SAMPLE
58.38491,11.23129,2021,8,Sweden,MATERIAL_SAMPLE
58.38491,11.23129,2021,8,Sweden,MATERIAL_SAMPLE
58.38491,11.23129,2021,8,Sweden,MATERIAL_SAMPLE
58.3868,11.23012,2021,8,Sweden,HUMAN_OBSERVATION
58.3868,11.23012,2021,8,Sweden,MATERIAL_SAMPLE
58.3868,11.23012,2021,8,Sweden,MATERIAL_SAMPLE
58.3868,11.23012,2021,8,Sweden,MATERIAL_SAMPLE
58.3868,11.23012,2021,8,Sweden,MATERIAL_SAMPLE
58.3868,11.23012,2021,8,Sweden,MATERIAL_SAMPLE
58.3868,11.23012,2021,8,Sweden,MATERIAL_SAMPLE
58.39072,-5.070458,2009,8,United Kingdom of Great Britain and Northern Ireland,HUMAN_OBSERVATION
58.40185,-5.102941,2009,8,United Kingdom of Great Britain and Northern Ireland,HUMAN_OBSERVATION
58.40185,-5.102941,2009,8,United Kingdom of Great Britain and Northern Ireland,HUMAN_OBSERVATION
58.40185,-5.102941,2009,8,United Kingdom of Great Britain and Northern Ireland,HUMAN_OBSERVATION
58.40625,-5.104433,2018,7,United Kingdom of Great Britain and Northern Ireland,HUMAN_OBSERVATION
58.408327,8.741659,2005,6,Norway,HUMAN_OBSERVATION
58.41917,-5.100962,2009,8,United Kingdom of Great Britain and Northern Ireland,HUMAN_OBSERVATION
58.424997,8.758331,2005,6,Norway,HUMAN_OBSERVATION
58.438673,-3.083323,2012,8,United Kingdom of Great Britain and Northern Ireland,HUMAN_OBSERVATION
58.45024,-5.03832,2019,5,United Kingdom of Great Britain and Northern Ireland,HUMAN_OBSERVATION
58.458325,8.758331,2002,8,Norway,HUMAN_OBSERVATION
58.45833,5.891646,2000,11,Norway,HUMAN_OBSERVATION
58.49773,11.25622,2020,7,Sweden,HUMAN_OBSERVATION
58.49773,11.25622,2020,7,Sweden,MATERIAL_SAMPLE
58.49773,11.25622,2020,7,Sweden,MATERIAL_SAMPLE
58.49773,11.25622,2020,7,Sweden,MATERIAL_SAMPLE
58.49773,11.25622,2020,7,Sweden,MATERIAL_SAMPLE
58.49773,11.25622,2020,7,Sweden,MATERIAL_SAMPLE
58.508327,8.908332,2002,10,Norway,HUMAN_OBSERVATION
58.5132,8.944219,2022,8,Norway,HUMAN_OBSERVATION
58.5132,8.944219,2018,6,Norway,HUMAN_OBSERVATION
58.5132,8.944219,2016,6,Norway,HUMAN_OBSERVATION
58.5132,8.944219,2015,6,Norway,HUMAN_OBSERVATION
58.5132,8.944219,2014,6,Norway,HUMAN_OBSERVATION
58.51472,11.23061,2020,7,Sweden,HUMAN_OBSERVATION
58.51472,11.23061,2020,7,Sweden,MATERIAL_SAMPLE
58.5441,11.16612,2020,8,Sweden,HUMAN_OBSERVATION
58.5441,11.16612,2020,8,Sweden,MATERIAL_SAMPLE
58.5441,11.16612,2020,8,Sweden,MATERIAL_SAMPLE
58.583651,9.024664,2019,8,Norway,HUMAN_OBSERVATION
58.597,11.279,2024,9,Sweden,MATERIAL_SAMPLE
58.60531,11.19989,2020,8,Sweden,HUMAN_OBSERVATION
58.60531,11.19989,2020,8,Sweden,MATERIAL_SAMPLE
58.60531,11.19989,2020,8,Sweden,MATERIAL_SAMPLE
58.65187,5.567147,2014,11,Norway,HUMAN_OBSERVATION
58.670105,-3.118079,2012,7,United Kingdom of Great Britain and Northern Ireland,HUMAN_OBSERVATION
58.708334,9.241661,2005,11,Norway,HUMAN_OBSERVATION
58.74279,9.267662,2021,9,Norway,HUMAN_OBSERVATION
58.74279,9.267662,2015,6,Norway,HUMAN_OBSERVATION
58.74279,9.267662,2014,6,Norway,HUMAN_OBSERVATION
58.79575,11.12369,2007,8,Sweden,HUMAN_OBSERVATION
58.80827,11.13404,2022,7,Sweden,MATERIAL_SAMPLE
58.80827,11.13404,2022,7,Sweden,MATERIAL_SAMPLE
58.80827,11.13404,2022,7,Sweden,MATERIAL_SAMPLE
58.80827,11.13404,2022,7,Sweden,MATERIAL_SAMPLE
58.8131,11.13257,2022,9,Sweden,MATERIAL_SAMPLE
58.8131,11.13257,2022,9,Sweden,MATERIAL_SAMPLE
58.8131,11.13257,2022,9,Sweden,MATERIAL_SAMPLE
58.8131,11.13257,2022,9,Sweden,MATERIAL_SAMPLE
58.8131,11.13257,2022,9,Sweden,MATERIAL_SAMPLE
58.82282,11.07058,2021,9,Sweden,HUMAN_OBSERVATION
58.82282,11.07058,2021,9,Sweden,MATERIAL_SAMPLE
58.82282,11.07058,2021,9,Sweden,MATERIAL_SAMPLE
58.82282,11.07058,2021,9,Sweden,MATERIAL_SAMPLE
58.82282,11.07058,2021,9,Sweden,MATERIAL_SAMPLE
58.82632,11.03747,2007,9,Sweden,HUMAN_OBSERVATION
58.83213,-2.962197,2012,8,United Kingdom of Great Britain and Northern Ireland,HUMAN_OBSERVATION
58.83398,11.04855,2006,7,Sweden,HUMAN_OBSERVATION
58.83405,11.04925,2006,7,Sweden,HUMAN_OBSERVATION
58.8341,11.03961,2021,9,Sweden,HUMAN_OBSERVATION
58.8341,11.03961,2021,9,Sweden,MATERIAL_SAMPLE
58.83427,11.08083,2022,9,Sweden,MATERIAL_SAMPLE
58.83442,11.04875,2006,7,Sweden,HUMAN_OBSERVATION
58.836525,-3.189271,2012,8,United Kingdom of Great Britain and Northern Ireland,HUMAN_OBSERVATION
58.83792,11.04479,2006,6,Sweden,HUMAN_OBSERVATION
58.84117,11.05137,2006,7,Sweden,HUMAN_OBSERVATION
58.84345,11.04941,2007,9,Sweden,HUMAN_OBSERVATION
58.84482,11.05645,2006,7,Sweden,HUMAN_OBSERVATION
58.845033,-3.191483,2015,7,United Kingdom of Great Britain and Northern Ireland,MATERIAL_SAMPLE
58.845033,-3.191483,2015,7,United Kingdom of Great Britain and Northern Ireland,MATERIAL_SAMPLE
58.845033,-3.191483,2015,7,United Kingdom of Great Britain and Northern Ireland,MATERIAL_SAMPLE
58.845085,-3.19155,2013,7,United Kingdom of Great Britain and Northern Ireland,MATERIAL_SAMPLE
58.845085,-3.19155,2013,7,United Kingdom of Great Britain and Northern Ireland,MATERIAL_SAMPLE
58.8495,-3.012833,2015,7,United Kingdom of Great Britain and Northern Ireland,MATERIAL_SAMPLE
58.8495,-3.012833,2015,7,United Kingdom of Great Britain and Northern Ireland,MATERIAL_SAMPLE
58.8495,-3.012833,2014,7,United Kingdom of Great Britain and Northern Ireland,MATERIAL_SAMPLE
58.8495,-3.012833,2014,7,United Kingdom of Great Britain and Northern Ireland,MATERIAL_SAMPLE
58.85083,11.13073,2006,9,Sweden,HUMAN_OBSERVATION
58.85242,11.06968,2007,7,Sweden,HUMAN_OBSERVATION
58.859877,11.080491,,,Sweden,OCCURRENCE
58.859877,11.080491,,,Sweden,OCCURRENCE
58.86837,10.99631,2007,3,Sweden,HUMAN_OBSERVATION
58.875155,11.103194,,,Sweden,OCCURRENCE
58.875155,11.103194,,,Sweden,OCCURRENCE
58.875155,11.103194,,,Sweden,OCCURRENCE
58.87552,11.10499,2022,9,Sweden,MATERIAL_SAMPLE
58.87552,11.10499,2022,9,Sweden,MATERIAL_SAMPLE
58.87552,11.10499,2022,9,Sweden,MATERIAL_SAMPLE
58.87552,11.10499,2022,9,Sweden,MATERIAL_SAMPLE
58.87552,11.10499,2022,9,Sweden,MATERIAL_SAMPLE
58.87552,11.10499,2022,9,Sweden,MATERIAL_SAMPLE
58.87552,11.10499,2022,9,Sweden,MATERIAL_SAMPLE
58.87552,11.10499,2022,9,Sweden,MATERIAL_SAMPLE
58.87557,11.10612,2018,5,Sweden,HUMAN_OBSERVATION
58.87633,11.111884,2018,,Sweden,OCCURRENCE
58.87633,11.111884,2018,,Sweden,OCCURRENCE
58.87633,11.111884,2018,,Sweden,OCCURRENCE
58.87633,11.111884,2018,,Sweden,OCCURRENCE
58.87633,11.111884,2018,,Sweden,OCCURRENCE
58.87633,11.111884,2018,,Sweden,OCCURRENCE
58.87633,11.111884,,,Sweden,OCCURRENCE
58.87633,11.111884,,,Sweden,OCCURRENCE
58.88028,11.06268,2007,8,Sweden,HUMAN_OBSERVATION
58.88878,11.09608,2006,7,Sweden,HUMAN_OBSERVATION
58.891668,9.574999,2004,8,Norway,HUMAN_OBSERVATION
58.8925,11.0636,2019,8,Sweden,HUMAN_OBSERVATION
58.8925,11.0636,2019,8,Sweden,MATERIAL_SAMPLE
58.8925,11.0636,2019,8,Sweden,MATERIAL_SAMPLE
58.8925,11.0636,2019,8,Sweden,MATERIAL_SAMPLE
58.893333,-2.912,2013,11,United Kingdom of Great Britain and Northern Ireland,MATERIAL_SAMPLE
58.893333,-2.912,2013,11,United Kingdom of Great Britain and Northern Ireland,MATERIAL_SAMPLE
58.91664,11.08342,2019,8,Sweden,HUMAN_OBSERVATION
58.91664,11.08342,2022,9,Sweden,MATERIAL_SAMPLE
58.91664,11.08342,2022,9,Sweden,MATERIAL_SAMPLE
58.91664,11.08342,2022,9,Sweden,MATERIAL_SAMPLE
58.91664,11.08342,2022,9,Sweden,MATERIAL_SAMPLE
58.91664,11.08342,2022,9,Sweden,MATERIAL_SAMPLE
58.91664,11.08342,2022,9,Sweden,MATERIAL_SAMPLE
58.91664,11.08342,2022,9,Sweden,MATERIAL_SAMPLE
58.91664,11.08342,2022,9,Sweden,MATERIAL_SAMPLE
58.91664,11.08342,2022,9,Sweden,MATERIAL_SAMPLE
58.91664,11.08342,2019,8,Sweden,MATERIAL_SAMPLE
58.91664,11.08342,2019,8,Sweden,MATERIAL_SAMPLE
58.91664,11.08342,2019,8,Sweden,MATERIAL_SAMPLE
58.917154,-3.185061,2014,7,United Kingdom of Great Britain and Northern Ireland,MATERIAL_SAMPLE
58.917154,-3.185061,2014,7,United Kingdom of Great Britain and Northern Ireland,MATERIAL_SAMPLE
58.924995,5.574981,2000,11,Norway,HUMAN_OBSERVATION
58.930679,5.598445,2022,9,Norway,HUMAN_OBSERVATION
58.931198,5.849515,2014,11,Norway,HUMAN_OBSERVATION
58.932367,5.983885,2022,7,Norway,HUMAN_OBSERVATION
58.95245,11.08492,2021,8,Sweden,HUMAN_OBSERVATION
58.95245,11.08492,2021,8,Sweden,MATERIAL_SAMPLE
58.95245,11.08492,2021,8,Sweden,MATERIAL_SAMPLE
58.95245,11.08492,2021,8,Sweden,MATERIAL_SAMPLE
58.95245,11.08492,2021,8,Sweden,MATERIAL_SAMPLE
58.95245,11.08492,2021,8,Sweden,MATERIAL_SAMPLE
58.95245,11.08492,2021,8,Sweden,MATERIAL_SAMPLE
58.95245,11.08492,2021,8,Sweden,MATERIAL_SAMPLE
58.95245,11.08492,2021,8,Sweden,MATERIAL_SAMPLE
58.956486,-2.971292,2014,7,United Kingdom of Great Britain and Northern Ireland,MATERIAL_SAMPLE
58.956486,-2.971292,2014,7,United Kingdom of Great Britain and Northern Ireland,MATERIAL_SAMPLE
58.9581,-2.973333,2013,11,United Kingdom of Great Britain and Northern Ireland,MATERIAL_SAMPLE
58.9581,-2.973333,2013,11,United Kingdom of Great Britain and Northern Ireland,MATERIAL_SAMPLE
58.958771,6.005157,2014,8,Norway,HUMAN_OBSERVATION
58.959026,5.744331,2014,11,Norway,HUMAN_OBSERVATION
58.959408,-3.299559,2012,8,United Kingdom of Great Britain and Northern Ireland,HUMAN_OBSERVATION
58.963932,-3.296251,2012,8,United Kingdom of Great Britain and Northern Ireland,HUMAN_OBSERVATION
58.964401,-3.294252,2014,7,United Kingdom of Great Britain and Northern Ireland,MATERIAL_SAMPLE
58.964401,-3.294252,2014,7,United Kingdom of Great Britain and Northern Ireland,MATERIAL_SAMPLE
58.964775,-3.294527,2015,9,United Kingdom of Great Britain and Northern Ireland,MATERIAL_SAMPLE
58.964775,-3.294527,2015,9,United Kingdom of Great Britain and Northern Ireland,MATERIAL_SAMPLE
58.964838,5.891906,2014,11,Norway,HUMAN_OBSERVATION
58.968962,5.878673,2024,8,Norway,HUMAN_OBSERVATION
58.968962,5.878673,2022,9,Norway,HUMAN_OBSERVATION
58.968962,5.878673,2021,9,Norway,HUMAN_OBSERVATION
58.968962,5.878673,2016,6,Norway,HUMAN_OBSERVATION
58.968962,5.878673,2016,9,Norway,HUMAN_OBSERVATION
58.968962,5.878673,2015,6,Norway,HUMAN_OBSERVATION
58.968962,5.878673,2014,6,Norway,HUMAN_OBSERVATION
58.973132,5.602074,2014,11,Norway,HUMAN_OBSERVATION
58.975378,5.741034,2014,11,Norway,HUMAN_OBSERVATION
58.979808,5.734459,2014,8,Norway,HUMAN_OBSERVATION
58.982253,5.735545,2016,9,Norway,HUMAN_OBSERVATION
58.99358,9.808552,2022,8,Norway,HUMAN_OBSERVATION
58.99358,9.808552,2020,9,Norway,HUMAN_OBSERVATION
58.99358,9.808552,2019,9,Norway,HUMAN_OBSERVATION
58.99358,9.808552,2018,8,Norway,HUMAN_OBSERVATION
58.99358,9.808552,2016,6,Norway,HUMAN_OBSERVATION
58.99358,9.808552,2015,6,Norway,HUMAN_OBSERVATION
58.99358,9.808552,2014,6,Norway,HUMAN_OBSERVATION
58.99358,9.808552,2013,6,Norway,HUMAN_OBSERVATION
59.003734,5.664606,2014,8,Norway,HUMAN_OBSERVATION
59.004576,5.757348,2014,11,Norway,HUMAN_OBSERVATION
59.008527,-2.911403,2012,8,United Kingdom of Great Britain and Northern Ireland,HUMAN_OBSERVATION
59.02325,9.753881,2020,9,Norway,HUMAN_OBSERVATION
59.02325,9.753881,2019,9,Norway,HUMAN_OBSERVATION
59.02325,9.753881,2018,8,Norway,HUMAN_OBSERVATION
59.02325,9.753881,2016,6,Norway,HUMAN_OBSERVATION
59.02325,9.753881,2015,6,Norway,HUMAN_OBSERVATION
59.02325,9.753881,2014,6,Norway,HUMAN_OBSERVATION
59.02325,9.753881,2013,6,Norway,HUMAN_OBSERVATION
59.023736,10.185458,2014,10,Norway,HUMAN_OBSERVATION
59.023875,5.613887,2014,8,Norway,HUMAN_OBSERVATION
59.0267,10.5268,2022,8,Norway,HUMAN_OBSERVATION
59.0267,10.5268,2020,9,Norway,HUMAN_OBSERVATION
59.0267,10.5268,2019,10,Norway,HUMAN_OBSERVATION
59.0267,10.5268,2018,8,Norway,HUMAN_OBSERVATION
59.031631,-2.905917,2013,10,United Kingdom of Great Britain and Northern Ireland,MATERIAL_SAMPLE
59.031631,-2.905917,2013,10,United Kingdom of Great Britain and Northern Ireland,MATERIAL_SAMPLE
59.034937,5.745562,2014,8,Norway,HUMAN_OBSERVATION
59.038457,11.115303,2022,8,Norway,HUMAN_OBSERVATION
59.038457,11.115303,2021,9,Norway,HUMAN_OBSERVATION
59.038457,11.115303,2020,9,Norway,HUMAN_OBSERVATION
59.038457,11.115303,2019,9,Norway,HUMAN_OBSERVATION
59.038457,11.115303,2018,8,Norway,HUMAN_OBSERVATION
59.038457,11.115303,2014,6,Norway,HUMAN_OBSERVATION
59.043072,10.296316,2022,8,Norway,HUMAN_OBSERVATION
59.043072,10.296316,2021,9,Norway,HUMAN_OBSERVATION
59.043072,10.296316,2020,6,Norway,HUMAN_OBSERVATION
59.043072,10.296316,2017,6,Norway,HUMAN_OBSERVATION
59.043072,10.296316,2016,5,Norway,HUMAN_OBSERVATION
59.044591,10.473638,2022,5,Norway,HUMAN_OBSERVATION
59.046176,5.685339,2014,8,Norway,HUMAN_OBSERVATION
59.04749,10.87016,2022,8,Norway,HUMAN_OBSERVATION
59.04749,10.87016,2021,9,Norway,HUMAN_OBSERVATION
59.04749,10.87016,2020,9,Norway,HUMAN_OBSERVATION
59.04749,10.87016,2019,9,Norway,HUMAN_OBSERVATION
59.04749,10.87016,2018,8,Norway,HUMAN_OBSERVATION
59.053804,10.438639,2019,3,Norway,HUMAN_OBSERVATION
59.05966,5.71851,2024,8,Norway,HUMAN_OBSERVATION
59.05966,5.71851,2023,8,Norway,HUMAN_OBSERVATION
59.05966,5.71851,2022,9,Norway,HUMAN_OBSERVATION
59.05966,5.71851,2016,6,Norway,HUMAN_OBSERVATION
59.05966,5.71851,2016,9,Norway,HUMAN_OBSERVATION
59.05966,5.71851,2015,6,Norway,HUMAN_OBSERVATION
59.05966,5.71851,2014,6,Norway,HUMAN_OBSERVATION
59.072623,10.393607,2017,8,Norway,HUMAN_OBSERVATION
59.074996,10.241675,2005,11,Norway,HUMAN_OBSERVATION
59.075,5.424971,2000,11,Norway,HUMAN_OBSERVATION
59.123625,10.220941,2014,10,Norway,HUMAN_OBSERVATION
59.180099,5.42293,2021,7,Norway,HUMAN_OBSERVATION
59.20945,5.95,2022,9,Norway,HUMAN_OBSERVATION
59.213674,5.461128,2014,11,Norway,HUMAN_OBSERVATION
59.248674,-2.858195,2012,8,United Kingdom of Great Britain and Northern Ireland,HUMAN_OBSERVATION
59.251089,6.094391,2016,6,Norway,HUMAN_OBSERVATION
59.254302,10.703994,2022,8,Norway,HUMAN_OBSERVATION
59.254302,10.703994,2021,9,Norway,HUMAN_OBSERVATION
59.254302,10.703994,2020,9,Norway,HUMAN_OBSERVATION
59.254302,10.703994,2019,9,Norway,HUMAN_OBSERVATION
59.254302,10.703994,2018,8,Norway,HUMAN_OBSERVATION
59.254302,10.703994,2016,6,Norway,HUMAN_OBSERVATION
59.254302,10.703994,2015,6,Norway,HUMAN_OBSERVATION
59.254302,10.703994,2013,6,Norway,HUMAN_OBSERVATION
59.255626,5.426855,2016,6,Norway,HUMAN_OBSERVATION
59.258332,5.358307,2000,11,Norway,HUMAN_OBSERVATION
59.28055,5.86175,2021,9,Norway,HUMAN_OBSERVATION
59.284049,5.806831,2023,9,Norway,HUMAN_OBSERVATION
59.284049,5.806831,2021,9,Norway,HUMAN_OBSERVATION
59.312459,5.462314,2014,11,Norway,HUMAN_OBSERVATION
59.322629,6.405344,2016,6,Norway,HUMAN_OBSERVATION
59.33285,5.360328,2017,6,Norway,HUMAN_OBSERVATION
59.333611,5.289451,2017,6,Norway,HUMAN_OBSERVATION
59.339443,5.298129,2017,6,Norway,HUMAN_OBSERVATION
59.343144,5.288822,2017,6,Norway,HUMAN_OBSERVATION
59.411649,5.267712,2016,10,Norway,HUMAN_OBSERVATION
59.419008,5.256968,2016,10,Norway,HUMAN_OBSERVATION
59.419894,5.250249,2021,4,Norway,HUMAN_OBSERVATION
59.425003,5.241643,2000,11,Norway,HUMAN_OBSERVATION
59.43692,10.58157,2022,8,Norway,HUMAN_OBSERVATION
59.43692,10.58157,2020,9,Norway,HUMAN_OBSERVATION
59.43692,10.58157,2019,9,Norway,HUMAN_OBSERVATION
59.43692,10.58157,2018,8,Norway,HUMAN_OBSERVATION
59.496002,5.897359,2014,11,Norway,HUMAN_OBSERVATION
59.583878,5.150464,2001,4,Norway,HUMAN_OBSERVATION
59.591668,5.141651,2001,4,Norway,HUMAN_OBSERVATION
59.591668,5.141651,2001,4,Norway,HUMAN_OBSERVATION
59.614767,5.439254,2014,10,Norway,HUMAN_OBSERVATION
59.658332,10.624995,2005,1,Norway,HUMAN_OBSERVATION
59.682148,10.614772,2012,9,Norway,HUMAN_OBSERVATION
59.692653,5.245577,2011,12,Norway,HUMAN_OBSERVATION
59.850346,5.681523,2024,8,Norway,HUMAN_OBSERVATION
59.886038,5.522432,2008,,Norway,HUMAN_OBSERVATION
59.886833,5.295233,2009,,Norway,HUMAN_OBSERVATION
59.924996,5.27497,2001,4,Norway,HUMAN_OBSERVATION
59.941671,5.258298,2001,4,Norway,HUMAN_OBSERVATION
59.991668,5.258306,2001,4,Norway,HUMAN_OBSERVATION
60.058331,5.208297,2001,9,Norway,HUMAN_OBSERVATION
60.075001,5.074978,2001,8,Norway,HUMAN_OBSERVATION
60.091672,5.208315,2001,9,Norway,HUMAN_OBSERVATION
60.108326,5.258298,2001,9,Norway,HUMAN_OBSERVATION
60.124993,5.22497,2001,9,Norway,HUMAN_OBSERVATION
60.141666,5.158297,1996,8,Norway,HUMAN_OBSERVATION
60.162,5.04,2016,4,Norway,MATERIAL_SAMPLE
60.208325,5.158297,2001,9,Norway,HUMAN_OBSERVATION
60.208325,5.17497,2001,9,Norway,HUMAN_OBSERVATION
60.225,5.258306,2001,9,Norway,HUMAN_OBSERVATION
60.241667,5.058288,2001,9,Norway,HUMAN_OBSERVATION
60.241667,5.058288,2001,9,Norway,HUMAN_OBSERVATION
60.241667,5.141651,2001,8,Norway,HUMAN_OBSERVATION
60.241667,5.224979,2001,9,Norway,HUMAN_OBSERVATION
60.241667,5.274979,2001,9,Norway,HUMAN_OBSERVATION
60.241671,5.208306,2001,8,Norway,HUMAN_OBSERVATION
60.24933,5.266858,2014,10,Norway,HUMAN_OBSERVATION
60.256195,5.237753,2014,10,Norway,HUMAN_OBSERVATION
60.258329,5.091651,2001,9,Norway,HUMAN_OBSERVATION
60.258329,5.208306,2001,8,Norway,HUMAN_OBSERVATION
60.258329,5.274979,2001,9,Norway,HUMAN_OBSERVATION
60.258329,5.291652,2001,9,Norway,HUMAN_OBSERVATION
60.26922,5.22123,2016,6,Norway,MATERIAL_SAMPLE
60.275001,5.208306,2001,8,Norway,HUMAN_OBSERVATION
60.275001,5.208306,2001,8,Norway,HUMAN_OBSERVATION
60.291673,5.141651,2001,8,Norway,HUMAN_OBSERVATION
60.295377,5.151694,2014,10,Norway,HUMAN_OBSERVATION
60.308328,5.158297,2001,8,Norway,HUMAN_OBSERVATION
60.308328,5.208297,2001,8,Norway,HUMAN_OBSERVATION
60.325006,5.158306,2001,8,Norway,HUMAN_OBSERVATION
60.384529,4.963951,2009,6,Norway,HUMAN_OBSERVATION
60.384533,4.96395,2009,,Norway,HUMAN_OBSERVATION
60.389017,4.97,2009,,Norway,HUMAN_OBSERVATION
60.389017,4.97,2009,,Norway,HUMAN_OBSERVATION
60.389057,4.969982,2017,8,Norway,HUMAN_OBSERVATION
60.389057,4.969982,2009,6,Norway,HUMAN_OBSERVATION
60.3911,5.041467,2009,,Norway,HUMAN_OBSERVATION
60.391666,5.041651,2001,9,Norway,HUMAN_OBSERVATION
60.422422,5.149817,2014,10,Norway,HUMAN_OBSERVATION
60.423669,4.914171,2024,8,Norway,HUMAN_OBSERVATION
60.423669,4.914171,2023,8,Norway,HUMAN_OBSERVATION
60.423669,4.914171,2022,8,Norway,HUMAN_OBSERVATION
60.423669,4.914171,2021,9,Norway,HUMAN_OBSERVATION
60.423669,4.914171,2020,6,Norway,HUMAN_OBSERVATION
60.423669,4.914171,2019,6,Norway,HUMAN_OBSERVATION
60.423669,4.914171,2017,6,Norway,HUMAN_OBSERVATION
60.423669,4.914171,2016,6,Norway,HUMAN_OBSERVATION
60.44247,5.06462,2016,6,Norway,MATERIAL_SAMPLE
60.451062,5.296853,2014,10,Norway,HUMAN_OBSERVATION
60.53082,4.98519,2016,6,Norway,MATERIAL_SAMPLE
60.539167,5.263056,2009,,Norway,HUMAN_OBSERVATION
60.558335,4.958305,2001,4,Norway,HUMAN_OBSERVATION
60.558335,4.958305,2001,4,Norway,HUMAN_OBSERVATION
60.558335,4.958305,2001,4,Norway,HUMAN_OBSERVATION
60.5725,5.241944,2009,,Norway,HUMAN_OBSERVATION
60.630999,5.044085,2014,10,Norway,HUMAN_OBSERVATION
60.639382,5.007299,2021,3,Norway,HUMAN_OBSERVATION
60.657783,4.985812,2021,3,Norway,HUMAN_OBSERVATION
60.658329,4.958296,2001,4,Norway,HUMAN_OBSERVATION
60.6627,4.78749,2016,6,Norway,MATERIAL_SAMPLE
60.6627,4.78749,2016,6,Norway,MATERIAL_SAMPLE
60.6627,4.78749,2016,6,Norway,MATERIAL_SAMPLE
60.6627,4.78749,2016,6,Norway,MATERIAL_SAMPLE
60.6627,4.78749,2016,6,Norway,MATERIAL_SAMPLE
60.674999,4.908296,2001,4,Norway,HUMAN_OBSERVATION
60.724997,4.891641,2001,4,Norway,HUMAN_OBSERVATION
60.780206,5.082497,2014,10,Norway,HUMAN_OBSERVATION
60.780206,5.082497,2014,10,Norway,HUMAN_OBSERVATION
60.807186,4.977646,2021,3,Norway,HUMAN_OBSERVATION
60.822233,5.006639,2022,8,Norway,HUMAN_OBSERVATION
60.94167,4.958305,2001,4,Norway,HUMAN_OBSERVATION
60.94167,4.974978,2001,4,Norway,HUMAN_OBSERVATION
60.94167,4.974978,2001,4,Norway,HUMAN_OBSERVATION
60.990909,4.721201,2016,9,Norway,HUMAN_OBSERVATION
60.998039,4.88605,2016,9,Norway,HUMAN_OBSERVATION
61.023149,5.02891,2016,9,Norway,HUMAN_OBSERVATION
61.041668,4.524958,2004,8,Norway,HUMAN_OBSERVATION
61.041672,4.508276,2004,8,Norway,HUMAN_OBSERVATION
61.041672,4.724968,2004,8,Norway,HUMAN_OBSERVATION
61.045065,4.798235,2016,7,Norway,HUMAN_OBSERVATION
61.058335,4.72495,2004,8,Norway,HUMAN_OBSERVATION
61.058335,4.72495,2004,8,Norway,HUMAN_OBSERVATION
61.058335,4.824968,2004,8,Norway,HUMAN_OBSERVATION
61.058335,4.824968,2001,4,Norway,HUMAN_OBSERVATION
61.058335,4.824968,2001,4,Norway,HUMAN_OBSERVATION
61.058335,4.841632,2004,8,Norway,HUMAN_OBSERVATION
61.075001,4.824959,2004,8,Norway,HUMAN_OBSERVATION
61.075001,4.824959,2001,4,Norway,HUMAN_OBSERVATION
61.075001,4.841632,2004,8,Norway,HUMAN_OBSERVATION
61.09465,4.702517,2009,,Norway,HUMAN_OBSERVATION
61.109189,5.286622,2016,9,Norway,HUMAN_OBSERVATION
61.1207,6.34303,2016,9,Norway,HUMAN_OBSERVATION
61.141224,5.689676,2016,9,Norway,HUMAN_OBSERVATION
61.224998,4.974969,2001,4,Norway,HUMAN_OBSERVATION
61.324996,5.041651,2001,4,Norway,HUMAN_OBSERVATION
61.324996,5.041651,2001,4,Norway,HUMAN_OBSERVATION
61.325001,5.024978,2001,4,Norway,HUMAN_OBSERVATION
61.425484,5.127605,2010,6,Norway,HUMAN_OBSERVATION
61.425542,5.150418,2010,6,Norway,HUMAN_OBSERVATION
61.431074,5.158706,2010,6,Norway,HUMAN_OBSERVATION
61.491664,5.041642,2003,8,Norway,HUMAN_OBSERVATION
61.491664,5.041642,2001,4,Norway,HUMAN_OBSERVATION
61.574997,4.858287,2001,4,Norway,HUMAN_OBSERVATION
61.575001,4.941632,2003,8,Norway,HUMAN_OBSERVATION
61.575001,4.941632,2001,4,Norway,HUMAN_OBSERVATION
61.608328,4.874959,2001,4,Norway,HUMAN_OBSERVATION
61.608332,4.841623,2001,4,Norway,HUMAN_OBSERVATION
61.624995,4.808286,2003,8,Norway,HUMAN_OBSERVATION
61.625003,4.841641,2003,8,Norway,HUMAN_OBSERVATION
61.641674,4.824959,2003,8,Norway,HUMAN_OBSERVATION
61.774994,4.941632,2003,8,Norway,HUMAN_OBSERVATION
61.774994,4.941632,2001,4,Norway,HUMAN_OBSERVATION
61.774998,4.958305,2001,4,Norway,HUMAN_OBSERVATION
61.875005,5.191643,2001,3,Norway,HUMAN_OBSERVATION
61.891668,5.124979,2003,8,Norway,HUMAN_OBSERVATION
61.891668,5.124979,2003,8,Norway,HUMAN_OBSERVATION
62.189183,6.1097,2009,,Norway,HUMAN_OBSERVATION
62.205733,6.089267,2009,,Norway,HUMAN_OBSERVATION
62.208325,5.474989,2001,2,Norway,HUMAN_OBSERVATION
62.251369,5.897952,2018,6,Norway,HUMAN_OBSERVATION
62.340875,5.607311,2018,6,Norway,HUMAN_OBSERVATION
62.341129,5.640198,2018,6,Norway,HUMAN_OBSERVATION
62.341667,5.774982,2001,2,Norway,HUMAN_OBSERVATION
62.341667,5.791654,2001,2,Norway,HUMAN_OBSERVATION
62.436937,6.339366,2018,6,Norway,HUMAN_OBSERVATION
62.445013,6.236482,2018,6,Norway,HUMAN_OBSERVATION
62.445179,6.186419,2018,6,Norway,HUMAN_OBSERVATION
62.4632,6.164302,2018,6,Norway,HUMAN_OBSERVATION
62.497472,6.049246,2018,6,Norway,HUMAN_OBSERVATION
62.524996,6.191665,2001,2,Norway,HUMAN_OBSERVATION
62.524996,6.208311,2001,2,Norway,HUMAN_OBSERVATION
62.524996,6.224993,2001,2,Norway,HUMAN_OBSERVATION
62.573687,6.097405,2016,3,Norway,HUMAN_OBSERVATION
62.691671,6.691649,2001,3,Norway,HUMAN_OBSERVATION
62.758332,8.45833,2006,8,Norway,HUMAN_OBSERVATION
62.841675,7.124997,2006,8,Norway,HUMAN_OBSERVATION
62.991671,8.025001,2006,8,Norway,HUMAN_OBSERVATION
63.091666,7.774991,2001,2,Norway,HUMAN_OBSERVATION
63.10833,7.808318,2001,2,Norway,HUMAN_OBSERVATION
63.191671,7.941673,2001,2,Norway,HUMAN_OBSERVATION
63.308328,8.175001,2001,2,Norway,HUMAN_OBSERVATION
63.308332,8.125001,2001,2,Norway,HUMAN_OBSERVATION
63.325004,8.175001,2001,2,Norway,HUMAN_OBSERVATION
63.43972,10.6243,2020,9,Norway,HUMAN_OBSERVATION
63.44145,10.60762,2020,9,Norway,HUMAN_OBSERVATION
63.6163,9.593899,2025,5,Norway,HUMAN_OBSERVATION
63.759174,8.444442,2015,8,Norway,HUMAN_OBSERVATION
63.870686,8.685164,2015,8,Norway,HUMAN_OBSERVATION
