latitude,longitude,year,month,country,basisOfRecord
41.638,28.061,,,Türkiye,MATERIAL_SAMPLE
42.024194,28.009222,2010,,Bulgaria,OCCURRENCE
42.030806,27.625111,2010,,Bulgaria,OCCURRENCE
42.053556,27.985806,2010,,Bulgaria,OCCURRENCE
42.059972,27.770583,2009,,Bulgaria,OCCURRENCE
42.101542,48.291675,2023,5,Russian Federation,HUMAN_OBSERVATION
42.336004,48.09339,2024,6,Russian Federation,HUMAN_OBSERVATION
42.424083,27.693094,2024,5,Bulgaria,HUMAN_OBSERVATION
42.562751,47.900787,2025,5,Russian Federation,HUMAN_OBSERVATION
42.580356,47.890216,2023,8,Russian Federation,HUMAN_OBSERVATION
43.18999,25.885633,2024,8,Bulgaria,HUMAN_OBSERVATION
43.208612,25.557165,2024,8,Bulgaria,HUMAN_OBSERVATION
43.216558,25.639319,2024,8,Bulgaria,HUMAN_OBSERVATION
43.334187,28.066866,2024,6,Bulgaria,HUMAN_OBSERVATION
43.367451,28.084738,2024,6,Bulgaria,HUMAN_OBSERVATION
43.371037,28.086399,2024,6,Bulgaria,HUMAN_OBSERVATION
43.378288,28.096092,2024,7,Bulgaria,HUMAN_OBSERVATION
43.545472,25.671444,2010,,Bulgaria,OCCURRENCE
43.623283,25.346579,2023,7,Bulgaria,HUMAN_OBSERVATION
43.712917,24.408111,2009,,Bulgaria,OCCURRENCE
43.730434,6.088325,2023,6,France,HUMAN_OBSERVATION
43.73098,6.147687,2023,8,France,HUMAN_OBSERVATION
43.73098,6.147687,2023,8,France,HUMAN_OBSERVATION
43.741567,6.172245,2022,7,France,HUMAN_OBSERVATION
43.791774,6.222299,2023,8,France,HUMAN_OBSERVATION
43.987389,26.698111,2010,,Bulgaria,OCCURRENCE
43.987389,26.698111,2010,,Bulgaria,OCCURRENCE
44.05325,26.614778,2010,,Bulgaria,OCCURRENCE
44.053944,26.617472,2010,,Bulgaria,OCCURRENCE
44.053944,26.617472,2010,,Bulgaria,OCCURRENCE
44.055056,26.624583,2010,,Bulgaria,OCCURRENCE
44.055056,26.624583,2010,,Bulgaria,OCCURRENCE
44.063528,26.714861,2010,,Bulgaria,OCCURRENCE
44.080223,28.663904,2024,7,Romania,HUMAN_OBSERVATION
44.08025,23.030417,2010,,Bulgaria,OCCURRENCE
44.093891,28.669779,2023,10,Romania,HUMAN_OBSERVATION
44.099111,26.83,2010,,Bulgaria,OCCURRENCE
44.14028,27.029676,2024,10,Bulgaria,HUMAN_OBSERVATION
44.162444,22.789306,2010,,Bulgaria,OCCURRENCE
44.192917,22.745889,2010,,Bulgaria,OCCURRENCE
44.22049,28.646559,2022,7,Romania,HUMAN_OBSERVATION
44.555053,22.6283,2006,,Serbia,OCCURRENCE
44.565411,34.280194,2023,5,Ukraine,HUMAN_OBSERVATION
44.565423,34.280162,2023,5,Ukraine,HUMAN_OBSERVATION
44.689314,22.407942,2001,,Serbia,OCCURRENCE
44.794461,20.387516,2024,9,Serbia,HUMAN_OBSERVATION
44.794566,20.387559,2022,3,Serbia,HUMAN_OBSERVATION
44.795161,20.391917,2022,4,Serbia,HUMAN_OBSERVATION
44.795322,20.395737,2022,3,Serbia,HUMAN_OBSERVATION
44.796505,20.403873,2023,1,Serbia,HUMAN_OBSERVATION
44.79651,20.404016,2023,1,Serbia,HUMAN_OBSERVATION
44.813335,20.449464,2021,11,Serbia,HUMAN_OBSERVATION
44.832844,21.317264,2001,,Serbia,OCCURRENCE
45.218845,36.723103,2021,8,Russian Federation,HUMAN_OBSERVATION
45.286416,36.419679,2022,7,Ukraine,HUMAN_OBSERVATION
45.331468,37.266173,2024,8,Russian Federation,HUMAN_OBSERVATION
45.341705,28.662015,2021,7,Ukraine,HUMAN_OBSERVATION
45.357868,37.102436,2022,6,Russian Federation,HUMAN_OBSERVATION
45.47293,29.651122,2021,7,Ukraine,HUMAN_OBSERVATION
45.809537,30.136996,2021,7,Ukraine,HUMAN_OBSERVATION
45.82455,25.094158,2016,10,Romania,MATERIAL_SAMPLE
45.82455,25.094158,2016,10,Romania,MATERIAL_SAMPLE
45.82455,25.094158,2016,10,Romania,MATERIAL_SAMPLE
46.039692,48.097367,2025,4,Russian Federation,HUMAN_OBSERVATION
46.242333,30.434613,2024,8,Ukraine,HUMAN_OBSERVATION
46.261419,35.266509,2020,5,Ukraine,HUMAN_OBSERVATION
46.261419,35.266509,2020,5,Ukraine,HUMAN_OBSERVATION
46.261419,35.266509,2020,5,Ukraine,HUMAN_OBSERVATION
46.261419,35.266509,2020,5,Ukraine,HUMAN_OBSERVATION
46.343746,48.075521,2024,9,Russian Federation,HUMAN_OBSERVATION
46.386871,30.75254,2023,7,Ukraine,HUMAN_OBSERVATION
46.387113,30.752712,2023,7,Ukraine,HUMAN_OBSERVATION
46.387157,30.752697,2023,7,Ukraine,HUMAN_OBSERVATION
46.387223,30.752858,2023,7,Ukraine,HUMAN_OBSERVATION
46.387353,30.752437,2023,7,Ukraine,HUMAN_OBSERVATION
46.404718,30.256387,2023,10,Ukraine,HUMAN_OBSERVATION
46.412095,30.761601,2023,6,Ukraine,HUMAN_OBSERVATION
46.412234,30.761442,2023,7,Ukraine,HUMAN_OBSERVATION
46.412298,30.761609,2023,7,Ukraine,HUMAN_OBSERVATION
46.41251,30.761579,2023,6,Ukraine,HUMAN_OBSERVATION
46.418637,30.764629,2023,5,Ukraine,HUMAN_OBSERVATION
46.423716,30.767694,2023,4,Ukraine,HUMAN_OBSERVATION
46.425828,30.768272,2024,6,Ukraine,HUMAN_OBSERVATION
46.425966,30.767622,2023,9,Ukraine,HUMAN_OBSERVATION
46.426602,30.767555,2024,4,Ukraine,HUMAN_OBSERVATION
46.451136,30.770219,2021,7,Ukraine,HUMAN_OBSERVATION
46.454852,30.768753,2023,9,Ukraine,HUMAN_OBSERVATION
46.454903,30.768733,2023,9,Ukraine,HUMAN_OBSERVATION
46.467427,30.763048,2023,4,Ukraine,HUMAN_OBSERVATION
46.467793,30.763403,2023,4,Ukraine,HUMAN_OBSERVATION
46.474691,30.765193,2023,4,Ukraine,HUMAN_OBSERVATION
46.475271,30.766085,2024,4,Ukraine,HUMAN_OBSERVATION
46.477499,30.765556,2024,4,Ukraine,HUMAN_OBSERVATION
46.480517,30.341673,2024,2,Ukraine,HUMAN_OBSERVATION
46.480533,30.34167,2024,2,Ukraine,HUMAN_OBSERVATION
46.480599,30.341626,2024,3,Ukraine,HUMAN_OBSERVATION
46.480599,30.341633,2025,3,Ukraine,HUMAN_OBSERVATION
46.480621,30.341605,2024,3,Ukraine,HUMAN_OBSERVATION
46.480718,30.341705,2024,1,Ukraine,HUMAN_OBSERVATION
46.59939,31.4068,2021,9,Ukraine,HUMAN_OBSERVATION
46.59939,31.4068,2021,10,Ukraine,HUMAN_OBSERVATION
46.60022,31.34331,2021,9,Ukraine,HUMAN_OBSERVATION
46.60337,31.33193,2021,10,Ukraine,HUMAN_OBSERVATION
46.61719,31.37559,2021,9,Ukraine,HUMAN_OBSERVATION
46.61719,31.37559,2021,10,Ukraine,HUMAN_OBSERVATION
46.61749,31.39986,2021,9,Ukraine,HUMAN_OBSERVATION
46.61749,31.39986,2021,10,Ukraine,HUMAN_OBSERVATION
46.653652,37.787231,2022,7,Russian Federation,HUMAN_OBSERVATION
46.914685,18.063026,2025,4,Hungary,HUMAN_OBSERVATION
46.915017,17.892887,2022,6,Hungary,HUMAN_OBSERVATION
47.062282,31.893805,2025,5,Ukraine,HUMAN_OBSERVATION
47.064469,5.191466,2023,10,France,HUMAN_OBSERVATION
47.1163,39.4273,2019,10,Russian Federation,MATERIAL_SAMPLE
47.12732,39.607463,2024,9,Russian Federation,HUMAN_OBSERVATION
47.133171,5.58716,2023,7,France,HUMAN_OBSERVATION
47.136564,38.303726,2024,7,Russian Federation,HUMAN_OBSERVATION
47.213654,39.717114,2024,8,Russian Federation,HUMAN_OBSERVATION
47.213905,39.717515,2024,8,Russian Federation,HUMAN_OBSERVATION
47.214053,39.717735,2024,8,Russian Federation,HUMAN_OBSERVATION
47.258419,39.680538,2024,9,Russian Federation,HUMAN_OBSERVATION
47.286333,39.149516,2025,5,Russian Federation,HUMAN_OBSERVATION
47.33263,19.921939,2022,8,Hungary,HUMAN_OBSERVATION
47.388549,18.990893,2023,10,Hungary,HUMAN_OBSERVATION
47.488651,19.23045,2025,5,Hungary,HUMAN_OBSERVATION
47.54938,35.33123,2021,,Ukraine,HUMAN_OBSERVATION
47.54938,35.33123,2021,,Ukraine,HUMAN_OBSERVATION
47.54938,35.33123,2021,,Ukraine,HUMAN_OBSERVATION
47.549514,7.76422,2020,5,Germany,HUMAN_OBSERVATION
47.550902,7.768787,2020,5,Germany,HUMAN_OBSERVATION
47.557007,7.604245,2023,6,Switzerland,HUMAN_OBSERVATION
47.557429,7.606616,2023,8,Switzerland,HUMAN_OBSERVATION
47.566147,7.583428,2022,7,Switzerland,HUMAN_OBSERVATION
47.586181,7.588584,2021,12,Switzerland,HUMAN_OBSERVATION
47.592725,7.589087,2023,5,France,HUMAN_OBSERVATION
47.592778,7.589093,2023,5,France,HUMAN_OBSERVATION
47.592808,7.589063,2023,5,France,HUMAN_OBSERVATION
47.592928,7.589012,2023,5,France,HUMAN_OBSERVATION
47.606526,19.075206,2022,10,Hungary,HUMAN_OBSERVATION
47.63186,13.797778,,,Austria,MATERIAL_SAMPLE
47.63186,13.797778,,,Austria,MATERIAL_SAMPLE
47.63186,13.797778,,,Austria,MATERIAL_SAMPLE
47.63186,13.797778,,,Austria,MATERIAL_SAMPLE
47.63186,13.797778,,,Austria,MATERIAL_SAMPLE
47.63186,13.797778,,,Austria,MATERIAL_SAMPLE
47.63186,13.797778,,,Austria,MATERIAL_SAMPLE
47.63186,13.797778,,,Austria,MATERIAL_SAMPLE
47.63186,13.797778,,,Austria,MATERIAL_SAMPLE
47.63186,13.797778,,,Austria,MATERIAL_SAMPLE
47.63186,13.797778,,,Austria,MATERIAL_SAMPLE
47.63186,13.797778,,,Austria,MATERIAL_SAMPLE
47.63186,13.797778,,,Austria,MATERIAL_SAMPLE
47.63186,13.797778,,,Austria,MATERIAL_SAMPLE
47.63186,13.797778,,,Austria,MATERIAL_SAMPLE
47.63186,13.797778,,,Austria,MATERIAL_SAMPLE
47.63186,13.797778,,,Austria,MATERIAL_SAMPLE
47.63186,13.797778,,,Austria,MATERIAL_SAMPLE
47.63186,13.797778,,,Austria,MATERIAL_SAMPLE
47.63186,13.797778,,,Austria,MATERIAL_SAMPLE
47.63186,13.797778,,,Austria,MATERIAL_SAMPLE
47.63186,13.797778,,,Austria,MATERIAL_SAMPLE
47.63186,13.797778,,,Austria,MATERIAL_SAMPLE
47.63186,13.797778,,,Austria,MATERIAL_SAMPLE
47.63186,13.797778,,,Austria,MATERIAL_SAMPLE
47.63186,13.797778,,,Austria,MATERIAL_SAMPLE
47.63186,13.797778,,,Austria,MATERIAL_SAMPLE
47.63186,13.797778,,,Austria,MATERIAL_SAMPLE
47.63186,13.797778,,,Austria,MATERIAL_SAMPLE
47.63186,13.797778,,,Austria,MATERIAL_SAMPLE
47.63186,13.797778,,,Austria,MATERIAL_SAMPLE
47.63186,13.797778,,,Austria,MATERIAL_SAMPLE
47.63186,13.797778,,,Austria,MATERIAL_SAMPLE
47.63186,13.797778,,,Austria,MATERIAL_SAMPLE
47.63186,13.797778,,,Austria,MATERIAL_SAMPLE
47.63186,13.797778,,,Austria,MATERIAL_SAMPLE
47.63186,13.797778,,,Austria,MATERIAL_SAMPLE
47.63186,13.797778,,,Austria,MATERIAL_SAMPLE
47.636,46.6535,2017,8,Russian Federation,MATERIAL_SAMPLE
47.644421,7.549314,2023,10,Germany,HUMAN_OBSERVATION
47.64532,35.09298,2021,,Ukraine,HUMAN_OBSERVATION
47.64566,35.25535,2021,,Ukraine,HUMAN_OBSERVATION
47.64566,35.25535,2021,,Ukraine,HUMAN_OBSERVATION
47.64566,35.25535,2021,,Ukraine,HUMAN_OBSERVATION
47.64566,35.25535,2021,,Ukraine,HUMAN_OBSERVATION
47.64566,35.25535,2021,,Ukraine,HUMAN_OBSERVATION
47.64566,35.25535,2021,,Ukraine,HUMAN_OBSERVATION
47.64566,35.25535,2021,,Ukraine,HUMAN_OBSERVATION
47.64566,35.25535,2021,,Ukraine,HUMAN_OBSERVATION
47.64566,35.25535,2021,,Ukraine,HUMAN_OBSERVATION
47.64566,35.25535,2021,,Ukraine,HUMAN_OBSERVATION
47.64566,35.25535,2021,,Ukraine,HUMAN_OBSERVATION
47.64566,35.25535,2021,,Ukraine,HUMAN_OBSERVATION
47.64566,35.25535,2021,,Ukraine,HUMAN_OBSERVATION
47.64566,35.25535,2021,,Ukraine,HUMAN_OBSERVATION
47.64566,35.25535,2021,,Ukraine,HUMAN_OBSERVATION
47.64566,35.25535,2021,,Ukraine,HUMAN_OBSERVATION
47.65146,38.076142,2024,5,Ukraine,HUMAN_OBSERVATION
47.652743,38.076198,2024,5,Ukraine,HUMAN_OBSERVATION
47.65464,35.11054,2021,,Ukraine,HUMAN_OBSERVATION
47.659459,38.073786,2023,11,Ukraine,HUMAN_OBSERVATION
47.669941,19.116002,2022,9,Hungary,HUMAN_OBSERVATION
47.680972,7.513263,2023,9,France,HUMAN_OBSERVATION
47.72411,7.54085,2023,9,Germany,HUMAN_OBSERVATION
47.733415,18.32081,2024,8,Hungary,HUMAN_OBSERVATION
47.734659,18.329638,2024,7,Hungary,HUMAN_OBSERVATION
47.76645,7.53247,2021,9,France,HUMAN_OBSERVATION
47.76645,7.53247,2021,9,France,HUMAN_OBSERVATION
47.76645,7.53247,2021,9,France,HUMAN_OBSERVATION
47.76645,7.53247,2021,9,France,HUMAN_OBSERVATION
47.76645,7.53247,2021,9,France,HUMAN_OBSERVATION
47.76645,7.53247,2021,9,France,HUMAN_OBSERVATION
47.76645,7.53247,2021,9,France,HUMAN_OBSERVATION
47.76645,7.53247,2021,9,France,HUMAN_OBSERVATION
47.76645,7.53247,2021,9,France,HUMAN_OBSERVATION
47.76645,7.53247,2021,9,France,HUMAN_OBSERVATION
47.76645,7.53247,2021,9,France,HUMAN_OBSERVATION
47.76645,7.53247,2021,9,France,HUMAN_OBSERVATION
47.76645,7.53247,2021,9,France,HUMAN_OBSERVATION
47.76645,7.53247,2021,9,France,HUMAN_OBSERVATION
47.76645,7.53247,2021,9,France,HUMAN_OBSERVATION
47.76645,7.53247,2021,9,France,HUMAN_OBSERVATION
47.76645,7.53247,2021,9,France,HUMAN_OBSERVATION
47.76645,7.53247,2021,9,France,HUMAN_OBSERVATION
47.76645,7.53247,2021,9,France,HUMAN_OBSERVATION
47.76645,7.53247,2021,9,France,HUMAN_OBSERVATION
47.76645,7.53247,2021,9,France,HUMAN_OBSERVATION
47.76645,7.53247,2021,9,France,HUMAN_OBSERVATION
47.76645,7.53247,2021,9,France,HUMAN_OBSERVATION
47.76645,7.53247,2021,9,France,HUMAN_OBSERVATION
47.76645,7.53247,2021,9,France,HUMAN_OBSERVATION
47.76645,7.53247,2021,9,France,HUMAN_OBSERVATION
47.76645,7.53247,2021,9,France,HUMAN_OBSERVATION
47.76645,7.53247,2021,9,France,HUMAN_OBSERVATION
47.76645,7.53247,2021,9,France,HUMAN_OBSERVATION
47.76645,7.53247,2021,9,France,HUMAN_OBSERVATION
47.76645,7.53247,2021,9,France,HUMAN_OBSERVATION
47.76645,7.53247,2021,9,France,HUMAN_OBSERVATION
47.76645,7.53247,2021,9,France,HUMAN_OBSERVATION
47.76645,7.53247,2021,9,France,HUMAN_OBSERVATION
47.76645,7.53247,2021,9,France,HUMAN_OBSERVATION
47.76645,7.53247,2021,9,France,HUMAN_OBSERVATION
47.76645,7.53247,2021,9,France,HUMAN_OBSERVATION
47.76645,7.53247,2021,9,France,HUMAN_OBSERVATION
47.76645,7.53247,2021,9,France,HUMAN_OBSERVATION
47.76645,7.53247,2021,9,France,HUMAN_OBSERVATION
47.76645,7.53247,2021,9,France,HUMAN_OBSERVATION
47.76645,7.53247,2021,9,France,HUMAN_OBSERVATION
47.76645,7.53247,2021,9,France,HUMAN_OBSERVATION
47.76645,7.53247,2021,9,France,HUMAN_OBSERVATION
47.76645,7.53247,2021,9,France,HUMAN_OBSERVATION
47.76645,7.53247,2021,9,France,HUMAN_OBSERVATION
47.76645,7.53247,2021,9,France,HUMAN_OBSERVATION
47.76645,7.53247,2021,9,France,HUMAN_OBSERVATION
47.76645,7.53247,2021,9,France,HUMAN_OBSERVATION
47.76645,7.53247,2021,9,France,HUMAN_OBSERVATION
47.76645,7.53247,2021,9,France,HUMAN_OBSERVATION
47.76645,7.53247,2021,9,France,HUMAN_OBSERVATION
47.76645,7.53247,2021,9,France,HUMAN_OBSERVATION
47.76645,7.53247,2021,9,France,HUMAN_OBSERVATION
47.76645,7.53247,2021,9,France,HUMAN_OBSERVATION
47.76645,7.53247,2021,9,France,HUMAN_OBSERVATION
47.76645,7.53247,2021,9,France,HUMAN_OBSERVATION
47.76645,7.53247,2021,9,France,HUMAN_OBSERVATION
47.76645,7.53247,2021,9,France,HUMAN_OBSERVATION
47.76645,7.53247,2021,9,France,HUMAN_OBSERVATION
47.76645,7.53247,2021,9,France,HUMAN_OBSERVATION
47.76645,7.53247,2021,9,France,HUMAN_OBSERVATION
47.76645,7.53247,2021,9,France,HUMAN_OBSERVATION
47.76645,7.53247,2021,9,France,HUMAN_OBSERVATION
47.76645,7.53247,2021,9,France,HUMAN_OBSERVATION
47.76645,7.53247,2021,9,France,HUMAN_OBSERVATION
47.76645,7.53247,2021,9,France,HUMAN_OBSERVATION
47.76645,7.53247,2021,9,France,HUMAN_OBSERVATION
47.76645,7.53247,2021,9,France,HUMAN_OBSERVATION
47.76645,7.53247,2021,9,France,HUMAN_OBSERVATION
47.76645,7.53247,2021,9,France,HUMAN_OBSERVATION
47.76645,7.53247,2021,9,France,HUMAN_OBSERVATION
47.76645,7.53247,2021,9,France,HUMAN_OBSERVATION
47.76645,7.53247,2021,9,France,HUMAN_OBSERVATION
47.76645,7.53247,2021,9,France,HUMAN_OBSERVATION
47.76645,7.53247,2021,9,France,HUMAN_OBSERVATION
47.76645,7.53247,2021,9,France,HUMAN_OBSERVATION
47.76645,7.53247,2021,9,France,HUMAN_OBSERVATION
47.76645,7.53247,2021,9,France,HUMAN_OBSERVATION
47.76645,7.53247,2021,9,France,HUMAN_OBSERVATION
47.76645,7.53247,2021,9,France,HUMAN_OBSERVATION
47.76645,7.53247,2021,9,France,HUMAN_OBSERVATION
47.76645,7.53247,2021,9,France,HUMAN_OBSERVATION
47.76645,7.53247,2021,9,France,HUMAN_OBSERVATION
47.76812,35.16077,2021,,Ukraine,HUMAN_OBSERVATION
47.772,17.697,2021,7,Slovakia,MATERIAL_SAMPLE
47.809139,18.869478,2024,6,Hungary,HUMAN_OBSERVATION
47.81471,17.355007,2021,9,Hungary,HUMAN_OBSERVATION
47.819092,7.344587,2024,11,France,HUMAN_OBSERVATION
47.84026,5.91738,2020,6,France,HUMAN_OBSERVATION
47.84026,5.91738,2020,6,France,HUMAN_OBSERVATION
47.84026,5.91738,2020,6,France,HUMAN_OBSERVATION
47.84026,5.91738,2020,6,France,HUMAN_OBSERVATION
47.84026,5.91738,2020,6,France,HUMAN_OBSERVATION
47.84026,5.91738,2020,6,France,HUMAN_OBSERVATION
47.84026,5.91738,2020,6,France,HUMAN_OBSERVATION
47.84026,5.91738,2020,6,France,HUMAN_OBSERVATION
47.84026,5.91738,2020,6,France,HUMAN_OBSERVATION
47.84026,5.91738,2020,6,France,HUMAN_OBSERVATION
47.84026,5.91738,2020,6,France,HUMAN_OBSERVATION
47.84026,5.91738,2020,6,France,HUMAN_OBSERVATION
47.84026,5.91738,2020,6,France,HUMAN_OBSERVATION
47.84026,5.91738,2020,6,France,HUMAN_OBSERVATION
47.84026,5.91738,2020,6,France,HUMAN_OBSERVATION
47.84026,5.91738,2020,6,France,HUMAN_OBSERVATION
47.84026,5.91738,2020,6,France,HUMAN_OBSERVATION
47.84026,5.91738,2020,6,France,HUMAN_OBSERVATION
47.84026,5.91738,2020,6,France,HUMAN_OBSERVATION
47.84026,5.91738,2020,6,France,HUMAN_OBSERVATION
47.84026,5.91738,2020,6,France,HUMAN_OBSERVATION
47.84026,5.91738,2020,6,France,HUMAN_OBSERVATION
47.84026,5.91738,2020,6,France,HUMAN_OBSERVATION
47.84026,5.91738,2020,6,France,HUMAN_OBSERVATION
47.84026,5.91738,2020,6,France,HUMAN_OBSERVATION
47.84026,5.91738,2020,6,France,HUMAN_OBSERVATION
47.84026,5.91738,2020,6,France,HUMAN_OBSERVATION
47.84026,5.91738,2020,6,France,HUMAN_OBSERVATION
47.84026,5.91738,2020,6,France,HUMAN_OBSERVATION
47.84026,5.91738,2020,6,France,HUMAN_OBSERVATION
47.84026,5.91738,2020,6,France,HUMAN_OBSERVATION
47.84026,5.91738,2020,6,France,HUMAN_OBSERVATION
47.84026,5.91738,2020,6,France,HUMAN_OBSERVATION
47.84026,5.91738,2020,6,France,HUMAN_OBSERVATION
47.84026,5.91738,2020,6,France,HUMAN_OBSERVATION
47.84026,5.91738,2020,6,France,HUMAN_OBSERVATION
47.84026,5.91738,2020,6,France,HUMAN_OBSERVATION
47.84026,5.91738,2020,6,France,HUMAN_OBSERVATION
47.84026,5.91738,2020,6,France,HUMAN_OBSERVATION
47.84026,5.91738,2020,6,France,HUMAN_OBSERVATION
47.84026,5.91738,2020,6,France,HUMAN_OBSERVATION
47.84026,5.91738,2020,6,France,HUMAN_OBSERVATION
47.84026,5.91738,2020,6,France,HUMAN_OBSERVATION
47.84026,5.91738,2020,6,France,HUMAN_OBSERVATION
47.84026,5.91738,2020,6,France,HUMAN_OBSERVATION
47.84026,5.91738,2020,6,France,HUMAN_OBSERVATION
47.84026,5.91738,2020,6,France,HUMAN_OBSERVATION
47.84026,5.91738,2020,6,France,HUMAN_OBSERVATION
47.84026,5.91738,2020,6,France,HUMAN_OBSERVATION
47.84026,5.91738,2020,6,France,HUMAN_OBSERVATION
47.84026,5.91738,2020,6,France,HUMAN_OBSERVATION
47.84026,5.91738,2020,6,France,HUMAN_OBSERVATION
47.84026,5.91738,2020,6,France,HUMAN_OBSERVATION
47.84026,5.91738,2020,6,France,HUMAN_OBSERVATION
47.84026,5.91738,2020,6,France,HUMAN_OBSERVATION
47.84026,5.91738,2020,6,France,HUMAN_OBSERVATION
47.84026,5.91738,2020,6,France,HUMAN_OBSERVATION
47.84026,5.91738,2020,6,France,HUMAN_OBSERVATION
47.84026,5.91738,2020,6,France,HUMAN_OBSERVATION
47.84026,5.91738,2020,6,France,HUMAN_OBSERVATION
47.84026,5.91738,2020,6,France,HUMAN_OBSERVATION
47.84026,5.91738,2020,6,France,HUMAN_OBSERVATION
47.84026,5.91738,2020,6,France,HUMAN_OBSERVATION
47.84026,5.91738,2020,6,France,HUMAN_OBSERVATION
47.84026,5.91738,2020,6,France,HUMAN_OBSERVATION
47.84026,5.91738,2020,6,France,HUMAN_OBSERVATION
47.84026,5.91738,2020,6,France,HUMAN_OBSERVATION
47.84026,5.91738,2020,6,France,HUMAN_OBSERVATION
47.84026,5.91738,2020,6,France,HUMAN_OBSERVATION
47.86303,35.06351,2024,,Ukraine,HUMAN_OBSERVATION
47.875793,17.281385,2023,7,Hungary,HUMAN_OBSERVATION
48.010372,16.748432,2022,5,Austria,HUMAN_OBSERVATION
48.07407,7.790813,2023,9,Germany,HUMAN_OBSERVATION
48.146317,17.068373,2020,5,Slovakia,MATERIAL_SAMPLE
48.154095,7.590652,2021,9,France,HUMAN_OBSERVATION
48.161307,16.500768,2022,5,Austria,HUMAN_OBSERVATION
48.167467,17.852433,2023,8,Slovakia,HUMAN_OBSERVATION
48.176232,16.492026,2023,6,Austria,HUMAN_OBSERVATION
48.189,14.716,2014,10,Austria,MATERIAL_SAMPLE
48.189,14.716,2014,10,Austria,MATERIAL_SAMPLE
48.195356,16.47647,2023,8,Austria,HUMAN_OBSERVATION
48.195401,16.475883,2023,7,Austria,HUMAN_OBSERVATION
48.195469,16.476542,2022,8,Austria,HUMAN_OBSERVATION
48.200253,16.43691,2024,3,Austria,HUMAN_OBSERVATION
48.200321,16.436882,2024,3,Austria,HUMAN_OBSERVATION
48.20037,16.43683,2024,11,Austria,HUMAN_OBSERVATION
48.212394,16.392014,2020,4,Austria,HUMAN_OBSERVATION
48.217895,16.443283,2023,5,Austria,HUMAN_OBSERVATION
48.218921,16.431816,2022,6,Austria,HUMAN_OBSERVATION
48.22,16.43,2022,6,Austria,HUMAN_OBSERVATION
48.220254,16.421877,2023,10,Austria,HUMAN_OBSERVATION
48.232614,16.433209,2021,7,Austria,HUMAN_OBSERVATION
48.235556,16.405556,2022,8,Austria,HUMAN_OBSERVATION
48.249631,16.403882,2023,6,Austria,HUMAN_OBSERVATION
48.249659,16.40384,2023,6,Austria,HUMAN_OBSERVATION
48.250171,15.695149,2023,7,Austria,HUMAN_OBSERVATION
48.2527,7.6752,2021,9,France,HUMAN_OBSERVATION
48.2527,7.6752,2021,9,France,HUMAN_OBSERVATION
48.2527,7.6752,2021,9,France,HUMAN_OBSERVATION
48.2527,7.6752,2021,9,France,HUMAN_OBSERVATION
48.2527,7.6752,2021,9,France,HUMAN_OBSERVATION
48.2527,7.6752,2021,9,France,HUMAN_OBSERVATION
48.2527,7.6752,2021,9,France,HUMAN_OBSERVATION
48.2527,7.6752,2021,9,France,HUMAN_OBSERVATION
48.2527,7.6752,2021,9,France,HUMAN_OBSERVATION
48.2527,7.6752,2021,9,France,HUMAN_OBSERVATION
48.2527,7.6752,2021,9,France,HUMAN_OBSERVATION
48.2527,7.6752,2021,9,France,HUMAN_OBSERVATION
48.2527,7.6752,2021,9,France,HUMAN_OBSERVATION
48.2527,7.6752,2021,9,France,HUMAN_OBSERVATION
48.2527,7.6752,2021,9,France,HUMAN_OBSERVATION
48.2527,7.6752,2021,9,France,HUMAN_OBSERVATION
48.2527,7.6752,2021,9,France,HUMAN_OBSERVATION
48.2527,7.6752,2021,9,France,HUMAN_OBSERVATION
48.2527,7.6752,2021,9,France,HUMAN_OBSERVATION
48.2527,7.6752,2021,9,France,HUMAN_OBSERVATION
48.2527,7.6752,2021,9,France,HUMAN_OBSERVATION
48.2527,7.6752,2021,9,France,HUMAN_OBSERVATION
48.2527,7.6752,2021,9,France,HUMAN_OBSERVATION
48.2527,7.6752,2021,9,France,HUMAN_OBSERVATION
48.2527,7.6752,2021,9,France,HUMAN_OBSERVATION
48.2527,7.6752,2021,9,France,HUMAN_OBSERVATION
48.2527,7.6752,2021,9,France,HUMAN_OBSERVATION
48.2527,7.6752,2021,9,France,HUMAN_OBSERVATION
48.2527,7.6752,2021,9,France,HUMAN_OBSERVATION
48.2527,7.6752,2021,9,France,HUMAN_OBSERVATION
48.2527,7.6752,2021,9,France,HUMAN_OBSERVATION
48.2527,7.6752,2021,9,France,HUMAN_OBSERVATION
48.2527,7.6752,2021,9,France,HUMAN_OBSERVATION
48.2527,7.6752,2021,9,France,HUMAN_OBSERVATION
48.25453,7.67911,2021,9,France,HUMAN_OBSERVATION
48.25453,7.67911,2021,9,France,HUMAN_OBSERVATION
48.25453,7.67911,2021,9,France,HUMAN_OBSERVATION
48.25453,7.67911,2021,9,France,HUMAN_OBSERVATION
48.25453,7.67911,2021,9,France,HUMAN_OBSERVATION
48.25453,7.67911,2021,9,France,HUMAN_OBSERVATION
48.25453,7.67911,2021,9,France,HUMAN_OBSERVATION
48.25453,7.67911,2021,9,France,HUMAN_OBSERVATION
48.25453,7.67911,2021,9,France,HUMAN_OBSERVATION
48.25453,7.67911,2021,9,France,HUMAN_OBSERVATION
48.25453,7.67911,2021,9,France,HUMAN_OBSERVATION
48.25453,7.67911,2021,9,France,HUMAN_OBSERVATION
48.25453,7.67911,2021,9,France,HUMAN_OBSERVATION
48.25453,7.67911,2021,9,France,HUMAN_OBSERVATION
48.25453,7.67911,2021,9,France,HUMAN_OBSERVATION
48.25453,7.67911,2021,9,France,HUMAN_OBSERVATION
48.25453,7.67911,2021,9,France,HUMAN_OBSERVATION
48.25453,7.67911,2021,9,France,HUMAN_OBSERVATION
48.25453,7.67911,2021,9,France,HUMAN_OBSERVATION
48.25453,7.67911,2021,9,France,HUMAN_OBSERVATION
48.25453,7.67911,2021,9,France,HUMAN_OBSERVATION
48.25453,7.67911,2021,9,France,HUMAN_OBSERVATION
48.25453,7.67911,2021,9,France,HUMAN_OBSERVATION
48.25453,7.67911,2021,9,France,HUMAN_OBSERVATION
48.25453,7.67911,2021,9,France,HUMAN_OBSERVATION
48.25453,7.67911,2021,9,France,HUMAN_OBSERVATION
48.25453,7.67911,2021,9,France,HUMAN_OBSERVATION
48.25453,7.67911,2021,9,France,HUMAN_OBSERVATION
48.25453,7.67911,2021,9,France,HUMAN_OBSERVATION
48.25453,7.67911,2021,9,France,HUMAN_OBSERVATION
48.25453,7.67911,2021,9,France,HUMAN_OBSERVATION
48.25453,7.67911,2021,9,France,HUMAN_OBSERVATION
48.259318,16.37953,2021,6,Austria,HUMAN_OBSERVATION
48.270455,16.372348,2023,10,Austria,HUMAN_OBSERVATION
48.271645,16.371462,2023,6,Austria,HUMAN_OBSERVATION
48.276,14.58,2014,9,Austria,MATERIAL_SAMPLE
48.276,14.58,2014,9,Austria,MATERIAL_SAMPLE
48.276,14.58,2014,9,Austria,MATERIAL_SAMPLE
48.276,14.58,2014,9,Austria,MATERIAL_SAMPLE
48.295883,7.699592,2024,2,Germany,HUMAN_OBSERVATION
48.296404,7.518199,2021,6,France,HUMAN_OBSERVATION
48.307033,7.542228,2021,6,France,HUMAN_OBSERVATION
48.31321,7.71237,2021,9,France,HUMAN_OBSERVATION
48.31321,7.71237,2021,9,France,HUMAN_OBSERVATION
48.31321,7.71237,2021,9,France,HUMAN_OBSERVATION
48.31321,7.71237,2021,9,France,HUMAN_OBSERVATION
48.31321,7.71237,2021,9,France,HUMAN_OBSERVATION
48.31321,7.71237,2021,9,France,HUMAN_OBSERVATION
48.31321,7.71237,2021,9,France,HUMAN_OBSERVATION
48.31321,7.71237,2021,9,France,HUMAN_OBSERVATION
48.31321,7.71237,2021,9,France,HUMAN_OBSERVATION
48.31321,7.71237,2021,9,France,HUMAN_OBSERVATION
48.31321,7.71237,2021,9,France,HUMAN_OBSERVATION
48.31321,7.71237,2021,9,France,HUMAN_OBSERVATION
48.31321,7.71237,2021,9,France,HUMAN_OBSERVATION
48.31321,7.71237,2021,9,France,HUMAN_OBSERVATION
48.31321,7.71237,2021,9,France,HUMAN_OBSERVATION
48.31321,7.71237,2021,9,France,HUMAN_OBSERVATION
48.31321,7.71237,2021,9,France,HUMAN_OBSERVATION
48.31321,7.71237,2021,9,France,HUMAN_OBSERVATION
48.31321,7.71237,2021,9,France,HUMAN_OBSERVATION
48.31321,7.71237,2021,9,France,HUMAN_OBSERVATION
48.31321,7.71237,2021,9,France,HUMAN_OBSERVATION
48.31321,7.71237,2021,9,France,HUMAN_OBSERVATION
48.31321,7.71237,2021,9,France,HUMAN_OBSERVATION
48.31321,7.71237,2021,9,France,HUMAN_OBSERVATION
48.31321,7.71237,2021,9,France,HUMAN_OBSERVATION
48.31321,7.71237,2021,9,France,HUMAN_OBSERVATION
48.31321,7.71237,2021,9,France,HUMAN_OBSERVATION
48.31321,7.71237,2021,9,France,HUMAN_OBSERVATION
48.31321,7.71237,2021,9,France,HUMAN_OBSERVATION
48.31321,7.71237,2021,9,France,HUMAN_OBSERVATION
48.31321,7.71237,2021,9,France,HUMAN_OBSERVATION
48.327823,14.163612,2023,8,Austria,HUMAN_OBSERVATION
48.35877,7.6008,2021,9,France,HUMAN_OBSERVATION
48.35877,7.6008,2021,9,France,HUMAN_OBSERVATION
48.364659,16.229696,2021,9,Austria,HUMAN_OBSERVATION
48.369,15.806,2015,9,Austria,MATERIAL_SAMPLE
48.369,15.806,2015,9,Austria,MATERIAL_SAMPLE
48.370031,35.148807,2021,8,Ukraine,HUMAN_OBSERVATION
48.377246,15.864402,2023,4,Austria,HUMAN_OBSERVATION
48.377901,15.769922,2023,8,Austria,HUMAN_OBSERVATION
48.38863,2.793103,2025,6,France,HUMAN_OBSERVATION
48.39739,7.6512,2021,10,France,HUMAN_OBSERVATION
48.39739,7.6512,2021,10,France,HUMAN_OBSERVATION
48.39739,7.6512,2021,10,France,HUMAN_OBSERVATION
48.39739,7.6512,2021,10,France,HUMAN_OBSERVATION
48.39739,7.6512,2021,10,France,HUMAN_OBSERVATION
48.39739,7.6512,2021,10,France,HUMAN_OBSERVATION
48.39739,7.6512,2021,10,France,HUMAN_OBSERVATION
48.39739,7.6512,2021,10,France,HUMAN_OBSERVATION
48.39739,7.6512,2021,10,France,HUMAN_OBSERVATION
48.39739,7.6512,2021,10,France,HUMAN_OBSERVATION
48.39739,7.6512,2021,10,France,HUMAN_OBSERVATION
48.39739,7.6512,2021,10,France,HUMAN_OBSERVATION
48.39739,7.6512,2021,10,France,HUMAN_OBSERVATION
48.39739,7.6512,2021,10,France,HUMAN_OBSERVATION
48.39739,7.6512,2021,10,France,HUMAN_OBSERVATION
48.39739,7.6512,2021,10,France,HUMAN_OBSERVATION
48.39739,7.6512,2021,10,France,HUMAN_OBSERVATION
48.39739,7.6512,2021,10,France,HUMAN_OBSERVATION
48.39739,7.6512,2021,10,France,HUMAN_OBSERVATION
48.39739,7.6512,2021,10,France,HUMAN_OBSERVATION
48.39739,7.6512,2021,10,France,HUMAN_OBSERVATION
48.39739,7.6512,2021,10,France,HUMAN_OBSERVATION
48.39739,7.6512,2021,10,France,HUMAN_OBSERVATION
48.39739,7.6512,2021,10,France,HUMAN_OBSERVATION
48.39739,7.6512,2021,10,France,HUMAN_OBSERVATION
48.39739,7.6512,2021,10,France,HUMAN_OBSERVATION
48.39739,7.6512,2021,10,France,HUMAN_OBSERVATION
48.39739,7.6512,2021,10,France,HUMAN_OBSERVATION
48.39739,7.6512,2021,10,France,HUMAN_OBSERVATION
48.39739,7.6512,2021,10,France,HUMAN_OBSERVATION
48.39739,7.6512,2021,10,France,HUMAN_OBSERVATION
48.39739,7.6512,2021,10,France,HUMAN_OBSERVATION
48.39739,7.6512,2021,10,France,HUMAN_OBSERVATION
48.39739,7.6512,2021,10,France,HUMAN_OBSERVATION
48.39739,7.6512,2021,10,France,HUMAN_OBSERVATION
48.39739,7.6512,2021,10,France,HUMAN_OBSERVATION
48.39739,7.6512,2021,10,France,HUMAN_OBSERVATION
48.39739,7.6512,2021,10,France,HUMAN_OBSERVATION
48.39739,7.6512,2021,10,France,HUMAN_OBSERVATION
48.39739,7.6512,2021,10,France,HUMAN_OBSERVATION
48.39739,7.6512,2021,10,France,HUMAN_OBSERVATION
48.39739,7.6512,2021,10,France,HUMAN_OBSERVATION
48.39739,7.6512,2021,10,France,HUMAN_OBSERVATION
48.39739,7.6512,2021,10,France,HUMAN_OBSERVATION
48.39739,7.6512,2021,10,France,HUMAN_OBSERVATION
48.39739,7.6512,2021,10,France,HUMAN_OBSERVATION
48.39739,7.6512,2021,10,France,HUMAN_OBSERVATION
48.39739,7.6512,2021,10,France,HUMAN_OBSERVATION
48.39739,7.6512,2021,10,France,HUMAN_OBSERVATION
48.39739,7.6512,2021,10,France,HUMAN_OBSERVATION
48.39739,7.6512,2021,10,France,HUMAN_OBSERVATION
48.39739,7.6512,2021,10,France,HUMAN_OBSERVATION
48.39739,7.6512,2021,10,France,HUMAN_OBSERVATION
48.39739,7.6512,2021,10,France,HUMAN_OBSERVATION
48.39739,7.6512,2021,10,France,HUMAN_OBSERVATION
48.39739,7.6512,2021,10,France,HUMAN_OBSERVATION
48.39739,7.6512,2021,10,France,HUMAN_OBSERVATION
48.39739,7.6512,2021,10,France,HUMAN_OBSERVATION
48.39739,7.6512,2021,10,France,HUMAN_OBSERVATION
48.39739,7.6512,2021,10,France,HUMAN_OBSERVATION
48.39739,7.6512,2021,10,France,HUMAN_OBSERVATION
48.39739,7.6512,2021,10,France,HUMAN_OBSERVATION
48.39739,7.6512,2021,10,France,HUMAN_OBSERVATION
48.39739,7.6512,2021,10,France,HUMAN_OBSERVATION
48.39739,7.6512,2021,10,France,HUMAN_OBSERVATION
48.39739,7.6512,2021,10,France,HUMAN_OBSERVATION
48.39739,7.6512,2021,10,France,HUMAN_OBSERVATION
48.39739,7.6512,2021,10,France,HUMAN_OBSERVATION
48.39739,7.6512,2021,10,France,HUMAN_OBSERVATION
48.39739,7.6512,2021,10,France,HUMAN_OBSERVATION
48.39739,7.6512,2021,10,France,HUMAN_OBSERVATION
48.39739,7.6512,2021,10,France,HUMAN_OBSERVATION
48.39739,7.6512,2021,10,France,HUMAN_OBSERVATION
48.39739,7.6512,2021,10,France,HUMAN_OBSERVATION
48.39739,7.6512,2021,10,France,HUMAN_OBSERVATION
48.39739,7.6512,2021,10,France,HUMAN_OBSERVATION
48.39739,7.6512,2021,10,France,HUMAN_OBSERVATION
48.39739,7.6512,2021,10,France,HUMAN_OBSERVATION
48.39739,7.6512,2021,10,France,HUMAN_OBSERVATION
48.39739,7.6512,2021,10,France,HUMAN_OBSERVATION
48.39739,7.6512,2021,10,France,HUMAN_OBSERVATION
48.39739,7.6512,2021,10,France,HUMAN_OBSERVATION
48.39739,7.6512,2021,10,France,HUMAN_OBSERVATION
48.39739,7.6512,2021,10,France,HUMAN_OBSERVATION
48.39739,7.6512,2021,10,France,HUMAN_OBSERVATION
48.39739,7.6512,2021,10,France,HUMAN_OBSERVATION
48.39739,7.6512,2021,10,France,HUMAN_OBSERVATION
48.39739,7.6512,2021,10,France,HUMAN_OBSERVATION
48.39739,7.6512,2021,10,France,HUMAN_OBSERVATION
48.39739,7.6512,2021,10,France,HUMAN_OBSERVATION
48.39739,7.6512,2021,10,France,HUMAN_OBSERVATION
48.39739,7.6512,2021,10,France,HUMAN_OBSERVATION
48.39739,7.6512,2021,10,France,HUMAN_OBSERVATION
48.39739,7.6512,2021,10,France,HUMAN_OBSERVATION
48.39739,7.6512,2021,10,France,HUMAN_OBSERVATION
48.39739,7.6512,2021,10,France,HUMAN_OBSERVATION
48.39739,7.6512,2021,10,France,HUMAN_OBSERVATION
48.39739,7.6512,2021,10,France,HUMAN_OBSERVATION
48.39739,7.6512,2021,10,France,HUMAN_OBSERVATION
48.39739,7.6512,2021,10,France,HUMAN_OBSERVATION
48.431,44.9608,2017,8,Russian Federation,MATERIAL_SAMPLE
48.440201,35.070854,2022,7,Ukraine,HUMAN_OBSERVATION
48.469372,35.05685,2023,6,Ukraine,HUMAN_OBSERVATION
48.471496,15.702291,2022,11,Austria,HUMAN_OBSERVATION
48.507,13.731,2014,10,Austria,MATERIAL_SAMPLE
48.51,13.72,2008,7,Austria,MATERIAL_SAMPLE
48.52,13.707,2015,8,Germany,MATERIAL_SAMPLE
48.52,13.707,2015,8,Germany,MATERIAL_SAMPLE
48.55091,6.24547,2021,9,France,HUMAN_OBSERVATION
48.55091,6.24547,2021,9,France,HUMAN_OBSERVATION
48.55091,6.24547,2021,9,France,HUMAN_OBSERVATION
48.55091,6.24547,2021,9,France,HUMAN_OBSERVATION
48.55091,6.24547,2021,9,France,HUMAN_OBSERVATION
48.55091,6.24547,2021,9,France,HUMAN_OBSERVATION
48.55091,6.24547,2021,9,France,HUMAN_OBSERVATION
48.55091,6.24547,2021,9,France,HUMAN_OBSERVATION
48.55091,6.24547,2021,9,France,HUMAN_OBSERVATION
48.55091,6.24547,2021,9,France,HUMAN_OBSERVATION
48.55091,6.24547,2021,9,France,HUMAN_OBSERVATION
48.55091,6.24547,2021,9,France,HUMAN_OBSERVATION
48.55091,6.24547,2021,9,France,HUMAN_OBSERVATION
48.55091,6.24547,2021,9,France,HUMAN_OBSERVATION
48.55091,6.24547,2021,9,France,HUMAN_OBSERVATION
48.55091,6.24547,2021,9,France,HUMAN_OBSERVATION
48.55091,6.24547,2021,9,France,HUMAN_OBSERVATION
48.55091,6.24547,2021,9,France,HUMAN_OBSERVATION
48.55091,6.24547,2021,9,France,HUMAN_OBSERVATION
48.55091,6.24547,2021,9,France,HUMAN_OBSERVATION
48.55091,6.24547,2021,9,France,HUMAN_OBSERVATION
48.55091,6.24547,2021,9,France,HUMAN_OBSERVATION
48.55091,6.24547,2021,9,France,HUMAN_OBSERVATION
48.55091,6.24547,2021,9,France,HUMAN_OBSERVATION
48.55091,6.24547,2021,9,France,HUMAN_OBSERVATION
48.55091,6.24547,2021,9,France,HUMAN_OBSERVATION
48.55091,6.24547,2021,9,France,HUMAN_OBSERVATION
48.55091,6.24547,2021,9,France,HUMAN_OBSERVATION
48.55091,6.24547,2021,9,France,HUMAN_OBSERVATION
48.55091,6.24547,2021,9,France,HUMAN_OBSERVATION
48.55091,6.24547,2021,9,France,HUMAN_OBSERVATION
48.55091,6.24547,2021,9,France,HUMAN_OBSERVATION
48.55091,6.24547,2021,9,France,HUMAN_OBSERVATION
48.55091,6.24547,2021,9,France,HUMAN_OBSERVATION
48.55091,6.24547,2021,9,France,HUMAN_OBSERVATION
48.55091,6.24547,2021,9,France,HUMAN_OBSERVATION
48.55612,7.807094,2023,9,Germany,HUMAN_OBSERVATION
48.578864,7.746061,2022,7,France,HUMAN_OBSERVATION
48.579531,7.750586,2022,8,France,HUMAN_OBSERVATION
48.58145,7.754447,2022,8,France,HUMAN_OBSERVATION
48.62852,7.78169,2022,6,France,HUMAN_OBSERVATION
48.63498,6.02382,2020,6,France,HUMAN_OBSERVATION
48.647,16.97,2009,9,Slovakia,MATERIAL_SAMPLE
48.647,16.97,2009,9,Slovakia,MATERIAL_SAMPLE
48.648,13.168,2010,4,Germany,MATERIAL_SAMPLE
48.65,13.15,2008,10,Germany,MATERIAL_SAMPLE
48.65,13.15,2008,10,Germany,MATERIAL_SAMPLE
48.65,13.15,2008,10,Germany,MATERIAL_SAMPLE
48.65499,7.84215,2021,8,France,HUMAN_OBSERVATION
48.65499,7.84215,2021,8,France,HUMAN_OBSERVATION
48.65499,7.84215,2021,8,France,HUMAN_OBSERVATION
48.65499,7.84215,2021,8,France,HUMAN_OBSERVATION
48.65499,7.84215,2021,8,France,HUMAN_OBSERVATION
48.65499,7.84215,2021,8,France,HUMAN_OBSERVATION
48.65499,7.84215,2021,8,France,HUMAN_OBSERVATION
48.65499,7.84215,2021,8,France,HUMAN_OBSERVATION
48.65499,7.84215,2021,8,France,HUMAN_OBSERVATION
48.65499,7.84215,2021,8,France,HUMAN_OBSERVATION
48.65499,7.84215,2021,8,France,HUMAN_OBSERVATION
48.65499,7.84215,2021,8,France,HUMAN_OBSERVATION
48.65499,7.84215,2021,8,France,HUMAN_OBSERVATION
48.65499,7.84215,2021,8,France,HUMAN_OBSERVATION
48.65499,7.84215,2021,8,France,HUMAN_OBSERVATION
48.65499,7.84215,2021,8,France,HUMAN_OBSERVATION
48.65499,7.84215,2021,8,France,HUMAN_OBSERVATION
48.65499,7.84215,2021,8,France,HUMAN_OBSERVATION
48.65499,7.84215,2021,8,France,HUMAN_OBSERVATION
48.65499,7.84215,2021,8,France,HUMAN_OBSERVATION
48.65499,7.84215,2021,8,France,HUMAN_OBSERVATION
48.65499,7.84215,2021,8,France,HUMAN_OBSERVATION
48.65499,7.84215,2021,8,France,HUMAN_OBSERVATION
48.65499,7.84215,2021,8,France,HUMAN_OBSERVATION
48.65499,7.84215,2021,8,France,HUMAN_OBSERVATION
48.65499,7.84215,2021,8,France,HUMAN_OBSERVATION
48.65499,7.84215,2021,8,France,HUMAN_OBSERVATION
48.65499,7.84215,2021,8,France,HUMAN_OBSERVATION
48.65499,7.84215,2021,8,France,HUMAN_OBSERVATION
48.65499,7.84215,2021,8,France,HUMAN_OBSERVATION
48.65499,7.84215,2021,8,France,HUMAN_OBSERVATION
48.65499,7.84215,2021,8,France,HUMAN_OBSERVATION
48.65499,7.84215,2021,8,France,HUMAN_OBSERVATION
48.65499,7.84215,2021,8,France,HUMAN_OBSERVATION
48.65499,7.84215,2021,8,France,HUMAN_OBSERVATION
48.65499,7.84215,2021,8,France,HUMAN_OBSERVATION
48.65499,7.84215,2021,8,France,HUMAN_OBSERVATION
48.65499,7.84215,2021,8,France,HUMAN_OBSERVATION
48.65499,7.84215,2021,8,France,HUMAN_OBSERVATION
48.65499,7.84215,2021,8,France,HUMAN_OBSERVATION
48.65499,7.84215,2021,8,France,HUMAN_OBSERVATION
48.65499,7.84215,2021,8,France,HUMAN_OBSERVATION
48.65499,7.84215,2021,8,France,HUMAN_OBSERVATION
48.65499,7.84215,2021,8,France,HUMAN_OBSERVATION
48.65499,7.84215,2021,8,France,HUMAN_OBSERVATION
48.65499,7.84215,2021,8,France,HUMAN_OBSERVATION
48.65499,7.84215,2021,8,France,HUMAN_OBSERVATION
48.65499,7.84215,2021,8,France,HUMAN_OBSERVATION
48.65499,7.84215,2021,8,France,HUMAN_OBSERVATION
48.65499,7.84215,2021,8,France,HUMAN_OBSERVATION
48.65499,7.84215,2021,8,France,HUMAN_OBSERVATION
48.65499,7.84215,2021,8,France,HUMAN_OBSERVATION
48.65499,7.84215,2021,8,France,HUMAN_OBSERVATION
48.65499,7.84215,2021,8,France,HUMAN_OBSERVATION
48.65499,7.84215,2021,8,France,HUMAN_OBSERVATION
48.65499,7.84215,2021,8,France,HUMAN_OBSERVATION
48.65499,7.84215,2021,8,France,HUMAN_OBSERVATION
48.65499,7.84215,2021,8,France,HUMAN_OBSERVATION
48.65499,7.84215,2021,8,France,HUMAN_OBSERVATION
48.65499,7.84215,2021,8,France,HUMAN_OBSERVATION
48.65499,7.84215,2021,8,France,HUMAN_OBSERVATION
48.65499,7.84215,2021,8,France,HUMAN_OBSERVATION
48.65499,7.84215,2021,8,France,HUMAN_OBSERVATION
48.65499,7.84215,2021,8,France,HUMAN_OBSERVATION
48.65499,7.84215,2021,8,France,HUMAN_OBSERVATION
48.65499,7.84215,2021,8,France,HUMAN_OBSERVATION
48.65499,7.84215,2021,8,France,HUMAN_OBSERVATION
48.65499,7.84215,2021,8,France,HUMAN_OBSERVATION
48.65499,7.84215,2021,8,France,HUMAN_OBSERVATION
48.65499,7.84215,2021,8,France,HUMAN_OBSERVATION
48.65499,7.84215,2021,8,France,HUMAN_OBSERVATION
48.65499,7.84215,2021,8,France,HUMAN_OBSERVATION
48.65499,7.84215,2021,8,France,HUMAN_OBSERVATION
48.65499,7.84215,2021,8,France,HUMAN_OBSERVATION
48.65499,7.84215,2021,8,France,HUMAN_OBSERVATION
48.65499,7.84215,2021,8,France,HUMAN_OBSERVATION
48.65499,7.84215,2021,8,France,HUMAN_OBSERVATION
48.65499,7.84215,2021,8,France,HUMAN_OBSERVATION
48.65499,7.84215,2021,8,France,HUMAN_OBSERVATION
48.65499,7.84215,2021,8,France,HUMAN_OBSERVATION
48.65499,7.84215,2021,8,France,HUMAN_OBSERVATION
48.67741,6.20992,2021,9,France,HUMAN_OBSERVATION
48.67741,6.20992,2021,9,France,HUMAN_OBSERVATION
48.67741,6.20992,2021,9,France,HUMAN_OBSERVATION
48.67741,6.20992,2021,9,France,HUMAN_OBSERVATION
48.67741,6.20992,2021,9,France,HUMAN_OBSERVATION
48.67741,6.20992,2021,9,France,HUMAN_OBSERVATION
48.67741,6.20992,2021,9,France,HUMAN_OBSERVATION
48.67741,6.20992,2021,9,France,HUMAN_OBSERVATION
48.67741,6.20992,2021,9,France,HUMAN_OBSERVATION
48.67741,6.20992,2021,9,France,HUMAN_OBSERVATION
48.67741,6.20992,2021,9,France,HUMAN_OBSERVATION
48.67741,6.20992,2021,9,France,HUMAN_OBSERVATION
48.67741,6.20992,2021,9,France,HUMAN_OBSERVATION
48.67741,6.20992,2021,9,France,HUMAN_OBSERVATION
48.67741,6.20992,2021,9,France,HUMAN_OBSERVATION
48.67741,6.20992,2021,9,France,HUMAN_OBSERVATION
48.67741,6.20992,2021,9,France,HUMAN_OBSERVATION
48.67741,6.20992,2021,9,France,HUMAN_OBSERVATION
48.67741,6.20992,2021,9,France,HUMAN_OBSERVATION
48.67741,6.20992,2021,9,France,HUMAN_OBSERVATION
48.67741,6.20992,2021,9,France,HUMAN_OBSERVATION
48.67741,6.20992,2021,9,France,HUMAN_OBSERVATION
48.67741,6.20992,2021,9,France,HUMAN_OBSERVATION
48.67741,6.20992,2021,9,France,HUMAN_OBSERVATION
48.67741,6.20992,2021,9,France,HUMAN_OBSERVATION
48.67741,6.20992,2021,9,France,HUMAN_OBSERVATION
48.67741,6.20992,2021,9,France,HUMAN_OBSERVATION
48.67741,6.20992,2021,9,France,HUMAN_OBSERVATION
48.67741,6.20992,2021,9,France,HUMAN_OBSERVATION
48.67741,6.20992,2021,9,France,HUMAN_OBSERVATION
48.67741,6.20992,2021,9,France,HUMAN_OBSERVATION
48.67741,6.20992,2021,9,France,HUMAN_OBSERVATION
48.67741,6.20992,2021,9,France,HUMAN_OBSERVATION
48.67741,6.20992,2021,9,France,HUMAN_OBSERVATION
48.67741,6.20992,2021,9,France,HUMAN_OBSERVATION
48.67741,6.20992,2021,9,France,HUMAN_OBSERVATION
48.67741,6.20992,2021,9,France,HUMAN_OBSERVATION
48.67741,6.20992,2021,9,France,HUMAN_OBSERVATION
48.67741,6.20992,2021,9,France,HUMAN_OBSERVATION
48.67741,6.20992,2021,9,France,HUMAN_OBSERVATION
48.67741,6.20992,2021,9,France,HUMAN_OBSERVATION
48.67741,6.20992,2021,9,France,HUMAN_OBSERVATION
48.67741,6.20992,2021,9,France,HUMAN_OBSERVATION
48.67741,6.20992,2021,9,France,HUMAN_OBSERVATION
48.67741,6.20992,2021,9,France,HUMAN_OBSERVATION
48.67741,6.20992,2021,9,France,HUMAN_OBSERVATION
48.67741,6.20992,2021,9,France,HUMAN_OBSERVATION
48.67741,6.20992,2021,9,France,HUMAN_OBSERVATION
48.67741,6.20992,2021,9,France,HUMAN_OBSERVATION
48.67741,6.20992,2021,9,France,HUMAN_OBSERVATION
48.67741,6.20992,2021,9,France,HUMAN_OBSERVATION
48.67741,6.20992,2021,9,France,HUMAN_OBSERVATION
48.67741,6.20992,2021,9,France,HUMAN_OBSERVATION
48.67741,6.20992,2021,9,France,HUMAN_OBSERVATION
48.67741,6.20992,2021,9,France,HUMAN_OBSERVATION
48.67741,6.20992,2021,9,France,HUMAN_OBSERVATION
48.67741,6.20992,2021,9,France,HUMAN_OBSERVATION
48.67741,6.20992,2021,9,France,HUMAN_OBSERVATION
48.67741,6.20992,2021,9,France,HUMAN_OBSERVATION
48.67741,6.20992,2021,9,France,HUMAN_OBSERVATION
48.67741,6.20992,2021,9,France,HUMAN_OBSERVATION
48.67741,6.20992,2021,9,France,HUMAN_OBSERVATION
48.67741,6.20992,2021,9,France,HUMAN_OBSERVATION
48.693,16.919,2011,5,Czechia,MATERIAL_SAMPLE
48.693,16.919,2011,5,Czechia,MATERIAL_SAMPLE
48.693,16.919,2011,5,Czechia,MATERIAL_SAMPLE
48.693,16.919,2011,5,Czechia,MATERIAL_SAMPLE
48.693,16.919,2009,9,Czechia,MATERIAL_SAMPLE
48.693,16.919,2009,9,Czechia,MATERIAL_SAMPLE
48.70496,7.94103,2021,9,France,HUMAN_OBSERVATION
48.70496,7.94103,2021,9,France,HUMAN_OBSERVATION
48.70496,7.94103,2021,9,France,HUMAN_OBSERVATION
48.70496,7.94103,2021,9,France,HUMAN_OBSERVATION
48.70496,7.94103,2021,9,France,HUMAN_OBSERVATION
48.70496,7.94103,2021,9,France,HUMAN_OBSERVATION
48.70496,7.94103,2021,9,France,HUMAN_OBSERVATION
48.70496,7.94103,2021,9,France,HUMAN_OBSERVATION
48.70496,7.94103,2021,9,France,HUMAN_OBSERVATION
48.70496,7.94103,2021,9,France,HUMAN_OBSERVATION
48.70496,7.94103,2021,9,France,HUMAN_OBSERVATION
48.70496,7.94103,2021,9,France,HUMAN_OBSERVATION
48.70496,7.94103,2021,9,France,HUMAN_OBSERVATION
48.70496,7.94103,2021,9,France,HUMAN_OBSERVATION
48.70496,7.94103,2021,9,France,HUMAN_OBSERVATION
48.70496,7.94103,2021,9,France,HUMAN_OBSERVATION
48.70496,7.94103,2021,9,France,HUMAN_OBSERVATION
48.70496,7.94103,2021,9,France,HUMAN_OBSERVATION
48.70496,7.94103,2021,9,France,HUMAN_OBSERVATION
48.70496,7.94103,2021,9,France,HUMAN_OBSERVATION
48.70496,7.94103,2021,9,France,HUMAN_OBSERVATION
48.70496,7.94103,2021,9,France,HUMAN_OBSERVATION
48.70496,7.94103,2021,9,France,HUMAN_OBSERVATION
48.70496,7.94103,2021,9,France,HUMAN_OBSERVATION
48.70496,7.94103,2021,9,France,HUMAN_OBSERVATION
48.70496,7.94103,2021,9,France,HUMAN_OBSERVATION
48.70496,7.94103,2021,9,France,HUMAN_OBSERVATION
48.70496,7.94103,2021,9,France,HUMAN_OBSERVATION
48.70496,7.94103,2021,9,France,HUMAN_OBSERVATION
48.70496,7.94103,2021,9,France,HUMAN_OBSERVATION
48.70496,7.94103,2021,9,France,HUMAN_OBSERVATION
48.706826,16.910697,2020,6,Austria,HUMAN_OBSERVATION
48.7112,34.28873,2023,8,Ukraine,HUMAN_OBSERVATION
48.717058,7.965773,2020,5,Germany,HUMAN_OBSERVATION
48.73452,34.31469,2023,8,Ukraine,HUMAN_OBSERVATION
48.76001,7.4437,2021,8,France,HUMAN_OBSERVATION
48.76154,7.95267,2021,8,France,HUMAN_OBSERVATION
48.76154,7.95267,2021,8,France,HUMAN_OBSERVATION
48.76154,7.95267,2021,8,France,HUMAN_OBSERVATION
48.76154,7.95267,2021,8,France,HUMAN_OBSERVATION
48.76154,7.95267,2021,8,France,HUMAN_OBSERVATION
48.76154,7.95267,2021,8,France,HUMAN_OBSERVATION
48.76154,7.95267,2021,8,France,HUMAN_OBSERVATION
48.76154,7.95267,2021,8,France,HUMAN_OBSERVATION
48.76154,7.95267,2021,8,France,HUMAN_OBSERVATION
48.76154,7.95267,2021,8,France,HUMAN_OBSERVATION
48.76154,7.95267,2021,8,France,HUMAN_OBSERVATION
48.76154,7.95267,2021,8,France,HUMAN_OBSERVATION
48.76154,7.95267,2021,8,France,HUMAN_OBSERVATION
48.76154,7.95267,2021,8,France,HUMAN_OBSERVATION
48.76154,7.95267,2021,8,France,HUMAN_OBSERVATION
48.76154,7.95267,2021,8,France,HUMAN_OBSERVATION
48.76154,7.95267,2021,8,France,HUMAN_OBSERVATION
48.76154,7.95267,2021,8,France,HUMAN_OBSERVATION
48.76154,7.95267,2021,8,France,HUMAN_OBSERVATION
48.76154,7.95267,2021,8,France,HUMAN_OBSERVATION
48.76154,7.95267,2021,8,France,HUMAN_OBSERVATION
48.76154,7.95267,2021,8,France,HUMAN_OBSERVATION
48.76154,7.95267,2021,8,France,HUMAN_OBSERVATION
48.76154,7.95267,2021,8,France,HUMAN_OBSERVATION
48.76154,7.95267,2021,8,France,HUMAN_OBSERVATION
48.76154,7.95267,2021,8,France,HUMAN_OBSERVATION
48.76154,7.95267,2021,8,France,HUMAN_OBSERVATION
48.76154,7.95267,2021,8,France,HUMAN_OBSERVATION
48.76154,7.95267,2021,8,France,HUMAN_OBSERVATION
48.76154,7.95267,2021,8,France,HUMAN_OBSERVATION
48.783767,25.577735,2024,9,Ukraine,HUMAN_OBSERVATION
48.784546,8.049278,2024,5,Germany,HUMAN_OBSERVATION
48.804234,2.409454,2023,7,France,HUMAN_OBSERVATION
48.80904,8.03038,2021,9,France,HUMAN_OBSERVATION
48.80904,8.03038,2021,9,France,HUMAN_OBSERVATION
48.80904,8.03038,2021,9,France,HUMAN_OBSERVATION
48.80904,8.03038,2021,9,France,HUMAN_OBSERVATION
48.80904,8.03038,2021,9,France,HUMAN_OBSERVATION
48.80904,8.03038,2021,9,France,HUMAN_OBSERVATION
48.80904,8.03038,2021,9,France,HUMAN_OBSERVATION
48.80904,8.03038,2021,9,France,HUMAN_OBSERVATION
48.80904,8.03038,2021,9,France,HUMAN_OBSERVATION
48.80904,8.03038,2021,9,France,HUMAN_OBSERVATION
48.80904,8.03038,2021,9,France,HUMAN_OBSERVATION
48.80904,8.03038,2021,9,France,HUMAN_OBSERVATION
48.80904,8.03038,2021,9,France,HUMAN_OBSERVATION
48.80904,8.03038,2021,9,France,HUMAN_OBSERVATION
48.80904,8.03038,2021,9,France,HUMAN_OBSERVATION
48.80904,8.03038,2021,9,France,HUMAN_OBSERVATION
48.80904,8.03038,2021,9,France,HUMAN_OBSERVATION
48.80904,8.03038,2021,9,France,HUMAN_OBSERVATION
48.80904,8.03038,2021,9,France,HUMAN_OBSERVATION
48.80904,8.03038,2021,9,France,HUMAN_OBSERVATION
48.80904,8.03038,2021,9,France,HUMAN_OBSERVATION
48.80904,8.03038,2021,9,France,HUMAN_OBSERVATION
48.80904,8.03038,2021,9,France,HUMAN_OBSERVATION
48.80904,8.03038,2021,9,France,HUMAN_OBSERVATION
48.80904,8.03038,2021,9,France,HUMAN_OBSERVATION
48.80904,8.03038,2021,9,France,HUMAN_OBSERVATION
48.80904,8.03038,2021,9,France,HUMAN_OBSERVATION
48.80904,8.03038,2021,9,France,HUMAN_OBSERVATION
48.80904,8.03038,2021,9,France,HUMAN_OBSERVATION
48.80904,8.03038,2021,9,France,HUMAN_OBSERVATION
48.80904,8.03038,2021,9,France,HUMAN_OBSERVATION
48.80904,8.03038,2020,6,France,HUMAN_OBSERVATION
48.80904,8.03038,2020,6,France,HUMAN_OBSERVATION
48.80904,8.03038,2020,6,France,HUMAN_OBSERVATION
48.80904,8.03038,2020,6,France,HUMAN_OBSERVATION
48.80904,8.03038,2020,6,France,HUMAN_OBSERVATION
48.80904,8.03038,2020,6,France,HUMAN_OBSERVATION
48.80904,8.03038,2020,6,France,HUMAN_OBSERVATION
48.80904,8.03038,2020,6,France,HUMAN_OBSERVATION
48.80904,8.03038,2020,6,France,HUMAN_OBSERVATION
48.80904,8.03038,2020,6,France,HUMAN_OBSERVATION
48.80904,8.03038,2020,6,France,HUMAN_OBSERVATION
48.80904,8.03038,2020,6,France,HUMAN_OBSERVATION
48.80904,8.03038,2020,6,France,HUMAN_OBSERVATION
48.80904,8.03038,2020,6,France,HUMAN_OBSERVATION
48.80904,8.03038,2020,6,France,HUMAN_OBSERVATION
48.80904,8.03038,2020,6,France,HUMAN_OBSERVATION
48.80904,8.03038,2020,6,France,HUMAN_OBSERVATION
48.80904,8.03038,2020,6,France,HUMAN_OBSERVATION
48.80904,8.03038,2020,6,France,HUMAN_OBSERVATION
48.80904,8.03038,2020,6,France,HUMAN_OBSERVATION
48.80904,8.03038,2020,6,France,HUMAN_OBSERVATION
48.80904,8.03038,2020,6,France,HUMAN_OBSERVATION
48.80904,8.03038,2020,6,France,HUMAN_OBSERVATION
48.834,12.838,2010,6,Germany,MATERIAL_SAMPLE
48.834,12.938,2010,4,Germany,MATERIAL_SAMPLE
48.8705,44.6595,2017,8,Russian Federation,MATERIAL_SAMPLE
48.870645,44.65997,2023,8,Russian Federation,HUMAN_OBSERVATION
48.884517,44.667713,2023,7,Russian Federation,HUMAN_OBSERVATION
48.891722,2.158222,2022,9,France,HUMAN_OBSERVATION
48.902931,6.060501,2024,9,France,HUMAN_OBSERVATION
48.902933,6.060495,2024,9,France,HUMAN_OBSERVATION
48.902934,6.060496,2024,9,France,HUMAN_OBSERVATION
48.902934,6.060497,2024,9,France,HUMAN_OBSERVATION
48.902944,6.0605,2024,9,France,HUMAN_OBSERVATION
48.905779,9.257002,2022,9,Germany,HUMAN_OBSERVATION
48.919703,2.323155,2022,10,France,HUMAN_OBSERVATION
48.919703,2.323155,2022,10,France,HUMAN_OBSERVATION
48.945462,8.137118,2022,7,France,HUMAN_OBSERVATION
48.94838,6.13073,2021,10,France,HUMAN_OBSERVATION
48.94838,6.13073,2021,10,France,HUMAN_OBSERVATION
48.94838,6.13073,2021,10,France,HUMAN_OBSERVATION
48.94838,6.13073,2021,10,France,HUMAN_OBSERVATION
48.94838,6.13073,2021,10,France,HUMAN_OBSERVATION
48.94838,6.13073,2021,10,France,HUMAN_OBSERVATION
48.94838,6.13073,2021,10,France,HUMAN_OBSERVATION
48.94838,6.13073,2021,10,France,HUMAN_OBSERVATION
48.94838,6.13073,2021,10,France,HUMAN_OBSERVATION
48.94838,6.13073,2021,10,France,HUMAN_OBSERVATION
48.94838,6.13073,2021,10,France,HUMAN_OBSERVATION
48.94838,6.13073,2021,10,France,HUMAN_OBSERVATION
48.94838,6.13073,2021,10,France,HUMAN_OBSERVATION
48.94838,6.13073,2021,10,France,HUMAN_OBSERVATION
48.94838,6.13073,2021,10,France,HUMAN_OBSERVATION
48.94838,6.13073,2021,10,France,HUMAN_OBSERVATION
48.94838,6.13073,2021,10,France,HUMAN_OBSERVATION
48.94838,6.13073,2021,10,France,HUMAN_OBSERVATION
48.94838,6.13073,2021,10,France,HUMAN_OBSERVATION
48.94838,6.13073,2021,10,France,HUMAN_OBSERVATION
48.94838,6.13073,2021,10,France,HUMAN_OBSERVATION
48.95165,2.3022,2022,9,France,HUMAN_OBSERVATION
48.95911,6.05586,2021,9,France,HUMAN_OBSERVATION
48.95911,6.05586,2021,9,France,HUMAN_OBSERVATION
48.95911,6.05586,2021,9,France,HUMAN_OBSERVATION
48.95911,6.05586,2021,9,France,HUMAN_OBSERVATION
48.95911,6.05586,2021,9,France,HUMAN_OBSERVATION
48.95911,6.05586,2021,9,France,HUMAN_OBSERVATION
48.95911,6.05586,2021,9,France,HUMAN_OBSERVATION
48.95911,6.05586,2021,9,France,HUMAN_OBSERVATION
48.95911,6.05586,2021,9,France,HUMAN_OBSERVATION
48.95911,6.05586,2021,9,France,HUMAN_OBSERVATION
48.95911,6.05586,2021,9,France,HUMAN_OBSERVATION
48.95911,6.05586,2021,9,France,HUMAN_OBSERVATION
48.95911,6.05586,2021,9,France,HUMAN_OBSERVATION
48.95911,6.05586,2021,9,France,HUMAN_OBSERVATION
48.95911,6.05586,2021,9,France,HUMAN_OBSERVATION
48.95911,6.05586,2021,9,France,HUMAN_OBSERVATION
48.95911,6.05586,2021,9,France,HUMAN_OBSERVATION
48.95911,6.05586,2021,9,France,HUMAN_OBSERVATION
48.95911,6.05586,2021,9,France,HUMAN_OBSERVATION
48.95911,6.05586,2021,9,France,HUMAN_OBSERVATION
48.95911,6.05586,2021,9,France,HUMAN_OBSERVATION
48.95911,6.05586,2021,9,France,HUMAN_OBSERVATION
48.95911,6.05586,2021,9,France,HUMAN_OBSERVATION
48.95911,6.05586,2021,9,France,HUMAN_OBSERVATION
48.95911,6.05586,2021,9,France,HUMAN_OBSERVATION
48.95911,6.05586,2021,9,France,HUMAN_OBSERVATION
48.95911,6.05586,2021,9,France,HUMAN_OBSERVATION
48.95911,6.05586,2021,9,France,HUMAN_OBSERVATION
48.95911,6.05586,2021,9,France,HUMAN_OBSERVATION
48.95911,6.05586,2021,9,France,HUMAN_OBSERVATION
48.95911,6.05586,2021,9,France,HUMAN_OBSERVATION
48.95911,6.05586,2021,9,France,HUMAN_OBSERVATION
48.95911,6.05586,2021,9,France,HUMAN_OBSERVATION
48.95911,6.05586,2021,9,France,HUMAN_OBSERVATION
48.95911,6.05586,2021,9,France,HUMAN_OBSERVATION
48.95911,6.05586,2021,9,France,HUMAN_OBSERVATION
48.95911,6.05586,2021,9,France,HUMAN_OBSERVATION
48.95911,6.05586,2021,9,France,HUMAN_OBSERVATION
48.95911,6.05586,2021,9,France,HUMAN_OBSERVATION
48.95911,6.05586,2021,9,France,HUMAN_OBSERVATION
48.95911,6.05586,2021,9,France,HUMAN_OBSERVATION
48.95911,6.05586,2021,9,France,HUMAN_OBSERVATION
48.95911,6.05586,2021,9,France,HUMAN_OBSERVATION
48.95911,6.05586,2021,9,France,HUMAN_OBSERVATION
48.95911,6.05586,2021,9,France,HUMAN_OBSERVATION
48.95911,6.05586,2021,9,France,HUMAN_OBSERVATION
48.95911,6.05586,2021,9,France,HUMAN_OBSERVATION
48.95911,6.05586,2021,9,France,HUMAN_OBSERVATION
48.95911,6.05586,2021,9,France,HUMAN_OBSERVATION
48.95911,6.05586,2021,9,France,HUMAN_OBSERVATION
48.95911,6.05586,2021,9,France,HUMAN_OBSERVATION
48.95911,6.05586,2021,9,France,HUMAN_OBSERVATION
48.95911,6.05586,2021,9,France,HUMAN_OBSERVATION
48.95911,6.05586,2021,9,France,HUMAN_OBSERVATION
48.95911,6.05586,2021,9,France,HUMAN_OBSERVATION
48.95911,6.05586,2021,9,France,HUMAN_OBSERVATION
48.95911,6.05586,2021,9,France,HUMAN_OBSERVATION
48.95911,6.05586,2021,9,France,HUMAN_OBSERVATION
48.95911,6.05586,2021,9,France,HUMAN_OBSERVATION
48.95911,6.05586,2021,9,France,HUMAN_OBSERVATION
48.95911,6.05586,2021,9,France,HUMAN_OBSERVATION
48.95911,6.05586,2021,9,France,HUMAN_OBSERVATION
48.95911,6.05586,2021,9,France,HUMAN_OBSERVATION
48.95911,6.05586,2021,9,France,HUMAN_OBSERVATION
48.95911,6.05586,2021,9,France,HUMAN_OBSERVATION
48.95911,6.05586,2021,9,France,HUMAN_OBSERVATION
48.95911,6.05586,2021,9,France,HUMAN_OBSERVATION
48.95911,6.05586,2021,9,France,HUMAN_OBSERVATION
48.95911,6.05586,2021,9,France,HUMAN_OBSERVATION
48.95911,6.05586,2021,9,France,HUMAN_OBSERVATION
48.95911,6.05586,2021,9,France,HUMAN_OBSERVATION
48.95911,6.05586,2021,9,France,HUMAN_OBSERVATION
48.95911,6.05586,2021,9,France,HUMAN_OBSERVATION
48.95911,6.05586,2021,9,France,HUMAN_OBSERVATION
48.95911,6.05586,2021,9,France,HUMAN_OBSERVATION
48.95911,6.05586,2021,9,France,HUMAN_OBSERVATION
48.95911,6.05586,2021,9,France,HUMAN_OBSERVATION
48.95911,6.05586,2021,9,France,HUMAN_OBSERVATION
48.95911,6.05586,2021,9,France,HUMAN_OBSERVATION
48.95911,6.05586,2021,9,France,HUMAN_OBSERVATION
48.95911,6.05586,2021,9,France,HUMAN_OBSERVATION
48.95911,6.05586,2021,9,France,HUMAN_OBSERVATION
48.95911,6.05586,2021,9,France,HUMAN_OBSERVATION
48.95911,6.05586,2021,9,France,HUMAN_OBSERVATION
48.95911,6.05586,2021,9,France,HUMAN_OBSERVATION
48.95911,6.05586,2021,9,France,HUMAN_OBSERVATION
48.95911,6.05586,2021,9,France,HUMAN_OBSERVATION
48.95911,6.05586,2021,9,France,HUMAN_OBSERVATION
48.95911,6.05586,2021,9,France,HUMAN_OBSERVATION
48.95911,6.05586,2021,9,France,HUMAN_OBSERVATION
48.95911,6.05586,2021,9,France,HUMAN_OBSERVATION
48.95911,6.05586,2021,9,France,HUMAN_OBSERVATION
48.95911,6.05586,2021,9,France,HUMAN_OBSERVATION
48.95911,6.05586,2021,9,France,HUMAN_OBSERVATION
48.95911,6.05586,2021,9,France,HUMAN_OBSERVATION
48.95911,6.05586,2021,9,France,HUMAN_OBSERVATION
48.978014,37.689079,2021,8,Ukraine,HUMAN_OBSERVATION
48.98971,33.62658,2023,8,Ukraine,HUMAN_OBSERVATION
49.00279,33.60036,2021,8,Ukraine,HUMAN_OBSERVATION
49.00365,33.59476,2021,8,Ukraine,HUMAN_OBSERVATION
49.0088,33.56279,2023,8,Ukraine,HUMAN_OBSERVATION
49.0142,33.53245,2023,8,Ukraine,HUMAN_OBSERVATION
49.01427,33.53443,2023,8,Ukraine,HUMAN_OBSERVATION
49.02873,33.55366,2021,8,Ukraine,HUMAN_OBSERVATION
49.0494,33.47378,2021,8,Ukraine,HUMAN_OBSERVATION
49.05231,33.46387,2021,8,Ukraine,HUMAN_OBSERVATION
49.05374,33.45628,2021,8,Ukraine,HUMAN_OBSERVATION
49.05375,33.4546,2023,8,Ukraine,HUMAN_OBSERVATION
49.113928,8.326614,2021,7,Germany,HUMAN_OBSERVATION
49.195253,2.367636,2025,4,France,HUMAN_OBSERVATION
49.205583,5.967148,2023,7,France,HUMAN_OBSERVATION
49.212055,43.953738,2023,9,Russian Federation,HUMAN_OBSERVATION
49.227853,43.918898,2024,5,Russian Federation,HUMAN_OBSERVATION
49.242057,8.395444,2023,7,Germany,HUMAN_OBSERVATION
49.25206,8.42895,2011,5,Germany,MATERIAL_SAMPLE
49.25206,8.42895,2011,5,Germany,MATERIAL_SAMPLE
49.25206,8.42895,2011,5,Germany,MATERIAL_SAMPLE
49.25206,8.42895,2011,5,Germany,MATERIAL_SAMPLE
49.25507,8.366792,2024,6,Germany,HUMAN_OBSERVATION
49.28012,33.00324,2023,8,Ukraine,HUMAN_OBSERVATION
49.30337,2.60713,2021,8,France,HUMAN_OBSERVATION
49.30337,2.60713,2021,8,France,HUMAN_OBSERVATION
49.30337,2.60713,2021,8,France,HUMAN_OBSERVATION
49.30337,2.60713,2021,8,France,HUMAN_OBSERVATION
49.30337,2.60713,2021,8,France,HUMAN_OBSERVATION
49.30337,2.60713,2021,8,France,HUMAN_OBSERVATION
49.30337,2.60713,2021,8,France,HUMAN_OBSERVATION
49.30337,2.60713,2021,8,France,HUMAN_OBSERVATION
49.30337,2.60713,2021,8,France,HUMAN_OBSERVATION
49.30337,2.60713,2021,8,France,HUMAN_OBSERVATION
49.30337,2.60713,2021,8,France,HUMAN_OBSERVATION
49.30337,2.60713,2021,8,France,HUMAN_OBSERVATION
49.30337,2.60713,2021,8,France,HUMAN_OBSERVATION
49.30337,2.60713,2021,8,France,HUMAN_OBSERVATION
49.30337,2.60713,2021,8,France,HUMAN_OBSERVATION
49.30337,2.60713,2021,8,France,HUMAN_OBSERVATION
49.30337,2.60713,2021,8,France,HUMAN_OBSERVATION
49.30337,2.60713,2021,8,France,HUMAN_OBSERVATION
49.30337,2.60713,2021,8,France,HUMAN_OBSERVATION
49.30337,2.60713,2021,8,France,HUMAN_OBSERVATION
49.30337,2.60713,2021,8,France,HUMAN_OBSERVATION
49.30337,2.60713,2021,8,France,HUMAN_OBSERVATION
49.30337,2.60713,2021,8,France,HUMAN_OBSERVATION
49.30337,2.60713,2021,8,France,HUMAN_OBSERVATION
49.30337,2.60713,2021,8,France,HUMAN_OBSERVATION
49.30337,2.60713,2021,8,France,HUMAN_OBSERVATION
49.30337,2.60713,2021,8,France,HUMAN_OBSERVATION
49.30337,2.60713,2021,8,France,HUMAN_OBSERVATION
49.30337,2.60713,2021,8,France,HUMAN_OBSERVATION
49.30337,2.60713,2021,8,France,HUMAN_OBSERVATION
49.30337,2.60713,2021,8,France,HUMAN_OBSERVATION
49.30337,2.60713,2021,8,France,HUMAN_OBSERVATION
49.30337,2.60713,2021,8,France,HUMAN_OBSERVATION
49.30337,2.60713,2021,8,France,HUMAN_OBSERVATION
49.30337,2.60713,2021,8,France,HUMAN_OBSERVATION
49.30337,2.60713,2021,8,France,HUMAN_OBSERVATION
49.30337,2.60713,2021,8,France,HUMAN_OBSERVATION
49.30337,2.60713,2021,8,France,HUMAN_OBSERVATION
49.30337,2.60713,2021,8,France,HUMAN_OBSERVATION
49.30337,2.60713,2021,8,France,HUMAN_OBSERVATION
49.30337,2.60713,2021,8,France,HUMAN_OBSERVATION
49.30337,2.60713,2021,8,France,HUMAN_OBSERVATION
49.30337,2.60713,2021,8,France,HUMAN_OBSERVATION
49.30337,2.60713,2021,8,France,HUMAN_OBSERVATION
49.30337,2.60713,2021,8,France,HUMAN_OBSERVATION
49.30337,2.60713,2021,8,France,HUMAN_OBSERVATION
49.30337,2.60713,2021,8,France,HUMAN_OBSERVATION
49.30337,2.60713,2021,8,France,HUMAN_OBSERVATION
49.30337,2.60713,2021,8,France,HUMAN_OBSERVATION
49.30337,2.60713,2021,8,France,HUMAN_OBSERVATION
49.30337,2.60713,2021,8,France,HUMAN_OBSERVATION
49.30591,1.24553,2021,10,France,HUMAN_OBSERVATION
49.33266,6.57821,2021,9,France,HUMAN_OBSERVATION
49.33266,6.57821,2021,9,France,HUMAN_OBSERVATION
49.33266,6.57821,2021,9,France,HUMAN_OBSERVATION
49.33266,6.57821,2021,9,France,HUMAN_OBSERVATION
49.34293,2.745002,2023,8,France,HUMAN_OBSERVATION
49.37715,3.71618,2021,10,France,HUMAN_OBSERVATION
49.37897,3.36123,2022,10,France,HUMAN_OBSERVATION
49.383384,8.565359,2023,5,Germany,HUMAN_OBSERVATION
49.38584,2.77875,2021,9,France,HUMAN_OBSERVATION
49.38584,2.77875,2021,9,France,HUMAN_OBSERVATION
49.38584,2.77875,2021,9,France,HUMAN_OBSERVATION
49.38584,2.77875,2021,9,France,HUMAN_OBSERVATION
49.38584,2.77875,2021,9,France,HUMAN_OBSERVATION
49.38584,2.77875,2021,9,France,HUMAN_OBSERVATION
49.38584,2.77875,2021,9,France,HUMAN_OBSERVATION
49.38584,2.77875,2021,9,France,HUMAN_OBSERVATION
49.38584,2.77875,2021,9,France,HUMAN_OBSERVATION
49.38584,2.77875,2021,9,France,HUMAN_OBSERVATION
49.38584,2.77875,2021,9,France,HUMAN_OBSERVATION
49.38584,2.77875,2021,9,France,HUMAN_OBSERVATION
49.38584,2.77875,2021,9,France,HUMAN_OBSERVATION
49.38584,2.77875,2021,9,France,HUMAN_OBSERVATION
49.38584,2.77875,2021,9,France,HUMAN_OBSERVATION
49.38584,2.77875,2021,9,France,HUMAN_OBSERVATION
49.38584,2.77875,2021,9,France,HUMAN_OBSERVATION
49.38584,2.77875,2021,9,France,HUMAN_OBSERVATION
49.38584,2.77875,2021,9,France,HUMAN_OBSERVATION
49.401004,6.275279,2022,7,France,HUMAN_OBSERVATION
49.401004,6.275279,2022,7,France,HUMAN_OBSERVATION
49.4142,3.94535,2021,9,France,HUMAN_OBSERVATION
49.444786,31.436109,2021,5,Ukraine,HUMAN_OBSERVATION
49.444786,31.436109,2021,7,Ukraine,HUMAN_OBSERVATION
49.4969,6.35941,2021,9,Luxembourg,HUMAN_OBSERVATION
49.497483,6.357591,2024,11,Luxembourg,HUMAN_OBSERVATION
49.501,6.05279,2022,9,Luxembourg,HUMAN_OBSERVATION
49.504032,8.543587,2023,12,Germany,HUMAN_OBSERVATION
49.504032,8.543587,2023,12,Germany,HUMAN_OBSERVATION
49.504032,8.543587,2020,1,Germany,HUMAN_OBSERVATION
49.505268,8.540876,2020,5,Germany,HUMAN_OBSERVATION
49.526295,8.465846,2024,7,Germany,HUMAN_OBSERVATION
49.526732,8.465494,2023,9,Germany,HUMAN_OBSERVATION
49.5449,5.97622,2022,9,Luxembourg,HUMAN_OBSERVATION
49.548907,45.038587,2021,8,Russian Federation,HUMAN_OBSERVATION
49.56344,2.98598,2021,11,France,HUMAN_OBSERVATION
49.56344,2.98598,2021,11,France,HUMAN_OBSERVATION
49.56344,2.98598,2020,6,France,HUMAN_OBSERVATION
49.564619,6.369028,2022,10,Luxembourg,HUMAN_OBSERVATION
49.613563,6.13435,2025,5,Luxembourg,HUMAN_OBSERVATION
49.61954,3.21914,2022,9,France,HUMAN_OBSERVATION
49.6322,6.23641,2020,6,Luxembourg,HUMAN_OBSERVATION
49.749172,15.383273,,,Czechia,MATERIAL_SAMPLE
49.773884,9.957156,2021,7,Germany,HUMAN_OBSERVATION
49.780293,8.450804,2025,3,Germany,HUMAN_OBSERVATION
49.780293,8.450804,2025,4,Germany,HUMAN_OBSERVATION
49.780293,8.450804,2025,4,Germany,HUMAN_OBSERVATION
49.780293,8.450804,2025,5,Germany,HUMAN_OBSERVATION
49.780293,8.450804,2024,1,Germany,HUMAN_OBSERVATION
49.780293,8.450804,2024,6,Germany,HUMAN_OBSERVATION
49.780293,8.450804,2024,7,Germany,HUMAN_OBSERVATION
49.780293,8.450804,2024,10,Germany,HUMAN_OBSERVATION
49.780293,8.450804,2024,12,Germany,HUMAN_OBSERVATION
49.780293,8.450804,2023,3,Germany,HUMAN_OBSERVATION
49.780293,8.450804,2023,5,Germany,HUMAN_OBSERVATION
49.780293,8.450804,2023,12,Germany,HUMAN_OBSERVATION
49.780293,8.450804,2022,2,Germany,HUMAN_OBSERVATION
49.780293,8.450804,2022,8,Germany,HUMAN_OBSERVATION
49.780293,8.450804,2022,12,Germany,HUMAN_OBSERVATION
49.780293,8.450804,2021,1,Germany,HUMAN_OBSERVATION
49.780293,8.450804,2021,4,Germany,HUMAN_OBSERVATION
49.780293,8.450804,2021,5,Germany,HUMAN_OBSERVATION
49.780293,8.450804,2021,12,Germany,HUMAN_OBSERVATION
49.780293,8.450804,2021,12,Germany,HUMAN_OBSERVATION
49.780293,8.450804,2020,5,Germany,HUMAN_OBSERVATION
49.80341,5.04575,2023,8,Belgium,HUMAN_OBSERVATION
49.8339,6.384,2021,9,Germany,HUMAN_OBSERVATION
49.84738,3.27773,2022,5,France,HUMAN_OBSERVATION
49.858791,8.419561,2023,9,Germany,HUMAN_OBSERVATION
49.8688,6.26291,2021,9,Luxembourg,HUMAN_OBSERVATION
49.87335,4.87397,2022,7,Belgium,HUMAN_OBSERVATION
49.874053,6.29188,2024,6,Germany,HUMAN_OBSERVATION
49.892715,10.898945,2020,4,Germany,HUMAN_OBSERVATION
49.951931,31.141959,2023,5,Ukraine,HUMAN_OBSERVATION
49.952842,6.182424,2023,5,Luxembourg,HUMAN_OBSERVATION
49.95414,31.15035,2021,8,Ukraine,HUMAN_OBSERVATION
49.95428,31.15164,2023,8,Ukraine,HUMAN_OBSERVATION
49.95428,31.15164,2022,8,Ukraine,HUMAN_OBSERVATION
49.95428,31.15164,2021,8,Ukraine,HUMAN_OBSERVATION
49.9564,31.15447,2023,6,Ukraine,HUMAN_OBSERVATION
49.95691,31.1548,2022,8,Ukraine,HUMAN_OBSERVATION
49.957,31.15471,2023,5,Ukraine,HUMAN_OBSERVATION
49.957173,31.155147,2024,5,Ukraine,HUMAN_OBSERVATION
49.957873,31.156894,2024,6,Ukraine,HUMAN_OBSERVATION
49.961598,8.331499,2022,7,Germany,HUMAN_OBSERVATION
49.9745,31.06993,2023,8,Ukraine,HUMAN_OBSERVATION
49.97756,31.05777,2020,5,Ukraine,HUMAN_OBSERVATION
49.97782,31.09917,2023,8,Ukraine,HUMAN_OBSERVATION
49.97864,31.05827,2023,8,Ukraine,HUMAN_OBSERVATION
49.97919,31.05747,2022,8,Ukraine,HUMAN_OBSERVATION
49.986088,7.983945,2022,8,Germany,HUMAN_OBSERVATION
49.994542,8.004567,2022,7,Germany,HUMAN_OBSERVATION
49.99503,8.0052,2021,10,Germany,HUMAN_OBSERVATION
49.996597,8.008044,2024,7,Germany,HUMAN_OBSERVATION
49.998255,8.033097,2022,7,Germany,HUMAN_OBSERVATION
50.002194,8.04583,2023,9,Germany,HUMAN_OBSERVATION
50.00435,4.41581,2022,7,Belgium,HUMAN_OBSERVATION
50.04265,30.95646,2021,8,Ukraine,HUMAN_OBSERVATION
50.051102,8.487693,2023,6,Germany,HUMAN_OBSERVATION
50.06577,30.92891,2021,8,Ukraine,HUMAN_OBSERVATION
50.06577,30.92891,2021,8,Ukraine,HUMAN_OBSERVATION
50.06655,8.528355,2023,6,Germany,HUMAN_OBSERVATION
50.09617,4.78499,2021,9,France,HUMAN_OBSERVATION
50.09617,4.78499,2021,9,France,HUMAN_OBSERVATION
50.09617,4.78499,2021,9,France,HUMAN_OBSERVATION
50.09617,4.78499,2021,9,France,HUMAN_OBSERVATION
50.09617,4.78499,2021,9,France,HUMAN_OBSERVATION
50.09617,4.78499,2021,9,France,HUMAN_OBSERVATION
50.09617,4.78499,2021,9,France,HUMAN_OBSERVATION
50.09617,4.78499,2021,9,France,HUMAN_OBSERVATION
50.09617,4.78499,2021,9,France,HUMAN_OBSERVATION
50.09617,4.78499,2021,9,France,HUMAN_OBSERVATION
50.09617,4.78499,2021,9,France,HUMAN_OBSERVATION
50.09617,4.78499,2021,9,France,HUMAN_OBSERVATION
50.09617,4.78499,2021,9,France,HUMAN_OBSERVATION
50.09617,4.78499,2021,9,France,HUMAN_OBSERVATION
50.09617,4.78499,2021,9,France,HUMAN_OBSERVATION
50.09617,4.78499,2021,9,France,HUMAN_OBSERVATION
50.09617,4.78499,2021,9,France,HUMAN_OBSERVATION
50.09617,4.78499,2021,9,France,HUMAN_OBSERVATION
50.09617,4.78499,2021,9,France,HUMAN_OBSERVATION
50.09617,4.78499,2021,9,France,HUMAN_OBSERVATION
50.09617,4.78499,2021,9,France,HUMAN_OBSERVATION
50.09617,4.78499,2021,9,France,HUMAN_OBSERVATION
50.09617,4.78499,2021,9,France,HUMAN_OBSERVATION
50.09617,4.78499,2021,9,France,HUMAN_OBSERVATION
50.09617,4.78499,2021,9,France,HUMAN_OBSERVATION
50.09617,4.78499,2021,9,France,HUMAN_OBSERVATION
50.09617,4.78499,2021,9,France,HUMAN_OBSERVATION
50.09617,4.78499,2021,9,France,HUMAN_OBSERVATION
50.09617,4.78499,2021,9,France,HUMAN_OBSERVATION
50.09617,4.78499,2021,9,France,HUMAN_OBSERVATION
50.09617,4.78499,2021,9,France,HUMAN_OBSERVATION
50.09617,4.78499,2021,9,France,HUMAN_OBSERVATION
50.09617,4.78499,2021,9,France,HUMAN_OBSERVATION
50.09617,4.78499,2021,9,France,HUMAN_OBSERVATION
50.09617,4.78499,2021,9,France,HUMAN_OBSERVATION
50.09617,4.78499,2021,9,France,HUMAN_OBSERVATION
50.09617,4.78499,2021,9,France,HUMAN_OBSERVATION
50.09617,4.78499,2021,9,France,HUMAN_OBSERVATION
50.09617,4.78499,2021,9,France,HUMAN_OBSERVATION
50.09617,4.78499,2021,9,France,HUMAN_OBSERVATION
50.09617,4.78499,2021,9,France,HUMAN_OBSERVATION
50.09617,4.78499,2021,9,France,HUMAN_OBSERVATION
50.09617,4.78499,2021,9,France,HUMAN_OBSERVATION
50.09617,4.78499,2021,9,France,HUMAN_OBSERVATION
50.09617,4.78499,2021,9,France,HUMAN_OBSERVATION
50.09617,4.78499,2021,9,France,HUMAN_OBSERVATION
50.09617,4.78499,2021,9,France,HUMAN_OBSERVATION
50.09617,4.78499,2021,9,France,HUMAN_OBSERVATION
50.09617,4.78499,2021,9,France,HUMAN_OBSERVATION
50.09617,4.78499,2021,9,France,HUMAN_OBSERVATION
50.09617,4.78499,2021,9,France,HUMAN_OBSERVATION
50.09617,4.78499,2021,9,France,HUMAN_OBSERVATION
50.09617,4.78499,2021,9,France,HUMAN_OBSERVATION
50.09617,4.78499,2021,9,France,HUMAN_OBSERVATION
50.09617,4.78499,2021,9,France,HUMAN_OBSERVATION
50.09617,4.78499,2021,9,France,HUMAN_OBSERVATION
50.09617,4.78499,2021,9,France,HUMAN_OBSERVATION
50.09617,4.78499,2021,9,France,HUMAN_OBSERVATION
50.09617,4.78499,2021,9,France,HUMAN_OBSERVATION
50.09617,4.78499,2021,9,France,HUMAN_OBSERVATION
50.09617,4.78499,2021,9,France,HUMAN_OBSERVATION
50.09617,4.78499,2021,9,France,HUMAN_OBSERVATION
50.09617,4.78499,2021,9,France,HUMAN_OBSERVATION
50.09617,4.78499,2021,9,France,HUMAN_OBSERVATION
50.118953,30.810101,2024,8,Ukraine,HUMAN_OBSERVATION
50.134461,4.825909,2024,9,France,HUMAN_OBSERVATION
50.14188,30.88056,2023,8,Ukraine,HUMAN_OBSERVATION
50.14947,30.73179,2021,8,Ukraine,HUMAN_OBSERVATION
50.14947,30.73179,2021,8,Ukraine,HUMAN_OBSERVATION
50.14947,30.73179,2021,9,Ukraine,HUMAN_OBSERVATION
50.150272,30.73233,2021,8,Ukraine,HUMAN_OBSERVATION
50.17107,4.82488,2022,4,Belgium,HUMAN_OBSERVATION
50.17542,4.82583,2025,4,Belgium,HUMAN_OBSERVATION
50.17804,4.82631,2022,8,Belgium,HUMAN_OBSERVATION
50.19579,4.822,2023,8,Belgium,HUMAN_OBSERVATION
50.19878,4.81649,2022,10,Belgium,HUMAN_OBSERVATION
50.19878,4.81649,2022,10,Belgium,HUMAN_OBSERVATION
50.19879,4.81652,2022,10,Belgium,HUMAN_OBSERVATION
50.20558,4.86874,2022,9,Belgium,HUMAN_OBSERVATION
50.20933,4.86956,2021,5,Belgium,HUMAN_OBSERVATION
50.21196,4.84562,2022,9,Belgium,HUMAN_OBSERVATION
50.21541,4.82729,2024,6,Belgium,HUMAN_OBSERVATION
50.21623,4.83317,2021,8,Belgium,HUMAN_OBSERVATION
50.21881,4.88914,2023,5,Belgium,HUMAN_OBSERVATION
50.224853,7.4071,2023,8,Germany,HUMAN_OBSERVATION
50.2256,4.90373,2022,7,Belgium,HUMAN_OBSERVATION
50.22839,4.88963,2022,9,Belgium,HUMAN_OBSERVATION
50.2425,4.91806,2023,6,Belgium,HUMAN_OBSERVATION
50.26836,5.44814,2024,11,Belgium,HUMAN_OBSERVATION
50.27715,4.89655,2021,8,Belgium,HUMAN_OBSERVATION
50.2773,46.1496,2017,8,Russian Federation,MATERIAL_SAMPLE
50.27992,4.89505,2022,5,Belgium,HUMAN_OBSERVATION
50.27995,4.89525,2024,9,Belgium,HUMAN_OBSERVATION
50.28007,4.89497,2024,5,Belgium,HUMAN_OBSERVATION
50.28007,4.89501,2023,8,Belgium,HUMAN_OBSERVATION
50.308738,7.506912,2024,5,Germany,HUMAN_OBSERVATION
50.32083,4.87705,2022,10,Belgium,HUMAN_OBSERVATION
50.32162,4.16547,2024,6,Belgium,HUMAN_OBSERVATION
50.32175,4.16505,2024,6,Belgium,HUMAN_OBSERVATION
50.32188,4.16478,2024,7,Belgium,HUMAN_OBSERVATION
50.32224,4.16405,2024,7,Belgium,HUMAN_OBSERVATION
50.33311,30.61262,2022,9,Ukraine,HUMAN_OBSERVATION
50.33311,30.61262,2022,9,Ukraine,HUMAN_OBSERVATION
50.33665,30.60701,2022,9,Ukraine,HUMAN_OBSERVATION
50.34134,4.28895,2024,8,Belgium,HUMAN_OBSERVATION
50.35056,4.86168,2023,5,Belgium,HUMAN_OBSERVATION
50.35215,5.49837,2023,7,Belgium,HUMAN_OBSERVATION
50.36508,4.87306,2023,8,Belgium,HUMAN_OBSERVATION
50.385388,14.457233,2024,3,Czechia,HUMAN_OBSERVATION
50.38957,3.54245,2021,10,France,HUMAN_OBSERVATION
50.38957,3.54245,2021,10,France,HUMAN_OBSERVATION
50.38957,3.54245,2021,10,France,HUMAN_OBSERVATION
50.38957,3.54245,2021,10,France,HUMAN_OBSERVATION
50.38957,3.54245,2021,10,France,HUMAN_OBSERVATION
50.38957,3.54245,2021,10,France,HUMAN_OBSERVATION
50.38957,3.54245,2021,10,France,HUMAN_OBSERVATION
50.38957,3.54245,2021,10,France,HUMAN_OBSERVATION
50.38957,3.54245,2021,10,France,HUMAN_OBSERVATION
50.38957,3.54245,2021,10,France,HUMAN_OBSERVATION
50.38957,3.54245,2021,10,France,HUMAN_OBSERVATION
50.38957,3.54245,2021,10,France,HUMAN_OBSERVATION
50.38957,3.54245,2021,10,France,HUMAN_OBSERVATION
50.38957,3.54245,2021,10,France,HUMAN_OBSERVATION
50.38957,3.54245,2021,10,France,HUMAN_OBSERVATION
50.38957,3.54245,2021,10,France,HUMAN_OBSERVATION
50.38957,3.54245,2021,10,France,HUMAN_OBSERVATION
50.38957,3.54245,2021,10,France,HUMAN_OBSERVATION
50.38957,3.54245,2021,10,France,HUMAN_OBSERVATION
50.38957,3.54245,2021,10,France,HUMAN_OBSERVATION
50.38957,3.54245,2021,10,France,HUMAN_OBSERVATION
50.38957,3.54245,2021,10,France,HUMAN_OBSERVATION
50.39021,4.88116,2023,8,Belgium,HUMAN_OBSERVATION
50.3903,4.88116,2023,9,Belgium,HUMAN_OBSERVATION
50.39031,4.8812,2023,9,Belgium,HUMAN_OBSERVATION
50.39047,4.88129,2025,4,Belgium,HUMAN_OBSERVATION
50.40733,4.39371,2021,7,Belgium,HUMAN_OBSERVATION
50.425148,4.740842,2021,8,Belgium,HUMAN_OBSERVATION
50.425174,14.400436,2022,5,Czechia,HUMAN_OBSERVATION
50.431095,8.25227,2023,10,Germany,HUMAN_OBSERVATION
50.43862,4.86154,2022,8,Belgium,HUMAN_OBSERVATION
50.44261,4.56935,2023,5,Belgium,HUMAN_OBSERVATION
50.44448,4.86218,2023,7,Belgium,HUMAN_OBSERVATION
50.457088,30.529853,2024,6,Ukraine,HUMAN_OBSERVATION
50.457272,30.529675,2024,6,Ukraine,HUMAN_OBSERVATION
50.46656,4.99214,2021,9,Belgium,HUMAN_OBSERVATION
50.470139,4.986034,2020,4,Belgium,HUMAN_OBSERVATION
50.472662,4.093689,2022,11,Belgium,HUMAN_OBSERVATION
50.47293,4.00607,2025,4,Belgium,HUMAN_OBSERVATION
50.4731,4.00609,2025,4,Belgium,HUMAN_OBSERVATION
50.47366,30.53324,2023,5,Ukraine,HUMAN_OBSERVATION
50.47763,4.93757,2024,6,Belgium,HUMAN_OBSERVATION
50.481914,3.878582,2024,5,Belgium,HUMAN_OBSERVATION
50.48197,3.878364,2022,8,Belgium,HUMAN_OBSERVATION
50.48496,5.25807,2020,6,Belgium,HUMAN_OBSERVATION
50.488696,3.673554,2022,6,Belgium,HUMAN_OBSERVATION
50.49116,5.58631,2023,8,Belgium,HUMAN_OBSERVATION
50.49139,5.58552,2023,8,Belgium,HUMAN_OBSERVATION
50.49891,3.66121,2024,6,Belgium,HUMAN_OBSERVATION
50.49984,4.39685,2022,5,Belgium,HUMAN_OBSERVATION
50.50007,3.66432,2024,8,Belgium,HUMAN_OBSERVATION
50.50022,3.66785,2024,7,Belgium,HUMAN_OBSERVATION
50.50022,3.66785,2024,7,Belgium,HUMAN_OBSERVATION
50.50022,3.66786,2024,7,Belgium,HUMAN_OBSERVATION
50.50022,3.66787,2024,7,Belgium,HUMAN_OBSERVATION
50.50023,3.66785,2024,7,Belgium,HUMAN_OBSERVATION
50.50023,3.66785,2024,7,Belgium,HUMAN_OBSERVATION
50.50023,3.66786,2024,7,Belgium,HUMAN_OBSERVATION
50.50024,3.66783,2024,7,Belgium,HUMAN_OBSERVATION
50.50024,3.66783,2024,8,Belgium,HUMAN_OBSERVATION
50.50024,3.66784,2024,7,Belgium,HUMAN_OBSERVATION
50.50024,3.66785,2024,7,Belgium,HUMAN_OBSERVATION
50.50024,3.66786,2024,7,Belgium,HUMAN_OBSERVATION
50.50024,3.66786,2024,7,Belgium,HUMAN_OBSERVATION
50.50024,3.66786,2024,7,Belgium,HUMAN_OBSERVATION
50.50024,3.66786,2024,7,Belgium,HUMAN_OBSERVATION
50.50025,3.66781,2024,8,Belgium,HUMAN_OBSERVATION
50.50025,3.66782,2024,8,Belgium,HUMAN_OBSERVATION
50.50025,3.66783,2024,7,Belgium,HUMAN_OBSERVATION
50.50025,3.66783,2024,8,Belgium,HUMAN_OBSERVATION
50.50025,3.66788,2024,7,Belgium,HUMAN_OBSERVATION
50.50026,3.66784,2024,8,Belgium,HUMAN_OBSERVATION
50.50027,3.66784,2024,7,Belgium,HUMAN_OBSERVATION
50.50027,3.66784,2024,7,Belgium,HUMAN_OBSERVATION
50.50029,3.66787,2024,7,Belgium,HUMAN_OBSERVATION
50.50033,3.66779,2024,7,Belgium,HUMAN_OBSERVATION
50.5004,3.66767,2024,8,Belgium,HUMAN_OBSERVATION
50.50255,3.69586,2024,8,Belgium,HUMAN_OBSERVATION
50.50602,4.3964,2023,10,Belgium,HUMAN_OBSERVATION
50.50677,5.14758,2024,5,Belgium,HUMAN_OBSERVATION
50.53769,5.5696,2023,7,Belgium,HUMAN_OBSERVATION
50.5463,5.58866,2024,6,Belgium,HUMAN_OBSERVATION
50.54863,30.52784,2021,8,Ukraine,HUMAN_OBSERVATION
50.551201,30.283733,2023,,Ukraine,HUMAN_OBSERVATION
50.57979,30.57215,2022,9,Ukraine,HUMAN_OBSERVATION
50.589504,8.667923,2023,4,Germany,HUMAN_OBSERVATION
50.60009,5.6003,2025,4,Belgium,HUMAN_OBSERVATION
50.61464,5.59679,2025,4,Belgium,HUMAN_OBSERVATION
50.61466,5.59684,2025,4,Belgium,HUMAN_OBSERVATION
50.61483,5.59214,2025,4,Belgium,HUMAN_OBSERVATION
50.61794,4.22821,2023,4,Belgium,HUMAN_OBSERVATION
50.636969,3.054494,2024,5,France,HUMAN_OBSERVATION
50.63792,4.23482,2024,8,Belgium,HUMAN_OBSERVATION
50.641187,7.218513,2023,2,Germany,HUMAN_OBSERVATION
50.64428,4.23168,2024,6,Belgium,HUMAN_OBSERVATION
50.651624,7.206804,2024,8,Germany,HUMAN_OBSERVATION
50.65163,7.206641,2024,8,Germany,HUMAN_OBSERVATION
50.65492,30.42039,2022,9,Ukraine,HUMAN_OBSERVATION
50.66836,4.22284,2024,8,Belgium,HUMAN_OBSERVATION
50.66839,4.2228,2024,8,Belgium,HUMAN_OBSERVATION
50.672474,4.379288,2023,11,Belgium,HUMAN_OBSERVATION
50.678728,30.302053,2024,,Ukraine,HUMAN_OBSERVATION
50.69168,3.34481,2023,7,Belgium,HUMAN_OBSERVATION
50.69177,3.34496,2023,7,Belgium,HUMAN_OBSERVATION
50.70281,5.6752,2023,5,Belgium,HUMAN_OBSERVATION
50.716144,30.338117,2024,,Ukraine,HUMAN_OBSERVATION
50.72205,5.66493,2024,6,Belgium,HUMAN_OBSERVATION
50.74551,3.40858,2024,8,Belgium,HUMAN_OBSERVATION
50.74906,3.22386,2021,6,Belgium,HUMAN_OBSERVATION
50.74983,3.4104,2020,5,Belgium,HUMAN_OBSERVATION
50.75,5.65,2025,5,Netherlands,HUMAN_OBSERVATION
50.75,5.65,2025,5,Netherlands,HUMAN_OBSERVATION
50.75,5.65,2025,5,Netherlands,HUMAN_OBSERVATION
50.75,5.65,2024,7,Netherlands,HUMAN_OBSERVATION
50.75,5.7,2021,7,Netherlands,HUMAN_OBSERVATION
50.75262,5.68763,2022,5,Belgium,HUMAN_OBSERVATION
50.75262,5.68763,2022,5,Belgium,HUMAN_OBSERVATION
50.75262,5.68763,2022,5,Belgium,HUMAN_OBSERVATION
50.75262,5.68763,2022,5,Belgium,HUMAN_OBSERVATION
50.75262,5.68763,2022,5,Belgium,HUMAN_OBSERVATION
50.75262,5.68763,2022,5,Belgium,HUMAN_OBSERVATION
50.75262,5.68763,2022,5,Belgium,HUMAN_OBSERVATION
50.75511,5.68438,2024,5,Belgium,HUMAN_OBSERVATION
50.75577,5.71971,2022,10,Belgium,HUMAN_OBSERVATION
50.75577,5.71971,2022,10,Belgium,HUMAN_OBSERVATION
50.75577,5.71971,2022,10,Belgium,HUMAN_OBSERVATION
50.75577,5.71971,2022,10,Belgium,HUMAN_OBSERVATION
50.75577,5.71971,2022,10,Belgium,HUMAN_OBSERVATION
50.75577,5.71971,2022,10,Belgium,HUMAN_OBSERVATION
50.76949,3.38893,2021,6,Belgium,HUMAN_OBSERVATION
50.77389,3.03812,2021,5,Belgium,HUMAN_OBSERVATION
50.77544,3.08933,2021,6,Belgium,HUMAN_OBSERVATION
50.77547,3.08929,2021,6,Belgium,HUMAN_OBSERVATION
50.77556,3.08912,2021,5,Belgium,HUMAN_OBSERVATION
50.77559,3.08916,2020,5,Belgium,HUMAN_OBSERVATION
50.77563,3.0893,2020,5,Belgium,HUMAN_OBSERVATION
50.7757,3.08927,2021,4,Belgium,HUMAN_OBSERVATION
50.77723,3.07114,2021,5,Belgium,HUMAN_OBSERVATION
50.77726,3.071,2021,5,Belgium,HUMAN_OBSERVATION
50.77918,3.06494,2023,6,Belgium,HUMAN_OBSERVATION
50.77918,3.06494,2023,6,Belgium,HUMAN_OBSERVATION
50.77918,3.06494,2023,6,Belgium,HUMAN_OBSERVATION
50.77918,3.06494,2023,6,Belgium,HUMAN_OBSERVATION
50.77918,3.06494,2023,6,Belgium,HUMAN_OBSERVATION
50.77918,3.06494,2023,6,Belgium,HUMAN_OBSERVATION
50.77918,3.06494,2023,6,Belgium,HUMAN_OBSERVATION
50.77918,3.06494,2023,6,Belgium,HUMAN_OBSERVATION
50.77918,3.06494,2023,6,Belgium,HUMAN_OBSERVATION
50.77918,3.06494,2023,6,Belgium,HUMAN_OBSERVATION
50.77918,3.06494,2023,6,Belgium,HUMAN_OBSERVATION
50.77918,3.06494,2023,6,Belgium,HUMAN_OBSERVATION
50.77918,3.06494,2023,6,Belgium,HUMAN_OBSERVATION
50.77918,3.06494,2023,6,Belgium,HUMAN_OBSERVATION
50.77918,3.06494,2023,6,Belgium,HUMAN_OBSERVATION
50.77918,3.06494,2023,6,Belgium,HUMAN_OBSERVATION
50.77918,3.06494,2023,6,Belgium,HUMAN_OBSERVATION
50.77918,3.06494,2023,6,Belgium,HUMAN_OBSERVATION
50.77918,3.06494,2023,6,Belgium,HUMAN_OBSERVATION
50.77918,3.06494,2023,6,Belgium,HUMAN_OBSERVATION
50.77918,3.06494,2023,6,Belgium,HUMAN_OBSERVATION
50.77918,3.06494,2023,6,Belgium,HUMAN_OBSERVATION
50.77918,3.06494,2023,6,Belgium,HUMAN_OBSERVATION
50.77918,3.06494,2023,6,Belgium,HUMAN_OBSERVATION
50.77918,3.06494,2023,6,Belgium,HUMAN_OBSERVATION
50.77918,3.06494,2023,6,Belgium,HUMAN_OBSERVATION
50.77918,3.06494,2023,6,Belgium,HUMAN_OBSERVATION
50.77918,3.06494,2023,6,Belgium,HUMAN_OBSERVATION
50.77918,3.06494,2023,6,Belgium,HUMAN_OBSERVATION
50.77918,3.06494,2023,6,Belgium,HUMAN_OBSERVATION
50.77918,3.06494,2023,6,Belgium,HUMAN_OBSERVATION
50.77918,3.06494,2023,6,Belgium,HUMAN_OBSERVATION
50.77918,3.06494,2023,6,Belgium,HUMAN_OBSERVATION
50.77918,3.06494,2023,6,Belgium,HUMAN_OBSERVATION
50.77918,3.06494,2023,6,Belgium,HUMAN_OBSERVATION
50.77918,3.06494,2023,6,Belgium,HUMAN_OBSERVATION
50.77918,3.06494,2023,6,Belgium,HUMAN_OBSERVATION
50.77918,3.06494,2023,6,Belgium,HUMAN_OBSERVATION
50.77918,3.06494,2023,6,Belgium,HUMAN_OBSERVATION
50.77918,3.06494,2023,6,Belgium,HUMAN_OBSERVATION
50.77918,3.06494,2023,6,Belgium,HUMAN_OBSERVATION
50.77918,3.06494,2023,6,Belgium,HUMAN_OBSERVATION
50.77918,3.06494,2023,6,Belgium,HUMAN_OBSERVATION
50.77918,3.06494,2023,6,Belgium,HUMAN_OBSERVATION
50.77918,3.06494,2023,6,Belgium,HUMAN_OBSERVATION
50.77918,3.06494,2023,6,Belgium,HUMAN_OBSERVATION
50.77918,3.06494,2023,6,Belgium,HUMAN_OBSERVATION
50.77918,3.06494,2023,6,Belgium,HUMAN_OBSERVATION
50.77918,3.06494,2023,6,Belgium,HUMAN_OBSERVATION
50.77918,3.06494,2023,6,Belgium,HUMAN_OBSERVATION
50.77918,3.06494,2023,6,Belgium,HUMAN_OBSERVATION
50.77918,3.06494,2023,6,Belgium,HUMAN_OBSERVATION
50.77918,3.06494,2023,6,Belgium,HUMAN_OBSERVATION
50.77918,3.06494,2023,6,Belgium,HUMAN_OBSERVATION
50.77918,3.06494,2023,6,Belgium,HUMAN_OBSERVATION
50.77918,3.06494,2023,6,Belgium,HUMAN_OBSERVATION
50.77918,3.06494,2023,6,Belgium,HUMAN_OBSERVATION
50.77918,3.06494,2023,6,Belgium,HUMAN_OBSERVATION
50.77918,3.06494,2023,6,Belgium,HUMAN_OBSERVATION
50.77918,3.06494,2023,6,Belgium,HUMAN_OBSERVATION
50.77918,3.06494,2023,6,Belgium,HUMAN_OBSERVATION
50.77918,3.06494,2023,6,Belgium,HUMAN_OBSERVATION
50.77918,3.06494,2023,6,Belgium,HUMAN_OBSERVATION
50.77918,3.06494,2023,6,Belgium,HUMAN_OBSERVATION
50.77918,3.06494,2023,6,Belgium,HUMAN_OBSERVATION
50.77918,3.06494,2023,6,Belgium,HUMAN_OBSERVATION
50.77918,3.06494,2023,6,Belgium,HUMAN_OBSERVATION
50.77918,3.06494,2023,6,Belgium,HUMAN_OBSERVATION
50.77918,3.06494,2023,6,Belgium,HUMAN_OBSERVATION
50.77918,3.06494,2023,6,Belgium,HUMAN_OBSERVATION
50.77918,3.06494,2023,6,Belgium,HUMAN_OBSERVATION
50.77918,3.06494,2023,6,Belgium,HUMAN_OBSERVATION
50.77918,3.06494,2023,6,Belgium,HUMAN_OBSERVATION
50.77918,3.06494,2023,6,Belgium,HUMAN_OBSERVATION
50.77918,3.06494,2023,6,Belgium,HUMAN_OBSERVATION
50.77918,3.06494,2023,6,Belgium,HUMAN_OBSERVATION
50.77918,3.06494,2023,6,Belgium,HUMAN_OBSERVATION
50.77918,3.06494,2023,6,Belgium,HUMAN_OBSERVATION
50.77918,3.06494,2023,6,Belgium,HUMAN_OBSERVATION
50.77918,3.06494,2023,6,Belgium,HUMAN_OBSERVATION
50.77918,3.06494,2023,6,Belgium,HUMAN_OBSERVATION
50.77918,3.06494,2023,6,Belgium,HUMAN_OBSERVATION
50.77918,3.06494,2023,6,Belgium,HUMAN_OBSERVATION
50.77918,3.06494,2023,6,Belgium,HUMAN_OBSERVATION
50.77918,3.06494,2023,6,Belgium,HUMAN_OBSERVATION
50.77918,3.06494,2023,6,Belgium,HUMAN_OBSERVATION
50.77918,3.06494,2023,6,Belgium,HUMAN_OBSERVATION
50.77918,3.06494,2023,6,Belgium,HUMAN_OBSERVATION
50.77918,3.06494,2023,6,Belgium,HUMAN_OBSERVATION
50.77918,3.06494,2023,6,Belgium,HUMAN_OBSERVATION
50.77918,3.06494,2023,6,Belgium,HUMAN_OBSERVATION
50.77918,3.06494,2023,6,Belgium,HUMAN_OBSERVATION
50.77918,3.06494,2023,6,Belgium,HUMAN_OBSERVATION
50.77918,3.06494,2023,6,Belgium,HUMAN_OBSERVATION
50.77918,3.06494,2023,6,Belgium,HUMAN_OBSERVATION
50.77918,3.06494,2023,6,Belgium,HUMAN_OBSERVATION
50.78804,5.69622,2023,9,Belgium,HUMAN_OBSERVATION
50.78811,3.49184,2022,7,Belgium,HUMAN_OBSERVATION
50.78811,3.49184,2022,7,Belgium,HUMAN_OBSERVATION
50.78811,3.49184,2022,7,Belgium,HUMAN_OBSERVATION
50.78813,5.69607,2022,9,Belgium,HUMAN_OBSERVATION
50.78833,3.4851,2024,3,Belgium,HUMAN_OBSERVATION
50.79093,3.49986,2024,3,Belgium,HUMAN_OBSERVATION
50.79093,3.49986,2024,3,Belgium,HUMAN_OBSERVATION
50.79093,3.49986,2024,3,Belgium,HUMAN_OBSERVATION
50.79093,3.49986,2024,3,Belgium,HUMAN_OBSERVATION
50.79093,3.49986,2024,3,Belgium,HUMAN_OBSERVATION
50.79093,3.49986,2024,3,Belgium,HUMAN_OBSERVATION
50.79122,3.49684,2024,5,Belgium,HUMAN_OBSERVATION
50.7915,3.49787,2024,3,Belgium,HUMAN_OBSERVATION
50.79324,3.50092,2022,7,Belgium,HUMAN_OBSERVATION
50.79324,3.50092,2022,7,Belgium,HUMAN_OBSERVATION
50.79324,3.50092,2022,7,Belgium,HUMAN_OBSERVATION
50.79324,3.50092,2022,7,Belgium,HUMAN_OBSERVATION
50.79324,3.50092,2022,7,Belgium,HUMAN_OBSERVATION
50.79324,3.50092,2022,7,Belgium,HUMAN_OBSERVATION
50.79324,3.50092,2022,7,Belgium,HUMAN_OBSERVATION
50.79324,3.50092,2022,7,Belgium,HUMAN_OBSERVATION
50.79324,3.50092,2022,7,Belgium,HUMAN_OBSERVATION
50.79324,3.50092,2022,7,Belgium,HUMAN_OBSERVATION
50.79324,3.50092,2022,7,Belgium,HUMAN_OBSERVATION
50.79324,3.50092,2022,7,Belgium,HUMAN_OBSERVATION
50.79324,3.50092,2022,7,Belgium,HUMAN_OBSERVATION
50.79324,3.50092,2022,7,Belgium,HUMAN_OBSERVATION
50.79324,3.50092,2022,7,Belgium,HUMAN_OBSERVATION
50.79324,3.50092,2022,7,Belgium,HUMAN_OBSERVATION
50.79324,3.50092,2022,7,Belgium,HUMAN_OBSERVATION
50.79324,3.50092,2022,7,Belgium,HUMAN_OBSERVATION
50.79324,3.50092,2022,7,Belgium,HUMAN_OBSERVATION
50.79324,3.50092,2022,7,Belgium,HUMAN_OBSERVATION
50.79324,3.50092,2022,7,Belgium,HUMAN_OBSERVATION
50.79324,3.50092,2022,7,Belgium,HUMAN_OBSERVATION
50.79324,3.50092,2022,7,Belgium,HUMAN_OBSERVATION
50.79324,3.50092,2022,7,Belgium,HUMAN_OBSERVATION
50.79324,3.50092,2022,7,Belgium,HUMAN_OBSERVATION
50.79324,3.50092,2022,7,Belgium,HUMAN_OBSERVATION
50.79324,3.50092,2022,7,Belgium,HUMAN_OBSERVATION
50.79324,3.50092,2022,7,Belgium,HUMAN_OBSERVATION
50.79324,3.50092,2022,7,Belgium,HUMAN_OBSERVATION
50.79324,3.50092,2022,7,Belgium,HUMAN_OBSERVATION
50.79324,3.50092,2022,7,Belgium,HUMAN_OBSERVATION
50.79324,3.50092,2022,7,Belgium,HUMAN_OBSERVATION
50.79324,3.50092,2022,7,Belgium,HUMAN_OBSERVATION
50.79324,3.50092,2022,7,Belgium,HUMAN_OBSERVATION
50.79324,3.50092,2022,7,Belgium,HUMAN_OBSERVATION
50.79324,3.50092,2022,7,Belgium,HUMAN_OBSERVATION
50.79324,3.50092,2022,7,Belgium,HUMAN_OBSERVATION
50.79324,3.50092,2022,7,Belgium,HUMAN_OBSERVATION
50.79324,3.50092,2022,7,Belgium,HUMAN_OBSERVATION
50.79324,3.50092,2022,7,Belgium,HUMAN_OBSERVATION
50.79324,3.50092,2022,7,Belgium,HUMAN_OBSERVATION
50.79324,3.50092,2022,7,Belgium,HUMAN_OBSERVATION
50.79324,3.50092,2022,7,Belgium,HUMAN_OBSERVATION
50.79324,3.50092,2022,7,Belgium,HUMAN_OBSERVATION
50.79324,3.50092,2022,7,Belgium,HUMAN_OBSERVATION
50.79324,3.50092,2022,7,Belgium,HUMAN_OBSERVATION
50.79324,3.50092,2022,7,Belgium,HUMAN_OBSERVATION
50.79324,3.50092,2022,7,Belgium,HUMAN_OBSERVATION
50.79324,3.50092,2022,7,Belgium,HUMAN_OBSERVATION
50.79324,3.50092,2022,7,Belgium,HUMAN_OBSERVATION
50.79324,3.50092,2022,7,Belgium,HUMAN_OBSERVATION
50.79324,3.50092,2022,7,Belgium,HUMAN_OBSERVATION
50.79324,3.50092,2022,7,Belgium,HUMAN_OBSERVATION
50.79324,3.50092,2022,7,Belgium,HUMAN_OBSERVATION
50.79324,3.50092,2022,7,Belgium,HUMAN_OBSERVATION
50.79324,3.50092,2022,7,Belgium,HUMAN_OBSERVATION
50.79324,3.50092,2022,7,Belgium,HUMAN_OBSERVATION
50.79324,3.50092,2022,7,Belgium,HUMAN_OBSERVATION
50.79324,3.50092,2022,7,Belgium,HUMAN_OBSERVATION
50.79324,3.50092,2022,7,Belgium,HUMAN_OBSERVATION
50.79324,3.50092,2022,7,Belgium,HUMAN_OBSERVATION
50.79324,3.50092,2022,7,Belgium,HUMAN_OBSERVATION
50.79324,3.50092,2022,7,Belgium,HUMAN_OBSERVATION
50.79324,3.50092,2022,7,Belgium,HUMAN_OBSERVATION
50.79324,3.50092,2022,7,Belgium,HUMAN_OBSERVATION
50.79324,3.50092,2022,7,Belgium,HUMAN_OBSERVATION
50.79329,3.49925,2022,5,Belgium,HUMAN_OBSERVATION
50.79332,3.49928,2022,5,Belgium,HUMAN_OBSERVATION
50.79372,3.50184,2022,8,Belgium,HUMAN_OBSERVATION
50.794484,3.498062,2025,5,Belgium,HUMAN_OBSERVATION
50.79543,3.51659,2023,9,Belgium,HUMAN_OBSERVATION
50.79545,3.51667,2024,7,Belgium,HUMAN_OBSERVATION
50.79671,3.16481,2024,10,Belgium,HUMAN_OBSERVATION
50.79727,3.51807,2024,7,Belgium,HUMAN_OBSERVATION
50.8,5.65,2025,6,Netherlands,HUMAN_OBSERVATION
50.8,5.65,2024,1,Netherlands,HUMAN_OBSERVATION
50.8,5.7,2024,8,Netherlands,HUMAN_OBSERVATION
50.8,5.7,2024,8,Netherlands,HUMAN_OBSERVATION
50.8,5.7,2023,6,Netherlands,HUMAN_OBSERVATION
50.8,5.7,2023,6,Netherlands,HUMAN_OBSERVATION
50.80122,3.1898,2022,3,Belgium,HUMAN_OBSERVATION
50.80122,3.1898,2022,3,Belgium,HUMAN_OBSERVATION
50.80124,3.18957,2022,3,Belgium,HUMAN_OBSERVATION
50.80465,3.18677,2022,5,Belgium,HUMAN_OBSERVATION
50.80621,3.36001,2020,5,Belgium,HUMAN_OBSERVATION
50.80726,3.21269,2020,5,Belgium,HUMAN_OBSERVATION
50.80856,3.52842,2022,8,Belgium,HUMAN_OBSERVATION
50.81217,3.54429,2020,5,Belgium,HUMAN_OBSERVATION
50.81449,3.35361,2021,8,Belgium,HUMAN_OBSERVATION
50.82819,3.31996,2023,9,Belgium,HUMAN_OBSERVATION
50.82833,3.30821,2023,8,Belgium,HUMAN_OBSERVATION
50.82841,3.30446,2024,9,Belgium,HUMAN_OBSERVATION
50.83385,3.27395,2024,8,Belgium,HUMAN_OBSERVATION
50.83392,3.27335,2023,8,Belgium,HUMAN_OBSERVATION
50.83435,3.27197,2023,8,Belgium,HUMAN_OBSERVATION
50.83438,3.27189,2024,4,Belgium,HUMAN_OBSERVATION
50.83441,3.27191,2025,5,Belgium,HUMAN_OBSERVATION
50.839055,45.914649,2021,8,Russian Federation,HUMAN_OBSERVATION
50.8415,3.58442,2024,11,Belgium,HUMAN_OBSERVATION
50.84506,3.76345,2022,10,Belgium,HUMAN_OBSERVATION
50.84514,3.76352,2022,10,Belgium,HUMAN_OBSERVATION
50.84542,3.26988,2025,6,Belgium,HUMAN_OBSERVATION
50.84543,3.26993,2024,7,Belgium,HUMAN_OBSERVATION
50.84738,4.22618,2024,9,Belgium,HUMAN_OBSERVATION
50.84925,3.61621,2023,9,Belgium,HUMAN_OBSERVATION
50.85,5.65,2024,6,Netherlands,HUMAN_OBSERVATION
50.85,5.65,2024,7,Netherlands,HUMAN_OBSERVATION
50.85,5.65,2024,8,Netherlands,HUMAN_OBSERVATION
50.85,5.65,2024,9,Netherlands,HUMAN_OBSERVATION
50.85,5.65,2024,10,Netherlands,HUMAN_OBSERVATION
50.85,5.65,2023,5,Netherlands,HUMAN_OBSERVATION
50.85,5.65,2023,5,Netherlands,HUMAN_OBSERVATION
50.85,5.65,2023,5,Netherlands,HUMAN_OBSERVATION
50.85,5.65,2023,5,Netherlands,HUMAN_OBSERVATION
50.85,5.65,2023,5,Netherlands,HUMAN_OBSERVATION
50.85,5.65,2023,5,Netherlands,HUMAN_OBSERVATION
50.85,5.65,2023,5,Netherlands,HUMAN_OBSERVATION
50.85,5.65,2023,5,Netherlands,HUMAN_OBSERVATION
50.85,5.65,2023,5,Netherlands,HUMAN_OBSERVATION
50.85,5.65,2023,5,Netherlands,HUMAN_OBSERVATION
50.85,5.65,2023,5,Netherlands,HUMAN_OBSERVATION
50.85,5.65,2023,5,Netherlands,HUMAN_OBSERVATION
50.85,5.65,2023,5,Netherlands,HUMAN_OBSERVATION
50.85,5.65,2023,5,Netherlands,HUMAN_OBSERVATION
50.85,5.65,2023,5,Netherlands,HUMAN_OBSERVATION
50.85,5.65,2023,5,Netherlands,HUMAN_OBSERVATION
50.85,5.65,2023,5,Netherlands,HUMAN_OBSERVATION
50.85,5.65,2023,5,Netherlands,HUMAN_OBSERVATION
50.85,5.65,2023,5,Netherlands,HUMAN_OBSERVATION
50.85,5.65,2023,5,Netherlands,HUMAN_OBSERVATION
50.85,5.65,2023,5,Netherlands,HUMAN_OBSERVATION
50.85,5.65,2023,5,Netherlands,HUMAN_OBSERVATION
50.85,5.65,2023,5,Netherlands,HUMAN_OBSERVATION
50.85,5.65,2023,5,Netherlands,HUMAN_OBSERVATION
50.85,5.65,2023,5,Netherlands,HUMAN_OBSERVATION
50.85,5.65,2023,5,Netherlands,HUMAN_OBSERVATION
50.85,5.65,2023,5,Netherlands,HUMAN_OBSERVATION
50.85,5.65,2023,5,Netherlands,HUMAN_OBSERVATION
50.85,5.65,2023,5,Netherlands,HUMAN_OBSERVATION
50.85,5.65,2023,6,Netherlands,HUMAN_OBSERVATION
50.85,5.65,2023,6,Netherlands,HUMAN_OBSERVATION
50.85,5.65,2023,8,Netherlands,HUMAN_OBSERVATION
50.85,5.65,2023,8,Netherlands,HUMAN_OBSERVATION
50.85,5.65,2023,8,Netherlands,HUMAN_OBSERVATION
50.85,5.65,2023,9,Netherlands,HUMAN_OBSERVATION
50.85,5.65,2023,10,Netherlands,HUMAN_OBSERVATION
50.85,5.65,2023,10,Netherlands,HUMAN_OBSERVATION
50.85,5.65,2023,10,Netherlands,HUMAN_OBSERVATION
50.85,5.65,2023,10,Netherlands,HUMAN_OBSERVATION
50.85,5.65,2023,10,Netherlands,HUMAN_OBSERVATION
50.85,5.65,2023,11,Netherlands,HUMAN_OBSERVATION
50.85,5.65,2022,3,Netherlands,HUMAN_OBSERVATION
50.85,5.65,2022,3,Netherlands,HUMAN_OBSERVATION
50.85,5.65,2022,4,Netherlands,HUMAN_OBSERVATION
50.85,5.65,2022,4,Netherlands,HUMAN_OBSERVATION
50.85,5.65,2022,5,Netherlands,HUMAN_OBSERVATION
50.85,5.65,2022,5,Netherlands,HUMAN_OBSERVATION
50.85,5.65,2022,5,Netherlands,HUMAN_OBSERVATION
50.85,5.65,2022,5,Netherlands,HUMAN_OBSERVATION
50.85,5.65,2022,6,Netherlands,HUMAN_OBSERVATION
50.85,5.65,2022,8,Netherlands,HUMAN_OBSERVATION
50.85,5.65,2022,8,Netherlands,HUMAN_OBSERVATION
50.85,5.65,2022,8,Netherlands,HUMAN_OBSERVATION
50.85,5.65,2022,12,Netherlands,HUMAN_OBSERVATION
50.85,5.65,2022,12,Netherlands,HUMAN_OBSERVATION
50.85,5.65,2021,4,Netherlands,HUMAN_OBSERVATION
50.85,5.65,2021,4,Netherlands,HUMAN_OBSERVATION
50.85,5.65,2021,8,Netherlands,HUMAN_OBSERVATION
50.85,5.65,2021,8,Netherlands,HUMAN_OBSERVATION
50.85,5.65,2021,8,Netherlands,HUMAN_OBSERVATION
50.85,5.65,2021,9,Netherlands,HUMAN_OBSERVATION
50.85,5.65,2021,9,Netherlands,HUMAN_OBSERVATION
50.85,5.65,2021,9,Netherlands,HUMAN_OBSERVATION
50.85,5.65,2021,9,Netherlands,HUMAN_OBSERVATION
50.85,5.65,2021,9,Netherlands,HUMAN_OBSERVATION
50.85,5.65,2021,10,Netherlands,HUMAN_OBSERVATION
50.85,5.65,2021,10,Netherlands,HUMAN_OBSERVATION
50.85,5.65,2021,10,Netherlands,HUMAN_OBSERVATION
50.85,5.65,2021,10,Netherlands,HUMAN_OBSERVATION
50.85,5.65,2021,10,Netherlands,HUMAN_OBSERVATION
50.85,5.65,2021,10,Netherlands,HUMAN_OBSERVATION
50.85,5.65,2021,10,Netherlands,HUMAN_OBSERVATION
50.85,5.65,2021,10,Netherlands,HUMAN_OBSERVATION
50.85,5.65,2021,10,Netherlands,HUMAN_OBSERVATION
50.85,5.65,2021,10,Netherlands,HUMAN_OBSERVATION
50.85,5.65,2021,10,Netherlands,HUMAN_OBSERVATION
50.85,5.65,2021,10,Netherlands,HUMAN_OBSERVATION
50.85,5.65,2021,10,Netherlands,HUMAN_OBSERVATION
50.85,5.65,2021,10,Netherlands,HUMAN_OBSERVATION
50.85,5.65,2020,5,Netherlands,HUMAN_OBSERVATION
50.85,5.7,2025,3,Netherlands,HUMAN_OBSERVATION
50.85,5.7,2025,5,Netherlands,HUMAN_OBSERVATION
50.85,5.7,2024,4,Netherlands,HUMAN_OBSERVATION
50.85,5.7,2024,4,Netherlands,HUMAN_OBSERVATION
50.85,5.7,2024,4,Netherlands,HUMAN_OBSERVATION
50.85,5.7,2024,5,Netherlands,HUMAN_OBSERVATION
50.85,5.7,2024,5,Netherlands,HUMAN_OBSERVATION
50.85,5.7,2023,8,Netherlands,HUMAN_OBSERVATION
50.85,5.7,2023,10,Netherlands,HUMAN_OBSERVATION
50.85,5.7,2023,10,Netherlands,HUMAN_OBSERVATION
50.85068,3.61889,2024,9,Belgium,HUMAN_OBSERVATION
50.85069,3.61889,2024,9,Belgium,HUMAN_OBSERVATION
50.856234,3.307234,2025,5,Belgium,HUMAN_OBSERVATION
50.86024,3.62616,2025,5,Belgium,HUMAN_OBSERVATION
50.86448,4.46878,2023,9,Belgium,HUMAN_OBSERVATION
50.86915,3.62835,2020,5,Belgium,HUMAN_OBSERVATION
50.86915,3.62835,2020,5,Belgium,HUMAN_OBSERVATION
50.86915,3.62835,2020,5,Belgium,HUMAN_OBSERVATION
50.86915,3.62835,2020,5,Belgium,HUMAN_OBSERVATION
50.86915,3.62835,2020,5,Belgium,HUMAN_OBSERVATION
50.86915,3.62835,2020,5,Belgium,HUMAN_OBSERVATION
50.86915,3.62835,2020,5,Belgium,HUMAN_OBSERVATION
50.86915,3.62835,2020,5,Belgium,HUMAN_OBSERVATION
50.86915,3.62835,2020,5,Belgium,HUMAN_OBSERVATION
50.86915,3.62835,2020,5,Belgium,HUMAN_OBSERVATION
50.86915,3.62835,2020,5,Belgium,HUMAN_OBSERVATION
50.86915,3.62835,2020,5,Belgium,HUMAN_OBSERVATION
50.86915,3.62835,2020,5,Belgium,HUMAN_OBSERVATION
50.86915,3.62835,2020,5,Belgium,HUMAN_OBSERVATION
50.86915,3.62835,2020,5,Belgium,HUMAN_OBSERVATION
50.86915,3.62835,2020,5,Belgium,HUMAN_OBSERVATION
50.86915,3.62835,2020,5,Belgium,HUMAN_OBSERVATION
50.86915,3.62835,2020,5,Belgium,HUMAN_OBSERVATION
50.86915,3.62835,2020,5,Belgium,HUMAN_OBSERVATION
50.86915,3.62835,2020,5,Belgium,HUMAN_OBSERVATION
50.86915,3.62835,2020,5,Belgium,HUMAN_OBSERVATION
50.86915,3.62835,2020,5,Belgium,HUMAN_OBSERVATION
50.86915,3.62835,2020,5,Belgium,HUMAN_OBSERVATION
50.86915,3.62835,2020,5,Belgium,HUMAN_OBSERVATION
50.86915,3.62835,2020,5,Belgium,HUMAN_OBSERVATION
50.86915,3.62835,2020,5,Belgium,HUMAN_OBSERVATION
50.86915,3.62835,2020,5,Belgium,HUMAN_OBSERVATION
50.86915,3.62835,2020,5,Belgium,HUMAN_OBSERVATION
50.86915,3.62835,2020,5,Belgium,HUMAN_OBSERVATION
50.86915,3.62835,2020,5,Belgium,HUMAN_OBSERVATION
50.86915,3.62835,2020,5,Belgium,HUMAN_OBSERVATION
50.86915,3.62835,2020,5,Belgium,HUMAN_OBSERVATION
50.86915,3.62835,2020,5,Belgium,HUMAN_OBSERVATION
50.86915,3.62835,2020,5,Belgium,HUMAN_OBSERVATION
50.86915,3.62835,2020,5,Belgium,HUMAN_OBSERVATION
50.86915,3.62835,2020,5,Belgium,HUMAN_OBSERVATION
50.86915,3.62835,2020,5,Belgium,HUMAN_OBSERVATION
50.86915,3.62835,2020,5,Belgium,HUMAN_OBSERVATION
50.86915,3.62835,2020,5,Belgium,HUMAN_OBSERVATION
50.86915,3.62835,2020,5,Belgium,HUMAN_OBSERVATION
50.86915,3.62835,2020,5,Belgium,HUMAN_OBSERVATION
50.86915,3.62835,2020,5,Belgium,HUMAN_OBSERVATION
50.86915,3.62835,2020,5,Belgium,HUMAN_OBSERVATION
50.86915,3.62835,2020,5,Belgium,HUMAN_OBSERVATION
50.86915,3.62835,2020,5,Belgium,HUMAN_OBSERVATION
50.86915,3.62835,2020,5,Belgium,HUMAN_OBSERVATION
50.86915,3.62835,2020,5,Belgium,HUMAN_OBSERVATION
50.86915,3.62835,2020,5,Belgium,HUMAN_OBSERVATION
50.86915,3.62835,2020,5,Belgium,HUMAN_OBSERVATION
50.86915,3.62835,2020,5,Belgium,HUMAN_OBSERVATION
50.86915,3.62835,2020,5,Belgium,HUMAN_OBSERVATION
50.86915,3.62835,2020,5,Belgium,HUMAN_OBSERVATION
50.86915,3.62835,2020,5,Belgium,HUMAN_OBSERVATION
50.86915,3.62835,2020,5,Belgium,HUMAN_OBSERVATION
50.86915,3.62835,2020,5,Belgium,HUMAN_OBSERVATION
50.86915,3.62835,2020,5,Belgium,HUMAN_OBSERVATION
50.86915,3.62835,2020,5,Belgium,HUMAN_OBSERVATION
50.86915,3.62835,2020,5,Belgium,HUMAN_OBSERVATION
50.86915,3.62835,2020,5,Belgium,HUMAN_OBSERVATION
50.86915,3.62835,2020,5,Belgium,HUMAN_OBSERVATION
50.86915,3.62835,2020,5,Belgium,HUMAN_OBSERVATION
50.86915,3.62835,2020,5,Belgium,HUMAN_OBSERVATION
50.86915,3.62835,2020,5,Belgium,HUMAN_OBSERVATION
50.86915,3.62835,2020,5,Belgium,HUMAN_OBSERVATION
50.86915,3.62835,2020,5,Belgium,HUMAN_OBSERVATION
50.86915,3.62835,2020,5,Belgium,HUMAN_OBSERVATION
50.86915,3.62835,2020,5,Belgium,HUMAN_OBSERVATION
50.86915,3.62835,2020,5,Belgium,HUMAN_OBSERVATION
50.86915,3.62835,2020,5,Belgium,HUMAN_OBSERVATION
50.86915,3.62835,2020,5,Belgium,HUMAN_OBSERVATION
50.86915,3.62835,2020,5,Belgium,HUMAN_OBSERVATION
50.86915,3.62835,2020,5,Belgium,HUMAN_OBSERVATION
50.86915,3.62835,2020,5,Belgium,HUMAN_OBSERVATION
50.87445,4.45844,2021,3,Belgium,HUMAN_OBSERVATION
50.87445,4.45844,2021,3,Belgium,HUMAN_OBSERVATION
50.87454,4.07703,2024,4,Belgium,HUMAN_OBSERVATION
50.87454,4.07703,2024,4,Belgium,HUMAN_OBSERVATION
50.87454,4.07703,2024,4,Belgium,HUMAN_OBSERVATION
50.87454,4.07703,2024,4,Belgium,HUMAN_OBSERVATION
50.87454,4.07703,2024,4,Belgium,HUMAN_OBSERVATION
50.88444,5.65323,2022,6,Belgium,HUMAN_OBSERVATION
50.88809,3.66804,2023,3,Belgium,HUMAN_OBSERVATION
50.88809,3.66804,2023,3,Belgium,HUMAN_OBSERVATION
50.88886,3.66787,2022,3,Belgium,HUMAN_OBSERVATION
50.88886,3.66787,2022,3,Belgium,HUMAN_OBSERVATION
50.88886,3.66787,2022,3,Belgium,HUMAN_OBSERVATION
50.88886,3.66787,2022,3,Belgium,HUMAN_OBSERVATION
50.88886,3.66787,2022,3,Belgium,HUMAN_OBSERVATION
50.88886,3.66787,2022,6,Belgium,HUMAN_OBSERVATION
50.88886,3.66787,2022,6,Belgium,HUMAN_OBSERVATION
50.88886,3.66787,2022,6,Belgium,HUMAN_OBSERVATION
50.88886,3.66787,2022,6,Belgium,HUMAN_OBSERVATION
50.88886,3.66787,2022,6,Belgium,HUMAN_OBSERVATION
50.88886,3.66787,2022,6,Belgium,HUMAN_OBSERVATION
50.88886,3.66787,2022,6,Belgium,HUMAN_OBSERVATION
50.88886,3.66787,2022,6,Belgium,HUMAN_OBSERVATION
50.88886,3.66787,2022,6,Belgium,HUMAN_OBSERVATION
50.88886,3.66787,2022,6,Belgium,HUMAN_OBSERVATION
50.88886,3.66787,2022,6,Belgium,HUMAN_OBSERVATION
50.88886,3.66787,2022,6,Belgium,HUMAN_OBSERVATION
50.88886,3.66787,2022,6,Belgium,HUMAN_OBSERVATION
50.88886,3.66787,2022,6,Belgium,HUMAN_OBSERVATION
50.88886,3.66787,2022,6,Belgium,HUMAN_OBSERVATION
50.88886,3.66787,2022,6,Belgium,HUMAN_OBSERVATION
50.88886,3.66787,2022,6,Belgium,HUMAN_OBSERVATION
50.88886,3.66787,2022,6,Belgium,HUMAN_OBSERVATION
50.88886,3.66787,2022,6,Belgium,HUMAN_OBSERVATION
50.88886,3.66787,2022,6,Belgium,HUMAN_OBSERVATION
50.88886,3.66787,2022,6,Belgium,HUMAN_OBSERVATION
50.88886,3.66787,2022,6,Belgium,HUMAN_OBSERVATION
50.88886,3.66787,2022,6,Belgium,HUMAN_OBSERVATION
50.88886,3.66787,2022,6,Belgium,HUMAN_OBSERVATION
50.88886,3.66787,2022,6,Belgium,HUMAN_OBSERVATION
50.88886,3.66787,2022,6,Belgium,HUMAN_OBSERVATION
50.88886,3.66787,2022,6,Belgium,HUMAN_OBSERVATION
50.88886,3.66787,2022,6,Belgium,HUMAN_OBSERVATION
50.88886,3.66787,2022,6,Belgium,HUMAN_OBSERVATION
50.88886,3.66787,2022,6,Belgium,HUMAN_OBSERVATION
50.88886,3.66787,2022,6,Belgium,HUMAN_OBSERVATION
50.88886,3.66787,2022,6,Belgium,HUMAN_OBSERVATION
50.88886,3.66787,2022,6,Belgium,HUMAN_OBSERVATION
50.88886,3.66787,2022,6,Belgium,HUMAN_OBSERVATION
50.88886,3.66787,2022,6,Belgium,HUMAN_OBSERVATION
50.88886,3.66787,2022,6,Belgium,HUMAN_OBSERVATION
50.88886,3.66787,2022,6,Belgium,HUMAN_OBSERVATION
50.88886,3.66787,2022,6,Belgium,HUMAN_OBSERVATION
50.88886,3.66787,2022,6,Belgium,HUMAN_OBSERVATION
50.88886,3.66787,2022,6,Belgium,HUMAN_OBSERVATION
50.88886,3.66787,2022,9,Belgium,HUMAN_OBSERVATION
50.88886,3.66787,2022,9,Belgium,HUMAN_OBSERVATION
50.88886,3.66787,2022,9,Belgium,HUMAN_OBSERVATION
50.88886,3.66787,2022,9,Belgium,HUMAN_OBSERVATION
50.88886,3.66787,2022,9,Belgium,HUMAN_OBSERVATION
50.88886,3.66787,2022,9,Belgium,HUMAN_OBSERVATION
50.88886,3.66787,2022,9,Belgium,HUMAN_OBSERVATION
50.88886,3.66787,2022,9,Belgium,HUMAN_OBSERVATION
50.88886,3.66787,2022,9,Belgium,HUMAN_OBSERVATION
50.88886,3.66787,2022,9,Belgium,HUMAN_OBSERVATION
50.88886,3.66787,2022,9,Belgium,HUMAN_OBSERVATION
50.88886,3.66787,2022,9,Belgium,HUMAN_OBSERVATION
50.88886,3.66787,2022,9,Belgium,HUMAN_OBSERVATION
50.88886,3.66787,2022,9,Belgium,HUMAN_OBSERVATION
50.88886,3.66787,2022,9,Belgium,HUMAN_OBSERVATION
50.88886,3.66787,2022,9,Belgium,HUMAN_OBSERVATION
50.88886,3.66787,2022,9,Belgium,HUMAN_OBSERVATION
50.88886,3.66787,2022,9,Belgium,HUMAN_OBSERVATION
50.88886,3.66787,2022,9,Belgium,HUMAN_OBSERVATION
50.88886,3.66787,2022,9,Belgium,HUMAN_OBSERVATION
50.88886,3.66787,2022,9,Belgium,HUMAN_OBSERVATION
50.88886,3.66787,2022,9,Belgium,HUMAN_OBSERVATION
50.88886,3.66787,2022,9,Belgium,HUMAN_OBSERVATION
50.88886,3.66787,2022,9,Belgium,HUMAN_OBSERVATION
50.88886,3.66787,2022,9,Belgium,HUMAN_OBSERVATION
50.89185,5.49824,2023,6,Belgium,HUMAN_OBSERVATION
50.89185,5.49824,2023,6,Belgium,HUMAN_OBSERVATION
50.89185,5.49824,2023,6,Belgium,HUMAN_OBSERVATION
50.89185,5.49824,2023,6,Belgium,HUMAN_OBSERVATION
50.89185,5.49824,2023,6,Belgium,HUMAN_OBSERVATION
50.89185,5.49824,2023,6,Belgium,HUMAN_OBSERVATION
50.89185,5.49824,2023,6,Belgium,HUMAN_OBSERVATION
50.89185,5.49824,2023,6,Belgium,HUMAN_OBSERVATION
50.89185,5.49824,2023,6,Belgium,HUMAN_OBSERVATION
50.89185,5.49824,2023,6,Belgium,HUMAN_OBSERVATION
50.89185,5.49824,2023,6,Belgium,HUMAN_OBSERVATION
50.89185,5.49824,2023,6,Belgium,HUMAN_OBSERVATION
50.89185,5.49824,2023,6,Belgium,HUMAN_OBSERVATION
50.89185,5.49824,2023,6,Belgium,HUMAN_OBSERVATION
50.89185,5.49824,2023,6,Belgium,HUMAN_OBSERVATION
50.89185,5.49824,2023,6,Belgium,HUMAN_OBSERVATION
50.89185,5.49824,2023,6,Belgium,HUMAN_OBSERVATION
50.89185,5.49824,2023,6,Belgium,HUMAN_OBSERVATION
50.89185,5.49824,2023,6,Belgium,HUMAN_OBSERVATION
50.89185,5.49824,2023,6,Belgium,HUMAN_OBSERVATION
50.89185,5.49824,2023,6,Belgium,HUMAN_OBSERVATION
50.89185,5.49824,2023,6,Belgium,HUMAN_OBSERVATION
50.89185,5.49824,2023,6,Belgium,HUMAN_OBSERVATION
50.89185,5.49824,2023,6,Belgium,HUMAN_OBSERVATION
50.89185,5.49824,2023,6,Belgium,HUMAN_OBSERVATION
50.89185,5.49824,2020,6,Belgium,HUMAN_OBSERVATION
50.89185,5.49824,2020,6,Belgium,HUMAN_OBSERVATION
50.89199,4.70634,2023,8,Belgium,HUMAN_OBSERVATION
50.89266,5.69028,2024,8,Belgium,HUMAN_OBSERVATION
50.89266,5.69028,2024,8,Belgium,HUMAN_OBSERVATION
50.89266,5.69028,2024,8,Belgium,HUMAN_OBSERVATION
50.89266,5.69028,2024,8,Belgium,HUMAN_OBSERVATION
50.89266,5.69028,2024,8,Belgium,HUMAN_OBSERVATION
50.89266,5.69028,2024,8,Belgium,HUMAN_OBSERVATION
50.89266,5.69028,2024,8,Belgium,HUMAN_OBSERVATION
50.89266,5.69028,2024,8,Belgium,HUMAN_OBSERVATION
50.89266,5.69028,2023,6,Belgium,HUMAN_OBSERVATION
50.89266,5.69028,2023,6,Belgium,HUMAN_OBSERVATION
50.89266,5.69028,2023,6,Belgium,HUMAN_OBSERVATION
50.89266,5.69028,2023,6,Belgium,HUMAN_OBSERVATION
50.89266,5.69028,2023,6,Belgium,HUMAN_OBSERVATION
50.89266,5.69028,2023,6,Belgium,HUMAN_OBSERVATION
50.89266,5.69028,2023,6,Belgium,HUMAN_OBSERVATION
50.89266,5.69028,2023,6,Belgium,HUMAN_OBSERVATION
50.89266,5.69028,2023,6,Belgium,HUMAN_OBSERVATION
50.89266,5.69028,2023,6,Belgium,HUMAN_OBSERVATION
50.89266,5.69028,2023,6,Belgium,HUMAN_OBSERVATION
50.89266,5.69028,2023,6,Belgium,HUMAN_OBSERVATION
50.89266,5.69028,2023,6,Belgium,HUMAN_OBSERVATION
50.89266,5.69028,2023,6,Belgium,HUMAN_OBSERVATION
50.89266,5.69028,2023,6,Belgium,HUMAN_OBSERVATION
50.89266,5.69028,2023,6,Belgium,HUMAN_OBSERVATION
50.89266,5.69028,2023,6,Belgium,HUMAN_OBSERVATION
50.89266,5.69028,2023,6,Belgium,HUMAN_OBSERVATION
50.89266,5.69028,2023,6,Belgium,HUMAN_OBSERVATION
50.89266,5.69028,2023,6,Belgium,HUMAN_OBSERVATION
50.89266,5.69028,2023,6,Belgium,HUMAN_OBSERVATION
50.89266,5.69028,2023,6,Belgium,HUMAN_OBSERVATION
50.89266,5.69028,2023,6,Belgium,HUMAN_OBSERVATION
50.89266,5.69028,2023,6,Belgium,HUMAN_OBSERVATION
50.89266,5.69028,2023,6,Belgium,HUMAN_OBSERVATION
50.89266,5.69028,2023,6,Belgium,HUMAN_OBSERVATION
50.89266,5.69028,2023,6,Belgium,HUMAN_OBSERVATION
50.89266,5.69028,2023,6,Belgium,HUMAN_OBSERVATION
50.89266,5.69028,2023,6,Belgium,HUMAN_OBSERVATION
50.89266,5.69028,2023,6,Belgium,HUMAN_OBSERVATION
50.89266,5.69028,2023,6,Belgium,HUMAN_OBSERVATION
50.89266,5.69028,2023,6,Belgium,HUMAN_OBSERVATION
50.89266,5.69028,2023,6,Belgium,HUMAN_OBSERVATION
50.89266,5.69028,2023,6,Belgium,HUMAN_OBSERVATION
50.89266,5.69028,2023,6,Belgium,HUMAN_OBSERVATION
50.89266,5.69028,2023,6,Belgium,HUMAN_OBSERVATION
50.89266,5.69028,2023,6,Belgium,HUMAN_OBSERVATION
50.89266,5.69028,2023,6,Belgium,HUMAN_OBSERVATION
50.89266,5.69028,2023,6,Belgium,HUMAN_OBSERVATION
50.89266,5.69028,2023,6,Belgium,HUMAN_OBSERVATION
50.89266,5.69028,2023,6,Belgium,HUMAN_OBSERVATION
50.89266,5.69028,2023,6,Belgium,HUMAN_OBSERVATION
50.89266,5.69028,2023,6,Belgium,HUMAN_OBSERVATION
50.89266,5.69028,2023,6,Belgium,HUMAN_OBSERVATION
50.89266,5.69028,2023,6,Belgium,HUMAN_OBSERVATION
50.89266,5.69028,2023,6,Belgium,HUMAN_OBSERVATION
50.89266,5.69028,2023,6,Belgium,HUMAN_OBSERVATION
50.89266,5.69028,2023,6,Belgium,HUMAN_OBSERVATION
50.89266,5.69028,2023,6,Belgium,HUMAN_OBSERVATION
50.89266,5.69028,2023,6,Belgium,HUMAN_OBSERVATION
50.89266,5.69028,2023,6,Belgium,HUMAN_OBSERVATION
50.89266,5.69028,2023,6,Belgium,HUMAN_OBSERVATION
50.89266,5.69028,2023,6,Belgium,HUMAN_OBSERVATION
50.89266,5.69028,2023,6,Belgium,HUMAN_OBSERVATION
50.89266,5.69028,2023,6,Belgium,HUMAN_OBSERVATION
50.89266,5.69028,2023,6,Belgium,HUMAN_OBSERVATION
50.89266,5.69028,2023,6,Belgium,HUMAN_OBSERVATION
50.89266,5.69028,2023,6,Belgium,HUMAN_OBSERVATION
50.89266,5.69028,2023,6,Belgium,HUMAN_OBSERVATION
50.89266,5.69028,2023,6,Belgium,HUMAN_OBSERVATION
50.89266,5.69028,2023,6,Belgium,HUMAN_OBSERVATION
50.89266,5.69028,2023,6,Belgium,HUMAN_OBSERVATION
50.89266,5.69028,2023,6,Belgium,HUMAN_OBSERVATION
50.89266,5.69028,2023,6,Belgium,HUMAN_OBSERVATION
50.89266,5.69028,2023,6,Belgium,HUMAN_OBSERVATION
50.89266,5.69028,2023,6,Belgium,HUMAN_OBSERVATION
50.89266,5.69028,2023,6,Belgium,HUMAN_OBSERVATION
50.89266,5.69028,2023,6,Belgium,HUMAN_OBSERVATION
50.89266,5.69028,2023,6,Belgium,HUMAN_OBSERVATION
50.89266,5.69028,2023,6,Belgium,HUMAN_OBSERVATION
50.89266,5.69028,2023,6,Belgium,HUMAN_OBSERVATION
50.89266,5.69028,2023,6,Belgium,HUMAN_OBSERVATION
50.89266,5.69028,2023,6,Belgium,HUMAN_OBSERVATION
50.89266,5.69028,2023,6,Belgium,HUMAN_OBSERVATION
50.89266,5.69028,2023,6,Belgium,HUMAN_OBSERVATION
50.89266,5.69028,2023,6,Belgium,HUMAN_OBSERVATION
50.89266,5.69028,2023,6,Belgium,HUMAN_OBSERVATION
50.89266,5.69028,2023,6,Belgium,HUMAN_OBSERVATION
50.89266,5.69028,2023,6,Belgium,HUMAN_OBSERVATION
50.89266,5.69028,2023,6,Belgium,HUMAN_OBSERVATION
50.89266,5.69028,2023,6,Belgium,HUMAN_OBSERVATION
50.89266,5.69028,2023,6,Belgium,HUMAN_OBSERVATION
50.89266,5.69028,2023,6,Belgium,HUMAN_OBSERVATION
50.89266,5.69028,2023,6,Belgium,HUMAN_OBSERVATION
50.89266,5.69028,2023,6,Belgium,HUMAN_OBSERVATION
50.89266,5.69028,2023,6,Belgium,HUMAN_OBSERVATION
50.89266,5.69028,2023,6,Belgium,HUMAN_OBSERVATION
50.89266,5.69028,2023,6,Belgium,HUMAN_OBSERVATION
50.89266,5.69028,2023,6,Belgium,HUMAN_OBSERVATION
50.89266,5.69028,2023,6,Belgium,HUMAN_OBSERVATION
50.89266,5.69028,2023,6,Belgium,HUMAN_OBSERVATION
50.89266,5.69028,2023,6,Belgium,HUMAN_OBSERVATION
50.89266,5.69028,2023,6,Belgium,HUMAN_OBSERVATION
50.89266,5.69028,2023,6,Belgium,HUMAN_OBSERVATION
50.89266,5.69028,2023,6,Belgium,HUMAN_OBSERVATION
50.89266,5.69028,2023,6,Belgium,HUMAN_OBSERVATION
50.89266,5.69028,2023,6,Belgium,HUMAN_OBSERVATION
50.89266,5.69028,2023,6,Belgium,HUMAN_OBSERVATION
50.89266,5.69028,2023,6,Belgium,HUMAN_OBSERVATION
50.89266,5.69028,2023,6,Belgium,HUMAN_OBSERVATION
50.89266,5.69028,2023,6,Belgium,HUMAN_OBSERVATION
50.89266,5.69028,2023,6,Belgium,HUMAN_OBSERVATION
50.89266,5.69028,2023,6,Belgium,HUMAN_OBSERVATION
50.89266,5.69028,2023,6,Belgium,HUMAN_OBSERVATION
50.89266,5.69028,2023,6,Belgium,HUMAN_OBSERVATION
50.89266,5.69028,2023,6,Belgium,HUMAN_OBSERVATION
50.89266,5.69028,2023,6,Belgium,HUMAN_OBSERVATION
50.89266,5.69028,2023,6,Belgium,HUMAN_OBSERVATION
50.89266,5.69028,2023,6,Belgium,HUMAN_OBSERVATION
50.89266,5.69028,2023,6,Belgium,HUMAN_OBSERVATION
50.89266,5.69028,2023,6,Belgium,HUMAN_OBSERVATION
50.89266,5.69028,2023,6,Belgium,HUMAN_OBSERVATION
50.89266,5.69028,2023,6,Belgium,HUMAN_OBSERVATION
50.89266,5.69028,2023,6,Belgium,HUMAN_OBSERVATION
50.89266,5.69028,2023,6,Belgium,HUMAN_OBSERVATION
50.89266,5.69028,2023,6,Belgium,HUMAN_OBSERVATION
50.89266,5.69028,2023,6,Belgium,HUMAN_OBSERVATION
50.89266,5.69028,2023,6,Belgium,HUMAN_OBSERVATION
50.89266,5.69028,2023,6,Belgium,HUMAN_OBSERVATION
50.89266,5.69028,2023,6,Belgium,HUMAN_OBSERVATION
50.89266,5.69028,2023,6,Belgium,HUMAN_OBSERVATION
50.89266,5.69028,2023,6,Belgium,HUMAN_OBSERVATION
50.89266,5.69028,2023,6,Belgium,HUMAN_OBSERVATION
50.89266,5.69028,2023,6,Belgium,HUMAN_OBSERVATION
50.89266,5.69028,2023,6,Belgium,HUMAN_OBSERVATION
50.89266,5.69028,2023,6,Belgium,HUMAN_OBSERVATION
50.89266,5.69028,2023,6,Belgium,HUMAN_OBSERVATION
50.89266,5.69028,2023,6,Belgium,HUMAN_OBSERVATION
50.89266,5.69028,2023,6,Belgium,HUMAN_OBSERVATION
50.89266,5.69028,2023,6,Belgium,HUMAN_OBSERVATION
50.89266,5.69028,2023,6,Belgium,HUMAN_OBSERVATION
50.89266,5.69028,2023,6,Belgium,HUMAN_OBSERVATION
50.89266,5.69028,2023,6,Belgium,HUMAN_OBSERVATION
50.89266,5.69028,2023,6,Belgium,HUMAN_OBSERVATION
50.89266,5.69028,2023,6,Belgium,HUMAN_OBSERVATION
50.89266,5.69028,2023,6,Belgium,HUMAN_OBSERVATION
50.89266,5.69028,2023,6,Belgium,HUMAN_OBSERVATION
50.89266,5.69028,2023,6,Belgium,HUMAN_OBSERVATION
50.89266,5.69028,2023,6,Belgium,HUMAN_OBSERVATION
50.89266,5.69028,2023,6,Belgium,HUMAN_OBSERVATION
50.89266,5.69028,2023,6,Belgium,HUMAN_OBSERVATION
50.89266,5.69028,2023,6,Belgium,HUMAN_OBSERVATION
50.89266,5.69028,2023,6,Belgium,HUMAN_OBSERVATION
50.89266,5.69028,2023,6,Belgium,HUMAN_OBSERVATION
50.89266,5.69028,2023,6,Belgium,HUMAN_OBSERVATION
50.89266,5.69028,2023,6,Belgium,HUMAN_OBSERVATION
50.89266,5.69028,2023,6,Belgium,HUMAN_OBSERVATION
50.89266,5.69028,2023,6,Belgium,HUMAN_OBSERVATION
50.89266,5.69028,2023,6,Belgium,HUMAN_OBSERVATION
50.89266,5.69028,2023,6,Belgium,HUMAN_OBSERVATION
50.89266,5.69028,2023,6,Belgium,HUMAN_OBSERVATION
50.89266,5.69028,2023,6,Belgium,HUMAN_OBSERVATION
50.89266,5.69028,2023,6,Belgium,HUMAN_OBSERVATION
50.89266,5.69028,2023,6,Belgium,HUMAN_OBSERVATION
50.89266,5.69028,2023,6,Belgium,HUMAN_OBSERVATION
50.89266,5.69028,2023,6,Belgium,HUMAN_OBSERVATION
50.89266,5.69028,2023,6,Belgium,HUMAN_OBSERVATION
50.89266,5.69028,2022,6,Belgium,HUMAN_OBSERVATION
50.89266,5.69028,2022,6,Belgium,HUMAN_OBSERVATION
50.89266,5.69028,2022,6,Belgium,HUMAN_OBSERVATION
50.89266,5.69028,2022,6,Belgium,HUMAN_OBSERVATION
50.89266,5.69028,2022,6,Belgium,HUMAN_OBSERVATION
50.89266,5.69028,2022,6,Belgium,HUMAN_OBSERVATION
50.89266,5.69028,2022,6,Belgium,HUMAN_OBSERVATION
50.89266,5.69028,2022,6,Belgium,HUMAN_OBSERVATION
50.89266,5.69028,2022,6,Belgium,HUMAN_OBSERVATION
50.89266,5.69028,2022,6,Belgium,HUMAN_OBSERVATION
50.89266,5.69028,2022,6,Belgium,HUMAN_OBSERVATION
50.89266,5.69028,2022,6,Belgium,HUMAN_OBSERVATION
50.89266,5.69028,2022,6,Belgium,HUMAN_OBSERVATION
50.89266,5.69028,2022,6,Belgium,HUMAN_OBSERVATION
50.89266,5.69028,2022,6,Belgium,HUMAN_OBSERVATION
50.89266,5.69028,2022,6,Belgium,HUMAN_OBSERVATION
50.89266,5.69028,2022,6,Belgium,HUMAN_OBSERVATION
50.89266,5.69028,2022,6,Belgium,HUMAN_OBSERVATION
50.89266,5.69028,2022,6,Belgium,HUMAN_OBSERVATION
50.89266,5.69028,2022,6,Belgium,HUMAN_OBSERVATION
50.89266,5.69028,2022,6,Belgium,HUMAN_OBSERVATION
50.89266,5.69028,2022,6,Belgium,HUMAN_OBSERVATION
50.89266,5.69028,2022,6,Belgium,HUMAN_OBSERVATION
50.89266,5.69028,2022,6,Belgium,HUMAN_OBSERVATION
50.89266,5.69028,2022,6,Belgium,HUMAN_OBSERVATION
50.89266,5.69028,2022,6,Belgium,HUMAN_OBSERVATION
50.89266,5.69028,2022,6,Belgium,HUMAN_OBSERVATION
50.89266,5.69028,2022,6,Belgium,HUMAN_OBSERVATION
50.89266,5.69028,2022,6,Belgium,HUMAN_OBSERVATION
50.89266,5.69028,2022,6,Belgium,HUMAN_OBSERVATION
50.89266,5.69028,2022,6,Belgium,HUMAN_OBSERVATION
50.89266,5.69028,2022,6,Belgium,HUMAN_OBSERVATION
50.89266,5.69028,2022,6,Belgium,HUMAN_OBSERVATION
50.89266,5.69028,2022,6,Belgium,HUMAN_OBSERVATION
50.89266,5.69028,2022,6,Belgium,HUMAN_OBSERVATION
50.89266,5.69028,2022,6,Belgium,HUMAN_OBSERVATION
50.89266,5.69028,2022,6,Belgium,HUMAN_OBSERVATION
50.89266,5.69028,2022,6,Belgium,HUMAN_OBSERVATION
50.89266,5.69028,2022,6,Belgium,HUMAN_OBSERVATION
50.89266,5.69028,2022,6,Belgium,HUMAN_OBSERVATION
50.89266,5.69028,2022,6,Belgium,HUMAN_OBSERVATION
50.89266,5.69028,2022,6,Belgium,HUMAN_OBSERVATION
50.89266,5.69028,2022,6,Belgium,HUMAN_OBSERVATION
50.89266,5.69028,2022,6,Belgium,HUMAN_OBSERVATION
50.89266,5.69028,2022,6,Belgium,HUMAN_OBSERVATION
50.89266,5.69028,2022,6,Belgium,HUMAN_OBSERVATION
50.89266,5.69028,2022,6,Belgium,HUMAN_OBSERVATION
50.89266,5.69028,2022,6,Belgium,HUMAN_OBSERVATION
50.89266,5.69028,2022,6,Belgium,HUMAN_OBSERVATION
50.89266,5.69028,2022,6,Belgium,HUMAN_OBSERVATION
50.89266,5.69028,2022,6,Belgium,HUMAN_OBSERVATION
50.89266,5.69028,2022,6,Belgium,HUMAN_OBSERVATION
50.89266,5.69028,2022,6,Belgium,HUMAN_OBSERVATION
50.89266,5.69028,2022,6,Belgium,HUMAN_OBSERVATION
50.89266,5.69028,2022,6,Belgium,HUMAN_OBSERVATION
50.89266,5.69028,2022,6,Belgium,HUMAN_OBSERVATION
50.89266,5.69028,2022,6,Belgium,HUMAN_OBSERVATION
50.89266,5.69028,2022,6,Belgium,HUMAN_OBSERVATION
50.89266,5.69028,2022,6,Belgium,HUMAN_OBSERVATION
50.89266,5.69028,2022,6,Belgium,HUMAN_OBSERVATION
50.89266,5.69028,2022,6,Belgium,HUMAN_OBSERVATION
50.89266,5.69028,2022,6,Belgium,HUMAN_OBSERVATION
50.89266,5.69028,2022,6,Belgium,HUMAN_OBSERVATION
50.89266,5.69028,2022,6,Belgium,HUMAN_OBSERVATION
50.89266,5.69028,2022,6,Belgium,HUMAN_OBSERVATION
50.89266,5.69028,2022,6,Belgium,HUMAN_OBSERVATION
50.89266,5.69028,2022,6,Belgium,HUMAN_OBSERVATION
50.89266,5.69028,2022,6,Belgium,HUMAN_OBSERVATION
50.89266,5.69028,2022,6,Belgium,HUMAN_OBSERVATION
50.89266,5.69028,2022,6,Belgium,HUMAN_OBSERVATION
50.89266,5.69028,2022,6,Belgium,HUMAN_OBSERVATION
50.89266,5.69028,2022,6,Belgium,HUMAN_OBSERVATION
50.89266,5.69028,2022,6,Belgium,HUMAN_OBSERVATION
50.89266,5.69028,2022,6,Belgium,HUMAN_OBSERVATION
50.89266,5.69028,2022,6,Belgium,HUMAN_OBSERVATION
50.89266,5.69028,2022,6,Belgium,HUMAN_OBSERVATION
50.89266,5.69028,2022,6,Belgium,HUMAN_OBSERVATION
50.89266,5.69028,2022,6,Belgium,HUMAN_OBSERVATION
50.89266,5.69028,2022,6,Belgium,HUMAN_OBSERVATION
50.89266,5.69028,2022,6,Belgium,HUMAN_OBSERVATION
50.89266,5.69028,2022,6,Belgium,HUMAN_OBSERVATION
50.89266,5.69028,2022,6,Belgium,HUMAN_OBSERVATION
50.89266,5.69028,2022,6,Belgium,HUMAN_OBSERVATION
50.89266,5.69028,2022,6,Belgium,HUMAN_OBSERVATION
50.89266,5.69028,2022,6,Belgium,HUMAN_OBSERVATION
50.89266,5.69028,2022,6,Belgium,HUMAN_OBSERVATION
50.89266,5.69028,2022,6,Belgium,HUMAN_OBSERVATION
50.89266,5.69028,2022,6,Belgium,HUMAN_OBSERVATION
50.89266,5.69028,2022,6,Belgium,HUMAN_OBSERVATION
50.89266,5.69028,2022,6,Belgium,HUMAN_OBSERVATION
50.89266,5.69028,2022,6,Belgium,HUMAN_OBSERVATION
50.89266,5.69028,2022,6,Belgium,HUMAN_OBSERVATION
50.89266,5.69028,2022,6,Belgium,HUMAN_OBSERVATION
50.89266,5.69028,2022,6,Belgium,HUMAN_OBSERVATION
50.89266,5.69028,2022,6,Belgium,HUMAN_OBSERVATION
50.89266,5.69028,2022,6,Belgium,HUMAN_OBSERVATION
50.89266,5.69028,2022,6,Belgium,HUMAN_OBSERVATION
50.89266,5.69028,2022,6,Belgium,HUMAN_OBSERVATION
50.89266,5.69028,2022,6,Belgium,HUMAN_OBSERVATION
50.89266,5.69028,2022,6,Belgium,HUMAN_OBSERVATION
50.89266,5.69028,2022,6,Belgium,HUMAN_OBSERVATION
50.89266,5.69028,2022,6,Belgium,HUMAN_OBSERVATION
50.89266,5.69028,2022,6,Belgium,HUMAN_OBSERVATION
50.89266,5.69028,2022,6,Belgium,HUMAN_OBSERVATION
50.89266,5.69028,2022,6,Belgium,HUMAN_OBSERVATION
50.89266,5.69028,2022,6,Belgium,HUMAN_OBSERVATION
50.89266,5.69028,2022,6,Belgium,HUMAN_OBSERVATION
50.89266,5.69028,2022,6,Belgium,HUMAN_OBSERVATION
50.89266,5.69028,2022,6,Belgium,HUMAN_OBSERVATION
50.89266,5.69028,2022,6,Belgium,HUMAN_OBSERVATION
50.89266,5.69028,2022,6,Belgium,HUMAN_OBSERVATION
50.89266,5.69028,2022,6,Belgium,HUMAN_OBSERVATION
50.89266,5.69028,2022,6,Belgium,HUMAN_OBSERVATION
50.89266,5.69028,2022,6,Belgium,HUMAN_OBSERVATION
50.89266,5.69028,2022,6,Belgium,HUMAN_OBSERVATION
50.89266,5.69028,2022,6,Belgium,HUMAN_OBSERVATION
50.89266,5.69028,2021,7,Belgium,HUMAN_OBSERVATION
50.89266,5.69028,2021,7,Belgium,HUMAN_OBSERVATION
50.89266,5.69028,2021,7,Belgium,HUMAN_OBSERVATION
50.89266,5.69028,2021,7,Belgium,HUMAN_OBSERVATION
50.89266,5.69028,2021,7,Belgium,HUMAN_OBSERVATION
50.89266,5.69028,2021,7,Belgium,HUMAN_OBSERVATION
50.89266,5.69028,2020,1,Belgium,HUMAN_OBSERVATION
50.89266,5.69028,2020,1,Belgium,HUMAN_OBSERVATION
50.89266,5.69028,2020,1,Belgium,HUMAN_OBSERVATION
50.89266,5.69028,2020,1,Belgium,HUMAN_OBSERVATION
50.89266,5.69028,2020,1,Belgium,HUMAN_OBSERVATION
50.89266,5.69028,2020,1,Belgium,HUMAN_OBSERVATION
50.89266,5.69028,2020,1,Belgium,HUMAN_OBSERVATION
50.89266,5.69028,2020,1,Belgium,HUMAN_OBSERVATION
50.89266,5.69028,2020,1,Belgium,HUMAN_OBSERVATION
50.89266,5.69028,2020,1,Belgium,HUMAN_OBSERVATION
50.89266,5.69028,2020,1,Belgium,HUMAN_OBSERVATION
50.89266,5.69028,2020,1,Belgium,HUMAN_OBSERVATION
50.89266,5.69028,2020,1,Belgium,HUMAN_OBSERVATION
50.89266,5.69028,2020,1,Belgium,HUMAN_OBSERVATION
50.89266,5.69028,2020,1,Belgium,HUMAN_OBSERVATION
50.89266,5.69028,2020,1,Belgium,HUMAN_OBSERVATION
50.89266,5.69028,2020,1,Belgium,HUMAN_OBSERVATION
50.89266,5.69028,2020,1,Belgium,HUMAN_OBSERVATION
50.89266,5.69028,2020,1,Belgium,HUMAN_OBSERVATION
50.89311,3.69815,2020,5,Belgium,HUMAN_OBSERVATION
50.89735,5.68598,2021,4,Belgium,HUMAN_OBSERVATION
50.89767,5.68868,2021,4,Belgium,HUMAN_OBSERVATION
50.9,5.7,2024,3,Netherlands,HUMAN_OBSERVATION
50.9,5.7,2024,3,Netherlands,HUMAN_OBSERVATION
50.9,5.7,2024,3,Netherlands,HUMAN_OBSERVATION
50.9,5.7,2024,3,Netherlands,HUMAN_OBSERVATION
50.9,5.7,2024,4,Netherlands,HUMAN_OBSERVATION
50.9,5.7,2024,4,Netherlands,HUMAN_OBSERVATION
50.9,5.7,2024,4,Netherlands,HUMAN_OBSERVATION
50.9,5.7,2024,4,Netherlands,HUMAN_OBSERVATION
50.9,5.7,2024,5,Netherlands,HUMAN_OBSERVATION
50.9,5.7,2024,8,Netherlands,HUMAN_OBSERVATION
50.9,5.7,2024,8,Netherlands,HUMAN_OBSERVATION
50.9,5.7,2024,11,Netherlands,HUMAN_OBSERVATION
50.9,5.7,2024,11,Netherlands,HUMAN_OBSERVATION
50.9,5.7,2022,5,Netherlands,HUMAN_OBSERVATION
50.9,5.7,2022,8,Netherlands,HUMAN_OBSERVATION
50.9,5.7,2021,11,Netherlands,HUMAN_OBSERVATION
50.9,5.75,2024,3,Netherlands,HUMAN_OBSERVATION
50.9,5.75,2024,3,Netherlands,HUMAN_OBSERVATION
50.9,5.75,2024,3,Netherlands,HUMAN_OBSERVATION
50.9,5.75,2024,3,Netherlands,HUMAN_OBSERVATION
50.9,5.95,2024,12,Netherlands,HUMAN_OBSERVATION
50.90151,4.70672,2024,4,Belgium,HUMAN_OBSERVATION
50.9031,5.69529,2022,7,Belgium,HUMAN_OBSERVATION
50.9031,5.69529,2022,7,Belgium,HUMAN_OBSERVATION
50.90509,4.70681,2023,5,Belgium,HUMAN_OBSERVATION
50.90514,4.70674,2022,7,Belgium,HUMAN_OBSERVATION
50.90515,5.69564,2022,7,Belgium,HUMAN_OBSERVATION
50.90671,3.39847,2023,6,Belgium,HUMAN_OBSERVATION
50.90671,3.39847,2023,6,Belgium,HUMAN_OBSERVATION
50.90671,3.39847,2023,6,Belgium,HUMAN_OBSERVATION
50.90671,3.39847,2023,6,Belgium,HUMAN_OBSERVATION
50.90671,3.39847,2023,6,Belgium,HUMAN_OBSERVATION
50.90671,3.39847,2023,6,Belgium,HUMAN_OBSERVATION
50.90671,3.39847,2023,6,Belgium,HUMAN_OBSERVATION
50.90671,3.39847,2023,6,Belgium,HUMAN_OBSERVATION
50.90671,3.39847,2023,6,Belgium,HUMAN_OBSERVATION
50.90671,3.39847,2023,6,Belgium,HUMAN_OBSERVATION
50.90671,3.39847,2023,6,Belgium,HUMAN_OBSERVATION
50.90671,3.39847,2023,6,Belgium,HUMAN_OBSERVATION
50.90671,3.39847,2023,6,Belgium,HUMAN_OBSERVATION
50.90671,3.39847,2023,6,Belgium,HUMAN_OBSERVATION
50.90671,3.39847,2023,6,Belgium,HUMAN_OBSERVATION
50.90671,3.39847,2023,6,Belgium,HUMAN_OBSERVATION
50.90671,3.39847,2023,6,Belgium,HUMAN_OBSERVATION
50.90671,3.39847,2023,6,Belgium,HUMAN_OBSERVATION
50.90671,3.39847,2023,6,Belgium,HUMAN_OBSERVATION
50.90671,3.39847,2023,6,Belgium,HUMAN_OBSERVATION
50.90671,3.39847,2023,6,Belgium,HUMAN_OBSERVATION
50.90671,3.39847,2023,6,Belgium,HUMAN_OBSERVATION
50.90671,3.39847,2023,6,Belgium,HUMAN_OBSERVATION
50.90671,3.39847,2023,6,Belgium,HUMAN_OBSERVATION
50.90671,3.39847,2023,6,Belgium,HUMAN_OBSERVATION
50.90671,3.39847,2023,6,Belgium,HUMAN_OBSERVATION
50.90671,3.39847,2023,6,Belgium,HUMAN_OBSERVATION
50.90671,3.39847,2023,6,Belgium,HUMAN_OBSERVATION
50.90671,3.39847,2023,6,Belgium,HUMAN_OBSERVATION
50.90671,3.39847,2023,6,Belgium,HUMAN_OBSERVATION
50.90671,3.39847,2023,6,Belgium,HUMAN_OBSERVATION
50.90671,3.39847,2023,6,Belgium,HUMAN_OBSERVATION
50.90671,3.39847,2023,6,Belgium,HUMAN_OBSERVATION
50.90671,3.39847,2023,6,Belgium,HUMAN_OBSERVATION
50.90882,5.7199,2023,6,Belgium,HUMAN_OBSERVATION
50.90919,5.72211,2024,8,Belgium,HUMAN_OBSERVATION
50.90919,5.72211,2024,8,Belgium,HUMAN_OBSERVATION
50.90919,5.72211,2024,8,Belgium,HUMAN_OBSERVATION
50.90919,5.72211,2024,8,Belgium,HUMAN_OBSERVATION
50.90919,5.72211,2024,8,Belgium,HUMAN_OBSERVATION
50.90919,5.72211,2024,8,Belgium,HUMAN_OBSERVATION
50.90919,5.72211,2024,8,Belgium,HUMAN_OBSERVATION
50.90919,5.72211,2024,8,Belgium,HUMAN_OBSERVATION
50.90919,5.72211,2024,8,Belgium,HUMAN_OBSERVATION
50.90919,5.72211,2024,8,Belgium,HUMAN_OBSERVATION
50.90919,5.72211,2024,8,Belgium,HUMAN_OBSERVATION
50.90919,5.72211,2024,8,Belgium,HUMAN_OBSERVATION
50.90919,5.72211,2024,8,Belgium,HUMAN_OBSERVATION
50.90919,5.72211,2024,8,Belgium,HUMAN_OBSERVATION
50.90919,5.72211,2024,8,Belgium,HUMAN_OBSERVATION
50.90919,5.72211,2024,8,Belgium,HUMAN_OBSERVATION
50.90919,5.72211,2024,8,Belgium,HUMAN_OBSERVATION
50.90919,5.72211,2024,8,Belgium,HUMAN_OBSERVATION
50.90919,5.72211,2024,8,Belgium,HUMAN_OBSERVATION
50.90919,5.72211,2024,8,Belgium,HUMAN_OBSERVATION
50.90919,5.72211,2024,8,Belgium,HUMAN_OBSERVATION
50.90919,5.72211,2024,8,Belgium,HUMAN_OBSERVATION
50.90919,5.72211,2024,8,Belgium,HUMAN_OBSERVATION
50.90919,5.72211,2024,8,Belgium,HUMAN_OBSERVATION
50.90919,5.72211,2024,8,Belgium,HUMAN_OBSERVATION
50.90919,5.72211,2024,8,Belgium,HUMAN_OBSERVATION
50.90919,5.72211,2024,8,Belgium,HUMAN_OBSERVATION
50.90919,5.72211,2024,8,Belgium,HUMAN_OBSERVATION
50.90919,5.72211,2024,8,Belgium,HUMAN_OBSERVATION
50.90919,5.72211,2024,8,Belgium,HUMAN_OBSERVATION
50.90919,5.72211,2024,8,Belgium,HUMAN_OBSERVATION
50.90919,5.72211,2024,8,Belgium,HUMAN_OBSERVATION
50.90919,5.72211,2024,8,Belgium,HUMAN_OBSERVATION
50.90919,5.72211,2024,8,Belgium,HUMAN_OBSERVATION
50.90919,5.72211,2024,8,Belgium,HUMAN_OBSERVATION
50.90919,5.72211,2024,8,Belgium,HUMAN_OBSERVATION
50.90919,5.72211,2024,8,Belgium,HUMAN_OBSERVATION
50.90919,5.72211,2024,8,Belgium,HUMAN_OBSERVATION
50.90919,5.72211,2024,8,Belgium,HUMAN_OBSERVATION
50.90919,5.72211,2024,8,Belgium,HUMAN_OBSERVATION
50.90919,5.72211,2024,8,Belgium,HUMAN_OBSERVATION
50.90919,5.72211,2024,8,Belgium,HUMAN_OBSERVATION
50.90919,5.72211,2024,8,Belgium,HUMAN_OBSERVATION
50.90919,5.72211,2024,8,Belgium,HUMAN_OBSERVATION
50.90919,5.72211,2024,8,Belgium,HUMAN_OBSERVATION
50.90919,5.72211,2024,8,Belgium,HUMAN_OBSERVATION
50.90919,5.72211,2024,8,Belgium,HUMAN_OBSERVATION
50.90919,5.72211,2024,8,Belgium,HUMAN_OBSERVATION
50.90919,5.72211,2024,8,Belgium,HUMAN_OBSERVATION
50.90919,5.72211,2024,8,Belgium,HUMAN_OBSERVATION
50.90919,5.72211,2024,8,Belgium,HUMAN_OBSERVATION
50.90919,5.72211,2024,8,Belgium,HUMAN_OBSERVATION
50.90919,5.72211,2024,8,Belgium,HUMAN_OBSERVATION
50.90919,5.72211,2024,8,Belgium,HUMAN_OBSERVATION
50.90919,5.72211,2024,8,Belgium,HUMAN_OBSERVATION
50.90919,5.72211,2024,8,Belgium,HUMAN_OBSERVATION
50.90919,5.72211,2024,8,Belgium,HUMAN_OBSERVATION
50.90919,5.72211,2024,8,Belgium,HUMAN_OBSERVATION
50.90919,5.72211,2024,8,Belgium,HUMAN_OBSERVATION
50.90919,5.72211,2024,8,Belgium,HUMAN_OBSERVATION
50.90919,5.72211,2024,8,Belgium,HUMAN_OBSERVATION
50.90919,5.72211,2024,8,Belgium,HUMAN_OBSERVATION
50.90919,5.72211,2024,8,Belgium,HUMAN_OBSERVATION
50.90919,5.72211,2024,8,Belgium,HUMAN_OBSERVATION
50.90919,5.72211,2024,8,Belgium,HUMAN_OBSERVATION
50.90919,5.72211,2024,8,Belgium,HUMAN_OBSERVATION
50.90919,5.72211,2024,8,Belgium,HUMAN_OBSERVATION
50.90919,5.72211,2024,8,Belgium,HUMAN_OBSERVATION
50.90919,5.72211,2024,8,Belgium,HUMAN_OBSERVATION
50.90919,5.72211,2024,8,Belgium,HUMAN_OBSERVATION
50.90919,5.72211,2024,8,Belgium,HUMAN_OBSERVATION
50.90919,5.72211,2024,8,Belgium,HUMAN_OBSERVATION
50.90919,5.72211,2024,8,Belgium,HUMAN_OBSERVATION
50.90919,5.72211,2024,8,Belgium,HUMAN_OBSERVATION
50.90919,5.72211,2024,8,Belgium,HUMAN_OBSERVATION
50.90919,5.72211,2024,8,Belgium,HUMAN_OBSERVATION
50.90919,5.72211,2024,8,Belgium,HUMAN_OBSERVATION
50.90919,5.72211,2024,8,Belgium,HUMAN_OBSERVATION
50.90919,5.72211,2024,8,Belgium,HUMAN_OBSERVATION
50.90919,5.72211,2024,8,Belgium,HUMAN_OBSERVATION
50.90919,5.72211,2024,8,Belgium,HUMAN_OBSERVATION
50.90919,5.72211,2024,8,Belgium,HUMAN_OBSERVATION
50.90919,5.72211,2024,8,Belgium,HUMAN_OBSERVATION
50.90919,5.72211,2024,8,Belgium,HUMAN_OBSERVATION
50.90919,5.72211,2024,8,Belgium,HUMAN_OBSERVATION
50.90919,5.72211,2024,8,Belgium,HUMAN_OBSERVATION
50.90919,5.72211,2024,8,Belgium,HUMAN_OBSERVATION
50.90919,5.72211,2024,8,Belgium,HUMAN_OBSERVATION
50.90919,5.72211,2024,8,Belgium,HUMAN_OBSERVATION
50.90919,5.72211,2024,8,Belgium,HUMAN_OBSERVATION
50.90919,5.72211,2024,8,Belgium,HUMAN_OBSERVATION
50.90919,5.72211,2024,8,Belgium,HUMAN_OBSERVATION
50.90919,5.72211,2024,8,Belgium,HUMAN_OBSERVATION
50.90919,5.72211,2024,8,Belgium,HUMAN_OBSERVATION
50.90919,5.72211,2024,8,Belgium,HUMAN_OBSERVATION
50.90919,5.72211,2024,8,Belgium,HUMAN_OBSERVATION
50.90919,5.72211,2024,8,Belgium,HUMAN_OBSERVATION
50.90919,5.72211,2024,8,Belgium,HUMAN_OBSERVATION
50.90919,5.72211,2024,8,Belgium,HUMAN_OBSERVATION
50.90919,5.72211,2024,8,Belgium,HUMAN_OBSERVATION
50.90919,5.72211,2024,8,Belgium,HUMAN_OBSERVATION
50.90919,5.72211,2024,8,Belgium,HUMAN_OBSERVATION
50.90919,5.72211,2024,8,Belgium,HUMAN_OBSERVATION
50.90919,5.72211,2024,8,Belgium,HUMAN_OBSERVATION
50.90919,5.72211,2024,8,Belgium,HUMAN_OBSERVATION
50.90919,5.72211,2024,8,Belgium,HUMAN_OBSERVATION
50.90919,5.72211,2024,8,Belgium,HUMAN_OBSERVATION
50.90919,5.72211,2024,8,Belgium,HUMAN_OBSERVATION
50.90919,5.72211,2023,6,Belgium,HUMAN_OBSERVATION
50.90919,5.72211,2023,6,Belgium,HUMAN_OBSERVATION
50.90919,5.72211,2023,6,Belgium,HUMAN_OBSERVATION
50.90919,5.72211,2023,6,Belgium,HUMAN_OBSERVATION
50.90919,5.72211,2023,6,Belgium,HUMAN_OBSERVATION
50.90919,5.72211,2023,6,Belgium,HUMAN_OBSERVATION
50.90919,5.72211,2023,6,Belgium,HUMAN_OBSERVATION
50.90919,5.72211,2023,6,Belgium,HUMAN_OBSERVATION
50.90919,5.72211,2023,6,Belgium,HUMAN_OBSERVATION
50.90919,5.72211,2023,6,Belgium,HUMAN_OBSERVATION
50.90919,5.72211,2023,6,Belgium,HUMAN_OBSERVATION
50.90919,5.72211,2023,6,Belgium,HUMAN_OBSERVATION
50.90919,5.72211,2023,6,Belgium,HUMAN_OBSERVATION
50.90919,5.72211,2023,6,Belgium,HUMAN_OBSERVATION
50.90919,5.72211,2023,6,Belgium,HUMAN_OBSERVATION
50.90919,5.72211,2023,6,Belgium,HUMAN_OBSERVATION
50.90919,5.72211,2023,6,Belgium,HUMAN_OBSERVATION
50.90919,5.72211,2023,6,Belgium,HUMAN_OBSERVATION
50.90919,5.72211,2023,6,Belgium,HUMAN_OBSERVATION
50.90919,5.72211,2023,6,Belgium,HUMAN_OBSERVATION
50.90919,5.72211,2023,6,Belgium,HUMAN_OBSERVATION
50.90919,5.72211,2023,6,Belgium,HUMAN_OBSERVATION
50.90919,5.72211,2023,6,Belgium,HUMAN_OBSERVATION
50.90919,5.72211,2023,6,Belgium,HUMAN_OBSERVATION
50.90919,5.72211,2023,6,Belgium,HUMAN_OBSERVATION
50.90919,5.72211,2023,6,Belgium,HUMAN_OBSERVATION
50.90919,5.72211,2023,6,Belgium,HUMAN_OBSERVATION
50.90919,5.72211,2023,6,Belgium,HUMAN_OBSERVATION
50.90919,5.72211,2023,6,Belgium,HUMAN_OBSERVATION
50.90919,5.72211,2023,6,Belgium,HUMAN_OBSERVATION
50.90919,5.72211,2023,6,Belgium,HUMAN_OBSERVATION
50.90919,5.72211,2023,6,Belgium,HUMAN_OBSERVATION
50.90919,5.72211,2023,6,Belgium,HUMAN_OBSERVATION
50.90919,5.72211,2022,6,Belgium,HUMAN_OBSERVATION
50.90919,5.72211,2022,6,Belgium,HUMAN_OBSERVATION
50.90919,5.72211,2022,6,Belgium,HUMAN_OBSERVATION
50.90919,5.72211,2022,6,Belgium,HUMAN_OBSERVATION
50.90919,5.72211,2022,6,Belgium,HUMAN_OBSERVATION
50.90919,5.72211,2022,6,Belgium,HUMAN_OBSERVATION
50.90919,5.72211,2022,6,Belgium,HUMAN_OBSERVATION
50.90919,5.72211,2022,6,Belgium,HUMAN_OBSERVATION
50.90919,5.72211,2022,6,Belgium,HUMAN_OBSERVATION
50.90919,5.72211,2022,6,Belgium,HUMAN_OBSERVATION
50.90919,5.72211,2022,6,Belgium,HUMAN_OBSERVATION
50.90919,5.72211,2022,6,Belgium,HUMAN_OBSERVATION
50.90919,5.72211,2022,6,Belgium,HUMAN_OBSERVATION
50.90919,5.72211,2022,6,Belgium,HUMAN_OBSERVATION
50.90919,5.72211,2022,6,Belgium,HUMAN_OBSERVATION
50.90919,5.72211,2022,6,Belgium,HUMAN_OBSERVATION
50.90919,5.72211,2022,6,Belgium,HUMAN_OBSERVATION
50.90919,5.72211,2022,6,Belgium,HUMAN_OBSERVATION
50.90919,5.72211,2022,6,Belgium,HUMAN_OBSERVATION
50.90919,5.72211,2022,6,Belgium,HUMAN_OBSERVATION
50.90919,5.72211,2022,6,Belgium,HUMAN_OBSERVATION
50.90919,5.72211,2022,6,Belgium,HUMAN_OBSERVATION
50.90919,5.72211,2022,6,Belgium,HUMAN_OBSERVATION
50.90919,5.72211,2022,6,Belgium,HUMAN_OBSERVATION
50.90919,5.72211,2022,6,Belgium,HUMAN_OBSERVATION
50.90919,5.72211,2022,6,Belgium,HUMAN_OBSERVATION
50.90919,5.72211,2022,6,Belgium,HUMAN_OBSERVATION
50.90919,5.72211,2022,6,Belgium,HUMAN_OBSERVATION
50.90919,5.72211,2022,6,Belgium,HUMAN_OBSERVATION
50.90919,5.72211,2022,6,Belgium,HUMAN_OBSERVATION
50.90919,5.72211,2022,6,Belgium,HUMAN_OBSERVATION
50.90919,5.72211,2022,6,Belgium,HUMAN_OBSERVATION
50.90919,5.72211,2022,6,Belgium,HUMAN_OBSERVATION
50.90919,5.72211,2022,6,Belgium,HUMAN_OBSERVATION
50.90919,5.72211,2022,6,Belgium,HUMAN_OBSERVATION
50.90919,5.72211,2022,6,Belgium,HUMAN_OBSERVATION
50.90919,5.72211,2022,6,Belgium,HUMAN_OBSERVATION
50.90919,5.72211,2022,6,Belgium,HUMAN_OBSERVATION
50.90919,5.72211,2022,6,Belgium,HUMAN_OBSERVATION
50.90919,5.72211,2022,6,Belgium,HUMAN_OBSERVATION
50.90919,5.72211,2022,6,Belgium,HUMAN_OBSERVATION
50.90919,5.72211,2022,6,Belgium,HUMAN_OBSERVATION
50.90919,5.72211,2022,6,Belgium,HUMAN_OBSERVATION
50.90919,5.72211,2022,6,Belgium,HUMAN_OBSERVATION
50.90919,5.72211,2022,6,Belgium,HUMAN_OBSERVATION
50.90919,5.72211,2022,6,Belgium,HUMAN_OBSERVATION
50.90919,5.72211,2022,6,Belgium,HUMAN_OBSERVATION
50.90919,5.72211,2022,6,Belgium,HUMAN_OBSERVATION
50.90919,5.72211,2022,6,Belgium,HUMAN_OBSERVATION
50.90919,5.72211,2022,6,Belgium,HUMAN_OBSERVATION
50.90919,5.72211,2022,6,Belgium,HUMAN_OBSERVATION
50.90919,5.72211,2022,6,Belgium,HUMAN_OBSERVATION
50.90919,5.72211,2022,6,Belgium,HUMAN_OBSERVATION
50.90919,5.72211,2022,6,Belgium,HUMAN_OBSERVATION
50.90919,5.72211,2022,6,Belgium,HUMAN_OBSERVATION
50.90919,5.72211,2022,6,Belgium,HUMAN_OBSERVATION
50.90919,5.72211,2022,6,Belgium,HUMAN_OBSERVATION
50.90919,5.72211,2022,6,Belgium,HUMAN_OBSERVATION
50.90919,5.72211,2022,6,Belgium,HUMAN_OBSERVATION
50.90919,5.72211,2022,6,Belgium,HUMAN_OBSERVATION
50.90919,5.72211,2022,6,Belgium,HUMAN_OBSERVATION
50.90919,5.72211,2022,6,Belgium,HUMAN_OBSERVATION
50.90919,5.72211,2022,6,Belgium,HUMAN_OBSERVATION
50.90919,5.72211,2022,6,Belgium,HUMAN_OBSERVATION
50.90919,5.72211,2022,6,Belgium,HUMAN_OBSERVATION
50.90919,5.72211,2022,6,Belgium,HUMAN_OBSERVATION
50.90919,5.72211,2022,6,Belgium,HUMAN_OBSERVATION
50.90919,5.72211,2022,6,Belgium,HUMAN_OBSERVATION
50.90919,5.72211,2022,6,Belgium,HUMAN_OBSERVATION
50.90919,5.72211,2022,6,Belgium,HUMAN_OBSERVATION
50.90919,5.72211,2022,6,Belgium,HUMAN_OBSERVATION
50.90919,5.72211,2022,6,Belgium,HUMAN_OBSERVATION
50.90919,5.72211,2022,6,Belgium,HUMAN_OBSERVATION
50.90919,5.72211,2022,6,Belgium,HUMAN_OBSERVATION
50.90919,5.72211,2022,6,Belgium,HUMAN_OBSERVATION
50.90919,5.72211,2022,6,Belgium,HUMAN_OBSERVATION
50.90919,5.72211,2022,6,Belgium,HUMAN_OBSERVATION
50.90919,5.72211,2022,6,Belgium,HUMAN_OBSERVATION
50.90919,5.72211,2022,6,Belgium,HUMAN_OBSERVATION
50.90919,5.72211,2022,6,Belgium,HUMAN_OBSERVATION
50.90919,5.72211,2022,6,Belgium,HUMAN_OBSERVATION
50.90919,5.72211,2022,6,Belgium,HUMAN_OBSERVATION
50.90919,5.72211,2022,6,Belgium,HUMAN_OBSERVATION
50.90919,5.72211,2022,6,Belgium,HUMAN_OBSERVATION
50.90919,5.72211,2022,6,Belgium,HUMAN_OBSERVATION
50.90919,5.72211,2022,6,Belgium,HUMAN_OBSERVATION
50.90919,5.72211,2022,6,Belgium,HUMAN_OBSERVATION
50.90919,5.72211,2022,6,Belgium,HUMAN_OBSERVATION
50.90919,5.72211,2022,6,Belgium,HUMAN_OBSERVATION
50.90919,5.72211,2022,6,Belgium,HUMAN_OBSERVATION
50.90919,5.72211,2022,6,Belgium,HUMAN_OBSERVATION
50.90919,5.72211,2022,6,Belgium,HUMAN_OBSERVATION
50.90919,5.72211,2022,6,Belgium,HUMAN_OBSERVATION
50.90919,5.72211,2022,6,Belgium,HUMAN_OBSERVATION
50.90919,5.72211,2022,6,Belgium,HUMAN_OBSERVATION
50.90919,5.72211,2022,6,Belgium,HUMAN_OBSERVATION
50.90919,5.72211,2022,6,Belgium,HUMAN_OBSERVATION
50.90919,5.72211,2022,6,Belgium,HUMAN_OBSERVATION
50.90919,5.72211,2022,6,Belgium,HUMAN_OBSERVATION
50.90919,5.72211,2022,6,Belgium,HUMAN_OBSERVATION
50.90919,5.72211,2022,6,Belgium,HUMAN_OBSERVATION
50.90919,5.72211,2022,6,Belgium,HUMAN_OBSERVATION
50.90919,5.72211,2022,6,Belgium,HUMAN_OBSERVATION
50.90919,5.72211,2022,6,Belgium,HUMAN_OBSERVATION
50.90919,5.72211,2022,6,Belgium,HUMAN_OBSERVATION
50.90919,5.72211,2022,6,Belgium,HUMAN_OBSERVATION
50.90919,5.72211,2021,7,Belgium,HUMAN_OBSERVATION
50.90947,5.69722,2022,10,Belgium,HUMAN_OBSERVATION
50.91141,4.7062,2024,6,Belgium,HUMAN_OBSERVATION
50.91147,4.70627,2023,7,Belgium,HUMAN_OBSERVATION
50.9131,5.36082,2021,9,Belgium,HUMAN_OBSERVATION
50.91318,3.42623,2023,6,Belgium,HUMAN_OBSERVATION
50.91318,3.42623,2023,6,Belgium,HUMAN_OBSERVATION
50.91318,3.42623,2023,6,Belgium,HUMAN_OBSERVATION
50.91318,3.42623,2023,6,Belgium,HUMAN_OBSERVATION
50.91318,3.42623,2023,6,Belgium,HUMAN_OBSERVATION
50.91318,3.42623,2023,6,Belgium,HUMAN_OBSERVATION
50.91318,3.42623,2023,6,Belgium,HUMAN_OBSERVATION
50.91318,3.42623,2023,6,Belgium,HUMAN_OBSERVATION
50.91318,3.42623,2023,6,Belgium,HUMAN_OBSERVATION
50.91318,3.42623,2023,6,Belgium,HUMAN_OBSERVATION
50.91318,3.42623,2023,6,Belgium,HUMAN_OBSERVATION
50.91318,3.42623,2023,6,Belgium,HUMAN_OBSERVATION
50.91318,3.42623,2023,6,Belgium,HUMAN_OBSERVATION
50.91318,3.42623,2023,6,Belgium,HUMAN_OBSERVATION
50.91318,3.42623,2023,6,Belgium,HUMAN_OBSERVATION
50.91318,3.42623,2023,6,Belgium,HUMAN_OBSERVATION
50.91318,3.42623,2023,6,Belgium,HUMAN_OBSERVATION
50.91318,3.42623,2023,6,Belgium,HUMAN_OBSERVATION
50.91318,3.42623,2023,6,Belgium,HUMAN_OBSERVATION
50.91318,3.42623,2023,6,Belgium,HUMAN_OBSERVATION
50.91318,3.42623,2023,6,Belgium,HUMAN_OBSERVATION
50.91318,3.42623,2023,6,Belgium,HUMAN_OBSERVATION
50.91318,3.42623,2023,6,Belgium,HUMAN_OBSERVATION
50.91318,3.42623,2023,6,Belgium,HUMAN_OBSERVATION
50.91318,3.42623,2023,6,Belgium,HUMAN_OBSERVATION
50.91318,3.42623,2023,6,Belgium,HUMAN_OBSERVATION
50.91318,3.42623,2023,6,Belgium,HUMAN_OBSERVATION
50.91318,3.42623,2023,6,Belgium,HUMAN_OBSERVATION
50.91318,3.42623,2023,6,Belgium,HUMAN_OBSERVATION
50.91318,3.42623,2023,6,Belgium,HUMAN_OBSERVATION
50.91318,3.42623,2023,6,Belgium,HUMAN_OBSERVATION
50.91318,3.42623,2023,6,Belgium,HUMAN_OBSERVATION
50.91318,3.42623,2023,6,Belgium,HUMAN_OBSERVATION
50.91318,3.42623,2023,6,Belgium,HUMAN_OBSERVATION
50.91318,3.42623,2023,6,Belgium,HUMAN_OBSERVATION
50.91318,3.42623,2023,6,Belgium,HUMAN_OBSERVATION
50.91318,3.42623,2023,6,Belgium,HUMAN_OBSERVATION
50.91318,3.42623,2023,6,Belgium,HUMAN_OBSERVATION
50.91318,3.42623,2023,6,Belgium,HUMAN_OBSERVATION
50.91318,3.42623,2023,6,Belgium,HUMAN_OBSERVATION
50.91318,3.42623,2023,6,Belgium,HUMAN_OBSERVATION
50.91318,3.42623,2023,6,Belgium,HUMAN_OBSERVATION
50.91318,3.42623,2023,6,Belgium,HUMAN_OBSERVATION
50.91318,3.42623,2023,6,Belgium,HUMAN_OBSERVATION
50.91318,3.42623,2023,6,Belgium,HUMAN_OBSERVATION
50.91318,3.42623,2023,6,Belgium,HUMAN_OBSERVATION
50.91318,3.42623,2023,6,Belgium,HUMAN_OBSERVATION
50.91318,3.42623,2023,6,Belgium,HUMAN_OBSERVATION
50.91318,3.42623,2023,6,Belgium,HUMAN_OBSERVATION
50.91318,3.42623,2023,6,Belgium,HUMAN_OBSERVATION
50.91318,3.42623,2023,6,Belgium,HUMAN_OBSERVATION
50.91318,3.42623,2023,6,Belgium,HUMAN_OBSERVATION
50.91318,3.42623,2023,6,Belgium,HUMAN_OBSERVATION
50.91318,3.42623,2023,6,Belgium,HUMAN_OBSERVATION
50.91318,3.42623,2023,6,Belgium,HUMAN_OBSERVATION
50.91318,3.42623,2023,6,Belgium,HUMAN_OBSERVATION
50.91318,3.42623,2023,6,Belgium,HUMAN_OBSERVATION
50.91318,3.42623,2023,6,Belgium,HUMAN_OBSERVATION
50.91318,3.42623,2023,6,Belgium,HUMAN_OBSERVATION
50.91318,3.42623,2023,6,Belgium,HUMAN_OBSERVATION
50.91318,3.42623,2023,6,Belgium,HUMAN_OBSERVATION
50.91318,3.42623,2023,6,Belgium,HUMAN_OBSERVATION
50.91318,3.42623,2023,6,Belgium,HUMAN_OBSERVATION
50.91318,3.42623,2023,6,Belgium,HUMAN_OBSERVATION
50.91318,3.42623,2023,6,Belgium,HUMAN_OBSERVATION
50.91318,3.42623,2023,6,Belgium,HUMAN_OBSERVATION
50.91318,3.42623,2023,6,Belgium,HUMAN_OBSERVATION
50.91318,3.42623,2023,6,Belgium,HUMAN_OBSERVATION
50.91318,3.42623,2023,6,Belgium,HUMAN_OBSERVATION
50.91318,3.42623,2023,6,Belgium,HUMAN_OBSERVATION
50.91318,3.42623,2023,6,Belgium,HUMAN_OBSERVATION
50.91318,3.42623,2023,6,Belgium,HUMAN_OBSERVATION
50.91318,3.42623,2023,6,Belgium,HUMAN_OBSERVATION
50.91318,3.42623,2023,6,Belgium,HUMAN_OBSERVATION
50.91318,3.42623,2023,6,Belgium,HUMAN_OBSERVATION
50.91318,3.42623,2023,6,Belgium,HUMAN_OBSERVATION
50.91318,3.42623,2023,6,Belgium,HUMAN_OBSERVATION
50.91318,3.42623,2023,6,Belgium,HUMAN_OBSERVATION
50.91318,3.42623,2023,6,Belgium,HUMAN_OBSERVATION
50.91318,3.42623,2023,6,Belgium,HUMAN_OBSERVATION
50.91318,3.42623,2023,6,Belgium,HUMAN_OBSERVATION
50.91318,3.42623,2023,6,Belgium,HUMAN_OBSERVATION
50.91318,3.42623,2023,6,Belgium,HUMAN_OBSERVATION
50.91318,3.42623,2023,6,Belgium,HUMAN_OBSERVATION
50.91318,3.42623,2023,6,Belgium,HUMAN_OBSERVATION
50.91318,3.42623,2023,6,Belgium,HUMAN_OBSERVATION
50.91318,3.42623,2023,6,Belgium,HUMAN_OBSERVATION
50.91318,3.42623,2023,6,Belgium,HUMAN_OBSERVATION
50.91318,3.42623,2023,6,Belgium,HUMAN_OBSERVATION
50.91318,3.42623,2023,6,Belgium,HUMAN_OBSERVATION
50.91318,3.42623,2023,6,Belgium,HUMAN_OBSERVATION
50.91318,3.42623,2023,6,Belgium,HUMAN_OBSERVATION
50.91318,3.42623,2023,6,Belgium,HUMAN_OBSERVATION
50.91318,3.42623,2023,6,Belgium,HUMAN_OBSERVATION
50.91318,3.42623,2023,6,Belgium,HUMAN_OBSERVATION
50.91318,3.42623,2023,6,Belgium,HUMAN_OBSERVATION
50.91318,3.42623,2023,6,Belgium,HUMAN_OBSERVATION
50.91318,3.42623,2023,6,Belgium,HUMAN_OBSERVATION
50.91318,3.42623,2023,6,Belgium,HUMAN_OBSERVATION
50.91318,3.42623,2023,6,Belgium,HUMAN_OBSERVATION
50.91318,3.42623,2023,6,Belgium,HUMAN_OBSERVATION
50.91318,3.42623,2023,6,Belgium,HUMAN_OBSERVATION
50.91318,3.42623,2023,6,Belgium,HUMAN_OBSERVATION
50.91504,5.43439,2023,10,Belgium,HUMAN_OBSERVATION
50.91605,5.70233,2022,10,Belgium,HUMAN_OBSERVATION
50.91679,5.69997,2021,8,Belgium,HUMAN_OBSERVATION
50.91725,3.25254,2022,4,Belgium,HUMAN_OBSERVATION
50.91966,3.43081,2024,10,Belgium,HUMAN_OBSERVATION
50.92011,4.0602,2024,8,Belgium,HUMAN_OBSERVATION
50.92011,4.0602,2024,8,Belgium,HUMAN_OBSERVATION
50.92028,4.05999,2024,4,Belgium,HUMAN_OBSERVATION
50.92028,4.05999,2024,4,Belgium,HUMAN_OBSERVATION
50.92028,4.05999,2024,4,Belgium,HUMAN_OBSERVATION
50.92028,4.05999,2024,4,Belgium,HUMAN_OBSERVATION
50.92028,4.05999,2024,4,Belgium,HUMAN_OBSERVATION
50.92028,4.05999,2024,4,Belgium,HUMAN_OBSERVATION
50.92028,4.05999,2024,4,Belgium,HUMAN_OBSERVATION
50.92028,4.05999,2024,4,Belgium,HUMAN_OBSERVATION
50.92028,4.05999,2024,4,Belgium,HUMAN_OBSERVATION
50.92028,4.05999,2024,4,Belgium,HUMAN_OBSERVATION
50.92028,4.05999,2024,4,Belgium,HUMAN_OBSERVATION
50.92028,4.05999,2024,4,Belgium,HUMAN_OBSERVATION
50.92028,4.05999,2024,4,Belgium,HUMAN_OBSERVATION
50.92028,4.05999,2024,4,Belgium,HUMAN_OBSERVATION
50.92028,4.05999,2024,4,Belgium,HUMAN_OBSERVATION
50.92028,4.05999,2024,4,Belgium,HUMAN_OBSERVATION
50.92028,4.05999,2024,4,Belgium,HUMAN_OBSERVATION
50.92028,4.05999,2024,4,Belgium,HUMAN_OBSERVATION
50.92028,4.05999,2024,4,Belgium,HUMAN_OBSERVATION
50.92028,4.05999,2024,4,Belgium,HUMAN_OBSERVATION
50.92028,4.05999,2024,4,Belgium,HUMAN_OBSERVATION
50.92028,4.05999,2024,4,Belgium,HUMAN_OBSERVATION
50.92028,4.05999,2024,4,Belgium,HUMAN_OBSERVATION
50.92028,4.05999,2024,4,Belgium,HUMAN_OBSERVATION
50.92028,4.05999,2024,4,Belgium,HUMAN_OBSERVATION
50.92028,4.05999,2024,4,Belgium,HUMAN_OBSERVATION
50.92028,4.05999,2024,4,Belgium,HUMAN_OBSERVATION
50.92028,4.05999,2024,4,Belgium,HUMAN_OBSERVATION
50.92028,4.05999,2024,4,Belgium,HUMAN_OBSERVATION
50.92028,4.05999,2024,4,Belgium,HUMAN_OBSERVATION
50.92028,4.05999,2024,4,Belgium,HUMAN_OBSERVATION
50.92028,4.05999,2024,4,Belgium,HUMAN_OBSERVATION
50.92028,4.05999,2024,4,Belgium,HUMAN_OBSERVATION
50.92028,4.05999,2024,4,Belgium,HUMAN_OBSERVATION
50.92028,4.05999,2024,4,Belgium,HUMAN_OBSERVATION
50.92028,4.05999,2024,4,Belgium,HUMAN_OBSERVATION
50.92028,4.05999,2024,4,Belgium,HUMAN_OBSERVATION
50.92028,4.05999,2024,4,Belgium,HUMAN_OBSERVATION
50.9209,3.23043,2024,6,Belgium,HUMAN_OBSERVATION
50.92127,3.41374,2022,4,Belgium,HUMAN_OBSERVATION
50.92127,3.41374,2022,4,Belgium,HUMAN_OBSERVATION
50.92127,3.41374,2022,7,Belgium,HUMAN_OBSERVATION
50.92127,3.41374,2022,7,Belgium,HUMAN_OBSERVATION
50.92127,3.41374,2022,7,Belgium,HUMAN_OBSERVATION
50.92127,3.41374,2022,7,Belgium,HUMAN_OBSERVATION
50.92127,3.41374,2022,7,Belgium,HUMAN_OBSERVATION
50.92127,3.41374,2022,7,Belgium,HUMAN_OBSERVATION
50.92127,3.41374,2022,7,Belgium,HUMAN_OBSERVATION
50.92127,3.41374,2022,7,Belgium,HUMAN_OBSERVATION
50.92127,3.41374,2022,7,Belgium,HUMAN_OBSERVATION
50.92127,3.41374,2022,7,Belgium,HUMAN_OBSERVATION
50.92127,3.41374,2022,7,Belgium,HUMAN_OBSERVATION
50.92127,3.41374,2022,7,Belgium,HUMAN_OBSERVATION
50.92127,3.41374,2022,7,Belgium,HUMAN_OBSERVATION
50.92127,3.41374,2022,7,Belgium,HUMAN_OBSERVATION
50.92127,3.41374,2022,7,Belgium,HUMAN_OBSERVATION
50.92127,3.41374,2022,7,Belgium,HUMAN_OBSERVATION
50.92127,3.41374,2022,7,Belgium,HUMAN_OBSERVATION
50.92127,3.41374,2022,7,Belgium,HUMAN_OBSERVATION
50.92127,3.41374,2022,7,Belgium,HUMAN_OBSERVATION
50.92127,3.41374,2022,7,Belgium,HUMAN_OBSERVATION
50.92127,3.41374,2022,7,Belgium,HUMAN_OBSERVATION
50.92127,3.41374,2022,7,Belgium,HUMAN_OBSERVATION
50.92127,3.41374,2022,7,Belgium,HUMAN_OBSERVATION
50.92127,3.41374,2022,7,Belgium,HUMAN_OBSERVATION
50.92127,3.41374,2022,7,Belgium,HUMAN_OBSERVATION
50.92127,3.41374,2022,7,Belgium,HUMAN_OBSERVATION
50.92127,3.41374,2022,7,Belgium,HUMAN_OBSERVATION
50.92127,3.41374,2022,7,Belgium,HUMAN_OBSERVATION
50.92127,3.41374,2022,7,Belgium,HUMAN_OBSERVATION
50.92127,3.41374,2022,7,Belgium,HUMAN_OBSERVATION
50.92127,3.41374,2022,7,Belgium,HUMAN_OBSERVATION
50.92127,3.41374,2022,7,Belgium,HUMAN_OBSERVATION
50.92127,3.41374,2022,7,Belgium,HUMAN_OBSERVATION
50.92127,3.41374,2022,7,Belgium,HUMAN_OBSERVATION
50.92127,3.41374,2022,7,Belgium,HUMAN_OBSERVATION
50.92127,3.41374,2022,7,Belgium,HUMAN_OBSERVATION
50.92127,3.41374,2022,7,Belgium,HUMAN_OBSERVATION
50.92127,3.41374,2022,7,Belgium,HUMAN_OBSERVATION
50.92127,3.41374,2022,7,Belgium,HUMAN_OBSERVATION
50.92127,3.41374,2022,7,Belgium,HUMAN_OBSERVATION
50.92127,3.41374,2022,7,Belgium,HUMAN_OBSERVATION
50.92127,3.41374,2022,7,Belgium,HUMAN_OBSERVATION
50.92127,3.41374,2022,7,Belgium,HUMAN_OBSERVATION
50.92127,3.41374,2022,7,Belgium,HUMAN_OBSERVATION
50.92127,3.41374,2022,7,Belgium,HUMAN_OBSERVATION
50.92127,3.41374,2022,7,Belgium,HUMAN_OBSERVATION
50.92127,3.41374,2022,7,Belgium,HUMAN_OBSERVATION
50.92127,3.41374,2022,7,Belgium,HUMAN_OBSERVATION
50.92127,3.41374,2022,7,Belgium,HUMAN_OBSERVATION
50.92127,3.41374,2022,7,Belgium,HUMAN_OBSERVATION
50.92127,3.41374,2022,7,Belgium,HUMAN_OBSERVATION
50.92127,3.41374,2022,7,Belgium,HUMAN_OBSERVATION
50.92127,3.41374,2022,7,Belgium,HUMAN_OBSERVATION
50.92127,3.41374,2022,7,Belgium,HUMAN_OBSERVATION
50.92127,3.41374,2022,7,Belgium,HUMAN_OBSERVATION
50.92127,3.41374,2022,7,Belgium,HUMAN_OBSERVATION
50.92127,3.41374,2022,7,Belgium,HUMAN_OBSERVATION
50.92127,3.41374,2022,7,Belgium,HUMAN_OBSERVATION
50.92127,3.41374,2022,7,Belgium,HUMAN_OBSERVATION
50.92127,3.41374,2022,7,Belgium,HUMAN_OBSERVATION
50.92127,3.41374,2022,7,Belgium,HUMAN_OBSERVATION
50.92127,3.41374,2022,7,Belgium,HUMAN_OBSERVATION
50.92127,3.41374,2022,7,Belgium,HUMAN_OBSERVATION
50.92127,3.41374,2022,7,Belgium,HUMAN_OBSERVATION
50.92127,3.41374,2022,7,Belgium,HUMAN_OBSERVATION
50.92127,3.41374,2022,7,Belgium,HUMAN_OBSERVATION
50.92127,3.41374,2022,7,Belgium,HUMAN_OBSERVATION
50.92127,3.41374,2022,7,Belgium,HUMAN_OBSERVATION
50.92127,3.41374,2022,7,Belgium,HUMAN_OBSERVATION
50.92127,3.41374,2022,7,Belgium,HUMAN_OBSERVATION
50.92127,3.41374,2022,7,Belgium,HUMAN_OBSERVATION
50.92127,3.41374,2022,7,Belgium,HUMAN_OBSERVATION
50.92127,3.41374,2022,7,Belgium,HUMAN_OBSERVATION
50.92127,3.41374,2022,7,Belgium,HUMAN_OBSERVATION
50.92127,3.41374,2022,7,Belgium,HUMAN_OBSERVATION
50.92127,3.41374,2022,7,Belgium,HUMAN_OBSERVATION
50.92127,3.41374,2022,10,Belgium,HUMAN_OBSERVATION
50.92127,3.41374,2022,10,Belgium,HUMAN_OBSERVATION
50.92127,3.41374,2022,10,Belgium,HUMAN_OBSERVATION
50.92127,3.41374,2022,10,Belgium,HUMAN_OBSERVATION
50.92127,3.41374,2022,10,Belgium,HUMAN_OBSERVATION
50.92127,3.41374,2022,10,Belgium,HUMAN_OBSERVATION
50.92127,3.41374,2022,10,Belgium,HUMAN_OBSERVATION
50.92127,3.41374,2022,10,Belgium,HUMAN_OBSERVATION
50.92127,3.41374,2022,10,Belgium,HUMAN_OBSERVATION
50.92127,3.41374,2022,10,Belgium,HUMAN_OBSERVATION
50.92127,3.41374,2022,10,Belgium,HUMAN_OBSERVATION
50.92127,3.41374,2022,10,Belgium,HUMAN_OBSERVATION
50.92127,3.41374,2022,10,Belgium,HUMAN_OBSERVATION
50.92127,3.41374,2022,10,Belgium,HUMAN_OBSERVATION
50.92127,3.41374,2022,10,Belgium,HUMAN_OBSERVATION
50.92127,3.41374,2022,10,Belgium,HUMAN_OBSERVATION
50.92127,3.41374,2022,10,Belgium,HUMAN_OBSERVATION
50.92127,3.41374,2022,10,Belgium,HUMAN_OBSERVATION
50.92127,3.41374,2022,10,Belgium,HUMAN_OBSERVATION
50.92127,3.41374,2022,10,Belgium,HUMAN_OBSERVATION
50.92127,3.41374,2022,10,Belgium,HUMAN_OBSERVATION
50.92127,3.41374,2022,10,Belgium,HUMAN_OBSERVATION
50.92127,3.41374,2022,10,Belgium,HUMAN_OBSERVATION
50.92127,3.41374,2022,10,Belgium,HUMAN_OBSERVATION
50.92127,3.41374,2022,10,Belgium,HUMAN_OBSERVATION
50.92127,3.41374,2022,10,Belgium,HUMAN_OBSERVATION
50.92127,3.41374,2022,10,Belgium,HUMAN_OBSERVATION
50.92127,3.41374,2022,10,Belgium,HUMAN_OBSERVATION
50.92127,3.41374,2022,10,Belgium,HUMAN_OBSERVATION
50.92127,3.41374,2022,10,Belgium,HUMAN_OBSERVATION
50.92127,3.41374,2022,10,Belgium,HUMAN_OBSERVATION
50.92127,3.41374,2022,10,Belgium,HUMAN_OBSERVATION
50.92127,3.41374,2022,10,Belgium,HUMAN_OBSERVATION
50.92127,3.41374,2022,10,Belgium,HUMAN_OBSERVATION
50.92127,3.41374,2022,10,Belgium,HUMAN_OBSERVATION
50.92127,3.41374,2022,10,Belgium,HUMAN_OBSERVATION
50.92127,3.41374,2022,10,Belgium,HUMAN_OBSERVATION
50.92127,3.41374,2022,10,Belgium,HUMAN_OBSERVATION
50.92127,3.41374,2022,10,Belgium,HUMAN_OBSERVATION
50.92127,3.41374,2022,10,Belgium,HUMAN_OBSERVATION
50.92127,3.41374,2022,10,Belgium,HUMAN_OBSERVATION
50.92127,3.41374,2022,10,Belgium,HUMAN_OBSERVATION
50.92127,3.41374,2022,10,Belgium,HUMAN_OBSERVATION
50.92127,3.41374,2022,10,Belgium,HUMAN_OBSERVATION
50.92127,3.41374,2022,10,Belgium,HUMAN_OBSERVATION
50.92127,3.41374,2022,10,Belgium,HUMAN_OBSERVATION
50.92127,3.41374,2022,10,Belgium,HUMAN_OBSERVATION
50.92127,3.41374,2022,10,Belgium,HUMAN_OBSERVATION
50.92127,3.41374,2022,10,Belgium,HUMAN_OBSERVATION
50.92127,3.41374,2022,10,Belgium,HUMAN_OBSERVATION
50.92127,3.41374,2022,10,Belgium,HUMAN_OBSERVATION
50.92141,3.41397,2022,7,Belgium,HUMAN_OBSERVATION
50.92141,3.41397,2022,7,Belgium,HUMAN_OBSERVATION
50.92349,4.69392,2024,6,Belgium,HUMAN_OBSERVATION
50.92368,3.28105,2022,4,Belgium,HUMAN_OBSERVATION
50.9243,4.05619,2024,8,Belgium,HUMAN_OBSERVATION
50.92458,4.69048,2023,7,Belgium,HUMAN_OBSERVATION
50.92462,4.69115,2022,7,Belgium,HUMAN_OBSERVATION
50.92553,3.43447,2024,10,Belgium,HUMAN_OBSERVATION
50.92674,4.68556,2022,9,Belgium,HUMAN_OBSERVATION
50.92699,3.13714,2021,6,Belgium,HUMAN_OBSERVATION
50.92708,3.1372,2021,6,Belgium,HUMAN_OBSERVATION
50.92863,5.71159,2024,4,Belgium,HUMAN_OBSERVATION
50.9317,5.712,2024,7,Belgium,HUMAN_OBSERVATION
50.93363,3.44204,2023,6,Belgium,HUMAN_OBSERVATION
50.93363,3.44204,2023,6,Belgium,HUMAN_OBSERVATION
50.93363,3.44204,2023,6,Belgium,HUMAN_OBSERVATION
50.93363,3.44204,2023,6,Belgium,HUMAN_OBSERVATION
50.93363,3.44204,2023,6,Belgium,HUMAN_OBSERVATION
50.93363,3.44204,2023,6,Belgium,HUMAN_OBSERVATION
50.93363,3.44204,2023,6,Belgium,HUMAN_OBSERVATION
50.93363,3.44204,2023,6,Belgium,HUMAN_OBSERVATION
50.93363,3.44204,2023,6,Belgium,HUMAN_OBSERVATION
50.93363,3.44204,2023,6,Belgium,HUMAN_OBSERVATION
50.93363,3.44204,2023,6,Belgium,HUMAN_OBSERVATION
50.93363,3.44204,2023,6,Belgium,HUMAN_OBSERVATION
50.93363,3.44204,2023,6,Belgium,HUMAN_OBSERVATION
50.93363,3.44204,2023,6,Belgium,HUMAN_OBSERVATION
50.93363,3.44204,2023,6,Belgium,HUMAN_OBSERVATION
50.93363,3.44204,2023,6,Belgium,HUMAN_OBSERVATION
50.93363,3.44204,2023,6,Belgium,HUMAN_OBSERVATION
50.93363,3.44204,2023,6,Belgium,HUMAN_OBSERVATION
50.93363,3.44204,2023,6,Belgium,HUMAN_OBSERVATION
50.93363,3.44204,2023,6,Belgium,HUMAN_OBSERVATION
50.93363,3.44204,2023,6,Belgium,HUMAN_OBSERVATION
50.93363,3.44204,2023,6,Belgium,HUMAN_OBSERVATION
50.93363,3.44204,2023,6,Belgium,HUMAN_OBSERVATION
50.93363,3.44204,2023,6,Belgium,HUMAN_OBSERVATION
50.93363,3.44204,2023,6,Belgium,HUMAN_OBSERVATION
50.93363,3.44204,2023,6,Belgium,HUMAN_OBSERVATION
50.93363,3.44204,2023,6,Belgium,HUMAN_OBSERVATION
50.93363,3.44204,2023,6,Belgium,HUMAN_OBSERVATION
50.93363,3.44204,2023,6,Belgium,HUMAN_OBSERVATION
50.93363,3.44204,2023,6,Belgium,HUMAN_OBSERVATION
50.93363,3.44204,2023,6,Belgium,HUMAN_OBSERVATION
50.93363,3.44204,2023,6,Belgium,HUMAN_OBSERVATION
50.93363,3.44204,2023,6,Belgium,HUMAN_OBSERVATION
50.93363,3.44204,2023,6,Belgium,HUMAN_OBSERVATION
50.93363,3.44204,2023,6,Belgium,HUMAN_OBSERVATION
50.93363,3.44204,2023,6,Belgium,HUMAN_OBSERVATION
50.93363,3.44204,2023,6,Belgium,HUMAN_OBSERVATION
50.93363,3.44204,2023,6,Belgium,HUMAN_OBSERVATION
50.93363,3.44204,2023,6,Belgium,HUMAN_OBSERVATION
50.93363,3.44204,2023,6,Belgium,HUMAN_OBSERVATION
50.93363,3.44204,2023,6,Belgium,HUMAN_OBSERVATION
50.93363,3.44204,2023,6,Belgium,HUMAN_OBSERVATION
50.93363,3.44204,2023,6,Belgium,HUMAN_OBSERVATION
50.93363,3.44204,2023,6,Belgium,HUMAN_OBSERVATION
50.93363,3.44204,2023,6,Belgium,HUMAN_OBSERVATION
50.93363,3.44204,2023,6,Belgium,HUMAN_OBSERVATION
50.93363,3.44204,2023,6,Belgium,HUMAN_OBSERVATION
50.93363,3.44204,2023,6,Belgium,HUMAN_OBSERVATION
50.93363,3.44204,2023,6,Belgium,HUMAN_OBSERVATION
50.93363,3.44204,2023,6,Belgium,HUMAN_OBSERVATION
50.93363,3.44204,2023,6,Belgium,HUMAN_OBSERVATION
50.93363,3.44204,2023,6,Belgium,HUMAN_OBSERVATION
50.93363,3.44204,2023,6,Belgium,HUMAN_OBSERVATION
50.93363,3.44204,2023,6,Belgium,HUMAN_OBSERVATION
50.93363,3.44204,2023,6,Belgium,HUMAN_OBSERVATION
50.93363,3.44204,2023,6,Belgium,HUMAN_OBSERVATION
50.93363,3.44204,2023,6,Belgium,HUMAN_OBSERVATION
50.93363,3.44204,2023,6,Belgium,HUMAN_OBSERVATION
50.93363,3.44204,2023,6,Belgium,HUMAN_OBSERVATION
50.93363,3.44204,2023,6,Belgium,HUMAN_OBSERVATION
50.93363,3.44204,2023,6,Belgium,HUMAN_OBSERVATION
50.93363,3.44204,2023,6,Belgium,HUMAN_OBSERVATION
50.93363,3.44204,2023,6,Belgium,HUMAN_OBSERVATION
50.93363,3.44204,2023,6,Belgium,HUMAN_OBSERVATION
50.93535,3.65264,2022,10,Belgium,HUMAN_OBSERVATION
50.93962,4.66536,2021,5,Belgium,HUMAN_OBSERVATION
50.94015,4.66473,2020,5,Belgium,HUMAN_OBSERVATION
50.94016,4.66515,2021,7,Belgium,HUMAN_OBSERVATION
50.94062,4.66387,2021,3,Belgium,HUMAN_OBSERVATION
50.94133,5.37896,2021,6,Belgium,HUMAN_OBSERVATION
50.94148,5.74492,2022,6,Belgium,HUMAN_OBSERVATION
50.94148,5.74492,2022,6,Belgium,HUMAN_OBSERVATION
50.94148,5.74492,2022,6,Belgium,HUMAN_OBSERVATION
50.94148,5.74492,2022,6,Belgium,HUMAN_OBSERVATION
50.94148,5.74492,2022,6,Belgium,HUMAN_OBSERVATION
50.94148,5.74492,2022,6,Belgium,HUMAN_OBSERVATION
50.94148,5.74492,2022,6,Belgium,HUMAN_OBSERVATION
50.94148,5.74492,2022,6,Belgium,HUMAN_OBSERVATION
50.94148,5.74492,2022,6,Belgium,HUMAN_OBSERVATION
50.94148,5.74492,2022,6,Belgium,HUMAN_OBSERVATION
50.94148,5.74492,2022,6,Belgium,HUMAN_OBSERVATION
50.94148,5.74492,2022,6,Belgium,HUMAN_OBSERVATION
50.94148,5.74492,2022,6,Belgium,HUMAN_OBSERVATION
50.94148,5.74492,2022,6,Belgium,HUMAN_OBSERVATION
50.94148,5.74492,2022,6,Belgium,HUMAN_OBSERVATION
50.94148,5.74492,2022,6,Belgium,HUMAN_OBSERVATION
50.94148,5.74492,2022,6,Belgium,HUMAN_OBSERVATION
50.94148,5.74492,2022,6,Belgium,HUMAN_OBSERVATION
50.94148,5.74492,2022,6,Belgium,HUMAN_OBSERVATION
50.94148,5.74492,2022,6,Belgium,HUMAN_OBSERVATION
50.94148,5.74492,2022,6,Belgium,HUMAN_OBSERVATION
50.94148,5.74492,2022,6,Belgium,HUMAN_OBSERVATION
50.94148,5.74492,2022,6,Belgium,HUMAN_OBSERVATION
50.94148,5.74492,2022,6,Belgium,HUMAN_OBSERVATION
50.94148,5.74492,2022,6,Belgium,HUMAN_OBSERVATION
50.94148,5.74492,2022,6,Belgium,HUMAN_OBSERVATION
50.94148,5.74492,2022,6,Belgium,HUMAN_OBSERVATION
50.94148,5.74492,2022,6,Belgium,HUMAN_OBSERVATION
50.94148,5.74492,2022,6,Belgium,HUMAN_OBSERVATION
50.94148,5.74492,2022,6,Belgium,HUMAN_OBSERVATION
50.94148,5.74492,2022,6,Belgium,HUMAN_OBSERVATION
50.94148,5.74492,2022,6,Belgium,HUMAN_OBSERVATION
50.94148,5.74492,2022,6,Belgium,HUMAN_OBSERVATION
50.94148,5.74492,2022,6,Belgium,HUMAN_OBSERVATION
50.94148,5.74492,2022,6,Belgium,HUMAN_OBSERVATION
50.94148,5.74492,2022,6,Belgium,HUMAN_OBSERVATION
50.94148,5.74492,2022,6,Belgium,HUMAN_OBSERVATION
50.94148,5.74492,2022,6,Belgium,HUMAN_OBSERVATION
50.94148,5.74492,2022,6,Belgium,HUMAN_OBSERVATION
50.94148,5.74492,2022,6,Belgium,HUMAN_OBSERVATION
50.94148,5.74492,2022,6,Belgium,HUMAN_OBSERVATION
50.94148,5.74492,2022,6,Belgium,HUMAN_OBSERVATION
50.94148,5.74492,2022,6,Belgium,HUMAN_OBSERVATION
50.94148,5.74492,2022,6,Belgium,HUMAN_OBSERVATION
50.94148,5.74492,2022,6,Belgium,HUMAN_OBSERVATION
50.94148,5.74492,2022,6,Belgium,HUMAN_OBSERVATION
50.94148,5.74492,2022,6,Belgium,HUMAN_OBSERVATION
50.94148,5.74492,2022,6,Belgium,HUMAN_OBSERVATION
50.94148,5.74492,2022,6,Belgium,HUMAN_OBSERVATION
50.94148,5.74492,2022,6,Belgium,HUMAN_OBSERVATION
50.94148,5.74492,2022,6,Belgium,HUMAN_OBSERVATION
50.94148,5.74492,2022,6,Belgium,HUMAN_OBSERVATION
50.94148,5.74492,2022,6,Belgium,HUMAN_OBSERVATION
50.94148,5.74492,2022,6,Belgium,HUMAN_OBSERVATION
50.94148,5.74492,2022,6,Belgium,HUMAN_OBSERVATION
50.94148,5.74492,2022,6,Belgium,HUMAN_OBSERVATION
50.94148,5.74492,2022,6,Belgium,HUMAN_OBSERVATION
50.94148,5.74492,2022,6,Belgium,HUMAN_OBSERVATION
50.94148,5.74492,2022,6,Belgium,HUMAN_OBSERVATION
50.94148,5.74492,2022,6,Belgium,HUMAN_OBSERVATION
50.94148,5.74492,2022,6,Belgium,HUMAN_OBSERVATION
50.94148,5.74492,2022,6,Belgium,HUMAN_OBSERVATION
50.94148,5.74492,2022,6,Belgium,HUMAN_OBSERVATION
50.94148,5.74492,2022,6,Belgium,HUMAN_OBSERVATION
50.94148,5.74492,2022,6,Belgium,HUMAN_OBSERVATION
50.94148,5.74492,2022,6,Belgium,HUMAN_OBSERVATION
50.94148,5.74492,2022,6,Belgium,HUMAN_OBSERVATION
50.94148,5.74492,2022,6,Belgium,HUMAN_OBSERVATION
50.94148,5.74492,2022,6,Belgium,HUMAN_OBSERVATION
50.94148,5.74492,2022,6,Belgium,HUMAN_OBSERVATION
50.94148,5.74492,2022,6,Belgium,HUMAN_OBSERVATION
50.94148,5.74492,2022,6,Belgium,HUMAN_OBSERVATION
50.94148,5.74492,2022,6,Belgium,HUMAN_OBSERVATION
50.94148,5.74492,2022,6,Belgium,HUMAN_OBSERVATION
50.94148,5.74492,2022,6,Belgium,HUMAN_OBSERVATION
50.94148,5.74492,2022,6,Belgium,HUMAN_OBSERVATION
50.94148,5.74492,2022,6,Belgium,HUMAN_OBSERVATION
50.94148,5.74492,2022,6,Belgium,HUMAN_OBSERVATION
50.94148,5.74492,2022,6,Belgium,HUMAN_OBSERVATION
50.94148,5.74492,2022,6,Belgium,HUMAN_OBSERVATION
50.94148,5.74492,2022,6,Belgium,HUMAN_OBSERVATION
50.94148,5.74492,2022,6,Belgium,HUMAN_OBSERVATION
50.94148,5.74492,2022,6,Belgium,HUMAN_OBSERVATION
50.94148,5.74492,2022,6,Belgium,HUMAN_OBSERVATION
50.94148,5.74492,2022,6,Belgium,HUMAN_OBSERVATION
50.94148,5.74492,2022,6,Belgium,HUMAN_OBSERVATION
50.94148,5.74492,2022,6,Belgium,HUMAN_OBSERVATION
50.94148,5.74492,2022,6,Belgium,HUMAN_OBSERVATION
50.94148,5.74492,2022,6,Belgium,HUMAN_OBSERVATION
50.94148,5.74492,2022,6,Belgium,HUMAN_OBSERVATION
50.94148,5.74492,2022,6,Belgium,HUMAN_OBSERVATION
50.94148,5.74492,2022,6,Belgium,HUMAN_OBSERVATION
50.94148,5.74492,2022,6,Belgium,HUMAN_OBSERVATION
50.94148,5.74492,2022,6,Belgium,HUMAN_OBSERVATION
50.94148,5.74492,2022,6,Belgium,HUMAN_OBSERVATION
50.94148,5.74492,2022,6,Belgium,HUMAN_OBSERVATION
50.94148,5.74492,2022,6,Belgium,HUMAN_OBSERVATION
50.94148,5.74492,2022,6,Belgium,HUMAN_OBSERVATION
50.94148,5.74492,2022,6,Belgium,HUMAN_OBSERVATION
50.94148,5.74492,2022,6,Belgium,HUMAN_OBSERVATION
50.94148,5.74492,2022,6,Belgium,HUMAN_OBSERVATION
50.94148,5.74492,2022,6,Belgium,HUMAN_OBSERVATION
50.94148,5.74492,2022,6,Belgium,HUMAN_OBSERVATION
50.94148,5.74492,2022,6,Belgium,HUMAN_OBSERVATION
50.94148,5.74492,2022,6,Belgium,HUMAN_OBSERVATION
50.94148,5.74492,2022,6,Belgium,HUMAN_OBSERVATION
50.94148,5.74492,2022,6,Belgium,HUMAN_OBSERVATION
50.94148,5.74492,2022,6,Belgium,HUMAN_OBSERVATION
50.94148,5.74492,2022,6,Belgium,HUMAN_OBSERVATION
50.94148,5.74492,2022,6,Belgium,HUMAN_OBSERVATION
50.94148,5.74492,2022,6,Belgium,HUMAN_OBSERVATION
50.94148,5.74492,2022,6,Belgium,HUMAN_OBSERVATION
50.94148,5.74492,2022,6,Belgium,HUMAN_OBSERVATION
50.94148,5.74492,2022,6,Belgium,HUMAN_OBSERVATION
50.94148,5.74492,2022,6,Belgium,HUMAN_OBSERVATION
50.94148,5.74492,2022,6,Belgium,HUMAN_OBSERVATION
50.94148,5.74492,2021,7,Belgium,HUMAN_OBSERVATION
50.94148,5.74492,2021,7,Belgium,HUMAN_OBSERVATION
50.94148,5.74492,2021,7,Belgium,HUMAN_OBSERVATION
50.94152,5.35846,2021,4,Belgium,HUMAN_OBSERVATION
50.94355,4.43372,2023,8,Belgium,HUMAN_OBSERVATION
50.94904,3.64514,2024,4,Belgium,HUMAN_OBSERVATION
50.94904,3.64514,2024,4,Belgium,HUMAN_OBSERVATION
50.95,5.7,2024,10,Netherlands,HUMAN_OBSERVATION
50.95,5.7,2024,10,Netherlands,HUMAN_OBSERVATION
50.95177,5.32075,2023,4,Belgium,HUMAN_OBSERVATION
50.95363,4.60942,2020,5,Belgium,HUMAN_OBSERVATION
50.95407,5.7095,2022,8,Belgium,HUMAN_OBSERVATION
50.95578,4.5929,2023,4,Belgium,HUMAN_OBSERVATION
50.95614,5.70967,2022,8,Belgium,HUMAN_OBSERVATION
50.95688,5.73735,2024,8,Belgium,HUMAN_OBSERVATION
50.95688,5.73735,2024,8,Belgium,HUMAN_OBSERVATION
50.95688,5.73735,2024,8,Belgium,HUMAN_OBSERVATION
50.95688,5.73735,2024,8,Belgium,HUMAN_OBSERVATION
50.95688,5.73735,2024,8,Belgium,HUMAN_OBSERVATION
50.95688,5.73735,2024,8,Belgium,HUMAN_OBSERVATION
50.95688,5.73735,2024,8,Belgium,HUMAN_OBSERVATION
50.95688,5.73735,2024,8,Belgium,HUMAN_OBSERVATION
50.95688,5.73735,2024,8,Belgium,HUMAN_OBSERVATION
50.95688,5.73735,2024,8,Belgium,HUMAN_OBSERVATION
50.95688,5.73735,2024,8,Belgium,HUMAN_OBSERVATION
50.95688,5.73735,2024,8,Belgium,HUMAN_OBSERVATION
50.95688,5.73735,2024,8,Belgium,HUMAN_OBSERVATION
50.95688,5.73735,2024,8,Belgium,HUMAN_OBSERVATION
50.95688,5.73735,2024,8,Belgium,HUMAN_OBSERVATION
50.95688,5.73735,2024,8,Belgium,HUMAN_OBSERVATION
50.95688,5.73735,2024,8,Belgium,HUMAN_OBSERVATION
50.95688,5.73735,2024,8,Belgium,HUMAN_OBSERVATION
50.95688,5.73735,2024,8,Belgium,HUMAN_OBSERVATION
50.95688,5.73735,2024,8,Belgium,HUMAN_OBSERVATION
50.95688,5.73735,2024,8,Belgium,HUMAN_OBSERVATION
50.95688,5.73735,2024,8,Belgium,HUMAN_OBSERVATION
50.95688,5.73735,2024,8,Belgium,HUMAN_OBSERVATION
50.95688,5.73735,2024,8,Belgium,HUMAN_OBSERVATION
50.95688,5.73735,2024,8,Belgium,HUMAN_OBSERVATION
50.95688,5.73735,2024,8,Belgium,HUMAN_OBSERVATION
50.95688,5.73735,2024,8,Belgium,HUMAN_OBSERVATION
50.95688,5.73735,2024,8,Belgium,HUMAN_OBSERVATION
50.95688,5.73735,2024,8,Belgium,HUMAN_OBSERVATION
50.95688,5.73735,2024,8,Belgium,HUMAN_OBSERVATION
50.95688,5.73735,2024,8,Belgium,HUMAN_OBSERVATION
50.95688,5.73735,2024,8,Belgium,HUMAN_OBSERVATION
50.95688,5.73735,2024,8,Belgium,HUMAN_OBSERVATION
50.95688,5.73735,2024,8,Belgium,HUMAN_OBSERVATION
50.95688,5.73735,2024,8,Belgium,HUMAN_OBSERVATION
50.95688,5.73735,2024,8,Belgium,HUMAN_OBSERVATION
50.95688,5.73735,2024,8,Belgium,HUMAN_OBSERVATION
50.95688,5.73735,2024,8,Belgium,HUMAN_OBSERVATION
50.95688,5.73735,2024,8,Belgium,HUMAN_OBSERVATION
50.95688,5.73735,2024,8,Belgium,HUMAN_OBSERVATION
50.95688,5.73735,2024,8,Belgium,HUMAN_OBSERVATION
50.95688,5.73735,2024,8,Belgium,HUMAN_OBSERVATION
50.95688,5.73735,2024,8,Belgium,HUMAN_OBSERVATION
50.95688,5.73735,2024,8,Belgium,HUMAN_OBSERVATION
50.95688,5.73735,2024,8,Belgium,HUMAN_OBSERVATION
50.95688,5.73735,2024,8,Belgium,HUMAN_OBSERVATION
50.95688,5.73735,2024,8,Belgium,HUMAN_OBSERVATION
50.95688,5.73735,2024,8,Belgium,HUMAN_OBSERVATION
50.95688,5.73735,2024,8,Belgium,HUMAN_OBSERVATION
50.95688,5.73735,2024,8,Belgium,HUMAN_OBSERVATION
50.95688,5.73735,2024,8,Belgium,HUMAN_OBSERVATION
50.95688,5.73735,2024,8,Belgium,HUMAN_OBSERVATION
50.95688,5.73735,2024,8,Belgium,HUMAN_OBSERVATION
50.95688,5.73735,2024,8,Belgium,HUMAN_OBSERVATION
50.95688,5.73735,2024,8,Belgium,HUMAN_OBSERVATION
50.95688,5.73735,2024,8,Belgium,HUMAN_OBSERVATION
50.95688,5.73735,2024,8,Belgium,HUMAN_OBSERVATION
50.95688,5.73735,2024,8,Belgium,HUMAN_OBSERVATION
50.95688,5.73735,2023,6,Belgium,HUMAN_OBSERVATION
50.95688,5.73735,2023,6,Belgium,HUMAN_OBSERVATION
50.95688,5.73735,2023,6,Belgium,HUMAN_OBSERVATION
50.95688,5.73735,2023,6,Belgium,HUMAN_OBSERVATION
50.95688,5.73735,2023,6,Belgium,HUMAN_OBSERVATION
50.95688,5.73735,2023,6,Belgium,HUMAN_OBSERVATION
50.95688,5.73735,2023,6,Belgium,HUMAN_OBSERVATION
50.95688,5.73735,2023,6,Belgium,HUMAN_OBSERVATION
50.95688,5.73735,2023,6,Belgium,HUMAN_OBSERVATION
50.95688,5.73735,2023,6,Belgium,HUMAN_OBSERVATION
50.95688,5.73735,2023,6,Belgium,HUMAN_OBSERVATION
50.95688,5.73735,2023,6,Belgium,HUMAN_OBSERVATION
50.95688,5.73735,2023,6,Belgium,HUMAN_OBSERVATION
50.95688,5.73735,2023,6,Belgium,HUMAN_OBSERVATION
50.95688,5.73735,2023,6,Belgium,HUMAN_OBSERVATION
50.95688,5.73735,2023,6,Belgium,HUMAN_OBSERVATION
50.95688,5.73735,2023,6,Belgium,HUMAN_OBSERVATION
50.95688,5.73735,2023,6,Belgium,HUMAN_OBSERVATION
50.95688,5.73735,2023,6,Belgium,HUMAN_OBSERVATION
50.95688,5.73735,2023,6,Belgium,HUMAN_OBSERVATION
50.95688,5.73735,2023,6,Belgium,HUMAN_OBSERVATION
50.95688,5.73735,2023,6,Belgium,HUMAN_OBSERVATION
50.95688,5.73735,2023,6,Belgium,HUMAN_OBSERVATION
50.95688,5.73735,2023,6,Belgium,HUMAN_OBSERVATION
50.95688,5.73735,2023,6,Belgium,HUMAN_OBSERVATION
50.95688,5.73735,2023,6,Belgium,HUMAN_OBSERVATION
50.95688,5.73735,2023,6,Belgium,HUMAN_OBSERVATION
50.95688,5.73735,2023,6,Belgium,HUMAN_OBSERVATION
50.95688,5.73735,2023,6,Belgium,HUMAN_OBSERVATION
50.95688,5.73735,2023,6,Belgium,HUMAN_OBSERVATION
50.95688,5.73735,2023,6,Belgium,HUMAN_OBSERVATION
50.95688,5.73735,2023,6,Belgium,HUMAN_OBSERVATION
50.95688,5.73735,2023,6,Belgium,HUMAN_OBSERVATION
50.95688,5.73735,2023,6,Belgium,HUMAN_OBSERVATION
50.95688,5.73735,2023,6,Belgium,HUMAN_OBSERVATION
50.95688,5.73735,2023,6,Belgium,HUMAN_OBSERVATION
50.95688,5.73735,2023,6,Belgium,HUMAN_OBSERVATION
50.95688,5.73735,2023,6,Belgium,HUMAN_OBSERVATION
50.95688,5.73735,2023,6,Belgium,HUMAN_OBSERVATION
50.95688,5.73735,2023,6,Belgium,HUMAN_OBSERVATION
50.95688,5.73735,2023,6,Belgium,HUMAN_OBSERVATION
50.95688,5.73735,2023,6,Belgium,HUMAN_OBSERVATION
50.95688,5.73735,2023,6,Belgium,HUMAN_OBSERVATION
50.95688,5.73735,2023,6,Belgium,HUMAN_OBSERVATION
50.95688,5.73735,2023,6,Belgium,HUMAN_OBSERVATION
50.95688,5.73735,2023,6,Belgium,HUMAN_OBSERVATION
50.95688,5.73735,2023,6,Belgium,HUMAN_OBSERVATION
50.95688,5.73735,2023,6,Belgium,HUMAN_OBSERVATION
50.95688,5.73735,2023,6,Belgium,HUMAN_OBSERVATION
50.95688,5.73735,2023,6,Belgium,HUMAN_OBSERVATION
50.95688,5.73735,2023,6,Belgium,HUMAN_OBSERVATION
50.95688,5.73735,2023,6,Belgium,HUMAN_OBSERVATION
50.95688,5.73735,2023,6,Belgium,HUMAN_OBSERVATION
50.95688,5.73735,2023,6,Belgium,HUMAN_OBSERVATION
50.95688,5.73735,2023,6,Belgium,HUMAN_OBSERVATION
50.95688,5.73735,2023,6,Belgium,HUMAN_OBSERVATION
50.95688,5.73735,2023,6,Belgium,HUMAN_OBSERVATION
50.95688,5.73735,2023,6,Belgium,HUMAN_OBSERVATION
50.95688,5.73735,2023,6,Belgium,HUMAN_OBSERVATION
50.95688,5.73735,2023,6,Belgium,HUMAN_OBSERVATION
50.95688,5.73735,2023,6,Belgium,HUMAN_OBSERVATION
50.95688,5.73735,2023,6,Belgium,HUMAN_OBSERVATION
50.95688,5.73735,2023,6,Belgium,HUMAN_OBSERVATION
50.95688,5.73735,2023,6,Belgium,HUMAN_OBSERVATION
50.95688,5.73735,2023,6,Belgium,HUMAN_OBSERVATION
50.95688,5.73735,2023,6,Belgium,HUMAN_OBSERVATION
50.95688,5.73735,2023,6,Belgium,HUMAN_OBSERVATION
50.95688,5.73735,2023,6,Belgium,HUMAN_OBSERVATION
50.95688,5.73735,2023,6,Belgium,HUMAN_OBSERVATION
50.95688,5.73735,2023,6,Belgium,HUMAN_OBSERVATION
50.95688,5.73735,2023,6,Belgium,HUMAN_OBSERVATION
50.95688,5.73735,2023,6,Belgium,HUMAN_OBSERVATION
50.95688,5.73735,2023,6,Belgium,HUMAN_OBSERVATION
50.95688,5.73735,2023,6,Belgium,HUMAN_OBSERVATION
50.95688,5.73735,2023,6,Belgium,HUMAN_OBSERVATION
50.95688,5.73735,2023,6,Belgium,HUMAN_OBSERVATION
50.95688,5.73735,2023,6,Belgium,HUMAN_OBSERVATION
50.95688,5.73735,2023,6,Belgium,HUMAN_OBSERVATION
50.95688,5.73735,2023,6,Belgium,HUMAN_OBSERVATION
50.95688,5.73735,2023,6,Belgium,HUMAN_OBSERVATION
50.95688,5.73735,2023,6,Belgium,HUMAN_OBSERVATION
50.95688,5.73735,2023,6,Belgium,HUMAN_OBSERVATION
50.95688,5.73735,2023,6,Belgium,HUMAN_OBSERVATION
50.95688,5.73735,2023,6,Belgium,HUMAN_OBSERVATION
50.95688,5.73735,2023,6,Belgium,HUMAN_OBSERVATION
50.95688,5.73735,2023,6,Belgium,HUMAN_OBSERVATION
50.95688,5.73735,2023,6,Belgium,HUMAN_OBSERVATION
50.95688,5.73735,2023,6,Belgium,HUMAN_OBSERVATION
50.95688,5.73735,2023,6,Belgium,HUMAN_OBSERVATION
50.95688,5.73735,2023,6,Belgium,HUMAN_OBSERVATION
50.95688,5.73735,2023,6,Belgium,HUMAN_OBSERVATION
50.95688,5.73735,2023,6,Belgium,HUMAN_OBSERVATION
50.95688,5.73735,2023,6,Belgium,HUMAN_OBSERVATION
50.95688,5.73735,2023,6,Belgium,HUMAN_OBSERVATION
50.95688,5.73735,2023,6,Belgium,HUMAN_OBSERVATION
50.95688,5.73735,2023,6,Belgium,HUMAN_OBSERVATION
50.95688,5.73735,2023,6,Belgium,HUMAN_OBSERVATION
50.95688,5.73735,2023,6,Belgium,HUMAN_OBSERVATION
50.95688,5.73735,2023,6,Belgium,HUMAN_OBSERVATION
50.95688,5.73735,2023,6,Belgium,HUMAN_OBSERVATION
50.95688,5.73735,2023,6,Belgium,HUMAN_OBSERVATION
50.95688,5.73735,2023,6,Belgium,HUMAN_OBSERVATION
50.95688,5.73735,2023,6,Belgium,HUMAN_OBSERVATION
50.95688,5.73735,2023,6,Belgium,HUMAN_OBSERVATION
50.95688,5.73735,2023,6,Belgium,HUMAN_OBSERVATION
50.95688,5.73735,2023,6,Belgium,HUMAN_OBSERVATION
50.95688,5.73735,2023,6,Belgium,HUMAN_OBSERVATION
50.95688,5.73735,2023,6,Belgium,HUMAN_OBSERVATION
50.95688,5.73735,2023,6,Belgium,HUMAN_OBSERVATION
50.95688,5.73735,2023,6,Belgium,HUMAN_OBSERVATION
50.95688,5.73735,2023,6,Belgium,HUMAN_OBSERVATION
50.95688,5.73735,2023,6,Belgium,HUMAN_OBSERVATION
50.95688,5.73735,2023,6,Belgium,HUMAN_OBSERVATION
50.95688,5.73735,2023,6,Belgium,HUMAN_OBSERVATION
50.95688,5.73735,2023,6,Belgium,HUMAN_OBSERVATION
50.95688,5.73735,2023,6,Belgium,HUMAN_OBSERVATION
50.95688,5.73735,2023,6,Belgium,HUMAN_OBSERVATION
50.95688,5.73735,2023,6,Belgium,HUMAN_OBSERVATION
50.95688,5.73735,2023,6,Belgium,HUMAN_OBSERVATION
50.95688,5.73735,2023,6,Belgium,HUMAN_OBSERVATION
50.95688,5.73735,2023,6,Belgium,HUMAN_OBSERVATION
50.95688,5.73735,2023,6,Belgium,HUMAN_OBSERVATION
50.95688,5.73735,2023,6,Belgium,HUMAN_OBSERVATION
50.95688,5.73735,2022,5,Belgium,HUMAN_OBSERVATION
50.95688,5.73735,2022,5,Belgium,HUMAN_OBSERVATION
50.95688,5.73735,2022,5,Belgium,HUMAN_OBSERVATION
50.95688,5.73735,2022,5,Belgium,HUMAN_OBSERVATION
50.95688,5.73735,2022,5,Belgium,HUMAN_OBSERVATION
50.95688,5.73735,2022,5,Belgium,HUMAN_OBSERVATION
50.95688,5.73735,2022,5,Belgium,HUMAN_OBSERVATION
50.95688,5.73735,2022,5,Belgium,HUMAN_OBSERVATION
50.95688,5.73735,2022,5,Belgium,HUMAN_OBSERVATION
50.95688,5.73735,2022,5,Belgium,HUMAN_OBSERVATION
50.95688,5.73735,2022,5,Belgium,HUMAN_OBSERVATION
50.95688,5.73735,2022,5,Belgium,HUMAN_OBSERVATION
50.95688,5.73735,2022,5,Belgium,HUMAN_OBSERVATION
50.95688,5.73735,2022,5,Belgium,HUMAN_OBSERVATION
50.95688,5.73735,2022,5,Belgium,HUMAN_OBSERVATION
50.95688,5.73735,2022,5,Belgium,HUMAN_OBSERVATION
50.95688,5.73735,2022,5,Belgium,HUMAN_OBSERVATION
50.95688,5.73735,2022,5,Belgium,HUMAN_OBSERVATION
50.95688,5.73735,2022,5,Belgium,HUMAN_OBSERVATION
50.95688,5.73735,2022,5,Belgium,HUMAN_OBSERVATION
50.95688,5.73735,2022,5,Belgium,HUMAN_OBSERVATION
50.95688,5.73735,2022,5,Belgium,HUMAN_OBSERVATION
50.95688,5.73735,2022,5,Belgium,HUMAN_OBSERVATION
50.95688,5.73735,2022,5,Belgium,HUMAN_OBSERVATION
50.95688,5.73735,2022,5,Belgium,HUMAN_OBSERVATION
50.95688,5.73735,2022,5,Belgium,HUMAN_OBSERVATION
50.95688,5.73735,2022,5,Belgium,HUMAN_OBSERVATION
50.95688,5.73735,2022,5,Belgium,HUMAN_OBSERVATION
50.95688,5.73735,2022,5,Belgium,HUMAN_OBSERVATION
50.95688,5.73735,2022,5,Belgium,HUMAN_OBSERVATION
50.95688,5.73735,2022,5,Belgium,HUMAN_OBSERVATION
50.95688,5.73735,2022,5,Belgium,HUMAN_OBSERVATION
50.95688,5.73735,2022,5,Belgium,HUMAN_OBSERVATION
50.95688,5.73735,2022,5,Belgium,HUMAN_OBSERVATION
50.95688,5.73735,2022,5,Belgium,HUMAN_OBSERVATION
50.95688,5.73735,2022,5,Belgium,HUMAN_OBSERVATION
50.95688,5.73735,2022,5,Belgium,HUMAN_OBSERVATION
50.95688,5.73735,2021,6,Belgium,HUMAN_OBSERVATION
50.95688,5.73735,2021,6,Belgium,HUMAN_OBSERVATION
50.95688,5.73735,2021,6,Belgium,HUMAN_OBSERVATION
50.95688,5.73735,2021,6,Belgium,HUMAN_OBSERVATION
50.95688,5.73735,2021,6,Belgium,HUMAN_OBSERVATION
50.95688,5.73735,2021,6,Belgium,HUMAN_OBSERVATION
50.95688,5.73735,2021,6,Belgium,HUMAN_OBSERVATION
50.95688,5.73735,2021,6,Belgium,HUMAN_OBSERVATION
50.95688,5.73735,2021,6,Belgium,HUMAN_OBSERVATION
50.95688,5.73735,2021,6,Belgium,HUMAN_OBSERVATION
50.95688,5.73735,2021,6,Belgium,HUMAN_OBSERVATION
50.95688,5.73735,2021,6,Belgium,HUMAN_OBSERVATION
50.95688,5.73735,2021,6,Belgium,HUMAN_OBSERVATION
50.95688,5.73735,2021,6,Belgium,HUMAN_OBSERVATION
50.95688,5.73735,2021,6,Belgium,HUMAN_OBSERVATION
50.96529,4.44824,2024,6,Belgium,HUMAN_OBSERVATION
50.96539,4.44917,2024,2,Belgium,HUMAN_OBSERVATION
50.96712,5.49807,2025,5,Belgium,HUMAN_OBSERVATION
50.96853,4.31913,2024,11,Belgium,HUMAN_OBSERVATION
50.97125,4.56881,2023,7,Belgium,HUMAN_OBSERVATION
50.9735,3.13965,2021,6,Belgium,HUMAN_OBSERVATION
50.97393,4.56024,2023,5,Belgium,HUMAN_OBSERVATION
50.97476,4.55912,2020,5,Belgium,HUMAN_OBSERVATION
50.97626,3.7061,2022,7,Belgium,HUMAN_OBSERVATION
50.97626,3.7061,2022,7,Belgium,HUMAN_OBSERVATION
50.97626,3.7061,2022,7,Belgium,HUMAN_OBSERVATION
50.97626,3.7061,2022,7,Belgium,HUMAN_OBSERVATION
50.97626,3.7061,2022,7,Belgium,HUMAN_OBSERVATION
50.97626,3.7061,2022,7,Belgium,HUMAN_OBSERVATION
50.97626,3.7061,2022,7,Belgium,HUMAN_OBSERVATION
50.97626,3.7061,2022,7,Belgium,HUMAN_OBSERVATION
50.97626,3.7061,2022,7,Belgium,HUMAN_OBSERVATION
50.97626,3.7061,2022,7,Belgium,HUMAN_OBSERVATION
50.97626,3.7061,2022,7,Belgium,HUMAN_OBSERVATION
50.97626,3.7061,2022,7,Belgium,HUMAN_OBSERVATION
50.97626,3.7061,2022,7,Belgium,HUMAN_OBSERVATION
50.97626,3.7061,2022,7,Belgium,HUMAN_OBSERVATION
50.97626,3.7061,2022,7,Belgium,HUMAN_OBSERVATION
50.97626,3.7061,2022,7,Belgium,HUMAN_OBSERVATION
50.97626,3.7061,2022,7,Belgium,HUMAN_OBSERVATION
50.97626,3.7061,2022,7,Belgium,HUMAN_OBSERVATION
50.97626,3.7061,2022,7,Belgium,HUMAN_OBSERVATION
50.97626,3.7061,2022,7,Belgium,HUMAN_OBSERVATION
50.97626,3.7061,2022,7,Belgium,HUMAN_OBSERVATION
50.97626,3.7061,2022,7,Belgium,HUMAN_OBSERVATION
50.97626,3.7061,2022,7,Belgium,HUMAN_OBSERVATION
50.97626,3.7061,2022,7,Belgium,HUMAN_OBSERVATION
50.97626,3.7061,2022,7,Belgium,HUMAN_OBSERVATION
50.97626,3.7061,2022,7,Belgium,HUMAN_OBSERVATION
50.97626,3.7061,2022,7,Belgium,HUMAN_OBSERVATION
50.97626,3.7061,2022,7,Belgium,HUMAN_OBSERVATION
50.97626,3.7061,2022,7,Belgium,HUMAN_OBSERVATION
50.97626,3.7061,2022,7,Belgium,HUMAN_OBSERVATION
50.97626,3.7061,2022,7,Belgium,HUMAN_OBSERVATION
50.97626,3.7061,2022,7,Belgium,HUMAN_OBSERVATION
50.97626,3.7061,2022,7,Belgium,HUMAN_OBSERVATION
50.97626,3.7061,2022,7,Belgium,HUMAN_OBSERVATION
50.97626,3.7061,2022,7,Belgium,HUMAN_OBSERVATION
50.97626,3.7061,2022,7,Belgium,HUMAN_OBSERVATION
50.97626,3.7061,2022,7,Belgium,HUMAN_OBSERVATION
50.97626,3.7061,2022,7,Belgium,HUMAN_OBSERVATION
50.97626,3.7061,2022,7,Belgium,HUMAN_OBSERVATION
50.97626,3.7061,2022,7,Belgium,HUMAN_OBSERVATION
50.97626,3.7061,2022,7,Belgium,HUMAN_OBSERVATION
50.97626,3.7061,2022,7,Belgium,HUMAN_OBSERVATION
50.97626,3.7061,2022,7,Belgium,HUMAN_OBSERVATION
50.97626,3.7061,2022,7,Belgium,HUMAN_OBSERVATION
50.97626,3.7061,2022,7,Belgium,HUMAN_OBSERVATION
50.97626,3.7061,2022,7,Belgium,HUMAN_OBSERVATION
50.97626,3.7061,2022,7,Belgium,HUMAN_OBSERVATION
50.97626,3.7061,2022,7,Belgium,HUMAN_OBSERVATION
50.97626,3.7061,2022,7,Belgium,HUMAN_OBSERVATION
50.97626,3.7061,2022,7,Belgium,HUMAN_OBSERVATION
50.97626,3.7061,2022,7,Belgium,HUMAN_OBSERVATION
50.97626,3.7061,2022,7,Belgium,HUMAN_OBSERVATION
50.97626,3.7061,2022,7,Belgium,HUMAN_OBSERVATION
50.97626,3.7061,2022,7,Belgium,HUMAN_OBSERVATION
50.97626,3.7061,2022,7,Belgium,HUMAN_OBSERVATION
50.97626,3.7061,2022,7,Belgium,HUMAN_OBSERVATION
50.97626,3.7061,2022,7,Belgium,HUMAN_OBSERVATION
50.97626,3.7061,2022,7,Belgium,HUMAN_OBSERVATION
50.97626,3.7061,2022,7,Belgium,HUMAN_OBSERVATION
50.97626,3.7061,2022,7,Belgium,HUMAN_OBSERVATION
50.97626,3.7061,2022,7,Belgium,HUMAN_OBSERVATION
50.97626,3.7061,2022,7,Belgium,HUMAN_OBSERVATION
50.97626,3.7061,2022,7,Belgium,HUMAN_OBSERVATION
50.97941,4.79815,2025,5,Belgium,HUMAN_OBSERVATION
50.9821,4.54752,2023,8,Belgium,HUMAN_OBSERVATION
50.982787,4.546472,2024,8,Belgium,HUMAN_OBSERVATION
50.98312,4.38711,2024,10,Belgium,HUMAN_OBSERVATION
50.98374,4.51265,2023,9,Belgium,HUMAN_OBSERVATION
50.98607,4.82852,2021,7,Belgium,HUMAN_OBSERVATION
50.98847,4.38286,2022,10,Belgium,HUMAN_OBSERVATION
50.98853,4.50925,2022,8,Belgium,HUMAN_OBSERVATION
50.99166,3.57132,2024,10,Belgium,HUMAN_OBSERVATION
50.99168,3.57102,2024,10,Belgium,HUMAN_OBSERVATION
50.99176,5.00924,2024,5,Belgium,HUMAN_OBSERVATION
50.99181,5.70683,2022,8,Belgium,HUMAN_OBSERVATION
50.99318,3.8362,2024,9,Belgium,HUMAN_OBSERVATION
50.99365,4.39049,2021,11,Belgium,HUMAN_OBSERVATION
50.995518,3.804168,2020,6,Belgium,HUMAN_OBSERVATION
50.99587,3.7229,2022,7,Belgium,HUMAN_OBSERVATION
50.99587,3.7229,2022,7,Belgium,HUMAN_OBSERVATION
50.99587,3.7229,2022,7,Belgium,HUMAN_OBSERVATION
50.99696,4.51888,2022,7,Belgium,HUMAN_OBSERVATION
50.99723,4.38652,2023,6,Belgium,HUMAN_OBSERVATION
50.99963,4.38376,2023,6,Belgium,HUMAN_OBSERVATION
50.99982,4.51169,2021,5,Belgium,HUMAN_OBSERVATION
51,5.85,2024,8,Netherlands,HUMAN_OBSERVATION
51.0019,5.41519,2023,8,Belgium,HUMAN_OBSERVATION
51.00327,3.86759,2024,4,Belgium,HUMAN_OBSERVATION
51.00327,3.86759,2024,4,Belgium,HUMAN_OBSERVATION
51.00327,3.86759,2024,7,Belgium,HUMAN_OBSERVATION
51.00327,3.86759,2024,7,Belgium,HUMAN_OBSERVATION
51.00327,3.86759,2024,7,Belgium,HUMAN_OBSERVATION
51.00327,3.86759,2024,7,Belgium,HUMAN_OBSERVATION
51.00327,3.86759,2024,7,Belgium,HUMAN_OBSERVATION
51.00327,3.86759,2024,7,Belgium,HUMAN_OBSERVATION
51.00327,3.86759,2024,7,Belgium,HUMAN_OBSERVATION
51.00327,3.86759,2024,7,Belgium,HUMAN_OBSERVATION
51.00327,3.86759,2023,7,Belgium,HUMAN_OBSERVATION
51.00327,3.86759,2023,10,Belgium,HUMAN_OBSERVATION
51.00327,3.86759,2021,4,Belgium,HUMAN_OBSERVATION
51.00327,3.86759,2021,6,Belgium,HUMAN_OBSERVATION
51.00327,3.86759,2021,6,Belgium,HUMAN_OBSERVATION
51.00327,3.86759,2020,4,Belgium,HUMAN_OBSERVATION
51.00327,3.86759,2020,4,Belgium,HUMAN_OBSERVATION
51.00374,4.07794,2024,8,Belgium,HUMAN_OBSERVATION
51.00458,3.99858,2024,9,Belgium,HUMAN_OBSERVATION
51.00459,3.99856,2024,9,Belgium,HUMAN_OBSERVATION
51.00632,5.76664,2024,8,Belgium,HUMAN_OBSERVATION
51.00632,5.76664,2024,8,Belgium,HUMAN_OBSERVATION
51.00632,5.76664,2024,8,Belgium,HUMAN_OBSERVATION
51.00632,5.76664,2024,8,Belgium,HUMAN_OBSERVATION
51.00632,5.76664,2024,8,Belgium,HUMAN_OBSERVATION
51.00632,5.76664,2024,8,Belgium,HUMAN_OBSERVATION
51.00632,5.76664,2024,8,Belgium,HUMAN_OBSERVATION
51.00632,5.76664,2024,8,Belgium,HUMAN_OBSERVATION
51.00632,5.76664,2024,8,Belgium,HUMAN_OBSERVATION
51.00632,5.76664,2024,8,Belgium,HUMAN_OBSERVATION
51.00632,5.76664,2024,8,Belgium,HUMAN_OBSERVATION
51.00632,5.76664,2024,8,Belgium,HUMAN_OBSERVATION
51.00632,5.76664,2024,8,Belgium,HUMAN_OBSERVATION
51.00632,5.76664,2024,8,Belgium,HUMAN_OBSERVATION
51.00632,5.76664,2024,8,Belgium,HUMAN_OBSERVATION
51.00632,5.76664,2024,8,Belgium,HUMAN_OBSERVATION
51.00632,5.76664,2024,8,Belgium,HUMAN_OBSERVATION
51.00632,5.76664,2024,8,Belgium,HUMAN_OBSERVATION
51.00632,5.76664,2024,8,Belgium,HUMAN_OBSERVATION
51.00632,5.76664,2024,8,Belgium,HUMAN_OBSERVATION
51.00632,5.76664,2024,8,Belgium,HUMAN_OBSERVATION
51.00632,5.76664,2024,8,Belgium,HUMAN_OBSERVATION
51.00632,5.76664,2024,8,Belgium,HUMAN_OBSERVATION
51.00632,5.76664,2023,6,Belgium,HUMAN_OBSERVATION
51.00632,5.76664,2023,6,Belgium,HUMAN_OBSERVATION
51.00632,5.76664,2023,6,Belgium,HUMAN_OBSERVATION
51.00632,5.76664,2023,6,Belgium,HUMAN_OBSERVATION
51.00632,5.76664,2023,6,Belgium,HUMAN_OBSERVATION
51.00632,5.76664,2023,6,Belgium,HUMAN_OBSERVATION
51.00632,5.76664,2023,6,Belgium,HUMAN_OBSERVATION
51.00632,5.76664,2023,6,Belgium,HUMAN_OBSERVATION
51.00632,5.76664,2023,6,Belgium,HUMAN_OBSERVATION
51.00632,5.76664,2023,6,Belgium,HUMAN_OBSERVATION
51.00632,5.76664,2023,6,Belgium,HUMAN_OBSERVATION
51.00632,5.76664,2023,6,Belgium,HUMAN_OBSERVATION
51.00632,5.76664,2023,6,Belgium,HUMAN_OBSERVATION
51.00632,5.76664,2023,6,Belgium,HUMAN_OBSERVATION
51.00632,5.76664,2023,6,Belgium,HUMAN_OBSERVATION
51.00632,5.76664,2023,6,Belgium,HUMAN_OBSERVATION
51.00632,5.76664,2023,6,Belgium,HUMAN_OBSERVATION
51.00632,5.76664,2023,6,Belgium,HUMAN_OBSERVATION
51.00632,5.76664,2023,6,Belgium,HUMAN_OBSERVATION
51.00632,5.76664,2023,6,Belgium,HUMAN_OBSERVATION
51.00632,5.76664,2023,6,Belgium,HUMAN_OBSERVATION
51.00632,5.76664,2023,6,Belgium,HUMAN_OBSERVATION
51.00632,5.76664,2023,6,Belgium,HUMAN_OBSERVATION
51.00632,5.76664,2023,6,Belgium,HUMAN_OBSERVATION
51.00632,5.76664,2023,6,Belgium,HUMAN_OBSERVATION
51.00632,5.76664,2023,6,Belgium,HUMAN_OBSERVATION
51.00632,5.76664,2023,6,Belgium,HUMAN_OBSERVATION
51.00632,5.76664,2023,6,Belgium,HUMAN_OBSERVATION
51.00632,5.76664,2023,6,Belgium,HUMAN_OBSERVATION
51.00632,5.76664,2023,6,Belgium,HUMAN_OBSERVATION
51.00632,5.76664,2023,6,Belgium,HUMAN_OBSERVATION
51.00632,5.76664,2023,6,Belgium,HUMAN_OBSERVATION
51.00632,5.76664,2023,6,Belgium,HUMAN_OBSERVATION
51.00632,5.76664,2023,6,Belgium,HUMAN_OBSERVATION
51.00632,5.76664,2023,6,Belgium,HUMAN_OBSERVATION
51.00632,5.76664,2023,6,Belgium,HUMAN_OBSERVATION
51.00632,5.76664,2023,6,Belgium,HUMAN_OBSERVATION
51.00632,5.76664,2023,6,Belgium,HUMAN_OBSERVATION
51.00632,5.76664,2023,6,Belgium,HUMAN_OBSERVATION
51.00632,5.76664,2023,6,Belgium,HUMAN_OBSERVATION
51.00632,5.76664,2023,6,Belgium,HUMAN_OBSERVATION
51.00632,5.76664,2023,6,Belgium,HUMAN_OBSERVATION
51.00632,5.76664,2023,6,Belgium,HUMAN_OBSERVATION
51.00632,5.76664,2023,6,Belgium,HUMAN_OBSERVATION
51.00632,5.76664,2023,6,Belgium,HUMAN_OBSERVATION
51.00632,5.76664,2023,6,Belgium,HUMAN_OBSERVATION
51.00632,5.76664,2023,6,Belgium,HUMAN_OBSERVATION
51.00632,5.76664,2023,6,Belgium,HUMAN_OBSERVATION
51.00632,5.76664,2023,6,Belgium,HUMAN_OBSERVATION
51.00632,5.76664,2023,6,Belgium,HUMAN_OBSERVATION
51.00632,5.76664,2023,6,Belgium,HUMAN_OBSERVATION
51.00632,5.76664,2023,6,Belgium,HUMAN_OBSERVATION
51.00632,5.76664,2023,6,Belgium,HUMAN_OBSERVATION
51.00632,5.76664,2023,6,Belgium,HUMAN_OBSERVATION
51.00632,5.76664,2023,6,Belgium,HUMAN_OBSERVATION
51.00632,5.76664,2022,5,Belgium,HUMAN_OBSERVATION
51.00632,5.76664,2022,5,Belgium,HUMAN_OBSERVATION
51.00632,5.76664,2022,5,Belgium,HUMAN_OBSERVATION
51.00632,5.76664,2022,5,Belgium,HUMAN_OBSERVATION
51.00632,5.76664,2022,5,Belgium,HUMAN_OBSERVATION
51.00632,5.76664,2022,5,Belgium,HUMAN_OBSERVATION
51.00632,5.76664,2022,5,Belgium,HUMAN_OBSERVATION
51.00632,5.76664,2022,5,Belgium,HUMAN_OBSERVATION
51.00632,5.76664,2022,5,Belgium,HUMAN_OBSERVATION
51.00632,5.76664,2022,5,Belgium,HUMAN_OBSERVATION
51.00632,5.76664,2022,5,Belgium,HUMAN_OBSERVATION
51.00632,5.76664,2022,5,Belgium,HUMAN_OBSERVATION
51.00632,5.76664,2022,5,Belgium,HUMAN_OBSERVATION
51.00632,5.76664,2022,5,Belgium,HUMAN_OBSERVATION
51.00632,5.76664,2022,5,Belgium,HUMAN_OBSERVATION
51.00632,5.76664,2022,5,Belgium,HUMAN_OBSERVATION
51.00632,5.76664,2021,6,Belgium,HUMAN_OBSERVATION
51.00632,5.76664,2021,6,Belgium,HUMAN_OBSERVATION
51.00632,5.76664,2021,6,Belgium,HUMAN_OBSERVATION
51.007,3.94402,2020,2,Belgium,HUMAN_OBSERVATION
51.01004,5.24338,2025,4,Belgium,HUMAN_OBSERVATION
51.01021,5.24346,2025,4,Belgium,HUMAN_OBSERVATION
51.0121,3.73929,2022,8,Belgium,HUMAN_OBSERVATION
51.01225,3.58902,2023,6,Belgium,HUMAN_OBSERVATION
51.01225,3.58902,2023,6,Belgium,HUMAN_OBSERVATION
51.01225,3.58902,2023,6,Belgium,HUMAN_OBSERVATION
51.01225,3.58902,2023,6,Belgium,HUMAN_OBSERVATION
51.01225,3.58902,2023,6,Belgium,HUMAN_OBSERVATION
51.01225,3.58902,2023,6,Belgium,HUMAN_OBSERVATION
51.01225,3.58902,2023,6,Belgium,HUMAN_OBSERVATION
51.01225,3.58902,2023,6,Belgium,HUMAN_OBSERVATION
51.01225,3.58902,2023,6,Belgium,HUMAN_OBSERVATION
51.01225,3.58902,2023,6,Belgium,HUMAN_OBSERVATION
51.01225,3.58902,2023,6,Belgium,HUMAN_OBSERVATION
51.01225,3.58902,2023,6,Belgium,HUMAN_OBSERVATION
51.01225,3.58902,2023,6,Belgium,HUMAN_OBSERVATION
51.01225,3.58902,2023,6,Belgium,HUMAN_OBSERVATION
51.01225,3.58902,2023,6,Belgium,HUMAN_OBSERVATION
51.01225,3.58902,2023,6,Belgium,HUMAN_OBSERVATION
51.01225,3.58902,2023,6,Belgium,HUMAN_OBSERVATION
51.01225,3.58902,2023,6,Belgium,HUMAN_OBSERVATION
51.01225,3.58902,2023,6,Belgium,HUMAN_OBSERVATION
51.01225,3.58902,2023,6,Belgium,HUMAN_OBSERVATION
51.01225,3.58902,2023,6,Belgium,HUMAN_OBSERVATION
51.01225,3.58902,2023,6,Belgium,HUMAN_OBSERVATION
51.01225,3.58902,2023,6,Belgium,HUMAN_OBSERVATION
51.01225,3.58902,2023,6,Belgium,HUMAN_OBSERVATION
51.01225,3.58902,2023,6,Belgium,HUMAN_OBSERVATION
51.01225,3.58902,2023,6,Belgium,HUMAN_OBSERVATION
51.01225,3.58902,2023,6,Belgium,HUMAN_OBSERVATION
51.01225,3.58902,2023,6,Belgium,HUMAN_OBSERVATION
51.01225,3.58902,2023,6,Belgium,HUMAN_OBSERVATION
51.01225,3.58902,2023,6,Belgium,HUMAN_OBSERVATION
51.01225,3.58902,2023,6,Belgium,HUMAN_OBSERVATION
51.01225,3.58902,2023,6,Belgium,HUMAN_OBSERVATION
51.01225,3.58902,2023,6,Belgium,HUMAN_OBSERVATION
51.01225,3.58902,2023,6,Belgium,HUMAN_OBSERVATION
51.01225,3.58902,2023,6,Belgium,HUMAN_OBSERVATION
51.01225,3.58902,2023,6,Belgium,HUMAN_OBSERVATION
51.01225,3.58902,2023,6,Belgium,HUMAN_OBSERVATION
51.01225,3.58902,2023,6,Belgium,HUMAN_OBSERVATION
51.01225,3.58902,2023,6,Belgium,HUMAN_OBSERVATION
51.01225,3.58902,2023,6,Belgium,HUMAN_OBSERVATION
51.01225,3.58902,2023,6,Belgium,HUMAN_OBSERVATION
51.01225,3.58902,2023,6,Belgium,HUMAN_OBSERVATION
51.01225,3.58902,2023,6,Belgium,HUMAN_OBSERVATION
51.01225,3.58902,2023,6,Belgium,HUMAN_OBSERVATION
51.01225,3.58902,2023,6,Belgium,HUMAN_OBSERVATION
51.01225,3.58902,2023,6,Belgium,HUMAN_OBSERVATION
51.01225,3.58902,2023,6,Belgium,HUMAN_OBSERVATION
51.01225,3.58902,2023,6,Belgium,HUMAN_OBSERVATION
51.01225,3.58902,2023,6,Belgium,HUMAN_OBSERVATION
51.01225,3.58902,2023,6,Belgium,HUMAN_OBSERVATION
51.014,3.742,2022,11,Belgium,HUMAN_OBSERVATION
51.01556,3.7875,2025,3,Belgium,HUMAN_OBSERVATION
51.01693,3.92546,2022,10,Belgium,HUMAN_OBSERVATION
51.01877,4.47566,2024,7,Belgium,HUMAN_OBSERVATION
51.02122,4.47183,2025,6,Belgium,HUMAN_OBSERVATION
51.02163,3.64043,2024,10,Belgium,HUMAN_OBSERVATION
51.02174,3.63971,2020,4,Belgium,HUMAN_OBSERVATION
51.02174,3.63971,2020,4,Belgium,HUMAN_OBSERVATION
51.02174,3.63971,2020,4,Belgium,HUMAN_OBSERVATION
51.02174,3.63971,2020,4,Belgium,HUMAN_OBSERVATION
51.02174,3.63971,2020,4,Belgium,HUMAN_OBSERVATION
51.02174,3.63971,2020,4,Belgium,HUMAN_OBSERVATION
51.02174,3.63971,2020,4,Belgium,HUMAN_OBSERVATION
51.02174,3.63971,2020,4,Belgium,HUMAN_OBSERVATION
51.02174,3.63971,2020,4,Belgium,HUMAN_OBSERVATION
51.02594,4.79247,2022,7,Belgium,HUMAN_OBSERVATION
51.02733,3.69677,2022,6,Belgium,HUMAN_OBSERVATION
51.02935,3.66722,2024,4,Belgium,HUMAN_OBSERVATION
51.02935,3.66722,2024,4,Belgium,HUMAN_OBSERVATION
51.02935,3.66722,2024,4,Belgium,HUMAN_OBSERVATION
51.02935,3.66722,2024,4,Belgium,HUMAN_OBSERVATION
51.02935,3.66722,2024,4,Belgium,HUMAN_OBSERVATION
51.02935,3.66722,2024,4,Belgium,HUMAN_OBSERVATION
51.02935,3.66722,2024,4,Belgium,HUMAN_OBSERVATION
51.02935,3.66722,2024,4,Belgium,HUMAN_OBSERVATION
51.02935,3.66722,2024,4,Belgium,HUMAN_OBSERVATION
51.02935,3.66722,2024,4,Belgium,HUMAN_OBSERVATION
51.02935,3.66722,2024,4,Belgium,HUMAN_OBSERVATION
51.02935,3.66722,2024,4,Belgium,HUMAN_OBSERVATION
51.02935,3.66722,2024,4,Belgium,HUMAN_OBSERVATION
51.02935,3.66722,2024,4,Belgium,HUMAN_OBSERVATION
51.02935,3.66722,2024,4,Belgium,HUMAN_OBSERVATION
51.02935,3.66722,2024,4,Belgium,HUMAN_OBSERVATION
51.02935,3.66722,2024,4,Belgium,HUMAN_OBSERVATION
51.02935,3.66722,2024,4,Belgium,HUMAN_OBSERVATION
51.02935,3.66722,2024,4,Belgium,HUMAN_OBSERVATION
51.02935,3.66722,2024,4,Belgium,HUMAN_OBSERVATION
51.02935,3.66722,2024,4,Belgium,HUMAN_OBSERVATION
51.02935,3.66722,2024,4,Belgium,HUMAN_OBSERVATION
51.02935,3.66722,2024,4,Belgium,HUMAN_OBSERVATION
51.02935,3.66722,2024,4,Belgium,HUMAN_OBSERVATION
51.02935,3.66722,2024,4,Belgium,HUMAN_OBSERVATION
51.02935,3.66722,2024,4,Belgium,HUMAN_OBSERVATION
51.02935,3.66722,2024,4,Belgium,HUMAN_OBSERVATION
51.02935,3.66722,2024,4,Belgium,HUMAN_OBSERVATION
51.02935,3.66722,2024,4,Belgium,HUMAN_OBSERVATION
51.02935,3.66722,2024,4,Belgium,HUMAN_OBSERVATION
51.02935,3.66722,2024,4,Belgium,HUMAN_OBSERVATION
51.03018,3.74242,2023,6,Belgium,HUMAN_OBSERVATION
51.03296,4.41176,2022,7,Belgium,HUMAN_OBSERVATION
51.03485,4.45126,2024,7,Belgium,HUMAN_OBSERVATION
51.03631,3.68348,2025,4,Belgium,HUMAN_OBSERVATION
51.03694,4.44071,2024,6,Belgium,HUMAN_OBSERVATION
51.0372,4.44905,2021,4,Belgium,HUMAN_OBSERVATION
51.0372,4.44905,2021,4,Belgium,HUMAN_OBSERVATION
51.04003,3.72442,2022,11,Belgium,HUMAN_OBSERVATION
51.04119,3.80053,2021,8,Belgium,HUMAN_OBSERVATION
51.042136,10.451526,2021,8,Germany,HUMAN_OBSERVATION
51.04274,4.43976,2024,6,Belgium,HUMAN_OBSERVATION
51.0431,3.80614,2023,5,Belgium,HUMAN_OBSERVATION
51.04407,5.02219,2025,4,Belgium,HUMAN_OBSERVATION
51.04528,4.43667,2024,6,Belgium,HUMAN_OBSERVATION
51.0459,3.80553,2023,5,Belgium,HUMAN_OBSERVATION
51.04594,3.70462,2023,7,Belgium,HUMAN_OBSERVATION
51.04661,3.71889,2023,11,Belgium,HUMAN_OBSERVATION
51.04677,3.71894,2023,11,Belgium,HUMAN_OBSERVATION
51.04771,4.43582,2024,6,Belgium,HUMAN_OBSERVATION
51.04825,3.71379,2023,10,Belgium,HUMAN_OBSERVATION
51.04837,4.06934,2024,4,Belgium,HUMAN_OBSERVATION
51.04837,4.06934,2023,4,Belgium,HUMAN_OBSERVATION
51.04837,4.06934,2022,4,Belgium,HUMAN_OBSERVATION
51.04842,3.69322,2023,10,Belgium,HUMAN_OBSERVATION
51.05,5.8,2025,6,Netherlands,HUMAN_OBSERVATION
51.05,5.8,2025,6,Netherlands,HUMAN_OBSERVATION
51.05,5.8,2024,2,Netherlands,HUMAN_OBSERVATION
51.05,5.8,2024,9,Netherlands,HUMAN_OBSERVATION
51.05,5.8,2024,9,Netherlands,HUMAN_OBSERVATION
51.05,5.8,2024,9,Netherlands,HUMAN_OBSERVATION
51.05,5.8,2023,5,Netherlands,HUMAN_OBSERVATION
51.05,5.8,2023,5,Netherlands,HUMAN_OBSERVATION
51.05,5.8,2021,2,Netherlands,HUMAN_OBSERVATION
51.05,5.8,2021,9,Netherlands,HUMAN_OBSERVATION
51.05,5.8,2021,9,Netherlands,HUMAN_OBSERVATION
51.05042,5.77111,2024,8,Belgium,HUMAN_OBSERVATION
51.05042,5.77111,2024,8,Belgium,HUMAN_OBSERVATION
51.05042,5.77111,2024,8,Belgium,HUMAN_OBSERVATION
51.05042,5.77111,2024,8,Belgium,HUMAN_OBSERVATION
51.05042,5.77111,2024,8,Belgium,HUMAN_OBSERVATION
51.05042,5.77111,2024,8,Belgium,HUMAN_OBSERVATION
51.05042,5.77111,2024,8,Belgium,HUMAN_OBSERVATION
51.05042,5.77111,2024,8,Belgium,HUMAN_OBSERVATION
51.05042,5.77111,2024,8,Belgium,HUMAN_OBSERVATION
51.05042,5.77111,2024,8,Belgium,HUMAN_OBSERVATION
51.05042,5.77111,2024,8,Belgium,HUMAN_OBSERVATION
51.05042,5.77111,2024,8,Belgium,HUMAN_OBSERVATION
51.05042,5.77111,2024,8,Belgium,HUMAN_OBSERVATION
51.05042,5.77111,2024,8,Belgium,HUMAN_OBSERVATION
51.05042,5.77111,2024,8,Belgium,HUMAN_OBSERVATION
51.05042,5.77111,2024,8,Belgium,HUMAN_OBSERVATION
51.05042,5.77111,2024,8,Belgium,HUMAN_OBSERVATION
51.05042,5.77111,2024,8,Belgium,HUMAN_OBSERVATION
51.05042,5.77111,2024,8,Belgium,HUMAN_OBSERVATION
51.05042,5.77111,2024,8,Belgium,HUMAN_OBSERVATION
51.05042,5.77111,2024,8,Belgium,HUMAN_OBSERVATION
51.05042,5.77111,2024,8,Belgium,HUMAN_OBSERVATION
51.05042,5.77111,2024,8,Belgium,HUMAN_OBSERVATION
51.05042,5.77111,2024,8,Belgium,HUMAN_OBSERVATION
51.05042,5.77111,2024,8,Belgium,HUMAN_OBSERVATION
51.05042,5.77111,2024,8,Belgium,HUMAN_OBSERVATION
51.05042,5.77111,2024,8,Belgium,HUMAN_OBSERVATION
51.05042,5.77111,2024,8,Belgium,HUMAN_OBSERVATION
51.05042,5.77111,2024,8,Belgium,HUMAN_OBSERVATION
51.05042,5.77111,2024,8,Belgium,HUMAN_OBSERVATION
51.05042,5.77111,2024,8,Belgium,HUMAN_OBSERVATION
51.05042,5.77111,2024,8,Belgium,HUMAN_OBSERVATION
51.05042,5.77111,2024,8,Belgium,HUMAN_OBSERVATION
51.05042,5.77111,2024,8,Belgium,HUMAN_OBSERVATION
51.05042,5.77111,2024,8,Belgium,HUMAN_OBSERVATION
51.05042,5.77111,2024,8,Belgium,HUMAN_OBSERVATION
51.05042,5.77111,2024,8,Belgium,HUMAN_OBSERVATION
51.05042,5.77111,2024,8,Belgium,HUMAN_OBSERVATION
51.05042,5.77111,2024,8,Belgium,HUMAN_OBSERVATION
51.05042,5.77111,2024,8,Belgium,HUMAN_OBSERVATION
51.05042,5.77111,2024,8,Belgium,HUMAN_OBSERVATION
51.05042,5.77111,2023,6,Belgium,HUMAN_OBSERVATION
51.05042,5.77111,2023,6,Belgium,HUMAN_OBSERVATION
51.05042,5.77111,2023,6,Belgium,HUMAN_OBSERVATION
51.05042,5.77111,2023,6,Belgium,HUMAN_OBSERVATION
51.05042,5.77111,2023,6,Belgium,HUMAN_OBSERVATION
51.05042,5.77111,2023,6,Belgium,HUMAN_OBSERVATION
51.05042,5.77111,2023,6,Belgium,HUMAN_OBSERVATION
51.05042,5.77111,2023,6,Belgium,HUMAN_OBSERVATION
51.05042,5.77111,2023,6,Belgium,HUMAN_OBSERVATION
51.05042,5.77111,2023,6,Belgium,HUMAN_OBSERVATION
51.05042,5.77111,2023,6,Belgium,HUMAN_OBSERVATION
51.05042,5.77111,2023,6,Belgium,HUMAN_OBSERVATION
51.05042,5.77111,2023,6,Belgium,HUMAN_OBSERVATION
51.05042,5.77111,2023,6,Belgium,HUMAN_OBSERVATION
51.05042,5.77111,2023,6,Belgium,HUMAN_OBSERVATION
51.05042,5.77111,2023,6,Belgium,HUMAN_OBSERVATION
51.05042,5.77111,2023,6,Belgium,HUMAN_OBSERVATION
51.05042,5.77111,2023,6,Belgium,HUMAN_OBSERVATION
51.05042,5.77111,2023,6,Belgium,HUMAN_OBSERVATION
51.05042,5.77111,2023,6,Belgium,HUMAN_OBSERVATION
51.05042,5.77111,2023,6,Belgium,HUMAN_OBSERVATION
51.05042,5.77111,2023,6,Belgium,HUMAN_OBSERVATION
51.05042,5.77111,2023,6,Belgium,HUMAN_OBSERVATION
51.05042,5.77111,2023,6,Belgium,HUMAN_OBSERVATION
51.05042,5.77111,2023,6,Belgium,HUMAN_OBSERVATION
51.05042,5.77111,2023,6,Belgium,HUMAN_OBSERVATION
51.05042,5.77111,2023,6,Belgium,HUMAN_OBSERVATION
51.05042,5.77111,2023,6,Belgium,HUMAN_OBSERVATION
51.05042,5.77111,2023,6,Belgium,HUMAN_OBSERVATION
51.05042,5.77111,2023,6,Belgium,HUMAN_OBSERVATION
51.05042,5.77111,2023,6,Belgium,HUMAN_OBSERVATION
51.05042,5.77111,2023,6,Belgium,HUMAN_OBSERVATION
51.05042,5.77111,2023,6,Belgium,HUMAN_OBSERVATION
51.05042,5.77111,2023,6,Belgium,HUMAN_OBSERVATION
51.05042,5.77111,2023,6,Belgium,HUMAN_OBSERVATION
51.05042,5.77111,2023,6,Belgium,HUMAN_OBSERVATION
51.05042,5.77111,2023,6,Belgium,HUMAN_OBSERVATION
51.05042,5.77111,2023,6,Belgium,HUMAN_OBSERVATION
51.05042,5.77111,2023,6,Belgium,HUMAN_OBSERVATION
51.05042,5.77111,2023,6,Belgium,HUMAN_OBSERVATION
51.05042,5.77111,2023,6,Belgium,HUMAN_OBSERVATION
51.05042,5.77111,2023,6,Belgium,HUMAN_OBSERVATION
51.05042,5.77111,2023,6,Belgium,HUMAN_OBSERVATION
51.05042,5.77111,2023,6,Belgium,HUMAN_OBSERVATION
51.05042,5.77111,2023,6,Belgium,HUMAN_OBSERVATION
51.05042,5.77111,2023,6,Belgium,HUMAN_OBSERVATION
51.05042,5.77111,2023,6,Belgium,HUMAN_OBSERVATION
51.05042,5.77111,2023,6,Belgium,HUMAN_OBSERVATION
51.05042,5.77111,2023,6,Belgium,HUMAN_OBSERVATION
51.05042,5.77111,2023,6,Belgium,HUMAN_OBSERVATION
51.05042,5.77111,2023,6,Belgium,HUMAN_OBSERVATION
51.05042,5.77111,2023,6,Belgium,HUMAN_OBSERVATION
51.05042,5.77111,2023,6,Belgium,HUMAN_OBSERVATION
51.05042,5.77111,2023,6,Belgium,HUMAN_OBSERVATION
51.05042,5.77111,2023,6,Belgium,HUMAN_OBSERVATION
51.05042,5.77111,2023,6,Belgium,HUMAN_OBSERVATION
51.05042,5.77111,2023,6,Belgium,HUMAN_OBSERVATION
51.05042,5.77111,2023,6,Belgium,HUMAN_OBSERVATION
51.05042,5.77111,2023,6,Belgium,HUMAN_OBSERVATION
51.05042,5.77111,2023,6,Belgium,HUMAN_OBSERVATION
51.05042,5.77111,2023,6,Belgium,HUMAN_OBSERVATION
51.05042,5.77111,2023,6,Belgium,HUMAN_OBSERVATION
51.05042,5.77111,2023,6,Belgium,HUMAN_OBSERVATION
51.05042,5.77111,2023,6,Belgium,HUMAN_OBSERVATION
51.05042,5.77111,2023,6,Belgium,HUMAN_OBSERVATION
51.05042,5.77111,2023,6,Belgium,HUMAN_OBSERVATION
51.05042,5.77111,2023,6,Belgium,HUMAN_OBSERVATION
51.05042,5.77111,2023,6,Belgium,HUMAN_OBSERVATION
51.05042,5.77111,2023,6,Belgium,HUMAN_OBSERVATION
51.05042,5.77111,2023,6,Belgium,HUMAN_OBSERVATION
51.05042,5.77111,2023,6,Belgium,HUMAN_OBSERVATION
51.05042,5.77111,2023,6,Belgium,HUMAN_OBSERVATION
51.05042,5.77111,2023,6,Belgium,HUMAN_OBSERVATION
51.05042,5.77111,2023,6,Belgium,HUMAN_OBSERVATION
51.05042,5.77111,2023,6,Belgium,HUMAN_OBSERVATION
51.05042,5.77111,2023,6,Belgium,HUMAN_OBSERVATION
51.05042,5.77111,2023,6,Belgium,HUMAN_OBSERVATION
51.05042,5.77111,2023,6,Belgium,HUMAN_OBSERVATION
51.05042,5.77111,2023,6,Belgium,HUMAN_OBSERVATION
51.05042,5.77111,2023,6,Belgium,HUMAN_OBSERVATION
51.05042,5.77111,2023,6,Belgium,HUMAN_OBSERVATION
51.05042,5.77111,2023,6,Belgium,HUMAN_OBSERVATION
51.05042,5.77111,2023,6,Belgium,HUMAN_OBSERVATION
51.05042,5.77111,2023,6,Belgium,HUMAN_OBSERVATION
51.05042,5.77111,2023,6,Belgium,HUMAN_OBSERVATION
51.05042,5.77111,2023,6,Belgium,HUMAN_OBSERVATION
51.05042,5.77111,2023,6,Belgium,HUMAN_OBSERVATION
51.05042,5.77111,2023,6,Belgium,HUMAN_OBSERVATION
51.05042,5.77111,2023,6,Belgium,HUMAN_OBSERVATION
51.05042,5.77111,2023,6,Belgium,HUMAN_OBSERVATION
51.05042,5.77111,2023,6,Belgium,HUMAN_OBSERVATION
51.05042,5.77111,2023,6,Belgium,HUMAN_OBSERVATION
51.05042,5.77111,2023,6,Belgium,HUMAN_OBSERVATION
51.05042,5.77111,2023,6,Belgium,HUMAN_OBSERVATION
51.05042,5.77111,2023,6,Belgium,HUMAN_OBSERVATION
51.05042,5.77111,2023,6,Belgium,HUMAN_OBSERVATION
51.05042,5.77111,2023,6,Belgium,HUMAN_OBSERVATION
51.05042,5.77111,2023,6,Belgium,HUMAN_OBSERVATION
51.05042,5.77111,2023,6,Belgium,HUMAN_OBSERVATION
51.05042,5.77111,2023,6,Belgium,HUMAN_OBSERVATION
51.05042,5.77111,2023,6,Belgium,HUMAN_OBSERVATION
51.05042,5.77111,2023,6,Belgium,HUMAN_OBSERVATION
51.05042,5.77111,2023,6,Belgium,HUMAN_OBSERVATION
51.05042,5.77111,2023,6,Belgium,HUMAN_OBSERVATION
51.05042,5.77111,2023,6,Belgium,HUMAN_OBSERVATION
51.05042,5.77111,2023,6,Belgium,HUMAN_OBSERVATION
51.05042,5.77111,2023,6,Belgium,HUMAN_OBSERVATION
51.05042,5.77111,2023,6,Belgium,HUMAN_OBSERVATION
51.05042,5.77111,2023,6,Belgium,HUMAN_OBSERVATION
51.05042,5.77111,2023,6,Belgium,HUMAN_OBSERVATION
51.05042,5.77111,2023,6,Belgium,HUMAN_OBSERVATION
51.05042,5.77111,2023,6,Belgium,HUMAN_OBSERVATION
51.05042,5.77111,2023,6,Belgium,HUMAN_OBSERVATION
51.05042,5.77111,2023,6,Belgium,HUMAN_OBSERVATION
51.05042,5.77111,2023,6,Belgium,HUMAN_OBSERVATION
51.05042,5.77111,2023,6,Belgium,HUMAN_OBSERVATION
51.05042,5.77111,2023,6,Belgium,HUMAN_OBSERVATION
51.05042,5.77111,2023,6,Belgium,HUMAN_OBSERVATION
51.05042,5.77111,2023,6,Belgium,HUMAN_OBSERVATION
51.05042,5.77111,2023,6,Belgium,HUMAN_OBSERVATION
51.05042,5.77111,2023,6,Belgium,HUMAN_OBSERVATION
51.05042,5.77111,2023,6,Belgium,HUMAN_OBSERVATION
51.05042,5.77111,2023,6,Belgium,HUMAN_OBSERVATION
51.05042,5.77111,2023,6,Belgium,HUMAN_OBSERVATION
51.05042,5.77111,2023,6,Belgium,HUMAN_OBSERVATION
51.05042,5.77111,2023,6,Belgium,HUMAN_OBSERVATION
51.05042,5.77111,2023,6,Belgium,HUMAN_OBSERVATION
51.05042,5.77111,2023,6,Belgium,HUMAN_OBSERVATION
51.05042,5.77111,2023,6,Belgium,HUMAN_OBSERVATION
51.05042,5.77111,2023,6,Belgium,HUMAN_OBSERVATION
51.05042,5.77111,2023,6,Belgium,HUMAN_OBSERVATION
51.05042,5.77111,2023,6,Belgium,HUMAN_OBSERVATION
51.05042,5.77111,2023,6,Belgium,HUMAN_OBSERVATION
51.05042,5.77111,2023,6,Belgium,HUMAN_OBSERVATION
51.05042,5.77111,2023,6,Belgium,HUMAN_OBSERVATION
51.05042,5.77111,2023,6,Belgium,HUMAN_OBSERVATION
51.05042,5.77111,2023,6,Belgium,HUMAN_OBSERVATION
51.05042,5.77111,2023,6,Belgium,HUMAN_OBSERVATION
51.05042,5.77111,2023,6,Belgium,HUMAN_OBSERVATION
51.05042,5.77111,2023,6,Belgium,HUMAN_OBSERVATION
51.05042,5.77111,2023,6,Belgium,HUMAN_OBSERVATION
51.05042,5.77111,2023,6,Belgium,HUMAN_OBSERVATION
51.05042,5.77111,2023,6,Belgium,HUMAN_OBSERVATION
51.05042,5.77111,2023,6,Belgium,HUMAN_OBSERVATION
51.05042,5.77111,2023,6,Belgium,HUMAN_OBSERVATION
51.05042,5.77111,2023,6,Belgium,HUMAN_OBSERVATION
51.05042,5.77111,2023,6,Belgium,HUMAN_OBSERVATION
51.05042,5.77111,2023,6,Belgium,HUMAN_OBSERVATION
51.05042,5.77111,2023,6,Belgium,HUMAN_OBSERVATION
51.05042,5.77111,2023,6,Belgium,HUMAN_OBSERVATION
51.05042,5.77111,2023,6,Belgium,HUMAN_OBSERVATION
51.05042,5.77111,2023,6,Belgium,HUMAN_OBSERVATION
51.05042,5.77111,2023,6,Belgium,HUMAN_OBSERVATION
51.05042,5.77111,2023,6,Belgium,HUMAN_OBSERVATION
51.05042,5.77111,2023,6,Belgium,HUMAN_OBSERVATION
51.05042,5.77111,2023,6,Belgium,HUMAN_OBSERVATION
51.05042,5.77111,2023,6,Belgium,HUMAN_OBSERVATION
51.05042,5.77111,2023,6,Belgium,HUMAN_OBSERVATION
51.05042,5.77111,2023,6,Belgium,HUMAN_OBSERVATION
51.05042,5.77111,2023,6,Belgium,HUMAN_OBSERVATION
51.05042,5.77111,2023,6,Belgium,HUMAN_OBSERVATION
51.05042,5.77111,2023,6,Belgium,HUMAN_OBSERVATION
51.05042,5.77111,2023,6,Belgium,HUMAN_OBSERVATION
51.05042,5.77111,2023,6,Belgium,HUMAN_OBSERVATION
51.05042,5.77111,2023,6,Belgium,HUMAN_OBSERVATION
51.05042,5.77111,2023,6,Belgium,HUMAN_OBSERVATION
51.05042,5.77111,2023,6,Belgium,HUMAN_OBSERVATION
51.05042,5.77111,2023,6,Belgium,HUMAN_OBSERVATION
51.05042,5.77111,2023,6,Belgium,HUMAN_OBSERVATION
51.05042,5.77111,2022,5,Belgium,HUMAN_OBSERVATION
51.05042,5.77111,2022,5,Belgium,HUMAN_OBSERVATION
51.05042,5.77111,2022,5,Belgium,HUMAN_OBSERVATION
51.05042,5.77111,2022,5,Belgium,HUMAN_OBSERVATION
51.05042,5.77111,2022,5,Belgium,HUMAN_OBSERVATION
51.05042,5.77111,2022,5,Belgium,HUMAN_OBSERVATION
51.05042,5.77111,2022,5,Belgium,HUMAN_OBSERVATION
51.05042,5.77111,2022,5,Belgium,HUMAN_OBSERVATION
51.05042,5.77111,2022,5,Belgium,HUMAN_OBSERVATION
51.05042,5.77111,2022,5,Belgium,HUMAN_OBSERVATION
51.05042,5.77111,2022,5,Belgium,HUMAN_OBSERVATION
51.05042,5.77111,2022,5,Belgium,HUMAN_OBSERVATION
51.05042,5.77111,2022,5,Belgium,HUMAN_OBSERVATION
51.05042,5.77111,2022,5,Belgium,HUMAN_OBSERVATION
51.05042,5.77111,2022,5,Belgium,HUMAN_OBSERVATION
51.05042,5.77111,2022,5,Belgium,HUMAN_OBSERVATION
51.05042,5.77111,2022,5,Belgium,HUMAN_OBSERVATION
51.05042,5.77111,2022,5,Belgium,HUMAN_OBSERVATION
51.05042,5.77111,2022,5,Belgium,HUMAN_OBSERVATION
51.05042,5.77111,2022,5,Belgium,HUMAN_OBSERVATION
51.05042,5.77111,2022,5,Belgium,HUMAN_OBSERVATION
51.05042,5.77111,2022,5,Belgium,HUMAN_OBSERVATION
51.05042,5.77111,2022,5,Belgium,HUMAN_OBSERVATION
51.05042,5.77111,2022,5,Belgium,HUMAN_OBSERVATION
51.05042,5.77111,2022,5,Belgium,HUMAN_OBSERVATION
51.05042,5.77111,2022,5,Belgium,HUMAN_OBSERVATION
51.05042,5.77111,2022,5,Belgium,HUMAN_OBSERVATION
51.05042,5.77111,2022,5,Belgium,HUMAN_OBSERVATION
51.05042,5.77111,2021,6,Belgium,HUMAN_OBSERVATION
51.05042,5.77111,2021,6,Belgium,HUMAN_OBSERVATION
51.05042,5.77111,2021,6,Belgium,HUMAN_OBSERVATION
51.05042,5.77111,2021,6,Belgium,HUMAN_OBSERVATION
51.05042,5.77111,2021,6,Belgium,HUMAN_OBSERVATION
51.05042,5.77111,2021,6,Belgium,HUMAN_OBSERVATION
51.05042,5.77111,2021,6,Belgium,HUMAN_OBSERVATION
51.05042,5.77111,2021,6,Belgium,HUMAN_OBSERVATION
51.05104,3.66864,2021,4,Belgium,HUMAN_OBSERVATION
51.05152,3.69839,2021,8,Belgium,HUMAN_OBSERVATION
51.052,3.7206,2024,9,Belgium,HUMAN_OBSERVATION
51.05319,3.80544,2024,8,Belgium,HUMAN_OBSERVATION
51.05474,4.43349,2021,10,Belgium,HUMAN_OBSERVATION
51.05486,3.80468,2025,4,Belgium,HUMAN_OBSERVATION
51.05494,3.80449,2024,7,Belgium,HUMAN_OBSERVATION
51.05494,3.80897,2023,5,Belgium,HUMAN_OBSERVATION
51.0555,4.43881,2021,6,Belgium,HUMAN_OBSERVATION
51.05617,4.36257,2022,9,Belgium,HUMAN_OBSERVATION
51.0563,5.76874,2021,11,Belgium,HUMAN_OBSERVATION
51.05778,4.44411,2022,11,Belgium,HUMAN_OBSERVATION
51.05898,4.44644,2025,2,Belgium,HUMAN_OBSERVATION
51.0601,4.44621,2025,1,Belgium,HUMAN_OBSERVATION
51.06271,4.44402,2023,3,Belgium,HUMAN_OBSERVATION
51.06318,4.43056,2022,6,Belgium,HUMAN_OBSERVATION
51.06333,4.43156,2025,4,Belgium,HUMAN_OBSERVATION
51.06333,4.43156,2025,4,Belgium,HUMAN_OBSERVATION
51.064,4.83097,2023,10,Belgium,HUMAN_OBSERVATION
51.064,4.83097,2023,10,Belgium,HUMAN_OBSERVATION
51.064,4.83097,2023,10,Belgium,HUMAN_OBSERVATION
51.06596,3.699,2024,9,Belgium,HUMAN_OBSERVATION
51.06885,3.7272,2025,4,Belgium,HUMAN_OBSERVATION
51.06962,3.72705,2025,4,Belgium,HUMAN_OBSERVATION
51.0697,3.72812,2025,4,Belgium,HUMAN_OBSERVATION
51.06983,3.72753,2025,4,Belgium,HUMAN_OBSERVATION
51.06989,4.36375,2024,7,Belgium,HUMAN_OBSERVATION
51.07001,3.73016,2022,10,Belgium,HUMAN_OBSERVATION
51.07016,4.38588,2023,9,Belgium,HUMAN_OBSERVATION
51.07091,4.39192,2024,9,Belgium,HUMAN_OBSERVATION
51.07192,3.68842,2023,5,Belgium,HUMAN_OBSERVATION
51.07481,4.40192,2022,9,Belgium,HUMAN_OBSERVATION
51.07481,4.40192,2022,9,Belgium,HUMAN_OBSERVATION
51.07745,4.4644,2025,5,Belgium,HUMAN_OBSERVATION
51.07752,4.43205,2022,3,Belgium,HUMAN_OBSERVATION
51.07752,4.43205,2022,3,Belgium,HUMAN_OBSERVATION
51.08031,4.36724,2021,8,Belgium,HUMAN_OBSERVATION
51.08201,5.71506,2025,4,Belgium,HUMAN_OBSERVATION
51.08244,4.36931,2022,4,Belgium,HUMAN_OBSERVATION
51.08244,4.36931,2022,4,Belgium,HUMAN_OBSERVATION
51.08244,4.36931,2022,4,Belgium,HUMAN_OBSERVATION
51.08244,4.36931,2022,9,Belgium,HUMAN_OBSERVATION
51.08244,4.36931,2022,9,Belgium,HUMAN_OBSERVATION
51.08244,4.36931,2022,9,Belgium,HUMAN_OBSERVATION
51.08244,4.36931,2022,9,Belgium,HUMAN_OBSERVATION
51.08374,4.17079,2025,4,Belgium,HUMAN_OBSERVATION
51.08376,4.29868,2021,6,Belgium,HUMAN_OBSERVATION
51.08377,4.1707,2025,4,Belgium,HUMAN_OBSERVATION
51.08704,3.72611,2025,5,Belgium,HUMAN_OBSERVATION
51.08707,3.72603,2025,4,Belgium,HUMAN_OBSERVATION
51.0884,3.65585,2024,8,Belgium,HUMAN_OBSERVATION
51.0884,3.65585,2024,8,Belgium,HUMAN_OBSERVATION
51.0884,3.65585,2024,8,Belgium,HUMAN_OBSERVATION
51.0884,3.65585,2024,8,Belgium,HUMAN_OBSERVATION
51.0884,3.65585,2024,8,Belgium,HUMAN_OBSERVATION
51.0884,3.65585,2024,8,Belgium,HUMAN_OBSERVATION
51.0884,3.65585,2024,8,Belgium,HUMAN_OBSERVATION
51.0884,3.65585,2024,8,Belgium,HUMAN_OBSERVATION
51.0884,3.65585,2024,8,Belgium,HUMAN_OBSERVATION
51.0884,3.65585,2024,8,Belgium,HUMAN_OBSERVATION
51.0884,3.65585,2024,8,Belgium,HUMAN_OBSERVATION
51.0884,3.65585,2024,8,Belgium,HUMAN_OBSERVATION
51.0884,3.65585,2024,8,Belgium,HUMAN_OBSERVATION
51.0884,3.65585,2024,8,Belgium,HUMAN_OBSERVATION
51.0884,3.65585,2024,8,Belgium,HUMAN_OBSERVATION
51.0884,3.65585,2024,8,Belgium,HUMAN_OBSERVATION
51.0884,3.65585,2024,8,Belgium,HUMAN_OBSERVATION
51.0884,3.65585,2024,8,Belgium,HUMAN_OBSERVATION
51.0884,3.65585,2024,8,Belgium,HUMAN_OBSERVATION
51.0884,3.65585,2024,8,Belgium,HUMAN_OBSERVATION
51.0884,3.65585,2024,8,Belgium,HUMAN_OBSERVATION
51.0884,3.65585,2024,8,Belgium,HUMAN_OBSERVATION
51.0884,3.65585,2024,8,Belgium,HUMAN_OBSERVATION
51.0884,3.65585,2024,8,Belgium,HUMAN_OBSERVATION
51.0884,3.65585,2024,8,Belgium,HUMAN_OBSERVATION
51.0884,3.65585,2024,8,Belgium,HUMAN_OBSERVATION
51.0884,3.65585,2024,8,Belgium,HUMAN_OBSERVATION
51.0884,3.65585,2024,8,Belgium,HUMAN_OBSERVATION
51.0884,3.65585,2024,8,Belgium,HUMAN_OBSERVATION
51.0884,3.65585,2024,8,Belgium,HUMAN_OBSERVATION
51.0884,3.65585,2024,8,Belgium,HUMAN_OBSERVATION
51.0884,3.65585,2024,8,Belgium,HUMAN_OBSERVATION
51.0884,3.65585,2024,8,Belgium,HUMAN_OBSERVATION
51.0884,3.65585,2024,8,Belgium,HUMAN_OBSERVATION
51.09066,5.69413,2024,12,Belgium,HUMAN_OBSERVATION
51.09084,4.7413,2022,7,Belgium,HUMAN_OBSERVATION
51.0947,5.1324,2021,9,Belgium,HUMAN_OBSERVATION
51.09472,5.1324,2021,9,Belgium,HUMAN_OBSERVATION
51.09472,5.13244,2021,9,Belgium,HUMAN_OBSERVATION
51.09472,5.13245,2021,9,Belgium,HUMAN_OBSERVATION
51.09474,5.1324,2021,9,Belgium,HUMAN_OBSERVATION
51.09511,5.80366,2024,8,Belgium,HUMAN_OBSERVATION
51.09511,5.80366,2024,8,Belgium,HUMAN_OBSERVATION
51.09511,5.80366,2024,8,Belgium,HUMAN_OBSERVATION
51.09511,5.80366,2024,8,Belgium,HUMAN_OBSERVATION
51.09511,5.80366,2024,8,Belgium,HUMAN_OBSERVATION
51.09511,5.80366,2024,8,Belgium,HUMAN_OBSERVATION
51.09511,5.80366,2024,8,Belgium,HUMAN_OBSERVATION
51.09511,5.80366,2024,8,Belgium,HUMAN_OBSERVATION
51.09511,5.80366,2024,8,Belgium,HUMAN_OBSERVATION
51.09511,5.80366,2024,8,Belgium,HUMAN_OBSERVATION
51.09511,5.80366,2024,8,Belgium,HUMAN_OBSERVATION
51.09511,5.80366,2024,8,Belgium,HUMAN_OBSERVATION
51.09511,5.80366,2024,8,Belgium,HUMAN_OBSERVATION
51.09511,5.80366,2024,8,Belgium,HUMAN_OBSERVATION
51.09511,5.80366,2024,8,Belgium,HUMAN_OBSERVATION
51.09511,5.80366,2024,8,Belgium,HUMAN_OBSERVATION
51.09511,5.80366,2024,8,Belgium,HUMAN_OBSERVATION
51.09511,5.80366,2024,8,Belgium,HUMAN_OBSERVATION
51.09511,5.80366,2024,8,Belgium,HUMAN_OBSERVATION
51.09511,5.80366,2024,8,Belgium,HUMAN_OBSERVATION
51.09511,5.80366,2024,8,Belgium,HUMAN_OBSERVATION
51.09511,5.80366,2024,8,Belgium,HUMAN_OBSERVATION
51.09511,5.80366,2024,8,Belgium,HUMAN_OBSERVATION
51.09511,5.80366,2024,8,Belgium,HUMAN_OBSERVATION
51.09511,5.80366,2024,8,Belgium,HUMAN_OBSERVATION
51.09511,5.80366,2024,8,Belgium,HUMAN_OBSERVATION
51.09511,5.80366,2024,8,Belgium,HUMAN_OBSERVATION
51.09511,5.80366,2024,8,Belgium,HUMAN_OBSERVATION
51.09511,5.80366,2024,8,Belgium,HUMAN_OBSERVATION
51.09511,5.80366,2024,8,Belgium,HUMAN_OBSERVATION
51.09511,5.80366,2024,8,Belgium,HUMAN_OBSERVATION
51.09511,5.80366,2024,8,Belgium,HUMAN_OBSERVATION
51.09511,5.80366,2024,8,Belgium,HUMAN_OBSERVATION
51.09511,5.80366,2024,8,Belgium,HUMAN_OBSERVATION
51.09511,5.80366,2024,8,Belgium,HUMAN_OBSERVATION
51.09511,5.80366,2024,8,Belgium,HUMAN_OBSERVATION
51.09511,5.80366,2024,8,Belgium,HUMAN_OBSERVATION
51.09511,5.80366,2024,8,Belgium,HUMAN_OBSERVATION
51.09511,5.80366,2024,8,Belgium,HUMAN_OBSERVATION
51.09511,5.80366,2024,8,Belgium,HUMAN_OBSERVATION
51.09511,5.80366,2024,8,Belgium,HUMAN_OBSERVATION
51.09511,5.80366,2024,8,Belgium,HUMAN_OBSERVATION
51.09511,5.80366,2024,8,Belgium,HUMAN_OBSERVATION
51.09511,5.80366,2024,8,Belgium,HUMAN_OBSERVATION
51.09511,5.80366,2024,8,Belgium,HUMAN_OBSERVATION
51.09511,5.80366,2024,8,Belgium,HUMAN_OBSERVATION
51.09511,5.80366,2024,8,Belgium,HUMAN_OBSERVATION
51.09511,5.80366,2024,8,Belgium,HUMAN_OBSERVATION
51.09511,5.80366,2024,8,Belgium,HUMAN_OBSERVATION
51.09511,5.80366,2024,8,Belgium,HUMAN_OBSERVATION
51.09511,5.80366,2024,8,Belgium,HUMAN_OBSERVATION
51.09511,5.80366,2024,8,Belgium,HUMAN_OBSERVATION
51.09511,5.80366,2023,6,Belgium,HUMAN_OBSERVATION
51.09511,5.80366,2023,6,Belgium,HUMAN_OBSERVATION
51.09511,5.80366,2023,6,Belgium,HUMAN_OBSERVATION
51.09511,5.80366,2023,6,Belgium,HUMAN_OBSERVATION
51.09511,5.80366,2023,6,Belgium,HUMAN_OBSERVATION
51.09511,5.80366,2023,6,Belgium,HUMAN_OBSERVATION
51.09511,5.80366,2023,6,Belgium,HUMAN_OBSERVATION
51.09511,5.80366,2023,6,Belgium,HUMAN_OBSERVATION
51.09511,5.80366,2023,6,Belgium,HUMAN_OBSERVATION
51.09511,5.80366,2023,6,Belgium,HUMAN_OBSERVATION
51.09511,5.80366,2023,6,Belgium,HUMAN_OBSERVATION
51.09511,5.80366,2023,6,Belgium,HUMAN_OBSERVATION
51.09511,5.80366,2023,6,Belgium,HUMAN_OBSERVATION
51.09511,5.80366,2023,6,Belgium,HUMAN_OBSERVATION
51.09511,5.80366,2023,6,Belgium,HUMAN_OBSERVATION
51.09511,5.80366,2023,6,Belgium,HUMAN_OBSERVATION
51.09511,5.80366,2023,6,Belgium,HUMAN_OBSERVATION
51.09511,5.80366,2023,6,Belgium,HUMAN_OBSERVATION
51.09511,5.80366,2023,6,Belgium,HUMAN_OBSERVATION
51.09511,5.80366,2023,6,Belgium,HUMAN_OBSERVATION
51.09511,5.80366,2023,6,Belgium,HUMAN_OBSERVATION
51.09511,5.80366,2023,6,Belgium,HUMAN_OBSERVATION
51.09511,5.80366,2023,6,Belgium,HUMAN_OBSERVATION
51.09511,5.80366,2023,6,Belgium,HUMAN_OBSERVATION
51.09511,5.80366,2023,6,Belgium,HUMAN_OBSERVATION
51.09511,5.80366,2023,6,Belgium,HUMAN_OBSERVATION
51.09511,5.80366,2023,6,Belgium,HUMAN_OBSERVATION
51.09511,5.80366,2023,6,Belgium,HUMAN_OBSERVATION
51.09511,5.80366,2023,6,Belgium,HUMAN_OBSERVATION
51.09511,5.80366,2023,6,Belgium,HUMAN_OBSERVATION
51.09511,5.80366,2023,6,Belgium,HUMAN_OBSERVATION
51.09511,5.80366,2023,6,Belgium,HUMAN_OBSERVATION
51.09511,5.80366,2023,6,Belgium,HUMAN_OBSERVATION
51.09511,5.80366,2023,6,Belgium,HUMAN_OBSERVATION
51.09511,5.80366,2023,6,Belgium,HUMAN_OBSERVATION
51.09511,5.80366,2023,6,Belgium,HUMAN_OBSERVATION
51.09511,5.80366,2023,6,Belgium,HUMAN_OBSERVATION
51.09511,5.80366,2023,6,Belgium,HUMAN_OBSERVATION
51.09511,5.80366,2023,6,Belgium,HUMAN_OBSERVATION
51.09511,5.80366,2023,6,Belgium,HUMAN_OBSERVATION
51.09511,5.80366,2023,6,Belgium,HUMAN_OBSERVATION
51.09511,5.80366,2023,6,Belgium,HUMAN_OBSERVATION
51.09511,5.80366,2023,6,Belgium,HUMAN_OBSERVATION
51.09511,5.80366,2023,6,Belgium,HUMAN_OBSERVATION
51.09511,5.80366,2023,6,Belgium,HUMAN_OBSERVATION
51.09511,5.80366,2023,6,Belgium,HUMAN_OBSERVATION
51.09511,5.80366,2023,6,Belgium,HUMAN_OBSERVATION
51.09511,5.80366,2023,6,Belgium,HUMAN_OBSERVATION
51.09511,5.80366,2023,6,Belgium,HUMAN_OBSERVATION
51.09511,5.80366,2023,6,Belgium,HUMAN_OBSERVATION
51.09511,5.80366,2023,6,Belgium,HUMAN_OBSERVATION
51.09511,5.80366,2023,6,Belgium,HUMAN_OBSERVATION
51.09511,5.80366,2023,6,Belgium,HUMAN_OBSERVATION
51.09511,5.80366,2023,6,Belgium,HUMAN_OBSERVATION
51.09511,5.80366,2023,6,Belgium,HUMAN_OBSERVATION
51.09511,5.80366,2023,6,Belgium,HUMAN_OBSERVATION
51.09511,5.80366,2023,6,Belgium,HUMAN_OBSERVATION
51.09511,5.80366,2023,6,Belgium,HUMAN_OBSERVATION
51.09511,5.80366,2023,6,Belgium,HUMAN_OBSERVATION
51.09511,5.80366,2023,6,Belgium,HUMAN_OBSERVATION
51.09511,5.80366,2023,6,Belgium,HUMAN_OBSERVATION
51.09511,5.80366,2023,6,Belgium,HUMAN_OBSERVATION
51.09511,5.80366,2023,6,Belgium,HUMAN_OBSERVATION
51.09511,5.80366,2023,6,Belgium,HUMAN_OBSERVATION
51.09511,5.80366,2023,6,Belgium,HUMAN_OBSERVATION
51.09511,5.80366,2023,6,Belgium,HUMAN_OBSERVATION
51.09511,5.80366,2023,6,Belgium,HUMAN_OBSERVATION
51.09511,5.80366,2023,6,Belgium,HUMAN_OBSERVATION
51.09511,5.80366,2023,6,Belgium,HUMAN_OBSERVATION
51.09511,5.80366,2023,6,Belgium,HUMAN_OBSERVATION
51.09511,5.80366,2023,6,Belgium,HUMAN_OBSERVATION
51.09511,5.80366,2023,6,Belgium,HUMAN_OBSERVATION
51.09511,5.80366,2023,6,Belgium,HUMAN_OBSERVATION
51.09511,5.80366,2023,6,Belgium,HUMAN_OBSERVATION
51.09511,5.80366,2023,6,Belgium,HUMAN_OBSERVATION
51.09511,5.80366,2023,6,Belgium,HUMAN_OBSERVATION
51.09511,5.80366,2023,6,Belgium,HUMAN_OBSERVATION
51.09511,5.80366,2023,6,Belgium,HUMAN_OBSERVATION
51.09511,5.80366,2023,6,Belgium,HUMAN_OBSERVATION
51.09511,5.80366,2023,6,Belgium,HUMAN_OBSERVATION
51.09511,5.80366,2023,6,Belgium,HUMAN_OBSERVATION
51.09511,5.80366,2023,6,Belgium,HUMAN_OBSERVATION
51.09511,5.80366,2023,6,Belgium,HUMAN_OBSERVATION
51.09511,5.80366,2023,6,Belgium,HUMAN_OBSERVATION
51.09511,5.80366,2023,6,Belgium,HUMAN_OBSERVATION
51.09511,5.80366,2023,6,Belgium,HUMAN_OBSERVATION
51.09511,5.80366,2023,6,Belgium,HUMAN_OBSERVATION
51.09511,5.80366,2023,6,Belgium,HUMAN_OBSERVATION
51.09511,5.80366,2023,6,Belgium,HUMAN_OBSERVATION
51.09511,5.80366,2023,6,Belgium,HUMAN_OBSERVATION
51.09511,5.80366,2023,6,Belgium,HUMAN_OBSERVATION
51.09511,5.80366,2023,6,Belgium,HUMAN_OBSERVATION
51.09511,5.80366,2023,6,Belgium,HUMAN_OBSERVATION
51.09511,5.80366,2023,6,Belgium,HUMAN_OBSERVATION
51.09511,5.80366,2023,6,Belgium,HUMAN_OBSERVATION
51.09511,5.80366,2023,6,Belgium,HUMAN_OBSERVATION
51.09511,5.80366,2023,6,Belgium,HUMAN_OBSERVATION
51.09511,5.80366,2023,6,Belgium,HUMAN_OBSERVATION
51.09511,5.80366,2023,6,Belgium,HUMAN_OBSERVATION
51.09511,5.80366,2023,6,Belgium,HUMAN_OBSERVATION
51.09511,5.80366,2023,6,Belgium,HUMAN_OBSERVATION
51.09511,5.80366,2023,6,Belgium,HUMAN_OBSERVATION
51.09511,5.80366,2023,6,Belgium,HUMAN_OBSERVATION
51.09511,5.80366,2023,6,Belgium,HUMAN_OBSERVATION
51.09511,5.80366,2023,6,Belgium,HUMAN_OBSERVATION
51.09511,5.80366,2023,6,Belgium,HUMAN_OBSERVATION
51.09511,5.80366,2023,6,Belgium,HUMAN_OBSERVATION
51.09511,5.80366,2023,6,Belgium,HUMAN_OBSERVATION
51.09511,5.80366,2023,6,Belgium,HUMAN_OBSERVATION
51.09511,5.80366,2023,6,Belgium,HUMAN_OBSERVATION
51.09511,5.80366,2023,6,Belgium,HUMAN_OBSERVATION
51.09511,5.80366,2023,6,Belgium,HUMAN_OBSERVATION
51.09511,5.80366,2023,6,Belgium,HUMAN_OBSERVATION
51.09511,5.80366,2023,6,Belgium,HUMAN_OBSERVATION
51.09511,5.80366,2023,6,Belgium,HUMAN_OBSERVATION
51.09511,5.80366,2023,6,Belgium,HUMAN_OBSERVATION
51.09511,5.80366,2023,6,Belgium,HUMAN_OBSERVATION
51.09511,5.80366,2023,6,Belgium,HUMAN_OBSERVATION
51.09511,5.80366,2023,6,Belgium,HUMAN_OBSERVATION
51.09511,5.80366,2023,6,Belgium,HUMAN_OBSERVATION
51.09511,5.80366,2023,6,Belgium,HUMAN_OBSERVATION
51.09511,5.80366,2023,6,Belgium,HUMAN_OBSERVATION
51.09511,5.80366,2023,6,Belgium,HUMAN_OBSERVATION
51.09511,5.80366,2023,6,Belgium,HUMAN_OBSERVATION
51.09511,5.80366,2023,6,Belgium,HUMAN_OBSERVATION
51.09511,5.80366,2023,6,Belgium,HUMAN_OBSERVATION
51.09511,5.80366,2023,6,Belgium,HUMAN_OBSERVATION
51.09511,5.80366,2023,6,Belgium,HUMAN_OBSERVATION
51.09511,5.80366,2023,6,Belgium,HUMAN_OBSERVATION
51.09511,5.80366,2023,6,Belgium,HUMAN_OBSERVATION
51.09511,5.80366,2023,6,Belgium,HUMAN_OBSERVATION
51.09511,5.80366,2023,6,Belgium,HUMAN_OBSERVATION
51.09511,5.80366,2023,6,Belgium,HUMAN_OBSERVATION
51.09511,5.80366,2023,6,Belgium,HUMAN_OBSERVATION
51.09511,5.80366,2023,6,Belgium,HUMAN_OBSERVATION
51.09511,5.80366,2023,6,Belgium,HUMAN_OBSERVATION
51.09511,5.80366,2023,6,Belgium,HUMAN_OBSERVATION
51.09511,5.80366,2023,6,Belgium,HUMAN_OBSERVATION
51.09511,5.80366,2023,6,Belgium,HUMAN_OBSERVATION
51.09511,5.80366,2023,6,Belgium,HUMAN_OBSERVATION
51.09511,5.80366,2023,6,Belgium,HUMAN_OBSERVATION
51.09511,5.80366,2023,6,Belgium,HUMAN_OBSERVATION
51.09511,5.80366,2023,6,Belgium,HUMAN_OBSERVATION
51.09511,5.80366,2023,6,Belgium,HUMAN_OBSERVATION
51.09511,5.80366,2023,6,Belgium,HUMAN_OBSERVATION
51.09511,5.80366,2023,6,Belgium,HUMAN_OBSERVATION
51.09511,5.80366,2023,6,Belgium,HUMAN_OBSERVATION
51.09511,5.80366,2023,6,Belgium,HUMAN_OBSERVATION
51.09511,5.80366,2023,6,Belgium,HUMAN_OBSERVATION
51.09511,5.80366,2023,6,Belgium,HUMAN_OBSERVATION
51.09511,5.80366,2023,6,Belgium,HUMAN_OBSERVATION
51.09511,5.80366,2023,6,Belgium,HUMAN_OBSERVATION
51.09511,5.80366,2023,6,Belgium,HUMAN_OBSERVATION
51.09511,5.80366,2023,6,Belgium,HUMAN_OBSERVATION
51.09511,5.80366,2023,6,Belgium,HUMAN_OBSERVATION
51.09511,5.80366,2023,6,Belgium,HUMAN_OBSERVATION
51.09511,5.80366,2023,6,Belgium,HUMAN_OBSERVATION
51.09511,5.80366,2023,6,Belgium,HUMAN_OBSERVATION
51.09511,5.80366,2023,6,Belgium,HUMAN_OBSERVATION
51.09511,5.80366,2023,6,Belgium,HUMAN_OBSERVATION
51.09511,5.80366,2023,6,Belgium,HUMAN_OBSERVATION
51.09511,5.80366,2022,5,Belgium,HUMAN_OBSERVATION
51.09511,5.80366,2022,5,Belgium,HUMAN_OBSERVATION
51.09511,5.80366,2022,5,Belgium,HUMAN_OBSERVATION
51.09511,5.80366,2022,5,Belgium,HUMAN_OBSERVATION
51.09511,5.80366,2022,5,Belgium,HUMAN_OBSERVATION
51.09511,5.80366,2022,5,Belgium,HUMAN_OBSERVATION
51.09511,5.80366,2022,5,Belgium,HUMAN_OBSERVATION
51.09511,5.80366,2022,5,Belgium,HUMAN_OBSERVATION
51.09511,5.80366,2022,5,Belgium,HUMAN_OBSERVATION
51.09511,5.80366,2022,5,Belgium,HUMAN_OBSERVATION
51.09511,5.80366,2022,5,Belgium,HUMAN_OBSERVATION
51.09511,5.80366,2022,5,Belgium,HUMAN_OBSERVATION
51.09511,5.80366,2022,5,Belgium,HUMAN_OBSERVATION
51.09511,5.80366,2022,5,Belgium,HUMAN_OBSERVATION
51.09511,5.80366,2022,5,Belgium,HUMAN_OBSERVATION
51.09511,5.80366,2022,5,Belgium,HUMAN_OBSERVATION
51.09511,5.80366,2022,5,Belgium,HUMAN_OBSERVATION
51.09511,5.80366,2022,5,Belgium,HUMAN_OBSERVATION
51.09511,5.80366,2022,5,Belgium,HUMAN_OBSERVATION
51.09511,5.80366,2022,5,Belgium,HUMAN_OBSERVATION
51.09511,5.80366,2022,5,Belgium,HUMAN_OBSERVATION
51.09511,5.80366,2022,5,Belgium,HUMAN_OBSERVATION
51.09511,5.80366,2022,5,Belgium,HUMAN_OBSERVATION
51.09511,5.80366,2022,5,Belgium,HUMAN_OBSERVATION
51.09511,5.80366,2022,5,Belgium,HUMAN_OBSERVATION
51.09511,5.80366,2022,5,Belgium,HUMAN_OBSERVATION
51.09511,5.80366,2022,5,Belgium,HUMAN_OBSERVATION
51.09511,5.80366,2022,5,Belgium,HUMAN_OBSERVATION
51.09511,5.80366,2022,5,Belgium,HUMAN_OBSERVATION
51.09511,5.80366,2022,5,Belgium,HUMAN_OBSERVATION
51.09511,5.80366,2022,5,Belgium,HUMAN_OBSERVATION
51.09511,5.80366,2022,5,Belgium,HUMAN_OBSERVATION
51.09511,5.80366,2022,5,Belgium,HUMAN_OBSERVATION
51.09511,5.80366,2022,5,Belgium,HUMAN_OBSERVATION
51.09511,5.80366,2022,5,Belgium,HUMAN_OBSERVATION
51.09511,5.80366,2022,5,Belgium,HUMAN_OBSERVATION
51.09511,5.80366,2022,5,Belgium,HUMAN_OBSERVATION
51.09511,5.80366,2022,5,Belgium,HUMAN_OBSERVATION
51.09511,5.80366,2022,5,Belgium,HUMAN_OBSERVATION
51.09511,5.80366,2022,5,Belgium,HUMAN_OBSERVATION
51.09511,5.80366,2022,5,Belgium,HUMAN_OBSERVATION
51.09511,5.80366,2022,5,Belgium,HUMAN_OBSERVATION
51.09511,5.80366,2022,5,Belgium,HUMAN_OBSERVATION
51.09511,5.80366,2022,5,Belgium,HUMAN_OBSERVATION
51.09511,5.80366,2022,5,Belgium,HUMAN_OBSERVATION
51.09511,5.80366,2022,5,Belgium,HUMAN_OBSERVATION
51.09511,5.80366,2022,5,Belgium,HUMAN_OBSERVATION
51.09511,5.80366,2022,5,Belgium,HUMAN_OBSERVATION
51.09511,5.80366,2022,5,Belgium,HUMAN_OBSERVATION
51.09511,5.80366,2022,5,Belgium,HUMAN_OBSERVATION
51.09511,5.80366,2022,5,Belgium,HUMAN_OBSERVATION
51.09511,5.80366,2022,5,Belgium,HUMAN_OBSERVATION
51.09511,5.80366,2022,5,Belgium,HUMAN_OBSERVATION
51.09511,5.80366,2022,5,Belgium,HUMAN_OBSERVATION
51.09511,5.80366,2022,5,Belgium,HUMAN_OBSERVATION
51.09511,5.80366,2022,5,Belgium,HUMAN_OBSERVATION
51.09511,5.80366,2022,5,Belgium,HUMAN_OBSERVATION
51.09511,5.80366,2022,5,Belgium,HUMAN_OBSERVATION
51.09511,5.80366,2022,5,Belgium,HUMAN_OBSERVATION
51.09511,5.80366,2022,5,Belgium,HUMAN_OBSERVATION
51.09511,5.80366,2022,5,Belgium,HUMAN_OBSERVATION
51.09511,5.80366,2021,6,Belgium,HUMAN_OBSERVATION
51.09511,5.80366,2021,6,Belgium,HUMAN_OBSERVATION
51.09511,5.80366,2021,6,Belgium,HUMAN_OBSERVATION
51.09511,5.80366,2021,6,Belgium,HUMAN_OBSERVATION
51.09511,5.80366,2021,6,Belgium,HUMAN_OBSERVATION
51.09511,5.80366,2021,6,Belgium,HUMAN_OBSERVATION
51.09511,5.80366,2021,6,Belgium,HUMAN_OBSERVATION
51.09511,5.80366,2021,6,Belgium,HUMAN_OBSERVATION
51.09511,5.80366,2021,6,Belgium,HUMAN_OBSERVATION
51.09511,5.80366,2021,6,Belgium,HUMAN_OBSERVATION
51.09511,5.80366,2021,6,Belgium,HUMAN_OBSERVATION
51.09511,5.80366,2021,6,Belgium,HUMAN_OBSERVATION
51.09511,5.80366,2021,6,Belgium,HUMAN_OBSERVATION
51.098,5.11114,2020,5,Belgium,HUMAN_OBSERVATION
51.1,5.8,2023,10,Netherlands,HUMAN_OBSERVATION
51.1,5.8,2022,5,Netherlands,HUMAN_OBSERVATION
51.1,5.8,2021,11,Netherlands,HUMAN_OBSERVATION
51.1,5.8,2021,11,Netherlands,HUMAN_OBSERVATION
51.1,5.85,2024,5,Netherlands,HUMAN_OBSERVATION
51.1,5.85,2024,5,Netherlands,HUMAN_OBSERVATION
51.1,5.85,2024,7,Netherlands,HUMAN_OBSERVATION
51.1,5.85,2024,7,Netherlands,HUMAN_OBSERVATION
51.1,5.85,2024,7,Netherlands,HUMAN_OBSERVATION
51.1,5.85,2024,7,Netherlands,HUMAN_OBSERVATION
51.1,5.85,2024,7,Netherlands,HUMAN_OBSERVATION
51.1,5.85,2024,7,Netherlands,HUMAN_OBSERVATION
51.1,5.85,2023,6,Netherlands,HUMAN_OBSERVATION
51.1,5.85,2021,9,Netherlands,HUMAN_OBSERVATION
51.1,5.85,2021,11,Netherlands,HUMAN_OBSERVATION
51.1,5.95,2021,10,Netherlands,HUMAN_OBSERVATION
51.1,5.95,2021,10,Netherlands,HUMAN_OBSERVATION
51.1,5.95,2021,10,Netherlands,HUMAN_OBSERVATION
51.1,5.95,2021,10,Netherlands,HUMAN_OBSERVATION
51.1,5.95,2021,10,Netherlands,HUMAN_OBSERVATION
51.1,5.95,2021,11,Netherlands,HUMAN_OBSERVATION
51.1,6,2025,3,Netherlands,HUMAN_OBSERVATION
51.1,6,2025,3,Netherlands,HUMAN_OBSERVATION
51.1,6,2025,3,Netherlands,HUMAN_OBSERVATION
51.1,6,2025,3,Netherlands,HUMAN_OBSERVATION
51.1,6,2025,4,Netherlands,HUMAN_OBSERVATION
51.1,6,2024,3,Netherlands,HUMAN_OBSERVATION
51.1,6,2024,3,Netherlands,HUMAN_OBSERVATION
51.1,6,2024,3,Netherlands,HUMAN_OBSERVATION
51.1,6,2024,3,Netherlands,HUMAN_OBSERVATION
51.1,6,2024,3,Netherlands,HUMAN_OBSERVATION
51.1,6,2024,7,Netherlands,HUMAN_OBSERVATION
51.1,6,2024,7,Netherlands,HUMAN_OBSERVATION
51.1,6,2024,8,Netherlands,HUMAN_OBSERVATION
51.1,6,2023,7,Netherlands,HUMAN_OBSERVATION
51.1,6,2023,7,Netherlands,HUMAN_OBSERVATION
51.1,6,2022,4,Netherlands,HUMAN_OBSERVATION
51.1,6,2022,4,Netherlands,HUMAN_OBSERVATION
51.1,6,2022,7,Netherlands,HUMAN_OBSERVATION
51.1,6,2022,8,Netherlands,HUMAN_OBSERVATION
51.1,6,2022,8,Netherlands,HUMAN_OBSERVATION
51.1,6.05,2025,3,Netherlands,HUMAN_OBSERVATION
51.1,6.05,2025,3,Netherlands,HUMAN_OBSERVATION
51.1,6.05,2025,4,Netherlands,HUMAN_OBSERVATION
51.1,6.05,2025,4,Netherlands,HUMAN_OBSERVATION
51.1,6.05,2025,5,Netherlands,HUMAN_OBSERVATION
51.1,6.05,2024,3,Netherlands,HUMAN_OBSERVATION
51.1,6.05,2024,3,Netherlands,HUMAN_OBSERVATION
51.1,6.05,2024,6,Netherlands,HUMAN_OBSERVATION
51.1,6.05,2024,6,Netherlands,HUMAN_OBSERVATION
51.1,6.05,2024,8,Netherlands,HUMAN_OBSERVATION
51.1,6.05,2023,7,Netherlands,HUMAN_OBSERVATION
51.1,6.05,2023,7,Netherlands,HUMAN_OBSERVATION
51.1,6.05,2023,7,Netherlands,HUMAN_OBSERVATION
51.1,6.05,2023,7,Netherlands,HUMAN_OBSERVATION
51.1,6.05,2022,4,Netherlands,HUMAN_OBSERVATION
51.1,6.05,2022,4,Netherlands,HUMAN_OBSERVATION
51.1,6.05,2022,4,Netherlands,HUMAN_OBSERVATION
51.1,6.05,2022,4,Netherlands,HUMAN_OBSERVATION
51.1,6.05,2022,8,Netherlands,HUMAN_OBSERVATION
51.1,6.05,2022,8,Netherlands,HUMAN_OBSERVATION
51.1,6.05,2022,8,Netherlands,HUMAN_OBSERVATION
51.1,6.05,2022,8,Netherlands,HUMAN_OBSERVATION
51.1,6.05,2022,9,Netherlands,HUMAN_OBSERVATION
51.1,6.05,2022,9,Netherlands,HUMAN_OBSERVATION
51.1,6.05,2022,9,Netherlands,HUMAN_OBSERVATION
51.1,6.05,2022,9,Netherlands,HUMAN_OBSERVATION
51.1,6.05,2022,9,Netherlands,HUMAN_OBSERVATION
51.1,6.05,2022,9,Netherlands,HUMAN_OBSERVATION
51.1,6.05,2022,9,Netherlands,HUMAN_OBSERVATION
51.1,6.05,2022,10,Netherlands,HUMAN_OBSERVATION
51.1,6.05,2022,10,Netherlands,HUMAN_OBSERVATION
51.10058,4.33054,2024,9,Belgium,HUMAN_OBSERVATION
51.10224,5.13645,2021,8,Belgium,HUMAN_OBSERVATION
51.10516,4.14163,2024,3,Belgium,HUMAN_OBSERVATION
51.10743,5.80937,2023,8,Belgium,HUMAN_OBSERVATION
51.10793,5.82224,2024,8,Belgium,HUMAN_OBSERVATION
51.10793,5.82224,2024,8,Belgium,HUMAN_OBSERVATION
51.10793,5.82224,2024,8,Belgium,HUMAN_OBSERVATION
51.10793,5.82224,2024,8,Belgium,HUMAN_OBSERVATION
51.10793,5.82224,2024,8,Belgium,HUMAN_OBSERVATION
51.10793,5.82224,2024,8,Belgium,HUMAN_OBSERVATION
51.10793,5.82224,2024,8,Belgium,HUMAN_OBSERVATION
51.10793,5.82224,2024,8,Belgium,HUMAN_OBSERVATION
51.10793,5.82224,2024,8,Belgium,HUMAN_OBSERVATION
51.10793,5.82224,2024,8,Belgium,HUMAN_OBSERVATION
51.10793,5.82224,2024,8,Belgium,HUMAN_OBSERVATION
51.10793,5.82224,2024,8,Belgium,HUMAN_OBSERVATION
51.10793,5.82224,2024,8,Belgium,HUMAN_OBSERVATION
51.10793,5.82224,2024,8,Belgium,HUMAN_OBSERVATION
51.10793,5.82224,2024,8,Belgium,HUMAN_OBSERVATION
51.10793,5.82224,2024,8,Belgium,HUMAN_OBSERVATION
51.10793,5.82224,2024,8,Belgium,HUMAN_OBSERVATION
51.10793,5.82224,2024,8,Belgium,HUMAN_OBSERVATION
51.10793,5.82224,2024,8,Belgium,HUMAN_OBSERVATION
51.10793,5.82224,2024,8,Belgium,HUMAN_OBSERVATION
51.10793,5.82224,2024,8,Belgium,HUMAN_OBSERVATION
51.10793,5.82224,2024,8,Belgium,HUMAN_OBSERVATION
51.10793,5.82224,2024,8,Belgium,HUMAN_OBSERVATION
51.10793,5.82224,2024,8,Belgium,HUMAN_OBSERVATION
51.10793,5.82224,2024,8,Belgium,HUMAN_OBSERVATION
51.10793,5.82224,2024,8,Belgium,HUMAN_OBSERVATION
51.10793,5.82224,2024,8,Belgium,HUMAN_OBSERVATION
51.10793,5.82224,2024,8,Belgium,HUMAN_OBSERVATION
51.10793,5.82224,2024,8,Belgium,HUMAN_OBSERVATION
51.10793,5.82224,2024,8,Belgium,HUMAN_OBSERVATION
51.10793,5.82224,2024,8,Belgium,HUMAN_OBSERVATION
51.10793,5.82224,2024,8,Belgium,HUMAN_OBSERVATION
51.10793,5.82224,2024,8,Belgium,HUMAN_OBSERVATION
51.10793,5.82224,2024,8,Belgium,HUMAN_OBSERVATION
51.10793,5.82224,2024,8,Belgium,HUMAN_OBSERVATION
51.10793,5.82224,2024,8,Belgium,HUMAN_OBSERVATION
51.10793,5.82224,2024,8,Belgium,HUMAN_OBSERVATION
51.10793,5.82224,2024,8,Belgium,HUMAN_OBSERVATION
51.10793,5.82224,2024,8,Belgium,HUMAN_OBSERVATION
51.10793,5.82224,2024,8,Belgium,HUMAN_OBSERVATION
51.10793,5.82224,2024,8,Belgium,HUMAN_OBSERVATION
51.10793,5.82224,2024,8,Belgium,HUMAN_OBSERVATION
51.10793,5.82224,2024,8,Belgium,HUMAN_OBSERVATION
51.10793,5.82224,2024,8,Belgium,HUMAN_OBSERVATION
51.10793,5.82224,2024,8,Belgium,HUMAN_OBSERVATION
51.10793,5.82224,2024,8,Belgium,HUMAN_OBSERVATION
51.10793,5.82224,2024,8,Belgium,HUMAN_OBSERVATION
51.10793,5.82224,2024,8,Belgium,HUMAN_OBSERVATION
51.10793,5.82224,2024,8,Belgium,HUMAN_OBSERVATION
51.10793,5.82224,2024,8,Belgium,HUMAN_OBSERVATION
51.10793,5.82224,2024,8,Belgium,HUMAN_OBSERVATION
51.10793,5.82224,2024,8,Belgium,HUMAN_OBSERVATION
51.10793,5.82224,2024,8,Belgium,HUMAN_OBSERVATION
51.10793,5.82224,2024,8,Belgium,HUMAN_OBSERVATION
51.10793,5.82224,2024,8,Belgium,HUMAN_OBSERVATION
51.10793,5.82224,2024,8,Belgium,HUMAN_OBSERVATION
51.10793,5.82224,2024,8,Belgium,HUMAN_OBSERVATION
51.10793,5.82224,2024,8,Belgium,HUMAN_OBSERVATION
51.10793,5.82224,2024,8,Belgium,HUMAN_OBSERVATION
51.10793,5.82224,2024,8,Belgium,HUMAN_OBSERVATION
51.10793,5.82224,2024,8,Belgium,HUMAN_OBSERVATION
51.10793,5.82224,2024,8,Belgium,HUMAN_OBSERVATION
51.10793,5.82224,2024,8,Belgium,HUMAN_OBSERVATION
51.10793,5.82224,2024,8,Belgium,HUMAN_OBSERVATION
51.10793,5.82224,2024,8,Belgium,HUMAN_OBSERVATION
51.10793,5.82224,2024,8,Belgium,HUMAN_OBSERVATION
51.10793,5.82224,2024,8,Belgium,HUMAN_OBSERVATION
51.10793,5.82224,2024,8,Belgium,HUMAN_OBSERVATION
51.10793,5.82224,2024,8,Belgium,HUMAN_OBSERVATION
51.10793,5.82224,2024,8,Belgium,HUMAN_OBSERVATION
51.10793,5.82224,2024,8,Belgium,HUMAN_OBSERVATION
51.10793,5.82224,2024,8,Belgium,HUMAN_OBSERVATION
51.10793,5.82224,2024,8,Belgium,HUMAN_OBSERVATION
51.10793,5.82224,2024,8,Belgium,HUMAN_OBSERVATION
51.10793,5.82224,2024,8,Belgium,HUMAN_OBSERVATION
51.10793,5.82224,2024,8,Belgium,HUMAN_OBSERVATION
51.10793,5.82224,2024,8,Belgium,HUMAN_OBSERVATION
51.10793,5.82224,2024,8,Belgium,HUMAN_OBSERVATION
51.10793,5.82224,2024,8,Belgium,HUMAN_OBSERVATION
51.10793,5.82224,2024,8,Belgium,HUMAN_OBSERVATION
51.10793,5.82224,2024,8,Belgium,HUMAN_OBSERVATION
51.10793,5.82224,2024,8,Belgium,HUMAN_OBSERVATION
51.10793,5.82224,2024,8,Belgium,HUMAN_OBSERVATION
51.10793,5.82224,2024,8,Belgium,HUMAN_OBSERVATION
51.10793,5.82224,2024,8,Belgium,HUMAN_OBSERVATION
51.10793,5.82224,2024,8,Belgium,HUMAN_OBSERVATION
51.10793,5.82224,2024,8,Belgium,HUMAN_OBSERVATION
51.10793,5.82224,2024,8,Belgium,HUMAN_OBSERVATION
51.10793,5.82224,2024,8,Belgium,HUMAN_OBSERVATION
51.10793,5.82224,2024,8,Belgium,HUMAN_OBSERVATION
51.10793,5.82224,2024,8,Belgium,HUMAN_OBSERVATION
51.10793,5.82224,2024,8,Belgium,HUMAN_OBSERVATION
51.10793,5.82224,2024,8,Belgium,HUMAN_OBSERVATION
51.10793,5.82224,2024,8,Belgium,HUMAN_OBSERVATION
51.10793,5.82224,2024,8,Belgium,HUMAN_OBSERVATION
51.10793,5.82224,2024,8,Belgium,HUMAN_OBSERVATION
51.10793,5.82224,2024,8,Belgium,HUMAN_OBSERVATION
51.10793,5.82224,2024,8,Belgium,HUMAN_OBSERVATION
51.10793,5.82224,2024,8,Belgium,HUMAN_OBSERVATION
51.10793,5.82224,2024,8,Belgium,HUMAN_OBSERVATION
51.10793,5.82224,2024,8,Belgium,HUMAN_OBSERVATION
51.10793,5.82224,2024,8,Belgium,HUMAN_OBSERVATION
51.10793,5.82224,2024,8,Belgium,HUMAN_OBSERVATION
51.10793,5.82224,2024,8,Belgium,HUMAN_OBSERVATION
51.10793,5.82224,2024,8,Belgium,HUMAN_OBSERVATION
51.10793,5.82224,2024,8,Belgium,HUMAN_OBSERVATION
51.10793,5.82224,2024,8,Belgium,HUMAN_OBSERVATION
51.10793,5.82224,2024,8,Belgium,HUMAN_OBSERVATION
51.10793,5.82224,2024,8,Belgium,HUMAN_OBSERVATION
51.10793,5.82224,2024,8,Belgium,HUMAN_OBSERVATION
51.10793,5.82224,2024,8,Belgium,HUMAN_OBSERVATION
51.10793,5.82224,2024,8,Belgium,HUMAN_OBSERVATION
51.10793,5.82224,2024,8,Belgium,HUMAN_OBSERVATION
51.10793,5.82224,2024,8,Belgium,HUMAN_OBSERVATION
51.10793,5.82224,2024,8,Belgium,HUMAN_OBSERVATION
51.10793,5.82224,2024,8,Belgium,HUMAN_OBSERVATION
51.10793,5.82224,2024,8,Belgium,HUMAN_OBSERVATION
51.10793,5.82224,2023,6,Belgium,HUMAN_OBSERVATION
51.10793,5.82224,2023,6,Belgium,HUMAN_OBSERVATION
51.10793,5.82224,2023,6,Belgium,HUMAN_OBSERVATION
51.10793,5.82224,2023,6,Belgium,HUMAN_OBSERVATION
51.10793,5.82224,2023,6,Belgium,HUMAN_OBSERVATION
51.10793,5.82224,2023,6,Belgium,HUMAN_OBSERVATION
51.10793,5.82224,2023,6,Belgium,HUMAN_OBSERVATION
51.10793,5.82224,2023,6,Belgium,HUMAN_OBSERVATION
51.10793,5.82224,2023,6,Belgium,HUMAN_OBSERVATION
51.10793,5.82224,2023,6,Belgium,HUMAN_OBSERVATION
51.10793,5.82224,2023,6,Belgium,HUMAN_OBSERVATION
51.10793,5.82224,2023,6,Belgium,HUMAN_OBSERVATION
51.10793,5.82224,2023,6,Belgium,HUMAN_OBSERVATION
51.10793,5.82224,2023,6,Belgium,HUMAN_OBSERVATION
51.10793,5.82224,2023,6,Belgium,HUMAN_OBSERVATION
51.10793,5.82224,2023,6,Belgium,HUMAN_OBSERVATION
51.10793,5.82224,2023,6,Belgium,HUMAN_OBSERVATION
51.10793,5.82224,2023,6,Belgium,HUMAN_OBSERVATION
51.10793,5.82224,2023,6,Belgium,HUMAN_OBSERVATION
51.10793,5.82224,2023,6,Belgium,HUMAN_OBSERVATION
51.10793,5.82224,2023,6,Belgium,HUMAN_OBSERVATION
51.10793,5.82224,2023,6,Belgium,HUMAN_OBSERVATION
51.10793,5.82224,2023,6,Belgium,HUMAN_OBSERVATION
51.10793,5.82224,2023,6,Belgium,HUMAN_OBSERVATION
51.10793,5.82224,2023,6,Belgium,HUMAN_OBSERVATION
51.10793,5.82224,2023,6,Belgium,HUMAN_OBSERVATION
51.10793,5.82224,2023,6,Belgium,HUMAN_OBSERVATION
51.10793,5.82224,2023,6,Belgium,HUMAN_OBSERVATION
51.10793,5.82224,2023,6,Belgium,HUMAN_OBSERVATION
51.10793,5.82224,2023,6,Belgium,HUMAN_OBSERVATION
51.10793,5.82224,2023,6,Belgium,HUMAN_OBSERVATION
51.10793,5.82224,2023,6,Belgium,HUMAN_OBSERVATION
51.10793,5.82224,2023,6,Belgium,HUMAN_OBSERVATION
51.10793,5.82224,2023,6,Belgium,HUMAN_OBSERVATION
51.10793,5.82224,2023,6,Belgium,HUMAN_OBSERVATION
51.10793,5.82224,2023,6,Belgium,HUMAN_OBSERVATION
51.10793,5.82224,2023,6,Belgium,HUMAN_OBSERVATION
51.10793,5.82224,2023,6,Belgium,HUMAN_OBSERVATION
51.10793,5.82224,2023,6,Belgium,HUMAN_OBSERVATION
51.10793,5.82224,2023,6,Belgium,HUMAN_OBSERVATION
51.10793,5.82224,2023,6,Belgium,HUMAN_OBSERVATION
51.10793,5.82224,2023,6,Belgium,HUMAN_OBSERVATION
51.10793,5.82224,2023,6,Belgium,HUMAN_OBSERVATION
51.10793,5.82224,2023,6,Belgium,HUMAN_OBSERVATION
51.10793,5.82224,2023,6,Belgium,HUMAN_OBSERVATION
51.10793,5.82224,2023,6,Belgium,HUMAN_OBSERVATION
51.10793,5.82224,2023,6,Belgium,HUMAN_OBSERVATION
51.10793,5.82224,2023,6,Belgium,HUMAN_OBSERVATION
51.10793,5.82224,2023,6,Belgium,HUMAN_OBSERVATION
51.10793,5.82224,2023,6,Belgium,HUMAN_OBSERVATION
51.10793,5.82224,2023,6,Belgium,HUMAN_OBSERVATION
51.10793,5.82224,2023,6,Belgium,HUMAN_OBSERVATION
51.10793,5.82224,2023,6,Belgium,HUMAN_OBSERVATION
51.10793,5.82224,2023,6,Belgium,HUMAN_OBSERVATION
51.10793,5.82224,2023,6,Belgium,HUMAN_OBSERVATION
51.10793,5.82224,2023,6,Belgium,HUMAN_OBSERVATION
51.10793,5.82224,2023,6,Belgium,HUMAN_OBSERVATION
51.10793,5.82224,2023,6,Belgium,HUMAN_OBSERVATION
51.10793,5.82224,2023,6,Belgium,HUMAN_OBSERVATION
51.10793,5.82224,2023,6,Belgium,HUMAN_OBSERVATION
51.10793,5.82224,2023,6,Belgium,HUMAN_OBSERVATION
51.10793,5.82224,2023,6,Belgium,HUMAN_OBSERVATION
51.10793,5.82224,2023,6,Belgium,HUMAN_OBSERVATION
51.10793,5.82224,2023,6,Belgium,HUMAN_OBSERVATION
51.10793,5.82224,2023,6,Belgium,HUMAN_OBSERVATION
51.10793,5.82224,2023,6,Belgium,HUMAN_OBSERVATION
51.10793,5.82224,2023,6,Belgium,HUMAN_OBSERVATION
51.10793,5.82224,2023,6,Belgium,HUMAN_OBSERVATION
51.10793,5.82224,2023,6,Belgium,HUMAN_OBSERVATION
51.10793,5.82224,2023,6,Belgium,HUMAN_OBSERVATION
51.10793,5.82224,2023,6,Belgium,HUMAN_OBSERVATION
51.10793,5.82224,2023,6,Belgium,HUMAN_OBSERVATION
51.10793,5.82224,2023,6,Belgium,HUMAN_OBSERVATION
51.10793,5.82224,2023,6,Belgium,HUMAN_OBSERVATION
51.10793,5.82224,2023,6,Belgium,HUMAN_OBSERVATION
51.10793,5.82224,2023,6,Belgium,HUMAN_OBSERVATION
51.10793,5.82224,2023,6,Belgium,HUMAN_OBSERVATION
51.10793,5.82224,2023,6,Belgium,HUMAN_OBSERVATION
51.10793,5.82224,2023,6,Belgium,HUMAN_OBSERVATION
51.10793,5.82224,2023,6,Belgium,HUMAN_OBSERVATION
51.10793,5.82224,2023,6,Belgium,HUMAN_OBSERVATION
51.10793,5.82224,2023,6,Belgium,HUMAN_OBSERVATION
51.10793,5.82224,2023,6,Belgium,HUMAN_OBSERVATION
51.10793,5.82224,2023,6,Belgium,HUMAN_OBSERVATION
51.10793,5.82224,2023,6,Belgium,HUMAN_OBSERVATION
51.10793,5.82224,2023,6,Belgium,HUMAN_OBSERVATION
51.10793,5.82224,2023,6,Belgium,HUMAN_OBSERVATION
51.10793,5.82224,2023,6,Belgium,HUMAN_OBSERVATION
51.10793,5.82224,2023,6,Belgium,HUMAN_OBSERVATION
51.10793,5.82224,2023,6,Belgium,HUMAN_OBSERVATION
51.10793,5.82224,2023,6,Belgium,HUMAN_OBSERVATION
51.10793,5.82224,2023,6,Belgium,HUMAN_OBSERVATION
51.10793,5.82224,2023,6,Belgium,HUMAN_OBSERVATION
51.10793,5.82224,2023,6,Belgium,HUMAN_OBSERVATION
51.10793,5.82224,2023,6,Belgium,HUMAN_OBSERVATION
51.10793,5.82224,2023,6,Belgium,HUMAN_OBSERVATION
51.10793,5.82224,2023,6,Belgium,HUMAN_OBSERVATION
51.10793,5.82224,2023,6,Belgium,HUMAN_OBSERVATION
51.10793,5.82224,2023,6,Belgium,HUMAN_OBSERVATION
51.10793,5.82224,2023,6,Belgium,HUMAN_OBSERVATION
51.10793,5.82224,2023,6,Belgium,HUMAN_OBSERVATION
51.10793,5.82224,2023,6,Belgium,HUMAN_OBSERVATION
51.10793,5.82224,2023,6,Belgium,HUMAN_OBSERVATION
51.10793,5.82224,2023,6,Belgium,HUMAN_OBSERVATION
51.10793,5.82224,2023,6,Belgium,HUMAN_OBSERVATION
51.10793,5.82224,2023,6,Belgium,HUMAN_OBSERVATION
51.10793,5.82224,2023,6,Belgium,HUMAN_OBSERVATION
51.10793,5.82224,2023,6,Belgium,HUMAN_OBSERVATION
51.10793,5.82224,2023,6,Belgium,HUMAN_OBSERVATION
51.10793,5.82224,2023,6,Belgium,HUMAN_OBSERVATION
51.10793,5.82224,2023,6,Belgium,HUMAN_OBSERVATION
51.10793,5.82224,2023,6,Belgium,HUMAN_OBSERVATION
51.10793,5.82224,2023,6,Belgium,HUMAN_OBSERVATION
51.10793,5.82224,2023,6,Belgium,HUMAN_OBSERVATION
51.10793,5.82224,2023,6,Belgium,HUMAN_OBSERVATION
51.10793,5.82224,2023,6,Belgium,HUMAN_OBSERVATION
51.10793,5.82224,2023,6,Belgium,HUMAN_OBSERVATION
51.10793,5.82224,2022,5,Belgium,HUMAN_OBSERVATION
51.10793,5.82224,2022,5,Belgium,HUMAN_OBSERVATION
51.10793,5.82224,2022,5,Belgium,HUMAN_OBSERVATION
51.10793,5.82224,2022,5,Belgium,HUMAN_OBSERVATION
51.10793,5.82224,2022,5,Belgium,HUMAN_OBSERVATION
51.10793,5.82224,2022,5,Belgium,HUMAN_OBSERVATION
51.10793,5.82224,2022,5,Belgium,HUMAN_OBSERVATION
51.10793,5.82224,2022,5,Belgium,HUMAN_OBSERVATION
51.10793,5.82224,2022,5,Belgium,HUMAN_OBSERVATION
51.10793,5.82224,2022,5,Belgium,HUMAN_OBSERVATION
51.10793,5.82224,2022,5,Belgium,HUMAN_OBSERVATION
51.10793,5.82224,2022,5,Belgium,HUMAN_OBSERVATION
51.10793,5.82224,2022,5,Belgium,HUMAN_OBSERVATION
51.10793,5.82224,2022,5,Belgium,HUMAN_OBSERVATION
51.10793,5.82224,2022,5,Belgium,HUMAN_OBSERVATION
51.10793,5.82224,2022,5,Belgium,HUMAN_OBSERVATION
51.10793,5.82224,2022,5,Belgium,HUMAN_OBSERVATION
51.10793,5.82224,2022,5,Belgium,HUMAN_OBSERVATION
51.10793,5.82224,2022,5,Belgium,HUMAN_OBSERVATION
51.10793,5.82224,2022,5,Belgium,HUMAN_OBSERVATION
51.10793,5.82224,2022,5,Belgium,HUMAN_OBSERVATION
51.10793,5.82224,2022,5,Belgium,HUMAN_OBSERVATION
51.10793,5.82224,2022,5,Belgium,HUMAN_OBSERVATION
51.10793,5.82224,2022,5,Belgium,HUMAN_OBSERVATION
51.10793,5.82224,2022,5,Belgium,HUMAN_OBSERVATION
51.10793,5.82224,2022,5,Belgium,HUMAN_OBSERVATION
51.10793,5.82224,2022,5,Belgium,HUMAN_OBSERVATION
51.10793,5.82224,2022,5,Belgium,HUMAN_OBSERVATION
51.10793,5.82224,2022,5,Belgium,HUMAN_OBSERVATION
51.10793,5.82224,2022,5,Belgium,HUMAN_OBSERVATION
51.10793,5.82224,2022,5,Belgium,HUMAN_OBSERVATION
51.10793,5.82224,2022,5,Belgium,HUMAN_OBSERVATION
51.10793,5.82224,2022,5,Belgium,HUMAN_OBSERVATION
51.10793,5.82224,2022,5,Belgium,HUMAN_OBSERVATION
51.10793,5.82224,2022,5,Belgium,HUMAN_OBSERVATION
51.10793,5.82224,2022,5,Belgium,HUMAN_OBSERVATION
51.10793,5.82224,2022,5,Belgium,HUMAN_OBSERVATION
51.10793,5.82224,2022,5,Belgium,HUMAN_OBSERVATION
51.10793,5.82224,2022,5,Belgium,HUMAN_OBSERVATION
51.10793,5.82224,2022,5,Belgium,HUMAN_OBSERVATION
51.10793,5.82224,2022,5,Belgium,HUMAN_OBSERVATION
51.10793,5.82224,2022,5,Belgium,HUMAN_OBSERVATION
51.10793,5.82224,2022,5,Belgium,HUMAN_OBSERVATION
51.10793,5.82224,2022,5,Belgium,HUMAN_OBSERVATION
51.10793,5.82224,2022,5,Belgium,HUMAN_OBSERVATION
51.10793,5.82224,2022,5,Belgium,HUMAN_OBSERVATION
51.10793,5.82224,2022,5,Belgium,HUMAN_OBSERVATION
51.10793,5.82224,2022,5,Belgium,HUMAN_OBSERVATION
51.10793,5.82224,2022,5,Belgium,HUMAN_OBSERVATION
51.10793,5.82224,2022,5,Belgium,HUMAN_OBSERVATION
51.10793,5.82224,2022,5,Belgium,HUMAN_OBSERVATION
51.10793,5.82224,2022,5,Belgium,HUMAN_OBSERVATION
51.10793,5.82224,2022,5,Belgium,HUMAN_OBSERVATION
51.10793,5.82224,2022,5,Belgium,HUMAN_OBSERVATION
51.10793,5.82224,2022,5,Belgium,HUMAN_OBSERVATION
51.10793,5.82224,2022,5,Belgium,HUMAN_OBSERVATION
51.10793,5.82224,2022,5,Belgium,HUMAN_OBSERVATION
51.10793,5.82224,2022,5,Belgium,HUMAN_OBSERVATION
51.10793,5.82224,2022,5,Belgium,HUMAN_OBSERVATION
51.10793,5.82224,2022,5,Belgium,HUMAN_OBSERVATION
51.10793,5.82224,2022,5,Belgium,HUMAN_OBSERVATION
51.10793,5.82224,2022,5,Belgium,HUMAN_OBSERVATION
51.10793,5.82224,2022,5,Belgium,HUMAN_OBSERVATION
51.10793,5.82224,2022,5,Belgium,HUMAN_OBSERVATION
51.10793,5.82224,2022,5,Belgium,HUMAN_OBSERVATION
51.10793,5.82224,2022,5,Belgium,HUMAN_OBSERVATION
51.10793,5.82224,2022,5,Belgium,HUMAN_OBSERVATION
51.10793,5.82224,2022,5,Belgium,HUMAN_OBSERVATION
51.10793,5.82224,2022,5,Belgium,HUMAN_OBSERVATION
51.10793,5.82224,2022,5,Belgium,HUMAN_OBSERVATION
51.10793,5.82224,2022,5,Belgium,HUMAN_OBSERVATION
51.10793,5.82224,2022,5,Belgium,HUMAN_OBSERVATION
51.10793,5.82224,2022,5,Belgium,HUMAN_OBSERVATION
51.10793,5.82224,2022,5,Belgium,HUMAN_OBSERVATION
51.10793,5.82224,2022,5,Belgium,HUMAN_OBSERVATION
51.10793,5.82224,2022,5,Belgium,HUMAN_OBSERVATION
51.10793,5.82224,2022,5,Belgium,HUMAN_OBSERVATION
51.10793,5.82224,2022,5,Belgium,HUMAN_OBSERVATION
51.10793,5.82224,2022,5,Belgium,HUMAN_OBSERVATION
51.10793,5.82224,2022,5,Belgium,HUMAN_OBSERVATION
51.10793,5.82224,2022,5,Belgium,HUMAN_OBSERVATION
51.10793,5.82224,2022,5,Belgium,HUMAN_OBSERVATION
51.10793,5.82224,2022,5,Belgium,HUMAN_OBSERVATION
51.10793,5.82224,2022,5,Belgium,HUMAN_OBSERVATION
51.10793,5.82224,2022,5,Belgium,HUMAN_OBSERVATION
51.10793,5.82224,2022,5,Belgium,HUMAN_OBSERVATION
51.10793,5.82224,2022,5,Belgium,HUMAN_OBSERVATION
51.10793,5.82224,2022,5,Belgium,HUMAN_OBSERVATION
51.10793,5.82224,2022,5,Belgium,HUMAN_OBSERVATION
51.10793,5.82224,2022,5,Belgium,HUMAN_OBSERVATION
51.10793,5.82224,2022,5,Belgium,HUMAN_OBSERVATION
51.10793,5.82224,2022,5,Belgium,HUMAN_OBSERVATION
51.10793,5.82224,2022,5,Belgium,HUMAN_OBSERVATION
51.10793,5.82224,2022,5,Belgium,HUMAN_OBSERVATION
51.10793,5.82224,2022,5,Belgium,HUMAN_OBSERVATION
51.10793,5.82224,2022,5,Belgium,HUMAN_OBSERVATION
51.10793,5.82224,2022,5,Belgium,HUMAN_OBSERVATION
51.10793,5.82224,2022,5,Belgium,HUMAN_OBSERVATION
51.10793,5.82224,2022,5,Belgium,HUMAN_OBSERVATION
51.10793,5.82224,2022,5,Belgium,HUMAN_OBSERVATION
51.10793,5.82224,2022,5,Belgium,HUMAN_OBSERVATION
51.10793,5.82224,2022,5,Belgium,HUMAN_OBSERVATION
51.10793,5.82224,2022,5,Belgium,HUMAN_OBSERVATION
51.10793,5.82224,2022,5,Belgium,HUMAN_OBSERVATION
51.10793,5.82224,2021,6,Belgium,HUMAN_OBSERVATION
51.10793,5.82224,2021,6,Belgium,HUMAN_OBSERVATION
51.10793,5.82224,2021,6,Belgium,HUMAN_OBSERVATION
51.10793,5.82224,2021,6,Belgium,HUMAN_OBSERVATION
51.10793,5.82224,2021,6,Belgium,HUMAN_OBSERVATION
51.10793,5.82224,2021,6,Belgium,HUMAN_OBSERVATION
51.10793,5.82224,2021,6,Belgium,HUMAN_OBSERVATION
51.10793,5.82224,2021,6,Belgium,HUMAN_OBSERVATION
51.10793,5.82224,2021,6,Belgium,HUMAN_OBSERVATION
51.10793,5.82224,2021,6,Belgium,HUMAN_OBSERVATION
51.10793,5.82224,2021,6,Belgium,HUMAN_OBSERVATION
51.10793,5.82224,2021,6,Belgium,HUMAN_OBSERVATION
51.10793,5.82224,2021,6,Belgium,HUMAN_OBSERVATION
51.10793,5.82224,2021,6,Belgium,HUMAN_OBSERVATION
51.10793,5.82224,2021,6,Belgium,HUMAN_OBSERVATION
51.10793,5.82224,2021,6,Belgium,HUMAN_OBSERVATION
51.10793,5.82224,2021,6,Belgium,HUMAN_OBSERVATION
51.10793,5.82224,2021,6,Belgium,HUMAN_OBSERVATION
51.10793,5.82224,2021,6,Belgium,HUMAN_OBSERVATION
51.10793,5.82224,2021,6,Belgium,HUMAN_OBSERVATION
51.10793,5.82224,2021,6,Belgium,HUMAN_OBSERVATION
51.10793,5.82224,2021,6,Belgium,HUMAN_OBSERVATION
51.10793,5.82224,2021,6,Belgium,HUMAN_OBSERVATION
51.10793,5.82224,2021,6,Belgium,HUMAN_OBSERVATION
51.10793,5.82224,2021,6,Belgium,HUMAN_OBSERVATION
51.10793,5.82224,2021,6,Belgium,HUMAN_OBSERVATION
51.10793,5.82224,2021,6,Belgium,HUMAN_OBSERVATION
51.10793,5.82224,2021,6,Belgium,HUMAN_OBSERVATION
51.10793,5.82224,2021,6,Belgium,HUMAN_OBSERVATION
51.10793,5.82224,2021,6,Belgium,HUMAN_OBSERVATION
51.10793,5.82224,2021,6,Belgium,HUMAN_OBSERVATION
51.10793,5.82224,2021,6,Belgium,HUMAN_OBSERVATION
51.10793,5.82224,2021,6,Belgium,HUMAN_OBSERVATION
51.10793,5.82224,2021,6,Belgium,HUMAN_OBSERVATION
51.10793,5.82224,2021,6,Belgium,HUMAN_OBSERVATION
51.10793,5.82224,2021,6,Belgium,HUMAN_OBSERVATION
51.10793,5.82224,2021,6,Belgium,HUMAN_OBSERVATION
51.10793,5.82224,2021,6,Belgium,HUMAN_OBSERVATION
51.10793,5.82224,2021,6,Belgium,HUMAN_OBSERVATION
51.10793,5.82224,2021,6,Belgium,HUMAN_OBSERVATION
51.10793,5.82224,2021,6,Belgium,HUMAN_OBSERVATION
51.10793,5.82224,2021,6,Belgium,HUMAN_OBSERVATION
51.10793,5.82224,2021,6,Belgium,HUMAN_OBSERVATION
51.10793,5.82224,2021,6,Belgium,HUMAN_OBSERVATION
51.10793,5.82224,2021,6,Belgium,HUMAN_OBSERVATION
51.10793,5.82224,2021,6,Belgium,HUMAN_OBSERVATION
51.10793,5.82224,2021,6,Belgium,HUMAN_OBSERVATION
51.10793,5.82224,2021,6,Belgium,HUMAN_OBSERVATION
51.10793,5.82224,2021,6,Belgium,HUMAN_OBSERVATION
51.10793,5.82224,2021,6,Belgium,HUMAN_OBSERVATION
51.10793,5.82224,2021,6,Belgium,HUMAN_OBSERVATION
51.10793,5.82224,2021,6,Belgium,HUMAN_OBSERVATION
51.10793,5.82224,2021,6,Belgium,HUMAN_OBSERVATION
51.10793,5.82224,2021,6,Belgium,HUMAN_OBSERVATION
51.10793,5.82224,2021,6,Belgium,HUMAN_OBSERVATION
51.10793,5.82224,2021,6,Belgium,HUMAN_OBSERVATION
51.10793,5.82224,2021,6,Belgium,HUMAN_OBSERVATION
51.10793,5.82224,2021,6,Belgium,HUMAN_OBSERVATION
51.10793,5.82224,2021,6,Belgium,HUMAN_OBSERVATION
51.10793,5.82224,2021,6,Belgium,HUMAN_OBSERVATION
51.10793,5.82224,2021,6,Belgium,HUMAN_OBSERVATION
51.10793,5.82224,2021,6,Belgium,HUMAN_OBSERVATION
51.10793,5.82224,2021,6,Belgium,HUMAN_OBSERVATION
51.10793,5.82224,2021,6,Belgium,HUMAN_OBSERVATION
51.10793,5.82224,2021,6,Belgium,HUMAN_OBSERVATION
51.10793,5.82224,2021,6,Belgium,HUMAN_OBSERVATION
51.10793,5.82224,2021,6,Belgium,HUMAN_OBSERVATION
51.10793,5.82224,2021,6,Belgium,HUMAN_OBSERVATION
51.10793,5.82224,2021,6,Belgium,HUMAN_OBSERVATION
51.10793,5.82224,2021,6,Belgium,HUMAN_OBSERVATION
51.10793,5.82224,2021,6,Belgium,HUMAN_OBSERVATION
51.10793,5.82224,2021,6,Belgium,HUMAN_OBSERVATION
51.10793,5.82224,2021,6,Belgium,HUMAN_OBSERVATION
51.10793,5.82224,2021,6,Belgium,HUMAN_OBSERVATION
51.10793,5.82224,2021,6,Belgium,HUMAN_OBSERVATION
51.10793,5.82224,2021,6,Belgium,HUMAN_OBSERVATION
51.10793,5.82224,2021,6,Belgium,HUMAN_OBSERVATION
51.10793,5.82224,2021,6,Belgium,HUMAN_OBSERVATION
51.10793,5.82224,2021,6,Belgium,HUMAN_OBSERVATION
51.10793,5.82224,2021,6,Belgium,HUMAN_OBSERVATION
51.10793,5.82224,2021,6,Belgium,HUMAN_OBSERVATION
51.10793,5.82224,2021,6,Belgium,HUMAN_OBSERVATION
51.10793,5.82224,2021,6,Belgium,HUMAN_OBSERVATION
51.10793,5.82224,2021,6,Belgium,HUMAN_OBSERVATION
51.10793,5.82224,2021,6,Belgium,HUMAN_OBSERVATION
51.10793,5.82224,2021,6,Belgium,HUMAN_OBSERVATION
51.10793,5.82224,2021,6,Belgium,HUMAN_OBSERVATION
51.10793,5.82224,2021,6,Belgium,HUMAN_OBSERVATION
51.10793,5.82224,2021,6,Belgium,HUMAN_OBSERVATION
51.10793,5.82224,2021,6,Belgium,HUMAN_OBSERVATION
51.10793,5.82224,2021,6,Belgium,HUMAN_OBSERVATION
51.10793,5.82224,2021,6,Belgium,HUMAN_OBSERVATION
51.10793,5.82224,2021,6,Belgium,HUMAN_OBSERVATION
51.10793,5.82224,2021,6,Belgium,HUMAN_OBSERVATION
51.10793,5.82224,2021,6,Belgium,HUMAN_OBSERVATION
51.10793,5.82224,2021,6,Belgium,HUMAN_OBSERVATION
51.10793,5.82224,2021,6,Belgium,HUMAN_OBSERVATION
51.10793,5.82224,2021,6,Belgium,HUMAN_OBSERVATION
51.10793,5.82224,2021,6,Belgium,HUMAN_OBSERVATION
51.10793,5.82224,2021,6,Belgium,HUMAN_OBSERVATION
51.10793,5.82224,2021,6,Belgium,HUMAN_OBSERVATION
51.10793,5.82224,2021,6,Belgium,HUMAN_OBSERVATION
51.10793,5.82224,2021,6,Belgium,HUMAN_OBSERVATION
51.10793,5.82224,2021,6,Belgium,HUMAN_OBSERVATION
51.10793,5.82224,2021,6,Belgium,HUMAN_OBSERVATION
51.10793,5.82224,2021,6,Belgium,HUMAN_OBSERVATION
51.10793,5.82224,2021,6,Belgium,HUMAN_OBSERVATION
51.10793,5.82224,2021,6,Belgium,HUMAN_OBSERVATION
51.10793,5.82224,2021,6,Belgium,HUMAN_OBSERVATION
51.10793,5.82224,2021,6,Belgium,HUMAN_OBSERVATION
51.10793,5.82224,2021,6,Belgium,HUMAN_OBSERVATION
51.10793,5.82224,2021,6,Belgium,HUMAN_OBSERVATION
51.10793,5.82224,2021,6,Belgium,HUMAN_OBSERVATION
51.10793,5.82224,2021,6,Belgium,HUMAN_OBSERVATION
51.10793,5.82224,2021,6,Belgium,HUMAN_OBSERVATION
51.10793,5.82224,2021,6,Belgium,HUMAN_OBSERVATION
51.10793,5.82224,2020,6,Belgium,HUMAN_OBSERVATION
51.10793,5.82224,2020,6,Belgium,HUMAN_OBSERVATION
51.10793,5.82224,2020,6,Belgium,HUMAN_OBSERVATION
51.10793,5.82224,2020,6,Belgium,HUMAN_OBSERVATION
51.10793,5.82224,2020,6,Belgium,HUMAN_OBSERVATION
51.10793,5.82224,2020,6,Belgium,HUMAN_OBSERVATION
51.10793,5.82224,2020,6,Belgium,HUMAN_OBSERVATION
51.10793,5.82224,2020,6,Belgium,HUMAN_OBSERVATION
51.10793,5.82224,2020,6,Belgium,HUMAN_OBSERVATION
51.10793,5.82224,2020,6,Belgium,HUMAN_OBSERVATION
51.10793,5.82224,2020,6,Belgium,HUMAN_OBSERVATION
51.10793,5.82224,2020,6,Belgium,HUMAN_OBSERVATION
51.10793,5.82224,2020,6,Belgium,HUMAN_OBSERVATION
51.10793,5.82224,2020,6,Belgium,HUMAN_OBSERVATION
51.10793,5.82224,2020,6,Belgium,HUMAN_OBSERVATION
51.10793,5.82224,2020,6,Belgium,HUMAN_OBSERVATION
51.10793,5.82224,2020,6,Belgium,HUMAN_OBSERVATION
51.10793,5.82224,2020,6,Belgium,HUMAN_OBSERVATION
51.10793,5.82224,2020,6,Belgium,HUMAN_OBSERVATION
51.10793,5.82224,2020,6,Belgium,HUMAN_OBSERVATION
51.10793,5.82224,2020,6,Belgium,HUMAN_OBSERVATION
51.10793,5.82224,2020,6,Belgium,HUMAN_OBSERVATION
51.10793,5.82224,2020,6,Belgium,HUMAN_OBSERVATION
51.10793,5.82224,2020,6,Belgium,HUMAN_OBSERVATION
51.10793,5.82224,2020,6,Belgium,HUMAN_OBSERVATION
51.10793,5.82224,2020,6,Belgium,HUMAN_OBSERVATION
51.10793,5.82224,2020,6,Belgium,HUMAN_OBSERVATION
51.10793,5.82224,2020,6,Belgium,HUMAN_OBSERVATION
51.10793,5.82224,2020,6,Belgium,HUMAN_OBSERVATION
51.10793,5.82224,2020,6,Belgium,HUMAN_OBSERVATION
51.10793,5.82224,2020,6,Belgium,HUMAN_OBSERVATION
51.10793,5.82224,2020,6,Belgium,HUMAN_OBSERVATION
51.10793,5.82224,2020,6,Belgium,HUMAN_OBSERVATION
51.10793,5.82224,2020,6,Belgium,HUMAN_OBSERVATION
51.10793,5.82224,2020,6,Belgium,HUMAN_OBSERVATION
51.10793,5.82224,2020,6,Belgium,HUMAN_OBSERVATION
51.10793,5.82224,2020,6,Belgium,HUMAN_OBSERVATION
51.10793,5.82224,2020,6,Belgium,HUMAN_OBSERVATION
51.10793,5.82224,2020,6,Belgium,HUMAN_OBSERVATION
51.10793,5.82224,2020,6,Belgium,HUMAN_OBSERVATION
51.10793,5.82224,2020,6,Belgium,HUMAN_OBSERVATION
51.10793,5.82224,2020,6,Belgium,HUMAN_OBSERVATION
51.10793,5.82224,2020,6,Belgium,HUMAN_OBSERVATION
51.10793,5.82224,2020,6,Belgium,HUMAN_OBSERVATION
51.10793,5.82224,2020,6,Belgium,HUMAN_OBSERVATION
51.10793,5.82224,2020,6,Belgium,HUMAN_OBSERVATION
51.10793,5.82224,2020,6,Belgium,HUMAN_OBSERVATION
51.10793,5.82224,2020,6,Belgium,HUMAN_OBSERVATION
51.10793,5.82224,2020,6,Belgium,HUMAN_OBSERVATION
51.10793,5.82224,2020,6,Belgium,HUMAN_OBSERVATION
51.10793,5.82224,2020,6,Belgium,HUMAN_OBSERVATION
51.10793,5.82224,2020,6,Belgium,HUMAN_OBSERVATION
51.10793,5.82224,2020,6,Belgium,HUMAN_OBSERVATION
51.10793,5.82224,2020,6,Belgium,HUMAN_OBSERVATION
51.10793,5.82224,2020,6,Belgium,HUMAN_OBSERVATION
51.10793,5.82224,2020,6,Belgium,HUMAN_OBSERVATION
51.10793,5.82224,2020,6,Belgium,HUMAN_OBSERVATION
51.10793,5.82224,2020,6,Belgium,HUMAN_OBSERVATION
51.10793,5.82224,2020,6,Belgium,HUMAN_OBSERVATION
51.10793,5.82224,2020,6,Belgium,HUMAN_OBSERVATION
51.10793,5.82224,2020,6,Belgium,HUMAN_OBSERVATION
51.10793,5.82224,2020,6,Belgium,HUMAN_OBSERVATION
51.10793,5.82224,2020,6,Belgium,HUMAN_OBSERVATION
51.10943,2.59983,2023,7,Belgium,HUMAN_OBSERVATION
51.11254,3.40094,2023,7,Belgium,HUMAN_OBSERVATION
51.11352,4.54781,2022,11,Belgium,HUMAN_OBSERVATION
51.11439,5.13637,2022,7,Belgium,HUMAN_OBSERVATION
51.11457,5.13695,2024,10,Belgium,HUMAN_OBSERVATION
51.11467,5.13708,2024,10,Belgium,HUMAN_OBSERVATION
51.11526,4.24697,2024,4,Belgium,HUMAN_OBSERVATION
51.11526,4.24697,2024,4,Belgium,HUMAN_OBSERVATION
51.11526,4.24697,2024,4,Belgium,HUMAN_OBSERVATION
51.11526,4.24697,2024,4,Belgium,HUMAN_OBSERVATION
51.11526,4.24697,2024,4,Belgium,HUMAN_OBSERVATION
51.11526,4.24697,2024,4,Belgium,HUMAN_OBSERVATION
51.11526,4.24697,2024,4,Belgium,HUMAN_OBSERVATION
51.11526,4.24697,2024,4,Belgium,HUMAN_OBSERVATION
51.11526,4.24697,2023,7,Belgium,HUMAN_OBSERVATION
51.11665,4.56359,2024,4,Belgium,HUMAN_OBSERVATION
51.11667,4.56357,2024,4,Belgium,HUMAN_OBSERVATION
51.11669,4.56367,2024,4,Belgium,HUMAN_OBSERVATION
51.11689,4.56375,2024,4,Belgium,HUMAN_OBSERVATION
51.1171,4.56475,2024,4,Belgium,HUMAN_OBSERVATION
51.11711,4.56479,2024,4,Belgium,HUMAN_OBSERVATION
51.11902,5.81099,2022,5,Belgium,HUMAN_OBSERVATION
51.11902,5.81099,2022,5,Belgium,HUMAN_OBSERVATION
51.11902,5.81099,2022,5,Belgium,HUMAN_OBSERVATION
51.11902,5.81099,2022,5,Belgium,HUMAN_OBSERVATION
51.11902,5.81099,2022,5,Belgium,HUMAN_OBSERVATION
51.11902,5.81099,2022,5,Belgium,HUMAN_OBSERVATION
51.11902,5.81099,2022,5,Belgium,HUMAN_OBSERVATION
51.11902,5.81099,2022,5,Belgium,HUMAN_OBSERVATION
51.11902,5.81099,2022,5,Belgium,HUMAN_OBSERVATION
51.11902,5.81099,2022,5,Belgium,HUMAN_OBSERVATION
51.11902,5.81099,2022,5,Belgium,HUMAN_OBSERVATION
51.11902,5.81099,2022,5,Belgium,HUMAN_OBSERVATION
51.11902,5.81099,2022,5,Belgium,HUMAN_OBSERVATION
51.11902,5.81099,2022,5,Belgium,HUMAN_OBSERVATION
51.11902,5.81099,2022,5,Belgium,HUMAN_OBSERVATION
51.11902,5.81099,2022,5,Belgium,HUMAN_OBSERVATION
51.11902,5.81099,2022,5,Belgium,HUMAN_OBSERVATION
51.11902,5.81099,2022,5,Belgium,HUMAN_OBSERVATION
51.11902,5.81099,2022,5,Belgium,HUMAN_OBSERVATION
51.11902,5.81099,2022,5,Belgium,HUMAN_OBSERVATION
51.11902,5.81099,2022,5,Belgium,HUMAN_OBSERVATION
51.11902,5.81099,2022,5,Belgium,HUMAN_OBSERVATION
51.11902,5.81099,2022,5,Belgium,HUMAN_OBSERVATION
51.11902,5.81099,2022,5,Belgium,HUMAN_OBSERVATION
51.11902,5.81099,2022,5,Belgium,HUMAN_OBSERVATION
51.11902,5.81099,2022,5,Belgium,HUMAN_OBSERVATION
51.11902,5.81099,2022,5,Belgium,HUMAN_OBSERVATION
51.11902,5.81099,2022,5,Belgium,HUMAN_OBSERVATION
51.11902,5.81099,2022,5,Belgium,HUMAN_OBSERVATION
51.11902,5.81099,2022,5,Belgium,HUMAN_OBSERVATION
51.11902,5.81099,2022,5,Belgium,HUMAN_OBSERVATION
51.11902,5.81099,2022,5,Belgium,HUMAN_OBSERVATION
51.11902,5.81099,2022,5,Belgium,HUMAN_OBSERVATION
51.11902,5.81099,2022,5,Belgium,HUMAN_OBSERVATION
51.11902,5.81099,2022,5,Belgium,HUMAN_OBSERVATION
51.11902,5.81099,2022,5,Belgium,HUMAN_OBSERVATION
51.11902,5.81099,2022,5,Belgium,HUMAN_OBSERVATION
51.11902,5.81099,2022,5,Belgium,HUMAN_OBSERVATION
51.11902,5.81099,2022,5,Belgium,HUMAN_OBSERVATION
51.11902,5.81099,2022,5,Belgium,HUMAN_OBSERVATION
51.11902,5.81099,2022,5,Belgium,HUMAN_OBSERVATION
51.11902,5.81099,2022,5,Belgium,HUMAN_OBSERVATION
51.11902,5.81099,2022,5,Belgium,HUMAN_OBSERVATION
51.11902,5.81099,2022,5,Belgium,HUMAN_OBSERVATION
51.11902,5.81099,2022,5,Belgium,HUMAN_OBSERVATION
51.11902,5.81099,2022,5,Belgium,HUMAN_OBSERVATION
51.11902,5.81099,2022,5,Belgium,HUMAN_OBSERVATION
51.11902,5.81099,2022,5,Belgium,HUMAN_OBSERVATION
51.11902,5.81099,2022,5,Belgium,HUMAN_OBSERVATION
51.11902,5.81099,2022,5,Belgium,HUMAN_OBSERVATION
51.11902,5.81099,2022,5,Belgium,HUMAN_OBSERVATION
51.11902,5.81099,2022,5,Belgium,HUMAN_OBSERVATION
51.11902,5.81099,2022,5,Belgium,HUMAN_OBSERVATION
51.11902,5.81099,2022,5,Belgium,HUMAN_OBSERVATION
51.11902,5.81099,2022,5,Belgium,HUMAN_OBSERVATION
51.11902,5.81099,2022,5,Belgium,HUMAN_OBSERVATION
51.11902,5.81099,2022,5,Belgium,HUMAN_OBSERVATION
51.11902,5.81099,2022,5,Belgium,HUMAN_OBSERVATION
51.11902,5.81099,2022,5,Belgium,HUMAN_OBSERVATION
51.11902,5.81099,2022,5,Belgium,HUMAN_OBSERVATION
51.11902,5.81099,2022,5,Belgium,HUMAN_OBSERVATION
51.11902,5.81099,2022,5,Belgium,HUMAN_OBSERVATION
51.11902,5.81099,2022,5,Belgium,HUMAN_OBSERVATION
51.11902,5.81099,2022,5,Belgium,HUMAN_OBSERVATION
51.11902,5.81099,2022,5,Belgium,HUMAN_OBSERVATION
51.11902,5.81099,2022,5,Belgium,HUMAN_OBSERVATION
51.11902,5.81099,2022,5,Belgium,HUMAN_OBSERVATION
51.11902,5.81099,2022,5,Belgium,HUMAN_OBSERVATION
51.11902,5.81099,2022,5,Belgium,HUMAN_OBSERVATION
51.11902,5.81099,2022,5,Belgium,HUMAN_OBSERVATION
51.11902,5.81099,2022,5,Belgium,HUMAN_OBSERVATION
51.11902,5.81099,2022,5,Belgium,HUMAN_OBSERVATION
51.11902,5.81099,2022,5,Belgium,HUMAN_OBSERVATION
51.11902,5.81099,2022,5,Belgium,HUMAN_OBSERVATION
51.11902,5.81099,2022,5,Belgium,HUMAN_OBSERVATION
51.11902,5.81099,2022,5,Belgium,HUMAN_OBSERVATION
51.11902,5.81099,2022,5,Belgium,HUMAN_OBSERVATION
51.11902,5.81099,2022,5,Belgium,HUMAN_OBSERVATION
51.11902,5.81099,2022,5,Belgium,HUMAN_OBSERVATION
51.11902,5.81099,2022,5,Belgium,HUMAN_OBSERVATION
51.11902,5.81099,2022,5,Belgium,HUMAN_OBSERVATION
51.11902,5.81099,2022,5,Belgium,HUMAN_OBSERVATION
51.11902,5.81099,2022,5,Belgium,HUMAN_OBSERVATION
51.11902,5.81099,2022,5,Belgium,HUMAN_OBSERVATION
51.11902,5.81099,2022,5,Belgium,HUMAN_OBSERVATION
51.11902,5.81099,2022,5,Belgium,HUMAN_OBSERVATION
51.11902,5.81099,2021,6,Belgium,HUMAN_OBSERVATION
51.11902,5.81099,2021,6,Belgium,HUMAN_OBSERVATION
51.11902,5.81099,2021,6,Belgium,HUMAN_OBSERVATION
51.11902,5.81099,2021,6,Belgium,HUMAN_OBSERVATION
51.11902,5.81099,2021,6,Belgium,HUMAN_OBSERVATION
51.11902,5.81099,2021,6,Belgium,HUMAN_OBSERVATION
51.11902,5.81099,2021,6,Belgium,HUMAN_OBSERVATION
51.11902,5.81099,2021,6,Belgium,HUMAN_OBSERVATION
51.11902,5.81099,2021,6,Belgium,HUMAN_OBSERVATION
51.11902,5.81099,2021,6,Belgium,HUMAN_OBSERVATION
51.11902,5.81099,2021,6,Belgium,HUMAN_OBSERVATION
51.11902,5.81099,2021,6,Belgium,HUMAN_OBSERVATION
51.11902,5.81099,2021,6,Belgium,HUMAN_OBSERVATION
51.11902,5.81099,2021,6,Belgium,HUMAN_OBSERVATION
51.11902,5.81099,2021,6,Belgium,HUMAN_OBSERVATION
51.11902,5.81099,2021,6,Belgium,HUMAN_OBSERVATION
51.11902,5.81099,2021,6,Belgium,HUMAN_OBSERVATION
51.11902,5.81099,2021,6,Belgium,HUMAN_OBSERVATION
51.11902,5.81099,2021,6,Belgium,HUMAN_OBSERVATION
51.11902,5.81099,2021,6,Belgium,HUMAN_OBSERVATION
51.11902,5.81099,2021,6,Belgium,HUMAN_OBSERVATION
51.11902,5.81099,2021,6,Belgium,HUMAN_OBSERVATION
51.11902,5.81099,2021,6,Belgium,HUMAN_OBSERVATION
51.11902,5.81099,2021,6,Belgium,HUMAN_OBSERVATION
51.11902,5.81099,2021,6,Belgium,HUMAN_OBSERVATION
51.11902,5.81099,2021,6,Belgium,HUMAN_OBSERVATION
51.11902,5.81099,2021,6,Belgium,HUMAN_OBSERVATION
51.11902,5.81099,2021,6,Belgium,HUMAN_OBSERVATION
51.11902,5.81099,2021,6,Belgium,HUMAN_OBSERVATION
51.11902,5.81099,2021,6,Belgium,HUMAN_OBSERVATION
51.11902,5.81099,2021,6,Belgium,HUMAN_OBSERVATION
51.11902,5.81099,2021,6,Belgium,HUMAN_OBSERVATION
51.11902,5.81099,2021,6,Belgium,HUMAN_OBSERVATION
51.11902,5.81099,2021,6,Belgium,HUMAN_OBSERVATION
51.11902,5.81099,2021,6,Belgium,HUMAN_OBSERVATION
51.11902,5.81099,2021,6,Belgium,HUMAN_OBSERVATION
51.11902,5.81099,2021,6,Belgium,HUMAN_OBSERVATION
51.11902,5.81099,2021,6,Belgium,HUMAN_OBSERVATION
51.11902,5.81099,2021,6,Belgium,HUMAN_OBSERVATION
51.11902,5.81099,2021,6,Belgium,HUMAN_OBSERVATION
51.11902,5.81099,2021,6,Belgium,HUMAN_OBSERVATION
51.11902,5.81099,2021,6,Belgium,HUMAN_OBSERVATION
51.11902,5.81099,2021,6,Belgium,HUMAN_OBSERVATION
51.11902,5.81099,2021,6,Belgium,HUMAN_OBSERVATION
51.11902,5.81099,2021,6,Belgium,HUMAN_OBSERVATION
51.11902,5.81099,2021,6,Belgium,HUMAN_OBSERVATION
51.11902,5.81099,2021,6,Belgium,HUMAN_OBSERVATION
51.11902,5.81099,2021,6,Belgium,HUMAN_OBSERVATION
51.11902,5.81099,2021,6,Belgium,HUMAN_OBSERVATION
51.11902,5.81099,2021,6,Belgium,HUMAN_OBSERVATION
51.11902,5.81099,2021,6,Belgium,HUMAN_OBSERVATION
51.11902,5.81099,2021,6,Belgium,HUMAN_OBSERVATION
51.11902,5.81099,2021,6,Belgium,HUMAN_OBSERVATION
51.11902,5.81099,2021,6,Belgium,HUMAN_OBSERVATION
51.11902,5.81099,2021,6,Belgium,HUMAN_OBSERVATION
51.11902,5.81099,2021,6,Belgium,HUMAN_OBSERVATION
51.11902,5.81099,2021,6,Belgium,HUMAN_OBSERVATION
51.11902,5.81099,2021,6,Belgium,HUMAN_OBSERVATION
51.11902,5.81099,2021,6,Belgium,HUMAN_OBSERVATION
51.11902,5.81099,2021,6,Belgium,HUMAN_OBSERVATION
51.11902,5.81099,2021,6,Belgium,HUMAN_OBSERVATION
51.11902,5.81099,2021,6,Belgium,HUMAN_OBSERVATION
51.11902,5.81099,2021,6,Belgium,HUMAN_OBSERVATION
51.11902,5.81099,2021,6,Belgium,HUMAN_OBSERVATION
51.11902,5.81099,2021,6,Belgium,HUMAN_OBSERVATION
51.11902,5.81099,2021,6,Belgium,HUMAN_OBSERVATION
51.11902,5.81099,2021,6,Belgium,HUMAN_OBSERVATION
51.11902,5.81099,2021,6,Belgium,HUMAN_OBSERVATION
51.11902,5.81099,2021,6,Belgium,HUMAN_OBSERVATION
51.11902,5.81099,2021,6,Belgium,HUMAN_OBSERVATION
51.11902,5.81099,2021,6,Belgium,HUMAN_OBSERVATION
51.11902,5.81099,2021,6,Belgium,HUMAN_OBSERVATION
51.11902,5.81099,2021,6,Belgium,HUMAN_OBSERVATION
51.11902,5.81099,2021,6,Belgium,HUMAN_OBSERVATION
51.11902,5.81099,2021,6,Belgium,HUMAN_OBSERVATION
51.11902,5.81099,2021,6,Belgium,HUMAN_OBSERVATION
51.11902,5.81099,2021,6,Belgium,HUMAN_OBSERVATION
51.11902,5.81099,2021,6,Belgium,HUMAN_OBSERVATION
51.11902,5.81099,2021,6,Belgium,HUMAN_OBSERVATION
51.11902,5.81099,2021,6,Belgium,HUMAN_OBSERVATION
51.11902,5.81099,2021,6,Belgium,HUMAN_OBSERVATION
51.11902,5.81099,2021,6,Belgium,HUMAN_OBSERVATION
51.11902,5.81099,2021,6,Belgium,HUMAN_OBSERVATION
51.11902,5.81099,2021,6,Belgium,HUMAN_OBSERVATION
51.11902,5.81099,2021,6,Belgium,HUMAN_OBSERVATION
51.11902,5.81099,2021,6,Belgium,HUMAN_OBSERVATION
51.11902,5.81099,2021,6,Belgium,HUMAN_OBSERVATION
51.11902,5.81099,2021,6,Belgium,HUMAN_OBSERVATION
51.11902,5.81099,2021,6,Belgium,HUMAN_OBSERVATION
51.11902,5.81099,2021,6,Belgium,HUMAN_OBSERVATION
51.11902,5.81099,2021,6,Belgium,HUMAN_OBSERVATION
51.11902,5.81099,2021,6,Belgium,HUMAN_OBSERVATION
51.11902,5.81099,2021,6,Belgium,HUMAN_OBSERVATION
51.11902,5.81099,2021,6,Belgium,HUMAN_OBSERVATION
51.11902,5.81099,2021,6,Belgium,HUMAN_OBSERVATION
51.11902,5.81099,2021,6,Belgium,HUMAN_OBSERVATION
51.11902,5.81099,2021,6,Belgium,HUMAN_OBSERVATION
51.11902,5.81099,2021,6,Belgium,HUMAN_OBSERVATION
51.11902,5.81099,2021,6,Belgium,HUMAN_OBSERVATION
51.11902,5.81099,2021,6,Belgium,HUMAN_OBSERVATION
51.11902,5.81099,2021,6,Belgium,HUMAN_OBSERVATION
51.11902,5.81099,2021,6,Belgium,HUMAN_OBSERVATION
51.11902,5.81099,2021,6,Belgium,HUMAN_OBSERVATION
51.11902,5.81099,2021,6,Belgium,HUMAN_OBSERVATION
51.11902,5.81099,2021,6,Belgium,HUMAN_OBSERVATION
51.11902,5.81099,2021,6,Belgium,HUMAN_OBSERVATION
51.11902,5.81099,2021,6,Belgium,HUMAN_OBSERVATION
51.11902,5.81099,2021,6,Belgium,HUMAN_OBSERVATION
51.11902,5.81099,2021,6,Belgium,HUMAN_OBSERVATION
51.11902,5.81099,2021,6,Belgium,HUMAN_OBSERVATION
51.11902,5.81099,2021,6,Belgium,HUMAN_OBSERVATION
51.12189,2.75554,2024,6,Belgium,HUMAN_OBSERVATION
51.12191,2.75555,2024,9,Belgium,HUMAN_OBSERVATION
51.12382,5.65657,2021,10,Belgium,HUMAN_OBSERVATION
51.12615,3.76228,2022,11,Belgium,HUMAN_OBSERVATION
51.12629,3.76225,2022,11,Belgium,HUMAN_OBSERVATION
51.12831,4.32169,2024,7,Belgium,HUMAN_OBSERVATION
51.12836,4.32185,2024,6,Belgium,HUMAN_OBSERVATION
51.12838,5.78321,2023,9,Belgium,HUMAN_OBSERVATION
51.12839,4.32176,2024,6,Belgium,HUMAN_OBSERVATION
51.12839,4.32176,2024,6,Belgium,HUMAN_OBSERVATION
51.12841,4.32191,2024,7,Belgium,HUMAN_OBSERVATION
51.12841,4.32191,2024,7,Belgium,HUMAN_OBSERVATION
51.12844,3.34473,2022,6,Belgium,HUMAN_OBSERVATION
51.12858,4.30499,2025,5,Belgium,HUMAN_OBSERVATION
51.1286,4.32216,2024,4,Belgium,HUMAN_OBSERVATION
51.12866,4.30525,2024,10,Belgium,HUMAN_OBSERVATION
51.12873,5.14181,2022,7,Belgium,HUMAN_OBSERVATION
51.12886,3.36527,2022,8,Belgium,HUMAN_OBSERVATION
51.12953,3.37003,2021,12,Belgium,HUMAN_OBSERVATION
51.13066,5.83349,2024,8,Belgium,HUMAN_OBSERVATION
51.13066,5.83349,2024,8,Belgium,HUMAN_OBSERVATION
51.13066,5.83349,2024,8,Belgium,HUMAN_OBSERVATION
51.13066,5.83349,2024,8,Belgium,HUMAN_OBSERVATION
51.13066,5.83349,2024,8,Belgium,HUMAN_OBSERVATION
51.13066,5.83349,2024,8,Belgium,HUMAN_OBSERVATION
51.13066,5.83349,2024,8,Belgium,HUMAN_OBSERVATION
51.13066,5.83349,2024,8,Belgium,HUMAN_OBSERVATION
51.13066,5.83349,2024,8,Belgium,HUMAN_OBSERVATION
51.13066,5.83349,2024,8,Belgium,HUMAN_OBSERVATION
51.13066,5.83349,2024,8,Belgium,HUMAN_OBSERVATION
51.13066,5.83349,2024,8,Belgium,HUMAN_OBSERVATION
51.13066,5.83349,2024,8,Belgium,HUMAN_OBSERVATION
51.13066,5.83349,2024,8,Belgium,HUMAN_OBSERVATION
51.13066,5.83349,2024,8,Belgium,HUMAN_OBSERVATION
51.13066,5.83349,2024,8,Belgium,HUMAN_OBSERVATION
51.13066,5.83349,2024,8,Belgium,HUMAN_OBSERVATION
51.13066,5.83349,2024,8,Belgium,HUMAN_OBSERVATION
51.13066,5.83349,2024,8,Belgium,HUMAN_OBSERVATION
51.13066,5.83349,2024,8,Belgium,HUMAN_OBSERVATION
51.13066,5.83349,2024,8,Belgium,HUMAN_OBSERVATION
51.13066,5.83349,2024,8,Belgium,HUMAN_OBSERVATION
51.13066,5.83349,2024,8,Belgium,HUMAN_OBSERVATION
51.13066,5.83349,2024,8,Belgium,HUMAN_OBSERVATION
51.13066,5.83349,2024,8,Belgium,HUMAN_OBSERVATION
51.13066,5.83349,2024,8,Belgium,HUMAN_OBSERVATION
51.13066,5.83349,2024,8,Belgium,HUMAN_OBSERVATION
51.13066,5.83349,2024,8,Belgium,HUMAN_OBSERVATION
51.13066,5.83349,2024,8,Belgium,HUMAN_OBSERVATION
51.13066,5.83349,2024,8,Belgium,HUMAN_OBSERVATION
51.13066,5.83349,2024,8,Belgium,HUMAN_OBSERVATION
51.13066,5.83349,2024,8,Belgium,HUMAN_OBSERVATION
51.13066,5.83349,2024,8,Belgium,HUMAN_OBSERVATION
51.13066,5.83349,2024,8,Belgium,HUMAN_OBSERVATION
51.13066,5.83349,2024,8,Belgium,HUMAN_OBSERVATION
51.13066,5.83349,2024,8,Belgium,HUMAN_OBSERVATION
51.13066,5.83349,2024,8,Belgium,HUMAN_OBSERVATION
51.13066,5.83349,2024,8,Belgium,HUMAN_OBSERVATION
51.13066,5.83349,2024,8,Belgium,HUMAN_OBSERVATION
51.13066,5.83349,2024,8,Belgium,HUMAN_OBSERVATION
51.13066,5.83349,2024,8,Belgium,HUMAN_OBSERVATION
51.13066,5.83349,2024,8,Belgium,HUMAN_OBSERVATION
51.13066,5.83349,2024,8,Belgium,HUMAN_OBSERVATION
51.13066,5.83349,2024,8,Belgium,HUMAN_OBSERVATION
51.13066,5.83349,2024,8,Belgium,HUMAN_OBSERVATION
51.13066,5.83349,2024,8,Belgium,HUMAN_OBSERVATION
51.13066,5.83349,2024,8,Belgium,HUMAN_OBSERVATION
51.13066,5.83349,2024,8,Belgium,HUMAN_OBSERVATION
51.13066,5.83349,2024,8,Belgium,HUMAN_OBSERVATION
51.13066,5.83349,2024,8,Belgium,HUMAN_OBSERVATION
51.13066,5.83349,2024,8,Belgium,HUMAN_OBSERVATION
51.13066,5.83349,2024,8,Belgium,HUMAN_OBSERVATION
51.13066,5.83349,2024,8,Belgium,HUMAN_OBSERVATION
51.13066,5.83349,2024,8,Belgium,HUMAN_OBSERVATION
51.13066,5.83349,2024,8,Belgium,HUMAN_OBSERVATION
51.13066,5.83349,2024,8,Belgium,HUMAN_OBSERVATION
51.13066,5.83349,2024,8,Belgium,HUMAN_OBSERVATION
51.13066,5.83349,2024,8,Belgium,HUMAN_OBSERVATION
51.13066,5.83349,2023,6,Belgium,HUMAN_OBSERVATION
51.13066,5.83349,2023,6,Belgium,HUMAN_OBSERVATION
51.13066,5.83349,2023,6,Belgium,HUMAN_OBSERVATION
51.13066,5.83349,2023,6,Belgium,HUMAN_OBSERVATION
51.13066,5.83349,2023,6,Belgium,HUMAN_OBSERVATION
51.13066,5.83349,2023,6,Belgium,HUMAN_OBSERVATION
51.13066,5.83349,2023,6,Belgium,HUMAN_OBSERVATION
51.13066,5.83349,2023,6,Belgium,HUMAN_OBSERVATION
51.13066,5.83349,2023,6,Belgium,HUMAN_OBSERVATION
51.13066,5.83349,2023,6,Belgium,HUMAN_OBSERVATION
51.13066,5.83349,2023,6,Belgium,HUMAN_OBSERVATION
51.13066,5.83349,2023,6,Belgium,HUMAN_OBSERVATION
51.13066,5.83349,2023,6,Belgium,HUMAN_OBSERVATION
51.13066,5.83349,2023,6,Belgium,HUMAN_OBSERVATION
51.13066,5.83349,2023,6,Belgium,HUMAN_OBSERVATION
51.13066,5.83349,2023,6,Belgium,HUMAN_OBSERVATION
51.13066,5.83349,2023,6,Belgium,HUMAN_OBSERVATION
51.13066,5.83349,2023,6,Belgium,HUMAN_OBSERVATION
51.13066,5.83349,2023,6,Belgium,HUMAN_OBSERVATION
51.13066,5.83349,2023,6,Belgium,HUMAN_OBSERVATION
51.13066,5.83349,2023,6,Belgium,HUMAN_OBSERVATION
51.13066,5.83349,2023,6,Belgium,HUMAN_OBSERVATION
51.13066,5.83349,2023,6,Belgium,HUMAN_OBSERVATION
51.13066,5.83349,2023,6,Belgium,HUMAN_OBSERVATION
51.13066,5.83349,2023,6,Belgium,HUMAN_OBSERVATION
51.13066,5.83349,2023,6,Belgium,HUMAN_OBSERVATION
51.13066,5.83349,2023,6,Belgium,HUMAN_OBSERVATION
51.13066,5.83349,2023,6,Belgium,HUMAN_OBSERVATION
51.13066,5.83349,2023,6,Belgium,HUMAN_OBSERVATION
51.13066,5.83349,2023,6,Belgium,HUMAN_OBSERVATION
51.13066,5.83349,2023,6,Belgium,HUMAN_OBSERVATION
51.13066,5.83349,2023,6,Belgium,HUMAN_OBSERVATION
51.13066,5.83349,2023,6,Belgium,HUMAN_OBSERVATION
51.13066,5.83349,2023,6,Belgium,HUMAN_OBSERVATION
51.13066,5.83349,2023,6,Belgium,HUMAN_OBSERVATION
51.13066,5.83349,2023,6,Belgium,HUMAN_OBSERVATION
51.13066,5.83349,2023,6,Belgium,HUMAN_OBSERVATION
51.13066,5.83349,2023,6,Belgium,HUMAN_OBSERVATION
51.13066,5.83349,2023,6,Belgium,HUMAN_OBSERVATION
51.13066,5.83349,2023,6,Belgium,HUMAN_OBSERVATION
51.13066,5.83349,2023,6,Belgium,HUMAN_OBSERVATION
51.13066,5.83349,2023,6,Belgium,HUMAN_OBSERVATION
51.13066,5.83349,2023,6,Belgium,HUMAN_OBSERVATION
51.13066,5.83349,2023,6,Belgium,HUMAN_OBSERVATION
51.13066,5.83349,2023,6,Belgium,HUMAN_OBSERVATION
51.13066,5.83349,2023,6,Belgium,HUMAN_OBSERVATION
51.13066,5.83349,2023,6,Belgium,HUMAN_OBSERVATION
51.13066,5.83349,2023,6,Belgium,HUMAN_OBSERVATION
51.13066,5.83349,2023,6,Belgium,HUMAN_OBSERVATION
51.13066,5.83349,2023,6,Belgium,HUMAN_OBSERVATION
51.13066,5.83349,2023,6,Belgium,HUMAN_OBSERVATION
51.13066,5.83349,2023,6,Belgium,HUMAN_OBSERVATION
51.13066,5.83349,2023,6,Belgium,HUMAN_OBSERVATION
51.13066,5.83349,2023,6,Belgium,HUMAN_OBSERVATION
51.13066,5.83349,2023,6,Belgium,HUMAN_OBSERVATION
51.13066,5.83349,2023,6,Belgium,HUMAN_OBSERVATION
51.13066,5.83349,2023,6,Belgium,HUMAN_OBSERVATION
51.13066,5.83349,2023,6,Belgium,HUMAN_OBSERVATION
51.13066,5.83349,2023,6,Belgium,HUMAN_OBSERVATION
51.13066,5.83349,2023,6,Belgium,HUMAN_OBSERVATION
51.13066,5.83349,2023,6,Belgium,HUMAN_OBSERVATION
51.13066,5.83349,2023,6,Belgium,HUMAN_OBSERVATION
51.13066,5.83349,2023,6,Belgium,HUMAN_OBSERVATION
51.13066,5.83349,2023,6,Belgium,HUMAN_OBSERVATION
51.13066,5.83349,2023,6,Belgium,HUMAN_OBSERVATION
51.13066,5.83349,2023,6,Belgium,HUMAN_OBSERVATION
51.13066,5.83349,2023,6,Belgium,HUMAN_OBSERVATION
51.13066,5.83349,2023,6,Belgium,HUMAN_OBSERVATION
51.13066,5.83349,2023,6,Belgium,HUMAN_OBSERVATION
51.13066,5.83349,2023,6,Belgium,HUMAN_OBSERVATION
51.13066,5.83349,2023,6,Belgium,HUMAN_OBSERVATION
51.13066,5.83349,2023,6,Belgium,HUMAN_OBSERVATION
51.13066,5.83349,2023,6,Belgium,HUMAN_OBSERVATION
51.13066,5.83349,2023,6,Belgium,HUMAN_OBSERVATION
51.13066,5.83349,2023,6,Belgium,HUMAN_OBSERVATION
51.13066,5.83349,2023,6,Belgium,HUMAN_OBSERVATION
51.13066,5.83349,2023,6,Belgium,HUMAN_OBSERVATION
51.13066,5.83349,2023,6,Belgium,HUMAN_OBSERVATION
51.13066,5.83349,2023,6,Belgium,HUMAN_OBSERVATION
51.13066,5.83349,2022,5,Belgium,HUMAN_OBSERVATION
51.13066,5.83349,2022,5,Belgium,HUMAN_OBSERVATION
51.13066,5.83349,2022,5,Belgium,HUMAN_OBSERVATION
51.13066,5.83349,2022,5,Belgium,HUMAN_OBSERVATION
51.13066,5.83349,2022,5,Belgium,HUMAN_OBSERVATION
51.13066,5.83349,2022,5,Belgium,HUMAN_OBSERVATION
51.13066,5.83349,2022,5,Belgium,HUMAN_OBSERVATION
51.13066,5.83349,2022,5,Belgium,HUMAN_OBSERVATION
51.13066,5.83349,2022,5,Belgium,HUMAN_OBSERVATION
51.13066,5.83349,2022,5,Belgium,HUMAN_OBSERVATION
51.13066,5.83349,2022,5,Belgium,HUMAN_OBSERVATION
51.13066,5.83349,2022,5,Belgium,HUMAN_OBSERVATION
51.13066,5.83349,2022,5,Belgium,HUMAN_OBSERVATION
51.13066,5.83349,2022,5,Belgium,HUMAN_OBSERVATION
51.13066,5.83349,2022,5,Belgium,HUMAN_OBSERVATION
51.13066,5.83349,2022,5,Belgium,HUMAN_OBSERVATION
51.13066,5.83349,2022,5,Belgium,HUMAN_OBSERVATION
51.13066,5.83349,2022,5,Belgium,HUMAN_OBSERVATION
51.13066,5.83349,2022,5,Belgium,HUMAN_OBSERVATION
51.13066,5.83349,2022,5,Belgium,HUMAN_OBSERVATION
51.13066,5.83349,2022,5,Belgium,HUMAN_OBSERVATION
51.13066,5.83349,2022,5,Belgium,HUMAN_OBSERVATION
51.13066,5.83349,2022,5,Belgium,HUMAN_OBSERVATION
51.13066,5.83349,2022,5,Belgium,HUMAN_OBSERVATION
51.13066,5.83349,2022,5,Belgium,HUMAN_OBSERVATION
51.13066,5.83349,2022,5,Belgium,HUMAN_OBSERVATION
51.13066,5.83349,2022,5,Belgium,HUMAN_OBSERVATION
51.13066,5.83349,2022,5,Belgium,HUMAN_OBSERVATION
51.13066,5.83349,2022,5,Belgium,HUMAN_OBSERVATION
51.13066,5.83349,2022,5,Belgium,HUMAN_OBSERVATION
51.13066,5.83349,2022,5,Belgium,HUMAN_OBSERVATION
51.13066,5.83349,2022,5,Belgium,HUMAN_OBSERVATION
51.13066,5.83349,2022,5,Belgium,HUMAN_OBSERVATION
51.13066,5.83349,2022,5,Belgium,HUMAN_OBSERVATION
51.13066,5.83349,2022,5,Belgium,HUMAN_OBSERVATION
51.13066,5.83349,2022,5,Belgium,HUMAN_OBSERVATION
51.13066,5.83349,2022,5,Belgium,HUMAN_OBSERVATION
51.13066,5.83349,2022,5,Belgium,HUMAN_OBSERVATION
51.13066,5.83349,2022,5,Belgium,HUMAN_OBSERVATION
51.13066,5.83349,2022,5,Belgium,HUMAN_OBSERVATION
51.13066,5.83349,2022,5,Belgium,HUMAN_OBSERVATION
51.13066,5.83349,2022,5,Belgium,HUMAN_OBSERVATION
51.13066,5.83349,2022,5,Belgium,HUMAN_OBSERVATION
51.13066,5.83349,2022,5,Belgium,HUMAN_OBSERVATION
51.13066,5.83349,2022,5,Belgium,HUMAN_OBSERVATION
51.13066,5.83349,2022,5,Belgium,HUMAN_OBSERVATION
51.13066,5.83349,2022,5,Belgium,HUMAN_OBSERVATION
51.13066,5.83349,2022,5,Belgium,HUMAN_OBSERVATION
51.13066,5.83349,2022,5,Belgium,HUMAN_OBSERVATION
51.13066,5.83349,2022,5,Belgium,HUMAN_OBSERVATION
51.13066,5.83349,2022,5,Belgium,HUMAN_OBSERVATION
51.13066,5.83349,2022,5,Belgium,HUMAN_OBSERVATION
51.13066,5.83349,2022,5,Belgium,HUMAN_OBSERVATION
51.13066,5.83349,2022,5,Belgium,HUMAN_OBSERVATION
51.13066,5.83349,2022,5,Belgium,HUMAN_OBSERVATION
51.13066,5.83349,2022,5,Belgium,HUMAN_OBSERVATION
51.13066,5.83349,2022,5,Belgium,HUMAN_OBSERVATION
51.13066,5.83349,2022,5,Belgium,HUMAN_OBSERVATION
51.13066,5.83349,2022,5,Belgium,HUMAN_OBSERVATION
51.13066,5.83349,2022,5,Belgium,HUMAN_OBSERVATION
51.13066,5.83349,2022,5,Belgium,HUMAN_OBSERVATION
51.13066,5.83349,2022,5,Belgium,HUMAN_OBSERVATION
51.13066,5.83349,2022,5,Belgium,HUMAN_OBSERVATION
51.13066,5.83349,2022,5,Belgium,HUMAN_OBSERVATION
51.13066,5.83349,2022,5,Belgium,HUMAN_OBSERVATION
51.13066,5.83349,2022,5,Belgium,HUMAN_OBSERVATION
51.13066,5.83349,2022,5,Belgium,HUMAN_OBSERVATION
51.13066,5.83349,2022,5,Belgium,HUMAN_OBSERVATION
51.13066,5.83349,2022,5,Belgium,HUMAN_OBSERVATION
51.13066,5.83349,2022,5,Belgium,HUMAN_OBSERVATION
51.13066,5.83349,2022,5,Belgium,HUMAN_OBSERVATION
51.13066,5.83349,2022,5,Belgium,HUMAN_OBSERVATION
51.13066,5.83349,2022,5,Belgium,HUMAN_OBSERVATION
51.13066,5.83349,2022,5,Belgium,HUMAN_OBSERVATION
51.13066,5.83349,2022,5,Belgium,HUMAN_OBSERVATION
51.13066,5.83349,2022,5,Belgium,HUMAN_OBSERVATION
51.13066,5.83349,2022,5,Belgium,HUMAN_OBSERVATION
51.13066,5.83349,2022,5,Belgium,HUMAN_OBSERVATION
51.13066,5.83349,2022,5,Belgium,HUMAN_OBSERVATION
51.13066,5.83349,2022,5,Belgium,HUMAN_OBSERVATION
51.13066,5.83349,2022,5,Belgium,HUMAN_OBSERVATION
51.13066,5.83349,2022,5,Belgium,HUMAN_OBSERVATION
51.13066,5.83349,2022,5,Belgium,HUMAN_OBSERVATION
51.13066,5.83349,2022,5,Belgium,HUMAN_OBSERVATION
51.13066,5.83349,2022,5,Belgium,HUMAN_OBSERVATION
51.13066,5.83349,2022,5,Belgium,HUMAN_OBSERVATION
51.13066,5.83349,2022,5,Belgium,HUMAN_OBSERVATION
51.13066,5.83349,2022,5,Belgium,HUMAN_OBSERVATION
51.13066,5.83349,2022,5,Belgium,HUMAN_OBSERVATION
51.13066,5.83349,2022,5,Belgium,HUMAN_OBSERVATION
51.13066,5.83349,2022,5,Belgium,HUMAN_OBSERVATION
51.13066,5.83349,2022,5,Belgium,HUMAN_OBSERVATION
51.13066,5.83349,2022,5,Belgium,HUMAN_OBSERVATION
51.13066,5.83349,2022,5,Belgium,HUMAN_OBSERVATION
51.13066,5.83349,2022,5,Belgium,HUMAN_OBSERVATION
51.13066,5.83349,2022,5,Belgium,HUMAN_OBSERVATION
51.13066,5.83349,2022,5,Belgium,HUMAN_OBSERVATION
51.13066,5.83349,2022,5,Belgium,HUMAN_OBSERVATION
51.13066,5.83349,2022,5,Belgium,HUMAN_OBSERVATION
51.13066,5.83349,2022,5,Belgium,HUMAN_OBSERVATION
51.13066,5.83349,2022,5,Belgium,HUMAN_OBSERVATION
51.13066,5.83349,2022,5,Belgium,HUMAN_OBSERVATION
51.13066,5.83349,2022,5,Belgium,HUMAN_OBSERVATION
51.13066,5.83349,2022,5,Belgium,HUMAN_OBSERVATION
51.13066,5.83349,2022,5,Belgium,HUMAN_OBSERVATION
51.13066,5.83349,2022,5,Belgium,HUMAN_OBSERVATION
51.13066,5.83349,2022,5,Belgium,HUMAN_OBSERVATION
51.13066,5.83349,2022,5,Belgium,HUMAN_OBSERVATION
51.13066,5.83349,2022,5,Belgium,HUMAN_OBSERVATION
51.13066,5.83349,2022,5,Belgium,HUMAN_OBSERVATION
51.13066,5.83349,2022,5,Belgium,HUMAN_OBSERVATION
51.13066,5.83349,2022,5,Belgium,HUMAN_OBSERVATION
51.13066,5.83349,2022,11,Belgium,HUMAN_OBSERVATION
51.13066,5.83349,2022,11,Belgium,HUMAN_OBSERVATION
51.13066,5.83349,2022,11,Belgium,HUMAN_OBSERVATION
51.13066,5.83349,2022,11,Belgium,HUMAN_OBSERVATION
51.13066,5.83349,2022,11,Belgium,HUMAN_OBSERVATION
51.13066,5.83349,2022,11,Belgium,HUMAN_OBSERVATION
51.13066,5.83349,2022,11,Belgium,HUMAN_OBSERVATION
51.13066,5.83349,2022,11,Belgium,HUMAN_OBSERVATION
51.13066,5.83349,2022,11,Belgium,HUMAN_OBSERVATION
51.13066,5.83349,2021,6,Belgium,HUMAN_OBSERVATION
51.13066,5.83349,2021,6,Belgium,HUMAN_OBSERVATION
51.13066,5.83349,2021,6,Belgium,HUMAN_OBSERVATION
51.13066,5.83349,2021,6,Belgium,HUMAN_OBSERVATION
51.13066,5.83349,2021,6,Belgium,HUMAN_OBSERVATION
51.13066,5.83349,2021,6,Belgium,HUMAN_OBSERVATION
51.13066,5.83349,2021,6,Belgium,HUMAN_OBSERVATION
51.13066,5.83349,2021,6,Belgium,HUMAN_OBSERVATION
51.13066,5.83349,2021,6,Belgium,HUMAN_OBSERVATION
51.13066,5.83349,2021,6,Belgium,HUMAN_OBSERVATION
51.13066,5.83349,2021,6,Belgium,HUMAN_OBSERVATION
51.13066,5.83349,2021,6,Belgium,HUMAN_OBSERVATION
51.13066,5.83349,2021,6,Belgium,HUMAN_OBSERVATION
51.13066,5.83349,2021,6,Belgium,HUMAN_OBSERVATION
51.13066,5.83349,2021,6,Belgium,HUMAN_OBSERVATION
51.13066,5.83349,2021,6,Belgium,HUMAN_OBSERVATION
51.13066,5.83349,2021,6,Belgium,HUMAN_OBSERVATION
51.13066,5.83349,2021,6,Belgium,HUMAN_OBSERVATION
51.13066,5.83349,2021,6,Belgium,HUMAN_OBSERVATION
51.13066,5.83349,2021,6,Belgium,HUMAN_OBSERVATION
51.13066,5.83349,2021,6,Belgium,HUMAN_OBSERVATION
51.13066,5.83349,2021,6,Belgium,HUMAN_OBSERVATION
51.13066,5.83349,2021,6,Belgium,HUMAN_OBSERVATION
51.13066,5.83349,2021,6,Belgium,HUMAN_OBSERVATION
51.13066,5.83349,2021,6,Belgium,HUMAN_OBSERVATION
51.13066,5.83349,2021,6,Belgium,HUMAN_OBSERVATION
51.13066,5.83349,2021,6,Belgium,HUMAN_OBSERVATION
51.13066,5.83349,2021,6,Belgium,HUMAN_OBSERVATION
51.13066,5.83349,2021,6,Belgium,HUMAN_OBSERVATION
51.13066,5.83349,2021,6,Belgium,HUMAN_OBSERVATION
51.13066,5.83349,2021,6,Belgium,HUMAN_OBSERVATION
51.13066,5.83349,2021,6,Belgium,HUMAN_OBSERVATION
51.13066,5.83349,2021,6,Belgium,HUMAN_OBSERVATION
51.13066,5.83349,2021,6,Belgium,HUMAN_OBSERVATION
51.13066,5.83349,2021,6,Belgium,HUMAN_OBSERVATION
51.13066,5.83349,2021,6,Belgium,HUMAN_OBSERVATION
51.13066,5.83349,2021,6,Belgium,HUMAN_OBSERVATION
51.13066,5.83349,2021,6,Belgium,HUMAN_OBSERVATION
51.13066,5.83349,2021,6,Belgium,HUMAN_OBSERVATION
51.13066,5.83349,2021,6,Belgium,HUMAN_OBSERVATION
51.13066,5.83349,2021,6,Belgium,HUMAN_OBSERVATION
51.13066,5.83349,2021,6,Belgium,HUMAN_OBSERVATION
51.13066,5.83349,2021,6,Belgium,HUMAN_OBSERVATION
51.13066,5.83349,2021,6,Belgium,HUMAN_OBSERVATION
51.13066,5.83349,2021,6,Belgium,HUMAN_OBSERVATION
51.13066,5.83349,2021,6,Belgium,HUMAN_OBSERVATION
51.13066,5.83349,2021,6,Belgium,HUMAN_OBSERVATION
51.13066,5.83349,2021,6,Belgium,HUMAN_OBSERVATION
51.13066,5.83349,2021,6,Belgium,HUMAN_OBSERVATION
51.13066,5.83349,2021,6,Belgium,HUMAN_OBSERVATION
51.13066,5.83349,2021,6,Belgium,HUMAN_OBSERVATION
51.13066,5.83349,2021,6,Belgium,HUMAN_OBSERVATION
51.13066,5.83349,2021,6,Belgium,HUMAN_OBSERVATION
51.13066,5.83349,2021,6,Belgium,HUMAN_OBSERVATION
51.13066,5.83349,2021,6,Belgium,HUMAN_OBSERVATION
51.13066,5.83349,2021,6,Belgium,HUMAN_OBSERVATION
51.13066,5.83349,2021,6,Belgium,HUMAN_OBSERVATION
51.13066,5.83349,2021,6,Belgium,HUMAN_OBSERVATION
51.13066,5.83349,2021,6,Belgium,HUMAN_OBSERVATION
51.13066,5.83349,2021,6,Belgium,HUMAN_OBSERVATION
51.13066,5.83349,2021,6,Belgium,HUMAN_OBSERVATION
51.13066,5.83349,2021,6,Belgium,HUMAN_OBSERVATION
51.13066,5.83349,2021,6,Belgium,HUMAN_OBSERVATION
51.13066,5.83349,2021,6,Belgium,HUMAN_OBSERVATION
51.13066,5.83349,2021,6,Belgium,HUMAN_OBSERVATION
51.13066,5.83349,2021,6,Belgium,HUMAN_OBSERVATION
51.13066,5.83349,2021,6,Belgium,HUMAN_OBSERVATION
51.13066,5.83349,2021,6,Belgium,HUMAN_OBSERVATION
51.13066,5.83349,2021,6,Belgium,HUMAN_OBSERVATION
51.13066,5.83349,2021,6,Belgium,HUMAN_OBSERVATION
51.13066,5.83349,2021,6,Belgium,HUMAN_OBSERVATION
51.13066,5.83349,2021,6,Belgium,HUMAN_OBSERVATION
51.13066,5.83349,2021,6,Belgium,HUMAN_OBSERVATION
51.13066,5.83349,2021,6,Belgium,HUMAN_OBSERVATION
51.13066,5.83349,2021,6,Belgium,HUMAN_OBSERVATION
51.13066,5.83349,2021,6,Belgium,HUMAN_OBSERVATION
51.13066,5.83349,2021,6,Belgium,HUMAN_OBSERVATION
51.13066,5.83349,2021,6,Belgium,HUMAN_OBSERVATION
51.13066,5.83349,2021,6,Belgium,HUMAN_OBSERVATION
51.13066,5.83349,2021,6,Belgium,HUMAN_OBSERVATION
51.13066,5.83349,2021,6,Belgium,HUMAN_OBSERVATION
51.13066,5.83349,2021,6,Belgium,HUMAN_OBSERVATION
51.13066,5.83349,2021,6,Belgium,HUMAN_OBSERVATION
51.13066,5.83349,2021,6,Belgium,HUMAN_OBSERVATION
51.13066,5.83349,2021,6,Belgium,HUMAN_OBSERVATION
51.13066,5.83349,2021,6,Belgium,HUMAN_OBSERVATION
51.13066,5.83349,2021,6,Belgium,HUMAN_OBSERVATION
51.13066,5.83349,2021,6,Belgium,HUMAN_OBSERVATION
51.13066,5.83349,2021,6,Belgium,HUMAN_OBSERVATION
51.13066,5.83349,2021,6,Belgium,HUMAN_OBSERVATION
51.13066,5.83349,2021,6,Belgium,HUMAN_OBSERVATION
51.13066,5.83349,2021,6,Belgium,HUMAN_OBSERVATION
51.13066,5.83349,2021,6,Belgium,HUMAN_OBSERVATION
51.13066,5.83349,2021,6,Belgium,HUMAN_OBSERVATION
51.13066,5.83349,2021,6,Belgium,HUMAN_OBSERVATION
51.13066,5.83349,2021,6,Belgium,HUMAN_OBSERVATION
51.13066,5.83349,2021,6,Belgium,HUMAN_OBSERVATION
51.13066,5.83349,2021,6,Belgium,HUMAN_OBSERVATION
51.13066,5.83349,2021,6,Belgium,HUMAN_OBSERVATION
51.13066,5.83349,2021,6,Belgium,HUMAN_OBSERVATION
51.13066,5.83349,2021,6,Belgium,HUMAN_OBSERVATION
51.13066,5.83349,2021,6,Belgium,HUMAN_OBSERVATION
51.13066,5.83349,2021,6,Belgium,HUMAN_OBSERVATION
51.13066,5.83349,2021,6,Belgium,HUMAN_OBSERVATION
51.13066,5.83349,2021,6,Belgium,HUMAN_OBSERVATION
51.13175,2.77767,2023,9,Belgium,HUMAN_OBSERVATION
51.13194,3.76888,2024,10,Belgium,HUMAN_OBSERVATION
51.13572,3.77145,2022,10,Belgium,HUMAN_OBSERVATION
51.13586,5.63121,2021,7,Belgium,HUMAN_OBSERVATION
51.13611,5.14289,2025,5,Belgium,HUMAN_OBSERVATION
51.1363,3.79271,2024,7,Belgium,HUMAN_OBSERVATION
51.1363,3.79271,2024,7,Belgium,HUMAN_OBSERVATION
51.1363,3.79271,2024,7,Belgium,HUMAN_OBSERVATION
51.1363,3.79271,2024,7,Belgium,HUMAN_OBSERVATION
51.1363,3.79271,2024,7,Belgium,HUMAN_OBSERVATION
51.1363,3.79271,2024,7,Belgium,HUMAN_OBSERVATION
51.1363,3.79271,2024,7,Belgium,HUMAN_OBSERVATION
51.1363,3.79271,2024,7,Belgium,HUMAN_OBSERVATION
51.1363,3.79271,2024,7,Belgium,HUMAN_OBSERVATION
51.1363,3.79271,2024,7,Belgium,HUMAN_OBSERVATION
51.1363,3.79271,2024,7,Belgium,HUMAN_OBSERVATION
51.1363,3.79271,2024,7,Belgium,HUMAN_OBSERVATION
51.1363,3.79271,2024,7,Belgium,HUMAN_OBSERVATION
51.1363,3.79271,2024,7,Belgium,HUMAN_OBSERVATION
51.1363,3.79271,2024,7,Belgium,HUMAN_OBSERVATION
51.1363,3.79271,2024,7,Belgium,HUMAN_OBSERVATION
51.1363,3.79271,2024,7,Belgium,HUMAN_OBSERVATION
51.13689,2.75832,2023,8,Belgium,HUMAN_OBSERVATION
51.13775,5.83076,2021,8,Belgium,HUMAN_OBSERVATION
51.14097,3.81044,2024,9,Belgium,HUMAN_OBSERVATION
51.14187,3.81125,2022,9,Belgium,HUMAN_OBSERVATION
51.14206,3.88205,2024,8,Belgium,HUMAN_OBSERVATION
51.14219,3.55722,2024,5,Belgium,HUMAN_OBSERVATION
51.14302,3.29417,2021,9,Belgium,HUMAN_OBSERVATION
51.14331,3.29334,2022,6,Belgium,HUMAN_OBSERVATION
51.14362,3.29521,2021,12,Belgium,HUMAN_OBSERVATION
51.14375,5.85274,2023,8,Belgium,HUMAN_OBSERVATION
51.14428,3.29398,2023,7,Belgium,HUMAN_OBSERVATION
51.14431,3.2939,2023,7,Belgium,HUMAN_OBSERVATION
51.14503,3.81446,2023,8,Belgium,HUMAN_OBSERVATION
51.14745,3.81688,2023,7,Belgium,HUMAN_OBSERVATION
51.14891,5.1411,2022,7,Belgium,HUMAN_OBSERVATION
51.14899,3.78015,2023,8,Belgium,HUMAN_OBSERVATION
51.14981,3.78021,2025,4,Belgium,HUMAN_OBSERVATION
51.15,5.8,2023,10,Netherlands,HUMAN_OBSERVATION
51.15,5.85,2024,11,Netherlands,HUMAN_OBSERVATION
51.15,5.85,2023,10,Netherlands,HUMAN_OBSERVATION
51.15,5.85,2021,8,Netherlands,HUMAN_OBSERVATION
51.15,5.9,2024,8,Netherlands,HUMAN_OBSERVATION
51.15,5.9,2024,8,Netherlands,HUMAN_OBSERVATION
51.15,5.9,2024,8,Netherlands,HUMAN_OBSERVATION
51.15,5.9,2024,10,Netherlands,HUMAN_OBSERVATION
51.15,5.9,2021,6,Netherlands,HUMAN_OBSERVATION
51.15,5.9,2021,8,Netherlands,HUMAN_OBSERVATION
51.15,5.9,2020,4,Netherlands,HUMAN_OBSERVATION
51.15,5.9,2020,4,Netherlands,HUMAN_OBSERVATION
51.15,5.95,2023,8,Netherlands,HUMAN_OBSERVATION
51.15,5.95,2023,10,Netherlands,HUMAN_OBSERVATION
51.15,5.95,2023,11,Netherlands,HUMAN_OBSERVATION
51.15,5.95,2022,3,Netherlands,HUMAN_OBSERVATION
51.15,5.95,2022,4,Netherlands,HUMAN_OBSERVATION
51.15,5.95,2022,5,Netherlands,HUMAN_OBSERVATION
51.15,5.95,2022,6,Netherlands,HUMAN_OBSERVATION
51.15,5.95,2022,9,Netherlands,HUMAN_OBSERVATION
51.15,5.95,2022,10,Netherlands,HUMAN_OBSERVATION
51.15,5.95,2022,10,Netherlands,HUMAN_OBSERVATION
51.15,5.95,2022,11,Netherlands,HUMAN_OBSERVATION
51.15,5.95,2021,3,Netherlands,HUMAN_OBSERVATION
51.15,5.95,2021,6,Netherlands,HUMAN_OBSERVATION
51.15,5.95,2021,6,Netherlands,HUMAN_OBSERVATION
51.15,5.95,2021,6,Netherlands,HUMAN_OBSERVATION
51.15,5.95,2021,9,Netherlands,HUMAN_OBSERVATION
51.15,5.95,2020,5,Netherlands,HUMAN_OBSERVATION
51.15,6,2025,3,Netherlands,HUMAN_OBSERVATION
51.15,6,2025,3,Netherlands,HUMAN_OBSERVATION
51.15053,4.62621,2023,9,Belgium,HUMAN_OBSERVATION
51.15112,2.70855,2023,8,Belgium,HUMAN_OBSERVATION
51.15164,2.79987,2024,8,Belgium,HUMAN_OBSERVATION
51.15176,2.80057,2023,8,Belgium,HUMAN_OBSERVATION
51.15179,2.80067,2025,5,Belgium,HUMAN_OBSERVATION
51.152077,6.85952,2021,9,Germany,HUMAN_OBSERVATION
51.15549,4.5989,2023,6,Belgium,HUMAN_OBSERVATION
51.15549,4.5989,2023,6,Belgium,HUMAN_OBSERVATION
51.15549,4.5989,2023,6,Belgium,HUMAN_OBSERVATION
51.15549,4.5989,2023,6,Belgium,HUMAN_OBSERVATION
51.15549,4.5989,2023,6,Belgium,HUMAN_OBSERVATION
51.15549,4.5989,2023,6,Belgium,HUMAN_OBSERVATION
51.15549,4.5989,2023,6,Belgium,HUMAN_OBSERVATION
51.15549,4.5989,2023,6,Belgium,HUMAN_OBSERVATION
51.15549,4.5989,2023,6,Belgium,HUMAN_OBSERVATION
51.15549,4.5989,2023,6,Belgium,HUMAN_OBSERVATION
51.15549,4.5989,2023,6,Belgium,HUMAN_OBSERVATION
51.15549,4.5989,2023,6,Belgium,HUMAN_OBSERVATION
51.15549,4.5989,2023,6,Belgium,HUMAN_OBSERVATION
51.15549,4.5989,2023,6,Belgium,HUMAN_OBSERVATION
51.15549,4.5989,2023,6,Belgium,HUMAN_OBSERVATION
51.15549,4.5989,2023,6,Belgium,HUMAN_OBSERVATION
51.15549,4.5989,2023,6,Belgium,HUMAN_OBSERVATION
51.15549,4.5989,2023,6,Belgium,HUMAN_OBSERVATION
51.15549,4.5989,2023,6,Belgium,HUMAN_OBSERVATION
51.15549,4.5989,2023,6,Belgium,HUMAN_OBSERVATION
51.15549,4.5989,2023,6,Belgium,HUMAN_OBSERVATION
51.15549,4.5989,2023,6,Belgium,HUMAN_OBSERVATION
51.15549,4.5989,2023,6,Belgium,HUMAN_OBSERVATION
51.15549,4.5989,2023,6,Belgium,HUMAN_OBSERVATION
51.15549,4.5989,2023,6,Belgium,HUMAN_OBSERVATION
51.15768,3.25532,2022,9,Belgium,HUMAN_OBSERVATION
51.15915,3.26117,2023,8,Belgium,HUMAN_OBSERVATION
51.15952,4.60626,2025,4,Belgium,HUMAN_OBSERVATION
51.15994,2.8211,2023,5,Belgium,HUMAN_OBSERVATION
51.16043,3.25636,2022,9,Belgium,HUMAN_OBSERVATION
51.16043,3.25636,2022,9,Belgium,HUMAN_OBSERVATION
51.16043,3.25636,2022,9,Belgium,HUMAN_OBSERVATION
51.16043,3.25636,2022,9,Belgium,HUMAN_OBSERVATION
51.16043,3.25636,2022,9,Belgium,HUMAN_OBSERVATION
51.16043,3.25636,2022,9,Belgium,HUMAN_OBSERVATION
51.16043,3.25636,2022,9,Belgium,HUMAN_OBSERVATION
51.16043,3.25636,2022,9,Belgium,HUMAN_OBSERVATION
51.16043,3.25636,2022,9,Belgium,HUMAN_OBSERVATION
51.16043,3.25636,2022,9,Belgium,HUMAN_OBSERVATION
51.16043,3.25636,2022,9,Belgium,HUMAN_OBSERVATION
51.16043,3.25636,2022,9,Belgium,HUMAN_OBSERVATION
51.16043,3.25636,2022,9,Belgium,HUMAN_OBSERVATION
51.16043,3.25636,2022,9,Belgium,HUMAN_OBSERVATION
51.16043,3.25636,2022,9,Belgium,HUMAN_OBSERVATION
51.16043,3.25636,2022,9,Belgium,HUMAN_OBSERVATION
51.16043,3.25636,2022,9,Belgium,HUMAN_OBSERVATION
51.16043,3.25636,2022,9,Belgium,HUMAN_OBSERVATION
51.16043,3.25636,2022,9,Belgium,HUMAN_OBSERVATION
51.1612,3.25728,2025,4,Belgium,HUMAN_OBSERVATION
51.16126,3.25752,2021,9,Belgium,HUMAN_OBSERVATION
51.16381,2.74927,2024,9,Belgium,HUMAN_OBSERVATION
51.16406,5.69502,2024,4,Belgium,HUMAN_OBSERVATION
51.16406,5.69502,2024,4,Belgium,HUMAN_OBSERVATION
51.16406,5.69502,2024,4,Belgium,HUMAN_OBSERVATION
51.16406,5.69502,2024,4,Belgium,HUMAN_OBSERVATION
51.16406,5.69502,2024,4,Belgium,HUMAN_OBSERVATION
51.16406,5.69502,2024,4,Belgium,HUMAN_OBSERVATION
51.16406,5.69502,2024,4,Belgium,HUMAN_OBSERVATION
51.16406,5.69502,2024,4,Belgium,HUMAN_OBSERVATION
51.16406,5.69502,2024,4,Belgium,HUMAN_OBSERVATION
51.16406,5.69502,2024,4,Belgium,HUMAN_OBSERVATION
51.16406,5.69502,2024,4,Belgium,HUMAN_OBSERVATION
51.16406,5.69502,2024,4,Belgium,HUMAN_OBSERVATION
51.16406,5.69502,2024,4,Belgium,HUMAN_OBSERVATION
51.16406,5.69502,2024,4,Belgium,HUMAN_OBSERVATION
51.16406,5.69502,2024,4,Belgium,HUMAN_OBSERVATION
51.16406,5.69502,2024,4,Belgium,HUMAN_OBSERVATION
51.16406,5.69502,2024,4,Belgium,HUMAN_OBSERVATION
51.16406,5.69502,2024,4,Belgium,HUMAN_OBSERVATION
51.16406,5.69502,2024,4,Belgium,HUMAN_OBSERVATION
51.16406,5.69502,2024,4,Belgium,HUMAN_OBSERVATION
51.16406,5.69502,2024,4,Belgium,HUMAN_OBSERVATION
51.16406,5.69502,2024,4,Belgium,HUMAN_OBSERVATION
51.16406,5.69502,2024,4,Belgium,HUMAN_OBSERVATION
51.16406,5.69502,2024,4,Belgium,HUMAN_OBSERVATION
51.16406,5.69502,2024,4,Belgium,HUMAN_OBSERVATION
51.16406,5.69502,2024,4,Belgium,HUMAN_OBSERVATION
51.16414,4.61649,2023,6,Belgium,HUMAN_OBSERVATION
51.16553,2.7535,2024,9,Belgium,HUMAN_OBSERVATION
51.16564,2.75345,2024,9,Belgium,HUMAN_OBSERVATION
51.16586,2.75315,2024,9,Belgium,HUMAN_OBSERVATION
51.16617,5.6075,2022,10,Belgium,HUMAN_OBSERVATION
51.16673,3.88992,2022,10,Belgium,HUMAN_OBSERVATION
51.16673,3.89004,2022,10,Belgium,HUMAN_OBSERVATION
51.16678,3.88731,2022,10,Belgium,HUMAN_OBSERVATION
51.16748,2.75776,2023,7,Belgium,HUMAN_OBSERVATION
51.16913,2.76233,2024,6,Belgium,HUMAN_OBSERVATION
51.16916,4.82332,2023,8,Belgium,HUMAN_OBSERVATION
51.16933,4.83337,2022,6,Belgium,HUMAN_OBSERVATION
51.16939,4.83337,2022,6,Belgium,HUMAN_OBSERVATION
51.17036,4.84772,2025,5,Belgium,HUMAN_OBSERVATION
51.17045,4.84722,2020,4,Belgium,HUMAN_OBSERVATION
51.1711,4.84909,2025,5,Belgium,HUMAN_OBSERVATION
51.1716,4.32295,2024,9,Belgium,HUMAN_OBSERVATION
51.1716,4.32295,2024,9,Belgium,HUMAN_OBSERVATION
51.1716,4.32295,2024,9,Belgium,HUMAN_OBSERVATION
51.1716,4.32295,2024,9,Belgium,HUMAN_OBSERVATION
51.1716,4.32295,2024,9,Belgium,HUMAN_OBSERVATION
51.1716,4.32295,2024,9,Belgium,HUMAN_OBSERVATION
51.1716,4.32295,2022,3,Belgium,HUMAN_OBSERVATION
51.1716,4.32295,2022,3,Belgium,HUMAN_OBSERVATION
51.1716,4.32295,2022,3,Belgium,HUMAN_OBSERVATION
51.1716,4.32295,2022,3,Belgium,HUMAN_OBSERVATION
51.1716,4.32295,2022,3,Belgium,HUMAN_OBSERVATION
51.1716,4.32295,2022,3,Belgium,HUMAN_OBSERVATION
51.1716,4.32295,2022,3,Belgium,HUMAN_OBSERVATION
51.1716,4.32295,2022,3,Belgium,HUMAN_OBSERVATION
51.1716,4.32295,2022,3,Belgium,HUMAN_OBSERVATION
51.1716,4.32295,2022,3,Belgium,HUMAN_OBSERVATION
51.1716,4.32295,2022,3,Belgium,HUMAN_OBSERVATION
51.1716,4.32295,2022,3,Belgium,HUMAN_OBSERVATION
51.1716,4.32295,2022,3,Belgium,HUMAN_OBSERVATION
51.1716,4.32295,2022,3,Belgium,HUMAN_OBSERVATION
51.1716,4.32295,2022,3,Belgium,HUMAN_OBSERVATION
51.1716,4.32295,2022,3,Belgium,HUMAN_OBSERVATION
51.1716,4.32295,2022,3,Belgium,HUMAN_OBSERVATION
51.1716,4.32295,2022,3,Belgium,HUMAN_OBSERVATION
51.1716,4.32295,2022,3,Belgium,HUMAN_OBSERVATION
51.1716,4.32295,2022,3,Belgium,HUMAN_OBSERVATION
51.1716,4.32295,2022,3,Belgium,HUMAN_OBSERVATION
51.1716,4.32295,2022,3,Belgium,HUMAN_OBSERVATION
51.1716,4.32295,2021,9,Belgium,HUMAN_OBSERVATION
51.17191,3.79295,2025,4,Belgium,HUMAN_OBSERVATION
51.17192,3.79315,2025,4,Belgium,HUMAN_OBSERVATION
51.17197,4.63145,2023,6,Belgium,HUMAN_OBSERVATION
51.17212,3.79344,2025,4,Belgium,HUMAN_OBSERVATION
51.17329,4.85372,2024,10,Belgium,HUMAN_OBSERVATION
51.17329,4.85372,2024,10,Belgium,HUMAN_OBSERVATION
51.1736,3.79645,2024,7,Belgium,HUMAN_OBSERVATION
51.1736,3.79645,2024,7,Belgium,HUMAN_OBSERVATION
51.1736,3.79645,2024,7,Belgium,HUMAN_OBSERVATION
51.1736,3.79645,2024,7,Belgium,HUMAN_OBSERVATION
51.1736,3.79645,2024,7,Belgium,HUMAN_OBSERVATION
51.1736,3.79645,2024,7,Belgium,HUMAN_OBSERVATION
51.1736,3.79645,2024,7,Belgium,HUMAN_OBSERVATION
51.1736,3.79645,2024,7,Belgium,HUMAN_OBSERVATION
51.1736,3.79645,2024,7,Belgium,HUMAN_OBSERVATION
51.1736,3.79645,2024,7,Belgium,HUMAN_OBSERVATION
51.1736,3.79645,2024,7,Belgium,HUMAN_OBSERVATION
51.1736,3.79645,2024,7,Belgium,HUMAN_OBSERVATION
51.17393,4.85459,2020,4,Belgium,HUMAN_OBSERVATION
51.17419,4.63498,2024,10,Belgium,HUMAN_OBSERVATION
51.17462,4.63553,2024,10,Belgium,HUMAN_OBSERVATION
51.17535,4.85628,2020,4,Belgium,HUMAN_OBSERVATION
51.17724,4.63551,2024,5,Belgium,HUMAN_OBSERVATION
51.17726,4.85798,2020,5,Belgium,HUMAN_OBSERVATION
51.17743,4.85818,2020,5,Belgium,HUMAN_OBSERVATION
51.179283,6.748811,2024,6,Germany,HUMAN_OBSERVATION
51.179336,6.748734,2024,7,Germany,HUMAN_OBSERVATION
51.17952,4.86281,2024,11,Belgium,HUMAN_OBSERVATION
51.18133,4.874,2024,9,Belgium,HUMAN_OBSERVATION
51.18556,4.93534,2025,4,Belgium,HUMAN_OBSERVATION
51.18589,4.93376,2024,6,Belgium,HUMAN_OBSERVATION
51.18589,4.93376,2024,6,Belgium,HUMAN_OBSERVATION
51.18597,4.93359,2021,9,Belgium,HUMAN_OBSERVATION
51.18601,4.93629,2025,4,Belgium,HUMAN_OBSERVATION
51.18601,4.93645,2025,3,Belgium,HUMAN_OBSERVATION
51.18603,4.93649,2025,3,Belgium,HUMAN_OBSERVATION
51.18606,4.93385,2022,7,Belgium,HUMAN_OBSERVATION
51.18612,4.93677,2024,10,Belgium,HUMAN_OBSERVATION
51.18616,4.9343,2025,4,Belgium,HUMAN_OBSERVATION
51.18629,4.93489,2025,4,Belgium,HUMAN_OBSERVATION
51.18686,4.90488,2023,9,Belgium,HUMAN_OBSERVATION
51.18692,5.56568,2024,6,Belgium,HUMAN_OBSERVATION
51.18692,5.56568,2024,6,Belgium,HUMAN_OBSERVATION
51.18701,4.90486,2023,9,Belgium,HUMAN_OBSERVATION
51.18709,5.56385,2024,6,Belgium,HUMAN_OBSERVATION
51.18781,5.56543,2025,5,Belgium,HUMAN_OBSERVATION
51.18795,4.9505,2021,6,Belgium,HUMAN_OBSERVATION
51.18795,4.9505,2021,6,Belgium,HUMAN_OBSERVATION
51.18917,4.95324,2023,7,Belgium,HUMAN_OBSERVATION
51.18917,4.95324,2023,7,Belgium,HUMAN_OBSERVATION
51.18919,4.95319,2021,7,Belgium,HUMAN_OBSERVATION
51.18923,4.95321,2021,7,Belgium,HUMAN_OBSERVATION
51.18924,4.95321,2023,7,Belgium,HUMAN_OBSERVATION
51.18924,4.95321,2023,7,Belgium,HUMAN_OBSERVATION
51.18926,4.95313,2021,7,Belgium,HUMAN_OBSERVATION
51.18929,4.95324,2021,7,Belgium,HUMAN_OBSERVATION
51.18932,4.95333,2023,9,Belgium,HUMAN_OBSERVATION
51.18937,4.95334,2023,8,Belgium,HUMAN_OBSERVATION
51.18937,4.95334,2023,8,Belgium,HUMAN_OBSERVATION
51.18941,4.95375,2021,5,Belgium,HUMAN_OBSERVATION
51.18946,4.95382,2021,6,Belgium,HUMAN_OBSERVATION
51.18954,4.95375,2023,7,Belgium,HUMAN_OBSERVATION
51.18967,4.66765,2020,5,Belgium,HUMAN_OBSERVATION
51.1897,4.95445,2024,10,Belgium,HUMAN_OBSERVATION
51.18972,4.95528,2024,10,Belgium,HUMAN_OBSERVATION
51.18972,4.95528,2024,10,Belgium,HUMAN_OBSERVATION
51.18979,4.66758,2020,5,Belgium,HUMAN_OBSERVATION
51.18979,4.66758,2020,5,Belgium,HUMAN_OBSERVATION
51.18985,4.9552,2024,10,Belgium,HUMAN_OBSERVATION
51.18985,4.9552,2024,10,Belgium,HUMAN_OBSERVATION
51.19119,4.95637,2024,6,Belgium,HUMAN_OBSERVATION
51.19122,4.95651,2020,5,Belgium,HUMAN_OBSERVATION
51.19186,3.82289,2025,4,Belgium,HUMAN_OBSERVATION
51.19209,3.79593,2025,4,Belgium,HUMAN_OBSERVATION
51.19397,3.22734,2025,2,Belgium,HUMAN_OBSERVATION
51.19415,3.22729,2021,5,Belgium,HUMAN_OBSERVATION
51.19506,4.96058,2021,5,Belgium,HUMAN_OBSERVATION
51.19506,4.96058,2021,5,Belgium,HUMAN_OBSERVATION
51.19506,4.96058,2021,5,Belgium,HUMAN_OBSERVATION
51.19646,4.64254,2023,8,Belgium,HUMAN_OBSERVATION
51.19648,4.64298,2023,8,Belgium,HUMAN_OBSERVATION
51.19649,4.64432,2021,9,Belgium,HUMAN_OBSERVATION
51.19651,4.64289,2023,8,Belgium,HUMAN_OBSERVATION
51.19651,4.64453,2021,9,Belgium,HUMAN_OBSERVATION
51.19651,4.64453,2021,9,Belgium,HUMAN_OBSERVATION
51.19707,4.6386,2023,10,Belgium,HUMAN_OBSERVATION
51.19707,4.6386,2023,10,Belgium,HUMAN_OBSERVATION
51.19707,4.6386,2023,10,Belgium,HUMAN_OBSERVATION
51.1971,4.63847,2022,10,Belgium,HUMAN_OBSERVATION
51.1971,4.63854,2022,10,Belgium,HUMAN_OBSERVATION
51.1971,4.63857,2023,10,Belgium,HUMAN_OBSERVATION
51.19711,4.63857,2023,8,Belgium,HUMAN_OBSERVATION
51.19712,4.63855,2022,10,Belgium,HUMAN_OBSERVATION
51.19714,4.63847,2021,9,Belgium,HUMAN_OBSERVATION
51.19714,4.63848,2021,9,Belgium,HUMAN_OBSERVATION
51.2,5.55,2021,8,Netherlands,HUMAN_OBSERVATION
51.2,5.65,2023,5,Netherlands,HUMAN_OBSERVATION
51.2,5.65,2023,5,Netherlands,HUMAN_OBSERVATION
51.2,5.8,2024,8,Netherlands,HUMAN_OBSERVATION
51.2,5.8,2024,8,Netherlands,HUMAN_OBSERVATION
51.2,5.95,2023,9,Netherlands,HUMAN_OBSERVATION
51.2,6,2024,4,Netherlands,HUMAN_OBSERVATION
51.2,6.05,2024,4,Netherlands,HUMAN_OBSERVATION
51.2,6.05,2024,4,Netherlands,HUMAN_OBSERVATION
51.2007,4.9807,2023,8,Belgium,HUMAN_OBSERVATION
51.2007,4.9807,2023,8,Belgium,HUMAN_OBSERVATION
51.20073,4.9807,2023,8,Belgium,HUMAN_OBSERVATION
51.20083,4.97889,2021,7,Belgium,HUMAN_OBSERVATION
51.20184,4.98584,2024,7,Belgium,HUMAN_OBSERVATION
51.20224,4.75056,2022,6,Belgium,HUMAN_OBSERVATION
51.20464,3.18175,2024,8,Belgium,HUMAN_OBSERVATION
51.20468,3.18163,2022,8,Belgium,HUMAN_OBSERVATION
51.20471,3.18151,2024,8,Belgium,HUMAN_OBSERVATION
51.204721,6.729374,2023,7,Germany,HUMAN_OBSERVATION
51.20474,3.18172,2024,8,Belgium,HUMAN_OBSERVATION
51.2048,5.00066,2023,5,Belgium,HUMAN_OBSERVATION
51.20483,3.18172,2024,8,Belgium,HUMAN_OBSERVATION
51.20531,5.01917,2023,5,Belgium,HUMAN_OBSERVATION
51.20551,4.37093,2024,4,Belgium,HUMAN_OBSERVATION
51.20551,4.37093,2024,4,Belgium,HUMAN_OBSERVATION
51.20551,4.37093,2024,4,Belgium,HUMAN_OBSERVATION
51.20551,4.37093,2023,4,Belgium,HUMAN_OBSERVATION
51.20551,4.37093,2021,3,Belgium,HUMAN_OBSERVATION
51.20551,4.37093,2021,6,Belgium,HUMAN_OBSERVATION
51.20551,4.37093,2021,6,Belgium,HUMAN_OBSERVATION
51.20667,3.23861,2022,7,Belgium,HUMAN_OBSERVATION
51.20687,5.02617,2023,10,Belgium,HUMAN_OBSERVATION
51.20694,3.00227,2023,7,Belgium,HUMAN_OBSERVATION
51.2082,3.8059,2024,10,Belgium,HUMAN_OBSERVATION
51.2082,3.8059,2024,10,Belgium,HUMAN_OBSERVATION
51.20822,5.0214,2020,6,Belgium,HUMAN_OBSERVATION
51.20838,5.02232,2020,6,Belgium,HUMAN_OBSERVATION
51.20865,3.24041,2025,5,Belgium,HUMAN_OBSERVATION
51.20868,3.2404,2025,5,Belgium,HUMAN_OBSERVATION
51.20878,3.80405,2022,4,Belgium,HUMAN_OBSERVATION
51.21021,5.03054,2021,6,Belgium,HUMAN_OBSERVATION
51.21117,5.1677,2023,7,Belgium,HUMAN_OBSERVATION
51.21125,5.16739,2023,7,Belgium,HUMAN_OBSERVATION
51.21141,4.58493,2025,5,Belgium,HUMAN_OBSERVATION
51.21156,5.1689,2024,5,Belgium,HUMAN_OBSERVATION
51.2121,5.17333,2024,9,Belgium,HUMAN_OBSERVATION
51.21284,4.46878,2022,9,Belgium,HUMAN_OBSERVATION
51.21747,3.19795,2022,10,Belgium,HUMAN_OBSERVATION
51.21844,3.19701,2021,4,Belgium,HUMAN_OBSERVATION
51.21854,3.19695,2021,4,Belgium,HUMAN_OBSERVATION
51.21865,3.19521,2021,7,Belgium,HUMAN_OBSERVATION
51.21938,2.961158,2024,7,Belgium,HUMAN_OBSERVATION
51.21943,2.96118,2022,12,Belgium,HUMAN_OBSERVATION
51.221035,6.778777,2024,3,Germany,HUMAN_OBSERVATION
51.22156,3.22474,2021,5,Belgium,HUMAN_OBSERVATION
51.22175,3.22576,2021,8,Belgium,HUMAN_OBSERVATION
51.22177,3.23291,2025,4,Belgium,HUMAN_OBSERVATION
51.22186,2.9491,2025,3,Belgium,HUMAN_OBSERVATION
51.22197,3.23287,2025,4,Belgium,HUMAN_OBSERVATION
51.22213,3.22632,2021,8,Belgium,HUMAN_OBSERVATION
51.22217,3.23268,2024,10,Belgium,HUMAN_OBSERVATION
51.22382,5.17012,2024,5,Belgium,HUMAN_OBSERVATION
51.22439,5.17306,2024,5,Belgium,HUMAN_OBSERVATION
51.22542,5.1738,2024,8,Belgium,HUMAN_OBSERVATION
51.22643,3.24384,2025,5,Belgium,HUMAN_OBSERVATION
51.22728,3.24567,2025,5,Belgium,HUMAN_OBSERVATION
51.22738,3.24581,2025,5,Belgium,HUMAN_OBSERVATION
51.22801,5.1949,2023,6,Belgium,HUMAN_OBSERVATION
51.22849,5.19503,2023,7,Belgium,HUMAN_OBSERVATION
51.22863,5.19507,2025,5,Belgium,HUMAN_OBSERVATION
51.22868,5.19512,2024,8,Belgium,HUMAN_OBSERVATION
51.22876,5.19413,2021,9,Belgium,HUMAN_OBSERVATION
51.22917,3.24915,2024,9,Belgium,HUMAN_OBSERVATION
51.232244,5.448651,2023,7,Belgium,HUMAN_OBSERVATION
51.23358,4.39547,2022,3,Belgium,HUMAN_OBSERVATION
51.2336,4.39547,2022,3,Belgium,HUMAN_OBSERVATION
51.23361,4.39545,2022,3,Belgium,HUMAN_OBSERVATION
51.23366,4.39574,2022,3,Belgium,HUMAN_OBSERVATION
51.23839,5.3829,2022,4,Belgium,HUMAN_OBSERVATION
51.23899,5.22222,2024,8,Belgium,HUMAN_OBSERVATION
51.23971,5.19191,2024,7,Belgium,HUMAN_OBSERVATION
51.24018,5.37456,2025,5,Belgium,HUMAN_OBSERVATION
51.24232,4.50265,2021,7,Belgium,HUMAN_OBSERVATION
51.24329,4.50308,2021,7,Belgium,HUMAN_OBSERVATION
51.24334,5.35883,2024,8,Belgium,HUMAN_OBSERVATION
51.24367,4.24034,2023,5,Belgium,HUMAN_OBSERVATION
51.24367,4.24034,2023,5,Belgium,HUMAN_OBSERVATION
51.24375,4.23955,2023,5,Belgium,HUMAN_OBSERVATION
51.24375,4.23955,2023,5,Belgium,HUMAN_OBSERVATION
51.245367,58.079876,2021,7,Russian Federation,HUMAN_OBSERVATION
51.24651,4.38639,2021,8,Belgium,HUMAN_OBSERVATION
51.247312,5.34222,2025,4,Belgium,HUMAN_OBSERVATION
51.2475,5.21583,2024,4,Belgium,HUMAN_OBSERVATION
51.24948,4.50596,2022,5,Belgium,HUMAN_OBSERVATION
51.24958,4.50605,2022,5,Belgium,HUMAN_OBSERVATION
51.25,3.8,2024,7,Netherlands,HUMAN_OBSERVATION
51.25,3.8,2024,7,Netherlands,HUMAN_OBSERVATION
51.25,3.8,2021,5,Netherlands,HUMAN_OBSERVATION
51.25,5.65,2022,10,Netherlands,HUMAN_OBSERVATION
51.25,5.7,2025,5,Netherlands,HUMAN_OBSERVATION
51.25,5.7,2022,6,Netherlands,HUMAN_OBSERVATION
51.25,5.95,2024,7,Netherlands,HUMAN_OBSERVATION
51.25,5.95,2022,11,Netherlands,HUMAN_OBSERVATION
51.25,5.95,2022,11,Netherlands,HUMAN_OBSERVATION
51.25048,5.4109,2024,7,Belgium,HUMAN_OBSERVATION
51.25236,3.28057,2025,2,Belgium,HUMAN_OBSERVATION
51.25274,4.50761,2022,6,Belgium,HUMAN_OBSERVATION
51.25277,4.50764,2022,5,Belgium,HUMAN_OBSERVATION
51.2528,4.50764,2022,5,Belgium,HUMAN_OBSERVATION
51.25282,4.50766,2022,5,Belgium,HUMAN_OBSERVATION
51.25282,4.50766,2022,5,Belgium,HUMAN_OBSERVATION
51.25301,4.5075,2022,5,Belgium,HUMAN_OBSERVATION
51.2532,5.31208,2023,8,Belgium,HUMAN_OBSERVATION
51.25468,4.2762,2021,7,Belgium,HUMAN_OBSERVATION
51.25468,4.2762,2021,7,Belgium,HUMAN_OBSERVATION
51.25468,4.2762,2021,7,Belgium,HUMAN_OBSERVATION
51.25581,5.34366,2020,5,Belgium,HUMAN_OBSERVATION
51.2561,5.34484,2020,5,Belgium,HUMAN_OBSERVATION
51.2568,5.21542,2021,9,Belgium,HUMAN_OBSERVATION
51.25801,5.35946,2024,7,Belgium,HUMAN_OBSERVATION
51.25837,4.51042,2022,5,Belgium,HUMAN_OBSERVATION
51.2584,4.51048,2022,5,Belgium,HUMAN_OBSERVATION
51.2585,4.51057,2022,5,Belgium,HUMAN_OBSERVATION
51.2585,4.51057,2022,5,Belgium,HUMAN_OBSERVATION
51.26109,4.51186,2022,5,Belgium,HUMAN_OBSERVATION
51.26128,4.51197,2022,5,Belgium,HUMAN_OBSERVATION
51.26164,4.51208,2022,6,Belgium,HUMAN_OBSERVATION
51.26261,4.51231,2022,6,Belgium,HUMAN_OBSERVATION
51.26556,4.51415,2025,4,Belgium,HUMAN_OBSERVATION
51.26556,4.51415,2025,4,Belgium,HUMAN_OBSERVATION
51.2682,4.29941,2020,5,Belgium,HUMAN_OBSERVATION
51.26848,4.2989,2021,4,Belgium,HUMAN_OBSERVATION
51.26889,4.30028,2023,5,Belgium,HUMAN_OBSERVATION
51.26889,4.30028,2023,10,Belgium,HUMAN_OBSERVATION
51.26889,4.30028,2023,10,Belgium,HUMAN_OBSERVATION
51.2689,4.30065,2023,7,Belgium,HUMAN_OBSERVATION
51.26894,4.30012,2023,4,Belgium,HUMAN_OBSERVATION
51.26896,4.30027,2023,11,Belgium,HUMAN_OBSERVATION
51.26897,4.30023,2023,4,Belgium,HUMAN_OBSERVATION
51.26898,4.30028,2025,3,Belgium,HUMAN_OBSERVATION
51.26898,4.30028,2025,3,Belgium,HUMAN_OBSERVATION
51.26898,4.3003,2022,3,Belgium,HUMAN_OBSERVATION
51.26899,4.30119,2022,11,Belgium,HUMAN_OBSERVATION
51.26901,4.30023,2023,11,Belgium,HUMAN_OBSERVATION
51.26901,4.30028,2022,3,Belgium,HUMAN_OBSERVATION
51.26902,4.30075,2021,5,Belgium,HUMAN_OBSERVATION
51.26903,4.30094,2023,3,Belgium,HUMAN_OBSERVATION
51.26903,4.30094,2023,4,Belgium,HUMAN_OBSERVATION
51.26903,4.30094,2023,5,Belgium,HUMAN_OBSERVATION
51.26903,4.30094,2023,6,Belgium,HUMAN_OBSERVATION
51.26908,4.30009,2023,7,Belgium,HUMAN_OBSERVATION
51.26913,4.29968,2021,10,Belgium,HUMAN_OBSERVATION
51.26915,4.29972,2021,11,Belgium,HUMAN_OBSERVATION
51.26915,4.30015,2022,11,Belgium,HUMAN_OBSERVATION
51.26917,4.29972,2021,11,Belgium,HUMAN_OBSERVATION
51.26917,4.29975,2021,11,Belgium,HUMAN_OBSERVATION
51.26917,4.30028,2023,5,Belgium,HUMAN_OBSERVATION
51.26919,4.29983,2023,3,Belgium,HUMAN_OBSERVATION
51.26921,4.3004,2023,3,Belgium,HUMAN_OBSERVATION
51.26921,4.30048,2021,6,Belgium,HUMAN_OBSERVATION
51.26921,4.30095,2021,7,Belgium,HUMAN_OBSERVATION
51.26921,4.30214,2024,2,Belgium,HUMAN_OBSERVATION
51.26922,4.30028,2021,11,Belgium,HUMAN_OBSERVATION
51.26922,4.30047,2023,3,Belgium,HUMAN_OBSERVATION
51.26923,4.29978,2023,3,Belgium,HUMAN_OBSERVATION
51.26926,4.29994,2022,11,Belgium,HUMAN_OBSERVATION
51.26926,4.29994,2022,11,Belgium,HUMAN_OBSERVATION
51.26927,4.30084,2021,5,Belgium,HUMAN_OBSERVATION
51.26927,4.30087,2021,5,Belgium,HUMAN_OBSERVATION
51.26928,4.29934,2021,5,Belgium,HUMAN_OBSERVATION
51.26929,4.30044,2025,4,Belgium,HUMAN_OBSERVATION
51.26932,4.30105,2021,5,Belgium,HUMAN_OBSERVATION
51.26934,4.30066,2024,10,Belgium,HUMAN_OBSERVATION
51.26935,4.30043,2025,3,Belgium,HUMAN_OBSERVATION
51.26935,4.30069,2020,4,Belgium,HUMAN_OBSERVATION
51.26936,4.30054,2024,12,Belgium,HUMAN_OBSERVATION
51.2694,4.30051,2025,2,Belgium,HUMAN_OBSERVATION
51.2694,4.30091,2021,11,Belgium,HUMAN_OBSERVATION
51.26941,4.30108,2021,3,Belgium,HUMAN_OBSERVATION
51.26942,4.30054,2022,9,Belgium,HUMAN_OBSERVATION
51.26942,4.30081,2022,4,Belgium,HUMAN_OBSERVATION
51.26943,4.30076,2025,5,Belgium,HUMAN_OBSERVATION
51.26943,4.30085,2021,4,Belgium,HUMAN_OBSERVATION
51.26944,4.30083,2020,4,Belgium,HUMAN_OBSERVATION
51.26944,4.30142,2024,11,Belgium,HUMAN_OBSERVATION
51.26946,4.3004,2022,4,Belgium,HUMAN_OBSERVATION
51.26946,4.3004,2022,5,Belgium,HUMAN_OBSERVATION
51.26946,4.3004,2022,6,Belgium,HUMAN_OBSERVATION
51.2695,4.30126,2022,3,Belgium,HUMAN_OBSERVATION
51.26954,4.30035,2023,8,Belgium,HUMAN_OBSERVATION
51.2696,4.30113,2021,5,Belgium,HUMAN_OBSERVATION
51.26963,4.30132,2020,3,Belgium,HUMAN_OBSERVATION
51.26975,4.30114,2021,10,Belgium,HUMAN_OBSERVATION
51.26976,4.3021,2021,7,Belgium,HUMAN_OBSERVATION
51.26985,4.51796,2023,7,Belgium,HUMAN_OBSERVATION
51.26986,4.51795,2023,7,Belgium,HUMAN_OBSERVATION
51.26992,4.3025,2023,4,Belgium,HUMAN_OBSERVATION
51.26994,4.30134,2022,10,Belgium,HUMAN_OBSERVATION
51.26997,4.30158,2024,11,Belgium,HUMAN_OBSERVATION
51.26998,4.3018,2021,5,Belgium,HUMAN_OBSERVATION
51.27,4.30189,2022,3,Belgium,HUMAN_OBSERVATION
51.27,4.30189,2022,3,Belgium,HUMAN_OBSERVATION
51.27,4.30189,2022,3,Belgium,HUMAN_OBSERVATION
51.2701,4.5183,2025,5,Belgium,HUMAN_OBSERVATION
51.27027,4.30166,2020,4,Belgium,HUMAN_OBSERVATION
51.2707,4.30218,2020,4,Belgium,HUMAN_OBSERVATION
51.27129,4.5194,2022,6,Belgium,HUMAN_OBSERVATION
51.27192,4.30258,2025,5,Belgium,HUMAN_OBSERVATION
51.27694,5.15056,2023,8,Belgium,HUMAN_OBSERVATION
51.27762,4.52794,2025,4,Belgium,HUMAN_OBSERVATION
51.2805,4.31366,2020,4,Belgium,HUMAN_OBSERVATION
51.28241,3.03726,2024,9,Belgium,HUMAN_OBSERVATION
51.2844,5.4651,2022,3,Belgium,HUMAN_OBSERVATION
51.28708,5.21914,2024,7,Belgium,HUMAN_OBSERVATION
51.2877,4.24053,2023,5,Belgium,HUMAN_OBSERVATION
51.2877,4.24053,2023,5,Belgium,HUMAN_OBSERVATION
51.28775,3.04873,2021,1,Belgium,HUMAN_OBSERVATION
51.28791,4.24094,2023,10,Belgium,HUMAN_OBSERVATION
51.29209,4.54694,2024,7,Belgium,HUMAN_OBSERVATION
51.29238,4.54696,2022,5,Belgium,HUMAN_OBSERVATION
51.29238,4.54696,2022,5,Belgium,HUMAN_OBSERVATION
51.29258,4.54701,2022,7,Belgium,HUMAN_OBSERVATION
51.29284,5.21966,2025,5,Belgium,HUMAN_OBSERVATION
51.29552,4.55328,2022,4,Belgium,HUMAN_OBSERVATION
51.29688,4.54484,2024,4,Belgium,HUMAN_OBSERVATION
51.29697,4.54482,2024,6,Belgium,HUMAN_OBSERVATION
51.297505,6.731718,2021,11,Germany,HUMAN_OBSERVATION
51.297505,6.731718,2021,11,Germany,HUMAN_OBSERVATION
51.3,3.8,2025,3,Netherlands,HUMAN_OBSERVATION
51.3,3.8,2024,5,Netherlands,HUMAN_OBSERVATION
51.3,3.8,2022,9,Netherlands,HUMAN_OBSERVATION
51.3,5.85,2020,6,Netherlands,HUMAN_OBSERVATION
51.3,6.1,2024,5,Netherlands,HUMAN_OBSERVATION
51.3,6.1,2024,7,Netherlands,HUMAN_OBSERVATION
51.3,6.1,2021,10,Netherlands,HUMAN_OBSERVATION
51.30501,4.28824,2022,7,Belgium,HUMAN_OBSERVATION
51.30501,4.28824,2022,7,Belgium,HUMAN_OBSERVATION
51.30728,5.13636,2023,8,Belgium,HUMAN_OBSERVATION
51.31128,3.11258,2023,9,Belgium,HUMAN_OBSERVATION
51.318005,3.823308,2024,5,Netherlands,HUMAN_OBSERVATION
51.32424,4.83055,2022,9,Belgium,HUMAN_OBSERVATION
51.3243,4.8296,2025,6,Belgium,HUMAN_OBSERVATION
51.32593,4.79264,2024,12,Belgium,HUMAN_OBSERVATION
51.32601,4.79043,2024,12,Belgium,HUMAN_OBSERVATION
51.32669,4.79017,2022,8,Belgium,HUMAN_OBSERVATION
51.32708,4.85437,2023,6,Belgium,HUMAN_OBSERVATION
51.32852,4.93598,2024,7,Belgium,HUMAN_OBSERVATION
51.32897,4.76395,2025,4,Belgium,HUMAN_OBSERVATION
51.32898,4.76393,2025,4,Belgium,HUMAN_OBSERVATION
51.32989,4.8751,2023,7,Belgium,HUMAN_OBSERVATION
51.32995,4.87647,2022,7,Belgium,HUMAN_OBSERVATION
51.33028,4.88821,2023,5,Belgium,HUMAN_OBSERVATION
51.33609,4.65368,2024,8,Belgium,HUMAN_OBSERVATION
51.33615,4.65386,2024,8,Belgium,HUMAN_OBSERVATION
51.34116,4.26661,2024,6,Belgium,HUMAN_OBSERVATION
51.34116,4.26661,2024,6,Belgium,HUMAN_OBSERVATION
51.34116,4.26661,2023,4,Belgium,HUMAN_OBSERVATION
51.34116,4.26661,2023,4,Belgium,HUMAN_OBSERVATION
51.34116,4.26661,2023,4,Belgium,HUMAN_OBSERVATION
51.34116,4.26661,2023,4,Belgium,HUMAN_OBSERVATION
51.34116,4.26661,2023,10,Belgium,HUMAN_OBSERVATION
51.34116,4.26661,2022,3,Belgium,HUMAN_OBSERVATION
51.34116,4.26661,2022,3,Belgium,HUMAN_OBSERVATION
51.34116,4.26661,2022,3,Belgium,HUMAN_OBSERVATION
51.34116,4.26661,2021,3,Belgium,HUMAN_OBSERVATION
51.34116,4.26661,2021,3,Belgium,HUMAN_OBSERVATION
51.34116,4.26661,2021,3,Belgium,HUMAN_OBSERVATION
51.34116,4.26661,2021,3,Belgium,HUMAN_OBSERVATION
51.34116,4.26661,2021,3,Belgium,HUMAN_OBSERVATION
51.34116,4.26661,2021,10,Belgium,HUMAN_OBSERVATION
51.34116,4.26661,2021,10,Belgium,HUMAN_OBSERVATION
51.34116,4.26661,2021,10,Belgium,HUMAN_OBSERVATION
51.34116,4.26661,2020,4,Belgium,HUMAN_OBSERVATION
51.34116,4.26661,2020,4,Belgium,HUMAN_OBSERVATION
51.34786,4.30537,2024,8,Belgium,HUMAN_OBSERVATION
51.34926,4.95466,2022,6,Belgium,HUMAN_OBSERVATION
51.35,4.2,2022,4,Netherlands,HUMAN_OBSERVATION
51.35,5.85,2021,5,Netherlands,HUMAN_OBSERVATION
51.35,5.85,2021,5,Netherlands,HUMAN_OBSERVATION
51.35,5.85,2020,6,Netherlands,HUMAN_OBSERVATION
51.35,6.1,2023,7,Netherlands,HUMAN_OBSERVATION
51.35136,5.05465,2020,5,Belgium,HUMAN_OBSERVATION
51.35155,5.05462,2020,5,Belgium,HUMAN_OBSERVATION
51.35719,4.76812,2022,1,Belgium,HUMAN_OBSERVATION
51.36088,4.9891,2020,5,Belgium,HUMAN_OBSERVATION
51.36837,4.30127,2024,11,Belgium,HUMAN_OBSERVATION
51.375972,6.908244,2022,3,Germany,HUMAN_OBSERVATION
51.38,6.9,2020,6,Germany,HUMAN_OBSERVATION
51.395084,6.892198,2023,9,Germany,HUMAN_OBSERVATION
51.395231,6.892442,2021,9,Germany,HUMAN_OBSERVATION
51.397549,6.892773,2023,5,Germany,HUMAN_OBSERVATION
51.4,3.7,2023,3,Netherlands,HUMAN_OBSERVATION
51.4,3.7,2023,11,Netherlands,HUMAN_OBSERVATION
51.4,3.7,2023,11,Netherlands,HUMAN_OBSERVATION
51.4,4.2,2021,9,Netherlands,HUMAN_OBSERVATION
51.4,5.7,2021,8,Netherlands,HUMAN_OBSERVATION
51.4,6.15,2022,4,Netherlands,HUMAN_OBSERVATION
51.4,6.15,2022,8,Netherlands,HUMAN_OBSERVATION
51.4,6.15,2022,8,Netherlands,HUMAN_OBSERVATION
51.4,6.15,2022,8,Netherlands,HUMAN_OBSERVATION
51.401051,6.895751,2024,5,Germany,HUMAN_OBSERVATION
51.401165,6.895936,2020,5,Germany,HUMAN_OBSERVATION
51.402247,6.896155,2022,6,Germany,HUMAN_OBSERVATION
51.403249,6.895349,2024,10,Germany,HUMAN_OBSERVATION
51.403942,6.896053,2022,8,Germany,HUMAN_OBSERVATION
51.404135,6.896017,2023,6,Germany,HUMAN_OBSERVATION
51.404264,6.895849,2023,8,Germany,HUMAN_OBSERVATION
51.404943,6.89584,2024,9,Germany,HUMAN_OBSERVATION
51.407452,7.077255,2024,7,Germany,HUMAN_OBSERVATION
51.407452,7.077255,2023,6,Germany,HUMAN_OBSERVATION
51.407452,7.077255,2022,5,Germany,HUMAN_OBSERVATION
51.407452,7.077255,2022,6,Germany,HUMAN_OBSERVATION
51.41,7.07,2021,9,Germany,HUMAN_OBSERVATION
51.412728,7.072731,2022,5,Germany,HUMAN_OBSERVATION
51.422109,6.87647,2023,8,Germany,HUMAN_OBSERVATION
51.422223,6.876583,2023,9,Germany,HUMAN_OBSERVATION
51.4444,6.7487,2020,4,Germany,HUMAN_OBSERVATION
51.448759,6.80258,2024,7,Germany,HUMAN_OBSERVATION
51.44982,3.585818,2023,8,Netherlands,HUMAN_OBSERVATION
51.45,4.2,2021,4,Netherlands,HUMAN_OBSERVATION
51.45,4.2,2021,4,Netherlands,HUMAN_OBSERVATION
51.45,5.25,2023,4,Netherlands,HUMAN_OBSERVATION
51.45,5.25,2022,6,Netherlands,HUMAN_OBSERVATION
51.45,5.6,2024,10,Netherlands,HUMAN_OBSERVATION
51.45,6.15,2025,4,Netherlands,HUMAN_OBSERVATION
51.45,6.15,2021,8,Netherlands,HUMAN_OBSERVATION
51.46,5.63,2024,4,Netherlands,HUMAN_OBSERVATION
51.46,5.63,2024,4,Netherlands,HUMAN_OBSERVATION
51.465947,6.976428,2024,8,Germany,HUMAN_OBSERVATION
51.481491,6.782169,2025,5,Germany,HUMAN_OBSERVATION
51.481491,6.782169,2024,9,Germany,HUMAN_OBSERVATION
51.49,4.23,2021,9,Netherlands,HUMAN_OBSERVATION
51.49,4.23,2021,9,Netherlands,HUMAN_OBSERVATION
51.490002,7.507284,2022,6,Germany,HUMAN_OBSERVATION
51.490742,7.476318,2024,9,Germany,HUMAN_OBSERVATION
51.5,3.6,2025,2,Netherlands,HUMAN_OBSERVATION
51.5,3.6,2023,4,Netherlands,HUMAN_OBSERVATION
51.5,3.6,2023,4,Netherlands,HUMAN_OBSERVATION
51.5,3.6,2021,10,Netherlands,HUMAN_OBSERVATION
51.5,3.6,2021,10,Netherlands,HUMAN_OBSERVATION
51.5,3.7,2023,8,Netherlands,HUMAN_OBSERVATION
51.5,3.75,2024,2,Netherlands,HUMAN_OBSERVATION
51.5,3.75,2024,4,Netherlands,HUMAN_OBSERVATION
51.5,3.75,2023,4,Netherlands,HUMAN_OBSERVATION
51.5,4,2023,5,Netherlands,HUMAN_OBSERVATION
51.5,4.15,2021,10,Netherlands,HUMAN_OBSERVATION
51.5,4.15,2021,10,Netherlands,HUMAN_OBSERVATION
51.5,4.15,2021,10,Netherlands,HUMAN_OBSERVATION
51.5,4.15,2021,10,Netherlands,HUMAN_OBSERVATION
51.5,4.15,2021,10,Netherlands,HUMAN_OBSERVATION
51.5,4.15,2021,10,Netherlands,HUMAN_OBSERVATION
51.5,4.2,2021,10,Netherlands,HUMAN_OBSERVATION
51.5,4.2,2021,10,Netherlands,HUMAN_OBSERVATION
51.5,5.1,2023,7,Netherlands,HUMAN_OBSERVATION
51.5,5.1,2022,5,Netherlands,HUMAN_OBSERVATION
51.5,5.1,2021,10,Netherlands,HUMAN_OBSERVATION
51.5,5.25,2021,4,Netherlands,HUMAN_OBSERVATION
51.5,5.25,2021,5,Netherlands,HUMAN_OBSERVATION
51.5,5.27,2020,5,Netherlands,HUMAN_OBSERVATION
51.5,5.28,2020,4,Netherlands,HUMAN_OBSERVATION
51.5,5.28,2020,4,Netherlands,HUMAN_OBSERVATION
51.5,5.28,2020,5,Netherlands,HUMAN_OBSERVATION
51.5,5.28,2020,5,Netherlands,HUMAN_OBSERVATION
51.5,5.28,2020,5,Netherlands,HUMAN_OBSERVATION
51.5,5.28,2020,5,Netherlands,HUMAN_OBSERVATION
51.5,5.5,2023,6,Netherlands,HUMAN_OBSERVATION
51.5,5.5,2022,6,Netherlands,HUMAN_OBSERVATION
51.5,5.55,2024,7,Netherlands,HUMAN_OBSERVATION
51.5,5.55,2024,8,Netherlands,HUMAN_OBSERVATION
51.5,5.55,2024,8,Netherlands,HUMAN_OBSERVATION
51.5,5.6,2023,5,Netherlands,HUMAN_OBSERVATION
51.5,5.6,2023,5,Netherlands,HUMAN_OBSERVATION
51.5,5.6,2023,10,Netherlands,HUMAN_OBSERVATION
51.5,5.8,2023,6,Netherlands,HUMAN_OBSERVATION
51.5,6.05,2022,7,Netherlands,HUMAN_OBSERVATION
51.5,6.05,2021,7,Netherlands,HUMAN_OBSERVATION
51.5,6.15,2024,7,Netherlands,HUMAN_OBSERVATION
51.5,6.15,2024,7,Netherlands,HUMAN_OBSERVATION
51.50957,45.997526,2024,10,Russian Federation,HUMAN_OBSERVATION
51.55,3.65,2024,8,Netherlands,HUMAN_OBSERVATION
51.55,4.15,2021,10,Netherlands,HUMAN_OBSERVATION
51.55,4.2,2023,2,Netherlands,HUMAN_OBSERVATION
51.55,4.2,2023,3,Netherlands,HUMAN_OBSERVATION
51.55,4.2,2023,3,Netherlands,HUMAN_OBSERVATION
51.55,4.2,2023,3,Netherlands,HUMAN_OBSERVATION
51.55,4.2,2023,3,Netherlands,HUMAN_OBSERVATION
51.55,4.2,2023,3,Netherlands,HUMAN_OBSERVATION
51.55,4.2,2023,3,Netherlands,HUMAN_OBSERVATION
51.55,4.2,2023,4,Netherlands,HUMAN_OBSERVATION
51.55,4.2,2023,5,Netherlands,HUMAN_OBSERVATION
51.55,4.2,2023,5,Netherlands,HUMAN_OBSERVATION
51.55,4.3,2024,4,Netherlands,HUMAN_OBSERVATION
51.55,4.3,2024,9,Netherlands,HUMAN_OBSERVATION
51.55,4.3,2024,10,Netherlands,HUMAN_OBSERVATION
51.55,4.35,2021,8,Netherlands,HUMAN_OBSERVATION
51.55,4.4,2024,8,Netherlands,HUMAN_OBSERVATION
51.55,4.4,2022,3,Netherlands,HUMAN_OBSERVATION
51.55,4.5,2023,7,Netherlands,HUMAN_OBSERVATION
51.55,5,2020,5,Netherlands,HUMAN_OBSERVATION
51.55,5.1,2023,6,Netherlands,HUMAN_OBSERVATION
51.55,5.1,2023,6,Netherlands,HUMAN_OBSERVATION
51.55,5.1,2023,8,Netherlands,HUMAN_OBSERVATION
51.55,5.2,2024,5,Netherlands,HUMAN_OBSERVATION
51.55,5.4,2025,4,Netherlands,HUMAN_OBSERVATION
51.55,5.4,2024,5,Netherlands,HUMAN_OBSERVATION
51.55,5.5,2025,5,Netherlands,HUMAN_OBSERVATION
51.55,5.5,2024,10,Netherlands,HUMAN_OBSERVATION
51.55,5.5,2023,6,Netherlands,HUMAN_OBSERVATION
51.55,5.5,2023,6,Netherlands,HUMAN_OBSERVATION
51.55,5.5,2021,5,Netherlands,HUMAN_OBSERVATION
51.55,5.55,2022,7,Netherlands,HUMAN_OBSERVATION
51.55,5.6,2022,10,Netherlands,HUMAN_OBSERVATION
51.55,5.65,2025,1,Netherlands,HUMAN_OBSERVATION
51.55,5.65,2025,1,Netherlands,HUMAN_OBSERVATION
51.55,5.65,2024,10,Netherlands,HUMAN_OBSERVATION
51.55,5.65,2021,1,Netherlands,HUMAN_OBSERVATION
51.55,5.8,2023,7,Netherlands,HUMAN_OBSERVATION
51.55,5.8,2020,3,Netherlands,HUMAN_OBSERVATION
51.55,6,2024,7,Netherlands,HUMAN_OBSERVATION
51.55,6,2024,7,Netherlands,HUMAN_OBSERVATION
51.55,6,2023,6,Netherlands,HUMAN_OBSERVATION
51.55,6,2023,6,Netherlands,HUMAN_OBSERVATION
51.55,6,2023,8,Netherlands,HUMAN_OBSERVATION
51.55,6,2023,8,Netherlands,HUMAN_OBSERVATION
51.55,6,2023,8,Netherlands,HUMAN_OBSERVATION
51.55,6,2021,7,Netherlands,HUMAN_OBSERVATION
51.55,6,2021,8,Netherlands,HUMAN_OBSERVATION
51.55,6,2021,8,Netherlands,HUMAN_OBSERVATION
51.55,6.05,2024,8,Netherlands,HUMAN_OBSERVATION
51.55,6.05,2022,8,Netherlands,HUMAN_OBSERVATION
51.55,6.05,2022,8,Netherlands,HUMAN_OBSERVATION
51.55,6.05,2022,8,Netherlands,HUMAN_OBSERVATION
51.550072,3.811446,2024,8,Netherlands,HUMAN_OBSERVATION
51.554856,3.761099,2024,8,Netherlands,HUMAN_OBSERVATION
51.56,6.06,2022,8,Netherlands,HUMAN_OBSERVATION
51.57,5.1,2021,9,Netherlands,HUMAN_OBSERVATION
51.57,5.1,2021,9,Netherlands,HUMAN_OBSERVATION
51.6,3.95,2024,8,Netherlands,HUMAN_OBSERVATION
51.6,3.95,2023,6,Netherlands,HUMAN_OBSERVATION
51.6,4.1,2021,10,Netherlands,HUMAN_OBSERVATION
51.6,4.15,2021,10,Netherlands,HUMAN_OBSERVATION
51.6,4.2,2022,10,Netherlands,HUMAN_OBSERVATION
51.6,4.25,2021,6,Netherlands,HUMAN_OBSERVATION
51.6,4.3,2020,5,Netherlands,HUMAN_OBSERVATION
51.6,4.4,2024,3,Netherlands,HUMAN_OBSERVATION
51.6,4.45,2024,6,Netherlands,HUMAN_OBSERVATION
51.6,4.45,2023,4,Netherlands,HUMAN_OBSERVATION
51.6,4.45,2023,7,Netherlands,HUMAN_OBSERVATION
51.6,4.8,2023,5,Netherlands,HUMAN_OBSERVATION
51.6,4.85,2024,9,Netherlands,HUMAN_OBSERVATION
51.6,5.95,2025,6,Netherlands,HUMAN_OBSERVATION
51.6,5.95,2025,6,Netherlands,HUMAN_OBSERVATION
51.6,5.95,2025,6,Netherlands,HUMAN_OBSERVATION
51.6,5.95,2023,9,Netherlands,HUMAN_OBSERVATION
51.6,5.95,2023,9,Netherlands,HUMAN_OBSERVATION
51.6,5.95,2023,9,Netherlands,HUMAN_OBSERVATION
51.6,6,2024,7,Netherlands,HUMAN_OBSERVATION
51.6,6,2023,6,Netherlands,HUMAN_OBSERVATION
51.6,6,2022,8,Netherlands,HUMAN_OBSERVATION
51.63,4.86,2022,12,Netherlands,HUMAN_OBSERVATION
51.65,3.85,2021,9,Netherlands,HUMAN_OBSERVATION
51.65,5.2,2022,12,Netherlands,HUMAN_OBSERVATION
51.65,5.25,2023,5,Netherlands,HUMAN_OBSERVATION
51.65,5.25,2023,9,Netherlands,HUMAN_OBSERVATION
51.65,5.25,2022,8,Netherlands,HUMAN_OBSERVATION
51.65,5.25,2022,10,Netherlands,HUMAN_OBSERVATION
51.65,5.25,2022,10,Netherlands,HUMAN_OBSERVATION
51.65,5.25,2022,11,Netherlands,HUMAN_OBSERVATION
51.65,5.25,2022,11,Netherlands,HUMAN_OBSERVATION
51.65,5.25,2022,12,Netherlands,HUMAN_OBSERVATION
51.65,5.25,2021,2,Netherlands,HUMAN_OBSERVATION
51.65,5.25,2021,8,Netherlands,HUMAN_OBSERVATION
51.65,5.25,2021,10,Netherlands,HUMAN_OBSERVATION
51.65,5.25,2021,10,Netherlands,HUMAN_OBSERVATION
51.65,5.3,2022,7,Netherlands,HUMAN_OBSERVATION
51.65,5.3,2022,7,Netherlands,HUMAN_OBSERVATION
51.65,5.35,2022,7,Netherlands,HUMAN_OBSERVATION
51.65,5.35,2022,12,Netherlands,HUMAN_OBSERVATION
51.65,5.35,2021,3,Netherlands,HUMAN_OBSERVATION
51.65,5.35,2020,5,Netherlands,HUMAN_OBSERVATION
51.65,5.4,2022,5,Netherlands,HUMAN_OBSERVATION
51.65,5.4,2021,3,Netherlands,HUMAN_OBSERVATION
51.65,5.95,2024,6,Netherlands,HUMAN_OBSERVATION
51.669241,7.704742,2024,7,Germany,HUMAN_OBSERVATION
51.67691,7.88157,2024,8,Germany,HUMAN_OBSERVATION
51.67691,7.88157,2024,9,Germany,HUMAN_OBSERVATION
51.67691,7.88157,2024,9,Germany,HUMAN_OBSERVATION
51.687124,6.030486,2022,1,Germany,HUMAN_OBSERVATION
51.69,4.98,2021,5,Netherlands,HUMAN_OBSERVATION
51.69,4.98,2021,5,Netherlands,HUMAN_OBSERVATION
51.69,5.3,2022,10,Netherlands,HUMAN_OBSERVATION
51.696119,7.951918,2024,7,Germany,HUMAN_OBSERVATION
51.696162,7.95193,2024,7,Germany,HUMAN_OBSERVATION
51.7,3.75,2023,11,Netherlands,HUMAN_OBSERVATION
51.7,3.75,2021,9,Netherlands,HUMAN_OBSERVATION
51.7,3.8,2021,9,Netherlands,HUMAN_OBSERVATION
51.7,3.8,2021,9,Netherlands,HUMAN_OBSERVATION
51.7,4.25,2024,8,Netherlands,HUMAN_OBSERVATION
51.7,4.4,2022,10,Netherlands,HUMAN_OBSERVATION
51.7,4.55,2023,5,Netherlands,HUMAN_OBSERVATION
51.7,4.65,2023,9,Netherlands,HUMAN_OBSERVATION
51.7,4.7,2024,9,Netherlands,HUMAN_OBSERVATION
51.7,4.7,2024,9,Netherlands,HUMAN_OBSERVATION
51.7,4.7,2024,9,Netherlands,HUMAN_OBSERVATION
51.7,4.7,2024,9,Netherlands,HUMAN_OBSERVATION
51.7,4.7,2024,11,Netherlands,HUMAN_OBSERVATION
51.7,4.7,2024,11,Netherlands,HUMAN_OBSERVATION
51.7,4.7,2024,12,Netherlands,HUMAN_OBSERVATION
51.7,4.7,2023,9,Netherlands,HUMAN_OBSERVATION
51.7,4.7,2023,9,Netherlands,HUMAN_OBSERVATION
51.7,4.7,2023,10,Netherlands,HUMAN_OBSERVATION
51.7,4.7,2023,10,Netherlands,HUMAN_OBSERVATION
51.7,4.7,2023,10,Netherlands,HUMAN_OBSERVATION
51.7,4.8,2023,10,Netherlands,HUMAN_OBSERVATION
51.7,4.85,2024,2,Netherlands,HUMAN_OBSERVATION
51.7,4.85,2024,2,Netherlands,HUMAN_OBSERVATION
51.7,4.85,2024,5,Netherlands,HUMAN_OBSERVATION
51.7,4.85,2022,7,Netherlands,HUMAN_OBSERVATION
51.7,4.9,2025,5,Netherlands,HUMAN_OBSERVATION
51.7,4.9,2025,5,Netherlands,HUMAN_OBSERVATION
51.7,4.9,2025,5,Netherlands,HUMAN_OBSERVATION
51.7,4.9,2024,11,Netherlands,HUMAN_OBSERVATION
51.7,5,2022,1,Netherlands,HUMAN_OBSERVATION
51.7,5.05,2021,3,Netherlands,HUMAN_OBSERVATION
51.7,5.05,2021,3,Netherlands,HUMAN_OBSERVATION
51.7,5.2,2023,9,Netherlands,HUMAN_OBSERVATION
51.7,5.2,2023,9,Netherlands,HUMAN_OBSERVATION
51.7,5.2,2023,9,Netherlands,HUMAN_OBSERVATION
51.7,5.2,2021,7,Netherlands,HUMAN_OBSERVATION
51.7,5.25,2024,12,Netherlands,HUMAN_OBSERVATION
51.7,5.25,2024,12,Netherlands,HUMAN_OBSERVATION
51.7,5.25,2023,1,Netherlands,HUMAN_OBSERVATION
51.7,5.25,2023,6,Netherlands,HUMAN_OBSERVATION
51.7,5.25,2022,1,Netherlands,HUMAN_OBSERVATION
51.7,5.25,2021,3,Netherlands,HUMAN_OBSERVATION
51.7,5.25,2021,7,Netherlands,HUMAN_OBSERVATION
51.7,5.25,2021,7,Netherlands,HUMAN_OBSERVATION
51.7,5.25,2021,7,Netherlands,HUMAN_OBSERVATION
51.7,5.25,2021,7,Netherlands,HUMAN_OBSERVATION
51.7,5.25,2021,10,Netherlands,HUMAN_OBSERVATION
51.7,5.25,2021,10,Netherlands,HUMAN_OBSERVATION
51.7,5.25,2021,12,Netherlands,HUMAN_OBSERVATION
51.7,5.25,2020,5,Netherlands,HUMAN_OBSERVATION
51.7,5.3,2023,1,Netherlands,HUMAN_OBSERVATION
51.7,5.3,2023,9,Netherlands,HUMAN_OBSERVATION
51.7,5.3,2021,2,Netherlands,HUMAN_OBSERVATION
51.7,5.3,2021,3,Netherlands,HUMAN_OBSERVATION
51.7,5.3,2021,10,Netherlands,HUMAN_OBSERVATION
51.7,5.3,2021,10,Netherlands,HUMAN_OBSERVATION
51.7,5.75,2023,5,Netherlands,HUMAN_OBSERVATION
51.7,5.8,2024,11,Netherlands,HUMAN_OBSERVATION
51.7,5.8,2023,11,Netherlands,HUMAN_OBSERVATION
51.7,5.8,2022,7,Netherlands,HUMAN_OBSERVATION
51.7,5.8,2022,7,Netherlands,HUMAN_OBSERVATION
51.7,5.8,2021,6,Netherlands,HUMAN_OBSERVATION
51.7,5.85,2023,7,Netherlands,HUMAN_OBSERVATION
51.7,5.9,2022,5,Netherlands,HUMAN_OBSERVATION
51.7,5.9,2022,7,Netherlands,HUMAN_OBSERVATION
51.7,5.9,2022,11,Netherlands,HUMAN_OBSERVATION
51.7,5.9,2021,6,Netherlands,HUMAN_OBSERVATION
51.7,5.9,2021,6,Netherlands,HUMAN_OBSERVATION
51.7,5.95,2024,6,Netherlands,HUMAN_OBSERVATION
51.7,5.95,2023,5,Netherlands,HUMAN_OBSERVATION
51.7,5.95,2022,6,Netherlands,HUMAN_OBSERVATION
51.701279,7.780614,2024,9,Germany,HUMAN_OBSERVATION
51.701294,7.841736,2024,7,Germany,HUMAN_OBSERVATION
51.701294,7.841736,2024,7,Germany,HUMAN_OBSERVATION
51.701294,7.841736,2024,7,Germany,HUMAN_OBSERVATION
51.701998,7.910602,2022,7,Germany,HUMAN_OBSERVATION
51.720348,7.235595,2022,4,Germany,HUMAN_OBSERVATION
51.7213,7.3486,2020,4,Germany,HUMAN_OBSERVATION
51.7216,7.3515,2020,4,Germany,HUMAN_OBSERVATION
51.740585,7.223282,2024,9,Germany,HUMAN_OBSERVATION
51.75,4.3,2025,3,Netherlands,HUMAN_OBSERVATION
51.75,4.3,2025,3,Netherlands,HUMAN_OBSERVATION
51.75,4.3,2025,4,Netherlands,HUMAN_OBSERVATION
51.75,4.3,2025,4,Netherlands,HUMAN_OBSERVATION
51.75,4.3,2025,5,Netherlands,HUMAN_OBSERVATION
51.75,4.3,2025,6,Netherlands,HUMAN_OBSERVATION
51.75,4.3,2024,4,Netherlands,HUMAN_OBSERVATION
51.75,4.3,2024,4,Netherlands,HUMAN_OBSERVATION
51.75,4.3,2024,4,Netherlands,HUMAN_OBSERVATION
51.75,4.3,2024,4,Netherlands,HUMAN_OBSERVATION
51.75,4.3,2024,4,Netherlands,HUMAN_OBSERVATION
51.75,4.3,2024,5,Netherlands,HUMAN_OBSERVATION
51.75,4.3,2024,5,Netherlands,HUMAN_OBSERVATION
51.75,4.3,2024,6,Netherlands,HUMAN_OBSERVATION
51.75,4.3,2023,3,Netherlands,HUMAN_OBSERVATION
51.75,4.3,2023,5,Netherlands,HUMAN_OBSERVATION
51.75,4.3,2023,5,Netherlands,HUMAN_OBSERVATION
51.75,4.3,2023,5,Netherlands,HUMAN_OBSERVATION
51.75,4.3,2023,5,Netherlands,HUMAN_OBSERVATION
51.75,4.3,2023,5,Netherlands,HUMAN_OBSERVATION
51.75,4.3,2023,5,Netherlands,HUMAN_OBSERVATION
51.75,4.3,2023,5,Netherlands,HUMAN_OBSERVATION
51.75,4.3,2023,5,Netherlands,HUMAN_OBSERVATION
51.75,4.3,2023,5,Netherlands,HUMAN_OBSERVATION
51.75,4.3,2023,8,Netherlands,HUMAN_OBSERVATION
51.75,4.3,2022,3,Netherlands,HUMAN_OBSERVATION
51.75,4.3,2022,4,Netherlands,HUMAN_OBSERVATION
51.75,4.3,2022,4,Netherlands,HUMAN_OBSERVATION
51.75,4.3,2022,5,Netherlands,HUMAN_OBSERVATION
51.75,4.3,2022,5,Netherlands,HUMAN_OBSERVATION
51.75,4.3,2021,3,Netherlands,HUMAN_OBSERVATION
51.75,4.3,2021,3,Netherlands,HUMAN_OBSERVATION
51.75,4.3,2021,5,Netherlands,HUMAN_OBSERVATION
51.75,4.3,2021,5,Netherlands,HUMAN_OBSERVATION
51.75,4.3,2021,5,Netherlands,HUMAN_OBSERVATION
51.75,4.3,2021,5,Netherlands,HUMAN_OBSERVATION
51.75,4.3,2021,5,Netherlands,HUMAN_OBSERVATION
51.75,4.3,2021,5,Netherlands,HUMAN_OBSERVATION
51.75,4.3,2021,6,Netherlands,HUMAN_OBSERVATION
51.75,4.3,2020,3,Netherlands,HUMAN_OBSERVATION
51.75,4.3,2020,3,Netherlands,HUMAN_OBSERVATION
51.75,4.3,2020,3,Netherlands,HUMAN_OBSERVATION
51.75,4.3,2020,4,Netherlands,HUMAN_OBSERVATION
51.75,4.3,2020,4,Netherlands,HUMAN_OBSERVATION
51.75,4.3,2020,4,Netherlands,HUMAN_OBSERVATION
51.75,4.3,2020,4,Netherlands,HUMAN_OBSERVATION
51.75,4.3,2020,5,Netherlands,HUMAN_OBSERVATION
51.75,4.3,2020,5,Netherlands,HUMAN_OBSERVATION
51.75,4.3,2020,5,Netherlands,HUMAN_OBSERVATION
51.75,4.3,2020,6,Netherlands,HUMAN_OBSERVATION
51.75,4.3,2020,6,Netherlands,HUMAN_OBSERVATION
51.75,4.35,2021,8,Netherlands,HUMAN_OBSERVATION
51.75,4.6,2020,6,Netherlands,HUMAN_OBSERVATION
51.75,4.7,2024,6,Netherlands,HUMAN_OBSERVATION
51.75,4.75,2024,10,Netherlands,HUMAN_OBSERVATION
51.75,4.75,2023,8,Netherlands,HUMAN_OBSERVATION
51.75,4.75,2023,9,Netherlands,HUMAN_OBSERVATION
51.75,4.75,2023,9,Netherlands,HUMAN_OBSERVATION
51.75,4.75,2022,5,Netherlands,HUMAN_OBSERVATION
51.75,4.75,2022,5,Netherlands,HUMAN_OBSERVATION
51.75,4.75,2022,7,Netherlands,HUMAN_OBSERVATION
51.75,4.75,2022,9,Netherlands,HUMAN_OBSERVATION
51.75,4.75,2022,10,Netherlands,HUMAN_OBSERVATION
51.75,4.75,2022,11,Netherlands,HUMAN_OBSERVATION
51.75,4.75,2021,5,Netherlands,HUMAN_OBSERVATION
51.75,4.75,2021,9,Netherlands,HUMAN_OBSERVATION
51.75,4.75,2021,9,Netherlands,HUMAN_OBSERVATION
51.75,4.75,2021,9,Netherlands,HUMAN_OBSERVATION
51.75,4.75,2021,9,Netherlands,HUMAN_OBSERVATION
51.75,4.8,2024,9,Netherlands,HUMAN_OBSERVATION
51.75,4.8,2024,11,Netherlands,HUMAN_OBSERVATION
51.75,4.85,2024,12,Netherlands,HUMAN_OBSERVATION
51.75,4.85,2024,12,Netherlands,HUMAN_OBSERVATION
51.75,4.85,2022,6,Netherlands,HUMAN_OBSERVATION
51.75,5,2022,10,Netherlands,HUMAN_OBSERVATION
51.75,5,2022,10,Netherlands,HUMAN_OBSERVATION
51.75,5.1,2024,8,Netherlands,HUMAN_OBSERVATION
51.75,5.1,2024,8,Netherlands,HUMAN_OBSERVATION
51.75,5.1,2021,7,Netherlands,HUMAN_OBSERVATION
51.75,5.1,2021,8,Netherlands,HUMAN_OBSERVATION
51.75,5.1,2021,8,Netherlands,HUMAN_OBSERVATION
51.75,5.15,2024,8,Netherlands,HUMAN_OBSERVATION
51.75,5.35,2024,5,Netherlands,HUMAN_OBSERVATION
51.75,5.35,2023,8,Netherlands,HUMAN_OBSERVATION
51.75,5.35,2021,3,Netherlands,HUMAN_OBSERVATION
51.75,5.4,2024,4,Netherlands,HUMAN_OBSERVATION
51.75,5.4,2024,4,Netherlands,HUMAN_OBSERVATION
51.75,5.65,2024,6,Netherlands,HUMAN_OBSERVATION
51.75,5.65,2024,10,Netherlands,HUMAN_OBSERVATION
51.75,5.65,2023,8,Netherlands,HUMAN_OBSERVATION
51.75,5.65,2023,8,Netherlands,HUMAN_OBSERVATION
51.75,5.65,2023,8,Netherlands,HUMAN_OBSERVATION
51.75,5.65,2022,8,Netherlands,HUMAN_OBSERVATION
51.75,5.65,2022,8,Netherlands,HUMAN_OBSERVATION
51.75,5.65,2021,12,Netherlands,HUMAN_OBSERVATION
51.75,5.65,2021,12,Netherlands,HUMAN_OBSERVATION
51.75,5.7,2023,8,Netherlands,HUMAN_OBSERVATION
51.75,5.7,2023,8,Netherlands,HUMAN_OBSERVATION
51.75,5.7,2023,8,Netherlands,HUMAN_OBSERVATION
51.75,5.7,2022,5,Netherlands,HUMAN_OBSERVATION
51.75,5.7,2022,8,Netherlands,HUMAN_OBSERVATION
51.75,5.7,2022,8,Netherlands,HUMAN_OBSERVATION
51.75,5.7,2022,8,Netherlands,HUMAN_OBSERVATION
51.75,5.7,2022,9,Netherlands,HUMAN_OBSERVATION
51.75,5.7,2022,9,Netherlands,HUMAN_OBSERVATION
51.75,5.7,2021,3,Netherlands,HUMAN_OBSERVATION
51.75,5.7,2021,12,Netherlands,HUMAN_OBSERVATION
51.75,5.7,2021,12,Netherlands,HUMAN_OBSERVATION
51.75,5.8,2023,9,Netherlands,HUMAN_OBSERVATION
51.75,5.8,2020,4,Netherlands,HUMAN_OBSERVATION
51.75,5.83,2020,6,Netherlands,HUMAN_OBSERVATION
51.75,5.83,2020,6,Netherlands,HUMAN_OBSERVATION
51.75,5.85,2023,9,Netherlands,HUMAN_OBSERVATION
51.75,5.85,2023,9,Netherlands,HUMAN_OBSERVATION
51.76,5.85,2020,5,Netherlands,HUMAN_OBSERVATION
51.8,4,2024,10,Netherlands,HUMAN_OBSERVATION
51.8,4,2023,6,Netherlands,HUMAN_OBSERVATION
51.8,4,2023,6,Netherlands,HUMAN_OBSERVATION
51.8,4,2022,3,Netherlands,HUMAN_OBSERVATION
51.8,4.05,2023,9,Netherlands,HUMAN_OBSERVATION
51.8,4.05,2022,7,Netherlands,HUMAN_OBSERVATION
51.8,4.05,2022,7,Netherlands,HUMAN_OBSERVATION
51.8,4.05,2022,10,Netherlands,HUMAN_OBSERVATION
51.8,4.05,2021,9,Netherlands,HUMAN_OBSERVATION
51.8,4.05,2021,9,Netherlands,HUMAN_OBSERVATION
51.8,4.05,2020,5,Netherlands,HUMAN_OBSERVATION
51.8,4.05,2020,5,Netherlands,HUMAN_OBSERVATION
51.8,4.25,2023,8,Netherlands,HUMAN_OBSERVATION
51.8,4.25,2022,5,Netherlands,HUMAN_OBSERVATION
51.8,4.28,2020,4,Netherlands,HUMAN_OBSERVATION
51.8,4.28,2020,4,Netherlands,HUMAN_OBSERVATION
51.8,4.28,2020,4,Netherlands,HUMAN_OBSERVATION
51.8,4.3,2024,4,Netherlands,HUMAN_OBSERVATION
51.8,4.3,2024,6,Netherlands,HUMAN_OBSERVATION
51.8,4.3,2023,7,Netherlands,HUMAN_OBSERVATION
51.8,4.3,2023,7,Netherlands,HUMAN_OBSERVATION
51.8,4.3,2021,9,Netherlands,HUMAN_OBSERVATION
51.8,4.35,2023,8,Netherlands,HUMAN_OBSERVATION
51.8,4.35,2023,8,Netherlands,HUMAN_OBSERVATION
51.8,4.35,2023,8,Netherlands,HUMAN_OBSERVATION
51.8,4.4,2024,2,Netherlands,HUMAN_OBSERVATION
51.8,4.4,2024,3,Netherlands,HUMAN_OBSERVATION
51.8,4.4,2024,4,Netherlands,HUMAN_OBSERVATION
51.8,4.4,2024,4,Netherlands,HUMAN_OBSERVATION
51.8,4.4,2024,5,Netherlands,HUMAN_OBSERVATION
51.8,4.4,2024,5,Netherlands,HUMAN_OBSERVATION
51.8,4.4,2024,5,Netherlands,HUMAN_OBSERVATION
51.8,4.4,2024,6,Netherlands,HUMAN_OBSERVATION
51.8,4.55,2025,4,Netherlands,HUMAN_OBSERVATION
51.8,4.55,2022,9,Netherlands,HUMAN_OBSERVATION
51.8,4.55,2020,5,Netherlands,HUMAN_OBSERVATION
51.8,4.6,2024,8,Netherlands,HUMAN_OBSERVATION
51.8,4.6,2021,8,Netherlands,HUMAN_OBSERVATION
51.8,4.65,2024,3,Netherlands,HUMAN_OBSERVATION
51.8,4.65,2024,5,Netherlands,HUMAN_OBSERVATION
51.8,4.65,2021,11,Netherlands,HUMAN_OBSERVATION
51.8,4.65,2020,4,Netherlands,HUMAN_OBSERVATION
51.8,4.65,2020,4,Netherlands,HUMAN_OBSERVATION
51.8,4.85,2024,5,Netherlands,HUMAN_OBSERVATION
51.8,4.85,2023,9,Netherlands,HUMAN_OBSERVATION
51.8,4.85,2023,9,Netherlands,HUMAN_OBSERVATION
51.8,4.9,2023,9,Netherlands,HUMAN_OBSERVATION
51.8,4.95,2024,8,Netherlands,HUMAN_OBSERVATION
51.8,5.1,2023,1,Netherlands,HUMAN_OBSERVATION
51.8,5.1,2023,9,Netherlands,HUMAN_OBSERVATION
51.8,5.1,2023,9,Netherlands,HUMAN_OBSERVATION
51.8,5.2,2021,3,Netherlands,HUMAN_OBSERVATION
51.8,5.25,2021,9,Netherlands,HUMAN_OBSERVATION
51.8,5.3,2024,6,Netherlands,HUMAN_OBSERVATION
51.8,5.3,2024,6,Netherlands,HUMAN_OBSERVATION
51.8,5.3,2023,1,Netherlands,HUMAN_OBSERVATION
51.8,5.3,2023,1,Netherlands,HUMAN_OBSERVATION
51.8,5.3,2023,1,Netherlands,HUMAN_OBSERVATION
51.8,5.3,2023,2,Netherlands,HUMAN_OBSERVATION
51.8,5.3,2022,12,Netherlands,HUMAN_OBSERVATION
51.8,5.3,2021,4,Netherlands,HUMAN_OBSERVATION
51.8,5.35,2024,4,Netherlands,HUMAN_OBSERVATION
51.8,5.35,2024,6,Netherlands,HUMAN_OBSERVATION
51.8,5.35,2021,8,Netherlands,HUMAN_OBSERVATION
51.8,5.35,2021,10,Netherlands,HUMAN_OBSERVATION
51.8,5.35,2021,10,Netherlands,HUMAN_OBSERVATION
51.8,5.4,2021,5,Netherlands,HUMAN_OBSERVATION
51.8,5.4,2021,5,Netherlands,HUMAN_OBSERVATION
51.8,5.4,2021,12,Netherlands,HUMAN_OBSERVATION
51.8,5.45,2025,3,Netherlands,HUMAN_OBSERVATION
51.8,5.45,2025,5,Netherlands,HUMAN_OBSERVATION
51.8,5.45,2024,2,Netherlands,HUMAN_OBSERVATION
51.8,5.45,2022,1,Netherlands,HUMAN_OBSERVATION
51.8,5.45,2022,3,Netherlands,HUMAN_OBSERVATION
51.8,5.45,2020,4,Netherlands,HUMAN_OBSERVATION
51.8,5.45,2020,4,Netherlands,HUMAN_OBSERVATION
51.8,5.5,2023,7,Netherlands,HUMAN_OBSERVATION
51.8,5.5,2023,8,Netherlands,HUMAN_OBSERVATION
51.8,5.55,2024,7,Netherlands,HUMAN_OBSERVATION
51.8,5.55,2021,1,Netherlands,HUMAN_OBSERVATION
51.8,5.6,2024,12,Netherlands,HUMAN_OBSERVATION
51.8,5.6,2024,12,Netherlands,HUMAN_OBSERVATION
51.8,5.6,2024,12,Netherlands,HUMAN_OBSERVATION
51.8,5.6,2022,1,Netherlands,HUMAN_OBSERVATION
51.8,5.6,2022,1,Netherlands,HUMAN_OBSERVATION
51.8,5.6,2022,1,Netherlands,HUMAN_OBSERVATION
51.8,5.6,2022,1,Netherlands,HUMAN_OBSERVATION
51.8,5.6,2021,5,Netherlands,HUMAN_OBSERVATION
51.8,5.65,2025,5,Netherlands,HUMAN_OBSERVATION
51.8,5.65,2025,5,Netherlands,HUMAN_OBSERVATION
51.8,5.65,2021,1,Netherlands,HUMAN_OBSERVATION
51.8,5.75,2023,8,Netherlands,HUMAN_OBSERVATION
51.8,5.8,2024,1,Netherlands,HUMAN_OBSERVATION
51.8,5.8,2024,1,Netherlands,HUMAN_OBSERVATION
51.8,5.8,2024,1,Netherlands,HUMAN_OBSERVATION
51.8,5.8,2024,1,Netherlands,HUMAN_OBSERVATION
51.8,5.8,2024,1,Netherlands,HUMAN_OBSERVATION
51.8,5.8,2024,1,Netherlands,HUMAN_OBSERVATION
51.8,5.8,2024,1,Netherlands,HUMAN_OBSERVATION
51.8,5.8,2024,1,Netherlands,HUMAN_OBSERVATION
51.8,5.8,2024,5,Netherlands,HUMAN_OBSERVATION
51.8,5.8,2024,5,Netherlands,HUMAN_OBSERVATION
51.8,5.8,2024,5,Netherlands,HUMAN_OBSERVATION
51.8,5.8,2024,5,Netherlands,HUMAN_OBSERVATION
51.8,5.8,2024,5,Netherlands,HUMAN_OBSERVATION
51.8,5.8,2023,8,Netherlands,HUMAN_OBSERVATION
51.8,5.8,2023,9,Netherlands,HUMAN_OBSERVATION
51.8,5.8,2023,9,Netherlands,HUMAN_OBSERVATION
51.8,5.85,2025,4,Netherlands,HUMAN_OBSERVATION
51.8,5.85,2025,4,Netherlands,HUMAN_OBSERVATION
51.8,5.85,2024,2,Netherlands,HUMAN_OBSERVATION
51.8,5.85,2024,4,Netherlands,HUMAN_OBSERVATION
51.8,5.85,2024,4,Netherlands,HUMAN_OBSERVATION
51.8,5.85,2024,5,Netherlands,HUMAN_OBSERVATION
51.8,5.85,2024,5,Netherlands,HUMAN_OBSERVATION
51.8,5.85,2024,5,Netherlands,HUMAN_OBSERVATION
51.8,5.85,2024,6,Netherlands,HUMAN_OBSERVATION
51.8,5.85,2024,9,Netherlands,HUMAN_OBSERVATION
51.8,5.85,2024,9,Netherlands,HUMAN_OBSERVATION
51.8,5.85,2024,10,Netherlands,HUMAN_OBSERVATION
51.8,5.85,2024,10,Netherlands,HUMAN_OBSERVATION
51.8,5.85,2024,11,Netherlands,HUMAN_OBSERVATION
51.8,5.85,2023,1,Netherlands,HUMAN_OBSERVATION
51.8,5.85,2023,4,Netherlands,HUMAN_OBSERVATION
51.8,5.85,2023,7,Netherlands,HUMAN_OBSERVATION
51.8,5.85,2023,7,Netherlands,HUMAN_OBSERVATION
51.8,5.85,2023,8,Netherlands,HUMAN_OBSERVATION
51.8,5.85,2023,8,Netherlands,HUMAN_OBSERVATION
51.8,5.85,2023,9,Netherlands,HUMAN_OBSERVATION
51.8,5.85,2023,9,Netherlands,HUMAN_OBSERVATION
51.8,5.85,2023,10,Netherlands,HUMAN_OBSERVATION
51.8,5.85,2022,3,Netherlands,HUMAN_OBSERVATION
51.8,5.85,2022,3,Netherlands,HUMAN_OBSERVATION
51.8,5.85,2022,4,Netherlands,HUMAN_OBSERVATION
51.8,5.85,2021,4,Netherlands,HUMAN_OBSERVATION
51.8,5.85,2021,9,Netherlands,HUMAN_OBSERVATION
51.8,5.9,2021,2,Netherlands,HUMAN_OBSERVATION
51.8,5.95,2022,10,Netherlands,HUMAN_OBSERVATION
51.8,6.1,2024,7,Netherlands,HUMAN_OBSERVATION
51.804889,-8.300418,2024,10,Ireland,HUMAN_OBSERVATION
51.811,6.2881,2020,4,Germany,HUMAN_OBSERVATION
51.82,4.45,2022,8,Netherlands,HUMAN_OBSERVATION
51.820534,7.227902,2024,5,Germany,HUMAN_OBSERVATION
51.820629,7.22785,2024,5,Germany,HUMAN_OBSERVATION
51.820912,6.240985,2022,1,Germany,HUMAN_OBSERVATION
51.821418,7.226287,2023,9,Germany,HUMAN_OBSERVATION
51.848539,6.476495,2022,7,Germany,HUMAN_OBSERVATION
51.85,4.2,2024,3,Netherlands,HUMAN_OBSERVATION
51.85,4.2,2023,9,Netherlands,HUMAN_OBSERVATION
51.85,4.55,2024,10,Netherlands,HUMAN_OBSERVATION
51.85,4.55,2024,10,Netherlands,HUMAN_OBSERVATION
51.85,4.6,2022,7,Netherlands,HUMAN_OBSERVATION
51.85,4.6,2022,8,Netherlands,HUMAN_OBSERVATION
51.85,4.7,2021,5,Netherlands,HUMAN_OBSERVATION
51.85,4.95,2023,4,Netherlands,HUMAN_OBSERVATION
51.85,4.95,2022,8,Netherlands,HUMAN_OBSERVATION
51.85,5.1,2024,7,Netherlands,HUMAN_OBSERVATION
51.85,5.2,2021,1,Netherlands,HUMAN_OBSERVATION
51.85,5.25,2023,7,Netherlands,HUMAN_OBSERVATION
51.85,5.4,2022,3,Netherlands,HUMAN_OBSERVATION
51.85,5.4,2022,5,Netherlands,HUMAN_OBSERVATION
51.85,5.4,2021,12,Netherlands,HUMAN_OBSERVATION
51.85,5.5,2024,5,Netherlands,HUMAN_OBSERVATION
51.85,5.5,2024,6,Netherlands,HUMAN_OBSERVATION
51.85,5.5,2023,8,Netherlands,HUMAN_OBSERVATION
51.85,5.5,2023,8,Netherlands,HUMAN_OBSERVATION
51.85,5.5,2023,9,Netherlands,HUMAN_OBSERVATION
51.85,5.5,2023,9,Netherlands,HUMAN_OBSERVATION
51.85,5.5,2023,9,Netherlands,HUMAN_OBSERVATION
51.85,5.5,2023,9,Netherlands,HUMAN_OBSERVATION
51.85,5.5,2022,11,Netherlands,HUMAN_OBSERVATION
51.85,5.6,2022,12,Netherlands,HUMAN_OBSERVATION
51.85,5.65,2025,2,Netherlands,HUMAN_OBSERVATION
51.85,5.65,2025,2,Netherlands,HUMAN_OBSERVATION
51.85,5.65,2023,1,Netherlands,HUMAN_OBSERVATION
51.85,5.65,2023,10,Netherlands,HUMAN_OBSERVATION
51.85,5.65,2023,10,Netherlands,HUMAN_OBSERVATION
51.85,5.75,2023,9,Netherlands,HUMAN_OBSERVATION
51.85,5.75,2022,5,Netherlands,HUMAN_OBSERVATION
51.85,5.75,2021,6,Netherlands,HUMAN_OBSERVATION
51.85,5.75,2021,6,Netherlands,HUMAN_OBSERVATION
51.85,5.8,2024,9,Netherlands,HUMAN_OBSERVATION
51.85,5.8,2024,9,Netherlands,HUMAN_OBSERVATION
51.85,5.8,2024,9,Netherlands,HUMAN_OBSERVATION
51.85,5.8,2024,9,Netherlands,HUMAN_OBSERVATION
51.85,5.8,2023,9,Netherlands,HUMAN_OBSERVATION
51.85,5.8,2022,7,Netherlands,HUMAN_OBSERVATION
51.85,5.8,2022,9,Netherlands,HUMAN_OBSERVATION
51.85,5.85,2024,3,Netherlands,HUMAN_OBSERVATION
51.85,5.85,2024,5,Netherlands,HUMAN_OBSERVATION
51.85,5.85,2024,9,Netherlands,HUMAN_OBSERVATION
51.85,5.85,2024,9,Netherlands,HUMAN_OBSERVATION
51.85,5.85,2024,9,Netherlands,HUMAN_OBSERVATION
51.85,5.85,2024,9,Netherlands,HUMAN_OBSERVATION
51.85,5.85,2024,9,Netherlands,HUMAN_OBSERVATION
51.85,5.85,2024,9,Netherlands,HUMAN_OBSERVATION
51.85,5.85,2024,10,Netherlands,HUMAN_OBSERVATION
51.85,5.85,2024,10,Netherlands,HUMAN_OBSERVATION
51.85,5.85,2024,10,Netherlands,HUMAN_OBSERVATION
51.85,5.85,2023,8,Netherlands,HUMAN_OBSERVATION
51.85,5.85,2023,9,Netherlands,HUMAN_OBSERVATION
51.85,5.85,2023,9,Netherlands,HUMAN_OBSERVATION
51.85,5.85,2023,9,Netherlands,HUMAN_OBSERVATION
51.85,5.85,2023,9,Netherlands,HUMAN_OBSERVATION
51.85,5.85,2023,9,Netherlands,HUMAN_OBSERVATION
51.85,5.85,2023,9,Netherlands,HUMAN_OBSERVATION
51.85,5.85,2023,10,Netherlands,HUMAN_OBSERVATION
51.85,5.85,2023,10,Netherlands,HUMAN_OBSERVATION
51.85,5.85,2023,10,Netherlands,HUMAN_OBSERVATION
51.85,5.85,2023,10,Netherlands,HUMAN_OBSERVATION
51.85,5.85,2023,10,Netherlands,HUMAN_OBSERVATION
51.85,5.85,2022,6,Netherlands,HUMAN_OBSERVATION
51.85,5.85,2022,6,Netherlands,HUMAN_OBSERVATION
51.85,5.85,2022,8,Netherlands,HUMAN_OBSERVATION
51.85,5.85,2022,9,Netherlands,HUMAN_OBSERVATION
51.85,5.85,2022,9,Netherlands,HUMAN_OBSERVATION
51.85,5.9,2022,6,Netherlands,HUMAN_OBSERVATION
51.85,5.9,2022,6,Netherlands,HUMAN_OBSERVATION
51.85,5.9,2022,6,Netherlands,HUMAN_OBSERVATION
51.85,5.9,2022,6,Netherlands,HUMAN_OBSERVATION
51.85,5.9,2021,8,Netherlands,HUMAN_OBSERVATION
51.85,5.9,2021,8,Netherlands,HUMAN_OBSERVATION
51.85,5.9,2021,8,Netherlands,HUMAN_OBSERVATION
51.85,5.9,2021,8,Netherlands,HUMAN_OBSERVATION
51.85,5.95,2024,8,Netherlands,HUMAN_OBSERVATION
51.85,5.95,2024,8,Netherlands,HUMAN_OBSERVATION
51.85,5.95,2024,8,Netherlands,HUMAN_OBSERVATION
51.85,5.95,2024,8,Netherlands,HUMAN_OBSERVATION
51.85,5.95,2023,7,Netherlands,HUMAN_OBSERVATION
51.85,5.95,2022,6,Netherlands,HUMAN_OBSERVATION
51.85,6,2025,4,Netherlands,HUMAN_OBSERVATION
51.85,6,2025,4,Netherlands,HUMAN_OBSERVATION
51.85,6,2025,5,Netherlands,HUMAN_OBSERVATION
51.85,6,2022,8,Netherlands,HUMAN_OBSERVATION
51.85,6,2021,10,Netherlands,HUMAN_OBSERVATION
51.85,6.05,2022,4,Netherlands,HUMAN_OBSERVATION
51.85,6.05,2022,4,Netherlands,HUMAN_OBSERVATION
51.85,6.05,2022,6,Netherlands,HUMAN_OBSERVATION
51.85,6.05,2022,6,Netherlands,HUMAN_OBSERVATION
51.85,6.35,2022,11,Netherlands,HUMAN_OBSERVATION
51.85,6.35,2022,11,Netherlands,HUMAN_OBSERVATION
51.85,6.35,2021,1,Netherlands,HUMAN_OBSERVATION
51.85,6.35,2021,1,Netherlands,HUMAN_OBSERVATION
51.85,6.4,2025,2,Netherlands,HUMAN_OBSERVATION
51.85,6.4,2025,2,Netherlands,HUMAN_OBSERVATION
51.85,6.4,2024,3,Netherlands,HUMAN_OBSERVATION
51.85,6.4,2024,4,Netherlands,HUMAN_OBSERVATION
51.85,6.4,2024,4,Netherlands,HUMAN_OBSERVATION
51.85,6.4,2024,5,Netherlands,HUMAN_OBSERVATION
51.85,6.4,2024,5,Netherlands,HUMAN_OBSERVATION
51.85,6.4,2024,5,Netherlands,HUMAN_OBSERVATION
51.85,6.4,2024,8,Netherlands,HUMAN_OBSERVATION
51.85,6.4,2024,8,Netherlands,HUMAN_OBSERVATION
51.85,6.4,2024,8,Netherlands,HUMAN_OBSERVATION
51.85,6.4,2024,8,Netherlands,HUMAN_OBSERVATION
51.85,6.4,2024,8,Netherlands,HUMAN_OBSERVATION
51.85,6.4,2024,10,Netherlands,HUMAN_OBSERVATION
51.85,6.4,2024,10,Netherlands,HUMAN_OBSERVATION
51.85,6.4,2022,11,Netherlands,HUMAN_OBSERVATION
51.85,6.4,2022,11,Netherlands,HUMAN_OBSERVATION
51.85,6.4,2021,1,Netherlands,HUMAN_OBSERVATION
51.85,6.4,2021,12,Netherlands,HUMAN_OBSERVATION
51.85,6.45,2024,3,Netherlands,HUMAN_OBSERVATION
51.85,6.45,2024,3,Netherlands,HUMAN_OBSERVATION
51.85,6.45,2024,4,Netherlands,HUMAN_OBSERVATION
51.85,6.45,2021,1,Netherlands,HUMAN_OBSERVATION
51.853654,6.473157,2022,2,Germany,HUMAN_OBSERVATION
51.853733,6.472791,2022,11,Germany,HUMAN_OBSERVATION
51.853802,6.471261,2022,11,Germany,HUMAN_OBSERVATION
51.860332,5.990447,2024,8,Netherlands,HUMAN_OBSERVATION
51.892112,5.655873,2023,10,Netherlands,HUMAN_OBSERVATION
51.894644,7.643361,2024,4,Germany,HUMAN_OBSERVATION
51.895185,5.785372,2022,10,Netherlands,HUMAN_OBSERVATION
51.9,4,2024,5,Netherlands,HUMAN_OBSERVATION
51.9,4,2024,7,Netherlands,HUMAN_OBSERVATION
51.9,4,2024,7,Netherlands,HUMAN_OBSERVATION
51.9,4,2024,7,Netherlands,HUMAN_OBSERVATION
51.9,4,2023,9,Netherlands,HUMAN_OBSERVATION
51.9,4,2023,9,Netherlands,HUMAN_OBSERVATION
51.9,4,2020,6,Netherlands,HUMAN_OBSERVATION
51.9,4.05,2023,4,Netherlands,HUMAN_OBSERVATION
51.9,4.05,2022,5,Netherlands,HUMAN_OBSERVATION
51.9,4.05,2021,5,Netherlands,HUMAN_OBSERVATION
51.9,4.05,2020,1,Netherlands,HUMAN_OBSERVATION
51.9,4.1,2025,5,Netherlands,HUMAN_OBSERVATION
51.9,4.1,2020,3,Netherlands,HUMAN_OBSERVATION
51.9,4.15,2023,9,Netherlands,HUMAN_OBSERVATION
51.9,4.15,2023,10,Netherlands,HUMAN_OBSERVATION
51.9,4.15,2023,10,Netherlands,HUMAN_OBSERVATION
51.9,4.2,2023,8,Netherlands,HUMAN_OBSERVATION
51.9,4.2,2023,8,Netherlands,HUMAN_OBSERVATION
51.9,4.25,2025,3,Netherlands,HUMAN_OBSERVATION
51.9,4.25,2024,5,Netherlands,HUMAN_OBSERVATION
51.9,4.25,2023,3,Netherlands,HUMAN_OBSERVATION
51.9,4.3,2024,9,Netherlands,HUMAN_OBSERVATION
51.9,4.4,2025,5,Netherlands,HUMAN_OBSERVATION
51.9,4.5,2022,8,Netherlands,HUMAN_OBSERVATION
51.9,4.5,2022,8,Netherlands,HUMAN_OBSERVATION
51.9,4.55,2025,4,Netherlands,HUMAN_OBSERVATION
51.9,4.6,2025,5,Netherlands,HUMAN_OBSERVATION
51.9,4.75,2024,10,Netherlands,HUMAN_OBSERVATION
51.9,4.8,2021,6,Netherlands,HUMAN_OBSERVATION
51.9,4.95,2021,7,Netherlands,HUMAN_OBSERVATION
51.9,4.95,2021,7,Netherlands,HUMAN_OBSERVATION
51.9,5,2023,6,Netherlands,HUMAN_OBSERVATION
51.9,5.5,2022,6,Netherlands,HUMAN_OBSERVATION
51.9,5.6,2024,7,Netherlands,HUMAN_OBSERVATION
51.9,5.6,2024,7,Netherlands,HUMAN_OBSERVATION
51.9,5.6,2024,7,Netherlands,HUMAN_OBSERVATION
51.9,5.6,2024,8,Netherlands,HUMAN_OBSERVATION
51.9,5.61,2022,5,Netherlands,HUMAN_OBSERVATION
51.9,5.61,2022,6,Netherlands,HUMAN_OBSERVATION
51.9,5.61,2021,9,Netherlands,HUMAN_OBSERVATION
51.9,5.61,2021,9,Netherlands,HUMAN_OBSERVATION
51.9,5.65,2024,10,Netherlands,HUMAN_OBSERVATION
51.9,5.65,2022,11,Netherlands,HUMAN_OBSERVATION
51.9,5.65,2021,9,Netherlands,HUMAN_OBSERVATION
51.9,5.8,2023,6,Netherlands,HUMAN_OBSERVATION
51.9,5.85,2024,5,Netherlands,HUMAN_OBSERVATION
51.9,5.85,2024,6,Netherlands,HUMAN_OBSERVATION
51.9,5.85,2024,6,Netherlands,HUMAN_OBSERVATION
51.9,5.85,2024,6,Netherlands,HUMAN_OBSERVATION
51.9,5.85,2024,11,Netherlands,HUMAN_OBSERVATION
51.9,5.85,2024,11,Netherlands,HUMAN_OBSERVATION
51.9,5.85,2023,6,Netherlands,HUMAN_OBSERVATION
51.9,5.85,2022,1,Netherlands,HUMAN_OBSERVATION
51.9,5.85,2021,1,Netherlands,HUMAN_OBSERVATION
51.9,5.95,2025,5,Netherlands,HUMAN_OBSERVATION
51.9,5.95,2025,5,Netherlands,HUMAN_OBSERVATION
51.9,5.95,2024,9,Netherlands,HUMAN_OBSERVATION
51.9,5.95,2024,9,Netherlands,HUMAN_OBSERVATION
51.9,5.95,2024,9,Netherlands,HUMAN_OBSERVATION
51.9,5.95,2024,9,Netherlands,HUMAN_OBSERVATION
51.9,5.95,2024,11,Netherlands,HUMAN_OBSERVATION
51.9,5.95,2023,5,Netherlands,HUMAN_OBSERVATION
51.9,5.95,2021,10,Netherlands,HUMAN_OBSERVATION
51.9,6,2021,9,Netherlands,HUMAN_OBSERVATION
51.904416,9.409836,2024,7,Germany,HUMAN_OBSERVATION
51.91,4.54,2021,8,Netherlands,HUMAN_OBSERVATION
51.93,5.76,2024,9,Netherlands,HUMAN_OBSERVATION
51.93,5.83,2024,9,Netherlands,HUMAN_OBSERVATION
51.93,5.83,2024,9,Netherlands,HUMAN_OBSERVATION
51.93,5.83,2024,11,Netherlands,HUMAN_OBSERVATION
51.93,5.83,2024,11,Netherlands,HUMAN_OBSERVATION
51.93,5.83,2023,5,Netherlands,HUMAN_OBSERVATION
51.93,5.83,2023,5,Netherlands,HUMAN_OBSERVATION
51.93,5.84,2023,5,Netherlands,HUMAN_OBSERVATION
51.93,5.88,2023,5,Netherlands,HUMAN_OBSERVATION
51.93,5.88,2023,9,Netherlands,HUMAN_OBSERVATION
51.95,4.1,2020,6,Netherlands,HUMAN_OBSERVATION
51.95,4.4,2022,6,Netherlands,HUMAN_OBSERVATION
51.95,4.55,2024,7,Netherlands,HUMAN_OBSERVATION
51.95,4.6,2024,8,Netherlands,HUMAN_OBSERVATION
51.95,4.6,2023,7,Netherlands,HUMAN_OBSERVATION
51.95,4.95,2023,2,Netherlands,HUMAN_OBSERVATION
51.95,4.95,2023,8,Netherlands,HUMAN_OBSERVATION
51.95,5.1,2024,4,Netherlands,HUMAN_OBSERVATION
51.95,5.15,2024,8,Netherlands,HUMAN_OBSERVATION
51.95,5.15,2023,12,Netherlands,HUMAN_OBSERVATION
51.95,5.2,2024,5,Netherlands,HUMAN_OBSERVATION
51.95,5.2,2023,8,Netherlands,HUMAN_OBSERVATION
51.95,5.2,2022,8,Netherlands,HUMAN_OBSERVATION
51.95,5.2,2021,8,Netherlands,HUMAN_OBSERVATION
51.95,5.3,2025,5,Netherlands,HUMAN_OBSERVATION
51.95,5.3,2023,8,Netherlands,HUMAN_OBSERVATION
51.95,5.3,2022,1,Netherlands,HUMAN_OBSERVATION
51.95,5.35,2024,8,Netherlands,HUMAN_OBSERVATION
51.95,5.35,2024,8,Netherlands,HUMAN_OBSERVATION
51.95,5.36,2020,6,Netherlands,HUMAN_OBSERVATION
51.95,5.4,2024,5,Netherlands,HUMAN_OBSERVATION
51.95,5.4,2024,8,Netherlands,HUMAN_OBSERVATION
51.95,5.4,2024,8,Netherlands,HUMAN_OBSERVATION
51.95,5.4,2024,9,Netherlands,HUMAN_OBSERVATION
51.95,5.45,2023,8,Netherlands,HUMAN_OBSERVATION
51.95,5.45,2023,9,Netherlands,HUMAN_OBSERVATION
51.95,5.45,2023,9,Netherlands,HUMAN_OBSERVATION
51.95,5.45,2021,12,Netherlands,HUMAN_OBSERVATION
51.95,5.5,2023,9,Netherlands,HUMAN_OBSERVATION
51.95,5.5,2023,9,Netherlands,HUMAN_OBSERVATION
51.95,5.6,2025,6,Netherlands,HUMAN_OBSERVATION
51.95,5.6,2024,9,Netherlands,HUMAN_OBSERVATION
51.95,5.6,2022,9,Netherlands,HUMAN_OBSERVATION
51.95,5.6,2021,12,Netherlands,HUMAN_OBSERVATION
51.95,5.65,2024,9,Netherlands,HUMAN_OBSERVATION
51.95,5.65,2024,9,Netherlands,HUMAN_OBSERVATION
51.95,5.65,2024,9,Netherlands,HUMAN_OBSERVATION
51.95,5.65,2024,9,Netherlands,HUMAN_OBSERVATION
51.95,5.65,2024,10,Netherlands,HUMAN_OBSERVATION
51.95,5.65,2024,11,Netherlands,HUMAN_OBSERVATION
51.95,5.65,2023,9,Netherlands,HUMAN_OBSERVATION
51.95,5.65,2023,9,Netherlands,HUMAN_OBSERVATION
51.95,5.65,2022,8,Netherlands,HUMAN_OBSERVATION
51.95,5.65,2022,9,Netherlands,HUMAN_OBSERVATION
51.95,5.65,2020,6,Netherlands,HUMAN_OBSERVATION
51.95,5.67,2024,9,Netherlands,HUMAN_OBSERVATION
51.95,5.7,2025,5,Netherlands,HUMAN_OBSERVATION
51.95,5.7,2025,5,Netherlands,HUMAN_OBSERVATION
51.95,5.7,2025,5,Netherlands,HUMAN_OBSERVATION
51.95,5.7,2024,6,Netherlands,HUMAN_OBSERVATION
51.95,5.7,2024,7,Netherlands,HUMAN_OBSERVATION
51.95,5.7,2024,9,Netherlands,HUMAN_OBSERVATION
51.95,5.7,2023,5,Netherlands,HUMAN_OBSERVATION
51.95,5.7,2023,8,Netherlands,HUMAN_OBSERVATION
51.95,5.7,2023,10,Netherlands,HUMAN_OBSERVATION
51.95,5.7,2022,7,Netherlands,HUMAN_OBSERVATION
51.95,5.7,2022,7,Netherlands,HUMAN_OBSERVATION
51.95,5.7,2022,8,Netherlands,HUMAN_OBSERVATION
51.95,5.75,2024,8,Netherlands,HUMAN_OBSERVATION
51.95,5.75,2022,7,Netherlands,HUMAN_OBSERVATION
51.95,5.8,2024,9,Netherlands,HUMAN_OBSERVATION
51.95,5.8,2024,9,Netherlands,HUMAN_OBSERVATION
51.95,5.8,2024,9,Netherlands,HUMAN_OBSERVATION
51.95,5.8,2024,9,Netherlands,HUMAN_OBSERVATION
51.95,5.8,2023,8,Netherlands,HUMAN_OBSERVATION
51.95,5.8,2022,9,Netherlands,HUMAN_OBSERVATION
51.95,5.8,2021,7,Netherlands,HUMAN_OBSERVATION
51.95,5.85,2025,3,Netherlands,HUMAN_OBSERVATION
51.95,5.85,2025,3,Netherlands,HUMAN_OBSERVATION
51.95,5.85,2025,3,Netherlands,HUMAN_OBSERVATION
51.95,5.85,2025,3,Netherlands,HUMAN_OBSERVATION
51.95,5.85,2025,3,Netherlands,HUMAN_OBSERVATION
51.95,5.85,2025,3,Netherlands,HUMAN_OBSERVATION
51.95,5.85,2024,5,Netherlands,HUMAN_OBSERVATION
51.95,5.85,2024,7,Netherlands,HUMAN_OBSERVATION
51.95,5.85,2024,7,Netherlands,HUMAN_OBSERVATION
51.95,5.85,2024,7,Netherlands,HUMAN_OBSERVATION
51.95,5.85,2024,7,Netherlands,HUMAN_OBSERVATION
51.95,5.85,2024,7,Netherlands,HUMAN_OBSERVATION
51.95,5.85,2024,7,Netherlands,HUMAN_OBSERVATION
51.95,5.85,2024,7,Netherlands,HUMAN_OBSERVATION
51.95,5.85,2024,7,Netherlands,HUMAN_OBSERVATION
51.95,5.85,2024,7,Netherlands,HUMAN_OBSERVATION
51.95,5.85,2024,7,Netherlands,HUMAN_OBSERVATION
51.95,5.85,2024,7,Netherlands,HUMAN_OBSERVATION
51.95,5.85,2024,7,Netherlands,HUMAN_OBSERVATION
51.95,5.85,2024,7,Netherlands,HUMAN_OBSERVATION
51.95,5.85,2024,7,Netherlands,HUMAN_OBSERVATION
51.95,5.85,2024,9,Netherlands,HUMAN_OBSERVATION
51.95,5.85,2024,9,Netherlands,HUMAN_OBSERVATION
51.95,5.85,2024,9,Netherlands,HUMAN_OBSERVATION
51.95,5.85,2024,9,Netherlands,HUMAN_OBSERVATION
51.95,5.85,2024,11,Netherlands,HUMAN_OBSERVATION
51.95,5.85,2024,11,Netherlands,HUMAN_OBSERVATION
51.95,5.85,2023,7,Netherlands,HUMAN_OBSERVATION
51.95,5.85,2023,7,Netherlands,HUMAN_OBSERVATION
51.95,5.85,2023,7,Netherlands,HUMAN_OBSERVATION
51.95,5.85,2023,11,Netherlands,HUMAN_OBSERVATION
51.95,5.85,2022,7,Netherlands,HUMAN_OBSERVATION
51.95,5.85,2022,7,Netherlands,HUMAN_OBSERVATION
51.95,5.85,2022,11,Netherlands,HUMAN_OBSERVATION
51.95,5.85,2021,12,Netherlands,HUMAN_OBSERVATION
51.95,5.87,2020,5,Netherlands,HUMAN_OBSERVATION
51.95,5.87,2020,6,Netherlands,HUMAN_OBSERVATION
51.95,5.89,2020,4,Netherlands,HUMAN_OBSERVATION
51.95,5.89,2020,5,Netherlands,HUMAN_OBSERVATION
51.95,5.9,2025,5,Netherlands,HUMAN_OBSERVATION
51.95,5.9,2025,5,Netherlands,HUMAN_OBSERVATION
51.95,5.9,2024,11,Netherlands,HUMAN_OBSERVATION
51.95,5.9,2024,11,Netherlands,HUMAN_OBSERVATION
51.95,5.9,2023,8,Netherlands,HUMAN_OBSERVATION
51.95,5.9,2023,8,Netherlands,HUMAN_OBSERVATION
51.95,5.9,2023,8,Netherlands,HUMAN_OBSERVATION
51.95,5.9,2023,9,Netherlands,HUMAN_OBSERVATION
51.95,5.9,2022,8,Netherlands,HUMAN_OBSERVATION
51.95,5.9,2022,8,Netherlands,HUMAN_OBSERVATION
51.95,5.9,2022,8,Netherlands,HUMAN_OBSERVATION
51.95,5.9,2022,8,Netherlands,HUMAN_OBSERVATION
51.95,5.9,2021,4,Netherlands,HUMAN_OBSERVATION
51.95,5.95,2024,3,Netherlands,HUMAN_OBSERVATION
51.95,5.95,2024,3,Netherlands,HUMAN_OBSERVATION
51.95,5.95,2024,7,Netherlands,HUMAN_OBSERVATION
51.95,5.95,2024,7,Netherlands,HUMAN_OBSERVATION
51.95,5.95,2023,8,Netherlands,HUMAN_OBSERVATION
51.95,5.95,2022,8,Netherlands,HUMAN_OBSERVATION
51.95,5.95,2022,8,Netherlands,HUMAN_OBSERVATION
51.95,6,2024,7,Netherlands,HUMAN_OBSERVATION
51.95,6,2022,8,Netherlands,HUMAN_OBSERVATION
51.95,6,2022,8,Netherlands,HUMAN_OBSERVATION
51.95,6,2021,9,Netherlands,HUMAN_OBSERVATION
51.95,6.05,2021,8,Netherlands,HUMAN_OBSERVATION
51.95,6.1,2022,8,Netherlands,HUMAN_OBSERVATION
51.95,6.1,2021,11,Netherlands,HUMAN_OBSERVATION
51.95,6.15,2024,12,Netherlands,HUMAN_OBSERVATION
51.95,6.15,2021,3,Netherlands,HUMAN_OBSERVATION
51.95,6.2,2024,8,Netherlands,HUMAN_OBSERVATION
51.95,6.2,2021,7,Netherlands,HUMAN_OBSERVATION
51.95,6.25,2024,8,Netherlands,HUMAN_OBSERVATION
51.95,6.25,2023,9,Netherlands,HUMAN_OBSERVATION
51.95,6.25,2023,9,Netherlands,HUMAN_OBSERVATION
51.95,6.25,2021,8,Netherlands,HUMAN_OBSERVATION
51.96,4.96,2022,12,Netherlands,HUMAN_OBSERVATION
51.96,5.8,2023,8,Netherlands,HUMAN_OBSERVATION
51.96,5.89,2020,5,Netherlands,HUMAN_OBSERVATION
51.96,5.94,2024,7,Netherlands,HUMAN_OBSERVATION
51.97,4.61,2021,8,Netherlands,HUMAN_OBSERVATION
51.97,5.38,2020,6,Netherlands,HUMAN_OBSERVATION
51.97,5.75,2023,9,Netherlands,HUMAN_OBSERVATION
51.97,5.83,2024,4,Netherlands,HUMAN_OBSERVATION
51.97,5.83,2024,5,Netherlands,HUMAN_OBSERVATION
51.97,5.85,2024,5,Netherlands,HUMAN_OBSERVATION
51.97,5.85,2024,5,Netherlands,HUMAN_OBSERVATION
51.97,5.85,2022,5,Netherlands,HUMAN_OBSERVATION
51.97,5.85,2020,5,Netherlands,HUMAN_OBSERVATION
51.97,5.87,2022,7,Netherlands,HUMAN_OBSERVATION
51.97,5.87,2022,7,Netherlands,HUMAN_OBSERVATION
51.97,5.87,2022,7,Netherlands,HUMAN_OBSERVATION
51.97,5.87,2022,7,Netherlands,HUMAN_OBSERVATION
51.97,5.87,2022,7,Netherlands,HUMAN_OBSERVATION
51.97,5.87,2022,7,Netherlands,HUMAN_OBSERVATION
51.97,5.87,2022,7,Netherlands,HUMAN_OBSERVATION
51.97,5.87,2022,7,Netherlands,HUMAN_OBSERVATION
51.97,5.87,2022,7,Netherlands,HUMAN_OBSERVATION
51.97,5.87,2022,7,Netherlands,HUMAN_OBSERVATION
51.97,5.87,2022,7,Netherlands,HUMAN_OBSERVATION
51.97,5.87,2022,7,Netherlands,HUMAN_OBSERVATION
51.97,5.87,2022,7,Netherlands,HUMAN_OBSERVATION
51.97,5.96,2022,10,Netherlands,HUMAN_OBSERVATION
51.975022,7.663975,2023,6,Germany,HUMAN_OBSERVATION
51.976581,7.6637,2022,8,Germany,HUMAN_OBSERVATION
51.98,5.43,2024,8,Netherlands,HUMAN_OBSERVATION
51.98,5.43,2024,8,Netherlands,HUMAN_OBSERVATION
51.98,5.43,2024,8,Netherlands,HUMAN_OBSERVATION
51.98,5.43,2024,8,Netherlands,HUMAN_OBSERVATION
51.98,5.43,2024,8,Netherlands,HUMAN_OBSERVATION
51.98,5.43,2024,8,Netherlands,HUMAN_OBSERVATION
51.98,5.43,2024,8,Netherlands,HUMAN_OBSERVATION
51.98,5.45,2021,6,Netherlands,HUMAN_OBSERVATION
51.98,6.01,2022,10,Netherlands,HUMAN_OBSERVATION
51.9965,47.467962,2021,8,Russian Federation,HUMAN_OBSERVATION
52,4.25,2024,7,Netherlands,HUMAN_OBSERVATION
52,4.25,2024,7,Netherlands,HUMAN_OBSERVATION
52,4.65,2022,4,Netherlands,HUMAN_OBSERVATION
52,4.65,2022,6,Netherlands,HUMAN_OBSERVATION
52,4.65,2021,7,Netherlands,HUMAN_OBSERVATION
52,4.65,2021,8,Netherlands,HUMAN_OBSERVATION
52,4.65,2020,4,Netherlands,HUMAN_OBSERVATION
52,4.7,2024,5,Netherlands,HUMAN_OBSERVATION
52,4.8,2024,6,Netherlands,HUMAN_OBSERVATION
52,4.8,2023,5,Netherlands,HUMAN_OBSERVATION
52,5,2024,11,Netherlands,HUMAN_OBSERVATION
52,5.05,2023,7,Netherlands,HUMAN_OBSERVATION
52,5.05,2021,10,Netherlands,HUMAN_OBSERVATION
52,5.1,2024,7,Netherlands,HUMAN_OBSERVATION
52,5.1,2022,9,Netherlands,HUMAN_OBSERVATION
52,5.25,2024,4,Netherlands,HUMAN_OBSERVATION
52,5.25,2021,8,Netherlands,HUMAN_OBSERVATION
52,5.5,2023,9,Netherlands,HUMAN_OBSERVATION
52,5.55,2023,9,Netherlands,HUMAN_OBSERVATION
52,5.55,2023,9,Netherlands,HUMAN_OBSERVATION
52,6.05,2022,5,Netherlands,HUMAN_OBSERVATION
52,6.1,2025,1,Netherlands,HUMAN_OBSERVATION
52,6.1,2025,2,Netherlands,HUMAN_OBSERVATION
52,6.1,2024,2,Netherlands,HUMAN_OBSERVATION
52,6.1,2024,3,Netherlands,HUMAN_OBSERVATION
52,6.1,2024,3,Netherlands,HUMAN_OBSERVATION
52,6.1,2024,3,Netherlands,HUMAN_OBSERVATION
52,6.1,2024,5,Netherlands,HUMAN_OBSERVATION
52,6.1,2024,5,Netherlands,HUMAN_OBSERVATION
52,6.1,2024,8,Netherlands,HUMAN_OBSERVATION
52,6.1,2024,12,Netherlands,HUMAN_OBSERVATION
52,6.1,2023,1,Netherlands,HUMAN_OBSERVATION
52,6.1,2023,1,Netherlands,HUMAN_OBSERVATION
52,6.1,2023,7,Netherlands,HUMAN_OBSERVATION
52,6.1,2022,2,Netherlands,HUMAN_OBSERVATION
52,6.1,2022,6,Netherlands,HUMAN_OBSERVATION
52,6.1,2022,6,Netherlands,HUMAN_OBSERVATION
52,6.1,2022,6,Netherlands,HUMAN_OBSERVATION
52,6.1,2022,6,Netherlands,HUMAN_OBSERVATION
52,6.1,2022,7,Netherlands,HUMAN_OBSERVATION
52,6.1,2022,9,Netherlands,HUMAN_OBSERVATION
52,6.1,2021,3,Netherlands,HUMAN_OBSERVATION
52,6.1,2021,4,Netherlands,HUMAN_OBSERVATION
52,6.1,2021,9,Netherlands,HUMAN_OBSERVATION
52,6.1,2021,10,Netherlands,HUMAN_OBSERVATION
52,6.1,2021,10,Netherlands,HUMAN_OBSERVATION
52,6.1,2021,11,Netherlands,HUMAN_OBSERVATION
52,6.15,2023,8,Netherlands,HUMAN_OBSERVATION
52,6.15,2021,12,Netherlands,HUMAN_OBSERVATION
52.01,5.59,2023,5,Netherlands,HUMAN_OBSERVATION
52.01,5.59,2023,5,Netherlands,HUMAN_OBSERVATION
52.01,5.59,2023,5,Netherlands,HUMAN_OBSERVATION
52.01,5.59,2023,5,Netherlands,HUMAN_OBSERVATION
52.01,5.59,2023,5,Netherlands,HUMAN_OBSERVATION
52.01,5.59,2023,5,Netherlands,HUMAN_OBSERVATION
52.01,6.05,2023,6,Netherlands,HUMAN_OBSERVATION
52.01,6.06,2023,3,Netherlands,HUMAN_OBSERVATION
52.023271,11.802579,2022,7,Germany,HUMAN_OBSERVATION
52.023414,11.802819,2021,11,Germany,HUMAN_OBSERVATION
52.04,4.94,2022,3,Netherlands,HUMAN_OBSERVATION
52.04,4.94,2022,4,Netherlands,HUMAN_OBSERVATION
52.04,4.94,2022,4,Netherlands,HUMAN_OBSERVATION
52.04,4.94,2022,6,Netherlands,HUMAN_OBSERVATION
52.04,4.94,2021,5,Netherlands,HUMAN_OBSERVATION
52.04,4.94,2021,8,Netherlands,HUMAN_OBSERVATION
52.04,4.94,2021,9,Netherlands,HUMAN_OBSERVATION
52.04,4.94,2020,5,Netherlands,HUMAN_OBSERVATION
52.05,4.25,2025,6,Netherlands,HUMAN_OBSERVATION
52.05,4.3,2021,6,Netherlands,HUMAN_OBSERVATION
52.05,4.35,2025,6,Netherlands,HUMAN_OBSERVATION
52.05,4.35,2024,9,Netherlands,HUMAN_OBSERVATION
52.05,4.4,2025,4,Netherlands,HUMAN_OBSERVATION
52.05,4.4,2022,8,Netherlands,HUMAN_OBSERVATION
52.05,4.5,2025,3,Netherlands,HUMAN_OBSERVATION
52.05,4.5,2025,3,Netherlands,HUMAN_OBSERVATION
52.05,4.5,2025,3,Netherlands,HUMAN_OBSERVATION
52.05,4.5,2025,3,Netherlands,HUMAN_OBSERVATION
52.05,4.5,2025,3,Netherlands,HUMAN_OBSERVATION
52.05,4.5,2025,3,Netherlands,HUMAN_OBSERVATION
52.05,4.5,2025,3,Netherlands,HUMAN_OBSERVATION
52.05,4.5,2025,3,Netherlands,HUMAN_OBSERVATION
52.05,4.5,2025,3,Netherlands,HUMAN_OBSERVATION
52.05,4.5,2025,3,Netherlands,HUMAN_OBSERVATION
52.05,4.5,2025,3,Netherlands,HUMAN_OBSERVATION
52.05,4.5,2025,3,Netherlands,HUMAN_OBSERVATION
52.05,4.5,2025,3,Netherlands,HUMAN_OBSERVATION
52.05,4.5,2025,3,Netherlands,HUMAN_OBSERVATION
52.05,4.5,2025,3,Netherlands,HUMAN_OBSERVATION
52.05,4.5,2025,3,Netherlands,HUMAN_OBSERVATION
52.05,4.5,2025,3,Netherlands,HUMAN_OBSERVATION
52.05,4.5,2025,3,Netherlands,HUMAN_OBSERVATION
52.05,4.5,2025,3,Netherlands,HUMAN_OBSERVATION
52.05,4.5,2025,3,Netherlands,HUMAN_OBSERVATION
52.05,4.5,2025,3,Netherlands,HUMAN_OBSERVATION
52.05,4.5,2025,3,Netherlands,HUMAN_OBSERVATION
52.05,4.5,2025,3,Netherlands,HUMAN_OBSERVATION
52.05,4.5,2025,3,Netherlands,HUMAN_OBSERVATION
52.05,4.5,2025,3,Netherlands,HUMAN_OBSERVATION
52.05,4.5,2023,9,Netherlands,HUMAN_OBSERVATION
52.05,4.5,2021,7,Netherlands,HUMAN_OBSERVATION
52.05,4.65,2025,2,Netherlands,HUMAN_OBSERVATION
52.05,4.65,2025,2,Netherlands,HUMAN_OBSERVATION
52.05,4.65,2025,2,Netherlands,HUMAN_OBSERVATION
52.05,4.65,2025,2,Netherlands,HUMAN_OBSERVATION
52.05,4.85,2024,5,Netherlands,HUMAN_OBSERVATION
52.05,4.85,2023,6,Netherlands,HUMAN_OBSERVATION
52.05,4.85,2022,9,Netherlands,HUMAN_OBSERVATION
52.05,4.85,2021,8,Netherlands,HUMAN_OBSERVATION
52.05,4.95,2022,3,Netherlands,HUMAN_OBSERVATION
52.05,5,2022,5,Netherlands,HUMAN_OBSERVATION
52.05,5.05,2024,7,Netherlands,HUMAN_OBSERVATION
52.05,5.1,2024,4,Netherlands,HUMAN_OBSERVATION
52.05,5.1,2024,7,Netherlands,HUMAN_OBSERVATION
52.05,5.1,2024,7,Netherlands,HUMAN_OBSERVATION
52.05,5.1,2024,7,Netherlands,HUMAN_OBSERVATION
52.05,5.1,2024,7,Netherlands,HUMAN_OBSERVATION
52.05,5.1,2022,5,Netherlands,HUMAN_OBSERVATION
52.05,5.1,2022,6,Netherlands,HUMAN_OBSERVATION
52.05,5.1,2021,4,Netherlands,HUMAN_OBSERVATION
52.05,5.1,2021,5,Netherlands,HUMAN_OBSERVATION
52.05,5.15,2025,2,Netherlands,HUMAN_OBSERVATION
52.05,5.15,2025,2,Netherlands,HUMAN_OBSERVATION
52.05,5.15,2024,4,Netherlands,HUMAN_OBSERVATION
52.05,5.15,2024,4,Netherlands,HUMAN_OBSERVATION
52.05,5.15,2024,4,Netherlands,HUMAN_OBSERVATION
52.05,5.15,2023,1,Netherlands,HUMAN_OBSERVATION
52.05,5.15,2023,1,Netherlands,HUMAN_OBSERVATION
52.05,5.15,2023,2,Netherlands,HUMAN_OBSERVATION
52.05,5.15,2023,2,Netherlands,HUMAN_OBSERVATION
52.05,5.15,2023,2,Netherlands,HUMAN_OBSERVATION
52.05,5.15,2023,2,Netherlands,HUMAN_OBSERVATION
52.05,5.15,2023,3,Netherlands,HUMAN_OBSERVATION
52.05,5.15,2022,4,Netherlands,HUMAN_OBSERVATION
52.05,5.15,2022,4,Netherlands,HUMAN_OBSERVATION
52.05,5.15,2022,5,Netherlands,HUMAN_OBSERVATION
52.05,5.15,2022,5,Netherlands,HUMAN_OBSERVATION
52.05,5.15,2022,5,Netherlands,HUMAN_OBSERVATION
52.05,5.15,2022,5,Netherlands,HUMAN_OBSERVATION
52.05,5.15,2022,6,Netherlands,HUMAN_OBSERVATION
52.05,5.15,2022,7,Netherlands,HUMAN_OBSERVATION
52.05,5.15,2022,11,Netherlands,HUMAN_OBSERVATION
52.05,5.15,2022,11,Netherlands,HUMAN_OBSERVATION
52.05,5.15,2022,11,Netherlands,HUMAN_OBSERVATION
52.05,5.15,2022,11,Netherlands,HUMAN_OBSERVATION
52.05,5.15,2022,11,Netherlands,HUMAN_OBSERVATION
52.05,5.15,2022,11,Netherlands,HUMAN_OBSERVATION
52.05,5.2,2024,9,Netherlands,HUMAN_OBSERVATION
52.05,5.2,2022,5,Netherlands,HUMAN_OBSERVATION
52.05,5.2,2022,5,Netherlands,HUMAN_OBSERVATION
52.05,5.2,2022,5,Netherlands,HUMAN_OBSERVATION
52.05,5.2,2022,5,Netherlands,HUMAN_OBSERVATION
52.05,5.2,2022,5,Netherlands,HUMAN_OBSERVATION
52.05,5.2,2022,5,Netherlands,HUMAN_OBSERVATION
52.05,5.2,2022,5,Netherlands,HUMAN_OBSERVATION
52.05,5.2,2022,5,Netherlands,HUMAN_OBSERVATION
52.05,5.2,2022,10,Netherlands,HUMAN_OBSERVATION
52.05,5.4,2024,8,Netherlands,HUMAN_OBSERVATION
52.05,6.15,2024,7,Netherlands,HUMAN_OBSERVATION
52.05,6.15,2024,9,Netherlands,HUMAN_OBSERVATION
52.05,6.15,2024,9,Netherlands,HUMAN_OBSERVATION
52.05,6.15,2024,9,Netherlands,HUMAN_OBSERVATION
52.05,6.15,2023,6,Netherlands,HUMAN_OBSERVATION
52.05,6.15,2023,6,Netherlands,HUMAN_OBSERVATION
52.05,6.15,2023,9,Netherlands,HUMAN_OBSERVATION
52.05,6.15,2023,9,Netherlands,HUMAN_OBSERVATION
52.05,6.15,2023,9,Netherlands,HUMAN_OBSERVATION
52.05,6.15,2023,9,Netherlands,HUMAN_OBSERVATION
52.05,6.15,2023,9,Netherlands,HUMAN_OBSERVATION
52.05,6.15,2023,9,Netherlands,HUMAN_OBSERVATION
52.05,6.15,2022,9,Netherlands,HUMAN_OBSERVATION
52.05,6.15,2021,9,Netherlands,HUMAN_OBSERVATION
52.05,6.2,2024,12,Netherlands,HUMAN_OBSERVATION
52.05,6.2,2022,6,Netherlands,HUMAN_OBSERVATION
52.05,6.2,2022,10,Netherlands,HUMAN_OBSERVATION
52.05,6.2,2021,3,Netherlands,HUMAN_OBSERVATION
52.05,6.2,2021,4,Netherlands,HUMAN_OBSERVATION
52.05,6.2,2021,9,Netherlands,HUMAN_OBSERVATION
52.05,6.2,2021,11,Netherlands,HUMAN_OBSERVATION
52.056923,8.562469,2023,5,Germany,HUMAN_OBSERVATION
52.0572,9.3805,2020,6,Germany,HUMAN_OBSERVATION
52.080146,4.509177,2023,6,Netherlands,HUMAN_OBSERVATION
52.080161,4.508661,2023,6,Netherlands,HUMAN_OBSERVATION
52.08022,4.508852,2023,6,Netherlands,HUMAN_OBSERVATION
52.080257,4.508594,2023,6,Netherlands,HUMAN_OBSERVATION
52.080279,4.508712,2023,6,Netherlands,HUMAN_OBSERVATION
52.080316,4.508482,2023,6,Netherlands,HUMAN_OBSERVATION
52.08033,4.508418,2023,6,Netherlands,HUMAN_OBSERVATION
52.1,4.4,2023,4,Netherlands,HUMAN_OBSERVATION
52.1,4.4,2023,9,Netherlands,HUMAN_OBSERVATION
52.1,4.4,2022,7,Netherlands,HUMAN_OBSERVATION
52.1,4.45,2024,9,Netherlands,HUMAN_OBSERVATION
52.1,4.45,2023,9,Netherlands,HUMAN_OBSERVATION
52.1,4.45,2022,9,Netherlands,HUMAN_OBSERVATION
52.1,4.45,2021,6,Netherlands,HUMAN_OBSERVATION
52.1,4.45,2021,7,Netherlands,HUMAN_OBSERVATION
52.1,4.45,2021,12,Netherlands,HUMAN_OBSERVATION
52.1,4.45,2021,12,Netherlands,HUMAN_OBSERVATION
52.1,4.5,2024,8,Netherlands,HUMAN_OBSERVATION
52.1,4.6,2025,6,Netherlands,HUMAN_OBSERVATION
52.1,4.6,2024,1,Netherlands,HUMAN_OBSERVATION
52.1,4.6,2024,2,Netherlands,HUMAN_OBSERVATION
52.1,4.6,2024,4,Netherlands,HUMAN_OBSERVATION
52.1,4.6,2024,5,Netherlands,HUMAN_OBSERVATION
52.1,4.6,2024,8,Netherlands,HUMAN_OBSERVATION
52.1,4.6,2023,2,Netherlands,HUMAN_OBSERVATION
52.1,4.6,2023,2,Netherlands,HUMAN_OBSERVATION
52.1,4.6,2023,7,Netherlands,HUMAN_OBSERVATION
52.1,4.6,2023,7,Netherlands,HUMAN_OBSERVATION
52.1,4.6,2023,7,Netherlands,HUMAN_OBSERVATION
52.1,4.6,2023,7,Netherlands,HUMAN_OBSERVATION
52.1,4.6,2023,7,Netherlands,HUMAN_OBSERVATION
52.1,4.6,2023,7,Netherlands,HUMAN_OBSERVATION
52.1,4.6,2023,9,Netherlands,HUMAN_OBSERVATION
52.1,4.6,2023,10,Netherlands,HUMAN_OBSERVATION
52.1,4.6,2023,11,Netherlands,HUMAN_OBSERVATION
52.1,4.6,2022,1,Netherlands,HUMAN_OBSERVATION
52.1,4.6,2022,3,Netherlands,HUMAN_OBSERVATION
52.1,4.6,2022,5,Netherlands,HUMAN_OBSERVATION
52.1,4.6,2022,5,Netherlands,HUMAN_OBSERVATION
52.1,4.6,2022,5,Netherlands,HUMAN_OBSERVATION
52.1,4.6,2022,5,Netherlands,HUMAN_OBSERVATION
52.1,4.6,2022,6,Netherlands,HUMAN_OBSERVATION
52.1,4.6,2022,6,Netherlands,HUMAN_OBSERVATION
52.1,4.6,2022,7,Netherlands,HUMAN_OBSERVATION
52.1,4.6,2022,7,Netherlands,HUMAN_OBSERVATION
52.1,4.6,2022,7,Netherlands,HUMAN_OBSERVATION
52.1,4.6,2022,9,Netherlands,HUMAN_OBSERVATION
52.1,4.6,2022,11,Netherlands,HUMAN_OBSERVATION
52.1,4.6,2022,11,Netherlands,HUMAN_OBSERVATION
52.1,4.6,2022,11,Netherlands,HUMAN_OBSERVATION
52.1,4.6,2022,12,Netherlands,HUMAN_OBSERVATION
52.1,4.6,2021,6,Netherlands,HUMAN_OBSERVATION
52.1,4.6,2021,6,Netherlands,HUMAN_OBSERVATION
52.1,4.6,2021,7,Netherlands,HUMAN_OBSERVATION
52.1,4.6,2021,8,Netherlands,HUMAN_OBSERVATION
52.1,4.6,2021,8,Netherlands,HUMAN_OBSERVATION
52.1,4.6,2020,1,Netherlands,HUMAN_OBSERVATION
52.1,4.6,2020,1,Netherlands,HUMAN_OBSERVATION
52.1,4.6,2020,5,Netherlands,HUMAN_OBSERVATION
52.1,4.6,2020,5,Netherlands,HUMAN_OBSERVATION
52.1,4.6,2020,5,Netherlands,HUMAN_OBSERVATION
52.1,4.6,2020,6,Netherlands,HUMAN_OBSERVATION
52.1,4.6,2020,6,Netherlands,HUMAN_OBSERVATION
52.1,4.65,2024,7,Netherlands,HUMAN_OBSERVATION
52.1,4.65,2023,5,Netherlands,HUMAN_OBSERVATION
52.1,4.65,2023,10,Netherlands,HUMAN_OBSERVATION
52.1,4.65,2023,10,Netherlands,HUMAN_OBSERVATION
52.1,4.65,2022,5,Netherlands,HUMAN_OBSERVATION
52.1,4.65,2022,6,Netherlands,HUMAN_OBSERVATION
52.1,4.65,2022,7,Netherlands,HUMAN_OBSERVATION
52.1,4.65,2022,12,Netherlands,HUMAN_OBSERVATION
52.1,4.65,2022,12,Netherlands,HUMAN_OBSERVATION
52.1,4.65,2022,12,Netherlands,HUMAN_OBSERVATION
52.1,4.65,2022,12,Netherlands,HUMAN_OBSERVATION
52.1,4.65,2021,2,Netherlands,HUMAN_OBSERVATION
52.1,4.65,2020,5,Netherlands,HUMAN_OBSERVATION
52.1,4.7,2024,2,Netherlands,HUMAN_OBSERVATION
52.1,4.7,2024,7,Netherlands,HUMAN_OBSERVATION
52.1,4.7,2023,4,Netherlands,HUMAN_OBSERVATION
52.1,4.7,2023,5,Netherlands,HUMAN_OBSERVATION
52.1,4.7,2023,5,Netherlands,HUMAN_OBSERVATION
52.1,4.7,2023,6,Netherlands,HUMAN_OBSERVATION
52.1,4.7,2023,7,Netherlands,HUMAN_OBSERVATION
52.1,4.7,2023,9,Netherlands,HUMAN_OBSERVATION
52.1,4.7,2023,11,Netherlands,HUMAN_OBSERVATION
52.1,4.7,2022,5,Netherlands,HUMAN_OBSERVATION
52.1,4.7,2022,5,Netherlands,HUMAN_OBSERVATION
52.1,4.7,2022,5,Netherlands,HUMAN_OBSERVATION
52.1,4.7,2022,5,Netherlands,HUMAN_OBSERVATION
52.1,4.7,2022,5,Netherlands,HUMAN_OBSERVATION
52.1,4.7,2022,5,Netherlands,HUMAN_OBSERVATION
52.1,4.7,2022,6,Netherlands,HUMAN_OBSERVATION
52.1,4.7,2022,6,Netherlands,HUMAN_OBSERVATION
52.1,4.7,2022,9,Netherlands,HUMAN_OBSERVATION
52.1,4.7,2021,6,Netherlands,HUMAN_OBSERVATION
52.1,4.7,2020,5,Netherlands,HUMAN_OBSERVATION
52.1,4.7,2020,5,Netherlands,HUMAN_OBSERVATION
52.1,4.7,2020,6,Netherlands,HUMAN_OBSERVATION
52.1,4.75,2020,3,Netherlands,HUMAN_OBSERVATION
52.1,5,2022,5,Netherlands,HUMAN_OBSERVATION
52.1,5.05,2023,8,Netherlands,HUMAN_OBSERVATION
52.1,5.05,2021,4,Netherlands,HUMAN_OBSERVATION
52.1,6.15,2022,5,Netherlands,HUMAN_OBSERVATION
52.1,6.15,2022,5,Netherlands,HUMAN_OBSERVATION
52.1,6.15,2021,6,Netherlands,HUMAN_OBSERVATION
52.1,6.25,2023,6,Netherlands,HUMAN_OBSERVATION
52.1,6.25,2023,6,Netherlands,HUMAN_OBSERVATION
52.1,6.25,2023,6,Netherlands,HUMAN_OBSERVATION
52.1,6.25,2023,6,Netherlands,HUMAN_OBSERVATION
52.1,6.25,2022,2,Netherlands,HUMAN_OBSERVATION
52.1,6.45,2024,9,Netherlands,HUMAN_OBSERVATION
52.1,6.6,2024,8,Netherlands,HUMAN_OBSERVATION
52.1217,47.947,2015,8,Russian Federation,MATERIAL_SAMPLE
52.13,6.2,2022,7,Netherlands,HUMAN_OBSERVATION
52.13,6.2,2022,7,Netherlands,HUMAN_OBSERVATION
52.13,6.2,2022,7,Netherlands,HUMAN_OBSERVATION
52.13,6.21,2024,7,Netherlands,HUMAN_OBSERVATION
52.13,6.21,2024,7,Netherlands,HUMAN_OBSERVATION
52.13,6.21,2024,7,Netherlands,HUMAN_OBSERVATION
52.13,6.21,2024,7,Netherlands,HUMAN_OBSERVATION
52.13,6.21,2024,9,Netherlands,HUMAN_OBSERVATION
52.13,6.21,2024,9,Netherlands,HUMAN_OBSERVATION
52.13,6.21,2024,9,Netherlands,HUMAN_OBSERVATION
52.13,6.21,2024,9,Netherlands,HUMAN_OBSERVATION
52.13,6.21,2024,9,Netherlands,HUMAN_OBSERVATION
52.13,6.21,2024,9,Netherlands,HUMAN_OBSERVATION
52.13,6.21,2023,6,Netherlands,HUMAN_OBSERVATION
52.13,6.21,2023,6,Netherlands,HUMAN_OBSERVATION
52.13,6.21,2023,6,Netherlands,HUMAN_OBSERVATION
52.13,6.21,2023,6,Netherlands,HUMAN_OBSERVATION
52.13,6.21,2023,8,Netherlands,HUMAN_OBSERVATION
52.13,6.21,2023,8,Netherlands,HUMAN_OBSERVATION
52.13,6.21,2023,9,Netherlands,HUMAN_OBSERVATION
52.13,6.21,2023,9,Netherlands,HUMAN_OBSERVATION
52.13,6.21,2022,7,Netherlands,HUMAN_OBSERVATION
52.13,6.21,2022,8,Netherlands,HUMAN_OBSERVATION
52.13,6.21,2022,8,Netherlands,HUMAN_OBSERVATION
52.13,6.21,2022,8,Netherlands,HUMAN_OBSERVATION
52.13,6.21,2022,8,Netherlands,HUMAN_OBSERVATION
52.13,6.21,2022,9,Netherlands,HUMAN_OBSERVATION
52.13,6.21,2022,9,Netherlands,HUMAN_OBSERVATION
52.13,6.21,2022,9,Netherlands,HUMAN_OBSERVATION
52.13,6.21,2022,9,Netherlands,HUMAN_OBSERVATION
52.13,6.21,2022,9,Netherlands,HUMAN_OBSERVATION
52.13,6.21,2022,9,Netherlands,HUMAN_OBSERVATION
52.13,6.21,2022,10,Netherlands,HUMAN_OBSERVATION
52.13,6.21,2022,10,Netherlands,HUMAN_OBSERVATION
52.13,6.23,2024,6,Netherlands,HUMAN_OBSERVATION
52.15,4.4,2025,3,Netherlands,HUMAN_OBSERVATION
52.15,4.4,2025,3,Netherlands,HUMAN_OBSERVATION
52.15,4.4,2025,3,Netherlands,HUMAN_OBSERVATION
52.15,4.4,2025,3,Netherlands,HUMAN_OBSERVATION
52.15,4.4,2025,3,Netherlands,HUMAN_OBSERVATION
52.15,4.4,2025,3,Netherlands,HUMAN_OBSERVATION
52.15,4.4,2024,3,Netherlands,HUMAN_OBSERVATION
52.15,4.4,2023,9,Netherlands,HUMAN_OBSERVATION
52.15,4.4,2022,7,Netherlands,HUMAN_OBSERVATION
52.15,4.4,2021,5,Netherlands,HUMAN_OBSERVATION
52.15,4.45,2025,3,Netherlands,HUMAN_OBSERVATION
52.15,4.45,2025,4,Netherlands,HUMAN_OBSERVATION
52.15,4.45,2023,5,Netherlands,HUMAN_OBSERVATION
52.15,4.45,2023,6,Netherlands,HUMAN_OBSERVATION
52.15,4.45,2023,10,Netherlands,HUMAN_OBSERVATION
52.15,4.45,2023,10,Netherlands,HUMAN_OBSERVATION
52.15,4.45,2023,12,Netherlands,HUMAN_OBSERVATION
52.15,4.45,2023,12,Netherlands,HUMAN_OBSERVATION
52.15,4.5,2025,5,Netherlands,HUMAN_OBSERVATION
52.15,4.5,2025,6,Netherlands,HUMAN_OBSERVATION
52.15,4.5,2024,5,Netherlands,HUMAN_OBSERVATION
52.15,4.5,2024,7,Netherlands,HUMAN_OBSERVATION
52.15,4.5,2024,7,Netherlands,HUMAN_OBSERVATION
52.15,4.5,2024,8,Netherlands,HUMAN_OBSERVATION
52.15,4.5,2024,8,Netherlands,HUMAN_OBSERVATION
52.15,4.5,2024,8,Netherlands,HUMAN_OBSERVATION
52.15,4.5,2024,8,Netherlands,HUMAN_OBSERVATION
52.15,4.5,2024,8,Netherlands,HUMAN_OBSERVATION
52.15,4.5,2024,8,Netherlands,HUMAN_OBSERVATION
52.15,4.5,2024,9,Netherlands,HUMAN_OBSERVATION
52.15,4.5,2024,9,Netherlands,HUMAN_OBSERVATION
52.15,4.5,2024,9,Netherlands,HUMAN_OBSERVATION
52.15,4.5,2024,10,Netherlands,HUMAN_OBSERVATION
52.15,4.5,2023,4,Netherlands,HUMAN_OBSERVATION
52.15,4.5,2023,5,Netherlands,HUMAN_OBSERVATION
52.15,4.5,2023,6,Netherlands,HUMAN_OBSERVATION
52.15,4.5,2023,6,Netherlands,HUMAN_OBSERVATION
52.15,4.5,2023,8,Netherlands,HUMAN_OBSERVATION
52.15,4.5,2023,9,Netherlands,HUMAN_OBSERVATION
52.15,4.5,2023,9,Netherlands,HUMAN_OBSERVATION
52.15,4.5,2022,4,Netherlands,HUMAN_OBSERVATION
52.15,4.5,2022,8,Netherlands,HUMAN_OBSERVATION
52.15,4.5,2022,8,Netherlands,HUMAN_OBSERVATION
52.15,4.5,2021,5,Netherlands,HUMAN_OBSERVATION
52.15,4.5,2021,9,Netherlands,HUMAN_OBSERVATION
52.15,4.5,2021,10,Netherlands,HUMAN_OBSERVATION
52.15,4.5,2020,5,Netherlands,HUMAN_OBSERVATION
52.15,4.55,2024,3,Netherlands,HUMAN_OBSERVATION
52.15,4.55,2024,11,Netherlands,HUMAN_OBSERVATION
52.15,4.6,2024,8,Netherlands,HUMAN_OBSERVATION
52.15,4.6,2023,7,Netherlands,HUMAN_OBSERVATION
52.15,4.6,2023,8,Netherlands,HUMAN_OBSERVATION
52.15,4.65,2022,9,Netherlands,HUMAN_OBSERVATION
52.15,4.85,2022,10,Netherlands,HUMAN_OBSERVATION
52.15,5,2023,9,Netherlands,HUMAN_OBSERVATION
52.15,5,2023,9,Netherlands,HUMAN_OBSERVATION
52.15,5,2023,10,Netherlands,HUMAN_OBSERVATION
52.15,5,2023,11,Netherlands,HUMAN_OBSERVATION
52.15,6.05,2024,8,Netherlands,HUMAN_OBSERVATION
52.15,6.1,2025,3,Netherlands,HUMAN_OBSERVATION
52.15,6.15,2022,8,Netherlands,HUMAN_OBSERVATION
52.15,6.15,2020,5,Netherlands,HUMAN_OBSERVATION
52.15,6.15,2020,5,Netherlands,HUMAN_OBSERVATION
52.15,6.2,2024,5,Netherlands,HUMAN_OBSERVATION
52.15,6.2,2021,9,Netherlands,HUMAN_OBSERVATION
52.15,6.25,2023,7,Netherlands,HUMAN_OBSERVATION
52.15,6.25,2021,6,Netherlands,HUMAN_OBSERVATION
52.15,6.25,2021,6,Netherlands,HUMAN_OBSERVATION
52.150963,7.724756,2024,7,Germany,HUMAN_OBSERVATION
52.151048,7.724744,2024,7,Germany,HUMAN_OBSERVATION
52.152539,6.28931,2024,7,Netherlands,HUMAN_OBSERVATION
52.152543,6.289318,2024,7,Netherlands,HUMAN_OBSERVATION
52.152591,6.289472,2024,7,Netherlands,HUMAN_OBSERVATION
52.152627,6.289567,2024,7,Netherlands,HUMAN_OBSERVATION
52.152653,6.289604,2024,7,Netherlands,HUMAN_OBSERVATION
52.152917,6.290569,2024,7,Netherlands,HUMAN_OBSERVATION
52.152929,6.29069,2024,7,Netherlands,HUMAN_OBSERVATION
52.152954,6.290659,2024,7,Netherlands,HUMAN_OBSERVATION
52.152955,6.290659,2024,7,Netherlands,HUMAN_OBSERVATION
52.152957,6.290621,2024,7,Netherlands,HUMAN_OBSERVATION
52.15296,6.290716,2024,7,Netherlands,HUMAN_OBSERVATION
52.152961,6.290718,2024,7,Netherlands,HUMAN_OBSERVATION
52.152964,6.290695,2024,7,Netherlands,HUMAN_OBSERVATION
52.15301,6.290755,2024,7,Netherlands,HUMAN_OBSERVATION
52.153035,6.290877,2024,7,Netherlands,HUMAN_OBSERVATION
52.16,4.55,2022,9,Netherlands,HUMAN_OBSERVATION
52.17,6.29,2022,7,Netherlands,HUMAN_OBSERVATION
52.17,6.29,2022,7,Netherlands,HUMAN_OBSERVATION
52.173151,4.979947,2024,5,Netherlands,HUMAN_OBSERVATION
52.2,4.4,2024,8,Netherlands,HUMAN_OBSERVATION
52.2,4.5,2023,2,Netherlands,HUMAN_OBSERVATION
52.2,4.5,2023,2,Netherlands,HUMAN_OBSERVATION
52.2,4.5,2023,4,Netherlands,HUMAN_OBSERVATION
52.2,4.5,2023,4,Netherlands,HUMAN_OBSERVATION
52.2,4.5,2023,4,Netherlands,HUMAN_OBSERVATION
52.2,4.5,2023,4,Netherlands,HUMAN_OBSERVATION
52.2,4.5,2023,4,Netherlands,HUMAN_OBSERVATION
52.2,4.5,2023,5,Netherlands,HUMAN_OBSERVATION
52.2,4.5,2023,9,Netherlands,HUMAN_OBSERVATION
52.2,4.55,2023,7,Netherlands,HUMAN_OBSERVATION
52.2,4.55,2023,7,Netherlands,HUMAN_OBSERVATION
52.2,4.55,2022,6,Netherlands,HUMAN_OBSERVATION
52.2,4.6,2025,3,Netherlands,HUMAN_OBSERVATION
52.2,4.65,2022,5,Netherlands,HUMAN_OBSERVATION
52.2,4.7,2023,5,Netherlands,HUMAN_OBSERVATION
52.2,4.75,2024,6,Netherlands,HUMAN_OBSERVATION
52.2,4.8,2024,7,Netherlands,HUMAN_OBSERVATION
52.2,4.8,2022,10,Netherlands,HUMAN_OBSERVATION
52.2,4.8,2022,10,Netherlands,HUMAN_OBSERVATION
52.2,4.8,2020,3,Netherlands,HUMAN_OBSERVATION
52.2,4.8,2020,4,Netherlands,HUMAN_OBSERVATION
52.2,4.8,2020,4,Netherlands,HUMAN_OBSERVATION
52.2,4.9,2024,9,Netherlands,HUMAN_OBSERVATION
52.2,4.9,2023,5,Netherlands,HUMAN_OBSERVATION
52.2,4.95,2024,5,Netherlands,HUMAN_OBSERVATION
52.2,4.95,2023,6,Netherlands,HUMAN_OBSERVATION
52.2,4.95,2023,9,Netherlands,HUMAN_OBSERVATION
52.2,4.95,2022,11,Netherlands,HUMAN_OBSERVATION
52.2,4.95,2022,11,Netherlands,HUMAN_OBSERVATION
52.2,4.95,2022,11,Netherlands,HUMAN_OBSERVATION
52.2,4.95,2022,11,Netherlands,HUMAN_OBSERVATION
52.2,4.95,2021,2,Netherlands,HUMAN_OBSERVATION
52.2,4.95,2021,3,Netherlands,HUMAN_OBSERVATION
52.2,4.95,2021,8,Netherlands,HUMAN_OBSERVATION
52.2,4.95,2021,9,Netherlands,HUMAN_OBSERVATION
52.2,4.95,2020,4,Netherlands,HUMAN_OBSERVATION
52.2,5.05,2022,7,Netherlands,HUMAN_OBSERVATION
52.2,5.3,2023,7,Netherlands,HUMAN_OBSERVATION
52.2,5.3,2021,3,Netherlands,HUMAN_OBSERVATION
52.2,5.3,2021,3,Netherlands,HUMAN_OBSERVATION
52.2,5.3,2021,3,Netherlands,HUMAN_OBSERVATION
52.2,5.3,2021,3,Netherlands,HUMAN_OBSERVATION
52.2,5.3,2021,3,Netherlands,HUMAN_OBSERVATION
52.2,5.3,2021,3,Netherlands,HUMAN_OBSERVATION
52.2,5.3,2021,3,Netherlands,HUMAN_OBSERVATION
52.2,5.3,2021,3,Netherlands,HUMAN_OBSERVATION
52.2,5.3,2021,3,Netherlands,HUMAN_OBSERVATION
52.2,5.3,2021,5,Netherlands,HUMAN_OBSERVATION
52.2,5.3,2021,8,Netherlands,HUMAN_OBSERVATION
52.2,5.45,2024,6,Netherlands,HUMAN_OBSERVATION
52.2,5.45,2022,10,Netherlands,HUMAN_OBSERVATION
52.2,5.45,2022,10,Netherlands,HUMAN_OBSERVATION
52.2,5.45,2022,10,Netherlands,HUMAN_OBSERVATION
52.2,6.15,2025,5,Netherlands,HUMAN_OBSERVATION
52.2,6.15,2024,8,Netherlands,HUMAN_OBSERVATION
52.2,6.15,2023,6,Netherlands,HUMAN_OBSERVATION
52.2,6.15,2023,6,Netherlands,HUMAN_OBSERVATION
52.2,6.15,2023,8,Netherlands,HUMAN_OBSERVATION
52.2,6.15,2023,8,Netherlands,HUMAN_OBSERVATION
52.2,6.15,2023,9,Netherlands,HUMAN_OBSERVATION
52.2,6.15,2022,3,Netherlands,HUMAN_OBSERVATION
52.2,6.15,2022,5,Netherlands,HUMAN_OBSERVATION
52.2,6.15,2022,5,Netherlands,HUMAN_OBSERVATION
52.2,6.15,2022,5,Netherlands,HUMAN_OBSERVATION
52.2,6.15,2022,6,Netherlands,HUMAN_OBSERVATION
52.2,6.15,2022,6,Netherlands,HUMAN_OBSERVATION
52.2,6.15,2022,7,Netherlands,HUMAN_OBSERVATION
52.2,6.15,2022,8,Netherlands,HUMAN_OBSERVATION
52.2,6.15,2021,7,Netherlands,HUMAN_OBSERVATION
52.2,6.15,2021,7,Netherlands,HUMAN_OBSERVATION
52.2,6.15,2021,7,Netherlands,HUMAN_OBSERVATION
52.2,6.15,2021,7,Netherlands,HUMAN_OBSERVATION
52.2,6.15,2021,7,Netherlands,HUMAN_OBSERVATION
52.2,6.15,2021,9,Netherlands,HUMAN_OBSERVATION
52.2,6.15,2021,10,Netherlands,HUMAN_OBSERVATION
52.2,6.15,2021,10,Netherlands,HUMAN_OBSERVATION
52.2,6.15,2021,10,Netherlands,HUMAN_OBSERVATION
52.2,6.15,2021,10,Netherlands,HUMAN_OBSERVATION
52.2,6.15,2021,10,Netherlands,HUMAN_OBSERVATION
52.2,6.15,2021,10,Netherlands,HUMAN_OBSERVATION
52.2,6.15,2020,3,Netherlands,HUMAN_OBSERVATION
52.2,6.15,2020,4,Netherlands,HUMAN_OBSERVATION
52.2,6.15,2020,4,Netherlands,HUMAN_OBSERVATION
52.2,6.15,2020,5,Netherlands,HUMAN_OBSERVATION
52.2,6.15,2020,5,Netherlands,HUMAN_OBSERVATION
52.2,6.15,2020,6,Netherlands,HUMAN_OBSERVATION
52.2,6.15,2020,6,Netherlands,HUMAN_OBSERVATION
52.2,6.2,2021,10,Netherlands,HUMAN_OBSERVATION
52.2,6.2,2021,10,Netherlands,HUMAN_OBSERVATION
52.2,6.2,2021,10,Netherlands,HUMAN_OBSERVATION
52.2,6.25,2021,10,Netherlands,HUMAN_OBSERVATION
52.2,6.25,2021,10,Netherlands,HUMAN_OBSERVATION
52.2,6.25,2021,10,Netherlands,HUMAN_OBSERVATION
52.2,6.25,2021,10,Netherlands,HUMAN_OBSERVATION
52.2,6.3,2025,3,Netherlands,HUMAN_OBSERVATION
52.2,6.3,2024,8,Netherlands,HUMAN_OBSERVATION
52.2,6.35,2024,6,Netherlands,HUMAN_OBSERVATION
52.2,6.55,2024,5,Netherlands,HUMAN_OBSERVATION
52.217913,10.422073,2020,6,Germany,HUMAN_OBSERVATION
52.23,4.79,2021,9,Netherlands,HUMAN_OBSERVATION
52.23,4.79,2021,9,Netherlands,HUMAN_OBSERVATION
52.234581,4.959554,2021,8,Netherlands,HUMAN_OBSERVATION
52.24,6.16,2021,8,Netherlands,HUMAN_OBSERVATION
52.24,6.17,2021,8,Netherlands,HUMAN_OBSERVATION
52.246237,4.963927,2021,5,Netherlands,HUMAN_OBSERVATION
52.25,4.55,2024,3,Netherlands,HUMAN_OBSERVATION
52.25,4.55,2023,5,Netherlands,HUMAN_OBSERVATION
52.25,4.6,2024,9,Netherlands,HUMAN_OBSERVATION
52.25,4.6,2022,5,Netherlands,HUMAN_OBSERVATION
52.25,4.7,2024,8,Netherlands,HUMAN_OBSERVATION
52.25,4.75,2020,5,Netherlands,HUMAN_OBSERVATION
52.25,4.95,2022,10,Netherlands,HUMAN_OBSERVATION
52.25,5,2022,5,Netherlands,HUMAN_OBSERVATION
52.25,5,2022,5,Netherlands,HUMAN_OBSERVATION
52.25,5,2022,6,Netherlands,HUMAN_OBSERVATION
52.25,5.05,2024,8,Netherlands,HUMAN_OBSERVATION
52.25,5.05,2023,8,Netherlands,HUMAN_OBSERVATION
52.25,5.05,2022,8,Netherlands,HUMAN_OBSERVATION
52.25,5.15,2024,5,Netherlands,HUMAN_OBSERVATION
52.25,5.3,2023,9,Netherlands,HUMAN_OBSERVATION
52.25,5.3,2021,4,Netherlands,HUMAN_OBSERVATION
52.25,5.4,2024,5,Netherlands,HUMAN_OBSERVATION
52.25,5.4,2022,2,Netherlands,HUMAN_OBSERVATION
52.25,5.45,2022,11,Netherlands,HUMAN_OBSERVATION
52.25,5.45,2022,11,Netherlands,HUMAN_OBSERVATION
52.25,5.45,2022,11,Netherlands,HUMAN_OBSERVATION
52.25,5.45,2021,7,Netherlands,HUMAN_OBSERVATION
52.25,5.45,2021,7,Netherlands,HUMAN_OBSERVATION
52.25,5.45,2021,9,Netherlands,HUMAN_OBSERVATION
52.25,5.5,2021,9,Netherlands,HUMAN_OBSERVATION
52.25,5.5,2021,9,Netherlands,HUMAN_OBSERVATION
52.25,5.5,2021,9,Netherlands,HUMAN_OBSERVATION
52.25,6.05,2024,7,Netherlands,HUMAN_OBSERVATION
52.25,6.05,2024,7,Netherlands,HUMAN_OBSERVATION
52.25,6.05,2024,7,Netherlands,HUMAN_OBSERVATION
52.25,6.05,2023,9,Netherlands,HUMAN_OBSERVATION
52.25,6.05,2021,6,Netherlands,HUMAN_OBSERVATION
52.25,6.1,2024,4,Netherlands,HUMAN_OBSERVATION
52.25,6.1,2024,7,Netherlands,HUMAN_OBSERVATION
52.25,6.1,2024,11,Netherlands,HUMAN_OBSERVATION
52.25,6.1,2022,4,Netherlands,HUMAN_OBSERVATION
52.25,6.1,2021,7,Netherlands,HUMAN_OBSERVATION
52.25,6.1,2021,7,Netherlands,HUMAN_OBSERVATION
52.25,6.1,2021,7,Netherlands,HUMAN_OBSERVATION
52.25,6.1,2021,7,Netherlands,HUMAN_OBSERVATION
52.25,6.1,2021,7,Netherlands,HUMAN_OBSERVATION
52.25,6.1,2021,7,Netherlands,HUMAN_OBSERVATION
52.25,6.15,2023,8,Netherlands,HUMAN_OBSERVATION
52.25,6.15,2022,9,Netherlands,HUMAN_OBSERVATION
52.25,6.16,2020,5,Netherlands,HUMAN_OBSERVATION
52.25,6.2,2024,6,Netherlands,HUMAN_OBSERVATION
52.25,6.2,2024,7,Netherlands,HUMAN_OBSERVATION
52.25,6.2,2023,10,Netherlands,HUMAN_OBSERVATION
52.25,6.6,2021,8,Netherlands,HUMAN_OBSERVATION
52.262333,10.40517,2024,7,Germany,HUMAN_OBSERVATION
52.262549,10.405021,2024,7,Germany,HUMAN_OBSERVATION
52.298412,4.646001,2022,5,Netherlands,HUMAN_OBSERVATION
52.29848,4.646174,2022,5,Netherlands,HUMAN_OBSERVATION
52.298485,4.645904,2022,5,Netherlands,HUMAN_OBSERVATION
52.298578,4.646229,2022,5,Netherlands,HUMAN_OBSERVATION
52.29859,4.646011,2022,5,Netherlands,HUMAN_OBSERVATION
52.298591,4.646583,2021,9,Netherlands,HUMAN_OBSERVATION
52.298638,4.646161,2022,5,Netherlands,HUMAN_OBSERVATION
52.298698,4.64649,2022,5,Netherlands,HUMAN_OBSERVATION
52.3,4.6,2024,4,Netherlands,HUMAN_OBSERVATION
52.3,4.65,2024,5,Netherlands,HUMAN_OBSERVATION
52.3,4.65,2022,9,Netherlands,HUMAN_OBSERVATION
52.3,4.8,2022,1,Netherlands,HUMAN_OBSERVATION
52.3,4.8,2022,4,Netherlands,HUMAN_OBSERVATION
52.3,4.8,2022,9,Netherlands,HUMAN_OBSERVATION
52.3,4.8,2021,5,Netherlands,HUMAN_OBSERVATION
52.3,4.8,2021,5,Netherlands,HUMAN_OBSERVATION
52.3,4.8,2021,10,Netherlands,HUMAN_OBSERVATION
52.3,4.8,2020,6,Netherlands,HUMAN_OBSERVATION
52.3,4.95,2024,3,Netherlands,HUMAN_OBSERVATION
52.3,4.95,2023,5,Netherlands,HUMAN_OBSERVATION
52.3,4.95,2023,9,Netherlands,HUMAN_OBSERVATION
52.3,5,2023,2,Netherlands,HUMAN_OBSERVATION
52.3,5,2023,2,Netherlands,HUMAN_OBSERVATION
52.3,5,2023,5,Netherlands,HUMAN_OBSERVATION
52.3,5,2022,7,Netherlands,HUMAN_OBSERVATION
52.3,5,2022,9,Netherlands,HUMAN_OBSERVATION
52.3,5,2021,6,Netherlands,HUMAN_OBSERVATION
52.3,5,2021,6,Netherlands,HUMAN_OBSERVATION
52.3,5.02,2023,6,Netherlands,HUMAN_OBSERVATION
52.3,5.05,2024,9,Netherlands,HUMAN_OBSERVATION
52.3,5.05,2024,10,Netherlands,HUMAN_OBSERVATION
52.3,5.05,2023,2,Netherlands,HUMAN_OBSERVATION
52.3,5.1,2021,8,Netherlands,HUMAN_OBSERVATION
52.3,5.15,2024,6,Netherlands,HUMAN_OBSERVATION
52.3,5.15,2024,6,Netherlands,HUMAN_OBSERVATION
52.3,5.25,2024,7,Netherlands,HUMAN_OBSERVATION
52.3,5.25,2024,9,Netherlands,HUMAN_OBSERVATION
52.3,5.25,2024,9,Netherlands,HUMAN_OBSERVATION
52.3,5.25,2022,7,Netherlands,HUMAN_OBSERVATION
52.3,5.25,2022,10,Netherlands,HUMAN_OBSERVATION
52.3,5.4,2025,4,Netherlands,HUMAN_OBSERVATION
52.3,5.4,2020,6,Netherlands,HUMAN_OBSERVATION
52.3,5.55,2024,9,Netherlands,HUMAN_OBSERVATION
52.3,6.05,2022,7,Netherlands,HUMAN_OBSERVATION
52.3,6.1,2025,6,Netherlands,HUMAN_OBSERVATION
52.3,6.2,2024,5,Netherlands,HUMAN_OBSERVATION
52.307856,5.040244,2022,9,Netherlands,HUMAN_OBSERVATION
52.31,6.1,2022,9,Netherlands,HUMAN_OBSERVATION
52.311382,7.988904,2024,9,Germany,HUMAN_OBSERVATION
52.3114,7.988823,2024,9,Germany,HUMAN_OBSERVATION
52.314169,7.978071,2024,8,Germany,HUMAN_OBSERVATION
52.331668,4.810992,2022,9,Netherlands,HUMAN_OBSERVATION
52.331681,4.811007,2021,5,Netherlands,HUMAN_OBSERVATION
52.35,4.6,2022,2,Netherlands,HUMAN_OBSERVATION
52.35,4.6,2022,2,Netherlands,HUMAN_OBSERVATION
52.35,4.6,2022,7,Netherlands,HUMAN_OBSERVATION
52.35,4.75,2024,5,Netherlands,HUMAN_OBSERVATION
52.35,4.75,2023,3,Netherlands,HUMAN_OBSERVATION
52.35,4.8,2023,9,Netherlands,HUMAN_OBSERVATION
52.35,4.8,2022,7,Netherlands,HUMAN_OBSERVATION
52.35,4.8,2022,7,Netherlands,HUMAN_OBSERVATION
52.35,4.8,2022,7,Netherlands,HUMAN_OBSERVATION
52.35,4.8,2022,10,Netherlands,HUMAN_OBSERVATION
52.35,4.8,2021,11,Netherlands,HUMAN_OBSERVATION
52.35,4.8,2021,11,Netherlands,HUMAN_OBSERVATION
52.35,4.85,2024,4,Netherlands,HUMAN_OBSERVATION
52.35,4.85,2024,4,Netherlands,HUMAN_OBSERVATION
52.35,4.85,2024,5,Netherlands,HUMAN_OBSERVATION
52.35,4.85,2024,9,Netherlands,HUMAN_OBSERVATION
52.35,4.9,2024,3,Netherlands,HUMAN_OBSERVATION
52.35,4.9,2024,7,Netherlands,HUMAN_OBSERVATION
52.35,4.9,2024,7,Netherlands,HUMAN_OBSERVATION
52.35,4.9,2024,7,Netherlands,HUMAN_OBSERVATION
52.35,4.9,2024,7,Netherlands,HUMAN_OBSERVATION
52.35,4.9,2024,10,Netherlands,HUMAN_OBSERVATION
52.35,4.9,2024,10,Netherlands,HUMAN_OBSERVATION
52.35,4.9,2023,5,Netherlands,HUMAN_OBSERVATION
52.35,4.9,2023,5,Netherlands,HUMAN_OBSERVATION
52.35,4.9,2023,5,Netherlands,HUMAN_OBSERVATION
52.35,4.9,2023,10,Netherlands,HUMAN_OBSERVATION
52.35,4.9,2023,11,Netherlands,HUMAN_OBSERVATION
52.35,4.9,2021,7,Netherlands,HUMAN_OBSERVATION
52.35,4.95,2025,3,Netherlands,HUMAN_OBSERVATION
52.35,4.95,2024,3,Netherlands,HUMAN_OBSERVATION
52.35,4.95,2024,5,Netherlands,HUMAN_OBSERVATION
52.35,4.95,2024,5,Netherlands,HUMAN_OBSERVATION
52.35,4.95,2024,6,Netherlands,HUMAN_OBSERVATION
52.35,4.95,2024,6,Netherlands,HUMAN_OBSERVATION
52.35,4.95,2023,3,Netherlands,HUMAN_OBSERVATION
52.35,4.95,2023,4,Netherlands,HUMAN_OBSERVATION
52.35,4.95,2023,5,Netherlands,HUMAN_OBSERVATION
52.35,4.95,2023,5,Netherlands,HUMAN_OBSERVATION
52.35,4.95,2023,5,Netherlands,HUMAN_OBSERVATION
52.35,4.95,2023,5,Netherlands,HUMAN_OBSERVATION
52.35,4.95,2023,5,Netherlands,HUMAN_OBSERVATION
52.35,4.95,2023,5,Netherlands,HUMAN_OBSERVATION
52.35,4.95,2023,5,Netherlands,HUMAN_OBSERVATION
52.35,4.95,2023,5,Netherlands,HUMAN_OBSERVATION
52.35,4.95,2023,5,Netherlands,HUMAN_OBSERVATION
52.35,4.95,2023,5,Netherlands,HUMAN_OBSERVATION
52.35,4.95,2023,6,Netherlands,HUMAN_OBSERVATION
52.35,4.95,2023,6,Netherlands,HUMAN_OBSERVATION
52.35,4.95,2023,7,Netherlands,HUMAN_OBSERVATION
52.35,4.95,2022,2,Netherlands,HUMAN_OBSERVATION
52.35,4.95,2022,2,Netherlands,HUMAN_OBSERVATION
52.35,4.95,2022,2,Netherlands,HUMAN_OBSERVATION
52.35,4.95,2022,2,Netherlands,HUMAN_OBSERVATION
52.35,4.95,2022,3,Netherlands,HUMAN_OBSERVATION
52.35,4.95,2022,3,Netherlands,HUMAN_OBSERVATION
52.35,4.95,2022,3,Netherlands,HUMAN_OBSERVATION
52.35,4.95,2022,3,Netherlands,HUMAN_OBSERVATION
52.35,4.95,2022,3,Netherlands,HUMAN_OBSERVATION
52.35,4.95,2022,3,Netherlands,HUMAN_OBSERVATION
52.35,4.95,2022,3,Netherlands,HUMAN_OBSERVATION
52.35,4.95,2022,3,Netherlands,HUMAN_OBSERVATION
52.35,4.95,2022,4,Netherlands,HUMAN_OBSERVATION
52.35,4.95,2022,4,Netherlands,HUMAN_OBSERVATION
52.35,4.95,2022,4,Netherlands,HUMAN_OBSERVATION
52.35,4.95,2022,9,Netherlands,HUMAN_OBSERVATION
52.35,4.95,2021,3,Netherlands,HUMAN_OBSERVATION
52.35,4.95,2021,3,Netherlands,HUMAN_OBSERVATION
52.35,4.95,2021,3,Netherlands,HUMAN_OBSERVATION
52.35,4.95,2021,3,Netherlands,HUMAN_OBSERVATION
52.35,4.95,2021,3,Netherlands,HUMAN_OBSERVATION
52.35,4.95,2021,3,Netherlands,HUMAN_OBSERVATION
52.35,4.95,2021,3,Netherlands,HUMAN_OBSERVATION
52.35,4.95,2021,3,Netherlands,HUMAN_OBSERVATION
52.35,4.95,2021,3,Netherlands,HUMAN_OBSERVATION
52.35,4.95,2021,3,Netherlands,HUMAN_OBSERVATION
52.35,4.95,2021,3,Netherlands,HUMAN_OBSERVATION
52.35,4.95,2021,3,Netherlands,HUMAN_OBSERVATION
52.35,4.95,2021,4,Netherlands,HUMAN_OBSERVATION
52.35,4.95,2021,4,Netherlands,HUMAN_OBSERVATION
52.35,4.95,2021,4,Netherlands,HUMAN_OBSERVATION
52.35,4.95,2021,4,Netherlands,HUMAN_OBSERVATION
52.35,4.95,2021,4,Netherlands,HUMAN_OBSERVATION
52.35,4.95,2021,4,Netherlands,HUMAN_OBSERVATION
52.35,4.95,2021,4,Netherlands,HUMAN_OBSERVATION
52.35,4.95,2021,4,Netherlands,HUMAN_OBSERVATION
52.35,4.95,2021,4,Netherlands,HUMAN_OBSERVATION
52.35,4.95,2021,4,Netherlands,HUMAN_OBSERVATION
52.35,4.95,2021,4,Netherlands,HUMAN_OBSERVATION
52.35,4.95,2021,4,Netherlands,HUMAN_OBSERVATION
52.35,4.95,2021,4,Netherlands,HUMAN_OBSERVATION
52.35,4.95,2021,4,Netherlands,HUMAN_OBSERVATION
52.35,4.95,2021,4,Netherlands,HUMAN_OBSERVATION
52.35,4.95,2021,5,Netherlands,HUMAN_OBSERVATION
52.35,4.95,2021,5,Netherlands,HUMAN_OBSERVATION
52.35,4.95,2021,5,Netherlands,HUMAN_OBSERVATION
52.35,4.95,2021,5,Netherlands,HUMAN_OBSERVATION
52.35,4.95,2021,6,Netherlands,HUMAN_OBSERVATION
52.35,4.95,2020,3,Netherlands,HUMAN_OBSERVATION
52.35,4.95,2020,3,Netherlands,HUMAN_OBSERVATION
52.35,4.95,2020,3,Netherlands,HUMAN_OBSERVATION
52.35,4.95,2020,3,Netherlands,HUMAN_OBSERVATION
52.35,4.95,2020,4,Netherlands,HUMAN_OBSERVATION
52.35,4.95,2020,4,Netherlands,HUMAN_OBSERVATION
52.35,4.95,2020,4,Netherlands,HUMAN_OBSERVATION
52.35,4.95,2020,4,Netherlands,HUMAN_OBSERVATION
52.35,4.95,2020,4,Netherlands,HUMAN_OBSERVATION
52.35,4.95,2020,4,Netherlands,HUMAN_OBSERVATION
52.35,4.95,2020,4,Netherlands,HUMAN_OBSERVATION
52.35,4.95,2020,4,Netherlands,HUMAN_OBSERVATION
52.35,4.95,2020,5,Netherlands,HUMAN_OBSERVATION
52.35,4.95,2020,5,Netherlands,HUMAN_OBSERVATION
52.35,4.95,2020,5,Netherlands,HUMAN_OBSERVATION
52.35,4.95,2020,5,Netherlands,HUMAN_OBSERVATION
52.35,4.95,2020,5,Netherlands,HUMAN_OBSERVATION
52.35,4.95,2020,6,Netherlands,HUMAN_OBSERVATION
52.35,4.95,2020,6,Netherlands,HUMAN_OBSERVATION
52.35,4.95,2020,6,Netherlands,HUMAN_OBSERVATION
52.35,4.95,2020,6,Netherlands,HUMAN_OBSERVATION
52.35,5.15,2024,11,Netherlands,HUMAN_OBSERVATION
52.35,5.2,2024,4,Netherlands,HUMAN_OBSERVATION
52.35,5.2,2024,8,Netherlands,HUMAN_OBSERVATION
52.35,5.2,2023,3,Netherlands,HUMAN_OBSERVATION
52.35,5.2,2023,7,Netherlands,HUMAN_OBSERVATION
52.35,5.2,2023,10,Netherlands,HUMAN_OBSERVATION
52.35,5.2,2021,1,Netherlands,HUMAN_OBSERVATION
52.35,5.2,2021,1,Netherlands,HUMAN_OBSERVATION
52.35,5.2,2021,1,Netherlands,HUMAN_OBSERVATION
52.35,5.2,2021,1,Netherlands,HUMAN_OBSERVATION
52.35,5.2,2021,2,Netherlands,HUMAN_OBSERVATION
52.35,5.2,2021,2,Netherlands,HUMAN_OBSERVATION
52.35,5.2,2021,2,Netherlands,HUMAN_OBSERVATION
52.35,5.2,2021,2,Netherlands,HUMAN_OBSERVATION
52.35,5.2,2021,2,Netherlands,HUMAN_OBSERVATION
52.35,5.2,2021,2,Netherlands,HUMAN_OBSERVATION
52.35,5.2,2021,2,Netherlands,HUMAN_OBSERVATION
52.35,5.2,2021,2,Netherlands,HUMAN_OBSERVATION
52.35,5.2,2021,9,Netherlands,HUMAN_OBSERVATION
52.35,5.25,2024,6,Netherlands,HUMAN_OBSERVATION
52.35,5.25,2024,7,Netherlands,HUMAN_OBSERVATION
52.35,5.25,2022,7,Netherlands,HUMAN_OBSERVATION
52.35,5.3,2024,6,Netherlands,HUMAN_OBSERVATION
52.35,5.55,2021,8,Netherlands,HUMAN_OBSERVATION
52.35,5.65,2024,4,Netherlands,HUMAN_OBSERVATION
52.35,5.65,2022,6,Netherlands,HUMAN_OBSERVATION
52.35,5.65,2020,6,Netherlands,HUMAN_OBSERVATION
52.35,6.1,2022,6,Netherlands,HUMAN_OBSERVATION
52.35,6.1,2022,10,Netherlands,HUMAN_OBSERVATION
52.35,6.1,2021,10,Netherlands,HUMAN_OBSERVATION
52.35,6.1,2021,10,Netherlands,HUMAN_OBSERVATION
52.35,6.1,2021,10,Netherlands,HUMAN_OBSERVATION
52.35,6.1,2021,10,Netherlands,HUMAN_OBSERVATION
52.35,6.6,2024,3,Netherlands,HUMAN_OBSERVATION
52.35,6.6,2024,11,Netherlands,HUMAN_OBSERVATION
52.35,6.6,2023,8,Netherlands,HUMAN_OBSERVATION
52.35,6.65,2024,4,Netherlands,HUMAN_OBSERVATION
52.35,6.65,2024,5,Netherlands,HUMAN_OBSERVATION
52.360231,6.654823,2021,8,Netherlands,HUMAN_OBSERVATION
52.364413,5.227406,2024,8,Netherlands,HUMAN_OBSERVATION
52.38,4.96,2021,4,Netherlands,HUMAN_OBSERVATION
52.38,6.26,2023,3,Netherlands,HUMAN_OBSERVATION
52.38,6.26,2022,4,Netherlands,HUMAN_OBSERVATION
52.38,6.26,2022,8,Netherlands,HUMAN_OBSERVATION
52.384255,9.675392,2025,5,Germany,HUMAN_OBSERVATION
52.39,6.13,2023,8,Netherlands,HUMAN_OBSERVATION
52.39,6.13,2022,10,Netherlands,HUMAN_OBSERVATION
52.4,4.65,2025,3,Netherlands,HUMAN_OBSERVATION
52.4,4.65,2025,6,Netherlands,HUMAN_OBSERVATION
52.4,4.65,2024,4,Netherlands,HUMAN_OBSERVATION
52.4,4.65,2024,5,Netherlands,HUMAN_OBSERVATION
52.4,4.65,2024,5,Netherlands,HUMAN_OBSERVATION
52.4,4.65,2024,6,Netherlands,HUMAN_OBSERVATION
52.4,4.65,2024,6,Netherlands,HUMAN_OBSERVATION
52.4,4.65,2023,2,Netherlands,HUMAN_OBSERVATION
52.4,4.65,2023,2,Netherlands,HUMAN_OBSERVATION
52.4,4.65,2023,2,Netherlands,HUMAN_OBSERVATION
52.4,4.65,2023,4,Netherlands,HUMAN_OBSERVATION
52.4,4.65,2023,6,Netherlands,HUMAN_OBSERVATION
52.4,4.7,2023,10,Netherlands,HUMAN_OBSERVATION
52.4,4.7,2023,10,Netherlands,HUMAN_OBSERVATION
52.4,4.8,2025,5,Netherlands,HUMAN_OBSERVATION
52.4,4.8,2025,5,Netherlands,HUMAN_OBSERVATION
52.4,4.8,2025,5,Netherlands,HUMAN_OBSERVATION
52.4,4.8,2025,5,Netherlands,HUMAN_OBSERVATION
52.4,4.8,2024,9,Netherlands,HUMAN_OBSERVATION
52.4,4.8,2024,9,Netherlands,HUMAN_OBSERVATION
52.4,4.8,2024,9,Netherlands,HUMAN_OBSERVATION
52.4,4.8,2024,9,Netherlands,HUMAN_OBSERVATION
52.4,4.8,2022,5,Netherlands,HUMAN_OBSERVATION
52.4,4.8,2022,8,Netherlands,HUMAN_OBSERVATION
52.4,4.85,2025,3,Netherlands,HUMAN_OBSERVATION
52.4,4.85,2024,2,Netherlands,HUMAN_OBSERVATION
52.4,4.85,2024,4,Netherlands,HUMAN_OBSERVATION
52.4,4.85,2024,4,Netherlands,HUMAN_OBSERVATION
52.4,4.85,2024,5,Netherlands,HUMAN_OBSERVATION
52.4,4.85,2024,7,Netherlands,HUMAN_OBSERVATION
52.4,4.85,2024,10,Netherlands,HUMAN_OBSERVATION
52.4,4.85,2024,11,Netherlands,HUMAN_OBSERVATION
52.4,4.85,2023,1,Netherlands,HUMAN_OBSERVATION
52.4,4.85,2023,2,Netherlands,HUMAN_OBSERVATION
52.4,4.85,2023,6,Netherlands,HUMAN_OBSERVATION
52.4,4.85,2023,6,Netherlands,HUMAN_OBSERVATION
52.4,4.85,2023,6,Netherlands,HUMAN_OBSERVATION
52.4,4.85,2023,6,Netherlands,HUMAN_OBSERVATION
52.4,4.85,2023,7,Netherlands,HUMAN_OBSERVATION
52.4,4.85,2022,4,Netherlands,HUMAN_OBSERVATION
52.4,4.85,2022,4,Netherlands,HUMAN_OBSERVATION
52.4,4.85,2022,5,Netherlands,HUMAN_OBSERVATION
52.4,4.85,2022,5,Netherlands,HUMAN_OBSERVATION
52.4,4.85,2022,5,Netherlands,HUMAN_OBSERVATION
52.4,4.85,2022,5,Netherlands,HUMAN_OBSERVATION
52.4,4.85,2022,6,Netherlands,HUMAN_OBSERVATION
52.4,4.85,2022,6,Netherlands,HUMAN_OBSERVATION
52.4,4.85,2022,6,Netherlands,HUMAN_OBSERVATION
52.4,4.85,2022,6,Netherlands,HUMAN_OBSERVATION
52.4,4.85,2022,6,Netherlands,HUMAN_OBSERVATION
52.4,4.85,2022,6,Netherlands,HUMAN_OBSERVATION
52.4,4.85,2022,6,Netherlands,HUMAN_OBSERVATION
52.4,4.85,2022,8,Netherlands,HUMAN_OBSERVATION
52.4,4.85,2022,9,Netherlands,HUMAN_OBSERVATION
52.4,4.85,2022,12,Netherlands,HUMAN_OBSERVATION
52.4,4.85,2022,12,Netherlands,HUMAN_OBSERVATION
52.4,4.9,2024,3,Netherlands,HUMAN_OBSERVATION
52.4,4.9,2024,4,Netherlands,HUMAN_OBSERVATION
52.4,4.9,2024,5,Netherlands,HUMAN_OBSERVATION
52.4,4.9,2024,6,Netherlands,HUMAN_OBSERVATION
52.4,4.9,2023,5,Netherlands,HUMAN_OBSERVATION
52.4,4.9,2023,5,Netherlands,HUMAN_OBSERVATION
52.4,4.9,2023,6,Netherlands,HUMAN_OBSERVATION
52.4,4.9,2023,6,Netherlands,HUMAN_OBSERVATION
52.4,4.9,2023,9,Netherlands,HUMAN_OBSERVATION
52.4,5.05,2024,7,Netherlands,HUMAN_OBSERVATION
52.4,5.05,2022,7,Netherlands,HUMAN_OBSERVATION
52.4,5.2,2025,2,Netherlands,HUMAN_OBSERVATION
52.4,5.2,2025,5,Netherlands,HUMAN_OBSERVATION
52.4,5.2,2023,5,Netherlands,HUMAN_OBSERVATION
52.4,5.3,2023,10,Netherlands,HUMAN_OBSERVATION
52.4,5.35,2024,6,Netherlands,HUMAN_OBSERVATION
52.4,5.35,2021,1,Netherlands,HUMAN_OBSERVATION
52.4,6.05,2021,6,Netherlands,HUMAN_OBSERVATION
52.4,6.05,2021,8,Netherlands,HUMAN_OBSERVATION
52.4,6.1,2024,8,Netherlands,HUMAN_OBSERVATION
52.4,6.1,2023,7,Netherlands,HUMAN_OBSERVATION
52.4,6.1,2023,9,Netherlands,HUMAN_OBSERVATION
52.4,6.1,2022,7,Netherlands,HUMAN_OBSERVATION
52.4,6.1,2021,8,Netherlands,HUMAN_OBSERVATION
52.4,6.4,2023,8,Netherlands,HUMAN_OBSERVATION
52.4,6.4,2023,8,Netherlands,HUMAN_OBSERVATION
52.41,5.35,2021,8,Netherlands,HUMAN_OBSERVATION
52.41,5.35,2021,8,Netherlands,HUMAN_OBSERVATION
52.41,5.35,2021,8,Netherlands,HUMAN_OBSERVATION
52.41,5.35,2021,8,Netherlands,HUMAN_OBSERVATION
52.41,5.35,2021,8,Netherlands,HUMAN_OBSERVATION
52.41,5.35,2021,8,Netherlands,HUMAN_OBSERVATION
52.41,5.35,2021,8,Netherlands,HUMAN_OBSERVATION
52.41,6.14,2022,4,Netherlands,HUMAN_OBSERVATION
52.41,6.14,2022,5,Netherlands,HUMAN_OBSERVATION
52.41,6.14,2022,5,Netherlands,HUMAN_OBSERVATION
52.417966,4.863174,2023,7,Netherlands,HUMAN_OBSERVATION
52.429384,13.122082,2024,4,Germany,HUMAN_OBSERVATION
52.429987,4.83137,2022,9,Netherlands,HUMAN_OBSERVATION
52.430062,13.1208,2024,4,Germany,HUMAN_OBSERVATION
52.430062,13.1208,2024,4,Germany,HUMAN_OBSERVATION
52.432022,10.965405,2024,4,Germany,HUMAN_OBSERVATION
52.44,4.83,2022,8,Netherlands,HUMAN_OBSERVATION
52.449709,6.320521,2023,7,Netherlands,HUMAN_OBSERVATION
52.45,4.55,2024,3,Netherlands,HUMAN_OBSERVATION
52.45,4.55,2023,5,Netherlands,HUMAN_OBSERVATION
52.45,4.55,2023,9,Netherlands,HUMAN_OBSERVATION
52.45,4.55,2021,10,Netherlands,HUMAN_OBSERVATION
52.45,4.6,2024,7,Netherlands,HUMAN_OBSERVATION
52.45,4.6,2024,7,Netherlands,HUMAN_OBSERVATION
52.45,4.6,2022,7,Netherlands,HUMAN_OBSERVATION
52.45,4.6,2022,7,Netherlands,HUMAN_OBSERVATION
52.45,4.6,2021,6,Netherlands,HUMAN_OBSERVATION
52.45,4.6,2021,11,Netherlands,HUMAN_OBSERVATION
52.45,4.6,2020,4,Netherlands,HUMAN_OBSERVATION
52.45,4.65,2023,7,Netherlands,HUMAN_OBSERVATION
52.45,4.65,2022,5,Netherlands,HUMAN_OBSERVATION
52.45,4.65,2021,8,Netherlands,HUMAN_OBSERVATION
52.45,4.65,2021,8,Netherlands,HUMAN_OBSERVATION
52.45,4.8,2024,9,Netherlands,HUMAN_OBSERVATION
52.45,4.85,2024,11,Netherlands,HUMAN_OBSERVATION
52.45,4.85,2024,11,Netherlands,HUMAN_OBSERVATION
52.45,4.85,2024,11,Netherlands,HUMAN_OBSERVATION
52.45,4.85,2022,5,Netherlands,HUMAN_OBSERVATION
52.45,4.85,2022,7,Netherlands,HUMAN_OBSERVATION
52.45,4.85,2022,8,Netherlands,HUMAN_OBSERVATION
52.45,5,2024,9,Netherlands,HUMAN_OBSERVATION
52.45,5,2024,9,Netherlands,HUMAN_OBSERVATION
52.45,5,2021,7,Netherlands,HUMAN_OBSERVATION
52.45,5.8,2024,6,Netherlands,HUMAN_OBSERVATION
52.45,5.8,2021,9,Netherlands,HUMAN_OBSERVATION
52.45,5.8,2021,9,Netherlands,HUMAN_OBSERVATION
52.45,6.05,2025,5,Netherlands,HUMAN_OBSERVATION
52.45,6.05,2020,5,Netherlands,HUMAN_OBSERVATION
52.45,6.1,2024,8,Netherlands,HUMAN_OBSERVATION
52.450855,4.886333,2022,5,Netherlands,HUMAN_OBSERVATION
52.450856,4.885773,2022,5,Netherlands,HUMAN_OBSERVATION
52.456172,13.6033,2024,5,Germany,HUMAN_OBSERVATION
52.456219,13.603468,2024,5,Germany,HUMAN_OBSERVATION
52.458236,5.101201,2025,5,Netherlands,HUMAN_OBSERVATION
52.47,4.55,2024,5,Netherlands,HUMAN_OBSERVATION
52.479829,13.49231,2021,9,Germany,HUMAN_OBSERVATION
52.48007,13.495287,2021,7,Germany,HUMAN_OBSERVATION
52.5,4.75,2021,9,Netherlands,HUMAN_OBSERVATION
52.5,4.85,2021,5,Netherlands,HUMAN_OBSERVATION
52.5,4.85,2021,5,Netherlands,HUMAN_OBSERVATION
52.5,4.95,2022,8,Netherlands,HUMAN_OBSERVATION
52.5,5,2024,10,Netherlands,HUMAN_OBSERVATION
52.5,5.4,2024,12,Netherlands,HUMAN_OBSERVATION
52.5,5.4,2023,5,Netherlands,HUMAN_OBSERVATION
52.5,5.4,2022,7,Netherlands,HUMAN_OBSERVATION
52.5,5.4,2022,7,Netherlands,HUMAN_OBSERVATION
52.5,5.4,2020,5,Netherlands,HUMAN_OBSERVATION
52.5,5.85,2022,1,Netherlands,HUMAN_OBSERVATION
52.5,5.85,2020,6,Netherlands,HUMAN_OBSERVATION
52.5,5.95,2024,9,Netherlands,HUMAN_OBSERVATION
52.5,5.95,2024,10,Netherlands,HUMAN_OBSERVATION
52.5,5.95,2023,9,Netherlands,HUMAN_OBSERVATION
52.5,5.95,2021,8,Netherlands,HUMAN_OBSERVATION
52.5,5.95,2021,9,Netherlands,HUMAN_OBSERVATION
52.5,6,2024,7,Netherlands,HUMAN_OBSERVATION
52.5,6,2023,3,Netherlands,HUMAN_OBSERVATION
52.5,6,2023,6,Netherlands,HUMAN_OBSERVATION
52.5,6.05,2024,6,Netherlands,HUMAN_OBSERVATION
52.5,6.05,2024,11,Netherlands,HUMAN_OBSERVATION
52.5,6.05,2023,5,Netherlands,HUMAN_OBSERVATION
52.5,6.05,2023,6,Netherlands,HUMAN_OBSERVATION
52.5,6.05,2023,8,Netherlands,HUMAN_OBSERVATION
52.5,6.05,2023,8,Netherlands,HUMAN_OBSERVATION
52.5,6.05,2022,3,Netherlands,HUMAN_OBSERVATION
52.5,6.05,2022,3,Netherlands,HUMAN_OBSERVATION
52.5,6.05,2022,3,Netherlands,HUMAN_OBSERVATION
52.5,6.05,2022,3,Netherlands,HUMAN_OBSERVATION
52.5,6.05,2022,3,Netherlands,HUMAN_OBSERVATION
52.5,6.05,2022,3,Netherlands,HUMAN_OBSERVATION
52.5,6.05,2022,3,Netherlands,HUMAN_OBSERVATION
52.5,6.05,2022,6,Netherlands,HUMAN_OBSERVATION
52.5,6.05,2022,8,Netherlands,HUMAN_OBSERVATION
52.5,6.05,2021,6,Netherlands,HUMAN_OBSERVATION
52.5,6.05,2021,8,Netherlands,HUMAN_OBSERVATION
52.5,6.1,2025,3,Netherlands,HUMAN_OBSERVATION
52.5,6.1,2024,8,Netherlands,HUMAN_OBSERVATION
52.5,6.1,2024,8,Netherlands,HUMAN_OBSERVATION
52.5,6.1,2024,9,Netherlands,HUMAN_OBSERVATION
52.5,6.1,2024,9,Netherlands,HUMAN_OBSERVATION
52.5,6.1,2024,9,Netherlands,HUMAN_OBSERVATION
52.5,6.1,2024,9,Netherlands,HUMAN_OBSERVATION
52.5,6.1,2023,6,Netherlands,HUMAN_OBSERVATION
52.5,6.1,2022,6,Netherlands,HUMAN_OBSERVATION
52.5,6.1,2022,6,Netherlands,HUMAN_OBSERVATION
52.5,6.1,2022,6,Netherlands,HUMAN_OBSERVATION
52.5,6.1,2021,6,Netherlands,HUMAN_OBSERVATION
52.5,6.1,2021,8,Netherlands,HUMAN_OBSERVATION
52.5,6.1,2021,8,Netherlands,HUMAN_OBSERVATION
52.5,6.15,2021,6,Netherlands,HUMAN_OBSERVATION
52.5,6.2,2023,10,Netherlands,HUMAN_OBSERVATION
52.5,6.26,2021,8,Netherlands,HUMAN_OBSERVATION
52.5,6.4,2021,10,Netherlands,HUMAN_OBSERVATION
52.5,6.45,2025,5,Netherlands,HUMAN_OBSERVATION
52.51,6.04,2023,7,Netherlands,HUMAN_OBSERVATION
52.52,6.07,2022,6,Netherlands,HUMAN_OBSERVATION
52.52,6.07,2022,7,Netherlands,HUMAN_OBSERVATION
52.52,6.07,2022,7,Netherlands,HUMAN_OBSERVATION
52.52,6.07,2022,9,Netherlands,HUMAN_OBSERVATION
52.52,6.17,2023,4,Netherlands,HUMAN_OBSERVATION
52.529091,13.294699,2023,6,Germany,HUMAN_OBSERVATION
52.54,6.1,2024,6,Netherlands,HUMAN_OBSERVATION
52.54,6.1,2022,9,Netherlands,HUMAN_OBSERVATION
52.54,6.11,2023,9,Netherlands,HUMAN_OBSERVATION
52.54,6.11,2022,9,Netherlands,HUMAN_OBSERVATION
52.55,4.7,2024,7,Netherlands,HUMAN_OBSERVATION
52.55,4.7,2022,8,Netherlands,HUMAN_OBSERVATION
52.55,4.7,2022,8,Netherlands,HUMAN_OBSERVATION
52.55,4.7,2022,8,Netherlands,HUMAN_OBSERVATION
52.55,4.7,2021,6,Netherlands,HUMAN_OBSERVATION
52.55,4.7,2020,5,Netherlands,HUMAN_OBSERVATION
52.55,5.8,2023,6,Netherlands,HUMAN_OBSERVATION
52.55,5.85,2024,4,Netherlands,HUMAN_OBSERVATION
52.55,5.85,2024,10,Netherlands,HUMAN_OBSERVATION
52.55,5.85,2023,6,Netherlands,HUMAN_OBSERVATION
52.55,5.85,2022,10,Netherlands,HUMAN_OBSERVATION
52.55,5.9,2023,4,Netherlands,HUMAN_OBSERVATION
52.55,6.05,2022,3,Netherlands,HUMAN_OBSERVATION
52.55,6.05,2022,3,Netherlands,HUMAN_OBSERVATION
52.55,6.05,2022,3,Netherlands,HUMAN_OBSERVATION
52.55,6.05,2022,3,Netherlands,HUMAN_OBSERVATION
52.55,6.05,2022,3,Netherlands,HUMAN_OBSERVATION
52.55,6.05,2022,3,Netherlands,HUMAN_OBSERVATION
52.55,6.1,2020,4,Netherlands,HUMAN_OBSERVATION
52.55,6.6,2024,7,Netherlands,HUMAN_OBSERVATION
52.55,6.6,2023,8,Netherlands,HUMAN_OBSERVATION
52.55,6.65,2023,7,Netherlands,HUMAN_OBSERVATION
52.56,6.1,2024,9,Netherlands,HUMAN_OBSERVATION
52.567653,13.247012,2024,6,Germany,HUMAN_OBSERVATION
52.587803,13.273562,2025,5,Germany,HUMAN_OBSERVATION
52.593775,7.280678,2024,4,Germany,HUMAN_OBSERVATION
52.6,4.85,2024,10,Netherlands,HUMAN_OBSERVATION
52.6,5,2025,1,Netherlands,HUMAN_OBSERVATION
52.6,5,2025,1,Netherlands,HUMAN_OBSERVATION
52.6,5.05,2023,5,Netherlands,HUMAN_OBSERVATION
52.6,5.4,2022,7,Netherlands,HUMAN_OBSERVATION
52.6,5.7,2022,6,Netherlands,HUMAN_OBSERVATION
52.6,6.05,2024,9,Netherlands,HUMAN_OBSERVATION
52.6,6.05,2024,9,Netherlands,HUMAN_OBSERVATION
52.6,6.15,2023,6,Netherlands,HUMAN_OBSERVATION
52.6,6.65,2024,8,Netherlands,HUMAN_OBSERVATION
52.65,4.75,2024,10,Netherlands,HUMAN_OBSERVATION
52.65,4.75,2024,10,Netherlands,HUMAN_OBSERVATION
52.65,4.75,2024,10,Netherlands,HUMAN_OBSERVATION
52.65,4.8,2025,6,Netherlands,HUMAN_OBSERVATION
52.65,5.25,2024,7,Netherlands,HUMAN_OBSERVATION
52.65,5.25,2022,10,Netherlands,HUMAN_OBSERVATION
52.65,5.25,2021,6,Netherlands,HUMAN_OBSERVATION
52.65,5.55,2022,2,Netherlands,HUMAN_OBSERVATION
52.65,5.55,2022,6,Netherlands,HUMAN_OBSERVATION
52.65,5.55,2022,11,Netherlands,HUMAN_OBSERVATION
52.65,5.55,2022,11,Netherlands,HUMAN_OBSERVATION
52.65,6.05,2023,9,Netherlands,HUMAN_OBSERVATION
52.65,6.15,2023,8,Netherlands,HUMAN_OBSERVATION
52.65,6.15,2023,8,Netherlands,HUMAN_OBSERVATION
52.65,6.15,2020,5,Netherlands,HUMAN_OBSERVATION
52.65,6.15,2020,6,Netherlands,HUMAN_OBSERVATION
52.65,6.2,2020,4,Netherlands,HUMAN_OBSERVATION
52.6753,48.5293,2017,8,Russian Federation,MATERIAL_SAMPLE
52.7,4.8,2024,5,Netherlands,HUMAN_OBSERVATION
52.7,4.8,2024,10,Netherlands,HUMAN_OBSERVATION
52.7,4.8,2024,10,Netherlands,HUMAN_OBSERVATION
52.7,4.8,2024,10,Netherlands,HUMAN_OBSERVATION
52.7,5.1,2020,5,Netherlands,HUMAN_OBSERVATION
52.7,5.25,2024,7,Netherlands,HUMAN_OBSERVATION
52.7,5.95,2024,8,Netherlands,HUMAN_OBSERVATION
52.7,5.95,2022,11,Netherlands,HUMAN_OBSERVATION
52.7,6,2023,8,Netherlands,HUMAN_OBSERVATION
52.7,6.15,2022,8,Netherlands,HUMAN_OBSERVATION
52.7,6.2,2023,2,Netherlands,HUMAN_OBSERVATION
52.75,5.1,2024,8,Netherlands,HUMAN_OBSERVATION
52.75,5.1,2024,10,Netherlands,HUMAN_OBSERVATION
52.75,5.1,2024,10,Netherlands,HUMAN_OBSERVATION
52.75,5.1,2024,10,Netherlands,HUMAN_OBSERVATION
52.75,5.1,2024,10,Netherlands,HUMAN_OBSERVATION
52.75,5.1,2024,10,Netherlands,HUMAN_OBSERVATION
52.75,5.1,2024,10,Netherlands,HUMAN_OBSERVATION
52.75,5.1,2024,10,Netherlands,HUMAN_OBSERVATION
52.75,5.1,2024,10,Netherlands,HUMAN_OBSERVATION
52.75,5.1,2024,10,Netherlands,HUMAN_OBSERVATION
52.75,5.1,2024,10,Netherlands,HUMAN_OBSERVATION
52.75,5.1,2024,10,Netherlands,HUMAN_OBSERVATION
52.75,5.1,2024,10,Netherlands,HUMAN_OBSERVATION
52.75,5.1,2024,10,Netherlands,HUMAN_OBSERVATION
52.75,5.1,2024,10,Netherlands,HUMAN_OBSERVATION
52.75,5.1,2023,5,Netherlands,HUMAN_OBSERVATION
52.75,5.1,2023,5,Netherlands,HUMAN_OBSERVATION
52.75,5.1,2022,4,Netherlands,HUMAN_OBSERVATION
52.75,5.2,2021,5,Netherlands,HUMAN_OBSERVATION
52.75,5.2,2021,5,Netherlands,HUMAN_OBSERVATION
52.75,5.2,2021,9,Netherlands,HUMAN_OBSERVATION
52.75,5.2,2020,6,Netherlands,HUMAN_OBSERVATION
52.75,6.05,2024,7,Netherlands,HUMAN_OBSERVATION
52.75,6.05,2024,9,Netherlands,HUMAN_OBSERVATION
52.75,6.2,2023,7,Netherlands,HUMAN_OBSERVATION
52.75,6.2,2023,8,Netherlands,HUMAN_OBSERVATION
52.75,6.25,2023,7,Netherlands,HUMAN_OBSERVATION
52.75,6.25,2023,7,Netherlands,HUMAN_OBSERVATION
52.75,6.25,2023,7,Netherlands,HUMAN_OBSERVATION
52.79,4.89,2022,10,Netherlands,HUMAN_OBSERVATION
52.8,4.7,2024,11,Netherlands,HUMAN_OBSERVATION
52.8,4.7,2020,5,Netherlands,HUMAN_OBSERVATION
52.8,4.85,2022,11,Netherlands,HUMAN_OBSERVATION
52.8,5.2,2021,5,Netherlands,HUMAN_OBSERVATION
52.8,5.2,2021,5,Netherlands,HUMAN_OBSERVATION
52.8,5.2,2020,5,Netherlands,HUMAN_OBSERVATION
52.8,5.7,2023,7,Netherlands,HUMAN_OBSERVATION
52.8,5.9,2024,6,Netherlands,HUMAN_OBSERVATION
52.85,4.8,2021,8,Netherlands,HUMAN_OBSERVATION
52.85,4.9,2021,8,Netherlands,HUMAN_OBSERVATION
52.85,5,2024,5,Netherlands,HUMAN_OBSERVATION
52.85,5.1,2023,11,Netherlands,HUMAN_OBSERVATION
52.85,5.1,2022,6,Netherlands,HUMAN_OBSERVATION
52.85,5.1,2021,7,Netherlands,HUMAN_OBSERVATION
52.85,5.35,2023,9,Netherlands,HUMAN_OBSERVATION
52.85,5.35,2023,9,Netherlands,HUMAN_OBSERVATION
52.85,5.69,2020,6,Netherlands,HUMAN_OBSERVATION
52.85,5.69,2020,6,Netherlands,HUMAN_OBSERVATION
52.85,5.69,2020,6,Netherlands,HUMAN_OBSERVATION
52.85,5.69,2020,6,Netherlands,HUMAN_OBSERVATION
52.85,5.69,2020,6,Netherlands,HUMAN_OBSERVATION
52.85,5.75,2023,3,Netherlands,HUMAN_OBSERVATION
52.85,5.8,2022,10,Netherlands,HUMAN_OBSERVATION
52.85,5.85,2023,8,Netherlands,HUMAN_OBSERVATION
52.85,6.05,2022,4,Netherlands,HUMAN_OBSERVATION
52.878028,10.641349,2024,8,Germany,HUMAN_OBSERVATION
52.89,5.69,2020,6,Netherlands,HUMAN_OBSERVATION
52.9,4.95,2023,7,Netherlands,HUMAN_OBSERVATION
52.9,5,2024,4,Netherlands,HUMAN_OBSERVATION
52.9,5,2024,4,Netherlands,HUMAN_OBSERVATION
52.9,5,2024,5,Netherlands,HUMAN_OBSERVATION
52.9,5,2024,5,Netherlands,HUMAN_OBSERVATION
52.9,5,2024,5,Netherlands,HUMAN_OBSERVATION
52.9,5,2024,5,Netherlands,HUMAN_OBSERVATION
52.9,5,2024,5,Netherlands,HUMAN_OBSERVATION
52.9,5,2024,5,Netherlands,HUMAN_OBSERVATION
52.9,5,2024,5,Netherlands,HUMAN_OBSERVATION
52.9,5,2024,5,Netherlands,HUMAN_OBSERVATION
52.9,5,2024,5,Netherlands,HUMAN_OBSERVATION
52.9,5,2024,5,Netherlands,HUMAN_OBSERVATION
52.9,5,2024,5,Netherlands,HUMAN_OBSERVATION
52.9,5,2024,5,Netherlands,HUMAN_OBSERVATION
52.9,5,2024,5,Netherlands,HUMAN_OBSERVATION
52.9,5,2024,5,Netherlands,HUMAN_OBSERVATION
52.9,5,2024,5,Netherlands,HUMAN_OBSERVATION
52.9,5,2024,5,Netherlands,HUMAN_OBSERVATION
52.9,5,2024,7,Netherlands,HUMAN_OBSERVATION
52.9,5,2024,7,Netherlands,HUMAN_OBSERVATION
52.9,5,2024,7,Netherlands,HUMAN_OBSERVATION
52.9,5,2024,7,Netherlands,HUMAN_OBSERVATION
52.9,5,2024,7,Netherlands,HUMAN_OBSERVATION
52.9,5,2024,8,Netherlands,HUMAN_OBSERVATION
52.9,5,2024,8,Netherlands,HUMAN_OBSERVATION
52.9,5,2024,8,Netherlands,HUMAN_OBSERVATION
52.9,5,2024,8,Netherlands,HUMAN_OBSERVATION
52.9,5,2024,8,Netherlands,HUMAN_OBSERVATION
52.9,5,2024,10,Netherlands,HUMAN_OBSERVATION
52.9,5,2024,10,Netherlands,HUMAN_OBSERVATION
52.9,5,2024,10,Netherlands,HUMAN_OBSERVATION
52.9,5,2024,10,Netherlands,HUMAN_OBSERVATION
52.9,5,2023,2,Netherlands,HUMAN_OBSERVATION
52.9,5,2023,3,Netherlands,HUMAN_OBSERVATION
52.9,5,2023,3,Netherlands,HUMAN_OBSERVATION
52.9,5,2023,3,Netherlands,HUMAN_OBSERVATION
52.9,5,2023,7,Netherlands,HUMAN_OBSERVATION
52.9,5,2023,7,Netherlands,HUMAN_OBSERVATION
52.9,5,2023,7,Netherlands,HUMAN_OBSERVATION
52.9,5,2023,7,Netherlands,HUMAN_OBSERVATION
52.9,5,2023,7,Netherlands,HUMAN_OBSERVATION
52.9,5,2023,8,Netherlands,HUMAN_OBSERVATION
52.9,5,2023,8,Netherlands,HUMAN_OBSERVATION
52.9,5,2023,8,Netherlands,HUMAN_OBSERVATION
52.9,5,2023,11,Netherlands,HUMAN_OBSERVATION
52.9,5,2022,2,Netherlands,HUMAN_OBSERVATION
52.9,5,2022,2,Netherlands,HUMAN_OBSERVATION
52.9,5,2021,1,Netherlands,HUMAN_OBSERVATION
52.9,5,2020,6,Netherlands,HUMAN_OBSERVATION
52.9,5,2020,6,Netherlands,HUMAN_OBSERVATION
52.9,5.05,2023,8,Netherlands,HUMAN_OBSERVATION
52.9,5.5,2024,10,Netherlands,HUMAN_OBSERVATION
52.9,5.55,2020,5,Netherlands,HUMAN_OBSERVATION
52.9,5.6,2020,3,Netherlands,HUMAN_OBSERVATION
52.9,5.75,2021,7,Netherlands,HUMAN_OBSERVATION
52.9,6.35,2023,7,Netherlands,HUMAN_OBSERVATION
52.95,4.75,2023,8,Netherlands,HUMAN_OBSERVATION
52.95,4.75,2020,3,Netherlands,HUMAN_OBSERVATION
52.95,4.95,2025,1,Netherlands,HUMAN_OBSERVATION
52.95,4.95,2025,1,Netherlands,HUMAN_OBSERVATION
52.95,4.95,2025,1,Netherlands,HUMAN_OBSERVATION
52.95,4.95,2025,1,Netherlands,HUMAN_OBSERVATION
52.95,4.95,2025,1,Netherlands,HUMAN_OBSERVATION
52.95,4.95,2025,1,Netherlands,HUMAN_OBSERVATION
52.95,4.95,2025,1,Netherlands,HUMAN_OBSERVATION
52.95,4.95,2025,1,Netherlands,HUMAN_OBSERVATION
52.95,4.95,2025,1,Netherlands,HUMAN_OBSERVATION
52.95,4.95,2025,1,Netherlands,HUMAN_OBSERVATION
52.95,4.95,2025,1,Netherlands,HUMAN_OBSERVATION
52.95,4.95,2025,1,Netherlands,HUMAN_OBSERVATION
52.95,4.95,2025,1,Netherlands,HUMAN_OBSERVATION
52.95,4.95,2025,1,Netherlands,HUMAN_OBSERVATION
52.95,4.95,2025,1,Netherlands,HUMAN_OBSERVATION
52.95,4.95,2025,1,Netherlands,HUMAN_OBSERVATION
52.95,4.95,2025,1,Netherlands,HUMAN_OBSERVATION
52.95,4.95,2025,1,Netherlands,HUMAN_OBSERVATION
52.95,5,2025,5,Netherlands,HUMAN_OBSERVATION
52.95,5.05,2025,5,Netherlands,HUMAN_OBSERVATION
52.95,5.05,2025,5,Netherlands,HUMAN_OBSERVATION
52.95,5.05,2025,5,Netherlands,HUMAN_OBSERVATION
52.95,5.4,2024,7,Netherlands,HUMAN_OBSERVATION
52.95,5.6,2024,10,Netherlands,HUMAN_OBSERVATION
52.95,5.65,2022,9,Netherlands,HUMAN_OBSERVATION
52.95,5.65,2021,10,Netherlands,HUMAN_OBSERVATION
52.95,5.65,2021,10,Netherlands,HUMAN_OBSERVATION
52.95,5.7,2023,5,Netherlands,HUMAN_OBSERVATION
52.95,5.7,2023,8,Netherlands,HUMAN_OBSERVATION
52.95,5.7,2021,4,Netherlands,HUMAN_OBSERVATION
52.95,5.7,2021,4,Netherlands,HUMAN_OBSERVATION
52.95,5.7,2021,4,Netherlands,HUMAN_OBSERVATION
52.95,5.7,2021,4,Netherlands,HUMAN_OBSERVATION
52.95,5.7,2021,4,Netherlands,HUMAN_OBSERVATION
52.95,5.7,2021,5,Netherlands,HUMAN_OBSERVATION
52.95,5.7,2021,5,Netherlands,HUMAN_OBSERVATION
52.95,5.7,2021,6,Netherlands,HUMAN_OBSERVATION
52.95,5.7,2021,8,Netherlands,HUMAN_OBSERVATION
52.95,5.7,2021,10,Netherlands,HUMAN_OBSERVATION
52.95,5.7,2020,4,Netherlands,HUMAN_OBSERVATION
52.95,5.7,2020,4,Netherlands,HUMAN_OBSERVATION
52.95,5.7,2020,6,Netherlands,HUMAN_OBSERVATION
52.95,5.75,2024,6,Netherlands,HUMAN_OBSERVATION
52.957783,10.594139,2022,5,Germany,HUMAN_OBSERVATION
52.966938,14.110865,2024,7,Germany,HUMAN_OBSERVATION
52.986306,36.093382,2024,6,Russian Federation,HUMAN_OBSERVATION
52.992456,14.14834,2024,7,Germany,HUMAN_OBSERVATION
53,4.75,2023,10,Netherlands,HUMAN_OBSERVATION
53,4.85,2022,4,Netherlands,HUMAN_OBSERVATION
53,5.65,2024,5,Netherlands,HUMAN_OBSERVATION
53,5.65,2024,8,Netherlands,HUMAN_OBSERVATION
53,5.7,2022,6,Netherlands,HUMAN_OBSERVATION
53,5.7,2022,7,Netherlands,HUMAN_OBSERVATION
53,5.7,2021,5,Netherlands,HUMAN_OBSERVATION
53,5.7,2021,9,Netherlands,HUMAN_OBSERVATION
53,5.7,2021,9,Netherlands,HUMAN_OBSERVATION
53,5.7,2021,9,Netherlands,HUMAN_OBSERVATION
53,5.7,2021,9,Netherlands,HUMAN_OBSERVATION
53,5.75,2025,2,Netherlands,HUMAN_OBSERVATION
53,5.75,2022,10,Netherlands,HUMAN_OBSERVATION
53,5.75,2022,10,Netherlands,HUMAN_OBSERVATION
53,5.75,2022,10,Netherlands,HUMAN_OBSERVATION
53.05,5.3,2022,8,Netherlands,HUMAN_OBSERVATION
53.05,5.35,2022,8,Netherlands,HUMAN_OBSERVATION
53.05,5.35,2022,8,Netherlands,HUMAN_OBSERVATION
53.05,5.85,2024,8,Netherlands,HUMAN_OBSERVATION
53.05,5.85,2022,10,Netherlands,HUMAN_OBSERVATION
53.05,5.85,2022,10,Netherlands,HUMAN_OBSERVATION
53.068592,8.814742,2023,5,Germany,HUMAN_OBSERVATION
53.077042,8.814584,2023,5,Germany,HUMAN_OBSERVATION
53.1,5.85,2024,11,Netherlands,HUMAN_OBSERVATION
53.1,5.85,2022,8,Netherlands,HUMAN_OBSERVATION
53.1,5.85,2020,5,Netherlands,HUMAN_OBSERVATION
53.1,5.9,2023,9,Netherlands,HUMAN_OBSERVATION
53.1,5.9,2022,6,Netherlands,HUMAN_OBSERVATION
53.1,5.9,2022,6,Netherlands,HUMAN_OBSERVATION
53.1,5.9,2022,8,Netherlands,HUMAN_OBSERVATION
53.1,5.9,2021,5,Netherlands,HUMAN_OBSERVATION
53.1,5.9,2021,8,Netherlands,HUMAN_OBSERVATION
53.1,5.95,2022,7,Netherlands,HUMAN_OBSERVATION
53.1,6.05,2025,5,Netherlands,HUMAN_OBSERVATION
53.1,6.05,2024,5,Netherlands,HUMAN_OBSERVATION
53.1,6.05,2024,5,Netherlands,HUMAN_OBSERVATION
53.15,5.4,2023,8,Netherlands,HUMAN_OBSERVATION
53.15,5.75,2024,7,Netherlands,HUMAN_OBSERVATION
53.15,5.75,2024,7,Netherlands,HUMAN_OBSERVATION
53.15,5.75,2023,12,Netherlands,HUMAN_OBSERVATION
53.15,5.8,2022,10,Netherlands,HUMAN_OBSERVATION
53.15,6,2023,6,Netherlands,HUMAN_OBSERVATION
53.15,6,2023,8,Netherlands,HUMAN_OBSERVATION
53.15,6,2022,10,Netherlands,HUMAN_OBSERVATION
53.15,6,2022,10,Netherlands,HUMAN_OBSERVATION
53.15,6,2021,5,Netherlands,HUMAN_OBSERVATION
53.15,6.05,2023,5,Netherlands,HUMAN_OBSERVATION
53.15,6.05,2021,1,Netherlands,HUMAN_OBSERVATION
53.15,6.05,2021,2,Netherlands,HUMAN_OBSERVATION
53.15,6.55,2024,8,Netherlands,HUMAN_OBSERVATION
53.15,6.6,2024,6,Netherlands,HUMAN_OBSERVATION
53.15,6.65,2024,6,Netherlands,HUMAN_OBSERVATION
53.15,6.65,2024,6,Netherlands,HUMAN_OBSERVATION
53.1777,49.7149,2017,1,Russian Federation,MATERIAL_SAMPLE
53.2,5.4,2022,11,Netherlands,HUMAN_OBSERVATION
53.2,5.8,2024,7,Netherlands,HUMAN_OBSERVATION
53.2,5.8,2022,8,Netherlands,HUMAN_OBSERVATION
53.2,5.85,2022,5,Netherlands,HUMAN_OBSERVATION
53.2,5.85,2022,5,Netherlands,HUMAN_OBSERVATION
53.2,5.85,2020,6,Netherlands,HUMAN_OBSERVATION
53.2,6,2023,8,Netherlands,HUMAN_OBSERVATION
53.2,6.05,2025,6,Netherlands,HUMAN_OBSERVATION
53.2,6.05,2023,5,Netherlands,HUMAN_OBSERVATION
53.2,6.05,2022,8,Netherlands,HUMAN_OBSERVATION
53.2,6.05,2022,8,Netherlands,HUMAN_OBSERVATION
53.2,6.05,2022,8,Netherlands,HUMAN_OBSERVATION
53.2,6.05,2022,8,Netherlands,HUMAN_OBSERVATION
53.2,6.15,2024,9,Netherlands,HUMAN_OBSERVATION
53.2,6.15,2022,6,Netherlands,HUMAN_OBSERVATION
53.2,6.15,2021,8,Netherlands,HUMAN_OBSERVATION
53.2,6.15,2021,9,Netherlands,HUMAN_OBSERVATION
53.2,6.15,2020,4,Netherlands,HUMAN_OBSERVATION
53.2,6.3,2023,5,Netherlands,HUMAN_OBSERVATION
53.2,6.35,2024,5,Netherlands,HUMAN_OBSERVATION
53.2,6.55,2024,5,Netherlands,HUMAN_OBSERVATION
53.2,6.55,2024,7,Netherlands,HUMAN_OBSERVATION
53.2,6.55,2024,10,Netherlands,HUMAN_OBSERVATION
53.2,6.55,2023,3,Netherlands,HUMAN_OBSERVATION
53.2,6.6,2023,3,Netherlands,HUMAN_OBSERVATION
53.241119,10.882602,2024,7,Germany,HUMAN_OBSERVATION
53.25,5.65,2024,7,Netherlands,HUMAN_OBSERVATION
53.25,6.05,2023,9,Netherlands,HUMAN_OBSERVATION
53.25,6.05,2023,9,Netherlands,HUMAN_OBSERVATION
53.25,6.05,2021,8,Netherlands,HUMAN_OBSERVATION
53.25,6.05,2020,4,Netherlands,HUMAN_OBSERVATION
53.25,6.15,2023,8,Netherlands,HUMAN_OBSERVATION
53.25,7,2023,8,Netherlands,HUMAN_OBSERVATION
53.250428,10.857805,2023,9,Germany,HUMAN_OBSERVATION
53.3,6.1,2022,3,Netherlands,HUMAN_OBSERVATION
53.3,6.15,2022,3,Netherlands,HUMAN_OBSERVATION
53.3,6.25,2024,10,Netherlands,HUMAN_OBSERVATION
53.3,6.9,2022,4,Netherlands,HUMAN_OBSERVATION
53.35,6.1,2020,3,Netherlands,HUMAN_OBSERVATION
53.35,6.15,2024,4,Netherlands,HUMAN_OBSERVATION
53.35,6.15,2024,5,Netherlands,HUMAN_OBSERVATION
53.35,6.15,2024,5,Netherlands,HUMAN_OBSERVATION
53.35,6.15,2024,5,Netherlands,HUMAN_OBSERVATION
53.35,6.15,2023,7,Netherlands,HUMAN_OBSERVATION
53.35,6.15,2022,4,Netherlands,HUMAN_OBSERVATION
53.35,6.15,2022,10,Netherlands,HUMAN_OBSERVATION
53.35,6.15,2021,4,Netherlands,HUMAN_OBSERVATION
53.35,6.2,2024,5,Netherlands,HUMAN_OBSERVATION
53.4,6.2,2024,6,Netherlands,HUMAN_OBSERVATION
53.544425,36.230725,2023,8,Russian Federation,HUMAN_OBSERVATION
53.554116,36.264123,2023,8,Russian Federation,HUMAN_OBSERVATION
53.791828,12.204523,2021,2,Germany,HUMAN_OBSERVATION
53.893,10.891,2011,8,Germany,MATERIAL_SAMPLE
53.904415,10.721283,2024,6,Germany,HUMAN_OBSERVATION
53.91,10.709,2012,9,Germany,MATERIAL_SAMPLE
53.959469,10.880928,2024,1,Germany,HUMAN_OBSERVATION
54.010275,13.852289,2021,7,Germany,HUMAN_OBSERVATION
54.026505,13.9212,2023,9,Germany,HUMAN_OBSERVATION
54.056728,40.133562,2022,8,Russian Federation,HUMAN_OBSERVATION
54.056739,40.134147,2022,8,Russian Federation,HUMAN_OBSERVATION
54.056935,40.133881,2022,8,Russian Federation,HUMAN_OBSERVATION
54.057004,40.133851,2022,8,Russian Federation,HUMAN_OBSERVATION
54.065302,40.146428,2024,7,Russian Federation,HUMAN_OBSERVATION
54.154806,11.897702,2024,4,Germany,HUMAN_OBSERVATION
54.167333,12.095,2023,7,Germany,MATERIAL_SAMPLE
54.173889,12.094444,2023,7,Germany,MATERIAL_SAMPLE
54.173889,12.094444,2023,7,Germany,MATERIAL_SAMPLE
54.174444,12.095,2023,8,Germany,MATERIAL_SAMPLE
54.174686,11.943639,2024,9,Germany,HUMAN_OBSERVATION
54.17786,12.104702,2022,11,Germany,HUMAN_OBSERVATION
54.199,9.556,2012,5,Germany,MATERIAL_SAMPLE
54.205922,13.770609,2024,10,Germany,HUMAN_OBSERVATION
54.208778,13.769841,2023,10,Germany,HUMAN_OBSERVATION
54.279706,18.639814,,,Poland,OCCURRENCE
54.28207,13.708898,2023,6,Germany,HUMAN_OBSERVATION
54.295886,19.470817,,,Poland,OCCURRENCE
54.316832,48.419411,2023,7,Russian Federation,HUMAN_OBSERVATION
54.317364,48.419251,2023,7,Russian Federation,HUMAN_OBSERVATION
54.317456,48.41917,2023,7,Russian Federation,HUMAN_OBSERVATION
54.317467,48.419191,2023,7,Russian Federation,HUMAN_OBSERVATION
54.341,9.964,2012,9,Germany,MATERIAL_SAMPLE
54.346,9.757,2011,12,Germany,MATERIAL_SAMPLE
54.348202,18.7908,2023,6,Poland,HUMAN_OBSERVATION
54.350794,18.942537,2024,12,Poland,HUMAN_OBSERVATION
54.353557,19.215794,2022,5,Poland,HUMAN_OBSERVATION
54.354728,19.727056,,,Poland,OCCURRENCE
54.357234,10.178342,2024,8,Germany,HUMAN_OBSERVATION
54.358255,18.960001,2024,10,Poland,HUMAN_OBSERVATION
54.382809,10.166516,2023,7,Germany,HUMAN_OBSERVATION
54.398243,10.193638,2022,10,Germany,HUMAN_OBSERVATION
54.4,18.7,2015,8,Poland,MATERIAL_SAMPLE
54.4,18.7,2015,8,Poland,MATERIAL_SAMPLE
54.40639,10.193395,2024,7,Germany,HUMAN_OBSERVATION
54.40639,10.193395,2024,7,Germany,HUMAN_OBSERVATION
54.407284,18.661238,2025,4,Poland,HUMAN_OBSERVATION
54.410288,18.658889,2022,6,Poland,HUMAN_OBSERVATION
54.433324,10.17057,2023,8,Germany,HUMAN_OBSERVATION
54.47881,38.778309,2024,8,Russian Federation,HUMAN_OBSERVATION
54.481568,10.068471,2022,7,Germany,HUMAN_OBSERVATION
54.48522,18.57111,2019,,Poland,OCCURRENCE
54.48522,18.57111,,,Poland,OCCURRENCE
54.48522,18.57111,,,Poland,OCCURRENCE
54.48717,38.785848,2024,8,Russian Federation,HUMAN_OBSERVATION
54.488561,38.787349,2024,7,Russian Federation,HUMAN_OBSERVATION
54.508226,10.184437,2025,4,Germany,HUMAN_OBSERVATION
54.51972,37.068768,2021,8,Russian Federation,HUMAN_OBSERVATION
54.576184,18.541787,2024,11,Poland,HUMAN_OBSERVATION
54.576659,20.002391,2022,2,Russian Federation,HUMAN_OBSERVATION
54.630711,18.442011,,,Poland,OCCURRENCE
54.638304,37.197417,2023,5,Russian Federation,HUMAN_OBSERVATION
54.695529,11.973966,2025,5,Denmark,HUMAN_OBSERVATION
54.719,11.900413,2025,4,Denmark,HUMAN_OBSERVATION
54.727325,18.394461,,,Poland,OCCURRENCE
54.737867,18.406528,2024,10,Poland,HUMAN_OBSERVATION
54.747106,18.538692,2022,5,Poland,HUMAN_OBSERVATION
54.758495,11.866924,2021,4,Denmark,HUMAN_OBSERVATION
54.758738,18.504026,2025,4,Poland,HUMAN_OBSERVATION
54.763172,11.866263,2024,5,Denmark,HUMAN_OBSERVATION
54.851297,37.920914,2021,10,Russian Federation,HUMAN_OBSERVATION
54.862354,11.43405,2023,9,Denmark,HUMAN_OBSERVATION
54.87955,19.943021,2024,7,Russian Federation,HUMAN_OBSERVATION
54.886349,19.949113,2023,7,Russian Federation,HUMAN_OBSERVATION
55.039611,12.193852,2025,6,Denmark,HUMAN_OBSERVATION
55.044433,9.704693,2025,5,Denmark,HUMAN_OBSERVATION
55.093308,10.235725,2024,9,Denmark,HUMAN_OBSERVATION
55.122164,53.693116,2022,7,Russian Federation,HUMAN_OBSERVATION
55.14015,11.819775,2024,10,Denmark,HUMAN_OBSERVATION
55.183625,37.39495,2021,5,Russian Federation,HUMAN_OBSERVATION
55.190326,11.470327,2022,7,Denmark,HUMAN_OBSERVATION
55.231194,11.750546,2024,12,Denmark,HUMAN_OBSERVATION
55.293687,20.966863,2022,4,Lithuania,HUMAN_OBSERVATION
55.33935,21.188947,2023,7,Lithuania,HUMAN_OBSERVATION
55.35449,13.2292,2022,6,Sweden,HUMAN_OBSERVATION
55.376006,49.977066,2021,10,Russian Federation,HUMAN_OBSERVATION
55.376064,49.977156,2021,10,Russian Federation,HUMAN_OBSERVATION
55.376211,49.977555,2021,10,Russian Federation,HUMAN_OBSERVATION
55.379943,42.013995,2022,6,Russian Federation,HUMAN_OBSERVATION
55.386899,50.655872,2023,7,Russian Federation,HUMAN_OBSERVATION
55.387711,49.999652,2021,8,Russian Federation,HUMAN_OBSERVATION
55.39846,12.94394,2021,8,Sweden,HUMAN_OBSERVATION
55.39855,12.94311,2023,6,Sweden,HUMAN_OBSERVATION
55.41433,12.94255,2024,5,Sweden,HUMAN_OBSERVATION
55.41433,12.94255,2023,6,Sweden,HUMAN_OBSERVATION
55.42625,13.81675,2021,9,Sweden,HUMAN_OBSERVATION
55.475086,10.559528,2024,5,Denmark,HUMAN_OBSERVATION
55.521065,12.220383,2021,3,Denmark,HUMAN_OBSERVATION
55.52499,12.89644,2021,7,Sweden,HUMAN_OBSERVATION
55.525,12.89588,2024,5,Sweden,HUMAN_OBSERVATION
55.52553,12.89945,2024,5,Sweden,HUMAN_OBSERVATION
55.52555,12.90167,2024,5,Sweden,HUMAN_OBSERVATION
55.539853,12.908655,2021,5,Sweden,HUMAN_OBSERVATION
55.53987,12.90838,2021,5,Sweden,HUMAN_OBSERVATION
55.541846,21.123117,2021,7,Lithuania,HUMAN_OBSERVATION
55.551937,21.128694,2024,10,Lithuania,HUMAN_OBSERVATION
55.577478,10.159015,2024,9,Denmark,HUMAN_OBSERVATION
55.588029,12.679087,2024,7,Denmark,HUMAN_OBSERVATION
55.59186,12.92913,2022,5,Sweden,HUMAN_OBSERVATION
55.592075,12.682183,2024,7,Denmark,HUMAN_OBSERVATION
55.592079,12.68224,2024,7,Denmark,HUMAN_OBSERVATION
55.59371,12.675907,2022,5,Denmark,HUMAN_OBSERVATION
55.59523,12.92794,2020,4,Sweden,HUMAN_OBSERVATION
55.59528,12.92886,2023,7,Sweden,HUMAN_OBSERVATION
55.595368,12.926515,2023,6,Sweden,HUMAN_OBSERVATION
55.595368,12.926515,2023,6,Sweden,HUMAN_OBSERVATION
55.595368,12.926515,2023,6,Sweden,HUMAN_OBSERVATION
55.595368,12.926515,2023,6,Sweden,HUMAN_OBSERVATION
55.599717,12.948428,2022,9,Sweden,HUMAN_OBSERVATION
55.60216,12.96036,2020,4,Sweden,HUMAN_OBSERVATION
55.602345,12.673156,2023,7,Denmark,HUMAN_OBSERVATION
55.602345,12.673156,2023,7,Denmark,HUMAN_OBSERVATION
55.604852,12.393833,2023,6,Denmark,HUMAN_OBSERVATION
55.611775,12.78735,2024,5,Denmark,HUMAN_OBSERVATION
55.626025,12.502442,2022,9,Denmark,HUMAN_OBSERVATION
55.626057,12.50236,2023,9,Denmark,HUMAN_OBSERVATION
55.630612,37.770382,2024,9,Russian Federation,HUMAN_OBSERVATION
55.630612,37.771776,2023,9,Russian Federation,HUMAN_OBSERVATION
55.630616,37.770526,2024,9,Russian Federation,HUMAN_OBSERVATION
55.630659,37.771612,2024,9,Russian Federation,HUMAN_OBSERVATION
55.63066,37.77062,2024,9,Russian Federation,HUMAN_OBSERVATION
55.630661,37.770615,2024,9,Russian Federation,HUMAN_OBSERVATION
55.630663,37.771601,2024,9,Russian Federation,HUMAN_OBSERVATION
55.630669,37.771601,2024,9,Russian Federation,HUMAN_OBSERVATION
55.630683,37.770656,2024,9,Russian Federation,HUMAN_OBSERVATION
55.632835,12.530962,2024,4,Denmark,HUMAN_OBSERVATION
55.642918,12.55181,2021,5,Denmark,HUMAN_OBSERVATION
55.643313,12.5504,2025,4,Denmark,HUMAN_OBSERVATION
55.643314,12.647864,2022,10,Denmark,HUMAN_OBSERVATION
55.643475,12.550591,2025,5,Denmark,HUMAN_OBSERVATION
55.644508,12.648658,2025,6,Denmark,HUMAN_OBSERVATION
55.647997,37.973967,2022,2,Russian Federation,HUMAN_OBSERVATION
55.657303,37.672983,2022,1,Russian Federation,HUMAN_OBSERVATION
55.663228,12.637906,2023,10,Denmark,HUMAN_OBSERVATION
55.669527,12.581711,2022,5,Denmark,HUMAN_OBSERVATION
55.68911,37.751981,2023,9,Russian Federation,HUMAN_OBSERVATION
55.69261,37.781333,2022,6,Russian Federation,HUMAN_OBSERVATION
55.692613,37.781687,2022,7,Russian Federation,HUMAN_OBSERVATION
55.698722,36.713058,2024,7,Russian Federation,HUMAN_OBSERVATION
55.699532,37.670058,2022,6,Russian Federation,HUMAN_OBSERVATION
55.699991,37.668368,2022,6,Russian Federation,HUMAN_OBSERVATION
55.717489,12.583948,2022,10,Denmark,HUMAN_OBSERVATION
55.717778,12.630278,2023,8,Denmark,MATERIAL_SAMPLE
55.719374,12.585432,2023,6,Denmark,HUMAN_OBSERVATION
55.724858,37.597278,2020,6,Russian Federation,HUMAN_OBSERVATION
55.735987,52.360507,2025,4,Russian Federation,HUMAN_OBSERVATION
55.736397,52.359188,2025,5,Russian Federation,HUMAN_OBSERVATION
55.74335,12.9406,2021,8,Sweden,HUMAN_OBSERVATION
55.74394,12.91855,2021,8,Sweden,HUMAN_OBSERVATION
55.75077,12.90108,2022,8,Sweden,HUMAN_OBSERVATION
55.751015,52.370988,2025,3,Russian Federation,HUMAN_OBSERVATION
55.761625,49.136325,2023,9,Russian Federation,HUMAN_OBSERVATION
55.77009,12.91005,2021,8,Sweden,HUMAN_OBSERVATION
55.785888,21.069626,2022,7,Lithuania,HUMAN_OBSERVATION
55.787314,48.726506,2023,7,Russian Federation,HUMAN_OBSERVATION
55.78855,14.191964,2023,5,Sweden,HUMAN_OBSERVATION
55.79197,21.068395,2021,8,Lithuania,HUMAN_OBSERVATION
55.794437,37.446833,2022,5,Russian Federation,HUMAN_OBSERVATION
55.798072,48.988008,2022,9,Russian Federation,HUMAN_OBSERVATION
55.801901,37.335964,2025,5,Russian Federation,HUMAN_OBSERVATION
55.844134,37.411141,2024,8,Russian Federation,HUMAN_OBSERVATION
55.90976,14.32267,2022,5,Sweden,HUMAN_OBSERVATION
55.91608,14.32051,2022,5,Sweden,HUMAN_OBSERVATION
55.920047,21.048036,2021,5,Lithuania,HUMAN_OBSERVATION
55.92408,14.33532,2022,7,Sweden,HUMAN_OBSERVATION
55.9504,47.997,2016,8,Russian Federation,MATERIAL_SAMPLE
56.00565,14.63044,2022,8,Sweden,HUMAN_OBSERVATION
56.006567,36.821128,2022,7,Russian Federation,HUMAN_OBSERVATION
56.008793,14.856621,2024,8,Sweden,HUMAN_OBSERVATION
56.025972,21.03432,2023,8,Lithuania,HUMAN_OBSERVATION
56.03014,15.77884,2022,8,Sweden,HUMAN_OBSERVATION
56.03705,15.74839,2022,10,Sweden,MATERIAL_SAMPLE
56.03705,15.74839,2021,9,Sweden,MATERIAL_SAMPLE
56.041865,12.617968,2022,8,Denmark,HUMAN_OBSERVATION
56.0596,15.77652,2020,4,Sweden,HUMAN_OBSERVATION
56.07225,15.74915,2022,9,Sweden,MATERIAL_SAMPLE
56.07225,15.74915,2022,9,Sweden,MATERIAL_SAMPLE
56.07225,15.74915,2019,10,Sweden,MATERIAL_SAMPLE
56.08282,15.7451,2024,6,Sweden,HUMAN_OBSERVATION
56.094319,43.037793,2023,7,Russian Federation,HUMAN_OBSERVATION
56.095687,43.033988,2023,7,Russian Federation,HUMAN_OBSERVATION
56.09891,15.78556,2021,7,Sweden,HUMAN_OBSERVATION
56.11539,15.70598,2021,5,Sweden,HUMAN_OBSERVATION
56.1158,15.70601,2021,5,Sweden,HUMAN_OBSERVATION
56.11662,14.95956,2022,9,Sweden,MATERIAL_SAMPLE
56.11662,14.95956,2019,10,Sweden,MATERIAL_SAMPLE
56.11671,14.70249,2022,8,Sweden,HUMAN_OBSERVATION
56.11743,15.70155,2021,5,Sweden,HUMAN_OBSERVATION
56.1184,15.70882,2021,5,Sweden,HUMAN_OBSERVATION
56.122355,47.756378,2023,9,Russian Federation,HUMAN_OBSERVATION
56.1324,45.9461,2017,8,Russian Federation,MATERIAL_SAMPLE
56.13469,15.38459,2021,8,Sweden,HUMAN_OBSERVATION
56.14174,14.83043,2023,1,Sweden,HUMAN_OBSERVATION
56.144432,47.242088,2023,7,Russian Federation,HUMAN_OBSERVATION
56.14465,15.4101,2021,7,Sweden,HUMAN_OBSERVATION
56.1463,47.4253,2015,9,Russian Federation,MATERIAL_SAMPLE
56.1484,47.3982,2017,8,Russian Federation,MATERIAL_SAMPLE
56.15114,14.78579,2021,5,Sweden,HUMAN_OBSERVATION
56.151232,47.105162,2024,9,Russian Federation,HUMAN_OBSERVATION
56.158765,21.020226,2021,7,Latvia,HUMAN_OBSERVATION
56.159865,21.01978,2021,7,Latvia,HUMAN_OBSERVATION
56.16177,15.56375,2023,7,Sweden,HUMAN_OBSERVATION
56.166229,21.015784,2022,8,Latvia,HUMAN_OBSERVATION
56.17,15.58679,2025,4,Sweden,HUMAN_OBSERVATION
56.17,15.58679,2025,4,Sweden,HUMAN_OBSERVATION
56.17,15.58679,2025,5,Sweden,HUMAN_OBSERVATION
56.17,15.58679,2025,5,Sweden,HUMAN_OBSERVATION
56.170011,15.586687,2025,5,Sweden,HUMAN_OBSERVATION
56.17328,15.56628,2024,7,Sweden,HUMAN_OBSERVATION
56.18579,15.56046,2025,4,Sweden,HUMAN_OBSERVATION
56.19286,15.57902,2022,8,Sweden,HUMAN_OBSERVATION
56.19589,16.39619,2023,5,Sweden,HUMAN_OBSERVATION
56.1983,12.55243,2025,5,Sweden,HUMAN_OBSERVATION
56.21071,15.59707,2023,4,Sweden,HUMAN_OBSERVATION
56.24987,16.48516,2023,6,Sweden,HUMAN_OBSERVATION
56.2642,16.39976,2024,5,Sweden,HUMAN_OBSERVATION
56.33176,16.54585,2024,6,Sweden,HUMAN_OBSERVATION
56.41707,16.40486,2020,5,Sweden,HUMAN_OBSERVATION
56.4183,16.40387,2022,8,Sweden,HUMAN_OBSERVATION
56.429,12.62609,2023,9,Sweden,HUMAN_OBSERVATION
56.44459,16.13754,2022,8,Sweden,HUMAN_OBSERVATION
56.445511,9.960011,2023,7,Denmark,HUMAN_OBSERVATION
56.45818,12.76943,2025,5,Sweden,HUMAN_OBSERVATION
56.471948,10.207245,2023,9,Denmark,HUMAN_OBSERVATION
56.47702,16.37416,2022,8,Sweden,HUMAN_OBSERVATION
56.500715,20.991504,2021,7,Latvia,HUMAN_OBSERVATION
56.502778,10.2275,2022,8,Denmark,HUMAN_OBSERVATION
56.64949,12.8444,2022,7,Sweden,HUMAN_OBSERVATION
56.65051,16.33354,2021,6,Sweden,HUMAN_OBSERVATION
56.7678,36.7328,2014,9,Russian Federation,MATERIAL_SAMPLE
56.78559,16.40531,2025,4,Sweden,HUMAN_OBSERVATION
56.88242,16.70346,2021,6,Sweden,HUMAN_OBSERVATION
56.90072,16.72441,2022,7,Sweden,HUMAN_OBSERVATION
56.991284,43.168052,2024,8,Russian Federation,HUMAN_OBSERVATION
57.00738,16.51676,2024,7,Sweden,HUMAN_OBSERVATION
57.03445,18.2364,2022,8,Sweden,HUMAN_OBSERVATION
57.03542,18.22701,2022,8,Sweden,HUMAN_OBSERVATION
57.03542,18.22701,2022,8,Sweden,HUMAN_OBSERVATION
57.03542,18.22701,2022,8,Sweden,HUMAN_OBSERVATION
57.03588,18.23415,2022,8,Sweden,HUMAN_OBSERVATION
57.03588,18.23415,2022,8,Sweden,HUMAN_OBSERVATION
57.03628,18.23302,2022,8,Sweden,HUMAN_OBSERVATION
57.03628,18.23302,2022,8,Sweden,HUMAN_OBSERVATION
57.05147,18.23995,2022,8,Sweden,HUMAN_OBSERVATION
57.05155,18.21305,2022,8,Sweden,HUMAN_OBSERVATION
57.05155,18.21305,2022,8,Sweden,HUMAN_OBSERVATION
57.05155,18.21305,2022,8,Sweden,HUMAN_OBSERVATION
57.05295,18.23132,2022,8,Sweden,HUMAN_OBSERVATION
57.05295,18.23132,2022,8,Sweden,HUMAN_OBSERVATION
57.06484,16.54789,2023,11,Sweden,HUMAN_OBSERVATION
57.06523,16.55591,2023,11,Sweden,HUMAN_OBSERVATION
57.0655,16.5592,2023,11,Sweden,HUMAN_OBSERVATION
57.0688,16.55577,2023,11,Sweden,HUMAN_OBSERVATION
57.0741,16.55615,2023,11,Sweden,HUMAN_OBSERVATION
57.09302,16.98939,2022,1,Sweden,HUMAN_OBSERVATION
57.16561,16.52794,2021,7,Sweden,HUMAN_OBSERVATION
57.16838,16.53175,2021,7,Sweden,HUMAN_OBSERVATION
57.17002,18.4946,2024,12,Sweden,HUMAN_OBSERVATION
57.17201,18.49361,2024,12,Sweden,HUMAN_OBSERVATION
57.17209,18.49252,2024,12,Sweden,HUMAN_OBSERVATION
57.17395,18.49412,2023,9,Sweden,HUMAN_OBSERVATION
57.17405,18.4936,2023,9,Sweden,HUMAN_OBSERVATION
57.17413,18.49288,2024,12,Sweden,HUMAN_OBSERVATION
57.17439,18.49468,2023,9,Sweden,HUMAN_OBSERVATION
57.17439,18.49468,2023,9,Sweden,HUMAN_OBSERVATION
57.17473,18.49364,2023,9,Sweden,HUMAN_OBSERVATION
57.21123,18.15263,2021,3,Sweden,HUMAN_OBSERVATION
57.22205,16.95094,2021,6,Sweden,HUMAN_OBSERVATION
57.24858,17.0759,2021,7,Sweden,HUMAN_OBSERVATION
57.255574,37.865279,2021,8,Russian Federation,HUMAN_OBSERVATION
57.265312,37.820236,2021,8,Russian Federation,HUMAN_OBSERVATION
57.272966,37.725581,2021,8,Russian Federation,HUMAN_OBSERVATION
57.28007,18.7114,2022,9,Sweden,HUMAN_OBSERVATION
57.28007,18.7114,2022,9,Sweden,HUMAN_OBSERVATION
57.28007,18.7114,2022,9,Sweden,HUMAN_OBSERVATION
57.28066,18.70125,2022,9,Sweden,HUMAN_OBSERVATION
57.28066,18.70125,2022,9,Sweden,HUMAN_OBSERVATION
57.28066,18.70125,2022,9,Sweden,HUMAN_OBSERVATION
57.28066,18.70125,2022,9,Sweden,HUMAN_OBSERVATION
57.28066,18.70125,2022,9,Sweden,HUMAN_OBSERVATION
57.28365,18.73043,2022,9,Sweden,HUMAN_OBSERVATION
57.28365,18.73043,2022,9,Sweden,HUMAN_OBSERVATION
57.28365,18.73043,2022,9,Sweden,HUMAN_OBSERVATION
57.28617,18.7248,2022,9,Sweden,HUMAN_OBSERVATION
57.28788,18.72795,2022,9,Sweden,HUMAN_OBSERVATION
57.28788,18.72795,2022,9,Sweden,HUMAN_OBSERVATION
57.28805,18.74267,2022,9,Sweden,HUMAN_OBSERVATION
57.28922,18.73887,2022,9,Sweden,HUMAN_OBSERVATION
57.28922,18.73887,2022,9,Sweden,HUMAN_OBSERVATION
57.28968,18.74043,2022,9,Sweden,HUMAN_OBSERVATION
57.28968,18.74043,2022,9,Sweden,HUMAN_OBSERVATION
57.29088,16.50548,2024,8,Sweden,HUMAN_OBSERVATION
57.29953,18.67309,2025,5,Sweden,HUMAN_OBSERVATION
57.30808,18.14892,2023,9,Sweden,HUMAN_OBSERVATION
57.30845,18.14962,2023,9,Sweden,HUMAN_OBSERVATION
57.34289,17.11271,2022,6,Sweden,HUMAN_OBSERVATION
57.37768,16.65018,2021,8,Sweden,HUMAN_OBSERVATION
57.3799,16.63926,2021,8,Sweden,HUMAN_OBSERVATION
57.38237,16.64147,2022,8,Sweden,HUMAN_OBSERVATION
57.38237,16.64147,2021,8,Sweden,HUMAN_OBSERVATION
57.38481,16.66157,2021,8,Sweden,HUMAN_OBSERVATION
57.38957,16.63884,2021,8,Sweden,HUMAN_OBSERVATION
57.39153,16.65991,2021,8,Sweden,HUMAN_OBSERVATION
57.39462,16.66356,2022,8,Sweden,HUMAN_OBSERVATION
57.39817,16.64549,2022,8,Sweden,HUMAN_OBSERVATION
57.40083,16.64982,2022,8,Sweden,HUMAN_OBSERVATION
57.40157,18.15652,2022,8,Sweden,HUMAN_OBSERVATION
57.40157,18.15652,2022,8,Sweden,HUMAN_OBSERVATION
57.402,18.15733,2022,8,Sweden,HUMAN_OBSERVATION
57.40213,18.15884,2022,8,Sweden,HUMAN_OBSERVATION
57.40218,18.15692,2022,8,Sweden,HUMAN_OBSERVATION
57.40218,18.15692,2022,8,Sweden,HUMAN_OBSERVATION
57.40243,18.1559,2022,8,Sweden,HUMAN_OBSERVATION
57.40269,16.65733,2021,8,Sweden,HUMAN_OBSERVATION
57.411494,55.530781,2022,8,Russian Federation,HUMAN_OBSERVATION
57.41559,16.68388,2022,4,Sweden,HUMAN_OBSERVATION
57.41559,16.68388,2022,5,Sweden,HUMAN_OBSERVATION
57.41559,16.68388,2022,5,Sweden,HUMAN_OBSERVATION
57.41559,16.68388,2022,6,Sweden,HUMAN_OBSERVATION
57.41559,16.68388,2022,6,Sweden,HUMAN_OBSERVATION
57.41559,16.68388,2021,4,Sweden,HUMAN_OBSERVATION
57.41559,16.68388,2021,5,Sweden,HUMAN_OBSERVATION
57.41559,16.68388,2021,5,Sweden,HUMAN_OBSERVATION
57.41578,16.68717,2022,4,Sweden,HUMAN_OBSERVATION
57.41578,16.68717,2021,4,Sweden,HUMAN_OBSERVATION
57.41649,16.692,2022,4,Sweden,HUMAN_OBSERVATION
57.41667,16.68449,2022,4,Sweden,HUMAN_OBSERVATION
57.41667,16.68449,2022,5,Sweden,HUMAN_OBSERVATION
57.41667,16.68449,2022,5,Sweden,HUMAN_OBSERVATION
57.41667,16.68449,2022,6,Sweden,HUMAN_OBSERVATION
57.41667,16.68449,2022,6,Sweden,HUMAN_OBSERVATION
57.41667,16.68449,2021,4,Sweden,HUMAN_OBSERVATION
57.41667,16.68449,2021,4,Sweden,HUMAN_OBSERVATION
57.41667,16.68449,2021,4,Sweden,HUMAN_OBSERVATION
57.41667,16.68449,2021,5,Sweden,HUMAN_OBSERVATION
57.41667,16.68449,2021,6,Sweden,HUMAN_OBSERVATION
57.41733,16.68829,2022,4,Sweden,HUMAN_OBSERVATION
57.41733,16.68829,2022,5,Sweden,HUMAN_OBSERVATION
57.41733,16.68829,2021,4,Sweden,HUMAN_OBSERVATION
57.41733,16.68829,2021,4,Sweden,HUMAN_OBSERVATION
57.41733,16.68829,2021,5,Sweden,HUMAN_OBSERVATION
57.41733,16.68829,2021,5,Sweden,HUMAN_OBSERVATION
57.41817,16.68257,2022,3,Sweden,HUMAN_OBSERVATION
57.41817,16.68257,2022,3,Sweden,HUMAN_OBSERVATION
57.41817,16.68257,2022,3,Sweden,HUMAN_OBSERVATION
57.41817,16.68257,2022,3,Sweden,HUMAN_OBSERVATION
57.41817,16.68257,2022,3,Sweden,HUMAN_OBSERVATION
57.41817,16.68257,2022,4,Sweden,HUMAN_OBSERVATION
57.41817,16.68257,2022,4,Sweden,HUMAN_OBSERVATION
57.41817,16.68257,2022,4,Sweden,HUMAN_OBSERVATION
57.41817,16.68257,2022,4,Sweden,HUMAN_OBSERVATION
57.41817,16.68257,2022,4,Sweden,HUMAN_OBSERVATION
57.41817,16.68257,2022,4,Sweden,HUMAN_OBSERVATION
57.41817,16.68257,2022,4,Sweden,HUMAN_OBSERVATION
57.41817,16.68257,2022,4,Sweden,HUMAN_OBSERVATION
57.41817,16.68257,2022,5,Sweden,HUMAN_OBSERVATION
57.41817,16.68257,2022,5,Sweden,HUMAN_OBSERVATION
57.41817,16.68257,2022,5,Sweden,HUMAN_OBSERVATION
57.41817,16.68257,2022,5,Sweden,HUMAN_OBSERVATION
57.41817,16.68257,2022,5,Sweden,HUMAN_OBSERVATION
57.41817,16.68257,2022,5,Sweden,HUMAN_OBSERVATION
57.41817,16.68257,2022,5,Sweden,HUMAN_OBSERVATION
57.41817,16.68257,2022,5,Sweden,HUMAN_OBSERVATION
57.41817,16.68257,2022,5,Sweden,HUMAN_OBSERVATION
57.41817,16.68257,2022,6,Sweden,HUMAN_OBSERVATION
57.41817,16.68257,2022,6,Sweden,HUMAN_OBSERVATION
57.41817,16.68257,2022,6,Sweden,HUMAN_OBSERVATION
57.41817,16.68257,2022,6,Sweden,HUMAN_OBSERVATION
57.41817,16.68257,2021,3,Sweden,HUMAN_OBSERVATION
57.41817,16.68257,2021,3,Sweden,HUMAN_OBSERVATION
57.41817,16.68257,2021,3,Sweden,HUMAN_OBSERVATION
57.41817,16.68257,2021,4,Sweden,HUMAN_OBSERVATION
57.41817,16.68257,2021,4,Sweden,HUMAN_OBSERVATION
57.41817,16.68257,2021,4,Sweden,HUMAN_OBSERVATION
57.41817,16.68257,2021,4,Sweden,HUMAN_OBSERVATION
57.41817,16.68257,2021,4,Sweden,HUMAN_OBSERVATION
57.41817,16.68257,2021,4,Sweden,HUMAN_OBSERVATION
57.41817,16.68257,2021,4,Sweden,HUMAN_OBSERVATION
57.41817,16.68257,2021,4,Sweden,HUMAN_OBSERVATION
57.41817,16.68257,2021,4,Sweden,HUMAN_OBSERVATION
57.41817,16.68257,2021,5,Sweden,HUMAN_OBSERVATION
57.41817,16.68257,2021,5,Sweden,HUMAN_OBSERVATION
57.41817,16.68257,2021,5,Sweden,HUMAN_OBSERVATION
57.41817,16.68257,2021,5,Sweden,HUMAN_OBSERVATION
57.41817,16.68257,2021,5,Sweden,HUMAN_OBSERVATION
57.41817,16.68257,2021,5,Sweden,HUMAN_OBSERVATION
57.41817,16.68257,2021,5,Sweden,HUMAN_OBSERVATION
57.41817,16.68257,2021,5,Sweden,HUMAN_OBSERVATION
57.41817,16.68257,2021,6,Sweden,HUMAN_OBSERVATION
57.41817,16.68257,2021,6,Sweden,HUMAN_OBSERVATION
57.41838,16.6927,2021,4,Sweden,HUMAN_OBSERVATION
57.41838,16.6927,2021,4,Sweden,HUMAN_OBSERVATION
57.41886,16.68794,2022,4,Sweden,HUMAN_OBSERVATION
57.41886,16.68794,2022,4,Sweden,HUMAN_OBSERVATION
57.41886,16.68794,2022,5,Sweden,HUMAN_OBSERVATION
57.41886,16.68794,2022,6,Sweden,HUMAN_OBSERVATION
57.41886,16.68794,2022,6,Sweden,HUMAN_OBSERVATION
57.41886,16.68794,2021,4,Sweden,HUMAN_OBSERVATION
57.41886,16.68794,2021,4,Sweden,HUMAN_OBSERVATION
57.41886,16.68794,2021,5,Sweden,HUMAN_OBSERVATION
57.41886,16.68794,2021,5,Sweden,HUMAN_OBSERVATION
57.41886,16.68794,2021,6,Sweden,HUMAN_OBSERVATION
57.42028,16.67032,2022,3,Sweden,HUMAN_OBSERVATION
57.42028,16.67032,2022,3,Sweden,HUMAN_OBSERVATION
57.42028,16.67032,2022,3,Sweden,HUMAN_OBSERVATION
57.42028,16.67032,2022,3,Sweden,HUMAN_OBSERVATION
57.42028,16.67032,2022,3,Sweden,HUMAN_OBSERVATION
57.42028,16.67032,2022,4,Sweden,HUMAN_OBSERVATION
57.42028,16.67032,2022,4,Sweden,HUMAN_OBSERVATION
57.42028,16.67032,2022,4,Sweden,HUMAN_OBSERVATION
57.42028,16.67032,2022,4,Sweden,HUMAN_OBSERVATION
57.42028,16.67032,2022,4,Sweden,HUMAN_OBSERVATION
57.42028,16.67032,2022,4,Sweden,HUMAN_OBSERVATION
57.42028,16.67032,2022,4,Sweden,HUMAN_OBSERVATION
57.42028,16.67032,2022,4,Sweden,HUMAN_OBSERVATION
57.42028,16.67032,2022,5,Sweden,HUMAN_OBSERVATION
57.42028,16.67032,2022,5,Sweden,HUMAN_OBSERVATION
57.42028,16.67032,2022,5,Sweden,HUMAN_OBSERVATION
57.42028,16.67032,2022,5,Sweden,HUMAN_OBSERVATION
57.42028,16.67032,2022,5,Sweden,HUMAN_OBSERVATION
57.42028,16.67032,2022,5,Sweden,HUMAN_OBSERVATION
57.42028,16.67032,2022,5,Sweden,HUMAN_OBSERVATION
57.42028,16.67032,2022,5,Sweden,HUMAN_OBSERVATION
57.42028,16.67032,2022,5,Sweden,HUMAN_OBSERVATION
57.42028,16.67032,2022,6,Sweden,HUMAN_OBSERVATION
57.42028,16.67032,2022,6,Sweden,HUMAN_OBSERVATION
57.42028,16.67032,2022,6,Sweden,HUMAN_OBSERVATION
57.42028,16.67032,2022,6,Sweden,HUMAN_OBSERVATION
57.42028,16.67032,2021,3,Sweden,HUMAN_OBSERVATION
57.42028,16.67032,2021,3,Sweden,HUMAN_OBSERVATION
57.42028,16.67032,2021,3,Sweden,HUMAN_OBSERVATION
57.42028,16.67032,2021,4,Sweden,HUMAN_OBSERVATION
57.42028,16.67032,2021,4,Sweden,HUMAN_OBSERVATION
57.42028,16.67032,2021,4,Sweden,HUMAN_OBSERVATION
57.42028,16.67032,2021,4,Sweden,HUMAN_OBSERVATION
57.42028,16.67032,2021,4,Sweden,HUMAN_OBSERVATION
57.42028,16.67032,2021,4,Sweden,HUMAN_OBSERVATION
57.42028,16.67032,2021,4,Sweden,HUMAN_OBSERVATION
57.42028,16.67032,2021,4,Sweden,HUMAN_OBSERVATION
57.42028,16.67032,2021,5,Sweden,HUMAN_OBSERVATION
57.42028,16.67032,2021,5,Sweden,HUMAN_OBSERVATION
57.42028,16.67032,2021,5,Sweden,HUMAN_OBSERVATION
57.42028,16.67032,2021,5,Sweden,HUMAN_OBSERVATION
57.42028,16.67032,2021,5,Sweden,HUMAN_OBSERVATION
57.42028,16.67032,2021,5,Sweden,HUMAN_OBSERVATION
57.42028,16.67032,2021,5,Sweden,HUMAN_OBSERVATION
57.42028,16.67032,2021,5,Sweden,HUMAN_OBSERVATION
57.42028,16.67032,2021,6,Sweden,HUMAN_OBSERVATION
57.42028,16.67032,2021,6,Sweden,HUMAN_OBSERVATION
57.42049,16.68917,2022,4,Sweden,HUMAN_OBSERVATION
57.42049,16.68917,2022,5,Sweden,HUMAN_OBSERVATION
57.42049,16.68917,2022,5,Sweden,HUMAN_OBSERVATION
57.42049,16.68917,2022,6,Sweden,HUMAN_OBSERVATION
57.42049,16.68917,2022,6,Sweden,HUMAN_OBSERVATION
57.42049,16.68917,2021,4,Sweden,HUMAN_OBSERVATION
57.42049,16.68917,2021,5,Sweden,HUMAN_OBSERVATION
57.42049,16.68917,2021,5,Sweden,HUMAN_OBSERVATION
57.42049,16.68917,2021,6,Sweden,HUMAN_OBSERVATION
57.42062,16.66438,2022,3,Sweden,HUMAN_OBSERVATION
57.42062,16.66438,2022,3,Sweden,HUMAN_OBSERVATION
57.42062,16.66438,2022,3,Sweden,HUMAN_OBSERVATION
57.42062,16.66438,2022,3,Sweden,HUMAN_OBSERVATION
57.42062,16.66438,2022,3,Sweden,HUMAN_OBSERVATION
57.42062,16.66438,2022,4,Sweden,HUMAN_OBSERVATION
57.42062,16.66438,2022,4,Sweden,HUMAN_OBSERVATION
57.42062,16.66438,2022,4,Sweden,HUMAN_OBSERVATION
57.42062,16.66438,2022,4,Sweden,HUMAN_OBSERVATION
57.42062,16.66438,2022,4,Sweden,HUMAN_OBSERVATION
57.42062,16.66438,2022,4,Sweden,HUMAN_OBSERVATION
57.42062,16.66438,2022,4,Sweden,HUMAN_OBSERVATION
57.42062,16.66438,2022,4,Sweden,HUMAN_OBSERVATION
57.42062,16.66438,2022,5,Sweden,HUMAN_OBSERVATION
57.42062,16.66438,2022,5,Sweden,HUMAN_OBSERVATION
57.42062,16.66438,2022,5,Sweden,HUMAN_OBSERVATION
57.42062,16.66438,2022,5,Sweden,HUMAN_OBSERVATION
57.42062,16.66438,2022,5,Sweden,HUMAN_OBSERVATION
57.42062,16.66438,2022,5,Sweden,HUMAN_OBSERVATION
57.42062,16.66438,2022,5,Sweden,HUMAN_OBSERVATION
57.42062,16.66438,2022,5,Sweden,HUMAN_OBSERVATION
57.42062,16.66438,2022,5,Sweden,HUMAN_OBSERVATION
57.42062,16.66438,2022,6,Sweden,HUMAN_OBSERVATION
57.42062,16.66438,2022,6,Sweden,HUMAN_OBSERVATION
57.42062,16.66438,2022,6,Sweden,HUMAN_OBSERVATION
57.42062,16.66438,2022,6,Sweden,HUMAN_OBSERVATION
57.42062,16.66438,2021,3,Sweden,HUMAN_OBSERVATION
57.42062,16.66438,2021,3,Sweden,HUMAN_OBSERVATION
57.42062,16.66438,2021,3,Sweden,HUMAN_OBSERVATION
57.42062,16.66438,2021,4,Sweden,HUMAN_OBSERVATION
57.42062,16.66438,2021,4,Sweden,HUMAN_OBSERVATION
57.42062,16.66438,2021,4,Sweden,HUMAN_OBSERVATION
57.42062,16.66438,2021,4,Sweden,HUMAN_OBSERVATION
57.42062,16.66438,2021,4,Sweden,HUMAN_OBSERVATION
57.42062,16.66438,2021,4,Sweden,HUMAN_OBSERVATION
57.42062,16.66438,2021,4,Sweden,HUMAN_OBSERVATION
57.42062,16.66438,2021,4,Sweden,HUMAN_OBSERVATION
57.42062,16.66438,2021,5,Sweden,HUMAN_OBSERVATION
57.42062,16.66438,2021,5,Sweden,HUMAN_OBSERVATION
57.42062,16.66438,2021,5,Sweden,HUMAN_OBSERVATION
57.42062,16.66438,2021,5,Sweden,HUMAN_OBSERVATION
57.42062,16.66438,2021,5,Sweden,HUMAN_OBSERVATION
57.42062,16.66438,2021,5,Sweden,HUMAN_OBSERVATION
57.42062,16.66438,2021,5,Sweden,HUMAN_OBSERVATION
57.42062,16.66438,2021,5,Sweden,HUMAN_OBSERVATION
57.42062,16.66438,2021,6,Sweden,HUMAN_OBSERVATION
57.42223,16.66601,2022,3,Sweden,HUMAN_OBSERVATION
57.42223,16.66601,2022,3,Sweden,HUMAN_OBSERVATION
57.42223,16.66601,2022,3,Sweden,HUMAN_OBSERVATION
57.42223,16.66601,2022,3,Sweden,HUMAN_OBSERVATION
57.42223,16.66601,2022,3,Sweden,HUMAN_OBSERVATION
57.42223,16.66601,2022,4,Sweden,HUMAN_OBSERVATION
57.42223,16.66601,2022,4,Sweden,HUMAN_OBSERVATION
57.42223,16.66601,2022,4,Sweden,HUMAN_OBSERVATION
57.42223,16.66601,2022,4,Sweden,HUMAN_OBSERVATION
57.42223,16.66601,2022,4,Sweden,HUMAN_OBSERVATION
57.42223,16.66601,2022,4,Sweden,HUMAN_OBSERVATION
57.42223,16.66601,2022,4,Sweden,HUMAN_OBSERVATION
57.42223,16.66601,2022,4,Sweden,HUMAN_OBSERVATION
57.42223,16.66601,2022,5,Sweden,HUMAN_OBSERVATION
57.42223,16.66601,2022,5,Sweden,HUMAN_OBSERVATION
57.42223,16.66601,2022,5,Sweden,HUMAN_OBSERVATION
57.42223,16.66601,2022,5,Sweden,HUMAN_OBSERVATION
57.42223,16.66601,2022,5,Sweden,HUMAN_OBSERVATION
57.42223,16.66601,2022,5,Sweden,HUMAN_OBSERVATION
57.42223,16.66601,2022,5,Sweden,HUMAN_OBSERVATION
57.42223,16.66601,2022,5,Sweden,HUMAN_OBSERVATION
57.42223,16.66601,2022,5,Sweden,HUMAN_OBSERVATION
57.42223,16.66601,2022,6,Sweden,HUMAN_OBSERVATION
57.42223,16.66601,2022,6,Sweden,HUMAN_OBSERVATION
57.42223,16.66601,2022,6,Sweden,HUMAN_OBSERVATION
57.42223,16.66601,2022,6,Sweden,HUMAN_OBSERVATION
57.42223,16.66601,2021,3,Sweden,HUMAN_OBSERVATION
57.42223,16.66601,2021,3,Sweden,HUMAN_OBSERVATION
57.42223,16.66601,2021,3,Sweden,HUMAN_OBSERVATION
57.42223,16.66601,2021,4,Sweden,HUMAN_OBSERVATION
57.42223,16.66601,2021,4,Sweden,HUMAN_OBSERVATION
57.42223,16.66601,2021,4,Sweden,HUMAN_OBSERVATION
57.42223,16.66601,2021,4,Sweden,HUMAN_OBSERVATION
57.42223,16.66601,2021,4,Sweden,HUMAN_OBSERVATION
57.42223,16.66601,2021,4,Sweden,HUMAN_OBSERVATION
57.42223,16.66601,2021,4,Sweden,HUMAN_OBSERVATION
57.42223,16.66601,2021,4,Sweden,HUMAN_OBSERVATION
57.42223,16.66601,2021,5,Sweden,HUMAN_OBSERVATION
57.42223,16.66601,2021,5,Sweden,HUMAN_OBSERVATION
57.42223,16.66601,2021,5,Sweden,HUMAN_OBSERVATION
57.42223,16.66601,2021,5,Sweden,HUMAN_OBSERVATION
57.42223,16.66601,2021,5,Sweden,HUMAN_OBSERVATION
57.42223,16.66601,2021,5,Sweden,HUMAN_OBSERVATION
57.42223,16.66601,2021,5,Sweden,HUMAN_OBSERVATION
57.42223,16.66601,2021,6,Sweden,HUMAN_OBSERVATION
57.42506,18.13247,2022,8,Sweden,HUMAN_OBSERVATION
57.42506,18.13247,2022,8,Sweden,HUMAN_OBSERVATION
57.42549,18.13405,2022,8,Sweden,HUMAN_OBSERVATION
57.42549,18.13405,2022,8,Sweden,HUMAN_OBSERVATION
57.43073,18.13865,2022,8,Sweden,HUMAN_OBSERVATION
57.43073,18.13865,2022,8,Sweden,HUMAN_OBSERVATION
57.43103,18.13667,2022,8,Sweden,HUMAN_OBSERVATION
57.43103,18.13667,2022,8,Sweden,HUMAN_OBSERVATION
57.43103,18.13667,2022,8,Sweden,HUMAN_OBSERVATION
57.43477,18.85589,2022,7,Sweden,HUMAN_OBSERVATION
57.43668,18.8529,2023,9,Sweden,HUMAN_OBSERVATION
57.43668,18.8529,2023,9,Sweden,HUMAN_OBSERVATION
57.43702,18.85201,2023,9,Sweden,HUMAN_OBSERVATION
57.43705,18.85276,2023,9,Sweden,HUMAN_OBSERVATION
57.43705,18.85276,2023,9,Sweden,HUMAN_OBSERVATION
57.4809,41.1545,2016,8,Russian Federation,MATERIAL_SAMPLE
57.55034,16.68387,2024,7,Sweden,HUMAN_OBSERVATION
57.56597,16.7068,2022,6,Sweden,HUMAN_OBSERVATION
57.57012,11.79137,2021,9,Sweden,HUMAN_OBSERVATION
57.61078,11.89558,2022,7,Sweden,HUMAN_OBSERVATION
57.62283,11.91763,2023,6,Sweden,HUMAN_OBSERVATION
57.627653,11.909112,2024,9,Sweden,HUMAN_OBSERVATION
57.62969,11.8796,2021,9,Sweden,HUMAN_OBSERVATION
57.62976,11.87885,2021,9,Sweden,HUMAN_OBSERVATION
57.62999,11.8774,2021,9,Sweden,HUMAN_OBSERVATION
57.63003,11.87759,2021,9,Sweden,HUMAN_OBSERVATION
57.63011,11.87789,2021,9,Sweden,HUMAN_OBSERVATION
57.63015,11.87981,2021,9,Sweden,HUMAN_OBSERVATION
57.64257,16.67083,2021,8,Sweden,HUMAN_OBSERVATION
57.65886,11.8443,2025,4,Sweden,HUMAN_OBSERVATION
57.66975,11.84853,2021,9,Sweden,HUMAN_OBSERVATION
57.66988,11.84898,2021,9,Sweden,HUMAN_OBSERVATION
57.67011,11.84933,2021,9,Sweden,HUMAN_OBSERVATION
57.67028,11.84926,2021,9,Sweden,HUMAN_OBSERVATION
57.67031,11.84924,2021,9,Sweden,HUMAN_OBSERVATION
57.6863,11.89047,2021,8,Sweden,HUMAN_OBSERVATION
57.69459,11.90517,2021,9,Sweden,HUMAN_OBSERVATION
57.69968,11.73481,2021,9,Sweden,HUMAN_OBSERVATION
57.70013,11.73616,2022,8,Sweden,HUMAN_OBSERVATION
57.70028,11.73564,2022,8,Sweden,HUMAN_OBSERVATION
57.70088,11.95742,2022,6,Sweden,HUMAN_OBSERVATION
57.70127,11.95613,2021,8,Sweden,HUMAN_OBSERVATION
57.7013,11.73494,2021,9,Sweden,HUMAN_OBSERVATION
57.70138,11.73547,2021,9,Sweden,HUMAN_OBSERVATION
57.70146,11.73571,2021,9,Sweden,HUMAN_OBSERVATION
57.70174,11.73607,2022,8,Sweden,HUMAN_OBSERVATION
57.70257,18.83438,2022,9,Sweden,HUMAN_OBSERVATION
57.70257,18.83438,2022,9,Sweden,HUMAN_OBSERVATION
57.70257,18.83438,2022,9,Sweden,HUMAN_OBSERVATION
57.70257,18.83438,2022,9,Sweden,HUMAN_OBSERVATION
57.70257,18.83438,2022,9,Sweden,HUMAN_OBSERVATION
57.70257,18.83438,2022,9,Sweden,HUMAN_OBSERVATION
57.70257,18.83438,2022,9,Sweden,HUMAN_OBSERVATION
57.70257,18.83438,2022,9,Sweden,HUMAN_OBSERVATION
57.7058,18.83636,2022,9,Sweden,HUMAN_OBSERVATION
57.7058,18.83636,2022,9,Sweden,HUMAN_OBSERVATION
57.7058,18.83636,2022,9,Sweden,HUMAN_OBSERVATION
57.7058,18.83636,2022,9,Sweden,HUMAN_OBSERVATION
57.7058,18.83636,2022,9,Sweden,HUMAN_OBSERVATION
57.70595,18.82865,2022,9,Sweden,HUMAN_OBSERVATION
57.70595,18.82865,2022,9,Sweden,HUMAN_OBSERVATION
57.70595,18.82865,2022,9,Sweden,HUMAN_OBSERVATION
57.70595,18.82865,2022,9,Sweden,HUMAN_OBSERVATION
57.70595,18.82865,2022,9,Sweden,HUMAN_OBSERVATION
57.70595,18.82865,2022,9,Sweden,HUMAN_OBSERVATION
57.70614,18.80943,2022,6,Sweden,HUMAN_OBSERVATION
57.70614,18.80943,2022,7,Sweden,HUMAN_OBSERVATION
57.70614,18.80943,2022,7,Sweden,HUMAN_OBSERVATION
57.70614,18.80943,2022,7,Sweden,HUMAN_OBSERVATION
57.70614,18.80943,2021,9,Sweden,HUMAN_OBSERVATION
57.70614,18.80943,2021,9,Sweden,HUMAN_OBSERVATION
57.70614,18.80943,2021,9,Sweden,HUMAN_OBSERVATION
57.70614,18.80943,2021,9,Sweden,HUMAN_OBSERVATION
57.70652,18.80883,2023,5,Sweden,HUMAN_OBSERVATION
57.70887,11.97456,2022,7,Sweden,HUMAN_OBSERVATION
57.70983,18.82534,2022,9,Sweden,HUMAN_OBSERVATION
57.71162,18.83307,2022,9,Sweden,HUMAN_OBSERVATION
57.71162,18.83307,2022,9,Sweden,HUMAN_OBSERVATION
57.71162,18.83307,2022,9,Sweden,HUMAN_OBSERVATION
57.71162,18.83307,2022,9,Sweden,HUMAN_OBSERVATION
57.71162,18.83307,2022,9,Sweden,HUMAN_OBSERVATION
57.71162,18.83307,2022,9,Sweden,HUMAN_OBSERVATION
57.71297,18.8288,2022,9,Sweden,HUMAN_OBSERVATION
57.71297,18.8288,2022,9,Sweden,HUMAN_OBSERVATION
57.71297,18.8288,2022,9,Sweden,HUMAN_OBSERVATION
57.71297,18.8288,2022,9,Sweden,HUMAN_OBSERVATION
57.71297,18.8288,2022,9,Sweden,HUMAN_OBSERVATION
57.71297,18.8288,2022,9,Sweden,HUMAN_OBSERVATION
57.71297,18.8288,2022,9,Sweden,HUMAN_OBSERVATION
57.71297,18.8288,2022,9,Sweden,HUMAN_OBSERVATION
57.7137,11.71346,2022,9,Sweden,HUMAN_OBSERVATION
57.71378,11.71242,2022,9,Sweden,HUMAN_OBSERVATION
57.71421,11.71371,2022,9,Sweden,HUMAN_OBSERVATION
57.7143,11.71284,2022,9,Sweden,HUMAN_OBSERVATION
57.7162,18.83323,2022,9,Sweden,HUMAN_OBSERVATION
57.7162,18.83323,2022,9,Sweden,HUMAN_OBSERVATION
57.7162,18.83323,2022,9,Sweden,HUMAN_OBSERVATION
57.71692,18.82353,2022,9,Sweden,HUMAN_OBSERVATION
57.71692,18.82353,2022,9,Sweden,HUMAN_OBSERVATION
57.71692,18.82353,2022,9,Sweden,HUMAN_OBSERVATION
57.71692,18.82353,2022,9,Sweden,HUMAN_OBSERVATION
57.71692,18.82353,2022,9,Sweden,HUMAN_OBSERVATION
57.71692,18.82353,2022,9,Sweden,HUMAN_OBSERVATION
57.71692,18.82353,2022,9,Sweden,HUMAN_OBSERVATION
57.71714,18.80414,2023,9,Sweden,HUMAN_OBSERVATION
57.71714,18.80414,2023,9,Sweden,HUMAN_OBSERVATION
57.71738,18.80368,2023,9,Sweden,HUMAN_OBSERVATION
57.71765,18.80267,2023,9,Sweden,HUMAN_OBSERVATION
57.71765,18.80267,2023,9,Sweden,HUMAN_OBSERVATION
57.71802,18.81552,2022,9,Sweden,HUMAN_OBSERVATION
57.71802,18.81552,2022,9,Sweden,HUMAN_OBSERVATION
57.71802,18.81552,2022,9,Sweden,HUMAN_OBSERVATION
57.71802,18.81552,2022,9,Sweden,HUMAN_OBSERVATION
57.71802,18.81552,2022,9,Sweden,HUMAN_OBSERVATION
57.71802,18.81552,2022,9,Sweden,HUMAN_OBSERVATION
57.71819,18.80393,2022,7,Sweden,HUMAN_OBSERVATION
57.72,18.82385,2022,9,Sweden,HUMAN_OBSERVATION
57.72,18.82385,2022,9,Sweden,HUMAN_OBSERVATION
57.72,18.82385,2022,9,Sweden,HUMAN_OBSERVATION
57.72228,18.81201,2022,9,Sweden,HUMAN_OBSERVATION
57.72228,18.81201,2022,9,Sweden,HUMAN_OBSERVATION
57.72228,18.81201,2022,9,Sweden,HUMAN_OBSERVATION
57.7244,11.65057,2022,8,Sweden,HUMAN_OBSERVATION
57.72559,11.71144,2021,6,Sweden,HUMAN_OBSERVATION
57.72567,11.71158,2021,9,Sweden,HUMAN_OBSERVATION
57.73167,11.67278,2023,8,Sweden,HUMAN_OBSERVATION
57.73445,12.0607,2021,9,Sweden,HUMAN_OBSERVATION
57.7406,11.73187,2021,9,Sweden,HUMAN_OBSERVATION
57.74064,11.73182,2022,8,Sweden,HUMAN_OBSERVATION
57.74087,11.73289,2022,8,Sweden,HUMAN_OBSERVATION
57.74168,11.7326,2021,9,Sweden,HUMAN_OBSERVATION
57.7417,11.73256,2022,8,Sweden,HUMAN_OBSERVATION
57.74186,11.73209,2021,9,Sweden,HUMAN_OBSERVATION
57.74197,11.73202,2021,9,Sweden,HUMAN_OBSERVATION
57.74201,11.73208,2022,8,Sweden,HUMAN_OBSERVATION
57.74214,11.73195,2021,9,Sweden,HUMAN_OBSERVATION
57.74352,11.73305,2023,5,Sweden,HUMAN_OBSERVATION
57.75019,18.81737,2021,6,Sweden,HUMAN_OBSERVATION
57.75288,18.94967,2021,7,Sweden,HUMAN_OBSERVATION
57.75288,18.95005,2023,9,Sweden,HUMAN_OBSERVATION
57.75324,18.95014,2023,9,Sweden,HUMAN_OBSERVATION
57.75324,18.95014,2023,9,Sweden,HUMAN_OBSERVATION
57.75396,18.94966,2023,9,Sweden,HUMAN_OBSERVATION
57.75396,18.94966,2023,9,Sweden,HUMAN_OBSERVATION
57.75582,11.79669,2022,8,Sweden,HUMAN_OBSERVATION
57.75718,11.79464,2022,8,Sweden,HUMAN_OBSERVATION
57.75758,11.79478,2021,9,Sweden,HUMAN_OBSERVATION
57.75767,11.79464,2021,9,Sweden,HUMAN_OBSERVATION
57.75809,11.79464,2021,9,Sweden,HUMAN_OBSERVATION
57.75837,11.79486,2021,9,Sweden,HUMAN_OBSERVATION
57.75849,11.79528,2021,9,Sweden,HUMAN_OBSERVATION
57.78838,11.81244,2022,10,Sweden,HUMAN_OBSERVATION
57.79399,11.83489,2022,11,Sweden,HUMAN_OBSERVATION
57.79925,11.66564,2023,6,Sweden,HUMAN_OBSERVATION
57.81098,11.86819,2022,11,Sweden,HUMAN_OBSERVATION
57.813739,24.335114,2024,6,Latvia,HUMAN_OBSERVATION
57.816859,24.334483,2022,10,Latvia,HUMAN_OBSERVATION
57.8296,11.69809,2022,9,Sweden,HUMAN_OBSERVATION
57.82961,11.69904,2022,9,Sweden,HUMAN_OBSERVATION
57.82985,11.69715,2022,9,Sweden,HUMAN_OBSERVATION
57.83081,11.69638,2022,9,Sweden,HUMAN_OBSERVATION
57.8347,11.90215,2022,11,Sweden,HUMAN_OBSERVATION
57.8376,11.70037,2024,9,Sweden,HUMAN_OBSERVATION
57.83936,18.58425,2023,9,Sweden,HUMAN_OBSERVATION
57.83936,18.58425,2023,9,Sweden,HUMAN_OBSERVATION
57.83944,18.58335,2023,9,Sweden,HUMAN_OBSERVATION
57.83944,18.58335,2023,9,Sweden,HUMAN_OBSERVATION
57.83982,18.5823,2023,9,Sweden,HUMAN_OBSERVATION
57.83982,18.5823,2023,9,Sweden,HUMAN_OBSERVATION
57.84411,11.90434,2021,9,Sweden,HUMAN_OBSERVATION
57.85344,18.78273,2024,6,Sweden,HUMAN_OBSERVATION
57.85581,19.06728,2023,9,Sweden,HUMAN_OBSERVATION
57.85581,19.06728,2023,9,Sweden,HUMAN_OBSERVATION
57.85596,19.06608,2023,9,Sweden,HUMAN_OBSERVATION
57.85643,19.06627,2023,9,Sweden,HUMAN_OBSERVATION
57.8571,19.06502,2023,9,Sweden,HUMAN_OBSERVATION
57.85722,19.12848,2024,6,Sweden,HUMAN_OBSERVATION
57.87803,19.03294,2022,9,Sweden,HUMAN_OBSERVATION
57.87803,19.03294,2022,9,Sweden,HUMAN_OBSERVATION
57.87803,19.03294,2022,9,Sweden,HUMAN_OBSERVATION
57.87803,19.03294,2022,9,Sweden,HUMAN_OBSERVATION
57.88005,19.03167,2022,9,Sweden,HUMAN_OBSERVATION
57.88005,19.03167,2022,9,Sweden,HUMAN_OBSERVATION
57.88177,19.03033,2022,9,Sweden,HUMAN_OBSERVATION
57.88177,19.03033,2022,9,Sweden,HUMAN_OBSERVATION
57.88177,19.03033,2022,9,Sweden,HUMAN_OBSERVATION
57.88278,19.04333,2022,9,Sweden,HUMAN_OBSERVATION
57.88278,19.04333,2022,9,Sweden,HUMAN_OBSERVATION
57.88278,19.04333,2022,9,Sweden,HUMAN_OBSERVATION
57.88278,19.04333,2022,9,Sweden,HUMAN_OBSERVATION
57.88278,19.04333,2022,9,Sweden,HUMAN_OBSERVATION
57.89007,11.66573,2022,5,Sweden,HUMAN_OBSERVATION
57.8912,19.02166,2024,12,Sweden,HUMAN_OBSERVATION
57.89283,19.02336,2022,9,Sweden,HUMAN_OBSERVATION
57.89283,19.02336,2022,9,Sweden,HUMAN_OBSERVATION
57.89283,19.02336,2022,9,Sweden,HUMAN_OBSERVATION
57.89283,19.02336,2022,9,Sweden,HUMAN_OBSERVATION
57.90064,19.02719,2022,8,Sweden,HUMAN_OBSERVATION
57.90064,19.02719,2022,8,Sweden,HUMAN_OBSERVATION
57.90064,19.02719,2022,8,Sweden,HUMAN_OBSERVATION
57.90064,19.02719,2022,8,Sweden,HUMAN_OBSERVATION
57.90064,19.02719,2022,8,Sweden,HUMAN_OBSERVATION
57.90064,19.02719,2022,8,Sweden,HUMAN_OBSERVATION
57.90064,19.02719,2022,8,Sweden,HUMAN_OBSERVATION
57.90107,19.0375,2022,8,Sweden,HUMAN_OBSERVATION
57.90107,19.0375,2022,8,Sweden,HUMAN_OBSERVATION
57.90107,19.0375,2022,8,Sweden,HUMAN_OBSERVATION
57.90107,19.0375,2022,8,Sweden,HUMAN_OBSERVATION
57.90117,19.0363,2022,8,Sweden,HUMAN_OBSERVATION
57.90117,19.0363,2022,8,Sweden,HUMAN_OBSERVATION
57.90117,19.0363,2022,8,Sweden,HUMAN_OBSERVATION
57.90322,19.03648,2022,8,Sweden,HUMAN_OBSERVATION
57.90322,19.03648,2022,8,Sweden,HUMAN_OBSERVATION
57.90322,19.03648,2022,8,Sweden,HUMAN_OBSERVATION
57.90398,19.02798,2022,8,Sweden,HUMAN_OBSERVATION
57.90398,19.02798,2022,8,Sweden,HUMAN_OBSERVATION
57.90398,19.02798,2022,8,Sweden,HUMAN_OBSERVATION
57.90398,19.02798,2022,8,Sweden,HUMAN_OBSERVATION
57.91029,11.71056,2022,8,Sweden,HUMAN_OBSERVATION
57.91643,18.94671,2023,9,Sweden,HUMAN_OBSERVATION
57.91643,18.94671,2023,9,Sweden,HUMAN_OBSERVATION
57.91725,18.9472,2023,9,Sweden,HUMAN_OBSERVATION
57.91725,18.9472,2023,9,Sweden,HUMAN_OBSERVATION
57.9173,18.95113,2023,9,Sweden,HUMAN_OBSERVATION
57.9173,18.95113,2023,9,Sweden,HUMAN_OBSERVATION
57.91746,18.95055,2023,9,Sweden,HUMAN_OBSERVATION
57.91746,18.95055,2023,9,Sweden,HUMAN_OBSERVATION
57.91788,18.95266,2022,7,Sweden,HUMAN_OBSERVATION
57.91828,18.94731,2024,12,Sweden,HUMAN_OBSERVATION
57.943988,24.388045,2020,6,Estonia,HUMAN_OBSERVATION
57.955545,24.396145,2023,5,Estonia,HUMAN_OBSERVATION
57.962392,11.663487,2023,9,Sweden,MACHINE_OBSERVATION
57.98239,19.11265,2023,8,Sweden,HUMAN_OBSERVATION
57.98559,19.22953,2022,8,Sweden,HUMAN_OBSERVATION
57.98633,19.22892,2022,8,Sweden,HUMAN_OBSERVATION
57.98633,19.22892,2022,8,Sweden,HUMAN_OBSERVATION
57.98659,11.53948,2024,5,Sweden,HUMAN_OBSERVATION
57.98712,19.22727,2022,8,Sweden,HUMAN_OBSERVATION
57.98827,19.22915,2022,8,Sweden,HUMAN_OBSERVATION
57.98827,19.22915,2022,8,Sweden,HUMAN_OBSERVATION
57.98827,19.22915,2022,8,Sweden,HUMAN_OBSERVATION
57.98844,11.54267,2022,6,Sweden,HUMAN_OBSERVATION
57.98875,19.23195,2022,8,Sweden,HUMAN_OBSERVATION
57.98895,11.79302,2022,8,Sweden,HUMAN_OBSERVATION
57.98908,19.23178,2022,8,Sweden,HUMAN_OBSERVATION
57.98908,19.23178,2022,8,Sweden,HUMAN_OBSERVATION
57.98908,19.23178,2022,8,Sweden,HUMAN_OBSERVATION
57.98945,19.23063,2022,8,Sweden,HUMAN_OBSERVATION
57.98945,19.23063,2022,8,Sweden,HUMAN_OBSERVATION
57.99045,19.22929,2022,8,Sweden,HUMAN_OBSERVATION
57.99045,19.22929,2022,8,Sweden,HUMAN_OBSERVATION
57.990571,11.544314,2023,9,Sweden,MACHINE_OBSERVATION
57.9914,19.23458,2022,8,Sweden,HUMAN_OBSERVATION
57.9914,19.23458,2022,8,Sweden,HUMAN_OBSERVATION
57.9914,19.23458,2022,8,Sweden,HUMAN_OBSERVATION
57.9914,19.23458,2022,8,Sweden,HUMAN_OBSERVATION
57.99232,19.24025,2022,8,Sweden,HUMAN_OBSERVATION
57.99232,19.24025,2022,8,Sweden,HUMAN_OBSERVATION
57.99232,19.24025,2022,8,Sweden,HUMAN_OBSERVATION
57.99232,19.24025,2022,8,Sweden,HUMAN_OBSERVATION
58.00655,11.69999,2023,9,Sweden,HUMAN_OBSERVATION
58.01622,16.78781,2022,6,Sweden,HUMAN_OBSERVATION
58.06065,11.78548,2023,5,Sweden,HUMAN_OBSERVATION
58.114256,11.661925,,,Sweden,MACHINE_OBSERVATION
58.124794,24.476717,2023,5,Estonia,HUMAN_OBSERVATION
58.12503,24.476625,2023,5,Estonia,HUMAN_OBSERVATION
58.125441,24.01404,2023,5,Estonia,HUMAN_OBSERVATION
58.17247,16.85509,2024,7,Sweden,HUMAN_OBSERVATION
58.20355,24.12833,2021,5,Estonia,HUMAN_OBSERVATION
58.283,16.99392,2024,7,Sweden,HUMAN_OBSERVATION
58.34034,16.95663,2021,8,Sweden,MATERIAL_SAMPLE
58.35482,16.91036,2021,8,Sweden,HUMAN_OBSERVATION
58.36121,16.73557,2020,1,Sweden,HUMAN_OBSERVATION
58.37091,16.87288,2020,1,Sweden,HUMAN_OBSERVATION
58.373084,24.300266,2023,5,Estonia,HUMAN_OBSERVATION
58.37605,22.950213,2023,7,Estonia,HUMAN_OBSERVATION
58.40693,17.02746,2020,9,Sweden,MATERIAL_SAMPLE
58.421,11.644,2022,7,Sweden,HUMAN_OBSERVATION
58.42106,11.64395,2022,7,Sweden,HUMAN_OBSERVATION
58.43115,16.76048,2021,6,Sweden,HUMAN_OBSERVATION
58.44144,16.80062,2022,6,Sweden,HUMAN_OBSERVATION
58.44192,16.60009,2021,7,Sweden,HUMAN_OBSERVATION
58.44213,16.8022,2021,7,Sweden,HUMAN_OBSERVATION
58.44263,16.80371,2022,5,Sweden,HUMAN_OBSERVATION
58.47211,16.92849,2021,7,Sweden,HUMAN_OBSERVATION
58.47214,16.92828,2024,7,Sweden,HUMAN_OBSERVATION
58.47259,16.88418,2023,6,Sweden,HUMAN_OBSERVATION
58.48893,16.94346,2021,6,Sweden,HUMAN_OBSERVATION
58.48897,16.94286,2024,12,Sweden,HUMAN_OBSERVATION
58.496777,21.920878,2023,9,Estonia,HUMAN_OBSERVATION
58.513762,21.915086,2023,11,Estonia,HUMAN_OBSERVATION
58.5193,22.2503,2023,5,Estonia,HUMAN_OBSERVATION
58.55884,16.90998,2021,9,Sweden,MATERIAL_SAMPLE
58.55884,16.90998,2021,9,Sweden,MATERIAL_SAMPLE
58.563438,23.502963,2023,5,Estonia,HUMAN_OBSERVATION
58.563599,23.503362,2023,5,Estonia,HUMAN_OBSERVATION
58.57918,23.56564,2023,5,Estonia,HUMAN_OBSERVATION
58.60364,16.99266,2021,6,Sweden,HUMAN_OBSERVATION
58.61402,16.25832,2021,6,Sweden,HUMAN_OBSERVATION
58.61479,16.91809,2022,6,Sweden,HUMAN_OBSERVATION
58.61769,16.93898,2023,9,Sweden,HUMAN_OBSERVATION
58.6242,16.9922,2022,9,Sweden,HUMAN_OBSERVATION
58.6258,16.97117,2022,9,Sweden,HUMAN_OBSERVATION
58.63132,16.35208,2022,7,Sweden,HUMAN_OBSERVATION
58.63263,16.33973,2021,6,Sweden,HUMAN_OBSERVATION
58.6378,16.59587,2021,5,Sweden,HUMAN_OBSERVATION
58.63796,16.63214,2021,5,Sweden,HUMAN_OBSERVATION
58.63862,17.03911,2023,6,Sweden,HUMAN_OBSERVATION
58.64103,17.02974,2024,5,Sweden,HUMAN_OBSERVATION
58.64405,17.17135,2024,9,Sweden,HUMAN_OBSERVATION
58.64405,17.17135,2022,9,Sweden,HUMAN_OBSERVATION
58.64473,17.16853,2024,9,Sweden,HUMAN_OBSERVATION
58.64473,17.16853,2022,9,Sweden,HUMAN_OBSERVATION
58.64593,23.136624,2022,8,Estonia,HUMAN_OBSERVATION
58.64811,25.91687,2014,9,Estonia,MATERIAL_SAMPLE
58.64811,25.91687,2014,9,Estonia,MATERIAL_SAMPLE
58.65844,16.39689,2021,5,Sweden,HUMAN_OBSERVATION
58.65888,16.43038,2022,8,Sweden,HUMAN_OBSERVATION
58.65891,17.19577,2024,9,Sweden,HUMAN_OBSERVATION
58.65891,17.19577,2022,9,Sweden,HUMAN_OBSERVATION
58.65894,16.39593,2022,8,Sweden,HUMAN_OBSERVATION
58.65922,17.19141,2024,9,Sweden,HUMAN_OBSERVATION
58.66022,17.19589,2024,9,Sweden,HUMAN_OBSERVATION
58.66022,17.19589,2022,9,Sweden,HUMAN_OBSERVATION
58.66989,17.06733,2022,6,Sweden,HUMAN_OBSERVATION
58.69336,17.05613,2022,6,Sweden,HUMAN_OBSERVATION
58.69998,17.08516,2022,9,Sweden,HUMAN_OBSERVATION
58.70188,17.08029,2024,9,Sweden,HUMAN_OBSERVATION
58.70188,17.08029,2022,9,Sweden,HUMAN_OBSERVATION
58.70198,17.46719,2024,9,Sweden,HUMAN_OBSERVATION
58.7031,17.48052,2024,9,Sweden,HUMAN_OBSERVATION
58.70415,17.27893,2022,7,Sweden,HUMAN_OBSERVATION
58.70525,17.07844,2022,9,Sweden,HUMAN_OBSERVATION
58.70609,17.4719,2024,9,Sweden,HUMAN_OBSERVATION
58.70609,17.4719,2022,9,Sweden,HUMAN_OBSERVATION
58.70644,17.47581,2023,5,Sweden,HUMAN_OBSERVATION
58.70644,17.47581,2023,5,Sweden,HUMAN_OBSERVATION
58.70644,17.47581,2023,7,Sweden,HUMAN_OBSERVATION
58.70644,17.47581,2023,7,Sweden,HUMAN_OBSERVATION
58.70644,17.47581,2023,9,Sweden,HUMAN_OBSERVATION
58.70696,17.47461,2024,4,Sweden,HUMAN_OBSERVATION
58.70696,17.47461,2024,5,Sweden,HUMAN_OBSERVATION
58.70696,17.47461,2023,5,Sweden,HUMAN_OBSERVATION
58.70696,17.47461,2023,5,Sweden,HUMAN_OBSERVATION
58.70696,17.47461,2023,7,Sweden,HUMAN_OBSERVATION
58.70696,17.47461,2023,7,Sweden,HUMAN_OBSERVATION
58.70696,17.47461,2023,9,Sweden,HUMAN_OBSERVATION
58.70766,17.48736,2024,9,Sweden,HUMAN_OBSERVATION
58.70766,17.48736,2022,9,Sweden,HUMAN_OBSERVATION
58.70804,17.49209,2024,4,Sweden,HUMAN_OBSERVATION
58.70804,17.49209,2024,5,Sweden,HUMAN_OBSERVATION
58.70804,17.49209,2024,6,Sweden,HUMAN_OBSERVATION
58.70804,17.49209,2023,5,Sweden,HUMAN_OBSERVATION
58.70804,17.49209,2023,5,Sweden,HUMAN_OBSERVATION
58.70804,17.49209,2023,7,Sweden,HUMAN_OBSERVATION
58.70804,17.49209,2023,7,Sweden,HUMAN_OBSERVATION
58.70804,17.49209,2023,9,Sweden,HUMAN_OBSERVATION
58.70968,17.48725,2024,9,Sweden,HUMAN_OBSERVATION
58.70968,17.48725,2022,9,Sweden,HUMAN_OBSERVATION
58.70993,17.48734,2024,4,Sweden,HUMAN_OBSERVATION
58.70993,17.48734,2024,5,Sweden,HUMAN_OBSERVATION
58.70993,17.48734,2024,6,Sweden,HUMAN_OBSERVATION
58.70993,17.48734,2023,5,Sweden,HUMAN_OBSERVATION
58.70993,17.48734,2023,5,Sweden,HUMAN_OBSERVATION
58.70993,17.48734,2023,7,Sweden,HUMAN_OBSERVATION
58.70993,17.48734,2023,7,Sweden,HUMAN_OBSERVATION
58.70993,17.48734,2023,9,Sweden,HUMAN_OBSERVATION
58.71345,17.48609,2023,7,Sweden,HUMAN_OBSERVATION
58.71413,17.48398,2023,9,Sweden,HUMAN_OBSERVATION
58.71425,17.48332,2023,5,Sweden,HUMAN_OBSERVATION
58.71458,17.48564,2023,7,Sweden,HUMAN_OBSERVATION
58.72337,17.48072,2022,6,Sweden,HUMAN_OBSERVATION
58.72337,17.48072,2022,6,Sweden,HUMAN_OBSERVATION
58.72349,17.48309,2024,5,Sweden,HUMAN_OBSERVATION
58.72349,17.48309,2024,6,Sweden,HUMAN_OBSERVATION
58.72349,17.48309,2023,5,Sweden,HUMAN_OBSERVATION
58.72349,17.48309,2023,5,Sweden,HUMAN_OBSERVATION
58.72349,17.48309,2023,7,Sweden,HUMAN_OBSERVATION
58.72349,17.48309,2023,7,Sweden,HUMAN_OBSERVATION
58.72349,17.48309,2023,9,Sweden,HUMAN_OBSERVATION
58.72491,17.48073,2024,4,Sweden,HUMAN_OBSERVATION
58.72491,17.48073,2024,5,Sweden,HUMAN_OBSERVATION
58.72491,17.48073,2024,6,Sweden,HUMAN_OBSERVATION
58.72491,17.48073,2023,5,Sweden,HUMAN_OBSERVATION
58.72491,17.48073,2023,5,Sweden,HUMAN_OBSERVATION
58.72491,17.48073,2023,7,Sweden,HUMAN_OBSERVATION
58.72491,17.48073,2023,7,Sweden,HUMAN_OBSERVATION
58.72491,17.48073,2023,9,Sweden,HUMAN_OBSERVATION
58.72744,17.44545,2024,9,Sweden,HUMAN_OBSERVATION
58.72858,17.30881,2024,9,Sweden,HUMAN_OBSERVATION
58.73028,17.31096,2024,9,Sweden,HUMAN_OBSERVATION
58.73259,17.31366,2024,9,Sweden,HUMAN_OBSERVATION
58.73363,17.44636,2024,9,Sweden,HUMAN_OBSERVATION
58.7337,17.3164,2024,9,Sweden,HUMAN_OBSERVATION
58.73504,17.31954,2024,9,Sweden,HUMAN_OBSERVATION
58.73505,17.44844,2024,9,Sweden,HUMAN_OBSERVATION
58.74043,17.38006,2024,4,Sweden,HUMAN_OBSERVATION
58.74043,17.38006,2024,6,Sweden,HUMAN_OBSERVATION
58.74043,17.38006,2023,5,Sweden,HUMAN_OBSERVATION
58.74043,17.38006,2023,5,Sweden,HUMAN_OBSERVATION
58.74043,17.38006,2023,7,Sweden,HUMAN_OBSERVATION
58.74043,17.38006,2023,7,Sweden,HUMAN_OBSERVATION
58.74043,17.38006,2023,9,Sweden,HUMAN_OBSERVATION
58.74099,17.3826,2024,5,Sweden,HUMAN_OBSERVATION
58.74099,17.3826,2024,6,Sweden,HUMAN_OBSERVATION
58.74099,17.3826,2023,5,Sweden,HUMAN_OBSERVATION
58.74099,17.3826,2023,5,Sweden,HUMAN_OBSERVATION
58.74099,17.3826,2023,7,Sweden,HUMAN_OBSERVATION
58.74099,17.3826,2023,7,Sweden,HUMAN_OBSERVATION
58.74099,17.3826,2023,9,Sweden,HUMAN_OBSERVATION
58.7414,17.38624,2024,9,Sweden,HUMAN_OBSERVATION
58.7414,17.38624,2022,9,Sweden,HUMAN_OBSERVATION
58.74218,17.31081,2022,9,Sweden,HUMAN_OBSERVATION
58.74249,17.38862,2023,5,Sweden,HUMAN_OBSERVATION
58.7429,17.3889,2023,9,Sweden,HUMAN_OBSERVATION
58.74293,17.39039,2023,7,Sweden,HUMAN_OBSERVATION
58.74345,17.39078,2023,7,Sweden,HUMAN_OBSERVATION
58.74353,17.39026,2024,9,Sweden,HUMAN_OBSERVATION
58.74353,17.39026,2022,9,Sweden,HUMAN_OBSERVATION
58.74359,17.39467,2021,6,Sweden,HUMAN_OBSERVATION
58.74368,17.40259,2024,5,Sweden,HUMAN_OBSERVATION
58.74368,17.40259,2024,6,Sweden,HUMAN_OBSERVATION
58.74368,17.40259,2023,5,Sweden,HUMAN_OBSERVATION
58.74368,17.40259,2023,7,Sweden,HUMAN_OBSERVATION
58.74368,17.40259,2023,7,Sweden,HUMAN_OBSERVATION
58.74368,17.40259,2023,9,Sweden,HUMAN_OBSERVATION
58.74378,17.33725,2022,9,Sweden,HUMAN_OBSERVATION
58.74398,17.39959,2021,7,Sweden,HUMAN_OBSERVATION
58.74427,17.29287,2024,7,Sweden,HUMAN_OBSERVATION
58.7443,17.38671,2024,9,Sweden,HUMAN_OBSERVATION
58.7443,17.38671,2022,9,Sweden,HUMAN_OBSERVATION
58.74442,17.38779,2024,4,Sweden,HUMAN_OBSERVATION
58.74442,17.38779,2024,4,Sweden,HUMAN_OBSERVATION
58.74442,17.38779,2024,6,Sweden,HUMAN_OBSERVATION
58.74442,17.38779,2023,5,Sweden,HUMAN_OBSERVATION
58.74442,17.38779,2023,5,Sweden,HUMAN_OBSERVATION
58.74442,17.38779,2023,7,Sweden,HUMAN_OBSERVATION
58.74442,17.38779,2023,7,Sweden,HUMAN_OBSERVATION
58.74442,17.38779,2023,9,Sweden,HUMAN_OBSERVATION
58.74462,17.39727,2021,8,Sweden,HUMAN_OBSERVATION
58.74515,17.39776,2024,5,Sweden,HUMAN_OBSERVATION
58.74515,17.39776,2024,6,Sweden,HUMAN_OBSERVATION
58.74515,17.39776,2023,5,Sweden,HUMAN_OBSERVATION
58.74515,17.39776,2023,5,Sweden,HUMAN_OBSERVATION
58.74515,17.39776,2023,7,Sweden,HUMAN_OBSERVATION
58.74515,17.39776,2023,7,Sweden,HUMAN_OBSERVATION
58.74515,17.39776,2023,9,Sweden,HUMAN_OBSERVATION
58.74528,17.38191,2024,4,Sweden,HUMAN_OBSERVATION
58.74528,17.38191,2024,5,Sweden,HUMAN_OBSERVATION
58.74528,17.38191,2024,6,Sweden,HUMAN_OBSERVATION
58.74528,17.38191,2023,5,Sweden,HUMAN_OBSERVATION
58.74528,17.38191,2023,5,Sweden,HUMAN_OBSERVATION
58.74528,17.38191,2023,7,Sweden,HUMAN_OBSERVATION
58.74528,17.38191,2023,7,Sweden,HUMAN_OBSERVATION
58.74528,17.38191,2023,9,Sweden,HUMAN_OBSERVATION
58.74557,17.3923,2021,7,Sweden,HUMAN_OBSERVATION
58.74575,17.39613,2021,8,Sweden,HUMAN_OBSERVATION
58.746051,23.671502,2023,6,Estonia,HUMAN_OBSERVATION
58.74685,17.57197,2024,9,Sweden,HUMAN_OBSERVATION
58.74685,17.57197,2022,8,Sweden,HUMAN_OBSERVATION
58.74903,17.86761,2024,7,Sweden,HUMAN_OBSERVATION
58.74975,17.5632,2024,9,Sweden,HUMAN_OBSERVATION
58.74975,17.5632,2022,8,Sweden,HUMAN_OBSERVATION
58.75099,17.36545,2022,9,Sweden,HUMAN_OBSERVATION
58.75122,17.38595,2024,9,Sweden,HUMAN_OBSERVATION
58.75122,17.38595,2022,9,Sweden,HUMAN_OBSERVATION
58.75328,17.56691,2024,9,Sweden,HUMAN_OBSERVATION
58.75409,17.56594,2022,8,Sweden,HUMAN_OBSERVATION
58.75468,17.5701,2024,9,Sweden,HUMAN_OBSERVATION
58.75468,17.5701,2022,8,Sweden,HUMAN_OBSERVATION
58.75515,17.35268,2022,9,Sweden,HUMAN_OBSERVATION
58.7566,17.3575,2022,9,Sweden,HUMAN_OBSERVATION
58.75845,17.29873,2022,9,Sweden,HUMAN_OBSERVATION
58.76032,17.35309,2022,9,Sweden,HUMAN_OBSERVATION
58.76783,17.47007,2021,7,Sweden,HUMAN_OBSERVATION
58.77536,17.50578,2024,9,Sweden,HUMAN_OBSERVATION
58.77536,17.50578,2022,9,Sweden,HUMAN_OBSERVATION
58.77595,17.51214,2024,9,Sweden,HUMAN_OBSERVATION
58.77595,17.51214,2022,9,Sweden,HUMAN_OBSERVATION
58.77801,17.50847,2022,9,Sweden,HUMAN_OBSERVATION
58.78328,17.50816,2024,9,Sweden,HUMAN_OBSERVATION
58.78418,17.50815,2024,9,Sweden,HUMAN_OBSERVATION
58.78418,17.50815,2022,9,Sweden,HUMAN_OBSERVATION
58.78427,17.50561,2024,9,Sweden,HUMAN_OBSERVATION
58.78427,17.50561,2022,9,Sweden,HUMAN_OBSERVATION
58.80544,17.67646,2024,9,Sweden,HUMAN_OBSERVATION
58.80544,17.67646,2022,9,Sweden,HUMAN_OBSERVATION
58.805936,23.463023,2024,5,Estonia,HUMAN_OBSERVATION
58.80631,17.67063,2021,9,Sweden,HUMAN_OBSERVATION
58.80632,17.6724,2022,9,Sweden,HUMAN_OBSERVATION
58.81044,17.85781,2024,7,Sweden,HUMAN_OBSERVATION
58.82288,17.63618,2023,9,Sweden,HUMAN_OBSERVATION
58.8235,17.46624,2022,9,Sweden,HUMAN_OBSERVATION
58.82419,17.46107,2022,9,Sweden,HUMAN_OBSERVATION
58.8299,17.62933,2024,9,Sweden,HUMAN_OBSERVATION
58.8299,17.62933,2022,9,Sweden,HUMAN_OBSERVATION
58.83556,17.61453,2024,9,Sweden,HUMAN_OBSERVATION
58.83556,17.61453,2022,9,Sweden,HUMAN_OBSERVATION
58.83956,17.63107,2021,7,Sweden,HUMAN_OBSERVATION
58.85499,17.51656,2022,5,Sweden,HUMAN_OBSERVATION
58.8563,17.58619,2023,9,Sweden,HUMAN_OBSERVATION
58.86352,18.09154,2023,8,Sweden,HUMAN_OBSERVATION
58.86419,23.049588,2023,6,Estonia,HUMAN_OBSERVATION
58.87202,17.48446,2023,6,Sweden,HUMAN_OBSERVATION
58.87438,17.4897,2022,9,Sweden,HUMAN_OBSERVATION
58.87515,17.46656,2022,9,Sweden,HUMAN_OBSERVATION
58.88005,17.83664,2024,8,Sweden,HUMAN_OBSERVATION
58.88186,17.4748,2022,9,Sweden,HUMAN_OBSERVATION
58.88913,17.53748,2024,9,Sweden,HUMAN_OBSERVATION
58.89795,18.17055,2021,8,Sweden,HUMAN_OBSERVATION
58.89989,17.95136,2023,5,Sweden,HUMAN_OBSERVATION
58.90059,17.95349,2024,7,Sweden,HUMAN_OBSERVATION
58.90177,17.95595,2022,10,Sweden,HUMAN_OBSERVATION
58.90784,18.2242,2022,6,Sweden,HUMAN_OBSERVATION
58.92002,18.19115,2022,7,Sweden,HUMAN_OBSERVATION
58.92592,17.74068,2021,8,Sweden,HUMAN_OBSERVATION
58.958133,22.951853,2023,4,Estonia,HUMAN_OBSERVATION
58.95872,18.33483,2022,8,Sweden,HUMAN_OBSERVATION
58.96075,18.26652,2022,8,Sweden,HUMAN_OBSERVATION
58.96472,18.06531,2023,7,Sweden,HUMAN_OBSERVATION
59.00983,18.01817,2021,5,Sweden,HUMAN_OBSERVATION
59.02426,18.50592,2023,8,Sweden,HUMAN_OBSERVATION
59.04579,18.33108,2021,5,Sweden,HUMAN_OBSERVATION
59.0516,18.06512,2024,6,Sweden,HUMAN_OBSERVATION
59.05168,17.69552,2024,10,Sweden,HUMAN_OBSERVATION
59.05203,18.07365,2023,7,Sweden,HUMAN_OBSERVATION
59.05221,18.07361,2021,7,Sweden,HUMAN_OBSERVATION
59.05239,18.07368,2024,8,Sweden,HUMAN_OBSERVATION
59.06747,18.34678,2021,7,Sweden,HUMAN_OBSERVATION
59.06951,18.24812,2024,8,Sweden,HUMAN_OBSERVATION
59.07572,18.48518,2022,7,Sweden,HUMAN_OBSERVATION
59.08045,18.16864,2021,8,Sweden,HUMAN_OBSERVATION
59.08102,18.1672,2024,5,Sweden,HUMAN_OBSERVATION
59.084,18.28415,2021,5,Sweden,HUMAN_OBSERVATION
59.08623,18.16596,2022,8,Sweden,HUMAN_OBSERVATION
59.08662,18.19221,2022,7,Sweden,HUMAN_OBSERVATION
59.09633,18.39266,2021,7,Sweden,HUMAN_OBSERVATION
59.10172,18.3056,2022,9,Sweden,HUMAN_OBSERVATION
59.1581,18.4771,2023,6,Sweden,HUMAN_OBSERVATION
59.16754,17.66927,2023,8,Sweden,HUMAN_OBSERVATION
59.222157,23.529973,2023,6,Estonia,HUMAN_OBSERVATION
59.24894,18.37807,2021,6,Sweden,HUMAN_OBSERVATION
59.289413,24.105438,2023,6,Estonia,HUMAN_OBSERVATION
59.328445,24.100921,2023,6,Estonia,HUMAN_OBSERVATION
59.414477,27.61248,2023,5,Estonia,HUMAN_OBSERVATION
59.415294,24.308273,2023,1,Estonia,HUMAN_OBSERVATION
59.415299,24.308269,2023,1,Estonia,HUMAN_OBSERVATION
59.426746,27.535589,2023,8,Estonia,HUMAN_OBSERVATION
59.436412,26.991665,2023,8,Estonia,HUMAN_OBSERVATION
59.44724,24.57341,2023,9,Estonia,HUMAN_OBSERVATION
59.447937,24.75429,2024,9,Estonia,HUMAN_OBSERVATION
59.448142,24.748437,2024,9,Estonia,HUMAN_OBSERVATION
59.45547,18.30199,2022,9,Sweden,HUMAN_OBSERVATION
59.472783,24.72822,2024,8,Estonia,HUMAN_OBSERVATION
59.472928,24.725057,2024,8,Estonia,HUMAN_OBSERVATION
59.472928,24.725057,2024,8,Estonia,HUMAN_OBSERVATION
59.47299,24.727748,2024,8,Estonia,HUMAN_OBSERVATION
59.506875,25.008511,2023,5,Estonia,HUMAN_OBSERVATION
59.551638,26.371327,2023,9,Estonia,HUMAN_OBSERVATION
59.56691,19.02675,2024,8,Sweden,HUMAN_OBSERVATION
59.582088,25.915682,2023,8,Estonia,HUMAN_OBSERVATION
59.588673,25.916885,2023,4,Estonia,HUMAN_OBSERVATION
59.588673,25.916885,2023,4,Estonia,HUMAN_OBSERVATION
59.600403,25.918196,2023,4,Estonia,HUMAN_OBSERVATION
59.628118,26.026903,2023,9,Estonia,HUMAN_OBSERVATION
59.64561,18.92797,2023,7,Sweden,HUMAN_OBSERVATION
59.736124,22.158886,2020,6,Finland,HUMAN_OBSERVATION
59.743255,22.227517,2020,6,Finland,HUMAN_OBSERVATION
59.745621,22.552722,2021,7,Finland,HUMAN_OBSERVATION
59.74566,22.552806,2021,7,Finland,HUMAN_OBSERVATION
59.749623,22.182491,2020,6,Finland,HUMAN_OBSERVATION
59.754371,22.685758,2021,7,Finland,HUMAN_OBSERVATION
59.766666,22.15212,2020,6,Finland,HUMAN_OBSERVATION
59.782,21.371,2022,5,Finland,HUMAN_OBSERVATION
59.792994,22.166711,2020,6,Finland,HUMAN_OBSERVATION
59.812783,21.974304,2020,6,Finland,HUMAN_OBSERVATION
59.823432,28.602,2022,8,Russian Federation,HUMAN_OBSERVATION
59.831767,22.421879,2023,6,Finland,HUMAN_OBSERVATION
59.841505,23.248879,2018,,Finland,OCCURRENCE
59.842392,23.250035,2023,6,Finland,HUMAN_OBSERVATION
59.844613,21.989144,2024,6,Finland,HUMAN_OBSERVATION
59.844649,21.989156,2024,6,Finland,HUMAN_OBSERVATION
59.846549,23.253745,2022,8,Finland,HUMAN_OBSERVATION
59.864014,23.318729,2022,11,Finland,HUMAN_OBSERVATION
59.878681,22.123774,2022,8,Finland,HUMAN_OBSERVATION
59.878772,22.123778,2022,8,Finland,HUMAN_OBSERVATION
59.882229,21.851135,2021,7,Finland,HUMAN_OBSERVATION
59.882453,21.851118,2021,7,Finland,HUMAN_OBSERVATION
59.893844,23.008082,2024,8,Finland,HUMAN_OBSERVATION
59.893846,23.008153,2024,8,Finland,HUMAN_OBSERVATION
59.893857,23.008206,2024,8,Finland,HUMAN_OBSERVATION
59.902138,23.633787,2020,5,Finland,HUMAN_OBSERVATION
59.902678,22.721366,2023,5,Finland,HUMAN_OBSERVATION
59.902678,22.721366,2023,6,Finland,HUMAN_OBSERVATION
59.902678,22.721366,2023,6,Finland,HUMAN_OBSERVATION
59.902678,22.721366,2023,6,Finland,HUMAN_OBSERVATION
59.902678,22.721366,2023,8,Finland,HUMAN_OBSERVATION
59.902678,22.721366,2022,7,Finland,HUMAN_OBSERVATION
59.904536,23.845437,2021,7,Finland,HUMAN_OBSERVATION
59.915573,22.688762,2024,8,Finland,HUMAN_OBSERVATION
59.915603,22.688597,2024,8,Finland,HUMAN_OBSERVATION
59.915643,22.688431,2024,8,Finland,HUMAN_OBSERVATION
59.915673,22.688265,2024,8,Finland,HUMAN_OBSERVATION
59.915704,22.6881,2024,8,Finland,HUMAN_OBSERVATION
59.915712,22.688063,2024,8,Finland,HUMAN_OBSERVATION
59.918118,22.707756,2024,8,Finland,HUMAN_OBSERVATION
59.918205,22.707941,2024,8,Finland,HUMAN_OBSERVATION
59.918369,22.708296,2024,8,Finland,HUMAN_OBSERVATION
59.921876,22.658102,2024,8,Finland,HUMAN_OBSERVATION
59.924397,22.71006,2024,8,Finland,HUMAN_OBSERVATION
59.924408,23.361052,2023,5,Finland,HUMAN_OBSERVATION
59.924408,23.361052,2022,5,Finland,HUMAN_OBSERVATION
59.924408,23.361052,2022,8,Finland,HUMAN_OBSERVATION
59.924408,23.361052,2022,8,Finland,HUMAN_OBSERVATION
59.924408,23.361052,2021,3,Finland,HUMAN_OBSERVATION
59.924408,23.361052,2021,5,Finland,HUMAN_OBSERVATION
59.924436,22.710127,2024,8,Finland,HUMAN_OBSERVATION
59.924502,22.710243,2024,8,Finland,HUMAN_OBSERVATION
59.924569,22.71036,2024,8,Finland,HUMAN_OBSERVATION
59.924636,22.710477,2024,8,Finland,HUMAN_OBSERVATION
59.924703,22.710594,2024,8,Finland,HUMAN_OBSERVATION
59.924732,22.710661,2024,8,Finland,HUMAN_OBSERVATION
59.929641,22.715634,2024,8,Finland,HUMAN_OBSERVATION
59.935928,24.395008,2021,7,Finland,HUMAN_OBSERVATION
59.944671,22.196383,2021,8,Finland,HUMAN_OBSERVATION
59.953999,24.112068,2023,5,Finland,HUMAN_OBSERVATION
59.953999,24.112068,2023,5,Finland,HUMAN_OBSERVATION
59.953999,24.112068,2023,9,Finland,HUMAN_OBSERVATION
59.953999,24.112068,2022,4,Finland,HUMAN_OBSERVATION
59.953999,24.112068,2022,7,Finland,HUMAN_OBSERVATION
59.953999,24.112068,2021,6,Finland,HUMAN_OBSERVATION
59.953999,24.112068,2021,6,Finland,HUMAN_OBSERVATION
59.953999,24.112068,2020,6,Finland,HUMAN_OBSERVATION
59.959941,24.483887,2023,7,Finland,HUMAN_OBSERVATION
59.959967,24.484315,2023,7,Finland,HUMAN_OBSERVATION
59.961853,21.193975,2021,8,Finland,HUMAN_OBSERVATION
59.961864,21.194009,2021,8,Finland,HUMAN_OBSERVATION
59.961884,21.194059,2021,8,Finland,HUMAN_OBSERVATION
59.961895,21.194093,2021,8,Finland,HUMAN_OBSERVATION
59.961915,21.194144,2021,8,Finland,HUMAN_OBSERVATION
59.961925,21.194178,2021,8,Finland,HUMAN_OBSERVATION
59.962048,21.194515,2021,8,Finland,HUMAN_OBSERVATION
59.962831,21.196335,2021,8,Finland,HUMAN_OBSERVATION
59.967003,24.593731,2023,7,Finland,HUMAN_OBSERVATION
59.967403,24.594938,2023,7,Finland,HUMAN_OBSERVATION
59.968468,21.359267,2021,7,Finland,HUMAN_OBSERVATION
59.968604,21.359711,2021,7,Finland,HUMAN_OBSERVATION
59.969479,23.938063,2021,5,Finland,HUMAN_OBSERVATION
59.970321,24.599314,2023,7,Finland,HUMAN_OBSERVATION
59.970403,24.599398,2023,7,Finland,HUMAN_OBSERVATION
59.970531,24.599514,2023,7,Finland,HUMAN_OBSERVATION
59.970595,24.599563,2023,7,Finland,HUMAN_OBSERVATION
59.973058,24.510001,2023,6,Finland,HUMAN_OBSERVATION
59.973058,24.510001,2023,10,Finland,HUMAN_OBSERVATION
59.973058,24.510001,2022,6,Finland,HUMAN_OBSERVATION
59.973058,24.510001,2021,6,Finland,HUMAN_OBSERVATION
59.973058,24.510001,2021,6,Finland,HUMAN_OBSERVATION
59.978412,24.576573,2023,7,Finland,HUMAN_OBSERVATION
59.978468,24.576659,2023,7,Finland,HUMAN_OBSERVATION
59.978496,24.576693,2023,7,Finland,HUMAN_OBSERVATION
59.978615,24.576863,2023,7,Finland,HUMAN_OBSERVATION
59.978643,24.576915,2023,7,Finland,HUMAN_OBSERVATION
59.978717,24.577017,2023,7,Finland,HUMAN_OBSERVATION
59.978856,24.57724,2023,7,Finland,HUMAN_OBSERVATION
59.981416,24.64571,2023,6,Finland,HUMAN_OBSERVATION
59.981443,24.645744,2023,6,Finland,HUMAN_OBSERVATION
59.98148,24.645777,2023,6,Finland,HUMAN_OBSERVATION
59.981507,24.645811,2023,6,Finland,HUMAN_OBSERVATION
59.981526,24.645827,2023,6,Finland,HUMAN_OBSERVATION
59.984319,21.521671,2021,7,Finland,HUMAN_OBSERVATION
59.984329,21.521687,2021,7,Finland,HUMAN_OBSERVATION
59.98434,21.521739,2021,7,Finland,HUMAN_OBSERVATION
59.984412,21.52196,2021,7,Finland,HUMAN_OBSERVATION
59.987145,21.78239,2022,5,Finland,HUMAN_OBSERVATION
59.99021,24.417354,2024,10,Finland,HUMAN_OBSERVATION
59.990708,22.002898,2021,7,Finland,HUMAN_OBSERVATION
59.990717,22.002897,2021,7,Finland,HUMAN_OBSERVATION
59.992808,24.659425,2023,6,Finland,HUMAN_OBSERVATION
59.993332,21.478243,2021,7,Finland,HUMAN_OBSERVATION
59.993783,21.47912,2021,7,Finland,HUMAN_OBSERVATION
59.994113,21.479694,2021,7,Finland,HUMAN_OBSERVATION
59.994181,21.479808,2021,7,Finland,HUMAN_OBSERVATION
59.994558,21.480428,2021,7,Finland,HUMAN_OBSERVATION
59.994606,21.480492,2021,7,Finland,HUMAN_OBSERVATION
59.996461,21.999927,2021,7,Finland,HUMAN_OBSERVATION
59.996472,21.999962,2021,7,Finland,HUMAN_OBSERVATION
59.996483,22.000014,2021,7,Finland,HUMAN_OBSERVATION
59.996512,22.000081,2021,7,Finland,HUMAN_OBSERVATION
59.996779,22.000939,2021,7,Finland,HUMAN_OBSERVATION
59.996913,22.001404,2021,7,Finland,HUMAN_OBSERVATION
59.996964,22.001558,2021,7,Finland,HUMAN_OBSERVATION
59.997006,22.001713,2021,7,Finland,HUMAN_OBSERVATION
59.997035,22.00178,2021,7,Finland,HUMAN_OBSERVATION
59.997128,22.00209,2021,7,Finland,HUMAN_OBSERVATION
60.016453,24.625327,2023,6,Finland,HUMAN_OBSERVATION
60.016456,24.625506,2023,6,Finland,HUMAN_OBSERVATION
60.016457,24.625542,2023,6,Finland,HUMAN_OBSERVATION
60.016459,24.625667,2023,6,Finland,HUMAN_OBSERVATION
60.022818,21.139305,2021,8,Finland,HUMAN_OBSERVATION
60.022905,21.139632,2021,8,Finland,HUMAN_OBSERVATION
60.027375,22.575025,2025,5,Finland,HUMAN_OBSERVATION
60.030427,22.076712,2023,6,Finland,HUMAN_OBSERVATION
60.030427,22.076712,2023,6,Finland,HUMAN_OBSERVATION
60.030427,22.076712,2023,7,Finland,HUMAN_OBSERVATION
60.030427,22.076712,2023,9,Finland,HUMAN_OBSERVATION
60.030427,22.076712,2022,8,Finland,HUMAN_OBSERVATION
60.037982,24.859942,2025,5,Finland,HUMAN_OBSERVATION
60.056327,21.597347,2022,8,Finland,HUMAN_OBSERVATION
60.06462,21.609994,2021,7,Finland,HUMAN_OBSERVATION
60.06465,21.610061,2021,7,Finland,HUMAN_OBSERVATION
60.064701,21.610197,2021,7,Finland,HUMAN_OBSERVATION
60.06479,21.610416,2021,7,Finland,HUMAN_OBSERVATION
60.064851,21.610586,2021,7,Finland,HUMAN_OBSERVATION
60.065121,21.611244,2021,7,Finland,HUMAN_OBSERVATION
60.066811,24.205017,2023,6,Finland,HUMAN_OBSERVATION
60.067139,24.941666,2021,8,Finland,HUMAN_OBSERVATION
60.069243,22.129844,2021,8,Finland,HUMAN_OBSERVATION
60.070678,24.518834,2023,5,Finland,HUMAN_OBSERVATION
60.086513,25.132311,2021,7,Finland,HUMAN_OBSERVATION
60.087035,25.13363,2021,7,Finland,HUMAN_OBSERVATION
60.091628,25.133208,2021,8,Finland,HUMAN_OBSERVATION
60.091671,25.131803,2021,8,Finland,HUMAN_OBSERVATION
60.093606,24.721724,2021,8,Finland,HUMAN_OBSERVATION
60.094101,22.051509,2022,6,Finland,HUMAN_OBSERVATION
60.094508,24.720348,2021,8,Finland,HUMAN_OBSERVATION
60.10024,24.969138,2021,7,Finland,HUMAN_OBSERVATION
60.100353,24.968861,2021,7,Finland,HUMAN_OBSERVATION
60.100474,24.968584,2021,7,Finland,HUMAN_OBSERVATION
60.105462,22.035706,2021,7,Finland,HUMAN_OBSERVATION
60.105694,22.290321,2021,7,Finland,HUMAN_OBSERVATION
60.110633,22.07699,2021,8,Finland,HUMAN_OBSERVATION
60.110695,22.076963,2021,8,Finland,HUMAN_OBSERVATION
60.111413,29.945295,2024,6,Russian Federation,HUMAN_OBSERVATION
60.1168,24.840693,2021,7,Finland,HUMAN_OBSERVATION
60.121635,22.14383,2024,7,Finland,HUMAN_OBSERVATION
60.122081,24.929641,2023,10,Finland,HUMAN_OBSERVATION
60.122081,24.929642,2023,5,Finland,HUMAN_OBSERVATION
60.122081,24.929642,2023,5,Finland,HUMAN_OBSERVATION
60.122081,24.929642,2023,5,Finland,HUMAN_OBSERVATION
60.122081,24.929642,2023,5,Finland,HUMAN_OBSERVATION
60.122081,24.929642,2023,5,Finland,HUMAN_OBSERVATION
60.122081,24.929642,2023,5,Finland,HUMAN_OBSERVATION
60.122081,24.929642,2023,7,Finland,HUMAN_OBSERVATION
60.122081,24.929642,2023,8,Finland,HUMAN_OBSERVATION
60.122081,24.929642,2023,8,Finland,HUMAN_OBSERVATION
60.122081,24.929642,2023,8,Finland,HUMAN_OBSERVATION
60.122081,24.929642,2023,9,Finland,HUMAN_OBSERVATION
60.122081,24.929642,2022,5,Finland,HUMAN_OBSERVATION
60.122081,24.929642,2022,6,Finland,HUMAN_OBSERVATION
60.122081,24.929642,2022,7,Finland,HUMAN_OBSERVATION
60.122081,24.929642,2022,8,Finland,HUMAN_OBSERVATION
60.122081,24.929642,2022,8,Finland,HUMAN_OBSERVATION
60.122081,24.929642,2022,8,Finland,HUMAN_OBSERVATION
60.122081,24.929642,2022,8,Finland,HUMAN_OBSERVATION
60.122081,24.929642,2021,4,Finland,HUMAN_OBSERVATION
60.122081,24.929642,2021,5,Finland,HUMAN_OBSERVATION
60.122081,24.929642,2021,5,Finland,HUMAN_OBSERVATION
60.122081,24.929642,2021,5,Finland,HUMAN_OBSERVATION
60.122081,24.929642,2021,5,Finland,HUMAN_OBSERVATION
60.122081,24.929642,2021,5,Finland,HUMAN_OBSERVATION
60.122081,24.929642,2021,5,Finland,HUMAN_OBSERVATION
60.122081,24.929642,2021,7,Finland,HUMAN_OBSERVATION
60.122081,24.929642,2021,8,Finland,HUMAN_OBSERVATION
60.122081,24.929642,2021,8,Finland,HUMAN_OBSERVATION
60.122081,24.929642,2020,4,Finland,HUMAN_OBSERVATION
60.122081,24.929642,2020,4,Finland,HUMAN_OBSERVATION
60.122081,24.929642,2020,4,Finland,HUMAN_OBSERVATION
60.122081,24.929642,2020,5,Finland,HUMAN_OBSERVATION
60.122081,24.929642,2020,5,Finland,HUMAN_OBSERVATION
60.122081,24.929642,2020,6,Finland,HUMAN_OBSERVATION
60.126642,24.960058,2021,6,Finland,HUMAN_OBSERVATION
60.126731,24.95998,2021,6,Finland,HUMAN_OBSERVATION
60.126811,24.959903,2021,6,Finland,HUMAN_OBSERVATION
60.131924,24.720795,2024,5,Finland,HUMAN_OBSERVATION
60.13378,22.191574,2024,6,Finland,HUMAN_OBSERVATION
60.135746,25.088626,2021,7,Finland,HUMAN_OBSERVATION
60.135789,25.086625,2021,7,Finland,HUMAN_OBSERVATION
60.135845,25.086765,2021,7,Finland,HUMAN_OBSERVATION
60.13591,25.086906,2021,7,Finland,HUMAN_OBSERVATION
60.135994,25.087099,2021,7,Finland,HUMAN_OBSERVATION
60.136148,22.016399,2023,5,Finland,MACHINE_OBSERVATION
60.142615,20.994426,2021,7,Finland,HUMAN_OBSERVATION
60.146007,24.879586,2018,12,Finland,MACHINE_OBSERVATION
60.153122,25.201247,2021,7,Finland,HUMAN_OBSERVATION
60.153132,25.201336,2021,7,Finland,HUMAN_OBSERVATION
60.153133,25.201372,2021,7,Finland,HUMAN_OBSERVATION
60.153134,25.201462,2021,7,Finland,HUMAN_OBSERVATION
60.153135,25.201498,2021,7,Finland,HUMAN_OBSERVATION
60.153135,25.201552,2021,7,Finland,HUMAN_OBSERVATION
60.153145,25.201624,2021,7,Finland,HUMAN_OBSERVATION
60.153146,25.201696,2021,7,Finland,HUMAN_OBSERVATION
60.153147,25.201732,2021,7,Finland,HUMAN_OBSERVATION
60.158,18.604,2022,10,Sweden,HUMAN_OBSERVATION
60.162488,25.040106,2021,8,Finland,HUMAN_OBSERVATION
60.165689,25.188827,2021,7,Finland,HUMAN_OBSERVATION
60.165745,25.189004,2021,7,Finland,HUMAN_OBSERVATION
60.165792,25.189163,2021,7,Finland,HUMAN_OBSERVATION
60.166175,25.189611,2021,7,Finland,HUMAN_OBSERVATION
60.166691,25.189925,2021,7,Finland,HUMAN_OBSERVATION
60.17095,18.47454,2022,7,Sweden,HUMAN_OBSERVATION
60.17107,18.474,2022,8,Sweden,HUMAN_OBSERVATION
60.17114,18.4742,2021,7,Sweden,HUMAN_OBSERVATION
60.172348,22.891635,2023,5,Finland,HUMAN_OBSERVATION
60.172533,29.804464,2023,8,Russian Federation,HUMAN_OBSERVATION
60.173834,25.171144,2021,7,Finland,HUMAN_OBSERVATION
60.179037,24.99502,2025,5,Finland,HUMAN_OBSERVATION
60.180164,24.932167,2023,7,Finland,HUMAN_OBSERVATION
60.18031,29.771522,2024,9,Russian Federation,HUMAN_OBSERVATION
60.18083,24.96889,2018,5,Finland,OCCURRENCE
60.181511,24.983102,2021,5,Finland,HUMAN_OBSERVATION
60.181922,24.85937,2024,10,Finland,HUMAN_OBSERVATION
60.19302,18.55442,2024,8,Sweden,HUMAN_OBSERVATION
60.19333,18.55382,2024,8,Sweden,HUMAN_OBSERVATION
60.198334,24.916908,2023,7,Finland,HUMAN_OBSERVATION
60.198334,24.916908,2021,5,Finland,HUMAN_OBSERVATION
60.198334,24.916908,2020,6,Finland,HUMAN_OBSERVATION
60.200797,25.159213,2021,7,Finland,HUMAN_OBSERVATION
60.20191,25.160742,2021,6,Finland,HUMAN_OBSERVATION
60.209546,25.188846,2021,8,Finland,HUMAN_OBSERVATION
60.210938,25.590648,2023,9,Finland,HUMAN_OBSERVATION
60.210938,25.590648,2023,10,Finland,HUMAN_OBSERVATION
60.210938,25.590648,2022,7,Finland,HUMAN_OBSERVATION
60.210938,25.590648,2022,9,Finland,HUMAN_OBSERVATION
60.210938,25.590648,2022,9,Finland,HUMAN_OBSERVATION
60.210938,25.590648,2022,10,Finland,HUMAN_OBSERVATION
60.210938,25.590648,2021,8,Finland,HUMAN_OBSERVATION
60.212225,25.26978,2021,6,Finland,HUMAN_OBSERVATION
60.215251,22.41265,2021,7,Finland,HUMAN_OBSERVATION
60.215892,22.412723,2021,7,Finland,HUMAN_OBSERVATION
60.223421,25.379812,2023,9,Finland,HUMAN_OBSERVATION
60.223421,25.379813,2023,5,Finland,HUMAN_OBSERVATION
60.223421,25.379813,2023,8,Finland,HUMAN_OBSERVATION
60.223421,25.379813,2021,6,Finland,HUMAN_OBSERVATION
60.223421,25.379813,2021,8,Finland,HUMAN_OBSERVATION
60.223421,25.379813,2021,8,Finland,HUMAN_OBSERVATION
60.223421,25.379813,2020,6,Finland,HUMAN_OBSERVATION
60.227244,22.089278,2021,7,Finland,HUMAN_OBSERVATION
60.227361,22.089531,2021,7,Finland,HUMAN_OBSERVATION
60.22737,22.08953,2021,7,Finland,HUMAN_OBSERVATION
60.227419,22.089631,2021,7,Finland,HUMAN_OBSERVATION
60.227507,22.089817,2021,7,Finland,HUMAN_OBSERVATION
60.227574,22.089934,2021,7,Finland,HUMAN_OBSERVATION
60.227677,25.099173,2022,8,Finland,HUMAN_OBSERVATION
60.227709,22.090167,2021,7,Finland,HUMAN_OBSERVATION
60.227838,22.090021,2021,7,Finland,HUMAN_OBSERVATION
60.227864,22.089981,2021,7,Finland,HUMAN_OBSERVATION
60.22789,22.089959,2021,7,Finland,HUMAN_OBSERVATION
60.234156,22.434504,2023,5,Finland,HUMAN_OBSERVATION
60.235557,22.179658,2023,7,Finland,HUMAN_OBSERVATION
60.24671,19.536541,2024,6,Åland Islands,HUMAN_OBSERVATION
60.247736,21.909633,2022,8,Finland,HUMAN_OBSERVATION
60.251409,26.553905,2022,8,Finland,HUMAN_OBSERVATION
60.258797,26.396721,2024,8,Finland,HUMAN_OBSERVATION
60.26776,27.056754,2022,8,Finland,HUMAN_OBSERVATION
60.267993,27.058128,2022,8,Finland,HUMAN_OBSERVATION
60.268002,27.057459,2022,8,Finland,HUMAN_OBSERVATION
60.268038,27.057568,2022,8,Finland,HUMAN_OBSERVATION
60.26811,27.058616,2022,8,Finland,HUMAN_OBSERVATION
60.268145,27.058779,2022,8,Finland,HUMAN_OBSERVATION
60.268181,27.058942,2022,8,Finland,HUMAN_OBSERVATION
60.268262,27.059267,2022,8,Finland,HUMAN_OBSERVATION
60.268409,27.085332,2022,8,Finland,HUMAN_OBSERVATION
60.268933,27.042477,2022,8,Finland,HUMAN_OBSERVATION
60.268996,27.042513,2022,8,Finland,HUMAN_OBSERVATION
60.26905,27.042549,2022,8,Finland,HUMAN_OBSERVATION
60.270463,27.290103,2022,8,Finland,HUMAN_OBSERVATION
60.270615,27.290466,2022,8,Finland,HUMAN_OBSERVATION
60.271349,27.291648,2022,8,Finland,HUMAN_OBSERVATION
60.276068,27.016181,2023,8,Finland,HUMAN_OBSERVATION
60.282726,26.857251,2023,5,Finland,HUMAN_OBSERVATION
60.283249,26.468732,2022,8,Finland,HUMAN_OBSERVATION
60.283313,26.469056,2022,8,Finland,HUMAN_OBSERVATION
60.283948,26.470583,2022,8,Finland,HUMAN_OBSERVATION
60.284039,26.470889,2022,8,Finland,HUMAN_OBSERVATION
60.286315,26.22923,2023,6,Finland,HUMAN_OBSERVATION
60.286315,26.22923,2023,9,Finland,HUMAN_OBSERVATION
60.286315,26.22923,2022,6,Finland,HUMAN_OBSERVATION
60.288988,26.660863,2022,8,Finland,HUMAN_OBSERVATION
60.289132,26.661097,2022,8,Finland,HUMAN_OBSERVATION
60.289276,26.661312,2022,8,Finland,HUMAN_OBSERVATION
60.29544,23.292288,2021,8,Finland,HUMAN_OBSERVATION
60.295746,27.287162,2022,8,Finland,HUMAN_OBSERVATION
60.295888,27.094087,2022,8,Finland,HUMAN_OBSERVATION
60.295889,27.28738,2022,8,Finland,HUMAN_OBSERVATION
60.295969,27.287489,2022,8,Finland,HUMAN_OBSERVATION
60.296022,27.094431,2022,8,Finland,HUMAN_OBSERVATION
60.296041,27.287598,2022,8,Finland,HUMAN_OBSERVATION
60.296113,27.287708,2022,8,Finland,HUMAN_OBSERVATION
60.296184,27.287799,2022,8,Finland,HUMAN_OBSERVATION
60.296256,27.287908,2022,8,Finland,HUMAN_OBSERVATION
60.296668,27.288436,2022,8,Finland,HUMAN_OBSERVATION
60.29673,27.288563,2022,8,Finland,HUMAN_OBSERVATION
60.296793,27.288709,2022,8,Finland,HUMAN_OBSERVATION
60.296855,27.288836,2022,8,Finland,HUMAN_OBSERVATION
60.29698,27.28909,2022,8,Finland,HUMAN_OBSERVATION
60.297168,27.289472,2022,8,Finland,HUMAN_OBSERVATION
60.298303,21.579641,2021,6,Finland,HUMAN_OBSERVATION
60.30307,27.065283,2022,8,Finland,HUMAN_OBSERVATION
60.305578,27.353785,2022,8,Finland,HUMAN_OBSERVATION
60.305659,27.353768,2022,8,Finland,HUMAN_OBSERVATION
60.311786,27.129769,2023,8,Finland,HUMAN_OBSERVATION
60.312183,27.334491,2022,8,Finland,HUMAN_OBSERVATION
60.312184,27.334111,2022,8,Finland,HUMAN_OBSERVATION
60.312211,27.334129,2022,8,Finland,HUMAN_OBSERVATION
60.312237,27.082279,2023,8,Finland,HUMAN_OBSERVATION
60.312282,27.082134,2023,8,Finland,HUMAN_OBSERVATION
60.31238,27.334855,2022,8,Finland,HUMAN_OBSERVATION
60.312451,27.334982,2022,8,Finland,HUMAN_OBSERVATION
60.312514,27.335091,2022,8,Finland,HUMAN_OBSERVATION
60.312558,27.335164,2022,8,Finland,HUMAN_OBSERVATION
60.312594,27.335237,2022,8,Finland,HUMAN_OBSERVATION
60.312621,27.335291,2022,8,Finland,HUMAN_OBSERVATION
60.312648,27.335346,2022,8,Finland,HUMAN_OBSERVATION
60.31394,27.023512,2023,8,Finland,HUMAN_OBSERVATION
60.313985,27.023603,2023,8,Finland,HUMAN_OBSERVATION
60.314074,27.023784,2023,8,Finland,HUMAN_OBSERVATION
60.314076,26.531203,2022,8,Finland,HUMAN_OBSERVATION
60.314092,27.02382,2023,8,Finland,HUMAN_OBSERVATION
60.314094,26.531275,2022,8,Finland,HUMAN_OBSERVATION
60.314103,26.531329,2022,8,Finland,HUMAN_OBSERVATION
60.314149,26.531474,2022,8,Finland,HUMAN_OBSERVATION
60.314203,26.531672,2022,8,Finland,HUMAN_OBSERVATION
60.314245,27.024128,2023,8,Finland,HUMAN_OBSERVATION
60.314265,26.647496,2022,8,Finland,HUMAN_OBSERVATION
60.314274,26.647569,2022,8,Finland,HUMAN_OBSERVATION
60.314274,26.647623,2022,8,Finland,HUMAN_OBSERVATION
60.314292,26.531291,2022,8,Finland,HUMAN_OBSERVATION
60.314299,27.024254,2023,8,Finland,HUMAN_OBSERVATION
60.314618,26.532155,2022,8,Finland,HUMAN_OBSERVATION
60.314672,26.532299,2022,8,Finland,HUMAN_OBSERVATION
60.320573,26.558972,2022,8,Finland,HUMAN_OBSERVATION
60.320827,26.559675,2022,8,Finland,HUMAN_OBSERVATION
60.320917,26.559927,2022,8,Finland,HUMAN_OBSERVATION
60.32099,26.560125,2022,8,Finland,HUMAN_OBSERVATION
60.321063,26.560631,2022,8,Finland,HUMAN_OBSERVATION
60.321235,26.561063,2022,8,Finland,HUMAN_OBSERVATION
60.32177,26.531002,2022,8,Finland,HUMAN_OBSERVATION
60.322769,26.531495,2022,8,Finland,HUMAN_OBSERVATION
60.32285,26.531566,2022,8,Finland,HUMAN_OBSERVATION
60.324964,27.5517,2023,8,Finland,HUMAN_OBSERVATION
60.33006,27.262364,2023,9,Finland,HUMAN_OBSERVATION
60.330213,27.262492,2023,9,Finland,HUMAN_OBSERVATION
60.331421,27.366742,2023,9,Finland,HUMAN_OBSERVATION
60.332964,26.510358,2022,8,Finland,HUMAN_OBSERVATION
60.333045,26.510285,2022,8,Finland,HUMAN_OBSERVATION
60.336511,22.124548,2021,7,Finland,HUMAN_OBSERVATION
60.336523,22.124637,2021,7,Finland,HUMAN_OBSERVATION
60.336526,22.124709,2021,7,Finland,HUMAN_OBSERVATION
60.336537,22.124762,2021,7,Finland,HUMAN_OBSERVATION
60.336715,22.126169,2021,7,Finland,HUMAN_OBSERVATION
60.336788,22.126194,2021,7,Finland,HUMAN_OBSERVATION
60.33684,27.480734,2022,9,Finland,HUMAN_OBSERVATION
60.336893,27.480861,2022,9,Finland,HUMAN_OBSERVATION
60.337276,27.429443,2023,8,Finland,HUMAN_OBSERVATION
60.337392,27.429698,2023,8,Finland,HUMAN_OBSERVATION
60.343454,22.140932,2017,6,Finland,MACHINE_OBSERVATION
60.345575,26.903306,2023,8,Finland,HUMAN_OBSERVATION
60.345737,26.903704,2023,8,Finland,HUMAN_OBSERVATION
60.346988,22.094681,2021,7,Finland,HUMAN_OBSERVATION
60.346988,22.094681,2021,7,Finland,HUMAN_OBSERVATION
60.347137,22.095803,2021,7,Finland,HUMAN_OBSERVATION
60.347137,22.095803,2021,7,Finland,HUMAN_OBSERVATION
60.347277,22.095927,2021,7,Finland,HUMAN_OBSERVATION
60.347344,22.095808,2021,7,Finland,HUMAN_OBSERVATION
60.347502,22.097872,2021,7,Finland,HUMAN_OBSERVATION
60.349,22.305542,2021,7,Finland,HUMAN_OBSERVATION
60.350474,27.517973,2023,8,Finland,HUMAN_OBSERVATION
60.35056,27.518971,2023,8,Finland,HUMAN_OBSERVATION
60.353024,26.22869,2020,4,Finland,HUMAN_OBSERVATION
60.355028,27.40927,2022,9,Finland,HUMAN_OBSERVATION
60.355028,27.409288,2022,9,Finland,HUMAN_OBSERVATION
60.355046,27.409325,2022,9,Finland,HUMAN_OBSERVATION
60.355063,27.409397,2022,9,Finland,HUMAN_OBSERVATION
60.355099,27.409506,2022,9,Finland,HUMAN_OBSERVATION
60.355134,27.409616,2022,9,Finland,HUMAN_OBSERVATION
60.357208,21.917913,2024,4,Finland,HUMAN_OBSERVATION
60.357208,21.917915,2023,5,Finland,HUMAN_OBSERVATION
60.357208,21.917915,2023,6,Finland,HUMAN_OBSERVATION
60.357208,21.917915,2023,6,Finland,HUMAN_OBSERVATION
60.357208,21.917915,2023,6,Finland,HUMAN_OBSERVATION
60.357208,21.917915,2023,7,Finland,HUMAN_OBSERVATION
60.357208,21.917915,2023,7,Finland,HUMAN_OBSERVATION
60.357208,21.917915,2023,7,Finland,HUMAN_OBSERVATION
60.357208,21.917915,2023,7,Finland,HUMAN_OBSERVATION
60.357208,21.917915,2023,7,Finland,HUMAN_OBSERVATION
60.357208,21.917915,2023,7,Finland,HUMAN_OBSERVATION
60.357208,21.917915,2023,7,Finland,HUMAN_OBSERVATION
60.357208,21.917915,2023,7,Finland,HUMAN_OBSERVATION
60.357208,21.917915,2023,7,Finland,HUMAN_OBSERVATION
60.357208,21.917915,2023,8,Finland,HUMAN_OBSERVATION
60.357208,21.917915,2023,8,Finland,HUMAN_OBSERVATION
60.357208,21.917915,2023,8,Finland,HUMAN_OBSERVATION
60.357208,21.917915,2023,8,Finland,HUMAN_OBSERVATION
60.357208,21.917915,2023,9,Finland,HUMAN_OBSERVATION
60.357208,21.917915,2022,6,Finland,HUMAN_OBSERVATION
60.357208,21.917915,2022,6,Finland,HUMAN_OBSERVATION
60.357208,21.917915,2022,6,Finland,HUMAN_OBSERVATION
60.357208,21.917915,2022,6,Finland,HUMAN_OBSERVATION
60.357208,21.917915,2022,7,Finland,HUMAN_OBSERVATION
60.357208,21.917915,2022,7,Finland,HUMAN_OBSERVATION
60.357208,21.917915,2022,7,Finland,HUMAN_OBSERVATION
60.357208,21.917915,2022,8,Finland,HUMAN_OBSERVATION
60.357208,21.917915,2022,9,Finland,HUMAN_OBSERVATION
60.357208,21.917915,2022,9,Finland,HUMAN_OBSERVATION
60.357208,21.917915,2021,5,Finland,HUMAN_OBSERVATION
60.357208,21.917915,2021,5,Finland,HUMAN_OBSERVATION
60.357208,21.917915,2021,5,Finland,HUMAN_OBSERVATION
60.357208,21.917915,2021,7,Finland,HUMAN_OBSERVATION
60.357208,21.917915,2021,7,Finland,HUMAN_OBSERVATION
60.357208,21.917915,2021,8,Finland,HUMAN_OBSERVATION
60.357208,21.917915,2021,8,Finland,HUMAN_OBSERVATION
60.357208,21.917915,2021,10,Finland,HUMAN_OBSERVATION
60.357208,21.917915,2021,11,Finland,HUMAN_OBSERVATION
60.357208,21.917915,2020,4,Finland,HUMAN_OBSERVATION
60.357208,21.917915,2020,4,Finland,HUMAN_OBSERVATION
60.357208,21.917915,2020,6,Finland,HUMAN_OBSERVATION
60.357208,21.917915,2020,6,Finland,HUMAN_OBSERVATION
60.368549,21.835794,2022,9,Finland,HUMAN_OBSERVATION
60.374171,26.690479,2022,8,Finland,HUMAN_OBSERVATION
60.374287,26.690206,2022,8,Finland,HUMAN_OBSERVATION
60.374474,26.689733,2022,8,Finland,HUMAN_OBSERVATION
60.378849,26.706521,2024,8,Finland,HUMAN_OBSERVATION
60.37972,27.533473,2023,8,Finland,HUMAN_OBSERVATION
60.384833,26.58936,2023,8,Finland,HUMAN_OBSERVATION
60.384833,26.58936,2023,10,Finland,HUMAN_OBSERVATION
60.396189,22.018887,2021,7,Finland,HUMAN_OBSERVATION
60.397275,22.020484,2021,7,Finland,HUMAN_OBSERVATION
60.399586,27.593777,2022,9,Finland,HUMAN_OBSERVATION
60.40389,27.649106,2023,8,Finland,HUMAN_OBSERVATION
60.414458,22.106844,2014,10,Finland,MACHINE_OBSERVATION
60.415185,22.093979,2021,7,Finland,HUMAN_OBSERVATION
60.415185,22.093979,2021,7,Finland,HUMAN_OBSERVATION
60.418343,26.813916,2024,8,Finland,HUMAN_OBSERVATION
60.424619,26.21802,2022,7,Finland,HUMAN_OBSERVATION
60.426581,26.890559,2022,5,Finland,HUMAN_OBSERVATION
60.426581,26.890559,2022,6,Finland,HUMAN_OBSERVATION
60.426581,26.890559,2022,8,Finland,HUMAN_OBSERVATION
60.426581,26.890559,2021,8,Finland,HUMAN_OBSERVATION
60.426868,27.582777,2023,9,Finland,HUMAN_OBSERVATION
60.42702,27.582907,2023,9,Finland,HUMAN_OBSERVATION
60.428353,27.583966,2023,9,Finland,HUMAN_OBSERVATION
60.428371,27.583966,2023,9,Finland,HUMAN_OBSERVATION
60.428416,27.584004,2023,9,Finland,HUMAN_OBSERVATION
60.428452,27.584004,2023,9,Finland,HUMAN_OBSERVATION
60.434543,27.603444,2023,8,Finland,HUMAN_OBSERVATION
60.43503,27.604852,2023,8,Finland,HUMAN_OBSERVATION
60.43503,27.60487,2023,8,Finland,HUMAN_OBSERVATION
60.435039,27.604888,2023,8,Finland,HUMAN_OBSERVATION
60.435048,27.604961,2023,8,Finland,HUMAN_OBSERVATION
60.435057,27.604979,2023,8,Finland,HUMAN_OBSERVATION
60.435057,27.604998,2023,8,Finland,HUMAN_OBSERVATION
60.435065,27.605034,2023,8,Finland,HUMAN_OBSERVATION
60.435083,27.605125,2023,8,Finland,HUMAN_OBSERVATION
60.435127,27.605326,2023,8,Finland,HUMAN_OBSERVATION
60.435136,27.605381,2023,8,Finland,HUMAN_OBSERVATION
60.435153,27.60549,2023,8,Finland,HUMAN_OBSERVATION
60.435162,27.605545,2023,8,Finland,HUMAN_OBSERVATION
60.43518,27.605599,2023,8,Finland,HUMAN_OBSERVATION
60.435206,27.605763,2023,8,Finland,HUMAN_OBSERVATION
60.456465,22.054079,2012,8,Finland,OCCURRENCE
60.457694,22.046118,2012,8,Finland,OCCURRENCE
60.457739,22.046397,2012,8,Finland,OCCURRENCE
60.45856,26.945705,2021,5,Finland,HUMAN_OBSERVATION
60.460823,22.018964,2021,7,Finland,HUMAN_OBSERVATION
60.461079,21.681545,2024,5,Finland,HUMAN_OBSERVATION
60.46277,26.953238,2023,5,Finland,HUMAN_OBSERVATION
60.475943,27.213856,2023,7,Finland,HUMAN_OBSERVATION
60.475943,27.213856,2023,7,Finland,HUMAN_OBSERVATION
60.475943,27.213856,2022,7,Finland,HUMAN_OBSERVATION
60.475943,27.213856,2021,6,Finland,HUMAN_OBSERVATION
60.475943,27.213856,2021,8,Finland,HUMAN_OBSERVATION
60.475943,27.213856,2020,5,Finland,HUMAN_OBSERVATION
60.479314,27.106767,2022,8,Finland,HUMAN_OBSERVATION
60.480014,27.603325,2021,6,Finland,HUMAN_OBSERVATION
60.480014,27.603325,2020,5,Finland,HUMAN_OBSERVATION
60.496263,27.353959,2024,5,Finland,HUMAN_OBSERVATION
60.524954,21.558604,2024,9,Finland,HUMAN_OBSERVATION
60.573515,21.715696,2022,9,Finland,HUMAN_OBSERVATION
60.594965,21.202202,2023,6,Finland,HUMAN_OBSERVATION
60.594965,21.202202,2023,9,Finland,HUMAN_OBSERVATION
60.594965,21.202202,2021,8,Finland,HUMAN_OBSERVATION
60.629469,28.568423,2022,7,Russian Federation,HUMAN_OBSERVATION
60.63882,17.53866,2024,11,Sweden,HUMAN_OBSERVATION
60.64575,17.61754,2024,11,Sweden,HUMAN_OBSERVATION
60.65009,17.55405,2024,9,Sweden,HUMAN_OBSERVATION
60.65196,17.55534,2024,9,Sweden,HUMAN_OBSERVATION
60.65272,17.41492,2024,11,Sweden,HUMAN_OBSERVATION
60.65607,17.36638,2024,11,Sweden,HUMAN_OBSERVATION
60.662641,21.212624,2023,7,Finland,HUMAN_OBSERVATION
60.662731,21.212626,2023,7,Finland,HUMAN_OBSERVATION
60.662776,21.212618,2023,7,Finland,HUMAN_OBSERVATION
60.66591,17.3034,2024,11,Sweden,HUMAN_OBSERVATION
60.672525,21.220515,2021,9,Finland,HUMAN_OBSERVATION
60.672597,21.220924,2021,9,Finland,HUMAN_OBSERVATION
60.672669,21.223425,2021,9,Finland,HUMAN_OBSERVATION
60.6727,21.221437,2021,9,Finland,HUMAN_OBSERVATION
60.67576,17.33955,2024,11,Sweden,HUMAN_OBSERVATION
60.69626,17.32708,2024,11,Sweden,HUMAN_OBSERVATION
60.69955,17.30255,2024,6,Sweden,HUMAN_OBSERVATION
60.71121,17.35269,2024,11,Sweden,HUMAN_OBSERVATION
60.71895,17.34981,2024,11,Sweden,HUMAN_OBSERVATION
60.72554,17.28896,2022,9,Sweden,HUMAN_OBSERVATION
60.72554,17.28896,2022,9,Sweden,HUMAN_OBSERVATION
60.72786,17.54447,2024,9,Sweden,HUMAN_OBSERVATION
60.74502,17.33051,2021,6,Sweden,HUMAN_OBSERVATION
60.749398,21.300068,2021,9,Finland,HUMAN_OBSERVATION
60.842585,21.024762,2022,5,Finland,HUMAN_OBSERVATION
60.854225,20.983005,2023,7,Finland,HUMAN_OBSERVATION
60.854257,20.98311,2023,7,Finland,HUMAN_OBSERVATION
60.854298,20.983231,2023,7,Finland,HUMAN_OBSERVATION
60.85432,20.983301,2023,7,Finland,HUMAN_OBSERVATION
60.854341,20.983371,2023,7,Finland,HUMAN_OBSERVATION
60.854351,20.983406,2023,7,Finland,HUMAN_OBSERVATION
60.854362,20.983441,2023,7,Finland,HUMAN_OBSERVATION
60.854392,20.983509,2023,7,Finland,HUMAN_OBSERVATION
60.854435,20.983667,2023,7,Finland,HUMAN_OBSERVATION
60.854487,20.983823,2023,7,Finland,HUMAN_OBSERVATION
60.854862,20.984952,2023,7,Finland,HUMAN_OBSERVATION
60.854913,20.98509,2023,7,Finland,HUMAN_OBSERVATION
60.854965,20.985246,2023,7,Finland,HUMAN_OBSERVATION
60.85506,20.985542,2023,7,Finland,HUMAN_OBSERVATION
60.877654,21.084365,2022,7,Finland,HUMAN_OBSERVATION
60.87771,21.017378,2023,5,Finland,HUMAN_OBSERVATION
60.87771,21.017378,2023,5,Finland,HUMAN_OBSERVATION
60.87771,21.017378,2022,5,Finland,HUMAN_OBSERVATION
60.87771,21.017378,2022,7,Finland,HUMAN_OBSERVATION
60.87771,21.017378,2021,4,Finland,HUMAN_OBSERVATION
60.87771,21.017378,2021,5,Finland,HUMAN_OBSERVATION
60.87771,21.017378,2020,4,Finland,HUMAN_OBSERVATION
60.87771,21.017378,2020,6,Finland,HUMAN_OBSERVATION
60.877794,21.084874,2022,7,Finland,HUMAN_OBSERVATION
60.877871,21.085192,2022,7,Finland,HUMAN_OBSERVATION
60.878952,21.015206,2023,7,Finland,HUMAN_OBSERVATION
60.909863,21.021872,2023,7,Finland,HUMAN_OBSERVATION
60.915659,21.11983,2021,9,Finland,HUMAN_OBSERVATION
60.962546,21.039734,2021,7,Finland,HUMAN_OBSERVATION
60.98017,21.142378,2021,8,Finland,HUMAN_OBSERVATION
60.980213,21.142536,2021,8,Finland,HUMAN_OBSERVATION
60.98332,21.145873,2021,8,Finland,HUMAN_OBSERVATION
60.983333,21.145963,2021,8,Finland,HUMAN_OBSERVATION
60.994604,21.111737,2021,8,Finland,HUMAN_OBSERVATION
61.00749,21.169429,2021,8,Finland,HUMAN_OBSERVATION
61.008345,21.170459,2021,8,Finland,HUMAN_OBSERVATION
61.012359,21.123277,2021,8,Finland,HUMAN_OBSERVATION
61.026229,21.192421,2021,8,Finland,HUMAN_OBSERVATION
61.026256,21.193269,2021,8,Finland,HUMAN_OBSERVATION
61.026272,21.193619,2021,8,Finland,HUMAN_OBSERVATION
61.051171,21.425787,2021,5,Finland,HUMAN_OBSERVATION
61.057116,21.308511,2021,5,Finland,HUMAN_OBSERVATION
61.059401,21.192366,2021,7,Finland,HUMAN_OBSERVATION
61.059585,21.193094,2021,7,Finland,HUMAN_OBSERVATION
61.063972,21.23821,2021,8,Finland,HUMAN_OBSERVATION
61.064032,21.238348,2021,8,Finland,HUMAN_OBSERVATION
61.064152,21.238623,2021,8,Finland,HUMAN_OBSERVATION
61.064341,21.239053,2021,8,Finland,HUMAN_OBSERVATION
61.076923,21.227617,2021,8,Finland,HUMAN_OBSERVATION
61.076939,21.227799,2021,8,Finland,HUMAN_OBSERVATION
61.077105,21.225781,2021,8,Finland,HUMAN_OBSERVATION
61.08795,21.244861,2021,7,Finland,HUMAN_OBSERVATION
61.108632,21.256772,2021,8,Finland,HUMAN_OBSERVATION
61.108682,21.257526,2021,8,Finland,HUMAN_OBSERVATION
61.108698,21.257691,2021,8,Finland,HUMAN_OBSERVATION
61.108706,21.257875,2021,8,Finland,HUMAN_OBSERVATION
61.108722,21.258058,2021,8,Finland,HUMAN_OBSERVATION
61.108731,21.258261,2021,8,Finland,HUMAN_OBSERVATION
61.108808,21.260498,2021,8,Finland,HUMAN_OBSERVATION
61.10881,21.26033,2021,8,Finland,HUMAN_OBSERVATION
61.10882,21.259938,2021,8,Finland,HUMAN_OBSERVATION
61.10882,21.260142,2021,8,Finland,HUMAN_OBSERVATION
61.108825,21.259621,2021,8,Finland,HUMAN_OBSERVATION
61.108827,21.259658,2021,8,Finland,HUMAN_OBSERVATION
61.108839,21.25932,2021,8,Finland,HUMAN_OBSERVATION
61.10884,21.259134,2021,8,Finland,HUMAN_OBSERVATION
61.108841,21.25893,2021,8,Finland,HUMAN_OBSERVATION
61.123974,21.249866,2021,8,Finland,HUMAN_OBSERVATION
61.124033,21.250004,2021,8,Finland,HUMAN_OBSERVATION
61.124162,21.250278,2021,8,Finland,HUMAN_OBSERVATION
61.124351,21.250691,2021,8,Finland,HUMAN_OBSERVATION
61.124374,21.251021,2021,8,Finland,HUMAN_OBSERVATION
61.124401,21.250812,2021,8,Finland,HUMAN_OBSERVATION
61.124469,21.251562,2021,8,Finland,HUMAN_OBSERVATION
61.124538,21.251922,2021,8,Finland,HUMAN_OBSERVATION
61.124563,21.252085,2021,8,Finland,HUMAN_OBSERVATION
61.124633,21.252444,2021,8,Finland,HUMAN_OBSERVATION
61.124658,21.252626,2021,8,Finland,HUMAN_OBSERVATION
61.124693,21.252806,2021,8,Finland,HUMAN_OBSERVATION
61.137242,21.248172,2022,7,Finland,HUMAN_OBSERVATION
61.142241,21.356066,2021,7,Finland,HUMAN_OBSERVATION
61.14546,21.299899,2021,8,Finland,HUMAN_OBSERVATION
61.145778,21.299115,2021,8,Finland,HUMAN_OBSERVATION
61.164243,21.301084,2021,8,Finland,HUMAN_OBSERVATION
61.164295,21.301242,2021,8,Finland,HUMAN_OBSERVATION
61.164383,21.301431,2021,8,Finland,HUMAN_OBSERVATION
61.164546,21.301868,2021,8,Finland,HUMAN_OBSERVATION
61.164919,21.302378,2021,8,Finland,HUMAN_OBSERVATION
61.164929,21.302413,2021,8,Finland,HUMAN_OBSERVATION
61.234019,21.299069,2021,8,Finland,HUMAN_OBSERVATION
61.234115,21.29922,2021,8,Finland,HUMAN_OBSERVATION
61.234912,21.300383,2021,8,Finland,HUMAN_OBSERVATION
61.235056,21.300618,2021,8,Finland,HUMAN_OBSERVATION
61.260977,21.401985,2023,4,Finland,HUMAN_OBSERVATION
61.260977,21.401985,2022,5,Finland,HUMAN_OBSERVATION
61.260977,21.401985,2022,5,Finland,HUMAN_OBSERVATION
61.260977,21.401985,2022,5,Finland,HUMAN_OBSERVATION
61.260977,21.401985,2021,4,Finland,HUMAN_OBSERVATION
61.260977,21.401985,2021,5,Finland,HUMAN_OBSERVATION
61.260977,21.401985,2021,5,Finland,HUMAN_OBSERVATION
61.260977,21.401985,2021,5,Finland,HUMAN_OBSERVATION
61.260986,21.401985,2023,5,Finland,HUMAN_OBSERVATION
61.260986,21.401985,2023,9,Finland,HUMAN_OBSERVATION
61.260986,21.401985,2023,9,Finland,HUMAN_OBSERVATION
61.263797,21.294816,2021,9,Finland,HUMAN_OBSERVATION
61.263835,21.294641,2021,9,Finland,HUMAN_OBSERVATION
61.285425,21.319574,2021,9,Finland,HUMAN_OBSERVATION
61.285537,21.320302,2021,9,Finland,HUMAN_OBSERVATION
61.337163,21.406511,2020,5,Finland,HUMAN_OBSERVATION
61.343486,21.516286,2021,5,Finland,HUMAN_OBSERVATION
61.343535,21.516312,2021,5,Finland,HUMAN_OBSERVATION
61.421925,21.264415,2021,8,Finland,HUMAN_OBSERVATION
61.452076,21.427098,2021,8,Finland,HUMAN_OBSERVATION
61.469976,21.400559,2021,8,Finland,HUMAN_OBSERVATION
61.482139,21.417492,2021,7,Finland,HUMAN_OBSERVATION
61.482918,21.416957,2021,7,Finland,HUMAN_OBSERVATION
61.48348,21.447821,2021,7,Finland,HUMAN_OBSERVATION
61.491432,21.381102,2021,7,Finland,HUMAN_OBSERVATION
61.49152,21.381048,2021,7,Finland,HUMAN_OBSERVATION
61.523497,21.367473,2021,7,Finland,HUMAN_OBSERVATION
61.545971,21.391853,2021,7,Finland,HUMAN_OBSERVATION
61.61619,21.497951,2023,9,Finland,HUMAN_OBSERVATION
61.61619,21.497953,2023,5,Finland,HUMAN_OBSERVATION
61.61619,21.497953,2022,7,Finland,HUMAN_OBSERVATION
61.61619,21.497953,2022,9,Finland,HUMAN_OBSERVATION
61.683933,21.392703,2022,6,Finland,HUMAN_OBSERVATION
61.916349,21.34357,2023,5,Finland,HUMAN_OBSERVATION
62.38429,17.34758,2024,6,Sweden,HUMAN_OBSERVATION
62.38429,17.34758,2024,7,Sweden,HUMAN_OBSERVATION
63.29429,19.12338,2022,9,Sweden,HUMAN_OBSERVATION
63.29467,19.12406,2022,9,Sweden,HUMAN_OBSERVATION
63.32068,19.14687,2023,8,Sweden,HUMAN_OBSERVATION
64.681559,24.345537,2023,8,Finland,HUMAN_OBSERVATION
64.681896,24.345819,2023,8,Finland,HUMAN_OBSERVATION
64.682069,24.34597,2023,8,Finland,HUMAN_OBSERVATION
64.682579,24.346381,2023,8,Finland,HUMAN_OBSERVATION
64.782259,24.529268,2022,6,Finland,HUMAN_OBSERVATION
64.782259,24.529268,2022,9,Finland,HUMAN_OBSERVATION
