latitude,longitude,year,month,country,basisOfRecord
36.99198,-7.968742,2019,4,Portugal,HUMAN_OBSERVATION
37.118255,-7.620958,2019,6,Portugal,HUMAN_OBSERVATION
37.118255,-7.620958,,,Portugal,HUMAN_OBSERVATION
38.706355,-9.135433,2017,8,Portugal,HUMAN_OBSERVATION
38.706355,-9.135433,,,Portugal,HUMAN_OBSERVATION
39.675293,-7.933662,2016,4,Portugal,MATERIAL_SAMPLE
39.675293,-7.933662,2016,4,Portugal,MATERIAL_SAMPLE
39.675293,-7.933662,2016,4,Portugal,MATERIAL_SAMPLE
39.675293,-7.933662,2016,4,Portugal,MATERIAL_SAMPLE
39.675293,-7.933662,2016,4,Portugal,MATERIAL_SAMPLE
39.675293,-7.933662,2016,4,Portugal,MATERIAL_SAMPLE
39.675293,-7.933662,2016,4,Portugal,MATERIAL_SAMPLE
39.675293,-7.933662,2016,4,Portugal,MATERIAL_SAMPLE
39.675293,-7.933662,2016,4,Portugal,MATERIAL_SAMPLE
39.675293,-7.933662,2016,4,Portugal,MATERIAL_SAMPLE
39.675293,-7.933662,2016,4,Portugal,MATERIAL_SAMPLE
39.675293,-7.933662,2016,4,Portugal,MATERIAL_SAMPLE
39.675293,-7.933662,2016,4,Portugal,MATERIAL_SAMPLE
39.675293,-7.933662,2016,4,Portugal,MATERIAL_SAMPLE
40.36501,-3.651625,2014,12,Spain,MATERIAL_SAMPLE
40.36501,-3.651625,2014,12,Spain,MATERIAL_SAMPLE
40.36501,-3.651625,,,Spain,MATERIAL_SAMPLE
40.36501,-3.651625,,,Spain,MATERIAL_SAMPLE
40.36501,-3.651625,,,Spain,MATERIAL_SAMPLE
40.36501,-3.651625,,,Spain,MATERIAL_SAMPLE
40.36501,-3.651625,,,Spain,MATERIAL_SAMPLE
40.36501,-3.651625,,,Spain,MATERIAL_SAMPLE
40.36501,-3.651625,,,Spain,MATERIAL_SAMPLE
40.36501,-3.651625,,,Spain,MATERIAL_SAMPLE
40.36501,-3.651625,,,Spain,MATERIAL_SAMPLE
40.36501,-3.651625,,,Spain,MATERIAL_SAMPLE
40.36501,-3.651625,,,Spain,MATERIAL_SAMPLE
40.36501,-3.651625,,,Spain,MATERIAL_SAMPLE
40.36501,-3.651625,,,Spain,MATERIAL_SAMPLE
40.36501,-3.651625,,,Spain,MATERIAL_SAMPLE
40.36501,-3.651625,,,Spain,MATERIAL_SAMPLE
40.36501,-3.651625,,,Spain,MATERIAL_SAMPLE
40.36501,-3.651625,,,Spain,MATERIAL_SAMPLE
40.36501,-3.651625,,,Spain,MATERIAL_SAMPLE
40.36501,-3.651625,,,Spain,MATERIAL_SAMPLE
40.36501,-3.651625,,,Spain,MATERIAL_SAMPLE
40.36501,-3.651625,,,Spain,MATERIAL_SAMPLE
40.36501,-3.651625,,,Spain,MATERIAL_SAMPLE
40.36501,-3.651625,,,Spain,MATERIAL_SAMPLE
40.36501,-3.651625,,,Spain,MATERIAL_SAMPLE
40.36501,-3.651625,,,Spain,MATERIAL_SAMPLE
40.36501,-3.651625,,,Spain,MATERIAL_SAMPLE
40.36501,-3.651625,,,Spain,MATERIAL_SAMPLE
40.36501,-3.651625,,,Spain,MATERIAL_SAMPLE
40.36501,-3.651625,,,Spain,MATERIAL_SAMPLE
40.36501,-3.651625,,,Spain,MATERIAL_SAMPLE
40.36501,-3.651625,,,Spain,MATERIAL_SAMPLE
40.36501,-3.651625,,,Spain,MATERIAL_SAMPLE
40.36501,-3.651625,,,Spain,MATERIAL_SAMPLE
40.36501,-3.651625,,,Spain,MATERIAL_SAMPLE
40.36501,-3.651625,,,Spain,MATERIAL_SAMPLE
40.36501,-3.651625,,,Spain,MATERIAL_SAMPLE
40.36501,-3.651625,,,Spain,MATERIAL_SAMPLE
40.36501,-3.651625,,,Spain,MATERIAL_SAMPLE
40.36501,-3.651625,,,Spain,MATERIAL_SAMPLE
40.36501,-3.651625,,,Spain,MATERIAL_SAMPLE
40.36501,-3.651625,,,Spain,MATERIAL_SAMPLE
40.36501,-3.651625,,,Spain,MATERIAL_SAMPLE
40.36501,-3.651625,,,Spain,MATERIAL_SAMPLE
40.36501,-3.651625,,,Spain,MATERIAL_SAMPLE
40.36501,-3.651625,,,Spain,MATERIAL_SAMPLE
40.36501,-3.651625,,,Spain,MATERIAL_SAMPLE
40.36501,-3.651625,,,Spain,MATERIAL_SAMPLE
40.36501,-3.651625,,,Spain,MATERIAL_SAMPLE
40.36501,-3.651625,,,Spain,MATERIAL_SAMPLE
40.36501,-3.651625,,,Spain,MATERIAL_SAMPLE
40.36501,-3.651625,,,Spain,MATERIAL_SAMPLE
40.36501,-3.651625,,,Spain,MATERIAL_SAMPLE
40.36501,-3.651625,,,Spain,MATERIAL_SAMPLE
40.630872,-8.739295,2022,5,Portugal,HUMAN_OBSERVATION
40.630872,-8.739295,2022,5,Portugal,HUMAN_OBSERVATION
42.332658,-8.799897,2019,3,Spain,HUMAN_OBSERVATION
42.332658,-8.799897,2019,3,Spain,HUMAN_OBSERVATION
42.52489,3.1026,2023,4,France,HUMAN_OBSERVATION
43.43216,3.66272,2022,6,France,HUMAN_OBSERVATION
43.53333,3.9525,2019,8,France,HUMAN_OBSERVATION
44.64203,-1.23974,2023,2,France,HUMAN_OBSERVATION
44.64203,-1.23974,2023,3,France,HUMAN_OBSERVATION
44.64203,-1.23974,2022,8,France,HUMAN_OBSERVATION
44.64203,-1.23974,2022,9,France,HUMAN_OBSERVATION
44.64203,-1.23974,2022,11,France,HUMAN_OBSERVATION
44.64203,-1.23974,2021,4,France,HUMAN_OBSERVATION
44.64203,-1.23974,2021,4,France,HUMAN_OBSERVATION
44.64203,-1.23974,2021,9,France,HUMAN_OBSERVATION
44.64203,-1.23974,2021,11,France,HUMAN_OBSERVATION
44.69896,-1.04536,2023,2,France,HUMAN_OBSERVATION
44.71395,-1.21064,2022,9,France,HUMAN_OBSERVATION
45.36411,-1.16125,2023,2,France,HUMAN_OBSERVATION
45.38523,-1.16091,2022,4,France,HUMAN_OBSERVATION
45.54023,-1.10514,2023,2,France,HUMAN_OBSERVATION
45.55735,-1.09781,2021,10,France,HUMAN_OBSERVATION
45.56498,-1.13227,2016,4,France,HUMAN_OBSERVATION
45.628156,-1.062833,2022,7,France,HUMAN_OBSERVATION
45.628156,-1.062833,2022,7,France,HUMAN_OBSERVATION
45.628156,-1.062833,2022,7,France,HUMAN_OBSERVATION
45.628156,-1.062833,2022,7,France,HUMAN_OBSERVATION
45.640194,-1.08731,2020,6,France,HUMAN_OBSERVATION
45.78539,-1.12782,2016,10,France,HUMAN_OBSERVATION
45.83995,-1.25043,2023,2,France,HUMAN_OBSERVATION
45.88349,-1.27952,2022,9,France,HUMAN_OBSERVATION
45.94146,-1.21439,2013,4,France,HUMAN_OBSERVATION
45.94278,-1.21889,2012,6,France,HUMAN_OBSERVATION
45.94278,-1.21889,2012,11,France,HUMAN_OBSERVATION
46.04235,-1.06634,2012,12,France,HUMAN_OBSERVATION
46.05232,-1.38355,2023,3,France,HUMAN_OBSERVATION
46.13985,-1.17267,2018,7,France,HUMAN_OBSERVATION
46.20195,-1.20648,2023,1,France,HUMAN_OBSERVATION
46.33996,-1.40316,2023,1,France,HUMAN_OBSERVATION
46.34081,-1.4591,2021,3,France,HUMAN_OBSERVATION
46.34202,-1.37527,2016,10,France,HUMAN_OBSERVATION
46.34278,-1.3709,2017,3,France,HUMAN_OBSERVATION
46.40348,-1.54931,2022,12,France,HUMAN_OBSERVATION
46.70599,-2.34627,1997,,France,HUMAN_OBSERVATION
46.90085,-2.1712,1995,,France,HUMAN_OBSERVATION
46.92019,-2.10702,2022,3,France,HUMAN_OBSERVATION
47.271257,-2.476402,2022,7,France,HUMAN_OBSERVATION
47.271257,-2.476402,2022,7,France,HUMAN_OBSERVATION
47.271257,-2.476402,2022,7,France,HUMAN_OBSERVATION
47.488816,-2.807417,2023,8,France,HUMAN_OBSERVATION
47.488976,-3.10853,2023,8,France,HUMAN_OBSERVATION
47.5628,-2.84902,2022,5,France,HUMAN_OBSERVATION
47.5687,-2.91411,2022,5,France,HUMAN_OBSERVATION
47.578612,-2.81102,2023,11,France,HUMAN_OBSERVATION
47.598692,-2.731887,2023,4,France,HUMAN_OBSERVATION
47.618594,-2.78752,2023,4,France,HUMAN_OBSERVATION
47.68989,-3.19519,2019,10,France,HUMAN_OBSERVATION
47.699546,-3.338985,2021,5,France,HUMAN_OBSERVATION
47.70227,-3.31577,2020,12,France,HUMAN_OBSERVATION
47.70354,-3.34957,2020,7,France,HUMAN_OBSERVATION
47.7068,-3.3341,2020,6,France,HUMAN_OBSERVATION
47.7068,-3.3341,2020,6,France,HUMAN_OBSERVATION
47.733917,-3.504588,2023,4,France,HUMAN_OBSERVATION
47.787151,-3.800226,2024,7,France,HUMAN_OBSERVATION
47.79524,-4.27644,2017,2,France,HUMAN_OBSERVATION
47.79554,-4.2754,2019,2,France,HUMAN_OBSERVATION
47.801603,-4.180018,2023,8,France,HUMAN_OBSERVATION
47.81009,-4.17293,2015,9,France,HUMAN_OBSERVATION
47.85706,-3.979353,2022,8,France,HUMAN_OBSERVATION
47.86218,-4.06597,2018,3,France,HUMAN_OBSERVATION
47.86312,-4.07113,2018,3,France,HUMAN_OBSERVATION
47.86867,-3.92891,2016,5,France,HUMAN_OBSERVATION
47.87148,-3.91658,2016,1,France,HUMAN_OBSERVATION
47.87149,-3.91672,2016,1,France,HUMAN_OBSERVATION
47.8723,-3.93277,2016,11,France,HUMAN_OBSERVATION
47.87349,-3.93092,2016,5,France,HUMAN_OBSERVATION
47.87379,-3.93009,2018,9,France,HUMAN_OBSERVATION
47.88835,-3.97272,2016,9,France,HUMAN_OBSERVATION
47.88913,-3.97374,2016,9,France,HUMAN_OBSERVATION
47.8933,-4.1311,2017,6,France,HUMAN_OBSERVATION
47.8933,-4.1311,2017,6,France,HUMAN_OBSERVATION
47.89419,-3.95331,2016,5,France,HUMAN_OBSERVATION
47.89421,-3.97054,2015,10,France,HUMAN_OBSERVATION
47.89456,-3.97295,2015,10,France,HUMAN_OBSERVATION
47.89502,-3.97175,2018,4,France,HUMAN_OBSERVATION
47.89512,-3.97335,2015,7,France,HUMAN_OBSERVATION
47.89599,-3.97464,2015,10,France,HUMAN_OBSERVATION
47.89737,-3.97548,2017,2,France,HUMAN_OBSERVATION
47.94111,-4.40886,2016,12,France,HUMAN_OBSERVATION
48.01212,-4.54079,2016,9,France,HUMAN_OBSERVATION
48.09363,-4.29872,2017,9,France,HUMAN_OBSERVATION
48.09633,-4.33555,2017,10,France,HUMAN_OBSERVATION
48.16888,-4.29728,2018,6,France,HUMAN_OBSERVATION
48.295278,-4.268611,2023,8,France,HUMAN_OBSERVATION
48.324443,-4.393682,2024,9,France,HUMAN_OBSERVATION
48.33946,-4.69969,2005,8,France,HUMAN_OBSERVATION
48.349979,-4.570843,2024,1,France,HUMAN_OBSERVATION
48.350879,-4.568963,2024,10,France,HUMAN_OBSERVATION
48.351273,-4.569283,2024,8,France,HUMAN_OBSERVATION
48.351273,-4.569283,2024,8,France,HUMAN_OBSERVATION
48.351301,-4.567936,2025,2,France,HUMAN_OBSERVATION
48.352381,-4.667355,2024,11,France,HUMAN_OBSERVATION
48.353519,-4.566508,2024,5,France,HUMAN_OBSERVATION
48.536564,-1.969618,2024,2,France,HUMAN_OBSERVATION
48.546292,-4.746773,2022,7,France,HUMAN_OBSERVATION
48.546292,-4.746773,2022,7,France,HUMAN_OBSERVATION
48.55059,-2.60342,2009,9,France,HUMAN_OBSERVATION
48.551775,-4.70465,2020,10,France,HUMAN_OBSERVATION
48.553248,-1.991036,2023,11,France,HUMAN_OBSERVATION
48.559773,-1.995427,2024,11,France,HUMAN_OBSERVATION
48.56355,-1.97398,2022,12,France,HUMAN_OBSERVATION
48.57005,-1.97728,2023,11,France,HUMAN_OBSERVATION
48.57114,-1.98165,2022,2,France,HUMAN_OBSERVATION
48.57114,-1.98165,2021,1,France,HUMAN_OBSERVATION
48.57116,-1.98165,2020,8,France,HUMAN_OBSERVATION
48.57123,-1.98044,2023,11,France,HUMAN_OBSERVATION
48.571927,-1.982525,2023,7,France,HUMAN_OBSERVATION
48.57656,-4.62529,2018,5,France,HUMAN_OBSERVATION
48.576872,-1.983958,2024,2,France,HUMAN_OBSERVATION
48.57702,-4.62515,2018,5,France,HUMAN_OBSERVATION
48.5969,-2.53779,2014,12,France,HUMAN_OBSERVATION
48.60045,-2.18817,2010,11,France,HUMAN_OBSERVATION
48.60146,-2.193534,2024,3,France,HUMAN_OBSERVATION
48.60344,-4.5499,2020,3,France,HUMAN_OBSERVATION
48.606147,-2.818868,2020,9,France,HUMAN_OBSERVATION
48.60619,-2.818868,2020,9,France,HUMAN_OBSERVATION
48.606772,-2.819373,2020,9,France,HUMAN_OBSERVATION
48.607444,-2.816595,2023,5,France,HUMAN_OBSERVATION
48.607836,-2.817323,2020,8,France,HUMAN_OBSERVATION
48.60909,-2.81402,2022,3,France,HUMAN_OBSERVATION
48.61092,-2.81603,2013,8,France,HUMAN_OBSERVATION
48.6124,-2.00943,2022,12,France,HUMAN_OBSERVATION
48.61421,-2.02976,2023,4,France,HUMAN_OBSERVATION
48.61529,-4.5745,2019,3,France,HUMAN_OBSERVATION
48.62012,-2.03028,2022,5,France,HUMAN_OBSERVATION
48.62173,-2.2052,2021,3,France,HUMAN_OBSERVATION
48.622773,-1.754629,2020,10,France,HUMAN_OBSERVATION
48.62295,-2.01473,2022,7,France,HUMAN_OBSERVATION
48.62318,-2.01402,2021,3,France,HUMAN_OBSERVATION
48.62642,-2.148053,2023,7,France,HUMAN_OBSERVATION
48.62705,-2.03509,2022,7,France,HUMAN_OBSERVATION
48.62756,-2.04994,2022,10,France,HUMAN_OBSERVATION
48.6278,-2.02725,2022,4,France,HUMAN_OBSERVATION
48.6278,-2.02725,2021,6,France,HUMAN_OBSERVATION
48.62791,-2.0182,2022,5,France,HUMAN_OBSERVATION
48.62862,-3.84446,2019,11,France,HUMAN_OBSERVATION
48.62887,-2.01881,2022,5,France,HUMAN_OBSERVATION
48.631008,-2.470238,2025,1,France,HUMAN_OBSERVATION
48.63543,-2.09579,2023,1,France,HUMAN_OBSERVATION
48.6363,-2.0841,2014,9,France,HUMAN_OBSERVATION
48.63748,-2.02087,2022,1,France,HUMAN_OBSERVATION
48.63748,-2.02087,2022,5,France,HUMAN_OBSERVATION
48.63748,-2.02087,2021,10,France,HUMAN_OBSERVATION
48.63962,-2.08114,2022,7,France,HUMAN_OBSERVATION
48.640153,-2.070472,2025,2,France,HUMAN_OBSERVATION
48.6408,-2.306905,2022,6,France,HUMAN_OBSERVATION
48.64174,-2.07437,2014,10,France,HUMAN_OBSERVATION
48.64225,-2.07281,2022,3,France,HUMAN_OBSERVATION
48.64559,-2.11253,2021,3,France,HUMAN_OBSERVATION
48.64931,-2.025674,2023,2,France,HUMAN_OBSERVATION
48.65493,-1.59867,2003,,France,HUMAN_OBSERVATION
48.65623,-2.02191,2022,10,France,HUMAN_OBSERVATION
48.667232,-2.286056,2022,7,France,HUMAN_OBSERVATION
48.67341,-1.84798,2021,3,France,HUMAN_OBSERVATION
48.67581,-3.610037,2023,8,France,HUMAN_OBSERVATION
48.67607,-1.98668,2023,1,France,HUMAN_OBSERVATION
48.68029,-2.23325,2019,,France,HUMAN_OBSERVATION
48.68818,-3.67662,2020,6,France,HUMAN_OBSERVATION
48.6925,-1.91472,2023,11,France,HUMAN_OBSERVATION
48.6925,-1.91472,2023,11,France,HUMAN_OBSERVATION
48.6925,-1.91472,2023,11,France,HUMAN_OBSERVATION
48.692659,-1.913705,2024,3,France,HUMAN_OBSERVATION
48.69607,-1.87898,2022,2,France,HUMAN_OBSERVATION
48.69673,-1.898,2023,6,France,HUMAN_OBSERVATION
48.69914,-1.87047,2021,3,France,HUMAN_OBSERVATION
48.709687,-3.837788,2024,4,France,HUMAN_OBSERVATION
48.71751,-3.96649,2019,,France,OCCURRENCE
48.71751,-3.96649,2019,,France,OCCURRENCE
48.71751,-3.96649,2019,,France,OCCURRENCE
48.71751,-3.96649,2019,,France,OCCURRENCE
48.71751,-3.96649,2019,,France,OCCURRENCE
48.71751,-3.96649,2018,,France,OCCURRENCE
48.720356,-3.999056,2013,3,France,HUMAN_OBSERVATION
48.720773,-3.818028,2013,3,France,HUMAN_OBSERVATION
48.723366,-4.01438,2019,1,France,HUMAN_OBSERVATION
48.724008,-4.013076,2019,1,France,HUMAN_OBSERVATION
48.724602,-3.580933,2022,8,France,HUMAN_OBSERVATION
48.72872,-3.95894,2018,,France,OCCURRENCE
48.731635,-1.554466,2023,5,France,HUMAN_OBSERVATION
48.74167,-1.56281,1980,,France,HUMAN_OBSERVATION
48.75046,-1.57369,2022,10,France,HUMAN_OBSERVATION
48.76409,-2.95756,2008,11,France,HUMAN_OBSERVATION
48.78542,-3.57713,2010,11,France,HUMAN_OBSERVATION
48.78826,-3.57901,2023,7,France,HUMAN_OBSERVATION
48.799964,-3.590022,2021,8,France,HUMAN_OBSERVATION
48.81066,-1.59186,,,France,HUMAN_OBSERVATION
48.81427,-3.53844,2011,6,France,HUMAN_OBSERVATION
48.823692,-3.012802,2017,6,France,HUMAN_OBSERVATION
48.83256,-1.61055,2023,2,France,HUMAN_OBSERVATION
48.83266,-3.49034,2015,5,France,HUMAN_OBSERVATION
48.83626,-3.00825,2017,4,France,HUMAN_OBSERVATION
48.840481,-1.598285,2021,2,France,HUMAN_OBSERVATION
48.84821,-1.58903,2022,2,France,HUMAN_OBSERVATION
48.84821,-1.58903,2022,3,France,HUMAN_OBSERVATION
48.84821,-1.58903,2022,3,France,HUMAN_OBSERVATION
48.84965,-3.21475,2012,3,France,HUMAN_OBSERVATION
48.84993,-1.59757,2021,1,France,HUMAN_OBSERVATION
48.84993,-1.59757,2021,1,France,HUMAN_OBSERVATION
48.85174,-1.59576,2021,3,France,HUMAN_OBSERVATION
48.87885,-3.48975,2009,9,France,HUMAN_OBSERVATION
48.88803,-1.80372,1999,,France,HUMAN_OBSERVATION
49.06005,-1.61138,2021,4,France,HUMAN_OBSERVATION
49.06005,-1.61138,2021,4,France,HUMAN_OBSERVATION
49.06005,-1.61138,2021,4,France,HUMAN_OBSERVATION
49.06005,-1.61138,2021,5,France,HUMAN_OBSERVATION
49.06017,-1.61138,2021,4,France,HUMAN_OBSERVATION
49.06017,-1.61138,2021,4,France,HUMAN_OBSERVATION
49.06022,-1.61397,2021,2,France,HUMAN_OBSERVATION
49.06068,-1.6122,2021,4,France,HUMAN_OBSERVATION
49.06068,-1.6122,2021,5,France,HUMAN_OBSERVATION
49.06567,-1.63067,2021,5,France,HUMAN_OBSERVATION
49.06568,-1.62998,2021,5,France,HUMAN_OBSERVATION
49.06568,-1.62998,2021,5,France,HUMAN_OBSERVATION
49.06644,-1.63309,2021,2,France,HUMAN_OBSERVATION
49.06673,-1.6332,2021,2,France,HUMAN_OBSERVATION
49.08257,-1.61151,2023,1,France,HUMAN_OBSERVATION
49.09601,-1.61051,2017,8,France,HUMAN_OBSERVATION
49.166839,-1.607477,2022,8,France,HUMAN_OBSERVATION
49.29032,-1.70787,,,France,HUMAN_OBSERVATION
49.30826,-0.32345,2023,3,France,HUMAN_OBSERVATION
49.30969,-0.32611,2020,12,France,HUMAN_OBSERVATION
49.32439,-0.353454,2023,8,France,HUMAN_OBSERVATION
49.326729,-0.360065,2023,8,France,HUMAN_OBSERVATION
49.33318,-0.38499,,,France,HUMAN_OBSERVATION
49.33598,-0.39173,2001,9,France,HUMAN_OBSERVATION
49.33655,-0.01907,2016,5,France,HUMAN_OBSERVATION
49.33657,-0.01917,2016,5,France,HUMAN_OBSERVATION
49.3432,-0.61476,1999,9,France,HUMAN_OBSERVATION
49.34648,-0.51479,2022,11,France,HUMAN_OBSERVATION
49.349626,-0.75782,2023,5,France,HUMAN_OBSERVATION
49.34976,-0.72585,1999,,France,HUMAN_OBSERVATION
49.3806,-1.76986,2020,11,France,HUMAN_OBSERVATION
49.3806,-1.76986,2019,10,France,HUMAN_OBSERVATION
49.3806,-1.76986,2019,10,France,HUMAN_OBSERVATION
49.38628,-1.10134,2021,2,France,HUMAN_OBSERVATION
49.38628,-1.10134,2021,2,France,HUMAN_OBSERVATION
49.38628,-1.10134,2021,5,France,HUMAN_OBSERVATION
49.38628,-1.10134,2021,5,France,HUMAN_OBSERVATION
49.38628,-1.10134,2021,5,France,HUMAN_OBSERVATION
49.38628,-1.10134,2021,5,France,HUMAN_OBSERVATION
49.38628,-1.10134,2021,5,France,HUMAN_OBSERVATION
49.3888,-1.07858,2021,2,France,HUMAN_OBSERVATION
49.3888,-1.07858,2021,5,France,HUMAN_OBSERVATION
49.38887,-1.07862,2021,2,France,HUMAN_OBSERVATION
49.38887,-1.07862,2021,2,France,HUMAN_OBSERVATION
49.38887,-1.07862,2021,5,France,HUMAN_OBSERVATION
49.38908,-1.07847,2021,5,France,HUMAN_OBSERVATION
49.39076,-1.07854,2021,5,France,HUMAN_OBSERVATION
49.39102,-1.07861,2021,5,France,HUMAN_OBSERVATION
49.39319,-0.95905,,,France,HUMAN_OBSERVATION
49.39504,-1.07739,2021,2,France,HUMAN_OBSERVATION
49.4185,-1.17534,2010,5,France,HUMAN_OBSERVATION
49.435001,-2.661664,2012,4,Guernsey,MATERIAL_SAMPLE
49.435001,-2.661664,2012,4,Guernsey,MATERIAL_SAMPLE
49.43506,-1.19665,2010,,France,HUMAN_OBSERVATION
49.50193,0.08512,2022,5,France,HUMAN_OBSERVATION
49.508542,0.065855,2024,11,France,HUMAN_OBSERVATION
49.54909,0.0834,2019,10,France,HUMAN_OBSERVATION
49.58541,-1.23751,2023,3,France,HUMAN_OBSERVATION
49.58545,-1.24223,2011,9,France,HUMAN_OBSERVATION
49.58624,-1.24462,2022,11,France,HUMAN_OBSERVATION
49.58624,-1.24462,2018,3,France,HUMAN_OBSERVATION
49.58662,-1.26603,1997,,France,HUMAN_OBSERVATION
49.587767,-1.248434,2022,6,France,HUMAN_OBSERVATION
49.58785,-1.2411,1997,,France,HUMAN_OBSERVATION
49.58811,-1.241616,2016,3,France,HUMAN_OBSERVATION
49.58919,-1.24414,2013,4,France,HUMAN_OBSERVATION
49.591764,-1.246037,2022,10,France,HUMAN_OBSERVATION
49.59492,-1.25243,,,France,HUMAN_OBSERVATION
49.643957,0.152035,2022,8,France,HUMAN_OBSERVATION
49.65646,-1.8531,1999,,France,HUMAN_OBSERVATION
49.65723,-1.87577,,,France,HUMAN_OBSERVATION
49.66929,-1.57279,2006,,France,HUMAN_OBSERVATION
49.67025,-1.92374,,,France,HUMAN_OBSERVATION
49.693997,0.176892,2023,9,France,HUMAN_OBSERVATION
49.69752,-1.36589,,,France,HUMAN_OBSERVATION
49.71373,-1.94645,2023,2,France,HUMAN_OBSERVATION
49.74011,0.308,2023,5,France,HUMAN_OBSERVATION
49.924665,-6.313165,2010,9,United Kingdom of Great Britain and Northern Ireland,MATERIAL_SAMPLE
49.924665,-6.313165,2010,9,United Kingdom of Great Britain and Northern Ireland,MATERIAL_SAMPLE
49.928105,-6.281594,2010,9,United Kingdom of Great Britain and Northern Ireland,MATERIAL_SAMPLE
49.928105,-6.281594,2010,9,United Kingdom of Great Britain and Northern Ireland,MATERIAL_SAMPLE
49.93573,1.0644,2016,6,France,HUMAN_OBSERVATION
49.958996,-6.351329,2010,9,United Kingdom of Great Britain and Northern Ireland,MATERIAL_SAMPLE
49.958996,-6.351329,2010,9,United Kingdom of Great Britain and Northern Ireland,MATERIAL_SAMPLE
49.976002,-6.29083,2010,9,United Kingdom of Great Britain and Northern Ireland,MATERIAL_SAMPLE
49.976002,-6.29083,2010,9,United Kingdom of Great Britain and Northern Ireland,MATERIAL_SAMPLE
50.041838,-5.066243,2013,12,United Kingdom of Great Britain and Northern Ireland,HUMAN_OBSERVATION
50.041838,-5.066243,2013,12,United Kingdom of Great Britain and Northern Ireland,HUMAN_OBSERVATION
50.043044,-5.646062,2013,12,United Kingdom of Great Britain and Northern Ireland,HUMAN_OBSERVATION
50.043044,-5.646062,2013,12,United Kingdom of Great Britain and Northern Ireland,HUMAN_OBSERVATION
50.04322,-5.640487,2013,12,United Kingdom of Great Britain and Northern Ireland,HUMAN_OBSERVATION
50.052909,-5.055772,1994,7,United Kingdom of Great Britain and Northern Ireland,HUMAN_OBSERVATION
50.06505,-5.0645,2011,7,United Kingdom of Great Britain and Northern Ireland,HUMAN_OBSERVATION
50.070713,1.386031,2024,8,France,HUMAN_OBSERVATION
50.086898,-5.097084,1996,8,United Kingdom of Great Britain and Northern Ireland,HUMAN_OBSERVATION
50.086898,-5.097084,1996,8,United Kingdom of Great Britain and Northern Ireland,HUMAN_OBSERVATION
50.086898,-5.097084,1996,8,United Kingdom of Great Britain and Northern Ireland,HUMAN_OBSERVATION
50.086898,-5.097084,1996,8,United Kingdom of Great Britain and Northern Ireland,HUMAN_OBSERVATION
50.086898,-5.097084,1996,8,United Kingdom of Great Britain and Northern Ireland,HUMAN_OBSERVATION
50.086898,-5.097084,1996,8,United Kingdom of Great Britain and Northern Ireland,HUMAN_OBSERVATION
50.086898,-5.097084,1996,8,United Kingdom of Great Britain and Northern Ireland,HUMAN_OBSERVATION
50.086898,-5.097084,1977,3,United Kingdom of Great Britain and Northern Ireland,HUMAN_OBSERVATION
50.086935,-5.095688,1996,9,United Kingdom of Great Britain and Northern Ireland,HUMAN_OBSERVATION
50.086935,-5.095688,1996,9,United Kingdom of Great Britain and Northern Ireland,HUMAN_OBSERVATION
50.086935,-5.095688,1996,9,United Kingdom of Great Britain and Northern Ireland,HUMAN_OBSERVATION
50.086935,-5.095688,1996,9,United Kingdom of Great Britain and Northern Ireland,HUMAN_OBSERVATION
50.087195,-5.085917,1994,7,United Kingdom of Great Britain and Northern Ireland,HUMAN_OBSERVATION
50.087232,-5.084522,1996,9,United Kingdom of Great Britain and Northern Ireland,HUMAN_OBSERVATION
50.087232,-5.084522,1996,9,United Kingdom of Great Britain and Northern Ireland,HUMAN_OBSERVATION
50.087232,-5.084522,1996,9,United Kingdom of Great Britain and Northern Ireland,HUMAN_OBSERVATION
50.087232,-5.084522,1996,9,United Kingdom of Great Britain and Northern Ireland,HUMAN_OBSERVATION
50.090215,1.421943,2019,2,France,HUMAN_OBSERVATION
50.090572,-5.193803,1986,6,United Kingdom of Great Britain and Northern Ireland,HUMAN_OBSERVATION
50.090642,1.421328,2022,2,France,HUMAN_OBSERVATION
50.092083,-5.17153,1986,6,United Kingdom of Great Britain and Northern Ireland,HUMAN_OBSERVATION
50.093513,-5.152047,1986,10,United Kingdom of Great Britain and Northern Ireland,HUMAN_OBSERVATION
50.093551,-5.150652,1999,,United Kingdom of Great Britain and Northern Ireland,HUMAN_OBSERVATION
50.093551,-5.150652,1999,,United Kingdom of Great Britain and Northern Ireland,HUMAN_OBSERVATION
50.093551,-5.150652,1999,,United Kingdom of Great Britain and Northern Ireland,HUMAN_OBSERVATION
50.094005,-5.133901,2006,8,United Kingdom of Great Britain and Northern Ireland,HUMAN_OBSERVATION
50.094373,-5.153502,2010,4,United Kingdom of Great Britain and Northern Ireland,HUMAN_OBSERVATION
50.094487,-5.149315,1999,,United Kingdom of Great Britain and Northern Ireland,HUMAN_OBSERVATION
50.094487,-5.149315,1999,,United Kingdom of Great Britain and Northern Ireland,HUMAN_OBSERVATION
50.094487,-5.149315,1999,,United Kingdom of Great Britain and Northern Ireland,HUMAN_OBSERVATION
50.094487,-5.149315,1999,,United Kingdom of Great Britain and Northern Ireland,HUMAN_OBSERVATION
50.094487,-5.149315,1999,,United Kingdom of Great Britain and Northern Ireland,HUMAN_OBSERVATION
50.095157,-5.157749,1986,6,United Kingdom of Great Britain and Northern Ireland,HUMAN_OBSERVATION
50.096457,-5.126369,2016,9,United Kingdom of Great Britain and Northern Ireland,HUMAN_OBSERVATION
50.096457,-5.126369,2016,9,United Kingdom of Great Britain and Northern Ireland,HUMAN_OBSERVATION
50.096457,-5.126369,2015,9,United Kingdom of Great Britain and Northern Ireland,HUMAN_OBSERVATION
50.096457,-5.126369,2015,9,United Kingdom of Great Britain and Northern Ireland,HUMAN_OBSERVATION
50.096457,-5.126369,2014,9,United Kingdom of Great Britain and Northern Ireland,HUMAN_OBSERVATION
50.096457,-5.126369,2014,9,United Kingdom of Great Britain and Northern Ireland,HUMAN_OBSERVATION
50.096457,-5.126369,2014,9,United Kingdom of Great Britain and Northern Ireland,HUMAN_OBSERVATION
50.096457,-5.126369,2013,9,United Kingdom of Great Britain and Northern Ireland,HUMAN_OBSERVATION
50.096466,-5.146004,2016,4,United Kingdom of Great Britain and Northern Ireland,HUMAN_OBSERVATION
50.096775,-5.131284,1996,8,United Kingdom of Great Britain and Northern Ireland,HUMAN_OBSERVATION
50.096775,-5.131284,1996,8,United Kingdom of Great Britain and Northern Ireland,HUMAN_OBSERVATION
50.096775,-5.131284,1996,8,United Kingdom of Great Britain and Northern Ireland,HUMAN_OBSERVATION
50.096775,-5.131284,1996,8,United Kingdom of Great Britain and Northern Ireland,HUMAN_OBSERVATION
50.096775,-5.131284,1996,8,United Kingdom of Great Britain and Northern Ireland,HUMAN_OBSERVATION
50.096775,-5.131284,1996,8,United Kingdom of Great Britain and Northern Ireland,HUMAN_OBSERVATION
50.096775,-5.131284,1996,8,United Kingdom of Great Britain and Northern Ireland,HUMAN_OBSERVATION
50.096775,-5.131284,1996,8,United Kingdom of Great Britain and Northern Ireland,HUMAN_OBSERVATION
50.096812,-5.129888,1996,8,United Kingdom of Great Britain and Northern Ireland,HUMAN_OBSERVATION
50.096812,-5.129888,1996,8,United Kingdom of Great Britain and Northern Ireland,HUMAN_OBSERVATION
50.096812,-5.129888,1996,8,United Kingdom of Great Britain and Northern Ireland,HUMAN_OBSERVATION
50.096812,-5.129888,1996,8,United Kingdom of Great Britain and Northern Ireland,HUMAN_OBSERVATION
50.096812,-5.129888,1996,8,United Kingdom of Great Britain and Northern Ireland,HUMAN_OBSERVATION
50.096812,-5.129888,1996,8,United Kingdom of Great Britain and Northern Ireland,HUMAN_OBSERVATION
50.096812,-5.129888,1996,8,United Kingdom of Great Britain and Northern Ireland,HUMAN_OBSERVATION
50.096812,-5.129888,1996,8,United Kingdom of Great Britain and Northern Ireland,HUMAN_OBSERVATION
50.096812,-5.129888,1996,8,United Kingdom of Great Britain and Northern Ireland,HUMAN_OBSERVATION
50.096812,-5.129888,1996,8,United Kingdom of Great Britain and Northern Ireland,HUMAN_OBSERVATION
50.096812,-5.129888,1996,8,United Kingdom of Great Britain and Northern Ireland,HUMAN_OBSERVATION
50.096812,-5.129888,1996,8,United Kingdom of Great Britain and Northern Ireland,HUMAN_OBSERVATION
50.096812,-5.129888,1996,8,United Kingdom of Great Britain and Northern Ireland,HUMAN_OBSERVATION
50.096812,-5.129888,1996,8,United Kingdom of Great Britain and Northern Ireland,HUMAN_OBSERVATION
50.096812,-5.129888,1996,8,United Kingdom of Great Britain and Northern Ireland,HUMAN_OBSERVATION
50.096925,-5.1257,1987,7,United Kingdom of Great Britain and Northern Ireland,HUMAN_OBSERVATION
50.097076,-5.120116,1987,7,United Kingdom of Great Britain and Northern Ireland,HUMAN_OBSERVATION
50.097113,-5.11872,2012,8,United Kingdom of Great Britain and Northern Ireland,HUMAN_OBSERVATION
50.097635,-5.132739,2016,4,United Kingdom of Great Britain and Northern Ireland,HUMAN_OBSERVATION
50.0978,-5.3769,2017,11,United Kingdom of Great Britain and Northern Ireland,HUMAN_OBSERVATION
50.0978,-5.3769,2017,11,United Kingdom of Great Britain and Northern Ireland,HUMAN_OBSERVATION
50.0978,-5.3769,2017,11,United Kingdom of Great Britain and Northern Ireland,HUMAN_OBSERVATION
50.0978,-5.3769,2017,11,United Kingdom of Great Britain and Northern Ireland,HUMAN_OBSERVATION
50.0981,-5.3767,2017,11,United Kingdom of Great Britain and Northern Ireland,HUMAN_OBSERVATION
50.0981,-5.3767,2017,11,United Kingdom of Great Britain and Northern Ireland,HUMAN_OBSERVATION
50.0981,-5.3767,2017,11,United Kingdom of Great Britain and Northern Ireland,HUMAN_OBSERVATION
50.0981,-5.3767,2017,11,United Kingdom of Great Britain and Northern Ireland,HUMAN_OBSERVATION
50.098193,-5.145362,1986,6,United Kingdom of Great Britain and Northern Ireland,HUMAN_OBSERVATION
50.098193,-5.145362,1986,6,United Kingdom of Great Britain and Northern Ireland,HUMAN_OBSERVATION
50.098193,-5.145362,1986,6,United Kingdom of Great Britain and Northern Ireland,HUMAN_OBSERVATION
50.100216,-5.137103,1999,,United Kingdom of Great Britain and Northern Ireland,HUMAN_OBSERVATION
50.100216,-5.137103,1999,,United Kingdom of Great Britain and Northern Ireland,HUMAN_OBSERVATION
50.100216,-5.137103,1999,,United Kingdom of Great Britain and Northern Ireland,HUMAN_OBSERVATION
50.100216,-5.137103,1999,,United Kingdom of Great Britain and Northern Ireland,HUMAN_OBSERVATION
50.100216,-5.137103,1999,,United Kingdom of Great Britain and Northern Ireland,HUMAN_OBSERVATION
50.100216,-5.137103,1999,,United Kingdom of Great Britain and Northern Ireland,HUMAN_OBSERVATION
50.100216,-5.137103,1999,,United Kingdom of Great Britain and Northern Ireland,HUMAN_OBSERVATION
50.101982,-5.54457,2020,6,United Kingdom of Great Britain and Northern Ireland,MATERIAL_SAMPLE
50.101982,-5.54457,2020,6,United Kingdom of Great Britain and Northern Ireland,MATERIAL_SAMPLE
50.102367,-5.546362,2015,9,United Kingdom of Great Britain and Northern Ireland,HUMAN_OBSERVATION
50.107095,-5.434102,2013,12,United Kingdom of Great Britain and Northern Ireland,HUMAN_OBSERVATION
50.107095,-5.434102,2013,12,United Kingdom of Great Britain and Northern Ireland,HUMAN_OBSERVATION
50.107095,-5.434102,2013,12,United Kingdom of Great Britain and Northern Ireland,HUMAN_OBSERVATION
50.107095,-5.434102,2013,12,United Kingdom of Great Britain and Northern Ireland,HUMAN_OBSERVATION
50.110084,-5.543427,2020,11,United Kingdom of Great Britain and Northern Ireland,HUMAN_OBSERVATION
50.110084,-5.543427,2020,11,United Kingdom of Great Britain and Northern Ireland,HUMAN_OBSERVATION
50.11189,-5.137867,1986,6,United Kingdom of Great Britain and Northern Ireland,HUMAN_OBSERVATION
50.11412,-5.529742,1977,5,United Kingdom of Great Britain and Northern Ireland,HUMAN_OBSERVATION
50.114283,-5.530237,2021,4,United Kingdom of Great Britain and Northern Ireland,HUMAN_OBSERVATION
50.114283,-5.530237,2021,4,United Kingdom of Great Britain and Northern Ireland,HUMAN_OBSERVATION
50.11906,-5.529741,2020,3,United Kingdom of Great Britain and Northern Ireland,MATERIAL_SAMPLE
50.11906,-5.529741,2020,3,United Kingdom of Great Britain and Northern Ireland,MATERIAL_SAMPLE
50.122132,-5.47296,2013,12,United Kingdom of Great Britain and Northern Ireland,HUMAN_OBSERVATION
50.122132,-5.47296,2013,12,United Kingdom of Great Britain and Northern Ireland,HUMAN_OBSERVATION
50.122132,-5.47296,2013,12,United Kingdom of Great Britain and Northern Ireland,HUMAN_OBSERVATION
50.122341,-5.465979,2013,12,United Kingdom of Great Britain and Northern Ireland,HUMAN_OBSERVATION
50.122341,-5.465979,2013,12,United Kingdom of Great Britain and Northern Ireland,HUMAN_OBSERVATION
50.122341,-5.465979,2013,12,United Kingdom of Great Britain and Northern Ireland,HUMAN_OBSERVATION
50.122341,-5.465979,2013,12,United Kingdom of Great Britain and Northern Ireland,HUMAN_OBSERVATION
50.122434,-5.47788,2017,1,United Kingdom of Great Britain and Northern Ireland,HUMAN_OBSERVATION
50.12328,-5.464647,2013,12,United Kingdom of Great Britain and Northern Ireland,HUMAN_OBSERVATION
50.12328,-5.464647,2013,12,United Kingdom of Great Britain and Northern Ireland,HUMAN_OBSERVATION
50.12328,-5.464647,2013,12,United Kingdom of Great Britain and Northern Ireland,HUMAN_OBSERVATION
50.12328,-5.464647,2013,12,United Kingdom of Great Britain and Northern Ireland,HUMAN_OBSERVATION
50.124731,-5.091034,2022,5,United Kingdom of Great Britain and Northern Ireland,HUMAN_OBSERVATION
50.130992,-5.492496,2016,9,United Kingdom of Great Britain and Northern Ireland,HUMAN_OBSERVATION
50.13113,1.62343,2018,12,France,HUMAN_OBSERVATION
50.141977,-5.069311,2023,9,United Kingdom of Great Britain and Northern Ireland,HUMAN_OBSERVATION
50.142152,-5.068645,2020,11,United Kingdom of Great Britain and Northern Ireland,HUMAN_OBSERVATION
50.142852,-5.073403,2016,3,United Kingdom of Great Britain and Northern Ireland,HUMAN_OBSERVATION
50.142852,-5.073403,2015,2,United Kingdom of Great Britain and Northern Ireland,HUMAN_OBSERVATION
50.142879,-5.06855,2020,8,United Kingdom of Great Britain and Northern Ireland,HUMAN_OBSERVATION
50.142879,-5.06855,2020,8,United Kingdom of Great Britain and Northern Ireland,HUMAN_OBSERVATION
50.142879,-5.06855,2020,8,United Kingdom of Great Britain and Northern Ireland,HUMAN_OBSERVATION
50.142879,-5.06855,2020,8,United Kingdom of Great Britain and Northern Ireland,HUMAN_OBSERVATION
50.142879,-5.06855,2020,9,United Kingdom of Great Britain and Northern Ireland,HUMAN_OBSERVATION
50.142879,-5.06855,2020,9,United Kingdom of Great Britain and Northern Ireland,HUMAN_OBSERVATION
50.142879,-5.06855,2020,10,United Kingdom of Great Britain and Northern Ireland,HUMAN_OBSERVATION
50.142879,-5.06855,2020,10,United Kingdom of Great Britain and Northern Ireland,HUMAN_OBSERVATION
50.142879,-5.06855,2020,11,United Kingdom of Great Britain and Northern Ireland,HUMAN_OBSERVATION
50.143222,-5.059428,2016,11,United Kingdom of Great Britain and Northern Ireland,HUMAN_OBSERVATION
50.145015,-5.064832,2023,8,United Kingdom of Great Britain and Northern Ireland,HUMAN_OBSERVATION
50.145015,-5.064832,2021,2,United Kingdom of Great Britain and Northern Ireland,HUMAN_OBSERVATION
50.145015,-5.064832,2021,2,United Kingdom of Great Britain and Northern Ireland,HUMAN_OBSERVATION
50.145015,-5.064832,2020,9,United Kingdom of Great Britain and Northern Ireland,HUMAN_OBSERVATION
50.145015,-5.064832,2020,9,United Kingdom of Great Britain and Northern Ireland,HUMAN_OBSERVATION
50.145372,-5.062227,2020,6,United Kingdom of Great Britain and Northern Ireland,HUMAN_OBSERVATION
50.14545,-5.062843,2020,11,United Kingdom of Great Britain and Northern Ireland,HUMAN_OBSERVATION
50.14545,-5.062843,2020,11,United Kingdom of Great Britain and Northern Ireland,HUMAN_OBSERVATION
50.145721,-5.015491,1985,5,United Kingdom of Great Britain and Northern Ireland,HUMAN_OBSERVATION
50.145721,-5.015491,1985,5,United Kingdom of Great Britain and Northern Ireland,HUMAN_OBSERVATION
50.145796,-5.061596,2023,8,United Kingdom of Great Britain and Northern Ireland,HUMAN_OBSERVATION
50.145796,-5.061596,2021,2,United Kingdom of Great Britain and Northern Ireland,HUMAN_OBSERVATION
50.145796,-5.061596,2021,2,United Kingdom of Great Britain and Northern Ireland,HUMAN_OBSERVATION
50.145796,-5.061596,2020,6,United Kingdom of Great Britain and Northern Ireland,HUMAN_OBSERVATION
50.145796,-5.061596,2020,12,United Kingdom of Great Britain and Northern Ireland,HUMAN_OBSERVATION
50.145796,-5.061596,2020,12,United Kingdom of Great Britain and Northern Ireland,HUMAN_OBSERVATION
50.146726,-5.05093,2023,5,United Kingdom of Great Britain and Northern Ireland,HUMAN_OBSERVATION
50.147914,-5.056024,2023,9,United Kingdom of Great Britain and Northern Ireland,HUMAN_OBSERVATION
50.147914,-5.056024,2020,7,United Kingdom of Great Britain and Northern Ireland,HUMAN_OBSERVATION
50.147914,-5.056024,2020,9,United Kingdom of Great Britain and Northern Ireland,HUMAN_OBSERVATION
50.147914,-5.056024,2020,9,United Kingdom of Great Britain and Northern Ireland,HUMAN_OBSERVATION
50.147914,-5.056024,2020,10,United Kingdom of Great Britain and Northern Ireland,HUMAN_OBSERVATION
50.147914,-5.056024,2020,10,United Kingdom of Great Britain and Northern Ireland,HUMAN_OBSERVATION
50.147914,-5.056024,2020,11,United Kingdom of Great Britain and Northern Ireland,HUMAN_OBSERVATION
50.147914,-5.056024,2020,11,United Kingdom of Great Britain and Northern Ireland,HUMAN_OBSERVATION
50.148112,-5.055913,2020,7,United Kingdom of Great Britain and Northern Ireland,HUMAN_OBSERVATION
50.148125,-5.026842,1992,3,United Kingdom of Great Britain and Northern Ireland,HUMAN_OBSERVATION
50.148125,-5.026842,1992,3,United Kingdom of Great Britain and Northern Ireland,HUMAN_OBSERVATION
50.148125,-5.026842,1992,3,United Kingdom of Great Britain and Northern Ireland,HUMAN_OBSERVATION
50.148125,-5.026842,1992,3,United Kingdom of Great Britain and Northern Ireland,HUMAN_OBSERVATION
50.148125,-5.026842,1991,11,United Kingdom of Great Britain and Northern Ireland,HUMAN_OBSERVATION
50.148125,-5.026842,1991,11,United Kingdom of Great Britain and Northern Ireland,HUMAN_OBSERVATION
50.149976,-5.059159,2013,9,United Kingdom of Great Britain and Northern Ireland,HUMAN_OBSERVATION
50.151498,-5.035456,1992,3,United Kingdom of Great Britain and Northern Ireland,HUMAN_OBSERVATION
50.151498,-5.035456,1992,3,United Kingdom of Great Britain and Northern Ireland,HUMAN_OBSERVATION
50.15152,-5.062272,2012,11,United Kingdom of Great Britain and Northern Ireland,HUMAN_OBSERVATION
50.151735,-5.060672,2013,9,United Kingdom of Great Britain and Northern Ireland,HUMAN_OBSERVATION
50.15188,-5.061524,2012,11,United Kingdom of Great Britain and Northern Ireland,HUMAN_OBSERVATION
50.152203,-5.060002,2012,2,United Kingdom of Great Britain and Northern Ireland,HUMAN_OBSERVATION
50.152203,-5.060002,2011,3,United Kingdom of Great Britain and Northern Ireland,HUMAN_OBSERVATION
50.152203,-5.060002,2010,7,United Kingdom of Great Britain and Northern Ireland,HUMAN_OBSERVATION
50.152203,-5.060002,2010,7,United Kingdom of Great Britain and Northern Ireland,HUMAN_OBSERVATION
50.152203,-5.060002,2009,9,United Kingdom of Great Britain and Northern Ireland,HUMAN_OBSERVATION
50.15257,-5.046024,2012,12,United Kingdom of Great Britain and Northern Ireland,HUMAN_OBSERVATION
50.153233,-5.003363,1985,5,United Kingdom of Great Britain and Northern Ireland,HUMAN_OBSERVATION
50.153233,-5.003363,1985,5,United Kingdom of Great Britain and Northern Ireland,HUMAN_OBSERVATION
50.153233,-5.003363,1985,5,United Kingdom of Great Britain and Northern Ireland,HUMAN_OBSERVATION
50.153421,-5.06498,2013,9,United Kingdom of Great Britain and Northern Ireland,HUMAN_OBSERVATION
50.153867,-5.065031,2025,5,United Kingdom of Great Britain and Northern Ireland,HUMAN_OBSERVATION
50.154022,-5.007613,1985,5,United Kingdom of Great Britain and Northern Ireland,HUMAN_OBSERVATION
50.154022,-5.007613,1985,5,United Kingdom of Great Britain and Northern Ireland,HUMAN_OBSERVATION
50.154022,-5.007613,1985,5,United Kingdom of Great Britain and Northern Ireland,HUMAN_OBSERVATION
50.154022,-5.007613,1985,5,United Kingdom of Great Britain and Northern Ireland,HUMAN_OBSERVATION
50.154022,-5.007613,1985,5,United Kingdom of Great Britain and Northern Ireland,HUMAN_OBSERVATION
50.154022,-5.007613,1985,5,United Kingdom of Great Britain and Northern Ireland,HUMAN_OBSERVATION
50.154739,-5.014659,1992,3,United Kingdom of Great Britain and Northern Ireland,HUMAN_OBSERVATION
50.154739,-5.014659,1992,3,United Kingdom of Great Britain and Northern Ireland,HUMAN_OBSERVATION
50.1583,-4.981277,2023,6,United Kingdom of Great Britain and Northern Ireland,HUMAN_OBSERVATION
50.160442,-5.088535,2012,2,United Kingdom of Great Britain and Northern Ireland,HUMAN_OBSERVATION
50.160442,-5.088535,2012,2,United Kingdom of Great Britain and Northern Ireland,HUMAN_OBSERVATION
50.160442,-5.088535,2011,3,United Kingdom of Great Britain and Northern Ireland,HUMAN_OBSERVATION
50.160442,-5.088535,2010,7,United Kingdom of Great Britain and Northern Ireland,HUMAN_OBSERVATION
50.160442,-5.088535,2009,9,United Kingdom of Great Britain and Northern Ireland,HUMAN_OBSERVATION
50.160442,-5.088535,2004,9,United Kingdom of Great Britain and Northern Ireland,HUMAN_OBSERVATION
50.160661,-5.029035,1985,5,United Kingdom of Great Britain and Northern Ireland,HUMAN_OBSERVATION
50.160982,-5.058238,2020,9,United Kingdom of Great Britain and Northern Ireland,HUMAN_OBSERVATION
50.161182,-5.058246,2021,9,United Kingdom of Great Britain and Northern Ireland,HUMAN_OBSERVATION
50.161258,-5.05863,2020,8,United Kingdom of Great Britain and Northern Ireland,HUMAN_OBSERVATION
50.16134,-5.058482,2020,7,United Kingdom of Great Britain and Northern Ireland,HUMAN_OBSERVATION
50.161452,-5.058527,2023,8,United Kingdom of Great Britain and Northern Ireland,HUMAN_OBSERVATION
50.16149,-5.058191,2021,1,United Kingdom of Great Britain and Northern Ireland,HUMAN_OBSERVATION
50.16149,-5.058191,2021,1,United Kingdom of Great Britain and Northern Ireland,HUMAN_OBSERVATION
50.16149,-5.058191,2021,3,United Kingdom of Great Britain and Northern Ireland,HUMAN_OBSERVATION
50.16149,-5.058191,2021,3,United Kingdom of Great Britain and Northern Ireland,HUMAN_OBSERVATION
50.16149,-5.058191,2021,5,United Kingdom of Great Britain and Northern Ireland,HUMAN_OBSERVATION
50.16149,-5.058191,2021,5,United Kingdom of Great Britain and Northern Ireland,HUMAN_OBSERVATION
50.16149,-5.058191,2021,9,United Kingdom of Great Britain and Northern Ireland,HUMAN_OBSERVATION
50.16149,-5.058191,2020,8,United Kingdom of Great Britain and Northern Ireland,HUMAN_OBSERVATION
50.16149,-5.058191,2020,8,United Kingdom of Great Britain and Northern Ireland,HUMAN_OBSERVATION
50.16149,-5.058191,2020,9,United Kingdom of Great Britain and Northern Ireland,HUMAN_OBSERVATION
50.16149,-5.058191,2020,12,United Kingdom of Great Britain and Northern Ireland,HUMAN_OBSERVATION
50.16149,-5.058191,2020,12,United Kingdom of Great Britain and Northern Ireland,HUMAN_OBSERVATION
50.16167,-5.058123,2020,8,United Kingdom of Great Britain and Northern Ireland,HUMAN_OBSERVATION
50.162214,-5.003926,1985,5,United Kingdom of Great Britain and Northern Ireland,HUMAN_OBSERVATION
50.162214,-5.003926,1985,5,United Kingdom of Great Britain and Northern Ireland,HUMAN_OBSERVATION
50.162214,-5.003926,1985,5,United Kingdom of Great Britain and Northern Ireland,HUMAN_OBSERVATION
50.162214,-5.003926,1985,5,United Kingdom of Great Britain and Northern Ireland,HUMAN_OBSERVATION
50.162214,-5.003926,1985,5,United Kingdom of Great Britain and Northern Ireland,HUMAN_OBSERVATION
50.162327,-5.068351,1985,5,United Kingdom of Great Britain and Northern Ireland,HUMAN_OBSERVATION
50.162327,-5.068351,1985,5,United Kingdom of Great Britain and Northern Ireland,HUMAN_OBSERVATION
50.162327,-5.068351,1985,5,United Kingdom of Great Britain and Northern Ireland,HUMAN_OBSERVATION
50.162327,-5.068351,1985,5,United Kingdom of Great Britain and Northern Ireland,HUMAN_OBSERVATION
50.163716,-5.083844,2013,9,United Kingdom of Great Britain and Northern Ireland,HUMAN_OBSERVATION
50.164762,-5.07831,1992,3,United Kingdom of Great Britain and Northern Ireland,HUMAN_OBSERVATION
50.164762,-5.07831,1992,3,United Kingdom of Great Britain and Northern Ireland,HUMAN_OBSERVATION
50.164762,-5.07831,1992,3,United Kingdom of Great Britain and Northern Ireland,HUMAN_OBSERVATION
50.164762,-5.07831,1992,3,United Kingdom of Great Britain and Northern Ireland,HUMAN_OBSERVATION
50.164762,-5.07831,1992,3,United Kingdom of Great Britain and Northern Ireland,HUMAN_OBSERVATION
50.164762,-5.07831,1992,3,United Kingdom of Great Britain and Northern Ireland,HUMAN_OBSERVATION
50.164762,-5.07831,1992,3,United Kingdom of Great Britain and Northern Ireland,HUMAN_OBSERVATION
50.166754,-5.076127,2009,3,United Kingdom of Great Britain and Northern Ireland,HUMAN_OBSERVATION
50.169606,-5.031001,1992,3,United Kingdom of Great Britain and Northern Ireland,HUMAN_OBSERVATION
50.169606,-5.031001,1992,3,United Kingdom of Great Britain and Northern Ireland,HUMAN_OBSERVATION
50.169606,-5.031001,1992,3,United Kingdom of Great Britain and Northern Ireland,HUMAN_OBSERVATION
50.169606,-5.031001,1992,3,United Kingdom of Great Britain and Northern Ireland,HUMAN_OBSERVATION
50.171036,-5.045098,1985,5,United Kingdom of Great Britain and Northern Ireland,HUMAN_OBSERVATION
50.171036,-5.045098,1985,5,United Kingdom of Great Britain and Northern Ireland,HUMAN_OBSERVATION
50.175213,-5.022952,1992,3,United Kingdom of Great Britain and Northern Ireland,HUMAN_OBSERVATION
50.177176,-5.051092,2013,9,United Kingdom of Great Britain and Northern Ireland,HUMAN_OBSERVATION
50.177249,-5.048295,2016,4,United Kingdom of Great Britain and Northern Ireland,HUMAN_OBSERVATION
50.177249,-5.048295,2016,4,United Kingdom of Great Britain and Northern Ireland,HUMAN_OBSERVATION
50.177249,-5.048295,2016,4,United Kingdom of Great Britain and Northern Ireland,HUMAN_OBSERVATION
50.177249,-5.048295,2013,5,United Kingdom of Great Britain and Northern Ireland,HUMAN_OBSERVATION
50.177249,-5.048295,2013,5,United Kingdom of Great Britain and Northern Ireland,HUMAN_OBSERVATION
50.177249,-5.048295,2010,4,United Kingdom of Great Britain and Northern Ireland,HUMAN_OBSERVATION
50.177249,-5.048295,2010,4,United Kingdom of Great Britain and Northern Ireland,HUMAN_OBSERVATION
50.177249,-5.048295,2010,4,United Kingdom of Great Britain and Northern Ireland,HUMAN_OBSERVATION
50.17811,-5.049751,1985,5,United Kingdom of Great Britain and Northern Ireland,HUMAN_OBSERVATION
50.17811,-5.049751,1985,5,United Kingdom of Great Britain and Northern Ireland,HUMAN_OBSERVATION
50.17811,-5.049751,1985,5,United Kingdom of Great Britain and Northern Ireland,HUMAN_OBSERVATION
50.17811,-5.049751,1985,5,United Kingdom of Great Britain and Northern Ireland,HUMAN_OBSERVATION
50.17811,-5.049751,1985,5,United Kingdom of Great Britain and Northern Ireland,HUMAN_OBSERVATION
50.181573,-5.020552,1985,5,United Kingdom of Great Britain and Northern Ireland,HUMAN_OBSERVATION
50.181573,-5.020552,1985,5,United Kingdom of Great Britain and Northern Ireland,HUMAN_OBSERVATION
50.18273,-5.035489,2016,4,United Kingdom of Great Britain and Northern Ireland,HUMAN_OBSERVATION
50.183187,-5.027659,2010,4,United Kingdom of Great Britain and Northern Ireland,HUMAN_OBSERVATION
50.183699,-5.029078,2010,4,United Kingdom of Great Britain and Northern Ireland,HUMAN_OBSERVATION
50.186335,-5.425338,2012,9,United Kingdom of Great Britain and Northern Ireland,MATERIAL_SAMPLE
50.186335,-5.425338,2012,9,United Kingdom of Great Britain and Northern Ireland,MATERIAL_SAMPLE
50.186667,-5.429327,2012,9,United Kingdom of Great Britain and Northern Ireland,MATERIAL_SAMPLE
50.186667,-5.429327,2012,9,United Kingdom of Great Britain and Northern Ireland,MATERIAL_SAMPLE
50.187348,-5.040532,1992,3,United Kingdom of Great Britain and Northern Ireland,HUMAN_OBSERVATION
50.187348,-5.040532,1992,3,United Kingdom of Great Britain and Northern Ireland,HUMAN_OBSERVATION
50.187348,-5.040532,1992,3,United Kingdom of Great Britain and Northern Ireland,HUMAN_OBSERVATION
50.187348,-5.040532,1992,3,United Kingdom of Great Britain and Northern Ireland,HUMAN_OBSERVATION
50.187348,-5.040532,1992,3,United Kingdom of Great Britain and Northern Ireland,HUMAN_OBSERVATION
50.187348,-5.040532,1992,3,United Kingdom of Great Britain and Northern Ireland,HUMAN_OBSERVATION
50.187348,-5.040532,1992,3,United Kingdom of Great Britain and Northern Ireland,HUMAN_OBSERVATION
50.187348,-5.040532,1992,3,United Kingdom of Great Britain and Northern Ireland,HUMAN_OBSERVATION
50.187348,-5.040532,1992,3,United Kingdom of Great Britain and Northern Ireland,HUMAN_OBSERVATION
50.187348,-5.040532,1992,3,United Kingdom of Great Britain and Northern Ireland,HUMAN_OBSERVATION
50.187348,-5.040532,1991,8,United Kingdom of Great Britain and Northern Ireland,HUMAN_OBSERVATION
50.187348,-5.040532,1991,8,United Kingdom of Great Britain and Northern Ireland,HUMAN_OBSERVATION
50.187348,-5.040532,1991,8,United Kingdom of Great Britain and Northern Ireland,HUMAN_OBSERVATION
50.187348,-5.040532,1991,8,United Kingdom of Great Britain and Northern Ireland,HUMAN_OBSERVATION
50.187348,-5.040532,1991,8,United Kingdom of Great Britain and Northern Ireland,HUMAN_OBSERVATION
50.187348,-5.040532,1991,8,United Kingdom of Great Britain and Northern Ireland,HUMAN_OBSERVATION
50.187348,-5.040532,1991,8,United Kingdom of Great Britain and Northern Ireland,HUMAN_OBSERVATION
50.187677,-5.027943,1985,5,United Kingdom of Great Britain and Northern Ireland,HUMAN_OBSERVATION
50.187677,-5.027943,1985,5,United Kingdom of Great Britain and Northern Ireland,HUMAN_OBSERVATION
50.188575,-5.028,1985,5,United Kingdom of Great Britain and Northern Ireland,HUMAN_OBSERVATION
50.188575,-5.028,1985,5,United Kingdom of Great Britain and Northern Ireland,HUMAN_OBSERVATION
50.188575,-5.028,1985,5,United Kingdom of Great Britain and Northern Ireland,HUMAN_OBSERVATION
50.188575,-5.028,1985,5,United Kingdom of Great Britain and Northern Ireland,HUMAN_OBSERVATION
50.189079,-5.430177,1988,6,United Kingdom of Great Britain and Northern Ireland,HUMAN_OBSERVATION
50.189079,-5.430177,1988,6,United Kingdom of Great Britain and Northern Ireland,HUMAN_OBSERVATION
50.190006,-5.042102,2013,5,United Kingdom of Great Britain and Northern Ireland,HUMAN_OBSERVATION
50.190006,-5.042102,2010,4,United Kingdom of Great Britain and Northern Ireland,HUMAN_OBSERVATION
50.190473,-5.042468,2010,4,United Kingdom of Great Britain and Northern Ireland,HUMAN_OBSERVATION
50.190499,-5.057547,1999,,United Kingdom of Great Britain and Northern Ireland,HUMAN_OBSERVATION
50.190499,-5.057547,1999,,United Kingdom of Great Britain and Northern Ireland,HUMAN_OBSERVATION
50.190499,-5.057547,1999,,United Kingdom of Great Britain and Northern Ireland,HUMAN_OBSERVATION
50.19058,-5.042503,2013,5,United Kingdom of Great Britain and Northern Ireland,HUMAN_OBSERVATION
50.190792,-5.433102,1988,6,United Kingdom of Great Britain and Northern Ireland,HUMAN_OBSERVATION
50.193083,-5.061916,1992,4,United Kingdom of Great Britain and Northern Ireland,HUMAN_OBSERVATION
50.193083,-5.061916,1992,4,United Kingdom of Great Britain and Northern Ireland,HUMAN_OBSERVATION
50.193083,-5.061916,1992,4,United Kingdom of Great Britain and Northern Ireland,HUMAN_OBSERVATION
50.193083,-5.061916,1992,4,United Kingdom of Great Britain and Northern Ireland,HUMAN_OBSERVATION
50.193415,-5.049325,1999,,United Kingdom of Great Britain and Northern Ireland,HUMAN_OBSERVATION
50.193415,-5.049325,1999,,United Kingdom of Great Britain and Northern Ireland,HUMAN_OBSERVATION
50.193415,-5.049325,1999,,United Kingdom of Great Britain and Northern Ireland,HUMAN_OBSERVATION
50.193415,-5.049325,1999,,United Kingdom of Great Britain and Northern Ireland,HUMAN_OBSERVATION
50.197264,-5.039761,1992,3,United Kingdom of Great Britain and Northern Ireland,HUMAN_OBSERVATION
50.197264,-5.039761,1992,3,United Kingdom of Great Britain and Northern Ireland,HUMAN_OBSERVATION
50.197264,-5.039761,1992,3,United Kingdom of Great Britain and Northern Ireland,HUMAN_OBSERVATION
50.201681,-5.042845,1992,3,United Kingdom of Great Britain and Northern Ireland,HUMAN_OBSERVATION
50.201681,-5.042845,1992,3,United Kingdom of Great Britain and Northern Ireland,HUMAN_OBSERVATION
50.201681,-5.042845,1992,3,United Kingdom of Great Britain and Northern Ireland,HUMAN_OBSERVATION
50.201681,-5.042845,1992,3,United Kingdom of Great Britain and Northern Ireland,HUMAN_OBSERVATION
50.201681,-5.042845,1992,3,United Kingdom of Great Britain and Northern Ireland,HUMAN_OBSERVATION
50.201681,-5.042845,1991,8,United Kingdom of Great Britain and Northern Ireland,HUMAN_OBSERVATION
50.201681,-5.042845,1991,8,United Kingdom of Great Britain and Northern Ireland,HUMAN_OBSERVATION
50.201681,-5.042845,1991,8,United Kingdom of Great Britain and Northern Ireland,HUMAN_OBSERVATION
50.201681,-5.042845,1991,8,United Kingdom of Great Britain and Northern Ireland,HUMAN_OBSERVATION
50.201681,-5.042845,1991,8,United Kingdom of Great Britain and Northern Ireland,HUMAN_OBSERVATION
50.203404,-5.045757,1977,9,United Kingdom of Great Britain and Northern Ireland,HUMAN_OBSERVATION
50.20553,-5.033278,1985,5,United Kingdom of Great Britain and Northern Ireland,HUMAN_OBSERVATION
50.20553,-5.033278,1985,5,United Kingdom of Great Britain and Northern Ireland,HUMAN_OBSERVATION
50.20553,-5.033278,1985,5,United Kingdom of Great Britain and Northern Ireland,HUMAN_OBSERVATION
50.207625,-5.472005,2023,9,United Kingdom of Great Britain and Northern Ireland,HUMAN_OBSERVATION
50.207718,-5.030095,2016,4,United Kingdom of Great Britain and Northern Ireland,HUMAN_OBSERVATION
50.208333,-5.029251,1985,5,United Kingdom of Great Britain and Northern Ireland,HUMAN_OBSERVATION
50.208333,-5.029251,1985,5,United Kingdom of Great Britain and Northern Ireland,HUMAN_OBSERVATION
50.208333,-5.029251,1985,5,United Kingdom of Great Britain and Northern Ireland,HUMAN_OBSERVATION
50.208333,-5.029251,1985,5,United Kingdom of Great Britain and Northern Ireland,HUMAN_OBSERVATION
50.20895,-5.026471,2012,10,United Kingdom of Great Britain and Northern Ireland,HUMAN_OBSERVATION
50.211174,-5.023824,2013,5,United Kingdom of Great Britain and Northern Ireland,HUMAN_OBSERVATION
50.211174,-5.023824,2010,4,United Kingdom of Great Britain and Northern Ireland,HUMAN_OBSERVATION
50.211822,-5.024818,2010,4,United Kingdom of Great Britain and Northern Ireland,HUMAN_OBSERVATION
50.211861,-5.025409,2013,5,United Kingdom of Great Britain and Northern Ireland,HUMAN_OBSERVATION
50.213948,-5.025766,2016,4,United Kingdom of Great Britain and Northern Ireland,HUMAN_OBSERVATION
50.215528,1.552838,2023,4,France,HUMAN_OBSERVATION
50.216168,-5.022037,2010,6,United Kingdom of Great Britain and Northern Ireland,HUMAN_OBSERVATION
50.216489,-5.026964,1992,3,United Kingdom of Great Britain and Northern Ireland,HUMAN_OBSERVATION
50.216489,-5.026964,1992,3,United Kingdom of Great Britain and Northern Ireland,HUMAN_OBSERVATION
50.216489,-5.026964,1992,3,United Kingdom of Great Britain and Northern Ireland,HUMAN_OBSERVATION
50.216489,-5.026964,1992,3,United Kingdom of Great Britain and Northern Ireland,HUMAN_OBSERVATION
50.216489,-5.026964,1992,3,United Kingdom of Great Britain and Northern Ireland,HUMAN_OBSERVATION
50.216489,-5.026964,1992,3,United Kingdom of Great Britain and Northern Ireland,HUMAN_OBSERVATION
50.216489,-5.026964,1992,3,United Kingdom of Great Britain and Northern Ireland,HUMAN_OBSERVATION
50.216489,-5.026964,1992,3,United Kingdom of Great Britain and Northern Ireland,HUMAN_OBSERVATION
50.216489,-5.026964,1992,3,United Kingdom of Great Britain and Northern Ireland,HUMAN_OBSERVATION
50.216489,-5.026964,1991,8,United Kingdom of Great Britain and Northern Ireland,HUMAN_OBSERVATION
50.216489,-5.026964,1991,8,United Kingdom of Great Britain and Northern Ireland,HUMAN_OBSERVATION
50.216489,-5.026964,1991,8,United Kingdom of Great Britain and Northern Ireland,HUMAN_OBSERVATION
50.216489,-5.026964,1991,8,United Kingdom of Great Britain and Northern Ireland,HUMAN_OBSERVATION
50.216489,-5.026964,1991,8,United Kingdom of Great Britain and Northern Ireland,HUMAN_OBSERVATION
50.216489,-5.026964,1991,8,United Kingdom of Great Britain and Northern Ireland,HUMAN_OBSERVATION
50.218358,-5.024278,1985,5,United Kingdom of Great Britain and Northern Ireland,HUMAN_OBSERVATION
50.218358,-5.024278,1985,5,United Kingdom of Great Britain and Northern Ireland,HUMAN_OBSERVATION
50.218358,-5.024278,1985,5,United Kingdom of Great Britain and Northern Ireland,HUMAN_OBSERVATION
50.218358,-5.024278,1985,5,United Kingdom of Great Britain and Northern Ireland,HUMAN_OBSERVATION
50.218471,-3.74997,1992,4,United Kingdom of Great Britain and Northern Ireland,HUMAN_OBSERVATION
50.219403,-3.686923,1992,3,United Kingdom of Great Britain and Northern Ireland,HUMAN_OBSERVATION
50.219544,-5.495591,2021,1,United Kingdom of Great Britain and Northern Ireland,HUMAN_OBSERVATION
50.219544,-5.495591,2021,1,United Kingdom of Great Britain and Northern Ireland,HUMAN_OBSERVATION
50.22088,-3.82716,1996,9,United Kingdom of Great Britain and Northern Ireland,HUMAN_OBSERVATION
50.22088,-3.82716,1996,9,United Kingdom of Great Britain and Northern Ireland,HUMAN_OBSERVATION
50.221384,-3.674376,1992,1,United Kingdom of Great Britain and Northern Ireland,HUMAN_OBSERVATION
50.222202,-3.680012,1992,2,United Kingdom of Great Britain and Northern Ireland,HUMAN_OBSERVATION
50.222202,-3.680012,1992,2,United Kingdom of Great Britain and Northern Ireland,HUMAN_OBSERVATION
50.223072,-3.830749,1996,9,United Kingdom of Great Britain and Northern Ireland,HUMAN_OBSERVATION
50.223121,-3.678643,1992,1,United Kingdom of Great Britain and Northern Ireland,HUMAN_OBSERVATION
50.223121,-3.678643,1992,1,United Kingdom of Great Britain and Northern Ireland,HUMAN_OBSERVATION
50.226666,-4.981334,1985,5,United Kingdom of Great Britain and Northern Ireland,HUMAN_OBSERVATION
50.229572,-5.00816,1985,5,United Kingdom of Great Britain and Northern Ireland,HUMAN_OBSERVATION
50.229572,-5.00816,1985,5,United Kingdom of Great Britain and Northern Ireland,HUMAN_OBSERVATION
50.229572,-5.00816,1985,5,United Kingdom of Great Britain and Northern Ireland,HUMAN_OBSERVATION
50.229572,-5.00816,1985,5,United Kingdom of Great Britain and Northern Ireland,HUMAN_OBSERVATION
50.229572,-5.00816,1985,5,United Kingdom of Great Britain and Northern Ireland,HUMAN_OBSERVATION
50.229572,-5.00816,1985,5,United Kingdom of Great Britain and Northern Ireland,HUMAN_OBSERVATION
50.229774,-3.775622,1976,1,United Kingdom of Great Britain and Northern Ireland,HUMAN_OBSERVATION
50.23115,-5.016674,2013,5,United Kingdom of Great Britain and Northern Ireland,HUMAN_OBSERVATION
50.23291,-5.018187,2013,5,United Kingdom of Great Britain and Northern Ireland,HUMAN_OBSERVATION
50.237242,-3.757669,1985,4,United Kingdom of Great Britain and Northern Ireland,HUMAN_OBSERVATION
50.237242,-3.757669,1985,4,United Kingdom of Great Britain and Northern Ireland,HUMAN_OBSERVATION
50.237242,-3.757669,1985,4,United Kingdom of Great Britain and Northern Ireland,HUMAN_OBSERVATION
50.237242,-3.757669,1985,4,United Kingdom of Great Britain and Northern Ireland,HUMAN_OBSERVATION
50.237242,-3.757669,1985,4,United Kingdom of Great Britain and Northern Ireland,HUMAN_OBSERVATION
50.240066,-3.749358,1985,4,United Kingdom of Great Britain and Northern Ireland,HUMAN_OBSERVATION
50.241758,-3.756433,1985,4,United Kingdom of Great Britain and Northern Ireland,HUMAN_OBSERVATION
50.241758,-3.756433,1985,4,United Kingdom of Great Britain and Northern Ireland,HUMAN_OBSERVATION
50.242572,-3.762072,2014,8,United Kingdom of Great Britain and Northern Ireland,HUMAN_OBSERVATION
50.244585,-5.018925,1999,,United Kingdom of Great Britain and Northern Ireland,HUMAN_OBSERVATION
50.244585,-5.018925,1999,,United Kingdom of Great Britain and Northern Ireland,HUMAN_OBSERVATION
50.244585,-5.018925,1999,,United Kingdom of Great Britain and Northern Ireland,HUMAN_OBSERVATION
50.244585,-5.018925,1999,,United Kingdom of Great Britain and Northern Ireland,HUMAN_OBSERVATION
50.247243,-5.020496,1985,5,United Kingdom of Great Britain and Northern Ireland,HUMAN_OBSERVATION
50.247243,-5.020496,1985,5,United Kingdom of Great Britain and Northern Ireland,HUMAN_OBSERVATION
50.247243,-5.020496,1985,5,United Kingdom of Great Britain and Northern Ireland,HUMAN_OBSERVATION
50.247243,-5.020496,1985,5,United Kingdom of Great Britain and Northern Ireland,HUMAN_OBSERVATION
50.247357,-3.859031,1992,3,United Kingdom of Great Britain and Northern Ireland,HUMAN_OBSERVATION
50.248008,-3.759468,1985,4,United Kingdom of Great Britain and Northern Ireland,HUMAN_OBSERVATION
50.248008,-3.759468,1985,4,United Kingdom of Great Britain and Northern Ireland,HUMAN_OBSERVATION
50.248575,-3.721617,1985,6,United Kingdom of Great Britain and Northern Ireland,HUMAN_OBSERVATION
50.248928,-3.758099,1985,4,United Kingdom of Great Britain and Northern Ireland,HUMAN_OBSERVATION
50.248928,-3.758099,1985,4,United Kingdom of Great Britain and Northern Ireland,HUMAN_OBSERVATION
50.253401,-3.759666,1992,1,United Kingdom of Great Britain and Northern Ireland,HUMAN_OBSERVATION
50.255821,-3.777993,1985,6,United Kingdom of Great Britain and Northern Ireland,HUMAN_OBSERVATION
50.270149,-3.722395,1985,6,United Kingdom of Great Britain and Northern Ireland,HUMAN_OBSERVATION
50.272194,-3.765973,1985,4,United Kingdom of Great Britain and Northern Ireland,HUMAN_OBSERVATION
50.272194,-3.765973,1985,4,United Kingdom of Great Britain and Northern Ireland,HUMAN_OBSERVATION
50.272194,-3.765973,1985,4,United Kingdom of Great Britain and Northern Ireland,HUMAN_OBSERVATION
50.272215,-3.76457,1985,4,United Kingdom of Great Britain and Northern Ireland,HUMAN_OBSERVATION
50.272215,-3.76457,1985,4,United Kingdom of Great Britain and Northern Ireland,HUMAN_OBSERVATION
50.275759,-3.882593,2013,10,United Kingdom of Great Britain and Northern Ireland,HUMAN_OBSERVATION
50.275759,-3.882593,2013,10,United Kingdom of Great Britain and Northern Ireland,HUMAN_OBSERVATION
50.275782,-3.88119,2013,10,United Kingdom of Great Britain and Northern Ireland,HUMAN_OBSERVATION
50.284816,-3.878739,2013,10,United Kingdom of Great Britain and Northern Ireland,HUMAN_OBSERVATION
50.284816,-3.878739,1987,5,United Kingdom of Great Britain and Northern Ireland,HUMAN_OBSERVATION
50.286794,-3.867587,2013,10,United Kingdom of Great Britain and Northern Ireland,HUMAN_OBSERVATION
50.295046,-4.019548,1992,7,United Kingdom of Great Britain and Northern Ireland,HUMAN_OBSERVATION
50.30438,-3.946918,2013,10,United Kingdom of Great Britain and Northern Ireland,HUMAN_OBSERVATION
50.30438,-3.946918,2013,10,United Kingdom of Great Britain and Northern Ireland,HUMAN_OBSERVATION
50.30438,-3.946918,2013,10,United Kingdom of Great Britain and Northern Ireland,HUMAN_OBSERVATION
50.305185,-3.952568,2005,5,United Kingdom of Great Britain and Northern Ireland,HUMAN_OBSERVATION
50.305185,-3.952568,2005,5,United Kingdom of Great Britain and Northern Ireland,HUMAN_OBSERVATION
50.30524,-4.112577,2009,8,United Kingdom of Great Britain and Northern Ireland,HUMAN_OBSERVATION
50.305279,-3.946955,1987,5,United Kingdom of Great Britain and Northern Ireland,HUMAN_OBSERVATION
50.305279,-3.946955,1987,5,United Kingdom of Great Britain and Northern Ireland,HUMAN_OBSERVATION
50.307006,-3.951238,2007,5,United Kingdom of Great Britain and Northern Ireland,HUMAN_OBSERVATION
50.307857,-3.954082,2013,10,United Kingdom of Great Britain and Northern Ireland,HUMAN_OBSERVATION
50.307857,-3.954082,2013,10,United Kingdom of Great Britain and Northern Ireland,HUMAN_OBSERVATION
50.307857,-3.954082,2013,10,United Kingdom of Great Britain and Northern Ireland,HUMAN_OBSERVATION
50.307857,-3.954082,2013,10,United Kingdom of Great Britain and Northern Ireland,HUMAN_OBSERVATION
50.307857,-3.954082,2013,10,United Kingdom of Great Britain and Northern Ireland,HUMAN_OBSERVATION
50.308022,-3.944258,2013,10,United Kingdom of Great Britain and Northern Ireland,HUMAN_OBSERVATION
50.308461,-4.074891,2007,4,United Kingdom of Great Britain and Northern Ireland,HUMAN_OBSERVATION
50.309749,-3.948542,1995,8,United Kingdom of Great Britain and Northern Ireland,HUMAN_OBSERVATION
50.309749,-3.948542,1995,8,United Kingdom of Great Britain and Northern Ireland,HUMAN_OBSERVATION
50.309749,-3.948542,1995,8,United Kingdom of Great Britain and Northern Ireland,HUMAN_OBSERVATION
50.309759,-4.052475,2007,2,United Kingdom of Great Britain and Northern Ireland,HUMAN_OBSERVATION
50.309759,-4.052475,2007,2,United Kingdom of Great Britain and Northern Ireland,HUMAN_OBSERVATION
50.309759,-4.052475,2007,2,United Kingdom of Great Britain and Northern Ireland,HUMAN_OBSERVATION
50.309759,-4.052475,1989,3,United Kingdom of Great Britain and Northern Ireland,HUMAN_OBSERVATION
50.309773,-3.947138,1995,8,United Kingdom of Great Britain and Northern Ireland,HUMAN_OBSERVATION
50.310077,-4.058083,2014,5,United Kingdom of Great Britain and Northern Ireland,MATERIAL_SAMPLE
50.310077,-4.058083,2014,5,United Kingdom of Great Britain and Northern Ireland,MATERIAL_SAMPLE
50.310077,-4.058083,2014,5,United Kingdom of Great Britain and Northern Ireland,MATERIAL_SAMPLE
50.310077,-4.058083,2014,5,United Kingdom of Great Britain and Northern Ireland,MATERIAL_SAMPLE
50.310434,-4.065145,1986,5,United Kingdom of Great Britain and Northern Ireland,HUMAN_OBSERVATION
50.310434,-4.065145,1986,5,United Kingdom of Great Britain and Northern Ireland,HUMAN_OBSERVATION
50.310434,-4.065145,1986,5,United Kingdom of Great Britain and Northern Ireland,HUMAN_OBSERVATION
50.310672,-3.947175,1995,8,United Kingdom of Great Britain and Northern Ireland,HUMAN_OBSERVATION
50.311183,-4.073605,2007,9,United Kingdom of Great Britain and Northern Ireland,HUMAN_OBSERVATION
50.311183,-4.073605,2007,9,United Kingdom of Great Britain and Northern Ireland,HUMAN_OBSERVATION
50.311183,-4.073605,2007,9,United Kingdom of Great Britain and Northern Ireland,HUMAN_OBSERVATION
50.31157,-3.947212,2013,10,United Kingdom of Great Britain and Northern Ireland,HUMAN_OBSERVATION
50.31157,-3.947212,2013,10,United Kingdom of Great Britain and Northern Ireland,HUMAN_OBSERVATION
50.31157,-3.947212,2013,10,United Kingdom of Great Britain and Northern Ireland,HUMAN_OBSERVATION
50.31157,-3.947212,2013,10,United Kingdom of Great Britain and Northern Ireland,HUMAN_OBSERVATION
50.31157,-3.947212,2013,10,United Kingdom of Great Britain and Northern Ireland,HUMAN_OBSERVATION
50.31157,-3.947212,2013,10,United Kingdom of Great Britain and Northern Ireland,HUMAN_OBSERVATION
50.311963,-4.04167,2018,4,United Kingdom of Great Britain and Northern Ireland,HUMAN_OBSERVATION
50.312043,-4.050971,2014,5,United Kingdom of Great Britain and Northern Ireland,MATERIAL_SAMPLE
50.312043,-4.050971,2014,5,United Kingdom of Great Britain and Northern Ireland,MATERIAL_SAMPLE
50.312043,-4.050971,2014,5,United Kingdom of Great Britain and Northern Ireland,MATERIAL_SAMPLE
50.312043,-4.050971,2014,5,United Kingdom of Great Britain and Northern Ireland,MATERIAL_SAMPLE
50.312043,-4.050971,2014,5,United Kingdom of Great Britain and Northern Ireland,MATERIAL_SAMPLE
50.312043,-4.050971,2014,5,United Kingdom of Great Britain and Northern Ireland,MATERIAL_SAMPLE
50.312043,-4.050971,2014,5,United Kingdom of Great Britain and Northern Ireland,MATERIAL_SAMPLE
50.312043,-4.050971,2014,5,United Kingdom of Great Britain and Northern Ireland,MATERIAL_SAMPLE
50.312043,-4.050971,2014,5,United Kingdom of Great Britain and Northern Ireland,MATERIAL_SAMPLE
50.312043,-4.050971,2014,5,United Kingdom of Great Britain and Northern Ireland,MATERIAL_SAMPLE
50.312043,-4.050971,2014,5,United Kingdom of Great Britain and Northern Ireland,MATERIAL_SAMPLE
50.312043,-4.050971,2014,5,United Kingdom of Great Britain and Northern Ireland,MATERIAL_SAMPLE
50.312043,-4.050971,2014,5,United Kingdom of Great Britain and Northern Ireland,MATERIAL_SAMPLE
50.312043,-4.050971,2014,5,United Kingdom of Great Britain and Northern Ireland,MATERIAL_SAMPLE
50.312043,-4.050971,2014,5,United Kingdom of Great Britain and Northern Ireland,MATERIAL_SAMPLE
50.312043,-4.050971,2014,5,United Kingdom of Great Britain and Northern Ireland,MATERIAL_SAMPLE
50.312043,-4.050971,2014,5,United Kingdom of Great Britain and Northern Ireland,MATERIAL_SAMPLE
50.312043,-4.050971,2014,5,United Kingdom of Great Britain and Northern Ireland,MATERIAL_SAMPLE
50.312043,-4.050971,2014,5,United Kingdom of Great Britain and Northern Ireland,MATERIAL_SAMPLE
50.312043,-4.050971,2014,5,United Kingdom of Great Britain and Northern Ireland,MATERIAL_SAMPLE
50.312043,-4.050971,2014,5,United Kingdom of Great Britain and Northern Ireland,MATERIAL_SAMPLE
50.312043,-4.050971,2014,5,United Kingdom of Great Britain and Northern Ireland,MATERIAL_SAMPLE
50.312043,-4.050971,2014,5,United Kingdom of Great Britain and Northern Ireland,MATERIAL_SAMPLE
50.312043,-4.050971,2014,5,United Kingdom of Great Britain and Northern Ireland,MATERIAL_SAMPLE
50.312043,-4.050971,2014,5,United Kingdom of Great Britain and Northern Ireland,MATERIAL_SAMPLE
50.312356,-4.058205,1986,5,United Kingdom of Great Britain and Northern Ireland,HUMAN_OBSERVATION
50.312356,-4.058205,1986,5,United Kingdom of Great Britain and Northern Ireland,HUMAN_OBSERVATION
50.312647,-4.050885,2014,5,United Kingdom of Great Britain and Northern Ireland,MATERIAL_SAMPLE
50.312647,-4.050885,2014,5,United Kingdom of Great Britain and Northern Ireland,MATERIAL_SAMPLE
50.313298,-4.106003,1977,9,United Kingdom of Great Britain and Northern Ireland,HUMAN_OBSERVATION
50.313323,-4.046456,2018,7,United Kingdom of Great Britain and Northern Ireland,HUMAN_OBSERVATION
50.313777,-4.052048,2014,4,United Kingdom of Great Britain and Northern Ireland,MATERIAL_SAMPLE
50.31493,-4.08243,2016,12,United Kingdom of Great Britain and Northern Ireland,HUMAN_OBSERVATION
50.31493,-4.08243,2016,12,United Kingdom of Great Britain and Northern Ireland,HUMAN_OBSERVATION
50.31493,-4.08243,2016,12,United Kingdom of Great Britain and Northern Ireland,HUMAN_OBSERVATION
50.31493,-4.08243,2016,12,United Kingdom of Great Britain and Northern Ireland,HUMAN_OBSERVATION
50.31512,-4.08188,2016,12,United Kingdom of Great Britain and Northern Ireland,HUMAN_OBSERVATION
50.31512,-4.08188,2016,12,United Kingdom of Great Britain and Northern Ireland,HUMAN_OBSERVATION
50.31512,-4.08188,2016,12,United Kingdom of Great Britain and Northern Ireland,HUMAN_OBSERVATION
50.31512,-4.08188,2016,12,United Kingdom of Great Britain and Northern Ireland,HUMAN_OBSERVATION
50.31512,-4.08188,2016,12,United Kingdom of Great Britain and Northern Ireland,HUMAN_OBSERVATION
50.31512,-4.08188,2016,12,United Kingdom of Great Britain and Northern Ireland,HUMAN_OBSERVATION
50.315526,-4.082222,,,United Kingdom of Great Britain and Northern Ireland,HUMAN_OBSERVATION
50.315526,-4.082222,,,United Kingdom of Great Britain and Northern Ireland,HUMAN_OBSERVATION
50.31553,-4.08273,2019,9,United Kingdom of Great Britain and Northern Ireland,MATERIAL_SAMPLE
50.31554,-4.08114,2017,10,United Kingdom of Great Britain and Northern Ireland,HUMAN_OBSERVATION
50.31554,-4.08114,2017,10,United Kingdom of Great Britain and Northern Ireland,HUMAN_OBSERVATION
50.31559,-4.08205,2017,10,United Kingdom of Great Britain and Northern Ireland,HUMAN_OBSERVATION
50.31559,-4.08205,2017,10,United Kingdom of Great Britain and Northern Ireland,HUMAN_OBSERVATION
50.3156,-4.0831,2017,4,United Kingdom of Great Britain and Northern Ireland,HUMAN_OBSERVATION
50.3156,-4.0831,2017,4,United Kingdom of Great Britain and Northern Ireland,HUMAN_OBSERVATION
50.315939,-4.082807,2019,9,United Kingdom of Great Britain and Northern Ireland,MATERIAL_SAMPLE
50.3161,-4.0831,2017,12,United Kingdom of Great Britain and Northern Ireland,HUMAN_OBSERVATION
50.3161,-4.0831,2017,12,United Kingdom of Great Britain and Northern Ireland,HUMAN_OBSERVATION
50.3161,-4.0831,2017,12,United Kingdom of Great Britain and Northern Ireland,HUMAN_OBSERVATION
50.3161,-4.0831,2017,12,United Kingdom of Great Britain and Northern Ireland,HUMAN_OBSERVATION
50.3161,-4.0831,2017,12,United Kingdom of Great Britain and Northern Ireland,HUMAN_OBSERVATION
50.3161,-4.0831,2017,12,United Kingdom of Great Britain and Northern Ireland,HUMAN_OBSERVATION
50.3169,-4.0836,2018,6,United Kingdom of Great Britain and Northern Ireland,HUMAN_OBSERVATION
50.3169,-4.0836,2018,6,United Kingdom of Great Britain and Northern Ireland,HUMAN_OBSERVATION
50.317298,-4.083704,,,United Kingdom of Great Britain and Northern Ireland,HUMAN_OBSERVATION
50.317298,-4.083704,,,United Kingdom of Great Britain and Northern Ireland,HUMAN_OBSERVATION
50.317848,-4.052824,1986,5,United Kingdom of Great Britain and Northern Ireland,HUMAN_OBSERVATION
50.317848,-4.052824,1986,5,United Kingdom of Great Britain and Northern Ireland,HUMAN_OBSERVATION
50.317848,-4.052824,1986,5,United Kingdom of Great Britain and Northern Ireland,HUMAN_OBSERVATION
50.318902,-3.939083,2013,10,United Kingdom of Great Britain and Northern Ireland,HUMAN_OBSERVATION
50.319045,-4.08659,1993,8,United Kingdom of Great Britain and Northern Ireland,HUMAN_OBSERVATION
50.319045,-4.08659,,,United Kingdom of Great Britain and Northern Ireland,HUMAN_OBSERVATION
50.322083,-4.765959,2020,7,United Kingdom of Great Britain and Northern Ireland,HUMAN_OBSERVATION
50.322083,-4.765959,2020,7,United Kingdom of Great Britain and Northern Ireland,HUMAN_OBSERVATION
50.322083,-4.765959,2020,7,United Kingdom of Great Britain and Northern Ireland,HUMAN_OBSERVATION
50.322083,-4.765959,2020,7,United Kingdom of Great Britain and Northern Ireland,HUMAN_OBSERVATION
50.322083,-4.765959,2020,7,United Kingdom of Great Britain and Northern Ireland,HUMAN_OBSERVATION
50.322083,-4.765959,2020,7,United Kingdom of Great Britain and Northern Ireland,HUMAN_OBSERVATION
50.322083,-4.765959,2020,7,United Kingdom of Great Britain and Northern Ireland,HUMAN_OBSERVATION
50.322083,-4.765959,2020,7,United Kingdom of Great Britain and Northern Ireland,HUMAN_OBSERVATION
50.322083,-4.765959,2020,9,United Kingdom of Great Britain and Northern Ireland,HUMAN_OBSERVATION
50.322083,-4.765959,2020,9,United Kingdom of Great Britain and Northern Ireland,HUMAN_OBSERVATION
50.324159,-4.763796,2020,9,United Kingdom of Great Britain and Northern Ireland,HUMAN_OBSERVATION
50.324159,-4.763796,2020,9,United Kingdom of Great Britain and Northern Ireland,HUMAN_OBSERVATION
50.324159,-4.763796,2020,9,United Kingdom of Great Britain and Northern Ireland,HUMAN_OBSERVATION
50.324159,-4.763796,2020,9,United Kingdom of Great Britain and Northern Ireland,HUMAN_OBSERVATION
50.324159,-4.763796,2020,9,United Kingdom of Great Britain and Northern Ireland,HUMAN_OBSERVATION
50.324159,-4.763796,2020,9,United Kingdom of Great Britain and Northern Ireland,HUMAN_OBSERVATION
50.324159,-4.763796,2020,9,United Kingdom of Great Britain and Northern Ireland,HUMAN_OBSERVATION
50.324159,-4.763796,2020,9,United Kingdom of Great Britain and Northern Ireland,HUMAN_OBSERVATION
50.325264,-3.935127,2013,10,United Kingdom of Great Britain and Northern Ireland,HUMAN_OBSERVATION
50.327907,-4.043422,1986,5,United Kingdom of Great Britain and Northern Ireland,HUMAN_OBSERVATION
50.327907,-4.043422,1986,5,United Kingdom of Great Britain and Northern Ireland,HUMAN_OBSERVATION
50.327907,-4.043422,1986,5,United Kingdom of Great Britain and Northern Ireland,HUMAN_OBSERVATION
50.328031,-4.123108,2011,11,United Kingdom of Great Britain and Northern Ireland,MATERIAL_SAMPLE
50.328739,-4.122099,2011,11,United Kingdom of Great Britain and Northern Ireland,MATERIAL_SAMPLE
50.328815,-4.120784,2011,11,United Kingdom of Great Britain and Northern Ireland,MATERIAL_SAMPLE
50.329497,-4.200229,2016,8,United Kingdom of Great Britain and Northern Ireland,HUMAN_OBSERVATION
50.330579,-4.044942,1993,8,United Kingdom of Great Britain and Northern Ireland,HUMAN_OBSERVATION
50.331353,-4.199542,1993,9,United Kingdom of Great Britain and Northern Ireland,HUMAN_OBSERVATION
50.331353,-4.199542,1993,9,United Kingdom of Great Britain and Northern Ireland,HUMAN_OBSERVATION
50.331502,-4.043576,1986,5,United Kingdom of Great Britain and Northern Ireland,HUMAN_OBSERVATION
50.331502,-4.043576,1986,5,United Kingdom of Great Britain and Northern Ireland,HUMAN_OBSERVATION
50.331502,-4.043576,1986,5,United Kingdom of Great Britain and Northern Ireland,HUMAN_OBSERVATION
50.333579,-3.56169,1987,7,United Kingdom of Great Britain and Northern Ireland,HUMAN_OBSERVATION
50.333587,-4.200348,2012,7,United Kingdom of Great Britain and Northern Ireland,HUMAN_OBSERVATION
50.334891,-4.154737,1986,5,United Kingdom of Great Britain and Northern Ireland,HUMAN_OBSERVATION
50.334891,-4.154737,1986,5,United Kingdom of Great Britain and Northern Ireland,HUMAN_OBSERVATION
50.3349,-4.121,2018,1,United Kingdom of Great Britain and Northern Ireland,HUMAN_OBSERVATION
50.3349,-4.121,2018,1,United Kingdom of Great Britain and Northern Ireland,HUMAN_OBSERVATION
50.3349,-4.121,2018,1,United Kingdom of Great Britain and Northern Ireland,HUMAN_OBSERVATION
50.3349,-4.121,2018,1,United Kingdom of Great Britain and Northern Ireland,HUMAN_OBSERVATION
50.3349,-4.121,2018,1,United Kingdom of Great Britain and Northern Ireland,HUMAN_OBSERVATION
50.3349,-4.121,2018,1,United Kingdom of Great Britain and Northern Ireland,HUMAN_OBSERVATION
50.3349,-4.121,2018,1,United Kingdom of Great Britain and Northern Ireland,HUMAN_OBSERVATION
50.3349,-4.121,2018,1,United Kingdom of Great Britain and Northern Ireland,HUMAN_OBSERVATION
50.3349,-4.121,2018,1,United Kingdom of Great Britain and Northern Ireland,HUMAN_OBSERVATION
50.3349,-4.121,2018,1,United Kingdom of Great Britain and Northern Ireland,HUMAN_OBSERVATION
50.3349,-4.121,2018,1,United Kingdom of Great Britain and Northern Ireland,HUMAN_OBSERVATION
50.3349,-4.121,2018,1,United Kingdom of Great Britain and Northern Ireland,HUMAN_OBSERVATION
50.335358,-3.563154,1994,10,United Kingdom of Great Britain and Northern Ireland,HUMAN_OBSERVATION
50.335358,-3.563154,1994,10,United Kingdom of Great Britain and Northern Ireland,HUMAN_OBSERVATION
50.3361,-4.1205,2018,1,United Kingdom of Great Britain and Northern Ireland,HUMAN_OBSERVATION
50.3361,-4.1205,2018,1,United Kingdom of Great Britain and Northern Ireland,HUMAN_OBSERVATION
50.3361,-4.1205,2018,1,United Kingdom of Great Britain and Northern Ireland,HUMAN_OBSERVATION
50.3361,-4.1205,2018,1,United Kingdom of Great Britain and Northern Ireland,HUMAN_OBSERVATION
50.3361,-4.1205,2018,1,United Kingdom of Great Britain and Northern Ireland,HUMAN_OBSERVATION
50.3361,-4.1205,2018,1,United Kingdom of Great Britain and Northern Ireland,HUMAN_OBSERVATION
50.3361,-4.1205,2018,1,United Kingdom of Great Britain and Northern Ireland,HUMAN_OBSERVATION
50.3361,-4.1205,2018,1,United Kingdom of Great Britain and Northern Ireland,HUMAN_OBSERVATION
50.3361,-4.1205,2018,1,United Kingdom of Great Britain and Northern Ireland,HUMAN_OBSERVATION
50.3361,-4.1205,2018,1,United Kingdom of Great Britain and Northern Ireland,HUMAN_OBSERVATION
50.3361,-4.1205,2018,1,United Kingdom of Great Britain and Northern Ireland,HUMAN_OBSERVATION
50.3361,-4.1205,2018,1,United Kingdom of Great Britain and Northern Ireland,HUMAN_OBSERVATION
50.3361,-4.1205,2018,1,United Kingdom of Great Britain and Northern Ireland,HUMAN_OBSERVATION
50.3361,-4.1205,2018,1,United Kingdom of Great Britain and Northern Ireland,HUMAN_OBSERVATION
50.336239,-3.564588,1987,5,United Kingdom of Great Britain and Northern Ireland,HUMAN_OBSERVATION
50.336239,-3.564588,1987,5,United Kingdom of Great Britain and Northern Ireland,HUMAN_OBSERVATION
50.336502,-3.544923,1987,5,United Kingdom of Great Britain and Northern Ireland,HUMAN_OBSERVATION
50.33714,-4.126729,2018,7,United Kingdom of Great Britain and Northern Ireland,HUMAN_OBSERVATION
50.337334,-4.119714,1993,4,United Kingdom of Great Britain and Northern Ireland,HUMAN_OBSERVATION
50.3376,-4.630686,2014,10,United Kingdom of Great Britain and Northern Ireland,HUMAN_OBSERVATION
50.339668,-4.709205,2020,8,United Kingdom of Great Britain and Northern Ireland,HUMAN_OBSERVATION
50.339668,-4.709205,2020,8,United Kingdom of Great Britain and Northern Ireland,HUMAN_OBSERVATION
50.339668,-4.709205,2020,9,United Kingdom of Great Britain and Northern Ireland,HUMAN_OBSERVATION
50.339668,-4.709205,2020,9,United Kingdom of Great Britain and Northern Ireland,HUMAN_OBSERVATION
50.339668,-4.709205,2020,9,United Kingdom of Great Britain and Northern Ireland,HUMAN_OBSERVATION
50.339668,-4.709205,2020,9,United Kingdom of Great Britain and Northern Ireland,HUMAN_OBSERVATION
50.340266,-4.705079,2020,9,United Kingdom of Great Britain and Northern Ireland,HUMAN_OBSERVATION
50.340266,-4.705079,2020,9,United Kingdom of Great Britain and Northern Ireland,HUMAN_OBSERVATION
50.341633,-3.564765,1994,2,United Kingdom of Great Britain and Northern Ireland,HUMAN_OBSERVATION
50.341636,-4.178935,1986,4,United Kingdom of Great Britain and Northern Ireland,HUMAN_OBSERVATION
50.342731,-3.573304,2002,7,United Kingdom of Great Britain and Northern Ireland,HUMAN_OBSERVATION
50.344235,-3.571878,1987,5,United Kingdom of Great Britain and Northern Ireland,HUMAN_OBSERVATION
50.344235,-3.571878,1987,5,United Kingdom of Great Britain and Northern Ireland,HUMAN_OBSERVATION
50.344296,-4.451739,1996,,United Kingdom of Great Britain and Northern Ireland,HUMAN_OBSERVATION
50.344421,-4.125652,1993,10,United Kingdom of Great Britain and Northern Ireland,HUMAN_OBSERVATION
50.344421,-4.125652,1993,10,United Kingdom of Great Britain and Northern Ireland,HUMAN_OBSERVATION
50.344421,-4.125652,1993,10,United Kingdom of Great Britain and Northern Ireland,HUMAN_OBSERVATION
50.344421,-4.125652,1993,10,United Kingdom of Great Britain and Northern Ireland,HUMAN_OBSERVATION
50.344515,-4.169228,1993,8,United Kingdom of Great Britain and Northern Ireland,HUMAN_OBSERVATION
50.344515,-4.169228,1993,8,United Kingdom of Great Britain and Northern Ireland,HUMAN_OBSERVATION
50.344515,-4.169228,1993,8,United Kingdom of Great Britain and Northern Ireland,HUMAN_OBSERVATION
50.3465,-4.4512,2007,10,United Kingdom of Great Britain and Northern Ireland,HUMAN_OBSERVATION
50.3465,-4.4512,2007,10,United Kingdom of Great Britain and Northern Ireland,HUMAN_OBSERVATION
50.3465,-4.4512,2007,10,United Kingdom of Great Britain and Northern Ireland,HUMAN_OBSERVATION
50.349017,-4.120235,2007,10,United Kingdom of Great Britain and Northern Ireland,HUMAN_OBSERVATION
50.349942,-4.11887,2007,5,United Kingdom of Great Britain and Northern Ireland,HUMAN_OBSERVATION
50.349942,-4.11887,2006,7,United Kingdom of Great Britain and Northern Ireland,HUMAN_OBSERVATION
50.349942,-4.11887,2006,7,United Kingdom of Great Britain and Northern Ireland,HUMAN_OBSERVATION
50.349942,-4.11887,2006,7,United Kingdom of Great Britain and Northern Ireland,HUMAN_OBSERVATION
50.349986,-4.16526,1993,8,United Kingdom of Great Britain and Northern Ireland,HUMAN_OBSERVATION
50.349986,-4.16526,1993,8,United Kingdom of Great Britain and Northern Ireland,HUMAN_OBSERVATION
50.350547,-3.570681,2014,9,United Kingdom of Great Britain and Northern Ireland,HUMAN_OBSERVATION
50.350789,-4.121719,1986,5,United Kingdom of Great Britain and Northern Ireland,HUMAN_OBSERVATION
50.350789,-4.121719,1986,5,United Kingdom of Great Britain and Northern Ireland,HUMAN_OBSERVATION
50.350789,-4.121719,1986,5,United Kingdom of Great Britain and Northern Ireland,HUMAN_OBSERVATION
50.35127,-4.12332,2017,3,United Kingdom of Great Britain and Northern Ireland,HUMAN_OBSERVATION
50.35127,-4.12332,2017,3,United Kingdom of Great Britain and Northern Ireland,HUMAN_OBSERVATION
50.35127,-4.12332,2017,3,United Kingdom of Great Britain and Northern Ireland,HUMAN_OBSERVATION
50.35127,-4.12332,2017,3,United Kingdom of Great Britain and Northern Ireland,HUMAN_OBSERVATION
50.35127,-4.12332,2017,3,United Kingdom of Great Britain and Northern Ireland,HUMAN_OBSERVATION
50.35127,-4.12332,2017,3,United Kingdom of Great Britain and Northern Ireland,HUMAN_OBSERVATION
50.351673,-3.570507,2009,9,United Kingdom of Great Britain and Northern Ireland,HUMAN_OBSERVATION
50.352089,-4.173088,2011,9,United Kingdom of Great Britain and Northern Ireland,HUMAN_OBSERVATION
50.352823,-3.568647,2012,6,United Kingdom of Great Britain and Northern Ireland,HUMAN_OBSERVATION
50.352823,-3.568647,2009,9,United Kingdom of Great Britain and Northern Ireland,HUMAN_OBSERVATION
50.352823,-3.568647,2006,2,United Kingdom of Great Britain and Northern Ireland,HUMAN_OBSERVATION
50.352823,-3.568647,2006,7,United Kingdom of Great Britain and Northern Ireland,HUMAN_OBSERVATION
50.353244,-3.57077,1987,5,United Kingdom of Great Britain and Northern Ireland,HUMAN_OBSERVATION
50.353244,-3.57077,1987,5,United Kingdom of Great Britain and Northern Ireland,HUMAN_OBSERVATION
50.353434,-4.124649,1996,2,United Kingdom of Great Britain and Northern Ireland,HUMAN_OBSERVATION
50.353434,-4.124649,1996,2,United Kingdom of Great Britain and Northern Ireland,HUMAN_OBSERVATION
50.353434,-4.124649,1996,2,United Kingdom of Great Britain and Northern Ireland,HUMAN_OBSERVATION
50.353434,-4.124649,1996,2,United Kingdom of Great Britain and Northern Ireland,HUMAN_OBSERVATION
50.353485,-4.121839,2007,3,United Kingdom of Great Britain and Northern Ireland,HUMAN_OBSERVATION
50.354213,-4.445834,2020,6,United Kingdom of Great Britain and Northern Ireland,HUMAN_OBSERVATION
50.354688,-4.154228,1986,5,United Kingdom of Great Britain and Northern Ireland,HUMAN_OBSERVATION
50.354722,-4.446389,2020,7,United Kingdom of Great Britain and Northern Ireland,HUMAN_OBSERVATION
50.354825,-4.195004,1986,5,United Kingdom of Great Britain and Northern Ireland,HUMAN_OBSERVATION
50.355893,-4.443911,2020,7,United Kingdom of Great Britain and Northern Ireland,HUMAN_OBSERVATION
50.356104,-4.126174,1996,2,United Kingdom of Great Britain and Northern Ireland,HUMAN_OBSERVATION
50.356104,-4.126174,1996,2,United Kingdom of Great Britain and Northern Ireland,HUMAN_OBSERVATION
50.356104,-4.126174,1996,2,United Kingdom of Great Britain and Northern Ireland,HUMAN_OBSERVATION
50.356297,-4.126494,2025,5,United Kingdom of Great Britain and Northern Ireland,HUMAN_OBSERVATION
50.356396,-4.126498,2023,1,United Kingdom of Great Britain and Northern Ireland,HUMAN_OBSERVATION
50.356396,-4.126498,2023,8,United Kingdom of Great Britain and Northern Ireland,HUMAN_OBSERVATION
50.356396,-4.126498,2023,9,United Kingdom of Great Britain and Northern Ireland,HUMAN_OBSERVATION
50.356403,-4.126273,2022,6,United Kingdom of Great Britain and Northern Ireland,HUMAN_OBSERVATION
50.35646,-4.155714,1986,4,United Kingdom of Great Britain and Northern Ireland,HUMAN_OBSERVATION
50.356579,-4.126307,2025,4,United Kingdom of Great Britain and Northern Ireland,HUMAN_OBSERVATION
50.356813,-4.126621,2025,3,United Kingdom of Great Britain and Northern Ireland,HUMAN_OBSERVATION
50.356828,-4.125119,2024,12,United Kingdom of Great Britain and Northern Ireland,HUMAN_OBSERVATION
50.356828,-4.125119,2024,12,United Kingdom of Great Britain and Northern Ireland,HUMAN_OBSERVATION
50.3569,-4.1282,2007,10,United Kingdom of Great Britain and Northern Ireland,HUMAN_OBSERVATION
50.3569,-4.1282,2007,10,United Kingdom of Great Britain and Northern Ireland,HUMAN_OBSERVATION
50.3569,-4.1282,2007,10,United Kingdom of Great Britain and Northern Ireland,HUMAN_OBSERVATION
50.3569,-4.1282,2007,10,United Kingdom of Great Britain and Northern Ireland,HUMAN_OBSERVATION
50.3569,-4.1282,2007,10,United Kingdom of Great Britain and Northern Ireland,HUMAN_OBSERVATION
50.3569,-4.1282,2007,10,United Kingdom of Great Britain and Northern Ireland,HUMAN_OBSERVATION
50.356938,-4.128224,2008,10,United Kingdom of Great Britain and Northern Ireland,HUMAN_OBSERVATION
50.356938,-4.128224,2008,10,United Kingdom of Great Britain and Northern Ireland,HUMAN_OBSERVATION
50.356938,-4.128224,2008,10,United Kingdom of Great Britain and Northern Ireland,HUMAN_OBSERVATION
50.356938,-4.128224,2008,10,United Kingdom of Great Britain and Northern Ireland,HUMAN_OBSERVATION
50.356938,-4.128224,2008,10,United Kingdom of Great Britain and Northern Ireland,HUMAN_OBSERVATION
50.356938,-4.128224,2008,10,United Kingdom of Great Britain and Northern Ireland,HUMAN_OBSERVATION
50.356976,-4.172294,2023,8,United Kingdom of Great Britain and Northern Ireland,HUMAN_OBSERVATION
50.356977,-4.127619,2014,9,United Kingdom of Great Britain and Northern Ireland,HUMAN_OBSERVATION
50.35699,-4.125903,2024,11,United Kingdom of Great Britain and Northern Ireland,HUMAN_OBSERVATION
50.35699,-4.125903,2024,11,United Kingdom of Great Britain and Northern Ireland,HUMAN_OBSERVATION
50.357049,-4.125758,2025,5,United Kingdom of Great Britain and Northern Ireland,HUMAN_OBSERVATION
50.357062,-4.126188,2025,3,United Kingdom of Great Britain and Northern Ireland,HUMAN_OBSERVATION
50.357071,-4.126221,2025,5,United Kingdom of Great Britain and Northern Ireland,HUMAN_OBSERVATION
50.357141,-4.126138,2025,3,United Kingdom of Great Britain and Northern Ireland,HUMAN_OBSERVATION
50.35724,-4.127808,2000,3,United Kingdom of Great Britain and Northern Ireland,MATERIAL_SAMPLE
50.35724,-4.127808,2000,3,United Kingdom of Great Britain and Northern Ireland,MATERIAL_SAMPLE
50.357242,-4.126933,2025,1,United Kingdom of Great Britain and Northern Ireland,HUMAN_OBSERVATION
50.3575,-4.126911,2019,12,United Kingdom of Great Britain and Northern Ireland,HUMAN_OBSERVATION
50.357662,-3.576539,2014,9,United Kingdom of Great Britain and Northern Ireland,HUMAN_OBSERVATION
50.35767,-4.138897,1992,9,United Kingdom of Great Britain and Northern Ireland,HUMAN_OBSERVATION
50.35767,-4.138897,1992,9,United Kingdom of Great Britain and Northern Ireland,HUMAN_OBSERVATION
50.357746,-4.171483,2023,8,United Kingdom of Great Britain and Northern Ireland,HUMAN_OBSERVATION
50.357825,-4.130469,2007,10,United Kingdom of Great Britain and Northern Ireland,HUMAN_OBSERVATION
50.358004,-4.120635,2013,9,United Kingdom of Great Britain and Northern Ireland,HUMAN_OBSERVATION
50.358004,-4.120635,1996,7,United Kingdom of Great Britain and Northern Ireland,HUMAN_OBSERVATION
50.358004,-4.120635,1996,7,United Kingdom of Great Britain and Northern Ireland,HUMAN_OBSERVATION
50.358004,-4.120635,1996,7,United Kingdom of Great Britain and Northern Ireland,HUMAN_OBSERVATION
50.358004,-4.120635,1996,7,United Kingdom of Great Britain and Northern Ireland,HUMAN_OBSERVATION
50.358004,-4.120635,1996,7,United Kingdom of Great Britain and Northern Ireland,HUMAN_OBSERVATION
50.3584,-4.1182,2018,7,United Kingdom of Great Britain and Northern Ireland,HUMAN_OBSERVATION
50.3584,-4.1182,2018,7,United Kingdom of Great Britain and Northern Ireland,HUMAN_OBSERVATION
50.3584,-4.1182,2018,7,United Kingdom of Great Britain and Northern Ireland,HUMAN_OBSERVATION
50.3584,-4.1182,2018,7,United Kingdom of Great Britain and Northern Ireland,HUMAN_OBSERVATION
50.3584,-4.1182,2018,7,United Kingdom of Great Britain and Northern Ireland,HUMAN_OBSERVATION
50.3584,-4.1182,2018,7,United Kingdom of Great Britain and Northern Ireland,HUMAN_OBSERVATION
50.3584,-4.1182,2018,7,United Kingdom of Great Britain and Northern Ireland,HUMAN_OBSERVATION
50.3584,-4.1182,2018,7,United Kingdom of Great Britain and Northern Ireland,HUMAN_OBSERVATION
50.3584,-4.1182,2018,7,United Kingdom of Great Britain and Northern Ireland,HUMAN_OBSERVATION
50.3584,-4.1182,2018,7,United Kingdom of Great Britain and Northern Ireland,HUMAN_OBSERVATION
50.3584,-4.1182,2018,7,United Kingdom of Great Britain and Northern Ireland,HUMAN_OBSERVATION
50.3584,-4.1182,2018,7,United Kingdom of Great Britain and Northern Ireland,HUMAN_OBSERVATION
50.3584,-4.1182,2018,7,United Kingdom of Great Britain and Northern Ireland,HUMAN_OBSERVATION
50.3584,-4.1182,2018,7,United Kingdom of Great Britain and Northern Ireland,HUMAN_OBSERVATION
50.3584,-4.1182,2018,7,United Kingdom of Great Britain and Northern Ireland,HUMAN_OBSERVATION
50.3584,-4.1182,2018,7,United Kingdom of Great Britain and Northern Ireland,HUMAN_OBSERVATION
50.3584,-4.11815,2018,7,United Kingdom of Great Britain and Northern Ireland,HUMAN_OBSERVATION
50.3584,-4.11815,2018,7,United Kingdom of Great Britain and Northern Ireland,HUMAN_OBSERVATION
50.3584,-4.11815,2018,7,United Kingdom of Great Britain and Northern Ireland,HUMAN_OBSERVATION
50.3584,-4.11815,2018,7,United Kingdom of Great Britain and Northern Ireland,HUMAN_OBSERVATION
50.3584,-4.11815,2018,7,United Kingdom of Great Britain and Northern Ireland,HUMAN_OBSERVATION
50.3584,-4.11815,2018,7,United Kingdom of Great Britain and Northern Ireland,HUMAN_OBSERVATION
50.3584,-4.11815,2018,7,United Kingdom of Great Britain and Northern Ireland,HUMAN_OBSERVATION
50.3584,-4.11815,2018,7,United Kingdom of Great Britain and Northern Ireland,HUMAN_OBSERVATION
50.3584,-4.11815,2018,7,United Kingdom of Great Britain and Northern Ireland,HUMAN_OBSERVATION
50.3584,-4.11815,2018,7,United Kingdom of Great Britain and Northern Ireland,HUMAN_OBSERVATION
50.3584,-4.11815,2018,7,United Kingdom of Great Britain and Northern Ireland,HUMAN_OBSERVATION
50.3584,-4.11815,2018,7,United Kingdom of Great Britain and Northern Ireland,HUMAN_OBSERVATION
50.3584,-4.11815,2018,7,United Kingdom of Great Britain and Northern Ireland,HUMAN_OBSERVATION
50.3584,-4.11815,2018,7,United Kingdom of Great Britain and Northern Ireland,HUMAN_OBSERVATION
50.3584,-4.11815,2018,7,United Kingdom of Great Britain and Northern Ireland,HUMAN_OBSERVATION
50.3584,-4.11815,2018,7,United Kingdom of Great Britain and Northern Ireland,HUMAN_OBSERVATION
50.358749,-4.129104,1996,2,United Kingdom of Great Britain and Northern Ireland,HUMAN_OBSERVATION
50.358749,-4.129104,1993,9,United Kingdom of Great Britain and Northern Ireland,HUMAN_OBSERVATION
50.358852,-4.123485,2003,7,United Kingdom of Great Britain and Northern Ireland,HUMAN_OBSERVATION
50.358868,-4.171289,1986,4,United Kingdom of Great Britain and Northern Ireland,HUMAN_OBSERVATION
50.358868,-4.171289,1986,4,United Kingdom of Great Britain and Northern Ireland,HUMAN_OBSERVATION
50.358868,-4.171289,1986,4,United Kingdom of Great Britain and Northern Ireland,HUMAN_OBSERVATION
50.358868,-4.171289,1986,4,United Kingdom of Great Britain and Northern Ireland,HUMAN_OBSERVATION
50.358868,-4.171289,1986,4,United Kingdom of Great Britain and Northern Ireland,HUMAN_OBSERVATION
50.359725,-4.12493,1986,5,United Kingdom of Great Britain and Northern Ireland,HUMAN_OBSERVATION
50.35974,-4.172734,1986,4,United Kingdom of Great Britain and Northern Ireland,HUMAN_OBSERVATION
50.35974,-4.172734,1986,4,United Kingdom of Great Britain and Northern Ireland,HUMAN_OBSERVATION
50.35974,-4.172734,1986,4,United Kingdom of Great Britain and Northern Ireland,HUMAN_OBSERVATION
50.35974,-4.172734,1986,4,United Kingdom of Great Britain and Northern Ireland,HUMAN_OBSERVATION
50.35974,-4.172734,1986,4,United Kingdom of Great Britain and Northern Ireland,HUMAN_OBSERVATION
50.35974,-4.172734,1986,4,United Kingdom of Great Britain and Northern Ireland,HUMAN_OBSERVATION
50.359793,-4.169925,1993,10,United Kingdom of Great Britain and Northern Ireland,HUMAN_OBSERVATION
50.359793,-4.169925,1993,10,United Kingdom of Great Britain and Northern Ireland,HUMAN_OBSERVATION
50.35981,-4.127221,2023,10,United Kingdom of Great Britain and Northern Ireland,HUMAN_OBSERVATION
50.359872,-4.16571,1986,5,United Kingdom of Great Britain and Northern Ireland,HUMAN_OBSERVATION
50.359872,-4.16571,1986,5,United Kingdom of Great Britain and Northern Ireland,HUMAN_OBSERVATION
50.359872,-4.16571,1986,5,United Kingdom of Great Britain and Northern Ireland,HUMAN_OBSERVATION
50.359873,-4.120888,2019,6,United Kingdom of Great Britain and Northern Ireland,HUMAN_OBSERVATION
50.359898,-4.164306,1993,8,United Kingdom of Great Britain and Northern Ireland,HUMAN_OBSERVATION
50.359898,-4.164306,1993,8,United Kingdom of Great Britain and Northern Ireland,HUMAN_OBSERVATION
50.360552,-4.162873,2021,10,United Kingdom of Great Britain and Northern Ireland,HUMAN_OBSERVATION
50.360572,-4.12778,1996,6,United Kingdom of Great Britain and Northern Ireland,HUMAN_OBSERVATION
50.360572,-4.12778,1996,6,United Kingdom of Great Britain and Northern Ireland,HUMAN_OBSERVATION
50.360572,-4.12778,1996,6,United Kingdom of Great Britain and Northern Ireland,HUMAN_OBSERVATION
50.360572,-4.12778,1996,6,United Kingdom of Great Britain and Northern Ireland,HUMAN_OBSERVATION
50.360572,-4.12778,1996,6,United Kingdom of Great Britain and Northern Ireland,HUMAN_OBSERVATION
50.360623,-4.12497,1986,5,United Kingdom of Great Britain and Northern Ireland,HUMAN_OBSERVATION
50.360623,-4.12497,1986,5,United Kingdom of Great Britain and Northern Ireland,HUMAN_OBSERVATION
50.360849,-4.161537,1993,8,United Kingdom of Great Britain and Northern Ireland,HUMAN_OBSERVATION
50.360854,-4.112326,1986,5,United Kingdom of Great Britain and Northern Ireland,HUMAN_OBSERVATION
50.360854,-4.112326,1986,5,United Kingdom of Great Britain and Northern Ireland,HUMAN_OBSERVATION
50.360854,-4.112326,1986,5,United Kingdom of Great Britain and Northern Ireland,HUMAN_OBSERVATION
50.360875,-4.160132,1993,11,United Kingdom of Great Britain and Northern Ireland,HUMAN_OBSERVATION
50.361075,-4.173498,2010,7,United Kingdom of Great Britain and Northern Ireland,HUMAN_OBSERVATION
50.361075,-4.173498,2009,7,United Kingdom of Great Britain and Northern Ireland,HUMAN_OBSERVATION
50.361075,-4.173498,2009,9,United Kingdom of Great Britain and Northern Ireland,HUMAN_OBSERVATION
50.361075,-4.173498,2006,3,United Kingdom of Great Britain and Northern Ireland,HUMAN_OBSERVATION
50.361075,-4.173498,2006,8,United Kingdom of Great Britain and Northern Ireland,HUMAN_OBSERVATION
50.361433,-4.178436,1986,4,United Kingdom of Great Britain and Northern Ireland,HUMAN_OBSERVATION
50.361433,-4.178436,1986,4,United Kingdom of Great Britain and Northern Ireland,HUMAN_OBSERVATION
50.361433,-4.178436,1986,4,United Kingdom of Great Britain and Northern Ireland,HUMAN_OBSERVATION
50.361433,-4.178436,1986,4,United Kingdom of Great Britain and Northern Ireland,HUMAN_OBSERVATION
50.361856,-4.131352,2012,2,United Kingdom of Great Britain and Northern Ireland,HUMAN_OBSERVATION
50.361856,-4.131352,2011,3,United Kingdom of Great Britain and Northern Ireland,HUMAN_OBSERVATION
50.361856,-4.131352,2010,7,United Kingdom of Great Britain and Northern Ireland,HUMAN_OBSERVATION
50.361856,-4.131352,2009,7,United Kingdom of Great Britain and Northern Ireland,HUMAN_OBSERVATION
50.361856,-4.131352,2009,9,United Kingdom of Great Britain and Northern Ireland,HUMAN_OBSERVATION
50.361856,-4.131352,2006,2,United Kingdom of Great Britain and Northern Ireland,HUMAN_OBSERVATION
50.361856,-4.131352,2006,8,United Kingdom of Great Britain and Northern Ireland,HUMAN_OBSERVATION
50.361856,-4.131352,2004,9,United Kingdom of Great Britain and Northern Ireland,HUMAN_OBSERVATION
50.362113,-4.117303,2012,3,United Kingdom of Great Britain and Northern Ireland,HUMAN_OBSERVATION
50.362113,-4.117303,2011,3,United Kingdom of Great Britain and Northern Ireland,HUMAN_OBSERVATION
50.362113,-4.117303,2010,7,United Kingdom of Great Britain and Northern Ireland,HUMAN_OBSERVATION
50.362113,-4.117303,2009,11,United Kingdom of Great Britain and Northern Ireland,HUMAN_OBSERVATION
50.362113,-4.117303,2006,4,United Kingdom of Great Britain and Northern Ireland,HUMAN_OBSERVATION
50.362113,-4.117303,2006,8,United Kingdom of Great Britain and Northern Ireland,HUMAN_OBSERVATION
50.362855,-4.150379,2013,9,United Kingdom of Great Britain and Northern Ireland,HUMAN_OBSERVATION
50.362875,-4.151716,2013,11,United Kingdom of Great Britain and Northern Ireland,HUMAN_OBSERVATION
50.3629,-4.137,2018,5,United Kingdom of Great Britain and Northern Ireland,HUMAN_OBSERVATION
50.3629,-4.137,2018,5,United Kingdom of Great Britain and Northern Ireland,HUMAN_OBSERVATION
50.3629,-4.137,2018,5,United Kingdom of Great Britain and Northern Ireland,HUMAN_OBSERVATION
50.3629,-4.137,2018,5,United Kingdom of Great Britain and Northern Ireland,HUMAN_OBSERVATION
50.3629,-4.137,2018,5,United Kingdom of Great Britain and Northern Ireland,HUMAN_OBSERVATION
50.3629,-4.137,2018,5,United Kingdom of Great Britain and Northern Ireland,HUMAN_OBSERVATION
50.3629,-4.137,2018,5,United Kingdom of Great Britain and Northern Ireland,HUMAN_OBSERVATION
50.3629,-4.137,2018,5,United Kingdom of Great Britain and Northern Ireland,HUMAN_OBSERVATION
50.3629,-4.137,2018,5,United Kingdom of Great Britain and Northern Ireland,HUMAN_OBSERVATION
50.3629,-4.137,2018,5,United Kingdom of Great Britain and Northern Ireland,HUMAN_OBSERVATION
50.3629,-4.137,2018,5,United Kingdom of Great Britain and Northern Ireland,HUMAN_OBSERVATION
50.3629,-4.137,2018,5,United Kingdom of Great Britain and Northern Ireland,HUMAN_OBSERVATION
50.3629,-4.137,2018,5,United Kingdom of Great Britain and Northern Ireland,HUMAN_OBSERVATION
50.3629,-4.137,2018,5,United Kingdom of Great Britain and Northern Ireland,HUMAN_OBSERVATION
50.362906,-4.147569,1992,3,United Kingdom of Great Britain and Northern Ireland,HUMAN_OBSERVATION
50.36292,-4.13686,2018,5,United Kingdom of Great Britain and Northern Ireland,HUMAN_OBSERVATION
50.36292,-4.13686,2018,5,United Kingdom of Great Britain and Northern Ireland,HUMAN_OBSERVATION
50.36292,-4.13686,2018,5,United Kingdom of Great Britain and Northern Ireland,HUMAN_OBSERVATION
50.36292,-4.13686,2018,5,United Kingdom of Great Britain and Northern Ireland,HUMAN_OBSERVATION
50.36292,-4.13686,2018,5,United Kingdom of Great Britain and Northern Ireland,HUMAN_OBSERVATION
50.36292,-4.13686,2018,5,United Kingdom of Great Britain and Northern Ireland,HUMAN_OBSERVATION
50.36292,-4.13686,2018,5,United Kingdom of Great Britain and Northern Ireland,HUMAN_OBSERVATION
50.36292,-4.13686,2018,5,United Kingdom of Great Britain and Northern Ireland,HUMAN_OBSERVATION
50.36292,-4.13686,2018,5,United Kingdom of Great Britain and Northern Ireland,HUMAN_OBSERVATION
50.36292,-4.13686,2018,5,United Kingdom of Great Britain and Northern Ireland,HUMAN_OBSERVATION
50.36292,-4.13686,2018,5,United Kingdom of Great Britain and Northern Ireland,HUMAN_OBSERVATION
50.36292,-4.13686,2018,5,United Kingdom of Great Britain and Northern Ireland,HUMAN_OBSERVATION
50.36292,-4.13686,2018,5,United Kingdom of Great Britain and Northern Ireland,HUMAN_OBSERVATION
50.36292,-4.13686,2018,5,United Kingdom of Great Britain and Northern Ireland,HUMAN_OBSERVATION
50.36292,-4.13686,2018,5,United Kingdom of Great Britain and Northern Ireland,HUMAN_OBSERVATION
50.36292,-4.13686,2018,5,United Kingdom of Great Britain and Northern Ireland,HUMAN_OBSERVATION
50.36293,-4.13675,2018,5,United Kingdom of Great Britain and Northern Ireland,HUMAN_OBSERVATION
50.36293,-4.13675,2018,5,United Kingdom of Great Britain and Northern Ireland,HUMAN_OBSERVATION
50.36293,-4.13675,2018,5,United Kingdom of Great Britain and Northern Ireland,HUMAN_OBSERVATION
50.36293,-4.13675,2018,5,United Kingdom of Great Britain and Northern Ireland,HUMAN_OBSERVATION
50.363056,-3.576718,1987,5,United Kingdom of Great Britain and Northern Ireland,HUMAN_OBSERVATION
50.363056,-3.576718,1987,5,United Kingdom of Great Britain and Northern Ireland,HUMAN_OBSERVATION
50.36337,-4.13958,2018,2,United Kingdom of Great Britain and Northern Ireland,HUMAN_OBSERVATION
50.36337,-4.13958,2018,2,United Kingdom of Great Britain and Northern Ireland,HUMAN_OBSERVATION
50.36337,-4.13958,2018,2,United Kingdom of Great Britain and Northern Ireland,HUMAN_OBSERVATION
50.36337,-4.13958,2018,2,United Kingdom of Great Britain and Northern Ireland,HUMAN_OBSERVATION
50.36337,-4.13958,2018,2,United Kingdom of Great Britain and Northern Ireland,HUMAN_OBSERVATION
50.36337,-4.13958,2018,2,United Kingdom of Great Britain and Northern Ireland,HUMAN_OBSERVATION
50.36337,-4.13958,2018,2,United Kingdom of Great Britain and Northern Ireland,HUMAN_OBSERVATION
50.36337,-4.13958,2018,2,United Kingdom of Great Britain and Northern Ireland,HUMAN_OBSERVATION
50.36337,-4.13958,2018,2,United Kingdom of Great Britain and Northern Ireland,HUMAN_OBSERVATION
50.36337,-4.13958,2018,2,United Kingdom of Great Britain and Northern Ireland,HUMAN_OBSERVATION
50.36337,-4.13958,2018,2,United Kingdom of Great Britain and Northern Ireland,HUMAN_OBSERVATION
50.36337,-4.13958,2018,2,United Kingdom of Great Britain and Northern Ireland,HUMAN_OBSERVATION
50.36337,-4.13958,2018,2,United Kingdom of Great Britain and Northern Ireland,HUMAN_OBSERVATION
50.36337,-4.13958,2018,2,United Kingdom of Great Britain and Northern Ireland,HUMAN_OBSERVATION
50.36337,-4.13958,2018,2,United Kingdom of Great Britain and Northern Ireland,HUMAN_OBSERVATION
50.36337,-4.13958,2018,2,United Kingdom of Great Britain and Northern Ireland,HUMAN_OBSERVATION
50.36344,-4.167279,2013,9,United Kingdom of Great Britain and Northern Ireland,HUMAN_OBSERVATION
50.36351,-4.13992,2018,2,United Kingdom of Great Britain and Northern Ireland,HUMAN_OBSERVATION
50.36351,-4.13992,2018,2,United Kingdom of Great Britain and Northern Ireland,HUMAN_OBSERVATION
50.36351,-4.13992,2018,2,United Kingdom of Great Britain and Northern Ireland,HUMAN_OBSERVATION
50.36351,-4.13992,2018,2,United Kingdom of Great Britain and Northern Ireland,HUMAN_OBSERVATION
50.36351,-4.13992,2018,2,United Kingdom of Great Britain and Northern Ireland,HUMAN_OBSERVATION
50.36351,-4.13992,2018,2,United Kingdom of Great Britain and Northern Ireland,HUMAN_OBSERVATION
50.36351,-4.13992,2018,2,United Kingdom of Great Britain and Northern Ireland,HUMAN_OBSERVATION
50.36351,-4.13992,2018,2,United Kingdom of Great Britain and Northern Ireland,HUMAN_OBSERVATION
50.36351,-4.13992,2018,2,United Kingdom of Great Britain and Northern Ireland,HUMAN_OBSERVATION
50.36351,-4.13992,2018,2,United Kingdom of Great Britain and Northern Ireland,HUMAN_OBSERVATION
50.36351,-4.13992,2018,2,United Kingdom of Great Britain and Northern Ireland,HUMAN_OBSERVATION
50.36351,-4.13992,2018,2,United Kingdom of Great Britain and Northern Ireland,HUMAN_OBSERVATION
50.36351,-4.13992,2018,2,United Kingdom of Great Britain and Northern Ireland,HUMAN_OBSERVATION
50.36351,-4.13992,2018,2,United Kingdom of Great Britain and Northern Ireland,HUMAN_OBSERVATION
50.36351,-4.13992,2018,2,United Kingdom of Great Britain and Northern Ireland,HUMAN_OBSERVATION
50.36351,-4.13992,2018,2,United Kingdom of Great Britain and Northern Ireland,HUMAN_OBSERVATION
50.363525,-4.113851,1986,5,United Kingdom of Great Britain and Northern Ireland,HUMAN_OBSERVATION
50.363525,-4.113851,1986,5,United Kingdom of Great Britain and Northern Ireland,HUMAN_OBSERVATION
50.36358,-4.141,2011,2,United Kingdom of Great Britain and Northern Ireland,HUMAN_OBSERVATION
50.363662,-4.140765,2018,4,United Kingdom of Great Britain and Northern Ireland,HUMAN_OBSERVATION
50.3637,-4.14063,2018,4,United Kingdom of Great Britain and Northern Ireland,HUMAN_OBSERVATION
50.3637,-4.14063,2018,4,United Kingdom of Great Britain and Northern Ireland,HUMAN_OBSERVATION
50.3637,-4.14063,2018,4,United Kingdom of Great Britain and Northern Ireland,HUMAN_OBSERVATION
50.3637,-4.14063,2018,4,United Kingdom of Great Britain and Northern Ireland,HUMAN_OBSERVATION
50.3637,-4.14063,2018,4,United Kingdom of Great Britain and Northern Ireland,HUMAN_OBSERVATION
50.3637,-4.14063,2018,4,United Kingdom of Great Britain and Northern Ireland,HUMAN_OBSERVATION
50.3637,-4.14063,2018,4,United Kingdom of Great Britain and Northern Ireland,HUMAN_OBSERVATION
50.3637,-4.14063,2018,4,United Kingdom of Great Britain and Northern Ireland,HUMAN_OBSERVATION
50.3637,-4.14063,2018,4,United Kingdom of Great Britain and Northern Ireland,HUMAN_OBSERVATION
50.3637,-4.14063,2018,4,United Kingdom of Great Britain and Northern Ireland,HUMAN_OBSERVATION
50.3637,-4.14063,2018,4,United Kingdom of Great Britain and Northern Ireland,HUMAN_OBSERVATION
50.3637,-4.14063,2018,4,United Kingdom of Great Britain and Northern Ireland,HUMAN_OBSERVATION
50.3637,-4.14063,2018,4,United Kingdom of Great Britain and Northern Ireland,HUMAN_OBSERVATION
50.3637,-4.14063,2018,4,United Kingdom of Great Britain and Northern Ireland,HUMAN_OBSERVATION
50.3637,-4.14063,2018,4,United Kingdom of Great Britain and Northern Ireland,HUMAN_OBSERVATION
50.3637,-4.14063,2018,4,United Kingdom of Great Britain and Northern Ireland,HUMAN_OBSERVATION
50.363704,-4.140926,2016,10,United Kingdom of Great Britain and Northern Ireland,HUMAN_OBSERVATION
50.363831,-4.146205,2016,10,United Kingdom of Great Britain and Northern Ireland,HUMAN_OBSERVATION
50.363831,-4.146205,2016,10,United Kingdom of Great Britain and Northern Ireland,HUMAN_OBSERVATION
50.363831,-4.146205,1992,3,United Kingdom of Great Britain and Northern Ireland,HUMAN_OBSERVATION
50.363836,-3.577587,2011,3,United Kingdom of Great Britain and Northern Ireland,HUMAN_OBSERVATION
50.363909,-4.14199,1992,2,United Kingdom of Great Britain and Northern Ireland,HUMAN_OBSERVATION
50.363935,-4.140585,2016,10,United Kingdom of Great Britain and Northern Ireland,HUMAN_OBSERVATION
50.363961,-4.13918,1986,5,United Kingdom of Great Britain and Northern Ireland,HUMAN_OBSERVATION
50.363968,-4.145675,2022,1,United Kingdom of Great Britain and Northern Ireland,HUMAN_OBSERVATION
50.364115,-4.13075,2016,10,United Kingdom of Great Britain and Northern Ireland,HUMAN_OBSERVATION
50.364141,-4.129345,2013,9,United Kingdom of Great Britain and Northern Ireland,HUMAN_OBSERVATION
50.364218,-4.12513,2005,8,United Kingdom of Great Britain and Northern Ireland,HUMAN_OBSERVATION
50.364726,-4.109615,2004,12,United Kingdom of Great Britain and Northern Ireland,HUMAN_OBSERVATION
50.364777,-3.514908,1994,4,United Kingdom of Great Britain and Northern Ireland,HUMAN_OBSERVATION
50.364854,-3.576777,2014,9,United Kingdom of Great Britain and Northern Ireland,HUMAN_OBSERVATION
50.365709,-4.154094,2009,10,United Kingdom of Great Britain and Northern Ireland,HUMAN_OBSERVATION
50.365809,-4.153536,2014,3,United Kingdom of Great Britain and Northern Ireland,HUMAN_OBSERVATION
50.365944,-4.134033,2018,2,United Kingdom of Great Britain and Northern Ireland,HUMAN_OBSERVATION
50.365944,-4.134033,2018,2,United Kingdom of Great Britain and Northern Ireland,HUMAN_OBSERVATION
50.365944,-4.134033,2018,2,United Kingdom of Great Britain and Northern Ireland,HUMAN_OBSERVATION
50.365944,-4.134033,2018,2,United Kingdom of Great Britain and Northern Ireland,HUMAN_OBSERVATION
50.365944,-4.134033,2018,2,United Kingdom of Great Britain and Northern Ireland,HUMAN_OBSERVATION
50.365944,-4.134033,2018,2,United Kingdom of Great Britain and Northern Ireland,HUMAN_OBSERVATION
50.365944,-4.134033,2018,2,United Kingdom of Great Britain and Northern Ireland,HUMAN_OBSERVATION
50.365944,-4.134033,2018,2,United Kingdom of Great Britain and Northern Ireland,HUMAN_OBSERVATION
50.365944,-4.134033,2018,2,United Kingdom of Great Britain and Northern Ireland,HUMAN_OBSERVATION
50.365944,-4.134033,2018,2,United Kingdom of Great Britain and Northern Ireland,HUMAN_OBSERVATION
50.365944,-4.134033,2018,2,United Kingdom of Great Britain and Northern Ireland,HUMAN_OBSERVATION
50.365944,-4.134033,2018,2,United Kingdom of Great Britain and Northern Ireland,HUMAN_OBSERVATION
50.365944,-4.134033,2018,2,United Kingdom of Great Britain and Northern Ireland,HUMAN_OBSERVATION
50.365944,-4.134033,2018,2,United Kingdom of Great Britain and Northern Ireland,HUMAN_OBSERVATION
50.365944,-4.134033,2018,2,United Kingdom of Great Britain and Northern Ireland,HUMAN_OBSERVATION
50.365944,-4.134033,2018,2,United Kingdom of Great Britain and Northern Ireland,HUMAN_OBSERVATION
50.36597,-4.134,2018,2,United Kingdom of Great Britain and Northern Ireland,HUMAN_OBSERVATION
50.36597,-4.134,2018,2,United Kingdom of Great Britain and Northern Ireland,HUMAN_OBSERVATION
50.36597,-4.134,2018,2,United Kingdom of Great Britain and Northern Ireland,HUMAN_OBSERVATION
50.36597,-4.134,2018,2,United Kingdom of Great Britain and Northern Ireland,HUMAN_OBSERVATION
50.36597,-4.134,2018,2,United Kingdom of Great Britain and Northern Ireland,HUMAN_OBSERVATION
50.36597,-4.134,2018,2,United Kingdom of Great Britain and Northern Ireland,HUMAN_OBSERVATION
50.36597,-4.134,2018,2,United Kingdom of Great Britain and Northern Ireland,HUMAN_OBSERVATION
50.36597,-4.134,2018,2,United Kingdom of Great Britain and Northern Ireland,HUMAN_OBSERVATION
50.36597,-4.134,2018,2,United Kingdom of Great Britain and Northern Ireland,HUMAN_OBSERVATION
50.36597,-4.134,2018,2,United Kingdom of Great Britain and Northern Ireland,HUMAN_OBSERVATION
50.36597,-4.134,2018,2,United Kingdom of Great Britain and Northern Ireland,HUMAN_OBSERVATION
50.36597,-4.134,2018,2,United Kingdom of Great Britain and Northern Ireland,HUMAN_OBSERVATION
50.36597,-4.134,2018,2,United Kingdom of Great Britain and Northern Ireland,HUMAN_OBSERVATION
50.36597,-4.134,2018,2,United Kingdom of Great Britain and Northern Ireland,HUMAN_OBSERVATION
50.36597,-4.134,2018,2,United Kingdom of Great Britain and Northern Ireland,HUMAN_OBSERVATION
50.36597,-4.134,2018,2,United Kingdom of Great Britain and Northern Ireland,HUMAN_OBSERVATION
50.36599,-4.133998,2018,2,United Kingdom of Great Britain and Northern Ireland,HUMAN_OBSERVATION
50.36599,-4.133998,2018,2,United Kingdom of Great Britain and Northern Ireland,HUMAN_OBSERVATION
50.36599,-4.133998,2018,2,United Kingdom of Great Britain and Northern Ireland,HUMAN_OBSERVATION
50.36599,-4.133998,2018,2,United Kingdom of Great Britain and Northern Ireland,HUMAN_OBSERVATION
50.36599,-4.133998,2018,2,United Kingdom of Great Britain and Northern Ireland,HUMAN_OBSERVATION
50.36599,-4.133998,2018,2,United Kingdom of Great Britain and Northern Ireland,HUMAN_OBSERVATION
50.36599,-4.133998,2018,2,United Kingdom of Great Britain and Northern Ireland,HUMAN_OBSERVATION
50.36599,-4.133998,2018,2,United Kingdom of Great Britain and Northern Ireland,HUMAN_OBSERVATION
50.36599,-4.133998,2018,2,United Kingdom of Great Britain and Northern Ireland,HUMAN_OBSERVATION
50.36599,-4.133998,2018,2,United Kingdom of Great Britain and Northern Ireland,HUMAN_OBSERVATION
50.36599,-4.133998,2018,2,United Kingdom of Great Britain and Northern Ireland,HUMAN_OBSERVATION
50.36599,-4.133998,2018,2,United Kingdom of Great Britain and Northern Ireland,HUMAN_OBSERVATION
50.36599,-4.133998,2018,2,United Kingdom of Great Britain and Northern Ireland,HUMAN_OBSERVATION
50.36599,-4.133998,2018,2,United Kingdom of Great Britain and Northern Ireland,HUMAN_OBSERVATION
50.36599,-4.13399,2018,2,United Kingdom of Great Britain and Northern Ireland,HUMAN_OBSERVATION
50.36599,-4.13399,2018,2,United Kingdom of Great Britain and Northern Ireland,HUMAN_OBSERVATION
50.36599,-4.13399,2018,2,United Kingdom of Great Britain and Northern Ireland,HUMAN_OBSERVATION
50.36599,-4.13399,2018,2,United Kingdom of Great Britain and Northern Ireland,HUMAN_OBSERVATION
50.366371,-4.154757,2014,10,United Kingdom of Great Britain and Northern Ireland,HUMAN_OBSERVATION
50.366479,-4.156238,2009,9,United Kingdom of Great Britain and Northern Ireland,HUMAN_OBSERVATION
50.3668,-4.1561,2019,,United Kingdom of Great Britain and Northern Ireland,OCCURRENCE
50.366812,-4.130871,1993,8,United Kingdom of Great Britain and Northern Ireland,HUMAN_OBSERVATION
50.366812,-4.130871,1993,8,United Kingdom of Great Britain and Northern Ireland,HUMAN_OBSERVATION
50.3673,-4.1554,2019,,United Kingdom of Great Britain and Northern Ireland,OCCURRENCE
50.367326,-4.199799,1986,4,United Kingdom of Great Britain and Northern Ireland,HUMAN_OBSERVATION
50.3674,-4.1544,2019,,United Kingdom of Great Britain and Northern Ireland,OCCURRENCE
50.3674,-4.1544,2019,,United Kingdom of Great Britain and Northern Ireland,OCCURRENCE
50.3674,-4.1544,2019,,United Kingdom of Great Britain and Northern Ireland,OCCURRENCE
50.368609,-4.130952,2013,9,United Kingdom of Great Britain and Northern Ireland,HUMAN_OBSERVATION
50.369044,-4.107065,1986,4,United Kingdom of Great Britain and Northern Ireland,HUMAN_OBSERVATION
50.369044,-4.107065,1986,4,United Kingdom of Great Britain and Northern Ireland,HUMAN_OBSERVATION
50.369044,-4.107065,1986,4,United Kingdom of Great Britain and Northern Ireland,HUMAN_OBSERVATION
50.369044,-4.107065,1986,4,United Kingdom of Great Britain and Northern Ireland,HUMAN_OBSERVATION
50.369799,-4.18796,2010,7,United Kingdom of Great Britain and Northern Ireland,HUMAN_OBSERVATION
50.369916,-4.205544,1986,4,United Kingdom of Great Britain and Northern Ireland,HUMAN_OBSERVATION
50.370102,-4.195709,1986,4,United Kingdom of Great Britain and Northern Ireland,HUMAN_OBSERVATION
50.370102,-4.195709,1986,4,United Kingdom of Great Britain and Northern Ireland,HUMAN_OBSERVATION
50.370102,-4.195709,1986,4,United Kingdom of Great Britain and Northern Ireland,HUMAN_OBSERVATION
50.370102,-4.195709,1986,4,United Kingdom of Great Britain and Northern Ireland,HUMAN_OBSERVATION
50.370584,-4.145807,2012,11,United Kingdom of Great Britain and Northern Ireland,HUMAN_OBSERVATION
50.370584,-4.145807,2010,7,United Kingdom of Great Britain and Northern Ireland,HUMAN_OBSERVATION
50.370843,-4.131755,2012,2,United Kingdom of Great Britain and Northern Ireland,HUMAN_OBSERVATION
50.370843,-4.131755,2012,2,United Kingdom of Great Britain and Northern Ireland,HUMAN_OBSERVATION
50.370843,-4.131755,2011,3,United Kingdom of Great Britain and Northern Ireland,HUMAN_OBSERVATION
50.370843,-4.131755,2010,7,United Kingdom of Great Britain and Northern Ireland,HUMAN_OBSERVATION
50.370843,-4.131755,2009,9,United Kingdom of Great Britain and Northern Ireland,HUMAN_OBSERVATION
50.371166,-3.57558,1987,5,United Kingdom of Great Britain and Northern Ireland,HUMAN_OBSERVATION
50.371166,-3.57558,1987,5,United Kingdom of Great Britain and Northern Ireland,HUMAN_OBSERVATION
50.371166,-3.57558,1987,5,United Kingdom of Great Britain and Northern Ireland,HUMAN_OBSERVATION
50.371355,-4.103651,2010,9,United Kingdom of Great Britain and Northern Ireland,HUMAN_OBSERVATION
50.373512,-4.108669,1992,,United Kingdom of Great Britain and Northern Ireland,HUMAN_OBSERVATION
50.374607,-4.464553,1987,7,United Kingdom of Great Britain and Northern Ireland,HUMAN_OBSERVATION
50.374607,-4.464553,1987,7,United Kingdom of Great Britain and Northern Ireland,HUMAN_OBSERVATION
50.375566,-3.582758,1987,5,United Kingdom of Great Britain and Northern Ireland,HUMAN_OBSERVATION
50.375566,-3.582758,1987,5,United Kingdom of Great Britain and Northern Ireland,HUMAN_OBSERVATION
50.376238,-3.583582,2011,3,United Kingdom of Great Britain and Northern Ireland,HUMAN_OBSERVATION
50.377245,-4.188022,2015,5,United Kingdom of Great Britain and Northern Ireland,HUMAN_OBSERVATION
50.379926,-3.592749,2013,10,United Kingdom of Great Britain and Northern Ireland,HUMAN_OBSERVATION
50.379926,-3.592749,2013,10,United Kingdom of Great Britain and Northern Ireland,HUMAN_OBSERVATION
50.379926,-3.592749,2013,10,United Kingdom of Great Britain and Northern Ireland,HUMAN_OBSERVATION
50.379926,-3.592749,2013,10,United Kingdom of Great Britain and Northern Ireland,HUMAN_OBSERVATION
50.379926,-3.592749,2013,10,United Kingdom of Great Britain and Northern Ireland,HUMAN_OBSERVATION
50.379926,-3.592749,2013,10,United Kingdom of Great Britain and Northern Ireland,HUMAN_OBSERVATION
50.379926,-3.592749,2013,10,United Kingdom of Great Britain and Northern Ireland,HUMAN_OBSERVATION
50.379926,-3.592749,2013,10,United Kingdom of Great Britain and Northern Ireland,HUMAN_OBSERVATION
50.380022,-3.58572,1987,5,United Kingdom of Great Britain and Northern Ireland,HUMAN_OBSERVATION
50.380022,-3.58572,1987,5,United Kingdom of Great Britain and Northern Ireland,HUMAN_OBSERVATION
50.380022,-3.58572,1987,5,United Kingdom of Great Britain and Northern Ireland,HUMAN_OBSERVATION
50.383378,-4.253997,1986,4,United Kingdom of Great Britain and Northern Ireland,HUMAN_OBSERVATION
50.383378,-4.253997,1986,4,United Kingdom of Great Britain and Northern Ireland,HUMAN_OBSERVATION
50.383378,-4.253997,1986,4,United Kingdom of Great Britain and Northern Ireland,HUMAN_OBSERVATION
50.384026,-4.244181,2015,5,United Kingdom of Great Britain and Northern Ireland,HUMAN_OBSERVATION
50.384245,-4.197445,2000,4,United Kingdom of Great Britain and Northern Ireland,HUMAN_OBSERVATION
50.384454,-4.197779,2000,4,United Kingdom of Great Britain and Northern Ireland,HUMAN_OBSERVATION
50.384454,-4.197779,2000,4,United Kingdom of Great Britain and Northern Ireland,HUMAN_OBSERVATION
50.384454,-4.197779,1997,1,United Kingdom of Great Britain and Northern Ireland,HUMAN_OBSERVATION
50.386353,-3.583117,2013,10,United Kingdom of Great Britain and Northern Ireland,HUMAN_OBSERVATION
50.386353,-3.583117,2013,10,United Kingdom of Great Britain and Northern Ireland,HUMAN_OBSERVATION
50.386353,-3.583117,2013,10,United Kingdom of Great Britain and Northern Ireland,HUMAN_OBSERVATION
50.386353,-3.583117,2013,10,United Kingdom of Great Britain and Northern Ireland,HUMAN_OBSERVATION
50.386353,-3.583117,2013,10,United Kingdom of Great Britain and Northern Ireland,HUMAN_OBSERVATION
50.386353,-3.583117,2013,10,United Kingdom of Great Britain and Northern Ireland,HUMAN_OBSERVATION
50.386353,-3.583117,2013,10,United Kingdom of Great Britain and Northern Ireland,HUMAN_OBSERVATION
50.386353,-3.583117,2013,10,United Kingdom of Great Britain and Northern Ireland,HUMAN_OBSERVATION
50.387252,-3.583147,1987,7,United Kingdom of Great Britain and Northern Ireland,HUMAN_OBSERVATION
50.388088,-4.242966,1986,7,United Kingdom of Great Britain and Northern Ireland,HUMAN_OBSERVATION
50.388113,-3.585989,1987,5,United Kingdom of Great Britain and Northern Ireland,HUMAN_OBSERVATION
50.388921,-4.199392,1992,9,United Kingdom of Great Britain and Northern Ireland,HUMAN_OBSERVATION
50.388921,-4.199392,1992,9,United Kingdom of Great Britain and Northern Ireland,HUMAN_OBSERVATION
50.389543,-3.612766,2013,10,United Kingdom of Great Britain and Northern Ireland,HUMAN_OBSERVATION
50.389543,-3.612766,2013,10,United Kingdom of Great Britain and Northern Ireland,HUMAN_OBSERVATION
50.389543,-3.612766,2013,10,United Kingdom of Great Britain and Northern Ireland,HUMAN_OBSERVATION
50.389543,-3.612766,2013,10,United Kingdom of Great Britain and Northern Ireland,HUMAN_OBSERVATION
50.389543,-3.612766,2013,10,United Kingdom of Great Britain and Northern Ireland,HUMAN_OBSERVATION
50.389621,-3.607142,1987,5,United Kingdom of Great Britain and Northern Ireland,HUMAN_OBSERVATION
50.389621,-3.607142,1987,5,United Kingdom of Great Britain and Northern Ireland,HUMAN_OBSERVATION
50.389621,-3.607142,1987,5,United Kingdom of Great Britain and Northern Ireland,HUMAN_OBSERVATION
50.390102,-4.231806,2011,3,United Kingdom of Great Britain and Northern Ireland,HUMAN_OBSERVATION
50.390666,-4.238515,2015,5,United Kingdom of Great Britain and Northern Ireland,HUMAN_OBSERVATION
50.391135,-4.22482,2011,3,United Kingdom of Great Britain and Northern Ireland,HUMAN_OBSERVATION
50.392326,-4.30226,1986,4,United Kingdom of Great Britain and Northern Ireland,HUMAN_OBSERVATION
50.393067,-4.217875,1986,4,United Kingdom of Great Britain and Northern Ireland,HUMAN_OBSERVATION
50.393449,-3.590388,2011,3,United Kingdom of Great Britain and Northern Ireland,HUMAN_OBSERVATION
50.393449,-3.590388,2011,3,United Kingdom of Great Britain and Northern Ireland,HUMAN_OBSERVATION
50.393449,-3.590388,2011,3,United Kingdom of Great Britain and Northern Ireland,HUMAN_OBSERVATION
50.393638,-3.598287,2011,3,United Kingdom of Great Britain and Northern Ireland,HUMAN_OBSERVATION
50.393741,-4.223563,2015,5,United Kingdom of Great Britain and Northern Ireland,HUMAN_OBSERVATION
50.393804,-4.226352,1986,7,United Kingdom of Great Britain and Northern Ireland,HUMAN_OBSERVATION
50.393804,-4.226352,1986,7,United Kingdom of Great Britain and Northern Ireland,HUMAN_OBSERVATION
50.393804,-4.226352,1986,7,United Kingdom of Great Britain and Northern Ireland,HUMAN_OBSERVATION
50.393804,-4.226352,1986,7,United Kingdom of Great Britain and Northern Ireland,HUMAN_OBSERVATION
50.393831,-4.224946,1986,7,United Kingdom of Great Britain and Northern Ireland,HUMAN_OBSERVATION
50.393842,-3.626982,2013,10,United Kingdom of Great Britain and Northern Ireland,HUMAN_OBSERVATION
50.395105,-4.205307,2015,5,United Kingdom of Great Britain and Northern Ireland,HUMAN_OBSERVATION
50.395105,-4.205307,2015,5,United Kingdom of Great Britain and Northern Ireland,HUMAN_OBSERVATION
50.395105,-4.205307,2015,5,United Kingdom of Great Britain and Northern Ireland,HUMAN_OBSERVATION
50.395105,-4.205307,2015,5,United Kingdom of Great Britain and Northern Ireland,HUMAN_OBSERVATION
50.395105,-4.205307,2015,5,United Kingdom of Great Britain and Northern Ireland,HUMAN_OBSERVATION
50.395105,-4.205307,2015,5,United Kingdom of Great Britain and Northern Ireland,HUMAN_OBSERVATION
50.395105,-4.205307,2015,5,United Kingdom of Great Britain and Northern Ireland,HUMAN_OBSERVATION
50.395247,-3.590448,2013,10,United Kingdom of Great Britain and Northern Ireland,HUMAN_OBSERVATION
50.395247,-3.590448,2013,10,United Kingdom of Great Britain and Northern Ireland,HUMAN_OBSERVATION
50.395247,-3.590448,2013,10,United Kingdom of Great Britain and Northern Ireland,HUMAN_OBSERVATION
50.395247,-3.590448,2013,10,United Kingdom of Great Britain and Northern Ireland,HUMAN_OBSERVATION
50.395755,-4.215116,2015,5,United Kingdom of Great Britain and Northern Ireland,HUMAN_OBSERVATION
50.3987,-3.499808,2012,3,United Kingdom of Great Britain and Northern Ireland,HUMAN_OBSERVATION
50.3987,-3.499808,2012,3,United Kingdom of Great Britain and Northern Ireland,HUMAN_OBSERVATION
50.3987,-3.499808,2010,7,United Kingdom of Great Britain and Northern Ireland,HUMAN_OBSERVATION
50.3987,-3.499808,2009,9,United Kingdom of Great Britain and Northern Ireland,HUMAN_OBSERVATION
50.399571,-4.206921,1992,9,United Kingdom of Great Britain and Northern Ireland,HUMAN_OBSERVATION
50.399571,-4.206921,1992,9,United Kingdom of Great Britain and Northern Ireland,HUMAN_OBSERVATION
50.40158,-3.49816,2016,10,United Kingdom of Great Britain and Northern Ireland,HUMAN_OBSERVATION
50.40158,-3.49816,2016,10,United Kingdom of Great Britain and Northern Ireland,HUMAN_OBSERVATION
50.40158,-3.49816,2016,10,United Kingdom of Great Britain and Northern Ireland,HUMAN_OBSERVATION
50.40158,-3.49816,2016,10,United Kingdom of Great Britain and Northern Ireland,HUMAN_OBSERVATION
50.40158,-3.49816,2016,10,United Kingdom of Great Britain and Northern Ireland,HUMAN_OBSERVATION
50.40158,-3.49816,2016,10,United Kingdom of Great Britain and Northern Ireland,HUMAN_OBSERVATION
50.40158,-3.49816,2016,10,United Kingdom of Great Britain and Northern Ireland,HUMAN_OBSERVATION
50.40158,-3.49816,2016,10,United Kingdom of Great Britain and Northern Ireland,HUMAN_OBSERVATION
50.40158,-3.49816,2016,10,United Kingdom of Great Britain and Northern Ireland,HUMAN_OBSERVATION
50.40158,-3.49816,2016,10,United Kingdom of Great Britain and Northern Ireland,HUMAN_OBSERVATION
50.40158,-3.49816,2016,10,United Kingdom of Great Britain and Northern Ireland,HUMAN_OBSERVATION
50.40158,-3.49816,2016,10,United Kingdom of Great Britain and Northern Ireland,HUMAN_OBSERVATION
50.40158,-3.49816,2016,10,United Kingdom of Great Britain and Northern Ireland,HUMAN_OBSERVATION
50.40158,-3.49816,2016,10,United Kingdom of Great Britain and Northern Ireland,HUMAN_OBSERVATION
50.401892,-3.496391,1993,3,United Kingdom of Great Britain and Northern Ireland,HUMAN_OBSERVATION
50.402294,-4.20564,1992,9,United Kingdom of Great Britain and Northern Ireland,HUMAN_OBSERVATION
50.402294,-4.20564,1992,9,United Kingdom of Great Britain and Northern Ireland,HUMAN_OBSERVATION
50.403361,-3.521767,1993,2,United Kingdom of Great Britain and Northern Ireland,HUMAN_OBSERVATION
50.403361,-3.521767,1993,2,United Kingdom of Great Britain and Northern Ireland,HUMAN_OBSERVATION
50.403559,-4.204883,2015,5,United Kingdom of Great Britain and Northern Ireland,HUMAN_OBSERVATION
50.404038,-3.538675,1993,2,United Kingdom of Great Britain and Northern Ireland,HUMAN_OBSERVATION
50.404118,-4.204318,1992,9,United Kingdom of Great Britain and Northern Ireland,HUMAN_OBSERVATION
50.404118,-4.204318,1992,9,United Kingdom of Great Britain and Northern Ireland,HUMAN_OBSERVATION
50.405969,-4.201589,1992,9,United Kingdom of Great Britain and Northern Ireland,HUMAN_OBSERVATION
50.405969,-4.201589,1992,9,United Kingdom of Great Britain and Northern Ireland,HUMAN_OBSERVATION
50.406194,-3.551905,2021,4,United Kingdom of Great Britain and Northern Ireland,HUMAN_OBSERVATION
50.406194,-3.551905,2021,7,United Kingdom of Great Britain and Northern Ireland,HUMAN_OBSERVATION
50.406194,-3.551905,2020,8,United Kingdom of Great Britain and Northern Ireland,HUMAN_OBSERVATION
50.406604,-3.54861,1992,9,United Kingdom of Great Britain and Northern Ireland,HUMAN_OBSERVATION
50.407248,-3.63307,1987,5,United Kingdom of Great Britain and Northern Ireland,HUMAN_OBSERVATION
50.407428,-3.554266,1977,4,United Kingdom of Great Britain and Northern Ireland,HUMAN_OBSERVATION
50.408585,-4.205933,1986,4,United Kingdom of Great Britain and Northern Ireland,HUMAN_OBSERVATION
50.408585,-4.205933,1986,4,United Kingdom of Great Britain and Northern Ireland,HUMAN_OBSERVATION
50.408585,-4.205933,1986,4,United Kingdom of Great Britain and Northern Ireland,HUMAN_OBSERVATION
50.408585,-4.205933,1986,4,United Kingdom of Great Britain and Northern Ireland,HUMAN_OBSERVATION
50.413721,-3.554472,1993,3,United Kingdom of Great Britain and Northern Ireland,HUMAN_OBSERVATION
50.415519,-3.554531,1992,9,United Kingdom of Great Britain and Northern Ireland,HUMAN_OBSERVATION
50.415538,-3.553124,1992,12,United Kingdom of Great Britain and Northern Ireland,HUMAN_OBSERVATION
50.41622,-3.55681,2017,2,United Kingdom of Great Britain and Northern Ireland,HUMAN_OBSERVATION
50.41622,-3.55681,2017,2,United Kingdom of Great Britain and Northern Ireland,HUMAN_OBSERVATION
50.41622,-3.55681,2017,2,United Kingdom of Great Britain and Northern Ireland,HUMAN_OBSERVATION
50.41622,-3.55681,2017,2,United Kingdom of Great Britain and Northern Ireland,HUMAN_OBSERVATION
50.41622,-3.55681,2017,2,United Kingdom of Great Britain and Northern Ireland,HUMAN_OBSERVATION
50.41622,-3.55681,2017,2,United Kingdom of Great Britain and Northern Ireland,HUMAN_OBSERVATION
50.41622,-3.55681,2017,2,United Kingdom of Great Britain and Northern Ireland,HUMAN_OBSERVATION
50.41622,-3.55681,2017,2,United Kingdom of Great Britain and Northern Ireland,HUMAN_OBSERVATION
50.41622,-3.55681,2017,2,United Kingdom of Great Britain and Northern Ireland,HUMAN_OBSERVATION
50.41622,-3.55681,2017,2,United Kingdom of Great Britain and Northern Ireland,HUMAN_OBSERVATION
50.41622,-3.55681,2017,2,United Kingdom of Great Britain and Northern Ireland,HUMAN_OBSERVATION
50.41622,-3.55681,2017,2,United Kingdom of Great Britain and Northern Ireland,HUMAN_OBSERVATION
50.41622,-3.55681,2017,2,United Kingdom of Great Britain and Northern Ireland,HUMAN_OBSERVATION
50.41622,-3.55681,2017,2,United Kingdom of Great Britain and Northern Ireland,HUMAN_OBSERVATION
50.41622,-3.55681,2017,2,United Kingdom of Great Britain and Northern Ireland,HUMAN_OBSERVATION
50.41622,-3.55681,2017,2,United Kingdom of Great Britain and Northern Ireland,HUMAN_OBSERVATION
50.41622,-3.55675,2017,2,United Kingdom of Great Britain and Northern Ireland,HUMAN_OBSERVATION
50.41622,-3.55675,2017,2,United Kingdom of Great Britain and Northern Ireland,HUMAN_OBSERVATION
50.41622,-3.55675,2017,2,United Kingdom of Great Britain and Northern Ireland,HUMAN_OBSERVATION
50.41622,-3.55675,2017,2,United Kingdom of Great Britain and Northern Ireland,HUMAN_OBSERVATION
50.41622,-3.55675,2017,2,United Kingdom of Great Britain and Northern Ireland,HUMAN_OBSERVATION
50.41622,-3.55675,2017,2,United Kingdom of Great Britain and Northern Ireland,HUMAN_OBSERVATION
50.41622,-3.55675,2017,2,United Kingdom of Great Britain and Northern Ireland,HUMAN_OBSERVATION
50.41622,-3.55675,2017,2,United Kingdom of Great Britain and Northern Ireland,HUMAN_OBSERVATION
50.41622,-3.55675,2017,2,United Kingdom of Great Britain and Northern Ireland,HUMAN_OBSERVATION
50.41622,-3.55675,2017,2,United Kingdom of Great Britain and Northern Ireland,HUMAN_OBSERVATION
50.41622,-3.55675,2017,2,United Kingdom of Great Britain and Northern Ireland,HUMAN_OBSERVATION
50.41622,-3.55675,2017,2,United Kingdom of Great Britain and Northern Ireland,HUMAN_OBSERVATION
50.41622,-3.55675,2017,2,United Kingdom of Great Britain and Northern Ireland,HUMAN_OBSERVATION
50.41622,-3.55675,2017,2,United Kingdom of Great Britain and Northern Ireland,HUMAN_OBSERVATION
50.41622,-3.55675,2017,2,United Kingdom of Great Britain and Northern Ireland,HUMAN_OBSERVATION
50.41622,-3.55675,2017,2,United Kingdom of Great Britain and Northern Ireland,HUMAN_OBSERVATION
50.416399,-3.555967,2016,10,United Kingdom of Great Britain and Northern Ireland,HUMAN_OBSERVATION
50.416399,-3.555967,1992,9,United Kingdom of Great Britain and Northern Ireland,HUMAN_OBSERVATION
50.416399,-3.555967,1992,9,United Kingdom of Great Britain and Northern Ireland,HUMAN_OBSERVATION
50.419995,-3.556085,1993,3,United Kingdom of Great Britain and Northern Ireland,HUMAN_OBSERVATION
50.420518,-3.557176,2025,1,United Kingdom of Great Britain and Northern Ireland,HUMAN_OBSERVATION
50.420518,-3.557176,2025,1,United Kingdom of Great Britain and Northern Ireland,HUMAN_OBSERVATION
50.4223,-5.0989,2018,5,United Kingdom of Great Britain and Northern Ireland,HUMAN_OBSERVATION
50.4223,-5.0989,2018,5,United Kingdom of Great Britain and Northern Ireland,HUMAN_OBSERVATION
50.4223,-5.0989,2018,5,United Kingdom of Great Britain and Northern Ireland,HUMAN_OBSERVATION
50.4223,-5.0989,2018,5,United Kingdom of Great Britain and Northern Ireland,HUMAN_OBSERVATION
50.4223,-5.0989,2018,5,United Kingdom of Great Britain and Northern Ireland,HUMAN_OBSERVATION
50.4223,-5.0989,2018,5,United Kingdom of Great Britain and Northern Ireland,HUMAN_OBSERVATION
50.4223,-5.0989,2018,5,United Kingdom of Great Britain and Northern Ireland,HUMAN_OBSERVATION
50.4223,-5.0989,2018,5,United Kingdom of Great Britain and Northern Ireland,HUMAN_OBSERVATION
50.4223,-5.0989,2018,5,United Kingdom of Great Britain and Northern Ireland,HUMAN_OBSERVATION
50.4223,-5.0989,2018,5,United Kingdom of Great Britain and Northern Ireland,HUMAN_OBSERVATION
50.4223,-5.0989,2018,5,United Kingdom of Great Britain and Northern Ireland,HUMAN_OBSERVATION
50.4223,-5.0989,2018,5,United Kingdom of Great Britain and Northern Ireland,HUMAN_OBSERVATION
50.4223,-5.0989,2018,5,United Kingdom of Great Britain and Northern Ireland,HUMAN_OBSERVATION
50.4223,-5.0989,2018,5,United Kingdom of Great Britain and Northern Ireland,HUMAN_OBSERVATION
50.4223,-5.0989,2018,5,United Kingdom of Great Britain and Northern Ireland,HUMAN_OBSERVATION
50.4223,-5.0989,2018,5,United Kingdom of Great Britain and Northern Ireland,HUMAN_OBSERVATION
50.4223,-5.0989,2018,5,United Kingdom of Great Britain and Northern Ireland,HUMAN_OBSERVATION
50.4223,-5.0989,2018,5,United Kingdom of Great Britain and Northern Ireland,HUMAN_OBSERVATION
50.4223,-5.0989,2018,5,United Kingdom of Great Britain and Northern Ireland,HUMAN_OBSERVATION
50.4223,-5.0989,2018,5,United Kingdom of Great Britain and Northern Ireland,HUMAN_OBSERVATION
50.4223,-5.0989,2018,5,United Kingdom of Great Britain and Northern Ireland,HUMAN_OBSERVATION
50.4223,-5.0989,2018,5,United Kingdom of Great Britain and Northern Ireland,HUMAN_OBSERVATION
50.4223,-5.0989,2018,5,United Kingdom of Great Britain and Northern Ireland,HUMAN_OBSERVATION
50.4223,-5.0989,2018,5,United Kingdom of Great Britain and Northern Ireland,HUMAN_OBSERVATION
50.4223,-5.0989,2018,5,United Kingdom of Great Britain and Northern Ireland,HUMAN_OBSERVATION
50.4223,-5.0989,2018,5,United Kingdom of Great Britain and Northern Ireland,HUMAN_OBSERVATION
50.4223,-5.0989,2018,5,United Kingdom of Great Britain and Northern Ireland,HUMAN_OBSERVATION
50.4223,-5.0989,2018,5,United Kingdom of Great Britain and Northern Ireland,HUMAN_OBSERVATION
50.4223,-5.0989,2018,5,United Kingdom of Great Britain and Northern Ireland,HUMAN_OBSERVATION
50.4223,-5.0989,2018,5,United Kingdom of Great Britain and Northern Ireland,HUMAN_OBSERVATION
50.4223,-5.0989,2018,5,United Kingdom of Great Britain and Northern Ireland,HUMAN_OBSERVATION
50.4223,-5.0989,2018,5,United Kingdom of Great Britain and Northern Ireland,HUMAN_OBSERVATION
50.4223,-5.0989,2018,5,United Kingdom of Great Britain and Northern Ireland,HUMAN_OBSERVATION
50.4223,-5.0989,2018,5,United Kingdom of Great Britain and Northern Ireland,HUMAN_OBSERVATION
50.4223,-5.0989,2018,5,United Kingdom of Great Britain and Northern Ireland,HUMAN_OBSERVATION
50.4223,-5.0989,2018,5,United Kingdom of Great Britain and Northern Ireland,HUMAN_OBSERVATION
50.4223,-5.0989,2018,5,United Kingdom of Great Britain and Northern Ireland,HUMAN_OBSERVATION
50.4223,-5.0989,2018,5,United Kingdom of Great Britain and Northern Ireland,HUMAN_OBSERVATION
50.4223,-5.0989,2018,5,United Kingdom of Great Britain and Northern Ireland,HUMAN_OBSERVATION
50.4223,-5.0989,2018,5,United Kingdom of Great Britain and Northern Ireland,HUMAN_OBSERVATION
50.4223,-5.0989,2018,5,United Kingdom of Great Britain and Northern Ireland,HUMAN_OBSERVATION
50.4223,-5.0989,2018,5,United Kingdom of Great Britain and Northern Ireland,HUMAN_OBSERVATION
50.4223,-5.0989,2018,5,United Kingdom of Great Britain and Northern Ireland,HUMAN_OBSERVATION
50.4223,-5.0989,2018,5,United Kingdom of Great Britain and Northern Ireland,HUMAN_OBSERVATION
50.4223,-5.0989,2018,5,United Kingdom of Great Britain and Northern Ireland,HUMAN_OBSERVATION
50.4223,-5.0989,2018,5,United Kingdom of Great Britain and Northern Ireland,HUMAN_OBSERVATION
50.4223,-5.0989,2018,5,United Kingdom of Great Britain and Northern Ireland,HUMAN_OBSERVATION
50.4223,-5.0989,2018,5,United Kingdom of Great Britain and Northern Ireland,HUMAN_OBSERVATION
50.4223,-5.0989,2018,5,United Kingdom of Great Britain and Northern Ireland,HUMAN_OBSERVATION
50.4223,-5.0989,2018,5,United Kingdom of Great Britain and Northern Ireland,HUMAN_OBSERVATION
50.422778,-5.065278,2018,2,United Kingdom of Great Britain and Northern Ireland,HUMAN_OBSERVATION
50.422778,-5.065278,2018,2,United Kingdom of Great Britain and Northern Ireland,HUMAN_OBSERVATION
50.422778,-5.065278,2018,2,United Kingdom of Great Britain and Northern Ireland,HUMAN_OBSERVATION
50.422778,-5.065278,2018,2,United Kingdom of Great Britain and Northern Ireland,HUMAN_OBSERVATION
50.422778,-5.065278,2018,2,United Kingdom of Great Britain and Northern Ireland,HUMAN_OBSERVATION
50.422778,-5.065278,2018,2,United Kingdom of Great Britain and Northern Ireland,HUMAN_OBSERVATION
50.42307,-4.200974,2011,3,United Kingdom of Great Britain and Northern Ireland,HUMAN_OBSERVATION
50.42307,-4.200974,2009,3,United Kingdom of Great Britain and Northern Ireland,HUMAN_OBSERVATION
50.42307,-4.200974,2005,4,United Kingdom of Great Britain and Northern Ireland,HUMAN_OBSERVATION
50.42307,-4.200974,2005,4,United Kingdom of Great Britain and Northern Ireland,HUMAN_OBSERVATION
50.42307,-4.200974,2005,4,United Kingdom of Great Britain and Northern Ireland,HUMAN_OBSERVATION
50.42307,-4.200974,2005,4,United Kingdom of Great Britain and Northern Ireland,HUMAN_OBSERVATION
50.42307,-4.200974,2005,4,United Kingdom of Great Britain and Northern Ireland,HUMAN_OBSERVATION
50.42307,-4.200974,2005,4,United Kingdom of Great Britain and Northern Ireland,HUMAN_OBSERVATION
50.42307,-4.200974,2005,4,United Kingdom of Great Britain and Northern Ireland,HUMAN_OBSERVATION
50.42307,-4.200974,2005,4,United Kingdom of Great Britain and Northern Ireland,HUMAN_OBSERVATION
50.42307,-4.200974,2005,4,United Kingdom of Great Britain and Northern Ireland,HUMAN_OBSERVATION
50.42307,-4.200974,2005,4,United Kingdom of Great Britain and Northern Ireland,HUMAN_OBSERVATION
50.42307,-4.200974,2004,4,United Kingdom of Great Britain and Northern Ireland,HUMAN_OBSERVATION
50.42307,-4.200974,2004,4,United Kingdom of Great Britain and Northern Ireland,HUMAN_OBSERVATION
50.42307,-4.200974,2004,4,United Kingdom of Great Britain and Northern Ireland,HUMAN_OBSERVATION
50.42307,-4.200974,2004,4,United Kingdom of Great Britain and Northern Ireland,HUMAN_OBSERVATION
50.42307,-4.200974,2003,4,United Kingdom of Great Britain and Northern Ireland,HUMAN_OBSERVATION
50.42307,-4.200974,2003,4,United Kingdom of Great Britain and Northern Ireland,HUMAN_OBSERVATION
50.42307,-4.200974,2003,4,United Kingdom of Great Britain and Northern Ireland,HUMAN_OBSERVATION
50.42307,-4.200974,2003,4,United Kingdom of Great Britain and Northern Ireland,HUMAN_OBSERVATION
50.42307,-4.200974,2003,4,United Kingdom of Great Britain and Northern Ireland,HUMAN_OBSERVATION
50.42307,-4.200974,2003,4,United Kingdom of Great Britain and Northern Ireland,HUMAN_OBSERVATION
50.42307,-4.200974,2002,4,United Kingdom of Great Britain and Northern Ireland,HUMAN_OBSERVATION
50.42307,-4.200974,2002,4,United Kingdom of Great Britain and Northern Ireland,HUMAN_OBSERVATION
50.42307,-4.200974,2002,4,United Kingdom of Great Britain and Northern Ireland,HUMAN_OBSERVATION
50.42307,-4.200974,2002,4,United Kingdom of Great Britain and Northern Ireland,HUMAN_OBSERVATION
50.42307,-4.200974,2002,4,United Kingdom of Great Britain and Northern Ireland,HUMAN_OBSERVATION
50.42307,-4.200974,2002,4,United Kingdom of Great Britain and Northern Ireland,HUMAN_OBSERVATION
50.42307,-4.200974,2002,4,United Kingdom of Great Britain and Northern Ireland,HUMAN_OBSERVATION
50.42307,-4.200974,2002,4,United Kingdom of Great Britain and Northern Ireland,HUMAN_OBSERVATION
50.42307,-4.200974,2002,4,United Kingdom of Great Britain and Northern Ireland,HUMAN_OBSERVATION
50.42307,-4.200974,2002,4,United Kingdom of Great Britain and Northern Ireland,HUMAN_OBSERVATION
50.42307,-4.200974,2001,5,United Kingdom of Great Britain and Northern Ireland,HUMAN_OBSERVATION
50.42307,-4.200974,2001,5,United Kingdom of Great Britain and Northern Ireland,HUMAN_OBSERVATION
50.42307,-4.200974,2001,5,United Kingdom of Great Britain and Northern Ireland,HUMAN_OBSERVATION
50.42307,-4.200974,2001,5,United Kingdom of Great Britain and Northern Ireland,HUMAN_OBSERVATION
50.42307,-4.200974,2001,5,United Kingdom of Great Britain and Northern Ireland,HUMAN_OBSERVATION
50.42307,-4.200974,2001,5,United Kingdom of Great Britain and Northern Ireland,HUMAN_OBSERVATION
50.42307,-4.200974,2001,5,United Kingdom of Great Britain and Northern Ireland,HUMAN_OBSERVATION
50.42307,-4.200974,2001,5,United Kingdom of Great Britain and Northern Ireland,HUMAN_OBSERVATION
50.42307,-4.200974,2001,5,United Kingdom of Great Britain and Northern Ireland,HUMAN_OBSERVATION
50.42307,-4.200974,2001,5,United Kingdom of Great Britain and Northern Ireland,HUMAN_OBSERVATION
50.42307,-4.200974,2000,4,United Kingdom of Great Britain and Northern Ireland,HUMAN_OBSERVATION
50.42307,-4.200974,2000,4,United Kingdom of Great Britain and Northern Ireland,HUMAN_OBSERVATION
50.42307,-4.200974,2000,4,United Kingdom of Great Britain and Northern Ireland,HUMAN_OBSERVATION
50.42307,-4.200974,2000,4,United Kingdom of Great Britain and Northern Ireland,HUMAN_OBSERVATION
50.42307,-4.200974,2000,4,United Kingdom of Great Britain and Northern Ireland,HUMAN_OBSERVATION
50.42307,-4.200974,2000,4,United Kingdom of Great Britain and Northern Ireland,HUMAN_OBSERVATION
50.42307,-4.200974,2000,4,United Kingdom of Great Britain and Northern Ireland,HUMAN_OBSERVATION
50.42307,-4.200974,2000,4,United Kingdom of Great Britain and Northern Ireland,HUMAN_OBSERVATION
50.42307,-4.200974,2000,4,United Kingdom of Great Britain and Northern Ireland,HUMAN_OBSERVATION
50.42307,-4.200974,2000,4,United Kingdom of Great Britain and Northern Ireland,HUMAN_OBSERVATION
50.423074,-4.200284,2005,4,United Kingdom of Great Britain and Northern Ireland,HUMAN_OBSERVATION
50.423074,-4.200284,2004,4,United Kingdom of Great Britain and Northern Ireland,HUMAN_OBSERVATION
50.423074,-4.200284,2003,4,United Kingdom of Great Britain and Northern Ireland,HUMAN_OBSERVATION
50.423074,-4.200284,2002,4,United Kingdom of Great Britain and Northern Ireland,HUMAN_OBSERVATION
50.423074,-4.200284,2001,5,United Kingdom of Great Britain and Northern Ireland,HUMAN_OBSERVATION
50.423074,-4.200284,2000,4,United Kingdom of Great Britain and Northern Ireland,HUMAN_OBSERVATION
50.423152,-4.206131,2009,3,United Kingdom of Great Britain and Northern Ireland,HUMAN_OBSERVATION
50.423261,-4.206037,2011,3,United Kingdom of Great Britain and Northern Ireland,HUMAN_OBSERVATION
50.424471,-3.557639,2007,7,United Kingdom of Great Britain and Northern Ireland,HUMAN_OBSERVATION
50.424471,-3.557639,2007,7,United Kingdom of Great Britain and Northern Ireland,HUMAN_OBSERVATION
50.42537,-3.557669,1977,1,United Kingdom of Great Britain and Northern Ireland,HUMAN_OBSERVATION
50.428515,-4.198411,1992,9,United Kingdom of Great Britain and Northern Ireland,HUMAN_OBSERVATION
50.428515,-4.198411,1992,9,United Kingdom of Great Britain and Northern Ireland,HUMAN_OBSERVATION
50.432619,-3.553683,1992,11,United Kingdom of Great Britain and Northern Ireland,HUMAN_OBSERVATION
50.434853,-4.197113,2015,5,United Kingdom of Great Britain and Northern Ireland,HUMAN_OBSERVATION
50.435677,-4.200151,1986,4,United Kingdom of Great Britain and Northern Ireland,HUMAN_OBSERVATION
50.442813,-4.203299,1986,4,United Kingdom of Great Britain and Northern Ireland,HUMAN_OBSERVATION
50.442813,-4.203299,1986,4,United Kingdom of Great Britain and Northern Ireland,HUMAN_OBSERVATION
50.45066,-3.55205,2018,7,United Kingdom of Great Britain and Northern Ireland,HUMAN_OBSERVATION
50.45066,-3.55205,2018,7,United Kingdom of Great Britain and Northern Ireland,HUMAN_OBSERVATION
50.45066,-3.55205,2018,7,United Kingdom of Great Britain and Northern Ireland,HUMAN_OBSERVATION
50.45066,-3.55205,2018,7,United Kingdom of Great Britain and Northern Ireland,HUMAN_OBSERVATION
50.45066,-3.55205,2018,7,United Kingdom of Great Britain and Northern Ireland,HUMAN_OBSERVATION
50.45066,-3.55205,2018,7,United Kingdom of Great Britain and Northern Ireland,HUMAN_OBSERVATION
50.45066,-3.55205,2018,7,United Kingdom of Great Britain and Northern Ireland,HUMAN_OBSERVATION
50.45066,-3.55205,2018,7,United Kingdom of Great Britain and Northern Ireland,HUMAN_OBSERVATION
50.45066,-3.55205,2018,7,United Kingdom of Great Britain and Northern Ireland,HUMAN_OBSERVATION
50.45066,-3.55205,2018,7,United Kingdom of Great Britain and Northern Ireland,HUMAN_OBSERVATION
50.45066,-3.55205,2018,7,United Kingdom of Great Britain and Northern Ireland,HUMAN_OBSERVATION
50.45066,-3.55205,2018,7,United Kingdom of Great Britain and Northern Ireland,HUMAN_OBSERVATION
50.45066,-3.55205,2018,7,United Kingdom of Great Britain and Northern Ireland,HUMAN_OBSERVATION
50.45066,-3.55205,2018,7,United Kingdom of Great Britain and Northern Ireland,HUMAN_OBSERVATION
50.45075,-3.55189,2018,7,United Kingdom of Great Britain and Northern Ireland,HUMAN_OBSERVATION
50.452087,-3.543756,2016,8,United Kingdom of Great Britain and Northern Ireland,HUMAN_OBSERVATION
50.457688,-4.225124,1986,4,United Kingdom of Great Britain and Northern Ireland,HUMAN_OBSERVATION
50.458344,-4.237835,1986,4,United Kingdom of Great Britain and Northern Ireland,HUMAN_OBSERVATION
50.458344,-4.237835,1986,4,United Kingdom of Great Britain and Northern Ireland,HUMAN_OBSERVATION
50.458438,-3.505219,1992,8,United Kingdom of Great Britain and Northern Ireland,HUMAN_OBSERVATION
50.458438,-3.505219,1992,8,United Kingdom of Great Britain and Northern Ireland,HUMAN_OBSERVATION
50.458638,-3.489728,1993,2,United Kingdom of Great Britain and Northern Ireland,HUMAN_OBSERVATION
50.458638,-3.489728,1993,2,United Kingdom of Great Britain and Northern Ireland,HUMAN_OBSERVATION
50.45869,-3.54052,2017,2,United Kingdom of Great Britain and Northern Ireland,HUMAN_OBSERVATION
50.45869,-3.54052,2017,2,United Kingdom of Great Britain and Northern Ireland,HUMAN_OBSERVATION
50.45872,-3.54067,2017,2,United Kingdom of Great Britain and Northern Ireland,HUMAN_OBSERVATION
50.45872,-3.54067,2017,2,United Kingdom of Great Britain and Northern Ireland,HUMAN_OBSERVATION
50.45872,-3.54067,2017,2,United Kingdom of Great Britain and Northern Ireland,HUMAN_OBSERVATION
50.45872,-3.54067,2017,2,United Kingdom of Great Britain and Northern Ireland,HUMAN_OBSERVATION
50.45872,-3.54067,2017,2,United Kingdom of Great Britain and Northern Ireland,HUMAN_OBSERVATION
50.45872,-3.54067,2017,2,United Kingdom of Great Britain and Northern Ireland,HUMAN_OBSERVATION
50.45872,-3.54067,2017,2,United Kingdom of Great Britain and Northern Ireland,HUMAN_OBSERVATION
50.45872,-3.54067,2017,2,United Kingdom of Great Britain and Northern Ireland,HUMAN_OBSERVATION
50.45872,-3.54067,2017,2,United Kingdom of Great Britain and Northern Ireland,HUMAN_OBSERVATION
50.45872,-3.54067,2017,2,United Kingdom of Great Britain and Northern Ireland,HUMAN_OBSERVATION
50.45872,-3.54067,2017,2,United Kingdom of Great Britain and Northern Ireland,HUMAN_OBSERVATION
50.45872,-3.54067,2017,2,United Kingdom of Great Britain and Northern Ireland,HUMAN_OBSERVATION
50.45872,-3.54067,2017,2,United Kingdom of Great Britain and Northern Ireland,HUMAN_OBSERVATION
50.45872,-3.54067,2017,2,United Kingdom of Great Britain and Northern Ireland,HUMAN_OBSERVATION
50.45872,-3.54067,2017,2,United Kingdom of Great Britain and Northern Ireland,HUMAN_OBSERVATION
50.45872,-3.54067,2017,2,United Kingdom of Great Britain and Northern Ireland,HUMAN_OBSERVATION
50.45872,-3.54061,2017,2,United Kingdom of Great Britain and Northern Ireland,HUMAN_OBSERVATION
50.45872,-3.54061,2017,2,United Kingdom of Great Britain and Northern Ireland,HUMAN_OBSERVATION
50.45872,-3.54061,2017,2,United Kingdom of Great Britain and Northern Ireland,HUMAN_OBSERVATION
50.45872,-3.54061,2017,2,United Kingdom of Great Britain and Northern Ireland,HUMAN_OBSERVATION
50.45872,-3.54061,2017,2,United Kingdom of Great Britain and Northern Ireland,HUMAN_OBSERVATION
50.45872,-3.54061,2017,2,United Kingdom of Great Britain and Northern Ireland,HUMAN_OBSERVATION
50.45872,-3.54061,2017,2,United Kingdom of Great Britain and Northern Ireland,HUMAN_OBSERVATION
50.45872,-3.54061,2017,2,United Kingdom of Great Britain and Northern Ireland,HUMAN_OBSERVATION
50.45872,-3.54061,2017,2,United Kingdom of Great Britain and Northern Ireland,HUMAN_OBSERVATION
50.45872,-3.54061,2017,2,United Kingdom of Great Britain and Northern Ireland,HUMAN_OBSERVATION
50.45872,-3.5406,2017,2,United Kingdom of Great Britain and Northern Ireland,HUMAN_OBSERVATION
50.45872,-3.5406,2017,2,United Kingdom of Great Britain and Northern Ireland,HUMAN_OBSERVATION
50.45873,-3.54064,2018,1,United Kingdom of Great Britain and Northern Ireland,HUMAN_OBSERVATION
50.45873,-3.54064,2018,1,United Kingdom of Great Britain and Northern Ireland,HUMAN_OBSERVATION
50.45873,-3.54064,2018,1,United Kingdom of Great Britain and Northern Ireland,HUMAN_OBSERVATION
50.45873,-3.54064,2018,1,United Kingdom of Great Britain and Northern Ireland,HUMAN_OBSERVATION
50.45873,-3.54064,2018,1,United Kingdom of Great Britain and Northern Ireland,HUMAN_OBSERVATION
50.45873,-3.54064,2018,1,United Kingdom of Great Britain and Northern Ireland,HUMAN_OBSERVATION
50.45873,-3.54064,2018,1,United Kingdom of Great Britain and Northern Ireland,HUMAN_OBSERVATION
50.45873,-3.54064,2018,1,United Kingdom of Great Britain and Northern Ireland,HUMAN_OBSERVATION
50.45873,-3.54064,2018,1,United Kingdom of Great Britain and Northern Ireland,HUMAN_OBSERVATION
50.45873,-3.54064,2018,1,United Kingdom of Great Britain and Northern Ireland,HUMAN_OBSERVATION
50.45873,-3.54064,2018,1,United Kingdom of Great Britain and Northern Ireland,HUMAN_OBSERVATION
50.45873,-3.54064,2018,1,United Kingdom of Great Britain and Northern Ireland,HUMAN_OBSERVATION
50.45873,-3.54064,2018,1,United Kingdom of Great Britain and Northern Ireland,HUMAN_OBSERVATION
50.45873,-3.54064,2018,1,United Kingdom of Great Britain and Northern Ireland,HUMAN_OBSERVATION
50.45873,-3.54064,2018,1,United Kingdom of Great Britain and Northern Ireland,HUMAN_OBSERVATION
50.45873,-3.54064,2018,1,United Kingdom of Great Britain and Northern Ireland,HUMAN_OBSERVATION
50.458837,-3.504979,2022,11,United Kingdom of Great Britain and Northern Ireland,HUMAN_OBSERVATION
50.458837,-3.504979,2021,10,United Kingdom of Great Britain and Northern Ireland,HUMAN_OBSERVATION
50.458876,-3.540454,2016,8,United Kingdom of Great Britain and Northern Ireland,HUMAN_OBSERVATION
50.458876,-3.540454,2016,8,United Kingdom of Great Britain and Northern Ireland,HUMAN_OBSERVATION
50.458876,-3.540454,2016,8,United Kingdom of Great Britain and Northern Ireland,HUMAN_OBSERVATION
50.458876,-3.540454,2016,8,United Kingdom of Great Britain and Northern Ireland,HUMAN_OBSERVATION
50.458876,-3.540454,2016,8,United Kingdom of Great Britain and Northern Ireland,HUMAN_OBSERVATION
50.458876,-3.540454,2016,8,United Kingdom of Great Britain and Northern Ireland,HUMAN_OBSERVATION
50.458876,-3.540454,2016,8,United Kingdom of Great Britain and Northern Ireland,HUMAN_OBSERVATION
50.458876,-3.540454,2016,8,United Kingdom of Great Britain and Northern Ireland,HUMAN_OBSERVATION
50.458876,-3.540454,2016,8,United Kingdom of Great Britain and Northern Ireland,HUMAN_OBSERVATION
50.458876,-3.540454,2016,8,United Kingdom of Great Britain and Northern Ireland,HUMAN_OBSERVATION
50.458876,-3.540454,2016,8,United Kingdom of Great Britain and Northern Ireland,HUMAN_OBSERVATION
50.458876,-3.540454,2016,8,United Kingdom of Great Britain and Northern Ireland,HUMAN_OBSERVATION
50.458876,-3.540454,2016,8,United Kingdom of Great Britain and Northern Ireland,HUMAN_OBSERVATION
50.458876,-3.540454,2016,8,United Kingdom of Great Britain and Northern Ireland,HUMAN_OBSERVATION
50.458876,-3.540454,2016,8,United Kingdom of Great Britain and Northern Ireland,HUMAN_OBSERVATION
50.458876,-3.540454,2016,8,United Kingdom of Great Britain and Northern Ireland,HUMAN_OBSERVATION
50.458912,-3.540226,2022,3,United Kingdom of Great Britain and Northern Ireland,HUMAN_OBSERVATION
50.459043,-3.52778,2013,7,United Kingdom of Great Britain and Northern Ireland,HUMAN_OBSERVATION
50.45929,-3.50252,2017,4,United Kingdom of Great Britain and Northern Ireland,HUMAN_OBSERVATION
50.45929,-3.50252,2017,4,United Kingdom of Great Britain and Northern Ireland,HUMAN_OBSERVATION
50.45929,-3.50252,2017,4,United Kingdom of Great Britain and Northern Ireland,HUMAN_OBSERVATION
50.45929,-3.50252,2017,4,United Kingdom of Great Britain and Northern Ireland,HUMAN_OBSERVATION
50.45929,-3.50252,2017,4,United Kingdom of Great Britain and Northern Ireland,HUMAN_OBSERVATION
50.45929,-3.50252,2017,4,United Kingdom of Great Britain and Northern Ireland,HUMAN_OBSERVATION
50.45929,-3.50252,2017,4,United Kingdom of Great Britain and Northern Ireland,HUMAN_OBSERVATION
50.45929,-3.50252,2017,4,United Kingdom of Great Britain and Northern Ireland,HUMAN_OBSERVATION
50.45929,-3.50252,2017,4,United Kingdom of Great Britain and Northern Ireland,HUMAN_OBSERVATION
50.45929,-3.50252,2017,4,United Kingdom of Great Britain and Northern Ireland,HUMAN_OBSERVATION
50.45929,-3.50252,2017,4,United Kingdom of Great Britain and Northern Ireland,HUMAN_OBSERVATION
50.45929,-3.50252,2017,4,United Kingdom of Great Britain and Northern Ireland,HUMAN_OBSERVATION
50.45929,-3.50252,2017,4,United Kingdom of Great Britain and Northern Ireland,HUMAN_OBSERVATION
50.45929,-3.50252,2017,4,United Kingdom of Great Britain and Northern Ireland,HUMAN_OBSERVATION
50.459482,-3.493982,1994,5,United Kingdom of Great Britain and Northern Ireland,HUMAN_OBSERVATION
50.459482,-3.493982,1994,5,United Kingdom of Great Britain and Northern Ireland,HUMAN_OBSERVATION
50.45955,-3.50074,2018,1,United Kingdom of Great Britain and Northern Ireland,HUMAN_OBSERVATION
50.45955,-3.50074,2018,1,United Kingdom of Great Britain and Northern Ireland,HUMAN_OBSERVATION
50.45955,-3.50074,2018,1,United Kingdom of Great Britain and Northern Ireland,HUMAN_OBSERVATION
50.45955,-3.50074,2018,1,United Kingdom of Great Britain and Northern Ireland,HUMAN_OBSERVATION
50.45955,-3.50074,2018,1,United Kingdom of Great Britain and Northern Ireland,HUMAN_OBSERVATION
50.45955,-3.50074,2018,1,United Kingdom of Great Britain and Northern Ireland,HUMAN_OBSERVATION
50.45955,-3.50074,2018,1,United Kingdom of Great Britain and Northern Ireland,HUMAN_OBSERVATION
50.45955,-3.50074,2018,1,United Kingdom of Great Britain and Northern Ireland,HUMAN_OBSERVATION
50.45955,-3.50074,2018,1,United Kingdom of Great Britain and Northern Ireland,HUMAN_OBSERVATION
50.45955,-3.50074,2018,1,United Kingdom of Great Britain and Northern Ireland,HUMAN_OBSERVATION
50.459794,-3.539075,1992,9,United Kingdom of Great Britain and Northern Ireland,HUMAN_OBSERVATION
50.459794,-3.539075,1992,9,United Kingdom of Great Britain and Northern Ireland,HUMAN_OBSERVATION
50.459794,-3.539075,1992,9,United Kingdom of Great Britain and Northern Ireland,HUMAN_OBSERVATION
50.461263,-3.529965,2012,3,United Kingdom of Great Britain and Northern Ireland,HUMAN_OBSERVATION
50.461263,-3.529965,2012,3,United Kingdom of Great Britain and Northern Ireland,HUMAN_OBSERVATION
50.461263,-3.529965,2011,3,United Kingdom of Great Britain and Northern Ireland,HUMAN_OBSERVATION
50.461263,-3.529965,2009,9,United Kingdom of Great Britain and Northern Ireland,HUMAN_OBSERVATION
50.46353,-3.487726,2012,5,United Kingdom of Great Britain and Northern Ireland,HUMAN_OBSERVATION
50.466674,-4.225546,1986,4,United Kingdom of Great Britain and Northern Ireland,HUMAN_OBSERVATION
50.468283,-4.235486,1986,7,United Kingdom of Great Britain and Northern Ireland,HUMAN_OBSERVATION
50.481721,-3.513007,1994,4,United Kingdom of Great Britain and Northern Ireland,HUMAN_OBSERVATION
50.486216,-3.51315,1994,4,United Kingdom of Great Britain and Northern Ireland,HUMAN_OBSERVATION
50.49595,-3.51543,2017,9,United Kingdom of Great Britain and Northern Ireland,HUMAN_OBSERVATION
50.49595,-3.51543,2017,9,United Kingdom of Great Britain and Northern Ireland,HUMAN_OBSERVATION
50.49595,-3.51543,2017,9,United Kingdom of Great Britain and Northern Ireland,HUMAN_OBSERVATION
50.49595,-3.51543,2017,9,United Kingdom of Great Britain and Northern Ireland,HUMAN_OBSERVATION
50.49595,-3.51543,2017,9,United Kingdom of Great Britain and Northern Ireland,HUMAN_OBSERVATION
50.49595,-3.51543,2017,9,United Kingdom of Great Britain and Northern Ireland,HUMAN_OBSERVATION
50.49595,-3.51543,2017,9,United Kingdom of Great Britain and Northern Ireland,HUMAN_OBSERVATION
50.49595,-3.51543,2017,9,United Kingdom of Great Britain and Northern Ireland,HUMAN_OBSERVATION
50.49635,-3.51495,2017,9,United Kingdom of Great Britain and Northern Ireland,HUMAN_OBSERVATION
50.49635,-3.51495,2017,9,United Kingdom of Great Britain and Northern Ireland,HUMAN_OBSERVATION
50.497902,-3.513524,1994,4,United Kingdom of Great Britain and Northern Ireland,HUMAN_OBSERVATION
50.498801,-3.513552,1992,8,United Kingdom of Great Britain and Northern Ireland,HUMAN_OBSERVATION
50.498801,-3.513552,1992,8,United Kingdom of Great Britain and Northern Ireland,HUMAN_OBSERVATION
50.506911,-3.512401,1994,6,United Kingdom of Great Britain and Northern Ireland,HUMAN_OBSERVATION
50.506911,-3.512401,1992,7,United Kingdom of Great Britain and Northern Ireland,HUMAN_OBSERVATION
50.506911,-3.512401,1992,7,United Kingdom of Great Britain and Northern Ireland,HUMAN_OBSERVATION
50.526612,-4.894377,2013,10,United Kingdom of Great Britain and Northern Ireland,HUMAN_OBSERVATION
50.529447,-4.888906,2013,10,United Kingdom of Great Britain and Northern Ireland,HUMAN_OBSERVATION
50.529447,-4.888906,2013,10,United Kingdom of Great Britain and Northern Ireland,HUMAN_OBSERVATION
50.529455,-2.42391,2006,4,United Kingdom of Great Britain and Northern Ireland,HUMAN_OBSERVATION
50.531191,-3.500574,2022,4,United Kingdom of Great Britain and Northern Ireland,HUMAN_OBSERVATION
50.53157,-3.50071,2018,2,United Kingdom of Great Britain and Northern Ireland,HUMAN_OBSERVATION
50.53157,-3.50071,2018,2,United Kingdom of Great Britain and Northern Ireland,HUMAN_OBSERVATION
50.53157,-3.50071,2018,2,United Kingdom of Great Britain and Northern Ireland,HUMAN_OBSERVATION
50.53157,-3.50071,2018,2,United Kingdom of Great Britain and Northern Ireland,HUMAN_OBSERVATION
50.53157,-3.50071,2018,2,United Kingdom of Great Britain and Northern Ireland,HUMAN_OBSERVATION
50.53157,-3.50071,2018,2,United Kingdom of Great Britain and Northern Ireland,HUMAN_OBSERVATION
50.53157,-3.50071,2018,2,United Kingdom of Great Britain and Northern Ireland,HUMAN_OBSERVATION
50.53157,-3.50071,2018,2,United Kingdom of Great Britain and Northern Ireland,HUMAN_OBSERVATION
50.53157,-3.50071,2018,2,United Kingdom of Great Britain and Northern Ireland,HUMAN_OBSERVATION
50.53157,-3.50071,2018,2,United Kingdom of Great Britain and Northern Ireland,HUMAN_OBSERVATION
50.53157,-3.50071,2018,2,United Kingdom of Great Britain and Northern Ireland,HUMAN_OBSERVATION
50.53157,-3.50071,2018,2,United Kingdom of Great Britain and Northern Ireland,HUMAN_OBSERVATION
50.53157,-3.50071,2018,2,United Kingdom of Great Britain and Northern Ireland,HUMAN_OBSERVATION
50.53157,-3.50071,2018,2,United Kingdom of Great Britain and Northern Ireland,HUMAN_OBSERVATION
50.53157,-3.50071,2018,2,United Kingdom of Great Britain and Northern Ireland,HUMAN_OBSERVATION
50.53157,-3.50071,2018,2,United Kingdom of Great Britain and Northern Ireland,HUMAN_OBSERVATION
50.53427,-3.49938,2018,2,United Kingdom of Great Britain and Northern Ireland,HUMAN_OBSERVATION
50.53427,-3.49938,2018,2,United Kingdom of Great Britain and Northern Ireland,HUMAN_OBSERVATION
50.53427,-3.49938,2018,2,United Kingdom of Great Britain and Northern Ireland,HUMAN_OBSERVATION
50.53427,-3.49938,2018,2,United Kingdom of Great Britain and Northern Ireland,HUMAN_OBSERVATION
50.53427,-3.49938,2018,2,United Kingdom of Great Britain and Northern Ireland,HUMAN_OBSERVATION
50.53427,-3.49938,2018,2,United Kingdom of Great Britain and Northern Ireland,HUMAN_OBSERVATION
50.53427,-3.49938,2018,2,United Kingdom of Great Britain and Northern Ireland,HUMAN_OBSERVATION
50.53427,-3.49938,2018,2,United Kingdom of Great Britain and Northern Ireland,HUMAN_OBSERVATION
50.53427,-3.49938,2018,2,United Kingdom of Great Britain and Northern Ireland,HUMAN_OBSERVATION
50.53427,-3.49938,2018,2,United Kingdom of Great Britain and Northern Ireland,HUMAN_OBSERVATION
50.53427,-3.49938,2018,2,United Kingdom of Great Britain and Northern Ireland,HUMAN_OBSERVATION
50.53427,-3.49938,2018,2,United Kingdom of Great Britain and Northern Ireland,HUMAN_OBSERVATION
50.53427,-3.49938,2018,2,United Kingdom of Great Britain and Northern Ireland,HUMAN_OBSERVATION
50.53427,-3.49938,2018,2,United Kingdom of Great Britain and Northern Ireland,HUMAN_OBSERVATION
50.53722,-3.49605,2018,2,United Kingdom of Great Britain and Northern Ireland,HUMAN_OBSERVATION
50.53722,-3.49605,2018,2,United Kingdom of Great Britain and Northern Ireland,HUMAN_OBSERVATION
50.53722,-3.49605,2018,2,United Kingdom of Great Britain and Northern Ireland,HUMAN_OBSERVATION
50.53722,-3.49605,2018,2,United Kingdom of Great Britain and Northern Ireland,HUMAN_OBSERVATION
50.53722,-3.49605,2018,2,United Kingdom of Great Britain and Northern Ireland,HUMAN_OBSERVATION
50.53722,-3.49605,2018,2,United Kingdom of Great Britain and Northern Ireland,HUMAN_OBSERVATION
50.53722,-3.49605,2018,2,United Kingdom of Great Britain and Northern Ireland,HUMAN_OBSERVATION
50.53722,-3.49605,2018,2,United Kingdom of Great Britain and Northern Ireland,HUMAN_OBSERVATION
50.53722,-3.49605,2018,2,United Kingdom of Great Britain and Northern Ireland,HUMAN_OBSERVATION
50.53722,-3.49605,2018,2,United Kingdom of Great Britain and Northern Ireland,HUMAN_OBSERVATION
50.53722,-3.49605,2018,2,United Kingdom of Great Britain and Northern Ireland,HUMAN_OBSERVATION
50.53722,-3.49605,2018,2,United Kingdom of Great Britain and Northern Ireland,HUMAN_OBSERVATION
50.53722,-3.49605,2018,2,United Kingdom of Great Britain and Northern Ireland,HUMAN_OBSERVATION
50.53722,-3.49605,2018,2,United Kingdom of Great Britain and Northern Ireland,HUMAN_OBSERVATION
50.53722,-3.49605,2018,2,United Kingdom of Great Britain and Northern Ireland,HUMAN_OBSERVATION
50.53722,-3.49605,2018,2,United Kingdom of Great Britain and Northern Ireland,HUMAN_OBSERVATION
50.5373,-3.49604,2018,2,United Kingdom of Great Britain and Northern Ireland,HUMAN_OBSERVATION
50.5373,-3.49604,2018,2,United Kingdom of Great Britain and Northern Ireland,HUMAN_OBSERVATION
50.5373,-3.49604,2018,2,United Kingdom of Great Britain and Northern Ireland,HUMAN_OBSERVATION
50.5373,-3.49604,2018,2,United Kingdom of Great Britain and Northern Ireland,HUMAN_OBSERVATION
50.5373,-3.49604,2018,2,United Kingdom of Great Britain and Northern Ireland,HUMAN_OBSERVATION
50.5373,-3.49604,2018,2,United Kingdom of Great Britain and Northern Ireland,HUMAN_OBSERVATION
50.5373,-3.49604,2018,2,United Kingdom of Great Britain and Northern Ireland,HUMAN_OBSERVATION
50.5373,-3.49604,2018,2,United Kingdom of Great Britain and Northern Ireland,HUMAN_OBSERVATION
50.5373,-3.49604,2018,2,United Kingdom of Great Britain and Northern Ireland,HUMAN_OBSERVATION
50.5373,-3.49604,2018,2,United Kingdom of Great Britain and Northern Ireland,HUMAN_OBSERVATION
50.5373,-3.49604,2018,2,United Kingdom of Great Britain and Northern Ireland,HUMAN_OBSERVATION
50.5373,-3.49604,2018,2,United Kingdom of Great Britain and Northern Ireland,HUMAN_OBSERVATION
50.5373,-3.49604,2018,2,United Kingdom of Great Britain and Northern Ireland,HUMAN_OBSERVATION
50.5373,-3.49604,2018,2,United Kingdom of Great Britain and Northern Ireland,HUMAN_OBSERVATION
50.5373,-3.49604,2018,2,United Kingdom of Great Britain and Northern Ireland,HUMAN_OBSERVATION
50.5373,-3.49604,2018,2,United Kingdom of Great Britain and Northern Ireland,HUMAN_OBSERVATION
50.53742,-3.49595,2018,2,United Kingdom of Great Britain and Northern Ireland,HUMAN_OBSERVATION
50.53742,-3.49595,2018,2,United Kingdom of Great Britain and Northern Ireland,HUMAN_OBSERVATION
50.53742,-3.49595,2018,2,United Kingdom of Great Britain and Northern Ireland,HUMAN_OBSERVATION
50.53742,-3.49595,2018,2,United Kingdom of Great Britain and Northern Ireland,HUMAN_OBSERVATION
50.53742,-3.49595,2018,2,United Kingdom of Great Britain and Northern Ireland,HUMAN_OBSERVATION
50.53742,-3.49595,2018,2,United Kingdom of Great Britain and Northern Ireland,HUMAN_OBSERVATION
50.53742,-3.49595,2018,2,United Kingdom of Great Britain and Northern Ireland,HUMAN_OBSERVATION
50.53742,-3.49595,2018,2,United Kingdom of Great Britain and Northern Ireland,HUMAN_OBSERVATION
50.53742,-3.49595,2018,2,United Kingdom of Great Britain and Northern Ireland,HUMAN_OBSERVATION
50.53742,-3.49595,2018,2,United Kingdom of Great Britain and Northern Ireland,HUMAN_OBSERVATION
50.53742,-3.49595,2018,2,United Kingdom of Great Britain and Northern Ireland,HUMAN_OBSERVATION
50.53742,-3.49595,2018,2,United Kingdom of Great Britain and Northern Ireland,HUMAN_OBSERVATION
50.53742,-3.49595,2018,2,United Kingdom of Great Britain and Northern Ireland,HUMAN_OBSERVATION
50.53742,-3.49595,2018,2,United Kingdom of Great Britain and Northern Ireland,HUMAN_OBSERVATION
50.53742,-3.49595,2018,2,United Kingdom of Great Britain and Northern Ireland,HUMAN_OBSERVATION
50.53742,-3.49595,2018,2,United Kingdom of Great Britain and Northern Ireland,HUMAN_OBSERVATION
50.537475,-3.581116,1988,7,United Kingdom of Great Britain and Northern Ireland,HUMAN_OBSERVATION
50.53761,-3.4958,2018,2,United Kingdom of Great Britain and Northern Ireland,HUMAN_OBSERVATION
50.53761,-3.4958,2018,2,United Kingdom of Great Britain and Northern Ireland,HUMAN_OBSERVATION
50.53761,-3.4958,2018,2,United Kingdom of Great Britain and Northern Ireland,HUMAN_OBSERVATION
50.53761,-3.4958,2018,2,United Kingdom of Great Britain and Northern Ireland,HUMAN_OBSERVATION
50.53761,-3.4958,2018,2,United Kingdom of Great Britain and Northern Ireland,HUMAN_OBSERVATION
50.53761,-3.4958,2018,2,United Kingdom of Great Britain and Northern Ireland,HUMAN_OBSERVATION
50.53761,-3.4958,2018,2,United Kingdom of Great Britain and Northern Ireland,HUMAN_OBSERVATION
50.53761,-3.4958,2018,2,United Kingdom of Great Britain and Northern Ireland,HUMAN_OBSERVATION
50.53761,-3.4958,2018,2,United Kingdom of Great Britain and Northern Ireland,HUMAN_OBSERVATION
50.53761,-3.4958,2018,2,United Kingdom of Great Britain and Northern Ireland,HUMAN_OBSERVATION
50.53761,-3.4958,2018,2,United Kingdom of Great Britain and Northern Ireland,HUMAN_OBSERVATION
50.53761,-3.4958,2018,2,United Kingdom of Great Britain and Northern Ireland,HUMAN_OBSERVATION
50.53761,-3.4958,2018,2,United Kingdom of Great Britain and Northern Ireland,HUMAN_OBSERVATION
50.53761,-3.4958,2018,2,United Kingdom of Great Britain and Northern Ireland,HUMAN_OBSERVATION
50.53761,-3.4958,2018,2,United Kingdom of Great Britain and Northern Ireland,HUMAN_OBSERVATION
50.53761,-3.4958,2018,2,United Kingdom of Great Britain and Northern Ireland,HUMAN_OBSERVATION
50.53792,-3.49572,2018,2,United Kingdom of Great Britain and Northern Ireland,HUMAN_OBSERVATION
50.53792,-3.49572,2018,2,United Kingdom of Great Britain and Northern Ireland,HUMAN_OBSERVATION
50.53792,-3.49572,2018,2,United Kingdom of Great Britain and Northern Ireland,HUMAN_OBSERVATION
50.53792,-3.49572,2018,2,United Kingdom of Great Britain and Northern Ireland,HUMAN_OBSERVATION
50.53792,-3.49572,2018,2,United Kingdom of Great Britain and Northern Ireland,HUMAN_OBSERVATION
50.53792,-3.49572,2018,2,United Kingdom of Great Britain and Northern Ireland,HUMAN_OBSERVATION
50.53792,-3.49572,2018,2,United Kingdom of Great Britain and Northern Ireland,HUMAN_OBSERVATION
50.53792,-3.49572,2018,2,United Kingdom of Great Britain and Northern Ireland,HUMAN_OBSERVATION
50.53792,-3.49572,2018,2,United Kingdom of Great Britain and Northern Ireland,HUMAN_OBSERVATION
50.53792,-3.49572,2018,2,United Kingdom of Great Britain and Northern Ireland,HUMAN_OBSERVATION
50.53792,-3.49572,2018,2,United Kingdom of Great Britain and Northern Ireland,HUMAN_OBSERVATION
50.53792,-3.49572,2018,2,United Kingdom of Great Britain and Northern Ireland,HUMAN_OBSERVATION
50.53793,-3.49574,2018,2,United Kingdom of Great Britain and Northern Ireland,HUMAN_OBSERVATION
50.53793,-3.49574,2018,2,United Kingdom of Great Britain and Northern Ireland,HUMAN_OBSERVATION
50.53799,-3.49575,2018,3,United Kingdom of Great Britain and Northern Ireland,HUMAN_OBSERVATION
50.53799,-3.49575,2018,3,United Kingdom of Great Britain and Northern Ireland,HUMAN_OBSERVATION
50.53799,-3.49575,2018,3,United Kingdom of Great Britain and Northern Ireland,HUMAN_OBSERVATION
50.53799,-3.49575,2018,3,United Kingdom of Great Britain and Northern Ireland,HUMAN_OBSERVATION
50.53799,-3.49575,2018,3,United Kingdom of Great Britain and Northern Ireland,HUMAN_OBSERVATION
50.53799,-3.49575,2018,3,United Kingdom of Great Britain and Northern Ireland,HUMAN_OBSERVATION
50.53799,-3.49575,2018,3,United Kingdom of Great Britain and Northern Ireland,HUMAN_OBSERVATION
50.53799,-3.49575,2018,3,United Kingdom of Great Britain and Northern Ireland,HUMAN_OBSERVATION
50.53799,-3.49575,2018,3,United Kingdom of Great Britain and Northern Ireland,HUMAN_OBSERVATION
50.53799,-3.49575,2018,3,United Kingdom of Great Britain and Northern Ireland,HUMAN_OBSERVATION
50.53799,-3.49575,2018,3,United Kingdom of Great Britain and Northern Ireland,HUMAN_OBSERVATION
50.53799,-3.49575,2018,3,United Kingdom of Great Britain and Northern Ireland,HUMAN_OBSERVATION
50.53799,-3.49575,2018,3,United Kingdom of Great Britain and Northern Ireland,HUMAN_OBSERVATION
50.53799,-3.49575,2018,3,United Kingdom of Great Britain and Northern Ireland,HUMAN_OBSERVATION
50.53799,-3.49575,2018,3,United Kingdom of Great Britain and Northern Ireland,HUMAN_OBSERVATION
50.53799,-3.49575,2018,3,United Kingdom of Great Britain and Northern Ireland,HUMAN_OBSERVATION
50.538464,-3.498093,2021,8,United Kingdom of Great Britain and Northern Ireland,HUMAN_OBSERVATION
50.538464,-3.498093,2021,8,United Kingdom of Great Britain and Northern Ireland,HUMAN_OBSERVATION
50.538464,-3.498093,2020,7,United Kingdom of Great Britain and Northern Ireland,HUMAN_OBSERVATION
50.538464,-3.498093,2020,7,United Kingdom of Great Britain and Northern Ireland,HUMAN_OBSERVATION
50.538594,-3.49648,1992,7,United Kingdom of Great Britain and Northern Ireland,HUMAN_OBSERVATION
50.538594,-3.49648,1992,7,United Kingdom of Great Britain and Northern Ireland,HUMAN_OBSERVATION
50.53933,-3.576945,1988,7,United Kingdom of Great Britain and Northern Ireland,HUMAN_OBSERVATION
50.54021,-3.578385,1988,8,United Kingdom of Great Britain and Northern Ireland,HUMAN_OBSERVATION
50.540739,-3.538887,1988,7,United Kingdom of Great Britain and Northern Ireland,HUMAN_OBSERVATION
50.540739,-3.538887,1988,7,United Kingdom of Great Britain and Northern Ireland,HUMAN_OBSERVATION
50.541638,-3.538916,1988,7,United Kingdom of Great Britain and Northern Ireland,HUMAN_OBSERVATION
50.541842,-3.523398,1988,8,United Kingdom of Great Britain and Northern Ireland,HUMAN_OBSERVATION
50.541989,-3.512112,1988,8,United Kingdom of Great Britain and Northern Ireland,HUMAN_OBSERVATION
50.54246,-4.937009,2024,8,United Kingdom of Great Britain and Northern Ireland,HUMAN_OBSERVATION
50.54246,-4.937009,2024,8,United Kingdom of Great Britain and Northern Ireland,HUMAN_OBSERVATION
50.54247,-3.49916,2018,2,United Kingdom of Great Britain and Northern Ireland,HUMAN_OBSERVATION
50.54247,-3.49916,2018,2,United Kingdom of Great Britain and Northern Ireland,HUMAN_OBSERVATION
50.54247,-3.49916,2018,2,United Kingdom of Great Britain and Northern Ireland,HUMAN_OBSERVATION
50.54247,-3.49916,2018,2,United Kingdom of Great Britain and Northern Ireland,HUMAN_OBSERVATION
50.54247,-3.49916,2018,2,United Kingdom of Great Britain and Northern Ireland,HUMAN_OBSERVATION
50.54247,-3.49916,2018,2,United Kingdom of Great Britain and Northern Ireland,HUMAN_OBSERVATION
50.54247,-3.49916,2018,2,United Kingdom of Great Britain and Northern Ireland,HUMAN_OBSERVATION
50.54247,-3.49916,2018,2,United Kingdom of Great Britain and Northern Ireland,HUMAN_OBSERVATION
50.54247,-3.49916,2018,2,United Kingdom of Great Britain and Northern Ireland,HUMAN_OBSERVATION
50.54247,-3.49916,2018,2,United Kingdom of Great Britain and Northern Ireland,HUMAN_OBSERVATION
50.54247,-3.49916,2018,2,United Kingdom of Great Britain and Northern Ireland,HUMAN_OBSERVATION
50.54247,-3.49916,2018,2,United Kingdom of Great Britain and Northern Ireland,HUMAN_OBSERVATION
50.54247,-3.49916,2018,2,United Kingdom of Great Britain and Northern Ireland,HUMAN_OBSERVATION
50.54247,-3.49916,2018,2,United Kingdom of Great Britain and Northern Ireland,HUMAN_OBSERVATION
50.54247,-3.49916,2018,2,United Kingdom of Great Britain and Northern Ireland,HUMAN_OBSERVATION
50.54247,-3.49916,2018,2,United Kingdom of Great Britain and Northern Ireland,HUMAN_OBSERVATION
50.54386,-3.506527,1988,8,United Kingdom of Great Britain and Northern Ireland,HUMAN_OBSERVATION
50.54386,-3.506527,1988,8,United Kingdom of Great Britain and Northern Ireland,HUMAN_OBSERVATION
50.544279,-3.543236,1988,7,United Kingdom of Great Britain and Northern Ireland,HUMAN_OBSERVATION
50.544768,-4.923722,1988,6,United Kingdom of Great Britain and Northern Ireland,HUMAN_OBSERVATION
50.544941,-3.492447,2016,9,United Kingdom of Great Britain and Northern Ireland,HUMAN_OBSERVATION
50.545103,-3.548909,1988,7,United Kingdom of Great Britain and Northern Ireland,HUMAN_OBSERVATION
50.545234,-3.539033,1988,7,United Kingdom of Great Britain and Northern Ireland,HUMAN_OBSERVATION
50.545253,-3.537622,1988,7,United Kingdom of Great Britain and Northern Ireland,HUMAN_OBSERVATION
50.54564,-3.507995,1988,8,United Kingdom of Great Britain and Northern Ireland,HUMAN_OBSERVATION
50.54617,-3.536241,1988,7,United Kingdom of Great Britain and Northern Ireland,HUMAN_OBSERVATION
50.546227,-3.507802,2004,11,United Kingdom of Great Britain and Northern Ireland,HUMAN_OBSERVATION
50.546521,-3.509434,1988,8,United Kingdom of Great Britain and Northern Ireland,HUMAN_OBSERVATION
50.546521,-3.509434,1988,8,United Kingdom of Great Britain and Northern Ireland,HUMAN_OBSERVATION
50.5691,-2.446783,2019,7,United Kingdom of Great Britain and Northern Ireland,HUMAN_OBSERVATION
50.57162,-2.451118,2013,11,United Kingdom of Great Britain and Northern Ireland,HUMAN_OBSERVATION
50.57234,-2.452025,2013,11,United Kingdom of Great Britain and Northern Ireland,HUMAN_OBSERVATION
50.575798,-1.301592,2002,7,United Kingdom of Great Britain and Northern Ireland,HUMAN_OBSERVATION
50.578272,-2.474485,2024,6,United Kingdom of Great Britain and Northern Ireland,HUMAN_OBSERVATION
50.580378,-3.463905,1992,6,United Kingdom of Great Britain and Northern Ireland,HUMAN_OBSERVATION
50.58259,-2.470036,2018,11,United Kingdom of Great Britain and Northern Ireland,HUMAN_OBSERVATION
50.582612,-4.885096,2016,7,United Kingdom of Great Britain and Northern Ireland,HUMAN_OBSERVATION
50.584142,-2.468188,1983,8,United Kingdom of Great Britain and Northern Ireland,HUMAN_OBSERVATION
50.59285,-2.491699,2016,5,United Kingdom of Great Britain and Northern Ireland,HUMAN_OBSERVATION
50.593228,-3.443111,1992,6,United Kingdom of Great Britain and Northern Ireland,HUMAN_OBSERVATION
50.593246,-3.441699,1992,6,United Kingdom of Great Britain and Northern Ireland,HUMAN_OBSERVATION
50.596621,-2.495156,1983,8,United Kingdom of Great Britain and Northern Ireland,HUMAN_OBSERVATION
50.5981,-2.454364,2021,12,United Kingdom of Great Britain and Northern Ireland,HUMAN_OBSERVATION
50.602475,-3.433573,2014,5,United Kingdom of Great Britain and Northern Ireland,HUMAN_OBSERVATION
50.604596,-3.430086,2015,4,United Kingdom of Great Britain and Northern Ireland,HUMAN_OBSERVATION
50.605361,-2.446495,2009,10,United Kingdom of Great Britain and Northern Ireland,HUMAN_OBSERVATION
50.605832,-3.442084,1985,8,United Kingdom of Great Britain and Northern Ireland,HUMAN_OBSERVATION
50.606535,-3.384162,1994,6,United Kingdom of Great Britain and Northern Ireland,HUMAN_OBSERVATION
50.606696,-2.450041,2014,9,United Kingdom of Great Britain and Northern Ireland,HUMAN_OBSERVATION
50.608391,-2.132083,1976,9,United Kingdom of Great Britain and Northern Ireland,HUMAN_OBSERVATION
50.609063,-3.398369,1991,11,United Kingdom of Great Britain and Northern Ireland,HUMAN_OBSERVATION
50.609063,-3.398369,1991,11,United Kingdom of Great Britain and Northern Ireland,HUMAN_OBSERVATION
50.609063,-3.398369,1991,11,United Kingdom of Great Britain and Northern Ireland,HUMAN_OBSERVATION
50.609097,-3.395544,1985,8,United Kingdom of Great Britain and Northern Ireland,HUMAN_OBSERVATION
50.609097,-3.395544,1985,8,United Kingdom of Great Britain and Northern Ireland,HUMAN_OBSERVATION
50.609131,-3.392718,1992,6,United Kingdom of Great Britain and Northern Ireland,HUMAN_OBSERVATION
50.609131,-3.392718,1992,6,United Kingdom of Great Britain and Northern Ireland,HUMAN_OBSERVATION
50.609198,-3.387067,1991,11,United Kingdom of Great Britain and Northern Ireland,HUMAN_OBSERVATION
50.614299,-2.460714,2006,7,United Kingdom of Great Britain and Northern Ireland,HUMAN_OBSERVATION
50.614299,-2.460714,2004,9,United Kingdom of Great Britain and Northern Ireland,HUMAN_OBSERVATION
50.615523,-3.421884,2009,7,United Kingdom of Great Britain and Northern Ireland,HUMAN_OBSERVATION
50.615523,-3.421884,2009,9,United Kingdom of Great Britain and Northern Ireland,HUMAN_OBSERVATION
50.615523,-3.421884,2006,7,United Kingdom of Great Britain and Northern Ireland,HUMAN_OBSERVATION
50.615523,-3.421884,2004,9,United Kingdom of Great Britain and Northern Ireland,HUMAN_OBSERVATION
50.615826,-3.433908,1992,6,United Kingdom of Great Britain and Northern Ireland,HUMAN_OBSERVATION
50.617606,-3.435376,1985,8,United Kingdom of Great Britain and Northern Ireland,HUMAN_OBSERVATION
50.617606,-3.435376,1985,8,United Kingdom of Great Britain and Northern Ireland,HUMAN_OBSERVATION
50.617762,-3.422658,2014,9,United Kingdom of Great Britain and Northern Ireland,HUMAN_OBSERVATION
50.618108,-1.170921,2017,3,United Kingdom of Great Britain and Northern Ireland,HUMAN_OBSERVATION
50.618383,-3.445295,1985,8,United Kingdom of Great Britain and Northern Ireland,HUMAN_OBSERVATION
50.618383,-3.445295,1985,8,United Kingdom of Great Britain and Northern Ireland,HUMAN_OBSERVATION
50.619299,-3.443909,1985,8,United Kingdom of Great Britain and Northern Ireland,HUMAN_OBSERVATION
50.622326,-3.417141,1985,8,United Kingdom of Great Britain and Northern Ireland,HUMAN_OBSERVATION
50.626491,-3.444129,1985,8,United Kingdom of Great Britain and Northern Ireland,HUMAN_OBSERVATION
50.628126,-3.305619,,,United Kingdom of Great Britain and Northern Ireland,HUMAN_OBSERVATION
50.629025,-3.305644,,,United Kingdom of Great Britain and Northern Ireland,HUMAN_OBSERVATION
50.629025,-3.305644,,,United Kingdom of Great Britain and Northern Ireland,HUMAN_OBSERVATION
50.629153,-3.447039,2006,4,United Kingdom of Great Britain and Northern Ireland,HUMAN_OBSERVATION
50.634377,-2.376067,2004,3,United Kingdom of Great Britain and Northern Ireland,MATERIAL_SAMPLE
50.634377,-2.376067,2004,3,United Kingdom of Great Britain and Northern Ireland,MATERIAL_SAMPLE
50.634547,-3.447205,1985,8,United Kingdom of Great Britain and Northern Ireland,HUMAN_OBSERVATION
50.634547,-3.447205,1985,8,United Kingdom of Great Britain and Northern Ireland,HUMAN_OBSERVATION
50.639025,-3.448756,1985,8,United Kingdom of Great Britain and Northern Ireland,HUMAN_OBSERVATION
50.639941,-3.44737,1985,8,United Kingdom of Great Britain and Northern Ireland,HUMAN_OBSERVATION
50.643764,-3.429101,1985,8,United Kingdom of Great Britain and Northern Ireland,HUMAN_OBSERVATION
50.643764,-3.429101,1985,8,United Kingdom of Great Britain and Northern Ireland,HUMAN_OBSERVATION
50.643764,-3.429101,1985,8,United Kingdom of Great Britain and Northern Ireland,HUMAN_OBSERVATION
50.652208,-1.465962,2002,7,United Kingdom of Great Britain and Northern Ireland,HUMAN_OBSERVATION
50.655396,-3.279496,1994,6,United Kingdom of Great Britain and Northern Ireland,HUMAN_OBSERVATION
50.655396,-3.279496,1994,6,United Kingdom of Great Britain and Northern Ireland,HUMAN_OBSERVATION
50.658093,-3.279569,1992,3,United Kingdom of Great Britain and Northern Ireland,HUMAN_OBSERVATION
50.658093,-3.279569,1992,3,United Kingdom of Great Britain and Northern Ireland,HUMAN_OBSERVATION
50.665674,-1.601955,2018,7,United Kingdom of Great Britain and Northern Ireland,HUMAN_OBSERVATION
50.665788,-2.944426,1998,7,United Kingdom of Great Britain and Northern Ireland,HUMAN_OBSERVATION
50.667104,-1.591726,2014,9,United Kingdom of Great Britain and Northern Ireland,HUMAN_OBSERVATION
50.667129,-1.598801,2014,9,United Kingdom of Great Britain and Northern Ireland,HUMAN_OBSERVATION
50.667451,-1.603581,2018,7,United Kingdom of Great Britain and Northern Ireland,HUMAN_OBSERVATION
50.667845,-3.445398,1985,8,United Kingdom of Great Britain and Northern Ireland,HUMAN_OBSERVATION
50.668762,-3.444011,1992,3,United Kingdom of Great Britain and Northern Ireland,HUMAN_OBSERVATION
50.669347,-1.600424,2018,7,United Kingdom of Great Britain and Northern Ireland,HUMAN_OBSERVATION
50.67279,-1.581035,2014,8,United Kingdom of Great Britain and Northern Ireland,HUMAN_OBSERVATION
50.673199,-1.939803,2013,4,United Kingdom of Great Britain and Northern Ireland,HUMAN_OBSERVATION
50.67497,-3.245374,2020,7,United Kingdom of Great Britain and Northern Ireland,HUMAN_OBSERVATION
50.67497,-3.245374,2020,7,United Kingdom of Great Britain and Northern Ireland,HUMAN_OBSERVATION
50.67497,-3.245374,2020,7,United Kingdom of Great Britain and Northern Ireland,HUMAN_OBSERVATION
50.67497,-3.245374,2020,7,United Kingdom of Great Britain and Northern Ireland,HUMAN_OBSERVATION
50.675824,-1.588325,2018,7,United Kingdom of Great Britain and Northern Ireland,HUMAN_OBSERVATION
50.676488,-3.241855,1992,9,United Kingdom of Great Britain and Northern Ireland,HUMAN_OBSERVATION
50.676488,-3.241855,1992,9,United Kingdom of Great Britain and Northern Ireland,HUMAN_OBSERVATION
50.676488,-3.241855,1992,9,United Kingdom of Great Britain and Northern Ireland,HUMAN_OBSERVATION
50.676488,-3.241855,1992,9,United Kingdom of Great Britain and Northern Ireland,HUMAN_OBSERVATION
50.678606,-1.972349,1984,,United Kingdom of Great Britain and Northern Ireland,HUMAN_OBSERVATION
50.678609,-1.986502,1984,,United Kingdom of Great Britain and Northern Ireland,HUMAN_OBSERVATION
50.680247,-1.565584,2018,7,United Kingdom of Great Britain and Northern Ireland,HUMAN_OBSERVATION
50.682262,-1.556209,2014,9,United Kingdom of Great Britain and Northern Ireland,HUMAN_OBSERVATION
50.684894,-1.951112,1984,,United Kingdom of Great Britain and Northern Ireland,HUMAN_OBSERVATION
50.684901,-1.972345,1984,,United Kingdom of Great Britain and Northern Ireland,HUMAN_OBSERVATION
50.685404,-2.029702,2002,3,United Kingdom of Great Britain and Northern Ireland,HUMAN_OBSERVATION
50.6858,-2.030382,2002,3,United Kingdom of Great Britain and Northern Ireland,HUMAN_OBSERVATION
50.6858,-2.030382,2002,3,United Kingdom of Great Britain and Northern Ireland,HUMAN_OBSERVATION
50.686988,-1.559703,2018,7,United Kingdom of Great Britain and Northern Ireland,HUMAN_OBSERVATION
50.688739,-1.563792,2018,7,United Kingdom of Great Britain and Northern Ireland,HUMAN_OBSERVATION
50.689407,-1.543401,1986,6,United Kingdom of Great Britain and Northern Ireland,HUMAN_OBSERVATION
50.69151,1.56286,2017,3,France,HUMAN_OBSERVATION
50.692097,-2.020476,1984,,United Kingdom of Great Britain and Northern Ireland,HUMAN_OBSERVATION
50.69285,-1.073432,2006,8,United Kingdom of Great Britain and Northern Ireland,MATERIAL_SAMPLE
50.69285,-1.073432,2006,8,United Kingdom of Great Britain and Northern Ireland,MATERIAL_SAMPLE
50.692985,-1.944025,1985,,United Kingdom of Great Britain and Northern Ireland,HUMAN_OBSERVATION
50.693897,-2.000656,1984,,United Kingdom of Great Britain and Northern Ireland,HUMAN_OBSERVATION
50.693897,-1.987914,1985,,United Kingdom of Great Britain and Northern Ireland,HUMAN_OBSERVATION
50.69551,-1.060536,1997,8,United Kingdom of Great Britain and Northern Ireland,HUMAN_OBSERVATION
50.697165,-1.545039,2018,7,United Kingdom of Great Britain and Northern Ireland,HUMAN_OBSERVATION
50.698546,-1.546427,2018,7,United Kingdom of Great Britain and Northern Ireland,HUMAN_OBSERVATION
50.699342,-1.090195,1979,2,United Kingdom of Great Britain and Northern Ireland,HUMAN_OBSERVATION
50.699647,-3.083874,1994,6,United Kingdom of Great Britain and Northern Ireland,HUMAN_OBSERVATION
50.699647,-3.083874,1994,6,United Kingdom of Great Britain and Northern Ireland,HUMAN_OBSERVATION
50.699647,-3.083874,1994,6,United Kingdom of Great Britain and Northern Ireland,HUMAN_OBSERVATION
50.700184,-1.956761,1985,,United Kingdom of Great Britain and Northern Ireland,HUMAN_OBSERVATION
50.701668,-1.09788,2021,8,United Kingdom of Great Britain and Northern Ireland,HUMAN_OBSERVATION
50.702171,-1.097365,2021,8,United Kingdom of Great Britain and Northern Ireland,HUMAN_OBSERVATION
50.702332,-1.097279,2021,8,United Kingdom of Great Britain and Northern Ireland,HUMAN_OBSERVATION
50.702888,-1.976583,1985,,United Kingdom of Great Britain and Northern Ireland,HUMAN_OBSERVATION
50.70329,-0.773091,2019,5,United Kingdom of Great Britain and Northern Ireland,HUMAN_OBSERVATION
50.707224,-1.502158,1988,9,United Kingdom of Great Britain and Northern Ireland,HUMAN_OBSERVATION
50.707386,-2.006321,1985,,United Kingdom of Great Britain and Northern Ireland,HUMAN_OBSERVATION
50.70792,-1.498019,2017,8,United Kingdom of Great Britain and Northern Ireland,HUMAN_OBSERVATION
50.70792,-1.49792,2018,8,United Kingdom of Great Britain and Northern Ireland,HUMAN_OBSERVATION
50.70792,-1.49792,2018,8,United Kingdom of Great Britain and Northern Ireland,HUMAN_OBSERVATION
50.710078,-2.037479,1985,,United Kingdom of Great Britain and Northern Ireland,HUMAN_OBSERVATION
50.710608,-1.972639,2024,2,United Kingdom of Great Britain and Northern Ireland,HUMAN_OBSERVATION
50.710982,-1.982244,2014,9,United Kingdom of Great Britain and Northern Ireland,HUMAN_OBSERVATION
50.711185,-2.762631,1994,7,United Kingdom of Great Britain and Northern Ireland,HUMAN_OBSERVATION
50.711448,-1.977492,2018,9,United Kingdom of Great Britain and Northern Ireland,MATERIAL_SAMPLE
50.711448,-1.977492,2018,9,United Kingdom of Great Britain and Northern Ireland,MATERIAL_SAMPLE
50.712452,-2.956695,1994,6,United Kingdom of Great Britain and Northern Ireland,HUMAN_OBSERVATION
50.714129,-1.980118,2011,6,United Kingdom of Great Britain and Northern Ireland,HUMAN_OBSERVATION
50.714129,-1.980118,2006,2,United Kingdom of Great Britain and Northern Ireland,HUMAN_OBSERVATION
50.714129,-1.980118,2006,7,United Kingdom of Great Britain and Northern Ireland,HUMAN_OBSERVATION
50.714129,-1.980118,2004,9,United Kingdom of Great Britain and Northern Ireland,HUMAN_OBSERVATION
50.716105,-1.476568,1986,6,United Kingdom of Great Britain and Northern Ireland,HUMAN_OBSERVATION
50.717028,-2.946872,1994,5,United Kingdom of Great Britain and Northern Ireland,HUMAN_OBSERVATION
50.719076,-1.987907,1985,,United Kingdom of Great Britain and Northern Ireland,HUMAN_OBSERVATION
50.719491,-1.29078,2006,8,United Kingdom of Great Britain and Northern Ireland,MATERIAL_SAMPLE
50.719491,-1.29078,2006,8,United Kingdom of Great Britain and Northern Ireland,MATERIAL_SAMPLE
50.720065,-2.84423,1994,5,United Kingdom of Great Britain and Northern Ireland,HUMAN_OBSERVATION
50.721774,-1.98649,2013,4,United Kingdom of Great Britain and Northern Ireland,HUMAN_OBSERVATION
50.722329,-2.842145,1994,8,United Kingdom of Great Britain and Northern Ireland,HUMAN_OBSERVATION
50.724611,-1.227129,1988,9,United Kingdom of Great Britain and Northern Ireland,HUMAN_OBSERVATION
50.727078,-2.927239,1994,5,United Kingdom of Great Britain and Northern Ireland,HUMAN_OBSERVATION
50.727078,-2.927239,1994,5,United Kingdom of Great Britain and Northern Ireland,HUMAN_OBSERVATION
50.728069,-1.993572,1985,,United Kingdom of Great Britain and Northern Ireland,HUMAN_OBSERVATION
50.728397,-1.41409,2013,6,United Kingdom of Great Britain and Northern Ireland,HUMAN_OBSERVATION
50.728552,-1.5386,2002,11,United Kingdom of Great Britain and Northern Ireland,HUMAN_OBSERVATION
50.730189,-1.431047,2006,8,United Kingdom of Great Britain and Northern Ireland,MATERIAL_SAMPLE
50.730189,-1.431047,2006,8,United Kingdom of Great Britain and Northern Ireland,MATERIAL_SAMPLE
50.730634,-1.535491,2002,11,United Kingdom of Great Britain and Northern Ireland,HUMAN_OBSERVATION
50.730892,-1.412954,2011,5,United Kingdom of Great Britain and Northern Ireland,HUMAN_OBSERVATION
50.730914,0.188555,1993,3,United Kingdom of Great Britain and Northern Ireland,HUMAN_OBSERVATION
50.730914,0.188555,1993,3,United Kingdom of Great Britain and Northern Ireland,HUMAN_OBSERVATION
50.730914,0.188555,1993,3,United Kingdom of Great Britain and Northern Ireland,HUMAN_OBSERVATION
50.730914,0.188555,1993,3,United Kingdom of Great Britain and Northern Ireland,HUMAN_OBSERVATION
50.731641,-2.918828,1994,5,United Kingdom of Great Britain and Northern Ireland,HUMAN_OBSERVATION
50.731641,-2.918828,1994,5,United Kingdom of Great Britain and Northern Ireland,HUMAN_OBSERVATION
50.731757,-1.219927,1988,9,United Kingdom of Great Britain and Northern Ireland,HUMAN_OBSERVATION
50.735296,-1.211366,1988,9,United Kingdom of Great Britain and Northern Ireland,HUMAN_OBSERVATION
50.735296,-1.211366,1988,9,United Kingdom of Great Britain and Northern Ireland,HUMAN_OBSERVATION
50.740749,-1.219778,1989,3,United Kingdom of Great Britain and Northern Ireland,HUMAN_OBSERVATION
50.7424,-1.527296,1989,3,United Kingdom of Great Britain and Northern Ireland,HUMAN_OBSERVATION
50.74245,-0.0102,2005,9,United Kingdom of Great Britain and Northern Ireland,HUMAN_OBSERVATION
50.74245,-0.0102,2005,9,United Kingdom of Great Britain and Northern Ireland,HUMAN_OBSERVATION
50.74443,-1.384127,1986,6,United Kingdom of Great Britain and Northern Ireland,HUMAN_OBSERVATION
50.747222,0.182228,,,United Kingdom of Great Britain and Northern Ireland,HUMAN_OBSERVATION
50.747222,0.182228,,,United Kingdom of Great Britain and Northern Ireland,HUMAN_OBSERVATION
50.749141,-1.526519,2009,10,United Kingdom of Great Britain and Northern Ireland,HUMAN_OBSERVATION
50.75039,1.59407,2014,9,France,HUMAN_OBSERVATION
50.750487,-1.525797,2014,9,United Kingdom of Great Britain and Northern Ireland,HUMAN_OBSERVATION
50.751092,-1.290482,2014,9,United Kingdom of Great Britain and Northern Ireland,HUMAN_OBSERVATION
50.751375,1.591734,2015,4,France,HUMAN_OBSERVATION
50.754689,-1.290428,2013,6,United Kingdom of Great Britain and Northern Ireland,HUMAN_OBSERVATION
50.754911,-1.255682,1991,9,United Kingdom of Great Britain and Northern Ireland,MATERIAL_SAMPLE
50.754911,-1.255682,1991,9,United Kingdom of Great Britain and Northern Ireland,MATERIAL_SAMPLE
50.755588,-1.290415,2013,6,United Kingdom of Great Britain and Northern Ireland,HUMAN_OBSERVATION
50.756993,-1.299608,2009,12,United Kingdom of Great Britain and Northern Ireland,HUMAN_OBSERVATION
50.758134,-1.526429,2009,12,United Kingdom of Great Britain and Northern Ireland,HUMAN_OBSERVATION
50.758561,-1.337155,1986,6,United Kingdom of Great Britain and Northern Ireland,HUMAN_OBSERVATION
50.759313,-1.33499,2018,6,United Kingdom of Great Britain and Northern Ireland,HUMAN_OBSERVATION
50.765418,-1.28034,2008,1,United Kingdom of Great Britain and Northern Ireland,HUMAN_OBSERVATION
50.765791,-1.19951,2011,5,United Kingdom of Great Britain and Northern Ireland,HUMAN_OBSERVATION
50.765985,-1.299474,2009,12,United Kingdom of Great Britain and Northern Ireland,HUMAN_OBSERVATION
50.772237,-1.370998,1986,6,United Kingdom of Great Britain and Northern Ireland,HUMAN_OBSERVATION
50.776944,1.720833,2018,4,France,LIVING_SPECIMEN
50.779236,-1.129358,2021,9,United Kingdom of Great Britain and Northern Ireland,HUMAN_OBSERVATION
50.77943,-0.918819,2020,7,United Kingdom of Great Britain and Northern Ireland,HUMAN_OBSERVATION
50.779469,-1.377993,2005,9,United Kingdom of Great Britain and Northern Ireland,HUMAN_OBSERVATION
50.780343,0.041911,1993,3,United Kingdom of Great Britain and Northern Ireland,HUMAN_OBSERVATION
50.780343,0.041911,1993,3,United Kingdom of Great Britain and Northern Ireland,HUMAN_OBSERVATION
50.780343,0.041911,1993,3,United Kingdom of Great Britain and Northern Ireland,HUMAN_OBSERVATION
50.780343,0.041911,1993,3,United Kingdom of Great Britain and Northern Ireland,HUMAN_OBSERVATION
50.780556,1.713611,2018,4,France,LIVING_SPECIMEN
50.783611,1.710556,2018,4,France,LIVING_SPECIMEN
50.78458,-1.166978,2020,6,United Kingdom of Great Britain and Northern Ireland,HUMAN_OBSERVATION
50.786409,0.054944,2014,8,United Kingdom of Great Britain and Northern Ireland,HUMAN_OBSERVATION
50.787572,-1.228929,1991,4,United Kingdom of Great Britain and Northern Ireland,HUMAN_OBSERVATION
50.787572,-1.228929,1991,4,United Kingdom of Great Britain and Northern Ireland,HUMAN_OBSERVATION
50.787572,-1.228929,1991,4,United Kingdom of Great Britain and Northern Ireland,HUMAN_OBSERVATION
50.787952,-1.125953,2021,9,United Kingdom of Great Britain and Northern Ireland,HUMAN_OBSERVATION
50.789758,-0.93522,2006,9,United Kingdom of Great Britain and Northern Ireland,HUMAN_OBSERVATION
50.790212,-1.026378,2018,6,United Kingdom of Great Britain and Northern Ireland,HUMAN_OBSERVATION
50.790374,-1.116804,2014,10,United Kingdom of Great Britain and Northern Ireland,HUMAN_OBSERVATION
50.79061,-1.033094,2014,8,United Kingdom of Great Britain and Northern Ireland,HUMAN_OBSERVATION
50.79103,-1.029539,2009,10,United Kingdom of Great Britain and Northern Ireland,HUMAN_OBSERVATION
50.79103,-1.029539,2004,9,United Kingdom of Great Britain and Northern Ireland,HUMAN_OBSERVATION
50.791164,-1.035168,2015,3,United Kingdom of Great Britain and Northern Ireland,MATERIAL_SAMPLE
50.791164,-1.035168,2015,3,United Kingdom of Great Britain and Northern Ireland,MATERIAL_SAMPLE
50.79358,-0.111087,2005,9,United Kingdom of Great Britain and Northern Ireland,HUMAN_OBSERVATION
50.795987,-4.559459,2021,2,United Kingdom of Great Britain and Northern Ireland,HUMAN_OBSERVATION
50.796761,-1.01594,2005,,United Kingdom of Great Britain and Northern Ireland,HUMAN_OBSERVATION
50.797578,-1.118087,2014,8,United Kingdom of Great Britain and Northern Ireland,HUMAN_OBSERVATION
50.797888,-0.939292,2013,6,United Kingdom of Great Britain and Northern Ireland,HUMAN_OBSERVATION
50.798522,-1.410376,2013,6,United Kingdom of Great Britain and Northern Ireland,HUMAN_OBSERVATION
50.800698,-1.114481,2009,12,United Kingdom of Great Britain and Northern Ireland,HUMAN_OBSERVATION
50.800805,-1.12867,2009,12,United Kingdom of Great Britain and Northern Ireland,HUMAN_OBSERVATION
50.801076,-0.994564,2005,,United Kingdom of Great Britain and Northern Ireland,HUMAN_OBSERVATION
50.802095,-1.120841,2014,8,United Kingdom of Great Britain and Northern Ireland,HUMAN_OBSERVATION
50.802422,-0.848367,2006,9,United Kingdom of Great Britain and Northern Ireland,HUMAN_OBSERVATION
50.80389,-1.312369,2021,8,United Kingdom of Great Britain and Northern Ireland,HUMAN_OBSERVATION
50.804026,-0.922124,2013,9,United Kingdom of Great Britain and Northern Ireland,HUMAN_OBSERVATION
50.804026,-0.922124,2013,9,United Kingdom of Great Britain and Northern Ireland,HUMAN_OBSERVATION
50.804852,-1.417392,2013,6,United Kingdom of Great Britain and Northern Ireland,HUMAN_OBSERVATION
50.804863,1.601958,2017,5,France,HUMAN_OBSERVATION
50.806691,-0.825554,2005,9,United Kingdom of Great Britain and Northern Ireland,HUMAN_OBSERVATION
50.806691,-0.825554,2005,9,United Kingdom of Great Britain and Northern Ireland,HUMAN_OBSERVATION
50.806905,-0.941927,2013,6,United Kingdom of Great Britain and Northern Ireland,HUMAN_OBSERVATION
50.80752,-1.316546,2020,5,United Kingdom of Great Britain and Northern Ireland,HUMAN_OBSERVATION
50.808036,-1.316373,2024,1,United Kingdom of Great Britain and Northern Ireland,HUMAN_OBSERVATION
50.80929,-1.215586,2016,6,United Kingdom of Great Britain and Northern Ireland,HUMAN_OBSERVATION
50.80929,-1.215586,2016,6,United Kingdom of Great Britain and Northern Ireland,HUMAN_OBSERVATION
50.809735,-1.214868,2016,5,United Kingdom of Great Britain and Northern Ireland,HUMAN_OBSERVATION
50.809735,-1.214868,2016,5,United Kingdom of Great Britain and Northern Ireland,HUMAN_OBSERVATION
50.809735,-1.214868,2016,5,United Kingdom of Great Britain and Northern Ireland,HUMAN_OBSERVATION
50.809735,-1.214868,2016,5,United Kingdom of Great Britain and Northern Ireland,HUMAN_OBSERVATION
50.809735,-1.214868,2016,5,United Kingdom of Great Britain and Northern Ireland,HUMAN_OBSERVATION
50.809735,-1.214868,2016,5,United Kingdom of Great Britain and Northern Ireland,HUMAN_OBSERVATION
50.809735,-1.214868,2016,5,United Kingdom of Great Britain and Northern Ireland,HUMAN_OBSERVATION
50.809735,-1.214868,2016,5,United Kingdom of Great Britain and Northern Ireland,HUMAN_OBSERVATION
50.809735,-1.214868,2016,5,United Kingdom of Great Britain and Northern Ireland,HUMAN_OBSERVATION
50.809735,-1.214868,2016,5,United Kingdom of Great Britain and Northern Ireland,HUMAN_OBSERVATION
50.809735,-1.214868,2016,5,United Kingdom of Great Britain and Northern Ireland,HUMAN_OBSERVATION
50.809735,-1.214868,2016,5,United Kingdom of Great Britain and Northern Ireland,HUMAN_OBSERVATION
50.810623,-0.100136,2014,8,United Kingdom of Great Britain and Northern Ireland,HUMAN_OBSERVATION
50.814121,-1.303723,2005,9,United Kingdom of Great Britain and Northern Ireland,HUMAN_OBSERVATION
50.814697,-0.816836,2013,9,United Kingdom of Great Britain and Northern Ireland,HUMAN_OBSERVATION
50.814697,-0.816836,2013,9,United Kingdom of Great Britain and Northern Ireland,HUMAN_OBSERVATION
50.816518,-1.012686,2015,8,United Kingdom of Great Britain and Northern Ireland,HUMAN_OBSERVATION
50.816518,-1.012686,2015,8,United Kingdom of Great Britain and Northern Ireland,HUMAN_OBSERVATION
50.817334,-1.307498,2011,3,United Kingdom of Great Britain and Northern Ireland,MATERIAL_SAMPLE
50.817334,-1.307498,2011,3,United Kingdom of Great Britain and Northern Ireland,MATERIAL_SAMPLE
50.817502,-1.247246,2013,12,United Kingdom of Great Britain and Northern Ireland,HUMAN_OBSERVATION
50.818213,-0.900503,,,United Kingdom of Great Britain and Northern Ireland,HUMAN_OBSERVATION
50.818316,-1.012648,2014,3,United Kingdom of Great Britain and Northern Ireland,HUMAN_OBSERVATION
50.819192,-0.816722,2013,9,United Kingdom of Great Britain and Northern Ireland,HUMAN_OBSERVATION
50.819253,-1.45062,2023,4,United Kingdom of Great Britain and Northern Ireland,HUMAN_OBSERVATION
50.819279,-0.994783,2014,3,United Kingdom of Great Britain and Northern Ireland,HUMAN_OBSERVATION
50.82077,-0.984203,2005,,United Kingdom of Great Britain and Northern Ireland,HUMAN_OBSERVATION
50.823621,-1.113338,2015,4,United Kingdom of Great Britain and Northern Ireland,HUMAN_OBSERVATION
50.824622,-1.013935,2005,,United Kingdom of Great Britain and Northern Ireland,HUMAN_OBSERVATION
50.825795,-1.110627,2015,4,United Kingdom of Great Britain and Northern Ireland,HUMAN_OBSERVATION
50.826214,-0.989764,2015,8,United Kingdom of Great Britain and Northern Ireland,HUMAN_OBSERVATION
50.826214,-0.989764,2015,8,United Kingdom of Great Britain and Northern Ireland,HUMAN_OBSERVATION
50.826214,-0.989764,2015,8,United Kingdom of Great Britain and Northern Ireland,HUMAN_OBSERVATION
50.826661,-0.233669,2009,10,United Kingdom of Great Britain and Northern Ireland,HUMAN_OBSERVATION
50.827505,-1.322592,2002,3,United Kingdom of Great Britain and Northern Ireland,HUMAN_OBSERVATION
50.827717,-1.321978,2002,3,United Kingdom of Great Britain and Northern Ireland,HUMAN_OBSERVATION
50.82928,1.58961,2015,1,France,HUMAN_OBSERVATION
50.8294,1.5895,2017,5,France,HUMAN_OBSERVATION
50.830414,1.58977,2018,5,France,HUMAN_OBSERVATION
50.830695,-0.232807,2014,8,United Kingdom of Great Britain and Northern Ireland,HUMAN_OBSERVATION
50.830727,-1.101844,2013,9,United Kingdom of Great Britain and Northern Ireland,HUMAN_OBSERVATION
50.830727,-1.101844,2013,9,United Kingdom of Great Britain and Northern Ireland,HUMAN_OBSERVATION
50.830727,-1.101844,2013,9,United Kingdom of Great Britain and Northern Ireland,HUMAN_OBSERVATION
50.830727,-1.101844,2013,9,United Kingdom of Great Britain and Northern Ireland,HUMAN_OBSERVATION
50.831754,-0.279984,2025,1,United Kingdom of Great Britain and Northern Ireland,HUMAN_OBSERVATION
50.83214,-0.98163,2018,5,United Kingdom of Great Britain and Northern Ireland,HUMAN_OBSERVATION
50.83214,-0.98163,2018,5,United Kingdom of Great Britain and Northern Ireland,HUMAN_OBSERVATION
50.83214,-0.98163,2018,5,United Kingdom of Great Britain and Northern Ireland,HUMAN_OBSERVATION
50.83214,-0.98163,2018,5,United Kingdom of Great Britain and Northern Ireland,HUMAN_OBSERVATION
50.83214,-0.98163,2018,5,United Kingdom of Great Britain and Northern Ireland,HUMAN_OBSERVATION
50.83214,-0.98163,2018,5,United Kingdom of Great Britain and Northern Ireland,HUMAN_OBSERVATION
50.83214,-0.98163,2018,5,United Kingdom of Great Britain and Northern Ireland,HUMAN_OBSERVATION
50.83214,-0.98163,2018,5,United Kingdom of Great Britain and Northern Ireland,HUMAN_OBSERVATION
50.83214,-0.98163,2018,5,United Kingdom of Great Britain and Northern Ireland,HUMAN_OBSERVATION
50.83214,-0.98163,2018,5,United Kingdom of Great Britain and Northern Ireland,HUMAN_OBSERVATION
50.83214,-0.98163,2018,5,United Kingdom of Great Britain and Northern Ireland,HUMAN_OBSERVATION
50.83214,-0.98163,2018,5,United Kingdom of Great Britain and Northern Ireland,HUMAN_OBSERVATION
50.83214,-0.98163,2018,5,United Kingdom of Great Britain and Northern Ireland,HUMAN_OBSERVATION
50.83214,-0.98163,2018,5,United Kingdom of Great Britain and Northern Ireland,HUMAN_OBSERVATION
50.83214,-0.98163,2018,5,United Kingdom of Great Britain and Northern Ireland,HUMAN_OBSERVATION
50.83214,-0.98163,2018,5,United Kingdom of Great Britain and Northern Ireland,HUMAN_OBSERVATION
50.83235,-0.98153,2018,5,United Kingdom of Great Britain and Northern Ireland,HUMAN_OBSERVATION
50.83235,-0.98153,2018,5,United Kingdom of Great Britain and Northern Ireland,HUMAN_OBSERVATION
50.83235,-0.98153,2018,5,United Kingdom of Great Britain and Northern Ireland,HUMAN_OBSERVATION
50.83235,-0.98153,2018,5,United Kingdom of Great Britain and Northern Ireland,HUMAN_OBSERVATION
50.83235,-0.98153,2018,5,United Kingdom of Great Britain and Northern Ireland,HUMAN_OBSERVATION
50.83235,-0.98153,2018,5,United Kingdom of Great Britain and Northern Ireland,HUMAN_OBSERVATION
50.83235,-0.98153,2018,5,United Kingdom of Great Britain and Northern Ireland,HUMAN_OBSERVATION
50.83235,-0.98153,2018,5,United Kingdom of Great Britain and Northern Ireland,HUMAN_OBSERVATION
50.83235,-0.98153,2018,5,United Kingdom of Great Britain and Northern Ireland,HUMAN_OBSERVATION
50.83235,-0.98153,2018,5,United Kingdom of Great Britain and Northern Ireland,HUMAN_OBSERVATION
50.83235,-0.98153,2018,5,United Kingdom of Great Britain and Northern Ireland,HUMAN_OBSERVATION
50.83235,-0.98153,2018,5,United Kingdom of Great Britain and Northern Ireland,HUMAN_OBSERVATION
50.83235,-0.98153,2018,5,United Kingdom of Great Britain and Northern Ireland,HUMAN_OBSERVATION
50.83235,-0.98153,2018,5,United Kingdom of Great Britain and Northern Ireland,HUMAN_OBSERVATION
50.83235,-0.98153,2018,5,United Kingdom of Great Britain and Northern Ireland,HUMAN_OBSERVATION
50.83235,-0.98153,2018,5,United Kingdom of Great Britain and Northern Ireland,HUMAN_OBSERVATION
50.8324,-0.9815,2018,5,United Kingdom of Great Britain and Northern Ireland,HUMAN_OBSERVATION
50.8324,-0.9815,2018,5,United Kingdom of Great Britain and Northern Ireland,HUMAN_OBSERVATION
50.8324,-0.9815,2018,5,United Kingdom of Great Britain and Northern Ireland,HUMAN_OBSERVATION
50.8324,-0.9815,2018,5,United Kingdom of Great Britain and Northern Ireland,HUMAN_OBSERVATION
50.8324,-0.9815,2018,5,United Kingdom of Great Britain and Northern Ireland,HUMAN_OBSERVATION
50.8324,-0.9815,2018,5,United Kingdom of Great Britain and Northern Ireland,HUMAN_OBSERVATION
50.8324,-0.9815,2018,5,United Kingdom of Great Britain and Northern Ireland,HUMAN_OBSERVATION
50.8324,-0.9815,2018,5,United Kingdom of Great Britain and Northern Ireland,HUMAN_OBSERVATION
50.8324,-0.9815,2018,5,United Kingdom of Great Britain and Northern Ireland,HUMAN_OBSERVATION
50.8324,-0.9815,2018,5,United Kingdom of Great Britain and Northern Ireland,HUMAN_OBSERVATION
50.8324,-0.9815,2018,5,United Kingdom of Great Britain and Northern Ireland,HUMAN_OBSERVATION
50.8324,-0.9815,2018,5,United Kingdom of Great Britain and Northern Ireland,HUMAN_OBSERVATION
50.8324,-0.9815,2018,5,United Kingdom of Great Britain and Northern Ireland,HUMAN_OBSERVATION
50.8324,-0.9815,2018,5,United Kingdom of Great Britain and Northern Ireland,HUMAN_OBSERVATION
50.8324,-0.9815,2018,5,United Kingdom of Great Britain and Northern Ireland,HUMAN_OBSERVATION
50.8324,-0.9815,2018,5,United Kingdom of Great Britain and Northern Ireland,HUMAN_OBSERVATION
50.83261,-0.98145,2018,5,United Kingdom of Great Britain and Northern Ireland,HUMAN_OBSERVATION
50.83261,-0.98145,2018,5,United Kingdom of Great Britain and Northern Ireland,HUMAN_OBSERVATION
50.83261,-0.98145,2018,5,United Kingdom of Great Britain and Northern Ireland,HUMAN_OBSERVATION
50.83261,-0.98145,2018,5,United Kingdom of Great Britain and Northern Ireland,HUMAN_OBSERVATION
50.83261,-0.98145,2018,5,United Kingdom of Great Britain and Northern Ireland,HUMAN_OBSERVATION
50.83261,-0.98145,2018,5,United Kingdom of Great Britain and Northern Ireland,HUMAN_OBSERVATION
50.83261,-0.98145,2018,5,United Kingdom of Great Britain and Northern Ireland,HUMAN_OBSERVATION
50.83261,-0.98145,2018,5,United Kingdom of Great Britain and Northern Ireland,HUMAN_OBSERVATION
50.83261,-0.98145,2018,5,United Kingdom of Great Britain and Northern Ireland,HUMAN_OBSERVATION
50.83261,-0.98145,2018,5,United Kingdom of Great Britain and Northern Ireland,HUMAN_OBSERVATION
50.83261,-0.98145,2018,5,United Kingdom of Great Britain and Northern Ireland,HUMAN_OBSERVATION
50.83261,-0.98145,2018,5,United Kingdom of Great Britain and Northern Ireland,HUMAN_OBSERVATION
50.83261,-0.98145,2018,5,United Kingdom of Great Britain and Northern Ireland,HUMAN_OBSERVATION
50.83261,-0.98145,2018,5,United Kingdom of Great Britain and Northern Ireland,HUMAN_OBSERVATION
50.83261,-0.98145,2018,5,United Kingdom of Great Britain and Northern Ireland,HUMAN_OBSERVATION
50.83261,-0.98145,2018,5,United Kingdom of Great Britain and Northern Ireland,HUMAN_OBSERVATION
50.833102,-0.858972,2005,9,United Kingdom of Great Britain and Northern Ireland,HUMAN_OBSERVATION
50.833619,-0.284075,2025,1,United Kingdom of Great Britain and Northern Ireland,HUMAN_OBSERVATION
50.834942,-0.863188,2013,9,United Kingdom of Great Britain and Northern Ireland,HUMAN_OBSERVATION
50.834956,-0.864607,2013,9,United Kingdom of Great Britain and Northern Ireland,HUMAN_OBSERVATION
50.834956,-0.864607,2013,9,United Kingdom of Great Britain and Northern Ireland,HUMAN_OBSERVATION
50.835693,-1.301982,,,United Kingdom of Great Britain and Northern Ireland,HUMAN_OBSERVATION
50.835693,-1.301982,,,United Kingdom of Great Britain and Northern Ireland,HUMAN_OBSERVATION
50.83659,3.26079,2025,6,Belgium,HUMAN_OBSERVATION
50.838006,-0.901458,,,United Kingdom of Great Britain and Northern Ireland,HUMAN_OBSERVATION
50.839307,-1.304768,2005,9,United Kingdom of Great Britain and Northern Ireland,HUMAN_OBSERVATION
50.84098,-0.931214,2005,9,United Kingdom of Great Britain and Northern Ireland,HUMAN_OBSERVATION
50.84137,0.499859,2024,2,United Kingdom of Great Britain and Northern Ireland,HUMAN_OBSERVATION
50.847441,-1.31175,2005,9,United Kingdom of Great Britain and Northern Ireland,HUMAN_OBSERVATION
50.847441,-1.31175,2005,9,United Kingdom of Great Britain and Northern Ireland,HUMAN_OBSERVATION
50.851929,-1.310263,2014,9,United Kingdom of Great Britain and Northern Ireland,HUMAN_OBSERVATION
50.854994,-1.367116,2001,8,United Kingdom of Great Britain and Northern Ireland,HUMAN_OBSERVATION
50.855988,-1.312334,2004,9,United Kingdom of Great Britain and Northern Ireland,HUMAN_OBSERVATION
50.85645,-1.358785,2011,5,United Kingdom of Great Britain and Northern Ireland,HUMAN_OBSERVATION
50.856716,-1.361339,2007,5,United Kingdom of Great Britain and Northern Ireland,HUMAN_OBSERVATION
50.85673,-1.360742,2007,5,United Kingdom of Great Britain and Northern Ireland,HUMAN_OBSERVATION
50.85764,-1.374326,2001,8,United Kingdom of Great Britain and Northern Ireland,HUMAN_OBSERVATION
50.860948,-1.368968,2007,5,United Kingdom of Great Britain and Northern Ireland,HUMAN_OBSERVATION
50.861109,-1.342807,,,United Kingdom of Great Britain and Northern Ireland,HUMAN_OBSERVATION
50.861109,-1.342807,,,United Kingdom of Great Britain and Northern Ireland,HUMAN_OBSERVATION
50.861172,-1.354173,,,United Kingdom of Great Britain and Northern Ireland,HUMAN_OBSERVATION
50.86125,-1.368381,2007,5,United Kingdom of Great Britain and Northern Ireland,HUMAN_OBSERVATION
50.864274,-1.38731,2001,8,United Kingdom of Great Britain and Northern Ireland,HUMAN_OBSERVATION
50.864979,-1.312202,2009,12,United Kingdom of Great Britain and Northern Ireland,HUMAN_OBSERVATION
50.87143,1.59065,2015,1,France,HUMAN_OBSERVATION
50.87329,-1.388457,2016,5,United Kingdom of Great Britain and Northern Ireland,HUMAN_OBSERVATION
50.873885,-1.376738,1994,5,United Kingdom of Great Britain and Northern Ireland,HUMAN_OBSERVATION
50.873971,-1.31207,2009,12,United Kingdom of Great Britain and Northern Ireland,HUMAN_OBSERVATION
50.874738,-1.368199,2016,5,United Kingdom of Great Britain and Northern Ireland,HUMAN_OBSERVATION
50.874738,-1.368199,2016,5,United Kingdom of Great Britain and Northern Ireland,HUMAN_OBSERVATION
50.874738,-1.368199,2013,6,United Kingdom of Great Britain and Northern Ireland,HUMAN_OBSERVATION
50.874738,-1.368199,2013,6,United Kingdom of Great Britain and Northern Ireland,HUMAN_OBSERVATION
50.874738,-1.368199,2011,5,United Kingdom of Great Britain and Northern Ireland,HUMAN_OBSERVATION
50.874738,-1.368199,2011,5,United Kingdom of Great Britain and Northern Ireland,HUMAN_OBSERVATION
50.874738,-1.368199,2011,5,United Kingdom of Great Britain and Northern Ireland,HUMAN_OBSERVATION
50.875112,-1.307334,2011,5,United Kingdom of Great Britain and Northern Ireland,HUMAN_OBSERVATION
50.875691,-1.378135,1994,5,United Kingdom of Great Britain and Northern Ireland,HUMAN_OBSERVATION
50.876395,-1.380286,2007,5,United Kingdom of Great Britain and Northern Ireland,HUMAN_OBSERVATION
50.876395,-1.380286,2004,6,United Kingdom of Great Britain and Northern Ireland,HUMAN_OBSERVATION
50.876395,-1.380286,2003,6,United Kingdom of Great Britain and Northern Ireland,HUMAN_OBSERVATION
50.87659,-1.378123,1994,5,United Kingdom of Great Britain and Northern Ireland,HUMAN_OBSERVATION
50.876605,-1.380965,2007,5,United Kingdom of Great Britain and Northern Ireland,HUMAN_OBSERVATION
50.876605,-1.380965,2007,5,United Kingdom of Great Britain and Northern Ireland,HUMAN_OBSERVATION
50.876605,-1.380965,2007,5,United Kingdom of Great Britain and Northern Ireland,HUMAN_OBSERVATION
50.876605,-1.380965,2007,5,United Kingdom of Great Britain and Northern Ireland,HUMAN_OBSERVATION
50.876605,-1.380965,2007,5,United Kingdom of Great Britain and Northern Ireland,HUMAN_OBSERVATION
50.876605,-1.380965,2004,6,United Kingdom of Great Britain and Northern Ireland,HUMAN_OBSERVATION
50.876605,-1.380965,2004,6,United Kingdom of Great Britain and Northern Ireland,HUMAN_OBSERVATION
50.876605,-1.380965,2004,6,United Kingdom of Great Britain and Northern Ireland,HUMAN_OBSERVATION
50.876605,-1.380965,2004,6,United Kingdom of Great Britain and Northern Ireland,HUMAN_OBSERVATION
50.876605,-1.380965,2004,6,United Kingdom of Great Britain and Northern Ireland,HUMAN_OBSERVATION
50.876605,-1.380965,2003,6,United Kingdom of Great Britain and Northern Ireland,HUMAN_OBSERVATION
50.876605,-1.380965,2003,6,United Kingdom of Great Britain and Northern Ireland,HUMAN_OBSERVATION
50.876605,-1.380965,2003,6,United Kingdom of Great Britain and Northern Ireland,HUMAN_OBSERVATION
50.876605,-1.380965,2003,6,United Kingdom of Great Britain and Northern Ireland,HUMAN_OBSERVATION
50.876605,-1.380965,2003,6,United Kingdom of Great Britain and Northern Ireland,HUMAN_OBSERVATION
50.876605,-1.380965,2003,6,United Kingdom of Great Britain and Northern Ireland,HUMAN_OBSERVATION
50.876605,-1.380965,2003,6,United Kingdom of Great Britain and Northern Ireland,HUMAN_OBSERVATION
50.876605,-1.380965,2003,6,United Kingdom of Great Britain and Northern Ireland,HUMAN_OBSERVATION
50.876605,-1.380965,2003,6,United Kingdom of Great Britain and Northern Ireland,HUMAN_OBSERVATION
50.876605,-1.380965,2003,6,United Kingdom of Great Britain and Northern Ireland,HUMAN_OBSERVATION
50.876605,-1.380965,1994,5,United Kingdom of Great Britain and Northern Ireland,HUMAN_OBSERVATION
50.876605,-1.380965,1994,5,United Kingdom of Great Britain and Northern Ireland,HUMAN_OBSERVATION
50.876605,-1.380965,1994,5,United Kingdom of Great Britain and Northern Ireland,HUMAN_OBSERVATION
50.876605,-1.380965,1994,5,United Kingdom of Great Britain and Northern Ireland,HUMAN_OBSERVATION
50.876605,-1.380965,1993,4,United Kingdom of Great Britain and Northern Ireland,HUMAN_OBSERVATION
50.876605,-1.380965,1993,4,United Kingdom of Great Britain and Northern Ireland,HUMAN_OBSERVATION
50.876605,-1.380965,1993,4,United Kingdom of Great Britain and Northern Ireland,HUMAN_OBSERVATION
50.876605,-1.380965,1993,4,United Kingdom of Great Britain and Northern Ireland,HUMAN_OBSERVATION
50.876605,-1.380965,1993,4,United Kingdom of Great Britain and Northern Ireland,HUMAN_OBSERVATION
50.876605,-1.380965,1993,4,United Kingdom of Great Britain and Northern Ireland,HUMAN_OBSERVATION
50.876605,-1.380965,1993,4,United Kingdom of Great Britain and Northern Ireland,HUMAN_OBSERVATION
50.876605,-1.380965,1993,4,United Kingdom of Great Britain and Northern Ireland,HUMAN_OBSERVATION
50.877504,-1.380954,1994,5,United Kingdom of Great Britain and Northern Ireland,HUMAN_OBSERVATION
50.879351,-1.298814,2013,6,United Kingdom of Great Britain and Northern Ireland,HUMAN_OBSERVATION
50.879414,-1.402249,1997,9,United Kingdom of Great Britain and Northern Ireland,HUMAN_OBSERVATION
50.879421,-1.403671,1997,9,United Kingdom of Great Britain and Northern Ireland,HUMAN_OBSERVATION
50.879421,-1.403671,1997,9,United Kingdom of Great Britain and Northern Ireland,HUMAN_OBSERVATION
50.880179,-1.376654,,,United Kingdom of Great Britain and Northern Ireland,HUMAN_OBSERVATION
50.880179,-1.376654,,,United Kingdom of Great Britain and Northern Ireland,HUMAN_OBSERVATION
50.880342,-1.407923,1997,9,United Kingdom of Great Britain and Northern Ireland,HUMAN_OBSERVATION
50.880342,-1.407923,1997,9,United Kingdom of Great Britain and Northern Ireland,HUMAN_OBSERVATION
50.881234,-1.406491,1997,9,United Kingdom of Great Britain and Northern Ireland,HUMAN_OBSERVATION
50.881234,-1.406491,1997,9,United Kingdom of Great Britain and Northern Ireland,HUMAN_OBSERVATION
50.882878,-1.297723,2009,12,United Kingdom of Great Britain and Northern Ireland,HUMAN_OBSERVATION
50.883595,-1.36815,2017,8,United Kingdom of Great Britain and Northern Ireland,HUMAN_OBSERVATION
50.883595,-1.36815,2017,8,United Kingdom of Great Britain and Northern Ireland,HUMAN_OBSERVATION
50.883595,-1.36815,2017,8,United Kingdom of Great Britain and Northern Ireland,HUMAN_OBSERVATION
50.883595,-1.36815,2017,8,United Kingdom of Great Britain and Northern Ireland,HUMAN_OBSERVATION
50.883595,-1.36815,2017,8,United Kingdom of Great Britain and Northern Ireland,HUMAN_OBSERVATION
50.883595,-1.36815,2017,8,United Kingdom of Great Britain and Northern Ireland,HUMAN_OBSERVATION
50.883595,-1.36815,2017,8,United Kingdom of Great Britain and Northern Ireland,HUMAN_OBSERVATION
50.883595,-1.36815,2017,8,United Kingdom of Great Britain and Northern Ireland,HUMAN_OBSERVATION
50.883595,-1.36815,2017,8,United Kingdom of Great Britain and Northern Ireland,HUMAN_OBSERVATION
50.883595,-1.36815,2017,8,United Kingdom of Great Britain and Northern Ireland,HUMAN_OBSERVATION
50.883595,-1.36815,2017,8,United Kingdom of Great Britain and Northern Ireland,HUMAN_OBSERVATION
50.883595,-1.36815,2017,8,United Kingdom of Great Britain and Northern Ireland,HUMAN_OBSERVATION
50.883595,-1.36815,2017,8,United Kingdom of Great Britain and Northern Ireland,HUMAN_OBSERVATION
50.883595,-1.36815,2017,8,United Kingdom of Great Britain and Northern Ireland,HUMAN_OBSERVATION
50.883595,-1.36815,2017,8,United Kingdom of Great Britain and Northern Ireland,HUMAN_OBSERVATION
50.883595,-1.36815,2017,8,United Kingdom of Great Britain and Northern Ireland,HUMAN_OBSERVATION
50.883953,-1.410721,1997,9,United Kingdom of Great Britain and Northern Ireland,HUMAN_OBSERVATION
50.88396,-1.412142,1997,9,United Kingdom of Great Britain and Northern Ireland,HUMAN_OBSERVATION
50.88396,-1.412142,1997,9,United Kingdom of Great Britain and Northern Ireland,HUMAN_OBSERVATION
50.885582,-1.378003,2002,6,United Kingdom of Great Britain and Northern Ireland,HUMAN_OBSERVATION
50.885582,-1.378003,2002,6,United Kingdom of Great Britain and Northern Ireland,HUMAN_OBSERVATION
50.885695,-1.377376,2002,6,United Kingdom of Great Britain and Northern Ireland,HUMAN_OBSERVATION
50.88847,-1.414929,1997,9,United Kingdom of Great Britain and Northern Ireland,HUMAN_OBSERVATION
50.892426,-1.397107,2011,6,United Kingdom of Great Britain and Northern Ireland,HUMAN_OBSERVATION
50.892426,-1.397107,2009,12,United Kingdom of Great Britain and Northern Ireland,HUMAN_OBSERVATION
50.892426,-1.397107,2004,9,United Kingdom of Great Britain and Northern Ireland,HUMAN_OBSERVATION
50.892499,-1.411324,2009,12,United Kingdom of Great Britain and Northern Ireland,HUMAN_OBSERVATION
50.892945,-1.410607,1997,9,United Kingdom of Great Britain and Northern Ireland,HUMAN_OBSERVATION
50.892945,-1.410607,1997,9,United Kingdom of Great Britain and Northern Ireland,HUMAN_OBSERVATION
50.89298,-1.417716,1997,9,United Kingdom of Great Britain and Northern Ireland,HUMAN_OBSERVATION
50.894567,-1.389583,2020,2,United Kingdom of Great Britain and Northern Ireland,HUMAN_OBSERVATION
50.894707,-1.403476,2014,9,United Kingdom of Great Britain and Northern Ireland,HUMAN_OBSERVATION
50.895004,-1.391334,2011,3,United Kingdom of Great Britain and Northern Ireland,MATERIAL_SAMPLE
50.895004,-1.391334,2011,3,United Kingdom of Great Britain and Northern Ireland,MATERIAL_SAMPLE
50.895533,-1.389246,2014,9,United Kingdom of Great Britain and Northern Ireland,HUMAN_OBSERVATION
50.895706,-1.42337,2002,6,United Kingdom of Great Britain and Northern Ireland,HUMAN_OBSERVATION
50.895859,-1.423311,2002,6,United Kingdom of Great Britain and Northern Ireland,HUMAN_OBSERVATION
50.90225,1.67669,2017,5,France,HUMAN_OBSERVATION
50.902256,-1.386997,2011,5,United Kingdom of Great Britain and Northern Ireland,HUMAN_OBSERVATION
50.910336,-1.382652,2009,12,United Kingdom of Great Britain and Northern Ireland,HUMAN_OBSERVATION
50.913849,-1.382193,2013,6,United Kingdom of Great Britain and Northern Ireland,HUMAN_OBSERVATION
50.914045,-1.383556,2016,5,United Kingdom of Great Britain and Northern Ireland,HUMAN_OBSERVATION
50.923609,0.284566,2018,8,United Kingdom of Great Britain and Northern Ireland,HUMAN_OBSERVATION
50.92531,1.706544,2025,3,France,HUMAN_OBSERVATION
50.930438,-4.549336,,,United Kingdom of Great Britain and Northern Ireland,HUMAN_OBSERVATION
50.931306,-4.550807,1992,5,United Kingdom of Great Britain and Northern Ireland,HUMAN_OBSERVATION
50.931306,-4.550807,1992,5,United Kingdom of Great Britain and Northern Ireland,HUMAN_OBSERVATION
50.96539,0.967115,2005,5,United Kingdom of Great Britain and Northern Ireland,HUMAN_OBSERVATION
50.96648,0.96591,2004,12,United Kingdom of Great Britain and Northern Ireland,HUMAN_OBSERVATION
50.9903,0.974934,2007,10,United Kingdom of Great Britain and Northern Ireland,HUMAN_OBSERVATION
50.995889,-4.53262,2020,6,United Kingdom of Great Britain and Northern Ireland,HUMAN_OBSERVATION
50.995889,-4.53262,2020,6,United Kingdom of Great Britain and Northern Ireland,HUMAN_OBSERVATION
51.01236,0.987519,2010,2,United Kingdom of Great Britain and Northern Ireland,HUMAN_OBSERVATION
51.016629,-4.203306,1988,5,United Kingdom of Great Britain and Northern Ireland,HUMAN_OBSERVATION
51.018718,-4.281828,2017,3,United Kingdom of Great Britain and Northern Ireland,HUMAN_OBSERVATION
51.020514,-4.501515,1992,9,United Kingdom of Great Britain and Northern Ireland,HUMAN_OBSERVATION
51.022423,-4.276306,1993,11,United Kingdom of Great Britain and Northern Ireland,HUMAN_OBSERVATION
51.03329,2.38309,2019,12,France,HUMAN_OBSERVATION
51.033399,-4.26686,2014,7,United Kingdom of Great Britain and Northern Ireland,HUMAN_OBSERVATION
51.040973,-4.247258,2015,11,United Kingdom of Great Britain and Northern Ireland,HUMAN_OBSERVATION
51.041001,-4.245833,1988,5,United Kingdom of Great Britain and Northern Ireland,HUMAN_OBSERVATION
51.041055,-4.242982,2013,2,United Kingdom of Great Britain and Northern Ireland,HUMAN_OBSERVATION
51.041493,-4.24324,2018,2,United Kingdom of Great Britain and Northern Ireland,MATERIAL_SAMPLE
51.041493,-4.24324,2018,4,United Kingdom of Great Britain and Northern Ireland,MATERIAL_SAMPLE
51.041493,-4.24324,2018,6,United Kingdom of Great Britain and Northern Ireland,MATERIAL_SAMPLE
51.041493,-4.24324,2017,2,United Kingdom of Great Britain and Northern Ireland,MATERIAL_SAMPLE
51.041493,-4.24324,2017,6,United Kingdom of Great Britain and Northern Ireland,MATERIAL_SAMPLE
51.041493,-4.24324,2017,12,United Kingdom of Great Britain and Northern Ireland,MATERIAL_SAMPLE
51.043206,-4.248079,2018,4,United Kingdom of Great Britain and Northern Ireland,HUMAN_OBSERVATION
51.043206,-4.248079,2017,2,United Kingdom of Great Britain and Northern Ireland,HUMAN_OBSERVATION
51.043206,-4.248079,2017,6,United Kingdom of Great Britain and Northern Ireland,HUMAN_OBSERVATION
51.043206,-4.248079,2017,12,United Kingdom of Great Britain and Northern Ireland,HUMAN_OBSERVATION
51.054636,-4.19084,,,United Kingdom of Great Britain and Northern Ireland,HUMAN_OBSERVATION
51.055745,-4.192294,2020,2,United Kingdom of Great Britain and Northern Ireland,HUMAN_OBSERVATION
51.056933,-4.208301,2018,6,United Kingdom of Great Britain and Northern Ireland,HUMAN_OBSERVATION
51.058995,-4.198182,1988,5,United Kingdom of Great Britain and Northern Ireland,HUMAN_OBSERVATION
51.059178,1.267292,1986,5,United Kingdom of Great Britain and Northern Ireland,HUMAN_OBSERVATION
51.061928,1.068556,2017,10,United Kingdom of Great Britain and Northern Ireland,HUMAN_OBSERVATION
51.06374,2.48658,2014,9,France,HUMAN_OBSERVATION
51.06424,1.087148,2012,5,United Kingdom of Great Britain and Northern Ireland,HUMAN_OBSERVATION
51.06425,1.087192,2012,7,United Kingdom of Great Britain and Northern Ireland,HUMAN_OBSERVATION
51.066459,-4.222691,2018,6,United Kingdom of Great Britain and Northern Ireland,HUMAN_OBSERVATION
51.06723,-4.194842,2020,10,United Kingdom of Great Britain and Northern Ireland,HUMAN_OBSERVATION
51.067635,-4.223429,2018,6,United Kingdom of Great Britain and Northern Ireland,HUMAN_OBSERVATION
51.068274,-4.18292,1988,5,United Kingdom of Great Britain and Northern Ireland,HUMAN_OBSERVATION
51.068274,-4.18292,1988,5,United Kingdom of Great Britain and Northern Ireland,HUMAN_OBSERVATION
51.069011,1.162366,2016,8,United Kingdom of Great Britain and Northern Ireland,HUMAN_OBSERVATION
51.069061,-4.227193,2018,6,United Kingdom of Great Britain and Northern Ireland,HUMAN_OBSERVATION
51.069061,-4.227193,2018,6,United Kingdom of Great Britain and Northern Ireland,HUMAN_OBSERVATION
51.069481,-4.21438,1988,5,United Kingdom of Great Britain and Northern Ireland,HUMAN_OBSERVATION
51.07137,1.170241,2015,9,United Kingdom of Great Britain and Northern Ireland,HUMAN_OBSERVATION
51.07143,1.169845,2005,2,United Kingdom of Great Britain and Northern Ireland,HUMAN_OBSERVATION
51.07158,1.169655,2005,2,United Kingdom of Great Britain and Northern Ireland,HUMAN_OBSERVATION
51.07158,1.17012,2015,9,United Kingdom of Great Britain and Northern Ireland,HUMAN_OBSERVATION
51.07184,1.169994,2015,9,United Kingdom of Great Britain and Northern Ireland,HUMAN_OBSERVATION
51.0722,1.169891,2015,9,United Kingdom of Great Britain and Northern Ireland,HUMAN_OBSERVATION
51.07248,1.169838,2015,9,United Kingdom of Great Britain and Northern Ireland,HUMAN_OBSERVATION
51.07272,1.171447,2008,10,United Kingdom of Great Britain and Northern Ireland,HUMAN_OBSERVATION
51.07281,1.169797,2008,10,United Kingdom of Great Britain and Northern Ireland,HUMAN_OBSERVATION
51.073663,1.191397,2016,8,United Kingdom of Great Britain and Northern Ireland,HUMAN_OBSERVATION
51.075826,2.491613,2023,3,France,HUMAN_OBSERVATION
51.077921,1.205727,2016,8,United Kingdom of Great Britain and Northern Ireland,HUMAN_OBSERVATION
51.078312,-4.126285,2013,10,United Kingdom of Great Britain and Northern Ireland,HUMAN_OBSERVATION
51.079081,-4.133459,2013,10,United Kingdom of Great Britain and Northern Ireland,HUMAN_OBSERVATION
51.079081,-4.133459,2013,10,United Kingdom of Great Britain and Northern Ireland,HUMAN_OBSERVATION
51.079875,-4.139206,2013,10,United Kingdom of Great Britain and Northern Ireland,HUMAN_OBSERVATION
51.079875,-4.139206,2013,10,United Kingdom of Great Britain and Northern Ireland,HUMAN_OBSERVATION
51.079875,-4.139206,2013,10,United Kingdom of Great Britain and Northern Ireland,HUMAN_OBSERVATION
51.079875,-4.139206,2013,10,United Kingdom of Great Britain and Northern Ireland,HUMAN_OBSERVATION
51.079901,-4.13778,1988,5,United Kingdom of Great Britain and Northern Ireland,HUMAN_OBSERVATION
51.080274,-4.166352,1988,5,United Kingdom of Great Britain and Northern Ireland,HUMAN_OBSERVATION
51.080902,1.190167,2007,12,United Kingdom of Great Britain and Northern Ireland,HUMAN_OBSERVATION
51.080997,2.501718,2014,9,France,HUMAN_OBSERVATION
51.082451,1.195029,2007,12,United Kingdom of Great Britain and Northern Ireland,HUMAN_OBSERVATION
51.0845,4.73548,2025,3,Belgium,HUMAN_OBSERVATION
51.08558,1.205215,2014,2,United Kingdom of Great Britain and Northern Ireland,HUMAN_OBSERVATION
51.08609,1.204407,2014,2,United Kingdom of Great Britain and Northern Ireland,HUMAN_OBSERVATION
51.0862,1.206208,2017,6,United Kingdom of Great Britain and Northern Ireland,HUMAN_OBSERVATION
51.08678,1.204105,2017,6,United Kingdom of Great Britain and Northern Ireland,HUMAN_OBSERVATION
51.08695,1.203353,2017,6,United Kingdom of Great Britain and Northern Ireland,HUMAN_OBSERVATION
51.088326,-4.119604,2013,10,United Kingdom of Great Britain and Northern Ireland,HUMAN_OBSERVATION
51.090353,1.203416,2006,3,United Kingdom of Great Britain and Northern Ireland,HUMAN_OBSERVATION
51.09038,2.54447,2019,12,Belgium,HUMAN_OBSERVATION
51.09038,2.54447,2019,12,Belgium,HUMAN_OBSERVATION
51.09059,2.54668,2022,11,Belgium,HUMAN_OBSERVATION
51.091074,-4.116874,1988,5,United Kingdom of Great Britain and Northern Ireland,HUMAN_OBSERVATION
51.091105,1.204496,2006,12,United Kingdom of Great Britain and Northern Ireland,HUMAN_OBSERVATION
51.091136,1.299356,2016,8,United Kingdom of Great Britain and Northern Ireland,HUMAN_OBSERVATION
51.09125,2.55165,2018,2,Belgium,HUMAN_OBSERVATION
51.09147,2.54439,2016,12,Belgium,HUMAN_OBSERVATION
51.09251,5.58744,2021,5,Belgium,HUMAN_OBSERVATION
51.09339,2.55741,2021,9,Belgium,HUMAN_OBSERVATION
51.09373,2.54673,2020,11,Belgium,HUMAN_OBSERVATION
51.09387,2.55949,2017,12,Belgium,HUMAN_OBSERVATION
51.0942,2.5461,2015,12,Belgium,HUMAN_OBSERVATION
51.09446,2.54993,2023,12,Belgium,HUMAN_OBSERVATION
51.094565,-4.122746,1988,5,United Kingdom of Great Britain and Northern Ireland,HUMAN_OBSERVATION
51.0946,2.55865,2021,5,Belgium,HUMAN_OBSERVATION
51.09493,2.5622,2021,11,Belgium,HUMAN_OBSERVATION
51.09493,2.5622,2021,11,Belgium,HUMAN_OBSERVATION
51.09514,2.56189,2019,12,Belgium,HUMAN_OBSERVATION
51.09583,2.56163,2024,9,Belgium,HUMAN_OBSERVATION
51.09653,2.55669,2023,12,Belgium,HUMAN_OBSERVATION
51.09653,2.55672,2023,12,Belgium,HUMAN_OBSERVATION
51.09671,2.5638,2021,4,Belgium,HUMAN_OBSERVATION
51.09679,2.56509,2019,1,Belgium,HUMAN_OBSERVATION
51.097435,1.218362,2006,3,United Kingdom of Great Britain and Northern Ireland,HUMAN_OBSERVATION
51.098261,1.221977,2006,3,United Kingdom of Great Britain and Northern Ireland,HUMAN_OBSERVATION
51.09882,1.230778,2010,8,United Kingdom of Great Britain and Northern Ireland,HUMAN_OBSERVATION
51.09914,1.25371,2010,8,United Kingdom of Great Britain and Northern Ireland,HUMAN_OBSERVATION
51.09916,1.253726,2010,8,United Kingdom of Great Britain and Northern Ireland,HUMAN_OBSERVATION
51.09916,2.56582,2024,11,Belgium,HUMAN_OBSERVATION
51.09937,1.249418,2006,7,United Kingdom of Great Britain and Northern Ireland,HUMAN_OBSERVATION
51.09956,1.25354,2010,8,United Kingdom of Great Britain and Northern Ireland,HUMAN_OBSERVATION
51.09956,1.253597,2010,8,United Kingdom of Great Britain and Northern Ireland,HUMAN_OBSERVATION
51.10084,2.57629,2006,11,Belgium,HUMAN_OBSERVATION
51.10101,1.261329,2011,8,United Kingdom of Great Britain and Northern Ireland,HUMAN_OBSERVATION
51.10106,1.262568,2014,8,United Kingdom of Great Britain and Northern Ireland,HUMAN_OBSERVATION
51.101071,1.248817,1986,2,United Kingdom of Great Britain and Northern Ireland,HUMAN_OBSERVATION
51.10123,1.263802,2011,8,United Kingdom of Great Britain and Northern Ireland,HUMAN_OBSERVATION
51.10124,1.261474,2013,9,United Kingdom of Great Britain and Northern Ireland,HUMAN_OBSERVATION
51.10125,1.262625,2014,8,United Kingdom of Great Britain and Northern Ireland,HUMAN_OBSERVATION
51.10125,1.262625,2014,8,United Kingdom of Great Britain and Northern Ireland,HUMAN_OBSERVATION
51.10142,1.262787,2014,8,United Kingdom of Great Britain and Northern Ireland,HUMAN_OBSERVATION
51.10142,1.262787,2014,8,United Kingdom of Great Britain and Northern Ireland,HUMAN_OBSERVATION
51.101594,1.257497,2009,4,United Kingdom of Great Britain and Northern Ireland,HUMAN_OBSERVATION
51.10168,1.257646,2009,4,United Kingdom of Great Britain and Northern Ireland,HUMAN_OBSERVATION
51.10172,1.257492,2009,4,United Kingdom of Great Britain and Northern Ireland,HUMAN_OBSERVATION
51.101728,1.257521,2009,4,United Kingdom of Great Britain and Northern Ireland,HUMAN_OBSERVATION
51.101729,1.257507,2009,4,United Kingdom of Great Britain and Northern Ireland,HUMAN_OBSERVATION
51.10275,2.58273,2023,4,Belgium,HUMAN_OBSERVATION
51.104963,1.270522,1986,2,United Kingdom of Great Britain and Northern Ireland,HUMAN_OBSERVATION
51.10568,2.59209,2005,12,Belgium,HUMAN_OBSERVATION
51.10682,2.59451,2021,3,Belgium,HUMAN_OBSERVATION
51.10738,1.285257,2015,10,United Kingdom of Great Britain and Northern Ireland,HUMAN_OBSERVATION
51.10743,1.285303,2015,10,United Kingdom of Great Britain and Northern Ireland,HUMAN_OBSERVATION
51.10744,1.285218,2009,9,United Kingdom of Great Britain and Northern Ireland,HUMAN_OBSERVATION
51.10751,1.285259,2015,10,United Kingdom of Great Britain and Northern Ireland,HUMAN_OBSERVATION
51.108154,1.285036,1993,2,United Kingdom of Great Britain and Northern Ireland,HUMAN_OBSERVATION
51.108154,1.285036,1993,2,United Kingdom of Great Britain and Northern Ireland,HUMAN_OBSERVATION
51.108154,1.285036,1993,2,United Kingdom of Great Britain and Northern Ireland,HUMAN_OBSERVATION
51.108154,1.285036,1993,2,United Kingdom of Great Britain and Northern Ireland,HUMAN_OBSERVATION
51.108154,1.285036,1993,2,United Kingdom of Great Britain and Northern Ireland,HUMAN_OBSERVATION
51.108154,1.285036,1993,2,United Kingdom of Great Britain and Northern Ireland,HUMAN_OBSERVATION
51.10891,1.301294,2016,8,United Kingdom of Great Britain and Northern Ireland,HUMAN_OBSERVATION
51.108971,1.287952,1986,2,United Kingdom of Great Britain and Northern Ireland,HUMAN_OBSERVATION
51.10971,1.29767,2013,11,United Kingdom of Great Britain and Northern Ireland,HUMAN_OBSERVATION
51.109829,1.294229,2008,7,United Kingdom of Great Britain and Northern Ireland,HUMAN_OBSERVATION
51.1105,1.297598,2010,10,United Kingdom of Great Britain and Northern Ireland,HUMAN_OBSERVATION
51.110669,1.309693,2016,8,United Kingdom of Great Britain and Northern Ireland,HUMAN_OBSERVATION
51.11145,2.61032,2021,7,Belgium,HUMAN_OBSERVATION
51.11147,2.60292,2022,8,Belgium,HUMAN_OBSERVATION
51.11155,2.6032,2023,2,Belgium,HUMAN_OBSERVATION
51.111744,1.296509,2008,7,United Kingdom of Great Britain and Northern Ireland,HUMAN_OBSERVATION
51.11188,2.60358,2021,7,Belgium,HUMAN_OBSERVATION
51.11206,2.6062,2021,1,Belgium,HUMAN_OBSERVATION
51.11222,2.60719,2005,8,Belgium,HUMAN_OBSERVATION
51.11281,2.6068,2020,7,Belgium,HUMAN_OBSERVATION
51.11339,2.61152,2019,9,Belgium,HUMAN_OBSERVATION
51.11587,2.61942,2020,4,Belgium,HUMAN_OBSERVATION
51.11651,2.62084,1998,11,Belgium,HUMAN_OBSERVATION
51.11655,2.61927,2008,10,Belgium,HUMAN_OBSERVATION
51.11662,2.62033,2006,8,Belgium,HUMAN_OBSERVATION
51.11679,2.61974,2017,5,Belgium,HUMAN_OBSERVATION
51.11718,2.62165,2020,4,Belgium,HUMAN_OBSERVATION
51.11761,1.313556,2008,5,United Kingdom of Great Britain and Northern Ireland,HUMAN_OBSERVATION
51.11793,2.62246,2025,5,Belgium,HUMAN_OBSERVATION
51.118202,1.311475,2014,8,United Kingdom of Great Britain and Northern Ireland,HUMAN_OBSERVATION
51.118273,1.310552,2005,11,United Kingdom of Great Britain and Northern Ireland,HUMAN_OBSERVATION
51.11836,2.62082,2023,2,Belgium,HUMAN_OBSERVATION
51.1184,2.62075,2023,2,Belgium,HUMAN_OBSERVATION
51.1184,2.62085,2023,2,Belgium,HUMAN_OBSERVATION
51.11844,2.62086,2023,2,Belgium,HUMAN_OBSERVATION
51.11844,2.62086,2023,2,Belgium,HUMAN_OBSERVATION
51.118721,1.310927,2005,11,United Kingdom of Great Britain and Northern Ireland,HUMAN_OBSERVATION
51.11882,2.62811,2022,3,Belgium,HUMAN_OBSERVATION
51.11893,2.62031,2023,2,Belgium,HUMAN_OBSERVATION
51.11918,2.6199,2008,12,Belgium,HUMAN_OBSERVATION
51.1193,2.6197,2016,5,Belgium,HUMAN_OBSERVATION
51.1193,2.62647,2023,5,Belgium,HUMAN_OBSERVATION
51.11947,2.62588,2020,8,Belgium,HUMAN_OBSERVATION
51.12002,2.62516,2020,11,Belgium,HUMAN_OBSERVATION
51.12036,2.62509,2025,2,Belgium,HUMAN_OBSERVATION
51.12075,2.62463,2023,5,Belgium,HUMAN_OBSERVATION
51.128523,-4.239693,2024,6,United Kingdom of Great Britain and Northern Ireland,HUMAN_OBSERVATION
51.128523,-4.239693,2024,6,United Kingdom of Great Britain and Northern Ireland,HUMAN_OBSERVATION
51.13003,2.65641,2025,5,Belgium,HUMAN_OBSERVATION
51.13014,2.65009,2021,1,Belgium,HUMAN_OBSERVATION
51.13051,2.65814,2025,3,Belgium,HUMAN_OBSERVATION
51.13068,2.65625,2025,2,Belgium,HUMAN_OBSERVATION
51.13074,2.65565,2021,5,Belgium,HUMAN_OBSERVATION
51.13132,2.6514,2019,11,Belgium,HUMAN_OBSERVATION
51.1314,2.65393,2005,11,Belgium,HUMAN_OBSERVATION
51.131888,1.348239,2009,2,United Kingdom of Great Britain and Northern Ireland,HUMAN_OBSERVATION
51.132007,1.348162,2009,2,United Kingdom of Great Britain and Northern Ireland,HUMAN_OBSERVATION
51.132161,1.34813,2009,2,United Kingdom of Great Britain and Northern Ireland,HUMAN_OBSERVATION
51.13233,2.66354,2022,1,Belgium,HUMAN_OBSERVATION
51.13259,1.351547,2008,11,United Kingdom of Great Britain and Northern Ireland,HUMAN_OBSERVATION
51.133332,-4.238161,2017,5,United Kingdom of Great Britain and Northern Ireland,HUMAN_OBSERVATION
51.133332,-4.238161,2017,7,United Kingdom of Great Britain and Northern Ireland,HUMAN_OBSERVATION
51.133612,-4.239961,2018,2,United Kingdom of Great Britain and Northern Ireland,HUMAN_OBSERVATION
51.134126,-4.244155,2018,2,United Kingdom of Great Britain and Northern Ireland,MATERIAL_SAMPLE
51.134126,-4.244155,2018,7,United Kingdom of Great Britain and Northern Ireland,MATERIAL_SAMPLE
51.134126,-4.244155,2017,5,United Kingdom of Great Britain and Northern Ireland,MATERIAL_SAMPLE
51.134126,-4.244155,2017,7,United Kingdom of Great Britain and Northern Ireland,MATERIAL_SAMPLE
51.134126,-4.244155,2017,11,United Kingdom of Great Britain and Northern Ireland,MATERIAL_SAMPLE
51.134556,-4.244653,2017,11,United Kingdom of Great Britain and Northern Ireland,HUMAN_OBSERVATION
51.13471,1.364771,2010,8,United Kingdom of Great Britain and Northern Ireland,HUMAN_OBSERVATION
51.13486,2.78109,2020,8,Belgium,HUMAN_OBSERVATION
51.13894,2.74933,2022,1,Belgium,HUMAN_OBSERVATION
51.13897,2.74808,2022,1,Belgium,HUMAN_OBSERVATION
51.13953,2.7447,2018,3,Belgium,HUMAN_OBSERVATION
51.13995,2.74378,2018,3,Belgium,HUMAN_OBSERVATION
51.141805,1.380903,2009,9,United Kingdom of Great Britain and Northern Ireland,HUMAN_OBSERVATION
51.141962,1.380456,2009,2,United Kingdom of Great Britain and Northern Ireland,HUMAN_OBSERVATION
51.14283,2.6888,2025,5,Belgium,HUMAN_OBSERVATION
51.14283,2.6888,2025,5,Belgium,HUMAN_OBSERVATION
51.14304,2.69663,2022,2,Belgium,HUMAN_OBSERVATION
51.14317,2.69749,2024,4,Belgium,HUMAN_OBSERVATION
51.145367,-4.228672,2025,5,United Kingdom of Great Britain and Northern Ireland,HUMAN_OBSERVATION
51.14714,2.705,2020,9,Belgium,HUMAN_OBSERVATION
51.147155,1.38437,2011,9,United Kingdom of Great Britain and Northern Ireland,MATERIAL_SAMPLE
51.147155,1.38437,2011,9,United Kingdom of Great Britain and Northern Ireland,MATERIAL_SAMPLE
51.14756,1.387203,2010,8,United Kingdom of Great Britain and Northern Ireland,HUMAN_OBSERVATION
51.1476,1.387271,2016,11,United Kingdom of Great Britain and Northern Ireland,HUMAN_OBSERVATION
51.14795,1.386045,2016,11,United Kingdom of Great Britain and Northern Ireland,HUMAN_OBSERVATION
51.148,1.386857,2007,7,United Kingdom of Great Britain and Northern Ireland,HUMAN_OBSERVATION
51.149,1.386909,2004,5,United Kingdom of Great Britain and Northern Ireland,HUMAN_OBSERVATION
51.14912,2.71585,2020,10,Belgium,HUMAN_OBSERVATION
51.14922,2.70862,2021,5,Belgium,HUMAN_OBSERVATION
51.14938,2.71428,2019,11,Belgium,HUMAN_OBSERVATION
51.14946,2.70832,2021,5,Belgium,HUMAN_OBSERVATION
51.149687,1.385169,2005,5,United Kingdom of Great Britain and Northern Ireland,HUMAN_OBSERVATION
51.14972,2.70815,2023,1,Belgium,HUMAN_OBSERVATION
51.14976,2.71607,2019,11,Belgium,HUMAN_OBSERVATION
51.14978,2.70736,2007,11,Belgium,HUMAN_OBSERVATION
51.15035,2.71299,2013,11,Belgium,HUMAN_OBSERVATION
51.15107,2.7273,2024,10,Belgium,HUMAN_OBSERVATION
51.15107,2.7273,2024,10,Belgium,HUMAN_OBSERVATION
51.15181,1.392236,2009,8,United Kingdom of Great Britain and Northern Ireland,HUMAN_OBSERVATION
51.152311,1.388351,2005,10,United Kingdom of Great Britain and Northern Ireland,HUMAN_OBSERVATION
51.15243,2.7193,2014,10,Belgium,HUMAN_OBSERVATION
51.15307,2.71575,2021,11,Belgium,HUMAN_OBSERVATION
51.15326,2.71553,2022,1,Belgium,HUMAN_OBSERVATION
51.1533,2.71544,2021,11,Belgium,HUMAN_OBSERVATION
51.15338,2.71533,2021,11,Belgium,HUMAN_OBSERVATION
51.15357,2.7158,2013,7,Belgium,HUMAN_OBSERVATION
51.15386,2.72042,2019,2,Belgium,HUMAN_OBSERVATION
51.15401,2.72326,2016,1,Belgium,HUMAN_OBSERVATION
51.15405,2.71969,2015,3,Belgium,HUMAN_OBSERVATION
51.15421,2.71727,2014,10,Belgium,HUMAN_OBSERVATION
51.15421,2.71727,2014,10,Belgium,HUMAN_OBSERVATION
51.15427,2.72274,2017,11,Belgium,HUMAN_OBSERVATION
51.15434,2.71973,2022,1,Belgium,HUMAN_OBSERVATION
51.15477,2.71893,2022,1,Belgium,HUMAN_OBSERVATION
51.15477,2.71893,2022,1,Belgium,HUMAN_OBSERVATION
51.15486,2.72474,2012,4,Belgium,HUMAN_OBSERVATION
51.15497,2.72985,2024,4,Belgium,HUMAN_OBSERVATION
51.15501,2.71836,2025,3,Belgium,HUMAN_OBSERVATION
51.15555,2.72776,2014,1,Belgium,HUMAN_OBSERVATION
51.15582,2.72838,2022,2,Belgium,HUMAN_OBSERVATION
51.15594,2.72821,2024,9,Belgium,HUMAN_OBSERVATION
51.15602,2.72897,2021,3,Belgium,HUMAN_OBSERVATION
51.15654,2.72783,2025,3,Belgium,HUMAN_OBSERVATION
51.15761,2.7332,2011,10,Belgium,HUMAN_OBSERVATION
51.157695,1.397486,2010,3,United Kingdom of Great Britain and Northern Ireland,HUMAN_OBSERVATION
51.157793,1.397207,2010,3,United Kingdom of Great Britain and Northern Ireland,HUMAN_OBSERVATION
51.157891,1.396928,2010,3,United Kingdom of Great Britain and Northern Ireland,HUMAN_OBSERVATION
51.15856,2.73572,2021,12,Belgium,HUMAN_OBSERVATION
51.15873,2.73854,2017,1,Belgium,HUMAN_OBSERVATION
51.15891,2.73868,2024,10,Belgium,HUMAN_OBSERVATION
51.15894,2.73867,2024,10,Belgium,HUMAN_OBSERVATION
51.160804,-4.665007,1996,3,United Kingdom of Great Britain and Northern Ireland,HUMAN_OBSERVATION
51.16083,2.74627,2021,12,Belgium,HUMAN_OBSERVATION
51.16161,2.73959,2023,2,Belgium,HUMAN_OBSERVATION
51.16191,2.74902,2020,1,Belgium,HUMAN_OBSERVATION
51.16239,2.74482,2022,11,Belgium,HUMAN_OBSERVATION
51.16264,2.74461,2016,7,Belgium,HUMAN_OBSERVATION
51.16277,2.7444,2020,10,Belgium,HUMAN_OBSERVATION
51.16384,2.75439,2019,11,Belgium,HUMAN_OBSERVATION
51.16417,2.74922,2019,9,Belgium,HUMAN_OBSERVATION
51.16442,2.75032,2024,10,Belgium,HUMAN_OBSERVATION
51.16507,2.74948,2024,10,Belgium,HUMAN_OBSERVATION
51.16507,2.7495,2024,10,Belgium,HUMAN_OBSERVATION
51.16544,2.75353,2021,2,Belgium,HUMAN_OBSERVATION
51.16603,2.75321,2021,11,Belgium,HUMAN_OBSERVATION
51.16854,2.76266,2022,1,Belgium,HUMAN_OBSERVATION
51.16859,2.76267,2025,5,Belgium,HUMAN_OBSERVATION
51.169666,1.405277,2010,4,United Kingdom of Great Britain and Northern Ireland,HUMAN_OBSERVATION
51.169747,1.404682,2010,4,United Kingdom of Great Britain and Northern Ireland,HUMAN_OBSERVATION
51.169961,1.403811,2010,4,United Kingdom of Great Britain and Northern Ireland,HUMAN_OBSERVATION
51.170045,1.403388,2010,4,United Kingdom of Great Britain and Northern Ireland,HUMAN_OBSERVATION
51.170099,1.383875,1993,2,United Kingdom of Great Britain and Northern Ireland,HUMAN_OBSERVATION
51.17216,2.78014,2021,3,Belgium,HUMAN_OBSERVATION
51.17423,2.77462,2020,8,Belgium,HUMAN_OBSERVATION
51.174234,-4.647897,2007,7,United Kingdom of Great Britain and Northern Ireland,HUMAN_OBSERVATION
51.17494,-4.21468,2014,5,United Kingdom of Great Britain and Northern Ireland,HUMAN_OBSERVATION
51.17597,2.784,2025,2,Belgium,HUMAN_OBSERVATION
51.176297,-4.213416,2016,10,United Kingdom of Great Britain and Northern Ireland,HUMAN_OBSERVATION
51.176297,-4.213416,2016,10,United Kingdom of Great Britain and Northern Ireland,HUMAN_OBSERVATION
51.176297,-4.213416,2016,10,United Kingdom of Great Britain and Northern Ireland,HUMAN_OBSERVATION
51.176297,-4.213416,2016,10,United Kingdom of Great Britain and Northern Ireland,HUMAN_OBSERVATION
51.176297,-4.213416,2016,10,United Kingdom of Great Britain and Northern Ireland,HUMAN_OBSERVATION
51.176297,-4.213416,2016,10,United Kingdom of Great Britain and Northern Ireland,HUMAN_OBSERVATION
51.176297,-4.213416,2016,10,United Kingdom of Great Britain and Northern Ireland,HUMAN_OBSERVATION
51.176297,-4.213416,2016,10,United Kingdom of Great Britain and Northern Ireland,HUMAN_OBSERVATION
51.176297,-4.213416,2016,10,United Kingdom of Great Britain and Northern Ireland,HUMAN_OBSERVATION
51.176297,-4.213416,2016,10,United Kingdom of Great Britain and Northern Ireland,HUMAN_OBSERVATION
51.176515,-4.213784,2016,10,United Kingdom of Great Britain and Northern Ireland,HUMAN_OBSERVATION
51.176515,-4.213784,2016,10,United Kingdom of Great Britain and Northern Ireland,HUMAN_OBSERVATION
51.176515,-4.213784,2016,10,United Kingdom of Great Britain and Northern Ireland,HUMAN_OBSERVATION
51.176515,-4.213784,2016,10,United Kingdom of Great Britain and Northern Ireland,HUMAN_OBSERVATION
51.176515,-4.213784,2016,10,United Kingdom of Great Britain and Northern Ireland,HUMAN_OBSERVATION
51.176515,-4.213784,2016,10,United Kingdom of Great Britain and Northern Ireland,HUMAN_OBSERVATION
51.176515,-4.213784,2016,10,United Kingdom of Great Britain and Northern Ireland,HUMAN_OBSERVATION
51.176515,-4.213784,2016,10,United Kingdom of Great Britain and Northern Ireland,HUMAN_OBSERVATION
51.176515,-4.213784,2016,10,United Kingdom of Great Britain and Northern Ireland,HUMAN_OBSERVATION
51.176515,-4.213784,2016,10,United Kingdom of Great Britain and Northern Ireland,HUMAN_OBSERVATION
51.176515,-4.213784,2016,10,United Kingdom of Great Britain and Northern Ireland,HUMAN_OBSERVATION
51.176515,-4.213784,2016,10,United Kingdom of Great Britain and Northern Ireland,HUMAN_OBSERVATION
51.176515,-4.213784,2016,10,United Kingdom of Great Britain and Northern Ireland,HUMAN_OBSERVATION
51.176515,-4.213784,2016,10,United Kingdom of Great Britain and Northern Ireland,HUMAN_OBSERVATION
51.17811,2.78783,2023,9,Belgium,HUMAN_OBSERVATION
51.17814,1.407889,2013,7,United Kingdom of Great Britain and Northern Ireland,HUMAN_OBSERVATION
51.17859,1.408101,2008,8,United Kingdom of Great Britain and Northern Ireland,HUMAN_OBSERVATION
51.17926,1.408028,2015,1,United Kingdom of Great Britain and Northern Ireland,HUMAN_OBSERVATION
51.17927,1.406756,2015,1,United Kingdom of Great Britain and Northern Ireland,HUMAN_OBSERVATION
51.17928,1.406578,2015,1,United Kingdom of Great Britain and Northern Ireland,HUMAN_OBSERVATION
51.17943,1.407211,2008,8,United Kingdom of Great Britain and Northern Ireland,HUMAN_OBSERVATION
51.180082,-4.215386,2019,1,United Kingdom of Great Britain and Northern Ireland,HUMAN_OBSERVATION
51.18069,2.78995,2025,2,Belgium,HUMAN_OBSERVATION
51.18145,1.407461,2017,3,United Kingdom of Great Britain and Northern Ireland,HUMAN_OBSERVATION
51.18147,1.406453,2017,3,United Kingdom of Great Britain and Northern Ireland,HUMAN_OBSERVATION
51.18147,1.407054,2017,3,United Kingdom of Great Britain and Northern Ireland,HUMAN_OBSERVATION
51.181637,-3.284358,2023,5,United Kingdom of Great Britain and Northern Ireland,HUMAN_OBSERVATION
51.18164,-3.280895,2020,8,United Kingdom of Great Britain and Northern Ireland,HUMAN_OBSERVATION
51.181847,-3.326928,2014,6,United Kingdom of Great Britain and Northern Ireland,HUMAN_OBSERVATION
51.18254,2.80178,2020,5,Belgium,HUMAN_OBSERVATION
51.183017,-3.319421,2023,2,United Kingdom of Great Britain and Northern Ireland,HUMAN_OBSERVATION
51.183219,-3.324821,2007,4,United Kingdom of Great Britain and Northern Ireland,HUMAN_OBSERVATION
51.184449,-3.332753,2023,11,United Kingdom of Great Britain and Northern Ireland,HUMAN_OBSERVATION
51.18445,2.79817,2019,10,Belgium,HUMAN_OBSERVATION
51.1861,-4.229985,1992,5,United Kingdom of Great Britain and Northern Ireland,HUMAN_OBSERVATION
51.186127,-4.228555,,,United Kingdom of Great Britain and Northern Ireland,HUMAN_OBSERVATION
51.18936,2.81559,2024,7,Belgium,HUMAN_OBSERVATION
51.18989,2.81319,2022,1,Belgium,HUMAN_OBSERVATION
51.192017,-3.23748,2024,7,United Kingdom of Great Britain and Northern Ireland,HUMAN_OBSERVATION
51.192017,-3.23748,2024,7,United Kingdom of Great Britain and Northern Ireland,HUMAN_OBSERVATION
51.19226,2.82009,2020,7,Belgium,HUMAN_OBSERVATION
51.193208,-3.228604,2023,7,United Kingdom of Great Britain and Northern Ireland,HUMAN_OBSERVATION
51.193264,1.42182,2016,8,United Kingdom of Great Britain and Northern Ireland,HUMAN_OBSERVATION
51.19372,-3.042478,2012,11,United Kingdom of Great Britain and Northern Ireland,HUMAN_OBSERVATION
51.19372,-3.042478,2012,11,United Kingdom of Great Britain and Northern Ireland,HUMAN_OBSERVATION
51.19392,2.82392,2014,12,Belgium,HUMAN_OBSERVATION
51.19462,-4.207495,1992,3,United Kingdom of Great Britain and Northern Ireland,HUMAN_OBSERVATION
51.19462,-4.207495,1992,3,United Kingdom of Great Britain and Northern Ireland,HUMAN_OBSERVATION
51.19554,2.82747,2021,8,Belgium,HUMAN_OBSERVATION
51.197068,-3.418501,2023,8,United Kingdom of Great Britain and Northern Ireland,HUMAN_OBSERVATION
51.19731,-4.184006,2017,5,United Kingdom of Great Britain and Northern Ireland,HUMAN_OBSERVATION
51.19731,-4.184006,2017,9,United Kingdom of Great Britain and Northern Ireland,HUMAN_OBSERVATION
51.19731,-4.184006,2017,9,United Kingdom of Great Britain and Northern Ireland,HUMAN_OBSERVATION
51.19731,-4.184006,2017,9,United Kingdom of Great Britain and Northern Ireland,HUMAN_OBSERVATION
51.197443,-3.02825,2012,11,United Kingdom of Great Britain and Northern Ireland,HUMAN_OBSERVATION
51.19767,2.83065,2024,7,Belgium,HUMAN_OBSERVATION
51.198778,-4.177634,2017,4,United Kingdom of Great Britain and Northern Ireland,HUMAN_OBSERVATION
51.198778,-4.177634,2016,8,United Kingdom of Great Britain and Northern Ireland,HUMAN_OBSERVATION
51.198778,-4.177634,2016,8,United Kingdom of Great Britain and Northern Ireland,HUMAN_OBSERVATION
51.198778,-4.177634,2016,8,United Kingdom of Great Britain and Northern Ireland,HUMAN_OBSERVATION
51.198778,-4.177634,2016,8,United Kingdom of Great Britain and Northern Ireland,HUMAN_OBSERVATION
51.198778,-4.177634,2016,8,United Kingdom of Great Britain and Northern Ireland,HUMAN_OBSERVATION
51.198778,-4.177634,2016,8,United Kingdom of Great Britain and Northern Ireland,HUMAN_OBSERVATION
51.19879,2.83513,2011,9,Belgium,HUMAN_OBSERVATION
51.198957,-4.179132,2017,5,United Kingdom of Great Britain and Northern Ireland,MATERIAL_SAMPLE
51.198957,-4.179132,2017,11,United Kingdom of Great Britain and Northern Ireland,MATERIAL_SAMPLE
51.19948,2.84015,2023,12,Belgium,HUMAN_OBSERVATION
51.199623,-4.180537,2017,9,United Kingdom of Great Britain and Northern Ireland,HUMAN_OBSERVATION
51.199649,-4.179107,2017,11,United Kingdom of Great Britain and Northern Ireland,HUMAN_OBSERVATION
51.2,2.85,1970,7,Belgium,OCCURRENCE
51.2,2.85,1970,7,Belgium,OCCURRENCE
51.2,2.85,1970,8,Belgium,OCCURRENCE
51.2,2.85,1970,8,Belgium,OCCURRENCE
51.2,2.85,1970,8,Belgium,OCCURRENCE
51.2,2.85,1970,8,Belgium,OCCURRENCE
51.2,2.85,1970,9,Belgium,OCCURRENCE
51.2,2.85,1970,9,Belgium,OCCURRENCE
51.2,2.85,1970,9,Belgium,OCCURRENCE
51.2,2.85,1970,9,Belgium,OCCURRENCE
51.2,2.85,1970,9,Belgium,OCCURRENCE
51.2,2.85,1970,9,Belgium,OCCURRENCE
51.2,2.85,1970,10,Belgium,OCCURRENCE
51.2,2.85,1970,10,Belgium,OCCURRENCE
51.2,2.85,1970,11,Belgium,OCCURRENCE
51.2,2.85,1970,11,Belgium,OCCURRENCE
51.2,2.85,1970,12,Belgium,OCCURRENCE
51.2,2.85,1970,12,Belgium,OCCURRENCE
51.2,2.85,1970,,Belgium,OCCURRENCE
51.2,2.85,1970,,Belgium,OCCURRENCE
51.2,2.85,1970,,Belgium,OCCURRENCE
51.2,2.85,1970,,Belgium,OCCURRENCE
51.200068,-4.178339,2017,9,United Kingdom of Great Britain and Northern Ireland,HUMAN_OBSERVATION
51.20108,2.8441,2024,4,Belgium,HUMAN_OBSERVATION
51.20263,2.84241,2024,4,Belgium,HUMAN_OBSERVATION
51.2027,2.84761,2023,5,Belgium,HUMAN_OBSERVATION
51.20348,2.84894,2021,8,Belgium,HUMAN_OBSERVATION
51.20529,2.85065,2020,7,Belgium,HUMAN_OBSERVATION
51.2056,2.85378,2024,1,Belgium,HUMAN_OBSERVATION
51.20579,2.85416,2024,1,Belgium,HUMAN_OBSERVATION
51.20583,2.84997,2013,2,Belgium,HUMAN_OBSERVATION
51.20584,2.85006,2023,1,Belgium,HUMAN_OBSERVATION
51.20602,2.84983,2022,4,Belgium,HUMAN_OBSERVATION
51.20633,2.85314,2011,7,Belgium,HUMAN_OBSERVATION
51.207811,1.421754,2016,8,United Kingdom of Great Britain and Northern Ireland,HUMAN_OBSERVATION
51.20792,2.85347,2022,2,Belgium,HUMAN_OBSERVATION
51.20817,2.85305,2024,1,Belgium,HUMAN_OBSERVATION
51.208491,-4.040777,2018,6,United Kingdom of Great Britain and Northern Ireland,MATERIAL_SAMPLE
51.208491,-4.040777,2017,6,United Kingdom of Great Britain and Northern Ireland,MATERIAL_SAMPLE
51.208491,-4.040777,2017,10,United Kingdom of Great Britain and Northern Ireland,MATERIAL_SAMPLE
51.208593,-3.160305,2022,10,United Kingdom of Great Britain and Northern Ireland,HUMAN_OBSERVATION
51.208765,-4.040533,2017,3,United Kingdom of Great Britain and Northern Ireland,HUMAN_OBSERVATION
51.208765,-4.040533,2017,3,United Kingdom of Great Britain and Northern Ireland,MATERIAL_SAMPLE
51.208879,-4.041381,2018,6,United Kingdom of Great Britain and Northern Ireland,HUMAN_OBSERVATION
51.208879,-4.041381,2017,6,United Kingdom of Great Britain and Northern Ireland,HUMAN_OBSERVATION
51.208879,-4.041381,2017,10,United Kingdom of Great Britain and Northern Ireland,HUMAN_OBSERVATION
51.208879,-4.041381,2017,10,United Kingdom of Great Britain and Northern Ireland,HUMAN_OBSERVATION
51.20896,2.85978,2025,2,Belgium,HUMAN_OBSERVATION
51.209142,-3.468568,2017,7,United Kingdom of Great Britain and Northern Ireland,HUMAN_OBSERVATION
51.209142,-3.468568,2017,7,United Kingdom of Great Britain and Northern Ireland,HUMAN_OBSERVATION
51.209341,-4.040686,1977,6,United Kingdom of Great Britain and Northern Ireland,HUMAN_OBSERVATION
51.209552,-4.112566,2024,6,United Kingdom of Great Britain and Northern Ireland,HUMAN_OBSERVATION
51.209552,-4.112566,2024,6,United Kingdom of Great Britain and Northern Ireland,HUMAN_OBSERVATION
51.20992,2.85875,2024,10,Belgium,HUMAN_OBSERVATION
51.21028,2.865,2020,1,Belgium,HUMAN_OBSERVATION
51.21118,1.268011,2005,4,United Kingdom of Great Britain and Northern Ireland,HUMAN_OBSERVATION
51.211949,-4.096642,1992,9,United Kingdom of Great Britain and Northern Ireland,HUMAN_OBSERVATION
51.21231,2.86355,2021,8,Belgium,HUMAN_OBSERVATION
51.213128,-3.45633,2023,9,United Kingdom of Great Britain and Northern Ireland,HUMAN_OBSERVATION
51.2133,2.86589,2021,8,Belgium,HUMAN_OBSERVATION
51.21393,2.86961,2021,11,Belgium,HUMAN_OBSERVATION
51.21462,2.86876,2019,3,Belgium,HUMAN_OBSERVATION
51.21462,2.86877,2023,12,Belgium,HUMAN_OBSERVATION
51.21466,2.86871,2024,5,Belgium,HUMAN_OBSERVATION
51.21466,2.86874,2022,1,Belgium,HUMAN_OBSERVATION
51.21824,2.87904,2021,9,Belgium,HUMAN_OBSERVATION
51.21848,2.87889,2024,10,Belgium,HUMAN_OBSERVATION
51.21939,2.88349,2023,10,Belgium,HUMAN_OBSERVATION
51.22033,2.88535,2021,7,Belgium,HUMAN_OBSERVATION
51.221892,1.415808,2016,8,United Kingdom of Great Britain and Northern Ireland,HUMAN_OBSERVATION
51.22358,2.89978,2021,5,Belgium,HUMAN_OBSERVATION
51.22381,2.94262,2019,7,Belgium,HUMAN_OBSERVATION
51.22391,2.88978,2023,11,Belgium,HUMAN_OBSERVATION
51.224167,-3.633889,2022,4,United Kingdom of Great Britain and Northern Ireland,HUMAN_OBSERVATION
51.224733,-3.6332,1976,5,United Kingdom of Great Britain and Northern Ireland,HUMAN_OBSERVATION
51.22797,2.952682,,,Belgium,OCCURRENCE
51.22835,2.9518,1962,,Belgium,OCCURRENCE
51.22835,2.9518,1961,,Belgium,OCCURRENCE
51.22991,2.906,2025,1,Belgium,HUMAN_OBSERVATION
51.22998,2.90574,2021,8,Belgium,HUMAN_OBSERVATION
51.23155,2.925211,1964,,Belgium,OCCURRENCE
51.23157,2.90915,2024,3,Belgium,HUMAN_OBSERVATION
51.231752,-3.580452,1978,6,United Kingdom of Great Britain and Northern Ireland,HUMAN_OBSERVATION
51.23221,2.92301,2022,3,Belgium,HUMAN_OBSERVATION
51.23269,-3.577619,1978,6,United Kingdom of Great Britain and Northern Ireland,HUMAN_OBSERVATION
51.23399,2.91143,2023,10,Belgium,HUMAN_OBSERVATION
51.23431,2.92793,2019,3,Belgium,HUMAN_OBSERVATION
51.235166,-3.72095,1976,5,United Kingdom of Great Britain and Northern Ireland,HUMAN_OBSERVATION
51.23621,2.91711,2021,4,Belgium,HUMAN_OBSERVATION
51.23665,2.92105,2023,10,Belgium,HUMAN_OBSERVATION
51.23688,2.91884,2013,9,Belgium,HUMAN_OBSERVATION
51.23711,2.92025,2020,10,Belgium,HUMAN_OBSERVATION
51.237554,-3.801262,1976,7,United Kingdom of Great Britain and Northern Ireland,HUMAN_OBSERVATION
51.23756,2.91438,2025,3,Belgium,HUMAN_OBSERVATION
51.2376,2.91933,2021,4,Belgium,HUMAN_OBSERVATION
51.23766,2.9146,2024,12,Belgium,HUMAN_OBSERVATION
51.238,2.91399,2023,4,Belgium,HUMAN_OBSERVATION
51.23822,2.92831,2013,2,Belgium,HUMAN_OBSERVATION
51.2383,2.92768,2021,10,Belgium,HUMAN_OBSERVATION
51.23844,2.9255,2024,2,Belgium,HUMAN_OBSERVATION
51.23851,2.92804,2021,10,Belgium,HUMAN_OBSERVATION
51.23864,2.9277,2025,1,Belgium,HUMAN_OBSERVATION
51.23871,2.9282,2013,3,Belgium,HUMAN_OBSERVATION
51.23877,2.92814,2021,8,Belgium,HUMAN_OBSERVATION
51.239,2.92701,2021,10,Belgium,HUMAN_OBSERVATION
51.23932,2.92613,2023,9,Belgium,HUMAN_OBSERVATION
51.23937,2.92641,2021,11,Belgium,HUMAN_OBSERVATION
51.23941,2.9264,2022,2,Belgium,HUMAN_OBSERVATION
51.23942,2.92634,2019,3,Belgium,HUMAN_OBSERVATION
51.23944,2.92639,2021,5,Belgium,HUMAN_OBSERVATION
51.23949,2.92632,2016,2,Belgium,HUMAN_OBSERVATION
51.23957,2.93266,2012,3,Belgium,HUMAN_OBSERVATION
51.2396,2.92696,2023,2,Belgium,HUMAN_OBSERVATION
51.23966,2.92645,2025,1,Belgium,HUMAN_OBSERVATION
51.23966,2.92649,2022,2,Belgium,HUMAN_OBSERVATION
51.23967,2.92632,2025,2,Belgium,HUMAN_OBSERVATION
51.23973,2.93046,2017,1,Belgium,HUMAN_OBSERVATION
51.24,2.93037,2022,6,Belgium,HUMAN_OBSERVATION
51.24002,2.93039,2009,11,Belgium,HUMAN_OBSERVATION
51.24009,2.92601,2022,6,Belgium,HUMAN_OBSERVATION
51.24015,2.93281,2015,2,Belgium,HUMAN_OBSERVATION
51.24024,2.93032,2020,2,Belgium,HUMAN_OBSERVATION
51.24046,2.93017,2022,2,Belgium,HUMAN_OBSERVATION
51.24048,2.92967,2024,2,Belgium,HUMAN_OBSERVATION
51.24052,2.93015,2025,2,Belgium,HUMAN_OBSERVATION
51.24064,2.93459,2013,9,Belgium,HUMAN_OBSERVATION
51.24088,2.92998,2020,2,Belgium,HUMAN_OBSERVATION
51.24088,2.93427,2019,1,Belgium,HUMAN_OBSERVATION
51.24126,2.92949,2025,2,Belgium,HUMAN_OBSERVATION
51.24126,2.92949,2025,2,Belgium,HUMAN_OBSERVATION
51.24141,2.92938,2023,1,Belgium,HUMAN_OBSERVATION
51.24168,2.93357,2024,10,Belgium,HUMAN_OBSERVATION
51.24215,2.93306,2018,9,Belgium,HUMAN_OBSERVATION
51.24271,2.93636,2021,2,Belgium,HUMAN_OBSERVATION
51.24307,2.938,2022,2,Belgium,HUMAN_OBSERVATION
51.2437,2.93749,2023,10,Belgium,HUMAN_OBSERVATION
51.24372,2.93749,2024,7,Belgium,HUMAN_OBSERVATION
51.24401,2.9426,2024,12,Belgium,HUMAN_OBSERVATION
51.24921,2.95462,2023,11,Belgium,HUMAN_OBSERVATION
51.25112,2.95752,2020,6,Belgium,HUMAN_OBSERVATION
51.25117,2.95706,2021,12,Belgium,HUMAN_OBSERVATION
51.252993,-3.050983,2012,11,United Kingdom of Great Britain and Northern Ireland,HUMAN_OBSERVATION
51.25434,2.96991,2001,11,Belgium,HUMAN_OBSERVATION
51.25562,2.96938,2024,1,Belgium,HUMAN_OBSERVATION
51.2562,2.97265,2023,12,Belgium,HUMAN_OBSERVATION
51.25854,2.97893,2021,3,Belgium,HUMAN_OBSERVATION
51.25861,2.97889,2020,8,Belgium,HUMAN_OBSERVATION
51.26161,2.98762,2023,1,Belgium,HUMAN_OBSERVATION
51.26669,3.21427,2023,1,Belgium,HUMAN_OBSERVATION
51.268276,-3.051332,,,United Kingdom of Great Britain and Northern Ireland,HUMAN_OBSERVATION
51.2703,3.01044,2023,11,Belgium,HUMAN_OBSERVATION
51.27155,3.2129,2008,7,Belgium,HUMAN_OBSERVATION
51.27417,3.01778,2020,7,Belgium,HUMAN_OBSERVATION
51.281735,1.380605,2006,2,United Kingdom of Great Britain and Northern Ireland,HUMAN_OBSERVATION
51.281735,1.380605,2004,12,United Kingdom of Great Britain and Northern Ireland,HUMAN_OBSERVATION
51.283489,1.382168,2006,2,United Kingdom of Great Britain and Northern Ireland,HUMAN_OBSERVATION
51.28694,3.20835,2008,7,Belgium,HUMAN_OBSERVATION
51.288185,1.376847,2004,1,United Kingdom of Great Britain and Northern Ireland,HUMAN_OBSERVATION
51.29187,3.0556,2021,9,Belgium,HUMAN_OBSERVATION
51.2999,3.07145,2021,11,Belgium,HUMAN_OBSERVATION
51.29996,3.07134,2024,10,Belgium,HUMAN_OBSERVATION
51.3,3.7,2023,3,Netherlands,HUMAN_OBSERVATION
51.3,3.75,2023,3,Netherlands,HUMAN_OBSERVATION
51.3,3.75,2023,3,Netherlands,HUMAN_OBSERVATION
51.3,3.8,2023,1,Netherlands,HUMAN_OBSERVATION
51.3,3.85,2024,2,Netherlands,HUMAN_OBSERVATION
51.3,3.85,2024,12,Netherlands,HUMAN_OBSERVATION
51.3,3.85,2023,2,Netherlands,HUMAN_OBSERVATION
51.3,3.85,2023,2,Netherlands,HUMAN_OBSERVATION
51.3,3.85,2023,2,Netherlands,HUMAN_OBSERVATION
51.3,3.85,2023,2,Netherlands,HUMAN_OBSERVATION
51.3,3.85,2023,2,Netherlands,HUMAN_OBSERVATION
51.3,3.85,2022,11,Netherlands,HUMAN_OBSERVATION
51.3,3.85,2022,11,Netherlands,HUMAN_OBSERVATION
51.30277,3.20415,2008,10,Belgium,HUMAN_OBSERVATION
51.30336,3.07852,2017,9,Belgium,HUMAN_OBSERVATION
51.30403,3.07784,2021,8,Belgium,HUMAN_OBSERVATION
51.30408,3.08063,2024,3,Belgium,HUMAN_OBSERVATION
51.30516,3.08505,2024,3,Belgium,HUMAN_OBSERVATION
51.30634,3.08373,2023,3,Belgium,HUMAN_OBSERVATION
51.30658,3.0837,2023,3,Belgium,HUMAN_OBSERVATION
51.30658,3.0837,2023,3,Belgium,HUMAN_OBSERVATION
51.31151,3.1053,2022,1,Belgium,HUMAN_OBSERVATION
51.31153,3.10151,2020,12,Belgium,HUMAN_OBSERVATION
51.311952,3.116071,2019,12,Belgium,HUMAN_OBSERVATION
51.3127,3.10903,2021,7,Belgium,HUMAN_OBSERVATION
51.31314,3.11504,2023,12,Belgium,HUMAN_OBSERVATION
51.31367,3.11097,2016,1,Belgium,HUMAN_OBSERVATION
51.31472,3.11379,2025,1,Belgium,HUMAN_OBSERVATION
51.31474,3.11377,2025,1,Belgium,HUMAN_OBSERVATION
51.31475,3.11377,2025,1,Belgium,HUMAN_OBSERVATION
51.31486,3.11368,2023,12,Belgium,HUMAN_OBSERVATION
51.31516,3.12122,2021,2,Belgium,HUMAN_OBSERVATION
51.31609,3.12849,2021,7,Belgium,HUMAN_OBSERVATION
51.31657,3.1177,2020,1,Belgium,HUMAN_OBSERVATION
51.31669,3.12249,2018,12,Belgium,HUMAN_OBSERVATION
51.31704,3.12267,2022,3,Belgium,HUMAN_OBSERVATION
51.31707,3.12227,2025,2,Belgium,HUMAN_OBSERVATION
51.3173,3.12221,2025,5,Belgium,HUMAN_OBSERVATION
51.31748,3.12228,2022,3,Belgium,HUMAN_OBSERVATION
51.31771,3.12596,2021,12,Belgium,HUMAN_OBSERVATION
51.32037,3.13132,2023,9,Belgium,HUMAN_OBSERVATION
51.32069,3.13705,2018,10,Belgium,HUMAN_OBSERVATION
51.32085,3.1361,2024,9,Belgium,HUMAN_OBSERVATION
51.32105,3.14114,2022,9,Belgium,HUMAN_OBSERVATION
51.32127,3.13616,2025,2,Belgium,HUMAN_OBSERVATION
51.32134,3.13661,2020,6,Belgium,HUMAN_OBSERVATION
51.321389,-3.015046,2024,4,United Kingdom of Great Britain and Northern Ireland,HUMAN_OBSERVATION
51.32142,3.14467,2024,3,Belgium,HUMAN_OBSERVATION
51.32153,3.13665,2025,2,Belgium,HUMAN_OBSERVATION
51.32156,3.13678,2025,3,Belgium,HUMAN_OBSERVATION
51.32254,3.14814,2024,3,Belgium,HUMAN_OBSERVATION
51.32263,3.14451,2013,12,Belgium,HUMAN_OBSERVATION
51.32267,3.14449,2020,3,Belgium,HUMAN_OBSERVATION
51.322915,-3.026995,2022,5,United Kingdom of Great Britain and Northern Ireland,HUMAN_OBSERVATION
51.323087,-3.016757,2014,10,United Kingdom of Great Britain and Northern Ireland,HUMAN_OBSERVATION
51.323198,-3.016109,2023,3,United Kingdom of Great Britain and Northern Ireland,HUMAN_OBSERVATION
51.3233,3.15591,2024,3,Belgium,HUMAN_OBSERVATION
51.323446,-3.015279,2014,10,United Kingdom of Great Britain and Northern Ireland,HUMAN_OBSERVATION
51.32498,3.15465,2019,1,Belgium,HUMAN_OBSERVATION
51.32498,3.15682,2024,2,Belgium,HUMAN_OBSERVATION
51.3251,3.15854,2021,10,Belgium,HUMAN_OBSERVATION
51.32519,1.411897,2010,9,United Kingdom of Great Britain and Northern Ireland,HUMAN_OBSERVATION
51.32523,1.407434,2014,12,United Kingdom of Great Britain and Northern Ireland,HUMAN_OBSERVATION
51.32543,1.394217,2017,10,United Kingdom of Great Britain and Northern Ireland,HUMAN_OBSERVATION
51.325546,1.409887,2007,3,United Kingdom of Great Britain and Northern Ireland,HUMAN_OBSERVATION
51.32561,1.394259,2017,10,United Kingdom of Great Britain and Northern Ireland,HUMAN_OBSERVATION
51.32566,1.407129,2014,12,United Kingdom of Great Britain and Northern Ireland,HUMAN_OBSERVATION
51.32567,1.407309,2014,12,United Kingdom of Great Britain and Northern Ireland,HUMAN_OBSERVATION
51.32573,1.411183,2010,9,United Kingdom of Great Britain and Northern Ireland,HUMAN_OBSERVATION
51.326147,1.407778,2007,3,United Kingdom of Great Britain and Northern Ireland,HUMAN_OBSERVATION
51.32627,3.16269,2008,12,Belgium,HUMAN_OBSERVATION
51.326325,1.393936,2005,10,United Kingdom of Great Britain and Northern Ireland,HUMAN_OBSERVATION
51.327389,1.388272,2005,10,United Kingdom of Great Britain and Northern Ireland,HUMAN_OBSERVATION
51.327389,1.388272,2005,10,United Kingdom of Great Britain and Northern Ireland,HUMAN_OBSERVATION
51.327471,1.385406,2005,10,United Kingdom of Great Britain and Northern Ireland,HUMAN_OBSERVATION
51.327471,1.385406,2005,10,United Kingdom of Great Britain and Northern Ireland,HUMAN_OBSERVATION
51.32775,1.385544,2006,4,United Kingdom of Great Britain and Northern Ireland,HUMAN_OBSERVATION
51.32775,1.385544,2006,4,United Kingdom of Great Britain and Northern Ireland,HUMAN_OBSERVATION
51.328779,-3.035956,2024,8,United Kingdom of Great Britain and Northern Ireland,HUMAN_OBSERVATION
51.328779,-3.035956,2024,8,United Kingdom of Great Britain and Northern Ireland,HUMAN_OBSERVATION
51.32955,1.422173,2009,10,United Kingdom of Great Britain and Northern Ireland,HUMAN_OBSERVATION
51.330918,1.421557,2014,8,United Kingdom of Great Britain and Northern Ireland,HUMAN_OBSERVATION
51.331689,1.425922,1997,9,United Kingdom of Great Britain and Northern Ireland,HUMAN_OBSERVATION
51.33193,3.17628,2018,1,Belgium,HUMAN_OBSERVATION
51.33212,3.17659,2014,8,Belgium,HUMAN_OBSERVATION
51.33212,3.17808,2013,9,Belgium,HUMAN_OBSERVATION
51.33215,3.17639,2014,5,Belgium,HUMAN_OBSERVATION
51.33215,3.17639,2008,11,Belgium,HUMAN_OBSERVATION
51.33215,3.17639,1999,1,Belgium,HUMAN_OBSERVATION
51.33275,3.17731,2017,12,Belgium,HUMAN_OBSERVATION
51.33294,3.17973,2010,10,Belgium,HUMAN_OBSERVATION
51.33307,3.20107,2023,6,Belgium,HUMAN_OBSERVATION
51.33311,3.20154,2022,8,Belgium,HUMAN_OBSERVATION
51.33311,3.20154,2022,8,Belgium,HUMAN_OBSERVATION
51.33313,3.20161,2022,8,Belgium,HUMAN_OBSERVATION
51.33318,3.20115,2014,6,Belgium,HUMAN_OBSERVATION
51.33329,3.20372,2010,5,Belgium,HUMAN_OBSERVATION
51.33333,3.2024,2011,7,Belgium,HUMAN_OBSERVATION
51.33343,3.20332,2013,6,Belgium,HUMAN_OBSERVATION
51.33348,3.2016,2021,9,Belgium,HUMAN_OBSERVATION
51.33348,3.20344,2016,9,Belgium,HUMAN_OBSERVATION
51.33353,3.20322,2016,9,Belgium,HUMAN_OBSERVATION
51.33367,3.2049,2011,7,Belgium,HUMAN_OBSERVATION
51.33378,3.20432,2013,6,Belgium,HUMAN_OBSERVATION
51.33385,3.20416,2011,7,Belgium,HUMAN_OBSERVATION
51.33388,3.20375,2016,6,Belgium,HUMAN_OBSERVATION
51.33437,3.17888,2022,9,Belgium,HUMAN_OBSERVATION
51.33469,3.17934,2009,2,Belgium,HUMAN_OBSERVATION
51.33526,3.1732,2016,4,Belgium,HUMAN_OBSERVATION
51.33585,1.436192,2007,9,United Kingdom of Great Britain and Northern Ireland,HUMAN_OBSERVATION
51.33636,3.17696,2012,6,Belgium,HUMAN_OBSERVATION
51.33664,1.4347,2014,11,United Kingdom of Great Britain and Northern Ireland,HUMAN_OBSERVATION
51.336744,3.29301,2021,9,Belgium,HUMAN_OBSERVATION
51.3369,1.435546,2014,11,United Kingdom of Great Britain and Northern Ireland,HUMAN_OBSERVATION
51.33731,3.17567,2018,5,Belgium,HUMAN_OBSERVATION
51.33744,3.17604,2020,12,Belgium,HUMAN_OBSERVATION
51.33744,3.17604,2020,12,Belgium,HUMAN_OBSERVATION
51.3379,3.17501,2015,1,Belgium,HUMAN_OBSERVATION
51.337905,-3.006985,,,United Kingdom of Great Britain and Northern Ireland,HUMAN_OBSERVATION
51.33805,1.435739,2006,3,United Kingdom of Great Britain and Northern Ireland,HUMAN_OBSERVATION
51.33815,3.17626,2019,1,Belgium,HUMAN_OBSERVATION
51.33816,3.17596,2018,2,Belgium,HUMAN_OBSERVATION
51.33861,3.17574,2018,1,Belgium,HUMAN_OBSERVATION
51.33861,3.17592,2017,1,Belgium,HUMAN_OBSERVATION
51.338796,-3.107498,2003,7,United Kingdom of Great Britain and Northern Ireland,HUMAN_OBSERVATION
51.33882,3.17571,2019,3,Belgium,HUMAN_OBSERVATION
51.338837,-3.103192,2016,9,United Kingdom of Great Britain and Northern Ireland,HUMAN_OBSERVATION
51.338837,-3.103192,2016,9,United Kingdom of Great Britain and Northern Ireland,HUMAN_OBSERVATION
51.338837,-3.103192,2016,9,United Kingdom of Great Britain and Northern Ireland,HUMAN_OBSERVATION
51.338837,-3.103192,2016,9,United Kingdom of Great Britain and Northern Ireland,HUMAN_OBSERVATION
51.338837,-3.103192,2016,9,United Kingdom of Great Britain and Northern Ireland,HUMAN_OBSERVATION
51.338837,-3.103192,2016,9,United Kingdom of Great Britain and Northern Ireland,HUMAN_OBSERVATION
51.338837,-3.103192,2016,9,United Kingdom of Great Britain and Northern Ireland,HUMAN_OBSERVATION
51.338837,-3.103192,2016,9,United Kingdom of Great Britain and Northern Ireland,HUMAN_OBSERVATION
51.338837,-3.103192,2016,9,United Kingdom of Great Britain and Northern Ireland,HUMAN_OBSERVATION
51.338837,-3.103192,2016,9,United Kingdom of Great Britain and Northern Ireland,HUMAN_OBSERVATION
51.338837,-3.103192,2016,9,United Kingdom of Great Britain and Northern Ireland,HUMAN_OBSERVATION
51.338837,-3.103192,2016,9,United Kingdom of Great Britain and Northern Ireland,HUMAN_OBSERVATION
51.338837,-3.103192,2016,9,United Kingdom of Great Britain and Northern Ireland,HUMAN_OBSERVATION
51.338837,-3.103192,2016,9,United Kingdom of Great Britain and Northern Ireland,HUMAN_OBSERVATION
51.338837,-3.103192,2016,9,United Kingdom of Great Britain and Northern Ireland,HUMAN_OBSERVATION
51.338837,-3.103192,2016,9,United Kingdom of Great Britain and Northern Ireland,HUMAN_OBSERVATION
51.338837,-3.103192,2016,9,United Kingdom of Great Britain and Northern Ireland,HUMAN_OBSERVATION
51.338837,-3.103192,2016,9,United Kingdom of Great Britain and Northern Ireland,HUMAN_OBSERVATION
51.338837,-3.103192,2016,9,United Kingdom of Great Britain and Northern Ireland,HUMAN_OBSERVATION
51.338837,-3.103192,2016,9,United Kingdom of Great Britain and Northern Ireland,HUMAN_OBSERVATION
51.338837,-3.103192,2016,9,United Kingdom of Great Britain and Northern Ireland,HUMAN_OBSERVATION
51.338837,-3.103192,2016,9,United Kingdom of Great Britain and Northern Ireland,HUMAN_OBSERVATION
51.338837,-3.103192,2016,9,United Kingdom of Great Britain and Northern Ireland,HUMAN_OBSERVATION
51.338837,-3.103192,2016,9,United Kingdom of Great Britain and Northern Ireland,HUMAN_OBSERVATION
51.338837,-3.103192,2016,9,United Kingdom of Great Britain and Northern Ireland,HUMAN_OBSERVATION
51.338837,-3.103192,2016,9,United Kingdom of Great Britain and Northern Ireland,HUMAN_OBSERVATION
51.338837,-3.103192,2016,9,United Kingdom of Great Britain and Northern Ireland,HUMAN_OBSERVATION
51.338837,-3.103192,2016,9,United Kingdom of Great Britain and Northern Ireland,HUMAN_OBSERVATION
51.338837,-3.103192,2016,9,United Kingdom of Great Britain and Northern Ireland,HUMAN_OBSERVATION
51.338837,-3.103192,2016,9,United Kingdom of Great Britain and Northern Ireland,HUMAN_OBSERVATION
51.338837,-3.103192,2016,9,United Kingdom of Great Britain and Northern Ireland,HUMAN_OBSERVATION
51.338837,-3.103192,2016,9,United Kingdom of Great Britain and Northern Ireland,HUMAN_OBSERVATION
51.338837,-3.103192,2016,10,United Kingdom of Great Britain and Northern Ireland,HUMAN_OBSERVATION
51.338837,-3.103192,2016,10,United Kingdom of Great Britain and Northern Ireland,HUMAN_OBSERVATION
51.338837,-3.103192,2016,10,United Kingdom of Great Britain and Northern Ireland,HUMAN_OBSERVATION
51.338837,-3.103192,2016,10,United Kingdom of Great Britain and Northern Ireland,HUMAN_OBSERVATION
51.338837,-3.103192,2016,10,United Kingdom of Great Britain and Northern Ireland,HUMAN_OBSERVATION
51.338837,-3.103192,2016,10,United Kingdom of Great Britain and Northern Ireland,HUMAN_OBSERVATION
51.338837,-3.103192,2016,10,United Kingdom of Great Britain and Northern Ireland,HUMAN_OBSERVATION
51.338837,-3.103192,2016,10,United Kingdom of Great Britain and Northern Ireland,HUMAN_OBSERVATION
51.338837,-3.103192,2016,10,United Kingdom of Great Britain and Northern Ireland,HUMAN_OBSERVATION
51.338837,-3.103192,2016,10,United Kingdom of Great Britain and Northern Ireland,HUMAN_OBSERVATION
51.338837,-3.103192,2016,10,United Kingdom of Great Britain and Northern Ireland,HUMAN_OBSERVATION
51.338837,-3.103192,2016,10,United Kingdom of Great Britain and Northern Ireland,HUMAN_OBSERVATION
51.338837,-3.103192,2016,10,United Kingdom of Great Britain and Northern Ireland,HUMAN_OBSERVATION
51.338837,-3.103192,2016,10,United Kingdom of Great Britain and Northern Ireland,HUMAN_OBSERVATION
51.338837,-3.103192,2016,10,United Kingdom of Great Britain and Northern Ireland,HUMAN_OBSERVATION
51.338837,-3.103192,2016,10,United Kingdom of Great Britain and Northern Ireland,HUMAN_OBSERVATION
51.338837,-3.103192,2016,10,United Kingdom of Great Britain and Northern Ireland,HUMAN_OBSERVATION
51.338837,-3.103192,2016,10,United Kingdom of Great Britain and Northern Ireland,HUMAN_OBSERVATION
51.338837,-3.103192,2016,10,United Kingdom of Great Britain and Northern Ireland,HUMAN_OBSERVATION
51.338837,-3.103192,2016,10,United Kingdom of Great Britain and Northern Ireland,HUMAN_OBSERVATION
51.338837,-3.103192,2016,10,United Kingdom of Great Britain and Northern Ireland,HUMAN_OBSERVATION
51.338837,-3.103192,2016,10,United Kingdom of Great Britain and Northern Ireland,HUMAN_OBSERVATION
51.338837,-3.103192,2016,10,United Kingdom of Great Britain and Northern Ireland,HUMAN_OBSERVATION
51.338837,-3.103192,2016,10,United Kingdom of Great Britain and Northern Ireland,HUMAN_OBSERVATION
51.338837,-3.103192,2016,10,United Kingdom of Great Britain and Northern Ireland,HUMAN_OBSERVATION
51.338837,-3.103192,2016,10,United Kingdom of Great Britain and Northern Ireland,HUMAN_OBSERVATION
51.338837,-3.103192,2016,10,United Kingdom of Great Britain and Northern Ireland,HUMAN_OBSERVATION
51.338837,-3.103192,2016,10,United Kingdom of Great Britain and Northern Ireland,HUMAN_OBSERVATION
51.338837,-3.103192,2016,10,United Kingdom of Great Britain and Northern Ireland,HUMAN_OBSERVATION
51.338837,-3.103192,2016,10,United Kingdom of Great Britain and Northern Ireland,HUMAN_OBSERVATION
51.338837,-3.103192,2016,10,United Kingdom of Great Britain and Northern Ireland,HUMAN_OBSERVATION
51.338837,-3.103192,2016,10,United Kingdom of Great Britain and Northern Ireland,HUMAN_OBSERVATION
51.338837,-3.103192,2016,10,United Kingdom of Great Britain and Northern Ireland,HUMAN_OBSERVATION
51.338837,-3.103192,2016,10,United Kingdom of Great Britain and Northern Ireland,HUMAN_OBSERVATION
51.338837,-3.103192,2016,10,United Kingdom of Great Britain and Northern Ireland,HUMAN_OBSERVATION
51.338837,-3.103192,2016,10,United Kingdom of Great Britain and Northern Ireland,HUMAN_OBSERVATION
51.338837,-3.103192,2016,10,United Kingdom of Great Britain and Northern Ireland,HUMAN_OBSERVATION
51.338837,-3.103192,2016,10,United Kingdom of Great Britain and Northern Ireland,HUMAN_OBSERVATION
51.338837,-3.103192,2016,10,United Kingdom of Great Britain and Northern Ireland,HUMAN_OBSERVATION
51.338837,-3.103192,2016,10,United Kingdom of Great Britain and Northern Ireland,HUMAN_OBSERVATION
51.338837,-3.103192,2016,10,United Kingdom of Great Britain and Northern Ireland,HUMAN_OBSERVATION
51.338837,-3.103192,2016,10,United Kingdom of Great Britain and Northern Ireland,HUMAN_OBSERVATION
51.338837,-3.103192,2016,10,United Kingdom of Great Britain and Northern Ireland,HUMAN_OBSERVATION
51.338837,-3.103192,2016,10,United Kingdom of Great Britain and Northern Ireland,HUMAN_OBSERVATION
51.338837,-3.103192,2016,10,United Kingdom of Great Britain and Northern Ireland,HUMAN_OBSERVATION
51.338837,-3.103192,2016,10,United Kingdom of Great Britain and Northern Ireland,HUMAN_OBSERVATION
51.338837,-3.103192,2016,10,United Kingdom of Great Britain and Northern Ireland,HUMAN_OBSERVATION
51.338837,-3.103192,2016,10,United Kingdom of Great Britain and Northern Ireland,HUMAN_OBSERVATION
51.338837,-3.103192,2016,10,United Kingdom of Great Britain and Northern Ireland,HUMAN_OBSERVATION
51.338837,-3.103192,2016,10,United Kingdom of Great Britain and Northern Ireland,HUMAN_OBSERVATION
51.338837,-3.103192,2016,10,United Kingdom of Great Britain and Northern Ireland,HUMAN_OBSERVATION
51.338837,-3.103192,2016,10,United Kingdom of Great Britain and Northern Ireland,HUMAN_OBSERVATION
51.338837,-3.103192,2016,10,United Kingdom of Great Britain and Northern Ireland,HUMAN_OBSERVATION
51.338837,-3.103192,2016,10,United Kingdom of Great Britain and Northern Ireland,HUMAN_OBSERVATION
51.338837,-3.103192,2016,10,United Kingdom of Great Britain and Northern Ireland,HUMAN_OBSERVATION
51.338837,-3.103192,2016,10,United Kingdom of Great Britain and Northern Ireland,HUMAN_OBSERVATION
51.338837,-3.103192,2016,10,United Kingdom of Great Britain and Northern Ireland,HUMAN_OBSERVATION
51.338837,-3.103192,2016,10,United Kingdom of Great Britain and Northern Ireland,HUMAN_OBSERVATION
51.338837,-3.103192,2016,10,United Kingdom of Great Britain and Northern Ireland,HUMAN_OBSERVATION
51.338837,-3.103192,2016,10,United Kingdom of Great Britain and Northern Ireland,HUMAN_OBSERVATION
51.338837,-3.103192,2016,10,United Kingdom of Great Britain and Northern Ireland,HUMAN_OBSERVATION
51.338837,-3.103192,2016,10,United Kingdom of Great Britain and Northern Ireland,HUMAN_OBSERVATION
51.338837,-3.103192,2016,10,United Kingdom of Great Britain and Northern Ireland,HUMAN_OBSERVATION
51.338837,-3.103192,2016,10,United Kingdom of Great Britain and Northern Ireland,HUMAN_OBSERVATION
51.339682,-3.108955,1976,12,United Kingdom of Great Britain and Northern Ireland,HUMAN_OBSERVATION
51.340203,-3.10284,2014,6,United Kingdom of Great Britain and Northern Ireland,HUMAN_OBSERVATION
51.34024,3.17482,2024,5,Belgium,HUMAN_OBSERVATION
51.34045,-3.1039,2016,6,United Kingdom of Great Britain and Northern Ireland,HUMAN_OBSERVATION
51.34045,-3.1039,2016,6,United Kingdom of Great Britain and Northern Ireland,HUMAN_OBSERVATION
51.34045,-3.1039,2016,6,United Kingdom of Great Britain and Northern Ireland,HUMAN_OBSERVATION
51.34045,-3.1039,2016,6,United Kingdom of Great Britain and Northern Ireland,HUMAN_OBSERVATION
51.34045,-3.1039,2016,6,United Kingdom of Great Britain and Northern Ireland,HUMAN_OBSERVATION
51.34045,-3.1039,2016,6,United Kingdom of Great Britain and Northern Ireland,HUMAN_OBSERVATION
51.34045,-3.1039,2016,6,United Kingdom of Great Britain and Northern Ireland,HUMAN_OBSERVATION
51.34045,-3.1039,2016,6,United Kingdom of Great Britain and Northern Ireland,HUMAN_OBSERVATION
51.34045,-3.1039,2016,6,United Kingdom of Great Britain and Northern Ireland,HUMAN_OBSERVATION
51.34045,-3.1039,2016,6,United Kingdom of Great Britain and Northern Ireland,HUMAN_OBSERVATION
51.34045,-3.1039,2016,6,United Kingdom of Great Britain and Northern Ireland,HUMAN_OBSERVATION
51.34045,-3.1039,2016,6,United Kingdom of Great Britain and Northern Ireland,HUMAN_OBSERVATION
51.34045,-3.1039,2016,6,United Kingdom of Great Britain and Northern Ireland,HUMAN_OBSERVATION
51.34045,-3.1039,2016,6,United Kingdom of Great Britain and Northern Ireland,HUMAN_OBSERVATION
51.34045,-3.1039,2016,6,United Kingdom of Great Britain and Northern Ireland,HUMAN_OBSERVATION
51.34045,-3.1039,2016,6,United Kingdom of Great Britain and Northern Ireland,HUMAN_OBSERVATION
51.340635,-3.103235,2016,6,United Kingdom of Great Britain and Northern Ireland,HUMAN_OBSERVATION
51.340635,-3.103235,2016,6,United Kingdom of Great Britain and Northern Ireland,HUMAN_OBSERVATION
51.340635,-3.103235,2016,6,United Kingdom of Great Britain and Northern Ireland,HUMAN_OBSERVATION
51.340635,-3.103235,2016,6,United Kingdom of Great Britain and Northern Ireland,HUMAN_OBSERVATION
51.340635,-3.103235,2016,6,United Kingdom of Great Britain and Northern Ireland,HUMAN_OBSERVATION
51.340635,-3.103235,2016,6,United Kingdom of Great Britain and Northern Ireland,HUMAN_OBSERVATION
51.340635,-3.103235,2016,6,United Kingdom of Great Britain and Northern Ireland,HUMAN_OBSERVATION
51.340635,-3.103235,2016,6,United Kingdom of Great Britain and Northern Ireland,HUMAN_OBSERVATION
51.340635,-3.103235,2016,6,United Kingdom of Great Britain and Northern Ireland,HUMAN_OBSERVATION
51.340635,-3.103235,2016,6,United Kingdom of Great Britain and Northern Ireland,HUMAN_OBSERVATION
51.340635,-3.103235,2016,6,United Kingdom of Great Britain and Northern Ireland,HUMAN_OBSERVATION
51.340635,-3.103235,2016,6,United Kingdom of Great Britain and Northern Ireland,HUMAN_OBSERVATION
51.340635,-3.103235,2016,6,United Kingdom of Great Britain and Northern Ireland,HUMAN_OBSERVATION
51.340635,-3.103235,2016,6,United Kingdom of Great Britain and Northern Ireland,HUMAN_OBSERVATION
51.340635,-3.103235,2016,6,United Kingdom of Great Britain and Northern Ireland,HUMAN_OBSERVATION
51.340635,-3.103235,2016,6,United Kingdom of Great Britain and Northern Ireland,HUMAN_OBSERVATION
51.340635,-3.103235,2016,6,United Kingdom of Great Britain and Northern Ireland,HUMAN_OBSERVATION
51.340635,-3.103235,2016,6,United Kingdom of Great Britain and Northern Ireland,HUMAN_OBSERVATION
51.340635,-3.103235,2016,6,United Kingdom of Great Britain and Northern Ireland,HUMAN_OBSERVATION
51.340635,-3.103235,2016,6,United Kingdom of Great Britain and Northern Ireland,HUMAN_OBSERVATION
51.340635,-3.103235,2016,6,United Kingdom of Great Britain and Northern Ireland,HUMAN_OBSERVATION
51.340635,-3.103235,2016,6,United Kingdom of Great Britain and Northern Ireland,HUMAN_OBSERVATION
51.340635,-3.103235,2016,6,United Kingdom of Great Britain and Northern Ireland,HUMAN_OBSERVATION
51.340635,-3.103235,2016,6,United Kingdom of Great Britain and Northern Ireland,HUMAN_OBSERVATION
51.340635,-3.103235,2016,6,United Kingdom of Great Britain and Northern Ireland,HUMAN_OBSERVATION
51.340635,-3.103235,2016,6,United Kingdom of Great Britain and Northern Ireland,HUMAN_OBSERVATION
51.340635,-3.103235,2016,6,United Kingdom of Great Britain and Northern Ireland,HUMAN_OBSERVATION
51.340635,-3.103235,2016,6,United Kingdom of Great Britain and Northern Ireland,HUMAN_OBSERVATION
51.340635,-3.103235,2016,6,United Kingdom of Great Britain and Northern Ireland,HUMAN_OBSERVATION
51.340635,-3.103235,2016,6,United Kingdom of Great Britain and Northern Ireland,HUMAN_OBSERVATION
51.340635,-3.103235,2016,6,United Kingdom of Great Britain and Northern Ireland,HUMAN_OBSERVATION
51.340635,-3.103235,2016,6,United Kingdom of Great Britain and Northern Ireland,HUMAN_OBSERVATION
51.340635,-3.103235,2016,6,United Kingdom of Great Britain and Northern Ireland,HUMAN_OBSERVATION
51.340635,-3.103235,2016,6,United Kingdom of Great Britain and Northern Ireland,HUMAN_OBSERVATION
51.340635,-3.103235,2016,6,United Kingdom of Great Britain and Northern Ireland,HUMAN_OBSERVATION
51.340635,-3.103235,2016,6,United Kingdom of Great Britain and Northern Ireland,HUMAN_OBSERVATION
51.340635,-3.103235,2016,6,United Kingdom of Great Britain and Northern Ireland,HUMAN_OBSERVATION
51.340635,-3.103235,2016,6,United Kingdom of Great Britain and Northern Ireland,HUMAN_OBSERVATION
51.340635,-3.103235,2016,6,United Kingdom of Great Britain and Northern Ireland,HUMAN_OBSERVATION
51.340635,-3.103235,2016,6,United Kingdom of Great Britain and Northern Ireland,HUMAN_OBSERVATION
51.340635,-3.103235,2016,6,United Kingdom of Great Britain and Northern Ireland,HUMAN_OBSERVATION
51.340635,-3.103235,2016,6,United Kingdom of Great Britain and Northern Ireland,HUMAN_OBSERVATION
51.340635,-3.103235,2016,6,United Kingdom of Great Britain and Northern Ireland,HUMAN_OBSERVATION
51.340635,-3.103235,2016,6,United Kingdom of Great Britain and Northern Ireland,HUMAN_OBSERVATION
51.340635,-3.103235,2016,6,United Kingdom of Great Britain and Northern Ireland,HUMAN_OBSERVATION
51.340635,-3.103235,2016,6,United Kingdom of Great Britain and Northern Ireland,HUMAN_OBSERVATION
51.340635,-3.103235,2016,6,United Kingdom of Great Britain and Northern Ireland,HUMAN_OBSERVATION
51.340635,-3.103235,2016,6,United Kingdom of Great Britain and Northern Ireland,HUMAN_OBSERVATION
51.340635,-3.103235,2016,6,United Kingdom of Great Britain and Northern Ireland,HUMAN_OBSERVATION
51.340635,-3.103235,2016,6,United Kingdom of Great Britain and Northern Ireland,HUMAN_OBSERVATION
51.340635,-3.103235,2016,6,United Kingdom of Great Britain and Northern Ireland,HUMAN_OBSERVATION
51.340635,-3.103235,2016,6,United Kingdom of Great Britain and Northern Ireland,HUMAN_OBSERVATION
51.340635,-3.103235,2016,6,United Kingdom of Great Britain and Northern Ireland,HUMAN_OBSERVATION
51.340635,-3.103235,2016,6,United Kingdom of Great Britain and Northern Ireland,HUMAN_OBSERVATION
51.340635,-3.103235,2016,6,United Kingdom of Great Britain and Northern Ireland,HUMAN_OBSERVATION
51.340635,-3.103235,2016,6,United Kingdom of Great Britain and Northern Ireland,HUMAN_OBSERVATION
51.340635,-3.103235,2016,6,United Kingdom of Great Britain and Northern Ireland,HUMAN_OBSERVATION
51.340635,-3.103235,2016,6,United Kingdom of Great Britain and Northern Ireland,HUMAN_OBSERVATION
51.340635,-3.103235,2016,6,United Kingdom of Great Britain and Northern Ireland,HUMAN_OBSERVATION
51.340635,-3.103235,2016,6,United Kingdom of Great Britain and Northern Ireland,HUMAN_OBSERVATION
51.340635,-3.103235,2016,6,United Kingdom of Great Britain and Northern Ireland,HUMAN_OBSERVATION
51.340635,-3.103235,2016,6,United Kingdom of Great Britain and Northern Ireland,HUMAN_OBSERVATION
51.340635,-3.103235,2016,6,United Kingdom of Great Britain and Northern Ireland,HUMAN_OBSERVATION
51.340635,-3.103235,2016,6,United Kingdom of Great Britain and Northern Ireland,HUMAN_OBSERVATION
51.340635,-3.103235,2016,9,United Kingdom of Great Britain and Northern Ireland,HUMAN_OBSERVATION
51.340635,-3.103235,2016,9,United Kingdom of Great Britain and Northern Ireland,HUMAN_OBSERVATION
51.340635,-3.103235,2016,9,United Kingdom of Great Britain and Northern Ireland,HUMAN_OBSERVATION
51.340635,-3.103235,2016,9,United Kingdom of Great Britain and Northern Ireland,HUMAN_OBSERVATION
51.340635,-3.103235,2016,9,United Kingdom of Great Britain and Northern Ireland,HUMAN_OBSERVATION
51.340635,-3.103235,2016,9,United Kingdom of Great Britain and Northern Ireland,HUMAN_OBSERVATION
51.340635,-3.103235,2016,9,United Kingdom of Great Britain and Northern Ireland,HUMAN_OBSERVATION
51.340635,-3.103235,2016,9,United Kingdom of Great Britain and Northern Ireland,HUMAN_OBSERVATION
51.340635,-3.103235,2016,9,United Kingdom of Great Britain and Northern Ireland,HUMAN_OBSERVATION
51.340635,-3.103235,2016,9,United Kingdom of Great Britain and Northern Ireland,HUMAN_OBSERVATION
51.340635,-3.103235,2016,9,United Kingdom of Great Britain and Northern Ireland,HUMAN_OBSERVATION
51.340635,-3.103235,2016,9,United Kingdom of Great Britain and Northern Ireland,HUMAN_OBSERVATION
51.340635,-3.103235,2016,9,United Kingdom of Great Britain and Northern Ireland,HUMAN_OBSERVATION
51.340635,-3.103235,2016,9,United Kingdom of Great Britain and Northern Ireland,HUMAN_OBSERVATION
51.340635,-3.103235,2016,9,United Kingdom of Great Britain and Northern Ireland,HUMAN_OBSERVATION
51.340635,-3.103235,2016,9,United Kingdom of Great Britain and Northern Ireland,HUMAN_OBSERVATION
51.340635,-3.103235,2016,9,United Kingdom of Great Britain and Northern Ireland,HUMAN_OBSERVATION
51.340635,-3.103235,2016,9,United Kingdom of Great Britain and Northern Ireland,HUMAN_OBSERVATION
51.340635,-3.103235,2016,9,United Kingdom of Great Britain and Northern Ireland,HUMAN_OBSERVATION
51.340635,-3.103235,2016,9,United Kingdom of Great Britain and Northern Ireland,HUMAN_OBSERVATION
51.340635,-3.103235,2016,9,United Kingdom of Great Britain and Northern Ireland,HUMAN_OBSERVATION
51.340635,-3.103235,2016,9,United Kingdom of Great Britain and Northern Ireland,HUMAN_OBSERVATION
51.340635,-3.103235,2016,9,United Kingdom of Great Britain and Northern Ireland,HUMAN_OBSERVATION
51.340635,-3.103235,2016,9,United Kingdom of Great Britain and Northern Ireland,HUMAN_OBSERVATION
51.340635,-3.103235,2016,9,United Kingdom of Great Britain and Northern Ireland,HUMAN_OBSERVATION
51.340635,-3.103235,2016,9,United Kingdom of Great Britain and Northern Ireland,HUMAN_OBSERVATION
51.340635,-3.103235,2016,9,United Kingdom of Great Britain and Northern Ireland,HUMAN_OBSERVATION
51.340635,-3.103235,2016,9,United Kingdom of Great Britain and Northern Ireland,HUMAN_OBSERVATION
51.340635,-3.103235,2016,9,United Kingdom of Great Britain and Northern Ireland,HUMAN_OBSERVATION
51.340635,-3.103235,2016,9,United Kingdom of Great Britain and Northern Ireland,HUMAN_OBSERVATION
51.340635,-3.103235,2016,9,United Kingdom of Great Britain and Northern Ireland,HUMAN_OBSERVATION
51.340635,-3.103235,2016,9,United Kingdom of Great Britain and Northern Ireland,HUMAN_OBSERVATION
51.340635,-3.103235,2016,9,United Kingdom of Great Britain and Northern Ireland,HUMAN_OBSERVATION
51.340635,-3.103235,2016,9,United Kingdom of Great Britain and Northern Ireland,HUMAN_OBSERVATION
51.340635,-3.103235,2016,9,United Kingdom of Great Britain and Northern Ireland,HUMAN_OBSERVATION
51.340635,-3.103235,2016,9,United Kingdom of Great Britain and Northern Ireland,HUMAN_OBSERVATION
51.340635,-3.103235,2016,9,United Kingdom of Great Britain and Northern Ireland,HUMAN_OBSERVATION
51.340635,-3.103235,2016,9,United Kingdom of Great Britain and Northern Ireland,HUMAN_OBSERVATION
51.340635,-3.103235,2016,9,United Kingdom of Great Britain and Northern Ireland,HUMAN_OBSERVATION
51.340635,-3.103235,2016,9,United Kingdom of Great Britain and Northern Ireland,HUMAN_OBSERVATION
51.340635,-3.103235,2016,9,United Kingdom of Great Britain and Northern Ireland,HUMAN_OBSERVATION
51.340635,-3.103235,2016,9,United Kingdom of Great Britain and Northern Ireland,HUMAN_OBSERVATION
51.340635,-3.103235,2016,9,United Kingdom of Great Britain and Northern Ireland,HUMAN_OBSERVATION
51.340635,-3.103235,2016,9,United Kingdom of Great Britain and Northern Ireland,HUMAN_OBSERVATION
51.340635,-3.103235,2016,9,United Kingdom of Great Britain and Northern Ireland,HUMAN_OBSERVATION
51.340635,-3.103235,2016,9,United Kingdom of Great Britain and Northern Ireland,HUMAN_OBSERVATION
51.340635,-3.103235,2016,10,United Kingdom of Great Britain and Northern Ireland,HUMAN_OBSERVATION
51.340635,-3.103235,2016,10,United Kingdom of Great Britain and Northern Ireland,HUMAN_OBSERVATION
51.340635,-3.103235,2016,10,United Kingdom of Great Britain and Northern Ireland,HUMAN_OBSERVATION
51.340635,-3.103235,2016,10,United Kingdom of Great Britain and Northern Ireland,HUMAN_OBSERVATION
51.340635,-3.103235,2016,10,United Kingdom of Great Britain and Northern Ireland,HUMAN_OBSERVATION
51.340635,-3.103235,2016,10,United Kingdom of Great Britain and Northern Ireland,HUMAN_OBSERVATION
51.340635,-3.103235,2016,10,United Kingdom of Great Britain and Northern Ireland,HUMAN_OBSERVATION
51.340635,-3.103235,2016,10,United Kingdom of Great Britain and Northern Ireland,HUMAN_OBSERVATION
51.340635,-3.103235,2016,10,United Kingdom of Great Britain and Northern Ireland,HUMAN_OBSERVATION
51.340635,-3.103235,2016,10,United Kingdom of Great Britain and Northern Ireland,HUMAN_OBSERVATION
51.340635,-3.103235,2016,10,United Kingdom of Great Britain and Northern Ireland,HUMAN_OBSERVATION
51.340635,-3.103235,2016,10,United Kingdom of Great Britain and Northern Ireland,HUMAN_OBSERVATION
51.340635,-3.103235,2016,10,United Kingdom of Great Britain and Northern Ireland,HUMAN_OBSERVATION
51.340635,-3.103235,2016,10,United Kingdom of Great Britain and Northern Ireland,HUMAN_OBSERVATION
51.340635,-3.103235,2016,10,United Kingdom of Great Britain and Northern Ireland,HUMAN_OBSERVATION
51.340635,-3.103235,2016,10,United Kingdom of Great Britain and Northern Ireland,HUMAN_OBSERVATION
51.340635,-3.103235,2016,10,United Kingdom of Great Britain and Northern Ireland,HUMAN_OBSERVATION
51.340635,-3.103235,2016,10,United Kingdom of Great Britain and Northern Ireland,HUMAN_OBSERVATION
51.340635,-3.103235,2016,10,United Kingdom of Great Britain and Northern Ireland,HUMAN_OBSERVATION
51.340635,-3.103235,2016,10,United Kingdom of Great Britain and Northern Ireland,HUMAN_OBSERVATION
51.340635,-3.103235,2016,10,United Kingdom of Great Britain and Northern Ireland,HUMAN_OBSERVATION
51.340635,-3.103235,2016,10,United Kingdom of Great Britain and Northern Ireland,HUMAN_OBSERVATION
51.340635,-3.103235,2016,10,United Kingdom of Great Britain and Northern Ireland,HUMAN_OBSERVATION
51.340635,-3.103235,2016,10,United Kingdom of Great Britain and Northern Ireland,HUMAN_OBSERVATION
51.340635,-3.103235,2016,10,United Kingdom of Great Britain and Northern Ireland,HUMAN_OBSERVATION
51.340635,-3.103235,2016,10,United Kingdom of Great Britain and Northern Ireland,HUMAN_OBSERVATION
51.340635,-3.103235,2016,10,United Kingdom of Great Britain and Northern Ireland,HUMAN_OBSERVATION
51.340635,-3.103235,2016,10,United Kingdom of Great Britain and Northern Ireland,HUMAN_OBSERVATION
51.340635,-3.103235,2016,10,United Kingdom of Great Britain and Northern Ireland,HUMAN_OBSERVATION
51.340635,-3.103235,2016,10,United Kingdom of Great Britain and Northern Ireland,HUMAN_OBSERVATION
51.340635,-3.103235,2016,10,United Kingdom of Great Britain and Northern Ireland,HUMAN_OBSERVATION
51.340635,-3.103235,2016,10,United Kingdom of Great Britain and Northern Ireland,HUMAN_OBSERVATION
51.340635,-3.103235,2016,10,United Kingdom of Great Britain and Northern Ireland,HUMAN_OBSERVATION
51.340635,-3.103235,2016,10,United Kingdom of Great Britain and Northern Ireland,HUMAN_OBSERVATION
51.340635,-3.103235,2016,10,United Kingdom of Great Britain and Northern Ireland,HUMAN_OBSERVATION
51.340635,-3.103235,2016,10,United Kingdom of Great Britain and Northern Ireland,HUMAN_OBSERVATION
51.340635,-3.103235,2016,10,United Kingdom of Great Britain and Northern Ireland,HUMAN_OBSERVATION
51.340635,-3.103235,2016,10,United Kingdom of Great Britain and Northern Ireland,HUMAN_OBSERVATION
51.340635,-3.103235,2016,10,United Kingdom of Great Britain and Northern Ireland,HUMAN_OBSERVATION
51.340635,-3.103235,2016,10,United Kingdom of Great Britain and Northern Ireland,HUMAN_OBSERVATION
51.340635,-3.103235,2016,10,United Kingdom of Great Britain and Northern Ireland,HUMAN_OBSERVATION
51.340635,-3.103235,2016,10,United Kingdom of Great Britain and Northern Ireland,HUMAN_OBSERVATION
51.340635,-3.103235,2016,10,United Kingdom of Great Britain and Northern Ireland,HUMAN_OBSERVATION
51.340635,-3.103235,2016,10,United Kingdom of Great Britain and Northern Ireland,HUMAN_OBSERVATION
51.340635,-3.103235,2016,10,United Kingdom of Great Britain and Northern Ireland,HUMAN_OBSERVATION
51.340635,-3.103235,2016,10,United Kingdom of Great Britain and Northern Ireland,HUMAN_OBSERVATION
51.340635,-3.103235,2016,10,United Kingdom of Great Britain and Northern Ireland,HUMAN_OBSERVATION
51.340635,-3.103235,2016,10,United Kingdom of Great Britain and Northern Ireland,HUMAN_OBSERVATION
51.340635,-3.103235,2016,10,United Kingdom of Great Britain and Northern Ireland,HUMAN_OBSERVATION
51.340635,-3.103235,2016,10,United Kingdom of Great Britain and Northern Ireland,HUMAN_OBSERVATION
51.340635,-3.103235,2016,10,United Kingdom of Great Britain and Northern Ireland,HUMAN_OBSERVATION
51.340635,-3.103235,2016,10,United Kingdom of Great Britain and Northern Ireland,HUMAN_OBSERVATION
51.340635,-3.103235,2016,10,United Kingdom of Great Britain and Northern Ireland,HUMAN_OBSERVATION
51.340635,-3.103235,2016,10,United Kingdom of Great Britain and Northern Ireland,HUMAN_OBSERVATION
51.340635,-3.103235,2016,10,United Kingdom of Great Britain and Northern Ireland,HUMAN_OBSERVATION
51.340635,-3.103235,2016,10,United Kingdom of Great Britain and Northern Ireland,HUMAN_OBSERVATION
51.340635,-3.103235,2016,10,United Kingdom of Great Britain and Northern Ireland,HUMAN_OBSERVATION
51.340635,-3.103235,2016,10,United Kingdom of Great Britain and Northern Ireland,HUMAN_OBSERVATION
51.340635,-3.103235,2016,10,United Kingdom of Great Britain and Northern Ireland,HUMAN_OBSERVATION
51.340635,-3.103235,2016,10,United Kingdom of Great Britain and Northern Ireland,HUMAN_OBSERVATION
51.340635,-3.103235,2016,10,United Kingdom of Great Britain and Northern Ireland,HUMAN_OBSERVATION
51.340635,-3.103235,2016,10,United Kingdom of Great Britain and Northern Ireland,HUMAN_OBSERVATION
51.340635,-3.103235,2016,10,United Kingdom of Great Britain and Northern Ireland,HUMAN_OBSERVATION
51.340635,-3.103235,2016,10,United Kingdom of Great Britain and Northern Ireland,HUMAN_OBSERVATION
51.340648,-3.1018,2016,9,United Kingdom of Great Britain and Northern Ireland,HUMAN_OBSERVATION
51.340648,-3.1018,2016,9,United Kingdom of Great Britain and Northern Ireland,HUMAN_OBSERVATION
51.340648,-3.1018,2016,9,United Kingdom of Great Britain and Northern Ireland,HUMAN_OBSERVATION
51.340648,-3.1018,2016,9,United Kingdom of Great Britain and Northern Ireland,HUMAN_OBSERVATION
51.340648,-3.1018,2016,9,United Kingdom of Great Britain and Northern Ireland,HUMAN_OBSERVATION
51.340648,-3.1018,2016,9,United Kingdom of Great Britain and Northern Ireland,HUMAN_OBSERVATION
51.340648,-3.1018,2016,9,United Kingdom of Great Britain and Northern Ireland,HUMAN_OBSERVATION
51.340648,-3.1018,2016,9,United Kingdom of Great Britain and Northern Ireland,HUMAN_OBSERVATION
51.340648,-3.1018,2016,9,United Kingdom of Great Britain and Northern Ireland,HUMAN_OBSERVATION
51.340648,-3.1018,2016,9,United Kingdom of Great Britain and Northern Ireland,HUMAN_OBSERVATION
51.340648,-3.1018,2016,9,United Kingdom of Great Britain and Northern Ireland,HUMAN_OBSERVATION
51.340648,-3.1018,2016,9,United Kingdom of Great Britain and Northern Ireland,HUMAN_OBSERVATION
51.340648,-3.1018,2016,9,United Kingdom of Great Britain and Northern Ireland,HUMAN_OBSERVATION
51.340648,-3.1018,2016,9,United Kingdom of Great Britain and Northern Ireland,HUMAN_OBSERVATION
51.340648,-3.1018,2016,9,United Kingdom of Great Britain and Northern Ireland,HUMAN_OBSERVATION
51.340648,-3.1018,2016,9,United Kingdom of Great Britain and Northern Ireland,HUMAN_OBSERVATION
51.340648,-3.1018,2016,9,United Kingdom of Great Britain and Northern Ireland,HUMAN_OBSERVATION
51.340648,-3.1018,2016,9,United Kingdom of Great Britain and Northern Ireland,HUMAN_OBSERVATION
51.340648,-3.1018,2016,9,United Kingdom of Great Britain and Northern Ireland,HUMAN_OBSERVATION
51.340648,-3.1018,2016,9,United Kingdom of Great Britain and Northern Ireland,HUMAN_OBSERVATION
51.340648,-3.1018,2016,9,United Kingdom of Great Britain and Northern Ireland,HUMAN_OBSERVATION
51.340648,-3.1018,2016,9,United Kingdom of Great Britain and Northern Ireland,HUMAN_OBSERVATION
51.340648,-3.1018,2016,9,United Kingdom of Great Britain and Northern Ireland,HUMAN_OBSERVATION
51.340648,-3.1018,2016,9,United Kingdom of Great Britain and Northern Ireland,HUMAN_OBSERVATION
51.340648,-3.1018,2016,9,United Kingdom of Great Britain and Northern Ireland,HUMAN_OBSERVATION
51.340648,-3.1018,2016,9,United Kingdom of Great Britain and Northern Ireland,HUMAN_OBSERVATION
51.340648,-3.1018,2016,9,United Kingdom of Great Britain and Northern Ireland,HUMAN_OBSERVATION
51.340648,-3.1018,2016,9,United Kingdom of Great Britain and Northern Ireland,HUMAN_OBSERVATION
51.340648,-3.1018,2016,9,United Kingdom of Great Britain and Northern Ireland,HUMAN_OBSERVATION
51.340648,-3.1018,2016,9,United Kingdom of Great Britain and Northern Ireland,HUMAN_OBSERVATION
51.340648,-3.1018,2016,9,United Kingdom of Great Britain and Northern Ireland,HUMAN_OBSERVATION
51.340648,-3.1018,2016,9,United Kingdom of Great Britain and Northern Ireland,HUMAN_OBSERVATION
51.340648,-3.1018,2016,9,United Kingdom of Great Britain and Northern Ireland,HUMAN_OBSERVATION
51.340648,-3.1018,2016,9,United Kingdom of Great Britain and Northern Ireland,HUMAN_OBSERVATION
51.340648,-3.1018,2016,9,United Kingdom of Great Britain and Northern Ireland,HUMAN_OBSERVATION
51.340648,-3.1018,2016,9,United Kingdom of Great Britain and Northern Ireland,HUMAN_OBSERVATION
51.340648,-3.1018,2016,9,United Kingdom of Great Britain and Northern Ireland,HUMAN_OBSERVATION
51.340648,-3.1018,2016,9,United Kingdom of Great Britain and Northern Ireland,HUMAN_OBSERVATION
51.340648,-3.1018,2016,9,United Kingdom of Great Britain and Northern Ireland,HUMAN_OBSERVATION
51.340648,-3.1018,2016,9,United Kingdom of Great Britain and Northern Ireland,HUMAN_OBSERVATION
51.340648,-3.1018,2016,9,United Kingdom of Great Britain and Northern Ireland,HUMAN_OBSERVATION
51.340648,-3.1018,2016,9,United Kingdom of Great Britain and Northern Ireland,HUMAN_OBSERVATION
51.340648,-3.1018,2016,9,United Kingdom of Great Britain and Northern Ireland,HUMAN_OBSERVATION
51.340648,-3.1018,2016,9,United Kingdom of Great Britain and Northern Ireland,HUMAN_OBSERVATION
51.340648,-3.1018,2016,9,United Kingdom of Great Britain and Northern Ireland,HUMAN_OBSERVATION
51.340648,-3.1018,2016,9,United Kingdom of Great Britain and Northern Ireland,HUMAN_OBSERVATION
51.340648,-3.1018,2016,9,United Kingdom of Great Britain and Northern Ireland,HUMAN_OBSERVATION
51.340648,-3.1018,2016,9,United Kingdom of Great Britain and Northern Ireland,HUMAN_OBSERVATION
51.340648,-3.1018,1995,12,United Kingdom of Great Britain and Northern Ireland,HUMAN_OBSERVATION
51.340648,-3.1018,1985,12,United Kingdom of Great Britain and Northern Ireland,HUMAN_OBSERVATION
51.343021,1.438258,2005,10,United Kingdom of Great Britain and Northern Ireland,HUMAN_OBSERVATION
51.34303,3.23961,2016,11,Belgium,HUMAN_OBSERVATION
51.34321,3.24371,2023,4,Belgium,HUMAN_OBSERVATION
51.34353,3.23,2019,3,Belgium,HUMAN_OBSERVATION
51.34391,3.23875,2021,1,Belgium,HUMAN_OBSERVATION
51.34442,3.22814,2020,1,Belgium,HUMAN_OBSERVATION
51.34454,3.22691,2025,1,Belgium,HUMAN_OBSERVATION
51.34466,1.442282,2013,12,United Kingdom of Great Britain and Northern Ireland,HUMAN_OBSERVATION
51.34473,1.441935,2013,12,United Kingdom of Great Britain and Northern Ireland,HUMAN_OBSERVATION
51.34487,3.2347,2025,2,Belgium,HUMAN_OBSERVATION
51.3449,3.23472,2016,7,Belgium,HUMAN_OBSERVATION
51.34499,3.23491,2025,2,Belgium,HUMAN_OBSERVATION
51.34504,3.22667,2021,3,Belgium,HUMAN_OBSERVATION
51.34504,3.22667,2021,3,Belgium,HUMAN_OBSERVATION
51.34506,3.22604,2020,1,Belgium,HUMAN_OBSERVATION
51.34509,3.23582,2008,11,Belgium,HUMAN_OBSERVATION
51.34519,3.22641,2023,8,Belgium,HUMAN_OBSERVATION
51.34535,3.22611,2020,2,Belgium,HUMAN_OBSERVATION
51.34546,3.22592,2021,10,Belgium,HUMAN_OBSERVATION
51.34552,3.22629,2013,1,Belgium,HUMAN_OBSERVATION
51.3456,3.22634,2020,9,Belgium,HUMAN_OBSERVATION
51.34604,1.442048,2006,5,United Kingdom of Great Britain and Northern Ireland,HUMAN_OBSERVATION
51.34613,3.22695,2021,1,Belgium,HUMAN_OBSERVATION
51.3462,1.4414,2013,12,United Kingdom of Great Britain and Northern Ireland,HUMAN_OBSERVATION
51.34626,3.22742,2023,12,Belgium,HUMAN_OBSERVATION
51.3463,3.2258,2024,12,Belgium,HUMAN_OBSERVATION
51.346302,0.973896,2011,9,United Kingdom of Great Britain and Northern Ireland,MATERIAL_SAMPLE
51.346302,0.973896,2011,9,United Kingdom of Great Britain and Northern Ireland,MATERIAL_SAMPLE
51.34632,0.971346,2010,6,United Kingdom of Great Britain and Northern Ireland,HUMAN_OBSERVATION
51.34639,3.22565,2021,10,Belgium,HUMAN_OBSERVATION
51.346569,1.43996,2005,10,United Kingdom of Great Britain and Northern Ireland,HUMAN_OBSERVATION
51.34664,3.22629,2001,9,Belgium,HUMAN_OBSERVATION
51.34682,0.976471,2011,9,United Kingdom of Great Britain and Northern Ireland,HUMAN_OBSERVATION
51.34736,3.26465,2019,12,Belgium,HUMAN_OBSERVATION
51.34743,0.994343,2005,3,United Kingdom of Great Britain and Northern Ireland,HUMAN_OBSERVATION
51.34745,3.22703,2016,3,Belgium,HUMAN_OBSERVATION
51.34748,3.22561,2020,10,Belgium,HUMAN_OBSERVATION
51.34748,3.2646,2020,4,Belgium,HUMAN_OBSERVATION
51.34753,3.2257,2020,1,Belgium,HUMAN_OBSERVATION
51.347728,1.441842,2007,2,United Kingdom of Great Britain and Northern Ireland,HUMAN_OBSERVATION
51.347753,-2.983924,2018,4,United Kingdom of Great Britain and Northern Ireland,HUMAN_OBSERVATION
51.347753,-2.983924,2018,4,United Kingdom of Great Britain and Northern Ireland,HUMAN_OBSERVATION
51.347803,-2.986302,2019,4,United Kingdom of Great Britain and Northern Ireland,HUMAN_OBSERVATION
51.347803,-2.986302,2019,4,United Kingdom of Great Britain and Northern Ireland,HUMAN_OBSERVATION
51.34793,3.2256,2009,2,Belgium,HUMAN_OBSERVATION
51.347978,-2.985668,2019,4,United Kingdom of Great Britain and Northern Ireland,HUMAN_OBSERVATION
51.34799,-2.984232,2019,4,United Kingdom of Great Britain and Northern Ireland,HUMAN_OBSERVATION
51.34799,-2.984232,2018,4,United Kingdom of Great Britain and Northern Ireland,HUMAN_OBSERVATION
51.34799,-2.984232,2018,4,United Kingdom of Great Britain and Northern Ireland,HUMAN_OBSERVATION
51.34804,3.22646,2003,8,Belgium,HUMAN_OBSERVATION
51.34808,3.26853,2019,9,Belgium,HUMAN_OBSERVATION
51.3482,3.2261,2016,3,Belgium,HUMAN_OBSERVATION
51.34842,3.22624,2012,3,Belgium,HUMAN_OBSERVATION
51.34846,0.972002,2015,5,United Kingdom of Great Britain and Northern Ireland,HUMAN_OBSERVATION
51.34868,3.2268,2000,2,Belgium,HUMAN_OBSERVATION
51.34912,0.971484,2014,7,United Kingdom of Great Britain and Northern Ireland,HUMAN_OBSERVATION
51.34988,0.990223,2011,10,United Kingdom of Great Britain and Northern Ireland,HUMAN_OBSERVATION
51.35,3.35,2023,3,Netherlands,HUMAN_OBSERVATION
51.35,3.4,2017,8,Netherlands,HUMAN_OBSERVATION
51.35,3.6,2023,3,Netherlands,HUMAN_OBSERVATION
51.35,3.65,2023,3,Netherlands,HUMAN_OBSERVATION
51.35,3.65,2023,3,Netherlands,HUMAN_OBSERVATION
51.35,3.7,2023,3,Netherlands,HUMAN_OBSERVATION
51.35,3.7,2023,3,Netherlands,HUMAN_OBSERVATION
51.35,3.7,2023,3,Netherlands,HUMAN_OBSERVATION
51.35,3.75,2023,4,Netherlands,HUMAN_OBSERVATION
51.35,3.9,2023,2,Netherlands,HUMAN_OBSERVATION
51.35,3.9,2023,2,Netherlands,HUMAN_OBSERVATION
51.35,3.95,2023,2,Netherlands,HUMAN_OBSERVATION
51.35001,3.22029,2013,12,Belgium,HUMAN_OBSERVATION
51.35031,3.27674,2021,5,Belgium,HUMAN_OBSERVATION
51.35075,3.27336,2020,1,Belgium,HUMAN_OBSERVATION
51.350853,0.989242,2005,3,United Kingdom of Great Britain and Northern Ireland,HUMAN_OBSERVATION
51.35119,3.27666,2023,4,Belgium,HUMAN_OBSERVATION
51.35155,-2.988617,2014,3,United Kingdom of Great Britain and Northern Ireland,HUMAN_OBSERVATION
51.35315,1.446856,2005,8,United Kingdom of Great Britain and Northern Ireland,HUMAN_OBSERVATION
51.35384,1.447338,2005,4,United Kingdom of Great Britain and Northern Ireland,HUMAN_OBSERVATION
51.35394,1.446728,2015,4,United Kingdom of Great Britain and Northern Ireland,HUMAN_OBSERVATION
51.3541,-2.994395,2022,4,United Kingdom of Great Britain and Northern Ireland,HUMAN_OBSERVATION
51.35445,0.991109,2005,3,United Kingdom of Great Britain and Northern Ireland,HUMAN_OBSERVATION
51.35506,3.28844,2022,3,Belgium,HUMAN_OBSERVATION
51.35535,1.000966,2011,7,United Kingdom of Great Britain and Northern Ireland,HUMAN_OBSERVATION
51.35581,3.21759,2024,12,Belgium,HUMAN_OBSERVATION
51.35585,1.446246,2016,2,United Kingdom of Great Britain and Northern Ireland,HUMAN_OBSERVATION
51.35588,0.993329,2005,3,United Kingdom of Great Britain and Northern Ireland,HUMAN_OBSERVATION
51.35596,1.446162,2012,7,United Kingdom of Great Britain and Northern Ireland,HUMAN_OBSERVATION
51.355996,-2.994457,1971,8,United Kingdom of Great Britain and Northern Ireland,HUMAN_OBSERVATION
51.35608,1.446724,2012,7,United Kingdom of Great Britain and Northern Ireland,HUMAN_OBSERVATION
51.356514,1.014032,1993,6,United Kingdom of Great Britain and Northern Ireland,HUMAN_OBSERVATION
51.356514,1.014032,1993,6,United Kingdom of Great Britain and Northern Ireland,HUMAN_OBSERVATION
51.35693,3.29819,2018,6,Belgium,HUMAN_OBSERVATION
51.35784,3.30422,2021,5,Belgium,HUMAN_OBSERVATION
51.359644,0.835809,2016,4,United Kingdom of Great Britain and Northern Ireland,HUMAN_OBSERVATION
51.35987,3.31532,2024,2,Belgium,HUMAN_OBSERVATION
51.36014,3.35151,2025,4,Belgium,HUMAN_OBSERVATION
51.36015,3.35149,2025,4,Belgium,HUMAN_OBSERVATION
51.360259,0.864867,2016,4,United Kingdom of Great Britain and Northern Ireland,HUMAN_OBSERVATION
51.360259,0.864867,2016,4,United Kingdom of Great Britain and Northern Ireland,HUMAN_OBSERVATION
51.360259,0.864867,2016,4,United Kingdom of Great Britain and Northern Ireland,HUMAN_OBSERVATION
51.360259,0.864867,2016,4,United Kingdom of Great Britain and Northern Ireland,HUMAN_OBSERVATION
51.360259,0.864867,2016,4,United Kingdom of Great Britain and Northern Ireland,HUMAN_OBSERVATION
51.360259,0.864867,2016,4,United Kingdom of Great Britain and Northern Ireland,HUMAN_OBSERVATION
51.360259,0.864867,2016,4,United Kingdom of Great Britain and Northern Ireland,HUMAN_OBSERVATION
51.360259,0.864867,2016,4,United Kingdom of Great Britain and Northern Ireland,HUMAN_OBSERVATION
51.360259,0.864867,2016,4,United Kingdom of Great Britain and Northern Ireland,HUMAN_OBSERVATION
51.360259,0.864867,2016,4,United Kingdom of Great Britain and Northern Ireland,HUMAN_OBSERVATION
51.36094,3.35381,2019,3,Belgium,HUMAN_OBSERVATION
51.36103,1.448087,2017,4,United Kingdom of Great Britain and Northern Ireland,HUMAN_OBSERVATION
51.36113,3.31597,2014,2,Belgium,HUMAN_OBSERVATION
51.36114,0.839197,2006,9,United Kingdom of Great Britain and Northern Ireland,HUMAN_OBSERVATION
51.36161,1.022484,2004,4,United Kingdom of Great Britain and Northern Ireland,HUMAN_OBSERVATION
51.36268,3.32985,2022,2,Belgium,HUMAN_OBSERVATION
51.36277,3.32967,2023,1,Belgium,HUMAN_OBSERVATION
51.363408,0.846386,1993,6,United Kingdom of Great Britain and Northern Ireland,HUMAN_OBSERVATION
51.363408,0.846386,1993,6,United Kingdom of Great Britain and Northern Ireland,HUMAN_OBSERVATION
51.363408,0.846386,1993,6,United Kingdom of Great Britain and Northern Ireland,HUMAN_OBSERVATION
51.36358,3.32937,2022,1,Belgium,HUMAN_OBSERVATION
51.364309,0.809087,1993,6,United Kingdom of Great Britain and Northern Ireland,HUMAN_OBSERVATION
51.36436,3.33461,2021,5,Belgium,HUMAN_OBSERVATION
51.36444,3.33961,2022,1,Belgium,HUMAN_OBSERVATION
51.36455,3.3392,2020,9,Belgium,HUMAN_OBSERVATION
51.36487,3.33917,2023,2,Belgium,HUMAN_OBSERVATION
51.36518,1.037786,2015,4,United Kingdom of Great Britain and Northern Ireland,HUMAN_OBSERVATION
51.365227,-2.965928,2014,9,United Kingdom of Great Britain and Northern Ireland,HUMAN_OBSERVATION
51.36597,3.34712,2022,1,Belgium,HUMAN_OBSERVATION
51.36664,3.35542,2009,11,Belgium,HUMAN_OBSERVATION
51.36721,1.037144,2011,10,United Kingdom of Great Britain and Northern Ireland,HUMAN_OBSERVATION
51.36735,3.34863,2025,4,Belgium,HUMAN_OBSERVATION
51.36789,1.037196,2006,5,United Kingdom of Great Britain and Northern Ireland,HUMAN_OBSERVATION
51.3685,1.036898,2015,4,United Kingdom of Great Britain and Northern Ireland,HUMAN_OBSERVATION
51.36958,1.070298,2006,8,United Kingdom of Great Britain and Northern Ireland,HUMAN_OBSERVATION
51.36975,1.067536,2016,7,United Kingdom of Great Britain and Northern Ireland,HUMAN_OBSERVATION
51.37,3.37,1950,8,Netherlands,HUMAN_OBSERVATION
51.37018,1.067442,2016,7,United Kingdom of Great Britain and Northern Ireland,HUMAN_OBSERVATION
51.37037,0.95139,2007,2,United Kingdom of Great Britain and Northern Ireland,HUMAN_OBSERVATION
51.370568,1.011377,2019,5,United Kingdom of Great Britain and Northern Ireland,HUMAN_OBSERVATION
51.370592,1.448948,2005,11,United Kingdom of Great Britain and Northern Ireland,HUMAN_OBSERVATION
51.37073,1.09824,2008,1,United Kingdom of Great Britain and Northern Ireland,HUMAN_OBSERVATION
51.370772,1.096663,2008,1,United Kingdom of Great Britain and Northern Ireland,HUMAN_OBSERVATION
51.371041,1.005933,2016,4,United Kingdom of Great Britain and Northern Ireland,HUMAN_OBSERVATION
51.372042,1.01945,2015,4,United Kingdom of Great Britain and Northern Ireland,HUMAN_OBSERVATION
51.37305,1.10031,2008,1,United Kingdom of Great Britain and Northern Ireland,HUMAN_OBSERVATION
51.373139,1.098978,2008,1,United Kingdom of Great Britain and Northern Ireland,HUMAN_OBSERVATION
51.373199,-2.980463,,,United Kingdom of Great Britain and Northern Ireland,HUMAN_OBSERVATION
51.37322,1.100307,2012,12,United Kingdom of Great Britain and Northern Ireland,HUMAN_OBSERVATION
51.3733,1.129023,2006,6,United Kingdom of Great Britain and Northern Ireland,HUMAN_OBSERVATION
51.373882,1.007039,2019,5,United Kingdom of Great Britain and Northern Ireland,HUMAN_OBSERVATION
51.37395,0.952188,2007,2,United Kingdom of Great Britain and Northern Ireland,HUMAN_OBSERVATION
51.37413,0.954492,2011,10,United Kingdom of Great Britain and Northern Ireland,HUMAN_OBSERVATION
51.374245,-3.114818,2002,,United Kingdom of Great Britain and Northern Ireland,HUMAN_OBSERVATION
51.374245,-3.114818,2002,,United Kingdom of Great Britain and Northern Ireland,HUMAN_OBSERVATION
51.374315,-3.509927,2004,,United Kingdom of Great Britain and Northern Ireland,HUMAN_OBSERVATION
51.374315,-3.509927,2004,,United Kingdom of Great Britain and Northern Ireland,HUMAN_OBSERVATION
51.374315,-3.509927,2004,,United Kingdom of Great Britain and Northern Ireland,HUMAN_OBSERVATION
51.374315,-3.509927,2004,,United Kingdom of Great Britain and Northern Ireland,HUMAN_OBSERVATION
51.374315,-3.509927,2004,,United Kingdom of Great Britain and Northern Ireland,HUMAN_OBSERVATION
51.374315,-3.509927,2004,,United Kingdom of Great Britain and Northern Ireland,HUMAN_OBSERVATION
51.374315,-3.509927,2004,,United Kingdom of Great Britain and Northern Ireland,HUMAN_OBSERVATION
51.374315,-3.509927,2004,,United Kingdom of Great Britain and Northern Ireland,HUMAN_OBSERVATION
51.374334,-3.117737,2002,,United Kingdom of Great Britain and Northern Ireland,HUMAN_OBSERVATION
51.3744,4.24131,2024,11,Belgium,HUMAN_OBSERVATION
51.374517,-3.117469,2002,,United Kingdom of Great Britain and Northern Ireland,HUMAN_OBSERVATION
51.374517,-3.11744,2002,,United Kingdom of Great Britain and Northern Ireland,HUMAN_OBSERVATION
51.374652,1.01554,2019,5,United Kingdom of Great Britain and Northern Ireland,HUMAN_OBSERVATION
51.374656,-3.116998,2002,,United Kingdom of Great Britain and Northern Ireland,HUMAN_OBSERVATION
51.374661,-3.11842,2002,,United Kingdom of Great Britain and Northern Ireland,HUMAN_OBSERVATION
51.37467,1.026708,2015,4,United Kingdom of Great Britain and Northern Ireland,HUMAN_OBSERVATION
51.374674,-3.116984,2002,,United Kingdom of Great Britain and Northern Ireland,HUMAN_OBSERVATION
51.374796,1.027075,2016,4,United Kingdom of Great Britain and Northern Ireland,HUMAN_OBSERVATION
51.375232,-3.123506,2002,,United Kingdom of Great Britain and Northern Ireland,HUMAN_OBSERVATION
51.375394,-3.423754,2004,8,United Kingdom of Great Britain and Northern Ireland,HUMAN_OBSERVATION
51.375505,-3.124188,2002,,United Kingdom of Great Britain and Northern Ireland,HUMAN_OBSERVATION
51.375518,-3.122752,2002,,United Kingdom of Great Britain and Northern Ireland,HUMAN_OBSERVATION
51.375573,-3.117006,1986,7,United Kingdom of Great Britain and Northern Ireland,HUMAN_OBSERVATION
51.375573,-3.117006,1986,7,United Kingdom of Great Britain and Northern Ireland,HUMAN_OBSERVATION
51.375739,-3.395028,2004,8,United Kingdom of Great Britain and Northern Ireland,HUMAN_OBSERVATION
51.375739,-3.395028,2004,8,United Kingdom of Great Britain and Northern Ireland,HUMAN_OBSERVATION
51.375739,-3.395028,2004,8,United Kingdom of Great Britain and Northern Ireland,HUMAN_OBSERVATION
51.375768,-3.123002,2002,,United Kingdom of Great Britain and Northern Ireland,HUMAN_OBSERVATION
51.375935,1.450787,2005,11,United Kingdom of Great Britain and Northern Ireland,HUMAN_OBSERVATION
51.375935,1.450787,2005,11,United Kingdom of Great Britain and Northern Ireland,HUMAN_OBSERVATION
51.375977,1.449353,2005,11,United Kingdom of Great Britain and Northern Ireland,HUMAN_OBSERVATION
51.376004,1.173015,2007,5,United Kingdom of Great Britain and Northern Ireland,HUMAN_OBSERVATION
51.376078,-3.366302,2004,8,United Kingdom of Great Britain and Northern Ireland,HUMAN_OBSERVATION
51.376178,0.996411,2019,5,United Kingdom of Great Britain and Northern Ireland,HUMAN_OBSERVATION
51.376251,-3.126088,2002,,United Kingdom of Great Britain and Northern Ireland,HUMAN_OBSERVATION
51.37639,-3.125646,2002,,United Kingdom of Great Britain and Northern Ireland,HUMAN_OBSERVATION
51.37641,-3.337576,2004,9,United Kingdom of Great Britain and Northern Ireland,HUMAN_OBSERVATION
51.37642,0.953561,2007,2,United Kingdom of Great Britain and Northern Ireland,HUMAN_OBSERVATION
51.376489,1.015115,2015,4,United Kingdom of Great Britain and Northern Ireland,HUMAN_OBSERVATION
51.377106,1.005138,2016,4,United Kingdom of Great Britain and Northern Ireland,HUMAN_OBSERVATION
51.37722,1.451562,2008,4,United Kingdom of Great Britain and Northern Ireland,HUMAN_OBSERVATION
51.377289,-3.125669,2002,,United Kingdom of Great Britain and Northern Ireland,HUMAN_OBSERVATION
51.37746,0.48164,2011,5,United Kingdom of Great Britain and Northern Ireland,HUMAN_OBSERVATION
51.377472,-3.120572,1986,5,United Kingdom of Great Britain and Northern Ireland,HUMAN_OBSERVATION
51.377472,-3.120572,1976,,United Kingdom of Great Britain and Northern Ireland,HUMAN_OBSERVATION
51.377528,-3.126048,2002,,United Kingdom of Great Britain and Northern Ireland,HUMAN_OBSERVATION
51.377665,-3.222664,2002,,United Kingdom of Great Britain and Northern Ireland,HUMAN_OBSERVATION
51.377665,-3.222664,,,United Kingdom of Great Britain and Northern Ireland,HUMAN_OBSERVATION
51.377665,-3.222664,,,United Kingdom of Great Britain and Northern Ireland,HUMAN_OBSERVATION
51.377665,-3.222664,,,United Kingdom of Great Britain and Northern Ireland,HUMAN_OBSERVATION
51.377665,-3.222664,,,United Kingdom of Great Britain and Northern Ireland,HUMAN_OBSERVATION
51.37767,1.193653,2011,10,United Kingdom of Great Britain and Northern Ireland,HUMAN_OBSERVATION
51.37776,1.021292,2019,5,United Kingdom of Great Britain and Northern Ireland,HUMAN_OBSERVATION
51.37779,1.193489,2004,11,United Kingdom of Great Britain and Northern Ireland,HUMAN_OBSERVATION
51.37781,1.192707,2011,10,United Kingdom of Great Britain and Northern Ireland,HUMAN_OBSERVATION
51.3779,1.266664,2014,5,United Kingdom of Great Britain and Northern Ireland,HUMAN_OBSERVATION
51.378,3.509,1957,6,Netherlands,HUMAN_OBSERVATION
51.378066,-3.124323,2018,7,United Kingdom of Great Britain and Northern Ireland,HUMAN_OBSERVATION
51.378066,-3.124323,2018,7,United Kingdom of Great Britain and Northern Ireland,HUMAN_OBSERVATION
51.378066,-3.124323,2018,7,United Kingdom of Great Britain and Northern Ireland,HUMAN_OBSERVATION
51.378066,-3.124323,2018,7,United Kingdom of Great Britain and Northern Ireland,HUMAN_OBSERVATION
51.378066,-3.124323,2018,7,United Kingdom of Great Britain and Northern Ireland,HUMAN_OBSERVATION
51.378066,-3.124323,2018,7,United Kingdom of Great Britain and Northern Ireland,HUMAN_OBSERVATION
51.378066,-3.124323,2018,7,United Kingdom of Great Britain and Northern Ireland,HUMAN_OBSERVATION
51.378066,-3.124323,2018,7,United Kingdom of Great Britain and Northern Ireland,HUMAN_OBSERVATION
51.378066,-3.124323,2018,7,United Kingdom of Great Britain and Northern Ireland,HUMAN_OBSERVATION
51.378066,-3.124323,2018,7,United Kingdom of Great Britain and Northern Ireland,HUMAN_OBSERVATION
51.378066,-3.124323,2018,7,United Kingdom of Great Britain and Northern Ireland,HUMAN_OBSERVATION
51.378066,-3.124323,2018,7,United Kingdom of Great Britain and Northern Ireland,HUMAN_OBSERVATION
51.378066,-3.124323,2018,7,United Kingdom of Great Britain and Northern Ireland,HUMAN_OBSERVATION
51.378066,-3.124323,2018,7,United Kingdom of Great Britain and Northern Ireland,HUMAN_OBSERVATION
51.378066,-3.124323,2018,7,United Kingdom of Great Britain and Northern Ireland,HUMAN_OBSERVATION
51.378066,-3.124323,2018,7,United Kingdom of Great Britain and Northern Ireland,HUMAN_OBSERVATION
51.378067,-3.124179,2018,7,United Kingdom of Great Britain and Northern Ireland,HUMAN_OBSERVATION
51.378067,-3.124179,2018,7,United Kingdom of Great Britain and Northern Ireland,HUMAN_OBSERVATION
51.378067,-3.124179,2018,7,United Kingdom of Great Britain and Northern Ireland,HUMAN_OBSERVATION
51.378067,-3.124179,2018,7,United Kingdom of Great Britain and Northern Ireland,HUMAN_OBSERVATION
51.378067,-3.124179,2018,7,United Kingdom of Great Britain and Northern Ireland,HUMAN_OBSERVATION
51.378067,-3.124179,2018,7,United Kingdom of Great Britain and Northern Ireland,HUMAN_OBSERVATION
51.378067,-3.124179,2018,7,United Kingdom of Great Britain and Northern Ireland,HUMAN_OBSERVATION
51.378067,-3.124179,2018,7,United Kingdom of Great Britain and Northern Ireland,HUMAN_OBSERVATION
51.378067,-3.124179,2018,7,United Kingdom of Great Britain and Northern Ireland,HUMAN_OBSERVATION
51.378067,-3.124179,2018,7,United Kingdom of Great Britain and Northern Ireland,HUMAN_OBSERVATION
51.378067,-3.124179,2018,7,United Kingdom of Great Britain and Northern Ireland,HUMAN_OBSERVATION
51.378067,-3.124179,2018,7,United Kingdom of Great Britain and Northern Ireland,HUMAN_OBSERVATION
51.378067,-3.124179,2018,7,United Kingdom of Great Britain and Northern Ireland,HUMAN_OBSERVATION
51.378067,-3.124179,2018,7,United Kingdom of Great Britain and Northern Ireland,HUMAN_OBSERVATION
51.378067,-3.124179,2018,7,United Kingdom of Great Britain and Northern Ireland,HUMAN_OBSERVATION
51.378067,-3.124179,2018,7,United Kingdom of Great Britain and Northern Ireland,HUMAN_OBSERVATION
51.378067,-3.124179,2018,7,United Kingdom of Great Britain and Northern Ireland,HUMAN_OBSERVATION
51.378067,-3.124179,2018,7,United Kingdom of Great Britain and Northern Ireland,HUMAN_OBSERVATION
51.378067,-3.124179,2018,7,United Kingdom of Great Britain and Northern Ireland,HUMAN_OBSERVATION
51.378067,-3.124179,2018,7,United Kingdom of Great Britain and Northern Ireland,HUMAN_OBSERVATION
51.378067,-3.124179,2018,7,United Kingdom of Great Britain and Northern Ireland,HUMAN_OBSERVATION
51.378067,-3.124179,2018,7,United Kingdom of Great Britain and Northern Ireland,HUMAN_OBSERVATION
51.378067,-3.124179,2018,7,United Kingdom of Great Britain and Northern Ireland,HUMAN_OBSERVATION
51.378067,-3.124179,2018,7,United Kingdom of Great Britain and Northern Ireland,HUMAN_OBSERVATION
51.378067,-3.124179,2018,7,United Kingdom of Great Britain and Northern Ireland,HUMAN_OBSERVATION
51.378067,-3.124179,2018,7,United Kingdom of Great Britain and Northern Ireland,HUMAN_OBSERVATION
51.378067,-3.124179,2018,7,United Kingdom of Great Britain and Northern Ireland,HUMAN_OBSERVATION
51.378067,-3.124179,2018,7,United Kingdom of Great Britain and Northern Ireland,HUMAN_OBSERVATION
51.378067,-3.124179,2018,7,United Kingdom of Great Britain and Northern Ireland,HUMAN_OBSERVATION
51.378067,-3.124179,2018,7,United Kingdom of Great Britain and Northern Ireland,HUMAN_OBSERVATION
51.378067,-3.124179,2018,7,United Kingdom of Great Britain and Northern Ireland,HUMAN_OBSERVATION
51.378067,-3.124179,2018,7,United Kingdom of Great Britain and Northern Ireland,HUMAN_OBSERVATION
51.378067,-3.124179,2018,7,United Kingdom of Great Britain and Northern Ireland,HUMAN_OBSERVATION
51.378067,-3.124179,2018,7,United Kingdom of Great Britain and Northern Ireland,HUMAN_OBSERVATION
51.378067,-3.124179,2018,7,United Kingdom of Great Britain and Northern Ireland,HUMAN_OBSERVATION
51.378067,-3.124179,2018,7,United Kingdom of Great Britain and Northern Ireland,HUMAN_OBSERVATION
51.378067,-3.124179,2018,7,United Kingdom of Great Britain and Northern Ireland,HUMAN_OBSERVATION
51.378067,-3.124179,2018,7,United Kingdom of Great Britain and Northern Ireland,HUMAN_OBSERVATION
51.378067,-3.124179,2018,7,United Kingdom of Great Britain and Northern Ireland,HUMAN_OBSERVATION
51.378067,-3.124179,2018,7,United Kingdom of Great Britain and Northern Ireland,HUMAN_OBSERVATION
51.378067,-3.124179,2018,7,United Kingdom of Great Britain and Northern Ireland,HUMAN_OBSERVATION
51.378067,-3.124179,2018,7,United Kingdom of Great Britain and Northern Ireland,HUMAN_OBSERVATION
51.378067,-3.124179,2018,7,United Kingdom of Great Britain and Northern Ireland,HUMAN_OBSERVATION
51.378067,-3.124179,2018,7,United Kingdom of Great Britain and Northern Ireland,HUMAN_OBSERVATION
51.378067,-3.124179,2018,7,United Kingdom of Great Britain and Northern Ireland,HUMAN_OBSERVATION
51.378067,-3.124179,2018,7,United Kingdom of Great Britain and Northern Ireland,HUMAN_OBSERVATION
51.378067,-3.124179,2018,7,United Kingdom of Great Britain and Northern Ireland,HUMAN_OBSERVATION
51.378067,-3.124179,2018,7,United Kingdom of Great Britain and Northern Ireland,HUMAN_OBSERVATION
51.37808,1.265857,2014,5,United Kingdom of Great Britain and Northern Ireland,HUMAN_OBSERVATION
51.378144,-3.126523,2002,,United Kingdom of Great Britain and Northern Ireland,HUMAN_OBSERVATION
51.378174,-3.127127,2002,,United Kingdom of Great Britain and Northern Ireland,HUMAN_OBSERVATION
51.378188,-3.125691,2017,8,United Kingdom of Great Britain and Northern Ireland,HUMAN_OBSERVATION
51.378202,-3.124254,2016,5,United Kingdom of Great Britain and Northern Ireland,HUMAN_OBSERVATION
51.378202,-3.124254,1986,8,United Kingdom of Great Britain and Northern Ireland,HUMAN_OBSERVATION
51.378209,1.191837,2007,10,United Kingdom of Great Britain and Northern Ireland,HUMAN_OBSERVATION
51.378229,-3.121381,1986,8,United Kingdom of Great Britain and Northern Ireland,HUMAN_OBSERVATION
51.378289,1.191886,2008,9,United Kingdom of Great Britain and Northern Ireland,HUMAN_OBSERVATION
51.378345,3.586246,2024,1,Netherlands,HUMAN_OBSERVATION
51.378389,1.266489,2009,6,United Kingdom of Great Britain and Northern Ireland,HUMAN_OBSERVATION
51.378816,-3.407695,2004,8,United Kingdom of Great Britain and Northern Ireland,HUMAN_OBSERVATION
51.378858,0.982343,2007,5,United Kingdom of Great Britain and Northern Ireland,HUMAN_OBSERVATION
51.378909,0.982447,2007,5,United Kingdom of Great Britain and Northern Ireland,HUMAN_OBSERVATION
51.37892,-3.40356,2004,8,United Kingdom of Great Britain and Northern Ireland,HUMAN_OBSERVATION
51.379202,1.282774,2005,9,United Kingdom of Great Britain and Northern Ireland,HUMAN_OBSERVATION
51.379513,-3.123496,2017,7,United Kingdom of Great Britain and Northern Ireland,HUMAN_OBSERVATION
51.379513,-3.123496,2017,7,United Kingdom of Great Britain and Northern Ireland,HUMAN_OBSERVATION
51.379513,-3.123496,2017,7,United Kingdom of Great Britain and Northern Ireland,HUMAN_OBSERVATION
51.379513,-3.123496,2017,7,United Kingdom of Great Britain and Northern Ireland,HUMAN_OBSERVATION
51.379513,-3.123496,2017,7,United Kingdom of Great Britain and Northern Ireland,HUMAN_OBSERVATION
51.379513,-3.123496,2017,7,United Kingdom of Great Britain and Northern Ireland,HUMAN_OBSERVATION
51.379513,-3.123496,2017,7,United Kingdom of Great Britain and Northern Ireland,HUMAN_OBSERVATION
51.379513,-3.123496,2017,7,United Kingdom of Great Britain and Northern Ireland,HUMAN_OBSERVATION
51.379513,-3.123496,2017,7,United Kingdom of Great Britain and Northern Ireland,HUMAN_OBSERVATION
51.379513,-3.123496,2017,7,United Kingdom of Great Britain and Northern Ireland,HUMAN_OBSERVATION
51.379513,-3.123496,2017,7,United Kingdom of Great Britain and Northern Ireland,HUMAN_OBSERVATION
51.379513,-3.123496,2017,7,United Kingdom of Great Britain and Northern Ireland,HUMAN_OBSERVATION
51.379513,-3.123496,2017,7,United Kingdom of Great Britain and Northern Ireland,HUMAN_OBSERVATION
51.379513,-3.123496,2017,7,United Kingdom of Great Britain and Northern Ireland,HUMAN_OBSERVATION
51.379513,-3.123496,2017,7,United Kingdom of Great Britain and Northern Ireland,HUMAN_OBSERVATION
51.379513,-3.123496,2017,7,United Kingdom of Great Britain and Northern Ireland,HUMAN_OBSERVATION
51.379513,-3.123496,2017,7,United Kingdom of Great Britain and Northern Ireland,HUMAN_OBSERVATION
51.379513,-3.123496,2017,7,United Kingdom of Great Britain and Northern Ireland,HUMAN_OBSERVATION
51.379513,-3.123496,2017,7,United Kingdom of Great Britain and Northern Ireland,HUMAN_OBSERVATION
51.379513,-3.123496,2017,7,United Kingdom of Great Britain and Northern Ireland,HUMAN_OBSERVATION
51.379513,-3.123496,2017,7,United Kingdom of Great Britain and Northern Ireland,HUMAN_OBSERVATION
51.379513,-3.123496,2017,7,United Kingdom of Great Britain and Northern Ireland,HUMAN_OBSERVATION
51.379513,-3.123496,2017,7,United Kingdom of Great Britain and Northern Ireland,HUMAN_OBSERVATION
51.379513,-3.123496,2017,7,United Kingdom of Great Britain and Northern Ireland,HUMAN_OBSERVATION
51.379513,-3.123496,2017,7,United Kingdom of Great Britain and Northern Ireland,HUMAN_OBSERVATION
51.379513,-3.123496,2017,7,United Kingdom of Great Britain and Northern Ireland,HUMAN_OBSERVATION
51.379513,-3.123496,2017,7,United Kingdom of Great Britain and Northern Ireland,HUMAN_OBSERVATION
51.379513,-3.123496,2017,7,United Kingdom of Great Britain and Northern Ireland,HUMAN_OBSERVATION
51.379513,-3.123496,2017,7,United Kingdom of Great Britain and Northern Ireland,HUMAN_OBSERVATION
51.379513,-3.123496,2017,7,United Kingdom of Great Britain and Northern Ireland,HUMAN_OBSERVATION
51.379513,-3.123496,2017,7,United Kingdom of Great Britain and Northern Ireland,HUMAN_OBSERVATION
51.379513,-3.123496,2017,7,United Kingdom of Great Britain and Northern Ireland,HUMAN_OBSERVATION
51.379513,-3.123496,2017,7,United Kingdom of Great Britain and Northern Ireland,HUMAN_OBSERVATION
51.379513,-3.123496,2017,7,United Kingdom of Great Britain and Northern Ireland,HUMAN_OBSERVATION
51.379513,-3.123496,2017,7,United Kingdom of Great Britain and Northern Ireland,HUMAN_OBSERVATION
51.379513,-3.123496,2017,7,United Kingdom of Great Britain and Northern Ireland,HUMAN_OBSERVATION
51.379513,-3.123496,2017,7,United Kingdom of Great Britain and Northern Ireland,HUMAN_OBSERVATION
51.379513,-3.123496,2017,7,United Kingdom of Great Britain and Northern Ireland,HUMAN_OBSERVATION
51.379513,-3.123496,2017,7,United Kingdom of Great Britain and Northern Ireland,HUMAN_OBSERVATION
51.379513,-3.123496,2017,7,United Kingdom of Great Britain and Northern Ireland,HUMAN_OBSERVATION
51.379513,-3.123496,2017,7,United Kingdom of Great Britain and Northern Ireland,HUMAN_OBSERVATION
51.379513,-3.123496,2017,7,United Kingdom of Great Britain and Northern Ireland,HUMAN_OBSERVATION
51.379513,-3.123496,2017,7,United Kingdom of Great Britain and Northern Ireland,HUMAN_OBSERVATION
51.379513,-3.123496,2017,7,United Kingdom of Great Britain and Northern Ireland,HUMAN_OBSERVATION
51.379705,-3.405552,2004,8,United Kingdom of Great Britain and Northern Ireland,HUMAN_OBSERVATION
51.37971,1.320268,1997,8,United Kingdom of Great Britain and Northern Ireland,HUMAN_OBSERVATION
51.379776,-3.39587,2004,8,United Kingdom of Great Britain and Northern Ireland,HUMAN_OBSERVATION
51.379864,-3.120559,2002,,United Kingdom of Great Britain and Northern Ireland,HUMAN_OBSERVATION
51.379938,1.278673,2008,11,United Kingdom of Great Britain and Northern Ireland,HUMAN_OBSERVATION
51.379942,1.233253,2006,12,United Kingdom of Great Britain and Northern Ireland,HUMAN_OBSERVATION
51.379948,1.236272,2006,12,United Kingdom of Great Britain and Northern Ireland,HUMAN_OBSERVATION
51.38,4.25,1951,10,Netherlands,HUMAN_OBSERVATION
51.38,4.25,1951,10,Netherlands,HUMAN_OBSERVATION
51.380031,-3.395576,2004,8,United Kingdom of Great Britain and Northern Ireland,HUMAN_OBSERVATION
51.380041,-3.119988,2002,,United Kingdom of Great Britain and Northern Ireland,HUMAN_OBSERVATION
51.380106,0.672082,1993,6,United Kingdom of Great Britain and Northern Ireland,HUMAN_OBSERVATION
51.380148,-3.402347,2004,8,United Kingdom of Great Britain and Northern Ireland,HUMAN_OBSERVATION
51.380174,1.013488,2012,5,United Kingdom of Great Britain and Northern Ireland,HUMAN_OBSERVATION
51.380178,1.227951,2006,12,United Kingdom of Great Britain and Northern Ireland,HUMAN_OBSERVATION
51.380307,1.219351,2006,12,United Kingdom of Great Britain and Northern Ireland,HUMAN_OBSERVATION
51.38042,1.447994,2005,5,United Kingdom of Great Britain and Northern Ireland,HUMAN_OBSERVATION
51.380465,-3.387053,2004,8,United Kingdom of Great Britain and Northern Ireland,HUMAN_OBSERVATION
51.380498,1.005763,2019,5,United Kingdom of Great Britain and Northern Ireland,HUMAN_OBSERVATION
51.380658,-3.397333,2004,8,United Kingdom of Great Britain and Northern Ireland,HUMAN_OBSERVATION
51.380681,-3.397679,2004,8,United Kingdom of Great Britain and Northern Ireland,HUMAN_OBSERVATION
51.380777,-3.387278,2004,8,United Kingdom of Great Britain and Northern Ireland,HUMAN_OBSERVATION
51.381,1.31817,2017,1,United Kingdom of Great Britain and Northern Ireland,HUMAN_OBSERVATION
51.381143,1.212812,2006,12,United Kingdom of Great Britain and Northern Ireland,HUMAN_OBSERVATION
51.38118,1.31814,2017,1,United Kingdom of Great Britain and Northern Ireland,HUMAN_OBSERVATION
51.381214,-3.34993,2004,9,United Kingdom of Great Britain and Northern Ireland,HUMAN_OBSERVATION
51.38123,-3.348494,2004,9,United Kingdom of Great Britain and Northern Ireland,HUMAN_OBSERVATION
51.381234,-3.386586,2003,3,United Kingdom of Great Britain and Northern Ireland,MATERIAL_SAMPLE
51.381234,-3.386586,2003,3,United Kingdom of Great Britain and Northern Ireland,MATERIAL_SAMPLE
51.381271,-3.37209,2004,8,United Kingdom of Great Britain and Northern Ireland,HUMAN_OBSERVATION
51.381318,-3.400774,2004,8,United Kingdom of Great Britain and Northern Ireland,HUMAN_OBSERVATION
51.381333,1.277048,2008,11,United Kingdom of Great Britain and Northern Ireland,HUMAN_OBSERVATION
51.381355,-3.348612,2004,9,United Kingdom of Great Britain and Northern Ireland,HUMAN_OBSERVATION
51.381522,-3.400234,2004,8,United Kingdom of Great Britain and Northern Ireland,HUMAN_OBSERVATION
51.381562,-3.349308,2004,9,United Kingdom of Great Britain and Northern Ireland,HUMAN_OBSERVATION
51.381587,1.317529,2006,1,United Kingdom of Great Britain and Northern Ireland,HUMAN_OBSERVATION
51.381592,1.215129,2006,12,United Kingdom of Great Britain and Northern Ireland,HUMAN_OBSERVATION
51.381626,1.276206,2008,11,United Kingdom of Great Britain and Northern Ireland,HUMAN_OBSERVATION
51.381681,1.017828,2019,5,United Kingdom of Great Britain and Northern Ireland,HUMAN_OBSERVATION
51.381798,1.28388,2005,9,United Kingdom of Great Britain and Northern Ireland,HUMAN_OBSERVATION
51.381897,-3.337377,2004,9,United Kingdom of Great Britain and Northern Ireland,HUMAN_OBSERVATION
51.382261,-3.337028,2004,9,United Kingdom of Great Britain and Northern Ireland,HUMAN_OBSERVATION
51.382332,1.302289,2008,7,United Kingdom of Great Britain and Northern Ireland,HUMAN_OBSERVATION
51.382405,0.67854,2001,4,United Kingdom of Great Britain and Northern Ireland,HUMAN_OBSERVATION
51.382411,-3.390575,2004,8,United Kingdom of Great Britain and Northern Ireland,HUMAN_OBSERVATION
51.38247,0.678443,2001,4,United Kingdom of Great Britain and Northern Ireland,HUMAN_OBSERVATION
51.382592,-3.385896,2004,8,United Kingdom of Great Britain and Northern Ireland,HUMAN_OBSERVATION
51.38267,0.677981,2001,4,United Kingdom of Great Britain and Northern Ireland,HUMAN_OBSERVATION
51.38267,0.677981,2001,4,United Kingdom of Great Britain and Northern Ireland,HUMAN_OBSERVATION
51.38267,0.677981,2001,4,United Kingdom of Great Britain and Northern Ireland,HUMAN_OBSERVATION
51.382925,-3.385849,2004,8,United Kingdom of Great Britain and Northern Ireland,HUMAN_OBSERVATION
51.383053,-3.331375,2004,9,United Kingdom of Great Britain and Northern Ireland,HUMAN_OBSERVATION
51.383455,3.397813,2017,4,Netherlands,HUMAN_OBSERVATION
51.383845,-3.410493,2004,8,United Kingdom of Great Britain and Northern Ireland,HUMAN_OBSERVATION
51.38432,1.332749,2010,4,United Kingdom of Great Britain and Northern Ireland,HUMAN_OBSERVATION
51.384395,-2.985732,1978,,United Kingdom of Great Britain and Northern Ireland,HUMAN_OBSERVATION
51.384395,-2.985732,1978,,United Kingdom of Great Britain and Northern Ireland,HUMAN_OBSERVATION
51.384395,-2.985732,1978,,United Kingdom of Great Britain and Northern Ireland,HUMAN_OBSERVATION
51.384923,-3.418747,2004,8,United Kingdom of Great Britain and Northern Ireland,HUMAN_OBSERVATION
51.385245,0.521461,2014,6,United Kingdom of Great Britain and Northern Ireland,HUMAN_OBSERVATION
51.385323,-3.290857,2004,9,United Kingdom of Great Britain and Northern Ireland,HUMAN_OBSERVATION
51.385473,-3.291134,2004,9,United Kingdom of Great Britain and Northern Ireland,HUMAN_OBSERVATION
51.385896,-3.410427,2004,8,United Kingdom of Great Britain and Northern Ireland,HUMAN_OBSERVATION
51.385968,-3.286995,2004,9,United Kingdom of Great Britain and Northern Ireland,HUMAN_OBSERVATION
51.386027,-3.28819,2004,9,United Kingdom of Great Britain and Northern Ireland,HUMAN_OBSERVATION
51.386077,-3.411094,2004,8,United Kingdom of Great Britain and Northern Ireland,HUMAN_OBSERVATION
51.386404,-3.288286,2004,9,United Kingdom of Great Britain and Northern Ireland,HUMAN_OBSERVATION
51.38642,-3.28685,2004,9,United Kingdom of Great Britain and Northern Ireland,HUMAN_OBSERVATION
51.386456,-3.445669,2004,,United Kingdom of Great Britain and Northern Ireland,HUMAN_OBSERVATION
51.38674,1.344854,2007,7,United Kingdom of Great Britain and Northern Ireland,HUMAN_OBSERVATION
51.387001,1.441556,2005,10,United Kingdom of Great Britain and Northern Ireland,HUMAN_OBSERVATION
51.387027,0.981538,2016,4,United Kingdom of Great Britain and Northern Ireland,HUMAN_OBSERVATION
51.387027,0.981538,2016,4,United Kingdom of Great Britain and Northern Ireland,HUMAN_OBSERVATION
51.387027,0.981538,2016,4,United Kingdom of Great Britain and Northern Ireland,HUMAN_OBSERVATION
51.387027,0.981538,2016,4,United Kingdom of Great Britain and Northern Ireland,HUMAN_OBSERVATION
51.387027,0.981538,2016,4,United Kingdom of Great Britain and Northern Ireland,HUMAN_OBSERVATION
51.387027,0.981538,2016,4,United Kingdom of Great Britain and Northern Ireland,HUMAN_OBSERVATION
51.387027,0.981538,2015,4,United Kingdom of Great Britain and Northern Ireland,HUMAN_OBSERVATION
51.387027,0.981538,2015,4,United Kingdom of Great Britain and Northern Ireland,HUMAN_OBSERVATION
51.387027,0.981538,2015,4,United Kingdom of Great Britain and Northern Ireland,HUMAN_OBSERVATION
51.387027,0.981538,2012,5,United Kingdom of Great Britain and Northern Ireland,HUMAN_OBSERVATION
51.3871,1.445254,2017,5,United Kingdom of Great Britain and Northern Ireland,HUMAN_OBSERVATION
51.38711,1.445196,2017,5,United Kingdom of Great Britain and Northern Ireland,HUMAN_OBSERVATION
51.38724,1.443991,2014,9,United Kingdom of Great Britain and Northern Ireland,HUMAN_OBSERVATION
51.387291,-3.443525,2004,,United Kingdom of Great Britain and Northern Ireland,HUMAN_OBSERVATION
51.387317,-3.442865,2004,,United Kingdom of Great Britain and Northern Ireland,HUMAN_OBSERVATION
51.387339,-3.26516,2004,9,United Kingdom of Great Britain and Northern Ireland,HUMAN_OBSERVATION
51.38738,-3.436342,2004,,United Kingdom of Great Britain and Northern Ireland,HUMAN_OBSERVATION
51.387553,-3.265324,2004,9,United Kingdom of Great Britain and Northern Ireland,HUMAN_OBSERVATION
51.387618,-3.435961,2004,,United Kingdom of Great Britain and Northern Ireland,HUMAN_OBSERVATION
51.38762,1.371942,2015,7,United Kingdom of Great Britain and Northern Ireland,HUMAN_OBSERVATION
51.38774,1.372584,2011,11,United Kingdom of Great Britain and Northern Ireland,HUMAN_OBSERVATION
51.38774,1.372584,2011,11,United Kingdom of Great Britain and Northern Ireland,HUMAN_OBSERVATION
51.38789,1.44468,2014,9,United Kingdom of Great Britain and Northern Ireland,HUMAN_OBSERVATION
51.387992,-3.288633,2004,9,United Kingdom of Great Britain and Northern Ireland,HUMAN_OBSERVATION
51.388,3.439,1957,6,Netherlands,HUMAN_OBSERVATION
51.388,3.439,1952,4,Netherlands,HUMAN_OBSERVATION
51.38802,0.598907,2017,11,United Kingdom of Great Britain and Northern Ireland,HUMAN_OBSERVATION
51.388087,1.44286,2009,10,United Kingdom of Great Britain and Northern Ireland,HUMAN_OBSERVATION
51.38818,1.444947,2014,9,United Kingdom of Great Britain and Northern Ireland,HUMAN_OBSERVATION
51.388202,-3.288337,2004,9,United Kingdom of Great Britain and Northern Ireland,HUMAN_OBSERVATION
51.38824,1.445045,2014,9,United Kingdom of Great Britain and Northern Ireland,HUMAN_OBSERVATION
51.388287,-3.269009,2004,9,United Kingdom of Great Britain and Northern Ireland,HUMAN_OBSERVATION
51.38829,1.445048,2014,9,United Kingdom of Great Britain and Northern Ireland,HUMAN_OBSERVATION
51.388296,-3.279716,2004,9,United Kingdom of Great Britain and Northern Ireland,HUMAN_OBSERVATION
51.38833,1.445001,2014,9,United Kingdom of Great Britain and Northern Ireland,HUMAN_OBSERVATION
51.38836,1.371773,2015,7,United Kingdom of Great Britain and Northern Ireland,HUMAN_OBSERVATION
51.38838,1.373148,2017,7,United Kingdom of Great Britain and Northern Ireland,HUMAN_OBSERVATION
51.3884,1.369073,2007,6,United Kingdom of Great Britain and Northern Ireland,HUMAN_OBSERVATION
51.388406,-3.269659,2004,9,United Kingdom of Great Britain and Northern Ireland,HUMAN_OBSERVATION
51.38841,1.439054,2015,3,United Kingdom of Great Britain and Northern Ireland,HUMAN_OBSERVATION
51.38842,1.438638,2015,3,United Kingdom of Great Britain and Northern Ireland,HUMAN_OBSERVATION
51.388482,-2.98079,1974,11,United Kingdom of Great Britain and Northern Ireland,HUMAN_OBSERVATION
51.388482,-2.98079,1972,12,United Kingdom of Great Britain and Northern Ireland,HUMAN_OBSERVATION
51.388482,-2.98079,1971,8,United Kingdom of Great Britain and Northern Ireland,HUMAN_OBSERVATION
51.388615,-3.279352,2004,9,United Kingdom of Great Britain and Northern Ireland,HUMAN_OBSERVATION
51.38878,1.43878,2015,3,United Kingdom of Great Britain and Northern Ireland,HUMAN_OBSERVATION
51.388796,1.441691,1997,8,United Kingdom of Great Britain and Northern Ireland,HUMAN_OBSERVATION
51.388796,1.441691,1997,8,United Kingdom of Great Britain and Northern Ireland,HUMAN_OBSERVATION
51.388842,-3.289016,2004,9,United Kingdom of Great Britain and Northern Ireland,HUMAN_OBSERVATION
51.38887,1.438751,2015,3,United Kingdom of Great Britain and Northern Ireland,HUMAN_OBSERVATION
51.38894,1.438806,2015,3,United Kingdom of Great Britain and Northern Ireland,HUMAN_OBSERVATION
51.388964,-3.416989,2004,8,United Kingdom of Great Britain and Northern Ireland,HUMAN_OBSERVATION
51.389,3.815,1950,8,Netherlands,HUMAN_OBSERVATION
51.3891,1.371669,2015,7,United Kingdom of Great Britain and Northern Ireland,HUMAN_OBSERVATION
51.389101,-3.288362,2004,9,United Kingdom of Great Britain and Northern Ireland,HUMAN_OBSERVATION
51.38915,1.370789,2012,10,United Kingdom of Great Britain and Northern Ireland,HUMAN_OBSERVATION
51.38927,1.439076,2015,3,United Kingdom of Great Britain and Northern Ireland,HUMAN_OBSERVATION
51.38931,1.439107,2015,3,United Kingdom of Great Britain and Northern Ireland,HUMAN_OBSERVATION
51.38934,1.372974,2017,7,United Kingdom of Great Britain and Northern Ireland,HUMAN_OBSERVATION
51.389388,1.436862,2008,11,United Kingdom of Great Britain and Northern Ireland,HUMAN_OBSERVATION
51.389397,1.436863,2008,11,United Kingdom of Great Britain and Northern Ireland,HUMAN_OBSERVATION
51.38949,1.439294,2015,3,United Kingdom of Great Britain and Northern Ireland,HUMAN_OBSERVATION
51.389493,1.436956,2008,11,United Kingdom of Great Britain and Northern Ireland,HUMAN_OBSERVATION
51.389527,-2.972732,2023,9,United Kingdom of Great Britain and Northern Ireland,HUMAN_OBSERVATION
51.38953,1.439282,2015,3,United Kingdom of Great Britain and Northern Ireland,HUMAN_OBSERVATION
51.389554,1.437018,2008,11,United Kingdom of Great Britain and Northern Ireland,HUMAN_OBSERVATION
51.389679,1.437071,2008,11,United Kingdom of Great Britain and Northern Ireland,HUMAN_OBSERVATION
51.389694,1.441759,1993,1,United Kingdom of Great Britain and Northern Ireland,HUMAN_OBSERVATION
51.389794,0.978842,2007,5,United Kingdom of Great Britain and Northern Ireland,HUMAN_OBSERVATION
51.389837,1.437197,2008,11,United Kingdom of Great Britain and Northern Ireland,HUMAN_OBSERVATION
51.38985,1.439522,2015,3,United Kingdom of Great Britain and Northern Ireland,HUMAN_OBSERVATION
51.3899,1.437202,2008,11,United Kingdom of Great Britain and Northern Ireland,HUMAN_OBSERVATION
51.38991,1.439497,2015,3,United Kingdom of Great Britain and Northern Ireland,HUMAN_OBSERVATION
51.389939,-3.397242,2004,8,United Kingdom of Great Britain and Northern Ireland,HUMAN_OBSERVATION
51.390124,0.978965,2007,5,United Kingdom of Great Britain and Northern Ireland,HUMAN_OBSERVATION
51.39013,0.603786,2017,11,United Kingdom of Great Britain and Northern Ireland,HUMAN_OBSERVATION
51.390137,-3.316417,2016,10,United Kingdom of Great Britain and Northern Ireland,HUMAN_OBSERVATION
51.39014,1.438868,2015,3,United Kingdom of Great Britain and Northern Ireland,HUMAN_OBSERVATION
51.390225,1.437457,2008,11,United Kingdom of Great Britain and Northern Ireland,HUMAN_OBSERVATION
51.390298,-3.30205,2004,9,United Kingdom of Great Britain and Northern Ireland,HUMAN_OBSERVATION
51.390303,1.437549,2008,11,United Kingdom of Great Britain and Northern Ireland,HUMAN_OBSERVATION
51.39037,1.439935,2015,3,United Kingdom of Great Britain and Northern Ireland,HUMAN_OBSERVATION
51.390457,-3.287682,1992,3,United Kingdom of Great Britain and Northern Ireland,HUMAN_OBSERVATION
51.390507,1.437665,2008,11,United Kingdom of Great Britain and Northern Ireland,HUMAN_OBSERVATION
51.390769,-3.258945,2004,9,United Kingdom of Great Britain and Northern Ireland,HUMAN_OBSERVATION
51.390911,-3.468461,2004,,United Kingdom of Great Britain and Northern Ireland,HUMAN_OBSERVATION
51.391373,-3.201471,,,United Kingdom of Great Britain and Northern Ireland,HUMAN_OBSERVATION
51.391533,-3.471226,2004,,United Kingdom of Great Britain and Northern Ireland,HUMAN_OBSERVATION
51.391763,0.633948,1999,7,United Kingdom of Great Britain and Northern Ireland,HUMAN_OBSERVATION
51.391889,0.587953,1993,6,United Kingdom of Great Britain and Northern Ireland,HUMAN_OBSERVATION
51.391924,0.626769,1999,10,United Kingdom of Great Britain and Northern Ireland,HUMAN_OBSERVATION
51.39193,0.634115,1999,7,United Kingdom of Great Britain and Northern Ireland,HUMAN_OBSERVATION
51.391932,-3.307127,2004,9,United Kingdom of Great Britain and Northern Ireland,HUMAN_OBSERVATION
51.39212,-3.31038,2004,9,United Kingdom of Great Britain and Northern Ireland,HUMAN_OBSERVATION
51.392141,-3.256827,2004,9,United Kingdom of Great Britain and Northern Ireland,HUMAN_OBSERVATION
51.392165,-3.257057,2004,9,United Kingdom of Great Britain and Northern Ireland,HUMAN_OBSERVATION
51.39222,0.526008,2017,9,United Kingdom of Great Britain and Northern Ireland,HUMAN_OBSERVATION
51.392228,0.627232,1999,10,United Kingdom of Great Britain and Northern Ireland,HUMAN_OBSERVATION
51.392343,-3.397689,2004,8,United Kingdom of Great Britain and Northern Ireland,HUMAN_OBSERVATION
51.392457,-3.310016,2004,9,United Kingdom of Great Britain and Northern Ireland,HUMAN_OBSERVATION
51.39246,1.422778,2005,4,United Kingdom of Great Britain and Northern Ireland,HUMAN_OBSERVATION
51.392465,-3.397262,2004,8,United Kingdom of Great Britain and Northern Ireland,HUMAN_OBSERVATION
51.39255,-3.471172,2004,,United Kingdom of Great Britain and Northern Ireland,HUMAN_OBSERVATION
51.39258,1.405661,2011,9,United Kingdom of Great Britain and Northern Ireland,HUMAN_OBSERVATION
51.39261,1.395626,2009,3,United Kingdom of Great Britain and Northern Ireland,HUMAN_OBSERVATION
51.39263,1.395627,2009,3,United Kingdom of Great Britain and Northern Ireland,HUMAN_OBSERVATION
51.392654,0.634315,2000,10,United Kingdom of Great Britain and Northern Ireland,HUMAN_OBSERVATION
51.392654,0.634315,1999,6,United Kingdom of Great Britain and Northern Ireland,HUMAN_OBSERVATION
51.392654,0.634315,1999,7,United Kingdom of Great Britain and Northern Ireland,HUMAN_OBSERVATION
51.392654,0.634315,1999,10,United Kingdom of Great Britain and Northern Ireland,HUMAN_OBSERVATION
51.392659,-3.481784,2004,,United Kingdom of Great Britain and Northern Ireland,HUMAN_OBSERVATION
51.392661,0.633999,2000,10,United Kingdom of Great Britain and Northern Ireland,HUMAN_OBSERVATION
51.392661,0.633999,2000,10,United Kingdom of Great Britain and Northern Ireland,HUMAN_OBSERVATION
51.392661,0.633999,2000,10,United Kingdom of Great Britain and Northern Ireland,HUMAN_OBSERVATION
51.392661,0.633999,1999,6,United Kingdom of Great Britain and Northern Ireland,HUMAN_OBSERVATION
51.392661,0.633999,1999,6,United Kingdom of Great Britain and Northern Ireland,HUMAN_OBSERVATION
51.392661,0.633999,1999,7,United Kingdom of Great Britain and Northern Ireland,HUMAN_OBSERVATION
51.392661,0.633999,1999,7,United Kingdom of Great Britain and Northern Ireland,HUMAN_OBSERVATION
51.392661,0.633999,1999,7,United Kingdom of Great Britain and Northern Ireland,HUMAN_OBSERVATION
51.392661,0.633999,1999,10,United Kingdom of Great Britain and Northern Ireland,HUMAN_OBSERVATION
51.392661,0.633999,1999,10,United Kingdom of Great Britain and Northern Ireland,HUMAN_OBSERVATION
51.392661,0.633999,1999,10,United Kingdom of Great Britain and Northern Ireland,HUMAN_OBSERVATION
51.392693,0.632564,1999,6,United Kingdom of Great Britain and Northern Ireland,HUMAN_OBSERVATION
51.392714,0.632421,1999,6,United Kingdom of Great Britain and Northern Ireland,HUMAN_OBSERVATION
51.39273,0.526195,2004,10,United Kingdom of Great Britain and Northern Ireland,HUMAN_OBSERVATION
51.39275,1.39588,2017,2,United Kingdom of Great Britain and Northern Ireland,HUMAN_OBSERVATION
51.39275,1.40586,2006,10,United Kingdom of Great Britain and Northern Ireland,HUMAN_OBSERVATION
51.39278,1.395682,2009,3,United Kingdom of Great Britain and Northern Ireland,HUMAN_OBSERVATION
51.3928,1.395712,2009,3,United Kingdom of Great Britain and Northern Ireland,HUMAN_OBSERVATION
51.392839,-3.485297,2004,,United Kingdom of Great Britain and Northern Ireland,HUMAN_OBSERVATION
51.392872,-3.262424,2004,9,United Kingdom of Great Britain and Northern Ireland,HUMAN_OBSERVATION
51.39296,1.395695,2009,3,United Kingdom of Great Britain and Northern Ireland,HUMAN_OBSERVATION
51.393017,1.420441,2006,4,United Kingdom of Great Britain and Northern Ireland,HUMAN_OBSERVATION
51.393076,0.637545,1999,3,United Kingdom of Great Britain and Northern Ireland,HUMAN_OBSERVATION
51.393076,0.637545,1999,10,United Kingdom of Great Britain and Northern Ireland,HUMAN_OBSERVATION
51.393162,1.384506,2005,10,United Kingdom of Great Britain and Northern Ireland,HUMAN_OBSERVATION
51.393168,-2.957893,2002,9,United Kingdom of Great Britain and Northern Ireland,HUMAN_OBSERVATION
51.39317,1.395782,2009,3,United Kingdom of Great Britain and Northern Ireland,HUMAN_OBSERVATION
51.39325,1.388929,2008,3,United Kingdom of Great Britain and Northern Ireland,HUMAN_OBSERVATION
51.393315,0.634109,2000,10,United Kingdom of Great Britain and Northern Ireland,HUMAN_OBSERVATION
51.393315,0.634109,1999,6,United Kingdom of Great Britain and Northern Ireland,HUMAN_OBSERVATION
51.393315,0.634109,1999,7,United Kingdom of Great Britain and Northern Ireland,HUMAN_OBSERVATION
51.393315,0.634109,1999,10,United Kingdom of Great Britain and Northern Ireland,HUMAN_OBSERVATION
51.39334,1.386463,2013,6,United Kingdom of Great Britain and Northern Ireland,HUMAN_OBSERVATION
51.393495,0.636922,1999,3,United Kingdom of Great Britain and Northern Ireland,HUMAN_OBSERVATION
51.393495,0.636922,1999,3,United Kingdom of Great Britain and Northern Ireland,HUMAN_OBSERVATION
51.393495,0.636922,1999,10,United Kingdom of Great Britain and Northern Ireland,HUMAN_OBSERVATION
51.393495,0.636922,1999,10,United Kingdom of Great Britain and Northern Ireland,HUMAN_OBSERVATION
51.393559,0.634051,2000,10,United Kingdom of Great Britain and Northern Ireland,HUMAN_OBSERVATION
51.393559,0.634051,2000,10,United Kingdom of Great Britain and Northern Ireland,HUMAN_OBSERVATION
51.393559,0.634051,2000,10,United Kingdom of Great Britain and Northern Ireland,HUMAN_OBSERVATION
51.393559,0.634051,1999,6,United Kingdom of Great Britain and Northern Ireland,HUMAN_OBSERVATION
51.393559,0.634051,1999,6,United Kingdom of Great Britain and Northern Ireland,HUMAN_OBSERVATION
51.393559,0.634051,1999,7,United Kingdom of Great Britain and Northern Ireland,HUMAN_OBSERVATION
51.393559,0.634051,1999,10,United Kingdom of Great Britain and Northern Ireland,HUMAN_OBSERVATION
51.393559,0.634051,1999,10,United Kingdom of Great Britain and Northern Ireland,HUMAN_OBSERVATION
51.393567,-3.261307,2004,9,United Kingdom of Great Britain and Northern Ireland,HUMAN_OBSERVATION
51.39368,1.409352,2010,3,United Kingdom of Great Britain and Northern Ireland,HUMAN_OBSERVATION
51.393717,-3.395575,2004,8,United Kingdom of Great Britain and Northern Ireland,HUMAN_OBSERVATION
51.39379,1.408699,2005,8,United Kingdom of Great Britain and Northern Ireland,HUMAN_OBSERVATION
51.39379,1.408699,2004,7,United Kingdom of Great Britain and Northern Ireland,HUMAN_OBSERVATION
51.393892,-3.261187,2004,9,United Kingdom of Great Britain and Northern Ireland,HUMAN_OBSERVATION
51.394018,1.386007,1997,8,United Kingdom of Great Britain and Northern Ireland,HUMAN_OBSERVATION
51.394018,1.386007,1997,8,United Kingdom of Great Britain and Northern Ireland,HUMAN_OBSERVATION
51.394018,1.386007,1997,8,United Kingdom of Great Britain and Northern Ireland,HUMAN_OBSERVATION
51.39406,1.384573,2005,10,United Kingdom of Great Britain and Northern Ireland,HUMAN_OBSERVATION
51.394212,-3.502432,2004,,United Kingdom of Great Britain and Northern Ireland,HUMAN_OBSERVATION
51.394285,0.63057,2000,10,United Kingdom of Great Britain and Northern Ireland,HUMAN_OBSERVATION
51.394285,0.63057,1999,10,United Kingdom of Great Britain and Northern Ireland,HUMAN_OBSERVATION
51.39449,0.632667,1999,6,United Kingdom of Great Britain and Northern Ireland,HUMAN_OBSERVATION
51.394522,0.631231,2000,10,United Kingdom of Great Britain and Northern Ireland,HUMAN_OBSERVATION
51.394522,0.631231,2000,10,United Kingdom of Great Britain and Northern Ireland,HUMAN_OBSERVATION
51.394522,0.631231,1999,10,United Kingdom of Great Britain and Northern Ireland,HUMAN_OBSERVATION
51.394644,0.632201,1999,6,United Kingdom of Great Britain and Northern Ireland,HUMAN_OBSERVATION
51.394718,0.631314,2000,10,United Kingdom of Great Britain and Northern Ireland,HUMAN_OBSERVATION
51.39485,1.427026,2011,7,United Kingdom of Great Britain and Northern Ireland,HUMAN_OBSERVATION
51.394858,-3.194835,,,United Kingdom of Great Britain and Northern Ireland,HUMAN_OBSERVATION
51.395183,0.630622,2000,10,United Kingdom of Great Britain and Northern Ireland,HUMAN_OBSERVATION
51.39542,0.631282,2000,10,United Kingdom of Great Britain and Northern Ireland,HUMAN_OBSERVATION
51.395484,-3.19511,2002,9,United Kingdom of Great Britain and Northern Ireland,HUMAN_OBSERVATION
51.395618,-3.24525,,,United Kingdom of Great Britain and Northern Ireland,HUMAN_OBSERVATION
51.395755,-3.199358,1976,10,United Kingdom of Great Britain and Northern Ireland,HUMAN_OBSERVATION
51.395859,-3.245429,,,United Kingdom of Great Britain and Northern Ireland,HUMAN_OBSERVATION
51.396064,-3.251515,,,United Kingdom of Great Britain and Northern Ireland,HUMAN_OBSERVATION
51.396354,-3.198008,1976,10,United Kingdom of Great Britain and Northern Ireland,HUMAN_OBSERVATION
51.396354,-3.198008,1976,10,United Kingdom of Great Britain and Northern Ireland,HUMAN_OBSERVATION
51.396354,-3.198008,1968,12,United Kingdom of Great Britain and Northern Ireland,HUMAN_OBSERVATION
51.396438,-3.502749,2004,,United Kingdom of Great Britain and Northern Ireland,HUMAN_OBSERVATION
51.396457,-3.501312,1976,5,United Kingdom of Great Britain and Northern Ireland,HUMAN_OBSERVATION
51.396775,-3.503148,2004,,United Kingdom of Great Britain and Northern Ireland,HUMAN_OBSERVATION
51.396908,-3.535827,1979,7,United Kingdom of Great Britain and Northern Ireland,HUMAN_OBSERVATION
51.397062,-3.489113,2004,,United Kingdom of Great Britain and Northern Ireland,HUMAN_OBSERVATION
51.397208,-3.53289,2004,,United Kingdom of Great Britain and Northern Ireland,HUMAN_OBSERVATION
51.397308,-3.238583,,,United Kingdom of Great Britain and Northern Ireland,HUMAN_OBSERVATION
51.39737,0.560471,2012,3,United Kingdom of Great Britain and Northern Ireland,HUMAN_OBSERVATION
51.397724,-3.233175,,,United Kingdom of Great Britain and Northern Ireland,HUMAN_OBSERVATION
51.397762,-3.200963,,,United Kingdom of Great Britain and Northern Ireland,HUMAN_OBSERVATION
51.397764,-3.235419,,,United Kingdom of Great Britain and Northern Ireland,HUMAN_OBSERVATION
51.397794,-3.232545,,,United Kingdom of Great Britain and Northern Ireland,HUMAN_OBSERVATION
51.397818,-3.511549,2004,,United Kingdom of Great Britain and Northern Ireland,HUMAN_OBSERVATION
51.39793,-3.234992,,,United Kingdom of Great Britain and Northern Ireland,HUMAN_OBSERVATION
51.398125,-3.511429,2004,,United Kingdom of Great Britain and Northern Ireland,HUMAN_OBSERVATION
51.398693,-3.232569,,,United Kingdom of Great Britain and Northern Ireland,HUMAN_OBSERVATION
51.398844,-3.518396,2004,,United Kingdom of Great Britain and Northern Ireland,HUMAN_OBSERVATION
51.39896,-3.232806,,,United Kingdom of Great Britain and Northern Ireland,HUMAN_OBSERVATION
51.399592,-3.232593,,,United Kingdom of Great Britain and Northern Ireland,HUMAN_OBSERVATION
51.399621,-3.188893,,,United Kingdom of Great Britain and Northern Ireland,HUMAN_OBSERVATION
51.399629,-3.233313,,,United Kingdom of Great Britain and Northern Ireland,HUMAN_OBSERVATION
51.4,3.55,2023,2,Netherlands,HUMAN_OBSERVATION
51.4,3.55,2017,10,Netherlands,HUMAN_OBSERVATION
51.4,3.554,1957,6,Netherlands,HUMAN_OBSERVATION
51.4,3.6,2025,5,Netherlands,HUMAN_OBSERVATION
51.4,3.75,2013,1,Netherlands,HUMAN_OBSERVATION
51.400038,-3.189479,,,United Kingdom of Great Britain and Northern Ireland,HUMAN_OBSERVATION
51.400626,-3.219683,,,United Kingdom of Great Britain and Northern Ireland,HUMAN_OBSERVATION
51.401067,-3.219694,,,United Kingdom of Great Britain and Northern Ireland,HUMAN_OBSERVATION
51.401343,-3.219917,,,United Kingdom of Great Britain and Northern Ireland,HUMAN_OBSERVATION
51.401596,-3.561473,2004,,United Kingdom of Great Britain and Northern Ireland,HUMAN_OBSERVATION
51.401686,0.728109,2016,4,United Kingdom of Great Britain and Northern Ireland,HUMAN_OBSERVATION
51.402838,0.539684,2005,10,United Kingdom of Great Britain and Northern Ireland,HUMAN_OBSERVATION
51.402932,0.535375,2014,8,United Kingdom of Great Britain and Northern Ireland,HUMAN_OBSERVATION
51.403263,-3.225504,,,United Kingdom of Great Britain and Northern Ireland,HUMAN_OBSERVATION
51.403646,-3.224953,,,United Kingdom of Great Britain and Northern Ireland,HUMAN_OBSERVATION
51.403865,-3.166575,2002,9,United Kingdom of Great Britain and Northern Ireland,HUMAN_OBSERVATION
51.40411,-3.167171,2002,9,United Kingdom of Great Britain and Northern Ireland,HUMAN_OBSERVATION
51.404735,-3.169473,2002,9,United Kingdom of Great Britain and Northern Ireland,HUMAN_OBSERVATION
51.404944,-3.169234,2002,9,United Kingdom of Great Britain and Northern Ireland,HUMAN_OBSERVATION
51.405648,-3.168059,2002,,United Kingdom of Great Britain and Northern Ireland,HUMAN_OBSERVATION
51.405869,-3.167575,2002,,United Kingdom of Great Britain and Northern Ireland,HUMAN_OBSERVATION
51.40606,0.536267,2009,10,United Kingdom of Great Britain and Northern Ireland,HUMAN_OBSERVATION
51.406314,0.616723,2001,8,United Kingdom of Great Britain and Northern Ireland,HUMAN_OBSERVATION
51.406553,0.616104,2001,8,United Kingdom of Great Britain and Northern Ireland,HUMAN_OBSERVATION
51.406558,0.695195,2014,6,United Kingdom of Great Britain and Northern Ireland,HUMAN_OBSERVATION
51.407099,-3.564177,2004,,United Kingdom of Great Britain and Northern Ireland,HUMAN_OBSERVATION
51.40719,0.692515,2006,9,United Kingdom of Great Britain and Northern Ireland,HUMAN_OBSERVATION
51.407333,-3.563494,2004,,United Kingdom of Great Britain and Northern Ireland,HUMAN_OBSERVATION
51.40874,0.91015,2004,6,United Kingdom of Great Britain and Northern Ireland,HUMAN_OBSERVATION
51.40892,-3.168228,2002,,United Kingdom of Great Britain and Northern Ireland,HUMAN_OBSERVATION
51.409623,-3.565773,2004,,United Kingdom of Great Britain and Northern Ireland,HUMAN_OBSERVATION
51.40969,0.738875,2008,3,United Kingdom of Great Britain and Northern Ireland,HUMAN_OBSERVATION
51.409991,-3.566461,2004,,United Kingdom of Great Britain and Northern Ireland,HUMAN_OBSERVATION
51.41,3.91,1957,6,Netherlands,HUMAN_OBSERVATION
51.41047,0.741856,2008,3,United Kingdom of Great Britain and Northern Ireland,HUMAN_OBSERVATION
51.410672,-2.905058,,,United Kingdom of Great Britain and Northern Ireland,HUMAN_OBSERVATION
51.411009,-3.169719,2002,,United Kingdom of Great Britain and Northern Ireland,HUMAN_OBSERVATION
51.411038,0.740114,2007,2,United Kingdom of Great Britain and Northern Ireland,HUMAN_OBSERVATION
51.411717,0.626466,2014,6,United Kingdom of Great Britain and Northern Ireland,HUMAN_OBSERVATION
51.41288,0.907716,2016,10,United Kingdom of Great Britain and Northern Ireland,HUMAN_OBSERVATION
51.413254,0.730351,2016,4,United Kingdom of Great Britain and Northern Ireland,HUMAN_OBSERVATION
51.4134,0.907944,2016,10,United Kingdom of Great Britain and Northern Ireland,HUMAN_OBSERVATION
51.41348,0.907934,2016,10,United Kingdom of Great Britain and Northern Ireland,HUMAN_OBSERVATION
51.41349,0.907805,2016,10,United Kingdom of Great Britain and Northern Ireland,HUMAN_OBSERVATION
51.41367,0.908076,2016,10,United Kingdom of Great Britain and Northern Ireland,HUMAN_OBSERVATION
51.4137,0.907833,2016,10,United Kingdom of Great Britain and Northern Ireland,HUMAN_OBSERVATION
51.41421,-3.16612,2002,,United Kingdom of Great Britain and Northern Ireland,HUMAN_OBSERVATION
51.414401,-3.168641,2002,,United Kingdom of Great Britain and Northern Ireland,HUMAN_OBSERVATION
51.414864,-3.100319,2002,,United Kingdom of Great Britain and Northern Ireland,HUMAN_OBSERVATION
51.415292,-3.100718,2002,,United Kingdom of Great Britain and Northern Ireland,HUMAN_OBSERVATION
51.415884,-3.576355,2004,,United Kingdom of Great Britain and Northern Ireland,HUMAN_OBSERVATION
51.41601,0.741691,2007,2,United Kingdom of Great Britain and Northern Ireland,HUMAN_OBSERVATION
51.416094,0.601618,2006,2,United Kingdom of Great Britain and Northern Ireland,HUMAN_OBSERVATION
51.416513,0.737148,2007,2,United Kingdom of Great Britain and Northern Ireland,HUMAN_OBSERVATION
51.417971,0.739435,2007,2,United Kingdom of Great Britain and Northern Ireland,HUMAN_OBSERVATION
51.418633,-3.173423,2002,,United Kingdom of Great Britain and Northern Ireland,HUMAN_OBSERVATION
51.418953,0.734359,2016,4,United Kingdom of Great Britain and Northern Ireland,HUMAN_OBSERVATION
51.41916,0.752755,2005,5,United Kingdom of Great Britain and Northern Ireland,HUMAN_OBSERVATION
51.420449,-3.580525,2004,,United Kingdom of Great Britain and Northern Ireland,HUMAN_OBSERVATION
51.420584,-3.581206,2004,,United Kingdom of Great Britain and Northern Ireland,HUMAN_OBSERVATION
51.422382,0.732708,2016,4,United Kingdom of Great Britain and Northern Ireland,HUMAN_OBSERVATION
51.42256,0.703329,1993,6,United Kingdom of Great Britain and Northern Ireland,HUMAN_OBSERVATION
51.4228,0.683031,2006,9,United Kingdom of Great Britain and Northern Ireland,HUMAN_OBSERVATION
51.42317,0.735322,2006,9,United Kingdom of Great Britain and Northern Ireland,HUMAN_OBSERVATION
51.423362,-3.169877,2002,,United Kingdom of Great Britain and Northern Ireland,HUMAN_OBSERVATION
51.423656,0.733604,2014,6,United Kingdom of Great Britain and Northern Ireland,HUMAN_OBSERVATION
51.42484,0.834685,2008,12,United Kingdom of Great Britain and Northern Ireland,HUMAN_OBSERVATION
51.4256,0.831955,2008,12,United Kingdom of Great Britain and Northern Ireland,HUMAN_OBSERVATION
51.42598,0.823641,2008,12,United Kingdom of Great Britain and Northern Ireland,HUMAN_OBSERVATION
51.426,3.717,1950,8,Netherlands,HUMAN_OBSERVATION
51.42707,0.823802,2008,12,United Kingdom of Great Britain and Northern Ireland,HUMAN_OBSERVATION
51.428012,0.739619,1993,6,United Kingdom of Great Britain and Northern Ireland,HUMAN_OBSERVATION
51.431747,-3.165847,2002,,United Kingdom of Great Britain and Northern Ireland,HUMAN_OBSERVATION
51.431852,-3.166152,2002,,United Kingdom of Great Britain and Northern Ireland,HUMAN_OBSERVATION
51.43393,-3.591737,2004,7,United Kingdom of Great Britain and Northern Ireland,HUMAN_OBSERVATION
51.434164,-3.59176,2004,7,United Kingdom of Great Britain and Northern Ireland,HUMAN_OBSERVATION
51.434458,-3.164478,2002,,United Kingdom of Great Britain and Northern Ireland,HUMAN_OBSERVATION
51.434848,-3.165092,2002,,United Kingdom of Great Britain and Northern Ireland,HUMAN_OBSERVATION
51.43616,-3.593052,2004,7,United Kingdom of Great Britain and Northern Ireland,HUMAN_OBSERVATION
51.436638,-3.595601,2004,7,United Kingdom of Great Britain and Northern Ireland,HUMAN_OBSERVATION
51.439757,-2.863909,1974,11,United Kingdom of Great Britain and Northern Ireland,HUMAN_OBSERVATION
51.439757,-2.863909,1971,8,United Kingdom of Great Britain and Northern Ireland,HUMAN_OBSERVATION
51.44,3.55,1978,2,Netherlands,HUMAN_OBSERVATION
51.44,3.55,1971,9,Netherlands,HUMAN_OBSERVATION
51.44,3.55,1971,9,Netherlands,HUMAN_OBSERVATION
51.44,3.55,1970,10,Netherlands,HUMAN_OBSERVATION
51.44,3.55,1950,9,Netherlands,HUMAN_OBSERVATION
51.44,3.55,1950,9,Netherlands,HUMAN_OBSERVATION
51.44011,0.764158,2014,11,United Kingdom of Great Britain and Northern Ireland,HUMAN_OBSERVATION
51.44011,0.764158,2014,11,United Kingdom of Great Britain and Northern Ireland,HUMAN_OBSERVATION
51.440124,-3.599147,2016,10,United Kingdom of Great Britain and Northern Ireland,HUMAN_OBSERVATION
51.440352,-3.597543,2004,7,United Kingdom of Great Britain and Northern Ireland,HUMAN_OBSERVATION
51.440485,-3.605634,1976,5,United Kingdom of Great Britain and Northern Ireland,HUMAN_OBSERVATION
51.440539,-3.16151,2002,,United Kingdom of Great Britain and Northern Ireland,HUMAN_OBSERVATION
51.440681,-3.591252,2004,7,United Kingdom of Great Britain and Northern Ireland,HUMAN_OBSERVATION
51.440681,-3.591252,2004,7,United Kingdom of Great Britain and Northern Ireland,HUMAN_OBSERVATION
51.44078,-3.161761,2002,,United Kingdom of Great Britain and Northern Ireland,HUMAN_OBSERVATION
51.441044,0.776305,2007,2,United Kingdom of Great Britain and Northern Ireland,HUMAN_OBSERVATION
51.441915,-3.607584,2003,9,United Kingdom of Great Britain and Northern Ireland,HUMAN_OBSERVATION
51.443146,-2.862865,2024,3,United Kingdom of Great Britain and Northern Ireland,HUMAN_OBSERVATION
51.443627,-3.605356,2003,9,United Kingdom of Great Britain and Northern Ireland,HUMAN_OBSERVATION
51.44364,-3.605025,2003,9,United Kingdom of Great Britain and Northern Ireland,HUMAN_OBSERVATION
51.444632,0.371389,2006,9,United Kingdom of Great Britain and Northern Ireland,HUMAN_OBSERVATION
51.444681,-3.627366,2003,9,United Kingdom of Great Britain and Northern Ireland,HUMAN_OBSERVATION
51.445077,-3.5986,2004,7,United Kingdom of Great Britain and Northern Ireland,HUMAN_OBSERVATION
51.445077,-3.5986,2003,9,United Kingdom of Great Britain and Northern Ireland,HUMAN_OBSERVATION
51.445948,0.37081,2008,3,United Kingdom of Great Britain and Northern Ireland,HUMAN_OBSERVATION
51.445948,0.37081,2008,3,United Kingdom of Great Britain and Northern Ireland,HUMAN_OBSERVATION
51.445948,0.37081,2007,3,United Kingdom of Great Britain and Northern Ireland,HUMAN_OBSERVATION
51.445948,0.37081,2007,3,United Kingdom of Great Britain and Northern Ireland,HUMAN_OBSERVATION
51.445948,0.37081,2004,9,United Kingdom of Great Britain and Northern Ireland,HUMAN_OBSERVATION
51.445948,0.37081,2004,9,United Kingdom of Great Britain and Northern Ireland,HUMAN_OBSERVATION
51.446817,0.372294,1989,6,United Kingdom of Great Britain and Northern Ireland,HUMAN_OBSERVATION
51.446817,0.372294,1989,6,United Kingdom of Great Britain and Northern Ireland,HUMAN_OBSERVATION
51.447884,-3.09917,2010,4,United Kingdom of Great Britain and Northern Ireland,HUMAN_OBSERVATION
51.449548,-3.15709,2002,5,United Kingdom of Great Britain and Northern Ireland,HUMAN_OBSERVATION
51.45,3.65,2025,5,Netherlands,HUMAN_OBSERVATION
51.45,4.05,2017,10,Netherlands,HUMAN_OBSERVATION
51.4501,-3.615931,2003,9,United Kingdom of Great Britain and Northern Ireland,HUMAN_OBSERVATION
51.45015,0.734905,2006,9,United Kingdom of Great Britain and Northern Ireland,HUMAN_OBSERVATION
51.450452,-3.138261,2002,5,United Kingdom of Great Britain and Northern Ireland,HUMAN_OBSERVATION
51.450826,-3.152388,2002,5,United Kingdom of Great Britain and Northern Ireland,HUMAN_OBSERVATION
51.451,3.626,1950,8,Netherlands,HUMAN_OBSERVATION
51.451495,-3.159327,2002,5,United Kingdom of Great Britain and Northern Ireland,HUMAN_OBSERVATION
51.451596,-3.159157,2002,5,United Kingdom of Great Britain and Northern Ireland,HUMAN_OBSERVATION
51.45248,-3.160619,2002,5,United Kingdom of Great Britain and Northern Ireland,HUMAN_OBSERVATION
51.452538,-3.161181,2002,5,United Kingdom of Great Britain and Northern Ireland,HUMAN_OBSERVATION
51.45266,0.768892,2012,4,United Kingdom of Great Britain and Northern Ireland,HUMAN_OBSERVATION
51.453618,-3.667164,2004,7,United Kingdom of Great Britain and Northern Ireland,HUMAN_OBSERVATION
51.453757,0.285094,2006,9,United Kingdom of Great Britain and Northern Ireland,HUMAN_OBSERVATION
51.454077,-3.624218,2003,9,United Kingdom of Great Britain and Northern Ireland,HUMAN_OBSERVATION
51.454371,-3.663521,2004,7,United Kingdom of Great Britain and Northern Ireland,HUMAN_OBSERVATION
51.454522,-3.66298,2004,7,United Kingdom of Great Britain and Northern Ireland,HUMAN_OBSERVATION
51.455837,-3.126247,2010,4,United Kingdom of Great Britain and Northern Ireland,HUMAN_OBSERVATION
51.45585,0.296349,2013,8,United Kingdom of Great Britain and Northern Ireland,HUMAN_OBSERVATION
51.456003,-3.672677,2004,7,United Kingdom of Great Britain and Northern Ireland,HUMAN_OBSERVATION
51.456094,-3.67887,1979,7,United Kingdom of Great Britain and Northern Ireland,HUMAN_OBSERVATION
51.457453,-3.6782,2004,7,United Kingdom of Great Britain and Northern Ireland,HUMAN_OBSERVATION
51.457658,-3.663813,2004,7,United Kingdom of Great Britain and Northern Ireland,HUMAN_OBSERVATION
51.45906,0.722364,2005,6,United Kingdom of Great Britain and Northern Ireland,HUMAN_OBSERVATION
51.459681,-3.141614,2002,5,United Kingdom of Great Britain and Northern Ireland,HUMAN_OBSERVATION
51.459856,-3.142093,2002,5,United Kingdom of Great Britain and Northern Ireland,HUMAN_OBSERVATION
51.46003,0.719989,2011,6,United Kingdom of Great Britain and Northern Ireland,HUMAN_OBSERVATION
51.460852,-9.74247,2024,2,Ireland,HUMAN_OBSERVATION
51.462254,-3.656783,2003,9,United Kingdom of Great Britain and Northern Ireland,HUMAN_OBSERVATION
51.462254,-3.656783,2003,9,United Kingdom of Great Britain and Northern Ireland,HUMAN_OBSERVATION
51.462574,-2.816838,,,United Kingdom of Great Britain and Northern Ireland,HUMAN_OBSERVATION
51.462593,-3.641593,2003,9,United Kingdom of Great Britain and Northern Ireland,HUMAN_OBSERVATION
51.462657,-3.628006,2003,9,United Kingdom of Great Britain and Northern Ireland,HUMAN_OBSERVATION
51.462657,-3.628006,2003,9,United Kingdom of Great Britain and Northern Ireland,HUMAN_OBSERVATION
51.463161,-3.687767,1979,7,United Kingdom of Great Britain and Northern Ireland,HUMAN_OBSERVATION
51.464798,-9.749793,2022,2,Ireland,HUMAN_OBSERVATION
51.465013,-3.132303,2002,5,United Kingdom of Great Britain and Northern Ireland,HUMAN_OBSERVATION
51.465348,-3.132153,2002,5,United Kingdom of Great Britain and Northern Ireland,HUMAN_OBSERVATION
51.465348,-3.132153,2002,5,United Kingdom of Great Britain and Northern Ireland,HUMAN_OBSERVATION
51.465629,-3.131916,2002,5,United Kingdom of Great Britain and Northern Ireland,HUMAN_OBSERVATION
51.467035,-3.135305,2002,5,United Kingdom of Great Britain and Northern Ireland,HUMAN_OBSERVATION
51.467118,-3.135076,2002,5,United Kingdom of Great Britain and Northern Ireland,HUMAN_OBSERVATION
51.467561,-3.225066,2002,5,United Kingdom of Great Britain and Northern Ireland,HUMAN_OBSERVATION
51.467561,-3.225066,2002,,United Kingdom of Great Britain and Northern Ireland,HUMAN_OBSERVATION
51.468966,-3.640526,2003,9,United Kingdom of Great Britain and Northern Ireland,HUMAN_OBSERVATION
51.468976,-3.081134,2002,,United Kingdom of Great Britain and Northern Ireland,HUMAN_OBSERVATION
51.469227,-3.640478,2003,9,United Kingdom of Great Britain and Northern Ireland,HUMAN_OBSERVATION
51.471382,-3.645883,2003,9,United Kingdom of Great Britain and Northern Ireland,HUMAN_OBSERVATION
51.472212,-9.466278,,,Ireland,HUMAN_OBSERVATION
51.472444,-3.128226,2002,,United Kingdom of Great Britain and Northern Ireland,HUMAN_OBSERVATION
51.472581,-3.128013,2002,,United Kingdom of Great Britain and Northern Ireland,HUMAN_OBSERVATION
51.472874,-9.41637,1982,8,Ireland,HUMAN_OBSERVATION
51.473273,-3.118671,2002,,United Kingdom of Great Britain and Northern Ireland,HUMAN_OBSERVATION
51.473295,-9.417158,1982,8,Ireland,MATERIAL_SAMPLE
51.473295,-9.417158,1982,8,Ireland,MATERIAL_SAMPLE
51.473577,-3.117959,2002,,United Kingdom of Great Britain and Northern Ireland,HUMAN_OBSERVATION
51.473758,-3.701117,2003,9,United Kingdom of Great Britain and Northern Ireland,HUMAN_OBSERVATION
51.47378,-3.700859,2003,9,United Kingdom of Great Britain and Northern Ireland,HUMAN_OBSERVATION
51.474458,-3.700654,2003,9,United Kingdom of Great Britain and Northern Ireland,HUMAN_OBSERVATION
51.474657,-3.701151,2003,9,United Kingdom of Great Britain and Northern Ireland,HUMAN_OBSERVATION
51.474657,-3.701151,2003,9,United Kingdom of Great Britain and Northern Ireland,HUMAN_OBSERVATION
51.474722,-3.701009,2003,9,United Kingdom of Great Britain and Northern Ireland,HUMAN_OBSERVATION
51.47501,-3.676685,2003,9,United Kingdom of Great Britain and Northern Ireland,HUMAN_OBSERVATION
51.475092,-3.676572,2003,9,United Kingdom of Great Britain and Northern Ireland,HUMAN_OBSERVATION
51.475929,-3.675278,2003,9,United Kingdom of Great Britain and Northern Ireland,HUMAN_OBSERVATION
51.476079,-3.674881,2003,9,United Kingdom of Great Britain and Northern Ireland,HUMAN_OBSERVATION
51.476419,-3.686712,2023,5,United Kingdom of Great Britain and Northern Ireland,HUMAN_OBSERVATION
51.477467,-3.675853,2003,9,United Kingdom of Great Britain and Northern Ireland,HUMAN_OBSERVATION
51.477727,-3.675344,2003,9,United Kingdom of Great Britain and Northern Ireland,HUMAN_OBSERVATION
51.477783,-3.718678,2003,9,United Kingdom of Great Britain and Northern Ireland,HUMAN_OBSERVATION
51.478,-3.718556,2003,9,United Kingdom of Great Britain and Northern Ireland,HUMAN_OBSERVATION
51.478646,-3.673938,2003,9,United Kingdom of Great Britain and Northern Ireland,HUMAN_OBSERVATION
51.478687,-3.671059,2022,12,United Kingdom of Great Britain and Northern Ireland,HUMAN_OBSERVATION
51.478912,-3.658351,2003,9,United Kingdom of Great Britain and Northern Ireland,HUMAN_OBSERVATION
51.479073,-3.674227,2003,9,United Kingdom of Great Britain and Northern Ireland,HUMAN_OBSERVATION
51.479268,-3.672592,2003,9,United Kingdom of Great Britain and Northern Ireland,HUMAN_OBSERVATION
51.479489,-3.660835,2003,9,United Kingdom of Great Britain and Northern Ireland,HUMAN_OBSERVATION
51.479565,-3.672531,2003,9,United Kingdom of Great Britain and Northern Ireland,HUMAN_OBSERVATION
51.479729,-3.661016,2003,9,United Kingdom of Great Britain and Northern Ireland,HUMAN_OBSERVATION
51.480086,0.621276,2014,4,United Kingdom of Great Britain and Northern Ireland,HUMAN_OBSERVATION
51.480727,0.205269,2006,9,United Kingdom of Great Britain and Northern Ireland,HUMAN_OBSERVATION
51.482319,0.646366,1989,6,United Kingdom of Great Britain and Northern Ireland,HUMAN_OBSERVATION
51.482319,0.646366,1989,6,United Kingdom of Great Britain and Northern Ireland,HUMAN_OBSERVATION
51.482319,0.646366,1989,6,United Kingdom of Great Britain and Northern Ireland,HUMAN_OBSERVATION
51.482319,0.646366,1989,6,United Kingdom of Great Britain and Northern Ireland,HUMAN_OBSERVATION
51.482343,-3.111419,2002,,United Kingdom of Great Britain and Northern Ireland,HUMAN_OBSERVATION
51.48254,0.559968,2008,6,United Kingdom of Great Britain and Northern Ireland,HUMAN_OBSERVATION
51.482635,-3.11098,2002,,United Kingdom of Great Britain and Northern Ireland,HUMAN_OBSERVATION
51.483024,-9.374082,2019,8,Ireland,HUMAN_OBSERVATION
51.48327,0.56168,2008,6,United Kingdom of Great Britain and Northern Ireland,HUMAN_OBSERVATION
51.48511,-3.114482,2002,,United Kingdom of Great Britain and Northern Ireland,HUMAN_OBSERVATION
51.486339,-3.099548,2002,,United Kingdom of Great Britain and Northern Ireland,HUMAN_OBSERVATION
51.486526,-3.099797,2002,,United Kingdom of Great Britain and Northern Ireland,HUMAN_OBSERVATION
51.487055,-2.78703,1971,2,United Kingdom of Great Britain and Northern Ireland,HUMAN_OBSERVATION
51.487888,-3.101212,2002,,United Kingdom of Great Britain and Northern Ireland,HUMAN_OBSERVATION
51.488124,-3.101031,2002,,United Kingdom of Great Britain and Northern Ireland,HUMAN_OBSERVATION
51.48909,-3.093852,2002,,United Kingdom of Great Britain and Northern Ireland,HUMAN_OBSERVATION
51.489447,-3.09412,2002,,United Kingdom of Great Britain and Northern Ireland,HUMAN_OBSERVATION
51.490486,-3.106115,2002,,United Kingdom of Great Britain and Northern Ireland,HUMAN_OBSERVATION
51.490594,-3.730467,2003,9,United Kingdom of Great Britain and Northern Ireland,HUMAN_OBSERVATION
51.49078,-3.105416,2002,,United Kingdom of Great Britain and Northern Ireland,HUMAN_OBSERVATION
51.491409,-3.105489,2002,,United Kingdom of Great Britain and Northern Ireland,HUMAN_OBSERVATION
51.491679,-3.105438,2002,,United Kingdom of Great Britain and Northern Ireland,HUMAN_OBSERVATION
51.491795,-3.730729,2003,9,United Kingdom of Great Britain and Northern Ireland,HUMAN_OBSERVATION
51.492211,-3.730615,2003,9,United Kingdom of Great Britain and Northern Ireland,HUMAN_OBSERVATION
51.493652,-3.086759,2012,11,United Kingdom of Great Britain and Northern Ireland,HUMAN_OBSERVATION
51.493899,-2.772023,1978,,United Kingdom of Great Britain and Northern Ireland,HUMAN_OBSERVATION
51.493899,-2.772023,1978,,United Kingdom of Great Britain and Northern Ireland,HUMAN_OBSERVATION
51.493899,-2.772023,1978,,United Kingdom of Great Britain and Northern Ireland,HUMAN_OBSERVATION
51.493899,-2.772023,1978,,United Kingdom of Great Britain and Northern Ireland,HUMAN_OBSERVATION
51.494564,0.81565,2001,3,United Kingdom of Great Britain and Northern Ireland,HUMAN_OBSERVATION
51.494564,0.81565,2001,3,United Kingdom of Great Britain and Northern Ireland,HUMAN_OBSERVATION
51.494564,0.81565,1989,5,United Kingdom of Great Britain and Northern Ireland,HUMAN_OBSERVATION
51.495103,0.472772,1994,3,United Kingdom of Great Britain and Northern Ireland,HUMAN_OBSERVATION
51.495396,-3.092563,2002,,United Kingdom of Great Britain and Northern Ireland,HUMAN_OBSERVATION
51.495835,-3.092804,2002,,United Kingdom of Great Britain and Northern Ireland,HUMAN_OBSERVATION
51.496295,-3.092584,2002,,United Kingdom of Great Britain and Northern Ireland,HUMAN_OBSERVATION
51.496398,-3.093163,2002,,United Kingdom of Great Britain and Northern Ireland,HUMAN_OBSERVATION
51.497381,-3.072442,2002,,United Kingdom of Great Britain and Northern Ireland,HUMAN_OBSERVATION
51.497411,-3.072097,2002,,United Kingdom of Great Britain and Northern Ireland,HUMAN_OBSERVATION
51.497683,-3.135836,2002,,United Kingdom of Great Britain and Northern Ireland,HUMAN_OBSERVATION
51.498024,-3.135931,2002,,United Kingdom of Great Britain and Northern Ireland,HUMAN_OBSERVATION
51.499906,-3.081362,2002,,United Kingdom of Great Britain and Northern Ireland,HUMAN_OBSERVATION
51.499998,-3.081148,2002,,United Kingdom of Great Britain and Northern Ireland,HUMAN_OBSERVATION
51.5,3.9,2024,1,Netherlands,HUMAN_OBSERVATION
51.5,3.9,2023,1,Netherlands,HUMAN_OBSERVATION
51.5,3.9,2023,6,Netherlands,HUMAN_OBSERVATION
51.5,3.95,2024,1,Netherlands,HUMAN_OBSERVATION
51.5,3.95,2024,2,Netherlands,HUMAN_OBSERVATION
51.5,3.95,2024,11,Netherlands,HUMAN_OBSERVATION
51.5,3.95,2023,12,Netherlands,HUMAN_OBSERVATION
51.5,4,2024,2,Netherlands,HUMAN_OBSERVATION
51.5,4,2023,2,Netherlands,HUMAN_OBSERVATION
51.5,4,2023,5,Netherlands,HUMAN_OBSERVATION
51.5,4.04,1951,8,Netherlands,HUMAN_OBSERVATION
51.5,4.05,2025,2,Netherlands,HUMAN_OBSERVATION
51.5,4.05,2024,2,Netherlands,HUMAN_OBSERVATION
51.5,4.05,2023,4,Netherlands,HUMAN_OBSERVATION
51.500278,-3.743311,2003,9,United Kingdom of Great Britain and Northern Ireland,HUMAN_OBSERVATION
51.501177,-3.74872,2003,9,United Kingdom of Great Britain and Northern Ireland,HUMAN_OBSERVATION
51.501337,-3.751852,2003,9,United Kingdom of Great Britain and Northern Ireland,HUMAN_OBSERVATION
51.50146,-3.075664,2002,,United Kingdom of Great Britain and Northern Ireland,HUMAN_OBSERVATION
51.501552,-3.737452,2003,9,United Kingdom of Great Britain and Northern Ireland,HUMAN_OBSERVATION
51.501849,-3.075429,2002,,United Kingdom of Great Britain and Northern Ireland,HUMAN_OBSERVATION
51.502116,0.605724,2007,3,United Kingdom of Great Britain and Northern Ireland,HUMAN_OBSERVATION
51.502116,0.605724,2007,3,United Kingdom of Great Britain and Northern Ireland,HUMAN_OBSERVATION
51.502116,0.605724,2005,9,United Kingdom of Great Britain and Northern Ireland,HUMAN_OBSERVATION
51.502116,0.605724,2005,9,United Kingdom of Great Britain and Northern Ireland,HUMAN_OBSERVATION
51.502116,0.605724,2004,9,United Kingdom of Great Britain and Northern Ireland,HUMAN_OBSERVATION
51.502116,0.605724,2004,9,United Kingdom of Great Britain and Northern Ireland,HUMAN_OBSERVATION
51.502116,0.605724,2004,9,United Kingdom of Great Britain and Northern Ireland,HUMAN_OBSERVATION
51.502116,0.605724,2003,3,United Kingdom of Great Britain and Northern Ireland,HUMAN_OBSERVATION
51.502116,0.605724,2003,3,United Kingdom of Great Britain and Northern Ireland,HUMAN_OBSERVATION
51.502116,0.605724,2003,9,United Kingdom of Great Britain and Northern Ireland,HUMAN_OBSERVATION
51.502116,0.605724,2003,9,United Kingdom of Great Britain and Northern Ireland,HUMAN_OBSERVATION
51.502116,0.605724,2003,9,United Kingdom of Great Britain and Northern Ireland,HUMAN_OBSERVATION
51.502116,0.605724,2002,4,United Kingdom of Great Britain and Northern Ireland,HUMAN_OBSERVATION
51.502116,0.605724,2002,4,United Kingdom of Great Britain and Northern Ireland,HUMAN_OBSERVATION
51.502116,0.605724,2002,4,United Kingdom of Great Britain and Northern Ireland,HUMAN_OBSERVATION
51.502116,0.605724,2002,9,United Kingdom of Great Britain and Northern Ireland,HUMAN_OBSERVATION
51.502116,0.605724,2002,9,United Kingdom of Great Britain and Northern Ireland,HUMAN_OBSERVATION
51.502116,0.605724,2002,9,United Kingdom of Great Britain and Northern Ireland,HUMAN_OBSERVATION
51.502116,0.605724,2002,9,United Kingdom of Great Britain and Northern Ireland,HUMAN_OBSERVATION
51.502116,0.605724,1999,9,United Kingdom of Great Britain and Northern Ireland,HUMAN_OBSERVATION
51.502116,0.605724,1999,9,United Kingdom of Great Britain and Northern Ireland,HUMAN_OBSERVATION
51.502116,0.605724,1989,5,United Kingdom of Great Britain and Northern Ireland,HUMAN_OBSERVATION
51.502539,-3.076626,2002,,United Kingdom of Great Britain and Northern Ireland,HUMAN_OBSERVATION
51.502645,-3.06699,2002,,United Kingdom of Great Britain and Northern Ireland,HUMAN_OBSERVATION
51.502735,-3.07689,2002,,United Kingdom of Great Britain and Northern Ireland,HUMAN_OBSERVATION
51.502827,-3.066807,2002,,United Kingdom of Great Britain and Northern Ireland,HUMAN_OBSERVATION
51.504515,-3.749813,2003,9,United Kingdom of Great Britain and Northern Ireland,HUMAN_OBSERVATION
51.504804,-3.749161,2003,9,United Kingdom of Great Britain and Northern Ireland,HUMAN_OBSERVATION
51.506419,0.69388,2014,4,United Kingdom of Great Britain and Northern Ireland,HUMAN_OBSERVATION
51.506419,0.69388,2012,4,United Kingdom of Great Britain and Northern Ireland,HUMAN_OBSERVATION
51.508739,-9.378307,1994,4,Ireland,HUMAN_OBSERVATION
51.508739,-9.378307,1994,4,Ireland,HUMAN_OBSERVATION
51.5098,-3.757221,2003,9,United Kingdom of Great Britain and Northern Ireland,HUMAN_OBSERVATION
51.509869,-3.757382,2003,9,United Kingdom of Great Britain and Northern Ireland,HUMAN_OBSERVATION
51.51257,0.738926,2004,3,United Kingdom of Great Britain and Northern Ireland,HUMAN_OBSERVATION
51.51257,0.738926,2004,3,United Kingdom of Great Britain and Northern Ireland,HUMAN_OBSERVATION
51.514105,0.097617,2005,9,United Kingdom of Great Britain and Northern Ireland,HUMAN_OBSERVATION
51.514105,0.097617,2005,9,United Kingdom of Great Britain and Northern Ireland,HUMAN_OBSERVATION
51.514105,0.097617,2005,9,United Kingdom of Great Britain and Northern Ireland,HUMAN_OBSERVATION
51.514105,0.097617,2005,9,United Kingdom of Great Britain and Northern Ireland,HUMAN_OBSERVATION
51.514105,0.097617,2001,10,United Kingdom of Great Britain and Northern Ireland,HUMAN_OBSERVATION
51.514105,0.097617,2001,10,United Kingdom of Great Britain and Northern Ireland,HUMAN_OBSERVATION
51.516054,-3.040829,2002,,United Kingdom of Great Britain and Northern Ireland,HUMAN_OBSERVATION
51.516473,-3.756526,2003,9,United Kingdom of Great Britain and Northern Ireland,HUMAN_OBSERVATION
51.517263,-9.66536,2005,10,Ireland,HUMAN_OBSERVATION
51.517888,-3.757532,2003,9,United Kingdom of Great Britain and Northern Ireland,HUMAN_OBSERVATION
51.518116,-3.75731,2003,9,United Kingdom of Great Britain and Northern Ireland,HUMAN_OBSERVATION
51.519312,-3.752542,2003,9,United Kingdom of Great Britain and Northern Ireland,HUMAN_OBSERVATION
51.52,3.43,2015,3,Netherlands,HUMAN_OBSERVATION
51.52,3.43,1957,6,Netherlands,HUMAN_OBSERVATION
51.52,3.43,1950,8,Netherlands,HUMAN_OBSERVATION
51.52,4,1951,8,Netherlands,HUMAN_OBSERVATION
51.52,4,1951,8,Netherlands,HUMAN_OBSERVATION
51.520255,-3.028299,2002,,United Kingdom of Great Britain and Northern Ireland,HUMAN_OBSERVATION
51.520294,-3.027954,2002,,United Kingdom of Great Britain and Northern Ireland,HUMAN_OBSERVATION
51.520828,4.143926,2019,1,Netherlands,HUMAN_OBSERVATION
51.522,4.161,1951,3,Netherlands,HUMAN_OBSERVATION
51.522,4.161,1950,9,Netherlands,HUMAN_OBSERVATION
51.522085,-2.997596,2002,,United Kingdom of Great Britain and Northern Ireland,HUMAN_OBSERVATION
51.522315,-2.998077,2002,,United Kingdom of Great Britain and Northern Ireland,HUMAN_OBSERVATION
51.524604,-2.88065,2002,4,United Kingdom of Great Britain and Northern Ireland,HUMAN_OBSERVATION
51.525,4.078,2014,3,Netherlands,HUMAN_OBSERVATION
51.525775,-3.014008,2002,,United Kingdom of Great Britain and Northern Ireland,HUMAN_OBSERVATION
51.526112,-3.01354,2002,,United Kingdom of Great Britain and Northern Ireland,HUMAN_OBSERVATION
51.526299,-3.013746,2002,,United Kingdom of Great Britain and Northern Ireland,HUMAN_OBSERVATION
51.526674,-3.014028,2002,,United Kingdom of Great Britain and Northern Ireland,HUMAN_OBSERVATION
51.527376,0.721071,2006,3,United Kingdom of Great Britain and Northern Ireland,HUMAN_OBSERVATION
51.527376,0.721071,2006,3,United Kingdom of Great Britain and Northern Ireland,HUMAN_OBSERVATION
51.527376,0.721071,2006,3,United Kingdom of Great Britain and Northern Ireland,HUMAN_OBSERVATION
51.527376,0.721071,2006,3,United Kingdom of Great Britain and Northern Ireland,HUMAN_OBSERVATION
51.527376,0.721071,2006,3,United Kingdom of Great Britain and Northern Ireland,HUMAN_OBSERVATION
51.527376,0.721071,2004,9,United Kingdom of Great Britain and Northern Ireland,HUMAN_OBSERVATION
51.527376,0.721071,2004,9,United Kingdom of Great Britain and Northern Ireland,HUMAN_OBSERVATION
51.527376,0.721071,2004,9,United Kingdom of Great Britain and Northern Ireland,HUMAN_OBSERVATION
51.527376,0.721071,2004,9,United Kingdom of Great Britain and Northern Ireland,HUMAN_OBSERVATION
51.527376,0.721071,2003,3,United Kingdom of Great Britain and Northern Ireland,HUMAN_OBSERVATION
51.527376,0.721071,2003,3,United Kingdom of Great Britain and Northern Ireland,HUMAN_OBSERVATION
51.527376,0.721071,2003,3,United Kingdom of Great Britain and Northern Ireland,HUMAN_OBSERVATION
51.527376,0.721071,2003,3,United Kingdom of Great Britain and Northern Ireland,HUMAN_OBSERVATION
51.527376,0.721071,2003,3,United Kingdom of Great Britain and Northern Ireland,HUMAN_OBSERVATION
51.527376,0.721071,2003,3,United Kingdom of Great Britain and Northern Ireland,HUMAN_OBSERVATION
51.527376,0.721071,2002,3,United Kingdom of Great Britain and Northern Ireland,HUMAN_OBSERVATION
51.527376,0.721071,2002,3,United Kingdom of Great Britain and Northern Ireland,HUMAN_OBSERVATION
51.527376,0.721071,2002,9,United Kingdom of Great Britain and Northern Ireland,HUMAN_OBSERVATION
51.527376,0.721071,2002,9,United Kingdom of Great Britain and Northern Ireland,HUMAN_OBSERVATION
51.528305,-3.009481,2002,,United Kingdom of Great Britain and Northern Ireland,HUMAN_OBSERVATION
51.528394,-3.006426,2002,,United Kingdom of Great Britain and Northern Ireland,HUMAN_OBSERVATION
51.528466,-3.760924,2003,9,United Kingdom of Great Britain and Northern Ireland,HUMAN_OBSERVATION
51.528509,-3.009745,2002,,United Kingdom of Great Britain and Northern Ireland,HUMAN_OBSERVATION
51.528534,-3.006862,2002,,United Kingdom of Great Britain and Northern Ireland,HUMAN_OBSERVATION
51.52863,-3.760829,2003,9,United Kingdom of Great Britain and Northern Ireland,HUMAN_OBSERVATION
51.530558,-2.949631,2002,,United Kingdom of Great Britain and Northern Ireland,HUMAN_OBSERVATION
51.530778,-2.953571,2002,,United Kingdom of Great Britain and Northern Ireland,HUMAN_OBSERVATION
51.530813,-2.949247,2002,,United Kingdom of Great Britain and Northern Ireland,HUMAN_OBSERVATION
51.530905,-2.898748,2002,4,United Kingdom of Great Britain and Northern Ireland,HUMAN_OBSERVATION
51.530954,-2.952868,2002,,United Kingdom of Great Britain and Northern Ireland,HUMAN_OBSERVATION
51.531121,-2.910329,2002,4,United Kingdom of Great Britain and Northern Ireland,HUMAN_OBSERVATION
51.531166,-2.904563,2002,4,United Kingdom of Great Britain and Northern Ireland,HUMAN_OBSERVATION
51.53121,-2.898798,2002,4,United Kingdom of Great Britain and Northern Ireland,HUMAN_OBSERVATION
51.531416,-2.910594,2002,4,United Kingdom of Great Britain and Northern Ireland,HUMAN_OBSERVATION
51.531526,-2.904498,2002,4,United Kingdom of Great Britain and Northern Ireland,HUMAN_OBSERVATION
51.531752,-2.909058,2002,4,United Kingdom of Great Britain and Northern Ireland,HUMAN_OBSERVATION
51.532031,-2.908905,2002,4,United Kingdom of Great Britain and Northern Ireland,HUMAN_OBSERVATION
51.532075,-2.890323,2002,4,United Kingdom of Great Britain and Northern Ireland,HUMAN_OBSERVATION
51.532975,-2.903157,2002,4,United Kingdom of Great Britain and Northern Ireland,HUMAN_OBSERVATION
51.533105,-2.903838,2002,4,United Kingdom of Great Britain and Northern Ireland,HUMAN_OBSERVATION
51.533109,-2.946613,2002,,United Kingdom of Great Britain and Northern Ireland,HUMAN_OBSERVATION
51.533533,-2.94642,2002,,United Kingdom of Great Britain and Northern Ireland,HUMAN_OBSERVATION
51.533639,-2.882035,2002,4,United Kingdom of Great Britain and Northern Ireland,HUMAN_OBSERVATION
51.534039,-2.881553,2002,4,United Kingdom of Great Britain and Northern Ireland,HUMAN_OBSERVATION
51.537067,-4.208616,,,United Kingdom of Great Britain and Northern Ireland,HUMAN_OBSERVATION
51.538199,-4.20534,1978,10,United Kingdom of Great Britain and Northern Ireland,HUMAN_OBSERVATION
51.538199,-4.20534,1973,,United Kingdom of Great Britain and Northern Ireland,HUMAN_OBSERVATION
51.538512,-2.884523,2002,4,United Kingdom of Great Britain and Northern Ireland,HUMAN_OBSERVATION
51.538711,-2.884397,2002,4,United Kingdom of Great Britain and Northern Ireland,HUMAN_OBSERVATION
51.539,3.93,1978,2,Netherlands,HUMAN_OBSERVATION
51.539469,-2.9898,2002,,United Kingdom of Great Britain and Northern Ireland,HUMAN_OBSERVATION
51.539585,-4.204787,,,United Kingdom of Great Britain and Northern Ireland,HUMAN_OBSERVATION
51.539786,-2.989605,2002,,United Kingdom of Great Britain and Northern Ireland,HUMAN_OBSERVATION
51.539833,-4.214071,1978,10,United Kingdom of Great Britain and Northern Ireland,HUMAN_OBSERVATION
51.539833,-4.214071,1973,,United Kingdom of Great Britain and Northern Ireland,HUMAN_OBSERVATION
51.539996,-4.205427,,,United Kingdom of Great Britain and Northern Ireland,HUMAN_OBSERVATION
51.540245,-4.207486,2000,9,United Kingdom of Great Britain and Northern Ireland,HUMAN_OBSERVATION
51.5408,-4.205235,2000,9,United Kingdom of Great Britain and Northern Ireland,HUMAN_OBSERVATION
51.540835,-3.765425,2003,9,United Kingdom of Great Britain and Northern Ireland,HUMAN_OBSERVATION
51.540894,-4.20547,2000,9,United Kingdom of Great Britain and Northern Ireland,HUMAN_OBSERVATION
51.540959,-2.865133,2002,,United Kingdom of Great Britain and Northern Ireland,HUMAN_OBSERVATION
51.541147,-3.765639,2003,9,United Kingdom of Great Britain and Northern Ireland,HUMAN_OBSERVATION
51.541885,-4.152158,1978,10,United Kingdom of Great Britain and Northern Ireland,HUMAN_OBSERVATION
51.541885,-4.152158,1973,,United Kingdom of Great Britain and Northern Ireland,HUMAN_OBSERVATION
51.542554,-4.236558,2001,9,United Kingdom of Great Britain and Northern Ireland,HUMAN_OBSERVATION
51.542554,-4.236558,,,United Kingdom of Great Britain and Northern Ireland,HUMAN_OBSERVATION
51.542571,-4.163727,2001,9,United Kingdom of Great Britain and Northern Ireland,HUMAN_OBSERVATION
51.542774,-4.163953,2001,9,United Kingdom of Great Britain and Northern Ireland,HUMAN_OBSERVATION
51.543,3.924,2015,4,Netherlands,HUMAN_OBSERVATION
51.5431,-4.20774,2000,9,United Kingdom of Great Britain and Northern Ireland,HUMAN_OBSERVATION
51.543168,-4.163064,2001,9,United Kingdom of Great Britain and Northern Ireland,HUMAN_OBSERVATION
51.543906,-4.145388,2001,9,United Kingdom of Great Britain and Northern Ireland,HUMAN_OBSERVATION
51.544924,-2.839092,2002,,United Kingdom of Great Britain and Northern Ireland,HUMAN_OBSERVATION
51.545144,-2.838505,2002,,United Kingdom of Great Britain and Northern Ireland,HUMAN_OBSERVATION
51.545204,-2.691415,,,United Kingdom of Great Britain and Northern Ireland,HUMAN_OBSERVATION
51.545213,-4.092461,2001,9,United Kingdom of Great Britain and Northern Ireland,HUMAN_OBSERVATION
51.545213,-4.092461,2001,9,United Kingdom of Great Britain and Northern Ireland,HUMAN_OBSERVATION
51.545282,-3.768726,2003,9,United Kingdom of Great Britain and Northern Ireland,HUMAN_OBSERVATION
51.54532,-4.160973,1978,10,United Kingdom of Great Britain and Northern Ireland,HUMAN_OBSERVATION
51.545597,-3.768695,2003,9,United Kingdom of Great Britain and Northern Ireland,HUMAN_OBSERVATION
51.545628,-2.83997,2002,,United Kingdom of Great Britain and Northern Ireland,HUMAN_OBSERVATION
51.545755,-4.18022,2001,9,United Kingdom of Great Britain and Northern Ireland,HUMAN_OBSERVATION
51.546033,-2.839963,2002,,United Kingdom of Great Britain and Northern Ireland,HUMAN_OBSERVATION
51.546085,-4.168221,1978,10,United Kingdom of Great Britain and Northern Ireland,HUMAN_OBSERVATION
51.546339,-4.202849,2000,,United Kingdom of Great Britain and Northern Ireland,HUMAN_OBSERVATION
51.546609,-4.188439,2000,9,United Kingdom of Great Britain and Northern Ireland,HUMAN_OBSERVATION
51.546714,-4.188126,2000,9,United Kingdom of Great Britain and Northern Ireland,HUMAN_OBSERVATION
51.546877,-4.174028,1978,10,United Kingdom of Great Britain and Northern Ireland,HUMAN_OBSERVATION
51.547106,-4.19791,2000,9,United Kingdom of Great Britain and Northern Ireland,HUMAN_OBSERVATION
51.547319,-4.198569,2000,9,United Kingdom of Great Britain and Northern Ireland,HUMAN_OBSERVATION
51.547561,-4.1856,1978,10,United Kingdom of Great Britain and Northern Ireland,HUMAN_OBSERVATION
51.547668,-4.179835,1978,10,United Kingdom of Great Britain and Northern Ireland,HUMAN_OBSERVATION
51.547696,-3.948342,2004,,United Kingdom of Great Britain and Northern Ireland,HUMAN_OBSERVATION
51.547696,-3.948342,,,United Kingdom of Great Britain and Northern Ireland,HUMAN_OBSERVATION
51.549336,-2.985183,2004,,United Kingdom of Great Britain and Northern Ireland,HUMAN_OBSERVATION
51.549383,-2.987131,,,United Kingdom of Great Britain and Northern Ireland,HUMAN_OBSERVATION
51.549395,-2.985689,2004,,United Kingdom of Great Britain and Northern Ireland,HUMAN_OBSERVATION
51.549479,-2.975595,2004,,United Kingdom of Great Britain and Northern Ireland,HUMAN_OBSERVATION
51.549625,-2.987223,,,United Kingdom of Great Britain and Northern Ireland,HUMAN_OBSERVATION
51.54987,-2.975027,2004,,United Kingdom of Great Britain and Northern Ireland,HUMAN_OBSERVATION
51.55,3.65,2024,1,Netherlands,HUMAN_OBSERVATION
51.55,3.85,2022,12,Netherlands,HUMAN_OBSERVATION
51.55,4,2025,2,Netherlands,HUMAN_OBSERVATION
51.55,4,2024,5,Netherlands,HUMAN_OBSERVATION
51.550002,-3.804204,2003,9,United Kingdom of Great Britain and Northern Ireland,HUMAN_OBSERVATION
51.55005,-4.148216,1978,10,United Kingdom of Great Britain and Northern Ireland,HUMAN_OBSERVATION
51.55005,-4.148216,1973,,United Kingdom of Great Britain and Northern Ireland,HUMAN_OBSERVATION
51.550744,-4.25499,1978,10,United Kingdom of Great Britain and Northern Ireland,HUMAN_OBSERVATION
51.550744,-4.25499,1973,,United Kingdom of Great Britain and Northern Ireland,HUMAN_OBSERVATION
51.551768,-4.152624,1989,,United Kingdom of Great Britain and Northern Ireland,HUMAN_OBSERVATION
51.55264,-4.154108,2001,6,United Kingdom of Great Britain and Northern Ireland,HUMAN_OBSERVATION
51.55272,-4.153708,2001,6,United Kingdom of Great Britain and Northern Ireland,HUMAN_OBSERVATION
51.553145,-2.804051,2002,,United Kingdom of Great Britain and Northern Ireland,HUMAN_OBSERVATION
51.553478,-2.804042,2002,,United Kingdom of Great Britain and Northern Ireland,HUMAN_OBSERVATION
51.554237,-4.158223,2001,6,United Kingdom of Great Britain and Northern Ireland,HUMAN_OBSERVATION
51.554358,-4.158517,2001,6,United Kingdom of Great Britain and Northern Ireland,HUMAN_OBSERVATION
51.554816,-4.160024,2001,6,United Kingdom of Great Britain and Northern Ireland,HUMAN_OBSERVATION
51.55523,-4.160001,2001,6,United Kingdom of Great Britain and Northern Ireland,HUMAN_OBSERVATION
51.555983,-3.777018,2003,9,United Kingdom of Great Britain and Northern Ireland,HUMAN_OBSERVATION
51.556129,-2.997475,,,United Kingdom of Great Britain and Northern Ireland,HUMAN_OBSERVATION
51.556272,-3.776322,2003,9,United Kingdom of Great Britain and Northern Ireland,HUMAN_OBSERVATION
51.556842,-3.781437,2003,9,United Kingdom of Great Britain and Northern Ireland,HUMAN_OBSERVATION
51.557943,-4.059143,1978,10,United Kingdom of Great Britain and Northern Ireland,HUMAN_OBSERVATION
51.557943,-4.059143,1973,,United Kingdom of Great Britain and Northern Ireland,HUMAN_OBSERVATION
51.558108,-2.967284,2004,,United Kingdom of Great Britain and Northern Ireland,HUMAN_OBSERVATION
51.558449,-4.057463,2004,,United Kingdom of Great Britain and Northern Ireland,HUMAN_OBSERVATION
51.558541,-2.967134,2004,,United Kingdom of Great Britain and Northern Ireland,HUMAN_OBSERVATION
51.558841,-4.323921,,,United Kingdom of Great Britain and Northern Ireland,HUMAN_OBSERVATION
51.558867,-4.057742,2004,,United Kingdom of Great Britain and Northern Ireland,HUMAN_OBSERVATION
51.558875,-3.083265,2002,,United Kingdom of Great Britain and Northern Ireland,HUMAN_OBSERVATION
51.559548,-3.783865,2003,9,United Kingdom of Great Britain and Northern Ireland,HUMAN_OBSERVATION
51.559617,-4.307369,,,United Kingdom of Great Britain and Northern Ireland,HUMAN_OBSERVATION
51.559642,-2.99673,,,United Kingdom of Great Britain and Northern Ireland,HUMAN_OBSERVATION
51.559707,-4.307359,,,United Kingdom of Great Britain and Northern Ireland,HUMAN_OBSERVATION
51.559758,-3.783671,2003,9,United Kingdom of Great Britain and Northern Ireland,HUMAN_OBSERVATION
51.560118,-2.939038,2004,,United Kingdom of Great Britain and Northern Ireland,HUMAN_OBSERVATION
51.560718,-4.2948,,,United Kingdom of Great Britain and Northern Ireland,HUMAN_OBSERVATION
51.56077,-4.294442,,,United Kingdom of Great Britain and Northern Ireland,HUMAN_OBSERVATION
51.561184,-2.794801,2002,,United Kingdom of Great Britain and Northern Ireland,HUMAN_OBSERVATION
51.561184,-2.794801,2002,,United Kingdom of Great Britain and Northern Ireland,HUMAN_OBSERVATION
51.561329,-4.311784,1978,10,United Kingdom of Great Britain and Northern Ireland,HUMAN_OBSERVATION
51.561329,-4.311784,1973,,United Kingdom of Great Britain and Northern Ireland,HUMAN_OBSERVATION
51.561519,-4.309286,2023,10,United Kingdom of Great Britain and Northern Ireland,HUMAN_OBSERVATION
51.561594,-4.293228,,,United Kingdom of Great Britain and Northern Ireland,HUMAN_OBSERVATION
51.561684,-4.316878,2013,3,United Kingdom of Great Britain and Northern Ireland,MATERIAL_SAMPLE
51.561684,-4.316878,2013,3,United Kingdom of Great Britain and Northern Ireland,MATERIAL_SAMPLE
51.561697,-4.293046,,,United Kingdom of Great Britain and Northern Ireland,HUMAN_OBSERVATION
51.562083,-4.314607,,,United Kingdom of Great Britain and Northern Ireland,HUMAN_OBSERVATION
51.562171,-4.314712,,,United Kingdom of Great Britain and Northern Ireland,HUMAN_OBSERVATION
51.562455,-4.308588,2025,4,United Kingdom of Great Britain and Northern Ireland,HUMAN_OBSERVATION
51.563184,-4.093286,2001,6,United Kingdom of Great Britain and Northern Ireland,HUMAN_OBSERVATION
51.563753,-2.734529,2002,,United Kingdom of Great Britain and Northern Ireland,HUMAN_OBSERVATION
51.563822,-2.734977,2002,,United Kingdom of Great Britain and Northern Ireland,HUMAN_OBSERVATION
51.564166,-4.304713,1989,,United Kingdom of Great Britain and Northern Ireland,HUMAN_OBSERVATION
51.564317,-9.729189,2024,8,Ireland,HUMAN_OBSERVATION
51.564573,-4.317836,,,United Kingdom of Great Britain and Northern Ireland,HUMAN_OBSERVATION
51.565982,-2.754445,2002,,United Kingdom of Great Britain and Northern Ireland,HUMAN_OBSERVATION
51.566139,-4.027437,2004,,United Kingdom of Great Britain and Northern Ireland,HUMAN_OBSERVATION
51.566262,-4.012985,2004,,United Kingdom of Great Britain and Northern Ireland,HUMAN_OBSERVATION
51.566583,-4.027789,2004,,United Kingdom of Great Britain and Northern Ireland,HUMAN_OBSERVATION
51.56669,-4.011113,2004,,United Kingdom of Great Britain and Northern Ireland,HUMAN_OBSERVATION
51.566888,-4.103903,2001,6,United Kingdom of Great Britain and Northern Ireland,HUMAN_OBSERVATION
51.56706,-4.102843,1978,10,United Kingdom of Great Britain and Northern Ireland,HUMAN_OBSERVATION
51.56706,-4.102843,1973,,United Kingdom of Great Britain and Northern Ireland,HUMAN_OBSERVATION
51.567486,-3.970053,,,United Kingdom of Great Britain and Northern Ireland,HUMAN_OBSERVATION
51.567553,-3.791408,2003,9,United Kingdom of Great Britain and Northern Ireland,HUMAN_OBSERVATION
51.567702,-4.008229,2004,,United Kingdom of Great Britain and Northern Ireland,HUMAN_OBSERVATION
51.567736,-3.791198,2003,9,United Kingdom of Great Britain and Northern Ireland,HUMAN_OBSERVATION
51.567828,-4.007643,2004,,United Kingdom of Great Britain and Northern Ireland,HUMAN_OBSERVATION
51.567907,-4.105768,2001,6,United Kingdom of Great Britain and Northern Ireland,HUMAN_OBSERVATION
51.568243,-3.974747,,,United Kingdom of Great Britain and Northern Ireland,HUMAN_OBSERVATION
51.568344,-4.105933,2001,6,United Kingdom of Great Britain and Northern Ireland,HUMAN_OBSERVATION
51.568391,-3.974479,,,United Kingdom of Great Britain and Northern Ireland,HUMAN_OBSERVATION
51.569065,-4.014191,2004,,United Kingdom of Great Britain and Northern Ireland,HUMAN_OBSERVATION
51.569129,-4.03656,2004,,United Kingdom of Great Britain and Northern Ireland,HUMAN_OBSERVATION
51.569167,-4.036432,2004,,United Kingdom of Great Britain and Northern Ireland,HUMAN_OBSERVATION
51.569241,-3.977402,1989,,United Kingdom of Great Britain and Northern Ireland,HUMAN_OBSERVATION
51.569266,-3.97596,2008,3,United Kingdom of Great Britain and Northern Ireland,HUMAN_OBSERVATION
51.56929,-3.974518,2014,3,United Kingdom of Great Britain and Northern Ireland,HUMAN_OBSERVATION
51.569418,-4.121711,1978,10,United Kingdom of Great Britain and Northern Ireland,HUMAN_OBSERVATION
51.569418,-4.121711,1973,,United Kingdom of Great Britain and Northern Ireland,HUMAN_OBSERVATION
51.569557,-3.985352,2020,2,United Kingdom of Great Britain and Northern Ireland,HUMAN_OBSERVATION
51.569844,-2.626861,1976,12,United Kingdom of Great Britain and Northern Ireland,HUMAN_OBSERVATION
51.570091,-3.980325,,,United Kingdom of Great Britain and Northern Ireland,HUMAN_OBSERVATION
51.570104,-3.979589,,,United Kingdom of Great Britain and Northern Ireland,HUMAN_OBSERVATION
51.570116,-3.978883,,,United Kingdom of Great Britain and Northern Ireland,HUMAN_OBSERVATION
51.570173,-4.110736,2001,6,United Kingdom of Great Britain and Northern Ireland,HUMAN_OBSERVATION
51.570335,-3.980783,,,United Kingdom of Great Britain and Northern Ireland,HUMAN_OBSERVATION
51.570524,-4.110218,2001,6,United Kingdom of Great Britain and Northern Ireland,HUMAN_OBSERVATION
51.570917,-3.98469,,,United Kingdom of Great Britain and Northern Ireland,HUMAN_OBSERVATION
51.570917,-3.984156,,,United Kingdom of Great Britain and Northern Ireland,HUMAN_OBSERVATION
51.57094,-3.799261,2003,9,United Kingdom of Great Britain and Northern Ireland,HUMAN_OBSERVATION
51.571199,-3.799993,2003,9,United Kingdom of Great Britain and Northern Ireland,HUMAN_OBSERVATION
51.571221,-3.79855,2003,9,United Kingdom of Great Britain and Northern Ireland,HUMAN_OBSERVATION
51.571341,-3.800085,2003,9,United Kingdom of Great Britain and Northern Ireland,HUMAN_OBSERVATION
51.571637,-3.986756,,,United Kingdom of Great Britain and Northern Ireland,HUMAN_OBSERVATION
51.571708,-3.986817,,,United Kingdom of Great Britain and Northern Ireland,HUMAN_OBSERVATION
51.571791,-3.986171,,,United Kingdom of Great Britain and Northern Ireland,HUMAN_OBSERVATION
51.571791,-3.986171,,,United Kingdom of Great Britain and Northern Ireland,HUMAN_OBSERVATION
51.572097,-3.800028,2003,9,United Kingdom of Great Britain and Northern Ireland,HUMAN_OBSERVATION
51.572107,-3.799394,2003,9,United Kingdom of Great Britain and Northern Ireland,HUMAN_OBSERVATION
51.572358,-3.812304,2003,9,United Kingdom of Great Britain and Northern Ireland,HUMAN_OBSERVATION
51.572886,-4.001391,2004,1,United Kingdom of Great Britain and Northern Ireland,MATERIAL_SAMPLE
51.572886,-4.001391,2004,1,United Kingdom of Great Britain and Northern Ireland,MATERIAL_SAMPLE
51.573391,-3.992591,,,United Kingdom of Great Britain and Northern Ireland,HUMAN_OBSERVATION
51.57349,-3.992018,,,United Kingdom of Great Britain and Northern Ireland,HUMAN_OBSERVATION
51.573765,-3.799733,2003,9,United Kingdom of Great Britain and Northern Ireland,HUMAN_OBSERVATION
51.573895,-3.800099,2003,9,United Kingdom of Great Britain and Northern Ireland,HUMAN_OBSERVATION
51.574118,-4.110385,2001,6,United Kingdom of Great Britain and Northern Ireland,HUMAN_OBSERVATION
51.57414,-3.816257,2003,9,United Kingdom of Great Britain and Northern Ireland,HUMAN_OBSERVATION
51.57445,-4.109938,2001,6,United Kingdom of Great Britain and Northern Ireland,HUMAN_OBSERVATION
51.574549,-3.815999,2003,9,United Kingdom of Great Britain and Northern Ireland,HUMAN_OBSERVATION
51.574637,-4.111044,2001,6,United Kingdom of Great Britain and Northern Ireland,HUMAN_OBSERVATION
51.574797,-3.816832,2003,9,United Kingdom of Great Britain and Northern Ireland,HUMAN_OBSERVATION
51.574889,-2.76478,2002,,United Kingdom of Great Britain and Northern Ireland,HUMAN_OBSERVATION
51.575017,-4.110426,2001,6,United Kingdom of Great Britain and Northern Ireland,HUMAN_OBSERVATION
51.575115,-2.761739,2002,,United Kingdom of Great Britain and Northern Ireland,HUMAN_OBSERVATION
51.575214,-3.996423,,,United Kingdom of Great Britain and Northern Ireland,HUMAN_OBSERVATION
51.575316,-2.765466,2002,,United Kingdom of Great Britain and Northern Ireland,HUMAN_OBSERVATION
51.575344,-2.761137,2002,,United Kingdom of Great Britain and Northern Ireland,HUMAN_OBSERVATION
51.575349,-3.99588,,,United Kingdom of Great Britain and Northern Ireland,HUMAN_OBSERVATION
51.575847,-3.997273,,,United Kingdom of Great Britain and Northern Ireland,HUMAN_OBSERVATION
51.576088,-3.997904,,,United Kingdom of Great Britain and Northern Ireland,HUMAN_OBSERVATION
51.576088,-3.997904,,,United Kingdom of Great Britain and Northern Ireland,HUMAN_OBSERVATION
51.576162,-3.993578,,,United Kingdom of Great Britain and Northern Ireland,HUMAN_OBSERVATION
51.576248,-3.997998,,,United Kingdom of Great Britain and Northern Ireland,HUMAN_OBSERVATION
51.576258,-3.993178,,,United Kingdom of Great Britain and Northern Ireland,HUMAN_OBSERVATION
51.577545,-2.696235,1997,7,United Kingdom of Great Britain and Northern Ireland,HUMAN_OBSERVATION
51.577545,-2.696235,1997,7,United Kingdom of Great Britain and Northern Ireland,HUMAN_OBSERVATION
51.577767,-2.750744,2002,,United Kingdom of Great Britain and Northern Ireland,HUMAN_OBSERVATION
51.578106,-2.751082,2002,,United Kingdom of Great Britain and Northern Ireland,HUMAN_OBSERVATION
51.578749,-3.801936,2003,9,United Kingdom of Great Britain and Northern Ireland,HUMAN_OBSERVATION
51.579195,-2.720794,2002,,United Kingdom of Great Britain and Northern Ireland,HUMAN_OBSERVATION
51.579294,-2.972568,2004,,United Kingdom of Great Britain and Northern Ireland,HUMAN_OBSERVATION
51.57938,-2.721489,2002,,United Kingdom of Great Britain and Northern Ireland,HUMAN_OBSERVATION
51.579719,-2.708535,2002,8,United Kingdom of Great Britain and Northern Ireland,HUMAN_OBSERVATION
51.580112,-2.717922,2002,,United Kingdom of Great Britain and Northern Ireland,HUMAN_OBSERVATION
51.580384,-2.71758,2002,,United Kingdom of Great Britain and Northern Ireland,HUMAN_OBSERVATION
51.580731,-3.804064,2003,9,United Kingdom of Great Britain and Northern Ireland,HUMAN_OBSERVATION
51.580747,-2.703572,2002,8,United Kingdom of Great Britain and Northern Ireland,HUMAN_OBSERVATION
51.580903,-2.70317,2002,8,United Kingdom of Great Britain and Northern Ireland,HUMAN_OBSERVATION
51.581095,-3.999062,,,United Kingdom of Great Britain and Northern Ireland,HUMAN_OBSERVATION
51.581098,-2.703505,2002,8,United Kingdom of Great Britain and Northern Ireland,HUMAN_OBSERVATION
51.581098,-2.703505,2002,8,United Kingdom of Great Britain and Northern Ireland,HUMAN_OBSERVATION
51.581345,-3.812662,,,United Kingdom of Great Britain and Northern Ireland,HUMAN_OBSERVATION
51.581455,-3.999583,,,United Kingdom of Great Britain and Northern Ireland,HUMAN_OBSERVATION
51.581567,-3.798237,2003,9,United Kingdom of Great Britain and Northern Ireland,HUMAN_OBSERVATION
51.581567,-3.798237,2003,9,United Kingdom of Great Britain and Northern Ireland,HUMAN_OBSERVATION
51.581718,-3.807683,2003,9,United Kingdom of Great Britain and Northern Ireland,HUMAN_OBSERVATION
51.581812,-3.809188,,,United Kingdom of Great Britain and Northern Ireland,HUMAN_OBSERVATION
51.581849,0.768022,2005,4,United Kingdom of Great Britain and Northern Ireland,HUMAN_OBSERVATION
51.581872,-3.807631,2003,9,United Kingdom of Great Britain and Northern Ireland,HUMAN_OBSERVATION
51.582047,0.767644,2005,4,United Kingdom of Great Britain and Northern Ireland,HUMAN_OBSERVATION
51.582047,0.767644,2005,4,United Kingdom of Great Britain and Northern Ireland,HUMAN_OBSERVATION
51.582047,0.767644,2005,4,United Kingdom of Great Britain and Northern Ireland,HUMAN_OBSERVATION
51.582047,0.767644,2005,4,United Kingdom of Great Britain and Northern Ireland,HUMAN_OBSERVATION
51.582435,-3.803757,,,United Kingdom of Great Britain and Northern Ireland,HUMAN_OBSERVATION
51.582748,-3.809109,2003,9,United Kingdom of Great Britain and Northern Ireland,HUMAN_OBSERVATION
51.582837,-3.803339,,,United Kingdom of Great Britain and Northern Ireland,HUMAN_OBSERVATION
51.582859,-3.801897,,,United Kingdom of Great Britain and Northern Ireland,HUMAN_OBSERVATION
51.582915,-3.802361,,,United Kingdom of Great Britain and Northern Ireland,HUMAN_OBSERVATION
51.583017,-3.809178,2003,9,United Kingdom of Great Britain and Northern Ireland,HUMAN_OBSERVATION
51.584523,-3.810623,2003,9,United Kingdom of Great Britain and Northern Ireland,HUMAN_OBSERVATION
51.584612,-3.810714,2003,9,United Kingdom of Great Britain and Northern Ireland,HUMAN_OBSERVATION
51.584834,-2.708845,2002,8,United Kingdom of Great Britain and Northern Ireland,HUMAN_OBSERVATION
51.587356,-2.705117,2002,8,United Kingdom of Great Britain and Northern Ireland,HUMAN_OBSERVATION
51.587383,-2.705046,2002,8,United Kingdom of Great Britain and Northern Ireland,HUMAN_OBSERVATION
51.587419,-3.797747,,,United Kingdom of Great Britain and Northern Ireland,HUMAN_OBSERVATION
51.587514,0.838101,2005,4,United Kingdom of Great Britain and Northern Ireland,HUMAN_OBSERVATION
51.587544,0.838724,2005,4,United Kingdom of Great Britain and Northern Ireland,HUMAN_OBSERVATION
51.587544,0.838724,2005,4,United Kingdom of Great Britain and Northern Ireland,HUMAN_OBSERVATION
51.58777,-3.998417,,,United Kingdom of Great Britain and Northern Ireland,HUMAN_OBSERVATION
51.587807,-3.798253,,,United Kingdom of Great Britain and Northern Ireland,HUMAN_OBSERVATION
51.587871,-3.998797,,,United Kingdom of Great Britain and Northern Ireland,HUMAN_OBSERVATION
51.588415,-3.987979,,,United Kingdom of Great Britain and Northern Ireland,HUMAN_OBSERVATION
51.58845,-3.99862,,,United Kingdom of Great Britain and Northern Ireland,HUMAN_OBSERVATION
51.588668,-3.998456,,,United Kingdom of Great Britain and Northern Ireland,HUMAN_OBSERVATION
51.58884,-3.988358,,,United Kingdom of Great Britain and Northern Ireland,HUMAN_OBSERVATION
51.58978,-2.695152,2002,8,United Kingdom of Great Britain and Northern Ireland,HUMAN_OBSERVATION
51.589957,-2.701636,2002,,United Kingdom of Great Britain and Northern Ireland,HUMAN_OBSERVATION
51.590098,-2.702201,2002,,United Kingdom of Great Britain and Northern Ireland,HUMAN_OBSERVATION
51.590158,-2.692097,2002,8,United Kingdom of Great Britain and Northern Ireland,HUMAN_OBSERVATION
51.590297,-2.692821,2002,8,United Kingdom of Great Britain and Northern Ireland,HUMAN_OBSERVATION
51.591031,-2.696441,2002,8,United Kingdom of Great Britain and Northern Ireland,HUMAN_OBSERVATION
51.591266,-2.696271,2002,8,United Kingdom of Great Britain and Northern Ireland,HUMAN_OBSERVATION
51.593249,-2.701528,2002,8,United Kingdom of Great Britain and Northern Ireland,HUMAN_OBSERVATION
51.596082,-9.635969,1996,9,Ireland,HUMAN_OBSERVATION
51.596082,-9.635969,1996,9,Ireland,HUMAN_OBSERVATION
51.596758,-3.9721,,,United Kingdom of Great Britain and Northern Ireland,HUMAN_OBSERVATION
51.597,3.692,2017,3,Netherlands,HUMAN_OBSERVATION
51.597512,-3.970573,,,United Kingdom of Great Britain and Northern Ireland,HUMAN_OBSERVATION
51.598955,-3.972484,,,United Kingdom of Great Britain and Northern Ireland,HUMAN_OBSERVATION
51.598992,-3.972919,,,United Kingdom of Great Britain and Northern Ireland,HUMAN_OBSERVATION
51.6,3.65,2025,2,Netherlands,HUMAN_OBSERVATION
51.6,3.7,2023,10,Netherlands,HUMAN_OBSERVATION
51.6,3.7,2022,10,Netherlands,HUMAN_OBSERVATION
51.6,3.7,2018,8,Netherlands,HUMAN_OBSERVATION
51.6,3.7,2017,4,Netherlands,HUMAN_OBSERVATION
51.6,3.7,2017,8,Netherlands,HUMAN_OBSERVATION
51.6,3.8,2007,9,Netherlands,HUMAN_OBSERVATION
51.6,3.8,2006,9,Netherlands,HUMAN_OBSERVATION
51.6,3.8,1951,11,Netherlands,HUMAN_OBSERVATION
51.6,3.85,2023,4,Netherlands,HUMAN_OBSERVATION
51.6,3.95,2024,11,Netherlands,HUMAN_OBSERVATION
51.6,3.95,2024,11,Netherlands,HUMAN_OBSERVATION
51.6,4.05,2023,4,Netherlands,HUMAN_OBSERVATION
51.60008,3.684851,2020,4,Netherlands,HUMAN_OBSERVATION
51.60008,3.684851,2020,4,Netherlands,HUMAN_OBSERVATION
51.602219,-2.625863,1985,8,United Kingdom of Great Britain and Northern Ireland,HUMAN_OBSERVATION
51.602649,-2.629478,1978,,United Kingdom of Great Britain and Northern Ireland,HUMAN_OBSERVATION
51.602649,-2.629478,1978,,United Kingdom of Great Britain and Northern Ireland,HUMAN_OBSERVATION
51.604,3.794,2014,2,Netherlands,HUMAN_OBSERVATION
51.604958,-8.868905,2003,,Ireland,HUMAN_OBSERVATION
51.605232,-3.866324,2003,9,United Kingdom of Great Britain and Northern Ireland,HUMAN_OBSERVATION
51.605293,-3.866485,2003,9,United Kingdom of Great Britain and Northern Ireland,HUMAN_OBSERVATION
51.6053,-3.92064,2003,9,United Kingdom of Great Britain and Northern Ireland,HUMAN_OBSERVATION
51.605673,-2.651902,1997,7,United Kingdom of Great Britain and Northern Ireland,HUMAN_OBSERVATION
51.605744,-3.972489,,,United Kingdom of Great Britain and Northern Ireland,HUMAN_OBSERVATION
51.606416,-3.916196,2003,9,United Kingdom of Great Britain and Northern Ireland,HUMAN_OBSERVATION
51.6067,-3.914764,2003,9,United Kingdom of Great Britain and Northern Ireland,HUMAN_OBSERVATION
51.607005,-3.965381,,,United Kingdom of Great Britain and Northern Ireland,HUMAN_OBSERVATION
51.607894,-3.974604,,,United Kingdom of Great Britain and Northern Ireland,HUMAN_OBSERVATION
51.607954,-3.974751,,,United Kingdom of Great Britain and Northern Ireland,HUMAN_OBSERVATION
51.608399,-4.917424,2000,9,United Kingdom of Great Britain and Northern Ireland,HUMAN_OBSERVATION
51.608399,-4.917424,2000,9,United Kingdom of Great Britain and Northern Ireland,HUMAN_OBSERVATION
51.608457,-3.922781,2003,9,United Kingdom of Great Britain and Northern Ireland,HUMAN_OBSERVATION
51.608589,-3.923508,2003,9,United Kingdom of Great Britain and Northern Ireland,HUMAN_OBSERVATION
51.608817,-3.922796,2003,9,United Kingdom of Great Britain and Northern Ireland,HUMAN_OBSERVATION
51.608817,-3.922796,2003,9,United Kingdom of Great Britain and Northern Ireland,HUMAN_OBSERVATION
51.609046,-3.963245,,,United Kingdom of Great Britain and Northern Ireland,HUMAN_OBSERVATION
51.609156,-9.548329,,,Ireland,HUMAN_OBSERVATION
51.609283,-3.963053,,,United Kingdom of Great Britain and Northern Ireland,HUMAN_OBSERVATION
51.609388,-2.630294,1997,7,United Kingdom of Great Britain and Northern Ireland,HUMAN_OBSERVATION
51.609396,-2.62885,1997,7,United Kingdom of Great Britain and Northern Ireland,HUMAN_OBSERVATION
51.609396,-2.62885,1997,7,United Kingdom of Great Britain and Northern Ireland,HUMAN_OBSERVATION
51.609396,-2.62885,1997,7,United Kingdom of Great Britain and Northern Ireland,HUMAN_OBSERVATION
51.609396,-2.62885,1997,7,United Kingdom of Great Britain and Northern Ireland,HUMAN_OBSERVATION
51.610429,-3.962293,,,United Kingdom of Great Britain and Northern Ireland,HUMAN_OBSERVATION
51.610844,-3.963322,,,United Kingdom of Great Britain and Northern Ireland,HUMAN_OBSERVATION
51.610868,-3.961879,,,United Kingdom of Great Britain and Northern Ireland,HUMAN_OBSERVATION
51.610893,-3.963065,,,United Kingdom of Great Britain and Northern Ireland,HUMAN_OBSERVATION
51.612667,-5.106729,2001,,United Kingdom of Great Britain and Northern Ireland,HUMAN_OBSERVATION
51.613104,-4.285526,2000,6,United Kingdom of Great Britain and Northern Ireland,HUMAN_OBSERVATION
51.613436,-4.28599,2000,6,United Kingdom of Great Britain and Northern Ireland,HUMAN_OBSERVATION
51.61398,-3.926524,2003,9,United Kingdom of Great Britain and Northern Ireland,HUMAN_OBSERVATION
51.614161,-3.925911,2003,9,United Kingdom of Great Britain and Northern Ireland,HUMAN_OBSERVATION
51.614425,-3.853701,2003,9,United Kingdom of Great Britain and Northern Ireland,HUMAN_OBSERVATION
51.614459,-5.020891,2001,,United Kingdom of Great Britain and Northern Ireland,HUMAN_OBSERVATION
51.614459,-5.020891,2001,,United Kingdom of Great Britain and Northern Ireland,HUMAN_OBSERVATION
51.614731,-3.927336,2003,9,United Kingdom of Great Britain and Northern Ireland,HUMAN_OBSERVATION
51.614758,-3.854264,2003,9,United Kingdom of Great Britain and Northern Ireland,HUMAN_OBSERVATION
51.614771,-4.28532,2000,6,United Kingdom of Great Britain and Northern Ireland,HUMAN_OBSERVATION
51.6149,-4.285616,2000,6,United Kingdom of Great Britain and Northern Ireland,HUMAN_OBSERVATION
51.615036,-3.927392,2003,9,United Kingdom of Great Britain and Northern Ireland,HUMAN_OBSERVATION
51.61563,-4.29432,1988,4,United Kingdom of Great Britain and Northern Ireland,HUMAN_OBSERVATION
51.61563,-4.29432,1988,4,United Kingdom of Great Britain and Northern Ireland,HUMAN_OBSERVATION
51.61563,-4.29432,1988,4,United Kingdom of Great Britain and Northern Ireland,HUMAN_OBSERVATION
51.615652,-4.294257,2020,8,United Kingdom of Great Britain and Northern Ireland,HUMAN_OBSERVATION
51.615685,-4.901061,2001,,United Kingdom of Great Britain and Northern Ireland,HUMAN_OBSERVATION
51.615685,-4.901061,2001,,United Kingdom of Great Britain and Northern Ireland,HUMAN_OBSERVATION
51.615911,-3.928874,2003,9,United Kingdom of Great Britain and Northern Ireland,HUMAN_OBSERVATION
51.615958,-3.925987,2005,1,United Kingdom of Great Britain and Northern Ireland,HUMAN_OBSERVATION
51.615958,-3.925987,2005,1,United Kingdom of Great Britain and Northern Ireland,HUMAN_OBSERVATION
51.616087,-3.928549,2003,9,United Kingdom of Great Britain and Northern Ireland,HUMAN_OBSERVATION
51.616373,-3.896653,2003,9,United Kingdom of Great Britain and Northern Ireland,HUMAN_OBSERVATION
51.616398,-4.962508,,,United Kingdom of Great Britain and Northern Ireland,HUMAN_OBSERVATION
51.616429,-3.897117,2003,9,United Kingdom of Great Britain and Northern Ireland,HUMAN_OBSERVATION
51.616615,-3.885569,2003,9,United Kingdom of Great Britain and Northern Ireland,HUMAN_OBSERVATION
51.616615,-3.885569,2003,9,United Kingdom of Great Britain and Northern Ireland,HUMAN_OBSERVATION
51.616874,-3.885681,2003,9,United Kingdom of Great Britain and Northern Ireland,HUMAN_OBSERVATION
51.617027,-3.885673,2003,9,United Kingdom of Great Britain and Northern Ireland,HUMAN_OBSERVATION
51.617166,-3.850924,2003,9,United Kingdom of Great Britain and Northern Ireland,HUMAN_OBSERVATION
51.617334,-3.875458,2003,9,United Kingdom of Great Britain and Northern Ireland,HUMAN_OBSERVATION
51.617416,-3.850515,2003,9,United Kingdom of Great Britain and Northern Ireland,HUMAN_OBSERVATION
51.617675,-3.875501,2003,9,United Kingdom of Great Britain and Northern Ireland,HUMAN_OBSERVATION
51.6177,-3.931508,2014,7,United Kingdom of Great Britain and Northern Ireland,HUMAN_OBSERVATION
51.618088,-3.849517,2003,9,United Kingdom of Great Britain and Northern Ireland,HUMAN_OBSERVATION
51.618327,-3.849151,2003,9,United Kingdom of Great Britain and Northern Ireland,HUMAN_OBSERVATION
51.618761,-3.89356,2003,9,United Kingdom of Great Britain and Northern Ireland,HUMAN_OBSERVATION
51.619052,-5.043383,2013,9,United Kingdom of Great Britain and Northern Ireland,HUMAN_OBSERVATION
51.619077,-3.843779,2003,9,United Kingdom of Great Britain and Northern Ireland,HUMAN_OBSERVATION
51.619195,-3.892899,2003,9,United Kingdom of Great Britain and Northern Ireland,HUMAN_OBSERVATION
51.619245,-5.042182,2009,8,United Kingdom of Great Britain and Northern Ireland,HUMAN_OBSERVATION
51.619277,-4.90129,2001,,United Kingdom of Great Britain and Northern Ireland,HUMAN_OBSERVATION
51.619277,-4.90129,2001,,United Kingdom of Great Britain and Northern Ireland,HUMAN_OBSERVATION
51.619287,-5.042885,2013,9,United Kingdom of Great Britain and Northern Ireland,HUMAN_OBSERVATION
51.619325,-5.041442,2009,8,United Kingdom of Great Britain and Northern Ireland,HUMAN_OBSERVATION
51.61941,-3.843792,2003,9,United Kingdom of Great Britain and Northern Ireland,HUMAN_OBSERVATION
51.619916,-3.845908,2003,9,United Kingdom of Great Britain and Northern Ireland,HUMAN_OBSERVATION
51.619952,-4.818256,,,United Kingdom of Great Britain and Northern Ireland,HUMAN_OBSERVATION
51.619952,-4.818256,,,United Kingdom of Great Britain and Northern Ireland,HUMAN_OBSERVATION
51.619952,-4.818256,,,United Kingdom of Great Britain and Northern Ireland,HUMAN_OBSERVATION
51.619953,-3.845259,2003,9,United Kingdom of Great Britain and Northern Ireland,HUMAN_OBSERVATION
51.620175,-4.901348,1991,1,United Kingdom of Great Britain and Northern Ireland,HUMAN_OBSERVATION
51.620333,-4.900419,2000,9,United Kingdom of Great Britain and Northern Ireland,HUMAN_OBSERVATION
51.620333,-4.900419,2000,9,United Kingdom of Great Britain and Northern Ireland,HUMAN_OBSERVATION
51.620401,-3.845407,2003,9,United Kingdom of Great Britain and Northern Ireland,HUMAN_OBSERVATION
51.620735,-4.213444,2000,,United Kingdom of Great Britain and Northern Ireland,HUMAN_OBSERVATION
51.620776,-4.213677,2000,,United Kingdom of Great Britain and Northern Ireland,HUMAN_OBSERVATION
51.620812,-3.840411,2004,,United Kingdom of Great Britain and Northern Ireland,HUMAN_OBSERVATION
51.620852,-3.845296,2003,9,United Kingdom of Great Britain and Northern Ireland,HUMAN_OBSERVATION
51.62092,-3.840964,2004,,United Kingdom of Great Britain and Northern Ireland,HUMAN_OBSERVATION
51.62166,-3.851107,2003,9,United Kingdom of Great Britain and Northern Ireland,HUMAN_OBSERVATION
51.621819,-3.841001,2004,,United Kingdom of Great Britain and Northern Ireland,HUMAN_OBSERVATION
51.621821,-3.851706,2003,9,United Kingdom of Great Britain and Northern Ireland,HUMAN_OBSERVATION
51.621946,-3.840356,2004,,United Kingdom of Great Britain and Northern Ireland,HUMAN_OBSERVATION
51.622509,-4.897884,2001,,United Kingdom of Great Britain and Northern Ireland,HUMAN_OBSERVATION
51.622509,-4.897884,2001,,United Kingdom of Great Britain and Northern Ireland,HUMAN_OBSERVATION
51.622509,-4.897884,2001,,United Kingdom of Great Britain and Northern Ireland,HUMAN_OBSERVATION
51.622509,-4.897884,2001,,United Kingdom of Great Britain and Northern Ireland,HUMAN_OBSERVATION
51.624151,-4.225399,2000,,United Kingdom of Great Britain and Northern Ireland,HUMAN_OBSERVATION
51.62442,-4.225441,2000,,United Kingdom of Great Britain and Northern Ireland,HUMAN_OBSERVATION
51.62465,-3.832447,2004,,United Kingdom of Great Britain and Northern Ireland,HUMAN_OBSERVATION
51.624688,-3.832333,2004,,United Kingdom of Great Britain and Northern Ireland,HUMAN_OBSERVATION
51.624695,0.808531,2009,11,United Kingdom of Great Britain and Northern Ireland,HUMAN_OBSERVATION
51.626055,-3.828892,2004,,United Kingdom of Great Britain and Northern Ireland,HUMAN_OBSERVATION
51.626101,-3.832809,2004,,United Kingdom of Great Britain and Northern Ireland,HUMAN_OBSERVATION
51.626197,-3.831874,2004,,United Kingdom of Great Britain and Northern Ireland,HUMAN_OBSERVATION
51.626197,-3.831874,2004,,United Kingdom of Great Britain and Northern Ireland,HUMAN_OBSERVATION
51.626448,-3.83252,2004,,United Kingdom of Great Britain and Northern Ireland,HUMAN_OBSERVATION
51.626448,-3.83252,2004,,United Kingdom of Great Britain and Northern Ireland,HUMAN_OBSERVATION
51.628065,-4.255934,,,United Kingdom of Great Britain and Northern Ireland,HUMAN_OBSERVATION
51.63,3.69,2017,1,Netherlands,HUMAN_OBSERVATION
51.63,3.69,2016,7,Netherlands,HUMAN_OBSERVATION
51.63,3.69,2015,1,Netherlands,HUMAN_OBSERVATION
51.63,3.69,2015,8,Netherlands,HUMAN_OBSERVATION
51.63,3.69,2009,11,Netherlands,HUMAN_OBSERVATION
51.63,3.89,1950,11,Netherlands,HUMAN_OBSERVATION
51.63,3.898,2014,5,Netherlands,HUMAN_OBSERVATION
51.630042,-3.832664,2004,,United Kingdom of Great Britain and Northern Ireland,HUMAN_OBSERVATION
51.630065,-3.832333,2004,,United Kingdom of Great Britain and Northern Ireland,HUMAN_OBSERVATION
51.630409,-4.179466,2000,,United Kingdom of Great Britain and Northern Ireland,HUMAN_OBSERVATION
51.630422,-4.178788,2000,,United Kingdom of Great Britain and Northern Ireland,HUMAN_OBSERVATION
51.630463,-4.176579,2000,,United Kingdom of Great Britain and Northern Ireland,HUMAN_OBSERVATION
51.630747,-4.18597,2000,,United Kingdom of Great Britain and Northern Ireland,HUMAN_OBSERVATION
51.630833,-4.176033,2000,,United Kingdom of Great Britain and Northern Ireland,HUMAN_OBSERVATION
51.630941,-3.832701,2004,,United Kingdom of Great Britain and Northern Ireland,HUMAN_OBSERVATION
51.6312,-4.185284,2000,,United Kingdom of Great Britain and Northern Ireland,HUMAN_OBSERVATION
51.631207,-3.832914,2004,,United Kingdom of Great Britain and Northern Ireland,HUMAN_OBSERVATION
51.631233,0.779093,2005,4,United Kingdom of Great Britain and Northern Ireland,HUMAN_OBSERVATION
51.631237,0.77931,2005,4,United Kingdom of Great Britain and Northern Ireland,HUMAN_OBSERVATION
51.631237,0.77931,2005,4,United Kingdom of Great Britain and Northern Ireland,HUMAN_OBSERVATION
51.631237,0.77931,2005,4,United Kingdom of Great Britain and Northern Ireland,HUMAN_OBSERVATION
51.631742,0.640606,2005,4,United Kingdom of Great Britain and Northern Ireland,HUMAN_OBSERVATION
51.631742,0.640606,2005,4,United Kingdom of Great Britain and Northern Ireland,HUMAN_OBSERVATION
51.631742,0.640606,2005,4,United Kingdom of Great Britain and Northern Ireland,HUMAN_OBSERVATION
51.632065,0.640653,2005,4,United Kingdom of Great Britain and Northern Ireland,HUMAN_OBSERVATION
51.632278,-4.208413,2000,,United Kingdom of Great Britain and Northern Ireland,HUMAN_OBSERVATION
51.632398,-4.240976,2000,5,United Kingdom of Great Britain and Northern Ireland,HUMAN_OBSERVATION
51.632398,-4.240976,2000,,United Kingdom of Great Britain and Northern Ireland,HUMAN_OBSERVATION
51.632398,-4.240976,,,United Kingdom of Great Britain and Northern Ireland,HUMAN_OBSERVATION
51.632398,-4.240976,,,United Kingdom of Great Britain and Northern Ireland,HUMAN_OBSERVATION
51.6324,-3.831965,2004,,United Kingdom of Great Britain and Northern Ireland,HUMAN_OBSERVATION
51.632474,-4.260488,2000,,United Kingdom of Great Britain and Northern Ireland,HUMAN_OBSERVATION
51.632565,-4.208471,2000,,United Kingdom of Great Britain and Northern Ireland,HUMAN_OBSERVATION
51.632761,-3.831329,2004,,United Kingdom of Great Britain and Northern Ireland,HUMAN_OBSERVATION
51.633,3.691,2017,2,Netherlands,HUMAN_OBSERVATION
51.633,3.691,2017,2,Netherlands,HUMAN_OBSERVATION
51.633,3.691,2016,6,Netherlands,HUMAN_OBSERVATION
51.633,3.691,2016,8,Netherlands,HUMAN_OBSERVATION
51.633,3.691,2016,9,Netherlands,HUMAN_OBSERVATION
51.633468,-4.232382,2004,9,United Kingdom of Great Britain and Northern Ireland,HUMAN_OBSERVATION
51.634052,-4.189418,2004,9,United Kingdom of Great Britain and Northern Ireland,HUMAN_OBSERVATION
51.634066,-4.188696,2004,9,United Kingdom of Great Britain and Northern Ireland,HUMAN_OBSERVATION
51.634077,-4.187613,2004,9,United Kingdom of Great Britain and Northern Ireland,HUMAN_OBSERVATION
51.63411,-4.173863,2000,,United Kingdom of Great Britain and Northern Ireland,HUMAN_OBSERVATION
51.634145,-4.174428,2000,,United Kingdom of Great Britain and Northern Ireland,HUMAN_OBSERVATION
51.634924,-4.190905,2004,9,United Kingdom of Great Britain and Northern Ireland,HUMAN_OBSERVATION
51.634931,-4.190544,2004,9,United Kingdom of Great Britain and Northern Ireland,HUMAN_OBSERVATION
51.634937,-4.190183,2004,9,United Kingdom of Great Britain and Northern Ireland,HUMAN_OBSERVATION
51.634951,-4.189461,2004,9,United Kingdom of Great Britain and Northern Ireland,HUMAN_OBSERVATION
51.634978,-4.188018,2004,9,United Kingdom of Great Britain and Northern Ireland,HUMAN_OBSERVATION
51.635473,-4.232842,2004,9,United Kingdom of Great Britain and Northern Ireland,HUMAN_OBSERVATION
51.635705,0.700425,2017,3,United Kingdom of Great Britain and Northern Ireland,HUMAN_OBSERVATION
51.635743,0.662517,2012,6,United Kingdom of Great Britain and Northern Ireland,HUMAN_OBSERVATION
51.635863,-4.188783,2004,9,United Kingdom of Great Britain and Northern Ireland,HUMAN_OBSERVATION
51.636258,-4.233334,2000,,United Kingdom of Great Britain and Northern Ireland,HUMAN_OBSERVATION
51.636402,-4.19565,2000,,United Kingdom of Great Britain and Northern Ireland,HUMAN_OBSERVATION
51.636593,-4.233235,2000,,United Kingdom of Great Britain and Northern Ireland,HUMAN_OBSERVATION
51.636765,-4.195032,2000,,United Kingdom of Great Britain and Northern Ireland,HUMAN_OBSERVATION
51.636775,-4.188104,2004,9,United Kingdom of Great Britain and Northern Ireland,HUMAN_OBSERVATION
51.636806,-4.173992,2000,,United Kingdom of Great Britain and Northern Ireland,HUMAN_OBSERVATION
51.636815,-4.233703,2004,9,United Kingdom of Great Britain and Northern Ireland,HUMAN_OBSERVATION
51.636937,-4.174172,2000,,United Kingdom of Great Britain and Northern Ireland,HUMAN_OBSERVATION
51.6371,-3.831041,2004,,United Kingdom of Great Britain and Northern Ireland,HUMAN_OBSERVATION
51.637254,-3.83151,2004,,United Kingdom of Great Britain and Northern Ireland,HUMAN_OBSERVATION
51.637537,-4.701551,1988,6,United Kingdom of Great Britain and Northern Ireland,HUMAN_OBSERVATION
51.637557,-3.952192,2003,9,United Kingdom of Great Britain and Northern Ireland,HUMAN_OBSERVATION
51.637871,-4.189602,2004,9,United Kingdom of Great Britain and Northern Ireland,HUMAN_OBSERVATION
51.638108,-3.834435,2004,,United Kingdom of Great Britain and Northern Ireland,HUMAN_OBSERVATION
51.63812,-3.83419,2004,,United Kingdom of Great Britain and Northern Ireland,HUMAN_OBSERVATION
51.638727,-4.189649,2000,,United Kingdom of Great Britain and Northern Ireland,HUMAN_OBSERVATION
51.638946,-4.139727,2000,,United Kingdom of Great Britain and Northern Ireland,HUMAN_OBSERVATION
51.639187,-4.14231,2000,,United Kingdom of Great Britain and Northern Ireland,HUMAN_OBSERVATION
51.639239,-4.139422,2000,,United Kingdom of Great Britain and Northern Ireland,HUMAN_OBSERVATION
51.639312,-4.142331,2000,,United Kingdom of Great Britain and Northern Ireland,HUMAN_OBSERVATION
51.639835,-4.250733,2005,8,United Kingdom of Great Britain and Northern Ireland,HUMAN_OBSERVATION
51.640112,-4.251787,2004,9,United Kingdom of Great Britain and Northern Ireland,HUMAN_OBSERVATION
51.640112,-4.251787,2004,9,United Kingdom of Great Britain and Northern Ireland,HUMAN_OBSERVATION
51.640398,-4.694494,2000,9,United Kingdom of Great Britain and Northern Ireland,HUMAN_OBSERVATION
51.640398,-4.694494,2000,9,United Kingdom of Great Britain and Northern Ireland,HUMAN_OBSERVATION
51.640566,-4.251521,2004,9,United Kingdom of Great Britain and Northern Ireland,HUMAN_OBSERVATION
51.640631,-4.703903,2001,,United Kingdom of Great Britain and Northern Ireland,HUMAN_OBSERVATION
51.640631,-4.703903,2001,,United Kingdom of Great Britain and Northern Ireland,HUMAN_OBSERVATION
51.641668,-4.158883,2009,9,United Kingdom of Great Britain and Northern Ireland,HUMAN_OBSERVATION
51.641686,-4.158884,2011,9,United Kingdom of Great Britain and Northern Ireland,HUMAN_OBSERVATION
51.641695,-4.158856,2010,8,United Kingdom of Great Britain and Northern Ireland,HUMAN_OBSERVATION
51.641739,3.70759,2015,7,Netherlands,HUMAN_OBSERVATION
51.64175,-4.682788,2010,7,United Kingdom of Great Britain and Northern Ireland,HUMAN_OBSERVATION
51.641823,-4.254579,,,United Kingdom of Great Britain and Northern Ireland,HUMAN_OBSERVATION
51.641826,-4.137607,2000,,United Kingdom of Great Britain and Northern Ireland,HUMAN_OBSERVATION
51.641961,-4.138105,2000,,United Kingdom of Great Britain and Northern Ireland,HUMAN_OBSERVATION
51.642354,-4.156271,2010,8,United Kingdom of Great Britain and Northern Ireland,HUMAN_OBSERVATION
51.642363,-4.156286,2011,9,United Kingdom of Great Britain and Northern Ireland,HUMAN_OBSERVATION
51.642389,-4.156359,2009,9,United Kingdom of Great Britain and Northern Ireland,HUMAN_OBSERVATION
51.642389,-4.156359,2008,9,United Kingdom of Great Britain and Northern Ireland,HUMAN_OBSERVATION
51.642389,-4.156359,2005,8,United Kingdom of Great Britain and Northern Ireland,HUMAN_OBSERVATION
51.642392,-4.685939,1988,6,United Kingdom of Great Britain and Northern Ireland,HUMAN_OBSERVATION
51.642495,-4.25376,,,United Kingdom of Great Britain and Northern Ireland,HUMAN_OBSERVATION
51.64276,-4.709089,1988,6,United Kingdom of Great Britain and Northern Ireland,HUMAN_OBSERVATION
51.642893,-4.703315,1978,9,United Kingdom of Great Britain and Northern Ireland,HUMAN_OBSERVATION
51.642959,-4.700428,1978,9,United Kingdom of Great Britain and Northern Ireland,HUMAN_OBSERVATION
51.643434,-4.106376,2000,,United Kingdom of Great Britain and Northern Ireland,HUMAN_OBSERVATION
51.64346,-4.104932,2000,,United Kingdom of Great Britain and Northern Ireland,HUMAN_OBSERVATION
51.643486,-4.103488,2000,,United Kingdom of Great Britain and Northern Ireland,HUMAN_OBSERVATION
51.643505,-4.106423,2000,,United Kingdom of Great Britain and Northern Ireland,HUMAN_OBSERVATION
51.643509,-4.104226,2000,,United Kingdom of Great Britain and Northern Ireland,HUMAN_OBSERVATION
51.643513,-4.134883,2000,,United Kingdom of Great Britain and Northern Ireland,HUMAN_OBSERVATION
51.643596,-4.103869,2000,,United Kingdom of Great Britain and Northern Ireland,HUMAN_OBSERVATION
51.643811,-4.135301,2000,,United Kingdom of Great Britain and Northern Ireland,HUMAN_OBSERVATION
51.643941,-4.811794,,,United Kingdom of Great Britain and Northern Ireland,HUMAN_OBSERVATION
51.643941,-4.811794,,,United Kingdom of Great Britain and Northern Ireland,HUMAN_OBSERVATION
51.644347,-4.250961,,,United Kingdom of Great Britain and Northern Ireland,HUMAN_OBSERVATION
51.644551,-4.144009,2000,,United Kingdom of Great Britain and Northern Ireland,HUMAN_OBSERVATION
51.644738,-4.144119,2000,,United Kingdom of Great Britain and Northern Ireland,HUMAN_OBSERVATION
51.645246,-4.251005,,,United Kingdom of Great Britain and Northern Ireland,HUMAN_OBSERVATION
51.645618,-4.682516,2000,9,United Kingdom of Great Britain and Northern Ireland,HUMAN_OBSERVATION
51.645618,-4.682516,2000,9,United Kingdom of Great Britain and Northern Ireland,HUMAN_OBSERVATION
51.645632,-4.254663,2004,9,United Kingdom of Great Britain and Northern Ireland,HUMAN_OBSERVATION
51.64566,-4.253218,2004,9,United Kingdom of Great Britain and Northern Ireland,HUMAN_OBSERVATION
51.645715,-4.25033,2004,9,United Kingdom of Great Britain and Northern Ireland,HUMAN_OBSERVATION
51.645737,-4.248862,,,United Kingdom of Great Britain and Northern Ireland,HUMAN_OBSERVATION
51.645743,-4.248886,2004,9,United Kingdom of Great Britain and Northern Ireland,HUMAN_OBSERVATION
51.64653,-4.254707,2004,9,United Kingdom of Great Britain and Northern Ireland,HUMAN_OBSERVATION
51.646558,-4.253263,2004,9,United Kingdom of Great Britain and Northern Ireland,HUMAN_OBSERVATION
51.646585,-4.227944,2000,6,United Kingdom of Great Britain and Northern Ireland,HUMAN_OBSERVATION
51.646586,-4.251819,2004,9,United Kingdom of Great Britain and Northern Ireland,HUMAN_OBSERVATION
51.646614,-4.250375,2004,9,United Kingdom of Great Britain and Northern Ireland,HUMAN_OBSERVATION
51.646641,-4.24893,2004,9,United Kingdom of Great Britain and Northern Ireland,HUMAN_OBSERVATION
51.646812,-4.227362,2000,6,United Kingdom of Great Britain and Northern Ireland,HUMAN_OBSERVATION
51.646987,-4.253983,,,United Kingdom of Great Britain and Northern Ireland,HUMAN_OBSERVATION
51.647005,-4.758494,2011,6,United Kingdom of Great Britain and Northern Ireland,HUMAN_OBSERVATION
51.647141,-4.149913,1988,4,United Kingdom of Great Britain and Northern Ireland,HUMAN_OBSERVATION
51.647374,-4.233765,2000,,United Kingdom of Great Britain and Northern Ireland,HUMAN_OBSERVATION
51.647429,-4.254752,2004,9,United Kingdom of Great Britain and Northern Ireland,HUMAN_OBSERVATION
51.647457,-4.253308,2004,9,United Kingdom of Great Britain and Northern Ireland,HUMAN_OBSERVATION
51.647484,-4.251863,2004,9,United Kingdom of Great Britain and Northern Ireland,HUMAN_OBSERVATION
51.647512,-4.250419,2004,9,United Kingdom of Great Britain and Northern Ireland,HUMAN_OBSERVATION
51.64754,-4.248975,2004,9,United Kingdom of Great Britain and Northern Ireland,HUMAN_OBSERVATION
51.648327,-4.254796,2004,9,United Kingdom of Great Britain and Northern Ireland,HUMAN_OBSERVATION
51.648355,-4.253352,2004,9,United Kingdom of Great Britain and Northern Ireland,HUMAN_OBSERVATION
51.648383,-4.251908,2004,9,United Kingdom of Great Britain and Northern Ireland,HUMAN_OBSERVATION
51.64841,-4.250464,2004,9,United Kingdom of Great Britain and Northern Ireland,HUMAN_OBSERVATION
51.648438,-4.249019,2004,9,United Kingdom of Great Britain and Northern Ireland,HUMAN_OBSERVATION
51.648867,-4.249739,,,United Kingdom of Great Britain and Northern Ireland,HUMAN_OBSERVATION
51.648895,-4.248295,,,United Kingdom of Great Britain and Northern Ireland,HUMAN_OBSERVATION
51.648978,-4.243962,2000,6,United Kingdom of Great Britain and Northern Ireland,HUMAN_OBSERVATION
51.649044,-4.243315,2000,6,United Kingdom of Great Britain and Northern Ireland,HUMAN_OBSERVATION
51.649253,-4.253397,2004,9,United Kingdom of Great Britain and Northern Ireland,HUMAN_OBSERVATION
51.649309,-4.250508,2004,9,United Kingdom of Great Britain and Northern Ireland,HUMAN_OBSERVATION
51.649337,-4.249064,2004,9,United Kingdom of Great Britain and Northern Ireland,HUMAN_OBSERVATION
51.649364,-4.24762,2004,9,United Kingdom of Great Britain and Northern Ireland,HUMAN_OBSERVATION
51.649508,-4.252894,,,United Kingdom of Great Britain and Northern Ireland,HUMAN_OBSERVATION
51.649703,-4.253419,2004,9,United Kingdom of Great Britain and Northern Ireland,HUMAN_OBSERVATION
51.65,3.65,2015,7,Netherlands,HUMAN_OBSERVATION
51.65,3.7,2024,3,Netherlands,HUMAN_OBSERVATION
51.65,3.7,2012,8,Netherlands,HUMAN_OBSERVATION
51.65,3.75,2024,2,Netherlands,HUMAN_OBSERVATION
51.65,4.05,2021,5,Netherlands,HUMAN_OBSERVATION
51.650207,-4.250553,2004,9,United Kingdom of Great Britain and Northern Ireland,HUMAN_OBSERVATION
51.650235,-4.249108,2004,9,United Kingdom of Great Britain and Northern Ireland,HUMAN_OBSERVATION
51.650263,-4.247664,2004,9,United Kingdom of Great Britain and Northern Ireland,HUMAN_OBSERVATION
51.650367,-4.241863,,,United Kingdom of Great Britain and Northern Ireland,HUMAN_OBSERVATION
51.650431,-4.247894,,,United Kingdom of Great Britain and Northern Ireland,HUMAN_OBSERVATION
51.65105,-4.253486,2004,9,United Kingdom of Great Britain and Northern Ireland,HUMAN_OBSERVATION
51.651106,-4.250597,2004,9,United Kingdom of Great Britain and Northern Ireland,HUMAN_OBSERVATION
51.651133,-4.249153,2004,9,United Kingdom of Great Britain and Northern Ireland,HUMAN_OBSERVATION
51.651161,-4.247708,2004,9,United Kingdom of Great Britain and Northern Ireland,HUMAN_OBSERVATION
51.651262,-4.151727,,,United Kingdom of Great Britain and Northern Ireland,HUMAN_OBSERVATION
51.651262,-4.151727,,,United Kingdom of Great Britain and Northern Ireland,HUMAN_OBSERVATION
51.651343,-4.249573,,,United Kingdom of Great Britain and Northern Ireland,HUMAN_OBSERVATION
51.651535,-4.251317,,,United Kingdom of Great Britain and Northern Ireland,HUMAN_OBSERVATION
51.651563,-4.249873,,,United Kingdom of Great Britain and Northern Ireland,HUMAN_OBSERVATION
51.651565,-3.836424,2004,,United Kingdom of Great Britain and Northern Ireland,HUMAN_OBSERVATION
51.65159,-4.248429,,,United Kingdom of Great Britain and Northern Ireland,HUMAN_OBSERVATION
51.651607,-4.15157,1988,4,United Kingdom of Great Britain and Northern Ireland,HUMAN_OBSERVATION
51.651607,-4.15157,1988,4,United Kingdom of Great Britain and Northern Ireland,HUMAN_OBSERVATION
51.651607,-4.15157,,,United Kingdom of Great Britain and Northern Ireland,HUMAN_OBSERVATION
51.651607,-4.15157,,,United Kingdom of Great Britain and Northern Ireland,HUMAN_OBSERVATION
51.651719,-3.835794,2004,,United Kingdom of Great Britain and Northern Ireland,HUMAN_OBSERVATION
51.651908,-4.253403,,,United Kingdom of Great Britain and Northern Ireland,HUMAN_OBSERVATION
51.651963,-4.252808,2004,9,United Kingdom of Great Britain and Northern Ireland,HUMAN_OBSERVATION
51.652004,-4.250642,2004,9,United Kingdom of Great Britain and Northern Ireland,HUMAN_OBSERVATION
51.652032,-4.249197,2004,9,United Kingdom of Great Britain and Northern Ireland,HUMAN_OBSERVATION
51.65206,-4.247753,2004,9,United Kingdom of Great Britain and Northern Ireland,HUMAN_OBSERVATION
51.652123,-9.788903,,,Ireland,HUMAN_OBSERVATION
51.652433,-4.251362,,,United Kingdom of Great Britain and Northern Ireland,HUMAN_OBSERVATION
51.652517,-4.126314,2000,5,United Kingdom of Great Britain and Northern Ireland,HUMAN_OBSERVATION
51.652544,-4.245584,2000,6,United Kingdom of Great Britain and Northern Ireland,HUMAN_OBSERVATION
51.652577,-4.135858,2000,5,United Kingdom of Great Britain and Northern Ireland,HUMAN_OBSERVATION
51.652577,-4.135858,2000,5,United Kingdom of Great Britain and Northern Ireland,HUMAN_OBSERVATION
51.652647,-4.244881,2000,6,United Kingdom of Great Britain and Northern Ireland,HUMAN_OBSERVATION
51.652927,-4.755239,2000,7,United Kingdom of Great Britain and Northern Ireland,HUMAN_OBSERVATION
51.652927,-4.755239,2000,7,United Kingdom of Great Britain and Northern Ireland,HUMAN_OBSERVATION
51.653536,-4.144433,2000,5,United Kingdom of Great Britain and Northern Ireland,HUMAN_OBSERVATION
51.653536,-4.144433,2000,5,United Kingdom of Great Britain and Northern Ireland,HUMAN_OBSERVATION
51.653589,-4.141544,2009,9,United Kingdom of Great Britain and Northern Ireland,HUMAN_OBSERVATION
51.653608,-4.140859,2009,9,United Kingdom of Great Britain and Northern Ireland,HUMAN_OBSERVATION
51.653615,-4.1401,2009,9,United Kingdom of Great Britain and Northern Ireland,HUMAN_OBSERVATION
51.653634,-4.139414,2009,9,United Kingdom of Great Britain and Northern Ireland,HUMAN_OBSERVATION
51.653898,-4.144811,2000,5,United Kingdom of Great Britain and Northern Ireland,HUMAN_OBSERVATION
51.653898,-4.144811,2000,5,United Kingdom of Great Britain and Northern Ireland,HUMAN_OBSERVATION
51.654258,-4.250006,,,United Kingdom of Great Britain and Northern Ireland,HUMAN_OBSERVATION
51.654355,-4.148809,,,United Kingdom of Great Britain and Northern Ireland,HUMAN_OBSERVATION
51.654355,-4.148809,,,United Kingdom of Great Britain and Northern Ireland,HUMAN_OBSERVATION
51.654396,-5.058974,2015,7,United Kingdom of Great Britain and Northern Ireland,HUMAN_OBSERVATION
51.654396,-5.058974,2015,7,United Kingdom of Great Britain and Northern Ireland,HUMAN_OBSERVATION
51.654453,-3.820739,2004,,United Kingdom of Great Britain and Northern Ireland,HUMAN_OBSERVATION
51.654509,-3.82064,2004,,United Kingdom of Great Britain and Northern Ireland,HUMAN_OBSERVATION
51.654665,-4.148115,,,United Kingdom of Great Britain and Northern Ireland,HUMAN_OBSERVATION
51.654665,-4.148115,,,United Kingdom of Great Britain and Northern Ireland,HUMAN_OBSERVATION
51.654721,-4.249306,1988,4,United Kingdom of Great Britain and Northern Ireland,HUMAN_OBSERVATION
51.654721,-4.249306,1988,4,United Kingdom of Great Britain and Northern Ireland,HUMAN_OBSERVATION
51.654721,-4.249306,1988,4,United Kingdom of Great Britain and Northern Ireland,HUMAN_OBSERVATION
51.654721,-4.249306,,,United Kingdom of Great Britain and Northern Ireland,HUMAN_OBSERVATION
51.654751,-5.062613,1978,9,United Kingdom of Great Britain and Northern Ireland,HUMAN_OBSERVATION
51.654751,-5.062613,1978,9,United Kingdom of Great Britain and Northern Ireland,HUMAN_OBSERVATION
51.654969,-4.1402,2009,9,United Kingdom of Great Britain and Northern Ireland,HUMAN_OBSERVATION
51.654982,-4.139478,2009,9,United Kingdom of Great Britain and Northern Ireland,HUMAN_OBSERVATION
51.655073,-4.254384,,,United Kingdom of Great Britain and Northern Ireland,HUMAN_OBSERVATION
51.6552,-4.715615,,,United Kingdom of Great Britain and Northern Ireland,HUMAN_OBSERVATION
51.6552,-4.715615,,,United Kingdom of Great Britain and Northern Ireland,HUMAN_OBSERVATION
51.655412,-4.140184,2009,9,United Kingdom of Great Britain and Northern Ireland,HUMAN_OBSERVATION
51.655412,-4.140184,2009,9,United Kingdom of Great Britain and Northern Ireland,HUMAN_OBSERVATION
51.655518,-4.134406,2009,9,United Kingdom of Great Britain and Northern Ireland,HUMAN_OBSERVATION
51.655527,-4.13372,2009,9,United Kingdom of Great Britain and Northern Ireland,HUMAN_OBSERVATION
51.655558,-2.568775,2003,4,United Kingdom of Great Britain and Northern Ireland,HUMAN_OBSERVATION
51.655854,-4.140965,2009,9,United Kingdom of Great Britain and Northern Ireland,HUMAN_OBSERVATION
51.655894,-4.138783,2009,9,United Kingdom of Great Britain and Northern Ireland,HUMAN_OBSERVATION
51.655906,-4.138075,2009,9,United Kingdom of Great Britain and Northern Ireland,HUMAN_OBSERVATION
51.655985,-4.133742,2009,9,United Kingdom of Great Britain and Northern Ireland,HUMAN_OBSERVATION
51.655999,-4.133005,2009,9,United Kingdom of Great Britain and Northern Ireland,HUMAN_OBSERVATION
51.656012,-4.132283,2009,9,United Kingdom of Great Britain and Northern Ireland,HUMAN_OBSERVATION
51.656025,-4.131575,2009,9,United Kingdom of Great Britain and Northern Ireland,HUMAN_OBSERVATION
51.656038,-4.130853,2009,9,United Kingdom of Great Britain and Northern Ireland,HUMAN_OBSERVATION
51.65605,-4.135805,2000,5,United Kingdom of Great Britain and Northern Ireland,HUMAN_OBSERVATION
51.65605,-4.135805,2000,5,United Kingdom of Great Britain and Northern Ireland,HUMAN_OBSERVATION
51.656284,-4.141671,2009,9,United Kingdom of Great Britain and Northern Ireland,HUMAN_OBSERVATION
51.656311,-4.140227,2018,9,United Kingdom of Great Britain and Northern Ireland,HUMAN_OBSERVATION
51.656334,-4.138804,2009,9,United Kingdom of Great Britain and Northern Ireland,HUMAN_OBSERVATION
51.656337,-4.138782,2009,9,United Kingdom of Great Britain and Northern Ireland,HUMAN_OBSERVATION
51.656337,-4.138782,2009,9,United Kingdom of Great Britain and Northern Ireland,HUMAN_OBSERVATION
51.656337,-4.138782,2009,9,United Kingdom of Great Britain and Northern Ireland,HUMAN_OBSERVATION
51.65636,-4.137374,2009,9,United Kingdom of Great Britain and Northern Ireland,HUMAN_OBSERVATION
51.656363,-4.137337,2009,9,United Kingdom of Great Britain and Northern Ireland,HUMAN_OBSERVATION
51.65639,-4.135893,2000,5,United Kingdom of Great Britain and Northern Ireland,HUMAN_OBSERVATION
51.65639,-4.135893,2000,5,United Kingdom of Great Britain and Northern Ireland,HUMAN_OBSERVATION
51.656416,-4.134448,2009,9,United Kingdom of Great Britain and Northern Ireland,HUMAN_OBSERVATION
51.656416,-4.134448,2009,9,United Kingdom of Great Britain and Northern Ireland,HUMAN_OBSERVATION
51.656426,-4.133762,2009,9,United Kingdom of Great Britain and Northern Ireland,HUMAN_OBSERVATION
51.656442,-4.133004,2009,9,United Kingdom of Great Britain and Northern Ireland,HUMAN_OBSERVATION
51.656469,-4.131559,2009,9,United Kingdom of Great Britain and Northern Ireland,HUMAN_OBSERVATION
51.656469,-4.131559,2009,9,United Kingdom of Great Britain and Northern Ireland,HUMAN_OBSERVATION
51.656469,-4.131559,2009,9,United Kingdom of Great Britain and Northern Ireland,HUMAN_OBSERVATION
51.656469,-4.131559,2009,9,United Kingdom of Great Britain and Northern Ireland,HUMAN_OBSERVATION
51.656478,-4.130873,2009,9,United Kingdom of Great Britain and Northern Ireland,HUMAN_OBSERVATION
51.65649,-4.073613,2000,,United Kingdom of Great Britain and Northern Ireland,HUMAN_OBSERVATION
51.6565,-4.074105,2000,,United Kingdom of Great Britain and Northern Ireland,HUMAN_OBSERVATION
51.656504,-4.129414,2009,9,United Kingdom of Great Britain and Northern Ireland,HUMAN_OBSERVATION
51.656521,-4.12867,2009,9,United Kingdom of Great Britain and Northern Ireland,HUMAN_OBSERVATION
51.656605,-4.073734,2000,,United Kingdom of Great Britain and Northern Ireland,HUMAN_OBSERVATION
51.656605,-4.073734,2000,,United Kingdom of Great Britain and Northern Ireland,HUMAN_OBSERVATION
51.656779,-4.139562,2009,9,United Kingdom of Great Britain and Northern Ireland,HUMAN_OBSERVATION
51.656818,-4.137395,2009,9,United Kingdom of Great Britain and Northern Ireland,HUMAN_OBSERVATION
51.656897,-4.133047,2009,9,United Kingdom of Great Britain and Northern Ireland,HUMAN_OBSERVATION
51.65691,-4.132325,2009,9,United Kingdom of Great Britain and Northern Ireland,HUMAN_OBSERVATION
51.656923,-4.131617,2009,9,United Kingdom of Great Britain and Northern Ireland,HUMAN_OBSERVATION
51.657041,-4.125116,2009,9,United Kingdom of Great Britain and Northern Ireland,HUMAN_OBSERVATION
51.657209,-4.140269,2009,9,United Kingdom of Great Britain and Northern Ireland,HUMAN_OBSERVATION
51.657227,-3.819304,2004,,United Kingdom of Great Britain and Northern Ireland,HUMAN_OBSERVATION
51.657253,-3.81997,2004,,United Kingdom of Great Britain and Northern Ireland,HUMAN_OBSERVATION
51.657262,-4.13738,2009,9,United Kingdom of Great Britain and Northern Ireland,HUMAN_OBSERVATION
51.657341,-4.133046,2009,9,United Kingdom of Great Britain and Northern Ireland,HUMAN_OBSERVATION
51.657367,-4.131601,2009,9,United Kingdom of Great Britain and Northern Ireland,HUMAN_OBSERVATION
51.657367,-4.131601,2009,9,United Kingdom of Great Britain and Northern Ireland,HUMAN_OBSERVATION
51.657367,-4.131601,2009,9,United Kingdom of Great Britain and Northern Ireland,HUMAN_OBSERVATION
51.657367,-4.131601,2009,9,United Kingdom of Great Britain and Northern Ireland,HUMAN_OBSERVATION
51.657372,-4.131638,2009,9,United Kingdom of Great Britain and Northern Ireland,HUMAN_OBSERVATION
51.657386,-4.130916,2009,9,United Kingdom of Great Britain and Northern Ireland,HUMAN_OBSERVATION
51.657393,-4.130157,2009,9,United Kingdom of Great Britain and Northern Ireland,HUMAN_OBSERVATION
51.657399,-4.130179,2009,9,United Kingdom of Great Britain and Northern Ireland,HUMAN_OBSERVATION
51.657412,-4.129457,2009,9,United Kingdom of Great Britain and Northern Ireland,HUMAN_OBSERVATION
51.657419,-4.128712,2009,9,United Kingdom of Great Britain and Northern Ireland,HUMAN_OBSERVATION
51.657472,-4.125823,2009,9,United Kingdom of Great Britain and Northern Ireland,HUMAN_OBSERVATION
51.657472,-4.125823,2009,9,United Kingdom of Great Britain and Northern Ireland,HUMAN_OBSERVATION
51.657472,-4.125823,2009,9,United Kingdom of Great Britain and Northern Ireland,HUMAN_OBSERVATION
51.657477,-4.12586,2009,9,United Kingdom of Great Britain and Northern Ireland,HUMAN_OBSERVATION
51.65749,-4.125137,2009,9,United Kingdom of Great Britain and Northern Ireland,HUMAN_OBSERVATION
51.657914,-4.126589,2009,9,United Kingdom of Great Britain and Northern Ireland,HUMAN_OBSERVATION
51.65837,-4.125865,2009,9,United Kingdom of Great Britain and Northern Ireland,HUMAN_OBSERVATION
51.658457,-4.105092,2000,,United Kingdom of Great Britain and Northern Ireland,HUMAN_OBSERVATION
51.658502,-4.108593,2000,5,United Kingdom of Great Britain and Northern Ireland,HUMAN_OBSERVATION
51.658502,-4.108593,2000,5,United Kingdom of Great Britain and Northern Ireland,HUMAN_OBSERVATION
51.658683,-4.108529,2000,5,United Kingdom of Great Britain and Northern Ireland,HUMAN_OBSERVATION
51.658683,-4.108529,2000,5,United Kingdom of Great Britain and Northern Ireland,HUMAN_OBSERVATION
51.658735,-4.10564,2000,,United Kingdom of Great Britain and Northern Ireland,HUMAN_OBSERVATION
51.658935,-3.825155,2004,,United Kingdom of Great Britain and Northern Ireland,HUMAN_OBSERVATION
51.659361,-3.825462,2004,,United Kingdom of Great Britain and Northern Ireland,HUMAN_OBSERVATION
51.660228,-9.523457,2023,10,Ireland,HUMAN_OBSERVATION
51.660693,-4.087136,2000,,United Kingdom of Great Britain and Northern Ireland,HUMAN_OBSERVATION
51.660856,-4.082531,2000,,United Kingdom of Great Britain and Northern Ireland,HUMAN_OBSERVATION
51.660867,-4.086942,2000,,United Kingdom of Great Britain and Northern Ireland,HUMAN_OBSERVATION
51.660867,-4.086942,2000,,United Kingdom of Great Britain and Northern Ireland,HUMAN_OBSERVATION
51.660944,-4.082607,2000,,United Kingdom of Great Britain and Northern Ireland,HUMAN_OBSERVATION
51.661186,-4.16417,,,United Kingdom of Great Britain and Northern Ireland,HUMAN_OBSERVATION
51.661186,-4.16417,,,United Kingdom of Great Britain and Northern Ireland,HUMAN_OBSERVATION
51.661278,-4.163596,,,United Kingdom of Great Britain and Northern Ireland,HUMAN_OBSERVATION
51.661278,-4.163596,,,United Kingdom of Great Britain and Northern Ireland,HUMAN_OBSERVATION
51.661868,-4.081204,2000,,United Kingdom of Great Britain and Northern Ireland,HUMAN_OBSERVATION
51.662055,-4.081357,2000,,United Kingdom of Great Britain and Northern Ireland,HUMAN_OBSERVATION
51.662521,-4.080395,2000,5,United Kingdom of Great Britain and Northern Ireland,HUMAN_OBSERVATION
51.662561,-4.092804,2000,5,United Kingdom of Great Britain and Northern Ireland,HUMAN_OBSERVATION
51.662561,-4.092804,2000,5,United Kingdom of Great Britain and Northern Ireland,HUMAN_OBSERVATION
51.662673,-4.083988,2000,5,United Kingdom of Great Britain and Northern Ireland,HUMAN_OBSERVATION
51.662673,-4.083988,2000,5,United Kingdom of Great Britain and Northern Ireland,HUMAN_OBSERVATION
51.662716,-4.084135,2000,5,United Kingdom of Great Britain and Northern Ireland,HUMAN_OBSERVATION
51.662716,-4.084135,2000,5,United Kingdom of Great Britain and Northern Ireland,HUMAN_OBSERVATION
51.662716,-4.084135,2000,5,United Kingdom of Great Britain and Northern Ireland,HUMAN_OBSERVATION
51.662716,-4.084135,2000,5,United Kingdom of Great Britain and Northern Ireland,HUMAN_OBSERVATION
51.662793,-4.0798,2000,5,United Kingdom of Great Britain and Northern Ireland,HUMAN_OBSERVATION
51.662793,-4.0798,2000,5,United Kingdom of Great Britain and Northern Ireland,HUMAN_OBSERVATION
51.662855,-4.079326,2000,5,United Kingdom of Great Britain and Northern Ireland,HUMAN_OBSERVATION
51.662895,-4.093282,2000,5,United Kingdom of Great Britain and Northern Ireland,HUMAN_OBSERVATION
51.662895,-4.093282,2000,5,United Kingdom of Great Britain and Northern Ireland,HUMAN_OBSERVATION
51.662913,-4.084173,2000,5,United Kingdom of Great Britain and Northern Ireland,HUMAN_OBSERVATION
51.662913,-4.084173,2000,5,United Kingdom of Great Britain and Northern Ireland,HUMAN_OBSERVATION
51.663234,-4.093398,2000,5,United Kingdom of Great Britain and Northern Ireland,HUMAN_OBSERVATION
51.663234,-4.093398,2000,5,United Kingdom of Great Britain and Northern Ireland,HUMAN_OBSERVATION
51.66346,-4.092845,2000,5,United Kingdom of Great Britain and Northern Ireland,HUMAN_OBSERVATION
51.66346,-4.092845,2000,5,United Kingdom of Great Britain and Northern Ireland,HUMAN_OBSERVATION
51.663621,-4.079231,2000,5,United Kingdom of Great Britain and Northern Ireland,HUMAN_OBSERVATION
51.663691,-4.079841,2000,5,United Kingdom of Great Britain and Northern Ireland,HUMAN_OBSERVATION
51.663808,-4.081886,2000,5,United Kingdom of Great Britain and Northern Ireland,HUMAN_OBSERVATION
51.663808,-4.081886,2000,5,United Kingdom of Great Britain and Northern Ireland,HUMAN_OBSERVATION
51.664406,-4.081103,2000,5,United Kingdom of Great Britain and Northern Ireland,HUMAN_OBSERVATION
51.664406,-4.081103,2000,5,United Kingdom of Great Britain and Northern Ireland,HUMAN_OBSERVATION
51.664564,-4.081327,2000,5,United Kingdom of Great Britain and Northern Ireland,HUMAN_OBSERVATION
51.664564,-4.081327,2000,5,United Kingdom of Great Britain and Northern Ireland,HUMAN_OBSERVATION
51.664641,-4.076993,1988,4,United Kingdom of Great Britain and Northern Ireland,HUMAN_OBSERVATION
51.665316,-4.166999,,,United Kingdom of Great Britain and Northern Ireland,HUMAN_OBSERVATION
51.665316,-4.166999,,,United Kingdom of Great Britain and Northern Ireland,HUMAN_OBSERVATION
51.665384,-4.169648,,,United Kingdom of Great Britain and Northern Ireland,HUMAN_OBSERVATION
51.665384,-4.169648,,,United Kingdom of Great Britain and Northern Ireland,HUMAN_OBSERVATION
51.665664,-4.169589,,,United Kingdom of Great Britain and Northern Ireland,HUMAN_OBSERVATION
51.665664,-4.169589,,,United Kingdom of Great Britain and Northern Ireland,HUMAN_OBSERVATION
51.665717,-4.1667,,,United Kingdom of Great Britain and Northern Ireland,HUMAN_OBSERVATION
51.665717,-4.1667,,,United Kingdom of Great Britain and Northern Ireland,HUMAN_OBSERVATION
51.666119,-4.198765,,,United Kingdom of Great Britain and Northern Ireland,HUMAN_OBSERVATION
51.666119,-4.198765,,,United Kingdom of Great Britain and Northern Ireland,HUMAN_OBSERVATION
51.6669,-4.076373,2000,5,United Kingdom of Great Britain and Northern Ireland,HUMAN_OBSERVATION
51.6669,-4.076373,2000,5,United Kingdom of Great Britain and Northern Ireland,HUMAN_OBSERVATION
51.667899,-4.082898,2000,5,United Kingdom of Great Britain and Northern Ireland,HUMAN_OBSERVATION
51.667899,-4.082898,2000,5,United Kingdom of Great Britain and Northern Ireland,HUMAN_OBSERVATION
51.668132,-4.082937,2000,5,United Kingdom of Great Britain and Northern Ireland,HUMAN_OBSERVATION
51.668132,-4.082937,2000,5,United Kingdom of Great Britain and Northern Ireland,HUMAN_OBSERVATION
51.668336,-4.24275,2000,5,United Kingdom of Great Britain and Northern Ireland,HUMAN_OBSERVATION
51.668936,-4.068541,2000,5,United Kingdom of Great Britain and Northern Ireland,HUMAN_OBSERVATION
51.669286,-4.068528,2000,5,United Kingdom of Great Britain and Northern Ireland,HUMAN_OBSERVATION
51.67,3.69,1974,2,Netherlands,HUMAN_OBSERVATION
51.67,3.69,1950,8,Netherlands,HUMAN_OBSERVATION
51.67,3.739,2016,1,Netherlands,HUMAN_OBSERVATION
51.67,3.739,2015,1,Netherlands,HUMAN_OBSERVATION
51.67,3.739,2015,2,Netherlands,HUMAN_OBSERVATION
51.67,3.739,2015,3,Netherlands,HUMAN_OBSERVATION
51.67,3.75,1980,12,Netherlands,HUMAN_OBSERVATION
51.670135,-4.69192,2008,9,United Kingdom of Great Britain and Northern Ireland,HUMAN_OBSERVATION
51.670423,-4.69233,2008,9,United Kingdom of Great Britain and Northern Ireland,HUMAN_OBSERVATION
51.670839,-4.691429,2008,9,United Kingdom of Great Britain and Northern Ireland,HUMAN_OBSERVATION
51.670844,-4.691602,2008,9,United Kingdom of Great Britain and Northern Ireland,HUMAN_OBSERVATION
51.670844,-4.691602,2008,9,United Kingdom of Great Britain and Northern Ireland,HUMAN_OBSERVATION
51.670926,-4.693706,2021,9,United Kingdom of Great Britain and Northern Ireland,HUMAN_OBSERVATION
51.670996,-4.69164,2008,9,United Kingdom of Great Britain and Northern Ireland,HUMAN_OBSERVATION
51.670996,-4.69164,2008,9,United Kingdom of Great Britain and Northern Ireland,HUMAN_OBSERVATION
51.671,-4.693418,,,United Kingdom of Great Britain and Northern Ireland,HUMAN_OBSERVATION
51.671,-4.693418,,,United Kingdom of Great Britain and Northern Ireland,HUMAN_OBSERVATION
51.671033,-4.691973,2008,9,United Kingdom of Great Britain and Northern Ireland,HUMAN_OBSERVATION
51.671033,-4.691973,2008,9,United Kingdom of Great Britain and Northern Ireland,HUMAN_OBSERVATION
51.671033,-4.691973,2008,9,United Kingdom of Great Britain and Northern Ireland,HUMAN_OBSERVATION
51.671033,-4.691973,2008,9,United Kingdom of Great Britain and Northern Ireland,HUMAN_OBSERVATION
51.671033,-4.691973,2008,9,United Kingdom of Great Britain and Northern Ireland,HUMAN_OBSERVATION
51.671657,-4.182936,,,United Kingdom of Great Britain and Northern Ireland,HUMAN_OBSERVATION
51.671657,-4.182936,,,United Kingdom of Great Britain and Northern Ireland,HUMAN_OBSERVATION
51.671712,-4.182895,,,United Kingdom of Great Britain and Northern Ireland,HUMAN_OBSERVATION
51.671712,-4.182895,,,United Kingdom of Great Britain and Northern Ireland,HUMAN_OBSERVATION
51.672231,-4.698553,2000,,United Kingdom of Great Britain and Northern Ireland,HUMAN_OBSERVATION
51.672231,-4.698553,2000,,United Kingdom of Great Britain and Northern Ireland,HUMAN_OBSERVATION
51.672231,-4.698553,,,United Kingdom of Great Britain and Northern Ireland,HUMAN_OBSERVATION
51.672231,-4.698553,,,United Kingdom of Great Britain and Northern Ireland,HUMAN_OBSERVATION
51.672231,-4.698553,,,United Kingdom of Great Britain and Northern Ireland,HUMAN_OBSERVATION
51.672231,-4.698553,,,United Kingdom of Great Britain and Northern Ireland,HUMAN_OBSERVATION
51.672305,-4.69683,2020,8,United Kingdom of Great Britain and Northern Ireland,HUMAN_OBSERVATION
51.672664,-4.699302,2000,,United Kingdom of Great Britain and Northern Ireland,HUMAN_OBSERVATION
51.672664,-4.699302,2000,,United Kingdom of Great Britain and Northern Ireland,HUMAN_OBSERVATION
51.67273,-4.696413,2000,,United Kingdom of Great Britain and Northern Ireland,HUMAN_OBSERVATION
51.67273,-4.696413,2000,,United Kingdom of Great Britain and Northern Ireland,HUMAN_OBSERVATION
51.674435,-4.257183,2000,5,United Kingdom of Great Britain and Northern Ireland,HUMAN_OBSERVATION
51.674435,-4.257183,2000,5,United Kingdom of Great Britain and Northern Ireland,HUMAN_OBSERVATION
51.674634,-9.492583,2021,9,Ireland,HUMAN_OBSERVATION
51.675096,-9.491875,2021,9,Ireland,HUMAN_OBSERVATION
51.675598,-4.262636,2000,5,United Kingdom of Great Britain and Northern Ireland,HUMAN_OBSERVATION
51.675598,-4.262636,2000,5,United Kingdom of Great Britain and Northern Ireland,HUMAN_OBSERVATION
51.675876,-4.262201,2000,5,United Kingdom of Great Britain and Northern Ireland,HUMAN_OBSERVATION
51.675876,-4.262201,2000,5,United Kingdom of Great Britain and Northern Ireland,HUMAN_OBSERVATION
51.67601,-4.278061,2000,5,United Kingdom of Great Britain and Northern Ireland,HUMAN_OBSERVATION
51.67601,-4.278061,2000,5,United Kingdom of Great Britain and Northern Ireland,HUMAN_OBSERVATION
51.676412,-5.04639,2008,9,United Kingdom of Great Britain and Northern Ireland,HUMAN_OBSERVATION
51.67675,-5.046738,2008,9,United Kingdom of Great Britain and Northern Ireland,HUMAN_OBSERVATION
51.677271,-4.074678,2000,5,United Kingdom of Great Britain and Northern Ireland,HUMAN_OBSERVATION
51.677318,-5.046451,2008,9,United Kingdom of Great Britain and Northern Ireland,HUMAN_OBSERVATION
51.677373,-5.045717,2008,9,United Kingdom of Great Britain and Northern Ireland,HUMAN_OBSERVATION
51.677469,-4.075164,2000,5,United Kingdom of Great Britain and Northern Ireland,HUMAN_OBSERVATION
51.677534,-4.2555,2007,6,United Kingdom of Great Britain and Northern Ireland,HUMAN_OBSERVATION
51.67761,-5.048243,2008,9,United Kingdom of Great Britain and Northern Ireland,HUMAN_OBSERVATION
51.677648,-5.046798,2008,9,United Kingdom of Great Britain and Northern Ireland,HUMAN_OBSERVATION
51.677648,-5.046798,2008,9,United Kingdom of Great Britain and Northern Ireland,HUMAN_OBSERVATION
51.677648,-5.046798,2008,9,United Kingdom of Great Britain and Northern Ireland,HUMAN_OBSERVATION
51.677685,-5.045354,2008,9,United Kingdom of Great Britain and Northern Ireland,HUMAN_OBSERVATION
51.677685,-5.045354,2008,9,United Kingdom of Great Britain and Northern Ireland,HUMAN_OBSERVATION
51.677685,-5.045354,2008,9,United Kingdom of Great Britain and Northern Ireland,HUMAN_OBSERVATION
51.677776,-5.046496,2008,9,United Kingdom of Great Britain and Northern Ireland,HUMAN_OBSERVATION
51.677783,-4.268227,2000,5,United Kingdom of Great Britain and Northern Ireland,HUMAN_OBSERVATION
51.677783,-4.268227,2000,5,United Kingdom of Great Britain and Northern Ireland,HUMAN_OBSERVATION
51.677856,-5.047934,2008,9,United Kingdom of Great Britain and Northern Ireland,HUMAN_OBSERVATION
51.677863,-5.045562,2008,9,United Kingdom of Great Britain and Northern Ireland,HUMAN_OBSERVATION
51.677866,-4.238158,1988,4,United Kingdom of Great Britain and Northern Ireland,HUMAN_OBSERVATION
51.677866,-4.238158,1988,4,United Kingdom of Great Britain and Northern Ireland,HUMAN_OBSERVATION
51.677874,-5.047212,2008,9,United Kingdom of Great Britain and Northern Ireland,HUMAN_OBSERVATION
51.677921,-4.255818,2007,6,United Kingdom of Great Britain and Northern Ireland,HUMAN_OBSERVATION
51.677921,-4.235268,2007,6,United Kingdom of Great Britain and Northern Ireland,HUMAN_OBSERVATION
51.677921,-4.235268,2007,6,United Kingdom of Great Britain and Northern Ireland,HUMAN_OBSERVATION
51.678011,-4.254911,2007,6,United Kingdom of Great Britain and Northern Ireland,HUMAN_OBSERVATION
51.678057,-5.045734,2008,9,United Kingdom of Great Britain and Northern Ireland,HUMAN_OBSERVATION
51.678075,-4.255797,2007,6,United Kingdom of Great Britain and Northern Ireland,HUMAN_OBSERVATION
51.678086,-4.235936,2007,6,United Kingdom of Great Britain and Northern Ireland,HUMAN_OBSERVATION
51.678181,-4.268551,2000,5,United Kingdom of Great Britain and Northern Ireland,HUMAN_OBSERVATION
51.678181,-4.268551,2000,5,United Kingdom of Great Britain and Northern Ireland,HUMAN_OBSERVATION
51.678286,-5.045547,2008,9,United Kingdom of Great Britain and Northern Ireland,HUMAN_OBSERVATION
51.678301,-4.251575,2000,5,United Kingdom of Great Britain and Northern Ireland,HUMAN_OBSERVATION
51.678301,-4.251575,2000,5,United Kingdom of Great Britain and Northern Ireland,HUMAN_OBSERVATION
51.678305,-5.047964,2008,9,United Kingdom of Great Britain and Northern Ireland,HUMAN_OBSERVATION
51.678323,-5.047242,2008,9,United Kingdom of Great Britain and Northern Ireland,HUMAN_OBSERVATION
51.67834,-4.235833,2007,6,United Kingdom of Great Britain and Northern Ireland,HUMAN_OBSERVATION
51.678417,-5.043631,2008,9,United Kingdom of Great Britain and Northern Ireland,HUMAN_OBSERVATION
51.678432,-4.255545,2007,6,United Kingdom of Great Britain and Northern Ireland,HUMAN_OBSERVATION
51.678432,-4.255545,2007,6,United Kingdom of Great Britain and Northern Ireland,HUMAN_OBSERVATION
51.678506,-5.045735,2008,9,United Kingdom of Great Britain and Northern Ireland,HUMAN_OBSERVATION
51.678508,-5.048303,2008,9,United Kingdom of Great Britain and Northern Ireland,HUMAN_OBSERVATION
51.678508,-5.048303,2008,9,United Kingdom of Great Britain and Northern Ireland,HUMAN_OBSERVATION
51.678515,-4.251209,2000,5,United Kingdom of Great Britain and Northern Ireland,HUMAN_OBSERVATION
51.678515,-4.251209,2000,5,United Kingdom of Great Britain and Northern Ireland,HUMAN_OBSERVATION
51.678545,-5.046859,2008,9,United Kingdom of Great Britain and Northern Ireland,HUMAN_OBSERVATION
51.678545,-5.046859,2008,9,United Kingdom of Great Britain and Northern Ireland,HUMAN_OBSERVATION
51.678571,-4.248319,1988,4,United Kingdom of Great Britain and Northern Ireland,HUMAN_OBSERVATION
51.678571,-4.248319,1988,4,United Kingdom of Great Britain and Northern Ireland,HUMAN_OBSERVATION
51.678571,-4.248319,1988,4,United Kingdom of Great Britain and Northern Ireland,HUMAN_OBSERVATION
51.678583,-5.045414,2008,9,United Kingdom of Great Britain and Northern Ireland,HUMAN_OBSERVATION
51.678583,-5.045414,2008,9,United Kingdom of Great Britain and Northern Ireland,HUMAN_OBSERVATION
51.67862,-5.04397,2008,9,United Kingdom of Great Britain and Northern Ireland,HUMAN_OBSERVATION
51.678679,-4.252395,2023,10,United Kingdom of Great Britain and Northern Ireland,HUMAN_OBSERVATION
51.678749,-4.968748,1982,4,United Kingdom of Great Britain and Northern Ireland,HUMAN_OBSERVATION
51.678753,-5.047994,2008,9,United Kingdom of Great Britain and Northern Ireland,HUMAN_OBSERVATION
51.678772,-5.047272,2008,9,United Kingdom of Great Britain and Northern Ireland,HUMAN_OBSERVATION
51.678819,-4.235312,2007,6,United Kingdom of Great Britain and Northern Ireland,HUMAN_OBSERVATION
51.678828,-4.235712,2007,6,United Kingdom of Great Britain and Northern Ireland,HUMAN_OBSERVATION
51.679,3.839,1986,7,Netherlands,HUMAN_OBSERVATION
51.679047,-4.921026,,,United Kingdom of Great Britain and Northern Ireland,HUMAN_OBSERVATION
51.679047,-4.921026,,,United Kingdom of Great Britain and Northern Ireland,HUMAN_OBSERVATION
51.679202,-5.048024,2008,9,United Kingdom of Great Britain and Northern Ireland,HUMAN_OBSERVATION
51.679406,-5.048363,2008,9,United Kingdom of Great Britain and Northern Ireland,HUMAN_OBSERVATION
51.679443,-5.046919,2008,9,United Kingdom of Great Britain and Northern Ireland,HUMAN_OBSERVATION
51.67954,-4.23608,2007,6,United Kingdom of Great Britain and Northern Ireland,HUMAN_OBSERVATION
51.67955,-4.248364,2014,7,United Kingdom of Great Britain and Northern Ireland,HUMAN_OBSERVATION
51.679557,-4.236139,2007,6,United Kingdom of Great Britain and Northern Ireland,HUMAN_OBSERVATION
51.679584,-4.236154,2007,6,United Kingdom of Great Britain and Northern Ireland,HUMAN_OBSERVATION
51.67967,-5.047333,2008,9,United Kingdom of Great Britain and Northern Ireland,HUMAN_OBSERVATION
51.67969,-4.236802,2007,6,United Kingdom of Great Britain and Northern Ireland,HUMAN_OBSERVATION
51.67969,-4.236802,2007,6,United Kingdom of Great Britain and Northern Ireland,HUMAN_OBSERVATION
51.679718,-4.235357,2007,6,United Kingdom of Great Britain and Northern Ireland,HUMAN_OBSERVATION
51.679759,-4.225102,2000,5,United Kingdom of Great Britain and Northern Ireland,HUMAN_OBSERVATION
51.679759,-4.225102,2000,5,United Kingdom of Great Britain and Northern Ireland,HUMAN_OBSERVATION
51.679837,-4.925417,,,United Kingdom of Great Britain and Northern Ireland,HUMAN_OBSERVATION
51.679837,-4.925417,,,United Kingdom of Great Britain and Northern Ireland,HUMAN_OBSERVATION
51.68,3.95,1970,3,Netherlands,HUMAN_OBSERVATION
51.6801,-5.048085,2008,9,United Kingdom of Great Britain and Northern Ireland,HUMAN_OBSERVATION
51.680194,-5.044474,2008,9,United Kingdom of Great Britain and Northern Ireland,HUMAN_OBSERVATION
51.680304,-5.048424,2008,9,United Kingdom of Great Britain and Northern Ireland,HUMAN_OBSERVATION
51.680416,-5.044091,2008,9,United Kingdom of Great Britain and Northern Ireland,HUMAN_OBSERVATION
51.680603,-5.172871,1960,6,United Kingdom of Great Britain and Northern Ireland,HUMAN_OBSERVATION
51.680998,-5.048145,2008,9,United Kingdom of Great Britain and Northern Ireland,HUMAN_OBSERVATION
51.681017,-5.047423,2008,9,United Kingdom of Great Britain and Northern Ireland,HUMAN_OBSERVATION
51.681111,-5.043812,2008,9,United Kingdom of Great Britain and Northern Ireland,HUMAN_OBSERVATION
51.681201,-5.048484,2008,9,United Kingdom of Great Britain and Northern Ireland,HUMAN_OBSERVATION
51.681239,-5.04704,2008,9,United Kingdom of Great Britain and Northern Ireland,HUMAN_OBSERVATION
51.681239,-5.04704,2008,9,United Kingdom of Great Britain and Northern Ireland,HUMAN_OBSERVATION
51.681314,-5.044151,2008,9,United Kingdom of Great Britain and Northern Ireland,HUMAN_OBSERVATION
51.681314,-5.044151,2008,9,United Kingdom of Great Britain and Northern Ireland,HUMAN_OBSERVATION
51.681348,-4.220508,,,United Kingdom of Great Britain and Northern Ireland,HUMAN_OBSERVATION
51.681348,-4.220508,,,United Kingdom of Great Britain and Northern Ireland,HUMAN_OBSERVATION
51.681466,-5.047453,2008,9,United Kingdom of Great Britain and Northern Ireland,HUMAN_OBSERVATION
51.681525,-4.08076,2000,5,United Kingdom of Great Britain and Northern Ireland,HUMAN_OBSERVATION
51.681525,-4.08076,2000,5,United Kingdom of Great Britain and Northern Ireland,HUMAN_OBSERVATION
51.681541,-5.044564,2008,9,United Kingdom of Great Britain and Northern Ireland,HUMAN_OBSERVATION
51.681662,-4.080665,2000,5,United Kingdom of Great Britain and Northern Ireland,HUMAN_OBSERVATION
51.681662,-4.080665,2000,5,United Kingdom of Great Britain and Northern Ireland,HUMAN_OBSERVATION
51.681789,-4.220992,,,United Kingdom of Great Britain and Northern Ireland,HUMAN_OBSERVATION
51.681789,-4.220992,,,United Kingdom of Great Britain and Northern Ireland,HUMAN_OBSERVATION
51.681817,-5.046753,2008,9,United Kingdom of Great Britain and Northern Ireland,HUMAN_OBSERVATION
51.681896,-5.048205,2008,9,United Kingdom of Great Britain and Northern Ireland,HUMAN_OBSERVATION
51.681915,-5.047483,2008,9,United Kingdom of Great Britain and Northern Ireland,HUMAN_OBSERVATION
51.681974,-4.983428,,,United Kingdom of Great Britain and Northern Ireland,HUMAN_OBSERVATION
51.681974,-4.983428,,,United Kingdom of Great Britain and Northern Ireland,HUMAN_OBSERVATION
51.682027,-5.04315,2008,9,United Kingdom of Great Britain and Northern Ireland,HUMAN_OBSERVATION
51.682099,-5.048544,2008,9,United Kingdom of Great Britain and Northern Ireland,HUMAN_OBSERVATION
51.682099,-5.048544,2008,9,United Kingdom of Great Britain and Northern Ireland,HUMAN_OBSERVATION
51.682137,-5.0471,2008,9,United Kingdom of Great Britain and Northern Ireland,HUMAN_OBSERVATION
51.682137,-5.0471,2008,9,United Kingdom of Great Britain and Northern Ireland,HUMAN_OBSERVATION
51.682137,-5.0471,2008,9,United Kingdom of Great Britain and Northern Ireland,HUMAN_OBSERVATION
51.682167,-5.08038,1998,5,United Kingdom of Great Britain and Northern Ireland,HUMAN_OBSERVATION
51.682167,-5.08038,1998,5,United Kingdom of Great Britain and Northern Ireland,HUMAN_OBSERVATION
51.682212,-5.044211,2008,9,United Kingdom of Great Britain and Northern Ireland,HUMAN_OBSERVATION
51.682212,-5.044211,2008,9,United Kingdom of Great Britain and Northern Ireland,HUMAN_OBSERVATION
51.682249,-5.042767,2008,9,United Kingdom of Great Britain and Northern Ireland,HUMAN_OBSERVATION
51.682345,-5.048236,2008,9,United Kingdom of Great Britain and Northern Ireland,HUMAN_OBSERVATION
51.682364,-5.047513,2008,9,United Kingdom of Great Britain and Northern Ireland,HUMAN_OBSERVATION
51.682439,-5.044625,2008,9,United Kingdom of Great Britain and Northern Ireland,HUMAN_OBSERVATION
51.682457,-5.043903,2008,9,United Kingdom of Great Britain and Northern Ireland,HUMAN_OBSERVATION
51.682813,-5.047544,2008,9,United Kingdom of Great Britain and Northern Ireland,HUMAN_OBSERVATION
51.682906,-5.043933,2008,9,United Kingdom of Great Britain and Northern Ireland,HUMAN_OBSERVATION
51.683035,-5.04716,2008,9,United Kingdom of Great Britain and Northern Ireland,HUMAN_OBSERVATION
51.68311,-5.044272,2008,9,United Kingdom of Great Britain and Northern Ireland,HUMAN_OBSERVATION
51.683122,-4.197911,2000,5,United Kingdom of Great Britain and Northern Ireland,HUMAN_OBSERVATION
51.683122,-4.197911,2000,5,United Kingdom of Great Britain and Northern Ireland,HUMAN_OBSERVATION
51.683372,-4.19801,2000,5,United Kingdom of Great Britain and Northern Ireland,HUMAN_OBSERVATION
51.683372,-4.19801,2000,5,United Kingdom of Great Britain and Northern Ireland,HUMAN_OBSERVATION
51.683857,-5.050109,2008,9,United Kingdom of Great Britain and Northern Ireland,HUMAN_OBSERVATION
51.683896,-9.506624,2016,,Ireland,HUMAN_OBSERVATION
51.684103,-5.049801,2008,9,United Kingdom of Great Britain and Northern Ireland,HUMAN_OBSERVATION
51.684173,-4.967657,,,United Kingdom of Great Britain and Northern Ireland,HUMAN_OBSERVATION
51.684173,-4.967657,,,United Kingdom of Great Britain and Northern Ireland,HUMAN_OBSERVATION
51.684571,-5.049109,2008,9,United Kingdom of Great Britain and Northern Ireland,HUMAN_OBSERVATION
51.684683,-5.044775,2008,9,United Kingdom of Great Britain and Northern Ireland,HUMAN_OBSERVATION
51.68469,-5.121066,1985,10,United Kingdom of Great Britain and Northern Ireland,HUMAN_OBSERVATION
51.684793,-5.048725,2008,9,United Kingdom of Great Britain and Northern Ireland,HUMAN_OBSERVATION
51.68483,-5.047281,2008,9,United Kingdom of Great Britain and Northern Ireland,HUMAN_OBSERVATION
51.684888,-4.974938,1996,10,United Kingdom of Great Britain and Northern Ireland,HUMAN_OBSERVATION
51.684905,-5.044392,2008,9,United Kingdom of Great Britain and Northern Ireland,HUMAN_OBSERVATION
51.685076,-5.046972,2008,9,United Kingdom of Great Britain and Northern Ireland,HUMAN_OBSERVATION
51.685655,-4.206714,1988,4,United Kingdom of Great Britain and Northern Ireland,HUMAN_OBSERVATION
51.685655,-4.206714,1988,4,United Kingdom of Great Britain and Northern Ireland,HUMAN_OBSERVATION
51.68578,-5.113906,1996,10,United Kingdom of Great Britain and Northern Ireland,HUMAN_OBSERVATION
51.68578,-5.113906,1995,10,United Kingdom of Great Britain and Northern Ireland,HUMAN_OBSERVATION
51.68578,-5.113906,1995,10,United Kingdom of Great Britain and Northern Ireland,HUMAN_OBSERVATION
51.68578,-5.113906,1995,10,United Kingdom of Great Britain and Northern Ireland,HUMAN_OBSERVATION
51.68578,-5.113906,1995,10,United Kingdom of Great Britain and Northern Ireland,HUMAN_OBSERVATION
51.68578,-5.113906,1982,6,United Kingdom of Great Britain and Northern Ireland,HUMAN_OBSERVATION
51.685818,-5.112462,2014,9,United Kingdom of Great Britain and Northern Ireland,HUMAN_OBSERVATION
51.685818,-5.112462,2014,9,United Kingdom of Great Britain and Northern Ireland,HUMAN_OBSERVATION
51.685818,-5.112462,2014,9,United Kingdom of Great Britain and Northern Ireland,HUMAN_OBSERVATION
51.685818,-5.112462,2014,9,United Kingdom of Great Britain and Northern Ireland,HUMAN_OBSERVATION
51.685818,-5.112462,2013,9,United Kingdom of Great Britain and Northern Ireland,HUMAN_OBSERVATION
51.685818,-5.112462,2013,9,United Kingdom of Great Britain and Northern Ireland,HUMAN_OBSERVATION
51.685818,-5.112462,2013,9,United Kingdom of Great Britain and Northern Ireland,HUMAN_OBSERVATION
51.685818,-5.112462,2013,9,United Kingdom of Great Britain and Northern Ireland,HUMAN_OBSERVATION
51.685818,-5.112462,2013,9,United Kingdom of Great Britain and Northern Ireland,HUMAN_OBSERVATION
51.685818,-5.112462,2012,9,United Kingdom of Great Britain and Northern Ireland,HUMAN_OBSERVATION
51.685818,-5.112462,2012,9,United Kingdom of Great Britain and Northern Ireland,HUMAN_OBSERVATION
51.685818,-5.112462,2012,9,United Kingdom of Great Britain and Northern Ireland,HUMAN_OBSERVATION
51.685818,-5.112462,2012,9,United Kingdom of Great Britain and Northern Ireland,HUMAN_OBSERVATION
51.685818,-5.112462,2011,8,United Kingdom of Great Britain and Northern Ireland,HUMAN_OBSERVATION
51.685818,-5.112462,2011,8,United Kingdom of Great Britain and Northern Ireland,HUMAN_OBSERVATION
51.685818,-5.112462,2011,8,United Kingdom of Great Britain and Northern Ireland,HUMAN_OBSERVATION
51.685818,-5.112462,2011,8,United Kingdom of Great Britain and Northern Ireland,HUMAN_OBSERVATION
51.685818,-5.112462,2011,8,United Kingdom of Great Britain and Northern Ireland,HUMAN_OBSERVATION
51.685818,-5.112462,2011,8,United Kingdom of Great Britain and Northern Ireland,HUMAN_OBSERVATION
51.685818,-5.112462,2010,9,United Kingdom of Great Britain and Northern Ireland,HUMAN_OBSERVATION
51.685818,-5.112462,2010,9,United Kingdom of Great Britain and Northern Ireland,HUMAN_OBSERVATION
51.685818,-5.112462,2010,9,United Kingdom of Great Britain and Northern Ireland,HUMAN_OBSERVATION
51.685818,-5.112462,2010,9,United Kingdom of Great Britain and Northern Ireland,HUMAN_OBSERVATION
51.685818,-5.112462,2008,9,United Kingdom of Great Britain and Northern Ireland,HUMAN_OBSERVATION
51.685818,-5.112462,2008,9,United Kingdom of Great Britain and Northern Ireland,HUMAN_OBSERVATION
51.685818,-5.112462,2008,9,United Kingdom of Great Britain and Northern Ireland,HUMAN_OBSERVATION
51.685818,-5.112462,2008,9,United Kingdom of Great Britain and Northern Ireland,HUMAN_OBSERVATION
51.685818,-5.112462,2008,9,United Kingdom of Great Britain and Northern Ireland,HUMAN_OBSERVATION
51.685818,-5.112462,2008,9,United Kingdom of Great Britain and Northern Ireland,HUMAN_OBSERVATION
51.685818,-5.112462,1979,1,United Kingdom of Great Britain and Northern Ireland,HUMAN_OBSERVATION
51.685818,-5.112462,1963,6,United Kingdom of Great Britain and Northern Ireland,HUMAN_OBSERVATION
51.686052,-5.111965,2014,9,United Kingdom of Great Britain and Northern Ireland,HUMAN_OBSERVATION
51.686052,-5.111965,2014,9,United Kingdom of Great Britain and Northern Ireland,HUMAN_OBSERVATION
51.686052,-5.111965,2014,9,United Kingdom of Great Britain and Northern Ireland,HUMAN_OBSERVATION
51.686052,-5.111965,2014,9,United Kingdom of Great Britain and Northern Ireland,HUMAN_OBSERVATION
51.686052,-5.111965,2013,9,United Kingdom of Great Britain and Northern Ireland,HUMAN_OBSERVATION
51.686052,-5.111965,2013,9,United Kingdom of Great Britain and Northern Ireland,HUMAN_OBSERVATION
51.686052,-5.111965,2013,9,United Kingdom of Great Britain and Northern Ireland,HUMAN_OBSERVATION
51.686052,-5.111965,2013,9,United Kingdom of Great Britain and Northern Ireland,HUMAN_OBSERVATION
51.686052,-5.111965,2013,9,United Kingdom of Great Britain and Northern Ireland,HUMAN_OBSERVATION
51.686052,-5.111965,2012,9,United Kingdom of Great Britain and Northern Ireland,HUMAN_OBSERVATION
51.686052,-5.111965,2012,9,United Kingdom of Great Britain and Northern Ireland,HUMAN_OBSERVATION
51.686052,-5.111965,2012,9,United Kingdom of Great Britain and Northern Ireland,HUMAN_OBSERVATION
51.686052,-5.111965,2012,9,United Kingdom of Great Britain and Northern Ireland,HUMAN_OBSERVATION
51.686052,-5.111965,2011,8,United Kingdom of Great Britain and Northern Ireland,HUMAN_OBSERVATION
51.686052,-5.111965,2011,8,United Kingdom of Great Britain and Northern Ireland,HUMAN_OBSERVATION
51.686052,-5.111965,2011,8,United Kingdom of Great Britain and Northern Ireland,HUMAN_OBSERVATION
51.686052,-5.111965,2011,8,United Kingdom of Great Britain and Northern Ireland,HUMAN_OBSERVATION
51.686052,-5.111965,2011,8,United Kingdom of Great Britain and Northern Ireland,HUMAN_OBSERVATION
51.686052,-5.111965,2011,8,United Kingdom of Great Britain and Northern Ireland,HUMAN_OBSERVATION
51.686052,-5.111965,2010,9,United Kingdom of Great Britain and Northern Ireland,HUMAN_OBSERVATION
51.686052,-5.111965,2010,9,United Kingdom of Great Britain and Northern Ireland,HUMAN_OBSERVATION
51.686052,-5.111965,2010,9,United Kingdom of Great Britain and Northern Ireland,HUMAN_OBSERVATION
51.686052,-5.111965,2010,9,United Kingdom of Great Britain and Northern Ireland,HUMAN_OBSERVATION
51.686052,-5.111965,2008,9,United Kingdom of Great Britain and Northern Ireland,HUMAN_OBSERVATION
51.686052,-5.111965,2008,9,United Kingdom of Great Britain and Northern Ireland,HUMAN_OBSERVATION
51.686052,-5.111965,2008,9,United Kingdom of Great Britain and Northern Ireland,HUMAN_OBSERVATION
51.686052,-5.111965,2008,9,United Kingdom of Great Britain and Northern Ireland,HUMAN_OBSERVATION
51.686052,-5.111965,2008,9,United Kingdom of Great Britain and Northern Ireland,HUMAN_OBSERVATION
51.686052,-5.111965,2008,9,United Kingdom of Great Britain and Northern Ireland,HUMAN_OBSERVATION
51.686138,-5.112267,2012,9,United Kingdom of Great Britain and Northern Ireland,HUMAN_OBSERVATION
51.686138,-5.112267,2012,9,United Kingdom of Great Britain and Northern Ireland,HUMAN_OBSERVATION
51.686138,-5.112267,2012,9,United Kingdom of Great Britain and Northern Ireland,HUMAN_OBSERVATION
51.686138,-5.112267,2012,9,United Kingdom of Great Britain and Northern Ireland,HUMAN_OBSERVATION
51.686138,-5.112267,2012,9,United Kingdom of Great Britain and Northern Ireland,HUMAN_OBSERVATION
51.686138,-5.112267,2012,9,United Kingdom of Great Britain and Northern Ireland,HUMAN_OBSERVATION
51.686138,-5.112267,2012,9,United Kingdom of Great Britain and Northern Ireland,HUMAN_OBSERVATION
51.686138,-5.112267,2012,9,United Kingdom of Great Britain and Northern Ireland,HUMAN_OBSERVATION
51.686343,-5.112506,2014,9,United Kingdom of Great Britain and Northern Ireland,HUMAN_OBSERVATION
51.686343,-5.112506,2014,9,United Kingdom of Great Britain and Northern Ireland,HUMAN_OBSERVATION
51.686343,-5.112506,2014,9,United Kingdom of Great Britain and Northern Ireland,HUMAN_OBSERVATION
51.686343,-5.112506,2014,9,United Kingdom of Great Britain and Northern Ireland,HUMAN_OBSERVATION
51.686343,-5.112506,2013,9,United Kingdom of Great Britain and Northern Ireland,HUMAN_OBSERVATION
51.686343,-5.112506,2013,9,United Kingdom of Great Britain and Northern Ireland,HUMAN_OBSERVATION
51.686343,-5.112506,2013,9,United Kingdom of Great Britain and Northern Ireland,HUMAN_OBSERVATION
51.686343,-5.112506,2013,9,United Kingdom of Great Britain and Northern Ireland,HUMAN_OBSERVATION
51.686343,-5.112506,2011,8,United Kingdom of Great Britain and Northern Ireland,HUMAN_OBSERVATION
51.686343,-5.112506,2011,8,United Kingdom of Great Britain and Northern Ireland,HUMAN_OBSERVATION
51.686343,-5.112506,2011,8,United Kingdom of Great Britain and Northern Ireland,HUMAN_OBSERVATION
51.686343,-5.112506,2011,8,United Kingdom of Great Britain and Northern Ireland,HUMAN_OBSERVATION
51.686343,-5.112506,2010,9,United Kingdom of Great Britain and Northern Ireland,HUMAN_OBSERVATION
51.686343,-5.112506,2010,9,United Kingdom of Great Britain and Northern Ireland,HUMAN_OBSERVATION
51.686343,-5.112506,2010,9,United Kingdom of Great Britain and Northern Ireland,HUMAN_OBSERVATION
51.686343,-5.112506,2010,9,United Kingdom of Great Britain and Northern Ireland,HUMAN_OBSERVATION
51.686343,-5.112506,2008,9,United Kingdom of Great Britain and Northern Ireland,HUMAN_OBSERVATION
51.686343,-5.112506,2008,9,United Kingdom of Great Britain and Northern Ireland,HUMAN_OBSERVATION
51.686343,-5.112506,2008,9,United Kingdom of Great Britain and Northern Ireland,HUMAN_OBSERVATION
51.686343,-5.112506,2008,9,United Kingdom of Great Britain and Northern Ireland,HUMAN_OBSERVATION
51.686343,-5.112506,2007,8,United Kingdom of Great Britain and Northern Ireland,HUMAN_OBSERVATION
51.686574,-4.97939,,,United Kingdom of Great Britain and Northern Ireland,HUMAN_OBSERVATION
51.686574,-4.97939,,,United Kingdom of Great Britain and Northern Ireland,HUMAN_OBSERVATION
51.686716,-5.112523,2014,9,United Kingdom of Great Britain and Northern Ireland,HUMAN_OBSERVATION
51.686716,-5.112523,2014,9,United Kingdom of Great Britain and Northern Ireland,HUMAN_OBSERVATION
51.686716,-5.112523,2014,9,United Kingdom of Great Britain and Northern Ireland,HUMAN_OBSERVATION
51.686716,-5.112523,2014,9,United Kingdom of Great Britain and Northern Ireland,HUMAN_OBSERVATION
51.686716,-5.112523,2013,9,United Kingdom of Great Britain and Northern Ireland,HUMAN_OBSERVATION
51.686716,-5.112523,2013,9,United Kingdom of Great Britain and Northern Ireland,HUMAN_OBSERVATION
51.686716,-5.112523,2013,9,United Kingdom of Great Britain and Northern Ireland,HUMAN_OBSERVATION
51.686716,-5.112523,2013,9,United Kingdom of Great Britain and Northern Ireland,HUMAN_OBSERVATION
51.686716,-5.112523,2011,8,United Kingdom of Great Britain and Northern Ireland,HUMAN_OBSERVATION
51.686716,-5.112523,2011,8,United Kingdom of Great Britain and Northern Ireland,HUMAN_OBSERVATION
51.686716,-5.112523,2011,8,United Kingdom of Great Britain and Northern Ireland,HUMAN_OBSERVATION
51.686716,-5.112523,2011,8,United Kingdom of Great Britain and Northern Ireland,HUMAN_OBSERVATION
51.686716,-5.112523,2010,9,United Kingdom of Great Britain and Northern Ireland,HUMAN_OBSERVATION
51.686716,-5.112523,2010,9,United Kingdom of Great Britain and Northern Ireland,HUMAN_OBSERVATION
51.686716,-5.112523,2010,9,United Kingdom of Great Britain and Northern Ireland,HUMAN_OBSERVATION
51.686716,-5.112523,2010,9,United Kingdom of Great Britain and Northern Ireland,HUMAN_OBSERVATION
51.686716,-5.112523,2008,9,United Kingdom of Great Britain and Northern Ireland,HUMAN_OBSERVATION
51.686716,-5.112523,2008,9,United Kingdom of Great Britain and Northern Ireland,HUMAN_OBSERVATION
51.686716,-5.112523,2008,9,United Kingdom of Great Britain and Northern Ireland,HUMAN_OBSERVATION
51.686716,-5.112523,2008,9,United Kingdom of Great Britain and Northern Ireland,HUMAN_OBSERVATION
51.686716,-5.112523,2007,8,United Kingdom of Great Britain and Northern Ireland,HUMAN_OBSERVATION
51.686965,-5.170422,1960,6,United Kingdom of Great Britain and Northern Ireland,HUMAN_OBSERVATION
51.687261,-5.057574,1998,5,United Kingdom of Great Britain and Northern Ireland,HUMAN_OBSERVATION
51.687261,-5.057574,1998,5,United Kingdom of Great Britain and Northern Ireland,HUMAN_OBSERVATION
51.687299,-5.056129,1996,9,United Kingdom of Great Britain and Northern Ireland,HUMAN_OBSERVATION
51.687299,-5.056129,1995,10,United Kingdom of Great Britain and Northern Ireland,HUMAN_OBSERVATION
51.687299,-5.056129,1995,10,United Kingdom of Great Britain and Northern Ireland,HUMAN_OBSERVATION
51.687545,-4.976559,1996,9,United Kingdom of Great Britain and Northern Ireland,HUMAN_OBSERVATION
51.687545,-4.976559,1982,6,United Kingdom of Great Britain and Northern Ireland,HUMAN_OBSERVATION
51.687545,-4.976559,1979,2,United Kingdom of Great Britain and Northern Ireland,HUMAN_OBSERVATION
51.687652,-5.111141,1995,3,United Kingdom of Great Britain and Northern Ireland,HUMAN_OBSERVATION
51.687706,-5.074968,1996,9,United Kingdom of Great Britain and Northern Ireland,HUMAN_OBSERVATION
51.687706,-5.074968,1960,6,United Kingdom of Great Britain and Northern Ireland,HUMAN_OBSERVATION
51.688079,-4.073725,2000,5,United Kingdom of Great Britain and Northern Ireland,HUMAN_OBSERVATION
51.688079,-4.073725,2000,5,United Kingdom of Great Britain and Northern Ireland,HUMAN_OBSERVATION
51.688231,-4.967199,1998,5,United Kingdom of Great Britain and Northern Ireland,HUMAN_OBSERVATION
51.688479,-4.07399,2000,5,United Kingdom of Great Britain and Northern Ireland,HUMAN_OBSERVATION
51.688479,-4.07399,2000,5,United Kingdom of Great Britain and Northern Ireland,HUMAN_OBSERVATION
51.68855,-5.111202,1978,9,United Kingdom of Great Britain and Northern Ireland,HUMAN_OBSERVATION
51.68855,-5.111202,1978,9,United Kingdom of Great Britain and Northern Ireland,HUMAN_OBSERVATION
51.688565,-9.456888,2021,10,Ireland,HUMAN_OBSERVATION
51.688604,-5.075029,1995,10,United Kingdom of Great Britain and Northern Ireland,HUMAN_OBSERVATION
51.688604,-5.075029,1995,10,United Kingdom of Great Britain and Northern Ireland,HUMAN_OBSERVATION
51.688604,-5.075029,1995,10,United Kingdom of Great Britain and Northern Ireland,HUMAN_OBSERVATION
51.688604,-5.075029,1982,6,United Kingdom of Great Britain and Northern Ireland,HUMAN_OBSERVATION
51.688604,-5.075029,1979,2,United Kingdom of Great Britain and Northern Ireland,HUMAN_OBSERVATION
51.688788,-5.119178,,,United Kingdom of Great Britain and Northern Ireland,HUMAN_OBSERVATION
51.688788,-5.119178,,,United Kingdom of Great Britain and Northern Ireland,HUMAN_OBSERVATION
51.688958,-4.938305,2004,9,United Kingdom of Great Britain and Northern Ireland,HUMAN_OBSERVATION
51.689026,-9.45618,2021,10,Ireland,HUMAN_OBSERVATION
51.689169,-5.053361,1998,5,United Kingdom of Great Britain and Northern Ireland,HUMAN_OBSERVATION
51.689169,-5.053361,1998,5,United Kingdom of Great Britain and Northern Ireland,HUMAN_OBSERVATION
51.689169,-4.979335,2008,10,United Kingdom of Great Britain and Northern Ireland,MATERIAL_SAMPLE
51.689169,-4.979335,2008,10,United Kingdom of Great Britain and Northern Ireland,MATERIAL_SAMPLE
51.689377,-4.975233,1985,10,United Kingdom of Great Britain and Northern Ireland,HUMAN_OBSERVATION
51.689377,-4.975233,1985,10,United Kingdom of Great Britain and Northern Ireland,HUMAN_OBSERVATION
51.689377,-4.975233,1985,10,United Kingdom of Great Britain and Northern Ireland,HUMAN_OBSERVATION
51.689377,-4.975233,1985,10,United Kingdom of Great Britain and Northern Ireland,HUMAN_OBSERVATION
51.689426,-5.077979,1963,6,United Kingdom of Great Britain and Northern Ireland,HUMAN_OBSERVATION
51.689517,-9.45258,2021,9,Ireland,HUMAN_OBSERVATION
51.689539,-5.004185,1998,,United Kingdom of Great Britain and Northern Ireland,HUMAN_OBSERVATION
51.689539,-5.004185,1998,,United Kingdom of Great Britain and Northern Ireland,HUMAN_OBSERVATION
51.689594,-4.995498,2014,9,United Kingdom of Great Britain and Northern Ireland,HUMAN_OBSERVATION
51.689594,-4.995498,2014,9,United Kingdom of Great Britain and Northern Ireland,HUMAN_OBSERVATION
51.689594,-4.995498,2014,9,United Kingdom of Great Britain and Northern Ireland,HUMAN_OBSERVATION
51.689594,-4.995498,2014,9,United Kingdom of Great Britain and Northern Ireland,HUMAN_OBSERVATION
51.689594,-4.995498,2014,9,United Kingdom of Great Britain and Northern Ireland,HUMAN_OBSERVATION
51.689594,-4.995498,2014,9,United Kingdom of Great Britain and Northern Ireland,HUMAN_OBSERVATION
51.689594,-4.995498,2014,9,United Kingdom of Great Britain and Northern Ireland,HUMAN_OBSERVATION
51.689594,-4.995498,2014,9,United Kingdom of Great Britain and Northern Ireland,HUMAN_OBSERVATION
51.689594,-4.995498,2013,9,United Kingdom of Great Britain and Northern Ireland,HUMAN_OBSERVATION
51.689594,-4.995498,2013,9,United Kingdom of Great Britain and Northern Ireland,HUMAN_OBSERVATION
51.689594,-4.995498,2013,9,United Kingdom of Great Britain and Northern Ireland,HUMAN_OBSERVATION
51.689594,-4.995498,2013,9,United Kingdom of Great Britain and Northern Ireland,HUMAN_OBSERVATION
51.689594,-4.995498,2013,9,United Kingdom of Great Britain and Northern Ireland,HUMAN_OBSERVATION
51.689594,-4.995498,2013,9,United Kingdom of Great Britain and Northern Ireland,HUMAN_OBSERVATION
51.689594,-4.995498,2013,9,United Kingdom of Great Britain and Northern Ireland,HUMAN_OBSERVATION
51.689594,-4.995498,2013,9,United Kingdom of Great Britain and Northern Ireland,HUMAN_OBSERVATION
51.689594,-4.995498,2012,9,United Kingdom of Great Britain and Northern Ireland,HUMAN_OBSERVATION
51.689594,-4.995498,2012,9,United Kingdom of Great Britain and Northern Ireland,HUMAN_OBSERVATION
51.689594,-4.995498,2012,9,United Kingdom of Great Britain and Northern Ireland,HUMAN_OBSERVATION
51.689594,-4.995498,2012,9,United Kingdom of Great Britain and Northern Ireland,HUMAN_OBSERVATION
51.689594,-4.995498,2012,9,United Kingdom of Great Britain and Northern Ireland,HUMAN_OBSERVATION
51.689594,-4.995498,2012,9,United Kingdom of Great Britain and Northern Ireland,HUMAN_OBSERVATION
51.689594,-4.995498,2012,9,United Kingdom of Great Britain and Northern Ireland,HUMAN_OBSERVATION
51.689594,-4.995498,2012,9,United Kingdom of Great Britain and Northern Ireland,HUMAN_OBSERVATION
51.689761,-4.995517,2014,9,United Kingdom of Great Britain and Northern Ireland,HUMAN_OBSERVATION
51.689761,-4.995517,2014,9,United Kingdom of Great Britain and Northern Ireland,HUMAN_OBSERVATION
51.689761,-4.995517,2014,9,United Kingdom of Great Britain and Northern Ireland,HUMAN_OBSERVATION
51.689761,-4.995517,2014,9,United Kingdom of Great Britain and Northern Ireland,HUMAN_OBSERVATION
51.689761,-4.995517,2014,9,United Kingdom of Great Britain and Northern Ireland,HUMAN_OBSERVATION
51.689761,-4.995517,2014,9,United Kingdom of Great Britain and Northern Ireland,HUMAN_OBSERVATION
51.689761,-4.995517,2014,9,United Kingdom of Great Britain and Northern Ireland,HUMAN_OBSERVATION
51.689761,-4.995517,2014,9,United Kingdom of Great Britain and Northern Ireland,HUMAN_OBSERVATION
51.689761,-4.995517,2013,9,United Kingdom of Great Britain and Northern Ireland,HUMAN_OBSERVATION
51.689761,-4.995517,2013,9,United Kingdom of Great Britain and Northern Ireland,HUMAN_OBSERVATION
51.689761,-4.995517,2013,9,United Kingdom of Great Britain and Northern Ireland,HUMAN_OBSERVATION
51.689761,-4.995517,2013,9,United Kingdom of Great Britain and Northern Ireland,HUMAN_OBSERVATION
51.689761,-4.995517,2013,9,United Kingdom of Great Britain and Northern Ireland,HUMAN_OBSERVATION
51.689761,-4.995517,2013,9,United Kingdom of Great Britain and Northern Ireland,HUMAN_OBSERVATION
51.689761,-4.995517,2013,9,United Kingdom of Great Britain and Northern Ireland,HUMAN_OBSERVATION
51.689761,-4.995517,2013,9,United Kingdom of Great Britain and Northern Ireland,HUMAN_OBSERVATION
51.689761,-4.995517,2012,9,United Kingdom of Great Britain and Northern Ireland,HUMAN_OBSERVATION
51.689761,-4.995517,2012,9,United Kingdom of Great Britain and Northern Ireland,HUMAN_OBSERVATION
51.689761,-4.995517,2012,9,United Kingdom of Great Britain and Northern Ireland,HUMAN_OBSERVATION
51.689761,-4.995517,2012,9,United Kingdom of Great Britain and Northern Ireland,HUMAN_OBSERVATION
51.689761,-4.995517,2012,9,United Kingdom of Great Britain and Northern Ireland,HUMAN_OBSERVATION
51.689761,-4.995517,2012,9,United Kingdom of Great Britain and Northern Ireland,HUMAN_OBSERVATION
51.689761,-4.995517,2012,9,United Kingdom of Great Britain and Northern Ireland,HUMAN_OBSERVATION
51.689761,-4.995517,2012,9,United Kingdom of Great Britain and Northern Ireland,HUMAN_OBSERVATION
51.689908,-4.989738,1982,4,United Kingdom of Great Britain and Northern Ireland,HUMAN_OBSERVATION
51.689978,-9.451872,2021,9,Ireland,HUMAN_OBSERVATION
51.69,3.81,1952,8,Netherlands,HUMAN_OBSERVATION
51.690018,-4.985404,1982,4,United Kingdom of Great Britain and Northern Ireland,HUMAN_OBSERVATION
51.690326,-5.008578,1968,9,United Kingdom of Great Britain and Northern Ireland,HUMAN_OBSERVATION
51.690421,-4.078086,2000,5,United Kingdom of Great Britain and Northern Ireland,HUMAN_OBSERVATION
51.690421,-4.078086,2000,5,United Kingdom of Great Britain and Northern Ireland,HUMAN_OBSERVATION
51.690685,-5.046951,1998,5,United Kingdom of Great Britain and Northern Ireland,HUMAN_OBSERVATION
51.690685,-5.046951,1998,5,United Kingdom of Great Britain and Northern Ireland,HUMAN_OBSERVATION
51.690698,-4.078186,2000,5,United Kingdom of Great Britain and Northern Ireland,HUMAN_OBSERVATION
51.690698,-4.078186,2000,5,United Kingdom of Great Britain and Northern Ireland,HUMAN_OBSERVATION
51.690765,-5.095436,1996,10,United Kingdom of Great Britain and Northern Ireland,HUMAN_OBSERVATION
51.690765,-5.095436,1995,10,United Kingdom of Great Britain and Northern Ireland,HUMAN_OBSERVATION
51.690765,-5.095436,1995,10,United Kingdom of Great Britain and Northern Ireland,HUMAN_OBSERVATION
51.690765,-5.095436,1995,10,United Kingdom of Great Britain and Northern Ireland,HUMAN_OBSERVATION
51.691335,-5.004304,1994,10,United Kingdom of Great Britain and Northern Ireland,HUMAN_OBSERVATION
51.691392,-4.966682,1996,9,United Kingdom of Great Britain and Northern Ireland,HUMAN_OBSERVATION
51.691392,-4.966682,1995,10,United Kingdom of Great Britain and Northern Ireland,HUMAN_OBSERVATION
51.691392,-4.966682,1995,10,United Kingdom of Great Britain and Northern Ireland,HUMAN_OBSERVATION
51.691392,-4.966682,1995,10,United Kingdom of Great Britain and Northern Ireland,HUMAN_OBSERVATION
51.691392,-4.966682,1982,6,United Kingdom of Great Britain and Northern Ireland,HUMAN_OBSERVATION
51.691392,-4.966682,1979,2,United Kingdom of Great Britain and Northern Ireland,HUMAN_OBSERVATION
51.691392,-4.966682,1963,6,United Kingdom of Great Britain and Northern Ireland,HUMAN_OBSERVATION
51.691765,-5.15918,1961,6,United Kingdom of Great Britain and Northern Ireland,HUMAN_OBSERVATION
51.692085,-5.010142,1998,8,United Kingdom of Great Britain and Northern Ireland,HUMAN_OBSERVATION
51.692233,-5.004363,1994,12,United Kingdom of Great Britain and Northern Ireland,HUMAN_OBSERVATION
51.692663,-5.159243,1960,6,United Kingdom of Great Britain and Northern Ireland,HUMAN_OBSERVATION
51.692945,-5.011646,1982,4,United Kingdom of Great Britain and Northern Ireland,HUMAN_OBSERVATION
51.693771,-5.049329,1998,5,United Kingdom of Great Britain and Northern Ireland,HUMAN_OBSERVATION
51.693771,-5.049329,1998,5,United Kingdom of Great Britain and Northern Ireland,HUMAN_OBSERVATION
51.693811,-9.468627,2021,10,Ireland,HUMAN_OBSERVATION
51.694273,-9.467919,2021,10,Ireland,HUMAN_OBSERVATION
51.694335,-5.130414,1971,6,United Kingdom of Great Britain and Northern Ireland,HUMAN_OBSERVATION
51.694815,-5.008876,1985,10,United Kingdom of Great Britain and Northern Ireland,HUMAN_OBSERVATION
51.694815,-5.008876,1985,10,United Kingdom of Great Britain and Northern Ireland,HUMAN_OBSERVATION
51.694815,-5.008876,1985,10,United Kingdom of Great Britain and Northern Ireland,HUMAN_OBSERVATION
51.694815,-5.008876,1985,10,United Kingdom of Great Britain and Northern Ireland,HUMAN_OBSERVATION
51.694815,-5.008876,1985,10,United Kingdom of Great Britain and Northern Ireland,HUMAN_OBSERVATION
51.695006,-5.036387,1996,10,United Kingdom of Great Britain and Northern Ireland,HUMAN_OBSERVATION
51.695006,-5.036387,1963,6,United Kingdom of Great Britain and Northern Ireland,HUMAN_OBSERVATION
51.695044,-5.034942,1982,6,United Kingdom of Great Britain and Northern Ireland,HUMAN_OBSERVATION
51.695044,-5.034942,1979,3,United Kingdom of Great Britain and Northern Ireland,HUMAN_OBSERVATION
51.695111,-4.997318,1996,10,United Kingdom of Great Britain and Northern Ireland,HUMAN_OBSERVATION
51.695181,-4.678211,2000,9,United Kingdom of Great Britain and Northern Ireland,HUMAN_OBSERVATION
51.696545,-4.677568,2008,9,United Kingdom of Great Britain and Northern Ireland,HUMAN_OBSERVATION
51.696545,-4.677568,2008,9,United Kingdom of Great Britain and Northern Ireland,HUMAN_OBSERVATION
51.696545,-4.677568,2008,9,United Kingdom of Great Britain and Northern Ireland,HUMAN_OBSERVATION
51.696545,-4.677568,2008,9,United Kingdom of Great Britain and Northern Ireland,HUMAN_OBSERVATION
51.696545,-4.677568,2008,9,United Kingdom of Great Britain and Northern Ireland,HUMAN_OBSERVATION
51.696634,-4.972814,1996,10,United Kingdom of Great Britain and Northern Ireland,HUMAN_OBSERVATION
51.69677,-4.677974,2008,9,United Kingdom of Great Britain and Northern Ireland,HUMAN_OBSERVATION
51.696771,-4.678336,2008,9,United Kingdom of Great Britain and Northern Ireland,HUMAN_OBSERVATION
51.696806,-4.677585,2008,9,United Kingdom of Great Britain and Northern Ireland,HUMAN_OBSERVATION
51.696806,-4.677585,2008,9,United Kingdom of Great Britain and Northern Ireland,HUMAN_OBSERVATION
51.696936,-5.100199,1993,10,United Kingdom of Great Britain and Northern Ireland,HUMAN_OBSERVATION
51.696951,-5.030728,1971,6,United Kingdom of Great Britain and Northern Ireland,HUMAN_OBSERVATION
51.696965,-4.67732,2008,9,United Kingdom of Great Britain and Northern Ireland,HUMAN_OBSERVATION
51.69718,-4.954265,2014,7,United Kingdom of Great Britain and Northern Ireland,HUMAN_OBSERVATION
51.697239,-4.677119,2008,9,United Kingdom of Great Britain and Northern Ireland,HUMAN_OBSERVATION
51.697239,-4.677119,2008,9,United Kingdom of Great Britain and Northern Ireland,HUMAN_OBSERVATION
51.697443,-4.677621,2008,9,United Kingdom of Great Britain and Northern Ireland,HUMAN_OBSERVATION
51.697443,-4.677621,2008,9,United Kingdom of Great Britain and Northern Ireland,HUMAN_OBSERVATION
51.698004,-4.98417,2008,10,United Kingdom of Great Britain and Northern Ireland,MATERIAL_SAMPLE
51.698004,-4.98417,2008,10,United Kingdom of Great Britain and Northern Ireland,MATERIAL_SAMPLE
51.698006,-4.954089,2014,6,United Kingdom of Great Britain and Northern Ireland,HUMAN_OBSERVATION
51.698006,-4.954089,2014,6,United Kingdom of Great Britain and Northern Ireland,HUMAN_OBSERVATION
51.698102,-4.957424,2002,10,United Kingdom of Great Britain and Northern Ireland,HUMAN_OBSERVATION
51.698102,-4.957424,2002,10,United Kingdom of Great Britain and Northern Ireland,HUMAN_OBSERVATION
51.698102,-4.957424,2002,10,United Kingdom of Great Britain and Northern Ireland,HUMAN_OBSERVATION
51.698102,-4.957424,2002,10,United Kingdom of Great Britain and Northern Ireland,HUMAN_OBSERVATION
51.698242,-4.68201,2000,9,United Kingdom of Great Britain and Northern Ireland,HUMAN_OBSERVATION
51.698242,-4.68201,2000,9,United Kingdom of Great Britain and Northern Ireland,HUMAN_OBSERVATION
51.698296,-5.013449,1982,4,United Kingdom of Great Britain and Northern Ireland,HUMAN_OBSERVATION
51.698612,-4.965707,1993,10,United Kingdom of Great Britain and Northern Ireland,HUMAN_OBSERVATION
51.698612,-4.965707,1993,10,United Kingdom of Great Britain and Northern Ireland,HUMAN_OBSERVATION
51.698801,-4.960002,2002,10,United Kingdom of Great Britain and Northern Ireland,HUMAN_OBSERVATION
51.698801,-4.960002,2002,10,United Kingdom of Great Britain and Northern Ireland,HUMAN_OBSERVATION
51.698801,-4.960002,2002,10,United Kingdom of Great Britain and Northern Ireland,HUMAN_OBSERVATION
51.698801,-4.960002,2002,10,United Kingdom of Great Britain and Northern Ireland,HUMAN_OBSERVATION
51.698997,-4.985996,1982,6,United Kingdom of Great Britain and Northern Ireland,HUMAN_OBSERVATION
51.698997,-4.985996,1963,6,United Kingdom of Great Britain and Northern Ireland,HUMAN_OBSERVATION
51.699034,-4.984551,1996,10,United Kingdom of Great Britain and Northern Ireland,HUMAN_OBSERVATION
51.699121,-5.051137,1993,10,United Kingdom of Great Britain and Northern Ireland,HUMAN_OBSERVATION
51.69949,-5.001949,1982,4,United Kingdom of Great Britain and Northern Ireland,HUMAN_OBSERVATION
51.699719,-5.028018,1996,10,United Kingdom of Great Britain and Northern Ireland,HUMAN_OBSERVATION
51.699906,-4.687898,2000,9,United Kingdom of Great Britain and Northern Ireland,HUMAN_OBSERVATION
51.699906,-4.687898,2000,9,United Kingdom of Great Britain and Northern Ireland,HUMAN_OBSERVATION
51.699932,-4.98461,1995,10,United Kingdom of Great Britain and Northern Ireland,HUMAN_OBSERVATION
51.699932,-4.98461,1995,10,United Kingdom of Great Britain and Northern Ireland,HUMAN_OBSERVATION
51.699932,-4.98461,1995,10,United Kingdom of Great Britain and Northern Ireland,HUMAN_OBSERVATION
51.7,4.1,1958,11,Netherlands,HUMAN_OBSERVATION
51.700005,-4.98172,1985,10,United Kingdom of Great Britain and Northern Ireland,HUMAN_OBSERVATION
51.700019,-4.945536,1993,10,United Kingdom of Great Britain and Northern Ireland,HUMAN_OBSERVATION
51.700019,-4.945536,1993,10,United Kingdom of Great Britain and Northern Ireland,HUMAN_OBSERVATION
51.700019,-4.945536,1993,10,United Kingdom of Great Britain and Northern Ireland,HUMAN_OBSERVATION
51.700092,-4.942646,2004,9,United Kingdom of Great Britain and Northern Ireland,HUMAN_OBSERVATION
51.700092,-4.942646,2004,9,United Kingdom of Great Britain and Northern Ireland,HUMAN_OBSERVATION
51.700298,-4.97016,1996,10,United Kingdom of Great Britain and Northern Ireland,HUMAN_OBSERVATION
51.700424,-8.535165,2003,,Ireland,HUMAN_OBSERVATION
51.700633,-4.920969,1978,9,United Kingdom of Great Britain and Northern Ireland,HUMAN_OBSERVATION
51.700669,-4.919524,2014,6,United Kingdom of Great Britain and Northern Ireland,HUMAN_OBSERVATION
51.700669,-4.919524,2014,6,United Kingdom of Great Britain and Northern Ireland,HUMAN_OBSERVATION
51.70082,-5.156917,1961,6,United Kingdom of Great Britain and Northern Ireland,HUMAN_OBSERVATION
51.700899,-5.170673,1998,,United Kingdom of Great Britain and Northern Ireland,HUMAN_OBSERVATION
51.701415,-4.961548,1993,10,United Kingdom of Great Britain and Northern Ireland,HUMAN_OBSERVATION
51.701415,-4.961548,1993,10,United Kingdom of Great Britain and Northern Ireland,HUMAN_OBSERVATION
51.701452,-4.960103,1978,7,United Kingdom of Great Britain and Northern Ireland,HUMAN_OBSERVATION
51.701452,-4.960103,1978,7,United Kingdom of Great Britain and Northern Ireland,HUMAN_OBSERVATION
51.701452,-4.960103,1978,7,United Kingdom of Great Britain and Northern Ireland,HUMAN_OBSERVATION
51.701459,-4.923918,1978,6,United Kingdom of Great Britain and Northern Ireland,HUMAN_OBSERVATION
51.701531,-4.921027,1978,9,United Kingdom of Great Britain and Northern Ireland,HUMAN_OBSERVATION
51.701567,-4.919582,1996,10,United Kingdom of Great Britain and Northern Ireland,HUMAN_OBSERVATION
51.701634,-4.952878,1996,5,United Kingdom of Great Britain and Northern Ireland,HUMAN_OBSERVATION
51.701718,-5.156979,1960,6,United Kingdom of Great Britain and Northern Ireland,HUMAN_OBSERVATION
51.701779,-4.947097,1996,10,United Kingdom of Great Britain and Northern Ireland,HUMAN_OBSERVATION
51.701887,-5.013688,1982,4,United Kingdom of Great Britain and Northern Ireland,HUMAN_OBSERVATION
51.701912,-5.149755,1995,10,United Kingdom of Great Britain and Northern Ireland,HUMAN_OBSERVATION
51.701912,-5.149755,1982,6,United Kingdom of Great Britain and Northern Ireland,HUMAN_OBSERVATION
51.701912,-5.149755,1961,6,United Kingdom of Great Britain and Northern Ireland,HUMAN_OBSERVATION
51.701912,-5.149755,1960,6,United Kingdom of Great Britain and Northern Ireland,HUMAN_OBSERVATION
51.701984,-4.974613,1996,10,United Kingdom of Great Britain and Northern Ireland,HUMAN_OBSERVATION
51.701984,-4.974613,1995,10,United Kingdom of Great Britain and Northern Ireland,HUMAN_OBSERVATION
51.701984,-4.974613,1995,10,United Kingdom of Great Britain and Northern Ireland,HUMAN_OBSERVATION
51.701984,-4.974613,1995,10,United Kingdom of Great Britain and Northern Ireland,HUMAN_OBSERVATION
51.702072,-5.006463,1963,6,United Kingdom of Great Britain and Northern Ireland,HUMAN_OBSERVATION
51.702109,-5.005018,1996,10,United Kingdom of Great Britain and Northern Ireland,HUMAN_OBSERVATION
51.702109,-5.005018,1995,10,United Kingdom of Great Britain and Northern Ireland,HUMAN_OBSERVATION
51.702109,-5.005018,1995,10,United Kingdom of Great Britain and Northern Ireland,HUMAN_OBSERVATION
51.702109,-5.005018,1995,10,United Kingdom of Great Britain and Northern Ireland,HUMAN_OBSERVATION
51.702109,-5.005018,1995,10,United Kingdom of Great Britain and Northern Ireland,HUMAN_OBSERVATION
51.702109,-5.005018,1995,10,United Kingdom of Great Britain and Northern Ireland,HUMAN_OBSERVATION
51.702109,-5.005018,1982,6,United Kingdom of Great Britain and Northern Ireland,HUMAN_OBSERVATION
51.702109,-5.005018,1979,3,United Kingdom of Great Britain and Northern Ireland,HUMAN_OBSERVATION
51.702277,-4.963052,1996,10,United Kingdom of Great Britain and Northern Ireland,HUMAN_OBSERVATION
51.702321,-4.925421,1978,10,United Kingdom of Great Britain and Northern Ireland,HUMAN_OBSERVATION
51.702446,-5.11288,1998,4,United Kingdom of Great Britain and Northern Ireland,HUMAN_OBSERVATION
51.702446,-5.11288,1998,5,United Kingdom of Great Britain and Northern Ireland,HUMAN_OBSERVATION
51.702446,-5.11288,1998,5,United Kingdom of Great Britain and Northern Ireland,HUMAN_OBSERVATION
51.702446,-5.11288,1998,,United Kingdom of Great Britain and Northern Ireland,HUMAN_OBSERVATION
51.702589,-5.090453,,,United Kingdom of Great Britain and Northern Ireland,HUMAN_OBSERVATION
51.702589,-5.090453,,,United Kingdom of Great Britain and Northern Ireland,HUMAN_OBSERVATION
51.70273,-5.073641,2005,9,United Kingdom of Great Britain and Northern Ireland,HUMAN_OBSERVATION
51.702919,-4.973227,2014,9,United Kingdom of Great Britain and Northern Ireland,HUMAN_OBSERVATION
51.702919,-4.973227,2014,9,United Kingdom of Great Britain and Northern Ireland,HUMAN_OBSERVATION
51.702919,-4.973227,2014,9,United Kingdom of Great Britain and Northern Ireland,HUMAN_OBSERVATION
51.702919,-4.973227,2014,9,United Kingdom of Great Britain and Northern Ireland,HUMAN_OBSERVATION
51.702919,-4.973227,2014,9,United Kingdom of Great Britain and Northern Ireland,HUMAN_OBSERVATION
51.702919,-4.973227,2014,9,United Kingdom of Great Britain and Northern Ireland,HUMAN_OBSERVATION
51.702919,-4.973227,2014,9,United Kingdom of Great Britain and Northern Ireland,HUMAN_OBSERVATION
51.702919,-4.973227,2014,9,United Kingdom of Great Britain and Northern Ireland,HUMAN_OBSERVATION
51.702919,-4.973227,2013,9,United Kingdom of Great Britain and Northern Ireland,HUMAN_OBSERVATION
51.702919,-4.973227,2013,9,United Kingdom of Great Britain and Northern Ireland,HUMAN_OBSERVATION
51.702919,-4.973227,2013,9,United Kingdom of Great Britain and Northern Ireland,HUMAN_OBSERVATION
51.702919,-4.973227,2013,9,United Kingdom of Great Britain and Northern Ireland,HUMAN_OBSERVATION
51.702919,-4.973227,2013,9,United Kingdom of Great Britain and Northern Ireland,HUMAN_OBSERVATION
51.702919,-4.973227,2013,9,United Kingdom of Great Britain and Northern Ireland,HUMAN_OBSERVATION
51.702919,-4.973227,2013,9,United Kingdom of Great Britain and Northern Ireland,HUMAN_OBSERVATION
51.702919,-4.973227,2013,9,United Kingdom of Great Britain and Northern Ireland,HUMAN_OBSERVATION
51.702919,-4.973227,2013,9,United Kingdom of Great Britain and Northern Ireland,HUMAN_OBSERVATION
51.702919,-4.973227,2013,9,United Kingdom of Great Britain and Northern Ireland,HUMAN_OBSERVATION
51.702919,-4.973227,2013,9,United Kingdom of Great Britain and Northern Ireland,HUMAN_OBSERVATION
51.702919,-4.973227,2013,9,United Kingdom of Great Britain and Northern Ireland,HUMAN_OBSERVATION
51.702919,-4.973227,2012,9,United Kingdom of Great Britain and Northern Ireland,HUMAN_OBSERVATION
51.702919,-4.973227,2012,9,United Kingdom of Great Britain and Northern Ireland,HUMAN_OBSERVATION
51.702919,-4.973227,2012,9,United Kingdom of Great Britain and Northern Ireland,HUMAN_OBSERVATION
51.702919,-4.973227,2012,9,United Kingdom of Great Britain and Northern Ireland,HUMAN_OBSERVATION
51.702919,-4.973227,2012,9,United Kingdom of Great Britain and Northern Ireland,HUMAN_OBSERVATION
51.702919,-4.973227,2012,9,United Kingdom of Great Britain and Northern Ireland,HUMAN_OBSERVATION
51.702919,-4.973227,2012,9,United Kingdom of Great Britain and Northern Ireland,HUMAN_OBSERVATION
51.702919,-4.973227,2012,9,United Kingdom of Great Britain and Northern Ireland,HUMAN_OBSERVATION
51.702919,-4.973227,2012,9,United Kingdom of Great Britain and Northern Ireland,HUMAN_OBSERVATION
51.702919,-4.973227,2012,9,United Kingdom of Great Britain and Northern Ireland,HUMAN_OBSERVATION
51.702919,-4.973227,2012,9,United Kingdom of Great Britain and Northern Ireland,HUMAN_OBSERVATION
51.702919,-4.973227,2012,9,United Kingdom of Great Britain and Northern Ireland,HUMAN_OBSERVATION
51.702919,-4.973227,2011,9,United Kingdom of Great Britain and Northern Ireland,HUMAN_OBSERVATION
51.702919,-4.973227,2011,9,United Kingdom of Great Britain and Northern Ireland,HUMAN_OBSERVATION
51.702919,-4.973227,2011,9,United Kingdom of Great Britain and Northern Ireland,HUMAN_OBSERVATION
51.702919,-4.973227,2011,9,United Kingdom of Great Britain and Northern Ireland,HUMAN_OBSERVATION
51.702919,-4.973227,2011,9,United Kingdom of Great Britain and Northern Ireland,HUMAN_OBSERVATION
51.702919,-4.973227,2011,9,United Kingdom of Great Britain and Northern Ireland,HUMAN_OBSERVATION
51.702919,-4.973227,2011,9,United Kingdom of Great Britain and Northern Ireland,HUMAN_OBSERVATION
51.702919,-4.973227,2011,9,United Kingdom of Great Britain and Northern Ireland,HUMAN_OBSERVATION
51.702919,-4.973227,2011,9,United Kingdom of Great Britain and Northern Ireland,HUMAN_OBSERVATION
51.702919,-4.973227,2011,9,United Kingdom of Great Britain and Northern Ireland,HUMAN_OBSERVATION
51.702919,-4.973227,2011,9,United Kingdom of Great Britain and Northern Ireland,HUMAN_OBSERVATION
51.702919,-4.973227,2011,9,United Kingdom of Great Britain and Northern Ireland,HUMAN_OBSERVATION
51.702919,-4.973227,2010,9,United Kingdom of Great Britain and Northern Ireland,HUMAN_OBSERVATION
51.702919,-4.973227,2010,9,United Kingdom of Great Britain and Northern Ireland,HUMAN_OBSERVATION
51.702919,-4.973227,2010,9,United Kingdom of Great Britain and Northern Ireland,HUMAN_OBSERVATION
51.702919,-4.973227,2010,9,United Kingdom of Great Britain and Northern Ireland,HUMAN_OBSERVATION
51.702919,-4.973227,2010,9,United Kingdom of Great Britain and Northern Ireland,HUMAN_OBSERVATION
51.702919,-4.973227,2010,9,United Kingdom of Great Britain and Northern Ireland,HUMAN_OBSERVATION
51.702919,-4.973227,2010,9,United Kingdom of Great Britain and Northern Ireland,HUMAN_OBSERVATION
51.702919,-4.973227,2010,9,United Kingdom of Great Britain and Northern Ireland,HUMAN_OBSERVATION
51.702919,-4.973227,2010,9,United Kingdom of Great Britain and Northern Ireland,HUMAN_OBSERVATION
51.702919,-4.973227,2010,9,United Kingdom of Great Britain and Northern Ireland,HUMAN_OBSERVATION
51.702919,-4.973227,2010,9,United Kingdom of Great Britain and Northern Ireland,HUMAN_OBSERVATION
51.702919,-4.973227,2010,9,United Kingdom of Great Britain and Northern Ireland,HUMAN_OBSERVATION
51.702919,-4.973227,1982,6,United Kingdom of Great Britain and Northern Ireland,HUMAN_OBSERVATION
51.702919,-4.973227,1979,3,United Kingdom of Great Britain and Northern Ireland,HUMAN_OBSERVATION
51.702991,-4.972672,2014,9,United Kingdom of Great Britain and Northern Ireland,HUMAN_OBSERVATION
51.702991,-4.972672,2014,9,United Kingdom of Great Britain and Northern Ireland,HUMAN_OBSERVATION
51.702991,-4.972672,2014,9,United Kingdom of Great Britain and Northern Ireland,HUMAN_OBSERVATION
51.702991,-4.972672,2014,9,United Kingdom of Great Britain and Northern Ireland,HUMAN_OBSERVATION
51.702991,-4.972672,2014,9,United Kingdom of Great Britain and Northern Ireland,HUMAN_OBSERVATION
51.702991,-4.972672,2014,9,United Kingdom of Great Britain and Northern Ireland,HUMAN_OBSERVATION
51.702991,-4.972672,2014,9,United Kingdom of Great Britain and Northern Ireland,HUMAN_OBSERVATION
51.702991,-4.972672,2014,9,United Kingdom of Great Britain and Northern Ireland,HUMAN_OBSERVATION
51.702991,-4.972672,2013,9,United Kingdom of Great Britain and Northern Ireland,HUMAN_OBSERVATION
51.702991,-4.972672,2013,9,United Kingdom of Great Britain and Northern Ireland,HUMAN_OBSERVATION
51.702991,-4.972672,2013,9,United Kingdom of Great Britain and Northern Ireland,HUMAN_OBSERVATION
51.702991,-4.972672,2013,9,United Kingdom of Great Britain and Northern Ireland,HUMAN_OBSERVATION
51.702991,-4.972672,2013,9,United Kingdom of Great Britain and Northern Ireland,HUMAN_OBSERVATION
51.702991,-4.972672,2013,9,United Kingdom of Great Britain and Northern Ireland,HUMAN_OBSERVATION
51.702991,-4.972672,2013,9,United Kingdom of Great Britain and Northern Ireland,HUMAN_OBSERVATION
51.702991,-4.972672,2013,9,United Kingdom of Great Britain and Northern Ireland,HUMAN_OBSERVATION
51.702991,-4.972672,2013,9,United Kingdom of Great Britain and Northern Ireland,HUMAN_OBSERVATION
51.702991,-4.972672,2013,9,United Kingdom of Great Britain and Northern Ireland,HUMAN_OBSERVATION
51.702991,-4.972672,2013,9,United Kingdom of Great Britain and Northern Ireland,HUMAN_OBSERVATION
51.702991,-4.972672,2013,9,United Kingdom of Great Britain and Northern Ireland,HUMAN_OBSERVATION
51.702991,-4.972672,2012,9,United Kingdom of Great Britain and Northern Ireland,HUMAN_OBSERVATION
51.702991,-4.972672,2012,9,United Kingdom of Great Britain and Northern Ireland,HUMAN_OBSERVATION
51.702991,-4.972672,2012,9,United Kingdom of Great Britain and Northern Ireland,HUMAN_OBSERVATION
51.702991,-4.972672,2012,9,United Kingdom of Great Britain and Northern Ireland,HUMAN_OBSERVATION
51.702991,-4.972672,2012,9,United Kingdom of Great Britain and Northern Ireland,HUMAN_OBSERVATION
51.702991,-4.972672,2012,9,United Kingdom of Great Britain and Northern Ireland,HUMAN_OBSERVATION
51.702991,-4.972672,2012,9,United Kingdom of Great Britain and Northern Ireland,HUMAN_OBSERVATION
51.702991,-4.972672,2012,9,United Kingdom of Great Britain and Northern Ireland,HUMAN_OBSERVATION
51.702991,-4.972672,2012,9,United Kingdom of Great Britain and Northern Ireland,HUMAN_OBSERVATION
51.702991,-4.972672,2012,9,United Kingdom of Great Britain and Northern Ireland,HUMAN_OBSERVATION
51.702991,-4.972672,2012,9,United Kingdom of Great Britain and Northern Ireland,HUMAN_OBSERVATION
51.702991,-4.972672,2012,9,United Kingdom of Great Britain and Northern Ireland,HUMAN_OBSERVATION
51.702991,-4.972672,2011,9,United Kingdom of Great Britain and Northern Ireland,HUMAN_OBSERVATION
51.702991,-4.972672,2011,9,United Kingdom of Great Britain and Northern Ireland,HUMAN_OBSERVATION
51.702991,-4.972672,2011,9,United Kingdom of Great Britain and Northern Ireland,HUMAN_OBSERVATION
51.702991,-4.972672,2011,9,United Kingdom of Great Britain and Northern Ireland,HUMAN_OBSERVATION
51.702991,-4.972672,2010,9,United Kingdom of Great Britain and Northern Ireland,HUMAN_OBSERVATION
51.702991,-4.972672,2010,9,United Kingdom of Great Britain and Northern Ireland,HUMAN_OBSERVATION
51.702991,-4.972672,2010,9,United Kingdom of Great Britain and Northern Ireland,HUMAN_OBSERVATION
51.702991,-4.972672,2010,9,United Kingdom of Great Britain and Northern Ireland,HUMAN_OBSERVATION
51.702991,-4.972672,2010,9,United Kingdom of Great Britain and Northern Ireland,HUMAN_OBSERVATION
51.702991,-4.972672,2010,9,United Kingdom of Great Britain and Northern Ireland,HUMAN_OBSERVATION
51.702991,-4.972672,2010,9,United Kingdom of Great Britain and Northern Ireland,HUMAN_OBSERVATION
51.702991,-4.972672,2010,9,United Kingdom of Great Britain and Northern Ireland,HUMAN_OBSERVATION
51.702991,-4.972672,2010,9,United Kingdom of Great Britain and Northern Ireland,HUMAN_OBSERVATION
51.702991,-4.972672,2010,9,United Kingdom of Great Britain and Northern Ireland,HUMAN_OBSERVATION
51.702991,-4.972672,2010,9,United Kingdom of Great Britain and Northern Ireland,HUMAN_OBSERVATION
51.702991,-4.972672,2010,9,United Kingdom of Great Britain and Northern Ireland,HUMAN_OBSERVATION
51.703027,-4.972675,2011,9,United Kingdom of Great Britain and Northern Ireland,HUMAN_OBSERVATION
51.703027,-4.972675,2011,9,United Kingdom of Great Britain and Northern Ireland,HUMAN_OBSERVATION
51.703027,-4.972675,2011,9,United Kingdom of Great Britain and Northern Ireland,HUMAN_OBSERVATION
51.703027,-4.972675,2011,9,United Kingdom of Great Britain and Northern Ireland,HUMAN_OBSERVATION
51.703044,-5.073114,2005,9,United Kingdom of Great Britain and Northern Ireland,HUMAN_OBSERVATION
51.703063,-4.972677,2011,9,United Kingdom of Great Britain and Northern Ireland,HUMAN_OBSERVATION
51.703063,-4.972677,2011,9,United Kingdom of Great Britain and Northern Ireland,HUMAN_OBSERVATION
51.703063,-4.972677,2011,9,United Kingdom of Great Britain and Northern Ireland,HUMAN_OBSERVATION
51.703063,-4.972677,2011,9,United Kingdom of Great Britain and Northern Ireland,HUMAN_OBSERVATION
51.70343,-4.952995,1996,5,United Kingdom of Great Britain and Northern Ireland,HUMAN_OBSERVATION
51.703794,-5.009472,1998,4,United Kingdom of Great Britain and Northern Ireland,HUMAN_OBSERVATION
51.703794,-5.009472,1998,4,United Kingdom of Great Britain and Northern Ireland,HUMAN_OBSERVATION
51.703853,-4.97184,1963,6,United Kingdom of Great Britain and Northern Ireland,HUMAN_OBSERVATION
51.703973,-4.931317,1978,9,United Kingdom of Great Britain and Northern Ireland,HUMAN_OBSERVATION
51.704009,-4.929872,2014,9,United Kingdom of Great Britain and Northern Ireland,HUMAN_OBSERVATION
51.704009,-4.929872,2014,9,United Kingdom of Great Britain and Northern Ireland,HUMAN_OBSERVATION
51.704009,-4.929872,2014,9,United Kingdom of Great Britain and Northern Ireland,HUMAN_OBSERVATION
51.704009,-4.929872,2014,9,United Kingdom of Great Britain and Northern Ireland,HUMAN_OBSERVATION
51.704009,-4.929872,2014,9,United Kingdom of Great Britain and Northern Ireland,HUMAN_OBSERVATION
51.704009,-4.929872,2014,9,United Kingdom of Great Britain and Northern Ireland,HUMAN_OBSERVATION
51.704009,-4.929872,2014,9,United Kingdom of Great Britain and Northern Ireland,HUMAN_OBSERVATION
51.704009,-4.929872,2014,9,United Kingdom of Great Britain and Northern Ireland,HUMAN_OBSERVATION
51.704009,-4.929872,2014,9,United Kingdom of Great Britain and Northern Ireland,HUMAN_OBSERVATION
51.704009,-4.929872,2014,9,United Kingdom of Great Britain and Northern Ireland,HUMAN_OBSERVATION
51.704009,-4.929872,2014,9,United Kingdom of Great Britain and Northern Ireland,HUMAN_OBSERVATION
51.704009,-4.929872,2013,9,United Kingdom of Great Britain and Northern Ireland,HUMAN_OBSERVATION
51.704009,-4.929872,2013,9,United Kingdom of Great Britain and Northern Ireland,HUMAN_OBSERVATION
51.704009,-4.929872,2013,9,United Kingdom of Great Britain and Northern Ireland,HUMAN_OBSERVATION
51.704009,-4.929872,2013,9,United Kingdom of Great Britain and Northern Ireland,HUMAN_OBSERVATION
51.704009,-4.929872,2013,9,United Kingdom of Great Britain and Northern Ireland,HUMAN_OBSERVATION
51.704009,-4.929872,2013,9,United Kingdom of Great Britain and Northern Ireland,HUMAN_OBSERVATION
51.704009,-4.929872,2013,9,United Kingdom of Great Britain and Northern Ireland,HUMAN_OBSERVATION
51.704009,-4.929872,2013,9,United Kingdom of Great Britain and Northern Ireland,HUMAN_OBSERVATION
51.704009,-4.929872,2013,9,United Kingdom of Great Britain and Northern Ireland,HUMAN_OBSERVATION
51.704009,-4.929872,2013,9,United Kingdom of Great Britain and Northern Ireland,HUMAN_OBSERVATION
51.704009,-4.929872,2013,9,United Kingdom of Great Britain and Northern Ireland,HUMAN_OBSERVATION
51.704009,-4.929872,2012,9,United Kingdom of Great Britain and Northern Ireland,HUMAN_OBSERVATION
51.704009,-4.929872,2012,9,United Kingdom of Great Britain and Northern Ireland,HUMAN_OBSERVATION
51.704009,-4.929872,2012,9,United Kingdom of Great Britain and Northern Ireland,HUMAN_OBSERVATION
51.704009,-4.929872,2012,9,United Kingdom of Great Britain and Northern Ireland,HUMAN_OBSERVATION
51.704009,-4.929872,2012,9,United Kingdom of Great Britain and Northern Ireland,HUMAN_OBSERVATION
51.704009,-4.929872,2012,9,United Kingdom of Great Britain and Northern Ireland,HUMAN_OBSERVATION
51.704009,-4.929872,2012,9,United Kingdom of Great Britain and Northern Ireland,HUMAN_OBSERVATION
51.704009,-4.929872,2012,9,United Kingdom of Great Britain and Northern Ireland,HUMAN_OBSERVATION
51.704009,-4.929872,2012,9,United Kingdom of Great Britain and Northern Ireland,HUMAN_OBSERVATION
51.704009,-4.929872,2011,8,United Kingdom of Great Britain and Northern Ireland,HUMAN_OBSERVATION
51.704009,-4.929872,2011,8,United Kingdom of Great Britain and Northern Ireland,HUMAN_OBSERVATION
51.704009,-4.929872,2011,8,United Kingdom of Great Britain and Northern Ireland,HUMAN_OBSERVATION
51.704009,-4.929872,2011,8,United Kingdom of Great Britain and Northern Ireland,HUMAN_OBSERVATION
51.704009,-4.929872,2011,8,United Kingdom of Great Britain and Northern Ireland,HUMAN_OBSERVATION
51.704009,-4.929872,2011,8,United Kingdom of Great Britain and Northern Ireland,HUMAN_OBSERVATION
51.704009,-4.929872,2011,8,United Kingdom of Great Britain and Northern Ireland,HUMAN_OBSERVATION
51.704009,-4.929872,2011,8,United Kingdom of Great Britain and Northern Ireland,HUMAN_OBSERVATION
51.704009,-4.929872,2011,8,United Kingdom of Great Britain and Northern Ireland,HUMAN_OBSERVATION
51.704009,-4.929872,2010,9,United Kingdom of Great Britain and Northern Ireland,HUMAN_OBSERVATION
51.704009,-4.929872,2010,9,United Kingdom of Great Britain and Northern Ireland,HUMAN_OBSERVATION
51.704009,-4.929872,2010,9,United Kingdom of Great Britain and Northern Ireland,HUMAN_OBSERVATION
51.704009,-4.929872,2010,9,United Kingdom of Great Britain and Northern Ireland,HUMAN_OBSERVATION
51.704009,-4.929872,2010,9,United Kingdom of Great Britain and Northern Ireland,HUMAN_OBSERVATION
51.704009,-4.929872,2010,9,United Kingdom of Great Britain and Northern Ireland,HUMAN_OBSERVATION
51.704009,-4.929872,2010,9,United Kingdom of Great Britain and Northern Ireland,HUMAN_OBSERVATION
51.704009,-4.929872,2010,9,United Kingdom of Great Britain and Northern Ireland,HUMAN_OBSERVATION
51.704009,-4.929872,2010,9,United Kingdom of Great Britain and Northern Ireland,HUMAN_OBSERVATION
51.704009,-4.929872,2010,9,United Kingdom of Great Britain and Northern Ireland,HUMAN_OBSERVATION
51.704009,-4.929872,2010,9,United Kingdom of Great Britain and Northern Ireland,HUMAN_OBSERVATION
51.704009,-4.929872,2008,9,United Kingdom of Great Britain and Northern Ireland,HUMAN_OBSERVATION
51.704009,-4.929872,2008,9,United Kingdom of Great Britain and Northern Ireland,HUMAN_OBSERVATION
51.704009,-4.929872,2008,9,United Kingdom of Great Britain and Northern Ireland,HUMAN_OBSERVATION
51.704009,-4.929872,2008,9,United Kingdom of Great Britain and Northern Ireland,HUMAN_OBSERVATION
51.704009,-4.929872,2008,9,United Kingdom of Great Britain and Northern Ireland,HUMAN_OBSERVATION
51.704009,-4.929872,2008,9,United Kingdom of Great Britain and Northern Ireland,HUMAN_OBSERVATION
51.704009,-4.929872,2008,9,United Kingdom of Great Britain and Northern Ireland,HUMAN_OBSERVATION
51.704009,-4.929872,2008,9,United Kingdom of Great Britain and Northern Ireland,HUMAN_OBSERVATION
51.704009,-4.929872,2008,9,United Kingdom of Great Britain and Northern Ireland,HUMAN_OBSERVATION
51.704009,-4.929872,2008,9,United Kingdom of Great Britain and Northern Ireland,HUMAN_OBSERVATION
51.704009,-4.929872,2008,9,United Kingdom of Great Britain and Northern Ireland,HUMAN_OBSERVATION
51.704009,-4.929872,1996,10,United Kingdom of Great Britain and Northern Ireland,HUMAN_OBSERVATION
51.704009,-4.929872,1995,10,United Kingdom of Great Britain and Northern Ireland,HUMAN_OBSERVATION
51.704009,-4.929872,1995,10,United Kingdom of Great Britain and Northern Ireland,HUMAN_OBSERVATION
51.704009,-4.929872,1995,10,United Kingdom of Great Britain and Northern Ireland,HUMAN_OBSERVATION
51.704009,-4.929872,1978,7,United Kingdom of Great Britain and Northern Ireland,HUMAN_OBSERVATION
51.704045,-4.928427,1982,6,United Kingdom of Great Britain and Northern Ireland,HUMAN_OBSERVATION
51.704045,-4.928427,1979,3,United Kingdom of Great Britain and Northern Ireland,HUMAN_OBSERVATION
51.704045,-4.928427,1978,8,United Kingdom of Great Britain and Northern Ireland,HUMAN_OBSERVATION
51.704045,-4.928427,1963,6,United Kingdom of Great Britain and Northern Ireland,HUMAN_OBSERVATION
51.704079,-4.929374,2014,9,United Kingdom of Great Britain and Northern Ireland,HUMAN_OBSERVATION
51.704079,-4.929374,2014,9,United Kingdom of Great Britain and Northern Ireland,HUMAN_OBSERVATION
51.704079,-4.929374,2014,9,United Kingdom of Great Britain and Northern Ireland,HUMAN_OBSERVATION
51.704079,-4.929374,2014,9,United Kingdom of Great Britain and Northern Ireland,HUMAN_OBSERVATION
51.704079,-4.929374,2014,9,United Kingdom of Great Britain and Northern Ireland,HUMAN_OBSERVATION
51.704079,-4.929374,2014,9,United Kingdom of Great Britain and Northern Ireland,HUMAN_OBSERVATION
51.704079,-4.929374,2014,9,United Kingdom of Great Britain and Northern Ireland,HUMAN_OBSERVATION
51.704079,-4.929374,2014,9,United Kingdom of Great Britain and Northern Ireland,HUMAN_OBSERVATION
51.704079,-4.929374,2014,9,United Kingdom of Great Britain and Northern Ireland,HUMAN_OBSERVATION
51.704079,-4.929374,2014,9,United Kingdom of Great Britain and Northern Ireland,HUMAN_OBSERVATION
51.704079,-4.929374,2014,9,United Kingdom of Great Britain and Northern Ireland,HUMAN_OBSERVATION
51.704079,-4.929374,2013,9,United Kingdom of Great Britain and Northern Ireland,HUMAN_OBSERVATION
51.704079,-4.929374,2013,9,United Kingdom of Great Britain and Northern Ireland,HUMAN_OBSERVATION
51.704079,-4.929374,2013,9,United Kingdom of Great Britain and Northern Ireland,HUMAN_OBSERVATION
51.704079,-4.929374,2013,9,United Kingdom of Great Britain and Northern Ireland,HUMAN_OBSERVATION
51.704079,-4.929374,2013,9,United Kingdom of Great Britain and Northern Ireland,HUMAN_OBSERVATION
51.704079,-4.929374,2013,9,United Kingdom of Great Britain and Northern Ireland,HUMAN_OBSERVATION
51.704079,-4.929374,2013,9,United Kingdom of Great Britain and Northern Ireland,HUMAN_OBSERVATION
51.704079,-4.929374,2013,9,United Kingdom of Great Britain and Northern Ireland,HUMAN_OBSERVATION
51.704079,-4.929374,2013,9,United Kingdom of Great Britain and Northern Ireland,HUMAN_OBSERVATION
51.704079,-4.929374,2013,9,United Kingdom of Great Britain and Northern Ireland,HUMAN_OBSERVATION
51.704079,-4.929374,2013,9,United Kingdom of Great Britain and Northern Ireland,HUMAN_OBSERVATION
51.704079,-4.929374,2012,9,United Kingdom of Great Britain and Northern Ireland,HUMAN_OBSERVATION
51.704079,-4.929374,2012,9,United Kingdom of Great Britain and Northern Ireland,HUMAN_OBSERVATION
51.704079,-4.929374,2012,9,United Kingdom of Great Britain and Northern Ireland,HUMAN_OBSERVATION
51.704079,-4.929374,2012,9,United Kingdom of Great Britain and Northern Ireland,HUMAN_OBSERVATION
51.704079,-4.929374,2012,9,United Kingdom of Great Britain and Northern Ireland,HUMAN_OBSERVATION
51.704079,-4.929374,2012,9,United Kingdom of Great Britain and Northern Ireland,HUMAN_OBSERVATION
51.704079,-4.929374,2012,9,United Kingdom of Great Britain and Northern Ireland,HUMAN_OBSERVATION
51.704079,-4.929374,2012,9,United Kingdom of Great Britain and Northern Ireland,HUMAN_OBSERVATION
51.704079,-4.929374,2012,9,United Kingdom of Great Britain and Northern Ireland,HUMAN_OBSERVATION
51.704079,-4.929374,2011,8,United Kingdom of Great Britain and Northern Ireland,HUMAN_OBSERVATION
51.704079,-4.929374,2011,8,United Kingdom of Great Britain and Northern Ireland,HUMAN_OBSERVATION
51.704079,-4.929374,2011,8,United Kingdom of Great Britain and Northern Ireland,HUMAN_OBSERVATION
51.704079,-4.929374,2011,8,United Kingdom of Great Britain and Northern Ireland,HUMAN_OBSERVATION
51.704079,-4.929374,2011,8,United Kingdom of Great Britain and Northern Ireland,HUMAN_OBSERVATION
51.704079,-4.929374,2011,8,United Kingdom of Great Britain and Northern Ireland,HUMAN_OBSERVATION
51.704079,-4.929374,2011,8,United Kingdom of Great Britain and Northern Ireland,HUMAN_OBSERVATION
51.704079,-4.929374,2011,8,United Kingdom of Great Britain and Northern Ireland,HUMAN_OBSERVATION
51.704079,-4.929374,2011,8,United Kingdom of Great Britain and Northern Ireland,HUMAN_OBSERVATION
51.704079,-4.929374,2010,9,United Kingdom of Great Britain and Northern Ireland,HUMAN_OBSERVATION
51.704079,-4.929374,2010,9,United Kingdom of Great Britain and Northern Ireland,HUMAN_OBSERVATION
51.704079,-4.929374,2010,9,United Kingdom of Great Britain and Northern Ireland,HUMAN_OBSERVATION
51.704079,-4.929374,2010,9,United Kingdom of Great Britain and Northern Ireland,HUMAN_OBSERVATION
51.704079,-4.929374,2010,9,United Kingdom of Great Britain and Northern Ireland,HUMAN_OBSERVATION
51.704079,-4.929374,2010,9,United Kingdom of Great Britain and Northern Ireland,HUMAN_OBSERVATION
51.704079,-4.929374,2010,9,United Kingdom of Great Britain and Northern Ireland,HUMAN_OBSERVATION
51.704079,-4.929374,2010,9,United Kingdom of Great Britain and Northern Ireland,HUMAN_OBSERVATION
51.704079,-4.929374,2010,9,United Kingdom of Great Britain and Northern Ireland,HUMAN_OBSERVATION
51.704079,-4.929374,2010,9,United Kingdom of Great Britain and Northern Ireland,HUMAN_OBSERVATION
51.704079,-4.929374,2010,9,United Kingdom of Great Britain and Northern Ireland,HUMAN_OBSERVATION
51.704079,-4.929374,2008,9,United Kingdom of Great Britain and Northern Ireland,HUMAN_OBSERVATION
51.704079,-4.929374,2008,9,United Kingdom of Great Britain and Northern Ireland,HUMAN_OBSERVATION
51.704079,-4.929374,2008,9,United Kingdom of Great Britain and Northern Ireland,HUMAN_OBSERVATION
51.704079,-4.929374,2008,9,United Kingdom of Great Britain and Northern Ireland,HUMAN_OBSERVATION
51.704079,-4.929374,2008,9,United Kingdom of Great Britain and Northern Ireland,HUMAN_OBSERVATION
51.704079,-4.929374,2008,9,United Kingdom of Great Britain and Northern Ireland,HUMAN_OBSERVATION
51.704079,-4.929374,2008,9,United Kingdom of Great Britain and Northern Ireland,HUMAN_OBSERVATION
51.704079,-4.929374,2008,9,United Kingdom of Great Britain and Northern Ireland,HUMAN_OBSERVATION
51.704079,-4.929374,2008,9,United Kingdom of Great Britain and Northern Ireland,HUMAN_OBSERVATION
51.704079,-4.929374,2008,9,United Kingdom of Great Britain and Northern Ireland,HUMAN_OBSERVATION
51.704079,-4.929374,2008,9,United Kingdom of Great Britain and Northern Ireland,HUMAN_OBSERVATION
51.704297,-4.692501,2000,9,United Kingdom of Great Britain and Northern Ireland,HUMAN_OBSERVATION
51.704297,-4.692501,2000,9,United Kingdom of Great Britain and Northern Ireland,HUMAN_OBSERVATION
51.704334,-5.160057,1961,6,United Kingdom of Great Britain and Northern Ireland,HUMAN_OBSERVATION
51.70445,-5.155722,1996,10,United Kingdom of Great Britain and Northern Ireland,HUMAN_OBSERVATION
51.70445,-5.155722,1961,6,United Kingdom of Great Britain and Northern Ireland,HUMAN_OBSERVATION
51.704489,-5.154277,1995,10,United Kingdom of Great Britain and Northern Ireland,HUMAN_OBSERVATION
51.704489,-5.154277,1995,10,United Kingdom of Great Britain and Northern Ireland,HUMAN_OBSERVATION
51.704489,-5.154277,1995,10,United Kingdom of Great Britain and Northern Ireland,HUMAN_OBSERVATION
51.704498,-4.931326,2008,10,United Kingdom of Great Britain and Northern Ireland,MATERIAL_SAMPLE
51.704498,-4.931326,2008,10,United Kingdom of Great Britain and Northern Ireland,MATERIAL_SAMPLE
51.704528,-5.152832,1979,4,United Kingdom of Great Britain and Northern Ireland,HUMAN_OBSERVATION
51.704824,-4.969009,1998,,United Kingdom of Great Britain and Northern Ireland,HUMAN_OBSERVATION
51.704824,-4.969009,1998,,United Kingdom of Great Britain and Northern Ireland,HUMAN_OBSERVATION
51.704835,-4.932821,1998,3,United Kingdom of Great Britain and Northern Ireland,HUMAN_OBSERVATION
51.704835,-4.932821,1998,3,United Kingdom of Great Britain and Northern Ireland,HUMAN_OBSERVATION
51.704871,-4.931375,1978,9,United Kingdom of Great Britain and Northern Ireland,HUMAN_OBSERVATION
51.704907,-4.92993,1977,7,United Kingdom of Great Britain and Northern Ireland,HUMAN_OBSERVATION
51.704943,-4.928485,1963,6,United Kingdom of Great Britain and Northern Ireland,HUMAN_OBSERVATION
51.705091,-4.917131,2002,9,United Kingdom of Great Britain and Northern Ireland,HUMAN_OBSERVATION
51.705091,-4.917131,2002,9,United Kingdom of Great Britain and Northern Ireland,HUMAN_OBSERVATION
51.705195,-4.918368,1998,3,United Kingdom of Great Britain and Northern Ireland,HUMAN_OBSERVATION
51.705195,-4.918368,1998,3,United Kingdom of Great Britain and Northern Ireland,HUMAN_OBSERVATION
51.70541,-4.909697,1985,7,United Kingdom of Great Britain and Northern Ireland,HUMAN_OBSERVATION
51.70548,-4.942995,1978,9,United Kingdom of Great Britain and Northern Ireland,HUMAN_OBSERVATION
51.705805,-4.929988,1971,6,United Kingdom of Great Britain and Northern Ireland,HUMAN_OBSERVATION
51.706165,-4.915536,1978,7,United Kingdom of Great Britain and Northern Ireland,HUMAN_OBSERVATION
51.70619,-4.968375,1998,4,United Kingdom of Great Britain and Northern Ireland,HUMAN_OBSERVATION
51.70619,-4.968375,1998,6,United Kingdom of Great Britain and Northern Ireland,HUMAN_OBSERVATION
51.70619,-4.968375,1998,,United Kingdom of Great Britain and Northern Ireland,HUMAN_OBSERVATION
51.70619,-4.968375,1998,,United Kingdom of Great Britain and Northern Ireland,HUMAN_OBSERVATION
51.70619,-4.968375,1998,,United Kingdom of Great Britain and Northern Ireland,HUMAN_OBSERVATION
51.70619,-4.968375,,,United Kingdom of Great Britain and Northern Ireland,HUMAN_OBSERVATION
51.706218,-5.089253,1982,4,United Kingdom of Great Britain and Northern Ireland,HUMAN_OBSERVATION
51.706871,-5.166024,1998,,United Kingdom of Great Britain and Northern Ireland,HUMAN_OBSERVATION
51.706871,-5.166024,1998,,United Kingdom of Great Britain and Northern Ireland,HUMAN_OBSERVATION
51.706917,-4.93947,1998,3,United Kingdom of Great Britain and Northern Ireland,HUMAN_OBSERVATION
51.707154,-5.087869,1982,6,United Kingdom of Great Britain and Northern Ireland,HUMAN_OBSERVATION
51.707154,-5.087869,1963,6,United Kingdom of Great Britain and Northern Ireland,HUMAN_OBSERVATION
51.707389,-5.044455,1998,4,United Kingdom of Great Britain and Northern Ireland,HUMAN_OBSERVATION
51.707389,-5.044455,1998,4,United Kingdom of Great Britain and Northern Ireland,HUMAN_OBSERVATION
51.707493,-4.93444,1978,7,United Kingdom of Great Britain and Northern Ireland,HUMAN_OBSERVATION
51.707673,-4.927214,1998,,United Kingdom of Great Britain and Northern Ireland,HUMAN_OBSERVATION
51.707673,-4.927214,1998,,United Kingdom of Great Britain and Northern Ireland,HUMAN_OBSERVATION
51.707779,-5.087905,2014,9,United Kingdom of Great Britain and Northern Ireland,HUMAN_OBSERVATION
51.707779,-5.087905,2014,9,United Kingdom of Great Britain and Northern Ireland,HUMAN_OBSERVATION
51.707779,-5.087905,2014,9,United Kingdom of Great Britain and Northern Ireland,HUMAN_OBSERVATION
51.707779,-5.087905,2014,9,United Kingdom of Great Britain and Northern Ireland,HUMAN_OBSERVATION
51.707779,-5.087905,2014,9,United Kingdom of Great Britain and Northern Ireland,HUMAN_OBSERVATION
51.707779,-5.087905,2014,9,United Kingdom of Great Britain and Northern Ireland,HUMAN_OBSERVATION
51.707779,-5.087905,2014,9,United Kingdom of Great Britain and Northern Ireland,HUMAN_OBSERVATION
51.707779,-5.087905,2014,9,United Kingdom of Great Britain and Northern Ireland,HUMAN_OBSERVATION
51.707779,-5.087905,2013,9,United Kingdom of Great Britain and Northern Ireland,HUMAN_OBSERVATION
51.707779,-5.087905,2013,9,United Kingdom of Great Britain and Northern Ireland,HUMAN_OBSERVATION
51.707779,-5.087905,2013,9,United Kingdom of Great Britain and Northern Ireland,HUMAN_OBSERVATION
51.707779,-5.087905,2013,9,United Kingdom of Great Britain and Northern Ireland,HUMAN_OBSERVATION
51.707779,-5.087905,2013,9,United Kingdom of Great Britain and Northern Ireland,HUMAN_OBSERVATION
51.707779,-5.087905,2013,9,United Kingdom of Great Britain and Northern Ireland,HUMAN_OBSERVATION
51.707779,-5.087905,2013,9,United Kingdom of Great Britain and Northern Ireland,HUMAN_OBSERVATION
51.707779,-5.087905,2013,9,United Kingdom of Great Britain and Northern Ireland,HUMAN_OBSERVATION
51.707779,-5.087905,2012,9,United Kingdom of Great Britain and Northern Ireland,HUMAN_OBSERVATION
51.707779,-5.087905,2012,9,United Kingdom of Great Britain and Northern Ireland,HUMAN_OBSERVATION
51.707779,-5.087905,2012,9,United Kingdom of Great Britain and Northern Ireland,HUMAN_OBSERVATION
51.707779,-5.087905,2012,9,United Kingdom of Great Britain and Northern Ireland,HUMAN_OBSERVATION
51.707779,-5.087905,2012,9,United Kingdom of Great Britain and Northern Ireland,HUMAN_OBSERVATION
51.707779,-5.087905,2012,9,United Kingdom of Great Britain and Northern Ireland,HUMAN_OBSERVATION
51.707779,-5.087905,2012,9,United Kingdom of Great Britain and Northern Ireland,HUMAN_OBSERVATION
51.707779,-5.087905,2012,9,United Kingdom of Great Britain and Northern Ireland,HUMAN_OBSERVATION
51.707779,-5.087905,2012,9,United Kingdom of Great Britain and Northern Ireland,HUMAN_OBSERVATION
51.707779,-5.087905,2012,9,United Kingdom of Great Britain and Northern Ireland,HUMAN_OBSERVATION
51.707779,-5.087905,2011,9,United Kingdom of Great Britain and Northern Ireland,HUMAN_OBSERVATION
51.707779,-5.087905,2011,9,United Kingdom of Great Britain and Northern Ireland,HUMAN_OBSERVATION
51.707779,-5.087905,2011,9,United Kingdom of Great Britain and Northern Ireland,HUMAN_OBSERVATION
51.707779,-5.087905,2011,9,United Kingdom of Great Britain and Northern Ireland,HUMAN_OBSERVATION
51.707779,-5.087905,2011,9,United Kingdom of Great Britain and Northern Ireland,HUMAN_OBSERVATION
51.707779,-5.087905,2011,9,United Kingdom of Great Britain and Northern Ireland,HUMAN_OBSERVATION
51.707779,-5.087905,2011,9,United Kingdom of Great Britain and Northern Ireland,HUMAN_OBSERVATION
51.707779,-5.087905,2011,9,United Kingdom of Great Britain and Northern Ireland,HUMAN_OBSERVATION
51.707779,-5.087905,2011,9,United Kingdom of Great Britain and Northern Ireland,HUMAN_OBSERVATION
51.707779,-5.087905,2011,9,United Kingdom of Great Britain and Northern Ireland,HUMAN_OBSERVATION
51.707779,-5.087905,2008,9,United Kingdom of Great Britain and Northern Ireland,HUMAN_OBSERVATION
51.707779,-5.087905,2008,9,United Kingdom of Great Britain and Northern Ireland,HUMAN_OBSERVATION
51.707779,-5.087905,2008,9,United Kingdom of Great Britain and Northern Ireland,HUMAN_OBSERVATION
51.707779,-5.087905,2008,9,United Kingdom of Great Britain and Northern Ireland,HUMAN_OBSERVATION
51.707779,-5.087905,2008,9,United Kingdom of Great Britain and Northern Ireland,HUMAN_OBSERVATION
51.707779,-5.087905,2008,9,United Kingdom of Great Britain and Northern Ireland,HUMAN_OBSERVATION
51.707779,-5.087905,2008,9,United Kingdom of Great Britain and Northern Ireland,HUMAN_OBSERVATION
51.707779,-5.087905,2008,9,United Kingdom of Great Britain and Northern Ireland,HUMAN_OBSERVATION
51.707779,-5.087905,2008,9,United Kingdom of Great Britain and Northern Ireland,HUMAN_OBSERVATION
51.707986,-5.056077,1996,10,United Kingdom of Great Britain and Northern Ireland,HUMAN_OBSERVATION
51.707986,-5.056077,1995,10,United Kingdom of Great Britain and Northern Ireland,HUMAN_OBSERVATION
51.707986,-5.056077,1995,10,United Kingdom of Great Britain and Northern Ireland,HUMAN_OBSERVATION
51.707986,-5.056077,1995,10,United Kingdom of Great Britain and Northern Ireland,HUMAN_OBSERVATION
51.707986,-5.056077,1982,6,United Kingdom of Great Britain and Northern Ireland,HUMAN_OBSERVATION
51.707986,-5.056077,1979,3,United Kingdom of Great Britain and Northern Ireland,HUMAN_OBSERVATION
51.707986,-5.056077,1963,6,United Kingdom of Great Britain and Northern Ireland,HUMAN_OBSERVATION
51.708052,-5.08793,2014,9,United Kingdom of Great Britain and Northern Ireland,HUMAN_OBSERVATION
51.708052,-5.08793,2014,9,United Kingdom of Great Britain and Northern Ireland,HUMAN_OBSERVATION
51.708052,-5.08793,2014,9,United Kingdom of Great Britain and Northern Ireland,HUMAN_OBSERVATION
51.708052,-5.08793,2014,9,United Kingdom of Great Britain and Northern Ireland,HUMAN_OBSERVATION
51.708052,-5.08793,2014,9,United Kingdom of Great Britain and Northern Ireland,HUMAN_OBSERVATION
51.708052,-5.08793,2014,9,United Kingdom of Great Britain and Northern Ireland,HUMAN_OBSERVATION
51.708052,-5.08793,2014,9,United Kingdom of Great Britain and Northern Ireland,HUMAN_OBSERVATION
51.708052,-5.08793,2014,9,United Kingdom of Great Britain and Northern Ireland,HUMAN_OBSERVATION
51.708052,-5.08793,2013,9,United Kingdom of Great Britain and Northern Ireland,HUMAN_OBSERVATION
51.708052,-5.08793,2013,9,United Kingdom of Great Britain and Northern Ireland,HUMAN_OBSERVATION
51.708052,-5.08793,2013,9,United Kingdom of Great Britain and Northern Ireland,HUMAN_OBSERVATION
51.708052,-5.08793,2013,9,United Kingdom of Great Britain and Northern Ireland,HUMAN_OBSERVATION
51.708052,-5.08793,2013,9,United Kingdom of Great Britain and Northern Ireland,HUMAN_OBSERVATION
51.708052,-5.08793,2013,9,United Kingdom of Great Britain and Northern Ireland,HUMAN_OBSERVATION
51.708052,-5.08793,2013,9,United Kingdom of Great Britain and Northern Ireland,HUMAN_OBSERVATION
51.708052,-5.08793,2013,9,United Kingdom of Great Britain and Northern Ireland,HUMAN_OBSERVATION
51.708052,-5.08793,2012,9,United Kingdom of Great Britain and Northern Ireland,HUMAN_OBSERVATION
51.708052,-5.08793,2012,9,United Kingdom of Great Britain and Northern Ireland,HUMAN_OBSERVATION
51.708052,-5.08793,2012,9,United Kingdom of Great Britain and Northern Ireland,HUMAN_OBSERVATION
51.708052,-5.08793,2012,9,United Kingdom of Great Britain and Northern Ireland,HUMAN_OBSERVATION
51.708052,-5.08793,2012,9,United Kingdom of Great Britain and Northern Ireland,HUMAN_OBSERVATION
51.708052,-5.08793,2012,9,United Kingdom of Great Britain and Northern Ireland,HUMAN_OBSERVATION
51.708052,-5.08793,2012,9,United Kingdom of Great Britain and Northern Ireland,HUMAN_OBSERVATION
51.708052,-5.08793,2012,9,United Kingdom of Great Britain and Northern Ireland,HUMAN_OBSERVATION
51.708052,-5.08793,2012,9,United Kingdom of Great Britain and Northern Ireland,HUMAN_OBSERVATION
51.708052,-5.08793,2012,9,United Kingdom of Great Britain and Northern Ireland,HUMAN_OBSERVATION
51.708052,-5.08793,2011,9,United Kingdom of Great Britain and Northern Ireland,HUMAN_OBSERVATION
51.708052,-5.08793,2011,9,United Kingdom of Great Britain and Northern Ireland,HUMAN_OBSERVATION
51.708052,-5.08793,2011,9,United Kingdom of Great Britain and Northern Ireland,HUMAN_OBSERVATION
51.708052,-5.08793,2011,9,United Kingdom of Great Britain and Northern Ireland,HUMAN_OBSERVATION
51.708052,-5.08793,2011,9,United Kingdom of Great Britain and Northern Ireland,HUMAN_OBSERVATION
51.708052,-5.08793,2011,9,United Kingdom of Great Britain and Northern Ireland,HUMAN_OBSERVATION
51.708052,-5.08793,2011,9,United Kingdom of Great Britain and Northern Ireland,HUMAN_OBSERVATION
51.708052,-5.08793,2011,9,United Kingdom of Great Britain and Northern Ireland,HUMAN_OBSERVATION
51.708052,-5.08793,2011,9,United Kingdom of Great Britain and Northern Ireland,HUMAN_OBSERVATION
51.708052,-5.08793,2011,9,United Kingdom of Great Britain and Northern Ireland,HUMAN_OBSERVATION
51.708052,-5.08793,2008,9,United Kingdom of Great Britain and Northern Ireland,HUMAN_OBSERVATION
51.708052,-5.08793,2008,9,United Kingdom of Great Britain and Northern Ireland,HUMAN_OBSERVATION
51.708052,-5.08793,2008,9,United Kingdom of Great Britain and Northern Ireland,HUMAN_OBSERVATION
51.708052,-5.08793,2008,9,United Kingdom of Great Britain and Northern Ireland,HUMAN_OBSERVATION
51.708052,-5.08793,2008,9,United Kingdom of Great Britain and Northern Ireland,HUMAN_OBSERVATION
51.708052,-5.08793,2008,9,United Kingdom of Great Britain and Northern Ireland,HUMAN_OBSERVATION
51.708052,-5.08793,2008,9,United Kingdom of Great Britain and Northern Ireland,HUMAN_OBSERVATION
51.708052,-5.08793,2008,9,United Kingdom of Great Britain and Northern Ireland,HUMAN_OBSERVATION
51.708052,-5.08793,2008,9,United Kingdom of Great Britain and Northern Ireland,HUMAN_OBSERVATION
51.708052,-5.08793,1996,11,United Kingdom of Great Britain and Northern Ireland,HUMAN_OBSERVATION
51.708052,-5.08793,1995,10,United Kingdom of Great Britain and Northern Ireland,HUMAN_OBSERVATION
51.708052,-5.08793,1995,10,United Kingdom of Great Britain and Northern Ireland,HUMAN_OBSERVATION
51.708068,-4.911315,1985,7,United Kingdom of Great Britain and Northern Ireland,HUMAN_OBSERVATION
51.70808,-5.187825,1960,6,United Kingdom of Great Britain and Northern Ireland,HUMAN_OBSERVATION
51.708158,-5.151637,1996,10,United Kingdom of Great Britain and Northern Ireland,HUMAN_OBSERVATION
51.708212,-4.905534,1985,10,United Kingdom of Great Britain and Northern Ireland,HUMAN_OBSERVATION
51.708212,-4.905534,1985,10,United Kingdom of Great Britain and Northern Ireland,HUMAN_OBSERVATION
51.708212,-4.905534,1985,10,United Kingdom of Great Britain and Northern Ireland,HUMAN_OBSERVATION
51.708212,-4.905534,1985,10,United Kingdom of Great Britain and Northern Ireland,HUMAN_OBSERVATION
51.708319,-4.901198,1995,10,United Kingdom of Great Britain and Northern Ireland,HUMAN_OBSERVATION
51.708319,-4.901198,1995,10,United Kingdom of Great Britain and Northern Ireland,HUMAN_OBSERVATION
51.708319,-4.901198,1995,10,United Kingdom of Great Britain and Northern Ireland,HUMAN_OBSERVATION
51.708319,-4.901198,1982,6,United Kingdom of Great Britain and Northern Ireland,HUMAN_OBSERVATION
51.708319,-4.901198,1979,3,United Kingdom of Great Britain and Northern Ireland,HUMAN_OBSERVATION
51.708354,-4.899752,1996,9,United Kingdom of Great Britain and Northern Ireland,HUMAN_OBSERVATION
51.708354,-4.899752,1963,6,United Kingdom of Great Britain and Northern Ireland,HUMAN_OBSERVATION
51.708426,-4.896862,1978,7,United Kingdom of Great Britain and Northern Ireland,HUMAN_OBSERVATION
51.708533,-4.892525,1978,6,United Kingdom of Great Britain and Northern Ireland,HUMAN_OBSERVATION
51.70893,-4.912818,1978,7,United Kingdom of Great Britain and Northern Ireland,HUMAN_OBSERVATION
51.709334,-5.038795,1998,4,United Kingdom of Great Britain and Northern Ireland,HUMAN_OBSERVATION
51.709334,-5.038795,1998,4,United Kingdom of Great Britain and Northern Ireland,HUMAN_OBSERVATION
51.709389,-5.019254,1998,7,United Kingdom of Great Britain and Northern Ireland,HUMAN_OBSERVATION
51.709389,-5.019254,1998,7,United Kingdom of Great Britain and Northern Ireland,HUMAN_OBSERVATION
51.709538,-4.888246,1998,,United Kingdom of Great Britain and Northern Ireland,HUMAN_OBSERVATION
51.709538,-4.888246,1998,,United Kingdom of Great Britain and Northern Ireland,HUMAN_OBSERVATION
51.709619,-4.695713,2000,9,United Kingdom of Great Britain and Northern Ireland,HUMAN_OBSERVATION
51.709619,-4.695713,2000,9,United Kingdom of Great Britain and Northern Ireland,HUMAN_OBSERVATION
51.709755,-4.823838,1998,3,United Kingdom of Great Britain and Northern Ireland,HUMAN_OBSERVATION
51.709755,-4.823838,1998,3,United Kingdom of Great Britain and Northern Ireland,HUMAN_OBSERVATION
51.709755,-4.823838,1998,3,United Kingdom of Great Britain and Northern Ireland,HUMAN_OBSERVATION
51.709755,-4.823838,1998,,United Kingdom of Great Britain and Northern Ireland,HUMAN_OBSERVATION
51.70977,-4.940911,2011,7,United Kingdom of Great Britain and Northern Ireland,HUMAN_OBSERVATION
51.709864,-4.911431,1998,3,United Kingdom of Great Britain and Northern Ireland,HUMAN_OBSERVATION
51.709864,-4.911431,1998,3,United Kingdom of Great Britain and Northern Ireland,HUMAN_OBSERVATION
51.709864,-4.911431,1979,4,United Kingdom of Great Britain and Northern Ireland,HUMAN_OBSERVATION
51.709864,-4.911431,1963,6,United Kingdom of Great Britain and Northern Ireland,HUMAN_OBSERVATION
51.71,4.01,1951,7,Netherlands,HUMAN_OBSERVATION
51.71,4.01,1951,8,Netherlands,HUMAN_OBSERVATION
51.710005,-4.941842,2014,6,United Kingdom of Great Britain and Northern Ireland,HUMAN_OBSERVATION
51.710005,-4.941842,2014,6,United Kingdom of Great Britain and Northern Ireland,HUMAN_OBSERVATION
51.71014,-4.940949,2014,7,United Kingdom of Great Britain and Northern Ireland,HUMAN_OBSERVATION
51.710186,-4.898422,1988,5,United Kingdom of Great Britain and Northern Ireland,HUMAN_OBSERVATION
51.710222,-4.896976,1998,3,United Kingdom of Great Britain and Northern Ireland,HUMAN_OBSERVATION
51.710222,-4.896976,1998,3,United Kingdom of Great Britain and Northern Ireland,HUMAN_OBSERVATION
51.710222,-4.896976,1998,8,United Kingdom of Great Britain and Northern Ireland,HUMAN_OBSERVATION
51.710222,-4.896976,1998,8,United Kingdom of Great Britain and Northern Ireland,HUMAN_OBSERVATION
51.710423,-5.16772,1982,6,United Kingdom of Great Britain and Northern Ireland,HUMAN_OBSERVATION
51.710462,-5.166275,1996,9,United Kingdom of Great Britain and Northern Ireland,HUMAN_OBSERVATION
51.710462,-5.166275,1979,1,United Kingdom of Great Britain and Northern Ireland,HUMAN_OBSERVATION
51.710462,-5.166275,1961,6,United Kingdom of Great Britain and Northern Ireland,HUMAN_OBSERVATION
51.710484,-4.697212,2000,9,United Kingdom of Great Britain and Northern Ireland,HUMAN_OBSERVATION
51.710484,-4.697212,2000,9,United Kingdom of Great Britain and Northern Ireland,HUMAN_OBSERVATION
51.710666,-4.944003,2008,10,United Kingdom of Great Britain and Northern Ireland,MATERIAL_SAMPLE
51.710666,-4.944003,2008,10,United Kingdom of Great Britain and Northern Ireland,MATERIAL_SAMPLE
51.710834,-4.908597,1996,9,United Kingdom of Great Britain and Northern Ireland,HUMAN_OBSERVATION
51.710834,-4.908597,1995,10,United Kingdom of Great Britain and Northern Ireland,HUMAN_OBSERVATION
51.710834,-4.908597,1995,10,United Kingdom of Great Britain and Northern Ireland,HUMAN_OBSERVATION
51.710834,-4.908597,1995,10,United Kingdom of Great Britain and Northern Ireland,HUMAN_OBSERVATION
51.71087,-5.037922,2011,7,United Kingdom of Great Britain and Northern Ireland,HUMAN_OBSERVATION
51.710901,-5.167226,2024,3,United Kingdom of Great Britain and Northern Ireland,HUMAN_OBSERVATION
51.711013,-4.90137,1998,3,United Kingdom of Great Britain and Northern Ireland,HUMAN_OBSERVATION
51.711013,-4.90137,1998,3,United Kingdom of Great Britain and Northern Ireland,HUMAN_OBSERVATION
51.71105,-5.036906,2014,7,United Kingdom of Great Britain and Northern Ireland,HUMAN_OBSERVATION
51.711168,-5.03747,2014,6,United Kingdom of Great Britain and Northern Ireland,HUMAN_OBSERVATION
51.711168,-5.03747,2014,6,United Kingdom of Great Britain and Northern Ireland,HUMAN_OBSERVATION
51.711191,-4.894143,1978,8,United Kingdom of Great Britain and Northern Ireland,HUMAN_OBSERVATION
51.71136,-5.166338,1995,10,United Kingdom of Great Britain and Northern Ireland,HUMAN_OBSERVATION
51.71136,-5.166338,1995,10,United Kingdom of Great Britain and Northern Ireland,HUMAN_OBSERVATION
51.71136,-5.166338,1995,10,United Kingdom of Great Britain and Northern Ireland,HUMAN_OBSERVATION
51.711854,-5.11425,1978,9,United Kingdom of Great Britain and Northern Ireland,HUMAN_OBSERVATION
51.711854,-5.11425,1978,9,United Kingdom of Great Britain and Northern Ireland,HUMAN_OBSERVATION
51.711892,-5.112805,1996,10,United Kingdom of Great Britain and Northern Ireland,HUMAN_OBSERVATION
51.711892,-5.112805,1995,10,United Kingdom of Great Britain and Northern Ireland,HUMAN_OBSERVATION
51.711892,-5.112805,1995,10,United Kingdom of Great Britain and Northern Ireland,HUMAN_OBSERVATION
51.711892,-5.112805,1995,10,United Kingdom of Great Britain and Northern Ireland,HUMAN_OBSERVATION
51.712179,-5.169291,1961,6,United Kingdom of Great Britain and Northern Ireland,HUMAN_OBSERVATION
51.712306,-4.903625,1998,3,United Kingdom of Great Britain and Northern Ireland,HUMAN_OBSERVATION
51.712306,-4.903625,1998,3,United Kingdom of Great Britain and Northern Ireland,HUMAN_OBSERVATION
51.712608,-5.153395,1979,3,United Kingdom of Great Britain and Northern Ireland,HUMAN_OBSERVATION
51.712646,-5.151949,1996,10,United Kingdom of Great Britain and Northern Ireland,HUMAN_OBSERVATION
51.712646,-5.151949,1995,10,United Kingdom of Great Britain and Northern Ireland,HUMAN_OBSERVATION
51.712646,-5.151949,1995,10,United Kingdom of Great Britain and Northern Ireland,HUMAN_OBSERVATION
51.712646,-5.151949,1995,10,United Kingdom of Great Britain and Northern Ireland,HUMAN_OBSERVATION
51.712646,-5.151949,1982,6,United Kingdom of Great Britain and Northern Ireland,HUMAN_OBSERVATION
51.712646,-5.151949,1961,6,United Kingdom of Great Britain and Northern Ireland,HUMAN_OBSERVATION
51.713038,-5.170799,1982,6,United Kingdom of Great Britain and Northern Ireland,HUMAN_OBSERVATION
51.713072,-5.136052,1982,6,United Kingdom of Great Britain and Northern Ireland,HUMAN_OBSERVATION
51.713077,-5.169354,1979,4,United Kingdom of Great Britain and Northern Ireland,HUMAN_OBSERVATION
51.713077,-5.169354,1960,6,United Kingdom of Great Britain and Northern Ireland,HUMAN_OBSERVATION
51.713143,-4.679273,2000,9,United Kingdom of Great Britain and Northern Ireland,HUMAN_OBSERVATION
51.713143,-4.679273,2000,9,United Kingdom of Great Britain and Northern Ireland,HUMAN_OBSERVATION
51.713143,-4.679273,2000,,United Kingdom of Great Britain and Northern Ireland,HUMAN_OBSERVATION
51.713149,-5.133162,1996,10,United Kingdom of Great Britain and Northern Ireland,HUMAN_OBSERVATION
51.713149,-5.133162,1995,10,United Kingdom of Great Britain and Northern Ireland,HUMAN_OBSERVATION
51.713149,-5.133162,1995,10,United Kingdom of Great Britain and Northern Ireland,HUMAN_OBSERVATION
51.713149,-5.133162,1995,10,United Kingdom of Great Britain and Northern Ireland,HUMAN_OBSERVATION
51.713389,-5.157793,1960,6,United Kingdom of Great Britain and Northern Ireland,HUMAN_OBSERVATION
51.713588,-5.143871,2014,9,United Kingdom of Great Britain and Northern Ireland,HUMAN_OBSERVATION
51.713588,-5.143871,2014,9,United Kingdom of Great Britain and Northern Ireland,HUMAN_OBSERVATION
51.713588,-5.143871,2014,9,United Kingdom of Great Britain and Northern Ireland,HUMAN_OBSERVATION
51.713588,-5.143871,2014,9,United Kingdom of Great Britain and Northern Ireland,HUMAN_OBSERVATION
51.713588,-5.143871,2014,9,United Kingdom of Great Britain and Northern Ireland,HUMAN_OBSERVATION
51.713588,-5.143871,2014,9,United Kingdom of Great Britain and Northern Ireland,HUMAN_OBSERVATION
51.713588,-5.143871,2014,9,United Kingdom of Great Britain and Northern Ireland,HUMAN_OBSERVATION
51.713588,-5.143871,2014,9,United Kingdom of Great Britain and Northern Ireland,HUMAN_OBSERVATION
51.713588,-5.143871,2013,9,United Kingdom of Great Britain and Northern Ireland,HUMAN_OBSERVATION
51.713588,-5.143871,2013,9,United Kingdom of Great Britain and Northern Ireland,HUMAN_OBSERVATION
51.713588,-5.143871,2013,9,United Kingdom of Great Britain and Northern Ireland,HUMAN_OBSERVATION
51.713588,-5.143871,2013,9,United Kingdom of Great Britain and Northern Ireland,HUMAN_OBSERVATION
51.713588,-5.143871,2013,9,United Kingdom of Great Britain and Northern Ireland,HUMAN_OBSERVATION
51.713588,-5.143871,2013,9,United Kingdom of Great Britain and Northern Ireland,HUMAN_OBSERVATION
51.713588,-5.143871,2013,9,United Kingdom of Great Britain and Northern Ireland,HUMAN_OBSERVATION
51.713588,-5.143871,2013,9,United Kingdom of Great Britain and Northern Ireland,HUMAN_OBSERVATION
51.713588,-5.143871,2012,9,United Kingdom of Great Britain and Northern Ireland,HUMAN_OBSERVATION
51.713588,-5.143871,2012,9,United Kingdom of Great Britain and Northern Ireland,HUMAN_OBSERVATION
51.713588,-5.143871,2012,9,United Kingdom of Great Britain and Northern Ireland,HUMAN_OBSERVATION
51.713588,-5.143871,2012,9,United Kingdom of Great Britain and Northern Ireland,HUMAN_OBSERVATION
51.713588,-5.143871,2012,9,United Kingdom of Great Britain and Northern Ireland,HUMAN_OBSERVATION
51.713588,-5.143871,2012,9,United Kingdom of Great Britain and Northern Ireland,HUMAN_OBSERVATION
51.713588,-5.143871,2012,9,United Kingdom of Great Britain and Northern Ireland,HUMAN_OBSERVATION
51.713588,-5.143871,2012,9,United Kingdom of Great Britain and Northern Ireland,HUMAN_OBSERVATION
51.713588,-5.143871,2010,9,United Kingdom of Great Britain and Northern Ireland,HUMAN_OBSERVATION
51.713588,-5.143871,2010,9,United Kingdom of Great Britain and Northern Ireland,HUMAN_OBSERVATION
51.713588,-5.143871,2010,9,United Kingdom of Great Britain and Northern Ireland,HUMAN_OBSERVATION
51.713588,-5.143871,2010,9,United Kingdom of Great Britain and Northern Ireland,HUMAN_OBSERVATION
51.713588,-5.143871,2010,9,United Kingdom of Great Britain and Northern Ireland,HUMAN_OBSERVATION
51.713588,-5.143871,2010,9,United Kingdom of Great Britain and Northern Ireland,HUMAN_OBSERVATION
51.713588,-5.143871,2010,9,United Kingdom of Great Britain and Northern Ireland,HUMAN_OBSERVATION
51.713588,-5.143871,2010,9,United Kingdom of Great Britain and Northern Ireland,HUMAN_OBSERVATION
51.713588,-5.143871,2008,9,United Kingdom of Great Britain and Northern Ireland,HUMAN_OBSERVATION
51.713588,-5.143871,2008,9,United Kingdom of Great Britain and Northern Ireland,HUMAN_OBSERVATION
51.713588,-5.143871,2008,9,United Kingdom of Great Britain and Northern Ireland,HUMAN_OBSERVATION
51.713588,-5.143871,2008,9,United Kingdom of Great Britain and Northern Ireland,HUMAN_OBSERVATION
51.713588,-5.143871,2008,9,United Kingdom of Great Britain and Northern Ireland,HUMAN_OBSERVATION
51.713588,-5.143871,2008,9,United Kingdom of Great Britain and Northern Ireland,HUMAN_OBSERVATION
51.713588,-5.143871,2008,9,United Kingdom of Great Britain and Northern Ireland,HUMAN_OBSERVATION
51.713588,-5.143871,2008,9,United Kingdom of Great Britain and Northern Ireland,HUMAN_OBSERVATION
51.713746,-5.144012,2010,9,United Kingdom of Great Britain and Northern Ireland,HUMAN_OBSERVATION
51.713777,-5.143341,2014,9,United Kingdom of Great Britain and Northern Ireland,HUMAN_OBSERVATION
51.713777,-5.143341,2014,9,United Kingdom of Great Britain and Northern Ireland,HUMAN_OBSERVATION
51.713777,-5.143341,2014,9,United Kingdom of Great Britain and Northern Ireland,HUMAN_OBSERVATION
51.713777,-5.143341,2014,9,United Kingdom of Great Britain and Northern Ireland,HUMAN_OBSERVATION
51.713777,-5.143341,2014,9,United Kingdom of Great Britain and Northern Ireland,HUMAN_OBSERVATION
51.713777,-5.143341,2014,9,United Kingdom of Great Britain and Northern Ireland,HUMAN_OBSERVATION
51.713777,-5.143341,2014,9,United Kingdom of Great Britain and Northern Ireland,HUMAN_OBSERVATION
51.713777,-5.143341,2014,9,United Kingdom of Great Britain and Northern Ireland,HUMAN_OBSERVATION
51.713777,-5.143341,2013,9,United Kingdom of Great Britain and Northern Ireland,HUMAN_OBSERVATION
51.713777,-5.143341,2013,9,United Kingdom of Great Britain and Northern Ireland,HUMAN_OBSERVATION
51.713777,-5.143341,2013,9,United Kingdom of Great Britain and Northern Ireland,HUMAN_OBSERVATION
51.713777,-5.143341,2013,9,United Kingdom of Great Britain and Northern Ireland,HUMAN_OBSERVATION
51.713777,-5.143341,2013,9,United Kingdom of Great Britain and Northern Ireland,HUMAN_OBSERVATION
51.713777,-5.143341,2013,9,United Kingdom of Great Britain and Northern Ireland,HUMAN_OBSERVATION
51.713777,-5.143341,2013,9,United Kingdom of Great Britain and Northern Ireland,HUMAN_OBSERVATION
51.713777,-5.143341,2013,9,United Kingdom of Great Britain and Northern Ireland,HUMAN_OBSERVATION
51.713777,-5.143341,2012,9,United Kingdom of Great Britain and Northern Ireland,HUMAN_OBSERVATION
51.713777,-5.143341,2012,9,United Kingdom of Great Britain and Northern Ireland,HUMAN_OBSERVATION
51.713777,-5.143341,2012,9,United Kingdom of Great Britain and Northern Ireland,HUMAN_OBSERVATION
51.713777,-5.143341,2012,9,United Kingdom of Great Britain and Northern Ireland,HUMAN_OBSERVATION
51.713777,-5.143341,2012,9,United Kingdom of Great Britain and Northern Ireland,HUMAN_OBSERVATION
51.713777,-5.143341,2012,9,United Kingdom of Great Britain and Northern Ireland,HUMAN_OBSERVATION
51.713777,-5.143341,2012,9,United Kingdom of Great Britain and Northern Ireland,HUMAN_OBSERVATION
51.713777,-5.143341,2012,9,United Kingdom of Great Britain and Northern Ireland,HUMAN_OBSERVATION
51.713777,-5.143341,2010,9,United Kingdom of Great Britain and Northern Ireland,HUMAN_OBSERVATION
51.713777,-5.143341,2010,9,United Kingdom of Great Britain and Northern Ireland,HUMAN_OBSERVATION
51.713777,-5.143341,2010,9,United Kingdom of Great Britain and Northern Ireland,HUMAN_OBSERVATION
51.713777,-5.143341,2010,9,United Kingdom of Great Britain and Northern Ireland,HUMAN_OBSERVATION
51.713777,-5.143341,2010,9,United Kingdom of Great Britain and Northern Ireland,HUMAN_OBSERVATION
51.713777,-5.143341,2010,9,United Kingdom of Great Britain and Northern Ireland,HUMAN_OBSERVATION
51.713777,-5.143341,2010,9,United Kingdom of Great Britain and Northern Ireland,HUMAN_OBSERVATION
51.713777,-5.143341,2010,9,United Kingdom of Great Britain and Northern Ireland,HUMAN_OBSERVATION
51.713777,-5.143341,2010,9,United Kingdom of Great Britain and Northern Ireland,HUMAN_OBSERVATION
51.713777,-5.143341,2008,9,United Kingdom of Great Britain and Northern Ireland,HUMAN_OBSERVATION
51.713777,-5.143341,2008,9,United Kingdom of Great Britain and Northern Ireland,HUMAN_OBSERVATION
51.713777,-5.143341,2008,9,United Kingdom of Great Britain and Northern Ireland,HUMAN_OBSERVATION
51.713777,-5.143341,2008,9,United Kingdom of Great Britain and Northern Ireland,HUMAN_OBSERVATION
51.713777,-5.143341,2008,9,United Kingdom of Great Britain and Northern Ireland,HUMAN_OBSERVATION
51.713777,-5.143341,2008,9,United Kingdom of Great Britain and Northern Ireland,HUMAN_OBSERVATION
51.713777,-5.143341,2008,9,United Kingdom of Great Britain and Northern Ireland,HUMAN_OBSERVATION
51.713777,-5.143341,2008,9,United Kingdom of Great Britain and Northern Ireland,HUMAN_OBSERVATION
51.713897,-5.172307,1976,5,United Kingdom of Great Britain and Northern Ireland,HUMAN_OBSERVATION
51.713936,-5.170862,1996,9,United Kingdom of Great Britain and Northern Ireland,HUMAN_OBSERVATION
51.713975,-5.169417,1995,10,United Kingdom of Great Britain and Northern Ireland,HUMAN_OBSERVATION
51.713975,-5.169417,1995,10,United Kingdom of Great Britain and Northern Ireland,HUMAN_OBSERVATION
51.714287,-5.157855,1961,6,United Kingdom of Great Britain and Northern Ireland,HUMAN_OBSERVATION
51.714355,-5.121662,1995,10,United Kingdom of Great Britain and Northern Ireland,HUMAN_OBSERVATION
51.714355,-5.121662,1963,6,United Kingdom of Great Britain and Northern Ireland,HUMAN_OBSERVATION
51.714616,0.756435,2018,4,United Kingdom of Great Britain and Northern Ireland,HUMAN_OBSERVATION
51.714795,-5.17237,1976,5,United Kingdom of Great Britain and Northern Ireland,HUMAN_OBSERVATION
51.714873,-5.16948,1976,5,United Kingdom of Great Britain and Northern Ireland,HUMAN_OBSERVATION
51.714873,-5.16948,1976,5,United Kingdom of Great Britain and Northern Ireland,HUMAN_OBSERVATION
51.715107,-5.160808,1985,10,United Kingdom of Great Britain and Northern Ireland,HUMAN_OBSERVATION
51.715107,-5.160808,1985,10,United Kingdom of Great Britain and Northern Ireland,HUMAN_OBSERVATION
51.715253,-5.121724,1982,6,United Kingdom of Great Britain and Northern Ireland,HUMAN_OBSERVATION
51.715253,-5.121724,1979,4,United Kingdom of Great Britain and Northern Ireland,HUMAN_OBSERVATION
51.715637,-5.107271,1979,3,United Kingdom of Great Britain and Northern Ireland,HUMAN_OBSERVATION
51.715675,-5.105825,1996,10,United Kingdom of Great Britain and Northern Ireland,HUMAN_OBSERVATION
51.715675,-5.105825,1995,10,United Kingdom of Great Britain and Northern Ireland,HUMAN_OBSERVATION
51.715675,-5.105825,1963,6,United Kingdom of Great Britain and Northern Ireland,HUMAN_OBSERVATION
51.71577,-5.169542,1957,8,United Kingdom of Great Britain and Northern Ireland,HUMAN_OBSERVATION
51.715788,-4.890093,1996,10,United Kingdom of Great Britain and Northern Ireland,HUMAN_OBSERVATION
51.715894,-4.885756,1998,8,United Kingdom of Great Britain and Northern Ireland,HUMAN_OBSERVATION
51.71665,-4.891596,1993,10,United Kingdom of Great Britain and Northern Ireland,HUMAN_OBSERVATION
51.71665,-4.891596,1993,10,United Kingdom of Great Britain and Northern Ireland,HUMAN_OBSERVATION
51.71665,-4.891596,1993,10,United Kingdom of Great Britain and Northern Ireland,HUMAN_OBSERVATION
51.716686,-4.89015,1997,4,United Kingdom of Great Britain and Northern Ireland,HUMAN_OBSERVATION
51.716758,0.775865,2012,6,United Kingdom of Great Britain and Northern Ireland,HUMAN_OBSERVATION
51.716792,0.77442,1996,1,United Kingdom of Great Britain and Northern Ireland,HUMAN_OBSERVATION
51.71808,-4.869968,1998,5,United Kingdom of Great Britain and Northern Ireland,HUMAN_OBSERVATION
51.71808,-4.869968,1998,5,United Kingdom of Great Britain and Northern Ireland,HUMAN_OBSERVATION
51.718542,-5.16684,1960,6,United Kingdom of Great Britain and Northern Ireland,HUMAN_OBSERVATION
51.718588,-4.885928,1978,7,United Kingdom of Great Britain and Northern Ireland,HUMAN_OBSERVATION
51.718624,-4.884482,1996,10,United Kingdom of Great Britain and Northern Ireland,HUMAN_OBSERVATION
51.718624,-4.884482,1993,10,United Kingdom of Great Britain and Northern Ireland,HUMAN_OBSERVATION
51.718624,-4.884482,1993,10,United Kingdom of Great Britain and Northern Ireland,HUMAN_OBSERVATION
51.718695,-4.88159,1985,7,United Kingdom of Great Britain and Northern Ireland,HUMAN_OBSERVATION
51.718854,-5.17193,1998,,United Kingdom of Great Britain and Northern Ireland,HUMAN_OBSERVATION
51.718972,0.796272,1992,9,United Kingdom of Great Britain and Northern Ireland,HUMAN_OBSERVATION
51.718972,0.796272,1992,9,United Kingdom of Great Britain and Northern Ireland,HUMAN_OBSERVATION
51.718972,0.796272,1992,9,United Kingdom of Great Britain and Northern Ireland,HUMAN_OBSERVATION
51.719386,-4.390061,1999,6,United Kingdom of Great Britain and Northern Ireland,HUMAN_OBSERVATION
51.719386,-4.390061,1999,7,United Kingdom of Great Britain and Northern Ireland,HUMAN_OBSERVATION
51.719386,-4.390061,,,United Kingdom of Great Britain and Northern Ireland,HUMAN_OBSERVATION
51.719451,-4.887431,1985,7,United Kingdom of Great Britain and Northern Ireland,HUMAN_OBSERVATION
51.719451,-4.887431,1985,7,United Kingdom of Great Britain and Northern Ireland,HUMAN_OBSERVATION
51.719486,-4.885985,1978,10,United Kingdom of Great Britain and Northern Ireland,HUMAN_OBSERVATION
51.719522,-4.884539,2014,9,United Kingdom of Great Britain and Northern Ireland,HUMAN_OBSERVATION
51.719522,-4.884539,2014,9,United Kingdom of Great Britain and Northern Ireland,HUMAN_OBSERVATION
51.719522,-4.884539,2014,9,United Kingdom of Great Britain and Northern Ireland,HUMAN_OBSERVATION
51.719522,-4.884539,2014,9,United Kingdom of Great Britain and Northern Ireland,HUMAN_OBSERVATION
51.719522,-4.884539,2014,9,United Kingdom of Great Britain and Northern Ireland,HUMAN_OBSERVATION
51.719522,-4.884539,2014,9,United Kingdom of Great Britain and Northern Ireland,HUMAN_OBSERVATION
51.719522,-4.884539,2014,9,United Kingdom of Great Britain and Northern Ireland,HUMAN_OBSERVATION
51.719522,-4.884539,2014,9,United Kingdom of Great Britain and Northern Ireland,HUMAN_OBSERVATION
51.719522,-4.884539,2013,9,United Kingdom of Great Britain and Northern Ireland,HUMAN_OBSERVATION
51.719522,-4.884539,2013,9,United Kingdom of Great Britain and Northern Ireland,HUMAN_OBSERVATION
51.719522,-4.884539,2013,9,United Kingdom of Great Britain and Northern Ireland,HUMAN_OBSERVATION
51.719522,-4.884539,2013,9,United Kingdom of Great Britain and Northern Ireland,HUMAN_OBSERVATION
51.719522,-4.884539,2013,9,United Kingdom of Great Britain and Northern Ireland,HUMAN_OBSERVATION
51.719522,-4.884539,2013,9,United Kingdom of Great Britain and Northern Ireland,HUMAN_OBSERVATION
51.719522,-4.884539,2013,9,United Kingdom of Great Britain and Northern Ireland,HUMAN_OBSERVATION
51.719522,-4.884539,2013,9,United Kingdom of Great Britain and Northern Ireland,HUMAN_OBSERVATION
51.719522,-4.884539,2012,9,United Kingdom of Great Britain and Northern Ireland,HUMAN_OBSERVATION
51.719522,-4.884539,2012,9,United Kingdom of Great Britain and Northern Ireland,HUMAN_OBSERVATION
51.719522,-4.884539,2012,9,United Kingdom of Great Britain and Northern Ireland,HUMAN_OBSERVATION
51.719522,-4.884539,2012,9,United Kingdom of Great Britain and Northern Ireland,HUMAN_OBSERVATION
51.719522,-4.884539,2012,9,United Kingdom of Great Britain and Northern Ireland,HUMAN_OBSERVATION
51.719522,-4.884539,2012,9,United Kingdom of Great Britain and Northern Ireland,HUMAN_OBSERVATION
51.719522,-4.884539,2012,9,United Kingdom of Great Britain and Northern Ireland,HUMAN_OBSERVATION
51.719522,-4.884539,2012,9,United Kingdom of Great Britain and Northern Ireland,HUMAN_OBSERVATION
51.719522,-4.884539,2011,9,United Kingdom of Great Britain and Northern Ireland,HUMAN_OBSERVATION
51.719522,-4.884539,2011,9,United Kingdom of Great Britain and Northern Ireland,HUMAN_OBSERVATION
51.719522,-4.884539,2011,9,United Kingdom of Great Britain and Northern Ireland,HUMAN_OBSERVATION
51.719522,-4.884539,2011,9,United Kingdom of Great Britain and Northern Ireland,HUMAN_OBSERVATION
51.719522,-4.884539,2011,9,United Kingdom of Great Britain and Northern Ireland,HUMAN_OBSERVATION
51.719522,-4.884539,2011,9,United Kingdom of Great Britain and Northern Ireland,HUMAN_OBSERVATION
51.719522,-4.884539,2011,9,United Kingdom of Great Britain and Northern Ireland,HUMAN_OBSERVATION
51.719522,-4.884539,2011,9,United Kingdom of Great Britain and Northern Ireland,HUMAN_OBSERVATION
51.719522,-4.884539,2010,9,United Kingdom of Great Britain and Northern Ireland,HUMAN_OBSERVATION
51.719522,-4.884539,2010,9,United Kingdom of Great Britain and Northern Ireland,HUMAN_OBSERVATION
51.719522,-4.884539,2010,9,United Kingdom of Great Britain and Northern Ireland,HUMAN_OBSERVATION
51.719522,-4.884539,2010,9,United Kingdom of Great Britain and Northern Ireland,HUMAN_OBSERVATION
51.719522,-4.884539,2010,9,United Kingdom of Great Britain and Northern Ireland,HUMAN_OBSERVATION
51.719522,-4.884539,2010,9,United Kingdom of Great Britain and Northern Ireland,HUMAN_OBSERVATION
51.719522,-4.884539,2010,9,United Kingdom of Great Britain and Northern Ireland,HUMAN_OBSERVATION
51.719522,-4.884539,2008,9,United Kingdom of Great Britain and Northern Ireland,HUMAN_OBSERVATION
51.719522,-4.884539,2008,9,United Kingdom of Great Britain and Northern Ireland,HUMAN_OBSERVATION
51.719522,-4.884539,2008,9,United Kingdom of Great Britain and Northern Ireland,HUMAN_OBSERVATION
51.719522,-4.884539,2008,9,United Kingdom of Great Britain and Northern Ireland,HUMAN_OBSERVATION
51.719522,-4.884539,2008,9,United Kingdom of Great Britain and Northern Ireland,HUMAN_OBSERVATION
51.719522,-4.884539,2008,9,United Kingdom of Great Britain and Northern Ireland,HUMAN_OBSERVATION
51.719522,-4.884539,2008,9,United Kingdom of Great Britain and Northern Ireland,HUMAN_OBSERVATION
51.719522,-4.884539,2008,9,United Kingdom of Great Britain and Northern Ireland,HUMAN_OBSERVATION
51.719522,-4.884539,1996,9,United Kingdom of Great Britain and Northern Ireland,HUMAN_OBSERVATION
51.719522,-4.884539,1995,10,United Kingdom of Great Britain and Northern Ireland,HUMAN_OBSERVATION
51.719522,-4.884539,1995,10,United Kingdom of Great Britain and Northern Ireland,HUMAN_OBSERVATION
51.719522,-4.884539,1995,10,United Kingdom of Great Britain and Northern Ireland,HUMAN_OBSERVATION
51.719522,-4.884539,1982,6,United Kingdom of Great Britain and Northern Ireland,HUMAN_OBSERVATION
51.719522,-4.884539,1979,3,United Kingdom of Great Britain and Northern Ireland,HUMAN_OBSERVATION
51.719522,-4.884539,1978,9,United Kingdom of Great Britain and Northern Ireland,HUMAN_OBSERVATION
51.719522,-4.884539,1963,6,United Kingdom of Great Britain and Northern Ireland,HUMAN_OBSERVATION
51.71986,-4.884448,2014,9,United Kingdom of Great Britain and Northern Ireland,HUMAN_OBSERVATION
51.71986,-4.884448,2014,9,United Kingdom of Great Britain and Northern Ireland,HUMAN_OBSERVATION
51.71986,-4.884448,2014,9,United Kingdom of Great Britain and Northern Ireland,HUMAN_OBSERVATION
51.71986,-4.884448,2014,9,United Kingdom of Great Britain and Northern Ireland,HUMAN_OBSERVATION
51.71986,-4.884448,2014,9,United Kingdom of Great Britain and Northern Ireland,HUMAN_OBSERVATION
51.71986,-4.884448,2014,9,United Kingdom of Great Britain and Northern Ireland,HUMAN_OBSERVATION
51.71986,-4.884448,2014,9,United Kingdom of Great Britain and Northern Ireland,HUMAN_OBSERVATION
51.71986,-4.884448,2014,9,United Kingdom of Great Britain and Northern Ireland,HUMAN_OBSERVATION
51.71986,-4.884448,2013,9,United Kingdom of Great Britain and Northern Ireland,HUMAN_OBSERVATION
51.71986,-4.884448,2013,9,United Kingdom of Great Britain and Northern Ireland,HUMAN_OBSERVATION
51.71986,-4.884448,2013,9,United Kingdom of Great Britain and Northern Ireland,HUMAN_OBSERVATION
51.71986,-4.884448,2013,9,United Kingdom of Great Britain and Northern Ireland,HUMAN_OBSERVATION
51.71986,-4.884448,2013,9,United Kingdom of Great Britain and Northern Ireland,HUMAN_OBSERVATION
51.71986,-4.884448,2013,9,United Kingdom of Great Britain and Northern Ireland,HUMAN_OBSERVATION
51.71986,-4.884448,2013,9,United Kingdom of Great Britain and Northern Ireland,HUMAN_OBSERVATION
51.71986,-4.884448,2013,9,United Kingdom of Great Britain and Northern Ireland,HUMAN_OBSERVATION
51.71986,-4.884448,2012,9,United Kingdom of Great Britain and Northern Ireland,HUMAN_OBSERVATION
51.71986,-4.884448,2012,9,United Kingdom of Great Britain and Northern Ireland,HUMAN_OBSERVATION
51.71986,-4.884448,2012,9,United Kingdom of Great Britain and Northern Ireland,HUMAN_OBSERVATION
51.71986,-4.884448,2012,9,United Kingdom of Great Britain and Northern Ireland,HUMAN_OBSERVATION
51.71986,-4.884448,2012,9,United Kingdom of Great Britain and Northern Ireland,HUMAN_OBSERVATION
51.71986,-4.884448,2012,9,United Kingdom of Great Britain and Northern Ireland,HUMAN_OBSERVATION
51.71986,-4.884448,2012,9,United Kingdom of Great Britain and Northern Ireland,HUMAN_OBSERVATION
51.71986,-4.884448,2012,9,United Kingdom of Great Britain and Northern Ireland,HUMAN_OBSERVATION
51.71986,-4.884448,2011,9,United Kingdom of Great Britain and Northern Ireland,HUMAN_OBSERVATION
51.71986,-4.884448,2011,9,United Kingdom of Great Britain and Northern Ireland,HUMAN_OBSERVATION
51.71986,-4.884448,2011,9,United Kingdom of Great Britain and Northern Ireland,HUMAN_OBSERVATION
51.71986,-4.884448,2011,9,United Kingdom of Great Britain and Northern Ireland,HUMAN_OBSERVATION
51.71986,-4.884448,2011,9,United Kingdom of Great Britain and Northern Ireland,HUMAN_OBSERVATION
51.71986,-4.884448,2011,9,United Kingdom of Great Britain and Northern Ireland,HUMAN_OBSERVATION
51.71986,-4.884448,2011,9,United Kingdom of Great Britain and Northern Ireland,HUMAN_OBSERVATION
51.71986,-4.884448,2011,9,United Kingdom of Great Britain and Northern Ireland,HUMAN_OBSERVATION
51.71986,-4.884448,2010,9,United Kingdom of Great Britain and Northern Ireland,HUMAN_OBSERVATION
51.71986,-4.884448,2010,9,United Kingdom of Great Britain and Northern Ireland,HUMAN_OBSERVATION
51.71986,-4.884448,2010,9,United Kingdom of Great Britain and Northern Ireland,HUMAN_OBSERVATION
51.71986,-4.884448,2010,9,United Kingdom of Great Britain and Northern Ireland,HUMAN_OBSERVATION
51.71986,-4.884448,2010,9,United Kingdom of Great Britain and Northern Ireland,HUMAN_OBSERVATION
51.71986,-4.884448,2010,9,United Kingdom of Great Britain and Northern Ireland,HUMAN_OBSERVATION
51.71986,-4.884448,2010,9,United Kingdom of Great Britain and Northern Ireland,HUMAN_OBSERVATION
51.71986,-4.884448,2008,9,United Kingdom of Great Britain and Northern Ireland,HUMAN_OBSERVATION
51.71986,-4.884448,2008,9,United Kingdom of Great Britain and Northern Ireland,HUMAN_OBSERVATION
51.71986,-4.884448,2008,9,United Kingdom of Great Britain and Northern Ireland,HUMAN_OBSERVATION
51.71986,-4.884448,2008,9,United Kingdom of Great Britain and Northern Ireland,HUMAN_OBSERVATION
51.71986,-4.884448,2008,9,United Kingdom of Great Britain and Northern Ireland,HUMAN_OBSERVATION
51.71986,-4.884448,2008,9,United Kingdom of Great Britain and Northern Ireland,HUMAN_OBSERVATION
51.71986,-4.884448,2008,9,United Kingdom of Great Britain and Northern Ireland,HUMAN_OBSERVATION
51.71986,-4.884448,2008,9,United Kingdom of Great Britain and Northern Ireland,HUMAN_OBSERVATION
51.720097,-5.208944,1960,6,United Kingdom of Great Britain and Northern Ireland,HUMAN_OBSERVATION
51.72042,-4.884596,1978,9,United Kingdom of Great Britain and Northern Ireland,HUMAN_OBSERVATION
51.721282,-4.886099,1971,6,United Kingdom of Great Britain and Northern Ireland,HUMAN_OBSERVATION
51.721377,-5.227861,1960,6,United Kingdom of Great Britain and Northern Ireland,HUMAN_OBSERVATION
51.721698,0.832642,1992,9,United Kingdom of Great Britain and Northern Ireland,HUMAN_OBSERVATION
51.721698,0.832642,1992,9,United Kingdom of Great Britain and Northern Ireland,HUMAN_OBSERVATION
51.722216,-4.884711,1978,10,United Kingdom of Great Britain and Northern Ireland,HUMAN_OBSERVATION
51.722241,-4.245418,2000,5,United Kingdom of Great Britain and Northern Ireland,HUMAN_OBSERVATION
51.722299,-4.685608,2005,8,United Kingdom of Great Britain and Northern Ireland,HUMAN_OBSERVATION
51.722458,-4.684892,2005,8,United Kingdom of Great Britain and Northern Ireland,HUMAN_OBSERVATION
51.722524,-4.682,2018,3,United Kingdom of Great Britain and Northern Ireland,HUMAN_OBSERVATION
51.722524,-4.682,2018,3,United Kingdom of Great Britain and Northern Ireland,HUMAN_OBSERVATION
51.722524,-4.682,2018,3,United Kingdom of Great Britain and Northern Ireland,HUMAN_OBSERVATION
51.722524,-4.682,2018,3,United Kingdom of Great Britain and Northern Ireland,HUMAN_OBSERVATION
51.722524,-4.682,2018,3,United Kingdom of Great Britain and Northern Ireland,HUMAN_OBSERVATION
51.722524,-4.682,2018,3,United Kingdom of Great Britain and Northern Ireland,HUMAN_OBSERVATION
51.722524,-4.682,2018,3,United Kingdom of Great Britain and Northern Ireland,HUMAN_OBSERVATION
51.722524,-4.682,2018,3,United Kingdom of Great Britain and Northern Ireland,HUMAN_OBSERVATION
51.722524,-4.682,2018,3,United Kingdom of Great Britain and Northern Ireland,HUMAN_OBSERVATION
51.722524,-4.682,2018,3,United Kingdom of Great Britain and Northern Ireland,HUMAN_OBSERVATION
51.722524,-4.682,2018,3,United Kingdom of Great Britain and Northern Ireland,HUMAN_OBSERVATION
51.722524,-4.682,2018,3,United Kingdom of Great Britain and Northern Ireland,HUMAN_OBSERVATION
51.722524,-4.682,2018,3,United Kingdom of Great Britain and Northern Ireland,HUMAN_OBSERVATION
51.722524,-4.682,2018,3,United Kingdom of Great Britain and Northern Ireland,HUMAN_OBSERVATION
51.722524,-4.682,2018,3,United Kingdom of Great Britain and Northern Ireland,HUMAN_OBSERVATION
51.722524,-4.682,2018,3,United Kingdom of Great Britain and Northern Ireland,HUMAN_OBSERVATION
51.722524,-4.682,2018,3,United Kingdom of Great Britain and Northern Ireland,HUMAN_OBSERVATION
51.722524,-4.682,2018,3,United Kingdom of Great Britain and Northern Ireland,HUMAN_OBSERVATION
51.722524,-4.682,2018,3,United Kingdom of Great Britain and Northern Ireland,HUMAN_OBSERVATION
51.722524,-4.682,2018,3,United Kingdom of Great Britain and Northern Ireland,HUMAN_OBSERVATION
51.722524,-4.682,2018,3,United Kingdom of Great Britain and Northern Ireland,HUMAN_OBSERVATION
51.722524,-4.682,2018,3,United Kingdom of Great Britain and Northern Ireland,HUMAN_OBSERVATION
51.722524,-4.682,2018,3,United Kingdom of Great Britain and Northern Ireland,HUMAN_OBSERVATION
51.722524,-4.682,2018,3,United Kingdom of Great Britain and Northern Ireland,HUMAN_OBSERVATION
51.722524,-4.682,2018,3,United Kingdom of Great Britain and Northern Ireland,HUMAN_OBSERVATION
51.722524,-4.682,2018,3,United Kingdom of Great Britain and Northern Ireland,HUMAN_OBSERVATION
51.722524,-4.682,2018,3,United Kingdom of Great Britain and Northern Ireland,HUMAN_OBSERVATION
51.722524,-4.682,2018,3,United Kingdom of Great Britain and Northern Ireland,HUMAN_OBSERVATION
51.722524,-4.682,2018,3,United Kingdom of Great Britain and Northern Ireland,HUMAN_OBSERVATION
51.722524,-4.682,2018,3,United Kingdom of Great Britain and Northern Ireland,HUMAN_OBSERVATION
51.722524,-4.682,2018,3,United Kingdom of Great Britain and Northern Ireland,HUMAN_OBSERVATION
51.722524,-4.682,2018,3,United Kingdom of Great Britain and Northern Ireland,HUMAN_OBSERVATION
51.724839,-4.887774,1996,10,United Kingdom of Great Britain and Northern Ireland,HUMAN_OBSERVATION
51.724839,-4.887774,1995,10,United Kingdom of Great Britain and Northern Ireland,HUMAN_OBSERVATION
51.724839,-4.887774,1995,10,United Kingdom of Great Britain and Northern Ireland,HUMAN_OBSERVATION
51.724839,-4.887774,1978,6,United Kingdom of Great Britain and Northern Ireland,HUMAN_OBSERVATION
51.72491,-4.884882,1978,6,United Kingdom of Great Britain and Northern Ireland,HUMAN_OBSERVATION
51.72491,-4.884882,1963,6,United Kingdom of Great Britain and Northern Ireland,HUMAN_OBSERVATION
51.725255,0.834313,1996,1,United Kingdom of Great Britain and Northern Ireland,HUMAN_OBSERVATION
51.726047,-4.304253,1999,,United Kingdom of Great Britain and Northern Ireland,HUMAN_OBSERVATION
51.726047,-4.304253,1999,,United Kingdom of Great Britain and Northern Ireland,HUMAN_OBSERVATION
51.72631,-4.882799,1998,3,United Kingdom of Great Britain and Northern Ireland,HUMAN_OBSERVATION
51.72667,-4.886443,1971,6,United Kingdom of Great Britain and Northern Ireland,HUMAN_OBSERVATION
51.727702,-4.311577,1999,,United Kingdom of Great Britain and Northern Ireland,HUMAN_OBSERVATION
51.727702,-4.311577,1999,,United Kingdom of Great Britain and Northern Ireland,HUMAN_OBSERVATION
51.729198,-4.884214,2002,10,United Kingdom of Great Britain and Northern Ireland,HUMAN_OBSERVATION
51.729198,-4.884214,2002,10,United Kingdom of Great Britain and Northern Ireland,HUMAN_OBSERVATION
51.729198,-4.884214,2002,10,United Kingdom of Great Britain and Northern Ireland,HUMAN_OBSERVATION
51.729198,-4.884214,2002,10,United Kingdom of Great Britain and Northern Ireland,HUMAN_OBSERVATION
51.729198,-4.884214,2002,10,United Kingdom of Great Britain and Northern Ireland,HUMAN_OBSERVATION
51.729198,-4.884214,2002,10,United Kingdom of Great Britain and Northern Ireland,HUMAN_OBSERVATION
51.729948,-9.5248,2021,10,Ireland,HUMAN_OBSERVATION
51.730409,-9.524092,2021,10,Ireland,HUMAN_OBSERVATION
51.730694,-4.342143,1999,,United Kingdom of Great Britain and Northern Ireland,HUMAN_OBSERVATION
51.730694,-4.342143,1999,,United Kingdom of Great Britain and Northern Ireland,HUMAN_OBSERVATION
51.731068,-4.66223,2000,9,United Kingdom of Great Britain and Northern Ireland,HUMAN_OBSERVATION
51.731068,-4.66223,2000,9,United Kingdom of Great Britain and Northern Ireland,HUMAN_OBSERVATION
51.731101,-4.660783,2000,9,United Kingdom of Great Britain and Northern Ireland,HUMAN_OBSERVATION
51.731101,-4.660783,2000,9,United Kingdom of Great Britain and Northern Ireland,HUMAN_OBSERVATION
51.731199,-4.886949,2002,10,United Kingdom of Great Britain and Northern Ireland,HUMAN_OBSERVATION
51.731199,-4.886949,2002,10,United Kingdom of Great Britain and Northern Ireland,HUMAN_OBSERVATION
51.731199,-4.886949,2002,10,United Kingdom of Great Britain and Northern Ireland,HUMAN_OBSERVATION
51.731199,-4.886949,2002,10,United Kingdom of Great Britain and Northern Ireland,HUMAN_OBSERVATION
51.731231,-4.883837,1985,10,United Kingdom of Great Britain and Northern Ireland,HUMAN_OBSERVATION
51.731231,-4.883837,1985,10,United Kingdom of Great Britain and Northern Ireland,HUMAN_OBSERVATION
51.731231,-4.883837,1985,10,United Kingdom of Great Britain and Northern Ireland,HUMAN_OBSERVATION
51.731231,-4.883837,1985,10,United Kingdom of Great Britain and Northern Ireland,HUMAN_OBSERVATION
51.731231,-4.883837,1978,10,United Kingdom of Great Britain and Northern Ireland,HUMAN_OBSERVATION
51.731415,0.726072,2012,6,United Kingdom of Great Britain and Northern Ireland,HUMAN_OBSERVATION
51.731644,-5.279291,1982,9,United Kingdom of Great Britain and Northern Ireland,HUMAN_OBSERVATION
51.731908,-4.326275,1999,,United Kingdom of Great Britain and Northern Ireland,HUMAN_OBSERVATION
51.731908,-4.326275,1999,,United Kingdom of Great Britain and Northern Ireland,HUMAN_OBSERVATION
51.732129,-4.883894,1963,6,United Kingdom of Great Britain and Northern Ireland,HUMAN_OBSERVATION
51.732164,-4.882448,1996,9,United Kingdom of Great Britain and Northern Ireland,HUMAN_OBSERVATION
51.732164,-4.882448,1995,10,United Kingdom of Great Britain and Northern Ireland,HUMAN_OBSERVATION
51.732164,-4.882448,1995,10,United Kingdom of Great Britain and Northern Ireland,HUMAN_OBSERVATION
51.732164,-4.882448,1995,10,United Kingdom of Great Britain and Northern Ireland,HUMAN_OBSERVATION
51.732164,-4.882448,1995,10,United Kingdom of Great Britain and Northern Ireland,HUMAN_OBSERVATION
51.732581,0.714555,1992,9,United Kingdom of Great Britain and Northern Ireland,HUMAN_OBSERVATION
51.733027,-4.883951,1978,7,United Kingdom of Great Britain and Northern Ireland,HUMAN_OBSERVATION
51.733055,-4.593549,,,United Kingdom of Great Britain and Northern Ireland,HUMAN_OBSERVATION
51.733062,-4.882505,1994,10,United Kingdom of Great Britain and Northern Ireland,HUMAN_OBSERVATION
51.733345,0.720394,1996,1,United Kingdom of Great Britain and Northern Ireland,HUMAN_OBSERVATION
51.733345,0.720394,1996,1,United Kingdom of Great Britain and Northern Ireland,HUMAN_OBSERVATION
51.733345,0.720394,1996,1,United Kingdom of Great Britain and Northern Ireland,HUMAN_OBSERVATION
51.733614,-4.629066,,,United Kingdom of Great Britain and Northern Ireland,HUMAN_OBSERVATION
51.733614,-4.629066,,,United Kingdom of Great Britain and Northern Ireland,HUMAN_OBSERVATION
51.733783,-4.889793,1978,9,United Kingdom of Great Britain and Northern Ireland,HUMAN_OBSERVATION
51.733791,-4.322026,1999,,United Kingdom of Great Britain and Northern Ireland,HUMAN_OBSERVATION
51.733791,-4.322026,1999,,United Kingdom of Great Britain and Northern Ireland,HUMAN_OBSERVATION
51.733807,-4.579833,,,United Kingdom of Great Britain and Northern Ireland,HUMAN_OBSERVATION
51.733807,-4.579833,,,United Kingdom of Great Britain and Northern Ireland,HUMAN_OBSERVATION
51.73396,-4.882562,1996,10,United Kingdom of Great Britain and Northern Ireland,HUMAN_OBSERVATION
51.73396,-4.882562,1993,10,United Kingdom of Great Britain and Northern Ireland,HUMAN_OBSERVATION
51.734374,-4.337988,1988,8,United Kingdom of Great Britain and Northern Ireland,HUMAN_OBSERVATION
51.734716,-4.888404,1996,10,United Kingdom of Great Britain and Northern Ireland,HUMAN_OBSERVATION
51.735301,-4.336587,1999,,United Kingdom of Great Britain and Northern Ireland,HUMAN_OBSERVATION
51.735301,-4.336587,1999,,United Kingdom of Great Britain and Northern Ireland,HUMAN_OBSERVATION
51.735616,-4.320672,1999,,United Kingdom of Great Britain and Northern Ireland,HUMAN_OBSERVATION
51.735616,-4.320672,1999,,United Kingdom of Great Britain and Northern Ireland,HUMAN_OBSERVATION
51.736092,-5.281062,1978,8,United Kingdom of Great Britain and Northern Ireland,HUMAN_OBSERVATION
51.736517,-4.608608,2009,9,United Kingdom of Great Britain and Northern Ireland,HUMAN_OBSERVATION
51.736517,-4.608608,2009,9,United Kingdom of Great Britain and Northern Ireland,HUMAN_OBSERVATION
51.736517,-4.608608,2009,9,United Kingdom of Great Britain and Northern Ireland,HUMAN_OBSERVATION
51.736517,-4.608608,2009,9,United Kingdom of Great Britain and Northern Ireland,HUMAN_OBSERVATION
51.736517,-4.608608,2009,9,United Kingdom of Great Britain and Northern Ireland,HUMAN_OBSERVATION
51.736559,-4.603498,2009,9,United Kingdom of Great Britain and Northern Ireland,HUMAN_OBSERVATION
51.736606,-4.361278,1999,,United Kingdom of Great Britain and Northern Ireland,HUMAN_OBSERVATION
51.736606,-4.361278,1999,,United Kingdom of Great Britain and Northern Ireland,HUMAN_OBSERVATION
51.736635,-4.359831,1999,,United Kingdom of Great Britain and Northern Ireland,HUMAN_OBSERVATION
51.736635,-4.359831,1999,,United Kingdom of Great Britain and Northern Ireland,HUMAN_OBSERVATION
51.736686,-4.897873,2002,10,United Kingdom of Great Britain and Northern Ireland,HUMAN_OBSERVATION
51.736686,-4.897873,2002,10,United Kingdom of Great Britain and Northern Ireland,HUMAN_OBSERVATION
51.736686,-4.897873,2002,10,United Kingdom of Great Britain and Northern Ireland,HUMAN_OBSERVATION
51.736686,-4.897873,2002,10,United Kingdom of Great Britain and Northern Ireland,HUMAN_OBSERVATION
51.736686,-4.897873,2002,10,United Kingdom of Great Britain and Northern Ireland,HUMAN_OBSERVATION
51.736686,-4.897873,2002,10,United Kingdom of Great Britain and Northern Ireland,HUMAN_OBSERVATION
51.736741,-4.629972,2000,9,United Kingdom of Great Britain and Northern Ireland,HUMAN_OBSERVATION
51.736741,-4.629972,2000,9,United Kingdom of Great Britain and Northern Ireland,HUMAN_OBSERVATION
51.73676,-4.60897,2009,9,United Kingdom of Great Britain and Northern Ireland,HUMAN_OBSERVATION
51.73676,-4.60897,2009,9,United Kingdom of Great Britain and Northern Ireland,HUMAN_OBSERVATION
51.73676,-4.60897,2009,9,United Kingdom of Great Britain and Northern Ireland,HUMAN_OBSERVATION
51.73676,-4.60897,2009,9,United Kingdom of Great Britain and Northern Ireland,HUMAN_OBSERVATION
51.73676,-4.60897,2009,9,United Kingdom of Great Britain and Northern Ireland,HUMAN_OBSERVATION
51.736889,-4.603184,2009,9,United Kingdom of Great Britain and Northern Ireland,HUMAN_OBSERVATION
51.737613,-4.310635,1999,,United Kingdom of Great Britain and Northern Ireland,HUMAN_OBSERVATION
51.737613,-4.310635,1999,,United Kingdom of Great Britain and Northern Ireland,HUMAN_OBSERVATION
51.738785,-5.281258,1978,8,United Kingdom of Great Britain and Northern Ireland,HUMAN_OBSERVATION
51.738957,-4.898815,1978,9,United Kingdom of Great Britain and Northern Ireland,HUMAN_OBSERVATION
51.739158,1.068417,2012,6,United Kingdom of Great Britain and Northern Ireland,HUMAN_OBSERVATION
51.739212,0.814906,1992,9,United Kingdom of Great Britain and Northern Ireland,HUMAN_OBSERVATION
51.739212,0.814906,1992,9,United Kingdom of Great Britain and Northern Ireland,HUMAN_OBSERVATION
51.739212,0.814906,1992,9,United Kingdom of Great Britain and Northern Ireland,HUMAN_OBSERVATION
51.739212,0.814906,1992,9,United Kingdom of Great Britain and Northern Ireland,HUMAN_OBSERVATION
51.739212,0.814906,1992,9,United Kingdom of Great Britain and Northern Ireland,HUMAN_OBSERVATION
51.739602,-4.890889,1998,3,United Kingdom of Great Britain and Northern Ireland,HUMAN_OBSERVATION
51.739602,-4.890889,1998,3,United Kingdom of Great Britain and Northern Ireland,HUMAN_OBSERVATION
51.74,3.77,1950,10,Netherlands,HUMAN_OBSERVATION
51.740395,1.020693,1997,9,United Kingdom of Great Britain and Northern Ireland,HUMAN_OBSERVATION
51.741992,-4.384012,1988,8,United Kingdom of Great Britain and Northern Ireland,HUMAN_OBSERVATION
51.741992,-4.384012,1988,8,United Kingdom of Great Britain and Northern Ireland,HUMAN_OBSERVATION
51.741992,-4.384012,1988,8,United Kingdom of Great Britain and Northern Ireland,HUMAN_OBSERVATION
51.741992,-4.384012,1988,8,United Kingdom of Great Britain and Northern Ireland,HUMAN_OBSERVATION
51.741992,-4.384012,1988,8,United Kingdom of Great Britain and Northern Ireland,HUMAN_OBSERVATION
51.7428,-9.537928,,,Ireland,HUMAN_OBSERVATION
51.744485,0.857249,1992,9,United Kingdom of Great Britain and Northern Ireland,HUMAN_OBSERVATION
51.744485,0.857249,1992,9,United Kingdom of Great Britain and Northern Ireland,HUMAN_OBSERVATION
51.745278,-4.897771,1996,10,United Kingdom of Great Britain and Northern Ireland,HUMAN_OBSERVATION
51.746104,-4.900722,1963,6,United Kingdom of Great Britain and Northern Ireland,HUMAN_OBSERVATION
51.74614,-4.899275,1978,9,United Kingdom of Great Britain and Northern Ireland,HUMAN_OBSERVATION
51.746942,0.903768,1992,9,United Kingdom of Great Britain and Northern Ireland,HUMAN_OBSERVATION
51.746942,0.903768,1992,9,United Kingdom of Great Britain and Northern Ireland,HUMAN_OBSERVATION
51.746942,0.903768,1992,9,United Kingdom of Great Britain and Northern Ireland,HUMAN_OBSERVATION
51.747972,-4.897944,1971,6,United Kingdom of Great Britain and Northern Ireland,HUMAN_OBSERVATION
51.749234,-4.898561,2002,9,United Kingdom of Great Britain and Northern Ireland,HUMAN_OBSERVATION
51.749234,-4.898561,2002,9,United Kingdom of Great Britain and Northern Ireland,HUMAN_OBSERVATION
51.750023,0.960477,1997,9,United Kingdom of Great Britain and Northern Ireland,HUMAN_OBSERVATION
51.751528,-4.899621,1996,10,United Kingdom of Great Britain and Northern Ireland,HUMAN_OBSERVATION
51.751528,-4.899621,1995,10,United Kingdom of Great Britain and Northern Ireland,HUMAN_OBSERVATION
51.751528,-4.899621,1995,10,United Kingdom of Great Britain and Northern Ireland,HUMAN_OBSERVATION
51.753395,-4.896842,1996,10,United Kingdom of Great Britain and Northern Ireland,HUMAN_OBSERVATION
51.754833,-4.911426,1985,10,United Kingdom of Great Britain and Northern Ireland,HUMAN_OBSERVATION
51.756196,-4.892674,1996,10,United Kingdom of Great Britain and Northern Ireland,HUMAN_OBSERVATION
51.756196,-4.892674,1995,10,United Kingdom of Great Britain and Northern Ireland,HUMAN_OBSERVATION
51.756196,-4.892674,1995,10,United Kingdom of Great Britain and Northern Ireland,HUMAN_OBSERVATION
51.756196,-4.892674,1995,10,United Kingdom of Great Britain and Northern Ireland,HUMAN_OBSERVATION
51.757094,-4.892731,1985,10,United Kingdom of Great Britain and Northern Ireland,HUMAN_OBSERVATION
51.757094,-4.892731,1985,10,United Kingdom of Great Britain and Northern Ireland,HUMAN_OBSERVATION
51.757094,-4.892731,1963,6,United Kingdom of Great Britain and Northern Ireland,HUMAN_OBSERVATION
51.757284,-4.405829,1999,7,United Kingdom of Great Britain and Northern Ireland,HUMAN_OBSERVATION
51.757284,-4.405829,1999,7,United Kingdom of Great Britain and Northern Ireland,HUMAN_OBSERVATION
51.757561,-4.892037,1998,3,United Kingdom of Great Britain and Northern Ireland,HUMAN_OBSERVATION
51.757561,-4.892037,1998,3,United Kingdom of Great Britain and Northern Ireland,HUMAN_OBSERVATION
51.758064,-4.411667,1999,,United Kingdom of Great Britain and Northern Ireland,HUMAN_OBSERVATION
51.758064,-4.411667,1999,,United Kingdom of Great Britain and Northern Ireland,HUMAN_OBSERVATION
51.758272,-4.401534,2007,6,United Kingdom of Great Britain and Northern Ireland,HUMAN_OBSERVATION
51.758272,-4.401534,2007,6,United Kingdom of Great Britain and Northern Ireland,HUMAN_OBSERVATION
51.758434,-4.401046,2007,6,United Kingdom of Great Britain and Northern Ireland,HUMAN_OBSERVATION
51.758575,-4.401184,2007,6,United Kingdom of Great Britain and Northern Ireland,HUMAN_OBSERVATION
51.758702,0.845828,2009,11,United Kingdom of Great Britain and Northern Ireland,HUMAN_OBSERVATION
51.7592,-4.400134,2005,8,United Kingdom of Great Britain and Northern Ireland,HUMAN_OBSERVATION
51.75942,-10.142105,2014,5,Ireland,HUMAN_OBSERVATION
51.759573,-4.399918,2005,8,United Kingdom of Great Britain and Northern Ireland,HUMAN_OBSERVATION
51.759663,-4.399434,1999,7,United Kingdom of Great Britain and Northern Ireland,HUMAN_OBSERVATION
51.759663,-4.399434,1999,7,United Kingdom of Great Britain and Northern Ireland,HUMAN_OBSERVATION
51.759859,-4.89001,1978,7,United Kingdom of Great Britain and Northern Ireland,HUMAN_OBSERVATION
51.76,3.84,1980,7,Netherlands,HUMAN_OBSERVATION
51.760127,-4.398735,1999,7,United Kingdom of Great Britain and Northern Ireland,HUMAN_OBSERVATION
51.760127,-4.398735,1999,7,United Kingdom of Great Britain and Northern Ireland,HUMAN_OBSERVATION
51.760789,-4.410363,1988,8,United Kingdom of Great Britain and Northern Ireland,HUMAN_OBSERVATION
51.760789,-4.410363,1988,8,United Kingdom of Great Britain and Northern Ireland,HUMAN_OBSERVATION
51.760789,-4.410363,1988,8,United Kingdom of Great Britain and Northern Ireland,HUMAN_OBSERVATION
51.760789,-4.410363,1988,8,United Kingdom of Great Britain and Northern Ireland,HUMAN_OBSERVATION
51.76302,-4.891299,2002,10,United Kingdom of Great Britain and Northern Ireland,HUMAN_OBSERVATION
51.76302,-4.891299,2002,10,United Kingdom of Great Britain and Northern Ireland,HUMAN_OBSERVATION
51.76302,-4.891299,2002,10,United Kingdom of Great Britain and Northern Ireland,HUMAN_OBSERVATION
51.76302,-4.891299,2002,10,United Kingdom of Great Britain and Northern Ireland,HUMAN_OBSERVATION
51.76302,-4.891299,2002,10,United Kingdom of Great Britain and Northern Ireland,HUMAN_OBSERVATION
51.76302,-4.891299,2002,10,United Kingdom of Great Britain and Northern Ireland,HUMAN_OBSERVATION
51.763053,0.907629,2001,11,United Kingdom of Great Britain and Northern Ireland,HUMAN_OBSERVATION
51.763809,-4.394582,1999,7,United Kingdom of Great Britain and Northern Ireland,HUMAN_OBSERVATION
51.763809,-4.394582,1999,7,United Kingdom of Great Britain and Northern Ireland,HUMAN_OBSERVATION
51.763839,-4.393134,1988,8,United Kingdom of Great Britain and Northern Ireland,HUMAN_OBSERVATION
51.765858,-4.938227,1996,10,United Kingdom of Great Britain and Northern Ireland,HUMAN_OBSERVATION
51.766038,-4.894753,1971,6,United Kingdom of Great Britain and Northern Ireland,HUMAN_OBSERVATION
51.766117,-4.457027,1988,8,United Kingdom of Great Britain and Northern Ireland,HUMAN_OBSERVATION
51.766117,-4.457027,1988,8,United Kingdom of Great Britain and Northern Ireland,HUMAN_OBSERVATION
51.766936,-4.894811,1978,7,United Kingdom of Great Britain and Northern Ireland,HUMAN_OBSERVATION
51.767834,-4.894868,1996,10,United Kingdom of Great Britain and Northern Ireland,HUMAN_OBSERVATION
51.768732,-4.894926,1985,10,United Kingdom of Great Britain and Northern Ireland,HUMAN_OBSERVATION
51.768732,-4.894926,1985,10,United Kingdom of Great Britain and Northern Ireland,HUMAN_OBSERVATION
51.768782,-4.458621,1999,,United Kingdom of Great Britain and Northern Ireland,HUMAN_OBSERVATION
51.768782,-4.458621,1999,,United Kingdom of Great Britain and Northern Ireland,HUMAN_OBSERVATION
51.769235,-4.370953,1988,8,United Kingdom of Great Britain and Northern Ireland,HUMAN_OBSERVATION
51.769235,-4.370953,1988,8,United Kingdom of Great Britain and Northern Ireland,HUMAN_OBSERVATION
51.769831,-4.451431,1988,8,United Kingdom of Great Britain and Northern Ireland,HUMAN_OBSERVATION
51.769831,-4.451431,1988,8,United Kingdom of Great Britain and Northern Ireland,HUMAN_OBSERVATION
51.770436,1.041545,1992,9,United Kingdom of Great Britain and Northern Ireland,HUMAN_OBSERVATION
51.770436,1.041545,1992,9,United Kingdom of Great Britain and Northern Ireland,HUMAN_OBSERVATION
51.771739,-4.456728,2023,12,United Kingdom of Great Britain and Northern Ireland,HUMAN_OBSERVATION
51.771858,-4.913972,1960,6,United Kingdom of Great Britain and Northern Ireland,HUMAN_OBSERVATION
51.772465,-4.454473,1988,8,United Kingdom of Great Britain and Northern Ireland,HUMAN_OBSERVATION
51.772465,-4.454473,1988,8,United Kingdom of Great Britain and Northern Ireland,HUMAN_OBSERVATION
51.773002,-10.021681,2018,9,Ireland,HUMAN_OBSERVATION
51.773286,-4.392909,1999,,United Kingdom of Great Britain and Northern Ireland,HUMAN_OBSERVATION
51.773394,-4.453074,2005,8,United Kingdom of Great Britain and Northern Ireland,HUMAN_OBSERVATION
51.773514,-4.453366,2005,8,United Kingdom of Great Britain and Northern Ireland,HUMAN_OBSERVATION
51.77395,0.938847,1992,9,United Kingdom of Great Britain and Northern Ireland,HUMAN_OBSERVATION
51.77395,0.938847,1992,9,United Kingdom of Great Britain and Northern Ireland,HUMAN_OBSERVATION
51.774735,-4.37821,2005,8,United Kingdom of Great Britain and Northern Ireland,HUMAN_OBSERVATION
51.774942,-4.377776,2005,8,United Kingdom of Great Britain and Northern Ireland,HUMAN_OBSERVATION
51.777386,-4.944775,1996,10,United Kingdom of Great Britain and Northern Ireland,HUMAN_OBSERVATION
51.780188,-4.886235,1998,,United Kingdom of Great Britain and Northern Ireland,HUMAN_OBSERVATION
51.784172,0.852507,1992,9,United Kingdom of Great Britain and Northern Ireland,HUMAN_OBSERVATION
51.784172,0.852507,1992,9,United Kingdom of Great Britain and Northern Ireland,HUMAN_OBSERVATION
51.787665,-4.371195,1999,,United Kingdom of Great Britain and Northern Ireland,HUMAN_OBSERVATION
51.787665,-4.371195,1999,,United Kingdom of Great Britain and Northern Ireland,HUMAN_OBSERVATION
51.787927,-5.111515,1999,10,United Kingdom of Great Britain and Northern Ireland,HUMAN_OBSERVATION
51.787927,-5.111515,1999,10,United Kingdom of Great Britain and Northern Ireland,HUMAN_OBSERVATION
51.79672,1.026001,2021,5,United Kingdom of Great Britain and Northern Ireland,HUMAN_OBSERVATION
51.801598,1.018982,1992,9,United Kingdom of Great Britain and Northern Ireland,HUMAN_OBSERVATION
51.808217,1.006366,1992,9,United Kingdom of Great Britain and Northern Ireland,HUMAN_OBSERVATION
51.808217,1.006366,1992,9,United Kingdom of Great Britain and Northern Ireland,HUMAN_OBSERVATION
51.808217,1.006366,1992,9,United Kingdom of Great Britain and Northern Ireland,HUMAN_OBSERVATION
51.809219,-4.394813,1999,,United Kingdom of Great Britain and Northern Ireland,HUMAN_OBSERVATION
51.809219,-4.394813,1999,,United Kingdom of Great Britain and Northern Ireland,HUMAN_OBSERVATION
51.809219,-4.394813,1999,,United Kingdom of Great Britain and Northern Ireland,HUMAN_OBSERVATION
51.82,3.89,2007,9,Netherlands,HUMAN_OBSERVATION
51.82,3.89,1951,7,Netherlands,HUMAN_OBSERVATION
51.82,3.89,1951,7,Netherlands,HUMAN_OBSERVATION
51.82,3.89,1951,7,Netherlands,HUMAN_OBSERVATION
51.821689,-5.110215,2014,9,United Kingdom of Great Britain and Northern Ireland,HUMAN_OBSERVATION
51.821689,-5.110215,2014,9,United Kingdom of Great Britain and Northern Ireland,HUMAN_OBSERVATION
51.821689,-5.110215,2014,9,United Kingdom of Great Britain and Northern Ireland,HUMAN_OBSERVATION
51.821689,-5.110215,2014,9,United Kingdom of Great Britain and Northern Ireland,HUMAN_OBSERVATION
51.821689,-5.110215,2013,9,United Kingdom of Great Britain and Northern Ireland,HUMAN_OBSERVATION
51.821689,-5.110215,2013,9,United Kingdom of Great Britain and Northern Ireland,HUMAN_OBSERVATION
51.821689,-5.110215,2013,9,United Kingdom of Great Britain and Northern Ireland,HUMAN_OBSERVATION
51.821689,-5.110215,2013,9,United Kingdom of Great Britain and Northern Ireland,HUMAN_OBSERVATION
51.821689,-5.110215,2012,9,United Kingdom of Great Britain and Northern Ireland,HUMAN_OBSERVATION
51.821689,-5.110215,2012,9,United Kingdom of Great Britain and Northern Ireland,HUMAN_OBSERVATION
51.821689,-5.110215,2012,9,United Kingdom of Great Britain and Northern Ireland,HUMAN_OBSERVATION
51.821689,-5.110215,2012,9,United Kingdom of Great Britain and Northern Ireland,HUMAN_OBSERVATION
51.821689,-5.110215,2011,9,United Kingdom of Great Britain and Northern Ireland,HUMAN_OBSERVATION
51.821689,-5.110215,2011,9,United Kingdom of Great Britain and Northern Ireland,HUMAN_OBSERVATION
51.821689,-5.110215,2011,9,United Kingdom of Great Britain and Northern Ireland,HUMAN_OBSERVATION
51.821689,-5.110215,2011,9,United Kingdom of Great Britain and Northern Ireland,HUMAN_OBSERVATION
51.821689,-5.110215,2010,9,United Kingdom of Great Britain and Northern Ireland,HUMAN_OBSERVATION
51.821689,-5.110215,2010,9,United Kingdom of Great Britain and Northern Ireland,HUMAN_OBSERVATION
51.821689,-5.110215,2010,9,United Kingdom of Great Britain and Northern Ireland,HUMAN_OBSERVATION
51.821689,-5.110215,2008,8,United Kingdom of Great Britain and Northern Ireland,HUMAN_OBSERVATION
51.821689,-5.110215,2008,8,United Kingdom of Great Britain and Northern Ireland,HUMAN_OBSERVATION
51.821689,-5.110215,2008,8,United Kingdom of Great Britain and Northern Ireland,HUMAN_OBSERVATION
51.821928,-5.110599,2014,9,United Kingdom of Great Britain and Northern Ireland,HUMAN_OBSERVATION
51.821928,-5.110599,2014,9,United Kingdom of Great Britain and Northern Ireland,HUMAN_OBSERVATION
51.821928,-5.110599,2014,9,United Kingdom of Great Britain and Northern Ireland,HUMAN_OBSERVATION
51.821928,-5.110599,2014,9,United Kingdom of Great Britain and Northern Ireland,HUMAN_OBSERVATION
51.821928,-5.110599,2013,9,United Kingdom of Great Britain and Northern Ireland,HUMAN_OBSERVATION
51.821928,-5.110599,2013,9,United Kingdom of Great Britain and Northern Ireland,HUMAN_OBSERVATION
51.821928,-5.110599,2013,9,United Kingdom of Great Britain and Northern Ireland,HUMAN_OBSERVATION
51.821928,-5.110599,2013,9,United Kingdom of Great Britain and Northern Ireland,HUMAN_OBSERVATION
51.821928,-5.110599,2012,9,United Kingdom of Great Britain and Northern Ireland,HUMAN_OBSERVATION
51.821928,-5.110599,2012,9,United Kingdom of Great Britain and Northern Ireland,HUMAN_OBSERVATION
51.821928,-5.110599,2012,9,United Kingdom of Great Britain and Northern Ireland,HUMAN_OBSERVATION
51.821928,-5.110599,2012,9,United Kingdom of Great Britain and Northern Ireland,HUMAN_OBSERVATION
51.821928,-5.110599,2011,9,United Kingdom of Great Britain and Northern Ireland,HUMAN_OBSERVATION
51.821928,-5.110599,2011,9,United Kingdom of Great Britain and Northern Ireland,HUMAN_OBSERVATION
51.821928,-5.110599,2011,9,United Kingdom of Great Britain and Northern Ireland,HUMAN_OBSERVATION
51.821928,-5.110599,2011,9,United Kingdom of Great Britain and Northern Ireland,HUMAN_OBSERVATION
51.821928,-5.110599,2010,9,United Kingdom of Great Britain and Northern Ireland,HUMAN_OBSERVATION
51.821928,-5.110599,2010,9,United Kingdom of Great Britain and Northern Ireland,HUMAN_OBSERVATION
51.821928,-5.110599,2010,9,United Kingdom of Great Britain and Northern Ireland,HUMAN_OBSERVATION
51.821928,-5.110599,2008,8,United Kingdom of Great Britain and Northern Ireland,HUMAN_OBSERVATION
51.821928,-5.110599,2008,8,United Kingdom of Great Britain and Northern Ireland,HUMAN_OBSERVATION
51.821928,-5.110599,2008,8,United Kingdom of Great Britain and Northern Ireland,HUMAN_OBSERVATION
51.823296,-5.111245,2014,9,United Kingdom of Great Britain and Northern Ireland,HUMAN_OBSERVATION
51.823296,-5.111245,2014,9,United Kingdom of Great Britain and Northern Ireland,HUMAN_OBSERVATION
51.823296,-5.111245,2014,9,United Kingdom of Great Britain and Northern Ireland,HUMAN_OBSERVATION
51.823296,-5.111245,2014,9,United Kingdom of Great Britain and Northern Ireland,HUMAN_OBSERVATION
51.823296,-5.111245,2013,9,United Kingdom of Great Britain and Northern Ireland,HUMAN_OBSERVATION
51.823296,-5.111245,2013,9,United Kingdom of Great Britain and Northern Ireland,HUMAN_OBSERVATION
51.823296,-5.111245,2013,9,United Kingdom of Great Britain and Northern Ireland,HUMAN_OBSERVATION
51.823296,-5.111245,2013,9,United Kingdom of Great Britain and Northern Ireland,HUMAN_OBSERVATION
51.823296,-5.111245,2012,9,United Kingdom of Great Britain and Northern Ireland,HUMAN_OBSERVATION
51.823296,-5.111245,2012,9,United Kingdom of Great Britain and Northern Ireland,HUMAN_OBSERVATION
51.823296,-5.111245,2012,9,United Kingdom of Great Britain and Northern Ireland,HUMAN_OBSERVATION
51.823296,-5.111245,2012,9,United Kingdom of Great Britain and Northern Ireland,HUMAN_OBSERVATION
51.823296,-5.111245,2011,9,United Kingdom of Great Britain and Northern Ireland,HUMAN_OBSERVATION
51.823296,-5.111245,2011,9,United Kingdom of Great Britain and Northern Ireland,HUMAN_OBSERVATION
51.823296,-5.111245,2011,9,United Kingdom of Great Britain and Northern Ireland,HUMAN_OBSERVATION
51.823296,-5.111245,2011,9,United Kingdom of Great Britain and Northern Ireland,HUMAN_OBSERVATION
51.823296,-5.111245,2010,9,United Kingdom of Great Britain and Northern Ireland,HUMAN_OBSERVATION
51.823296,-5.111245,2010,9,United Kingdom of Great Britain and Northern Ireland,HUMAN_OBSERVATION
51.823296,-5.111245,2010,9,United Kingdom of Great Britain and Northern Ireland,HUMAN_OBSERVATION
51.823296,-5.111245,2010,9,United Kingdom of Great Britain and Northern Ireland,HUMAN_OBSERVATION
51.823447,-5.111787,2014,9,United Kingdom of Great Britain and Northern Ireland,HUMAN_OBSERVATION
51.823447,-5.111787,2014,9,United Kingdom of Great Britain and Northern Ireland,HUMAN_OBSERVATION
51.823447,-5.111787,2014,9,United Kingdom of Great Britain and Northern Ireland,HUMAN_OBSERVATION
51.823447,-5.111787,2014,9,United Kingdom of Great Britain and Northern Ireland,HUMAN_OBSERVATION
51.823447,-5.111787,2013,9,United Kingdom of Great Britain and Northern Ireland,HUMAN_OBSERVATION
51.823447,-5.111787,2013,9,United Kingdom of Great Britain and Northern Ireland,HUMAN_OBSERVATION
51.823447,-5.111787,2013,9,United Kingdom of Great Britain and Northern Ireland,HUMAN_OBSERVATION
51.823447,-5.111787,2013,9,United Kingdom of Great Britain and Northern Ireland,HUMAN_OBSERVATION
51.823447,-5.111787,2012,9,United Kingdom of Great Britain and Northern Ireland,HUMAN_OBSERVATION
51.823447,-5.111787,2012,9,United Kingdom of Great Britain and Northern Ireland,HUMAN_OBSERVATION
51.823447,-5.111787,2012,9,United Kingdom of Great Britain and Northern Ireland,HUMAN_OBSERVATION
51.823447,-5.111787,2012,9,United Kingdom of Great Britain and Northern Ireland,HUMAN_OBSERVATION
51.823447,-5.111787,2011,9,United Kingdom of Great Britain and Northern Ireland,HUMAN_OBSERVATION
51.823447,-5.111787,2011,9,United Kingdom of Great Britain and Northern Ireland,HUMAN_OBSERVATION
51.823447,-5.111787,2011,9,United Kingdom of Great Britain and Northern Ireland,HUMAN_OBSERVATION
51.823447,-5.111787,2011,9,United Kingdom of Great Britain and Northern Ireland,HUMAN_OBSERVATION
51.823447,-5.111787,2010,9,United Kingdom of Great Britain and Northern Ireland,HUMAN_OBSERVATION
51.823447,-5.111787,2010,9,United Kingdom of Great Britain and Northern Ireland,HUMAN_OBSERVATION
51.823447,-5.111787,2010,9,United Kingdom of Great Britain and Northern Ireland,HUMAN_OBSERVATION
51.823447,-5.111787,2010,9,United Kingdom of Great Britain and Northern Ireland,HUMAN_OBSERVATION
51.826876,0.980031,1997,9,United Kingdom of Great Britain and Northern Ireland,HUMAN_OBSERVATION
51.826876,0.980031,1997,9,United Kingdom of Great Britain and Northern Ireland,HUMAN_OBSERVATION
51.835031,-8.351068,2006,7,Ireland,HUMAN_OBSERVATION
51.84,3.94,2011,3,Netherlands,HUMAN_OBSERVATION
51.84,3.94,2007,10,Netherlands,HUMAN_OBSERVATION
51.845926,-8.311974,2024,2,Ireland,HUMAN_OBSERVATION
51.85,4,2021,10,Netherlands,HUMAN_OBSERVATION
51.857505,-8.265069,2022,9,Ireland,HUMAN_OBSERVATION
51.858621,-8.265616,2022,9,Ireland,HUMAN_OBSERVATION
51.861314,-8.267083,2017,,Ireland,HUMAN_OBSERVATION
51.864883,1.259293,2009,11,United Kingdom of Great Britain and Northern Ireland,HUMAN_OBSERVATION
51.866781,-5.1896,1997,9,United Kingdom of Great Britain and Northern Ireland,HUMAN_OBSERVATION
51.866781,-5.1896,1997,9,United Kingdom of Great Britain and Northern Ireland,HUMAN_OBSERVATION
51.866785,1.27178,1992,8,United Kingdom of Great Britain and Northern Ireland,HUMAN_OBSERVATION
51.866785,1.27178,1992,8,United Kingdom of Great Britain and Northern Ireland,HUMAN_OBSERVATION
51.866785,1.27178,1992,8,United Kingdom of Great Britain and Northern Ireland,HUMAN_OBSERVATION
51.867,4.05,1954,7,Netherlands,HUMAN_OBSERVATION
51.867,4.05,1954,7,Netherlands,HUMAN_OBSERVATION
51.867277,-9.65708,,,Ireland,HUMAN_OBSERVATION
51.872517,-5.193639,1999,9,United Kingdom of Great Britain and Northern Ireland,HUMAN_OBSERVATION
51.872682,-5.253225,2014,9,United Kingdom of Great Britain and Northern Ireland,HUMAN_OBSERVATION
51.872682,-5.253225,2014,9,United Kingdom of Great Britain and Northern Ireland,HUMAN_OBSERVATION
51.872682,-5.253225,2014,9,United Kingdom of Great Britain and Northern Ireland,HUMAN_OBSERVATION
51.872682,-5.253225,2014,9,United Kingdom of Great Britain and Northern Ireland,HUMAN_OBSERVATION
51.873855,-9.592558,2021,8,Ireland,HUMAN_OBSERVATION
51.873855,-9.592558,2021,8,Ireland,HUMAN_OBSERVATION
51.873889,-9.5768,,,Ireland,HUMAN_OBSERVATION
51.875758,-5.190236,1997,9,United Kingdom of Great Britain and Northern Ireland,HUMAN_OBSERVATION
51.875758,-5.190236,1997,9,United Kingdom of Great Britain and Northern Ireland,HUMAN_OBSERVATION
51.884323,1.255613,1992,9,United Kingdom of Great Britain and Northern Ireland,HUMAN_OBSERVATION
51.884323,1.255613,1992,9,United Kingdom of Great Britain and Northern Ireland,HUMAN_OBSERVATION
51.884323,1.255613,1992,9,United Kingdom of Great Britain and Northern Ireland,HUMAN_OBSERVATION
51.884323,1.255613,1992,9,United Kingdom of Great Britain and Northern Ireland,HUMAN_OBSERVATION
51.884323,1.255613,1992,9,United Kingdom of Great Britain and Northern Ireland,HUMAN_OBSERVATION
51.89022,-8.191725,2006,9,Ireland,HUMAN_OBSERVATION
51.902616,-8.446507,2023,6,Ireland,HUMAN_OBSERVATION
51.933823,1.318855,1992,8,United Kingdom of Great Britain and Northern Ireland,HUMAN_OBSERVATION
51.933823,1.318855,1992,8,United Kingdom of Great Britain and Northern Ireland,HUMAN_OBSERVATION
51.933823,1.318855,1992,8,United Kingdom of Great Britain and Northern Ireland,HUMAN_OBSERVATION
51.938189,1.291529,1992,8,United Kingdom of Great Britain and Northern Ireland,HUMAN_OBSERVATION
51.938189,1.291529,1992,8,United Kingdom of Great Britain and Northern Ireland,HUMAN_OBSERVATION
51.938189,1.291529,1992,8,United Kingdom of Great Britain and Northern Ireland,HUMAN_OBSERVATION
51.938189,1.291529,1992,8,United Kingdom of Great Britain and Northern Ireland,HUMAN_OBSERVATION
51.941247,1.278655,1992,8,United Kingdom of Great Britain and Northern Ireland,HUMAN_OBSERVATION
51.943061,1.146354,1992,8,United Kingdom of Great Britain and Northern Ireland,HUMAN_OBSERVATION
51.943061,1.146354,1992,8,United Kingdom of Great Britain and Northern Ireland,HUMAN_OBSERVATION
51.943061,1.146354,1992,8,United Kingdom of Great Britain and Northern Ireland,HUMAN_OBSERVATION
51.943801,1.185699,1992,8,United Kingdom of Great Britain and Northern Ireland,HUMAN_OBSERVATION
51.945955,1.070877,2014,8,United Kingdom of Great Britain and Northern Ireland,HUMAN_OBSERVATION
51.948281,1.200586,2011,3,United Kingdom of Great Britain and Northern Ireland,HUMAN_OBSERVATION
51.948682,1.171491,1985,8,United Kingdom of Great Britain and Northern Ireland,HUMAN_OBSERVATION
51.948712,1.115181,2013,5,United Kingdom of Great Britain and Northern Ireland,HUMAN_OBSERVATION
51.948813,1.151225,1999,1,United Kingdom of Great Britain and Northern Ireland,HUMAN_OBSERVATION
51.949027,1.104257,2013,5,United Kingdom of Great Britain and Northern Ireland,HUMAN_OBSERVATION
51.949229,1.151152,1999,1,United Kingdom of Great Britain and Northern Ireland,HUMAN_OBSERVATION
51.949229,1.151152,1999,1,United Kingdom of Great Britain and Northern Ireland,HUMAN_OBSERVATION
51.949772,1.130813,1999,1,United Kingdom of Great Britain and Northern Ireland,HUMAN_OBSERVATION
51.949772,1.130813,1999,1,United Kingdom of Great Britain and Northern Ireland,HUMAN_OBSERVATION
51.949772,1.130813,1999,1,United Kingdom of Great Britain and Northern Ireland,HUMAN_OBSERVATION
51.949898,1.135174,2019,5,United Kingdom of Great Britain and Northern Ireland,HUMAN_OBSERVATION
51.949903,1.130604,1999,1,United Kingdom of Great Britain and Northern Ireland,HUMAN_OBSERVATION
51.95106,1.162343,2011,3,United Kingdom of Great Britain and Northern Ireland,HUMAN_OBSERVATION
51.951094,1.114895,1985,8,United Kingdom of Great Britain and Northern Ireland,HUMAN_OBSERVATION
51.951209,1.134247,2013,5,United Kingdom of Great Britain and Northern Ireland,HUMAN_OBSERVATION
51.951293,1.13041,2011,3,United Kingdom of Great Britain and Northern Ireland,HUMAN_OBSERVATION
51.951604,1.196442,1999,1,United Kingdom of Great Britain and Northern Ireland,HUMAN_OBSERVATION
51.95188,1.186272,2013,5,United Kingdom of Great Britain and Northern Ireland,HUMAN_OBSERVATION
51.95188,1.186272,2013,5,United Kingdom of Great Britain and Northern Ireland,HUMAN_OBSERVATION
51.95188,1.186272,2013,5,United Kingdom of Great Britain and Northern Ireland,HUMAN_OBSERVATION
51.95188,1.186272,2011,3,United Kingdom of Great Britain and Northern Ireland,HUMAN_OBSERVATION
51.95188,1.186272,2011,3,United Kingdom of Great Britain and Northern Ireland,HUMAN_OBSERVATION
51.95188,1.186272,2011,3,United Kingdom of Great Britain and Northern Ireland,HUMAN_OBSERVATION
51.95188,1.186272,2011,3,United Kingdom of Great Britain and Northern Ireland,HUMAN_OBSERVATION
51.951975,1.196046,1999,1,United Kingdom of Great Britain and Northern Ireland,HUMAN_OBSERVATION
51.952426,1.132454,1992,8,United Kingdom of Great Britain and Northern Ireland,HUMAN_OBSERVATION
51.952426,1.132454,1992,8,United Kingdom of Great Britain and Northern Ireland,HUMAN_OBSERVATION
51.952426,1.132454,1992,8,United Kingdom of Great Britain and Northern Ireland,HUMAN_OBSERVATION
51.952766,1.219815,1992,8,United Kingdom of Great Britain and Northern Ireland,HUMAN_OBSERVATION
51.952766,1.219815,1992,8,United Kingdom of Great Britain and Northern Ireland,HUMAN_OBSERVATION
51.953131,1.173261,1999,1,United Kingdom of Great Britain and Northern Ireland,HUMAN_OBSERVATION
51.953131,1.173261,1999,1,United Kingdom of Great Britain and Northern Ireland,HUMAN_OBSERVATION
51.953131,1.173261,1999,1,United Kingdom of Great Britain and Northern Ireland,HUMAN_OBSERVATION
51.953152,1.18712,2011,3,United Kingdom of Great Britain and Northern Ireland,HUMAN_OBSERVATION
51.953308,1.173724,1999,1,United Kingdom of Great Britain and Northern Ireland,HUMAN_OBSERVATION
51.954459,1.157342,1985,8,United Kingdom of Great Britain and Northern Ireland,HUMAN_OBSERVATION
51.957152,1.256524,1992,8,United Kingdom of Great Britain and Northern Ireland,HUMAN_OBSERVATION
51.957152,1.256524,1992,8,United Kingdom of Great Britain and Northern Ireland,HUMAN_OBSERVATION
51.959454,1.172252,1985,8,United Kingdom of Great Britain and Northern Ireland,HUMAN_OBSERVATION
51.960056,1.281484,1992,8,United Kingdom of Great Britain and Northern Ireland,HUMAN_OBSERVATION
51.960274,1.175221,2013,2,United Kingdom of Great Britain and Northern Ireland,HUMAN_OBSERVATION
51.960274,1.175221,2013,2,United Kingdom of Great Britain and Northern Ireland,HUMAN_OBSERVATION
51.960274,1.175221,2013,3,United Kingdom of Great Britain and Northern Ireland,HUMAN_OBSERVATION
51.960274,1.175221,2013,3,United Kingdom of Great Britain and Northern Ireland,HUMAN_OBSERVATION
51.960274,1.175221,2013,3,United Kingdom of Great Britain and Northern Ireland,HUMAN_OBSERVATION
51.960274,1.175221,2013,3,United Kingdom of Great Britain and Northern Ireland,HUMAN_OBSERVATION
51.960274,1.175221,2013,3,United Kingdom of Great Britain and Northern Ireland,HUMAN_OBSERVATION
51.960274,1.175221,2013,3,United Kingdom of Great Britain and Northern Ireland,HUMAN_OBSERVATION
51.960274,1.175221,2013,3,United Kingdom of Great Britain and Northern Ireland,HUMAN_OBSERVATION
51.960274,1.175221,2013,3,United Kingdom of Great Britain and Northern Ireland,HUMAN_OBSERVATION
51.960274,1.175221,2013,3,United Kingdom of Great Britain and Northern Ireland,HUMAN_OBSERVATION
51.960274,1.175221,2013,3,United Kingdom of Great Britain and Northern Ireland,HUMAN_OBSERVATION
51.960274,1.175221,2013,3,United Kingdom of Great Britain and Northern Ireland,HUMAN_OBSERVATION
51.960274,1.175221,2013,3,United Kingdom of Great Britain and Northern Ireland,HUMAN_OBSERVATION
51.960274,1.175221,2013,3,United Kingdom of Great Britain and Northern Ireland,HUMAN_OBSERVATION
51.960274,1.175221,2013,3,United Kingdom of Great Britain and Northern Ireland,HUMAN_OBSERVATION
51.96283,1.278775,1992,8,United Kingdom of Great Britain and Northern Ireland,HUMAN_OBSERVATION
51.96283,1.278775,1992,8,United Kingdom of Great Britain and Northern Ireland,HUMAN_OBSERVATION
51.966753,1.168399,1992,8,United Kingdom of Great Britain and Northern Ireland,HUMAN_OBSERVATION
51.967195,1.163698,2018,2,United Kingdom of Great Britain and Northern Ireland,HUMAN_OBSERVATION
51.974458,1.281081,1992,8,United Kingdom of Great Britain and Northern Ireland,HUMAN_OBSERVATION
51.975553,-4.986159,,,United Kingdom of Great Britain and Northern Ireland,HUMAN_OBSERVATION
51.98,4.09,1954,8,Netherlands,HUMAN_OBSERVATION
51.986625,1.391229,1992,6,United Kingdom of Great Britain and Northern Ireland,HUMAN_OBSERVATION
51.989264,1.266139,1992,8,United Kingdom of Great Britain and Northern Ireland,HUMAN_OBSERVATION
51.989264,1.266139,1992,8,United Kingdom of Great Britain and Northern Ireland,HUMAN_OBSERVATION
51.989264,1.266139,1992,8,United Kingdom of Great Britain and Northern Ireland,HUMAN_OBSERVATION
51.989264,1.266139,1992,8,United Kingdom of Great Britain and Northern Ireland,HUMAN_OBSERVATION
51.98971,1.282111,2021,4,United Kingdom of Great Britain and Northern Ireland,HUMAN_OBSERVATION
51.99,4.11,2000,9,Netherlands,HUMAN_OBSERVATION
51.99,4.11,1966,9,Netherlands,HUMAN_OBSERVATION
51.99,4.11,1966,10,Netherlands,HUMAN_OBSERVATION
51.991935,1.270049,2011,3,United Kingdom of Great Britain and Northern Ireland,HUMAN_OBSERVATION
51.99455,1.272178,2020,1,United Kingdom of Great Britain and Northern Ireland,HUMAN_OBSERVATION
51.994556,1.237384,1992,8,United Kingdom of Great Britain and Northern Ireland,HUMAN_OBSERVATION
51.994556,1.237384,1992,8,United Kingdom of Great Britain and Northern Ireland,HUMAN_OBSERVATION
51.994577,1.396201,1992,6,United Kingdom of Great Britain and Northern Ireland,HUMAN_OBSERVATION
51.99471,1.268874,2020,12,United Kingdom of Great Britain and Northern Ireland,HUMAN_OBSERVATION
51.99471,1.268874,2020,12,United Kingdom of Great Britain and Northern Ireland,HUMAN_OBSERVATION
51.99482,1.271432,2019,12,United Kingdom of Great Britain and Northern Ireland,HUMAN_OBSERVATION
51.999402,-4.985562,2018,7,United Kingdom of Great Britain and Northern Ireland,HUMAN_OBSERVATION
51.999402,-4.985562,2018,7,United Kingdom of Great Britain and Northern Ireland,HUMAN_OBSERVATION
51.999402,-4.985562,2018,7,United Kingdom of Great Britain and Northern Ireland,HUMAN_OBSERVATION
51.999402,-4.985562,2017,5,United Kingdom of Great Britain and Northern Ireland,HUMAN_OBSERVATION
51.999402,-4.985562,2017,5,United Kingdom of Great Britain and Northern Ireland,HUMAN_OBSERVATION
51.999402,-4.985562,2017,5,United Kingdom of Great Britain and Northern Ireland,HUMAN_OBSERVATION
51.999402,-4.985562,2017,5,United Kingdom of Great Britain and Northern Ireland,HUMAN_OBSERVATION
51.999402,-4.985562,2017,5,United Kingdom of Great Britain and Northern Ireland,HUMAN_OBSERVATION
51.999402,-4.985562,2017,5,United Kingdom of Great Britain and Northern Ireland,HUMAN_OBSERVATION
51.999402,-4.985562,2017,5,United Kingdom of Great Britain and Northern Ireland,HUMAN_OBSERVATION
51.999402,-4.985562,2017,5,United Kingdom of Great Britain and Northern Ireland,HUMAN_OBSERVATION
51.999402,-4.985562,2017,10,United Kingdom of Great Britain and Northern Ireland,HUMAN_OBSERVATION
51.999402,-4.985562,2017,10,United Kingdom of Great Britain and Northern Ireland,HUMAN_OBSERVATION
51.999402,-4.985562,2017,10,United Kingdom of Great Britain and Northern Ireland,HUMAN_OBSERVATION
51.999402,-4.985562,2017,10,United Kingdom of Great Britain and Northern Ireland,HUMAN_OBSERVATION
51.999402,-4.985562,2016,7,United Kingdom of Great Britain and Northern Ireland,HUMAN_OBSERVATION
51.999402,-4.985562,2016,7,United Kingdom of Great Britain and Northern Ireland,HUMAN_OBSERVATION
51.999402,-4.985562,2016,7,United Kingdom of Great Britain and Northern Ireland,HUMAN_OBSERVATION
51.999402,-4.985562,2016,7,United Kingdom of Great Britain and Northern Ireland,HUMAN_OBSERVATION
51.999402,-4.985562,2016,7,United Kingdom of Great Britain and Northern Ireland,HUMAN_OBSERVATION
51.999402,-4.985562,2016,7,United Kingdom of Great Britain and Northern Ireland,HUMAN_OBSERVATION
51.999402,-4.985562,2016,7,United Kingdom of Great Britain and Northern Ireland,HUMAN_OBSERVATION
51.999402,-4.985562,2016,7,United Kingdom of Great Britain and Northern Ireland,HUMAN_OBSERVATION
51.999402,-4.985562,2016,7,United Kingdom of Great Britain and Northern Ireland,HUMAN_OBSERVATION
51.999402,-4.985562,2016,7,United Kingdom of Great Britain and Northern Ireland,HUMAN_OBSERVATION
51.999402,-4.985562,2016,7,United Kingdom of Great Britain and Northern Ireland,HUMAN_OBSERVATION
51.999402,-4.985562,2016,7,United Kingdom of Great Britain and Northern Ireland,HUMAN_OBSERVATION
51.999402,-4.985562,2016,7,United Kingdom of Great Britain and Northern Ireland,HUMAN_OBSERVATION
51.999402,-4.985562,2016,7,United Kingdom of Great Britain and Northern Ireland,HUMAN_OBSERVATION
51.999402,-4.985562,2016,7,United Kingdom of Great Britain and Northern Ireland,HUMAN_OBSERVATION
51.999402,-4.985562,2016,7,United Kingdom of Great Britain and Northern Ireland,HUMAN_OBSERVATION
51.999402,-4.985562,2016,7,United Kingdom of Great Britain and Northern Ireland,HUMAN_OBSERVATION
51.999402,-4.985562,2016,7,United Kingdom of Great Britain and Northern Ireland,HUMAN_OBSERVATION
51.999402,-4.985562,2016,7,United Kingdom of Great Britain and Northern Ireland,HUMAN_OBSERVATION
51.999402,-4.985562,2016,7,United Kingdom of Great Britain and Northern Ireland,HUMAN_OBSERVATION
51.999402,-4.985562,2016,7,United Kingdom of Great Britain and Northern Ireland,HUMAN_OBSERVATION
51.999402,-4.985562,2016,7,United Kingdom of Great Britain and Northern Ireland,HUMAN_OBSERVATION
51.999402,-4.985562,2016,7,United Kingdom of Great Britain and Northern Ireland,HUMAN_OBSERVATION
51.999402,-4.985562,2016,7,United Kingdom of Great Britain and Northern Ireland,HUMAN_OBSERVATION
51.999402,-4.985562,2016,7,United Kingdom of Great Britain and Northern Ireland,HUMAN_OBSERVATION
51.999402,-4.985562,2016,7,United Kingdom of Great Britain and Northern Ireland,HUMAN_OBSERVATION
51.999402,-4.985562,2016,7,United Kingdom of Great Britain and Northern Ireland,HUMAN_OBSERVATION
51.999402,-4.985562,2016,7,United Kingdom of Great Britain and Northern Ireland,HUMAN_OBSERVATION
51.999402,-4.985562,2016,11,United Kingdom of Great Britain and Northern Ireland,HUMAN_OBSERVATION
51.999402,-4.985562,2016,11,United Kingdom of Great Britain and Northern Ireland,HUMAN_OBSERVATION
51.999402,-4.985562,2016,11,United Kingdom of Great Britain and Northern Ireland,HUMAN_OBSERVATION
51.999402,-4.985562,2016,11,United Kingdom of Great Britain and Northern Ireland,HUMAN_OBSERVATION
51.999402,-4.985562,2016,11,United Kingdom of Great Britain and Northern Ireland,HUMAN_OBSERVATION
51.999402,-4.985562,2016,11,United Kingdom of Great Britain and Northern Ireland,HUMAN_OBSERVATION
51.999526,1.269072,2009,11,United Kingdom of Great Britain and Northern Ireland,HUMAN_OBSERVATION
52.000743,1.219077,2011,3,United Kingdom of Great Britain and Northern Ireland,HUMAN_OBSERVATION
52.002256,1.218996,2011,3,United Kingdom of Great Britain and Northern Ireland,HUMAN_OBSERVATION
52.002256,1.218996,2011,3,United Kingdom of Great Britain and Northern Ireland,HUMAN_OBSERVATION
52.002993,-4.985801,2017,4,United Kingdom of Great Britain and Northern Ireland,HUMAN_OBSERVATION
52.002993,-4.985801,2017,4,United Kingdom of Great Britain and Northern Ireland,HUMAN_OBSERVATION
52.002993,-4.985801,2017,4,United Kingdom of Great Britain and Northern Ireland,HUMAN_OBSERVATION
52.002993,-4.985801,2017,4,United Kingdom of Great Britain and Northern Ireland,HUMAN_OBSERVATION
52.002993,-4.985801,2017,4,United Kingdom of Great Britain and Northern Ireland,HUMAN_OBSERVATION
52.002993,-4.985801,2017,4,United Kingdom of Great Britain and Northern Ireland,HUMAN_OBSERVATION
52.002993,-4.985801,2017,4,United Kingdom of Great Britain and Northern Ireland,HUMAN_OBSERVATION
52.002993,-4.985801,2017,4,United Kingdom of Great Britain and Northern Ireland,HUMAN_OBSERVATION
52.00454,1.234487,2021,9,United Kingdom of Great Britain and Northern Ireland,HUMAN_OBSERVATION
52.00454,1.234487,2021,9,United Kingdom of Great Britain and Northern Ireland,HUMAN_OBSERVATION
52.007299,1.198955,1993,5,United Kingdom of Great Britain and Northern Ireland,HUMAN_OBSERVATION
52.008434,1.190291,1993,5,United Kingdom of Great Britain and Northern Ireland,HUMAN_OBSERVATION
52.022359,-4.83403,2022,5,United Kingdom of Great Britain and Northern Ireland,HUMAN_OBSERVATION
52.023485,1.360485,1992,6,United Kingdom of Great Britain and Northern Ireland,HUMAN_OBSERVATION
52.02608,1.169678,1992,8,United Kingdom of Great Britain and Northern Ireland,HUMAN_OBSERVATION
52.02608,1.169678,1992,8,United Kingdom of Great Britain and Northern Ireland,HUMAN_OBSERVATION
52.026938,1.171196,2013,3,United Kingdom of Great Britain and Northern Ireland,HUMAN_OBSERVATION
52.03161,-4.90241,2003,5,United Kingdom of Great Britain and Northern Ireland,HUMAN_OBSERVATION
52.038992,1.352898,1992,6,United Kingdom of Great Britain and Northern Ireland,HUMAN_OBSERVATION
52.05069,1.340836,2021,8,United Kingdom of Great Britain and Northern Ireland,HUMAN_OBSERVATION
52.053033,1.333525,1992,6,United Kingdom of Great Britain and Northern Ireland,HUMAN_OBSERVATION
52.062067,1.48742,1992,6,United Kingdom of Great Britain and Northern Ireland,HUMAN_OBSERVATION
52.062067,1.48742,1992,6,United Kingdom of Great Britain and Northern Ireland,HUMAN_OBSERVATION
52.067586,-7.576089,,,Ireland,HUMAN_OBSERVATION
52.069313,1.33036,1992,6,United Kingdom of Great Britain and Northern Ireland,HUMAN_OBSERVATION
52.069354,1.328904,1992,9,United Kingdom of Great Britain and Northern Ireland,HUMAN_OBSERVATION
52.085798,1.319908,1992,6,United Kingdom of Great Britain and Northern Ireland,HUMAN_OBSERVATION
52.085798,1.319908,1992,6,United Kingdom of Great Britain and Northern Ireland,HUMAN_OBSERVATION
52.1,4.25,2017,10,Netherlands,HUMAN_OBSERVATION
52.1,4.3,2017,10,Netherlands,HUMAN_OBSERVATION
52.120785,4.290183,2020,5,Netherlands,HUMAN_OBSERVATION
52.125869,-10.109911,2022,5,Ireland,HUMAN_OBSERVATION
52.128273,1.58905,1992,9,United Kingdom of Great Britain and Northern Ireland,HUMAN_OBSERVATION
52.135273,1.59546,1992,6,United Kingdom of Great Britain and Northern Ireland,HUMAN_OBSERVATION
52.135273,1.59546,1992,6,United Kingdom of Great Britain and Northern Ireland,HUMAN_OBSERVATION
52.135718,1.596258,1988,10,United Kingdom of Great Britain and Northern Ireland,MATERIAL_SAMPLE
52.135718,1.596258,1988,10,United Kingdom of Great Britain and Northern Ireland,MATERIAL_SAMPLE
52.136193,-4.544318,2009,5,United Kingdom of Great Britain and Northern Ireland,HUMAN_OBSERVATION
52.136379,-9.88933,,,Ireland,HUMAN_OBSERVATION
52.136559,-4.544596,2009,5,United Kingdom of Great Britain and Northern Ireland,HUMAN_OBSERVATION
52.137,4.315,1947,11,Netherlands,HUMAN_OBSERVATION
52.141013,1.584228,1992,6,United Kingdom of Great Britain and Northern Ireland,HUMAN_OBSERVATION
52.15,4.35,2021,11,Netherlands,HUMAN_OBSERVATION
52.15,4.35,2017,10,Netherlands,HUMAN_OBSERVATION
52.151749,-6.98437,,,Ireland,HUMAN_OBSERVATION
52.155591,1.578088,1992,6,United Kingdom of Great Britain and Northern Ireland,HUMAN_OBSERVATION
52.155591,1.578088,1992,6,United Kingdom of Great Britain and Northern Ireland,HUMAN_OBSERVATION
52.173067,-6.58654,2024,7,Ireland,HUMAN_OBSERVATION
52.180944,-10.386342,2024,5,Ireland,HUMAN_OBSERVATION
52.1916,-4.407272,2015,4,United Kingdom of Great Britain and Northern Ireland,HUMAN_OBSERVATION
52.1916,-4.407272,2015,4,United Kingdom of Great Britain and Northern Ireland,HUMAN_OBSERVATION
52.1916,-4.407272,2015,4,United Kingdom of Great Britain and Northern Ireland,HUMAN_OBSERVATION
52.194019,-6.968097,,,Ireland,HUMAN_OBSERVATION
52.2,4.38,2022,4,Netherlands,HUMAN_OBSERVATION
52.2,4.38,1988,12,Netherlands,HUMAN_OBSERVATION
52.2,4.38,1982,9,Netherlands,HUMAN_OBSERVATION
52.2,4.38,1977,10,Netherlands,HUMAN_OBSERVATION
52.2,4.38,1952,3,Netherlands,HUMAN_OBSERVATION
52.2,4.38,1952,3,Netherlands,HUMAN_OBSERVATION
52.2,4.38,1951,2,Netherlands,HUMAN_OBSERVATION
52.2,4.38,1951,2,Netherlands,HUMAN_OBSERVATION
52.201471,-6.775586,,,Ireland,HUMAN_OBSERVATION
52.208847,1.64609,1976,6,United Kingdom of Great Britain and Northern Ireland,MATERIAL_SAMPLE
52.208847,1.64609,1976,6,United Kingdom of Great Britain and Northern Ireland,MATERIAL_SAMPLE
52.214686,-4.332396,2014,4,United Kingdom of Great Britain and Northern Ireland,HUMAN_OBSERVATION
52.214686,-4.332396,2014,4,United Kingdom of Great Britain and Northern Ireland,HUMAN_OBSERVATION
52.214686,-4.332396,2014,4,United Kingdom of Great Britain and Northern Ireland,HUMAN_OBSERVATION
52.214686,-4.332396,2013,4,United Kingdom of Great Britain and Northern Ireland,HUMAN_OBSERVATION
52.214686,-4.332396,2013,4,United Kingdom of Great Britain and Northern Ireland,HUMAN_OBSERVATION
52.214686,-4.332396,2011,6,United Kingdom of Great Britain and Northern Ireland,HUMAN_OBSERVATION
52.214686,-4.332396,2011,6,United Kingdom of Great Britain and Northern Ireland,HUMAN_OBSERVATION
52.214686,-4.332396,2011,6,United Kingdom of Great Britain and Northern Ireland,HUMAN_OBSERVATION
52.214686,-4.332396,2010,4,United Kingdom of Great Britain and Northern Ireland,HUMAN_OBSERVATION
52.214686,-4.332396,2010,4,United Kingdom of Great Britain and Northern Ireland,HUMAN_OBSERVATION
52.214686,-4.332396,2010,4,United Kingdom of Great Britain and Northern Ireland,HUMAN_OBSERVATION
52.214686,-4.332396,2010,4,United Kingdom of Great Britain and Northern Ireland,HUMAN_OBSERVATION
52.214686,-4.332396,2010,4,United Kingdom of Great Britain and Northern Ireland,HUMAN_OBSERVATION
52.214686,-4.332396,2010,4,United Kingdom of Great Britain and Northern Ireland,HUMAN_OBSERVATION
52.214686,-4.332396,2010,4,United Kingdom of Great Britain and Northern Ireland,HUMAN_OBSERVATION
52.214686,-4.332396,2007,5,United Kingdom of Great Britain and Northern Ireland,HUMAN_OBSERVATION
52.214831,-4.333051,2014,4,United Kingdom of Great Britain and Northern Ireland,HUMAN_OBSERVATION
52.214831,-4.333051,2014,4,United Kingdom of Great Britain and Northern Ireland,HUMAN_OBSERVATION
52.214831,-4.333051,2014,4,United Kingdom of Great Britain and Northern Ireland,HUMAN_OBSERVATION
52.214831,-4.333051,2013,4,United Kingdom of Great Britain and Northern Ireland,HUMAN_OBSERVATION
52.214831,-4.333051,2013,4,United Kingdom of Great Britain and Northern Ireland,HUMAN_OBSERVATION
52.214831,-4.333051,2011,6,United Kingdom of Great Britain and Northern Ireland,HUMAN_OBSERVATION
52.214831,-4.333051,2011,6,United Kingdom of Great Britain and Northern Ireland,HUMAN_OBSERVATION
52.214831,-4.333051,2011,6,United Kingdom of Great Britain and Northern Ireland,HUMAN_OBSERVATION
52.214831,-4.333051,2010,4,United Kingdom of Great Britain and Northern Ireland,HUMAN_OBSERVATION
52.214831,-4.333051,2010,4,United Kingdom of Great Britain and Northern Ireland,HUMAN_OBSERVATION
52.214831,-4.333051,2010,4,United Kingdom of Great Britain and Northern Ireland,HUMAN_OBSERVATION
52.214831,-4.333051,2010,4,United Kingdom of Great Britain and Northern Ireland,HUMAN_OBSERVATION
52.214831,-4.333051,2010,4,United Kingdom of Great Britain and Northern Ireland,HUMAN_OBSERVATION
52.214831,-4.333051,2010,4,United Kingdom of Great Britain and Northern Ireland,HUMAN_OBSERVATION
52.214831,-4.333051,2010,4,United Kingdom of Great Britain and Northern Ireland,HUMAN_OBSERVATION
52.214831,-4.333051,2007,5,United Kingdom of Great Britain and Northern Ireland,HUMAN_OBSERVATION
52.215414,-4.334033,2014,4,United Kingdom of Great Britain and Northern Ireland,HUMAN_OBSERVATION
52.215414,-4.334033,2013,4,United Kingdom of Great Britain and Northern Ireland,HUMAN_OBSERVATION
52.215414,-4.334033,2013,4,United Kingdom of Great Britain and Northern Ireland,HUMAN_OBSERVATION
52.215414,-4.334033,2013,4,United Kingdom of Great Britain and Northern Ireland,HUMAN_OBSERVATION
52.215414,-4.334033,2011,6,United Kingdom of Great Britain and Northern Ireland,HUMAN_OBSERVATION
52.215414,-4.334033,2011,6,United Kingdom of Great Britain and Northern Ireland,HUMAN_OBSERVATION
52.215414,-4.334033,2009,5,United Kingdom of Great Britain and Northern Ireland,HUMAN_OBSERVATION
52.215414,-4.334033,2009,5,United Kingdom of Great Britain and Northern Ireland,HUMAN_OBSERVATION
52.215526,-4.335368,2014,4,United Kingdom of Great Britain and Northern Ireland,HUMAN_OBSERVATION
52.215526,-4.335368,2014,4,United Kingdom of Great Britain and Northern Ireland,HUMAN_OBSERVATION
52.215526,-4.335368,2012,5,United Kingdom of Great Britain and Northern Ireland,HUMAN_OBSERVATION
52.215526,-4.335368,2012,5,United Kingdom of Great Britain and Northern Ireland,HUMAN_OBSERVATION
52.215526,-4.335368,2012,5,United Kingdom of Great Britain and Northern Ireland,HUMAN_OBSERVATION
52.215526,-4.335368,2011,6,United Kingdom of Great Britain and Northern Ireland,HUMAN_OBSERVATION
52.215526,-4.335368,2004,9,United Kingdom of Great Britain and Northern Ireland,HUMAN_OBSERVATION
52.215555,-4.333906,2014,4,United Kingdom of Great Britain and Northern Ireland,HUMAN_OBSERVATION
52.215555,-4.333906,2013,4,United Kingdom of Great Britain and Northern Ireland,HUMAN_OBSERVATION
52.215555,-4.333906,2013,4,United Kingdom of Great Britain and Northern Ireland,HUMAN_OBSERVATION
52.215555,-4.333906,2013,4,United Kingdom of Great Britain and Northern Ireland,HUMAN_OBSERVATION
52.215555,-4.333906,2011,6,United Kingdom of Great Britain and Northern Ireland,HUMAN_OBSERVATION
52.215555,-4.333906,2011,6,United Kingdom of Great Britain and Northern Ireland,HUMAN_OBSERVATION
52.215555,-4.333906,2009,5,United Kingdom of Great Britain and Northern Ireland,HUMAN_OBSERVATION
52.215555,-4.333906,2009,5,United Kingdom of Great Britain and Northern Ireland,HUMAN_OBSERVATION
52.215741,-4.335236,2014,4,United Kingdom of Great Britain and Northern Ireland,HUMAN_OBSERVATION
52.215741,-4.335236,2012,5,United Kingdom of Great Britain and Northern Ireland,HUMAN_OBSERVATION
52.215756,-4.3349,2004,9,United Kingdom of Great Britain and Northern Ireland,HUMAN_OBSERVATION
52.215897,-4.335537,2014,4,United Kingdom of Great Britain and Northern Ireland,HUMAN_OBSERVATION
52.215897,-4.335537,2012,5,United Kingdom of Great Britain and Northern Ireland,HUMAN_OBSERVATION
52.215897,-4.335537,2012,5,United Kingdom of Great Britain and Northern Ireland,HUMAN_OBSERVATION
52.215897,-4.335537,2011,6,United Kingdom of Great Britain and Northern Ireland,HUMAN_OBSERVATION
52.22,4.4,1999,10,Netherlands,HUMAN_OBSERVATION
52.22,4.4,1995,6,Netherlands,HUMAN_OBSERVATION
52.22,4.4,1993,4,Netherlands,HUMAN_OBSERVATION
52.22,4.4,1982,11,Netherlands,HUMAN_OBSERVATION
52.22,4.4,1981,9,Netherlands,HUMAN_OBSERVATION
52.22,4.4,1951,2,Netherlands,HUMAN_OBSERVATION
52.22,4.4,1950,11,Netherlands,HUMAN_OBSERVATION
52.245251,-4.264783,2009,5,United Kingdom of Great Britain and Northern Ireland,HUMAN_OBSERVATION
52.24567,-4.265169,2009,5,United Kingdom of Great Britain and Northern Ireland,HUMAN_OBSERVATION
52.257543,-7.100327,,,Ireland,HUMAN_OBSERVATION
52.2589,-9.914521,,,Ireland,HUMAN_OBSERVATION
52.259,4.438,1952,4,Netherlands,HUMAN_OBSERVATION
52.264743,-9.75035,2024,1,Ireland,HUMAN_OBSERVATION
52.267791,-6.301925,,,Ireland,HUMAN_OBSERVATION
52.27,4.47,1968,8,Netherlands,HUMAN_OBSERVATION
52.27,4.47,1966,12,Netherlands,HUMAN_OBSERVATION
52.27,4.47,1952,9,Netherlands,HUMAN_OBSERVATION
52.27,4.47,1947,12,Netherlands,HUMAN_OBSERVATION
52.28905,-9.885061,1996,8,Ireland,HUMAN_OBSERVATION
52.28905,-9.885061,1996,8,Ireland,HUMAN_OBSERVATION
52.3,4.47,2015,12,Netherlands,HUMAN_OBSERVATION
52.3,4.47,1974,7,Netherlands,HUMAN_OBSERVATION
52.3,4.47,1949,11,Netherlands,HUMAN_OBSERVATION
52.303963,-10.04362,2024,4,Ireland,HUMAN_OBSERVATION
52.343991,-6.430949,,,Ireland,HUMAN_OBSERVATION
52.347214,-4.123532,1997,4,United Kingdom of Great Britain and Northern Ireland,HUMAN_OBSERVATION
52.353005,-6.423019,2011,5,Ireland,HUMAN_OBSERVATION
52.361693,-4.118352,1997,4,United Kingdom of Great Britain and Northern Ireland,HUMAN_OBSERVATION
52.361693,-4.118352,1997,4,United Kingdom of Great Britain and Northern Ireland,HUMAN_OBSERVATION
52.37,4.52,1951,1,Netherlands,HUMAN_OBSERVATION
52.37,4.52,1951,1,Netherlands,HUMAN_OBSERVATION
52.37,4.52,1951,3,Netherlands,HUMAN_OBSERVATION
52.392,4.535,1951,1,Netherlands,HUMAN_OBSERVATION
52.392,4.535,1951,1,Netherlands,HUMAN_OBSERVATION
52.407163,-4.089656,,,United Kingdom of Great Britain and Northern Ireland,HUMAN_OBSERVATION
52.407163,-4.089656,,,United Kingdom of Great Britain and Northern Ireland,HUMAN_OBSERVATION
52.408782,-4.074294,,,United Kingdom of Great Britain and Northern Ireland,HUMAN_OBSERVATION
52.408985,-4.088271,1997,4,United Kingdom of Great Britain and Northern Ireland,HUMAN_OBSERVATION
52.408985,-4.088271,1997,4,United Kingdom of Great Britain and Northern Ireland,HUMAN_OBSERVATION
52.408985,-4.088271,1997,4,United Kingdom of Great Britain and Northern Ireland,HUMAN_OBSERVATION
52.408985,-4.088271,1997,4,United Kingdom of Great Britain and Northern Ireland,HUMAN_OBSERVATION
52.40955,-4.085943,2014,6,United Kingdom of Great Britain and Northern Ireland,HUMAN_OBSERVATION
52.41019,-4.087163,2016,10,United Kingdom of Great Britain and Northern Ireland,MATERIAL_SAMPLE
52.41019,-4.087163,2016,10,United Kingdom of Great Britain and Northern Ireland,MATERIAL_SAMPLE
52.416147,-4.09008,2016,10,United Kingdom of Great Britain and Northern Ireland,HUMAN_OBSERVATION
52.416147,-4.09008,2016,10,United Kingdom of Great Britain and Northern Ireland,HUMAN_OBSERVATION
52.416199,-4.087142,2003,5,United Kingdom of Great Britain and Northern Ireland,HUMAN_OBSERVATION
52.416199,-4.087142,2003,5,United Kingdom of Great Britain and Northern Ireland,HUMAN_OBSERVATION
52.416598,-4.090848,2016,10,United Kingdom of Great Britain and Northern Ireland,MATERIAL_SAMPLE
52.416598,-4.090848,2016,10,United Kingdom of Great Britain and Northern Ireland,MATERIAL_SAMPLE
52.44,4.55,2003,10,Netherlands,HUMAN_OBSERVATION
52.44,4.55,1952,1,Netherlands,HUMAN_OBSERVATION
52.44,4.55,1952,1,Netherlands,HUMAN_OBSERVATION
52.44,4.55,1952,2,Netherlands,HUMAN_OBSERVATION
52.44,4.55,1952,2,Netherlands,HUMAN_OBSERVATION
52.44,4.55,1950,2,Netherlands,HUMAN_OBSERVATION
52.45,4.55,2022,1,Netherlands,HUMAN_OBSERVATION
52.45134,-4.082917,1997,4,United Kingdom of Great Britain and Northern Ireland,HUMAN_OBSERVATION
52.45134,-4.082917,1997,4,United Kingdom of Great Britain and Northern Ireland,HUMAN_OBSERVATION
52.455,4.556,2019,2,Netherlands,HUMAN_OBSERVATION
52.455,4.556,2018,10,Netherlands,HUMAN_OBSERVATION
52.455,4.556,2014,8,Netherlands,HUMAN_OBSERVATION
52.455,4.556,2014,11,Netherlands,HUMAN_OBSERVATION
52.455,4.556,2006,1,Netherlands,HUMAN_OBSERVATION
52.47,4.63,2003,11,Netherlands,HUMAN_OBSERVATION
52.47039,1.753298,2021,9,United Kingdom of Great Britain and Northern Ireland,HUMAN_OBSERVATION
52.47039,1.753298,2021,9,United Kingdom of Great Britain and Northern Ireland,HUMAN_OBSERVATION
52.471053,1.745782,2009,11,United Kingdom of Great Britain and Northern Ireland,HUMAN_OBSERVATION
52.47198,1.716402,2009,11,United Kingdom of Great Britain and Northern Ireland,HUMAN_OBSERVATION
52.475576,-4.062362,2018,8,United Kingdom of Great Britain and Northern Ireland,HUMAN_OBSERVATION
52.477,4.572,1952,11,Netherlands,HUMAN_OBSERVATION
52.479208,-4.058472,2016,10,United Kingdom of Great Britain and Northern Ireland,MATERIAL_SAMPLE
52.479208,-4.058472,2016,10,United Kingdom of Great Britain and Northern Ireland,MATERIAL_SAMPLE
52.479208,-4.058472,2016,10,United Kingdom of Great Britain and Northern Ireland,MATERIAL_SAMPLE
52.479208,-4.058472,2016,10,United Kingdom of Great Britain and Northern Ireland,MATERIAL_SAMPLE
52.479655,-4.057747,2016,10,United Kingdom of Great Britain and Northern Ireland,HUMAN_OBSERVATION
52.479655,-4.057747,2016,10,United Kingdom of Great Britain and Northern Ireland,HUMAN_OBSERVATION
52.479655,-4.057747,1997,4,United Kingdom of Great Britain and Northern Ireland,HUMAN_OBSERVATION
52.479655,-4.057747,1997,4,United Kingdom of Great Britain and Northern Ireland,HUMAN_OBSERVATION
52.479655,-4.057747,1997,4,United Kingdom of Great Britain and Northern Ireland,HUMAN_OBSERVATION
52.479655,-4.057747,1997,4,United Kingdom of Great Britain and Northern Ireland,HUMAN_OBSERVATION
52.49,4.58,2002,3,Netherlands,HUMAN_OBSERVATION
52.527458,-3.996589,1995,7,United Kingdom of Great Britain and Northern Ireland,HUMAN_OBSERVATION
52.527458,-3.996589,1995,7,United Kingdom of Great Britain and Northern Ireland,HUMAN_OBSERVATION
52.53608,-3.99182,1997,7,United Kingdom of Great Britain and Northern Ireland,HUMAN_OBSERVATION
52.53608,-3.99182,1997,7,United Kingdom of Great Britain and Northern Ireland,HUMAN_OBSERVATION
52.536459,-4.048606,1997,7,United Kingdom of Great Britain and Northern Ireland,HUMAN_OBSERVATION
52.536459,-4.048606,1997,7,United Kingdom of Great Britain and Northern Ireland,HUMAN_OBSERVATION
52.537221,-4.107625,1995,7,United Kingdom of Great Britain and Northern Ireland,HUMAN_OBSERVATION
52.53823,-4.050164,1997,7,United Kingdom of Great Britain and Northern Ireland,HUMAN_OBSERVATION
52.53823,-4.050164,1997,7,United Kingdom of Great Britain and Northern Ireland,HUMAN_OBSERVATION
52.538307,-4.045743,1995,7,United Kingdom of Great Britain and Northern Ireland,HUMAN_OBSERVATION
52.538307,-4.045743,1995,7,United Kingdom of Great Britain and Northern Ireland,HUMAN_OBSERVATION
52.544698,-4.040141,1995,7,United Kingdom of Great Britain and Northern Ireland,HUMAN_OBSERVATION
52.544698,-4.040141,1995,7,United Kingdom of Great Britain and Northern Ireland,HUMAN_OBSERVATION
52.544698,-4.040141,1995,7,United Kingdom of Great Britain and Northern Ireland,HUMAN_OBSERVATION
52.545799,-4.028394,2007,8,United Kingdom of Great Britain and Northern Ireland,HUMAN_OBSERVATION
52.545799,-4.028394,2007,8,United Kingdom of Great Britain and Northern Ireland,HUMAN_OBSERVATION
52.545799,-4.028394,2007,8,United Kingdom of Great Britain and Northern Ireland,HUMAN_OBSERVATION
52.545799,-4.028394,2007,8,United Kingdom of Great Britain and Northern Ireland,HUMAN_OBSERVATION
52.545799,-4.028394,2007,8,United Kingdom of Great Britain and Northern Ireland,HUMAN_OBSERVATION
52.545799,-4.028394,2007,8,United Kingdom of Great Britain and Northern Ireland,HUMAN_OBSERVATION
52.545799,-4.028394,2007,8,United Kingdom of Great Britain and Northern Ireland,HUMAN_OBSERVATION
52.545799,-4.028394,2007,8,United Kingdom of Great Britain and Northern Ireland,HUMAN_OBSERVATION
52.545799,-4.028394,2007,8,United Kingdom of Great Britain and Northern Ireland,HUMAN_OBSERVATION
52.546197,-4.029143,2007,8,United Kingdom of Great Britain and Northern Ireland,HUMAN_OBSERVATION
52.546197,-4.029143,2007,8,United Kingdom of Great Britain and Northern Ireland,HUMAN_OBSERVATION
52.546197,-4.029143,2007,8,United Kingdom of Great Britain and Northern Ireland,HUMAN_OBSERVATION
52.546197,-4.029143,2007,8,United Kingdom of Great Britain and Northern Ireland,HUMAN_OBSERVATION
52.546197,-4.029143,2007,8,United Kingdom of Great Britain and Northern Ireland,HUMAN_OBSERVATION
52.546197,-4.029143,2007,8,United Kingdom of Great Britain and Northern Ireland,HUMAN_OBSERVATION
52.546197,-4.029143,2007,8,United Kingdom of Great Britain and Northern Ireland,HUMAN_OBSERVATION
52.546197,-4.029143,2007,8,United Kingdom of Great Britain and Northern Ireland,HUMAN_OBSERVATION
52.546197,-4.029143,2007,8,United Kingdom of Great Britain and Northern Ireland,HUMAN_OBSERVATION
52.546482,-4.024614,2007,8,United Kingdom of Great Britain and Northern Ireland,HUMAN_OBSERVATION
52.546482,-4.024614,2007,8,United Kingdom of Great Britain and Northern Ireland,HUMAN_OBSERVATION
52.546482,-4.024614,2007,8,United Kingdom of Great Britain and Northern Ireland,HUMAN_OBSERVATION
52.546482,-4.024614,2007,8,United Kingdom of Great Britain and Northern Ireland,HUMAN_OBSERVATION
52.546482,-4.024614,2007,8,United Kingdom of Great Britain and Northern Ireland,HUMAN_OBSERVATION
52.54677,-4.024568,2007,8,United Kingdom of Great Britain and Northern Ireland,HUMAN_OBSERVATION
52.54677,-4.024568,2007,8,United Kingdom of Great Britain and Northern Ireland,HUMAN_OBSERVATION
52.54677,-4.024568,2007,8,United Kingdom of Great Britain and Northern Ireland,HUMAN_OBSERVATION
52.547797,-4.016686,1995,7,United Kingdom of Great Britain and Northern Ireland,HUMAN_OBSERVATION
52.547797,-4.016686,1995,7,United Kingdom of Great Britain and Northern Ireland,HUMAN_OBSERVATION
52.547797,-4.016686,1995,7,United Kingdom of Great Britain and Northern Ireland,HUMAN_OBSERVATION
52.547797,-4.016686,1995,7,United Kingdom of Great Britain and Northern Ireland,HUMAN_OBSERVATION
52.552714,-3.991836,1995,7,United Kingdom of Great Britain and Northern Ireland,HUMAN_OBSERVATION
52.552714,-3.991836,1995,7,United Kingdom of Great Britain and Northern Ireland,HUMAN_OBSERVATION
52.552714,-3.991836,1995,7,United Kingdom of Great Britain and Northern Ireland,HUMAN_OBSERVATION
52.555435,-3.979113,2021,4,United Kingdom of Great Britain and Northern Ireland,HUMAN_OBSERVATION
52.55565,-3.972593,2007,8,United Kingdom of Great Britain and Northern Ireland,HUMAN_OBSERVATION
52.555832,-3.976791,2007,8,United Kingdom of Great Britain and Northern Ireland,HUMAN_OBSERVATION
52.555832,-3.976791,2007,8,United Kingdom of Great Britain and Northern Ireland,HUMAN_OBSERVATION
52.555832,-3.976791,2007,8,United Kingdom of Great Britain and Northern Ireland,HUMAN_OBSERVATION
52.555832,-3.976791,2007,8,United Kingdom of Great Britain and Northern Ireland,HUMAN_OBSERVATION
52.555832,-3.976791,2007,8,United Kingdom of Great Britain and Northern Ireland,HUMAN_OBSERVATION
52.555832,-3.976791,2007,8,United Kingdom of Great Britain and Northern Ireland,HUMAN_OBSERVATION
52.556678,-3.969887,1995,7,United Kingdom of Great Britain and Northern Ireland,HUMAN_OBSERVATION
52.556678,-3.969887,1995,7,United Kingdom of Great Britain and Northern Ireland,HUMAN_OBSERVATION
52.55794,-6.189735,,,Ireland,HUMAN_OBSERVATION
52.559593,-3.95674,1997,7,United Kingdom of Great Britain and Northern Ireland,HUMAN_OBSERVATION
52.559836,-3.941998,1995,7,United Kingdom of Great Britain and Northern Ireland,HUMAN_OBSERVATION
52.559836,-3.941998,1995,7,United Kingdom of Great Britain and Northern Ireland,HUMAN_OBSERVATION
52.58,4.61,2018,3,Netherlands,HUMAN_OBSERVATION
52.58,4.61,2017,11,Netherlands,HUMAN_OBSERVATION
52.58,4.61,2017,11,Netherlands,HUMAN_OBSERVATION
52.582951,1.76271,1982,4,United Kingdom of Great Britain and Northern Ireland,HUMAN_OBSERVATION
52.582951,1.76271,1977,2,United Kingdom of Great Britain and Northern Ireland,HUMAN_OBSERVATION
52.587545,1.615422,1990,,United Kingdom of Great Britain and Northern Ireland,HUMAN_OBSERVATION
52.587545,1.615422,1982,4,United Kingdom of Great Britain and Northern Ireland,HUMAN_OBSERVATION
52.587545,1.615422,1982,4,United Kingdom of Great Britain and Northern Ireland,HUMAN_OBSERVATION
52.587545,1.615422,1982,4,United Kingdom of Great Britain and Northern Ireland,HUMAN_OBSERVATION
52.587545,1.615422,1982,4,United Kingdom of Great Britain and Northern Ireland,HUMAN_OBSERVATION
52.587545,1.615422,1977,2,United Kingdom of Great Britain and Northern Ireland,HUMAN_OBSERVATION
52.587545,1.615422,1977,2,United Kingdom of Great Britain and Northern Ireland,HUMAN_OBSERVATION
52.587545,1.615422,1977,3,United Kingdom of Great Britain and Northern Ireland,HUMAN_OBSERVATION
52.587545,1.615422,1977,3,United Kingdom of Great Britain and Northern Ireland,HUMAN_OBSERVATION
52.597521,1.726114,2008,3,United Kingdom of Great Britain and Northern Ireland,HUMAN_OBSERVATION
52.597847,1.657454,2010,3,United Kingdom of Great Britain and Northern Ireland,HUMAN_OBSERVATION
52.598257,-4.113508,1997,4,United Kingdom of Great Britain and Northern Ireland,HUMAN_OBSERVATION
52.603279,1.72523,2015,4,United Kingdom of Great Britain and Northern Ireland,HUMAN_OBSERVATION
52.603758,1.724561,2010,3,United Kingdom of Great Britain and Northern Ireland,HUMAN_OBSERVATION
52.604857,1.681116,2015,4,United Kingdom of Great Britain and Northern Ireland,HUMAN_OBSERVATION
52.604857,1.681116,2015,4,United Kingdom of Great Britain and Northern Ireland,HUMAN_OBSERVATION
52.604857,1.681116,2015,4,United Kingdom of Great Britain and Northern Ireland,HUMAN_OBSERVATION
52.604857,1.681116,2015,4,United Kingdom of Great Britain and Northern Ireland,HUMAN_OBSERVATION
52.604857,1.681116,2010,3,United Kingdom of Great Britain and Northern Ireland,HUMAN_OBSERVATION
52.604857,1.681116,2010,3,United Kingdom of Great Britain and Northern Ireland,HUMAN_OBSERVATION
52.604857,1.681116,2010,3,United Kingdom of Great Britain and Northern Ireland,HUMAN_OBSERVATION
52.605028,1.723945,2010,3,United Kingdom of Great Britain and Northern Ireland,HUMAN_OBSERVATION
52.605115,1.687283,2015,4,United Kingdom of Great Britain and Northern Ireland,HUMAN_OBSERVATION
52.606514,1.685687,2008,3,United Kingdom of Great Britain and Northern Ireland,HUMAN_OBSERVATION
52.607056,-4.12427,1997,4,United Kingdom of Great Britain and Northern Ireland,HUMAN_OBSERVATION
52.607056,-4.12427,1997,4,United Kingdom of Great Britain and Northern Ireland,HUMAN_OBSERVATION
52.607056,-4.12427,1997,4,United Kingdom of Great Britain and Northern Ireland,HUMAN_OBSERVATION
52.608209,-4.127327,2018,3,United Kingdom of Great Britain and Northern Ireland,HUMAN_OBSERVATION
52.608826,1.704395,2015,4,United Kingdom of Great Britain and Northern Ireland,HUMAN_OBSERVATION
52.6107,1.706888,2015,4,United Kingdom of Great Britain and Northern Ireland,HUMAN_OBSERVATION
52.621838,-9.038033,2016,,Ireland,HUMAN_OBSERVATION
52.635936,-4.11828,1997,4,United Kingdom of Great Britain and Northern Ireland,HUMAN_OBSERVATION
52.64,4.62,2009,10,Netherlands,HUMAN_OBSERVATION
52.64,4.62,2008,1,Netherlands,HUMAN_OBSERVATION
52.64,4.62,2001,9,Netherlands,HUMAN_OBSERVATION
52.652934,-9.551765,,,Ireland,HUMAN_OBSERVATION
52.672654,1.770422,1982,4,United Kingdom of Great Britain and Northern Ireland,HUMAN_OBSERVATION
52.672654,1.770422,1982,4,United Kingdom of Great Britain and Northern Ireland,HUMAN_OBSERVATION
52.681173,0.153102,1995,8,United Kingdom of Great Britain and Northern Ireland,HUMAN_OBSERVATION
52.681173,0.153102,1995,8,United Kingdom of Great Britain and Northern Ireland,HUMAN_OBSERVATION
52.68298,-4.066666,2005,8,United Kingdom of Great Britain and Northern Ireland,HUMAN_OBSERVATION
52.683797,-4.064693,2005,8,United Kingdom of Great Britain and Northern Ireland,HUMAN_OBSERVATION
52.684,4.632,2015,1,Netherlands,HUMAN_OBSERVATION
52.684447,-4.063481,2005,8,United Kingdom of Great Britain and Northern Ireland,HUMAN_OBSERVATION
52.686299,-4.06089,2005,8,United Kingdom of Great Britain and Northern Ireland,HUMAN_OBSERVATION
52.698715,4.634798,2014,1,Netherlands,HUMAN_OBSERVATION
52.7,4.63,1952,1,Netherlands,HUMAN_OBSERVATION
52.703906,-6.128275,,,Ireland,HUMAN_OBSERVATION
52.706069,-4.015097,1995,7,United Kingdom of Great Britain and Northern Ireland,HUMAN_OBSERVATION
52.710825,-4.052327,1999,9,United Kingdom of Great Britain and Northern Ireland,HUMAN_OBSERVATION
52.710825,-4.052327,1997,4,United Kingdom of Great Britain and Northern Ireland,HUMAN_OBSERVATION
52.713877,-4.031743,1999,9,United Kingdom of Great Britain and Northern Ireland,HUMAN_OBSERVATION
52.714236,0.353129,2009,3,United Kingdom of Great Britain and Northern Ireland,HUMAN_OBSERVATION
52.714495,-4.048058,1999,9,United Kingdom of Great Britain and Northern Ireland,HUMAN_OBSERVATION
52.714877,-4.025867,1999,9,United Kingdom of Great Britain and Northern Ireland,HUMAN_OBSERVATION
52.714877,-4.025867,1999,9,United Kingdom of Great Britain and Northern Ireland,HUMAN_OBSERVATION
52.715766,-3.999998,1997,4,United Kingdom of Great Britain and Northern Ireland,HUMAN_OBSERVATION
52.716445,-4.039265,1995,7,United Kingdom of Great Britain and Northern Ireland,HUMAN_OBSERVATION
52.716445,-4.039265,1995,7,United Kingdom of Great Britain and Northern Ireland,HUMAN_OBSERVATION
52.71696,-4.061499,1995,7,United Kingdom of Great Britain and Northern Ireland,HUMAN_OBSERVATION
52.717293,-4.042266,1997,4,United Kingdom of Great Britain and Northern Ireland,HUMAN_OBSERVATION
52.718546,-4.021595,1997,4,United Kingdom of Great Britain and Northern Ireland,HUMAN_OBSERVATION
52.718859,-4.055666,1999,10,United Kingdom of Great Britain and Northern Ireland,HUMAN_OBSERVATION
52.719115,-4.066783,1997,4,United Kingdom of Great Britain and Northern Ireland,HUMAN_OBSERVATION
52.72,4.63,2013,9,Netherlands,HUMAN_OBSERVATION
52.72,4.63,1950,1,Netherlands,HUMAN_OBSERVATION
52.720444,-4.01576,1995,7,United Kingdom of Great Britain and Northern Ireland,HUMAN_OBSERVATION
52.720444,-4.01576,1995,7,United Kingdom of Great Britain and Northern Ireland,HUMAN_OBSERVATION
52.721013,-4.035036,1999,9,United Kingdom of Great Britain and Northern Ireland,HUMAN_OBSERVATION
52.72181,-4.040997,1995,7,United Kingdom of Great Britain and Northern Ireland,HUMAN_OBSERVATION
52.72181,-4.040997,1995,7,United Kingdom of Great Britain and Northern Ireland,HUMAN_OBSERVATION
52.72181,-4.040997,1995,7,United Kingdom of Great Britain and Northern Ireland,HUMAN_OBSERVATION
52.73402,-4.010462,1999,9,United Kingdom of Great Britain and Northern Ireland,HUMAN_OBSERVATION
52.738186,-3.976583,1999,9,United Kingdom of Great Britain and Northern Ireland,HUMAN_OBSERVATION
52.739686,-3.994427,1995,7,United Kingdom of Great Britain and Northern Ireland,HUMAN_OBSERVATION
52.739686,-3.994427,1995,7,United Kingdom of Great Britain and Northern Ireland,HUMAN_OBSERVATION
52.739686,-3.994427,1995,7,United Kingdom of Great Britain and Northern Ireland,HUMAN_OBSERVATION
52.740684,-3.988547,1997,4,United Kingdom of Great Britain and Northern Ireland,HUMAN_OBSERVATION
52.75,4.64,1977,5,Netherlands,HUMAN_OBSERVATION
52.75,4.64,1950,2,Netherlands,HUMAN_OBSERVATION
52.75,4.64,1950,11,Netherlands,HUMAN_OBSERVATION
52.750782,0.181724,1995,1,United Kingdom of Great Britain and Northern Ireland,HUMAN_OBSERVATION
52.753178,-4.795298,1977,,United Kingdom of Great Britain and Northern Ireland,HUMAN_OBSERVATION
52.76,4.64,,,Netherlands,HUMAN_OBSERVATION
52.77916,1.623786,2020,8,United Kingdom of Great Britain and Northern Ireland,HUMAN_OBSERVATION
52.779172,0.20242,1995,1,United Kingdom of Great Britain and Northern Ireland,HUMAN_OBSERVATION
52.790771,-4.74505,1999,,United Kingdom of Great Britain and Northern Ireland,HUMAN_OBSERVATION
52.803009,-4.152357,2000,,United Kingdom of Great Britain and Northern Ireland,HUMAN_OBSERVATION
52.803009,-4.152357,1997,4,United Kingdom of Great Britain and Northern Ireland,HUMAN_OBSERVATION
52.804694,-4.458819,1983,8,United Kingdom of Great Britain and Northern Ireland,HUMAN_OBSERVATION
52.806853,0.212721,1995,1,United Kingdom of Great Britain and Northern Ireland,HUMAN_OBSERVATION
52.806853,0.212721,1995,1,United Kingdom of Great Britain and Northern Ireland,HUMAN_OBSERVATION
52.812428,-4.153564,2015,10,United Kingdom of Great Britain and Northern Ireland,HUMAN_OBSERVATION
52.815122,-4.153697,1997,4,United Kingdom of Great Britain and Northern Ireland,HUMAN_OBSERVATION
52.815122,-4.153697,1997,4,United Kingdom of Great Britain and Northern Ireland,HUMAN_OBSERVATION
52.815435,-4.413048,2009,4,United Kingdom of Great Britain and Northern Ireland,HUMAN_OBSERVATION
52.815435,-4.413048,2009,4,United Kingdom of Great Britain and Northern Ireland,HUMAN_OBSERVATION
52.818086,-4.139003,2000,,United Kingdom of Great Britain and Northern Ireland,HUMAN_OBSERVATION
52.823582,-4.133336,2000,,United Kingdom of Great Britain and Northern Ireland,HUMAN_OBSERVATION
52.824683,-4.779299,2009,4,United Kingdom of Great Britain and Northern Ireland,HUMAN_OBSERVATION
52.829333,-4.417159,2010,7,United Kingdom of Great Britain and Northern Ireland,HUMAN_OBSERVATION
52.829453,-4.417002,2009,4,United Kingdom of Great Britain and Northern Ireland,HUMAN_OBSERVATION
52.83228,0.294182,1998,,United Kingdom of Great Britain and Northern Ireland,HUMAN_OBSERVATION
52.833138,-4.128303,2011,7,United Kingdom of Great Britain and Northern Ireland,HUMAN_OBSERVATION
52.833138,-4.128303,2011,7,United Kingdom of Great Britain and Northern Ireland,HUMAN_OBSERVATION
52.833138,-4.128303,2011,7,United Kingdom of Great Britain and Northern Ireland,HUMAN_OBSERVATION
52.833138,-4.128303,2011,7,United Kingdom of Great Britain and Northern Ireland,HUMAN_OBSERVATION
52.833138,-4.128303,2010,7,United Kingdom of Great Britain and Northern Ireland,HUMAN_OBSERVATION
52.833138,-4.128303,2010,7,United Kingdom of Great Britain and Northern Ireland,HUMAN_OBSERVATION
52.833138,-4.128303,2010,7,United Kingdom of Great Britain and Northern Ireland,HUMAN_OBSERVATION
52.833138,-4.128303,2009,7,United Kingdom of Great Britain and Northern Ireland,HUMAN_OBSERVATION
52.833138,-4.128303,2009,7,United Kingdom of Great Britain and Northern Ireland,HUMAN_OBSERVATION
52.833138,-4.128303,2009,7,United Kingdom of Great Britain and Northern Ireland,HUMAN_OBSERVATION
52.833138,-4.128303,2009,7,United Kingdom of Great Britain and Northern Ireland,HUMAN_OBSERVATION
52.833138,-4.128303,2009,7,United Kingdom of Great Britain and Northern Ireland,HUMAN_OBSERVATION
52.833451,-4.128437,2009,7,United Kingdom of Great Britain and Northern Ireland,HUMAN_OBSERVATION
52.83347,-4.128364,2012,7,United Kingdom of Great Britain and Northern Ireland,HUMAN_OBSERVATION
52.83347,-4.128364,2012,7,United Kingdom of Great Britain and Northern Ireland,HUMAN_OBSERVATION
52.83347,-4.128364,2010,7,United Kingdom of Great Britain and Northern Ireland,HUMAN_OBSERVATION
52.83347,-4.128364,2010,7,United Kingdom of Great Britain and Northern Ireland,HUMAN_OBSERVATION
52.83347,-4.128364,2010,7,United Kingdom of Great Britain and Northern Ireland,HUMAN_OBSERVATION
52.83347,-4.128364,2010,7,United Kingdom of Great Britain and Northern Ireland,HUMAN_OBSERVATION
52.83347,-4.128364,2009,7,United Kingdom of Great Britain and Northern Ireland,HUMAN_OBSERVATION
52.83347,-4.128364,2009,7,United Kingdom of Great Britain and Northern Ireland,HUMAN_OBSERVATION
52.833518,-4.128217,2009,7,United Kingdom of Great Britain and Northern Ireland,HUMAN_OBSERVATION
52.834029,-4.128272,2011,7,United Kingdom of Great Britain and Northern Ireland,HUMAN_OBSERVATION
52.834029,-4.128272,2009,7,United Kingdom of Great Britain and Northern Ireland,HUMAN_OBSERVATION
52.834029,-4.128272,2009,7,United Kingdom of Great Britain and Northern Ireland,HUMAN_OBSERVATION
52.834029,-4.128272,2009,7,United Kingdom of Great Britain and Northern Ireland,HUMAN_OBSERVATION
52.834029,-4.128272,2009,7,United Kingdom of Great Britain and Northern Ireland,HUMAN_OBSERVATION
52.834397,-4.128305,2012,7,United Kingdom of Great Britain and Northern Ireland,HUMAN_OBSERVATION
52.834397,-4.128305,2010,7,United Kingdom of Great Britain and Northern Ireland,HUMAN_OBSERVATION
52.834397,-4.128305,2009,7,United Kingdom of Great Britain and Northern Ireland,HUMAN_OBSERVATION
52.834397,-4.128305,2009,7,United Kingdom of Great Britain and Northern Ireland,HUMAN_OBSERVATION
52.834942,-4.12799,2012,7,United Kingdom of Great Britain and Northern Ireland,HUMAN_OBSERVATION
52.834942,-4.12799,2012,7,United Kingdom of Great Britain and Northern Ireland,HUMAN_OBSERVATION
52.834942,-4.12799,2011,7,United Kingdom of Great Britain and Northern Ireland,HUMAN_OBSERVATION
52.834942,-4.12799,2011,7,United Kingdom of Great Britain and Northern Ireland,HUMAN_OBSERVATION
52.834942,-4.12799,2011,7,United Kingdom of Great Britain and Northern Ireland,HUMAN_OBSERVATION
52.834942,-4.12799,2011,7,United Kingdom of Great Britain and Northern Ireland,HUMAN_OBSERVATION
52.834942,-4.12799,2010,7,United Kingdom of Great Britain and Northern Ireland,HUMAN_OBSERVATION
52.834942,-4.12799,2010,7,United Kingdom of Great Britain and Northern Ireland,HUMAN_OBSERVATION
52.834942,-4.12799,2010,7,United Kingdom of Great Britain and Northern Ireland,HUMAN_OBSERVATION
52.834942,-4.12799,2009,7,United Kingdom of Great Britain and Northern Ireland,HUMAN_OBSERVATION
52.834942,-4.12799,2009,7,United Kingdom of Great Britain and Northern Ireland,HUMAN_OBSERVATION
52.835025,-4.72816,2013,8,United Kingdom of Great Britain and Northern Ireland,HUMAN_OBSERVATION
52.835025,-4.72816,2013,8,United Kingdom of Great Britain and Northern Ireland,HUMAN_OBSERVATION
52.835025,-4.72816,2012,7,United Kingdom of Great Britain and Northern Ireland,HUMAN_OBSERVATION
52.835351,-4.127743,2009,7,United Kingdom of Great Britain and Northern Ireland,HUMAN_OBSERVATION
52.835368,-4.127803,2011,7,United Kingdom of Great Britain and Northern Ireland,HUMAN_OBSERVATION
52.835368,-4.127803,2011,7,United Kingdom of Great Britain and Northern Ireland,HUMAN_OBSERVATION
52.835368,-4.127803,2011,7,United Kingdom of Great Britain and Northern Ireland,HUMAN_OBSERVATION
52.835368,-4.127803,2011,7,United Kingdom of Great Britain and Northern Ireland,HUMAN_OBSERVATION
52.835368,-4.127788,2012,7,United Kingdom of Great Britain and Northern Ireland,HUMAN_OBSERVATION
52.835368,-4.127788,2012,7,United Kingdom of Great Britain and Northern Ireland,HUMAN_OBSERVATION
52.835368,-4.127788,2012,7,United Kingdom of Great Britain and Northern Ireland,HUMAN_OBSERVATION
52.835368,-4.127788,2012,7,United Kingdom of Great Britain and Northern Ireland,HUMAN_OBSERVATION
52.835368,-4.127788,2012,7,United Kingdom of Great Britain and Northern Ireland,HUMAN_OBSERVATION
52.835368,-4.127788,2012,7,United Kingdom of Great Britain and Northern Ireland,HUMAN_OBSERVATION
52.835368,-4.127788,2009,7,United Kingdom of Great Britain and Northern Ireland,HUMAN_OBSERVATION
52.835368,-4.127788,2009,7,United Kingdom of Great Britain and Northern Ireland,HUMAN_OBSERVATION
52.835816,-4.127394,2012,7,United Kingdom of Great Britain and Northern Ireland,HUMAN_OBSERVATION
52.835816,-4.127394,2012,7,United Kingdom of Great Britain and Northern Ireland,HUMAN_OBSERVATION
52.835816,-4.127394,2012,7,United Kingdom of Great Britain and Northern Ireland,HUMAN_OBSERVATION
52.835816,-4.127394,2011,7,United Kingdom of Great Britain and Northern Ireland,HUMAN_OBSERVATION
52.835816,-4.127394,2009,7,United Kingdom of Great Britain and Northern Ireland,HUMAN_OBSERVATION
52.835816,-4.127394,2009,7,United Kingdom of Great Britain and Northern Ireland,HUMAN_OBSERVATION
52.835816,-4.127394,2009,7,United Kingdom of Great Britain and Northern Ireland,HUMAN_OBSERVATION
52.835862,-4.127352,2009,7,United Kingdom of Great Britain and Northern Ireland,HUMAN_OBSERVATION
52.836774,-4.127115,2010,7,United Kingdom of Great Britain and Northern Ireland,HUMAN_OBSERVATION
52.836774,-4.127115,2010,7,United Kingdom of Great Britain and Northern Ireland,HUMAN_OBSERVATION
52.836774,-4.127115,2010,7,United Kingdom of Great Britain and Northern Ireland,HUMAN_OBSERVATION
52.836774,-4.127115,2009,7,United Kingdom of Great Britain and Northern Ireland,HUMAN_OBSERVATION
52.836782,-4.126655,2011,7,United Kingdom of Great Britain and Northern Ireland,HUMAN_OBSERVATION
52.836782,-4.126655,2011,7,United Kingdom of Great Britain and Northern Ireland,HUMAN_OBSERVATION
52.836783,-4.12664,2012,7,United Kingdom of Great Britain and Northern Ireland,HUMAN_OBSERVATION
52.836783,-4.12664,2012,7,United Kingdom of Great Britain and Northern Ireland,HUMAN_OBSERVATION
52.836783,-4.12664,2012,7,United Kingdom of Great Britain and Northern Ireland,HUMAN_OBSERVATION
52.836783,-4.12664,2012,7,United Kingdom of Great Britain and Northern Ireland,HUMAN_OBSERVATION
52.836783,-4.12664,2009,7,United Kingdom of Great Britain and Northern Ireland,HUMAN_OBSERVATION
52.836783,-4.12664,2009,7,United Kingdom of Great Britain and Northern Ireland,HUMAN_OBSERVATION
52.836783,-4.12664,2009,7,United Kingdom of Great Britain and Northern Ireland,HUMAN_OBSERVATION
52.837,4.69,1951,6,Netherlands,HUMAN_OBSERVATION
52.853751,-4.477932,1995,7,United Kingdom of Great Britain and Northern Ireland,HUMAN_OBSERVATION
52.853751,-4.477932,1995,7,United Kingdom of Great Britain and Northern Ireland,HUMAN_OBSERVATION
52.853751,-4.477932,1995,7,United Kingdom of Great Britain and Northern Ireland,HUMAN_OBSERVATION
52.853751,-4.477932,1995,7,United Kingdom of Great Britain and Northern Ireland,HUMAN_OBSERVATION
52.853751,-4.477932,1995,7,United Kingdom of Great Britain and Northern Ireland,HUMAN_OBSERVATION
52.853751,-4.477932,1995,7,United Kingdom of Great Britain and Northern Ireland,HUMAN_OBSERVATION
52.853751,-4.477932,1995,7,United Kingdom of Great Britain and Northern Ireland,HUMAN_OBSERVATION
52.858396,-4.470769,1996,6,United Kingdom of Great Britain and Northern Ireland,HUMAN_OBSERVATION
52.867562,-4.462375,2015,9,United Kingdom of Great Britain and Northern Ireland,HUMAN_OBSERVATION
52.871528,-0.039563,1995,1,United Kingdom of Great Britain and Northern Ireland,HUMAN_OBSERVATION
52.882371,-4.397814,1995,7,United Kingdom of Great Britain and Northern Ireland,HUMAN_OBSERVATION
52.88569,-4.406131,2011,7,United Kingdom of Great Britain and Northern Ireland,HUMAN_OBSERVATION
52.88626,-4.406251,2014,6,United Kingdom of Great Britain and Northern Ireland,HUMAN_OBSERVATION
52.892839,-4.156806,1997,5,United Kingdom of Great Britain and Northern Ireland,HUMAN_OBSERVATION
52.896393,-4.325734,1995,7,United Kingdom of Great Britain and Northern Ireland,HUMAN_OBSERVATION
52.902,4.93,1952,2,Netherlands,HUMAN_OBSERVATION
52.904341,0.04073,1997,8,United Kingdom of Great Britain and Northern Ireland,HUMAN_OBSERVATION
52.906884,-4.150812,1997,5,United Kingdom of Great Britain and Northern Ireland,HUMAN_OBSERVATION
52.907083,-4.150591,2008,8,United Kingdom of Great Britain and Northern Ireland,HUMAN_OBSERVATION
52.907101,-4.150577,2008,8,United Kingdom of Great Britain and Northern Ireland,HUMAN_OBSERVATION
52.90712,-4.150563,2008,8,United Kingdom of Great Britain and Northern Ireland,HUMAN_OBSERVATION
52.907431,-4.335992,1996,7,United Kingdom of Great Britain and Northern Ireland,HUMAN_OBSERVATION
52.909374,-4.305608,,,United Kingdom of Great Britain and Northern Ireland,HUMAN_OBSERVATION
52.909446,-4.255045,1995,7,United Kingdom of Great Britain and Northern Ireland,HUMAN_OBSERVATION
52.909446,-4.255045,1995,7,United Kingdom of Great Britain and Northern Ireland,HUMAN_OBSERVATION
52.909446,-4.255045,1995,7,United Kingdom of Great Britain and Northern Ireland,HUMAN_OBSERVATION
52.909525,-4.271996,2011,7,United Kingdom of Great Britain and Northern Ireland,HUMAN_OBSERVATION
52.909525,-4.271996,2011,7,United Kingdom of Great Britain and Northern Ireland,HUMAN_OBSERVATION
52.909526,-4.271981,2012,7,United Kingdom of Great Britain and Northern Ireland,HUMAN_OBSERVATION
52.909526,-4.271981,2012,7,United Kingdom of Great Britain and Northern Ireland,HUMAN_OBSERVATION
52.909526,-4.271981,2009,7,United Kingdom of Great Britain and Northern Ireland,HUMAN_OBSERVATION
52.909526,-4.271981,2009,7,United Kingdom of Great Britain and Northern Ireland,HUMAN_OBSERVATION
52.909526,-4.271981,2009,7,United Kingdom of Great Britain and Northern Ireland,HUMAN_OBSERVATION
52.909526,-4.271981,2009,7,United Kingdom of Great Britain and Northern Ireland,HUMAN_OBSERVATION
52.909562,-4.270541,2009,7,United Kingdom of Great Britain and Northern Ireland,HUMAN_OBSERVATION
52.909644,-4.270471,2012,7,United Kingdom of Great Britain and Northern Ireland,HUMAN_OBSERVATION
52.909644,-4.270471,2012,7,United Kingdom of Great Britain and Northern Ireland,HUMAN_OBSERVATION
52.909644,-4.270471,2012,7,United Kingdom of Great Britain and Northern Ireland,HUMAN_OBSERVATION
52.909644,-4.270471,2012,7,United Kingdom of Great Britain and Northern Ireland,HUMAN_OBSERVATION
52.909644,-4.270471,2011,7,United Kingdom of Great Britain and Northern Ireland,HUMAN_OBSERVATION
52.909644,-4.270471,2010,7,United Kingdom of Great Britain and Northern Ireland,HUMAN_OBSERVATION
52.909644,-4.270471,2010,7,United Kingdom of Great Britain and Northern Ireland,HUMAN_OBSERVATION
52.909644,-4.270471,2009,7,United Kingdom of Great Britain and Northern Ireland,HUMAN_OBSERVATION
52.909644,-4.270471,2009,7,United Kingdom of Great Britain and Northern Ireland,HUMAN_OBSERVATION
52.909644,-4.270471,2009,7,United Kingdom of Great Britain and Northern Ireland,HUMAN_OBSERVATION
52.909644,-4.270471,2009,7,United Kingdom of Great Britain and Northern Ireland,HUMAN_OBSERVATION
52.909644,-4.270471,2009,7,United Kingdom of Great Britain and Northern Ireland,HUMAN_OBSERVATION
52.909713,-4.271144,2009,7,United Kingdom of Great Britain and Northern Ireland,HUMAN_OBSERVATION
52.909786,-4.271043,2012,7,United Kingdom of Great Britain and Northern Ireland,HUMAN_OBSERVATION
52.909786,-4.271043,2012,7,United Kingdom of Great Britain and Northern Ireland,HUMAN_OBSERVATION
52.909786,-4.271043,2010,7,United Kingdom of Great Britain and Northern Ireland,HUMAN_OBSERVATION
52.909786,-4.271043,2009,7,United Kingdom of Great Britain and Northern Ireland,HUMAN_OBSERVATION
52.909786,-4.271043,2009,7,United Kingdom of Great Britain and Northern Ireland,HUMAN_OBSERVATION
52.909786,-4.271043,2009,7,United Kingdom of Great Britain and Northern Ireland,HUMAN_OBSERVATION
52.909845,-4.272667,2009,7,United Kingdom of Great Britain and Northern Ireland,HUMAN_OBSERVATION
52.909877,-4.272892,2012,7,United Kingdom of Great Britain and Northern Ireland,HUMAN_OBSERVATION
52.909877,-4.272892,2012,7,United Kingdom of Great Britain and Northern Ireland,HUMAN_OBSERVATION
52.909877,-4.272892,2012,7,United Kingdom of Great Britain and Northern Ireland,HUMAN_OBSERVATION
52.909877,-4.272892,2012,7,United Kingdom of Great Britain and Northern Ireland,HUMAN_OBSERVATION
52.909877,-4.272892,2010,7,United Kingdom of Great Britain and Northern Ireland,HUMAN_OBSERVATION
52.909877,-4.272892,2010,7,United Kingdom of Great Britain and Northern Ireland,HUMAN_OBSERVATION
52.909877,-4.272892,2009,7,United Kingdom of Great Britain and Northern Ireland,HUMAN_OBSERVATION
52.909877,-4.272892,2009,7,United Kingdom of Great Britain and Northern Ireland,HUMAN_OBSERVATION
52.909877,-4.272892,2009,7,United Kingdom of Great Britain and Northern Ireland,HUMAN_OBSERVATION
52.909889,-4.270379,2009,7,United Kingdom of Great Britain and Northern Ireland,HUMAN_OBSERVATION
52.90994,-4.272866,2011,7,United Kingdom of Great Britain and Northern Ireland,HUMAN_OBSERVATION
52.909949,-4.274755,2009,7,United Kingdom of Great Britain and Northern Ireland,HUMAN_OBSERVATION
52.90995,-4.272851,2009,7,United Kingdom of Great Britain and Northern Ireland,HUMAN_OBSERVATION
52.90995,-4.272851,2009,7,United Kingdom of Great Britain and Northern Ireland,HUMAN_OBSERVATION
52.90995,-4.272851,2009,7,United Kingdom of Great Britain and Northern Ireland,HUMAN_OBSERVATION
52.909963,-4.106265,2008,8,United Kingdom of Great Britain and Northern Ireland,HUMAN_OBSERVATION
52.909981,-4.106281,2008,8,United Kingdom of Great Britain and Northern Ireland,HUMAN_OBSERVATION
52.909999,-4.106312,2008,8,United Kingdom of Great Britain and Northern Ireland,HUMAN_OBSERVATION
52.910025,-4.106343,2008,8,United Kingdom of Great Britain and Northern Ireland,HUMAN_OBSERVATION
52.910038,-4.273421,2009,7,United Kingdom of Great Britain and Northern Ireland,HUMAN_OBSERVATION
52.910048,-4.273808,2012,7,United Kingdom of Great Britain and Northern Ireland,HUMAN_OBSERVATION
52.910048,-4.273808,2012,7,United Kingdom of Great Britain and Northern Ireland,HUMAN_OBSERVATION
52.910048,-4.273808,2012,7,United Kingdom of Great Britain and Northern Ireland,HUMAN_OBSERVATION
52.910048,-4.273808,2012,7,United Kingdom of Great Britain and Northern Ireland,HUMAN_OBSERVATION
52.91006,-4.106374,2008,8,United Kingdom of Great Britain and Northern Ireland,HUMAN_OBSERVATION
52.91006,-4.106374,2008,8,United Kingdom of Great Britain and Northern Ireland,HUMAN_OBSERVATION
52.91006,-4.106374,2008,8,United Kingdom of Great Britain and Northern Ireland,HUMAN_OBSERVATION
52.910149,-4.274661,2009,7,United Kingdom of Great Britain and Northern Ireland,HUMAN_OBSERVATION
52.910205,-4.274531,2012,7,United Kingdom of Great Britain and Northern Ireland,HUMAN_OBSERVATION
52.910205,-4.274531,2012,7,United Kingdom of Great Britain and Northern Ireland,HUMAN_OBSERVATION
52.910205,-4.274531,2012,7,United Kingdom of Great Britain and Northern Ireland,HUMAN_OBSERVATION
52.910205,-4.274531,2009,7,United Kingdom of Great Britain and Northern Ireland,HUMAN_OBSERVATION
52.910205,-4.274531,2009,7,United Kingdom of Great Britain and Northern Ireland,HUMAN_OBSERVATION
52.912477,-4.098506,2022,2,United Kingdom of Great Britain and Northern Ireland,HUMAN_OBSERVATION
52.913292,-4.241859,2015,10,United Kingdom of Great Britain and Northern Ireland,HUMAN_OBSERVATION
52.913414,-4.13775,1995,7,United Kingdom of Great Britain and Northern Ireland,HUMAN_OBSERVATION
52.913414,-4.13775,1995,7,United Kingdom of Great Britain and Northern Ireland,HUMAN_OBSERVATION
52.913414,-4.13775,1995,7,United Kingdom of Great Britain and Northern Ireland,HUMAN_OBSERVATION
52.913414,-4.13775,1995,7,United Kingdom of Great Britain and Northern Ireland,HUMAN_OBSERVATION
52.913492,-4.082722,1995,7,United Kingdom of Great Britain and Northern Ireland,HUMAN_OBSERVATION
52.913492,-4.082722,1995,7,United Kingdom of Great Britain and Northern Ireland,HUMAN_OBSERVATION
52.913492,-4.082722,1995,7,United Kingdom of Great Britain and Northern Ireland,HUMAN_OBSERVATION
52.914967,-4.235597,2023,10,United Kingdom of Great Britain and Northern Ireland,HUMAN_OBSERVATION
52.91724,1.350726,2020,7,United Kingdom of Great Britain and Northern Ireland,HUMAN_OBSERVATION
52.91969,1.345119,2021,8,United Kingdom of Great Britain and Northern Ireland,HUMAN_OBSERVATION
52.920174,-4.08302,2008,8,United Kingdom of Great Britain and Northern Ireland,HUMAN_OBSERVATION
52.920174,-4.08302,2008,8,United Kingdom of Great Britain and Northern Ireland,HUMAN_OBSERVATION
52.920174,-4.08302,2008,8,United Kingdom of Great Britain and Northern Ireland,HUMAN_OBSERVATION
52.920174,-4.08302,2008,8,United Kingdom of Great Britain and Northern Ireland,HUMAN_OBSERVATION
52.923652,1.33311,2024,1,United Kingdom of Great Britain and Northern Ireland,HUMAN_OBSERVATION
52.926646,-4.601129,1983,8,United Kingdom of Great Britain and Northern Ireland,HUMAN_OBSERVATION
52.93,4.71,1950,9,Netherlands,HUMAN_OBSERVATION
52.932265,0.044989,2018,3,United Kingdom of Great Britain and Northern Ireland,HUMAN_OBSERVATION
52.933814,0.476636,1997,9,United Kingdom of Great Britain and Northern Ireland,HUMAN_OBSERVATION
52.93402,1.295655,2021,6,United Kingdom of Great Britain and Northern Ireland,HUMAN_OBSERVATION
52.93699,1.282014,2021,9,United Kingdom of Great Britain and Northern Ireland,HUMAN_OBSERVATION
52.94,4.71,1950,9,Netherlands,HUMAN_OBSERVATION
52.94167,1.252144,2021,5,United Kingdom of Great Britain and Northern Ireland,HUMAN_OBSERVATION
52.9417,1.252824,2021,7,United Kingdom of Great Britain and Northern Ireland,HUMAN_OBSERVATION
52.94186,1.251548,2020,7,United Kingdom of Great Britain and Northern Ireland,HUMAN_OBSERVATION
52.94186,1.252568,2021,4,United Kingdom of Great Britain and Northern Ireland,HUMAN_OBSERVATION
52.94186,1.252739,2021,4,United Kingdom of Great Britain and Northern Ireland,HUMAN_OBSERVATION
52.94189,1.251676,2020,12,United Kingdom of Great Britain and Northern Ireland,HUMAN_OBSERVATION
52.9419,1.255467,2021,4,United Kingdom of Great Britain and Northern Ireland,HUMAN_OBSERVATION
52.94194,1.252223,2021,3,United Kingdom of Great Britain and Northern Ireland,HUMAN_OBSERVATION
52.94196,1.250952,2021,4,United Kingdom of Great Britain and Northern Ireland,HUMAN_OBSERVATION
52.9421,1.250144,2020,8,United Kingdom of Great Britain and Northern Ireland,HUMAN_OBSERVATION
52.9421,1.250754,2021,6,United Kingdom of Great Britain and Northern Ireland,HUMAN_OBSERVATION
52.94218,1.249205,2021,6,United Kingdom of Great Britain and Northern Ireland,HUMAN_OBSERVATION
52.942183,1.251771,2022,3,United Kingdom of Great Britain and Northern Ireland,HUMAN_OBSERVATION
52.94233,1.252298,2021,9,United Kingdom of Great Britain and Northern Ireland,HUMAN_OBSERVATION
52.94259,1.250084,2021,9,United Kingdom of Great Britain and Northern Ireland,HUMAN_OBSERVATION
52.942609,0.486069,1997,9,United Kingdom of Great Britain and Northern Ireland,HUMAN_OBSERVATION
52.94286,1.246977,2021,3,United Kingdom of Great Britain and Northern Ireland,HUMAN_OBSERVATION
52.94353,1.242695,2021,6,United Kingdom of Great Britain and Northern Ireland,HUMAN_OBSERVATION
52.946,1.212057,2021,5,United Kingdom of Great Britain and Northern Ireland,HUMAN_OBSERVATION
52.9462,1.196147,2015,2,United Kingdom of Great Britain and Northern Ireland,HUMAN_OBSERVATION
52.9462,1.196147,2015,2,United Kingdom of Great Britain and Northern Ireland,HUMAN_OBSERVATION
52.946344,-4.563607,1983,8,United Kingdom of Great Britain and Northern Ireland,HUMAN_OBSERVATION
52.94639,1.199049,2021,4,United Kingdom of Great Britain and Northern Ireland,HUMAN_OBSERVATION
52.94639,1.199049,2021,4,United Kingdom of Great Britain and Northern Ireland,HUMAN_OBSERVATION
52.94823,0.491175,2020,11,United Kingdom of Great Britain and Northern Ireland,HUMAN_OBSERVATION
52.94866,0.492949,2014,3,United Kingdom of Great Britain and Northern Ireland,HUMAN_OBSERVATION
52.95,4.75,2020,7,Netherlands,HUMAN_OBSERVATION
52.95,4.75,2020,7,Netherlands,HUMAN_OBSERVATION
52.954683,0.849314,2009,11,United Kingdom of Great Britain and Northern Ireland,HUMAN_OBSERVATION
52.957127,0.858722,2017,9,United Kingdom of Great Britain and Northern Ireland,HUMAN_OBSERVATION
52.96,4.73,2018,9,Netherlands,HUMAN_OBSERVATION
52.96,4.73,1970,8,Netherlands,HUMAN_OBSERVATION
52.96,4.73,1950,9,Netherlands,HUMAN_OBSERVATION
52.96,4.73,1950,11,Netherlands,HUMAN_OBSERVATION
52.96,4.73,1949,8,Netherlands,HUMAN_OBSERVATION
52.96,4.73,1949,8,Netherlands,HUMAN_OBSERVATION
52.965686,-5.990703,,,Ireland,HUMAN_OBSERVATION
52.965843,1.205279,2014,9,United Kingdom of Great Britain and Northern Ireland,HUMAN_OBSERVATION
52.966037,0.955064,1993,7,United Kingdom of Great Britain and Northern Ireland,HUMAN_OBSERVATION
52.966736,0.926812,2015,10,United Kingdom of Great Britain and Northern Ireland,HUMAN_OBSERVATION
52.967261,-0.011407,1997,8,United Kingdom of Great Britain and Northern Ireland,HUMAN_OBSERVATION
52.967261,-0.011407,1995,1,United Kingdom of Great Britain and Northern Ireland,HUMAN_OBSERVATION
52.967261,-0.011407,1995,8,United Kingdom of Great Britain and Northern Ireland,HUMAN_OBSERVATION
52.967498,1.041479,2015,9,United Kingdom of Great Britain and Northern Ireland,HUMAN_OBSERVATION
52.967499,0.968569,1993,7,United Kingdom of Great Britain and Northern Ireland,HUMAN_OBSERVATION
52.967499,0.968569,1993,7,United Kingdom of Great Britain and Northern Ireland,HUMAN_OBSERVATION
52.967499,0.968569,1993,7,United Kingdom of Great Britain and Northern Ireland,HUMAN_OBSERVATION
52.970895,0.9405,1993,7,United Kingdom of Great Britain and Northern Ireland,HUMAN_OBSERVATION
52.970941,0.974763,1993,7,United Kingdom of Great Britain and Northern Ireland,HUMAN_OBSERVATION
52.970941,0.974763,1993,7,United Kingdom of Great Britain and Northern Ireland,HUMAN_OBSERVATION
52.975179,0.51922,1997,9,United Kingdom of Great Britain and Northern Ireland,HUMAN_OBSERVATION
52.975179,0.51922,1997,9,United Kingdom of Great Britain and Northern Ireland,HUMAN_OBSERVATION
52.975856,0.529686,1997,9,United Kingdom of Great Britain and Northern Ireland,HUMAN_OBSERVATION
52.976787,0.672003,1993,7,United Kingdom of Great Britain and Northern Ireland,HUMAN_OBSERVATION
52.976829,0.812411,2017,2,United Kingdom of Great Britain and Northern Ireland,HUMAN_OBSERVATION
52.976881,0.523788,1997,9,United Kingdom of Great Britain and Northern Ireland,HUMAN_OBSERVATION
52.977232,0.902196,1993,7,United Kingdom of Great Britain and Northern Ireland,HUMAN_OBSERVATION
52.978342,0.702639,1993,7,United Kingdom of Great Britain and Northern Ireland,HUMAN_OBSERVATION
52.978437,0.597619,2018,3,United Kingdom of Great Britain and Northern Ireland,HUMAN_OBSERVATION
52.979082,0.66991,1993,7,United Kingdom of Great Britain and Northern Ireland,HUMAN_OBSERVATION
52.979082,0.66991,1993,7,United Kingdom of Great Britain and Northern Ireland,HUMAN_OBSERVATION
52.979082,0.66991,1993,7,United Kingdom of Great Britain and Northern Ireland,HUMAN_OBSERVATION
52.986232,0.671842,1993,7,United Kingdom of Great Britain and Northern Ireland,HUMAN_OBSERVATION
52.986266,0.670354,2015,7,United Kingdom of Great Britain and Northern Ireland,HUMAN_OBSERVATION
52.986266,0.670354,2015,7,United Kingdom of Great Britain and Northern Ireland,HUMAN_OBSERVATION
52.986266,0.670354,2015,7,United Kingdom of Great Britain and Northern Ireland,HUMAN_OBSERVATION
52.99808,-4.411675,2004,,United Kingdom of Great Britain and Northern Ireland,HUMAN_OBSERVATION
52.999725,-4.419219,2004,,United Kingdom of Great Britain and Northern Ireland,HUMAN_OBSERVATION
53.000098,-4.422966,2004,,United Kingdom of Great Britain and Northern Ireland,HUMAN_OBSERVATION
53.000532,-4.423735,1995,6,United Kingdom of Great Britain and Northern Ireland,HUMAN_OBSERVATION
53.000865,-4.407359,2004,,United Kingdom of Great Britain and Northern Ireland,HUMAN_OBSERVATION
53.000865,-4.407359,2004,,United Kingdom of Great Britain and Northern Ireland,HUMAN_OBSERVATION
53.024136,4.709658,2018,8,Netherlands,HUMAN_OBSERVATION
53.036619,4.850431,2025,2,Netherlands,HUMAN_OBSERVATION
53.046154,-4.345728,,,United Kingdom of Great Britain and Northern Ireland,HUMAN_OBSERVATION
53.049835,-4.341452,1995,7,United Kingdom of Great Britain and Northern Ireland,HUMAN_OBSERVATION
53.05,5.3,2018,10,Netherlands,HUMAN_OBSERVATION
53.069686,-4.314912,2001,7,United Kingdom of Great Britain and Northern Ireland,HUMAN_OBSERVATION
53.069686,-4.314912,,,United Kingdom of Great Britain and Northern Ireland,HUMAN_OBSERVATION
53.069686,-4.314912,,,United Kingdom of Great Britain and Northern Ireland,HUMAN_OBSERVATION
53.075042,-4.339834,,,United Kingdom of Great Britain and Northern Ireland,HUMAN_OBSERVATION
53.085551,0.331272,2017,8,United Kingdom of Great Britain and Northern Ireland,HUMAN_OBSERVATION
53.1,4.7,2017,8,Netherlands,HUMAN_OBSERVATION
53.1,4.7,2006,2,Netherlands,HUMAN_OBSERVATION
53.1,4.7,1990,2,Netherlands,HUMAN_OBSERVATION
53.1,4.7,1958,8,Netherlands,HUMAN_OBSERVATION
53.1,4.7,1951,9,Netherlands,HUMAN_OBSERVATION
53.1,5.35,2018,10,Netherlands,HUMAN_OBSERVATION
53.11245,-4.31198,2001,7,United Kingdom of Great Britain and Northern Ireland,HUMAN_OBSERVATION
53.115145,-4.312125,2001,7,United Kingdom of Great Britain and Northern Ireland,HUMAN_OBSERVATION
53.117609,-4.329091,2004,8,United Kingdom of Great Britain and Northern Ireland,HUMAN_OBSERVATION
53.117963,-4.327556,2004,8,United Kingdom of Great Britain and Northern Ireland,HUMAN_OBSERVATION
53.118446,-4.327247,2001,7,United Kingdom of Great Britain and Northern Ireland,HUMAN_OBSERVATION
53.120534,-4.312414,2001,7,United Kingdom of Great Britain and Northern Ireland,HUMAN_OBSERVATION
53.120803,-9.158302,2021,1,Ireland,HUMAN_OBSERVATION
53.121262,-9.157567,2021,1,Ireland,HUMAN_OBSERVATION
53.121277,-9.156074,2024,12,Ireland,HUMAN_OBSERVATION
53.12137,-9.157237,2022,7,Ireland,HUMAN_OBSERVATION
53.121403,-4.313955,2001,7,United Kingdom of Great Britain and Northern Ireland,HUMAN_OBSERVATION
53.121417,-9.289563,2015,6,Ireland,HUMAN_OBSERVATION
53.123411,-9.071733,2021,1,Ireland,HUMAN_OBSERVATION
53.12387,-9.070998,2021,1,Ireland,HUMAN_OBSERVATION
53.124626,-9.762677,2016,6,Ireland,HUMAN_OBSERVATION
53.128326,-4.327781,,,United Kingdom of Great Britain and Northern Ireland,HUMAN_OBSERVATION
53.12962,-9.129406,2022,3,Ireland,HUMAN_OBSERVATION
53.130093,-4.329371,,,United Kingdom of Great Britain and Northern Ireland,HUMAN_OBSERVATION
53.130093,-4.329371,,,United Kingdom of Great Britain and Northern Ireland,HUMAN_OBSERVATION
53.130492,-4.354806,1996,7,United Kingdom of Great Britain and Northern Ireland,HUMAN_OBSERVATION
53.130492,-4.354806,1996,7,United Kingdom of Great Britain and Northern Ireland,HUMAN_OBSERVATION
53.131512,-4.305446,2005,5,United Kingdom of Great Britain and Northern Ireland,HUMAN_OBSERVATION
53.131512,-4.305446,2005,5,United Kingdom of Great Britain and Northern Ireland,HUMAN_OBSERVATION
53.131532,-4.305342,2005,5,United Kingdom of Great Britain and Northern Ireland,HUMAN_OBSERVATION
53.131552,-4.305209,2005,5,United Kingdom of Great Britain and Northern Ireland,HUMAN_OBSERVATION
53.131552,-4.305209,2005,5,United Kingdom of Great Britain and Northern Ireland,HUMAN_OBSERVATION
53.13157,-4.306653,2002,9,United Kingdom of Great Britain and Northern Ireland,HUMAN_OBSERVATION
53.131606,-4.305227,2005,5,United Kingdom of Great Britain and Northern Ireland,HUMAN_OBSERVATION
53.131608,-4.305107,2005,5,United Kingdom of Great Britain and Northern Ireland,HUMAN_OBSERVATION
53.131608,-4.305107,2005,5,United Kingdom of Great Britain and Northern Ireland,HUMAN_OBSERVATION
53.131683,-4.304513,2005,5,United Kingdom of Great Britain and Northern Ireland,HUMAN_OBSERVATION
53.131683,-4.304513,2005,5,United Kingdom of Great Britain and Northern Ireland,HUMAN_OBSERVATION
53.131691,-4.304528,2005,5,United Kingdom of Great Britain and Northern Ireland,HUMAN_OBSERVATION
53.131709,-4.304978,2005,5,United Kingdom of Great Britain and Northern Ireland,HUMAN_OBSERVATION
53.131709,-4.304978,2005,5,United Kingdom of Great Britain and Northern Ireland,HUMAN_OBSERVATION
53.131753,-4.304577,2005,5,United Kingdom of Great Britain and Northern Ireland,HUMAN_OBSERVATION
53.131753,-4.304577,2005,5,United Kingdom of Great Britain and Northern Ireland,HUMAN_OBSERVATION
53.131754,-4.304547,2005,5,United Kingdom of Great Britain and Northern Ireland,HUMAN_OBSERVATION
53.131754,-4.304547,2005,5,United Kingdom of Great Britain and Northern Ireland,HUMAN_OBSERVATION
53.131754,-4.304532,2005,5,United Kingdom of Great Britain and Northern Ireland,HUMAN_OBSERVATION
53.131754,-4.304532,2005,5,United Kingdom of Great Britain and Northern Ireland,HUMAN_OBSERVATION
53.131756,-4.304906,2005,5,United Kingdom of Great Britain and Northern Ireland,HUMAN_OBSERVATION
53.131756,-4.304906,2005,5,United Kingdom of Great Britain and Northern Ireland,HUMAN_OBSERVATION
53.131763,-4.304996,2005,5,United Kingdom of Great Britain and Northern Ireland,HUMAN_OBSERVATION
53.131806,-4.305118,2005,5,United Kingdom of Great Britain and Northern Ireland,HUMAN_OBSERVATION
53.131828,-4.303983,2005,5,United Kingdom of Great Britain and Northern Ireland,HUMAN_OBSERVATION
53.131828,-4.303983,2005,5,United Kingdom of Great Britain and Northern Ireland,HUMAN_OBSERVATION
53.131846,-4.303954,2005,5,United Kingdom of Great Britain and Northern Ireland,HUMAN_OBSERVATION
53.131864,-4.303955,2005,5,United Kingdom of Great Britain and Northern Ireland,HUMAN_OBSERVATION
53.131898,-4.304076,2005,5,United Kingdom of Great Britain and Northern Ireland,HUMAN_OBSERVATION
53.131898,-4.304076,2005,5,United Kingdom of Great Britain and Northern Ireland,HUMAN_OBSERVATION
53.131902,-4.303867,2005,5,United Kingdom of Great Britain and Northern Ireland,HUMAN_OBSERVATION
53.131902,-4.303867,2005,5,United Kingdom of Great Britain and Northern Ireland,HUMAN_OBSERVATION
53.13194,-4.303764,2005,5,United Kingdom of Great Britain and Northern Ireland,HUMAN_OBSERVATION
53.134683,-4.414838,1996,7,United Kingdom of Great Britain and Northern Ireland,HUMAN_OBSERVATION
53.13654,-4.411951,1996,7,United Kingdom of Great Britain and Northern Ireland,HUMAN_OBSERVATION
53.13654,-4.411951,1996,7,United Kingdom of Great Britain and Northern Ireland,HUMAN_OBSERVATION
53.13654,-4.411951,1996,7,United Kingdom of Great Britain and Northern Ireland,HUMAN_OBSERVATION
53.13893,-4.290975,1992,,United Kingdom of Great Britain and Northern Ireland,HUMAN_OBSERVATION
53.141512,-4.388305,2015,9,United Kingdom of Great Britain and Northern Ireland,HUMAN_OBSERVATION
53.14293,-4.275335,2014,6,United Kingdom of Great Britain and Northern Ireland,HUMAN_OBSERVATION
53.14308,-4.275418,2011,7,United Kingdom of Great Britain and Northern Ireland,HUMAN_OBSERVATION
53.143189,-4.39438,,,United Kingdom of Great Britain and Northern Ireland,HUMAN_OBSERVATION
53.143682,-4.324125,,,United Kingdom of Great Britain and Northern Ireland,HUMAN_OBSERVATION
53.143876,-4.404886,,,United Kingdom of Great Britain and Northern Ireland,HUMAN_OBSERVATION
53.143996,-4.398911,,,United Kingdom of Great Britain and Northern Ireland,HUMAN_OBSERVATION
53.146175,-4.311549,,,United Kingdom of Great Britain and Northern Ireland,HUMAN_OBSERVATION
53.148027,-4.331838,,,United Kingdom of Great Britain and Northern Ireland,HUMAN_OBSERVATION
53.15,4.85,2022,2,Netherlands,HUMAN_OBSERVATION
53.15,4.85,2021,2,Netherlands,HUMAN_OBSERVATION
53.150439,-9.006437,2014,3,Ireland,HUMAN_OBSERVATION
53.150578,-4.293091,,,United Kingdom of Great Britain and Northern Ireland,HUMAN_OBSERVATION
53.150702,-9.007207,2014,3,Ireland,MATERIAL_SAMPLE
53.150702,-9.007207,2014,3,Ireland,MATERIAL_SAMPLE
53.154343,-4.284317,,,United Kingdom of Great Britain and Northern Ireland,HUMAN_OBSERVATION
53.154345,0.353949,2017,12,United Kingdom of Great Britain and Northern Ireland,HUMAN_OBSERVATION
53.155733,-4.282147,,,United Kingdom of Great Britain and Northern Ireland,HUMAN_OBSERVATION
53.156081,-4.33377,,,United Kingdom of Great Britain and Northern Ireland,HUMAN_OBSERVATION
53.156168,-4.282918,1992,,United Kingdom of Great Britain and Northern Ireland,HUMAN_OBSERVATION
53.15805,-4.278531,2000,9,United Kingdom of Great Britain and Northern Ireland,HUMAN_OBSERVATION
53.159502,-4.319745,,,United Kingdom of Great Britain and Northern Ireland,HUMAN_OBSERVATION
53.16206,-4.417123,,,United Kingdom of Great Britain and Northern Ireland,HUMAN_OBSERVATION
53.16232,-4.170299,1999,5,United Kingdom of Great Britain and Northern Ireland,HUMAN_OBSERVATION
53.16232,-4.170299,1999,6,United Kingdom of Great Britain and Northern Ireland,HUMAN_OBSERVATION
53.16232,-4.170299,1999,6,United Kingdom of Great Britain and Northern Ireland,HUMAN_OBSERVATION
53.16232,-4.170299,,,United Kingdom of Great Britain and Northern Ireland,HUMAN_OBSERVATION
53.163236,-8.986754,2016,,Ireland,HUMAN_OBSERVATION
53.167032,-9.067586,2016,,Ireland,HUMAN_OBSERVATION
53.175374,-4.248808,2010,7,United Kingdom of Great Britain and Northern Ireland,HUMAN_OBSERVATION
53.175374,-4.248808,2010,7,United Kingdom of Great Britain and Northern Ireland,HUMAN_OBSERVATION
53.175374,-4.248808,2010,7,United Kingdom of Great Britain and Northern Ireland,HUMAN_OBSERVATION
53.175392,-4.248809,2014,7,United Kingdom of Great Britain and Northern Ireland,HUMAN_OBSERVATION
53.175392,-4.248809,2014,7,United Kingdom of Great Britain and Northern Ireland,HUMAN_OBSERVATION
53.175392,-4.248809,2014,7,United Kingdom of Great Britain and Northern Ireland,HUMAN_OBSERVATION
53.175392,-4.248809,2014,7,United Kingdom of Great Britain and Northern Ireland,HUMAN_OBSERVATION
53.175392,-4.248809,2014,7,United Kingdom of Great Britain and Northern Ireland,HUMAN_OBSERVATION
53.175392,-4.248809,2014,7,United Kingdom of Great Britain and Northern Ireland,HUMAN_OBSERVATION
53.175392,-4.248809,2014,7,United Kingdom of Great Britain and Northern Ireland,HUMAN_OBSERVATION
53.175392,-4.248809,2014,7,United Kingdom of Great Britain and Northern Ireland,HUMAN_OBSERVATION
53.175392,-4.248809,2014,7,United Kingdom of Great Britain and Northern Ireland,HUMAN_OBSERVATION
53.175392,-4.248809,2014,7,United Kingdom of Great Britain and Northern Ireland,HUMAN_OBSERVATION
53.175392,-4.248809,2014,7,United Kingdom of Great Britain and Northern Ireland,HUMAN_OBSERVATION
53.175392,-4.248809,2014,7,United Kingdom of Great Britain and Northern Ireland,HUMAN_OBSERVATION
53.175392,-4.248809,2014,7,United Kingdom of Great Britain and Northern Ireland,HUMAN_OBSERVATION
53.175392,-4.248809,2014,7,United Kingdom of Great Britain and Northern Ireland,HUMAN_OBSERVATION
53.175392,-4.248809,2014,7,United Kingdom of Great Britain and Northern Ireland,HUMAN_OBSERVATION
53.175392,-4.248809,2014,7,United Kingdom of Great Britain and Northern Ireland,HUMAN_OBSERVATION
53.175392,-4.248809,2014,7,United Kingdom of Great Britain and Northern Ireland,HUMAN_OBSERVATION
53.175392,-4.248809,2014,7,United Kingdom of Great Britain and Northern Ireland,HUMAN_OBSERVATION
53.175392,-4.248809,2014,7,United Kingdom of Great Britain and Northern Ireland,HUMAN_OBSERVATION
53.175392,-4.248809,2014,7,United Kingdom of Great Britain and Northern Ireland,HUMAN_OBSERVATION
53.175392,-4.248809,2014,7,United Kingdom of Great Britain and Northern Ireland,HUMAN_OBSERVATION
53.175392,-4.248809,2014,7,United Kingdom of Great Britain and Northern Ireland,HUMAN_OBSERVATION
53.175392,-4.248809,2013,6,United Kingdom of Great Britain and Northern Ireland,HUMAN_OBSERVATION
53.175392,-4.248809,2013,6,United Kingdom of Great Britain and Northern Ireland,HUMAN_OBSERVATION
53.175392,-4.248809,2013,6,United Kingdom of Great Britain and Northern Ireland,HUMAN_OBSERVATION
53.175392,-4.248809,2013,6,United Kingdom of Great Britain and Northern Ireland,HUMAN_OBSERVATION
53.175392,-4.248809,2013,6,United Kingdom of Great Britain and Northern Ireland,HUMAN_OBSERVATION
53.175392,-4.248809,2013,6,United Kingdom of Great Britain and Northern Ireland,HUMAN_OBSERVATION
53.175392,-4.248809,2013,6,United Kingdom of Great Britain and Northern Ireland,HUMAN_OBSERVATION
53.175392,-4.248809,2013,6,United Kingdom of Great Britain and Northern Ireland,HUMAN_OBSERVATION
53.175392,-4.248809,2013,6,United Kingdom of Great Britain and Northern Ireland,HUMAN_OBSERVATION
53.175392,-4.248809,2013,6,United Kingdom of Great Britain and Northern Ireland,HUMAN_OBSERVATION
53.175392,-4.248809,2013,6,United Kingdom of Great Britain and Northern Ireland,HUMAN_OBSERVATION
53.175392,-4.248809,2013,6,United Kingdom of Great Britain and Northern Ireland,HUMAN_OBSERVATION
53.176172,-4.247473,2014,7,United Kingdom of Great Britain and Northern Ireland,HUMAN_OBSERVATION
53.176172,-4.247473,2014,7,United Kingdom of Great Britain and Northern Ireland,HUMAN_OBSERVATION
53.176172,-4.247473,2014,7,United Kingdom of Great Britain and Northern Ireland,HUMAN_OBSERVATION
53.176172,-4.247473,2014,7,United Kingdom of Great Britain and Northern Ireland,HUMAN_OBSERVATION
53.176172,-4.247473,2014,7,United Kingdom of Great Britain and Northern Ireland,HUMAN_OBSERVATION
53.176172,-4.247473,2014,7,United Kingdom of Great Britain and Northern Ireland,HUMAN_OBSERVATION
53.176172,-4.247473,2014,7,United Kingdom of Great Britain and Northern Ireland,HUMAN_OBSERVATION
53.176172,-4.247473,2014,7,United Kingdom of Great Britain and Northern Ireland,HUMAN_OBSERVATION
53.176172,-4.247473,2014,7,United Kingdom of Great Britain and Northern Ireland,HUMAN_OBSERVATION
53.176172,-4.247473,2014,7,United Kingdom of Great Britain and Northern Ireland,HUMAN_OBSERVATION
53.176172,-4.247473,2014,7,United Kingdom of Great Britain and Northern Ireland,HUMAN_OBSERVATION
53.176172,-4.247473,2014,7,United Kingdom of Great Britain and Northern Ireland,HUMAN_OBSERVATION
53.176172,-4.247473,2014,7,United Kingdom of Great Britain and Northern Ireland,HUMAN_OBSERVATION
53.176172,-4.247473,2014,7,United Kingdom of Great Britain and Northern Ireland,HUMAN_OBSERVATION
53.176172,-4.247473,2014,7,United Kingdom of Great Britain and Northern Ireland,HUMAN_OBSERVATION
53.176172,-4.247473,2013,6,United Kingdom of Great Britain and Northern Ireland,HUMAN_OBSERVATION
53.176172,-4.247473,2009,6,United Kingdom of Great Britain and Northern Ireland,HUMAN_OBSERVATION
53.176611,-4.248089,2000,9,United Kingdom of Great Britain and Northern Ireland,HUMAN_OBSERVATION
53.176639,-4.246594,2000,9,United Kingdom of Great Britain and Northern Ireland,HUMAN_OBSERVATION
53.178115,-2.974001,2002,7,United Kingdom of Great Britain and Northern Ireland,HUMAN_OBSERVATION
53.178616,-4.260914,2000,9,United Kingdom of Great Britain and Northern Ireland,HUMAN_OBSERVATION
53.180384,-4.232413,2014,7,United Kingdom of Great Britain and Northern Ireland,HUMAN_OBSERVATION
53.180384,-4.232413,2014,7,United Kingdom of Great Britain and Northern Ireland,HUMAN_OBSERVATION
53.180384,-4.232413,2014,7,United Kingdom of Great Britain and Northern Ireland,HUMAN_OBSERVATION
53.180384,-4.232413,2014,7,United Kingdom of Great Britain and Northern Ireland,HUMAN_OBSERVATION
53.180384,-4.232413,2014,7,United Kingdom of Great Britain and Northern Ireland,HUMAN_OBSERVATION
53.184364,-4.490973,,,United Kingdom of Great Britain and Northern Ireland,HUMAN_OBSERVATION
53.185271,-8.964112,,,Ireland,HUMAN_OBSERVATION
53.1856,-4.209228,2011,7,United Kingdom of Great Britain and Northern Ireland,HUMAN_OBSERVATION
53.18564,-4.20896,2014,6,United Kingdom of Great Britain and Northern Ireland,HUMAN_OBSERVATION
53.186182,-4.217156,,,United Kingdom of Great Britain and Northern Ireland,HUMAN_OBSERVATION
53.190721,-4.209897,2013,6,United Kingdom of Great Britain and Northern Ireland,HUMAN_OBSERVATION
53.190721,-4.209897,2013,6,United Kingdom of Great Britain and Northern Ireland,HUMAN_OBSERVATION
53.190721,-4.209897,2013,6,United Kingdom of Great Britain and Northern Ireland,HUMAN_OBSERVATION
53.190721,-4.209897,2013,6,United Kingdom of Great Britain and Northern Ireland,HUMAN_OBSERVATION
53.190721,-4.209897,2013,6,United Kingdom of Great Britain and Northern Ireland,HUMAN_OBSERVATION
53.190721,-4.209897,2013,6,United Kingdom of Great Britain and Northern Ireland,HUMAN_OBSERVATION
53.190721,-4.209897,2012,7,United Kingdom of Great Britain and Northern Ireland,HUMAN_OBSERVATION
53.190721,-4.209897,2012,7,United Kingdom of Great Britain and Northern Ireland,HUMAN_OBSERVATION
53.190721,-4.209897,2012,7,United Kingdom of Great Britain and Northern Ireland,HUMAN_OBSERVATION
53.190721,-4.209897,2012,7,United Kingdom of Great Britain and Northern Ireland,HUMAN_OBSERVATION
53.190721,-4.209897,2012,7,United Kingdom of Great Britain and Northern Ireland,HUMAN_OBSERVATION
53.190721,-4.209897,2012,7,United Kingdom of Great Britain and Northern Ireland,HUMAN_OBSERVATION
53.190721,-4.209897,2012,7,United Kingdom of Great Britain and Northern Ireland,HUMAN_OBSERVATION
53.190721,-4.209897,2012,7,United Kingdom of Great Britain and Northern Ireland,HUMAN_OBSERVATION
53.190721,-4.209897,2012,7,United Kingdom of Great Britain and Northern Ireland,HUMAN_OBSERVATION
53.190721,-4.209897,2012,7,United Kingdom of Great Britain and Northern Ireland,HUMAN_OBSERVATION
53.190721,-4.209897,2009,6,United Kingdom of Great Britain and Northern Ireland,HUMAN_OBSERVATION
53.190721,-4.209897,2009,6,United Kingdom of Great Britain and Northern Ireland,HUMAN_OBSERVATION
53.190721,-4.209897,2009,6,United Kingdom of Great Britain and Northern Ireland,HUMAN_OBSERVATION
53.190721,-4.209897,2008,6,United Kingdom of Great Britain and Northern Ireland,HUMAN_OBSERVATION
53.190721,-4.209897,2008,6,United Kingdom of Great Britain and Northern Ireland,HUMAN_OBSERVATION
53.190721,-4.209897,2008,6,United Kingdom of Great Britain and Northern Ireland,HUMAN_OBSERVATION
53.190721,-4.209897,2008,6,United Kingdom of Great Britain and Northern Ireland,HUMAN_OBSERVATION
53.190721,-4.209897,2005,5,United Kingdom of Great Britain and Northern Ireland,HUMAN_OBSERVATION
53.19073,-4.209897,2014,7,United Kingdom of Great Britain and Northern Ireland,HUMAN_OBSERVATION
53.19073,-4.209897,2014,7,United Kingdom of Great Britain and Northern Ireland,HUMAN_OBSERVATION
53.19073,-4.209897,2014,7,United Kingdom of Great Britain and Northern Ireland,HUMAN_OBSERVATION
53.19073,-4.209897,2014,7,United Kingdom of Great Britain and Northern Ireland,HUMAN_OBSERVATION
53.19073,-4.209897,2014,7,United Kingdom of Great Britain and Northern Ireland,HUMAN_OBSERVATION
53.19073,-4.209897,2014,7,United Kingdom of Great Britain and Northern Ireland,HUMAN_OBSERVATION
53.19073,-4.209897,2010,7,United Kingdom of Great Britain and Northern Ireland,HUMAN_OBSERVATION
53.19073,-4.209897,2010,7,United Kingdom of Great Britain and Northern Ireland,HUMAN_OBSERVATION
53.19073,-4.209897,2010,7,United Kingdom of Great Britain and Northern Ireland,HUMAN_OBSERVATION
53.19073,-4.209897,2010,7,United Kingdom of Great Britain and Northern Ireland,HUMAN_OBSERVATION
53.19073,-4.209897,2005,5,United Kingdom of Great Britain and Northern Ireland,HUMAN_OBSERVATION
53.192119,-4.209684,2005,5,United Kingdom of Great Britain and Northern Ireland,HUMAN_OBSERVATION
53.192119,-4.209684,2005,5,United Kingdom of Great Britain and Northern Ireland,HUMAN_OBSERVATION
53.192209,-4.209644,2005,5,United Kingdom of Great Britain and Northern Ireland,HUMAN_OBSERVATION
53.19221,-4.209614,2013,6,United Kingdom of Great Britain and Northern Ireland,HUMAN_OBSERVATION
53.19221,-4.209614,2013,6,United Kingdom of Great Britain and Northern Ireland,HUMAN_OBSERVATION
53.19221,-4.209614,2013,6,United Kingdom of Great Britain and Northern Ireland,HUMAN_OBSERVATION
53.19221,-4.209614,2013,6,United Kingdom of Great Britain and Northern Ireland,HUMAN_OBSERVATION
53.19221,-4.209614,2013,6,United Kingdom of Great Britain and Northern Ireland,HUMAN_OBSERVATION
53.19221,-4.209614,2013,6,United Kingdom of Great Britain and Northern Ireland,HUMAN_OBSERVATION
53.19221,-4.209614,2013,6,United Kingdom of Great Britain and Northern Ireland,HUMAN_OBSERVATION
53.19221,-4.209614,2013,6,United Kingdom of Great Britain and Northern Ireland,HUMAN_OBSERVATION
53.19221,-4.209614,2012,7,United Kingdom of Great Britain and Northern Ireland,HUMAN_OBSERVATION
53.19221,-4.209614,2012,7,United Kingdom of Great Britain and Northern Ireland,HUMAN_OBSERVATION
53.19221,-4.209614,2012,7,United Kingdom of Great Britain and Northern Ireland,HUMAN_OBSERVATION
53.19221,-4.209614,2012,7,United Kingdom of Great Britain and Northern Ireland,HUMAN_OBSERVATION
53.19221,-4.209614,2012,7,United Kingdom of Great Britain and Northern Ireland,HUMAN_OBSERVATION
53.19221,-4.209614,2012,7,United Kingdom of Great Britain and Northern Ireland,HUMAN_OBSERVATION
53.19221,-4.209614,2012,7,United Kingdom of Great Britain and Northern Ireland,HUMAN_OBSERVATION
53.19221,-4.209614,2010,7,United Kingdom of Great Britain and Northern Ireland,HUMAN_OBSERVATION
53.19221,-4.209614,2010,7,United Kingdom of Great Britain and Northern Ireland,HUMAN_OBSERVATION
53.19221,-4.209614,2010,7,United Kingdom of Great Britain and Northern Ireland,HUMAN_OBSERVATION
53.19221,-4.209614,2010,7,United Kingdom of Great Britain and Northern Ireland,HUMAN_OBSERVATION
53.19221,-4.209614,2010,7,United Kingdom of Great Britain and Northern Ireland,HUMAN_OBSERVATION
53.19221,-4.209614,2010,7,United Kingdom of Great Britain and Northern Ireland,HUMAN_OBSERVATION
53.19221,-4.209614,2009,6,United Kingdom of Great Britain and Northern Ireland,HUMAN_OBSERVATION
53.19221,-4.209614,2009,6,United Kingdom of Great Britain and Northern Ireland,HUMAN_OBSERVATION
53.19221,-4.209614,2009,6,United Kingdom of Great Britain and Northern Ireland,HUMAN_OBSERVATION
53.19221,-4.209614,2009,6,United Kingdom of Great Britain and Northern Ireland,HUMAN_OBSERVATION
53.19221,-4.209614,2009,6,United Kingdom of Great Britain and Northern Ireland,HUMAN_OBSERVATION
53.19221,-4.209614,2009,6,United Kingdom of Great Britain and Northern Ireland,HUMAN_OBSERVATION
53.19221,-4.209614,2009,6,United Kingdom of Great Britain and Northern Ireland,HUMAN_OBSERVATION
53.19221,-4.209614,2009,6,United Kingdom of Great Britain and Northern Ireland,HUMAN_OBSERVATION
53.19221,-4.209614,2009,6,United Kingdom of Great Britain and Northern Ireland,HUMAN_OBSERVATION
53.19221,-4.209614,2009,6,United Kingdom of Great Britain and Northern Ireland,HUMAN_OBSERVATION
53.19221,-4.209614,2009,6,United Kingdom of Great Britain and Northern Ireland,HUMAN_OBSERVATION
53.19221,-4.209614,2009,6,United Kingdom of Great Britain and Northern Ireland,HUMAN_OBSERVATION
53.19221,-4.209614,2008,6,United Kingdom of Great Britain and Northern Ireland,HUMAN_OBSERVATION
53.19221,-4.209614,2008,6,United Kingdom of Great Britain and Northern Ireland,HUMAN_OBSERVATION
53.19221,-4.209614,2008,6,United Kingdom of Great Britain and Northern Ireland,HUMAN_OBSERVATION
53.19221,-4.209614,2008,6,United Kingdom of Great Britain and Northern Ireland,HUMAN_OBSERVATION
53.19221,-4.209614,2008,6,United Kingdom of Great Britain and Northern Ireland,HUMAN_OBSERVATION
53.19221,-4.209614,2008,6,United Kingdom of Great Britain and Northern Ireland,HUMAN_OBSERVATION
53.19221,-4.209614,2008,6,United Kingdom of Great Britain and Northern Ireland,HUMAN_OBSERVATION
53.19221,-4.209614,2008,6,United Kingdom of Great Britain and Northern Ireland,HUMAN_OBSERVATION
53.19221,-4.209614,2008,6,United Kingdom of Great Britain and Northern Ireland,HUMAN_OBSERVATION
53.19221,-4.209614,2008,6,United Kingdom of Great Britain and Northern Ireland,HUMAN_OBSERVATION
53.19221,-4.209614,2008,6,United Kingdom of Great Britain and Northern Ireland,HUMAN_OBSERVATION
53.19221,-4.209614,2008,6,United Kingdom of Great Britain and Northern Ireland,HUMAN_OBSERVATION
53.19221,-4.209614,2008,6,United Kingdom of Great Britain and Northern Ireland,HUMAN_OBSERVATION
53.19221,-4.209614,2008,6,United Kingdom of Great Britain and Northern Ireland,HUMAN_OBSERVATION
53.19221,-4.209614,2008,6,United Kingdom of Great Britain and Northern Ireland,HUMAN_OBSERVATION
53.19221,-4.209614,2008,6,United Kingdom of Great Britain and Northern Ireland,HUMAN_OBSERVATION
53.19221,-4.209614,2008,6,United Kingdom of Great Britain and Northern Ireland,HUMAN_OBSERVATION
53.19221,-4.209614,2008,6,United Kingdom of Great Britain and Northern Ireland,HUMAN_OBSERVATION
53.19221,-4.209614,2008,6,United Kingdom of Great Britain and Northern Ireland,HUMAN_OBSERVATION
53.19221,-4.209614,2008,6,United Kingdom of Great Britain and Northern Ireland,HUMAN_OBSERVATION
53.19221,-4.209614,2008,6,United Kingdom of Great Britain and Northern Ireland,HUMAN_OBSERVATION
53.19221,-4.209614,2008,6,United Kingdom of Great Britain and Northern Ireland,HUMAN_OBSERVATION
53.19221,-4.209614,2008,6,United Kingdom of Great Britain and Northern Ireland,HUMAN_OBSERVATION
53.19221,-4.209614,2008,6,United Kingdom of Great Britain and Northern Ireland,HUMAN_OBSERVATION
53.19221,-4.209614,2008,6,United Kingdom of Great Britain and Northern Ireland,HUMAN_OBSERVATION
53.192236,-4.209645,2005,5,United Kingdom of Great Britain and Northern Ireland,HUMAN_OBSERVATION
53.192236,-4.209645,2005,5,United Kingdom of Great Britain and Northern Ireland,HUMAN_OBSERVATION
53.194198,-4.209057,2005,5,United Kingdom of Great Britain and Northern Ireland,HUMAN_OBSERVATION
53.194217,-4.209013,2013,6,United Kingdom of Great Britain and Northern Ireland,HUMAN_OBSERVATION
53.194217,-4.209013,2013,6,United Kingdom of Great Britain and Northern Ireland,HUMAN_OBSERVATION
53.194217,-4.209013,2013,6,United Kingdom of Great Britain and Northern Ireland,HUMAN_OBSERVATION
53.194217,-4.209013,2013,6,United Kingdom of Great Britain and Northern Ireland,HUMAN_OBSERVATION
53.194217,-4.209013,2013,6,United Kingdom of Great Britain and Northern Ireland,HUMAN_OBSERVATION
53.194217,-4.209013,2013,6,United Kingdom of Great Britain and Northern Ireland,HUMAN_OBSERVATION
53.194217,-4.209013,2013,6,United Kingdom of Great Britain and Northern Ireland,HUMAN_OBSERVATION
53.194217,-4.209013,2013,6,United Kingdom of Great Britain and Northern Ireland,HUMAN_OBSERVATION
53.194217,-4.209013,2013,6,United Kingdom of Great Britain and Northern Ireland,HUMAN_OBSERVATION
53.194217,-4.209013,2013,6,United Kingdom of Great Britain and Northern Ireland,HUMAN_OBSERVATION
53.194217,-4.209013,2013,6,United Kingdom of Great Britain and Northern Ireland,HUMAN_OBSERVATION
53.194217,-4.209013,2013,6,United Kingdom of Great Britain and Northern Ireland,HUMAN_OBSERVATION
53.194217,-4.209013,2013,6,United Kingdom of Great Britain and Northern Ireland,HUMAN_OBSERVATION
53.194217,-4.209013,2013,6,United Kingdom of Great Britain and Northern Ireland,HUMAN_OBSERVATION
53.194217,-4.209013,2012,7,United Kingdom of Great Britain and Northern Ireland,HUMAN_OBSERVATION
53.194217,-4.209013,2012,7,United Kingdom of Great Britain and Northern Ireland,HUMAN_OBSERVATION
53.194217,-4.209013,2012,7,United Kingdom of Great Britain and Northern Ireland,HUMAN_OBSERVATION
53.194217,-4.209013,2012,7,United Kingdom of Great Britain and Northern Ireland,HUMAN_OBSERVATION
53.194217,-4.209013,2012,7,United Kingdom of Great Britain and Northern Ireland,HUMAN_OBSERVATION
53.194217,-4.209013,2012,7,United Kingdom of Great Britain and Northern Ireland,HUMAN_OBSERVATION
53.194217,-4.209013,2012,7,United Kingdom of Great Britain and Northern Ireland,HUMAN_OBSERVATION
53.194217,-4.209013,2012,7,United Kingdom of Great Britain and Northern Ireland,HUMAN_OBSERVATION
53.194217,-4.209013,2012,7,United Kingdom of Great Britain and Northern Ireland,HUMAN_OBSERVATION
53.194217,-4.209013,2009,6,United Kingdom of Great Britain and Northern Ireland,HUMAN_OBSERVATION
53.194217,-4.209013,2009,6,United Kingdom of Great Britain and Northern Ireland,HUMAN_OBSERVATION
53.194217,-4.209013,2009,6,United Kingdom of Great Britain and Northern Ireland,HUMAN_OBSERVATION
53.194217,-4.209013,2008,6,United Kingdom of Great Britain and Northern Ireland,HUMAN_OBSERVATION
53.194217,-4.209013,2008,6,United Kingdom of Great Britain and Northern Ireland,HUMAN_OBSERVATION
53.194217,-4.209013,2008,6,United Kingdom of Great Britain and Northern Ireland,HUMAN_OBSERVATION
53.194217,-4.209013,2008,6,United Kingdom of Great Britain and Northern Ireland,HUMAN_OBSERVATION
53.194217,-4.209013,2008,6,United Kingdom of Great Britain and Northern Ireland,HUMAN_OBSERVATION
53.194217,-4.209013,2008,6,United Kingdom of Great Britain and Northern Ireland,HUMAN_OBSERVATION
53.194217,-4.209013,2008,6,United Kingdom of Great Britain and Northern Ireland,HUMAN_OBSERVATION
53.194217,-4.208999,2014,7,United Kingdom of Great Britain and Northern Ireland,HUMAN_OBSERVATION
53.194217,-4.208999,2014,7,United Kingdom of Great Britain and Northern Ireland,HUMAN_OBSERVATION
53.194217,-4.208999,2014,7,United Kingdom of Great Britain and Northern Ireland,HUMAN_OBSERVATION
53.194217,-4.208999,2014,7,United Kingdom of Great Britain and Northern Ireland,HUMAN_OBSERVATION
53.194217,-4.208999,2014,7,United Kingdom of Great Britain and Northern Ireland,HUMAN_OBSERVATION
53.194217,-4.208999,2014,7,United Kingdom of Great Britain and Northern Ireland,HUMAN_OBSERVATION
53.194217,-4.208999,2014,7,United Kingdom of Great Britain and Northern Ireland,HUMAN_OBSERVATION
53.194217,-4.208999,2014,7,United Kingdom of Great Britain and Northern Ireland,HUMAN_OBSERVATION
53.194217,-4.208999,2010,7,United Kingdom of Great Britain and Northern Ireland,HUMAN_OBSERVATION
53.194217,-4.208999,2010,7,United Kingdom of Great Britain and Northern Ireland,HUMAN_OBSERVATION
53.194217,-4.208999,2010,7,United Kingdom of Great Britain and Northern Ireland,HUMAN_OBSERVATION
53.194217,-4.208999,2010,7,United Kingdom of Great Britain and Northern Ireland,HUMAN_OBSERVATION
53.194217,-4.208999,2010,7,United Kingdom of Great Britain and Northern Ireland,HUMAN_OBSERVATION
53.194217,-4.208999,2010,7,United Kingdom of Great Britain and Northern Ireland,HUMAN_OBSERVATION
53.194217,-4.208999,2010,7,United Kingdom of Great Britain and Northern Ireland,HUMAN_OBSERVATION
53.194217,-4.208999,2010,7,United Kingdom of Great Britain and Northern Ireland,HUMAN_OBSERVATION
53.194217,-4.208999,2010,7,United Kingdom of Great Britain and Northern Ireland,HUMAN_OBSERVATION
53.194217,-4.208999,2010,7,United Kingdom of Great Britain and Northern Ireland,HUMAN_OBSERVATION
53.194243,-4.20906,2005,5,United Kingdom of Great Britain and Northern Ireland,HUMAN_OBSERVATION
53.196839,-8.942636,2016,,Ireland,HUMAN_OBSERVATION
53.197297,-4.209202,2005,5,United Kingdom of Great Britain and Northern Ireland,HUMAN_OBSERVATION
53.197326,-4.209128,2005,5,United Kingdom of Great Britain and Northern Ireland,HUMAN_OBSERVATION
53.197326,-4.209128,2005,5,United Kingdom of Great Britain and Northern Ireland,HUMAN_OBSERVATION
53.197334,-4.209174,2013,6,United Kingdom of Great Britain and Northern Ireland,HUMAN_OBSERVATION
53.197334,-4.209174,2013,6,United Kingdom of Great Britain and Northern Ireland,HUMAN_OBSERVATION
53.197334,-4.209174,2013,6,United Kingdom of Great Britain and Northern Ireland,HUMAN_OBSERVATION
53.197334,-4.209174,2013,6,United Kingdom of Great Britain and Northern Ireland,HUMAN_OBSERVATION
53.197334,-4.209174,2013,6,United Kingdom of Great Britain and Northern Ireland,HUMAN_OBSERVATION
53.197334,-4.209174,2013,6,United Kingdom of Great Britain and Northern Ireland,HUMAN_OBSERVATION
53.197334,-4.209174,2013,6,United Kingdom of Great Britain and Northern Ireland,HUMAN_OBSERVATION
53.197334,-4.209174,2013,6,United Kingdom of Great Britain and Northern Ireland,HUMAN_OBSERVATION
53.197334,-4.209174,2013,6,United Kingdom of Great Britain and Northern Ireland,HUMAN_OBSERVATION
53.197334,-4.209174,2012,7,United Kingdom of Great Britain and Northern Ireland,HUMAN_OBSERVATION
53.197334,-4.209174,2012,7,United Kingdom of Great Britain and Northern Ireland,HUMAN_OBSERVATION
53.197334,-4.209174,2012,7,United Kingdom of Great Britain and Northern Ireland,HUMAN_OBSERVATION
53.197334,-4.209174,2009,6,United Kingdom of Great Britain and Northern Ireland,HUMAN_OBSERVATION
53.197334,-4.209174,2009,6,United Kingdom of Great Britain and Northern Ireland,HUMAN_OBSERVATION
53.197334,-4.209174,2009,6,United Kingdom of Great Britain and Northern Ireland,HUMAN_OBSERVATION
53.197334,-4.209174,2009,6,United Kingdom of Great Britain and Northern Ireland,HUMAN_OBSERVATION
53.197334,-4.209174,2008,6,United Kingdom of Great Britain and Northern Ireland,HUMAN_OBSERVATION
53.197334,-4.209174,2008,6,United Kingdom of Great Britain and Northern Ireland,HUMAN_OBSERVATION
53.197334,-4.209174,2008,6,United Kingdom of Great Britain and Northern Ireland,HUMAN_OBSERVATION
53.197334,-4.209174,2008,6,United Kingdom of Great Britain and Northern Ireland,HUMAN_OBSERVATION
53.197343,-4.209174,2014,7,United Kingdom of Great Britain and Northern Ireland,HUMAN_OBSERVATION
53.197343,-4.209174,2014,7,United Kingdom of Great Britain and Northern Ireland,HUMAN_OBSERVATION
53.197343,-4.209174,2014,7,United Kingdom of Great Britain and Northern Ireland,HUMAN_OBSERVATION
53.197343,-4.209174,2014,7,United Kingdom of Great Britain and Northern Ireland,HUMAN_OBSERVATION
53.197343,-4.209174,2014,7,United Kingdom of Great Britain and Northern Ireland,HUMAN_OBSERVATION
53.197343,-4.209174,2014,7,United Kingdom of Great Britain and Northern Ireland,HUMAN_OBSERVATION
53.197343,-4.209174,2014,7,United Kingdom of Great Britain and Northern Ireland,HUMAN_OBSERVATION
53.197343,-4.209174,2010,7,United Kingdom of Great Britain and Northern Ireland,HUMAN_OBSERVATION
53.197343,-4.209174,2010,7,United Kingdom of Great Britain and Northern Ireland,HUMAN_OBSERVATION
53.197343,-4.209174,2010,7,United Kingdom of Great Britain and Northern Ireland,HUMAN_OBSERVATION
53.197343,-4.209174,2010,7,United Kingdom of Great Britain and Northern Ireland,HUMAN_OBSERVATION
53.197343,-4.209174,2010,7,United Kingdom of Great Britain and Northern Ireland,HUMAN_OBSERVATION
53.197343,-4.209174,2010,7,United Kingdom of Great Britain and Northern Ireland,HUMAN_OBSERVATION
53.197343,-4.209174,2010,7,United Kingdom of Great Britain and Northern Ireland,HUMAN_OBSERVATION
53.197343,-4.209174,2010,7,United Kingdom of Great Britain and Northern Ireland,HUMAN_OBSERVATION
53.197343,-4.209174,2010,7,United Kingdom of Great Britain and Northern Ireland,HUMAN_OBSERVATION
53.197343,-4.209174,2010,7,United Kingdom of Great Britain and Northern Ireland,HUMAN_OBSERVATION
53.197343,-4.209174,2010,7,United Kingdom of Great Britain and Northern Ireland,HUMAN_OBSERVATION
53.197343,-4.209174,2005,5,United Kingdom of Great Britain and Northern Ireland,HUMAN_OBSERVATION
53.197343,-4.209174,2005,5,United Kingdom of Great Britain and Northern Ireland,HUMAN_OBSERVATION
53.197433,-4.209164,2005,5,United Kingdom of Great Britain and Northern Ireland,HUMAN_OBSERVATION
53.197433,-4.209164,2005,5,United Kingdom of Great Britain and Northern Ireland,HUMAN_OBSERVATION
53.197627,-4.209863,2005,5,United Kingdom of Great Britain and Northern Ireland,HUMAN_OBSERVATION
53.197696,-4.209537,2005,5,United Kingdom of Great Britain and Northern Ireland,HUMAN_OBSERVATION
53.197741,-4.209494,2005,5,United Kingdom of Great Britain and Northern Ireland,HUMAN_OBSERVATION
53.197741,-4.209494,2005,5,United Kingdom of Great Britain and Northern Ireland,HUMAN_OBSERVATION
53.197757,-4.2096,2014,7,United Kingdom of Great Britain and Northern Ireland,HUMAN_OBSERVATION
53.197757,-4.2096,2014,7,United Kingdom of Great Britain and Northern Ireland,HUMAN_OBSERVATION
53.197757,-4.2096,2014,7,United Kingdom of Great Britain and Northern Ireland,HUMAN_OBSERVATION
53.197757,-4.2096,2014,7,United Kingdom of Great Britain and Northern Ireland,HUMAN_OBSERVATION
53.197757,-4.2096,2014,7,United Kingdom of Great Britain and Northern Ireland,HUMAN_OBSERVATION
53.197757,-4.2096,2014,7,United Kingdom of Great Britain and Northern Ireland,HUMAN_OBSERVATION
53.197757,-4.2096,2014,7,United Kingdom of Great Britain and Northern Ireland,HUMAN_OBSERVATION
53.197757,-4.2096,2014,7,United Kingdom of Great Britain and Northern Ireland,HUMAN_OBSERVATION
53.197757,-4.2096,2014,7,United Kingdom of Great Britain and Northern Ireland,HUMAN_OBSERVATION
53.197757,-4.2096,2014,7,United Kingdom of Great Britain and Northern Ireland,HUMAN_OBSERVATION
53.197757,-4.2096,2014,7,United Kingdom of Great Britain and Northern Ireland,HUMAN_OBSERVATION
53.197757,-4.2096,2014,7,United Kingdom of Great Britain and Northern Ireland,HUMAN_OBSERVATION
53.197757,-4.2096,2014,7,United Kingdom of Great Britain and Northern Ireland,HUMAN_OBSERVATION
53.197757,-4.2096,2013,6,United Kingdom of Great Britain and Northern Ireland,HUMAN_OBSERVATION
53.197757,-4.2096,2013,6,United Kingdom of Great Britain and Northern Ireland,HUMAN_OBSERVATION
53.197757,-4.2096,2013,6,United Kingdom of Great Britain and Northern Ireland,HUMAN_OBSERVATION
53.197757,-4.2096,2013,6,United Kingdom of Great Britain and Northern Ireland,HUMAN_OBSERVATION
53.197757,-4.2096,2013,6,United Kingdom of Great Britain and Northern Ireland,HUMAN_OBSERVATION
53.197757,-4.2096,2013,6,United Kingdom of Great Britain and Northern Ireland,HUMAN_OBSERVATION
53.197757,-4.2096,2013,6,United Kingdom of Great Britain and Northern Ireland,HUMAN_OBSERVATION
53.197757,-4.2096,2012,7,United Kingdom of Great Britain and Northern Ireland,HUMAN_OBSERVATION
53.197757,-4.2096,2012,7,United Kingdom of Great Britain and Northern Ireland,HUMAN_OBSERVATION
53.197757,-4.2096,2012,7,United Kingdom of Great Britain and Northern Ireland,HUMAN_OBSERVATION
53.197757,-4.2096,2012,7,United Kingdom of Great Britain and Northern Ireland,HUMAN_OBSERVATION
53.197757,-4.2096,2012,7,United Kingdom of Great Britain and Northern Ireland,HUMAN_OBSERVATION
53.197757,-4.2096,2012,7,United Kingdom of Great Britain and Northern Ireland,HUMAN_OBSERVATION
53.197757,-4.2096,2012,7,United Kingdom of Great Britain and Northern Ireland,HUMAN_OBSERVATION
53.197757,-4.2096,2012,7,United Kingdom of Great Britain and Northern Ireland,HUMAN_OBSERVATION
53.197757,-4.2096,2012,7,United Kingdom of Great Britain and Northern Ireland,HUMAN_OBSERVATION
53.197757,-4.2096,2009,6,United Kingdom of Great Britain and Northern Ireland,HUMAN_OBSERVATION
53.197757,-4.2096,2009,6,United Kingdom of Great Britain and Northern Ireland,HUMAN_OBSERVATION
53.197757,-4.2096,2009,6,United Kingdom of Great Britain and Northern Ireland,HUMAN_OBSERVATION
53.197757,-4.2096,2008,6,United Kingdom of Great Britain and Northern Ireland,HUMAN_OBSERVATION
53.197757,-4.2096,2008,6,United Kingdom of Great Britain and Northern Ireland,HUMAN_OBSERVATION
53.197757,-4.2096,2008,6,United Kingdom of Great Britain and Northern Ireland,HUMAN_OBSERVATION
53.197757,-4.2096,2008,6,United Kingdom of Great Britain and Northern Ireland,HUMAN_OBSERVATION
53.197757,-4.2096,2008,6,United Kingdom of Great Britain and Northern Ireland,HUMAN_OBSERVATION
53.197757,-4.2096,2008,6,United Kingdom of Great Britain and Northern Ireland,HUMAN_OBSERVATION
53.197757,-4.2096,2008,6,United Kingdom of Great Britain and Northern Ireland,HUMAN_OBSERVATION
53.197791,-4.209706,2005,5,United Kingdom of Great Britain and Northern Ireland,HUMAN_OBSERVATION
53.197851,-4.209425,2005,5,United Kingdom of Great Britain and Northern Ireland,HUMAN_OBSERVATION
53.197851,-4.209425,2005,5,United Kingdom of Great Britain and Northern Ireland,HUMAN_OBSERVATION
53.202516,-4.209016,1992,,United Kingdom of Great Britain and Northern Ireland,HUMAN_OBSERVATION
53.205127,-4.213642,,,United Kingdom of Great Britain and Northern Ireland,HUMAN_OBSERVATION
53.206165,-4.206208,1999,6,United Kingdom of Great Britain and Northern Ireland,HUMAN_OBSERVATION
53.20969,-3.014398,2002,7,United Kingdom of Great Britain and Northern Ireland,HUMAN_OBSERVATION
53.211532,-8.920863,,,Ireland,HUMAN_OBSERVATION
53.212309,-3.023444,2002,7,United Kingdom of Great Britain and Northern Ireland,HUMAN_OBSERVATION
53.2125,-8.970833,2007,9,Ireland,HUMAN_OBSERVATION
53.2126,-4.195566,2005,5,United Kingdom of Great Britain and Northern Ireland,HUMAN_OBSERVATION
53.2126,-4.195566,2005,5,United Kingdom of Great Britain and Northern Ireland,HUMAN_OBSERVATION
53.212664,-4.195495,2005,5,United Kingdom of Great Britain and Northern Ireland,HUMAN_OBSERVATION
53.212672,-4.19554,2014,7,United Kingdom of Great Britain and Northern Ireland,HUMAN_OBSERVATION
53.212672,-4.19554,2013,6,United Kingdom of Great Britain and Northern Ireland,HUMAN_OBSERVATION
53.212672,-4.19554,2013,6,United Kingdom of Great Britain and Northern Ireland,HUMAN_OBSERVATION
53.212672,-4.19554,2013,6,United Kingdom of Great Britain and Northern Ireland,HUMAN_OBSERVATION
53.212672,-4.19554,2013,6,United Kingdom of Great Britain and Northern Ireland,HUMAN_OBSERVATION
53.212672,-4.19554,2013,6,United Kingdom of Great Britain and Northern Ireland,HUMAN_OBSERVATION
53.212672,-4.19554,2013,6,United Kingdom of Great Britain and Northern Ireland,HUMAN_OBSERVATION
53.212672,-4.19554,2013,6,United Kingdom of Great Britain and Northern Ireland,HUMAN_OBSERVATION
53.212672,-4.19554,2013,6,United Kingdom of Great Britain and Northern Ireland,HUMAN_OBSERVATION
53.212672,-4.19554,2012,7,United Kingdom of Great Britain and Northern Ireland,HUMAN_OBSERVATION
53.212672,-4.19554,2012,7,United Kingdom of Great Britain and Northern Ireland,HUMAN_OBSERVATION
53.212672,-4.19554,2012,7,United Kingdom of Great Britain and Northern Ireland,HUMAN_OBSERVATION
53.212672,-4.19554,2010,7,United Kingdom of Great Britain and Northern Ireland,HUMAN_OBSERVATION
53.212672,-4.19554,2010,7,United Kingdom of Great Britain and Northern Ireland,HUMAN_OBSERVATION
53.212672,-4.19554,2010,7,United Kingdom of Great Britain and Northern Ireland,HUMAN_OBSERVATION
53.212672,-4.19554,2009,6,United Kingdom of Great Britain and Northern Ireland,HUMAN_OBSERVATION
53.212672,-4.19554,2009,6,United Kingdom of Great Britain and Northern Ireland,HUMAN_OBSERVATION
53.212672,-4.19554,2009,6,United Kingdom of Great Britain and Northern Ireland,HUMAN_OBSERVATION
53.212672,-4.19554,2008,6,United Kingdom of Great Britain and Northern Ireland,HUMAN_OBSERVATION
53.212672,-4.19554,2008,6,United Kingdom of Great Britain and Northern Ireland,HUMAN_OBSERVATION
53.212672,-4.19554,2008,6,United Kingdom of Great Britain and Northern Ireland,HUMAN_OBSERVATION
53.212672,-4.19554,2008,6,United Kingdom of Great Britain and Northern Ireland,HUMAN_OBSERVATION
53.212672,-4.19554,2008,6,United Kingdom of Great Britain and Northern Ireland,HUMAN_OBSERVATION
53.212672,-4.19554,2008,6,United Kingdom of Great Britain and Northern Ireland,HUMAN_OBSERVATION
53.212672,-4.19554,2008,6,United Kingdom of Great Britain and Northern Ireland,HUMAN_OBSERVATION
53.212672,-4.19554,2007,9,United Kingdom of Great Britain and Northern Ireland,HUMAN_OBSERVATION
53.212672,-4.19554,2007,9,United Kingdom of Great Britain and Northern Ireland,HUMAN_OBSERVATION
53.212672,-4.19554,2007,9,United Kingdom of Great Britain and Northern Ireland,HUMAN_OBSERVATION
53.212672,-4.19554,2007,9,United Kingdom of Great Britain and Northern Ireland,HUMAN_OBSERVATION
53.212743,-4.195589,2005,5,United Kingdom of Great Britain and Northern Ireland,HUMAN_OBSERVATION
53.212743,-4.195589,2005,5,United Kingdom of Great Britain and Northern Ireland,HUMAN_OBSERVATION
53.212743,-4.195589,2005,5,United Kingdom of Great Britain and Northern Ireland,HUMAN_OBSERVATION
53.212754,-8.971603,2007,9,Ireland,MATERIAL_SAMPLE
53.212754,-8.971603,2007,9,Ireland,MATERIAL_SAMPLE
53.21297,-4.194522,2005,5,United Kingdom of Great Britain and Northern Ireland,HUMAN_OBSERVATION
53.21297,-4.194522,2005,5,United Kingdom of Great Britain and Northern Ireland,HUMAN_OBSERVATION
53.213011,-4.194704,2005,5,United Kingdom of Great Britain and Northern Ireland,HUMAN_OBSERVATION
53.213012,-4.194674,2014,7,United Kingdom of Great Britain and Northern Ireland,HUMAN_OBSERVATION
53.213012,-4.194674,2014,7,United Kingdom of Great Britain and Northern Ireland,HUMAN_OBSERVATION
53.213012,-4.194674,2013,6,United Kingdom of Great Britain and Northern Ireland,HUMAN_OBSERVATION
53.213012,-4.194674,2013,6,United Kingdom of Great Britain and Northern Ireland,HUMAN_OBSERVATION
53.213012,-4.194674,2013,6,United Kingdom of Great Britain and Northern Ireland,HUMAN_OBSERVATION
53.213012,-4.194674,2012,7,United Kingdom of Great Britain and Northern Ireland,HUMAN_OBSERVATION
53.213012,-4.194674,2012,7,United Kingdom of Great Britain and Northern Ireland,HUMAN_OBSERVATION
53.213012,-4.194674,2012,7,United Kingdom of Great Britain and Northern Ireland,HUMAN_OBSERVATION
53.213012,-4.194674,2012,7,United Kingdom of Great Britain and Northern Ireland,HUMAN_OBSERVATION
53.213012,-4.194674,2012,7,United Kingdom of Great Britain and Northern Ireland,HUMAN_OBSERVATION
53.213012,-4.194674,2010,7,United Kingdom of Great Britain and Northern Ireland,HUMAN_OBSERVATION
53.213012,-4.194674,2008,6,United Kingdom of Great Britain and Northern Ireland,HUMAN_OBSERVATION
53.213012,-4.194674,2008,6,United Kingdom of Great Britain and Northern Ireland,HUMAN_OBSERVATION
53.213012,-4.194674,2007,9,United Kingdom of Great Britain and Northern Ireland,HUMAN_OBSERVATION
53.213029,-4.19472,2005,5,United Kingdom of Great Britain and Northern Ireland,HUMAN_OBSERVATION
53.213029,-4.19472,2005,5,United Kingdom of Great Britain and Northern Ireland,HUMAN_OBSERVATION
53.213038,-4.194705,2005,5,United Kingdom of Great Britain and Northern Ireland,HUMAN_OBSERVATION
53.213038,-4.194705,2005,5,United Kingdom of Great Britain and Northern Ireland,HUMAN_OBSERVATION
53.213064,-4.194766,2005,5,United Kingdom of Great Britain and Northern Ireland,HUMAN_OBSERVATION
53.213341,-4.193403,2005,5,United Kingdom of Great Britain and Northern Ireland,HUMAN_OBSERVATION
53.213341,-4.193403,2005,5,United Kingdom of Great Britain and Northern Ireland,HUMAN_OBSERVATION
53.213411,-4.193511,2013,6,United Kingdom of Great Britain and Northern Ireland,HUMAN_OBSERVATION
53.213411,-4.193511,2013,6,United Kingdom of Great Britain and Northern Ireland,HUMAN_OBSERVATION
53.213411,-4.193511,2012,7,United Kingdom of Great Britain and Northern Ireland,HUMAN_OBSERVATION
53.213411,-4.193511,2012,7,United Kingdom of Great Britain and Northern Ireland,HUMAN_OBSERVATION
53.213411,-4.193511,2012,7,United Kingdom of Great Britain and Northern Ireland,HUMAN_OBSERVATION
53.213411,-4.193511,2010,7,United Kingdom of Great Britain and Northern Ireland,HUMAN_OBSERVATION
53.213411,-4.193511,2010,7,United Kingdom of Great Britain and Northern Ireland,HUMAN_OBSERVATION
53.213411,-4.193511,2010,7,United Kingdom of Great Britain and Northern Ireland,HUMAN_OBSERVATION
53.213411,-4.193511,2008,6,United Kingdom of Great Britain and Northern Ireland,HUMAN_OBSERVATION
53.213411,-4.193511,2008,6,United Kingdom of Great Britain and Northern Ireland,HUMAN_OBSERVATION
53.213411,-4.193511,2007,9,United Kingdom of Great Britain and Northern Ireland,HUMAN_OBSERVATION
53.213411,-4.193511,2007,9,United Kingdom of Great Britain and Northern Ireland,HUMAN_OBSERVATION
53.213411,-4.193511,2007,9,United Kingdom of Great Britain and Northern Ireland,HUMAN_OBSERVATION
53.213418,-4.193616,2005,5,United Kingdom of Great Britain and Northern Ireland,HUMAN_OBSERVATION
53.213418,-4.193616,2005,5,United Kingdom of Great Britain and Northern Ireland,HUMAN_OBSERVATION
53.21343,-4.193437,2005,5,United Kingdom of Great Britain and Northern Ireland,HUMAN_OBSERVATION
53.213445,-4.193588,2005,5,United Kingdom of Great Britain and Northern Ireland,HUMAN_OBSERVATION
53.213448,-4.193468,2005,5,United Kingdom of Great Britain and Northern Ireland,HUMAN_OBSERVATION
53.213733,-4.192149,2005,5,United Kingdom of Great Britain and Northern Ireland,HUMAN_OBSERVATION
53.213733,-4.192149,2005,5,United Kingdom of Great Britain and Northern Ireland,HUMAN_OBSERVATION
53.213762,-4.192016,2005,5,United Kingdom of Great Britain and Northern Ireland,HUMAN_OBSERVATION
53.213788,-4.192092,2005,5,United Kingdom of Great Britain and Northern Ireland,HUMAN_OBSERVATION
53.213788,-4.192077,2013,6,United Kingdom of Great Britain and Northern Ireland,HUMAN_OBSERVATION
53.213788,-4.192077,2012,7,United Kingdom of Great Britain and Northern Ireland,HUMAN_OBSERVATION
53.213788,-4.192077,2012,7,United Kingdom of Great Britain and Northern Ireland,HUMAN_OBSERVATION
53.213788,-4.192077,2012,7,United Kingdom of Great Britain and Northern Ireland,HUMAN_OBSERVATION
53.213788,-4.192077,2010,7,United Kingdom of Great Britain and Northern Ireland,HUMAN_OBSERVATION
53.213788,-4.192077,2010,7,United Kingdom of Great Britain and Northern Ireland,HUMAN_OBSERVATION
53.213788,-4.192077,2010,7,United Kingdom of Great Britain and Northern Ireland,HUMAN_OBSERVATION
53.213788,-4.192077,2009,6,United Kingdom of Great Britain and Northern Ireland,HUMAN_OBSERVATION
53.213788,-4.192077,2009,6,United Kingdom of Great Britain and Northern Ireland,HUMAN_OBSERVATION
53.213788,-4.192077,2009,6,United Kingdom of Great Britain and Northern Ireland,HUMAN_OBSERVATION
53.213788,-4.192077,2009,6,United Kingdom of Great Britain and Northern Ireland,HUMAN_OBSERVATION
53.213788,-4.192077,2009,6,United Kingdom of Great Britain and Northern Ireland,HUMAN_OBSERVATION
53.213788,-4.192077,2008,6,United Kingdom of Great Britain and Northern Ireland,HUMAN_OBSERVATION
53.213788,-4.192077,2008,6,United Kingdom of Great Britain and Northern Ireland,HUMAN_OBSERVATION
53.213788,-4.192077,2008,6,United Kingdom of Great Britain and Northern Ireland,HUMAN_OBSERVATION
53.213788,-4.192077,2008,6,United Kingdom of Great Britain and Northern Ireland,HUMAN_OBSERVATION
53.213788,-4.192077,2007,9,United Kingdom of Great Britain and Northern Ireland,HUMAN_OBSERVATION
53.213788,-4.192077,2007,9,United Kingdom of Great Britain and Northern Ireland,HUMAN_OBSERVATION
53.213788,-4.192077,2007,9,United Kingdom of Great Britain and Northern Ireland,HUMAN_OBSERVATION
53.213788,-4.192077,2007,9,United Kingdom of Great Britain and Northern Ireland,HUMAN_OBSERVATION
53.213788,-4.192077,2007,9,United Kingdom of Great Britain and Northern Ireland,HUMAN_OBSERVATION
53.213788,-4.192077,2007,9,United Kingdom of Great Britain and Northern Ireland,HUMAN_OBSERVATION
53.213788,-4.192077,2007,9,United Kingdom of Great Britain and Northern Ireland,HUMAN_OBSERVATION
53.213788,-4.192077,2007,9,United Kingdom of Great Britain and Northern Ireland,HUMAN_OBSERVATION
53.213788,-4.192077,2007,9,United Kingdom of Great Britain and Northern Ireland,HUMAN_OBSERVATION
53.213832,-4.192095,2005,5,United Kingdom of Great Britain and Northern Ireland,HUMAN_OBSERVATION
53.213842,-4.19205,2005,5,United Kingdom of Great Britain and Northern Ireland,HUMAN_OBSERVATION
53.214029,-4.190697,2005,5,United Kingdom of Great Britain and Northern Ireland,HUMAN_OBSERVATION
53.214046,-4.190728,2005,5,United Kingdom of Great Britain and Northern Ireland,HUMAN_OBSERVATION
53.214082,-4.190744,2014,7,United Kingdom of Great Britain and Northern Ireland,HUMAN_OBSERVATION
53.214082,-4.190744,2014,7,United Kingdom of Great Britain and Northern Ireland,HUMAN_OBSERVATION
53.214082,-4.190744,2014,7,United Kingdom of Great Britain and Northern Ireland,HUMAN_OBSERVATION
53.214082,-4.190744,2014,7,United Kingdom of Great Britain and Northern Ireland,HUMAN_OBSERVATION
53.214082,-4.190744,2013,6,United Kingdom of Great Britain and Northern Ireland,HUMAN_OBSERVATION
53.214082,-4.190744,2013,6,United Kingdom of Great Britain and Northern Ireland,HUMAN_OBSERVATION
53.214082,-4.190744,2013,6,United Kingdom of Great Britain and Northern Ireland,HUMAN_OBSERVATION
53.214082,-4.190744,2012,7,United Kingdom of Great Britain and Northern Ireland,HUMAN_OBSERVATION
53.214082,-4.190744,2012,7,United Kingdom of Great Britain and Northern Ireland,HUMAN_OBSERVATION
53.214082,-4.190744,2012,7,United Kingdom of Great Britain and Northern Ireland,HUMAN_OBSERVATION
53.214082,-4.190744,2009,6,United Kingdom of Great Britain and Northern Ireland,HUMAN_OBSERVATION
53.214082,-4.190744,2009,6,United Kingdom of Great Britain and Northern Ireland,HUMAN_OBSERVATION
53.214082,-4.190744,2008,6,United Kingdom of Great Britain and Northern Ireland,HUMAN_OBSERVATION
53.214082,-4.190744,2007,9,United Kingdom of Great Britain and Northern Ireland,HUMAN_OBSERVATION
53.214082,-4.190744,2007,9,United Kingdom of Great Britain and Northern Ireland,HUMAN_OBSERVATION
53.214082,-4.190744,2007,9,United Kingdom of Great Britain and Northern Ireland,HUMAN_OBSERVATION
53.214082,-4.190744,2007,9,United Kingdom of Great Britain and Northern Ireland,HUMAN_OBSERVATION
53.2141,-4.190745,2005,5,United Kingdom of Great Britain and Northern Ireland,HUMAN_OBSERVATION
53.2141,-4.190745,2005,5,United Kingdom of Great Britain and Northern Ireland,HUMAN_OBSERVATION
53.214119,-4.190671,2005,5,United Kingdom of Great Britain and Northern Ireland,HUMAN_OBSERVATION
53.214119,-4.190671,2005,5,United Kingdom of Great Britain and Northern Ireland,HUMAN_OBSERVATION
53.214135,-4.190777,2005,5,United Kingdom of Great Britain and Northern Ireland,HUMAN_OBSERVATION
53.214135,-4.190777,2005,5,United Kingdom of Great Britain and Northern Ireland,HUMAN_OBSERVATION
53.214607,-4.187171,1999,6,United Kingdom of Great Britain and Northern Ireland,HUMAN_OBSERVATION
53.214607,-4.187171,1994,11,United Kingdom of Great Britain and Northern Ireland,HUMAN_OBSERVATION
53.214607,-4.187171,1994,11,United Kingdom of Great Britain and Northern Ireland,HUMAN_OBSERVATION
53.214967,-3.028,2002,7,United Kingdom of Great Britain and Northern Ireland,HUMAN_OBSERVATION
53.215029,-4.186219,2002,9,United Kingdom of Great Britain and Northern Ireland,HUMAN_OBSERVATION
53.215665,-4.202952,1999,6,United Kingdom of Great Britain and Northern Ireland,HUMAN_OBSERVATION
53.216215,-4.173024,2001,,United Kingdom of Great Britain and Northern Ireland,HUMAN_OBSERVATION
53.216215,-4.173024,2001,,United Kingdom of Great Britain and Northern Ireland,HUMAN_OBSERVATION
53.216215,-4.173024,1999,,United Kingdom of Great Britain and Northern Ireland,HUMAN_OBSERVATION
53.216431,-4.185766,1999,,United Kingdom of Great Britain and Northern Ireland,HUMAN_OBSERVATION
53.218471,-3.038568,2002,7,United Kingdom of Great Britain and Northern Ireland,HUMAN_OBSERVATION
53.219181,-4.18291,1992,,United Kingdom of Great Britain and Northern Ireland,HUMAN_OBSERVATION
53.21937,-3.03859,2002,7,United Kingdom of Great Britain and Northern Ireland,HUMAN_OBSERVATION
53.219383,-3.037092,2002,7,United Kingdom of Great Britain and Northern Ireland,HUMAN_OBSERVATION
53.220434,-4.1635,1996,8,United Kingdom of Great Britain and Northern Ireland,HUMAN_OBSERVATION
53.220975,-4.164614,2025,5,United Kingdom of Great Britain and Northern Ireland,HUMAN_OBSERVATION
53.221009,-3.056603,2002,7,United Kingdom of Great Britain and Northern Ireland,HUMAN_OBSERVATION
53.221049,-3.05211,2002,7,United Kingdom of Great Britain and Northern Ireland,HUMAN_OBSERVATION
53.221113,-4.150802,1999,,United Kingdom of Great Britain and Northern Ireland,HUMAN_OBSERVATION
53.221128,-3.043126,2002,7,United Kingdom of Great Britain and Northern Ireland,HUMAN_OBSERVATION
53.221196,-4.163614,2015,9,United Kingdom of Great Britain and Northern Ireland,HUMAN_OBSERVATION
53.221359,-4.162049,2012,6,United Kingdom of Great Britain and Northern Ireland,HUMAN_OBSERVATION
53.221366,-4.171522,2004,8,United Kingdom of Great Britain and Northern Ireland,HUMAN_OBSERVATION
53.221539,-4.174417,2002,9,United Kingdom of Great Britain and Northern Ireland,HUMAN_OBSERVATION
53.221539,-4.174417,2002,9,United Kingdom of Great Britain and Northern Ireland,HUMAN_OBSERVATION
53.221958,-4.178558,2001,,United Kingdom of Great Britain and Northern Ireland,HUMAN_OBSERVATION
53.222067,-4.172571,2001,,United Kingdom of Great Britain and Northern Ireland,HUMAN_OBSERVATION
53.22223,-4.163591,1992,,United Kingdom of Great Britain and Northern Ireland,HUMAN_OBSERVATION
53.222285,-4.160598,2001,,United Kingdom of Great Britain and Northern Ireland,HUMAN_OBSERVATION
53.222562,-4.172521,2002,9,United Kingdom of Great Britain and Northern Ireland,HUMAN_OBSERVATION
53.222562,-4.172521,2002,9,United Kingdom of Great Britain and Northern Ireland,HUMAN_OBSERVATION
53.222938,-4.174113,2001,,United Kingdom of Great Britain and Northern Ireland,HUMAN_OBSERVATION
53.222941,-4.172921,2004,8,United Kingdom of Great Britain and Northern Ireland,HUMAN_OBSERVATION
53.222955,-4.173625,2004,8,United Kingdom of Great Britain and Northern Ireland,HUMAN_OBSERVATION
53.223365,-8.995621,2006,10,Ireland,HUMAN_OBSERVATION
53.223858,-4.155658,2002,9,United Kingdom of Great Britain and Northern Ireland,HUMAN_OBSERVATION
53.224081,-4.160688,2001,,United Kingdom of Great Britain and Northern Ireland,HUMAN_OBSERVATION
53.225007,-4.159237,2001,,United Kingdom of Great Britain and Northern Ireland,HUMAN_OBSERVATION
53.225905,-4.159282,1992,,United Kingdom of Great Britain and Northern Ireland,HUMAN_OBSERVATION
53.225905,-4.159282,1992,,United Kingdom of Great Britain and Northern Ireland,HUMAN_OBSERVATION
53.226335,-3.064223,2002,7,United Kingdom of Great Britain and Northern Ireland,HUMAN_OBSERVATION
53.227918,-4.147397,1999,,United Kingdom of Great Britain and Northern Ireland,HUMAN_OBSERVATION
53.228132,-3.064268,2002,7,United Kingdom of Great Britain and Northern Ireland,HUMAN_OBSERVATION
53.228681,-4.154927,2001,,United Kingdom of Great Britain and Northern Ireland,HUMAN_OBSERVATION
53.228816,-4.147442,1999,,United Kingdom of Great Britain and Northern Ireland,HUMAN_OBSERVATION
53.22906,-4.152365,2016,6,United Kingdom of Great Britain and Northern Ireland,HUMAN_OBSERVATION
53.229768,-4.144493,,,United Kingdom of Great Britain and Northern Ireland,HUMAN_OBSERVATION
53.230064,-4.077084,1997,7,United Kingdom of Great Britain and Northern Ireland,HUMAN_OBSERVATION
53.230962,-4.077128,2001,,United Kingdom of Great Britain and Northern Ireland,HUMAN_OBSERVATION
53.231726,-4.135601,1992,,United Kingdom of Great Britain and Northern Ireland,HUMAN_OBSERVATION
53.232518,-3.076362,2002,,United Kingdom of Great Britain and Northern Ireland,HUMAN_OBSERVATION
53.232532,-3.074864,2002,,United Kingdom of Great Britain and Northern Ireland,HUMAN_OBSERVATION
53.233253,-4.150661,2001,,United Kingdom of Great Britain and Northern Ireland,HUMAN_OBSERVATION
53.233431,-3.074887,2002,,United Kingdom of Great Britain and Northern Ireland,HUMAN_OBSERVATION
53.23353,-4.113386,2011,7,United Kingdom of Great Britain and Northern Ireland,HUMAN_OBSERVATION
53.233631,-4.078756,2001,,United Kingdom of Great Britain and Northern Ireland,HUMAN_OBSERVATION
53.234043,-4.156695,1992,,United Kingdom of Great Britain and Northern Ireland,HUMAN_OBSERVATION
53.234722,-4.143992,1999,,United Kingdom of Great Britain and Northern Ireland,HUMAN_OBSERVATION
53.234953,-4.522384,,,United Kingdom of Great Britain and Northern Ireland,HUMAN_OBSERVATION
53.236485,-4.120853,,,United Kingdom of Great Britain and Northern Ireland,HUMAN_OBSERVATION
53.237093,-4.086416,,,United Kingdom of Great Britain and Northern Ireland,HUMAN_OBSERVATION
53.237101,-4.033968,2001,,United Kingdom of Great Britain and Northern Ireland,HUMAN_OBSERVATION
53.237356,-4.122394,1992,,United Kingdom of Great Britain and Northern Ireland,HUMAN_OBSERVATION
53.237569,-4.110416,,,United Kingdom of Great Britain and Northern Ireland,HUMAN_OBSERVATION
53.239099,-4.074525,2001,,United Kingdom of Great Britain and Northern Ireland,HUMAN_OBSERVATION
53.239766,-4.114277,2007,9,United Kingdom of Great Britain and Northern Ireland,HUMAN_OBSERVATION
53.239898,-4.10679,2007,9,United Kingdom of Great Britain and Northern Ireland,HUMAN_OBSERVATION
53.240153,-4.065584,2001,,United Kingdom of Great Britain and Northern Ireland,HUMAN_OBSERVATION
53.240746,-3.807848,2001,,United Kingdom of Great Britain and Northern Ireland,HUMAN_OBSERVATION
53.240921,-9.358158,2023,8,Ireland,HUMAN_OBSERVATION
53.241432,-9.309735,2023,2,Ireland,HUMAN_OBSERVATION
53.241557,-4.591719,2003,,United Kingdom of Great Britain and Northern Ireland,HUMAN_OBSERVATION
53.242378,-4.092668,,,United Kingdom of Great Britain and Northern Ireland,HUMAN_OBSERVATION
53.242618,-4.026736,2001,,United Kingdom of Great Britain and Northern Ireland,HUMAN_OBSERVATION
53.24272,-4.020746,2001,,United Kingdom of Great Britain and Northern Ireland,HUMAN_OBSERVATION
53.243097,-4.624039,2004,,United Kingdom of Great Britain and Northern Ireland,HUMAN_OBSERVATION
53.243097,-4.624039,2003,7,United Kingdom of Great Britain and Northern Ireland,HUMAN_OBSERVATION
53.243097,-4.624039,2003,,United Kingdom of Great Britain and Northern Ireland,HUMAN_OBSERVATION
53.243097,-4.624039,2003,,United Kingdom of Great Britain and Northern Ireland,HUMAN_OBSERVATION
53.243097,-4.624039,2003,,United Kingdom of Great Britain and Northern Ireland,HUMAN_OBSERVATION
53.243097,-4.624039,2003,,United Kingdom of Great Britain and Northern Ireland,HUMAN_OBSERVATION
53.246071,-4.009667,2007,9,United Kingdom of Great Britain and Northern Ireland,HUMAN_OBSERVATION
53.246301,-4.474335,,,United Kingdom of Great Britain and Northern Ireland,HUMAN_OBSERVATION
53.247721,-4.556114,2003,,United Kingdom of Great Britain and Northern Ireland,HUMAN_OBSERVATION
53.248672,-3.818675,2001,,United Kingdom of Great Britain and Northern Ireland,HUMAN_OBSERVATION
53.249421,-4.560713,2003,,United Kingdom of Great Britain and Northern Ireland,HUMAN_OBSERVATION
53.249549,-4.554724,1996,8,United Kingdom of Great Britain and Northern Ireland,HUMAN_OBSERVATION
53.249549,-4.554724,1996,8,United Kingdom of Great Britain and Northern Ireland,HUMAN_OBSERVATION
53.249549,-4.554724,1996,8,United Kingdom of Great Britain and Northern Ireland,HUMAN_OBSERVATION
53.249549,-4.554724,1996,8,United Kingdom of Great Britain and Northern Ireland,HUMAN_OBSERVATION
53.250466,-9.130338,2020,3,Ireland,HUMAN_OBSERVATION
53.250466,-9.130338,2020,3,Ireland,HUMAN_OBSERVATION
53.251942,-4.111124,2001,6,United Kingdom of Great Britain and Northern Ireland,HUMAN_OBSERVATION
53.252873,-3.111348,2002,7,United Kingdom of Great Britain and Northern Ireland,HUMAN_OBSERVATION
53.253223,-4.114935,2001,6,United Kingdom of Great Britain and Northern Ireland,HUMAN_OBSERVATION
53.254081,-4.091741,2001,,United Kingdom of Great Britain and Northern Ireland,HUMAN_OBSERVATION
53.254784,-4.025063,2001,,United Kingdom of Great Britain and Northern Ireland,HUMAN_OBSERVATION
53.254784,-4.025063,,,United Kingdom of Great Britain and Northern Ireland,HUMAN_OBSERVATION
53.254822,-4.100772,1992,,United Kingdom of Great Britain and Northern Ireland,HUMAN_OBSERVATION
53.25605,-8.954425,2016,,Ireland,HUMAN_OBSERVATION
53.257235,-3.875257,2001,,United Kingdom of Great Britain and Northern Ireland,HUMAN_OBSERVATION
53.257235,-3.875257,2001,,United Kingdom of Great Britain and Northern Ireland,HUMAN_OBSERVATION
53.257235,-3.875257,,,United Kingdom of Great Britain and Northern Ireland,HUMAN_OBSERVATION
53.258584,-9.078854,2023,7,Ireland,HUMAN_OBSERVATION
53.258937,-3.135491,2002,,United Kingdom of Great Britain and Northern Ireland,HUMAN_OBSERVATION
53.258937,-3.135491,2002,,United Kingdom of Great Britain and Northern Ireland,HUMAN_OBSERVATION
53.259296,-4.096853,2002,8,United Kingdom of Great Britain and Northern Ireland,HUMAN_OBSERVATION
53.259569,-3.981059,,,United Kingdom of Great Britain and Northern Ireland,HUMAN_OBSERVATION
53.259694,-4.094159,2002,8,United Kingdom of Great Britain and Northern Ireland,HUMAN_OBSERVATION
53.25971,-4.094209,2013,6,United Kingdom of Great Britain and Northern Ireland,HUMAN_OBSERVATION
53.259792,-4.097807,2002,8,United Kingdom of Great Britain and Northern Ireland,HUMAN_OBSERVATION
53.260442,-3.982599,1997,7,United Kingdom of Great Britain and Northern Ireland,HUMAN_OBSERVATION
53.260489,-3.81018,2001,,United Kingdom of Great Britain and Northern Ireland,HUMAN_OBSERVATION
53.260567,-3.975108,,,United Kingdom of Great Britain and Northern Ireland,HUMAN_OBSERVATION
53.261294,-4.090593,,,United Kingdom of Great Britain and Northern Ireland,HUMAN_OBSERVATION
53.261662,-3.132564,2002,,United Kingdom of Great Britain and Northern Ireland,HUMAN_OBSERVATION
53.261959,-9.052714,2020,3,Ireland,HUMAN_OBSERVATION
53.261959,-9.052714,2020,3,Ireland,HUMAN_OBSERVATION
53.262192,-4.090637,,,United Kingdom of Great Britain and Northern Ireland,HUMAN_OBSERVATION
53.262298,-9.06546,2022,10,Ireland,HUMAN_OBSERVATION
53.262537,-9.066902,2022,8,Ireland,HUMAN_OBSERVATION
53.262738,-9.066221,2021,6,Ireland,HUMAN_OBSERVATION
53.263038,-3.988717,,,United Kingdom of Great Britain and Northern Ireland,HUMAN_OBSERVATION
53.263183,-9.066981,2023,5,Ireland,HUMAN_OBSERVATION
53.263197,-9.065483,2021,6,Ireland,HUMAN_OBSERVATION
53.26346,-3.425722,2003,8,United Kingdom of Great Britain and Northern Ireland,HUMAN_OBSERVATION
53.264171,-3.152121,2002,,United Kingdom of Great Britain and Northern Ireland,HUMAN_OBSERVATION
53.264519,-9.049294,2024,4,Ireland,HUMAN_OBSERVATION
53.264642,-9.049275,2024,4,Ireland,HUMAN_OBSERVATION
53.264815,-4.555635,2003,7,United Kingdom of Great Britain and Northern Ireland,HUMAN_OBSERVATION
53.265159,-3.275843,2002,6,United Kingdom of Great Britain and Northern Ireland,HUMAN_OBSERVATION
53.265197,-4.579652,2003,,United Kingdom of Great Britain and Northern Ireland,HUMAN_OBSERVATION
53.265628,-9.049789,2024,4,Ireland,HUMAN_OBSERVATION
53.26594,-3.155168,2002,,United Kingdom of Great Britain and Northern Ireland,HUMAN_OBSERVATION
53.266669,-3.12595,2002,7,United Kingdom of Great Britain and Northern Ireland,HUMAN_OBSERVATION
53.266669,-3.12595,2002,,United Kingdom of Great Britain and Northern Ireland,HUMAN_OBSERVATION
53.266669,-3.12595,2002,,United Kingdom of Great Britain and Northern Ireland,HUMAN_OBSERVATION
53.268936,-4.083353,2013,6,United Kingdom of Great Britain and Northern Ireland,HUMAN_OBSERVATION
53.268936,-4.083353,2013,6,United Kingdom of Great Britain and Northern Ireland,HUMAN_OBSERVATION
53.268936,-4.083353,2013,6,United Kingdom of Great Britain and Northern Ireland,HUMAN_OBSERVATION
53.268936,-4.083353,2004,8,United Kingdom of Great Britain and Northern Ireland,HUMAN_OBSERVATION
53.269,4.958,2003,3,Netherlands,HUMAN_OBSERVATION
53.269,4.958,2003,10,Netherlands,HUMAN_OBSERVATION
53.269044,-9.018418,2022,8,Ireland,HUMAN_OBSERVATION
53.269891,-9.019184,2023,10,Ireland,HUMAN_OBSERVATION
53.27,7.08,1961,2,Netherlands,HUMAN_OBSERVATION
53.270272,-3.171779,2002,,United Kingdom of Great Britain and Northern Ireland,HUMAN_OBSERVATION
53.27079,-9.019206,2022,11,Ireland,HUMAN_OBSERVATION
53.271716,-4.085853,,,United Kingdom of Great Britain and Northern Ireland,HUMAN_OBSERVATION
53.272129,-3.165832,2002,,United Kingdom of Great Britain and Northern Ireland,HUMAN_OBSERVATION
53.272431,-9.037232,2006,,Ireland,HUMAN_OBSERVATION
53.272671,-4.566603,2003,7,United Kingdom of Great Britain and Northern Ireland,HUMAN_OBSERVATION
53.273327,-4.619141,2003,,United Kingdom of Great Britain and Northern Ireland,HUMAN_OBSERVATION
53.273569,-4.566657,2003,7,United Kingdom of Great Britain and Northern Ireland,HUMAN_OBSERVATION
53.274873,-4.085257,,,United Kingdom of Great Britain and Northern Ireland,HUMAN_OBSERVATION
53.275384,-4.082196,2013,6,United Kingdom of Great Britain and Northern Ireland,HUMAN_OBSERVATION
53.27559,-6.074417,2010,7,Ireland,HUMAN_OBSERVATION
53.275875,-4.584796,2004,5,United Kingdom of Great Britain and Northern Ireland,HUMAN_OBSERVATION
53.275967,-3.912824,,,United Kingdom of Great Britain and Northern Ireland,HUMAN_OBSERVATION
53.276545,-4.595337,2004,,United Kingdom of Great Britain and Northern Ireland,HUMAN_OBSERVATION
53.277673,-4.079393,,,United Kingdom of Great Britain and Northern Ireland,HUMAN_OBSERVATION
53.279173,-3.82297,2001,,United Kingdom of Great Britain and Northern Ireland,HUMAN_OBSERVATION
53.27948,-4.625518,2003,,United Kingdom of Great Britain and Northern Ireland,HUMAN_OBSERVATION
53.279532,-4.582016,2004,5,United Kingdom of Great Britain and Northern Ireland,HUMAN_OBSERVATION
53.279546,-4.622522,2003,,United Kingdom of Great Britain and Northern Ireland,HUMAN_OBSERVATION
53.279671,-4.596276,2004,5,United Kingdom of Great Britain and Northern Ireland,HUMAN_OBSERVATION
53.280049,-3.824507,2001,,United Kingdom of Great Britain and Northern Ireland,HUMAN_OBSERVATION
53.280209,-3.814014,2001,,United Kingdom of Great Britain and Northern Ireland,HUMAN_OBSERVATION
53.280509,-3.823777,2001,,United Kingdom of Great Britain and Northern Ireland,HUMAN_OBSERVATION
53.28097,-3.823046,2001,,United Kingdom of Great Britain and Northern Ireland,HUMAN_OBSERVATION
53.282564,-3.827539,,,United Kingdom of Great Britain and Northern Ireland,HUMAN_OBSERVATION
53.282698,-3.82762,,,United Kingdom of Great Britain and Northern Ireland,HUMAN_OBSERVATION
53.283669,-4.619024,2003,,United Kingdom of Great Britain and Northern Ireland,HUMAN_OBSERVATION
53.284473,-3.190168,2002,,United Kingdom of Great Britain and Northern Ireland,HUMAN_OBSERVATION
53.284594,-4.597325,2004,,United Kingdom of Great Britain and Northern Ireland,HUMAN_OBSERVATION
53.285095,-3.904231,,,United Kingdom of Great Britain and Northern Ireland,HUMAN_OBSERVATION
53.285286,-3.892238,,,United Kingdom of Great Britain and Northern Ireland,HUMAN_OBSERVATION
53.285387,-3.188693,2002,,United Kingdom of Great Britain and Northern Ireland,HUMAN_OBSERVATION
53.285974,-4.596664,2008,3,United Kingdom of Great Britain and Northern Ireland,MATERIAL_SAMPLE
53.285974,-4.596664,2008,3,United Kingdom of Great Britain and Northern Ireland,MATERIAL_SAMPLE
53.286246,-3.830772,,,United Kingdom of Great Britain and Northern Ireland,HUMAN_OBSERVATION
53.286285,-3.188718,2002,,United Kingdom of Great Britain and Northern Ireland,HUMAN_OBSERVATION
53.286357,-4.598932,2004,,United Kingdom of Great Britain and Northern Ireland,HUMAN_OBSERVATION
53.286807,-4.599715,2002,9,United Kingdom of Great Britain and Northern Ireland,MATERIAL_SAMPLE
53.286807,-4.599715,2002,9,United Kingdom of Great Britain and Northern Ireland,MATERIAL_SAMPLE
53.287121,-3.83231,,,United Kingdom of Great Britain and Northern Ireland,HUMAN_OBSERVATION
53.287154,-3.191742,2002,,United Kingdom of Great Britain and Northern Ireland,HUMAN_OBSERVATION
53.287213,-3.826313,,,United Kingdom of Great Britain and Northern Ireland,HUMAN_OBSERVATION
53.287343,-3.875826,2000,7,United Kingdom of Great Britain and Northern Ireland,HUMAN_OBSERVATION
53.288936,-3.193292,2002,6,United Kingdom of Great Britain and Northern Ireland,HUMAN_OBSERVATION
53.289057,-4.067303,2013,6,United Kingdom of Great Britain and Northern Ireland,HUMAN_OBSERVATION
53.289085,-4.067289,2004,8,United Kingdom of Great Britain and Northern Ireland,HUMAN_OBSERVATION
53.289085,-4.067289,2004,8,United Kingdom of Great Britain and Northern Ireland,HUMAN_OBSERVATION
53.289085,-4.067289,2004,8,United Kingdom of Great Britain and Northern Ireland,HUMAN_OBSERVATION
53.289108,-4.067511,2002,8,United Kingdom of Great Britain and Northern Ireland,HUMAN_OBSERVATION
53.289415,-4.062289,2002,9,United Kingdom of Great Britain and Northern Ireland,HUMAN_OBSERVATION
53.289559,-4.067968,1997,7,United Kingdom of Great Britain and Northern Ireland,HUMAN_OBSERVATION
53.289559,-4.067968,1997,7,United Kingdom of Great Britain and Northern Ireland,HUMAN_OBSERVATION
53.289559,-4.067968,1997,7,United Kingdom of Great Britain and Northern Ireland,HUMAN_OBSERVATION
53.289559,-4.067968,1997,7,United Kingdom of Great Britain and Northern Ireland,HUMAN_OBSERVATION
53.289737,-3.822895,,,United Kingdom of Great Britain and Northern Ireland,HUMAN_OBSERVATION
53.289954,-3.823429,,,United Kingdom of Great Britain and Northern Ireland,HUMAN_OBSERVATION
53.290244,-3.616398,,,United Kingdom of Great Britain and Northern Ireland,HUMAN_OBSERVATION
53.290264,-3.614899,,,United Kingdom of Great Britain and Northern Ireland,HUMAN_OBSERVATION
53.290431,-4.06951,,,United Kingdom of Great Britain and Northern Ireland,HUMAN_OBSERVATION
53.290704,-3.196342,2002,6,United Kingdom of Great Britain and Northern Ireland,HUMAN_OBSERVATION
53.29114,-4.585718,2003,,United Kingdom of Great Britain and Northern Ireland,HUMAN_OBSERVATION
53.291195,-3.859491,2000,7,United Kingdom of Great Britain and Northern Ireland,HUMAN_OBSERVATION
53.291205,-4.58272,2003,,United Kingdom of Great Britain and Northern Ireland,HUMAN_OBSERVATION
53.291223,-3.610434,,,United Kingdom of Great Britain and Northern Ireland,HUMAN_OBSERVATION
53.29125,-3.826334,2014,6,United Kingdom of Great Britain and Northern Ireland,HUMAN_OBSERVATION
53.29139,-3.82634,2011,7,United Kingdom of Great Britain and Northern Ireland,HUMAN_OBSERVATION
53.29146,-3.838693,2014,6,United Kingdom of Great Britain and Northern Ireland,HUMAN_OBSERVATION
53.291482,-3.689212,2003,7,United Kingdom of Great Britain and Northern Ireland,HUMAN_OBSERVATION
53.291544,-3.837,,,United Kingdom of Great Britain and Northern Ireland,HUMAN_OBSERVATION
53.29163,-3.838655,2011,7,United Kingdom of Great Britain and Northern Ireland,HUMAN_OBSERVATION
53.292038,-4.585772,1996,8,United Kingdom of Great Britain and Northern Ireland,HUMAN_OBSERVATION
53.292419,-3.838538,,,United Kingdom of Great Britain and Northern Ireland,HUMAN_OBSERVATION
53.292441,-3.202392,2002,6,United Kingdom of Great Britain and Northern Ireland,HUMAN_OBSERVATION
53.293073,-3.67202,,,United Kingdom of Great Britain and Northern Ireland,HUMAN_OBSERVATION
53.293152,-4.068141,,,United Kingdom of Great Britain and Northern Ireland,HUMAN_OBSERVATION
53.293355,-3.200917,2002,6,United Kingdom of Great Britain and Northern Ireland,HUMAN_OBSERVATION
53.293355,-3.200917,2002,6,United Kingdom of Great Britain and Northern Ireland,HUMAN_OBSERVATION
53.293355,-3.200917,2002,6,United Kingdom of Great Britain and Northern Ireland,HUMAN_OBSERVATION
53.293355,-3.200917,2002,6,United Kingdom of Great Britain and Northern Ireland,HUMAN_OBSERVATION
53.2941,-3.816853,,,United Kingdom of Great Britain and Northern Ireland,HUMAN_OBSERVATION
53.29418,-4.060688,,,United Kingdom of Great Britain and Northern Ireland,HUMAN_OBSERVATION
53.294238,-3.202442,2002,6,United Kingdom of Great Britain and Northern Ireland,HUMAN_OBSERVATION
53.294264,-3.65106,,,United Kingdom of Great Britain and Northern Ireland,HUMAN_OBSERVATION
53.294532,-3.631565,1990,5,United Kingdom of Great Britain and Northern Ireland,HUMAN_OBSERVATION
53.294532,-3.631565,1990,5,United Kingdom of Great Britain and Northern Ireland,HUMAN_OBSERVATION
53.294743,-3.681088,,,United Kingdom of Great Britain and Northern Ireland,HUMAN_OBSERVATION
53.294753,-3.835862,,,United Kingdom of Great Britain and Northern Ireland,HUMAN_OBSERVATION
53.294785,-3.678088,1990,5,United Kingdom of Great Britain and Northern Ireland,HUMAN_OBSERVATION
53.295027,-4.06373,,,United Kingdom of Great Britain and Northern Ireland,HUMAN_OBSERVATION
53.295119,-3.588074,,,United Kingdom of Great Britain and Northern Ireland,HUMAN_OBSERVATION
53.295159,-3.585074,,,United Kingdom of Great Britain and Northern Ireland,HUMAN_OBSERVATION
53.29585,-4.05847,2017,11,United Kingdom of Great Britain and Northern Ireland,HUMAN_OBSERVATION
53.29585,-4.05847,2017,11,United Kingdom of Great Britain and Northern Ireland,HUMAN_OBSERVATION
53.29585,-4.05847,2017,11,United Kingdom of Great Britain and Northern Ireland,HUMAN_OBSERVATION
53.29585,-4.05847,2017,11,United Kingdom of Great Britain and Northern Ireland,HUMAN_OBSERVATION
53.29585,-4.05847,2017,11,United Kingdom of Great Britain and Northern Ireland,HUMAN_OBSERVATION
53.29585,-4.05847,2017,11,United Kingdom of Great Britain and Northern Ireland,HUMAN_OBSERVATION
53.29585,-4.05847,2017,11,United Kingdom of Great Britain and Northern Ireland,HUMAN_OBSERVATION
53.29585,-4.05847,2017,11,United Kingdom of Great Britain and Northern Ireland,HUMAN_OBSERVATION
53.29585,-4.05847,2017,11,United Kingdom of Great Britain and Northern Ireland,HUMAN_OBSERVATION
53.29585,-4.05847,2017,11,United Kingdom of Great Britain and Northern Ireland,HUMAN_OBSERVATION
53.29585,-4.05847,2017,11,United Kingdom of Great Britain and Northern Ireland,HUMAN_OBSERVATION
53.29585,-4.05847,2017,11,United Kingdom of Great Britain and Northern Ireland,HUMAN_OBSERVATION
53.29585,-4.05847,2017,11,United Kingdom of Great Britain and Northern Ireland,HUMAN_OBSERVATION
53.29585,-4.05847,2017,11,United Kingdom of Great Britain and Northern Ireland,HUMAN_OBSERVATION
53.296003,-4.059275,1992,,United Kingdom of Great Britain and Northern Ireland,HUMAN_OBSERVATION
53.296423,-6.156296,2023,4,Ireland,HUMAN_OBSERVATION
53.296858,-3.210018,2002,6,United Kingdom of Great Britain and Northern Ireland,HUMAN_OBSERVATION
53.297106,-4.198889,2000,8,United Kingdom of Great Britain and Northern Ireland,HUMAN_OBSERVATION
53.297216,-4.192892,2000,8,United Kingdom of Great Britain and Northern Ireland,HUMAN_OBSERVATION
53.29751,-3.837781,,,United Kingdom of Great Britain and Northern Ireland,HUMAN_OBSERVATION
53.297851,-4.056363,,,United Kingdom of Great Britain and Northern Ireland,HUMAN_OBSERVATION
53.298,-3.8382,2013,12,United Kingdom of Great Britain and Northern Ireland,HUMAN_OBSERVATION
53.3,5.6,1952,11,Netherlands,HUMAN_OBSERVATION
53.300103,-4.182535,2000,8,United Kingdom of Great Britain and Northern Ireland,HUMAN_OBSERVATION
53.301347,-4.212615,2000,8,United Kingdom of Great Britain and Northern Ireland,HUMAN_OBSERVATION
53.302278,-3.840462,2000,7,United Kingdom of Great Britain and Northern Ireland,HUMAN_OBSERVATION
53.303014,-3.851,1997,7,United Kingdom of Great Britain and Northern Ireland,HUMAN_OBSERVATION
53.303875,-3.733974,2003,7,United Kingdom of Great Britain and Northern Ireland,HUMAN_OBSERVATION
53.304268,-4.049167,,,United Kingdom of Great Britain and Northern Ireland,HUMAN_OBSERVATION
53.304669,-3.237252,2002,6,United Kingdom of Great Britain and Northern Ireland,HUMAN_OBSERVATION
53.304707,-3.73851,2003,7,United Kingdom of Great Britain and Northern Ireland,HUMAN_OBSERVATION
53.305275,-4.145275,2000,8,United Kingdom of Great Britain and Northern Ireland,HUMAN_OBSERVATION
53.307066,-4.043297,1992,,United Kingdom of Great Britain and Northern Ireland,HUMAN_OBSERVATION
53.307179,-4.1889,2000,8,United Kingdom of Great Britain and Northern Ireland,HUMAN_OBSERVATION
53.30789,-3.504498,2003,8,United Kingdom of Great Britain and Northern Ireland,HUMAN_OBSERVATION
53.307964,-4.04334,,,United Kingdom of Great Britain and Northern Ireland,HUMAN_OBSERVATION
53.308168,-4.057609,,,United Kingdom of Great Britain and Northern Ireland,HUMAN_OBSERVATION
53.30875,-3.50753,2003,8,United Kingdom of Great Britain and Northern Ireland,HUMAN_OBSERVATION
53.308949,-4.140956,,,United Kingdom of Great Britain and Northern Ireland,HUMAN_OBSERVATION
53.309649,-3.507562,2003,8,United Kingdom of Great Britain and Northern Ireland,HUMAN_OBSERVATION
53.30982,-4.142501,,,United Kingdom of Great Britain and Northern Ireland,HUMAN_OBSERVATION
53.309977,-4.628892,2003,6,United Kingdom of Great Britain and Northern Ireland,HUMAN_OBSERVATION
53.310222,-3.533098,,,United Kingdom of Great Britain and Northern Ireland,HUMAN_OBSERVATION
53.311421,-4.202628,2000,8,United Kingdom of Great Britain and Northern Ireland,HUMAN_OBSERVATION
53.311427,-3.509125,2003,8,United Kingdom of Great Britain and Northern Ireland,HUMAN_OBSERVATION
53.311697,-4.138091,1997,7,United Kingdom of Great Britain and Northern Ireland,HUMAN_OBSERVATION
53.312292,-4.204174,2000,8,United Kingdom of Great Britain and Northern Ireland,HUMAN_OBSERVATION
53.31243,-4.045055,1997,7,United Kingdom of Great Britain and Northern Ireland,HUMAN_OBSERVATION
53.31243,-4.045055,1997,7,United Kingdom of Great Britain and Northern Ireland,HUMAN_OBSERVATION
53.31243,-4.045055,1997,7,United Kingdom of Great Britain and Northern Ireland,HUMAN_OBSERVATION
53.31243,-4.045055,1997,7,United Kingdom of Great Britain and Northern Ireland,HUMAN_OBSERVATION
53.31277,-4.624559,2003,6,United Kingdom of Great Britain and Northern Ireland,HUMAN_OBSERVATION
53.312968,-3.75761,2001,7,United Kingdom of Great Britain and Northern Ireland,HUMAN_OBSERVATION
53.313046,-4.035326,2001,8,United Kingdom of Great Britain and Northern Ireland,HUMAN_OBSERVATION
53.313301,-4.020326,2001,8,United Kingdom of Great Britain and Northern Ireland,HUMAN_OBSERVATION
53.313568,-4.629112,2003,6,United Kingdom of Great Britain and Northern Ireland,HUMAN_OBSERVATION
53.31363,-3.508217,2011,7,United Kingdom of Great Britain and Northern Ireland,HUMAN_OBSERVATION
53.314811,-3.525757,,,United Kingdom of Great Britain and Northern Ireland,HUMAN_OBSERVATION
53.31533,-4.033183,1997,7,United Kingdom of Great Britain and Northern Ireland,HUMAN_OBSERVATION
53.31533,-4.033183,1997,7,United Kingdom of Great Britain and Northern Ireland,HUMAN_OBSERVATION
53.315774,-4.210358,2000,8,United Kingdom of Great Britain and Northern Ireland,HUMAN_OBSERVATION
53.315825,-3.516786,,,United Kingdom of Great Britain and Northern Ireland,HUMAN_OBSERVATION
53.316234,-3.749487,2001,7,United Kingdom of Great Britain and Northern Ireland,HUMAN_OBSERVATION
53.3163,-3.744986,2001,7,United Kingdom of Great Britain and Northern Ireland,HUMAN_OBSERVATION
53.316685,-3.519819,,,United Kingdom of Great Britain and Northern Ireland,HUMAN_OBSERVATION
53.316987,-4.093315,1997,7,United Kingdom of Great Britain and Northern Ireland,HUMAN_OBSERVATION
53.316987,-4.093315,1997,7,United Kingdom of Great Britain and Northern Ireland,HUMAN_OBSERVATION
53.316987,-4.093315,1997,7,United Kingdom of Great Britain and Northern Ireland,HUMAN_OBSERVATION
53.317028,-4.635331,2003,6,United Kingdom of Great Britain and Northern Ireland,HUMAN_OBSERVATION
53.317062,-4.634829,2022,6,United Kingdom of Great Britain and Northern Ireland,HUMAN_OBSERVATION
53.317069,-4.634808,2022,6,United Kingdom of Great Britain and Northern Ireland,HUMAN_OBSERVATION
53.317514,-4.213451,2000,8,United Kingdom of Great Britain and Northern Ireland,HUMAN_OBSERVATION
53.317854,-3.761564,2001,7,United Kingdom of Great Britain and Northern Ireland,HUMAN_OBSERVATION
53.318097,-3.74506,1997,7,United Kingdom of Great Britain and Northern Ireland,HUMAN_OBSERVATION
53.318097,-3.74506,1997,7,United Kingdom of Great Britain and Northern Ireland,HUMAN_OBSERVATION
53.318403,-4.572351,,,United Kingdom of Great Britain and Northern Ireland,HUMAN_OBSERVATION
53.318551,-3.003467,1979,1,United Kingdom of Great Britain and Northern Ireland,HUMAN_OBSERVATION
53.31876,-4.217318,2020,9,United Kingdom of Great Britain and Northern Ireland,HUMAN_OBSERVATION
53.319021,-4.666987,2003,6,United Kingdom of Great Britain and Northern Ireland,HUMAN_OBSERVATION
53.319395,-3.247436,2002,,United Kingdom of Great Britain and Northern Ireland,HUMAN_OBSERVATION
53.32,6.89,1954,3,Netherlands,HUMAN_OBSERVATION
53.321,-4.577012,,,United Kingdom of Great Britain and Northern Ireland,HUMAN_OBSERVATION
53.321052,-3.847276,2000,7,United Kingdom of Great Britain and Northern Ireland,HUMAN_OBSERVATION
53.321332,-3.276768,,,United Kingdom of Great Britain and Northern Ireland,HUMAN_OBSERVATION
53.32228,-3.766251,2001,7,United Kingdom of Great Britain and Northern Ireland,HUMAN_OBSERVATION
53.322746,-4.020022,1997,7,United Kingdom of Great Britain and Northern Ireland,HUMAN_OBSERVATION
53.323125,-3.802847,2011,7,United Kingdom of Great Britain and Northern Ireland,HUMAN_OBSERVATION
53.32345,-4.208503,2000,8,United Kingdom of Great Britain and Northern Ireland,HUMAN_OBSERVATION
53.323983,-9.580272,2016,,Ireland,HUMAN_OBSERVATION
53.324064,-3.505067,,,United Kingdom of Great Britain and Northern Ireland,HUMAN_OBSERVATION
53.325414,-3.827454,2022,10,United Kingdom of Great Britain and Northern Ireland,HUMAN_OBSERVATION
53.326111,-3.780674,2000,7,United Kingdom of Great Britain and Northern Ireland,HUMAN_OBSERVATION
53.32666,-3.77394,1997,7,United Kingdom of Great Britain and Northern Ireland,HUMAN_OBSERVATION
53.32666,-3.77394,1997,7,United Kingdom of Great Britain and Northern Ireland,HUMAN_OBSERVATION
53.327255,-4.221464,2001,5,United Kingdom of Great Britain and Northern Ireland,HUMAN_OBSERVATION
53.327559,-3.773977,2000,7,United Kingdom of Great Britain and Northern Ireland,HUMAN_OBSERVATION
53.327618,-3.82954,2000,7,United Kingdom of Great Britain and Northern Ireland,HUMAN_OBSERVATION
53.327816,-3.829071,2020,7,United Kingdom of Great Britain and Northern Ireland,HUMAN_OBSERVATION
53.327977,-3.479678,,,United Kingdom of Great Britain and Northern Ireland,HUMAN_OBSERVATION
53.32881,-3.868635,2000,7,United Kingdom of Great Britain and Northern Ireland,HUMAN_OBSERVATION
53.328969,-3.778916,2001,8,United Kingdom of Great Britain and Northern Ireland,HUMAN_OBSERVATION
53.328969,-3.778916,2001,8,United Kingdom of Great Britain and Northern Ireland,HUMAN_OBSERVATION
53.328969,-3.778916,2001,8,United Kingdom of Great Britain and Northern Ireland,HUMAN_OBSERVATION
53.329242,-3.293522,,,United Kingdom of Great Britain and Northern Ireland,HUMAN_OBSERVATION
53.329811,-3.476738,,,United Kingdom of Great Britain and Northern Ireland,HUMAN_OBSERVATION
53.329849,-3.473736,,,United Kingdom of Great Britain and Northern Ireland,HUMAN_OBSERVATION
53.329867,-3.472235,,,United Kingdom of Great Britain and Northern Ireland,HUMAN_OBSERVATION
53.330766,-3.472266,,,United Kingdom of Great Britain and Northern Ireland,HUMAN_OBSERVATION
53.331235,-3.828193,1997,7,United Kingdom of Great Britain and Northern Ireland,HUMAN_OBSERVATION
53.331773,-3.828774,2005,5,United Kingdom of Great Britain and Northern Ireland,HUMAN_OBSERVATION
53.331773,-3.828774,2005,5,United Kingdom of Great Britain and Northern Ireland,HUMAN_OBSERVATION
53.331851,-3.89924,2007,3,United Kingdom of Great Britain and Northern Ireland,HUMAN_OBSERVATION
53.332231,-3.829395,2005,5,United Kingdom of Great Britain and Northern Ireland,HUMAN_OBSERVATION
53.332231,-3.829395,2005,5,United Kingdom of Great Britain and Northern Ireland,HUMAN_OBSERVATION
53.332256,-3.829516,2005,5,United Kingdom of Great Britain and Northern Ireland,HUMAN_OBSERVATION
53.332256,-3.829516,2005,5,United Kingdom of Great Britain and Northern Ireland,HUMAN_OBSERVATION
53.3326,-3.829966,2005,5,United Kingdom of Great Britain and Northern Ireland,HUMAN_OBSERVATION
53.332618,-3.829982,2005,5,United Kingdom of Great Britain and Northern Ireland,HUMAN_OBSERVATION
53.332627,-3.829982,2005,5,United Kingdom of Great Britain and Northern Ireland,HUMAN_OBSERVATION
53.332627,-3.829982,2005,5,United Kingdom of Great Britain and Northern Ireland,HUMAN_OBSERVATION
53.332696,-3.83018,2005,5,United Kingdom of Great Britain and Northern Ireland,HUMAN_OBSERVATION
53.332696,-3.83018,2005,5,United Kingdom of Great Britain and Northern Ireland,HUMAN_OBSERVATION
53.332707,-3.830016,2005,5,United Kingdom of Great Britain and Northern Ireland,HUMAN_OBSERVATION
53.33289,-4.62955,2003,,United Kingdom of Great Britain and Northern Ireland,HUMAN_OBSERVATION
53.33289,-4.62955,,,United Kingdom of Great Britain and Northern Ireland,HUMAN_OBSERVATION
53.33321,-3.830668,2005,5,United Kingdom of Great Britain and Northern Ireland,HUMAN_OBSERVATION
53.33321,-3.830668,2005,5,United Kingdom of Great Britain and Northern Ireland,HUMAN_OBSERVATION
53.333254,-3.830685,2005,5,United Kingdom of Great Britain and Northern Ireland,HUMAN_OBSERVATION
53.333254,-3.830685,2005,5,United Kingdom of Great Britain and Northern Ireland,HUMAN_OBSERVATION
53.333271,-3.830776,2005,5,United Kingdom of Great Britain and Northern Ireland,HUMAN_OBSERVATION
53.33329,-3.830701,2005,5,United Kingdom of Great Britain and Northern Ireland,HUMAN_OBSERVATION
53.333293,-3.830506,2005,5,United Kingdom of Great Britain and Northern Ireland,HUMAN_OBSERVATION
53.333293,-3.830506,2005,5,United Kingdom of Great Britain and Northern Ireland,HUMAN_OBSERVATION
53.333303,-3.830417,2005,5,United Kingdom of Great Britain and Northern Ireland,HUMAN_OBSERVATION
53.333303,-3.830417,2005,5,United Kingdom of Great Britain and Northern Ireland,HUMAN_OBSERVATION
53.333313,-3.830372,2005,5,United Kingdom of Great Britain and Northern Ireland,HUMAN_OBSERVATION
53.33332,-3.830508,2005,5,United Kingdom of Great Britain and Northern Ireland,HUMAN_OBSERVATION
53.33332,-3.830508,2005,5,United Kingdom of Great Britain and Northern Ireland,HUMAN_OBSERVATION
53.33334,-3.830358,2005,5,United Kingdom of Great Britain and Northern Ireland,HUMAN_OBSERVATION
53.333358,-3.830374,2005,5,United Kingdom of Great Britain and Northern Ireland,HUMAN_OBSERVATION
53.333358,-3.830374,2005,5,United Kingdom of Great Britain and Northern Ireland,HUMAN_OBSERVATION
53.333571,-4.57777,,,United Kingdom of Great Britain and Northern Ireland,HUMAN_OBSERVATION
53.334059,-3.877876,1997,7,United Kingdom of Great Britain and Northern Ireland,HUMAN_OBSERVATION
53.334059,-3.877876,1997,7,United Kingdom of Great Britain and Northern Ireland,HUMAN_OBSERVATION
53.334059,-3.877876,1997,7,United Kingdom of Great Britain and Northern Ireland,HUMAN_OBSERVATION
53.334059,-3.877876,1997,7,United Kingdom of Great Britain and Northern Ireland,HUMAN_OBSERVATION
53.334536,-3.302693,,,United Kingdom of Great Britain and Northern Ireland,HUMAN_OBSERVATION
53.335607,-3.443898,,,United Kingdom of Great Britain and Northern Ireland,HUMAN_OBSERVATION
53.338904,-4.223572,1997,7,United Kingdom of Great Britain and Northern Ireland,HUMAN_OBSERVATION
53.338904,-4.223572,1997,7,United Kingdom of Great Britain and Northern Ireland,HUMAN_OBSERVATION
53.338904,-4.223572,1997,7,United Kingdom of Great Britain and Northern Ireland,HUMAN_OBSERVATION
53.338904,-4.223572,1997,7,United Kingdom of Great Britain and Northern Ireland,HUMAN_OBSERVATION
53.339129,-4.329487,2003,6,United Kingdom of Great Britain and Northern Ireland,HUMAN_OBSERVATION
53.339964,-3.876859,2001,9,United Kingdom of Great Britain and Northern Ireland,HUMAN_OBSERVATION
53.340647,-3.145171,2010,7,United Kingdom of Great Britain and Northern Ireland,HUMAN_OBSERVATION
53.341966,-4.179415,2001,5,United Kingdom of Great Britain and Northern Ireland,HUMAN_OBSERVATION
53.341966,-4.179415,2000,8,United Kingdom of Great Britain and Northern Ireland,HUMAN_OBSERVATION
53.342444,-3.145219,2010,7,United Kingdom of Great Britain and Northern Ireland,HUMAN_OBSERVATION
53.342525,-3.311949,,,United Kingdom of Great Britain and Northern Ireland,HUMAN_OBSERVATION
53.344614,-4.029319,,,United Kingdom of Great Britain and Northern Ireland,HUMAN_OBSERVATION
53.344614,-4.029319,,,United Kingdom of Great Britain and Northern Ireland,HUMAN_OBSERVATION
53.345254,-3.309028,,,United Kingdom of Great Britain and Northern Ireland,HUMAN_OBSERVATION
53.345455,-3.789282,2023,1,United Kingdom of Great Britain and Northern Ireland,HUMAN_OBSERVATION
53.346892,-3.402216,,,United Kingdom of Great Britain and Northern Ireland,HUMAN_OBSERVATION
53.346945,-3.397711,,,United Kingdom of Great Britain and Northern Ireland,HUMAN_OBSERVATION
53.347074,-3.879199,2000,7,United Kingdom of Great Britain and Northern Ireland,HUMAN_OBSERVATION
53.347074,-3.879199,2000,7,United Kingdom of Great Britain and Northern Ireland,HUMAN_OBSERVATION
53.347074,-3.879199,2000,7,United Kingdom of Great Britain and Northern Ireland,HUMAN_OBSERVATION
53.347117,-3.303076,,,United Kingdom of Great Britain and Northern Ireland,HUMAN_OBSERVATION
53.348794,-3.393265,,,United Kingdom of Great Britain and Northern Ireland,HUMAN_OBSERVATION
53.349345,-3.729059,2001,7,United Kingdom of Great Britain and Northern Ireland,HUMAN_OBSERVATION
53.352459,-3.387375,,,United Kingdom of Great Britain and Northern Ireland,HUMAN_OBSERVATION
53.352476,-3.385873,,,United Kingdom of Great Britain and Northern Ireland,HUMAN_OBSERVATION
53.353319,-3.42872,2018,4,United Kingdom of Great Britain and Northern Ireland,HUMAN_OBSERVATION
53.353319,-3.42872,2018,4,United Kingdom of Great Britain and Northern Ireland,HUMAN_OBSERVATION
53.353319,-3.42872,2018,4,United Kingdom of Great Britain and Northern Ireland,HUMAN_OBSERVATION
53.353319,-3.42872,2018,4,United Kingdom of Great Britain and Northern Ireland,HUMAN_OBSERVATION
53.353319,-3.42872,2018,4,United Kingdom of Great Britain and Northern Ireland,HUMAN_OBSERVATION
53.353319,-3.42872,2018,4,United Kingdom of Great Britain and Northern Ireland,HUMAN_OBSERVATION
53.353319,-3.42872,2018,4,United Kingdom of Great Britain and Northern Ireland,HUMAN_OBSERVATION
53.353319,-3.42872,2018,4,United Kingdom of Great Britain and Northern Ireland,HUMAN_OBSERVATION
53.353319,-3.42872,2018,4,United Kingdom of Great Britain and Northern Ireland,HUMAN_OBSERVATION
53.353319,-3.42872,2018,4,United Kingdom of Great Britain and Northern Ireland,HUMAN_OBSERVATION
53.353319,-3.42872,2018,4,United Kingdom of Great Britain and Northern Ireland,HUMAN_OBSERVATION
53.353319,-3.42872,2018,4,United Kingdom of Great Britain and Northern Ireland,HUMAN_OBSERVATION
53.353319,-3.42872,2018,4,United Kingdom of Great Britain and Northern Ireland,HUMAN_OBSERVATION
53.353319,-3.42872,2018,4,United Kingdom of Great Britain and Northern Ireland,HUMAN_OBSERVATION
53.353319,-3.42872,2018,4,United Kingdom of Great Britain and Northern Ireland,HUMAN_OBSERVATION
53.353319,-3.42872,2018,4,United Kingdom of Great Britain and Northern Ireland,HUMAN_OBSERVATION
53.353319,-3.42872,2018,4,United Kingdom of Great Britain and Northern Ireland,HUMAN_OBSERVATION
53.353319,-3.42872,2018,4,United Kingdom of Great Britain and Northern Ireland,HUMAN_OBSERVATION
53.353319,-3.42872,2018,4,United Kingdom of Great Britain and Northern Ireland,HUMAN_OBSERVATION
53.353319,-3.42872,2018,4,United Kingdom of Great Britain and Northern Ireland,HUMAN_OBSERVATION
53.353319,-3.42872,2018,4,United Kingdom of Great Britain and Northern Ireland,HUMAN_OBSERVATION
53.353319,-3.42872,2018,4,United Kingdom of Great Britain and Northern Ireland,HUMAN_OBSERVATION
53.353319,-3.42872,2018,4,United Kingdom of Great Britain and Northern Ireland,HUMAN_OBSERVATION
53.353319,-3.42872,2018,4,United Kingdom of Great Britain and Northern Ireland,HUMAN_OBSERVATION
53.353319,-3.42872,2018,4,United Kingdom of Great Britain and Northern Ireland,HUMAN_OBSERVATION
53.353319,-3.42872,2018,4,United Kingdom of Great Britain and Northern Ireland,HUMAN_OBSERVATION
53.353319,-3.42872,2018,4,United Kingdom of Great Britain and Northern Ireland,HUMAN_OBSERVATION
53.353319,-3.42872,2018,4,United Kingdom of Great Britain and Northern Ireland,HUMAN_OBSERVATION
53.353319,-3.42872,2018,4,United Kingdom of Great Britain and Northern Ireland,HUMAN_OBSERVATION
53.353319,-3.42872,2018,4,United Kingdom of Great Britain and Northern Ireland,HUMAN_OBSERVATION
53.353319,-3.42872,2017,7,United Kingdom of Great Britain and Northern Ireland,HUMAN_OBSERVATION
53.353319,-3.42872,2017,7,United Kingdom of Great Britain and Northern Ireland,HUMAN_OBSERVATION
53.353319,-3.42872,2017,7,United Kingdom of Great Britain and Northern Ireland,HUMAN_OBSERVATION
53.353319,-3.42872,2017,7,United Kingdom of Great Britain and Northern Ireland,HUMAN_OBSERVATION
53.353319,-3.42872,2017,7,United Kingdom of Great Britain and Northern Ireland,HUMAN_OBSERVATION
53.353319,-3.42872,2017,7,United Kingdom of Great Britain and Northern Ireland,HUMAN_OBSERVATION
53.353319,-3.42872,2017,7,United Kingdom of Great Britain and Northern Ireland,HUMAN_OBSERVATION
53.353319,-3.42872,2017,7,United Kingdom of Great Britain and Northern Ireland,HUMAN_OBSERVATION
53.353319,-3.42872,2017,7,United Kingdom of Great Britain and Northern Ireland,HUMAN_OBSERVATION
53.353319,-3.42872,2017,7,United Kingdom of Great Britain and Northern Ireland,HUMAN_OBSERVATION
53.353319,-3.42872,2017,7,United Kingdom of Great Britain and Northern Ireland,HUMAN_OBSERVATION
53.353319,-3.42872,2017,7,United Kingdom of Great Britain and Northern Ireland,HUMAN_OBSERVATION
53.353319,-3.42872,2017,7,United Kingdom of Great Britain and Northern Ireland,HUMAN_OBSERVATION
53.353319,-3.42872,2017,7,United Kingdom of Great Britain and Northern Ireland,HUMAN_OBSERVATION
53.353319,-3.42872,2017,7,United Kingdom of Great Britain and Northern Ireland,HUMAN_OBSERVATION
53.353319,-3.42872,2017,7,United Kingdom of Great Britain and Northern Ireland,HUMAN_OBSERVATION
53.353319,-3.42872,2017,7,United Kingdom of Great Britain and Northern Ireland,HUMAN_OBSERVATION
53.353319,-3.42872,2017,7,United Kingdom of Great Britain and Northern Ireland,HUMAN_OBSERVATION
53.353319,-3.42872,2017,7,United Kingdom of Great Britain and Northern Ireland,HUMAN_OBSERVATION
53.353319,-3.42872,2017,7,United Kingdom of Great Britain and Northern Ireland,HUMAN_OBSERVATION
53.353319,-3.42872,2017,7,United Kingdom of Great Britain and Northern Ireland,HUMAN_OBSERVATION
53.353319,-3.42872,2017,7,United Kingdom of Great Britain and Northern Ireland,HUMAN_OBSERVATION
53.353319,-3.42872,2017,7,United Kingdom of Great Britain and Northern Ireland,HUMAN_OBSERVATION
53.353319,-3.42872,2017,7,United Kingdom of Great Britain and Northern Ireland,HUMAN_OBSERVATION
53.353319,-3.42872,2017,7,United Kingdom of Great Britain and Northern Ireland,HUMAN_OBSERVATION
53.353319,-3.42872,2017,7,United Kingdom of Great Britain and Northern Ireland,HUMAN_OBSERVATION
53.353319,-3.42872,2017,7,United Kingdom of Great Britain and Northern Ireland,HUMAN_OBSERVATION
53.353319,-3.42872,2017,7,United Kingdom of Great Britain and Northern Ireland,HUMAN_OBSERVATION
53.353319,-3.42872,2017,7,United Kingdom of Great Britain and Northern Ireland,HUMAN_OBSERVATION
53.353319,-3.42872,2017,7,United Kingdom of Great Britain and Northern Ireland,HUMAN_OBSERVATION
53.353319,-3.42872,2017,7,United Kingdom of Great Britain and Northern Ireland,HUMAN_OBSERVATION
53.353319,-3.42872,2017,7,United Kingdom of Great Britain and Northern Ireland,HUMAN_OBSERVATION
53.353319,-3.42872,2017,7,United Kingdom of Great Britain and Northern Ireland,HUMAN_OBSERVATION
53.353319,-3.42872,2017,7,United Kingdom of Great Britain and Northern Ireland,HUMAN_OBSERVATION
53.353319,-3.42872,2017,7,United Kingdom of Great Britain and Northern Ireland,HUMAN_OBSERVATION
53.353319,-3.42872,2017,7,United Kingdom of Great Britain and Northern Ireland,HUMAN_OBSERVATION
53.353319,-3.42872,2017,7,United Kingdom of Great Britain and Northern Ireland,HUMAN_OBSERVATION
53.353319,-3.42872,2017,7,United Kingdom of Great Britain and Northern Ireland,HUMAN_OBSERVATION
53.353319,-3.42872,2017,7,United Kingdom of Great Britain and Northern Ireland,HUMAN_OBSERVATION
53.353319,-3.42872,2017,7,United Kingdom of Great Britain and Northern Ireland,HUMAN_OBSERVATION
53.353319,-3.42872,2017,7,United Kingdom of Great Britain and Northern Ireland,HUMAN_OBSERVATION
53.353319,-3.42872,2017,7,United Kingdom of Great Britain and Northern Ireland,HUMAN_OBSERVATION
53.353319,-3.42872,2017,8,United Kingdom of Great Britain and Northern Ireland,HUMAN_OBSERVATION
53.353319,-3.42872,2017,8,United Kingdom of Great Britain and Northern Ireland,HUMAN_OBSERVATION
53.353319,-3.42872,2017,8,United Kingdom of Great Britain and Northern Ireland,HUMAN_OBSERVATION
53.353319,-3.42872,2017,8,United Kingdom of Great Britain and Northern Ireland,HUMAN_OBSERVATION
53.353319,-3.42872,2017,8,United Kingdom of Great Britain and Northern Ireland,HUMAN_OBSERVATION
53.353319,-3.42872,2017,8,United Kingdom of Great Britain and Northern Ireland,HUMAN_OBSERVATION
53.353319,-3.42872,2017,8,United Kingdom of Great Britain and Northern Ireland,HUMAN_OBSERVATION
53.353319,-3.42872,2017,8,United Kingdom of Great Britain and Northern Ireland,HUMAN_OBSERVATION
53.353319,-3.42872,2017,8,United Kingdom of Great Britain and Northern Ireland,HUMAN_OBSERVATION
53.353319,-3.42872,2017,8,United Kingdom of Great Britain and Northern Ireland,HUMAN_OBSERVATION
53.353319,-3.42872,2017,8,United Kingdom of Great Britain and Northern Ireland,HUMAN_OBSERVATION
53.353319,-3.42872,2017,8,United Kingdom of Great Britain and Northern Ireland,HUMAN_OBSERVATION
53.353319,-3.42872,2017,8,United Kingdom of Great Britain and Northern Ireland,HUMAN_OBSERVATION
53.353319,-3.42872,2017,8,United Kingdom of Great Britain and Northern Ireland,HUMAN_OBSERVATION
53.353319,-3.42872,2017,8,United Kingdom of Great Britain and Northern Ireland,HUMAN_OBSERVATION
53.353319,-3.42872,2017,8,United Kingdom of Great Britain and Northern Ireland,HUMAN_OBSERVATION
53.353319,-3.42872,2017,8,United Kingdom of Great Britain and Northern Ireland,HUMAN_OBSERVATION
53.353319,-3.42872,2017,8,United Kingdom of Great Britain and Northern Ireland,HUMAN_OBSERVATION
53.353319,-3.42872,2017,8,United Kingdom of Great Britain and Northern Ireland,HUMAN_OBSERVATION
53.353319,-3.42872,2017,8,United Kingdom of Great Britain and Northern Ireland,HUMAN_OBSERVATION
53.353319,-3.42872,2017,8,United Kingdom of Great Britain and Northern Ireland,HUMAN_OBSERVATION
53.353319,-3.42872,2017,8,United Kingdom of Great Britain and Northern Ireland,HUMAN_OBSERVATION
53.353319,-3.42872,2017,8,United Kingdom of Great Britain and Northern Ireland,HUMAN_OBSERVATION
53.353319,-3.42872,2017,8,United Kingdom of Great Britain and Northern Ireland,HUMAN_OBSERVATION
53.353319,-3.42872,2017,8,United Kingdom of Great Britain and Northern Ireland,HUMAN_OBSERVATION
53.353319,-3.42872,2017,8,United Kingdom of Great Britain and Northern Ireland,HUMAN_OBSERVATION
53.353319,-3.42872,2017,8,United Kingdom of Great Britain and Northern Ireland,HUMAN_OBSERVATION
53.353319,-3.42872,2017,8,United Kingdom of Great Britain and Northern Ireland,HUMAN_OBSERVATION
53.353319,-3.42872,2017,8,United Kingdom of Great Britain and Northern Ireland,HUMAN_OBSERVATION
53.353319,-3.42872,2017,8,United Kingdom of Great Britain and Northern Ireland,HUMAN_OBSERVATION
53.353319,-3.42872,,,United Kingdom of Great Britain and Northern Ireland,HUMAN_OBSERVATION
53.355023,-3.278526,,,United Kingdom of Great Britain and Northern Ireland,HUMAN_OBSERVATION
53.358552,-4.230607,1997,7,United Kingdom of Great Britain and Northern Ireland,HUMAN_OBSERVATION
53.358552,-4.230607,1997,7,United Kingdom of Great Britain and Northern Ireland,HUMAN_OBSERVATION
53.359533,-3.318482,,,United Kingdom of Great Britain and Northern Ireland,HUMAN_OBSERVATION
53.359811,-4.259227,2003,6,United Kingdom of Great Britain and Northern Ireland,HUMAN_OBSERVATION
53.359839,-4.257726,2003,6,United Kingdom of Great Britain and Northern Ireland,HUMAN_OBSERVATION
53.366882,-4.265614,2003,6,United Kingdom of Great Britain and Northern Ireland,HUMAN_OBSERVATION
53.368124,-3.184984,1997,,United Kingdom of Great Britain and Northern Ireland,HUMAN_OBSERVATION
53.371523,-3.204618,1980,,United Kingdom of Great Britain and Northern Ireland,HUMAN_OBSERVATION
53.372668,-4.55758,1996,8,United Kingdom of Great Britain and Northern Ireland,HUMAN_OBSERVATION
53.372709,-4.556965,2020,7,United Kingdom of Great Britain and Northern Ireland,HUMAN_OBSERVATION
53.372709,-4.556965,2020,7,United Kingdom of Great Britain and Northern Ireland,HUMAN_OBSERVATION
53.373426,-3.189716,2009,10,United Kingdom of Great Britain and Northern Ireland,HUMAN_OBSERVATION
53.375606,-4.279609,2003,6,United Kingdom of Great Britain and Northern Ireland,HUMAN_OBSERVATION
53.37591,-3.215265,1980,,United Kingdom of Great Britain and Northern Ireland,HUMAN_OBSERVATION
53.377431,-4.278203,1997,7,United Kingdom of Great Britain and Northern Ireland,HUMAN_OBSERVATION
53.377431,-4.278203,1997,7,United Kingdom of Great Britain and Northern Ireland,HUMAN_OBSERVATION
53.378529,-3.222856,1990,5,United Kingdom of Great Britain and Northern Ireland,HUMAN_OBSERVATION
53.378529,-3.222856,1990,5,United Kingdom of Great Britain and Northern Ireland,HUMAN_OBSERVATION
53.378529,-3.222856,1990,5,United Kingdom of Great Britain and Northern Ireland,HUMAN_OBSERVATION
53.382992,-3.225991,1980,,United Kingdom of Great Britain and Northern Ireland,HUMAN_OBSERVATION
53.385657,-3.229074,1990,5,United Kingdom of Great Britain and Northern Ireland,HUMAN_OBSERVATION
53.385672,-3.227571,1990,5,United Kingdom of Great Britain and Northern Ireland,HUMAN_OBSERVATION
53.385672,-3.227571,1990,5,United Kingdom of Great Britain and Northern Ireland,HUMAN_OBSERVATION
53.385672,-3.227571,1990,5,United Kingdom of Great Britain and Northern Ireland,HUMAN_OBSERVATION
53.385672,-3.227571,1990,5,United Kingdom of Great Britain and Northern Ireland,HUMAN_OBSERVATION
53.386571,-3.227597,1990,5,United Kingdom of Great Britain and Northern Ireland,HUMAN_OBSERVATION
53.386571,-3.227597,1990,5,United Kingdom of Great Britain and Northern Ireland,HUMAN_OBSERVATION
53.386571,-3.227597,1990,5,United Kingdom of Great Britain and Northern Ireland,HUMAN_OBSERVATION
53.389542,-3.200616,1990,5,United Kingdom of Great Britain and Northern Ireland,HUMAN_OBSERVATION
53.392361,-6.089633,2020,3,Ireland,HUMAN_OBSERVATION
53.392387,-6.0902,2020,3,Ireland,HUMAN_OBSERVATION
53.392387,-6.0902,2020,3,Ireland,HUMAN_OBSERVATION
53.398245,-2.986542,2012,2,United Kingdom of Great Britain and Northern Ireland,HUMAN_OBSERVATION
53.4,6.05,2016,3,Netherlands,HUMAN_OBSERVATION
53.4,6.05,2014,8,Netherlands,HUMAN_OBSERVATION
53.4,6.2,2016,4,Netherlands,HUMAN_OBSERVATION
53.4,6.2,2016,4,Netherlands,HUMAN_OBSERVATION
53.4,6.25,2016,7,Netherlands,HUMAN_OBSERVATION
53.4,6.4,2007,12,Netherlands,HUMAN_OBSERVATION
53.408567,-4.453654,2003,7,United Kingdom of Great Britain and Northern Ireland,HUMAN_OBSERVATION
53.409297,-3.008611,2003,1,United Kingdom of Great Britain and Northern Ireland,HUMAN_OBSERVATION
53.409587,-3.00937,2003,1,United Kingdom of Great Britain and Northern Ireland,HUMAN_OBSERVATION
53.411647,-4.521547,2003,7,United Kingdom of Great Britain and Northern Ireland,HUMAN_OBSERVATION
53.412271,-4.513307,2003,7,United Kingdom of Great Britain and Northern Ireland,HUMAN_OBSERVATION
53.412303,6.230208,2018,9,Netherlands,HUMAN_OBSERVATION
53.412303,6.230208,2018,9,Netherlands,HUMAN_OBSERVATION
53.412365,-4.293447,2003,2,United Kingdom of Great Britain and Northern Ireland,HUMAN_OBSERVATION
53.412365,-4.293447,2003,6,United Kingdom of Great Britain and Northern Ireland,HUMAN_OBSERVATION
53.412365,-4.293447,2003,6,United Kingdom of Great Britain and Northern Ireland,HUMAN_OBSERVATION
53.412685,-4.450129,2003,7,United Kingdom of Great Britain and Northern Ireland,HUMAN_OBSERVATION
53.4133,-4.28313,1997,7,United Kingdom of Great Britain and Northern Ireland,HUMAN_OBSERVATION
53.4133,-4.28313,1997,7,United Kingdom of Great Britain and Northern Ireland,HUMAN_OBSERVATION
53.4133,-4.28313,1997,7,United Kingdom of Great Britain and Northern Ireland,HUMAN_OBSERVATION
53.4133,-4.28313,1997,7,United Kingdom of Great Britain and Northern Ireland,HUMAN_OBSERVATION
53.4133,-4.28313,1997,7,United Kingdom of Great Britain and Northern Ireland,HUMAN_OBSERVATION
53.416308,-4.448832,2003,7,United Kingdom of Great Britain and Northern Ireland,HUMAN_OBSERVATION
53.416886,-4.332458,2003,6,United Kingdom of Great Britain and Northern Ireland,HUMAN_OBSERVATION
53.417,5.324,2019,10,Netherlands,HUMAN_OBSERVATION
53.417,5.324,1981,3,Netherlands,HUMAN_OBSERVATION
53.417,5.324,1980,11,Netherlands,HUMAN_OBSERVATION
53.417,5.324,1980,11,Netherlands,HUMAN_OBSERVATION
53.417,5.324,1976,10,Netherlands,HUMAN_OBSERVATION
53.417,5.324,1952,4,Netherlands,HUMAN_OBSERVATION
53.417,5.324,1951,11,Netherlands,HUMAN_OBSERVATION
53.417,5.324,1950,8,Netherlands,HUMAN_OBSERVATION
53.417,5.324,1950,8,Netherlands,HUMAN_OBSERVATION
53.417013,-4.323646,2003,2,United Kingdom of Great Britain and Northern Ireland,HUMAN_OBSERVATION
53.417244,-4.327962,2003,2,United Kingdom of Great Britain and Northern Ireland,HUMAN_OBSERVATION
53.417244,-4.327962,2003,2,United Kingdom of Great Britain and Northern Ireland,HUMAN_OBSERVATION
53.417244,-4.327962,2003,6,United Kingdom of Great Britain and Northern Ireland,HUMAN_OBSERVATION
53.417744,-4.333197,2003,2,United Kingdom of Great Britain and Northern Ireland,HUMAN_OBSERVATION
53.417744,-4.333197,2003,2,United Kingdom of Great Britain and Northern Ireland,HUMAN_OBSERVATION
53.417744,-4.333197,2003,6,United Kingdom of Great Britain and Northern Ireland,HUMAN_OBSERVATION
53.420083,-4.610096,2003,8,United Kingdom of Great Britain and Northern Ireland,HUMAN_OBSERVATION
53.4201,-3.108181,1990,5,United Kingdom of Great Britain and Northern Ireland,HUMAN_OBSERVATION
53.4201,-3.108181,1990,5,United Kingdom of Great Britain and Northern Ireland,HUMAN_OBSERVATION
53.421572,-4.47698,2003,,United Kingdom of Great Britain and Northern Ireland,HUMAN_OBSERVATION
53.424742,-4.387603,2003,6,United Kingdom of Great Britain and Northern Ireland,HUMAN_OBSERVATION
53.424742,-4.387603,2003,6,United Kingdom of Great Britain and Northern Ireland,HUMAN_OBSERVATION
53.425906,-4.484759,2012,6,United Kingdom of Great Britain and Northern Ireland,HUMAN_OBSERVATION
53.425906,-4.484759,2012,6,United Kingdom of Great Britain and Northern Ireland,HUMAN_OBSERVATION
53.425906,-4.484759,2012,6,United Kingdom of Great Britain and Northern Ireland,HUMAN_OBSERVATION
53.425906,-4.484759,2011,4,United Kingdom of Great Britain and Northern Ireland,HUMAN_OBSERVATION
53.425906,-4.484759,2010,,United Kingdom of Great Britain and Northern Ireland,HUMAN_OBSERVATION
53.425906,-4.484759,2009,,United Kingdom of Great Britain and Northern Ireland,HUMAN_OBSERVATION
53.425906,-4.484759,2008,,United Kingdom of Great Britain and Northern Ireland,HUMAN_OBSERVATION
53.425906,-4.484759,2003,,United Kingdom of Great Britain and Northern Ireland,HUMAN_OBSERVATION
53.426436,-3.001492,2011,4,United Kingdom of Great Britain and Northern Ireland,HUMAN_OBSERVATION
53.428941,-4.334398,2003,6,United Kingdom of Great Britain and Northern Ireland,HUMAN_OBSERVATION
53.429512,-3.009842,2011,4,United Kingdom of Great Britain and Northern Ireland,HUMAN_OBSERVATION
53.433669,-6.121682,2023,8,Ireland,HUMAN_OBSERVATION
53.435459,-3.050833,2020,8,United Kingdom of Great Britain and Northern Ireland,HUMAN_OBSERVATION
53.442132,-3.042285,2015,2,United Kingdom of Great Britain and Northern Ireland,HUMAN_OBSERVATION
53.44319,-3.039525,1990,5,United Kingdom of Great Britain and Northern Ireland,HUMAN_OBSERVATION
53.444075,-3.041053,1990,5,United Kingdom of Great Britain and Northern Ireland,HUMAN_OBSERVATION
53.445971,-6.130284,2023,6,Ireland,HUMAN_OBSERVATION
53.445971,-6.130284,2023,6,Ireland,HUMAN_OBSERVATION
53.447,6.87,2023,8,Netherlands,HUMAN_OBSERVATION
53.447,6.87,2021,5,Netherlands,HUMAN_OBSERVATION
53.45,5.65,2016,8,Netherlands,HUMAN_OBSERVATION
53.45,5.7,2014,2,Netherlands,HUMAN_OBSERVATION
53.45,5.8,2019,6,Netherlands,HUMAN_OBSERVATION
53.45,5.8,2018,10,Netherlands,HUMAN_OBSERVATION
53.45,5.8,2015,5,Netherlands,HUMAN_OBSERVATION
53.45,6.15,2014,9,Netherlands,HUMAN_OBSERVATION
53.45,6.8,2017,9,Netherlands,HUMAN_OBSERVATION
53.45,6.8,2017,12,Netherlands,HUMAN_OBSERVATION
53.451829,0.243102,2012,3,United Kingdom of Great Britain and Northern Ireland,HUMAN_OBSERVATION
53.452093,-3.022425,2007,3,United Kingdom of Great Britain and Northern Ireland,HUMAN_OBSERVATION
53.452333,-3.021678,2007,3,United Kingdom of Great Britain and Northern Ireland,HUMAN_OBSERVATION
53.46,5.76,2001,9,Netherlands,HUMAN_OBSERVATION
53.46,5.76,1995,9,Netherlands,HUMAN_OBSERVATION
53.46,5.76,1972,9,Netherlands,HUMAN_OBSERVATION
53.4608,6.8233,2017,10,Netherlands,HUMAN_OBSERVATION
53.4609,6.823425,2017,10,Netherlands,HUMAN_OBSERVATION
53.4609,6.823455,2017,10,Netherlands,HUMAN_OBSERVATION
53.462394,-6.17063,2017,,Ireland,HUMAN_OBSERVATION
53.465,6.755,2021,8,Netherlands,HUMAN_OBSERVATION
53.469372,-3.040798,2013,4,United Kingdom of Great Britain and Northern Ireland,HUMAN_OBSERVATION
53.471262,-3.041143,2018,8,United Kingdom of Great Britain and Northern Ireland,HUMAN_OBSERVATION
53.471879,-3.042984,2013,4,United Kingdom of Great Britain and Northern Ireland,HUMAN_OBSERVATION
53.473179,-3.044387,2013,4,United Kingdom of Great Britain and Northern Ireland,HUMAN_OBSERVATION
53.474426,-3.045713,2013,4,United Kingdom of Great Britain and Northern Ireland,HUMAN_OBSERVATION
53.475837,-3.041444,2020,8,United Kingdom of Great Britain and Northern Ireland,HUMAN_OBSERVATION
53.476098,-3.046703,2013,4,United Kingdom of Great Britain and Northern Ireland,HUMAN_OBSERVATION
53.4773,-3.048029,2013,4,United Kingdom of Great Britain and Northern Ireland,HUMAN_OBSERVATION
53.477396,-3.047966,2021,10,United Kingdom of Great Britain and Northern Ireland,HUMAN_OBSERVATION
53.47926,-10.010835,2017,,Ireland,HUMAN_OBSERVATION
53.5,6.25,1994,10,Netherlands,HUMAN_OBSERVATION
53.5,6.25,1994,10,Netherlands,HUMAN_OBSERVATION
53.5,6.25,1992,2,Netherlands,HUMAN_OBSERVATION
53.5,6.25,1957,4,Netherlands,HUMAN_OBSERVATION
53.500883,-3.071843,2012,11,United Kingdom of Great Britain and Northern Ireland,HUMAN_OBSERVATION
53.500883,-3.071843,2012,11,United Kingdom of Great Britain and Northern Ireland,HUMAN_OBSERVATION
53.502167,6.203555,2021,7,Netherlands,HUMAN_OBSERVATION
53.502544,8.095894,2024,12,Germany,HUMAN_OBSERVATION
53.51,8.123,2019,4,Germany,MATERIAL_SAMPLE
53.51,8.123,2019,4,Germany,MATERIAL_SAMPLE
53.51,8.123,2019,4,Germany,MATERIAL_SAMPLE
53.51,8.123,2019,4,Germany,MATERIAL_SAMPLE
53.51,8.123,2019,4,Germany,MATERIAL_SAMPLE
53.51,8.123,2019,4,Germany,MATERIAL_SAMPLE
53.513654,8.141483,2023,8,Germany,HUMAN_OBSERVATION
53.514206,-3.064687,2022,5,United Kingdom of Great Britain and Northern Ireland,HUMAN_OBSERVATION
53.515758,-3.06694,2010,11,United Kingdom of Great Britain and Northern Ireland,HUMAN_OBSERVATION
53.51621,-3.06652,2010,11,United Kingdom of Great Britain and Northern Ireland,HUMAN_OBSERVATION
53.516684,-3.063947,2018,5,United Kingdom of Great Britain and Northern Ireland,HUMAN_OBSERVATION
53.518856,-3.072297,2012,11,United Kingdom of Great Britain and Northern Ireland,HUMAN_OBSERVATION
53.518856,-3.072297,2012,11,United Kingdom of Great Britain and Northern Ireland,HUMAN_OBSERVATION
53.518856,-3.072297,2010,11,United Kingdom of Great Britain and Northern Ireland,HUMAN_OBSERVATION
53.518856,-3.072297,2010,11,United Kingdom of Great Britain and Northern Ireland,HUMAN_OBSERVATION
53.548539,8.585898,2006,6,Germany,HUMAN_OBSERVATION
53.553688,-9.989611,,,Ireland,HUMAN_OBSERVATION
53.557513,8.578375,2006,6,Germany,HUMAN_OBSERVATION
53.567001,6.748,2014,7,Germany,HUMAN_OBSERVATION
53.568527,6.753759,2024,2,Germany,HUMAN_OBSERVATION
53.575366,-0.060767,2012,5,United Kingdom of Great Britain and Northern Ireland,HUMAN_OBSERVATION
53.58479,-6.124572,2023,11,Ireland,HUMAN_OBSERVATION
53.58479,-6.124572,2023,11,Ireland,HUMAN_OBSERVATION
53.586432,-6.106582,2024,9,Ireland,HUMAN_OBSERVATION
53.606874,-0.035895,2013,4,United Kingdom of Great Britain and Northern Ireland,HUMAN_OBSERVATION
53.607624,6.706505,2024,11,Germany,HUMAN_OBSERVATION
53.607829,-0.112564,2013,4,United Kingdom of Great Britain and Northern Ireland,HUMAN_OBSERVATION
53.609711,6.712132,2022,2,Germany,HUMAN_OBSERVATION
53.616647,7.158742,2019,10,Germany,HUMAN_OBSERVATION
53.617257,-6.184893,2020,3,Ireland,HUMAN_OBSERVATION
53.626965,-3.044794,2005,10,United Kingdom of Great Britain and Northern Ireland,HUMAN_OBSERVATION
53.627816,0.150523,2018,1,United Kingdom of Great Britain and Northern Ireland,HUMAN_OBSERVATION
53.641666,8.161111,2011,7,Germany,MATERIAL_SAMPLE
53.644,8.083,2019,4,Germany,MATERIAL_SAMPLE
53.644,8.083,2019,4,Germany,MATERIAL_SAMPLE
53.644,8.083,2019,4,Germany,MATERIAL_SAMPLE
53.644,8.083,2019,4,Germany,MATERIAL_SAMPLE
53.644,8.083,2019,4,Germany,MATERIAL_SAMPLE
53.644,8.083,2019,4,Germany,MATERIAL_SAMPLE
53.644,8.083,2019,4,Germany,MATERIAL_SAMPLE
53.644,8.083,2019,4,Germany,MATERIAL_SAMPLE
53.644,8.083,2019,4,Germany,MATERIAL_SAMPLE
53.644,8.083,2019,4,Germany,MATERIAL_SAMPLE
53.644,8.083,2019,4,Germany,MATERIAL_SAMPLE
53.644,8.083,2019,4,Germany,MATERIAL_SAMPLE
53.644,8.083,2019,4,Germany,MATERIAL_SAMPLE
53.644,8.083,2019,4,Germany,MATERIAL_SAMPLE
53.644,8.083,2019,4,Germany,MATERIAL_SAMPLE
53.645206,0.063473,2000,9,United Kingdom of Great Britain and Northern Ireland,HUMAN_OBSERVATION
53.671272,6.895865,2023,10,Germany,HUMAN_OBSERVATION
53.676701,6.994654,2013,6,Germany,HUMAN_OBSERVATION
53.682861,7.000517,2023,9,Germany,HUMAN_OBSERVATION
53.682922,6.992495,2024,9,Germany,HUMAN_OBSERVATION
53.686836,7.033467,2024,9,Germany,HUMAN_OBSERVATION
53.687016,7.066055,2023,12,Germany,HUMAN_OBSERVATION
53.687469,7.029234,2024,9,Germany,HUMAN_OBSERVATION
53.698682,7.693734,2015,6,Germany,HUMAN_OBSERVATION
53.701706,7.200787,2024,9,Germany,HUMAN_OBSERVATION
53.706475,7.157732,2009,6,Germany,HUMAN_OBSERVATION
53.710047,7.793908,2020,7,Germany,HUMAN_OBSERVATION
53.726652,-3.000036,1999,5,United Kingdom of Great Britain and Northern Ireland,HUMAN_OBSERVATION
53.726675,-2.999521,1999,5,United Kingdom of Great Britain and Northern Ireland,HUMAN_OBSERVATION
53.726675,-2.999521,1999,5,United Kingdom of Great Britain and Northern Ireland,HUMAN_OBSERVATION
53.727033,-2.955575,1991,7,United Kingdom of Great Britain and Northern Ireland,HUMAN_OBSERVATION
53.728135,8.573794,2006,6,Germany,HUMAN_OBSERVATION
53.728252,7.376118,2019,9,Germany,HUMAN_OBSERVATION
53.728252,7.376118,2011,7,Germany,HUMAN_OBSERVATION
53.730616,-2.957172,1991,7,United Kingdom of Great Britain and Northern Ireland,HUMAN_OBSERVATION
53.733173,7.465633,2021,11,Germany,HUMAN_OBSERVATION
53.744168,-2.827079,1991,7,United Kingdom of Great Britain and Northern Ireland,HUMAN_OBSERVATION
53.756021,-3.03662,2003,4,United Kingdom of Great Britain and Northern Ireland,HUMAN_OBSERVATION
53.76326,-0.006603,2000,8,United Kingdom of Great Britain and Northern Ireland,HUMAN_OBSERVATION
53.774979,7.865139,2024,3,Germany,HUMAN_OBSERVATION
53.779,7.696,2008,8,Germany,MATERIAL_SAMPLE
53.779,7.696,2008,8,Germany,MATERIAL_SAMPLE
53.779,7.696,2008,8,Germany,MATERIAL_SAMPLE
53.779,7.696,2008,8,Germany,MATERIAL_SAMPLE
53.779,7.696,2008,8,Germany,MATERIAL_SAMPLE
53.783333,7.716667,2008,8,Germany,MATERIAL_SAMPLE
53.783333,7.716667,2008,8,Germany,MATERIAL_SAMPLE
53.783333,7.716667,2008,8,Germany,MATERIAL_SAMPLE
53.787,7.846,2019,5,Germany,MATERIAL_SAMPLE
53.790783,7.901619,2017,8,Germany,HUMAN_OBSERVATION
53.794,7.899,2019,5,Germany,MATERIAL_SAMPLE
53.794,7.899,2019,5,Germany,MATERIAL_SAMPLE
53.794,7.899,2019,5,Germany,MATERIAL_SAMPLE
53.794,7.899,2019,5,Germany,MATERIAL_SAMPLE
53.794,7.899,2019,5,Germany,MATERIAL_SAMPLE
53.794,7.899,2019,5,Germany,MATERIAL_SAMPLE
53.794,7.899,2019,5,Germany,MATERIAL_SAMPLE
53.794,7.899,2019,5,Germany,MATERIAL_SAMPLE
53.799057,-3.056907,2021,6,United Kingdom of Great Britain and Northern Ireland,HUMAN_OBSERVATION
53.866321,-9.666198,,,Ireland,HUMAN_OBSERVATION
53.868644,-2.977886,2010,4,United Kingdom of Great Britain and Northern Ireland,HUMAN_OBSERVATION
53.889145,8.683614,2024,9,Germany,HUMAN_OBSERVATION
53.895673,-2.997464,2010,4,United Kingdom of Great Britain and Northern Ireland,HUMAN_OBSERVATION
53.908504,8.493977,2016,4,Germany,HUMAN_OBSERVATION
53.919353,-3.014016,2012,5,United Kingdom of Great Britain and Northern Ireland,HUMAN_OBSERVATION
53.921947,-2.997031,2024,6,United Kingdom of Great Britain and Northern Ireland,HUMAN_OBSERVATION
53.928112,-2.987577,2003,3,United Kingdom of Great Britain and Northern Ireland,HUMAN_OBSERVATION
53.930669,-3.004391,1997,11,United Kingdom of Great Britain and Northern Ireland,HUMAN_OBSERVATION
53.934148,-3.018183,1997,10,United Kingdom of Great Britain and Northern Ireland,HUMAN_OBSERVATION
53.939527,-3.019837,1997,10,United Kingdom of Great Britain and Northern Ireland,HUMAN_OBSERVATION
53.939527,-3.019837,1997,10,United Kingdom of Great Britain and Northern Ireland,HUMAN_OBSERVATION
53.953072,-9.795862,2024,9,Ireland,HUMAN_OBSERVATION
53.954804,-3.02021,1997,10,United Kingdom of Great Britain and Northern Ireland,HUMAN_OBSERVATION
53.957608,-9.793818,2021,4,Ireland,HUMAN_OBSERVATION
53.957608,-9.793818,2021,4,Ireland,HUMAN_OBSERVATION
53.957608,-9.793818,2021,4,Ireland,HUMAN_OBSERVATION
53.957608,-9.793818,2021,4,Ireland,HUMAN_OBSERVATION
53.957608,-9.793818,2021,4,Ireland,HUMAN_OBSERVATION
53.958071,-9.793076,2021,4,Ireland,HUMAN_OBSERVATION
53.958071,-9.793076,2021,4,Ireland,HUMAN_OBSERVATION
53.958071,-9.793076,2021,4,Ireland,HUMAN_OBSERVATION
53.958071,-9.793076,2021,4,Ireland,HUMAN_OBSERVATION
53.958071,-9.793076,2021,4,Ireland,HUMAN_OBSERVATION
53.966188,-9.90486,,,Ireland,HUMAN_OBSERVATION
53.98107,-6.145058,2022,8,Ireland,HUMAN_OBSERVATION
53.981086,-2.879038,1991,9,United Kingdom of Great Britain and Northern Ireland,HUMAN_OBSERVATION
53.981086,-2.879038,1991,9,United Kingdom of Great Britain and Northern Ireland,HUMAN_OBSERVATION
53.981086,-2.879038,1991,9,United Kingdom of Great Britain and Northern Ireland,HUMAN_OBSERVATION
53.981086,-2.879038,1991,9,United Kingdom of Great Britain and Northern Ireland,HUMAN_OBSERVATION
53.98687,-2.869048,2024,4,United Kingdom of Great Britain and Northern Ireland,HUMAN_OBSERVATION
54.001833,-2.868795,1991,9,United Kingdom of Great Britain and Northern Ireland,HUMAN_OBSERVATION
54.02151,-6.062348,2007,11,United Kingdom of Great Britain and Northern Ireland,HUMAN_OBSERVATION
54.02985,-6.129019,2012,8,Ireland,HUMAN_OBSERVATION
54.036123,-6.027982,1985,6,United Kingdom of Great Britain and Northern Ireland,HUMAN_OBSERVATION
54.03984,-6.109179,2013,6,United Kingdom of Great Britain and Northern Ireland,HUMAN_OBSERVATION
54.0412,-6.106318,2019,8,United Kingdom of Great Britain and Northern Ireland,HUMAN_OBSERVATION
54.0412,-6.106318,2019,8,United Kingdom of Great Britain and Northern Ireland,HUMAN_OBSERVATION
54.0412,-6.106318,2019,8,United Kingdom of Great Britain and Northern Ireland,HUMAN_OBSERVATION
54.0412,-6.106318,2019,8,United Kingdom of Great Britain and Northern Ireland,HUMAN_OBSERVATION
54.041582,-2.902457,1964,,United Kingdom of Great Britain and Northern Ireland,HUMAN_OBSERVATION
54.044806,-6.187612,2024,5,Ireland,HUMAN_OBSERVATION
54.046951,-2.843772,1991,9,United Kingdom of Great Britain and Northern Ireland,HUMAN_OBSERVATION
54.047676,-4.827286,2022,6,Isle of Man,HUMAN_OBSERVATION
54.048119,-2.90281,2015,10,United Kingdom of Great Britain and Northern Ireland,HUMAN_OBSERVATION
54.048304,-2.904894,1997,11,United Kingdom of Great Britain and Northern Ireland,HUMAN_OBSERVATION
54.048304,-2.904894,1997,11,United Kingdom of Great Britain and Northern Ireland,HUMAN_OBSERVATION
54.049045,-6.177004,,,Ireland,HUMAN_OBSERVATION
54.049203,-2.904913,1991,9,United Kingdom of Great Britain and Northern Ireland,HUMAN_OBSERVATION
54.049203,-2.904913,1991,9,United Kingdom of Great Britain and Northern Ireland,HUMAN_OBSERVATION
54.049203,-2.904913,1991,9,United Kingdom of Great Britain and Northern Ireland,HUMAN_OBSERVATION
54.049933,-6.069427,2018,10,United Kingdom of Great Britain and Northern Ireland,HUMAN_OBSERVATION
54.049959,-6.069395,2018,10,United Kingdom of Great Britain and Northern Ireland,HUMAN_OBSERVATION
54.05151,-6.190184,2012,8,Ireland,HUMAN_OBSERVATION
54.053615,-2.915702,1999,9,United Kingdom of Great Britain and Northern Ireland,HUMAN_OBSERVATION
54.06001,-2.902093,1997,11,United Kingdom of Great Britain and Northern Ireland,HUMAN_OBSERVATION
54.06001,-2.902093,1997,11,United Kingdom of Great Britain and Northern Ireland,HUMAN_OBSERVATION
54.06001,-2.902093,1997,11,United Kingdom of Great Britain and Northern Ireland,HUMAN_OBSERVATION
54.06051,-6.09168,2012,9,United Kingdom of Great Britain and Northern Ireland,HUMAN_OBSERVATION
54.061272,-3.172548,1997,11,United Kingdom of Great Britain and Northern Ireland,HUMAN_OBSERVATION
54.061272,-3.172548,1997,11,United Kingdom of Great Britain and Northern Ireland,HUMAN_OBSERVATION
54.061272,-3.172548,1997,11,United Kingdom of Great Britain and Northern Ireland,HUMAN_OBSERVATION
54.061272,-3.172548,1997,11,United Kingdom of Great Britain and Northern Ireland,HUMAN_OBSERVATION
54.061272,-3.172548,1997,11,United Kingdom of Great Britain and Northern Ireland,HUMAN_OBSERVATION
54.062406,-3.148133,1997,11,United Kingdom of Great Britain and Northern Ireland,HUMAN_OBSERVATION
54.062406,-3.148133,1997,11,United Kingdom of Great Britain and Northern Ireland,HUMAN_OBSERVATION
54.062406,-3.148133,1997,11,United Kingdom of Great Britain and Northern Ireland,HUMAN_OBSERVATION
54.067359,8.971881,2012,1,Germany,HUMAN_OBSERVATION
54.068262,-6.191904,2018,10,United Kingdom of Great Britain and Northern Ireland,HUMAN_OBSERVATION
54.068306,-6.191826,2018,10,United Kingdom of Great Britain and Northern Ireland,HUMAN_OBSERVATION
54.069064,-2.89312,1997,12,United Kingdom of Great Britain and Northern Ireland,HUMAN_OBSERVATION
54.069903,-4.625409,2006,3,Isle of Man,MATERIAL_SAMPLE
54.069903,-4.625409,2006,3,Isle of Man,MATERIAL_SAMPLE
54.070551,-3.142245,1997,11,United Kingdom of Great Britain and Northern Ireland,HUMAN_OBSERVATION
54.07155,-6.192327,2010,5,United Kingdom of Great Britain and Northern Ireland,HUMAN_OBSERVATION
54.07155,-6.192327,2010,5,United Kingdom of Great Britain and Northern Ireland,HUMAN_OBSERVATION
54.07155,-6.192327,2009,6,United Kingdom of Great Britain and Northern Ireland,HUMAN_OBSERVATION
54.07155,-6.192327,2009,6,United Kingdom of Great Britain and Northern Ireland,HUMAN_OBSERVATION
54.07155,-6.192327,2009,6,United Kingdom of Great Britain and Northern Ireland,HUMAN_OBSERVATION
54.07155,-6.192327,2006,9,United Kingdom of Great Britain and Northern Ireland,HUMAN_OBSERVATION
54.07155,-6.192327,2006,9,United Kingdom of Great Britain and Northern Ireland,HUMAN_OBSERVATION
54.07155,-6.192327,2006,9,United Kingdom of Great Britain and Northern Ireland,HUMAN_OBSERVATION
54.07155,-6.192327,2006,9,United Kingdom of Great Britain and Northern Ireland,HUMAN_OBSERVATION
54.07155,-6.192327,2006,9,United Kingdom of Great Britain and Northern Ireland,HUMAN_OBSERVATION
54.07155,-6.192327,2006,9,United Kingdom of Great Britain and Northern Ireland,HUMAN_OBSERVATION
54.07155,-6.192327,2006,9,United Kingdom of Great Britain and Northern Ireland,HUMAN_OBSERVATION
54.07204,-3.174379,1999,9,United Kingdom of Great Britain and Northern Ireland,HUMAN_OBSERVATION
54.07222,-6.231202,2019,8,Ireland,HUMAN_OBSERVATION
54.07318,-6.182687,2013,6,United Kingdom of Great Britain and Northern Ireland,HUMAN_OBSERVATION
54.07318,-6.182687,2013,6,United Kingdom of Great Britain and Northern Ireland,HUMAN_OBSERVATION
54.07318,-6.182687,2013,6,United Kingdom of Great Britain and Northern Ireland,HUMAN_OBSERVATION
54.07335,-6.18535,2009,5,United Kingdom of Great Britain and Northern Ireland,HUMAN_OBSERVATION
54.07335,-5.916387,2008,6,United Kingdom of Great Britain and Northern Ireland,HUMAN_OBSERVATION
54.07335,-5.916387,2008,6,United Kingdom of Great Britain and Northern Ireland,HUMAN_OBSERVATION
54.07351,-6.181191,2017,6,United Kingdom of Great Britain and Northern Ireland,HUMAN_OBSERVATION
54.073583,-2.875822,2020,3,United Kingdom of Great Britain and Northern Ireland,HUMAN_OBSERVATION
54.073726,-2.870296,1991,9,United Kingdom of Great Britain and Northern Ireland,HUMAN_OBSERVATION
54.073837,-3.17443,1989,4,United Kingdom of Great Britain and Northern Ireland,HUMAN_OBSERVATION
54.073837,-3.17443,1989,4,United Kingdom of Great Britain and Northern Ireland,HUMAN_OBSERVATION
54.073989,-2.876254,2020,3,United Kingdom of Great Britain and Northern Ireland,HUMAN_OBSERVATION
54.074438,-6.180925,2024,8,Ireland,HUMAN_OBSERVATION
54.07555,-6.227534,2008,6,Ireland,HUMAN_OBSERVATION
54.07555,-6.227534,2008,6,Ireland,HUMAN_OBSERVATION
54.07585,-6.183353,2011,10,United Kingdom of Great Britain and Northern Ireland,HUMAN_OBSERVATION
54.076427,-3.185202,1999,9,United Kingdom of Great Britain and Northern Ireland,HUMAN_OBSERVATION
54.077408,-2.858146,1991,9,United Kingdom of Great Britain and Northern Ireland,HUMAN_OBSERVATION
54.077408,-2.858146,1991,9,United Kingdom of Great Britain and Northern Ireland,HUMAN_OBSERVATION
54.077408,-2.858146,1991,9,United Kingdom of Great Britain and Northern Ireland,HUMAN_OBSERVATION
54.077408,-2.858146,1991,9,United Kingdom of Great Britain and Northern Ireland,HUMAN_OBSERVATION
54.07821,-3.186782,1997,10,United Kingdom of Great Britain and Northern Ireland,HUMAN_OBSERVATION
54.07821,-3.186782,1997,10,United Kingdom of Great Britain and Northern Ireland,HUMAN_OBSERVATION
54.07821,-3.186782,1997,10,United Kingdom of Great Britain and Northern Ireland,HUMAN_OBSERVATION
54.081378,-3.137957,1997,11,United Kingdom of Great Britain and Northern Ireland,HUMAN_OBSERVATION
54.081378,-3.137957,1997,11,United Kingdom of Great Britain and Northern Ireland,HUMAN_OBSERVATION
54.081378,-3.137957,1997,11,United Kingdom of Great Britain and Northern Ireland,HUMAN_OBSERVATION
54.082666,-6.187763,1985,6,United Kingdom of Great Britain and Northern Ireland,HUMAN_OBSERVATION
54.082792,-3.17774,1997,10,United Kingdom of Great Britain and Northern Ireland,HUMAN_OBSERVATION
54.082792,-3.17774,1997,10,United Kingdom of Great Britain and Northern Ireland,HUMAN_OBSERVATION
54.100057,-6.255943,2023,3,United Kingdom of Great Britain and Northern Ireland,HUMAN_OBSERVATION
54.10019,-6.254029,2012,9,United Kingdom of Great Britain and Northern Ireland,HUMAN_OBSERVATION
54.100322,-6.255874,2023,3,United Kingdom of Great Britain and Northern Ireland,HUMAN_OBSERVATION
54.100322,-6.255874,2023,8,United Kingdom of Great Britain and Northern Ireland,HUMAN_OBSERVATION
54.100597,-6.22443,2022,4,Ireland,HUMAN_OBSERVATION
54.103482,-0.116509,2011,8,United Kingdom of Great Britain and Northern Ireland,HUMAN_OBSERVATION
54.103712,-3.242569,1989,4,United Kingdom of Great Britain and Northern Ireland,HUMAN_OBSERVATION
54.104453,-0.118224,2016,11,United Kingdom of Great Britain and Northern Ireland,HUMAN_OBSERVATION
54.104453,-0.118224,2016,11,United Kingdom of Great Britain and Northern Ireland,HUMAN_OBSERVATION
54.109974,-2.828226,1991,9,United Kingdom of Great Britain and Northern Ireland,HUMAN_OBSERVATION
54.109984,-2.826697,1991,9,United Kingdom of Great Britain and Northern Ireland,HUMAN_OBSERVATION
54.11106,-6.282735,2007,5,Ireland,HUMAN_OBSERVATION
54.11106,-6.282735,2007,5,Ireland,HUMAN_OBSERVATION
54.11106,-6.282735,2007,5,Ireland,HUMAN_OBSERVATION
54.11106,-6.282735,2007,5,Ireland,HUMAN_OBSERVATION
54.11106,-6.282735,2007,5,Ireland,HUMAN_OBSERVATION
54.11106,-6.282735,2007,5,Ireland,HUMAN_OBSERVATION
54.11106,-6.282735,2007,5,Ireland,HUMAN_OBSERVATION
54.11106,-6.282735,2007,5,Ireland,HUMAN_OBSERVATION
54.114854,-3.114397,1991,9,United Kingdom of Great Britain and Northern Ireland,HUMAN_OBSERVATION
54.124331,-3.247777,1989,4,United Kingdom of Great Britain and Northern Ireland,HUMAN_OBSERVATION
54.125511,-10.065234,2018,9,Ireland,HUMAN_OBSERVATION
54.125667,-10.066004,2018,9,Ireland,MATERIAL_SAMPLE
54.125667,-10.066004,2018,9,Ireland,MATERIAL_SAMPLE
54.130262,-0.10458,2014,10,United Kingdom of Great Britain and Northern Ireland,HUMAN_OBSERVATION
54.135012,-10.068228,2018,9,Ireland,HUMAN_OBSERVATION
54.135166,-10.068998,2018,9,Ireland,MATERIAL_SAMPLE
54.135166,-10.068998,2018,9,Ireland,MATERIAL_SAMPLE
54.143512,-10.063057,2018,9,Ireland,HUMAN_OBSERVATION
54.143665,-10.063827,2018,9,Ireland,MATERIAL_SAMPLE
54.143665,-10.063827,2018,9,Ireland,MATERIAL_SAMPLE
54.147546,-2.853472,1991,9,United Kingdom of Great Britain and Northern Ireland,HUMAN_OBSERVATION
54.15146,-2.931641,1991,9,United Kingdom of Great Britain and Northern Ireland,HUMAN_OBSERVATION
54.153147,-3.242519,1989,5,United Kingdom of Great Britain and Northern Ireland,HUMAN_OBSERVATION
54.153955,-2.827384,2021,4,United Kingdom of Great Britain and Northern Ireland,HUMAN_OBSERVATION
54.154022,-2.827634,2021,4,United Kingdom of Great Britain and Northern Ireland,HUMAN_OBSERVATION
54.154881,-3.248696,1991,7,United Kingdom of Great Britain and Northern Ireland,HUMAN_OBSERVATION
54.154881,-3.248696,1991,7,United Kingdom of Great Britain and Northern Ireland,HUMAN_OBSERVATION
54.154881,-3.248696,1991,7,United Kingdom of Great Britain and Northern Ireland,HUMAN_OBSERVATION
54.156736,7.887592,2006,6,Germany,HUMAN_OBSERVATION
54.15915,-4.459575,2021,9,Isle of Man,HUMAN_OBSERVATION
54.15915,-4.459575,2021,9,Isle of Man,HUMAN_OBSERVATION
54.161177,-10.073735,2018,9,Ireland,HUMAN_OBSERVATION
54.161193,-3.058975,1991,9,United Kingdom of Great Britain and Northern Ireland,HUMAN_OBSERVATION
54.161193,-3.058975,1991,9,United Kingdom of Great Britain and Northern Ireland,HUMAN_OBSERVATION
54.161193,-3.058975,1991,9,United Kingdom of Great Britain and Northern Ireland,HUMAN_OBSERVATION
54.161328,-10.074505,2018,9,Ireland,MATERIAL_SAMPLE
54.161328,-10.074505,2018,9,Ireland,MATERIAL_SAMPLE
54.164849,-10.034734,2018,9,Ireland,HUMAN_OBSERVATION
54.164999,-10.035503,2018,9,Ireland,MATERIAL_SAMPLE
54.164999,-10.035503,2018,9,Ireland,MATERIAL_SAMPLE
54.168129,-4.460108,2021,6,Isle of Man,HUMAN_OBSERVATION
54.168354,-2.833988,2011,3,United Kingdom of Great Britain and Northern Ireland,HUMAN_OBSERVATION
54.16857,-2.83348,2011,3,United Kingdom of Great Britain and Northern Ireland,HUMAN_OBSERVATION
54.173048,-3.039363,1991,9,United Kingdom of Great Britain and Northern Ireland,HUMAN_OBSERVATION
54.173048,-3.039363,1991,9,United Kingdom of Great Britain and Northern Ireland,HUMAN_OBSERVATION
54.173048,-3.039363,1991,9,United Kingdom of Great Britain and Northern Ireland,HUMAN_OBSERVATION
54.173048,-3.039363,1991,9,United Kingdom of Great Britain and Northern Ireland,HUMAN_OBSERVATION
54.17465,7.892808,2020,6,Germany,HUMAN_OBSERVATION
54.179253,7.889363,2022,3,Germany,HUMAN_OBSERVATION
54.179363,7.88888,2024,9,Germany,HUMAN_OBSERVATION
54.18,7.88,2011,7,Germany,MATERIAL_SAMPLE
54.18,7.88,2011,7,Germany,MATERIAL_SAMPLE
54.18,7.88,2011,7,Germany,MATERIAL_SAMPLE
54.186,7.9,2011,7,Germany,MATERIAL_SAMPLE
54.186,7.9,2011,7,Germany,MATERIAL_SAMPLE
54.187212,-3.251203,1989,4,United Kingdom of Great Britain and Northern Ireland,HUMAN_OBSERVATION
54.187212,-3.251203,1989,4,United Kingdom of Great Britain and Northern Ireland,HUMAN_OBSERVATION
54.187526,-3.220562,1989,4,United Kingdom of Great Britain and Northern Ireland,HUMAN_OBSERVATION
54.187526,-3.220562,1989,4,United Kingdom of Great Britain and Northern Ireland,HUMAN_OBSERVATION
54.188409,-3.22212,1989,4,United Kingdom of Great Britain and Northern Ireland,HUMAN_OBSERVATION
54.188425,-3.220588,1989,4,United Kingdom of Great Britain and Northern Ireland,HUMAN_OBSERVATION
54.188425,-3.220588,1989,4,United Kingdom of Great Britain and Northern Ireland,HUMAN_OBSERVATION
54.188929,7.883533,2020,11,Germany,HUMAN_OBSERVATION
54.19493,-2.888169,1991,9,United Kingdom of Great Britain and Northern Ireland,HUMAN_OBSERVATION
54.19493,-2.888169,1991,9,United Kingdom of Great Britain and Northern Ireland,HUMAN_OBSERVATION
54.196773,-3.282149,1991,7,United Kingdom of Great Britain and Northern Ireland,HUMAN_OBSERVATION
54.216608,-0.272483,2023,8,United Kingdom of Great Britain and Northern Ireland,HUMAN_OBSERVATION
54.226622,-5.656517,2020,6,United Kingdom of Great Britain and Northern Ireland,HUMAN_OBSERVATION
54.226622,-5.656517,2020,6,United Kingdom of Great Britain and Northern Ireland,HUMAN_OBSERVATION
54.23253,-5.668629,2014,6,United Kingdom of Great Britain and Northern Ireland,HUMAN_OBSERVATION
54.233689,-3.188171,1989,4,United Kingdom of Great Britain and Northern Ireland,HUMAN_OBSERVATION
54.2407,-5.774636,2013,4,United Kingdom of Great Britain and Northern Ireland,HUMAN_OBSERVATION
54.24103,-5.671334,2019,7,United Kingdom of Great Britain and Northern Ireland,HUMAN_OBSERVATION
54.24152,-5.774804,2017,6,United Kingdom of Great Britain and Northern Ireland,HUMAN_OBSERVATION
54.241725,-9.138245,,,Ireland,HUMAN_OBSERVATION
54.2457,-5.712463,2014,6,United Kingdom of Great Britain and Northern Ireland,HUMAN_OBSERVATION
54.2457,-5.712463,2014,6,United Kingdom of Great Britain and Northern Ireland,HUMAN_OBSERVATION
54.24599,-5.683831,2017,4,United Kingdom of Great Britain and Northern Ireland,HUMAN_OBSERVATION
54.24604,-5.63463,2007,12,United Kingdom of Great Britain and Northern Ireland,HUMAN_OBSERVATION
54.248611,-3.389659,1989,4,United Kingdom of Great Britain and Northern Ireland,HUMAN_OBSERVATION
54.248611,-3.389659,1989,4,United Kingdom of Great Britain and Northern Ireland,HUMAN_OBSERVATION
54.248611,-3.389659,1989,4,United Kingdom of Great Britain and Northern Ireland,HUMAN_OBSERVATION
54.248611,-3.389659,1989,4,United Kingdom of Great Britain and Northern Ireland,HUMAN_OBSERVATION
54.253033,-5.741423,2020,8,United Kingdom of Great Britain and Northern Ireland,HUMAN_OBSERVATION
54.25404,-5.629958,2007,10,United Kingdom of Great Britain and Northern Ireland,HUMAN_OBSERVATION
54.254262,-5.618583,1985,5,United Kingdom of Great Britain and Northern Ireland,HUMAN_OBSERVATION
54.257317,-5.636824,1985,5,United Kingdom of Great Britain and Northern Ireland,HUMAN_OBSERVATION
54.263382,-5.606196,2023,9,United Kingdom of Great Britain and Northern Ireland,HUMAN_OBSERVATION
54.26571,-5.817474,2012,9,United Kingdom of Great Britain and Northern Ireland,HUMAN_OBSERVATION
54.266888,8.680429,2021,8,Germany,HUMAN_OBSERVATION
54.267708,8.658825,2017,3,Germany,HUMAN_OBSERVATION
54.271465,-0.391358,2017,2,United Kingdom of Great Britain and Northern Ireland,HUMAN_OBSERVATION
54.271465,-0.391358,2017,2,United Kingdom of Great Britain and Northern Ireland,HUMAN_OBSERVATION
54.271465,-0.391358,2017,2,United Kingdom of Great Britain and Northern Ireland,HUMAN_OBSERVATION
54.271465,-0.391358,2017,2,United Kingdom of Great Britain and Northern Ireland,HUMAN_OBSERVATION
54.273778,-0.392881,2011,6,United Kingdom of Great Britain and Northern Ireland,HUMAN_OBSERVATION
54.28126,-0.381069,2012,5,United Kingdom of Great Britain and Northern Ireland,HUMAN_OBSERVATION
54.285988,-3.421641,1989,4,United Kingdom of Great Britain and Northern Ireland,HUMAN_OBSERVATION
54.301208,8.617889,2017,1,Germany,HUMAN_OBSERVATION
54.302729,-0.407122,2011,6,United Kingdom of Great Britain and Northern Ireland,HUMAN_OBSERVATION
54.330488,-8.554614,,,Ireland,HUMAN_OBSERVATION
54.33137,-5.499104,2012,8,United Kingdom of Great Britain and Northern Ireland,HUMAN_OBSERVATION
54.33704,-5.514946,2009,4,United Kingdom of Great Britain and Northern Ireland,HUMAN_OBSERVATION
54.338278,-3.408064,1999,7,United Kingdom of Great Britain and Northern Ireland,HUMAN_OBSERVATION
54.338278,-3.408064,1999,7,United Kingdom of Great Britain and Northern Ireland,HUMAN_OBSERVATION
54.338278,-3.408064,1999,7,United Kingdom of Great Britain and Northern Ireland,HUMAN_OBSERVATION
54.338278,-3.408064,1999,7,United Kingdom of Great Britain and Northern Ireland,HUMAN_OBSERVATION
54.338278,-3.408064,1999,7,United Kingdom of Great Britain and Northern Ireland,HUMAN_OBSERVATION
54.338996,-3.42347,1991,7,United Kingdom of Great Britain and Northern Ireland,HUMAN_OBSERVATION
54.339212,-3.405019,1991,7,United Kingdom of Great Britain and Northern Ireland,HUMAN_OBSERVATION
54.339212,-3.405019,1991,7,United Kingdom of Great Britain and Northern Ireland,HUMAN_OBSERVATION
54.339212,-3.405019,1991,7,United Kingdom of Great Britain and Northern Ireland,HUMAN_OBSERVATION
54.342589,-3.423594,1999,7,United Kingdom of Great Britain and Northern Ireland,HUMAN_OBSERVATION
54.342589,-3.423594,1999,7,United Kingdom of Great Britain and Northern Ireland,HUMAN_OBSERVATION
54.342589,-3.423594,1999,7,United Kingdom of Great Britain and Northern Ireland,HUMAN_OBSERVATION
54.342589,-3.423594,1999,7,United Kingdom of Great Britain and Northern Ireland,HUMAN_OBSERVATION
54.3426,-0.431733,2013,3,United Kingdom of Great Britain and Northern Ireland,HUMAN_OBSERVATION
54.345375,-3.415998,1991,7,United Kingdom of Great Britain and Northern Ireland,HUMAN_OBSERVATION
54.346382,-3.406802,2013,10,United Kingdom of Great Britain and Northern Ireland,HUMAN_OBSERVATION
54.346382,-3.406802,2013,10,United Kingdom of Great Britain and Northern Ireland,HUMAN_OBSERVATION
54.346382,-3.406802,2013,10,United Kingdom of Great Britain and Northern Ireland,HUMAN_OBSERVATION
54.3464,-3.405264,2013,10,United Kingdom of Great Britain and Northern Ireland,HUMAN_OBSERVATION
54.3464,-3.405264,2013,10,United Kingdom of Great Britain and Northern Ireland,HUMAN_OBSERVATION
54.3464,-3.405264,2013,10,United Kingdom of Great Britain and Northern Ireland,HUMAN_OBSERVATION
54.3464,-3.405264,2013,10,United Kingdom of Great Britain and Northern Ireland,HUMAN_OBSERVATION
54.3464,-3.405264,2013,10,United Kingdom of Great Britain and Northern Ireland,HUMAN_OBSERVATION
54.347298,-3.405295,1989,4,United Kingdom of Great Britain and Northern Ireland,HUMAN_OBSERVATION
54.347298,-3.405295,1989,4,United Kingdom of Great Britain and Northern Ireland,HUMAN_OBSERVATION
54.355496,-5.482172,2007,10,United Kingdom of Great Britain and Northern Ireland,HUMAN_OBSERVATION
54.355756,-5.483479,1986,5,United Kingdom of Great Britain and Northern Ireland,HUMAN_OBSERVATION
54.355975,-3.431751,1999,7,United Kingdom of Great Britain and Northern Ireland,HUMAN_OBSERVATION
54.358025,-3.410278,1991,7,United Kingdom of Great Britain and Northern Ireland,HUMAN_OBSERVATION
54.358025,-3.410278,1991,7,United Kingdom of Great Britain and Northern Ireland,HUMAN_OBSERVATION
54.358025,-3.410278,1991,7,United Kingdom of Great Britain and Northern Ireland,HUMAN_OBSERVATION
54.358634,-3.434922,1991,7,United Kingdom of Great Britain and Northern Ireland,HUMAN_OBSERVATION
54.359999,-5.532334,2013,9,United Kingdom of Great Britain and Northern Ireland,HUMAN_OBSERVATION
54.36018,-5.533462,2016,5,United Kingdom of Great Britain and Northern Ireland,HUMAN_OBSERVATION
54.360739,-3.408832,1999,7,United Kingdom of Great Britain and Northern Ireland,HUMAN_OBSERVATION
54.360739,-3.408832,1999,7,United Kingdom of Great Britain and Northern Ireland,HUMAN_OBSERVATION
54.36088,-5.548954,2005,9,United Kingdom of Great Britain and Northern Ireland,HUMAN_OBSERVATION
54.361839,-3.467354,2015,9,United Kingdom of Great Britain and Northern Ireland,HUMAN_OBSERVATION
54.361858,-3.465815,2015,9,United Kingdom of Great Britain and Northern Ireland,HUMAN_OBSERVATION
54.361858,-3.465815,2015,9,United Kingdom of Great Britain and Northern Ireland,HUMAN_OBSERVATION
54.362775,-3.464309,2015,9,United Kingdom of Great Britain and Northern Ireland,HUMAN_OBSERVATION
54.362775,-3.464309,2015,9,United Kingdom of Great Britain and Northern Ireland,HUMAN_OBSERVATION
54.362775,-3.464309,2015,9,United Kingdom of Great Britain and Northern Ireland,HUMAN_OBSERVATION
54.362775,-3.464309,2015,9,United Kingdom of Great Britain and Northern Ireland,HUMAN_OBSERVATION
54.362883,-5.533394,2020,6,United Kingdom of Great Britain and Northern Ireland,HUMAN_OBSERVATION
54.362883,-5.533394,2020,6,United Kingdom of Great Britain and Northern Ireland,HUMAN_OBSERVATION
54.36371,-3.461264,2015,9,United Kingdom of Great Britain and Northern Ireland,HUMAN_OBSERVATION
54.364609,-3.461296,2015,9,United Kingdom of Great Britain and Northern Ireland,HUMAN_OBSERVATION
54.364609,-3.461296,2015,9,United Kingdom of Great Britain and Northern Ireland,HUMAN_OBSERVATION
54.36472,-5.53895,2013,8,United Kingdom of Great Britain and Northern Ireland,HUMAN_OBSERVATION
54.36521,-5.660622,2015,4,United Kingdom of Great Britain and Northern Ireland,HUMAN_OBSERVATION
54.36605,-5.542284,2009,5,United Kingdom of Great Britain and Northern Ireland,HUMAN_OBSERVATION
54.36772,-5.676957,2012,9,United Kingdom of Great Britain and Northern Ireland,HUMAN_OBSERVATION
54.36891,-5.53908,2015,4,United Kingdom of Great Britain and Northern Ireland,HUMAN_OBSERVATION
54.371552,-3.481555,2015,9,United Kingdom of Great Britain and Northern Ireland,HUMAN_OBSERVATION
54.371552,-3.481555,2015,9,United Kingdom of Great Britain and Northern Ireland,HUMAN_OBSERVATION
54.371552,-3.481555,2015,9,United Kingdom of Great Britain and Northern Ireland,HUMAN_OBSERVATION
54.371552,-3.481555,2015,9,United Kingdom of Great Britain and Northern Ireland,HUMAN_OBSERVATION
54.371571,-3.480016,2015,9,United Kingdom of Great Britain and Northern Ireland,HUMAN_OBSERVATION
54.371571,-3.480016,2015,9,United Kingdom of Great Britain and Northern Ireland,HUMAN_OBSERVATION
54.371684,-3.470784,1989,4,United Kingdom of Great Britain and Northern Ireland,HUMAN_OBSERVATION
54.371684,-3.470784,1989,4,United Kingdom of Great Britain and Northern Ireland,HUMAN_OBSERVATION
54.372626,-5.554992,2023,9,United Kingdom of Great Britain and Northern Ireland,HUMAN_OBSERVATION
54.373425,-3.475464,2015,9,United Kingdom of Great Britain and Northern Ireland,HUMAN_OBSERVATION
54.373425,-3.475464,2015,9,United Kingdom of Great Britain and Northern Ireland,HUMAN_OBSERVATION
54.373425,-3.475464,2015,9,United Kingdom of Great Britain and Northern Ireland,HUMAN_OBSERVATION
54.374379,-3.47088,2015,9,United Kingdom of Great Britain and Northern Ireland,HUMAN_OBSERVATION
54.37839,-5.598288,2015,4,United Kingdom of Great Britain and Northern Ireland,HUMAN_OBSERVATION
54.37988,-5.545941,2011,8,United Kingdom of Great Britain and Northern Ireland,HUMAN_OBSERVATION
54.38138,-5.569799,2015,5,United Kingdom of Great Britain and Northern Ireland,HUMAN_OBSERVATION
54.38138,-5.569799,2015,5,United Kingdom of Great Britain and Northern Ireland,HUMAN_OBSERVATION
54.381997,-5.596172,2013,9,United Kingdom of Great Britain and Northern Ireland,HUMAN_OBSERVATION
54.381997,-5.596172,2013,9,United Kingdom of Great Britain and Northern Ireland,HUMAN_OBSERVATION
54.381997,-5.596172,2013,9,United Kingdom of Great Britain and Northern Ireland,HUMAN_OBSERVATION
54.38322,-5.572778,2005,8,United Kingdom of Great Britain and Northern Ireland,HUMAN_OBSERVATION
54.38473,-5.572987,2013,8,United Kingdom of Great Britain and Northern Ireland,HUMAN_OBSERVATION
54.385854,-5.461621,2024,4,United Kingdom of Great Britain and Northern Ireland,HUMAN_OBSERVATION
54.38821,-5.59562,2009,5,United Kingdom of Great Britain and Northern Ireland,HUMAN_OBSERVATION
54.388447,-5.456842,1985,6,United Kingdom of Great Britain and Northern Ireland,HUMAN_OBSERVATION
54.38989,-5.572279,2015,8,United Kingdom of Great Britain and Northern Ireland,HUMAN_OBSERVATION
54.390606,-5.561416,1986,4,United Kingdom of Great Britain and Northern Ireland,HUMAN_OBSERVATION
54.390606,-5.561416,1986,4,United Kingdom of Great Britain and Northern Ireland,HUMAN_OBSERVATION
54.390606,-5.561416,1986,4,United Kingdom of Great Britain and Northern Ireland,HUMAN_OBSERVATION
54.390606,-5.561416,1986,4,United Kingdom of Great Britain and Northern Ireland,HUMAN_OBSERVATION
54.390832,-5.46233,2009,4,United Kingdom of Great Britain and Northern Ireland,HUMAN_OBSERVATION
54.390832,-5.46233,2007,4,United Kingdom of Great Britain and Northern Ireland,HUMAN_OBSERVATION
54.39155,-5.57395,2009,3,United Kingdom of Great Britain and Northern Ireland,HUMAN_OBSERVATION
54.39238,-5.644625,2012,9,United Kingdom of Great Britain and Northern Ireland,HUMAN_OBSERVATION
54.39239,-5.577783,2009,4,United Kingdom of Great Britain and Northern Ireland,HUMAN_OBSERVATION
54.39272,-5.644794,2011,8,United Kingdom of Great Britain and Northern Ireland,HUMAN_OBSERVATION
54.393057,-3.48695,1989,4,United Kingdom of Great Britain and Northern Ireland,HUMAN_OBSERVATION
54.393057,-3.48695,1989,4,United Kingdom of Great Britain and Northern Ireland,HUMAN_OBSERVATION
54.39322,-5.57428,2014,6,United Kingdom of Great Britain and Northern Ireland,HUMAN_OBSERVATION
54.39322,-5.57428,2014,6,United Kingdom of Great Britain and Northern Ireland,HUMAN_OBSERVATION
54.39322,-5.57428,2012,6,United Kingdom of Great Britain and Northern Ireland,HUMAN_OBSERVATION
54.39322,-5.57428,2010,10,United Kingdom of Great Britain and Northern Ireland,HUMAN_OBSERVATION
54.39322,-5.57428,2009,3,United Kingdom of Great Britain and Northern Ireland,HUMAN_OBSERVATION
54.39322,-5.57428,2009,9,United Kingdom of Great Britain and Northern Ireland,HUMAN_OBSERVATION
54.39322,-5.57428,2008,8,United Kingdom of Great Britain and Northern Ireland,HUMAN_OBSERVATION
54.39322,-5.57428,2008,11,United Kingdom of Great Britain and Northern Ireland,HUMAN_OBSERVATION
54.39322,-5.57428,2007,10,United Kingdom of Great Britain and Northern Ireland,HUMAN_OBSERVATION
54.39322,-5.57428,2005,10,United Kingdom of Great Britain and Northern Ireland,HUMAN_OBSERVATION
54.39355,-5.577453,2015,6,United Kingdom of Great Britain and Northern Ireland,HUMAN_OBSERVATION
54.39355,-5.577453,2012,11,United Kingdom of Great Britain and Northern Ireland,HUMAN_OBSERVATION
54.393558,-5.576692,2025,4,United Kingdom of Great Britain and Northern Ireland,HUMAN_OBSERVATION
54.393558,-5.576692,2025,4,United Kingdom of Great Britain and Northern Ireland,HUMAN_OBSERVATION
54.39389,-5.577282,2015,4,United Kingdom of Great Britain and Northern Ireland,HUMAN_OBSERVATION
54.39392,-5.577362,2013,8,United Kingdom of Great Britain and Northern Ireland,HUMAN_OBSERVATION
54.39392,-5.577362,2013,8,United Kingdom of Great Britain and Northern Ireland,HUMAN_OBSERVATION
54.39392,-5.577362,2012,4,United Kingdom of Great Britain and Northern Ireland,HUMAN_OBSERVATION
54.39392,-5.577362,2012,8,United Kingdom of Great Britain and Northern Ireland,HUMAN_OBSERVATION
54.39392,-5.577362,2011,5,United Kingdom of Great Britain and Northern Ireland,HUMAN_OBSERVATION
54.39392,-5.577362,2011,6,United Kingdom of Great Britain and Northern Ireland,HUMAN_OBSERVATION
54.394007,-5.577978,2022,10,United Kingdom of Great Britain and Northern Ireland,HUMAN_OBSERVATION
54.394007,-5.577978,2022,10,United Kingdom of Great Britain and Northern Ireland,HUMAN_OBSERVATION
54.39402,-5.578347,2020,9,United Kingdom of Great Britain and Northern Ireland,HUMAN_OBSERVATION
54.39402,-5.578347,2020,9,United Kingdom of Great Britain and Northern Ireland,HUMAN_OBSERVATION
54.394036,-5.57841,2013,4,United Kingdom of Great Britain and Northern Ireland,HUMAN_OBSERVATION
54.394036,-5.57841,2013,6,United Kingdom of Great Britain and Northern Ireland,HUMAN_OBSERVATION
54.394036,-5.57841,2013,11,United Kingdom of Great Britain and Northern Ireland,HUMAN_OBSERVATION
54.394118,-5.57721,2020,9,United Kingdom of Great Britain and Northern Ireland,HUMAN_OBSERVATION
54.394118,-5.57721,2020,9,United Kingdom of Great Britain and Northern Ireland,HUMAN_OBSERVATION
54.397987,8.665996,2024,8,Germany,HUMAN_OBSERVATION
54.39839,-5.645621,2011,8,United Kingdom of Great Britain and Northern Ireland,HUMAN_OBSERVATION
54.39839,-5.645621,2009,8,United Kingdom of Great Britain and Northern Ireland,HUMAN_OBSERVATION
54.39956,-5.576959,2015,9,United Kingdom of Great Britain and Northern Ireland,HUMAN_OBSERVATION
54.40606,-5.575783,2015,10,United Kingdom of Great Britain and Northern Ireland,HUMAN_OBSERVATION
54.407105,-5.577381,2022,7,United Kingdom of Great Britain and Northern Ireland,HUMAN_OBSERVATION
54.408,-5.577328,1985,6,United Kingdom of Great Britain and Northern Ireland,HUMAN_OBSERVATION
54.408,-5.577328,1985,6,United Kingdom of Great Britain and Northern Ireland,HUMAN_OBSERVATION
54.41439,-5.640966,2012,9,United Kingdom of Great Britain and Northern Ireland,HUMAN_OBSERVATION
54.421944,-0.522726,2013,10,United Kingdom of Great Britain and Northern Ireland,HUMAN_OBSERVATION
54.422341,-0.525776,2016,12,United Kingdom of Great Britain and Northern Ireland,HUMAN_OBSERVATION
54.422341,-0.525776,2016,12,United Kingdom of Great Britain and Northern Ireland,HUMAN_OBSERVATION
54.422341,-0.525776,2016,12,United Kingdom of Great Britain and Northern Ireland,HUMAN_OBSERVATION
54.422341,-0.525776,2016,12,United Kingdom of Great Britain and Northern Ireland,HUMAN_OBSERVATION
54.422341,-0.525776,2016,12,United Kingdom of Great Britain and Northern Ireland,HUMAN_OBSERVATION
54.422341,-0.525776,2016,12,United Kingdom of Great Britain and Northern Ireland,HUMAN_OBSERVATION
54.422842,-0.522694,2010,10,United Kingdom of Great Britain and Northern Ireland,HUMAN_OBSERVATION
54.42288,-0.525775,2019,4,United Kingdom of Great Britain and Northern Ireland,HUMAN_OBSERVATION
54.423549,-0.523835,2017,3,United Kingdom of Great Britain and Northern Ireland,HUMAN_OBSERVATION
54.423549,-0.523835,2017,3,United Kingdom of Great Britain and Northern Ireland,HUMAN_OBSERVATION
54.423779,-0.525743,2017,6,United Kingdom of Great Britain and Northern Ireland,HUMAN_OBSERVATION
54.42407,-5.57507,2017,7,United Kingdom of Great Britain and Northern Ireland,HUMAN_OBSERVATION
54.42407,-5.57507,2017,7,United Kingdom of Great Britain and Northern Ireland,HUMAN_OBSERVATION
54.424124,-5.574835,1985,7,United Kingdom of Great Britain and Northern Ireland,HUMAN_OBSERVATION
54.426598,-3.535951,2015,9,United Kingdom of Great Britain and Northern Ireland,HUMAN_OBSERVATION
54.426598,-3.535951,2015,9,United Kingdom of Great Britain and Northern Ireland,HUMAN_OBSERVATION
54.426618,-3.53441,2015,9,United Kingdom of Great Britain and Northern Ireland,HUMAN_OBSERVATION
54.426618,-3.53441,2015,9,United Kingdom of Great Britain and Northern Ireland,HUMAN_OBSERVATION
54.426618,-3.53441,2015,9,United Kingdom of Great Britain and Northern Ireland,HUMAN_OBSERVATION
54.426677,-3.529788,2015,9,United Kingdom of Great Britain and Northern Ireland,HUMAN_OBSERVATION
54.426677,-3.529788,2015,9,United Kingdom of Great Britain and Northern Ireland,HUMAN_OBSERVATION
54.426677,-3.529788,2015,9,United Kingdom of Great Britain and Northern Ireland,HUMAN_OBSERVATION
54.42739,-5.639297,2014,8,United Kingdom of Great Britain and Northern Ireland,HUMAN_OBSERVATION
54.42739,-5.639297,2014,8,United Kingdom of Great Britain and Northern Ireland,HUMAN_OBSERVATION
54.42739,-5.639297,2014,8,United Kingdom of Great Britain and Northern Ireland,HUMAN_OBSERVATION
54.42739,-5.639297,2007,8,United Kingdom of Great Britain and Northern Ireland,HUMAN_OBSERVATION
54.43472,-5.544942,2014,8,United Kingdom of Great Britain and Northern Ireland,HUMAN_OBSERVATION
54.43472,-5.544942,2014,8,United Kingdom of Great Britain and Northern Ireland,HUMAN_OBSERVATION
54.43472,-5.544942,2014,8,United Kingdom of Great Britain and Northern Ireland,HUMAN_OBSERVATION
54.43472,-5.544942,2014,8,United Kingdom of Great Britain and Northern Ireland,HUMAN_OBSERVATION
54.43472,-5.544942,2013,8,United Kingdom of Great Britain and Northern Ireland,HUMAN_OBSERVATION
54.43472,-5.544942,2012,8,United Kingdom of Great Britain and Northern Ireland,HUMAN_OBSERVATION
54.43472,-5.544942,2012,8,United Kingdom of Great Britain and Northern Ireland,HUMAN_OBSERVATION
54.43472,-5.544942,2012,8,United Kingdom of Great Britain and Northern Ireland,HUMAN_OBSERVATION
54.43472,-5.544942,2012,8,United Kingdom of Great Britain and Northern Ireland,HUMAN_OBSERVATION
54.43472,-5.544942,2012,8,United Kingdom of Great Britain and Northern Ireland,HUMAN_OBSERVATION
54.43472,-5.544942,2010,8,United Kingdom of Great Britain and Northern Ireland,HUMAN_OBSERVATION
54.43472,-5.544942,2008,8,United Kingdom of Great Britain and Northern Ireland,HUMAN_OBSERVATION
54.43511,-5.545732,2016,4,United Kingdom of Great Britain and Northern Ireland,HUMAN_OBSERVATION
54.435201,-5.544893,1986,6,United Kingdom of Great Britain and Northern Ireland,HUMAN_OBSERVATION
54.435201,-5.544893,1986,6,United Kingdom of Great Britain and Northern Ireland,HUMAN_OBSERVATION
54.435201,-5.544893,1986,6,United Kingdom of Great Britain and Northern Ireland,HUMAN_OBSERVATION
54.436503,-5.454507,2012,7,United Kingdom of Great Britain and Northern Ireland,HUMAN_OBSERVATION
54.438901,-5.462965,2023,10,United Kingdom of Great Britain and Northern Ireland,HUMAN_OBSERVATION
54.440792,-0.520506,1999,5,United Kingdom of Great Britain and Northern Ireland,HUMAN_OBSERVATION
54.44122,-5.54194,2012,8,United Kingdom of Great Britain and Northern Ireland,HUMAN_OBSERVATION
54.44306,-5.546111,2005,9,United Kingdom of Great Britain and Northern Ireland,HUMAN_OBSERVATION
54.443247,-5.542869,1986,5,United Kingdom of Great Britain and Northern Ireland,HUMAN_OBSERVATION
54.443247,-5.542869,1986,5,United Kingdom of Great Britain and Northern Ireland,HUMAN_OBSERVATION
54.44602,-5.636757,1987,5,United Kingdom of Great Britain and Northern Ireland,HUMAN_OBSERVATION
54.44602,-5.636757,1987,5,United Kingdom of Great Britain and Northern Ireland,HUMAN_OBSERVATION
54.44602,-5.636757,1987,5,United Kingdom of Great Britain and Northern Ireland,HUMAN_OBSERVATION
54.44602,-5.636757,1987,5,United Kingdom of Great Britain and Northern Ireland,HUMAN_OBSERVATION
54.44614,-5.634264,2015,4,United Kingdom of Great Britain and Northern Ireland,HUMAN_OBSERVATION
54.44973,-5.629798,2012,9,United Kingdom of Great Britain and Northern Ireland,HUMAN_OBSERVATION
54.45256,-5.628119,2012,3,United Kingdom of Great Britain and Northern Ireland,HUMAN_OBSERVATION
54.45306,-5.632795,2009,4,United Kingdom of Great Britain and Northern Ireland,HUMAN_OBSERVATION
54.45339,-5.626125,2015,4,United Kingdom of Great Britain and Northern Ireland,HUMAN_OBSERVATION
54.4534,-5.626789,2011,8,United Kingdom of Great Britain and Northern Ireland,HUMAN_OBSERVATION
54.456667,-3.5741,2015,9,United Kingdom of Great Britain and Northern Ireland,HUMAN_OBSERVATION
54.45865,-5.554083,2015,5,United Kingdom of Great Britain and Northern Ireland,HUMAN_OBSERVATION
54.45865,-5.554083,2015,5,United Kingdom of Great Britain and Northern Ireland,HUMAN_OBSERVATION
54.45865,-5.554083,2015,5,United Kingdom of Great Britain and Northern Ireland,HUMAN_OBSERVATION
54.45889,-5.545443,2005,8,United Kingdom of Great Britain and Northern Ireland,HUMAN_OBSERVATION
54.459881,8.844461,2017,10,Germany,HUMAN_OBSERVATION
54.460865,8.8445,2016,5,Germany,HUMAN_OBSERVATION
54.46206,-5.609617,2016,5,United Kingdom of Great Britain and Northern Ireland,HUMAN_OBSERVATION
54.46209,-5.609651,2008,4,United Kingdom of Great Britain and Northern Ireland,HUMAN_OBSERVATION
54.46209,-5.609651,2008,4,United Kingdom of Great Britain and Northern Ireland,HUMAN_OBSERVATION
54.46209,-5.609651,2000,3,United Kingdom of Great Britain and Northern Ireland,HUMAN_OBSERVATION
54.46209,-5.609651,2000,3,United Kingdom of Great Britain and Northern Ireland,HUMAN_OBSERVATION
54.46209,-5.609651,2000,3,United Kingdom of Great Britain and Northern Ireland,HUMAN_OBSERVATION
54.46209,-5.609651,2000,3,United Kingdom of Great Britain and Northern Ireland,HUMAN_OBSERVATION
54.46209,-5.609651,1999,4,United Kingdom of Great Britain and Northern Ireland,HUMAN_OBSERVATION
54.46209,-5.609651,1999,4,United Kingdom of Great Britain and Northern Ireland,HUMAN_OBSERVATION
54.46209,-5.609651,1999,4,United Kingdom of Great Britain and Northern Ireland,HUMAN_OBSERVATION
54.46209,-5.609651,1999,4,United Kingdom of Great Britain and Northern Ireland,HUMAN_OBSERVATION
54.46209,-5.609651,1999,4,United Kingdom of Great Britain and Northern Ireland,HUMAN_OBSERVATION
54.464687,-5.626425,1986,5,United Kingdom of Great Britain and Northern Ireland,HUMAN_OBSERVATION
54.464687,-5.626425,1986,5,United Kingdom of Great Britain and Northern Ireland,HUMAN_OBSERVATION
54.464687,-5.626425,1986,5,United Kingdom of Great Britain and Northern Ireland,HUMAN_OBSERVATION
54.464687,-5.626425,1986,5,United Kingdom of Great Britain and Northern Ireland,HUMAN_OBSERVATION
54.464999,-5.62834,2004,4,United Kingdom of Great Britain and Northern Ireland,HUMAN_OBSERVATION
54.46673,-5.537275,2014,8,United Kingdom of Great Britain and Northern Ireland,HUMAN_OBSERVATION
54.46673,-5.537275,2014,8,United Kingdom of Great Britain and Northern Ireland,HUMAN_OBSERVATION
54.46673,-5.537275,2014,8,United Kingdom of Great Britain and Northern Ireland,HUMAN_OBSERVATION
54.46673,-5.537275,2014,8,United Kingdom of Great Britain and Northern Ireland,HUMAN_OBSERVATION
54.46673,-5.537275,2014,8,United Kingdom of Great Britain and Northern Ireland,HUMAN_OBSERVATION
54.46694,-5.655777,2021,1,United Kingdom of Great Britain and Northern Ireland,HUMAN_OBSERVATION
54.46694,-5.655777,2021,1,United Kingdom of Great Britain and Northern Ireland,HUMAN_OBSERVATION
54.469981,-3.586957,2015,9,United Kingdom of Great Britain and Northern Ireland,HUMAN_OBSERVATION
54.469981,-3.586957,2015,9,United Kingdom of Great Britain and Northern Ireland,HUMAN_OBSERVATION
54.469981,-3.586957,2015,9,United Kingdom of Great Britain and Northern Ireland,HUMAN_OBSERVATION
54.469981,-3.586957,2015,9,United Kingdom of Great Britain and Northern Ireland,HUMAN_OBSERVATION
54.469981,-3.586957,2015,9,United Kingdom of Great Britain and Northern Ireland,HUMAN_OBSERVATION
54.469981,-3.586957,2015,9,United Kingdom of Great Britain and Northern Ireland,HUMAN_OBSERVATION
54.470001,-3.585414,2015,9,United Kingdom of Great Britain and Northern Ireland,HUMAN_OBSERVATION
54.470001,-3.585414,2015,9,United Kingdom of Great Britain and Northern Ireland,HUMAN_OBSERVATION
54.470001,-3.585414,2015,9,United Kingdom of Great Britain and Northern Ireland,HUMAN_OBSERVATION
54.47073,-5.539782,2013,8,United Kingdom of Great Britain and Northern Ireland,HUMAN_OBSERVATION
54.471038,-5.53966,1986,6,United Kingdom of Great Britain and Northern Ireland,HUMAN_OBSERVATION
54.471038,-5.53966,1986,6,United Kingdom of Great Britain and Northern Ireland,HUMAN_OBSERVATION
54.471038,-5.53966,1986,6,United Kingdom of Great Britain and Northern Ireland,HUMAN_OBSERVATION
54.472541,-0.621212,1992,9,United Kingdom of Great Britain and Northern Ireland,HUMAN_OBSERVATION
54.474285,-8.319651,2020,10,Ireland,HUMAN_OBSERVATION
54.47764,-5.538055,2019,6,United Kingdom of Great Britain and Northern Ireland,HUMAN_OBSERVATION
54.47764,-5.538055,2019,6,United Kingdom of Great Britain and Northern Ireland,HUMAN_OBSERVATION
54.47789,-5.539614,2005,9,United Kingdom of Great Britain and Northern Ireland,HUMAN_OBSERVATION
54.479147,-5.540716,1985,6,United Kingdom of Great Britain and Northern Ireland,HUMAN_OBSERVATION
54.479147,-5.540716,1985,6,United Kingdom of Great Britain and Northern Ireland,HUMAN_OBSERVATION
54.48106,-5.638785,2012,9,United Kingdom of Great Britain and Northern Ireland,HUMAN_OBSERVATION
54.481437,-0.613195,1992,9,United Kingdom of Great Britain and Northern Ireland,HUMAN_OBSERVATION
54.481558,-3.595123,1989,4,United Kingdom of Great Britain and Northern Ireland,HUMAN_OBSERVATION
54.481558,-3.595123,1989,4,United Kingdom of Great Britain and Northern Ireland,HUMAN_OBSERVATION
54.48156,-5.644792,2012,9,United Kingdom of Great Britain and Northern Ireland,HUMAN_OBSERVATION
54.48206,-5.642288,2009,3,United Kingdom of Great Britain and Northern Ireland,HUMAN_OBSERVATION
54.48307,-5.644462,2012,9,United Kingdom of Great Britain and Northern Ireland,HUMAN_OBSERVATION
54.48539,-5.6388,2012,10,United Kingdom of Great Britain and Northern Ireland,HUMAN_OBSERVATION
54.48631,-5.651548,2016,8,United Kingdom of Great Britain and Northern Ireland,HUMAN_OBSERVATION
54.486524,-0.586779,2018,4,United Kingdom of Great Britain and Northern Ireland,HUMAN_OBSERVATION
54.48673,-5.541614,2015,4,United Kingdom of Great Britain and Northern Ireland,HUMAN_OBSERVATION
54.48706,-5.638453,2012,10,United Kingdom of Great Britain and Northern Ireland,HUMAN_OBSERVATION
54.487256,-5.541773,1985,6,United Kingdom of Great Britain and Northern Ireland,HUMAN_OBSERVATION
54.487256,-5.541773,1985,6,United Kingdom of Great Britain and Northern Ireland,HUMAN_OBSERVATION
54.487572,-5.539298,2021,9,United Kingdom of Great Britain and Northern Ireland,HUMAN_OBSERVATION
54.487572,-5.539298,2021,9,United Kingdom of Great Britain and Northern Ireland,HUMAN_OBSERVATION
54.488296,-5.538732,2022,1,United Kingdom of Great Britain and Northern Ireland,HUMAN_OBSERVATION
54.488297,-5.538732,2022,1,United Kingdom of Great Britain and Northern Ireland,HUMAN_OBSERVATION
54.48873,-5.637629,2015,10,United Kingdom of Great Britain and Northern Ireland,HUMAN_OBSERVATION
54.4889,-5.644797,2012,9,United Kingdom of Great Britain and Northern Ireland,HUMAN_OBSERVATION
54.48906,-5.644795,2012,9,United Kingdom of Great Britain and Northern Ireland,HUMAN_OBSERVATION
54.489376,-3.615498,2015,9,United Kingdom of Great Britain and Northern Ireland,HUMAN_OBSERVATION
54.48989,-5.646461,2015,9,United Kingdom of Great Britain and Northern Ireland,HUMAN_OBSERVATION
54.4899,-5.430599,2009,4,United Kingdom of Great Britain and Northern Ireland,HUMAN_OBSERVATION
54.49006,-5.641795,2015,10,United Kingdom of Great Britain and Northern Ireland,HUMAN_OBSERVATION
54.49006,-5.641795,2014,8,United Kingdom of Great Britain and Northern Ireland,HUMAN_OBSERVATION
54.49006,-5.641795,2012,9,United Kingdom of Great Britain and Northern Ireland,HUMAN_OBSERVATION
54.490164,-5.642835,2013,8,United Kingdom of Great Britain and Northern Ireland,HUMAN_OBSERVATION
54.49023,-5.6413,2011,3,United Kingdom of Great Britain and Northern Ireland,HUMAN_OBSERVATION
54.49044,-5.642446,2018,8,United Kingdom of Great Britain and Northern Ireland,HUMAN_OBSERVATION
54.490488,-5.643662,2013,8,United Kingdom of Great Britain and Northern Ireland,HUMAN_OBSERVATION
54.490488,-5.643662,2013,8,United Kingdom of Great Britain and Northern Ireland,HUMAN_OBSERVATION
54.49056,-5.646953,2012,9,United Kingdom of Great Britain and Northern Ireland,HUMAN_OBSERVATION
54.49089,-5.647631,2012,9,United Kingdom of Great Britain and Northern Ireland,HUMAN_OBSERVATION
54.49357,-5.647793,2013,8,United Kingdom of Great Britain and Northern Ireland,HUMAN_OBSERVATION
54.49357,-5.647793,2012,9,United Kingdom of Great Britain and Northern Ireland,HUMAN_OBSERVATION
54.493664,-5.648168,2013,9,United Kingdom of Great Britain and Northern Ireland,HUMAN_OBSERVATION
54.4949,-5.638965,2012,9,United Kingdom of Great Britain and Northern Ireland,HUMAN_OBSERVATION
54.4949,-5.638965,2011,8,United Kingdom of Great Britain and Northern Ireland,HUMAN_OBSERVATION
54.4949,-5.638965,2010,8,United Kingdom of Great Britain and Northern Ireland,HUMAN_OBSERVATION
54.4949,-5.638965,2007,4,United Kingdom of Great Britain and Northern Ireland,HUMAN_OBSERVATION
54.4949,-5.638965,2007,8,United Kingdom of Great Britain and Northern Ireland,HUMAN_OBSERVATION
54.49506,-5.538951,2011,8,United Kingdom of Great Britain and Northern Ireland,HUMAN_OBSERVATION
54.49554,-5.640011,2016,5,United Kingdom of Great Britain and Northern Ireland,HUMAN_OBSERVATION
54.49554,-5.640011,2016,5,United Kingdom of Great Britain and Northern Ireland,HUMAN_OBSERVATION
54.49573,-5.638792,2015,9,United Kingdom of Great Britain and Northern Ireland,HUMAN_OBSERVATION
54.49573,-5.638792,2014,8,United Kingdom of Great Britain and Northern Ireland,HUMAN_OBSERVATION
54.49573,-5.638792,2014,8,United Kingdom of Great Britain and Northern Ireland,HUMAN_OBSERVATION
54.49573,-5.638792,2014,8,United Kingdom of Great Britain and Northern Ireland,HUMAN_OBSERVATION
54.49573,-5.638792,2014,8,United Kingdom of Great Britain and Northern Ireland,HUMAN_OBSERVATION
54.49573,-5.638792,2013,8,United Kingdom of Great Britain and Northern Ireland,HUMAN_OBSERVATION
54.49573,-5.638792,2012,7,United Kingdom of Great Britain and Northern Ireland,HUMAN_OBSERVATION
54.49573,-5.638792,2012,7,United Kingdom of Great Britain and Northern Ireland,HUMAN_OBSERVATION
54.49573,-5.638792,2012,7,United Kingdom of Great Britain and Northern Ireland,HUMAN_OBSERVATION
54.49573,-5.638792,2012,7,United Kingdom of Great Britain and Northern Ireland,HUMAN_OBSERVATION
54.495831,-5.639833,2013,4,United Kingdom of Great Britain and Northern Ireland,HUMAN_OBSERVATION
54.49606,-5.643287,2012,9,United Kingdom of Great Britain and Northern Ireland,HUMAN_OBSERVATION
54.49607,-5.547614,2009,8,United Kingdom of Great Britain and Northern Ireland,HUMAN_OBSERVATION
54.49614,-5.644391,2016,8,United Kingdom of Great Britain and Northern Ireland,HUMAN_OBSERVATION
54.496163,-5.644327,2013,8,United Kingdom of Great Britain and Northern Ireland,HUMAN_OBSERVATION
54.497337,-3.625077,1989,4,United Kingdom of Great Britain and Northern Ireland,HUMAN_OBSERVATION
54.497337,-3.625077,1989,4,United Kingdom of Great Britain and Northern Ireland,HUMAN_OBSERVATION
54.497337,-3.625077,1989,4,United Kingdom of Great Britain and Northern Ireland,HUMAN_OBSERVATION
54.497392,-5.644599,1985,6,United Kingdom of Great Britain and Northern Ireland,HUMAN_OBSERVATION
54.497392,-5.644599,1985,6,United Kingdom of Great Britain and Northern Ireland,HUMAN_OBSERVATION
54.497392,-5.644599,1985,6,United Kingdom of Great Britain and Northern Ireland,HUMAN_OBSERVATION
54.497837,-5.629335,1999,8,United Kingdom of Great Britain and Northern Ireland,HUMAN_OBSERVATION
54.50091,-3.626763,2015,10,United Kingdom of Great Britain and Northern Ireland,HUMAN_OBSERVATION
54.50091,-3.626763,2015,10,United Kingdom of Great Britain and Northern Ireland,HUMAN_OBSERVATION
54.501808,-3.626799,2015,10,United Kingdom of Great Britain and Northern Ireland,HUMAN_OBSERVATION
54.501808,-3.626799,2015,10,United Kingdom of Great Britain and Northern Ireland,HUMAN_OBSERVATION
54.502749,-5.411474,2014,9,United Kingdom of Great Britain and Northern Ireland,HUMAN_OBSERVATION
54.502753,-5.411468,2014,9,United Kingdom of Great Britain and Northern Ireland,MATERIAL_SAMPLE
54.50444,-3.631537,1991,7,United Kingdom of Great Britain and Northern Ireland,HUMAN_OBSERVATION
54.50444,-3.631537,1991,7,United Kingdom of Great Britain and Northern Ireland,HUMAN_OBSERVATION
54.50444,-3.631537,1991,7,United Kingdom of Great Britain and Northern Ireland,HUMAN_OBSERVATION
54.50444,-3.631537,1991,7,United Kingdom of Great Britain and Northern Ireland,HUMAN_OBSERVATION
54.50444,-3.631537,1991,7,United Kingdom of Great Britain and Northern Ireland,HUMAN_OBSERVATION
54.50444,-3.631537,1991,7,United Kingdom of Great Britain and Northern Ireland,HUMAN_OBSERVATION
54.50444,-3.631537,1991,7,United Kingdom of Great Britain and Northern Ireland,HUMAN_OBSERVATION
54.50444,-3.631537,1991,7,United Kingdom of Great Britain and Northern Ireland,HUMAN_OBSERVATION
54.50444,-3.631537,1991,7,United Kingdom of Great Britain and Northern Ireland,HUMAN_OBSERVATION
54.505318,-3.633116,1989,4,United Kingdom of Great Britain and Northern Ireland,HUMAN_OBSERVATION
54.50657,-5.615631,2015,9,United Kingdom of Great Britain and Northern Ireland,HUMAN_OBSERVATION
54.508168,-0.672526,2016,8,United Kingdom of Great Britain and Northern Ireland,HUMAN_OBSERVATION
54.50983,-5.553815,2015,4,United Kingdom of Great Britain and Northern Ireland,HUMAN_OBSERVATION
54.511,-5.550037,2016,4,United Kingdom of Great Britain and Northern Ireland,HUMAN_OBSERVATION
54.51116,-5.552664,2018,8,United Kingdom of Great Britain and Northern Ireland,HUMAN_OBSERVATION
54.51184,-5.548773,2019,6,United Kingdom of Great Britain and Northern Ireland,HUMAN_OBSERVATION
54.512637,-5.552603,1985,6,United Kingdom of Great Britain and Northern Ireland,HUMAN_OBSERVATION
54.512637,-5.552603,1985,6,United Kingdom of Great Britain and Northern Ireland,HUMAN_OBSERVATION
54.512637,-5.552603,1985,6,United Kingdom of Great Britain and Northern Ireland,HUMAN_OBSERVATION
54.51401,-5.553483,2018,8,United Kingdom of Great Britain and Northern Ireland,HUMAN_OBSERVATION
54.515389,-0.675382,2015,8,United Kingdom of Great Britain and Northern Ireland,HUMAN_OBSERVATION
54.515389,-0.675382,2015,8,United Kingdom of Great Britain and Northern Ireland,HUMAN_OBSERVATION
54.515423,-0.67847,2015,8,United Kingdom of Great Britain and Northern Ireland,HUMAN_OBSERVATION
54.515423,-0.67847,2015,8,United Kingdom of Great Britain and Northern Ireland,HUMAN_OBSERVATION
54.515423,-0.67847,2015,8,United Kingdom of Great Britain and Northern Ireland,HUMAN_OBSERVATION
54.51621,-5.552794,2018,8,United Kingdom of Great Britain and Northern Ireland,HUMAN_OBSERVATION
54.5174,-5.552108,2012,9,United Kingdom of Great Britain and Northern Ireland,HUMAN_OBSERVATION
54.51774,-5.64562,2012,9,United Kingdom of Great Britain and Northern Ireland,HUMAN_OBSERVATION
54.51774,-5.64562,2007,11,United Kingdom of Great Britain and Northern Ireland,HUMAN_OBSERVATION
54.517837,-5.646661,2013,9,United Kingdom of Great Britain and Northern Ireland,HUMAN_OBSERVATION
54.5194,-5.553951,2015,4,United Kingdom of Great Britain and Northern Ireland,HUMAN_OBSERVATION
54.5199,-5.573954,2013,8,United Kingdom of Great Britain and Northern Ireland,HUMAN_OBSERVATION
54.519949,-0.681414,2015,8,United Kingdom of Great Britain and Northern Ireland,HUMAN_OBSERVATION
54.519949,-0.681414,2015,8,United Kingdom of Great Britain and Northern Ireland,HUMAN_OBSERVATION
54.519949,-0.681414,2015,8,United Kingdom of Great Britain and Northern Ireland,HUMAN_OBSERVATION
54.519999,-0.686047,2015,8,United Kingdom of Great Britain and Northern Ireland,HUMAN_OBSERVATION
54.519999,-0.686047,2015,8,United Kingdom of Great Britain and Northern Ireland,HUMAN_OBSERVATION
54.519999,-0.686047,2015,8,United Kingdom of Great Britain and Northern Ireland,HUMAN_OBSERVATION
54.519999,-0.686047,2015,8,United Kingdom of Great Britain and Northern Ireland,HUMAN_OBSERVATION
54.519999,-0.686047,2015,8,United Kingdom of Great Britain and Northern Ireland,HUMAN_OBSERVATION
54.519999,-0.686047,2015,8,United Kingdom of Great Britain and Northern Ireland,HUMAN_OBSERVATION
54.519999,-0.686047,2015,8,United Kingdom of Great Britain and Northern Ireland,HUMAN_OBSERVATION
54.52022,-5.577955,2019,6,United Kingdom of Great Britain and Northern Ireland,HUMAN_OBSERVATION
54.52022,-5.577955,2019,6,United Kingdom of Great Britain and Northern Ireland,HUMAN_OBSERVATION
54.52083,-0.679841,2015,8,United Kingdom of Great Britain and Northern Ireland,HUMAN_OBSERVATION
54.52083,-0.679841,2015,8,United Kingdom of Great Britain and Northern Ireland,HUMAN_OBSERVATION
54.52083,-0.679841,2015,8,United Kingdom of Great Britain and Northern Ireland,HUMAN_OBSERVATION
54.520898,-0.686018,2015,8,United Kingdom of Great Britain and Northern Ireland,HUMAN_OBSERVATION
54.5209,-5.575788,2014,8,United Kingdom of Great Britain and Northern Ireland,HUMAN_OBSERVATION
54.5209,-5.575788,2012,7,United Kingdom of Great Britain and Northern Ireland,HUMAN_OBSERVATION
54.5209,-5.575788,2012,7,United Kingdom of Great Britain and Northern Ireland,HUMAN_OBSERVATION
54.5209,-5.575788,2012,7,United Kingdom of Great Britain and Northern Ireland,HUMAN_OBSERVATION
54.5209,-5.575788,2012,7,United Kingdom of Great Britain and Northern Ireland,HUMAN_OBSERVATION
54.521154,-5.663745,2024,8,United Kingdom of Great Britain and Northern Ireland,HUMAN_OBSERVATION
54.521154,-5.663745,2024,8,United Kingdom of Great Britain and Northern Ireland,HUMAN_OBSERVATION
54.521273,-5.579891,1986,5,United Kingdom of Great Britain and Northern Ireland,HUMAN_OBSERVATION
54.521273,-5.579891,1986,5,United Kingdom of Great Britain and Northern Ireland,HUMAN_OBSERVATION
54.5257,-5.63396,2007,5,United Kingdom of Great Britain and Northern Ireland,HUMAN_OBSERVATION
54.526472,-0.702837,2015,8,United Kingdom of Great Britain and Northern Ireland,HUMAN_OBSERVATION
54.526472,-0.702837,2015,8,United Kingdom of Great Britain and Northern Ireland,HUMAN_OBSERVATION
54.527999,-5.47083,2007,11,United Kingdom of Great Britain and Northern Ireland,HUMAN_OBSERVATION
54.528087,-3.610845,2015,9,United Kingdom of Great Britain and Northern Ireland,HUMAN_OBSERVATION
54.528087,-3.610845,2015,9,United Kingdom of Great Britain and Northern Ireland,HUMAN_OBSERVATION
54.528087,-3.610845,2015,9,United Kingdom of Great Britain and Northern Ireland,HUMAN_OBSERVATION
54.528087,-3.610845,2015,9,United Kingdom of Great Britain and Northern Ireland,HUMAN_OBSERVATION
54.5283,-5.470128,2017,5,United Kingdom of Great Britain and Northern Ireland,HUMAN_OBSERVATION
54.52846,-5.566066,2019,6,United Kingdom of Great Britain and Northern Ireland,HUMAN_OBSERVATION
54.52858,-0.73213,2015,7,United Kingdom of Great Britain and Northern Ireland,HUMAN_OBSERVATION
54.52858,-0.73213,2015,7,United Kingdom of Great Britain and Northern Ireland,HUMAN_OBSERVATION
54.52858,-0.73213,2015,7,United Kingdom of Great Britain and Northern Ireland,HUMAN_OBSERVATION
54.52893,-5.469069,2017,5,United Kingdom of Great Britain and Northern Ireland,HUMAN_OBSERVATION
54.529478,-0.732103,2015,7,United Kingdom of Great Britain and Northern Ireland,HUMAN_OBSERVATION
54.529478,-0.732103,2015,7,United Kingdom of Great Britain and Northern Ireland,HUMAN_OBSERVATION
54.53075,-5.566289,2018,6,United Kingdom of Great Britain and Northern Ireland,HUMAN_OBSERVATION
54.530981,-0.704239,2015,8,United Kingdom of Great Britain and Northern Ireland,HUMAN_OBSERVATION
54.530997,-0.705784,2015,8,United Kingdom of Great Britain and Northern Ireland,HUMAN_OBSERVATION
54.530997,-0.705784,2015,8,United Kingdom of Great Britain and Northern Ireland,HUMAN_OBSERVATION
54.530997,-0.705784,2015,8,United Kingdom of Great Britain and Northern Ireland,HUMAN_OBSERVATION
54.531194,-0.724322,2015,7,United Kingdom of Great Britain and Northern Ireland,HUMAN_OBSERVATION
54.531194,-0.724322,2015,7,United Kingdom of Great Britain and Northern Ireland,HUMAN_OBSERVATION
54.531194,-0.724322,2015,7,United Kingdom of Great Britain and Northern Ireland,HUMAN_OBSERVATION
54.531194,-0.724322,2015,7,United Kingdom of Great Britain and Northern Ireland,HUMAN_OBSERVATION
54.531479,-5.562252,2024,4,United Kingdom of Great Britain and Northern Ireland,HUMAN_OBSERVATION
54.531479,-5.562252,2024,4,United Kingdom of Great Britain and Northern Ireland,HUMAN_OBSERVATION
54.532527,-5.696695,2021,11,United Kingdom of Great Britain and Northern Ireland,HUMAN_OBSERVATION
54.532527,-5.696695,2021,11,United Kingdom of Great Britain and Northern Ireland,HUMAN_OBSERVATION
54.533412,-0.711455,2015,7,United Kingdom of Great Britain and Northern Ireland,HUMAN_OBSERVATION
54.533759,-0.711879,2015,8,United Kingdom of Great Britain and Northern Ireland,HUMAN_OBSERVATION
54.533759,-0.711879,2015,8,United Kingdom of Great Britain and Northern Ireland,HUMAN_OBSERVATION
54.533759,-0.711879,2015,8,United Kingdom of Great Britain and Northern Ireland,HUMAN_OBSERVATION
54.534132,-0.747413,2015,7,United Kingdom of Great Britain and Northern Ireland,HUMAN_OBSERVATION
54.534132,-0.747413,2015,7,United Kingdom of Great Britain and Northern Ireland,HUMAN_OBSERVATION
54.534132,-0.747413,2015,7,United Kingdom of Great Britain and Northern Ireland,HUMAN_OBSERVATION
54.534132,-0.747413,2015,8,United Kingdom of Great Britain and Northern Ireland,HUMAN_OBSERVATION
54.534657,-0.71185,2015,8,United Kingdom of Great Britain and Northern Ireland,HUMAN_OBSERVATION
54.534706,-0.716485,2015,7,United Kingdom of Great Britain and Northern Ireland,HUMAN_OBSERVATION
54.534706,-0.716485,2015,7,United Kingdom of Great Britain and Northern Ireland,HUMAN_OBSERVATION
54.534706,-0.716485,2015,7,United Kingdom of Great Britain and Northern Ireland,HUMAN_OBSERVATION
54.534706,-0.716485,2015,7,United Kingdom of Great Britain and Northern Ireland,HUMAN_OBSERVATION
54.534706,-0.716485,2015,7,United Kingdom of Great Britain and Northern Ireland,HUMAN_OBSERVATION
54.534706,-0.716485,2015,7,United Kingdom of Great Britain and Northern Ireland,HUMAN_OBSERVATION
54.534706,-0.716485,2015,7,United Kingdom of Great Britain and Northern Ireland,HUMAN_OBSERVATION
54.535014,-0.745841,2015,7,United Kingdom of Great Britain and Northern Ireland,HUMAN_OBSERVATION
54.535014,-0.745841,2015,7,United Kingdom of Great Britain and Northern Ireland,HUMAN_OBSERVATION
54.535014,-0.745841,2015,7,United Kingdom of Great Britain and Northern Ireland,HUMAN_OBSERVATION
54.535014,-0.745841,2015,7,United Kingdom of Great Britain and Northern Ireland,HUMAN_OBSERVATION
54.535014,-0.745841,2015,7,United Kingdom of Great Britain and Northern Ireland,HUMAN_OBSERVATION
54.53503,-0.747386,2015,7,United Kingdom of Great Britain and Northern Ireland,HUMAN_OBSERVATION
54.539539,-0.748793,2015,7,United Kingdom of Great Britain and Northern Ireland,HUMAN_OBSERVATION
54.539539,-0.748793,2015,7,United Kingdom of Great Britain and Northern Ireland,HUMAN_OBSERVATION
54.539539,-0.748793,2015,7,United Kingdom of Great Britain and Northern Ireland,HUMAN_OBSERVATION
54.539868,-3.60358,1991,6,United Kingdom of Great Britain and Northern Ireland,HUMAN_OBSERVATION
54.539868,-3.60358,1991,6,United Kingdom of Great Britain and Northern Ireland,HUMAN_OBSERVATION
54.539868,-3.60358,1991,6,United Kingdom of Great Britain and Northern Ireland,HUMAN_OBSERVATION
54.539868,-3.60358,1991,6,United Kingdom of Great Britain and Northern Ireland,HUMAN_OBSERVATION
54.539868,-3.60358,1991,6,United Kingdom of Great Britain and Northern Ireland,HUMAN_OBSERVATION
54.539868,-3.60358,1991,6,United Kingdom of Great Britain and Northern Ireland,HUMAN_OBSERVATION
54.541442,-5.605425,2020,7,United Kingdom of Great Britain and Northern Ireland,HUMAN_OBSERVATION
54.541442,-5.605425,2020,7,United Kingdom of Great Britain and Northern Ireland,HUMAN_OBSERVATION
54.54157,-5.60312,2015,5,United Kingdom of Great Britain and Northern Ireland,HUMAN_OBSERVATION
54.543164,-0.751774,2015,7,United Kingdom of Great Britain and Northern Ireland,HUMAN_OBSERVATION
54.543164,-0.751774,2015,7,United Kingdom of Great Britain and Northern Ireland,HUMAN_OBSERVATION
54.543164,-0.751774,2015,7,United Kingdom of Great Britain and Northern Ireland,HUMAN_OBSERVATION
54.544126,-0.757928,2015,8,United Kingdom of Great Britain and Northern Ireland,HUMAN_OBSERVATION
54.544126,-0.757928,2015,8,United Kingdom of Great Britain and Northern Ireland,HUMAN_OBSERVATION
54.544126,-0.757928,2015,8,United Kingdom of Great Britain and Northern Ireland,HUMAN_OBSERVATION
54.545277,-5.596175,2021,2,United Kingdom of Great Britain and Northern Ireland,HUMAN_OBSERVATION
54.545277,-5.596175,2021,2,United Kingdom of Great Britain and Northern Ireland,HUMAN_OBSERVATION
54.546197,-3.600737,1991,6,United Kingdom of Great Britain and Northern Ireland,HUMAN_OBSERVATION
54.546197,-3.600737,1991,6,United Kingdom of Great Britain and Northern Ireland,HUMAN_OBSERVATION
54.546197,-3.600737,1991,6,United Kingdom of Great Britain and Northern Ireland,HUMAN_OBSERVATION
54.546197,-3.600737,1991,6,United Kingdom of Great Britain and Northern Ireland,HUMAN_OBSERVATION
54.54701,-5.571467,2019,6,United Kingdom of Great Britain and Northern Ireland,HUMAN_OBSERVATION
54.547684,-5.689616,2023,4,United Kingdom of Great Britain and Northern Ireland,HUMAN_OBSERVATION
54.548014,-3.599262,1991,6,United Kingdom of Great Britain and Northern Ireland,HUMAN_OBSERVATION
54.548014,-3.599262,1991,6,United Kingdom of Great Britain and Northern Ireland,HUMAN_OBSERVATION
54.548014,-3.599262,1991,6,United Kingdom of Great Britain and Northern Ireland,HUMAN_OBSERVATION
54.548014,-3.599262,1991,6,United Kingdom of Great Britain and Northern Ireland,HUMAN_OBSERVATION
54.548014,-3.599262,1991,6,United Kingdom of Great Britain and Northern Ireland,HUMAN_OBSERVATION
54.548014,-3.599262,1991,6,United Kingdom of Great Britain and Northern Ireland,HUMAN_OBSERVATION
54.54824,-5.595788,2015,5,United Kingdom of Great Britain and Northern Ireland,HUMAN_OBSERVATION
54.54852,-5.606039,2015,4,United Kingdom of Great Britain and Northern Ireland,HUMAN_OBSERVATION
54.548682,-0.763974,2015,8,United Kingdom of Great Britain and Northern Ireland,HUMAN_OBSERVATION
54.548698,-0.76552,2015,8,United Kingdom of Great Britain and Northern Ireland,HUMAN_OBSERVATION
54.548698,-0.76552,2015,8,United Kingdom of Great Britain and Northern Ireland,HUMAN_OBSERVATION
54.548698,-0.76552,2015,8,United Kingdom of Great Britain and Northern Ireland,HUMAN_OBSERVATION
54.548698,-0.76552,2015,8,United Kingdom of Great Britain and Northern Ireland,HUMAN_OBSERVATION
54.549353,-5.603407,2020,7,United Kingdom of Great Britain and Northern Ireland,HUMAN_OBSERVATION
54.549353,-5.603407,2020,7,United Kingdom of Great Britain and Northern Ireland,HUMAN_OBSERVATION
54.551393,-0.765438,2015,8,United Kingdom of Great Britain and Northern Ireland,HUMAN_OBSERVATION
54.551409,-0.766984,2015,8,United Kingdom of Great Britain and Northern Ireland,HUMAN_OBSERVATION
54.551409,-0.766984,2015,8,United Kingdom of Great Britain and Northern Ireland,HUMAN_OBSERVATION
54.551409,-0.766984,2015,8,United Kingdom of Great Britain and Northern Ireland,HUMAN_OBSERVATION
54.551409,-0.766984,2015,8,United Kingdom of Great Britain and Northern Ireland,HUMAN_OBSERVATION
54.552323,-0.768502,2015,8,United Kingdom of Great Britain and Northern Ireland,HUMAN_OBSERVATION
54.552323,-0.768502,2015,8,United Kingdom of Great Britain and Northern Ireland,HUMAN_OBSERVATION
54.552323,-0.768502,2015,8,United Kingdom of Great Britain and Northern Ireland,HUMAN_OBSERVATION
54.55398,-5.619983,2018,5,United Kingdom of Great Britain and Northern Ireland,HUMAN_OBSERVATION
54.55474,-5.617961,2014,4,United Kingdom of Great Britain and Northern Ireland,HUMAN_OBSERVATION
54.55474,-5.617961,2014,4,United Kingdom of Great Britain and Northern Ireland,HUMAN_OBSERVATION
54.55474,-5.617961,2014,4,United Kingdom of Great Britain and Northern Ireland,HUMAN_OBSERVATION
54.55519,-5.613614,2019,6,United Kingdom of Great Britain and Northern Ireland,HUMAN_OBSERVATION
54.55557,-5.622785,2012,5,United Kingdom of Great Britain and Northern Ireland,HUMAN_OBSERVATION
54.55557,-5.622785,2012,5,United Kingdom of Great Britain and Northern Ireland,HUMAN_OBSERVATION
54.55557,-5.622785,2012,5,United Kingdom of Great Britain and Northern Ireland,HUMAN_OBSERVATION
54.55557,-5.622785,2009,2,United Kingdom of Great Britain and Northern Ireland,HUMAN_OBSERVATION
54.55598,-0.774577,2015,8,United Kingdom of Great Britain and Northern Ireland,HUMAN_OBSERVATION
54.55598,-0.774577,2015,8,United Kingdom of Great Britain and Northern Ireland,HUMAN_OBSERVATION
54.55598,-0.774577,2015,8,United Kingdom of Great Britain and Northern Ireland,HUMAN_OBSERVATION
54.55598,-0.774577,2015,8,United Kingdom of Great Britain and Northern Ireland,HUMAN_OBSERVATION
54.557824,-0.779161,2015,8,United Kingdom of Great Britain and Northern Ireland,HUMAN_OBSERVATION
54.557824,-0.779161,2015,8,United Kingdom of Great Britain and Northern Ireland,HUMAN_OBSERVATION
54.557824,-0.779161,2015,8,United Kingdom of Great Britain and Northern Ireland,HUMAN_OBSERVATION
54.558722,-0.779134,2015,8,United Kingdom of Great Britain and Northern Ireland,HUMAN_OBSERVATION
54.558784,-0.785318,2015,8,United Kingdom of Great Britain and Northern Ireland,HUMAN_OBSERVATION
54.55931,-5.619604,2016,4,United Kingdom of Great Britain and Northern Ireland,HUMAN_OBSERVATION
54.559683,-0.785292,2015,8,United Kingdom of Great Britain and Northern Ireland,HUMAN_OBSERVATION
54.559683,-0.785292,2015,8,United Kingdom of Great Britain and Northern Ireland,HUMAN_OBSERVATION
54.559683,-0.785292,2015,8,United Kingdom of Great Britain and Northern Ireland,HUMAN_OBSERVATION
54.559698,-0.786838,2015,8,United Kingdom of Great Britain and Northern Ireland,HUMAN_OBSERVATION
54.559698,-0.786838,2015,8,United Kingdom of Great Britain and Northern Ireland,HUMAN_OBSERVATION
54.55987,-5.630402,2019,6,United Kingdom of Great Britain and Northern Ireland,HUMAN_OBSERVATION
54.560566,-0.783719,2012,5,United Kingdom of Great Britain and Northern Ireland,HUMAN_OBSERVATION
54.56157,-5.637293,2015,5,United Kingdom of Great Britain and Northern Ireland,HUMAN_OBSERVATION
54.568162,-5.654178,2024,7,United Kingdom of Great Britain and Northern Ireland,HUMAN_OBSERVATION
54.56868,-5.660611,2019,6,United Kingdom of Great Britain and Northern Ireland,HUMAN_OBSERVATION
54.56868,-5.660611,2019,6,United Kingdom of Great Britain and Northern Ireland,HUMAN_OBSERVATION
54.568899,-3.583064,1991,6,United Kingdom of Great Britain and Northern Ireland,HUMAN_OBSERVATION
54.568899,-3.583064,1991,6,United Kingdom of Great Britain and Northern Ireland,HUMAN_OBSERVATION
54.568899,-3.583064,1991,6,United Kingdom of Great Britain and Northern Ireland,HUMAN_OBSERVATION
54.568899,-3.583064,1991,6,United Kingdom of Great Britain and Northern Ireland,HUMAN_OBSERVATION
54.568899,-3.583064,1991,6,United Kingdom of Great Britain and Northern Ireland,HUMAN_OBSERVATION
54.568899,-3.583064,1991,6,United Kingdom of Great Britain and Northern Ireland,HUMAN_OBSERVATION
54.568899,-3.583064,1991,6,United Kingdom of Great Britain and Northern Ireland,HUMAN_OBSERVATION
54.568899,-3.583064,1991,6,United Kingdom of Great Britain and Northern Ireland,HUMAN_OBSERVATION
54.570528,-5.658612,2022,8,United Kingdom of Great Britain and Northern Ireland,HUMAN_OBSERVATION
54.570528,-5.658612,2022,8,United Kingdom of Great Britain and Northern Ireland,HUMAN_OBSERVATION
54.575882,8.508632,2015,10,Germany,HUMAN_OBSERVATION
54.576106,-3.581796,1991,6,United Kingdom of Great Britain and Northern Ireland,HUMAN_OBSERVATION
54.576106,-3.581796,1991,6,United Kingdom of Great Britain and Northern Ireland,HUMAN_OBSERVATION
54.576106,-3.581796,1991,6,United Kingdom of Great Britain and Northern Ireland,HUMAN_OBSERVATION
54.576106,-3.581796,1991,6,United Kingdom of Great Britain and Northern Ireland,HUMAN_OBSERVATION
54.576106,-3.581796,1991,6,United Kingdom of Great Britain and Northern Ireland,HUMAN_OBSERVATION
54.576117,-5.668495,2022,8,United Kingdom of Great Britain and Northern Ireland,HUMAN_OBSERVATION
54.576117,-5.668495,2022,8,United Kingdom of Great Britain and Northern Ireland,HUMAN_OBSERVATION
54.59048,-3.582353,1991,6,United Kingdom of Great Britain and Northern Ireland,HUMAN_OBSERVATION
54.59048,-3.582353,1991,6,United Kingdom of Great Britain and Northern Ireland,HUMAN_OBSERVATION
54.59048,-3.582353,1991,6,United Kingdom of Great Britain and Northern Ireland,HUMAN_OBSERVATION
54.59048,-3.582353,1991,6,United Kingdom of Great Britain and Northern Ireland,HUMAN_OBSERVATION
54.590695,-5.463743,2014,9,United Kingdom of Great Britain and Northern Ireland,MATERIAL_SAMPLE
54.590697,-5.463746,2014,9,United Kingdom of Great Britain and Northern Ireland,HUMAN_OBSERVATION
54.594448,-5.510557,1984,11,United Kingdom of Great Britain and Northern Ireland,HUMAN_OBSERVATION
54.594451,-5.510557,2024,9,United Kingdom of Great Britain and Northern Ireland,HUMAN_OBSERVATION
54.595025,-5.464284,2014,9,United Kingdom of Great Britain and Northern Ireland,HUMAN_OBSERVATION
54.595027,-5.464282,2014,9,United Kingdom of Great Britain and Northern Ireland,MATERIAL_SAMPLE
54.599195,8.809033,2023,8,Germany,HUMAN_OBSERVATION
54.60541,-5.913151,2012,9,United Kingdom of Great Britain and Northern Ireland,HUMAN_OBSERVATION
54.611303,-3.570773,1991,6,United Kingdom of Great Britain and Northern Ireland,HUMAN_OBSERVATION
54.611303,-3.570773,1991,6,United Kingdom of Great Britain and Northern Ireland,HUMAN_OBSERVATION
54.611303,-3.570773,1991,6,United Kingdom of Great Britain and Northern Ireland,HUMAN_OBSERVATION
54.620454,-1.048315,1993,8,United Kingdom of Great Britain and Northern Ireland,HUMAN_OBSERVATION
54.622541,-1.213985,1992,9,United Kingdom of Great Britain and Northern Ireland,HUMAN_OBSERVATION
54.623001,-3.569675,1991,5,United Kingdom of Great Britain and Northern Ireland,HUMAN_OBSERVATION
54.624169,-1.063717,1993,8,United Kingdom of Great Britain and Northern Ireland,HUMAN_OBSERVATION
54.627032,-8.169034,,,Ireland,HUMAN_OBSERVATION
54.630339,-1.170461,1992,9,United Kingdom of Great Britain and Northern Ireland,HUMAN_OBSERVATION
54.638145,-5.854008,2021,2,United Kingdom of Great Britain and Northern Ireland,HUMAN_OBSERVATION
54.638145,-5.854008,2021,2,United Kingdom of Great Britain and Northern Ireland,HUMAN_OBSERVATION
54.640928,-3.573465,1991,6,United Kingdom of Great Britain and Northern Ireland,HUMAN_OBSERVATION
54.640928,-3.573465,1991,6,United Kingdom of Great Britain and Northern Ireland,HUMAN_OBSERVATION
54.640928,-3.573465,1991,6,United Kingdom of Great Britain and Northern Ireland,HUMAN_OBSERVATION
54.640928,-3.573465,1991,6,United Kingdom of Great Britain and Northern Ireland,HUMAN_OBSERVATION
54.640928,-3.573465,1991,6,United Kingdom of Great Britain and Northern Ireland,HUMAN_OBSERVATION
54.644287,-5.530751,2024,8,United Kingdom of Great Britain and Northern Ireland,HUMAN_OBSERVATION
54.645361,-5.829765,2023,11,United Kingdom of Great Britain and Northern Ireland,HUMAN_OBSERVATION
54.646275,-1.136044,1992,9,United Kingdom of Great Britain and Northern Ireland,HUMAN_OBSERVATION
54.648564,-5.825881,2023,4,United Kingdom of Great Britain and Northern Ireland,HUMAN_OBSERVATION
54.648564,-5.825881,2023,4,United Kingdom of Great Britain and Northern Ireland,HUMAN_OBSERVATION
54.649073,-3.56913,1991,6,United Kingdom of Great Britain and Northern Ireland,HUMAN_OBSERVATION
54.649073,-3.56913,1991,6,United Kingdom of Great Britain and Northern Ireland,HUMAN_OBSERVATION
54.649073,-3.56913,1991,6,United Kingdom of Great Britain and Northern Ireland,HUMAN_OBSERVATION
54.649073,-3.56913,1991,6,United Kingdom of Great Britain and Northern Ireland,HUMAN_OBSERVATION
54.649073,-3.56913,1991,6,United Kingdom of Great Britain and Northern Ireland,HUMAN_OBSERVATION
54.649073,-3.56913,1991,6,United Kingdom of Great Britain and Northern Ireland,HUMAN_OBSERVATION
54.649073,-3.56913,1991,6,United Kingdom of Great Britain and Northern Ireland,HUMAN_OBSERVATION
54.649433,-5.893017,2012,9,United Kingdom of Great Britain and Northern Ireland,MATERIAL_SAMPLE
54.649437,-5.893015,2012,9,United Kingdom of Great Britain and Northern Ireland,HUMAN_OBSERVATION
54.649548,-5.871359,2012,9,United Kingdom of Great Britain and Northern Ireland,HUMAN_OBSERVATION
54.64955,-5.871367,2012,9,United Kingdom of Great Britain and Northern Ireland,MATERIAL_SAMPLE
54.649654,8.617121,2016,7,Germany,HUMAN_OBSERVATION
54.65075,-5.829143,2009,5,United Kingdom of Great Britain and Northern Ireland,HUMAN_OBSERVATION
54.652649,8.351303,2020,3,Germany,HUMAN_OBSERVATION
54.653015,-5.818496,2024,4,United Kingdom of Great Britain and Northern Ireland,HUMAN_OBSERVATION
54.653015,-5.818496,2024,4,United Kingdom of Great Britain and Northern Ireland,HUMAN_OBSERVATION
54.65342,-5.81565,2012,1,United Kingdom of Great Britain and Northern Ireland,HUMAN_OBSERVATION
54.654503,-3.566239,1991,6,United Kingdom of Great Britain and Northern Ireland,HUMAN_OBSERVATION
54.654503,-3.566239,1991,6,United Kingdom of Great Britain and Northern Ireland,HUMAN_OBSERVATION
54.654503,-3.566239,1991,6,United Kingdom of Great Britain and Northern Ireland,HUMAN_OBSERVATION
54.654503,-3.566239,1991,6,United Kingdom of Great Britain and Northern Ireland,HUMAN_OBSERVATION
54.654503,-3.566239,1991,6,United Kingdom of Great Britain and Northern Ireland,HUMAN_OBSERVATION
54.65562,-5.539815,2017,6,United Kingdom of Great Britain and Northern Ireland,HUMAN_OBSERVATION
54.655998,-5.537996,2007,11,United Kingdom of Great Britain and Northern Ireland,HUMAN_OBSERVATION
54.65659,-5.808641,2013,9,United Kingdom of Great Britain and Northern Ireland,HUMAN_OBSERVATION
54.65659,-5.808641,2013,9,United Kingdom of Great Britain and Northern Ireland,HUMAN_OBSERVATION
54.658187,-3.56182,2016,6,United Kingdom of Great Britain and Northern Ireland,HUMAN_OBSERVATION
54.659953,-3.561798,1991,7,United Kingdom of Great Britain and Northern Ireland,HUMAN_OBSERVATION
54.659953,-3.561798,1991,7,United Kingdom of Great Britain and Northern Ireland,HUMAN_OBSERVATION
54.659953,-3.561798,1991,7,United Kingdom of Great Britain and Northern Ireland,HUMAN_OBSERVATION
54.66014,-5.559239,2023,10,United Kingdom of Great Britain and Northern Ireland,HUMAN_OBSERVATION
54.662668,-3.560351,1991,6,United Kingdom of Great Britain and Northern Ireland,HUMAN_OBSERVATION
54.662668,-3.560351,1991,6,United Kingdom of Great Britain and Northern Ireland,HUMAN_OBSERVATION
54.662668,-3.560351,1991,6,United Kingdom of Great Britain and Northern Ireland,HUMAN_OBSERVATION
54.662668,-3.560351,1991,6,United Kingdom of Great Britain and Northern Ireland,HUMAN_OBSERVATION
54.662668,-3.560351,1991,6,United Kingdom of Great Britain and Northern Ireland,HUMAN_OBSERVATION
54.664551,-5.670856,2023,4,United Kingdom of Great Britain and Northern Ireland,HUMAN_OBSERVATION
54.66492,-5.671296,2014,9,United Kingdom of Great Britain and Northern Ireland,HUMAN_OBSERVATION
54.66492,-5.671296,2013,8,United Kingdom of Great Britain and Northern Ireland,HUMAN_OBSERVATION
54.66492,-5.671296,2012,9,United Kingdom of Great Britain and Northern Ireland,HUMAN_OBSERVATION
54.66608,-5.663131,2011,3,United Kingdom of Great Britain and Northern Ireland,HUMAN_OBSERVATION
54.6661,-5.771515,2019,9,United Kingdom of Great Britain and Northern Ireland,HUMAN_OBSERVATION
54.666322,-5.693326,2024,5,United Kingdom of Great Britain and Northern Ireland,HUMAN_OBSERVATION
54.667764,-5.704861,2020,6,United Kingdom of Great Britain and Northern Ireland,HUMAN_OBSERVATION
54.667764,-5.704861,2020,6,United Kingdom of Great Britain and Northern Ireland,HUMAN_OBSERVATION
54.667811,-5.704931,2020,6,United Kingdom of Great Britain and Northern Ireland,HUMAN_OBSERVATION
54.667811,-5.704931,2020,6,United Kingdom of Great Britain and Northern Ireland,HUMAN_OBSERVATION
54.66822,-5.805681,2005,3,United Kingdom of Great Britain and Northern Ireland,HUMAN_OBSERVATION
54.66822,-5.805681,2005,3,United Kingdom of Great Britain and Northern Ireland,HUMAN_OBSERVATION
54.66822,-5.805681,2001,3,United Kingdom of Great Britain and Northern Ireland,HUMAN_OBSERVATION
54.66822,-5.805681,2001,3,United Kingdom of Great Britain and Northern Ireland,HUMAN_OBSERVATION
54.66822,-5.805681,1998,4,United Kingdom of Great Britain and Northern Ireland,HUMAN_OBSERVATION
54.66825,-5.676454,2003,9,United Kingdom of Great Britain and Northern Ireland,HUMAN_OBSERVATION
54.668399,-5.706019,1986,5,United Kingdom of Great Britain and Northern Ireland,HUMAN_OBSERVATION
54.669133,-5.871083,2012,9,United Kingdom of Great Britain and Northern Ireland,MATERIAL_SAMPLE
54.669135,-5.871083,2012,9,United Kingdom of Great Britain and Northern Ireland,HUMAN_OBSERVATION
54.669949,-5.574732,2022,3,United Kingdom of Great Britain and Northern Ireland,HUMAN_OBSERVATION
54.669949,-5.574732,2022,3,United Kingdom of Great Britain and Northern Ireland,HUMAN_OBSERVATION
54.67,-5.574475,2019,1,United Kingdom of Great Britain and Northern Ireland,HUMAN_OBSERVATION
54.67,-5.574475,2019,1,United Kingdom of Great Britain and Northern Ireland,HUMAN_OBSERVATION
54.670069,-5.574742,2019,1,United Kingdom of Great Britain and Northern Ireland,HUMAN_OBSERVATION
54.670069,-5.574742,2019,1,United Kingdom of Great Britain and Northern Ireland,HUMAN_OBSERVATION
54.670892,-3.549812,1991,6,United Kingdom of Great Britain and Northern Ireland,HUMAN_OBSERVATION
54.670892,-3.549812,1991,6,United Kingdom of Great Britain and Northern Ireland,HUMAN_OBSERVATION
54.670892,-3.549812,1991,6,United Kingdom of Great Britain and Northern Ireland,HUMAN_OBSERVATION
54.670892,-3.549812,1991,6,United Kingdom of Great Britain and Northern Ireland,HUMAN_OBSERVATION
54.671984,-5.875938,,,United Kingdom of Great Britain and Northern Ireland,HUMAN_OBSERVATION
54.674586,-5.738585,2023,8,United Kingdom of Great Britain and Northern Ireland,HUMAN_OBSERVATION
54.674586,-5.738585,2023,8,United Kingdom of Great Britain and Northern Ireland,HUMAN_OBSERVATION
54.675366,-5.579257,2021,4,United Kingdom of Great Britain and Northern Ireland,HUMAN_OBSERVATION
54.675802,-5.578456,2021,4,United Kingdom of Great Britain and Northern Ireland,HUMAN_OBSERVATION
54.677656,-5.581447,1985,7,United Kingdom of Great Britain and Northern Ireland,HUMAN_OBSERVATION
54.677656,-5.581447,1985,7,United Kingdom of Great Britain and Northern Ireland,HUMAN_OBSERVATION
54.677656,-5.581447,1985,7,United Kingdom of Great Britain and Northern Ireland,HUMAN_OBSERVATION
54.677656,-5.581447,1985,7,United Kingdom of Great Britain and Northern Ireland,HUMAN_OBSERVATION
54.67888,-5.623156,2024,4,United Kingdom of Great Britain and Northern Ireland,HUMAN_OBSERVATION
54.67939,-5.623375,2021,9,United Kingdom of Great Britain and Northern Ireland,HUMAN_OBSERVATION
54.67939,-5.623375,2021,9,United Kingdom of Great Britain and Northern Ireland,HUMAN_OBSERVATION
54.679797,-5.880275,2025,4,United Kingdom of Great Britain and Northern Ireland,HUMAN_OBSERVATION
54.679797,-5.880275,2025,4,United Kingdom of Great Britain and Northern Ireland,HUMAN_OBSERVATION
54.679825,8.548524,2020,12,Germany,HUMAN_OBSERVATION
54.679985,8.522765,2023,8,Germany,HUMAN_OBSERVATION
54.68026,-5.62396,2012,5,United Kingdom of Great Britain and Northern Ireland,HUMAN_OBSERVATION
54.68026,-5.62396,2012,5,United Kingdom of Great Britain and Northern Ireland,HUMAN_OBSERVATION
54.680345,-5.88032,2024,4,United Kingdom of Great Britain and Northern Ireland,HUMAN_OBSERVATION
54.680345,-5.88032,2024,4,United Kingdom of Great Britain and Northern Ireland,HUMAN_OBSERVATION
54.680431,8.486066,2020,3,Germany,HUMAN_OBSERVATION
54.68047,-5.88235,2021,1,United Kingdom of Great Britain and Northern Ireland,HUMAN_OBSERVATION
54.68047,-5.88235,2021,1,United Kingdom of Great Britain and Northern Ireland,HUMAN_OBSERVATION
54.68138,-5.881601,2020,10,United Kingdom of Great Britain and Northern Ireland,HUMAN_OBSERVATION
54.68138,-5.881601,2020,10,United Kingdom of Great Britain and Northern Ireland,HUMAN_OBSERVATION
54.681458,-5.880425,2023,11,United Kingdom of Great Britain and Northern Ireland,HUMAN_OBSERVATION
54.681458,-5.880425,2023,11,United Kingdom of Great Britain and Northern Ireland,HUMAN_OBSERVATION
54.6852,-5.69988,2019,9,United Kingdom of Great Britain and Northern Ireland,HUMAN_OBSERVATION
54.6852,-5.69988,2019,9,United Kingdom of Great Britain and Northern Ireland,HUMAN_OBSERVATION
54.685561,-3.527101,1991,5,United Kingdom of Great Britain and Northern Ireland,HUMAN_OBSERVATION
54.685561,-3.527101,1991,5,United Kingdom of Great Britain and Northern Ireland,HUMAN_OBSERVATION
54.685561,-3.527101,1991,5,United Kingdom of Great Britain and Northern Ireland,HUMAN_OBSERVATION
54.685561,-3.527101,1991,5,United Kingdom of Great Britain and Northern Ireland,HUMAN_OBSERVATION
54.685561,-3.527101,1991,5,United Kingdom of Great Britain and Northern Ireland,HUMAN_OBSERVATION
54.691029,-3.5211,1991,5,United Kingdom of Great Britain and Northern Ireland,HUMAN_OBSERVATION
54.691029,-3.5211,1991,5,United Kingdom of Great Britain and Northern Ireland,HUMAN_OBSERVATION
54.691029,-3.5211,1991,5,United Kingdom of Great Britain and Northern Ireland,HUMAN_OBSERVATION
54.691029,-3.5211,1991,5,United Kingdom of Great Britain and Northern Ireland,HUMAN_OBSERVATION
54.693764,8.438766,2024,2,Germany,HUMAN_OBSERVATION
54.693912,-1.202522,2012,5,United Kingdom of Great Britain and Northern Ireland,HUMAN_OBSERVATION
54.69626,-5.847642,2012,3,United Kingdom of Great Britain and Northern Ireland,HUMAN_OBSERVATION
54.697376,-3.516683,1991,5,United Kingdom of Great Britain and Northern Ireland,HUMAN_OBSERVATION
54.697376,-3.516683,1991,5,United Kingdom of Great Britain and Northern Ireland,HUMAN_OBSERVATION
54.697376,-3.516683,1991,5,United Kingdom of Great Britain and Northern Ireland,HUMAN_OBSERVATION
54.699643,8.338317,2024,9,Germany,HUMAN_OBSERVATION
54.709504,-5.822814,2023,1,United Kingdom of Great Britain and Northern Ireland,HUMAN_OBSERVATION
54.709655,-5.822556,2024,7,United Kingdom of Great Britain and Northern Ireland,HUMAN_OBSERVATION
54.70976,-5.809978,2015,9,United Kingdom of Great Britain and Northern Ireland,HUMAN_OBSERVATION
54.70976,-5.809978,2014,9,United Kingdom of Great Britain and Northern Ireland,HUMAN_OBSERVATION
54.70976,-5.809978,2013,8,United Kingdom of Great Britain and Northern Ireland,HUMAN_OBSERVATION
54.70976,-5.809978,2012,9,United Kingdom of Great Britain and Northern Ireland,HUMAN_OBSERVATION
54.710223,-3.495431,1991,5,United Kingdom of Great Britain and Northern Ireland,HUMAN_OBSERVATION
54.71053,-5.812919,2023,4,United Kingdom of Great Britain and Northern Ireland,HUMAN_OBSERVATION
54.71053,-5.812919,2023,9,United Kingdom of Great Britain and Northern Ireland,HUMAN_OBSERVATION
54.7181,-5.796141,2015,4,United Kingdom of Great Britain and Northern Ireland,HUMAN_OBSERVATION
54.7181,-5.796141,2013,3,United Kingdom of Great Britain and Northern Ireland,HUMAN_OBSERVATION
54.7181,-5.796141,2012,3,United Kingdom of Great Britain and Northern Ireland,HUMAN_OBSERVATION
54.7181,-5.796141,2010,4,United Kingdom of Great Britain and Northern Ireland,HUMAN_OBSERVATION
54.720008,-5.791259,2024,7,United Kingdom of Great Britain and Northern Ireland,HUMAN_OBSERVATION
54.7228,-3.495894,1991,5,United Kingdom of Great Britain and Northern Ireland,HUMAN_OBSERVATION
54.7228,-3.495894,1991,5,United Kingdom of Great Britain and Northern Ireland,HUMAN_OBSERVATION
54.7228,-3.495894,1991,5,United Kingdom of Great Britain and Northern Ireland,HUMAN_OBSERVATION
54.724202,-4.544166,1991,6,United Kingdom of Great Britain and Northern Ireland,HUMAN_OBSERVATION
54.740593,-3.510531,2014,9,United Kingdom of Great Britain and Northern Ireland,HUMAN_OBSERVATION
54.742448,-3.505939,2014,10,United Kingdom of Great Britain and Northern Ireland,HUMAN_OBSERVATION
54.743365,-3.50442,2014,10,United Kingdom of Great Britain and Northern Ireland,HUMAN_OBSERVATION
54.747857,-3.504586,2014,9,United Kingdom of Great Britain and Northern Ireland,HUMAN_OBSERVATION
54.748049,-3.489057,2014,9,United Kingdom of Great Britain and Northern Ireland,HUMAN_OBSERVATION
54.751942,8.279786,2015,12,Germany,HUMAN_OBSERVATION
54.767226,-8.493335,,,Ireland,HUMAN_OBSERVATION
54.768922,-4.085219,2000,4,United Kingdom of Great Britain and Northern Ireland,HUMAN_OBSERVATION
54.768922,-4.085219,2000,4,United Kingdom of Great Britain and Northern Ireland,HUMAN_OBSERVATION
54.768934,-4.931811,2019,9,United Kingdom of Great Britain and Northern Ireland,HUMAN_OBSERVATION
54.770482,-4.046431,1991,6,United Kingdom of Great Britain and Northern Ireland,HUMAN_OBSERVATION
54.770482,-4.046431,1991,6,United Kingdom of Great Britain and Northern Ireland,HUMAN_OBSERVATION
54.773822,-3.4387,1991,8,United Kingdom of Great Britain and Northern Ireland,HUMAN_OBSERVATION
54.773822,-3.4387,1991,8,United Kingdom of Great Britain and Northern Ireland,HUMAN_OBSERVATION
54.773822,-3.4387,1991,8,United Kingdom of Great Britain and Northern Ireland,HUMAN_OBSERVATION
54.784385,-4.126451,1991,6,United Kingdom of Great Britain and Northern Ireland,HUMAN_OBSERVATION
54.784385,-4.126451,1991,6,United Kingdom of Great Britain and Northern Ireland,HUMAN_OBSERVATION
54.79755,-3.437329,2020,4,United Kingdom of Great Britain and Northern Ireland,HUMAN_OBSERVATION
54.79755,-3.437329,2020,4,United Kingdom of Great Britain and Northern Ireland,HUMAN_OBSERVATION
54.79765,-3.454612,2024,3,United Kingdom of Great Britain and Northern Ireland,HUMAN_OBSERVATION
54.804255,-3.449116,2014,6,United Kingdom of Great Britain and Northern Ireland,HUMAN_OBSERVATION
54.804255,-3.449116,2014,6,United Kingdom of Great Britain and Northern Ireland,HUMAN_OBSERVATION
54.804772,-4.955418,1989,9,United Kingdom of Great Britain and Northern Ireland,HUMAN_OBSERVATION
54.805172,-3.447593,2014,6,United Kingdom of Great Britain and Northern Ireland,HUMAN_OBSERVATION
54.805172,-3.447593,2014,6,United Kingdom of Great Britain and Northern Ireland,HUMAN_OBSERVATION
54.809574,-4.073307,1991,6,United Kingdom of Great Britain and Northern Ireland,HUMAN_OBSERVATION
54.81178,-5.735805,2008,6,United Kingdom of Great Britain and Northern Ireland,HUMAN_OBSERVATION
54.81266,-4.204198,2018,12,United Kingdom of Great Britain and Northern Ireland,HUMAN_OBSERVATION
54.814669,-4.090688,2013,11,United Kingdom of Great Britain and Northern Ireland,HUMAN_OBSERVATION
54.814696,-4.089133,2019,1,United Kingdom of Great Britain and Northern Ireland,HUMAN_OBSERVATION
54.814803,-4.082913,1991,6,United Kingdom of Great Britain and Northern Ireland,HUMAN_OBSERVATION
54.81494,-5.744958,2009,6,United Kingdom of Great Britain and Northern Ireland,HUMAN_OBSERVATION
54.81494,-5.744958,2009,6,United Kingdom of Great Britain and Northern Ireland,HUMAN_OBSERVATION
54.81495,-5.741797,2013,8,United Kingdom of Great Britain and Northern Ireland,HUMAN_OBSERVATION
54.81495,-5.741797,2012,7,United Kingdom of Great Britain and Northern Ireland,HUMAN_OBSERVATION
54.81495,-5.741797,2012,7,United Kingdom of Great Britain and Northern Ireland,HUMAN_OBSERVATION
54.81495,-5.741797,2012,7,United Kingdom of Great Britain and Northern Ireland,HUMAN_OBSERVATION
54.815822,-3.458867,2014,6,United Kingdom of Great Britain and Northern Ireland,HUMAN_OBSERVATION
54.815822,-3.458867,2014,6,United Kingdom of Great Britain and Northern Ireland,HUMAN_OBSERVATION
54.816174,-3.429311,2014,6,United Kingdom of Great Britain and Northern Ireland,HUMAN_OBSERVATION
54.816174,-3.429311,2014,6,United Kingdom of Great Britain and Northern Ireland,HUMAN_OBSERVATION
54.816174,-3.429311,2014,6,United Kingdom of Great Britain and Northern Ireland,HUMAN_OBSERVATION
54.816447,-5.742753,1986,9,United Kingdom of Great Britain and Northern Ireland,HUMAN_OBSERVATION
54.81711,-5.771465,2008,8,United Kingdom of Great Britain and Northern Ireland,HUMAN_OBSERVATION
54.81744,-5.754768,2008,4,United Kingdom of Great Britain and Northern Ireland,HUMAN_OBSERVATION
54.81744,-5.754768,2008,4,United Kingdom of Great Britain and Northern Ireland,HUMAN_OBSERVATION
54.81844,-5.773474,2012,7,United Kingdom of Great Britain and Northern Ireland,HUMAN_OBSERVATION
54.81844,-5.773474,2012,7,United Kingdom of Great Britain and Northern Ireland,HUMAN_OBSERVATION
54.81844,-5.773474,2012,7,United Kingdom of Great Britain and Northern Ireland,HUMAN_OBSERVATION
54.81844,-5.773474,2012,7,United Kingdom of Great Britain and Northern Ireland,HUMAN_OBSERVATION
54.81844,-5.773474,2012,7,United Kingdom of Great Britain and Northern Ireland,HUMAN_OBSERVATION
54.818795,-3.435629,2014,6,United Kingdom of Great Britain and Northern Ireland,HUMAN_OBSERVATION
54.818795,-3.435629,2014,6,United Kingdom of Great Britain and Northern Ireland,HUMAN_OBSERVATION
54.818795,-3.435629,2014,6,United Kingdom of Great Britain and Northern Ireland,HUMAN_OBSERVATION
54.818795,-3.435629,2014,6,United Kingdom of Great Britain and Northern Ireland,HUMAN_OBSERVATION
54.81911,-5.767976,2011,10,United Kingdom of Great Britain and Northern Ireland,HUMAN_OBSERVATION
54.81911,-5.767976,2009,7,United Kingdom of Great Britain and Northern Ireland,HUMAN_OBSERVATION
54.819743,-5.775246,1986,9,United Kingdom of Great Britain and Northern Ireland,HUMAN_OBSERVATION
54.819743,-5.775246,1986,9,United Kingdom of Great Britain and Northern Ireland,HUMAN_OBSERVATION
54.822407,-3.434201,2014,6,United Kingdom of Great Britain and Northern Ireland,HUMAN_OBSERVATION
54.822407,-3.434201,2014,6,United Kingdom of Great Britain and Northern Ireland,HUMAN_OBSERVATION
54.822407,-3.434201,2014,6,United Kingdom of Great Britain and Northern Ireland,HUMAN_OBSERVATION
54.822407,-3.434201,2014,6,United Kingdom of Great Britain and Northern Ireland,HUMAN_OBSERVATION
54.823342,-3.431121,2014,6,United Kingdom of Great Britain and Northern Ireland,HUMAN_OBSERVATION
54.823342,-3.431121,2014,6,United Kingdom of Great Britain and Northern Ireland,HUMAN_OBSERVATION
54.823342,-3.431121,2014,6,United Kingdom of Great Britain and Northern Ireland,HUMAN_OBSERVATION
54.823415,-3.424897,2014,6,United Kingdom of Great Britain and Northern Ireland,HUMAN_OBSERVATION
54.823415,-3.424897,2014,6,United Kingdom of Great Britain and Northern Ireland,HUMAN_OBSERVATION
54.823415,-3.424897,2014,6,United Kingdom of Great Britain and Northern Ireland,HUMAN_OBSERVATION
54.824112,-3.442044,2014,6,United Kingdom of Great Britain and Northern Ireland,HUMAN_OBSERVATION
54.824241,-3.431152,2014,6,United Kingdom of Great Britain and Northern Ireland,HUMAN_OBSERVATION
54.824764,-4.715531,2023,5,United Kingdom of Great Britain and Northern Ireland,HUMAN_OBSERVATION
54.825271,-3.823472,1991,8,United Kingdom of Great Britain and Northern Ireland,HUMAN_OBSERVATION
54.825271,-3.823472,1991,8,United Kingdom of Great Britain and Northern Ireland,HUMAN_OBSERVATION
54.825271,-3.823472,1991,8,United Kingdom of Great Britain and Northern Ireland,HUMAN_OBSERVATION
54.82645,-5.754141,2011,10,United Kingdom of Great Britain and Northern Ireland,HUMAN_OBSERVATION
54.827944,-3.421943,2014,6,United Kingdom of Great Britain and Northern Ireland,HUMAN_OBSERVATION
54.834067,-3.436171,2014,6,United Kingdom of Great Britain and Northern Ireland,HUMAN_OBSERVATION
54.834067,-3.436171,2014,6,United Kingdom of Great Britain and Northern Ireland,HUMAN_OBSERVATION
54.834067,-3.436171,2014,6,United Kingdom of Great Britain and Northern Ireland,HUMAN_OBSERVATION
54.834181,-5.77126,2009,11,United Kingdom of Great Britain and Northern Ireland,HUMAN_OBSERVATION
54.83491,-5.771843,2009,11,United Kingdom of Great Britain and Northern Ireland,HUMAN_OBSERVATION
54.83491,-5.771843,2009,11,United Kingdom of Great Britain and Northern Ireland,HUMAN_OBSERVATION
54.83491,-5.771843,2009,11,United Kingdom of Great Britain and Northern Ireland,HUMAN_OBSERVATION
54.83491,-5.771843,2009,11,United Kingdom of Great Britain and Northern Ireland,HUMAN_OBSERVATION
54.835735,-3.447129,2014,6,United Kingdom of Great Britain and Northern Ireland,HUMAN_OBSERVATION
54.835903,-4.259969,2016,6,United Kingdom of Great Britain and Northern Ireland,HUMAN_OBSERVATION
54.835903,-4.259969,2016,6,United Kingdom of Great Britain and Northern Ireland,HUMAN_OBSERVATION
54.835903,-4.259969,2016,6,United Kingdom of Great Britain and Northern Ireland,HUMAN_OBSERVATION
54.835903,-4.259969,2016,6,United Kingdom of Great Britain and Northern Ireland,HUMAN_OBSERVATION
54.835903,-4.259969,2016,6,United Kingdom of Great Britain and Northern Ireland,HUMAN_OBSERVATION
54.835903,-4.259969,2016,6,United Kingdom of Great Britain and Northern Ireland,HUMAN_OBSERVATION
54.835903,-4.259969,2016,6,United Kingdom of Great Britain and Northern Ireland,HUMAN_OBSERVATION
54.835903,-4.259969,2016,6,United Kingdom of Great Britain and Northern Ireland,HUMAN_OBSERVATION
54.835903,-4.259969,2016,6,United Kingdom of Great Britain and Northern Ireland,HUMAN_OBSERVATION
54.835903,-4.259969,2016,6,United Kingdom of Great Britain and Northern Ireland,HUMAN_OBSERVATION
54.835903,-4.259969,2016,6,United Kingdom of Great Britain and Northern Ireland,HUMAN_OBSERVATION
54.835903,-4.259969,2016,6,United Kingdom of Great Britain and Northern Ireland,HUMAN_OBSERVATION
54.835903,-4.259969,2016,6,United Kingdom of Great Britain and Northern Ireland,HUMAN_OBSERVATION
54.835903,-4.259969,2016,6,United Kingdom of Great Britain and Northern Ireland,HUMAN_OBSERVATION
54.835903,-4.259969,2016,6,United Kingdom of Great Britain and Northern Ireland,HUMAN_OBSERVATION
54.835903,-4.259969,2016,6,United Kingdom of Great Britain and Northern Ireland,HUMAN_OBSERVATION
54.835903,-4.259969,2016,6,United Kingdom of Great Britain and Northern Ireland,HUMAN_OBSERVATION
54.835903,-4.259969,2016,6,United Kingdom of Great Britain and Northern Ireland,HUMAN_OBSERVATION
54.835903,-4.259969,2016,6,United Kingdom of Great Britain and Northern Ireland,HUMAN_OBSERVATION
54.835903,-4.259969,2016,6,United Kingdom of Great Britain and Northern Ireland,HUMAN_OBSERVATION
54.835903,-4.259969,2016,6,United Kingdom of Great Britain and Northern Ireland,HUMAN_OBSERVATION
54.835903,-4.259969,2016,6,United Kingdom of Great Britain and Northern Ireland,HUMAN_OBSERVATION
54.835903,-4.259969,2016,6,United Kingdom of Great Britain and Northern Ireland,HUMAN_OBSERVATION
54.835903,-4.259969,2016,6,United Kingdom of Great Britain and Northern Ireland,HUMAN_OBSERVATION
54.835903,-4.259969,2016,6,United Kingdom of Great Britain and Northern Ireland,HUMAN_OBSERVATION
54.835903,-4.259969,2016,6,United Kingdom of Great Britain and Northern Ireland,HUMAN_OBSERVATION
54.835903,-4.259969,2016,6,United Kingdom of Great Britain and Northern Ireland,HUMAN_OBSERVATION
54.835903,-4.259969,2016,6,United Kingdom of Great Britain and Northern Ireland,HUMAN_OBSERVATION
54.836707,-3.440936,2014,6,United Kingdom of Great Britain and Northern Ireland,HUMAN_OBSERVATION
54.838446,-4.21962,1991,6,United Kingdom of Great Britain and Northern Ireland,HUMAN_OBSERVATION
54.838446,-4.21962,1991,6,United Kingdom of Great Britain and Northern Ireland,HUMAN_OBSERVATION
54.840279,-1.330449,2017,9,United Kingdom of Great Britain and Northern Ireland,MATERIAL_SAMPLE
54.840279,-1.330449,2017,9,United Kingdom of Great Britain and Northern Ireland,MATERIAL_SAMPLE
54.840354,-5.779638,2009,11,United Kingdom of Great Britain and Northern Ireland,HUMAN_OBSERVATION
54.840938,-5.782097,2009,11,United Kingdom of Great Britain and Northern Ireland,HUMAN_OBSERVATION
54.840938,-5.782097,2009,11,United Kingdom of Great Britain and Northern Ireland,HUMAN_OBSERVATION
54.842464,-5.801034,2024,5,United Kingdom of Great Britain and Northern Ireland,HUMAN_OBSERVATION
54.842638,-4.799292,1991,6,United Kingdom of Great Britain and Northern Ireland,HUMAN_OBSERVATION
54.84395,-5.793468,2009,6,United Kingdom of Great Britain and Northern Ireland,HUMAN_OBSERVATION
54.84395,-5.793468,2009,6,United Kingdom of Great Britain and Northern Ireland,HUMAN_OBSERVATION
54.84395,-5.793468,2009,6,United Kingdom of Great Britain and Northern Ireland,HUMAN_OBSERVATION
54.84395,-5.793468,2009,6,United Kingdom of Great Britain and Northern Ireland,HUMAN_OBSERVATION
54.84395,-5.793468,2009,6,United Kingdom of Great Britain and Northern Ireland,HUMAN_OBSERVATION
54.84395,-5.793468,2009,6,United Kingdom of Great Britain and Northern Ireland,HUMAN_OBSERVATION
54.84395,-5.793468,2008,4,United Kingdom of Great Britain and Northern Ireland,HUMAN_OBSERVATION
54.84395,-5.793468,2008,4,United Kingdom of Great Britain and Northern Ireland,HUMAN_OBSERVATION
54.84395,-5.793468,2008,4,United Kingdom of Great Britain and Northern Ireland,HUMAN_OBSERVATION
54.84395,-5.793468,2008,4,United Kingdom of Great Britain and Northern Ireland,HUMAN_OBSERVATION
54.84395,-5.793468,2008,4,United Kingdom of Great Britain and Northern Ireland,HUMAN_OBSERVATION
54.84395,-5.793468,2008,4,United Kingdom of Great Britain and Northern Ireland,HUMAN_OBSERVATION
54.84395,-5.793468,2008,4,United Kingdom of Great Britain and Northern Ireland,HUMAN_OBSERVATION
54.844152,-4.299371,1991,6,United Kingdom of Great Britain and Northern Ireland,HUMAN_OBSERVATION
54.84614,-5.721324,2015,7,United Kingdom of Great Britain and Northern Ireland,HUMAN_OBSERVATION
54.846141,-1.335789,1993,6,United Kingdom of Great Britain and Northern Ireland,HUMAN_OBSERVATION
54.85309,-3.786693,1994,9,United Kingdom of Great Britain and Northern Ireland,HUMAN_OBSERVATION
54.85309,-3.786693,1994,9,United Kingdom of Great Britain and Northern Ireland,HUMAN_OBSERVATION
54.854246,-3.8092,1991,8,United Kingdom of Great Britain and Northern Ireland,HUMAN_OBSERVATION
54.854246,-3.8092,1991,8,United Kingdom of Great Britain and Northern Ireland,HUMAN_OBSERVATION
54.85803,-5.741659,2010,1,United Kingdom of Great Britain and Northern Ireland,HUMAN_OBSERVATION
54.85993,-3.835207,1994,9,United Kingdom of Great Britain and Northern Ireland,HUMAN_OBSERVATION
54.863125,-3.410716,1991,8,United Kingdom of Great Britain and Northern Ireland,HUMAN_OBSERVATION
54.863242,-3.747276,1991,8,United Kingdom of Great Britain and Northern Ireland,HUMAN_OBSERVATION
54.863344,-3.801817,1991,8,United Kingdom of Great Britain and Northern Ireland,HUMAN_OBSERVATION
54.863344,-3.801817,1991,8,United Kingdom of Great Britain and Northern Ireland,HUMAN_OBSERVATION
54.86359,-3.739361,1994,9,United Kingdom of Great Britain and Northern Ireland,HUMAN_OBSERVATION
54.866061,-3.80038,1991,8,United Kingdom of Great Britain and Northern Ireland,HUMAN_OBSERVATION
54.866061,-3.80038,1991,8,United Kingdom of Great Britain and Northern Ireland,HUMAN_OBSERVATION
54.866061,-3.80038,1991,8,United Kingdom of Great Britain and Northern Ireland,HUMAN_OBSERVATION
54.86826,-3.803869,1994,9,United Kingdom of Great Britain and Northern Ireland,HUMAN_OBSERVATION
54.870178,-3.809744,2021,8,United Kingdom of Great Britain and Northern Ireland,HUMAN_OBSERVATION
54.870178,-3.809744,2021,8,United Kingdom of Great Britain and Northern Ireland,HUMAN_OBSERVATION
54.8702,-3.397644,2004,7,United Kingdom of Great Britain and Northern Ireland,HUMAN_OBSERVATION
54.87143,-3.733526,1994,9,United Kingdom of Great Britain and Northern Ireland,HUMAN_OBSERVATION
54.87143,-3.733526,1994,9,United Kingdom of Great Britain and Northern Ireland,HUMAN_OBSERVATION
54.871466,-3.60737,1999,9,United Kingdom of Great Britain and Northern Ireland,HUMAN_OBSERVATION
54.871466,-3.60737,1999,9,United Kingdom of Great Britain and Northern Ireland,HUMAN_OBSERVATION
54.871466,-3.60737,1999,9,United Kingdom of Great Britain and Northern Ireland,HUMAN_OBSERVATION
54.871528,-3.602697,1999,9,United Kingdom of Great Britain and Northern Ireland,HUMAN_OBSERVATION
54.871528,-3.602697,1999,9,United Kingdom of Great Britain and Northern Ireland,HUMAN_OBSERVATION
54.871528,-3.602697,1999,9,United Kingdom of Great Britain and Northern Ireland,HUMAN_OBSERVATION
54.871528,-3.602697,1999,9,United Kingdom of Great Britain and Northern Ireland,HUMAN_OBSERVATION
54.871528,-3.602697,1999,9,United Kingdom of Great Britain and Northern Ireland,HUMAN_OBSERVATION
54.872342,-3.390779,2014,6,United Kingdom of Great Britain and Northern Ireland,HUMAN_OBSERVATION
54.872342,-3.390779,2014,6,United Kingdom of Great Britain and Northern Ireland,HUMAN_OBSERVATION
54.872342,-3.390779,2014,6,United Kingdom of Great Britain and Northern Ireland,HUMAN_OBSERVATION
54.872549,-3.593386,1999,9,United Kingdom of Great Britain and Northern Ireland,HUMAN_OBSERVATION
54.872549,-3.593386,1999,9,United Kingdom of Great Britain and Northern Ireland,HUMAN_OBSERVATION
54.872549,-3.593386,1999,9,United Kingdom of Great Britain and Northern Ireland,HUMAN_OBSERVATION
54.87293,-3.809705,1994,9,United Kingdom of Great Britain and Northern Ireland,HUMAN_OBSERVATION
54.873242,-3.608999,1999,9,United Kingdom of Great Britain and Northern Ireland,HUMAN_OBSERVATION
54.873427,-3.594979,1991,8,United Kingdom of Great Britain and Northern Ireland,HUMAN_OBSERVATION
54.873427,-3.594979,1991,8,United Kingdom of Great Britain and Northern Ireland,HUMAN_OBSERVATION
54.873427,-3.594979,1991,8,United Kingdom of Great Britain and Northern Ireland,HUMAN_OBSERVATION
54.873427,-3.594979,1991,8,United Kingdom of Great Britain and Northern Ireland,HUMAN_OBSERVATION
54.873427,-3.594979,1991,8,United Kingdom of Great Britain and Northern Ireland,HUMAN_OBSERVATION
54.87409,-3.592167,1994,9,United Kingdom of Great Britain and Northern Ireland,HUMAN_OBSERVATION
54.87409,-3.592167,1994,9,United Kingdom of Great Britain and Northern Ireland,HUMAN_OBSERVATION
54.87677,-3.811202,1994,9,United Kingdom of Great Britain and Northern Ireland,HUMAN_OBSERVATION
54.87802,-3.587367,1999,9,United Kingdom of Great Britain and Northern Ireland,HUMAN_OBSERVATION
54.87802,-3.587367,1999,9,United Kingdom of Great Britain and Northern Ireland,HUMAN_OBSERVATION
54.87872,-3.383205,2014,6,United Kingdom of Great Britain and Northern Ireland,HUMAN_OBSERVATION
54.87872,-3.383205,2014,6,United Kingdom of Great Britain and Northern Ireland,HUMAN_OBSERVATION
54.87872,-3.383205,2014,6,United Kingdom of Great Britain and Northern Ireland,HUMAN_OBSERVATION
54.88026,-3.731193,1994,10,United Kingdom of Great Britain and Northern Ireland,HUMAN_OBSERVATION
54.88076,-3.70602,1994,9,United Kingdom of Great Britain and Northern Ireland,HUMAN_OBSERVATION
54.88393,-3.593506,1994,9,United Kingdom of Great Britain and Northern Ireland,HUMAN_OBSERVATION
54.885097,-3.375629,2014,6,United Kingdom of Great Britain and Northern Ireland,HUMAN_OBSERVATION
54.886115,-8.345646,,,Ireland,HUMAN_OBSERVATION
54.887827,-3.372604,2014,6,United Kingdom of Great Britain and Northern Ireland,HUMAN_OBSERVATION
54.889431,-3.308736,2014,6,United Kingdom of Great Britain and Northern Ireland,HUMAN_OBSERVATION
54.889659,-3.369548,2014,6,United Kingdom of Great Britain and Northern Ireland,HUMAN_OBSERVATION
54.890558,-3.369579,2014,6,United Kingdom of Great Britain and Northern Ireland,HUMAN_OBSERVATION
54.893323,-3.363435,2014,6,United Kingdom of Great Britain and Northern Ireland,HUMAN_OBSERVATION
54.893323,-3.363435,2014,6,United Kingdom of Great Britain and Northern Ireland,HUMAN_OBSERVATION
54.893323,-3.363435,2014,6,United Kingdom of Great Britain and Northern Ireland,HUMAN_OBSERVATION
54.893323,-3.363435,2014,6,United Kingdom of Great Britain and Northern Ireland,HUMAN_OBSERVATION
54.893341,-3.361877,2014,6,United Kingdom of Great Britain and Northern Ireland,HUMAN_OBSERVATION
54.893341,-3.361877,2014,6,United Kingdom of Great Britain and Northern Ireland,HUMAN_OBSERVATION
54.893341,-3.361877,2014,6,United Kingdom of Great Britain and Northern Ireland,HUMAN_OBSERVATION
54.894274,-3.35879,2014,6,United Kingdom of Great Britain and Northern Ireland,HUMAN_OBSERVATION
54.894274,-3.35879,2014,6,United Kingdom of Great Britain and Northern Ireland,HUMAN_OBSERVATION
54.894274,-3.35879,2014,6,United Kingdom of Great Britain and Northern Ireland,HUMAN_OBSERVATION
54.895172,-3.35882,2014,6,United Kingdom of Great Britain and Northern Ireland,HUMAN_OBSERVATION
54.895172,-3.35882,2014,6,United Kingdom of Great Britain and Northern Ireland,HUMAN_OBSERVATION
54.895172,-3.35882,2014,6,United Kingdom of Great Britain and Northern Ireland,HUMAN_OBSERVATION
54.896123,-3.354174,2014,6,United Kingdom of Great Britain and Northern Ireland,HUMAN_OBSERVATION
54.896534,-3.316763,2014,6,United Kingdom of Great Britain and Northern Ireland,HUMAN_OBSERVATION
54.896534,-3.316763,2014,6,United Kingdom of Great Britain and Northern Ireland,HUMAN_OBSERVATION
54.899042,-3.333999,1991,8,United Kingdom of Great Britain and Northern Ireland,HUMAN_OBSERVATION
54.902291,-3.282641,2014,6,United Kingdom of Great Britain and Northern Ireland,HUMAN_OBSERVATION
54.902291,-3.282641,2014,6,United Kingdom of Great Britain and Northern Ireland,HUMAN_OBSERVATION
54.902291,-3.282641,2014,6,United Kingdom of Great Britain and Northern Ireland,HUMAN_OBSERVATION
54.902308,-3.281082,2014,6,United Kingdom of Great Britain and Northern Ireland,HUMAN_OBSERVATION
54.905769,-3.293669,2014,6,United Kingdom of Great Britain and Northern Ireland,HUMAN_OBSERVATION
54.905769,-3.293669,2014,6,United Kingdom of Great Britain and Northern Ireland,HUMAN_OBSERVATION
54.905769,-3.293669,2014,6,United Kingdom of Great Britain and Northern Ireland,HUMAN_OBSERVATION
54.905769,-3.293669,2014,6,United Kingdom of Great Britain and Northern Ireland,HUMAN_OBSERVATION
54.906618,-3.298376,2014,6,United Kingdom of Great Britain and Northern Ireland,HUMAN_OBSERVATION
54.906618,-3.298376,2014,6,United Kingdom of Great Britain and Northern Ireland,HUMAN_OBSERVATION
54.906618,-3.298376,2014,6,United Kingdom of Great Britain and Northern Ireland,HUMAN_OBSERVATION
54.906618,-3.298376,2014,6,United Kingdom of Great Britain and Northern Ireland,HUMAN_OBSERVATION
54.906634,-3.296816,2014,6,United Kingdom of Great Britain and Northern Ireland,HUMAN_OBSERVATION
54.906634,-3.296816,2014,6,United Kingdom of Great Britain and Northern Ireland,HUMAN_OBSERVATION
54.907059,-3.340503,2014,6,United Kingdom of Great Britain and Northern Ireland,HUMAN_OBSERVATION
54.907516,-3.298404,2014,6,United Kingdom of Great Britain and Northern Ireland,HUMAN_OBSERVATION
54.907533,-3.296845,2014,6,United Kingdom of Great Britain and Northern Ireland,HUMAN_OBSERVATION
54.907533,-3.296845,2014,6,United Kingdom of Great Britain and Northern Ireland,HUMAN_OBSERVATION
54.907533,-3.296845,2014,6,United Kingdom of Great Britain and Northern Ireland,HUMAN_OBSERVATION
54.907533,-3.296845,2014,6,United Kingdom of Great Britain and Northern Ireland,HUMAN_OBSERVATION
54.907533,-3.296845,2014,6,United Kingdom of Great Britain and Northern Ireland,HUMAN_OBSERVATION
54.907533,-3.296845,2014,6,United Kingdom of Great Britain and Northern Ireland,HUMAN_OBSERVATION
54.909162,-3.312496,2014,6,United Kingdom of Great Britain and Northern Ireland,HUMAN_OBSERVATION
54.909179,-3.310937,2014,6,United Kingdom of Great Britain and Northern Ireland,HUMAN_OBSERVATION
54.912257,-1.437651,1992,9,United Kingdom of Great Britain and Northern Ireland,HUMAN_OBSERVATION
54.914025,-1.431387,1992,9,United Kingdom of Great Britain and Northern Ireland,HUMAN_OBSERVATION
54.91843,-3.569496,1994,9,United Kingdom of Great Britain and Northern Ireland,HUMAN_OBSERVATION
54.92543,-3.579165,1994,11,United Kingdom of Great Britain and Northern Ireland,HUMAN_OBSERVATION
54.944662,-3.180951,2014,6,United Kingdom of Great Britain and Northern Ireland,HUMAN_OBSERVATION
54.947797,-1.355971,1993,5,United Kingdom of Great Britain and Northern Ireland,HUMAN_OBSERVATION
54.949264,-8.409701,,,Ireland,HUMAN_OBSERVATION
54.950007,-3.185792,2014,6,United Kingdom of Great Britain and Northern Ireland,HUMAN_OBSERVATION
54.950007,-3.185792,2014,6,United Kingdom of Great Britain and Northern Ireland,HUMAN_OBSERVATION
54.954065,-3.229635,1991,8,United Kingdom of Great Britain and Northern Ireland,HUMAN_OBSERVATION
54.955042,-3.221856,2014,6,United Kingdom of Great Britain and Northern Ireland,HUMAN_OBSERVATION
54.955042,-3.221856,2014,6,United Kingdom of Great Britain and Northern Ireland,HUMAN_OBSERVATION
54.955042,-3.221856,2014,6,United Kingdom of Great Britain and Northern Ireland,HUMAN_OBSERVATION
54.956019,-3.214078,2014,6,United Kingdom of Great Britain and Northern Ireland,HUMAN_OBSERVATION
54.958589,-3.226649,1992,6,United Kingdom of Great Britain and Northern Ireland,HUMAN_OBSERVATION
54.962124,-1.346372,1993,6,United Kingdom of Great Britain and Northern Ireland,HUMAN_OBSERVATION
54.963283,-5.070962,2022,4,United Kingdom of Great Britain and Northern Ireland,HUMAN_OBSERVATION
54.96477,-3.364964,1994,9,United Kingdom of Great Britain and Northern Ireland,HUMAN_OBSERVATION
54.96477,-3.136948,1994,9,United Kingdom of Great Britain and Northern Ireland,HUMAN_OBSERVATION
54.9711,-3.221279,1994,9,United Kingdom of Great Britain and Northern Ireland,HUMAN_OBSERVATION
54.9731,-3.122606,1994,9,United Kingdom of Great Britain and Northern Ireland,HUMAN_OBSERVATION
54.973608,-3.33647,1991,8,United Kingdom of Great Britain and Northern Ireland,HUMAN_OBSERVATION
54.973608,-3.33647,1991,8,United Kingdom of Great Britain and Northern Ireland,HUMAN_OBSERVATION
54.988897,-3.430765,2018,9,United Kingdom of Great Britain and Northern Ireland,HUMAN_OBSERVATION
54.988897,-3.430765,2018,9,United Kingdom of Great Britain and Northern Ireland,HUMAN_OBSERVATION
54.995205,8.385465,2014,8,Germany,HUMAN_OBSERVATION
55.001329,-3.573472,1991,8,United Kingdom of Great Britain and Northern Ireland,HUMAN_OBSERVATION
55.005606,-1.414458,1992,9,United Kingdom of Great Britain and Northern Ireland,HUMAN_OBSERVATION
55.011969,8.420517,2006,6,Germany,HUMAN_OBSERVATION
55.02016,-7.293646,2012,4,United Kingdom of Great Britain and Northern Ireland,HUMAN_OBSERVATION
55.022,8.44,2019,5,Germany,MATERIAL_SAMPLE
55.022,8.44,2019,5,Germany,MATERIAL_SAMPLE
55.022,8.44,2019,5,Germany,MATERIAL_SAMPLE
55.022,8.44,2019,5,Germany,MATERIAL_SAMPLE
55.022,8.44,2019,5,Germany,MATERIAL_SAMPLE
55.022,8.44,2019,5,Germany,MATERIAL_SAMPLE
55.022,8.44,2019,5,Germany,MATERIAL_SAMPLE
55.022,8.44,2019,5,Germany,MATERIAL_SAMPLE
55.022,8.44,2019,5,Germany,MATERIAL_SAMPLE
55.022,8.44,2019,5,Germany,MATERIAL_SAMPLE
55.022,8.44,2019,5,Germany,MATERIAL_SAMPLE
55.022,8.44,2019,5,Germany,MATERIAL_SAMPLE
55.022,8.44,2019,5,Germany,MATERIAL_SAMPLE
55.022,8.44,2019,5,Germany,MATERIAL_SAMPLE
55.022,8.44,2019,5,Germany,MATERIAL_SAMPLE
55.022,8.44,2019,5,Germany,MATERIAL_SAMPLE
55.022,8.44,2019,5,Germany,MATERIAL_SAMPLE
55.022,8.44,2019,5,Germany,MATERIAL_SAMPLE
55.022,8.44,2019,5,Germany,MATERIAL_SAMPLE
55.022,8.44,2019,5,Germany,MATERIAL_SAMPLE
55.022,8.44,2019,5,Germany,MATERIAL_SAMPLE
55.022,8.44,2019,5,Germany,MATERIAL_SAMPLE
55.022,8.44,2019,5,Germany,MATERIAL_SAMPLE
55.022,8.44,2019,5,Germany,MATERIAL_SAMPLE
55.022,8.44,2019,5,Germany,MATERIAL_SAMPLE
55.022,8.44,2019,5,Germany,MATERIAL_SAMPLE
55.023205,8.439982,2020,8,Germany,HUMAN_OBSERVATION
55.027721,8.433593,2018,8,Germany,HUMAN_OBSERVATION
55.04649,-7.251812,2011,10,United Kingdom of Great Britain and Northern Ireland,HUMAN_OBSERVATION
55.05016,-7.250144,2012,8,United Kingdom of Great Britain and Northern Ireland,HUMAN_OBSERVATION
55.0514,-7.24515,1998,4,United Kingdom of Great Britain and Northern Ireland,HUMAN_OBSERVATION
55.05219,-7.24295,1998,4,United Kingdom of Great Britain and Northern Ireland,HUMAN_OBSERVATION
55.05219,-7.24295,1998,4,United Kingdom of Great Britain and Northern Ireland,HUMAN_OBSERVATION
55.05619,-7.239946,1998,4,United Kingdom of Great Britain and Northern Ireland,HUMAN_OBSERVATION
55.05619,-7.239946,1998,4,United Kingdom of Great Britain and Northern Ireland,HUMAN_OBSERVATION
55.06669,-7.224149,2007,3,United Kingdom of Great Britain and Northern Ireland,HUMAN_OBSERVATION
55.06669,-7.224149,2007,3,United Kingdom of Great Britain and Northern Ireland,HUMAN_OBSERVATION
55.06669,-7.224149,2005,3,United Kingdom of Great Britain and Northern Ireland,HUMAN_OBSERVATION
55.06669,-7.224149,2005,3,United Kingdom of Great Britain and Northern Ireland,HUMAN_OBSERVATION
55.06669,-7.224149,2004,5,United Kingdom of Great Britain and Northern Ireland,HUMAN_OBSERVATION
55.06669,-7.224149,2004,5,United Kingdom of Great Britain and Northern Ireland,HUMAN_OBSERVATION
55.06669,-7.224149,2001,5,United Kingdom of Great Britain and Northern Ireland,HUMAN_OBSERVATION
55.06669,-7.224149,2001,5,United Kingdom of Great Britain and Northern Ireland,HUMAN_OBSERVATION
55.06669,-7.224149,2000,4,United Kingdom of Great Britain and Northern Ireland,HUMAN_OBSERVATION
55.06669,-7.224149,2000,4,United Kingdom of Great Britain and Northern Ireland,HUMAN_OBSERVATION
55.06669,-7.224149,1998,4,United Kingdom of Great Britain and Northern Ireland,HUMAN_OBSERVATION
55.06669,-7.224149,1998,4,United Kingdom of Great Britain and Northern Ireland,HUMAN_OBSERVATION
55.0899,-7.123132,2010,4,United Kingdom of Great Britain and Northern Ireland,HUMAN_OBSERVATION
55.11113,-7.110581,2012,,United Kingdom of Great Britain and Northern Ireland,HUMAN_OBSERVATION
55.112222,-7.472222,2021,8,Ireland,HUMAN_OBSERVATION
55.115325,-6.992315,1987,5,United Kingdom of Great Britain and Northern Ireland,HUMAN_OBSERVATION
55.11533,-7.004951,2013,9,United Kingdom of Great Britain and Northern Ireland,HUMAN_OBSERVATION
55.1246,-7.170429,2007,3,Ireland,HUMAN_OBSERVATION
55.1246,-7.170429,2007,3,Ireland,HUMAN_OBSERVATION
55.129979,-1.495761,1993,5,United Kingdom of Great Britain and Northern Ireland,HUMAN_OBSERVATION
55.13444,-7.141041,,,Ireland,HUMAN_OBSERVATION
55.13909,-1.52702,1990,11,United Kingdom of Great Britain and Northern Ireland,HUMAN_OBSERVATION
55.14021,-7.473321,2024,10,Ireland,HUMAN_OBSERVATION
55.147447,8.478092,2023,8,Denmark,HUMAN_OBSERVATION
55.157358,-7.5205,,,Ireland,HUMAN_OBSERVATION
55.161602,-1.53931,1992,8,United Kingdom of Great Britain and Northern Ireland,HUMAN_OBSERVATION
55.166656,8.476725,2016,10,Denmark,HUMAN_OBSERVATION
55.16771,-7.087318,2007,3,Ireland,HUMAN_OBSERVATION
55.16771,-7.087318,2007,3,Ireland,HUMAN_OBSERVATION
55.172916,-6.726684,2023,8,United Kingdom of Great Britain and Northern Ireland,HUMAN_OBSERVATION
55.176229,-6.724792,2023,8,United Kingdom of Great Britain and Northern Ireland,HUMAN_OBSERVATION
55.18331,-7.032425,2006,6,Ireland,HUMAN_OBSERVATION
55.18331,-7.032425,2006,6,Ireland,HUMAN_OBSERVATION
55.18331,-7.032425,2006,6,Ireland,HUMAN_OBSERVATION
55.18331,-7.032425,2006,6,Ireland,HUMAN_OBSERVATION
55.189732,-6.712286,2020,10,United Kingdom of Great Britain and Northern Ireland,HUMAN_OBSERVATION
55.189732,-6.712286,2020,10,United Kingdom of Great Britain and Northern Ireland,HUMAN_OBSERVATION
55.19181,-7.011918,2010,5,Ireland,HUMAN_OBSERVATION
55.19181,-7.011918,2009,4,Ireland,HUMAN_OBSERVATION
55.19181,-7.011918,2009,4,Ireland,HUMAN_OBSERVATION
55.19181,-7.011918,2009,4,Ireland,HUMAN_OBSERVATION
55.19181,-7.011918,2009,4,Ireland,HUMAN_OBSERVATION
55.19181,-7.011918,2009,4,Ireland,HUMAN_OBSERVATION
55.19181,-7.011918,2009,4,Ireland,HUMAN_OBSERVATION
55.19181,-7.011918,2009,4,Ireland,HUMAN_OBSERVATION
55.19181,-7.011918,2009,4,Ireland,HUMAN_OBSERVATION
55.19181,-7.011918,2008,5,Ireland,HUMAN_OBSERVATION
55.19181,-7.011918,2008,5,Ireland,HUMAN_OBSERVATION
55.19181,-7.011918,2007,4,Ireland,HUMAN_OBSERVATION
55.19181,-7.011918,2007,4,Ireland,HUMAN_OBSERVATION
55.19181,-7.011918,2007,4,Ireland,HUMAN_OBSERVATION
55.19181,-7.011918,2007,4,Ireland,HUMAN_OBSERVATION
55.217854,-6.557635,1985,9,United Kingdom of Great Britain and Northern Ireland,HUMAN_OBSERVATION
55.2263,-4.8618,2018,5,United Kingdom of Great Britain and Northern Ireland,HUMAN_OBSERVATION
55.2263,-4.8618,2018,5,United Kingdom of Great Britain and Northern Ireland,HUMAN_OBSERVATION
55.2263,-4.8618,2018,5,United Kingdom of Great Britain and Northern Ireland,HUMAN_OBSERVATION
55.2263,-4.8618,2018,5,United Kingdom of Great Britain and Northern Ireland,HUMAN_OBSERVATION
55.28352,-6.234416,2008,5,United Kingdom of Great Britain and Northern Ireland,HUMAN_OBSERVATION
55.2881,-7.298631,,,Ireland,HUMAN_OBSERVATION
55.29034,-6.260633,1986,9,United Kingdom of Great Britain and Northern Ireland,HUMAN_OBSERVATION
55.292948,-6.192822,2024,1,United Kingdom of Great Britain and Northern Ireland,HUMAN_OBSERVATION
55.295337,-6.172245,1986,9,United Kingdom of Great Britain and Northern Ireland,HUMAN_OBSERVATION
55.309056,-5.654878,1978,,United Kingdom of Great Britain and Northern Ireland,HUMAN_OBSERVATION
55.310779,-1.54231,1992,6,United Kingdom of Great Britain and Northern Ireland,HUMAN_OBSERVATION
55.310779,-1.54231,1992,6,United Kingdom of Great Britain and Northern Ireland,HUMAN_OBSERVATION
55.321568,-1.543761,2017,4,United Kingdom of Great Britain and Northern Ireland,HUMAN_OBSERVATION
55.395415,-1.590276,1992,6,United Kingdom of Great Britain and Northern Ireland,HUMAN_OBSERVATION
55.408413,8.417444,2020,9,Denmark,HUMAN_OBSERVATION
55.638095,-4.822309,2023,3,United Kingdom of Great Britain and Northern Ireland,HUMAN_OBSERVATION
55.652962,-1.803588,2015,9,United Kingdom of Great Britain and Northern Ireland,HUMAN_OBSERVATION
55.668154,-1.776614,1987,9,United Kingdom of Great Britain and Northern Ireland,HUMAN_OBSERVATION
55.668193,-1.79887,1988,4,United Kingdom of Great Britain and Northern Ireland,HUMAN_OBSERVATION
55.668193,-1.79887,1988,4,United Kingdom of Great Britain and Northern Ireland,HUMAN_OBSERVATION
55.669102,-1.805225,1988,4,United Kingdom of Great Britain and Northern Ireland,HUMAN_OBSERVATION
55.669102,-1.805225,1988,4,United Kingdom of Great Britain and Northern Ireland,HUMAN_OBSERVATION
55.745834,-4.911828,2016,3,United Kingdom of Great Britain and Northern Ireland,MATERIAL_SAMPLE
55.745834,-4.911828,2016,3,United Kingdom of Great Britain and Northern Ireland,MATERIAL_SAMPLE
55.745853,-4.911548,2017,8,United Kingdom of Great Britain and Northern Ireland,HUMAN_OBSERVATION
55.761488,-1.999289,2015,6,United Kingdom of Great Britain and Northern Ireland,HUMAN_OBSERVATION
55.763599,-2.000771,1992,8,United Kingdom of Great Britain and Northern Ireland,HUMAN_OBSERVATION
55.764498,-2.005552,1992,8,United Kingdom of Great Britain and Northern Ireland,HUMAN_OBSERVATION
55.764498,-2.005552,1992,8,United Kingdom of Great Britain and Northern Ireland,HUMAN_OBSERVATION
55.765396,-2.007146,2015,6,United Kingdom of Great Britain and Northern Ireland,HUMAN_OBSERVATION
55.765396,-2.002365,1992,8,United Kingdom of Great Britain and Northern Ireland,HUMAN_OBSERVATION
55.766295,-2.002365,1992,8,United Kingdom of Great Britain and Northern Ireland,HUMAN_OBSERVATION
55.768091,-2.00874,1992,8,United Kingdom of Great Britain and Northern Ireland,HUMAN_OBSERVATION
55.772584,-2.008741,1992,8,United Kingdom of Great Britain and Northern Ireland,HUMAN_OBSERVATION
55.774379,-2.021494,1992,8,United Kingdom of Great Britain and Northern Ireland,HUMAN_OBSERVATION
55.77438,-2.018306,1992,8,United Kingdom of Great Britain and Northern Ireland,HUMAN_OBSERVATION
55.79115,-4.910063,2016,5,United Kingdom of Great Britain and Northern Ireland,HUMAN_OBSERVATION
55.864288,-5.388733,1978,,United Kingdom of Great Britain and Northern Ireland,HUMAN_OBSERVATION
55.899972,-2.130575,2023,8,United Kingdom of Great Britain and Northern Ireland,HUMAN_OBSERVATION
55.931907,-2.22397,2003,5,United Kingdom of Great Britain and Northern Ireland,HUMAN_OBSERVATION
55.981343,-4.925945,1978,,United Kingdom of Great Britain and Northern Ireland,HUMAN_OBSERVATION
56.002725,-2.546762,2002,3,United Kingdom of Great Britain and Northern Ireland,MATERIAL_SAMPLE
56.002725,-2.546762,2002,3,United Kingdom of Great Britain and Northern Ireland,MATERIAL_SAMPLE
56.025242,-5.610925,2018,6,United Kingdom of Great Britain and Northern Ireland,HUMAN_OBSERVATION
56.025242,-5.610925,2018,6,United Kingdom of Great Britain and Northern Ireland,HUMAN_OBSERVATION
56.027563,-3.389511,2019,8,United Kingdom of Great Britain and Northern Ireland,HUMAN_OBSERVATION
56.02792,-3.357431,2017,1,United Kingdom of Great Britain and Northern Ireland,HUMAN_OBSERVATION
56.031467,-3.47872,2015,12,United Kingdom of Great Britain and Northern Ireland,HUMAN_OBSERVATION
56.033925,-3.342395,2018,1,United Kingdom of Great Britain and Northern Ireland,HUMAN_OBSERVATION
56.065833,-2.782502,2018,3,United Kingdom of Great Britain and Northern Ireland,MATERIAL_SAMPLE
56.065833,-2.782502,2018,3,United Kingdom of Great Britain and Northern Ireland,MATERIAL_SAMPLE
56.06858,-5.264091,2021,10,United Kingdom of Great Britain and Northern Ireland,HUMAN_OBSERVATION
56.068763,-4.839366,1978,,United Kingdom of Great Britain and Northern Ireland,HUMAN_OBSERVATION
56.160077,10.323025,2015,5,Denmark,HUMAN_OBSERVATION
56.23078,-5.065611,2021,9,United Kingdom of Great Britain and Northern Ireland,HUMAN_OBSERVATION
56.316522,-5.583604,2020,3,United Kingdom of Great Britain and Northern Ireland,MATERIAL_SAMPLE
56.316522,-5.583604,2020,3,United Kingdom of Great Britain and Northern Ireland,MATERIAL_SAMPLE
56.338365,-2.786094,2015,6,United Kingdom of Great Britain and Northern Ireland,HUMAN_OBSERVATION
56.53235,-5.78324,2014,5,United Kingdom of Great Britain and Northern Ireland,HUMAN_OBSERVATION
56.53239,-5.780869,2014,6,United Kingdom of Great Britain and Northern Ireland,HUMAN_OBSERVATION
56.546663,-5.293157,2020,3,United Kingdom of Great Britain and Northern Ireland,MATERIAL_SAMPLE
56.546663,-5.293157,2020,3,United Kingdom of Great Britain and Northern Ireland,MATERIAL_SAMPLE
56.64694,12.76266,2024,8,Sweden,HUMAN_OBSERVATION
56.64697,12.762597,2024,8,Sweden,HUMAN_OBSERVATION
56.686463,-5.782924,1994,10,United Kingdom of Great Britain and Northern Ireland,HUMAN_OBSERVATION
56.686913,-5.939332,1994,10,United Kingdom of Great Britain and Northern Ireland,HUMAN_OBSERVATION
56.691843,-5.804053,1994,10,United Kingdom of Great Britain and Northern Ireland,HUMAN_OBSERVATION
56.698686,-5.732507,1994,10,United Kingdom of Great Britain and Northern Ireland,HUMAN_OBSERVATION
56.703441,8.248317,2020,8,Denmark,HUMAN_OBSERVATION
56.714205,11.513161,2015,7,Denmark,HUMAN_OBSERVATION
56.74521,-5.873062,2014,8,United Kingdom of Great Britain and Northern Ireland,HUMAN_OBSERVATION
56.74984,-5.850984,2014,8,United Kingdom of Great Britain and Northern Ireland,HUMAN_OBSERVATION
56.75047,-5.85023,2014,8,United Kingdom of Great Britain and Northern Ireland,HUMAN_OBSERVATION
56.75711,-5.85312,2014,8,United Kingdom of Great Britain and Northern Ireland,HUMAN_OBSERVATION
56.90155,9.055167,2019,,Denmark,OCCURRENCE
57.058376,9.883143,2023,8,Denmark,HUMAN_OBSERVATION
57.058571,9.883364,2024,4,Denmark,HUMAN_OBSERVATION
57.246292,-7.249289,2016,5,United Kingdom of Great Britain and Northern Ireland,HUMAN_OBSERVATION
57.337453,-6.386416,2020,6,United Kingdom of Great Britain and Northern Ireland,HUMAN_OBSERVATION
57.482207,9.803653,2020,8,Denmark,HUMAN_OBSERVATION
57.566894,-4.167433,2012,8,United Kingdom of Great Britain and Northern Ireland,HUMAN_OBSERVATION
57.578262,-4.132984,2012,8,United Kingdom of Great Britain and Northern Ireland,HUMAN_OBSERVATION
57.683147,-4.038499,2012,8,United Kingdom of Great Britain and Northern Ireland,HUMAN_OBSERVATION
57.68549,-4.167801,2012,8,United Kingdom of Great Britain and Northern Ireland,HUMAN_OBSERVATION
57.753413,-3.911366,2012,9,United Kingdom of Great Britain and Northern Ireland,HUMAN_OBSERVATION
57.78026,11.59941,2024,3,Sweden,HUMAN_OBSERVATION
57.78976,-5.603496,2010,8,United Kingdom of Great Britain and Northern Ireland,HUMAN_OBSERVATION
58.097038,-6.525318,1990,8,United Kingdom of Great Britain and Northern Ireland,HUMAN_OBSERVATION
58.103453,-6.393618,1978,5,United Kingdom of Great Britain and Northern Ireland,HUMAN_OBSERVATION
58.25365,11.44597,1993,6,Sweden,HUMAN_OBSERVATION
58.2992,11.37156,2024,7,Sweden,HUMAN_OBSERVATION
58.32548,11.85094,2012,10,Sweden,MATERIAL_SAMPLE
58.336,11.4037,2024,9,Sweden,MATERIAL_SAMPLE
60.398526,-1.383927,1995,8,United Kingdom of Great Britain and Northern Ireland,HUMAN_OBSERVATION
60.398526,-1.383927,1995,8,United Kingdom of Great Britain and Northern Ireland,HUMAN_OBSERVATION
60.412709,-1.345534,1995,8,United Kingdom of Great Britain and Northern Ireland,HUMAN_OBSERVATION
60.412709,-1.345534,1995,8,United Kingdom of Great Britain and Northern Ireland,HUMAN_OBSERVATION
60.443872,-1.294025,1995,8,United Kingdom of Great Britain and Northern Ireland,HUMAN_OBSERVATION
60.457319,-1.290097,1995,8,United Kingdom of Great Britain and Northern Ireland,HUMAN_OBSERVATION
60.614674,4.863115,2013,8,Norway,HUMAN_OBSERVATION
61.279306,4.622371,2023,12,Norway,HUMAN_OBSERVATION
