latitude,longitude,year,month,country,basisOfRecord
37.045155,-8.877728,2001,11,Portugal,HUMAN_OBSERVATION
37.084187,-8.729989,2001,11,Portugal,HUMAN_OBSERVATION
37.091115,-8.66897,2001,11,Portugal,HUMAN_OBSERVATION
37.102461,-8.945659,2001,11,Portugal,HUMAN_OBSERVATION
37.340579,-8.854811,2001,11,Portugal,HUMAN_OBSERVATION
37.524209,-8.788036,2001,11,Portugal,HUMAN_OBSERVATION
37.720834,-8.792484,2001,11,Portugal,HUMAN_OBSERVATION
37.891804,-8.797249,2001,11,Portugal,HUMAN_OBSERVATION
38.675419,-27.329237,2008,,Portugal,HUMAN_OBSERVATION
38.688432,-9.360986,2001,10,Portugal,HUMAN_OBSERVATION
38.709571,-9.486673,2001,10,Portugal,HUMAN_OBSERVATION
38.77,0.21,1984,10,Spain,HUMAN_OBSERVATION
38.83,0.16,1984,4,Spain,HUMAN_OBSERVATION
38.865024,-9.45061,2001,10,Portugal,HUMAN_OBSERVATION
38.961181,-9.42029,2001,10,Portugal,HUMAN_OBSERVATION
39.37344,-9.377283,2001,10,Portugal,HUMAN_OBSERVATION
39.375856,-9.339807,2001,10,Portugal,HUMAN_OBSERVATION
40.177513,-8.903539,2002,1,Portugal,HUMAN_OBSERVATION
41.03,0.91,,,Spain,OCCURRENCE
41.088863,-8.658663,2001,9,Portugal,HUMAN_OBSERVATION
41.1597,-8.686061,2001,9,Portugal,HUMAN_OBSERVATION
41.223489,-8.716956,2001,9,Portugal,HUMAN_OBSERVATION
41.59,2.58,,,Spain,OCCURRENCE
41.68,2.81,,,Spain,OCCURRENCE
41.68,2.93,1983,1,Spain,OCCURRENCE
41.68,2.93,1983,2,Spain,OCCURRENCE
41.68,2.93,1983,2,Spain,OCCURRENCE
41.68,2.93,1983,4,Spain,OCCURRENCE
41.68,2.93,1983,5,Spain,OCCURRENCE
41.68,2.93,1983,8,Spain,OCCURRENCE
41.68,2.93,1982,1,Spain,OCCURRENCE
41.68,2.93,1982,1,Spain,OCCURRENCE
41.68,2.93,1982,1,Spain,OCCURRENCE
41.68,2.93,1982,1,Spain,OCCURRENCE
41.68,2.93,1982,4,Spain,OCCURRENCE
41.68,2.93,1982,4,Spain,OCCURRENCE
41.68,2.93,1982,5,Spain,OCCURRENCE
41.68,2.93,1982,5,Spain,OCCURRENCE
41.68,2.93,1982,5,Spain,OCCURRENCE
41.68,2.93,1982,5,Spain,OCCURRENCE
41.68,2.93,1982,6,Spain,OCCURRENCE
41.68,2.93,1982,7,Spain,OCCURRENCE
41.68,2.93,1982,7,Spain,OCCURRENCE
41.68,2.93,1982,8,Spain,OCCURRENCE
41.68,2.93,1982,8,Spain,OCCURRENCE
41.68,2.93,1982,9,Spain,OCCURRENCE
41.68,2.93,1982,9,Spain,OCCURRENCE
41.68,2.93,1982,11,Spain,OCCURRENCE
41.68,2.93,1982,11,Spain,OCCURRENCE
41.68,2.93,1982,11,Spain,OCCURRENCE
41.68,2.93,1982,11,Spain,OCCURRENCE
41.68,2.93,1982,12,Spain,OCCURRENCE
41.68,2.93,1981,11,Spain,OCCURRENCE
41.68,2.93,1981,11,Spain,OCCURRENCE
41.68,2.93,,,Spain,OCCURRENCE
41.68,2.93,,,Spain,OCCURRENCE
43.302436,-2.344919,2012,4,Spain,HUMAN_OBSERVATION
43.302436,-2.344919,2012,4,Spain,HUMAN_OBSERVATION
43.302436,-2.344919,2012,4,Spain,HUMAN_OBSERVATION
43.302436,-2.344919,2009,7,Spain,HUMAN_OBSERVATION
43.302436,-2.344919,2009,7,Spain,HUMAN_OBSERVATION
43.302436,-2.344919,2009,7,Spain,HUMAN_OBSERVATION
43.302436,-2.344919,2003,4,Spain,HUMAN_OBSERVATION
43.302436,-2.344919,2003,4,Spain,HUMAN_OBSERVATION
43.30287,-2.35627,2012,5,Spain,HUMAN_OBSERVATION
43.30287,-2.35627,2012,5,Spain,HUMAN_OBSERVATION
43.30287,-2.35627,2009,7,Spain,HUMAN_OBSERVATION
43.30287,-2.35627,2006,4,Spain,HUMAN_OBSERVATION
43.30287,-2.35627,2006,4,Spain,HUMAN_OBSERVATION
43.30287,-2.35627,2006,4,Spain,HUMAN_OBSERVATION
43.30287,-2.35627,2003,4,Spain,HUMAN_OBSERVATION
43.303563,-2.259562,2019,4,Spain,HUMAN_OBSERVATION
43.303563,-2.259562,2019,4,Spain,HUMAN_OBSERVATION
43.303563,-2.259562,2013,3,Spain,HUMAN_OBSERVATION
43.303563,-2.259562,2007,4,Spain,HUMAN_OBSERVATION
43.303637,-2.25987,2019,4,Spain,HUMAN_OBSERVATION
43.303637,-2.25987,2019,4,Spain,HUMAN_OBSERVATION
43.303637,-2.25987,2019,4,Spain,HUMAN_OBSERVATION
43.303785,-2.260447,2019,4,Spain,HUMAN_OBSERVATION
43.30848,-2.239071,2019,4,Spain,HUMAN_OBSERVATION
43.30848,-2.239071,2019,4,Spain,HUMAN_OBSERVATION
43.30848,-2.239071,2013,3,Spain,HUMAN_OBSERVATION
43.30848,-2.239071,2013,3,Spain,HUMAN_OBSERVATION
43.323075,-2.411298,2020,9,Spain,HUMAN_OBSERVATION
43.323075,-2.411298,2020,9,Spain,HUMAN_OBSERVATION
43.323075,-2.411298,2020,9,Spain,HUMAN_OBSERVATION
43.323075,-2.411298,2014,4,Spain,HUMAN_OBSERVATION
43.323075,-2.411298,2011,4,Spain,HUMAN_OBSERVATION
43.323075,-2.411298,2005,3,Spain,HUMAN_OBSERVATION
43.332239,-1.948699,2013,8,Spain,HUMAN_OBSERVATION
43.332239,-1.948699,2013,8,Spain,HUMAN_OBSERVATION
43.332239,-1.948699,2010,7,Spain,HUMAN_OBSERVATION
43.332239,-1.948699,2010,7,Spain,HUMAN_OBSERVATION
43.332239,-1.948699,2007,4,Spain,HUMAN_OBSERVATION
43.332239,-1.948699,2004,5,Spain,HUMAN_OBSERVATION
43.332239,-1.948699,2004,5,Spain,HUMAN_OBSERVATION
43.332239,-1.948699,2004,5,Spain,HUMAN_OBSERVATION
43.335761,-1.927494,2013,6,Spain,HUMAN_OBSERVATION
43.335761,-1.927494,2013,6,Spain,HUMAN_OBSERVATION
43.335761,-1.927494,2013,6,Spain,HUMAN_OBSERVATION
43.366869,-2.497234,2017,4,Spain,HUMAN_OBSERVATION
43.366869,-2.497234,2017,4,Spain,HUMAN_OBSERVATION
43.366869,-2.497234,2011,4,Spain,HUMAN_OBSERVATION
43.380345,-3.015888,2012,4,Spain,HUMAN_OBSERVATION
43.380345,-3.015888,2012,4,Spain,HUMAN_OBSERVATION
43.380345,-3.015888,2012,4,Spain,HUMAN_OBSERVATION
43.380345,-3.015888,2009,7,Spain,HUMAN_OBSERVATION
43.380345,-3.015888,2009,7,Spain,HUMAN_OBSERVATION
43.380345,-3.015888,2009,7,Spain,HUMAN_OBSERVATION
43.391142,-1.790736,2013,5,Spain,HUMAN_OBSERVATION
43.391142,-1.790736,2013,5,Spain,HUMAN_OBSERVATION
43.391142,-1.790736,2013,5,Spain,HUMAN_OBSERVATION
43.391142,-1.790736,2013,5,Spain,HUMAN_OBSERVATION
43.391142,-1.790736,2013,5,Spain,HUMAN_OBSERVATION
43.391142,-1.790736,2004,6,Spain,HUMAN_OBSERVATION
43.391142,-1.790736,2004,6,Spain,HUMAN_OBSERVATION
43.391142,-1.790736,2004,6,Spain,HUMAN_OBSERVATION
43.418036,-2.94902,2002,4,Spain,HUMAN_OBSERVATION
43.418154,-2.949489,2014,4,Spain,HUMAN_OBSERVATION
43.418154,-2.949489,2014,4,Spain,HUMAN_OBSERVATION
43.418154,-2.949489,2011,4,Spain,HUMAN_OBSERVATION
43.467149,-3.773213,2024,4,Spain,HUMAN_OBSERVATION
43.484302,-1.563392,2022,4,France,HUMAN_OBSERVATION
43.484302,-1.563392,2022,4,France,HUMAN_OBSERVATION
43.543246,-5.672849,2021,3,Spain,HUMAN_OBSERVATION
43.543352,-5.673438,2021,3,Spain,HUMAN_OBSERVATION
43.543552,-5.674596,2021,3,Spain,HUMAN_OBSERVATION
47.39452,-2.9582,2011,4,France,MATERIAL_SAMPLE
47.39452,-2.9582,2011,4,France,MATERIAL_SAMPLE
47.39452,-2.9582,2011,4,France,MATERIAL_SAMPLE
47.39488,-2.96202,2011,4,France,MATERIAL_SAMPLE
47.39488,-2.96202,2011,4,France,MATERIAL_SAMPLE
47.39488,-2.96202,2011,4,France,MATERIAL_SAMPLE
48.27138,-4.19854,1970,3,France,HUMAN_OBSERVATION
48.35916,-4.55105,2014,11,France,HUMAN_OBSERVATION
48.72875,-3.984624,2018,8,France,HUMAN_OBSERVATION
48.73,-3.989,2008,7,France,MATERIAL_SAMPLE
48.731555,-3.989466,2007,7,France,HUMAN_OBSERVATION
48.88803,-1.80372,1937,,France,HUMAN_OBSERVATION
48.88803,-1.80372,,,France,HUMAN_OBSERVATION
49.22343,-2.016111,2018,12,Jersey,HUMAN_OBSERVATION
49.25499,-2.130495,2015,6,Jersey,HUMAN_OBSERVATION
49.39934,-1.04226,1975,,France,HUMAN_OBSERVATION
49.42015,-2.555074,2018,6,Guernsey,HUMAN_OBSERVATION
49.42015,-2.555074,2018,6,Guernsey,HUMAN_OBSERVATION
49.435001,-2.661664,2012,4,Guernsey,MATERIAL_SAMPLE
49.435001,-2.661664,2012,4,Guernsey,MATERIAL_SAMPLE
49.457342,-2.666254,2012,4,Guernsey,MATERIAL_SAMPLE
49.457342,-2.666254,2012,4,Guernsey,MATERIAL_SAMPLE
49.4962,-1.15048,1998,,France,HUMAN_OBSERVATION
49.581753,-1.261792,2024,3,France,HUMAN_OBSERVATION
49.59492,-1.25243,1996,,France,HUMAN_OBSERVATION
49.65723,-1.87577,,,France,HUMAN_OBSERVATION
49.66918,0.15878,2012,6,France,HUMAN_OBSERVATION
49.68802,0.17117,2007,,France,HUMAN_OBSERVATION
49.6899,-1.2703,1999,,France,HUMAN_OBSERVATION
49.69752,-1.36589,2005,,France,HUMAN_OBSERVATION
49.702,-1.9484,2004,5,France,MATERIAL_SAMPLE
49.70206,-1.40891,2008,,France,HUMAN_OBSERVATION
49.71156,-1.87144,,,France,HUMAN_OBSERVATION
49.71159,-2.180099,2010,5,Guernsey,HUMAN_OBSERVATION
49.7163,-2.168907,2010,5,Guernsey,HUMAN_OBSERVATION
49.72612,-2.256381,2007,6,Guernsey,HUMAN_OBSERVATION
49.867074,-6.38727,1980,7,United Kingdom of Great Britain and Northern Ireland,HUMAN_OBSERVATION
49.87351,-6.407347,1983,7,United Kingdom of Great Britain and Northern Ireland,HUMAN_OBSERVATION
49.875462,-6.403347,1983,7,United Kingdom of Great Britain and Northern Ireland,HUMAN_OBSERVATION
49.875778,-6.395022,1983,7,United Kingdom of Great Britain and Northern Ireland,HUMAN_OBSERVATION
49.894974,-6.363337,1983,7,United Kingdom of Great Britain and Northern Ireland,HUMAN_OBSERVATION
49.89855,-6.337079,2015,6,United Kingdom of Great Britain and Northern Ireland,HUMAN_OBSERVATION
49.904746,-6.294559,1983,7,United Kingdom of Great Britain and Northern Ireland,HUMAN_OBSERVATION
49.913369,-6.32877,1983,7,United Kingdom of Great Britain and Northern Ireland,HUMAN_OBSERVATION
49.917579,-6.312424,1985,9,United Kingdom of Great Britain and Northern Ireland,HUMAN_OBSERVATION
49.923454,-6.275318,1983,3,United Kingdom of Great Britain and Northern Ireland,HUMAN_OBSERVATION
49.924247,-6.350652,1988,9,United Kingdom of Great Britain and Northern Ireland,HUMAN_OBSERVATION
49.933857,-6.285998,1983,7,United Kingdom of Great Britain and Northern Ireland,HUMAN_OBSERVATION
49.938775,-6.298983,1983,7,United Kingdom of Great Britain and Northern Ireland,HUMAN_OBSERVATION
49.943104,-6.303552,1983,7,United Kingdom of Great Britain and Northern Ireland,HUMAN_OBSERVATION
49.953233,-5.215376,1994,7,United Kingdom of Great Britain and Northern Ireland,HUMAN_OBSERVATION
49.9549,-6.264915,2010,8,United Kingdom of Great Britain and Northern Ireland,HUMAN_OBSERVATION
49.9549,-6.264915,2010,8,United Kingdom of Great Britain and Northern Ireland,HUMAN_OBSERVATION
49.955869,-6.250299,1983,7,United Kingdom of Great Britain and Northern Ireland,HUMAN_OBSERVATION
49.955869,-6.250299,1983,7,United Kingdom of Great Britain and Northern Ireland,HUMAN_OBSERVATION
49.95607,-6.347414,2013,5,United Kingdom of Great Britain and Northern Ireland,HUMAN_OBSERVATION
49.956832,-6.321515,1983,7,United Kingdom of Great Britain and Northern Ireland,HUMAN_OBSERVATION
49.957607,-5.219851,1994,7,United Kingdom of Great Britain and Northern Ireland,HUMAN_OBSERVATION
49.958262,-5.196189,1994,7,United Kingdom of Great Britain and Northern Ireland,HUMAN_OBSERVATION
49.958741,-6.270079,1983,3,United Kingdom of Great Britain and Northern Ireland,HUMAN_OBSERVATION
49.959481,-5.281335,1994,7,United Kingdom of Great Britain and Northern Ireland,HUMAN_OBSERVATION
49.960212,-6.327397,1983,7,United Kingdom of Great Britain and Northern Ireland,HUMAN_OBSERVATION
49.962495,-6.362475,1983,7,United Kingdom of Great Britain and Northern Ireland,HUMAN_OBSERVATION
49.962495,-6.362475,1983,7,United Kingdom of Great Britain and Northern Ireland,HUMAN_OBSERVATION
49.962495,-6.362475,1983,7,United Kingdom of Great Britain and Northern Ireland,HUMAN_OBSERVATION
49.96523,-6.268745,2009,5,United Kingdom of Great Britain and Northern Ireland,HUMAN_OBSERVATION
49.967319,-6.305715,1983,7,United Kingdom of Great Britain and Northern Ireland,HUMAN_OBSERVATION
49.975907,-6.29253,1983,7,United Kingdom of Great Britain and Northern Ireland,HUMAN_OBSERVATION
49.975907,-6.29253,1983,7,United Kingdom of Great Britain and Northern Ireland,HUMAN_OBSERVATION
49.977546,-6.296862,1983,7,United Kingdom of Great Britain and Northern Ireland,HUMAN_OBSERVATION
49.978855,-6.285816,1983,7,United Kingdom of Great Britain and Northern Ireland,HUMAN_OBSERVATION
49.978855,-6.285816,1983,7,United Kingdom of Great Britain and Northern Ireland,HUMAN_OBSERVATION
49.98115,-6.320906,1983,7,United Kingdom of Great Britain and Northern Ireland,HUMAN_OBSERVATION
49.98115,-6.320906,1983,7,United Kingdom of Great Britain and Northern Ireland,HUMAN_OBSERVATION
49.998664,-5.133275,1994,8,United Kingdom of Great Britain and Northern Ireland,HUMAN_OBSERVATION
50.002115,-5.268886,1994,7,United Kingdom of Great Britain and Northern Ireland,HUMAN_OBSERVATION
50.012189,-5.26259,1981,8,United Kingdom of Great Britain and Northern Ireland,HUMAN_OBSERVATION
50.02854,-5.288836,1994,7,United Kingdom of Great Britain and Northern Ireland,HUMAN_OBSERVATION
50.034727,-5.062997,1994,8,United Kingdom of Great Britain and Northern Ireland,HUMAN_OBSERVATION
50.037055,-5.274054,1994,7,United Kingdom of Great Britain and Northern Ireland,HUMAN_OBSERVATION
50.037291,-5.265689,1994,7,United Kingdom of Great Britain and Northern Ireland,HUMAN_OBSERVATION
50.037291,-5.265689,1994,7,United Kingdom of Great Britain and Northern Ireland,HUMAN_OBSERVATION
50.038943,-5.03952,1994,7,United Kingdom of Great Britain and Northern Ireland,HUMAN_OBSERVATION
50.0394,-5.634672,2014,7,United Kingdom of Great Britain and Northern Ireland,HUMAN_OBSERVATION
50.041381,-5.049452,1994,7,United Kingdom of Great Britain and Northern Ireland,HUMAN_OBSERVATION
50.04336,-5.042593,1994,7,United Kingdom of Great Britain and Northern Ireland,HUMAN_OBSERVATION
50.046018,-5.044158,1994,7,United Kingdom of Great Britain and Northern Ireland,HUMAN_OBSERVATION
50.046018,-5.044158,1994,7,United Kingdom of Great Britain and Northern Ireland,HUMAN_OBSERVATION
50.04972,-5.040201,1994,7,United Kingdom of Great Britain and Northern Ireland,HUMAN_OBSERVATION
50.04972,-5.040201,1994,7,United Kingdom of Great Britain and Northern Ireland,HUMAN_OBSERVATION
50.052085,-5.052925,1994,7,United Kingdom of Great Britain and Northern Ireland,HUMAN_OBSERVATION
50.060168,-5.053439,1994,7,United Kingdom of Great Britain and Northern Ireland,HUMAN_OBSERVATION
50.078972,-5.704714,1977,6,United Kingdom of Great Britain and Northern Ireland,HUMAN_OBSERVATION
50.083223,-5.066089,1994,8,United Kingdom of Great Britain and Northern Ireland,HUMAN_OBSERVATION
50.087047,-5.091501,1987,7,United Kingdom of Great Britain and Northern Ireland,HUMAN_OBSERVATION
50.087047,-5.091501,1987,7,United Kingdom of Great Britain and Northern Ireland,HUMAN_OBSERVATION
50.087047,-5.091501,1987,7,United Kingdom of Great Britain and Northern Ireland,HUMAN_OBSERVATION
50.087195,-5.085917,1977,2,United Kingdom of Great Britain and Northern Ireland,HUMAN_OBSERVATION
50.087195,-5.085917,1977,2,United Kingdom of Great Britain and Northern Ireland,HUMAN_OBSERVATION
50.087344,-5.080334,1987,7,United Kingdom of Great Britain and Northern Ireland,HUMAN_OBSERVATION
50.087344,-5.080334,1987,7,United Kingdom of Great Britain and Northern Ireland,HUMAN_OBSERVATION
50.087344,-5.080334,1987,7,United Kingdom of Great Britain and Northern Ireland,HUMAN_OBSERVATION
50.087381,-5.078938,1987,7,United Kingdom of Great Britain and Northern Ireland,HUMAN_OBSERVATION
50.087381,-5.078938,1987,7,United Kingdom of Great Britain and Northern Ireland,HUMAN_OBSERVATION
50.087381,-5.078938,1987,7,United Kingdom of Great Britain and Northern Ireland,HUMAN_OBSERVATION
50.087381,-5.078938,1987,7,United Kingdom of Great Britain and Northern Ireland,HUMAN_OBSERVATION
50.0915,-5.093186,1987,7,United Kingdom of Great Britain and Northern Ireland,HUMAN_OBSERVATION
50.0915,-5.093186,1987,7,United Kingdom of Great Britain and Northern Ireland,HUMAN_OBSERVATION
50.0915,-5.093186,1987,7,United Kingdom of Great Britain and Northern Ireland,HUMAN_OBSERVATION
50.0915,-5.093186,1987,7,United Kingdom of Great Britain and Northern Ireland,HUMAN_OBSERVATION
50.0915,-5.093186,1987,7,United Kingdom of Great Britain and Northern Ireland,HUMAN_OBSERVATION
50.093361,-5.157631,1987,7,United Kingdom of Great Britain and Northern Ireland,HUMAN_OBSERVATION
50.095729,-5.103247,1987,7,United Kingdom of Great Britain and Northern Ireland,HUMAN_OBSERVATION
50.095729,-5.103247,1987,7,United Kingdom of Great Britain and Northern Ireland,HUMAN_OBSERVATION
50.095729,-5.103247,1987,7,United Kingdom of Great Britain and Northern Ireland,HUMAN_OBSERVATION
50.095729,-5.103247,1987,7,United Kingdom of Great Britain and Northern Ireland,HUMAN_OBSERVATION
50.095729,-5.103247,1987,7,United Kingdom of Great Britain and Northern Ireland,HUMAN_OBSERVATION
50.096178,-5.120058,2002,5,United Kingdom of Great Britain and Northern Ireland,HUMAN_OBSERVATION
50.096399,-5.078118,1987,7,United Kingdom of Great Britain and Northern Ireland,HUMAN_OBSERVATION
50.096399,-5.078118,1987,7,United Kingdom of Great Britain and Northern Ireland,HUMAN_OBSERVATION
50.096399,-5.078118,1987,7,United Kingdom of Great Britain and Northern Ireland,HUMAN_OBSERVATION
50.096627,-5.103305,1987,7,United Kingdom of Great Britain and Northern Ireland,HUMAN_OBSERVATION
50.096627,-5.103305,1987,7,United Kingdom of Great Britain and Northern Ireland,HUMAN_OBSERVATION
50.097076,-5.120116,1987,7,United Kingdom of Great Britain and Northern Ireland,HUMAN_OBSERVATION
50.097076,-5.120116,1987,7,United Kingdom of Great Britain and Northern Ireland,HUMAN_OBSERVATION
50.097898,-5.122967,1987,7,United Kingdom of Great Britain and Northern Ireland,HUMAN_OBSERVATION
50.098011,-5.118778,2012,8,United Kingdom of Great Britain and Northern Ireland,HUMAN_OBSERVATION
50.098011,-5.118778,2012,8,United Kingdom of Great Britain and Northern Ireland,HUMAN_OBSERVATION
50.098011,-5.118778,2012,8,United Kingdom of Great Britain and Northern Ireland,HUMAN_OBSERVATION
50.098011,-5.118778,2012,8,United Kingdom of Great Britain and Northern Ireland,HUMAN_OBSERVATION
50.098011,-5.118778,2012,8,United Kingdom of Great Britain and Northern Ireland,HUMAN_OBSERVATION
50.098011,-5.118778,2012,8,United Kingdom of Great Britain and Northern Ireland,HUMAN_OBSERVATION
50.098011,-5.118778,2012,8,United Kingdom of Great Britain and Northern Ireland,HUMAN_OBSERVATION
50.098011,-5.118778,2012,8,United Kingdom of Great Britain and Northern Ireland,HUMAN_OBSERVATION
50.098011,-5.118778,2012,8,United Kingdom of Great Britain and Northern Ireland,HUMAN_OBSERVATION
50.098011,-5.118778,2012,8,United Kingdom of Great Britain and Northern Ireland,HUMAN_OBSERVATION
50.099433,-5.099291,1987,7,United Kingdom of Great Britain and Northern Ireland,HUMAN_OBSERVATION
50.099433,-5.099291,1987,7,United Kingdom of Great Britain and Northern Ireland,HUMAN_OBSERVATION
50.099433,-5.099291,1987,7,United Kingdom of Great Britain and Northern Ireland,HUMAN_OBSERVATION
50.099433,-5.099291,1987,7,United Kingdom of Great Britain and Northern Ireland,HUMAN_OBSERVATION
50.099433,-5.099291,1987,7,United Kingdom of Great Britain and Northern Ireland,HUMAN_OBSERVATION
50.101603,-5.119012,1987,7,United Kingdom of Great Britain and Northern Ireland,HUMAN_OBSERVATION
50.101603,-5.119012,1987,7,United Kingdom of Great Britain and Northern Ireland,HUMAN_OBSERVATION
50.101603,-5.119012,1987,7,United Kingdom of Great Britain and Northern Ireland,HUMAN_OBSERVATION
50.102537,-5.084107,1987,7,United Kingdom of Great Britain and Northern Ireland,HUMAN_OBSERVATION
50.102537,-5.084107,1987,7,United Kingdom of Great Britain and Northern Ireland,HUMAN_OBSERVATION
50.103323,-5.547187,2018,4,United Kingdom of Great Britain and Northern Ireland,MATERIAL_SAMPLE
50.103323,-5.547187,2018,4,United Kingdom of Great Britain and Northern Ireland,MATERIAL_SAMPLE
50.10338,-5.547066,2018,4,United Kingdom of Great Britain and Northern Ireland,HUMAN_OBSERVATION
50.10338,-5.547066,,,United Kingdom of Great Britain and Northern Ireland,HUMAN_OBSERVATION
50.103405,-5.547485,2015,9,United Kingdom of Great Britain and Northern Ireland,MATERIAL_SAMPLE
50.103512,-5.11494,1986,6,United Kingdom of Great Britain and Northern Ireland,HUMAN_OBSERVATION
50.104221,-5.088411,1986,10,United Kingdom of Great Britain and Northern Ireland,HUMAN_OBSERVATION
50.104526,-5.429722,1977,7,United Kingdom of Great Britain and Northern Ireland,HUMAN_OBSERVATION
50.10458,-5.086454,2021,6,United Kingdom of Great Britain and Northern Ireland,HUMAN_OBSERVATION
50.107027,-5.084395,1987,7,United Kingdom of Great Britain and Northern Ireland,HUMAN_OBSERVATION
50.107027,-5.084395,1987,7,United Kingdom of Great Britain and Northern Ireland,HUMAN_OBSERVATION
50.116662,-5.475362,1977,6,United Kingdom of Great Britain and Northern Ireland,HUMAN_OBSERVATION
50.139471,-5.013698,2001,10,United Kingdom of Great Britain and Northern Ireland,HUMAN_OBSERVATION
50.140296,-5.01655,1985,7,United Kingdom of Great Britain and Northern Ireland,HUMAN_OBSERVATION
50.141782,-5.069318,2025,5,United Kingdom of Great Britain and Northern Ireland,HUMAN_OBSERVATION
50.141887,-5.069152,2025,5,United Kingdom of Great Britain and Northern Ireland,HUMAN_OBSERVATION
50.14406,-5.027984,2012,11,United Kingdom of Great Britain and Northern Ireland,HUMAN_OBSERVATION
50.144167,-5.040591,1985,7,United Kingdom of Great Britain and Northern Ireland,HUMAN_OBSERVATION
50.145065,-5.040648,2012,8,United Kingdom of Great Britain and Northern Ireland,HUMAN_OBSERVATION
50.146255,-5.029524,1985,7,United Kingdom of Great Britain and Northern Ireland,HUMAN_OBSERVATION
50.147445,-5.0184,1985,7,United Kingdom of Great Britain and Northern Ireland,HUMAN_OBSERVATION
50.147445,-5.0184,1985,7,United Kingdom of Great Britain and Northern Ireland,HUMAN_OBSERVATION
50.147445,-5.0184,1985,7,United Kingdom of Great Britain and Northern Ireland,HUMAN_OBSERVATION
50.147656,-5.056799,2024,5,United Kingdom of Great Britain and Northern Ireland,HUMAN_OBSERVATION
50.14781,-5.055569,2018,4,United Kingdom of Great Britain and Northern Ireland,MATERIAL_SAMPLE
50.14781,-5.055569,2018,4,United Kingdom of Great Britain and Northern Ireland,MATERIAL_SAMPLE
50.14829,-5.054852,2018,4,United Kingdom of Great Britain and Northern Ireland,HUMAN_OBSERVATION
50.149278,-5.017115,1977,9,United Kingdom of Great Britain and Northern Ireland,HUMAN_OBSERVATION
50.15288,-5.036663,2016,9,United Kingdom of Great Britain and Northern Ireland,HUMAN_OBSERVATION
50.153233,-5.003363,1985,5,United Kingdom of Great Britain and Northern Ireland,HUMAN_OBSERVATION
50.153936,-5.045411,1985,7,United Kingdom of Great Britain and Northern Ireland,HUMAN_OBSERVATION
50.154022,-5.007613,1985,5,United Kingdom of Great Britain and Northern Ireland,HUMAN_OBSERVATION
50.15498,-5.039877,1985,7,United Kingdom of Great Britain and Northern Ireland,HUMAN_OBSERVATION
50.159581,-5.035968,1992,8,United Kingdom of Great Britain and Northern Ireland,HUMAN_OBSERVATION
50.160661,-5.029035,1985,5,United Kingdom of Great Britain and Northern Ireland,HUMAN_OBSERVATION
50.160661,-5.029035,1985,5,United Kingdom of Great Britain and Northern Ireland,HUMAN_OBSERVATION
50.16149,-5.058191,2023,5,United Kingdom of Great Britain and Northern Ireland,HUMAN_OBSERVATION
50.161637,-5.058714,2018,9,United Kingdom of Great Britain and Northern Ireland,HUMAN_OBSERVATION
50.162531,-5.026352,2012,8,United Kingdom of Great Britain and Northern Ireland,HUMAN_OBSERVATION
50.163356,-5.029205,1985,7,United Kingdom of Great Britain and Northern Ireland,HUMAN_OBSERVATION
50.163502,-5.023613,1992,8,United Kingdom of Great Britain and Northern Ireland,HUMAN_OBSERVATION
50.16801,-5.032146,2016,9,United Kingdom of Great Britain and Northern Ireland,HUMAN_OBSERVATION
50.168598,-5.035139,1985,7,United Kingdom of Great Britain and Northern Ireland,HUMAN_OBSERVATION
50.169203,-5.046382,1985,7,United Kingdom of Great Britain and Northern Ireland,HUMAN_OBSERVATION
50.169203,-5.046382,1985,7,United Kingdom of Great Britain and Northern Ireland,HUMAN_OBSERVATION
50.169715,-5.026807,1985,7,United Kingdom of Great Britain and Northern Ireland,HUMAN_OBSERVATION
50.169715,-5.026807,1985,7,United Kingdom of Great Britain and Northern Ireland,HUMAN_OBSERVATION
50.169715,-5.026807,1985,7,United Kingdom of Great Britain and Northern Ireland,HUMAN_OBSERVATION
50.171036,-5.045098,1985,5,United Kingdom of Great Britain and Northern Ireland,HUMAN_OBSERVATION
50.171036,-5.045098,1985,5,United Kingdom of Great Britain and Northern Ireland,HUMAN_OBSERVATION
50.171036,-5.045098,1985,5,United Kingdom of Great Britain and Northern Ireland,HUMAN_OBSERVATION
50.173244,-4.994814,1985,6,United Kingdom of Great Britain and Northern Ireland,HUMAN_OBSERVATION
50.173244,-4.994814,1985,6,United Kingdom of Great Britain and Northern Ireland,HUMAN_OBSERVATION
50.173381,-5.024237,1985,7,United Kingdom of Great Britain and Northern Ireland,HUMAN_OBSERVATION
50.182435,-5.022007,1985,7,United Kingdom of Great Britain and Northern Ireland,HUMAN_OBSERVATION
50.182435,-5.022007,1985,7,United Kingdom of Great Britain and Northern Ireland,HUMAN_OBSERVATION
50.182435,-5.022007,1985,7,United Kingdom of Great Britain and Northern Ireland,HUMAN_OBSERVATION
50.188575,-5.028,1985,5,United Kingdom of Great Britain and Northern Ireland,HUMAN_OBSERVATION
50.200121,-5.571128,1978,9,United Kingdom of Great Britain and Northern Ireland,HUMAN_OBSERVATION
50.20553,-5.033278,1985,5,United Kingdom of Great Britain and Northern Ireland,HUMAN_OBSERVATION
50.208333,-5.029251,1985,5,United Kingdom of Great Britain and Northern Ireland,HUMAN_OBSERVATION
50.209727,-4.868139,1996,6,United Kingdom of Great Britain and Northern Ireland,HUMAN_OBSERVATION
50.212519,-5.548221,1977,7,United Kingdom of Great Britain and Northern Ireland,HUMAN_OBSERVATION
50.212519,-5.548221,1977,7,United Kingdom of Great Britain and Northern Ireland,HUMAN_OBSERVATION
50.22012,-5.505318,1978,9,United Kingdom of Great Britain and Northern Ireland,HUMAN_OBSERVATION
50.234418,-3.765979,1985,9,United Kingdom of Great Britain and Northern Ireland,HUMAN_OBSERVATION
50.235154,-4.858446,1977,3,United Kingdom of Great Britain and Northern Ireland,HUMAN_OBSERVATION
50.235154,-4.858446,1977,3,United Kingdom of Great Britain and Northern Ireland,HUMAN_OBSERVATION
50.239102,-5.396157,2018,5,United Kingdom of Great Britain and Northern Ireland,MATERIAL_SAMPLE
50.239102,-5.396157,2018,5,United Kingdom of Great Britain and Northern Ireland,MATERIAL_SAMPLE
50.239156,-5.39611,2018,5,United Kingdom of Great Britain and Northern Ireland,HUMAN_OBSERVATION
50.239566,-5.395929,2015,6,United Kingdom of Great Britain and Northern Ireland,HUMAN_OBSERVATION
50.239566,-5.395929,2015,6,United Kingdom of Great Britain and Northern Ireland,HUMAN_OBSERVATION
50.255325,-4.768455,1976,1,United Kingdom of Great Britain and Northern Ireland,HUMAN_OBSERVATION
50.28441,-4.038849,2007,7,United Kingdom of Great Britain and Northern Ireland,HUMAN_OBSERVATION
50.289639,-4.686205,1996,6,United Kingdom of Great Britain and Northern Ireland,HUMAN_OBSERVATION
50.305751,-4.125331,1993,7,United Kingdom of Great Britain and Northern Ireland,HUMAN_OBSERVATION
50.305777,-4.123928,2003,8,United Kingdom of Great Britain and Northern Ireland,HUMAN_OBSERVATION
50.313298,-4.106003,2016,3,United Kingdom of Great Britain and Northern Ireland,HUMAN_OBSERVATION
50.319,-4.101,2002,8,United Kingdom of Great Britain and Northern Ireland,MATERIAL_SAMPLE
50.31936,-4.118914,1993,8,United Kingdom of Great Britain and Northern Ireland,HUMAN_OBSERVATION
50.31995,-4.135798,1986,7,United Kingdom of Great Britain and Northern Ireland,HUMAN_OBSERVATION
50.31995,-4.135798,1986,7,United Kingdom of Great Britain and Northern Ireland,HUMAN_OBSERVATION
50.322,-4.122,2002,8,United Kingdom of Great Britain and Northern Ireland,MATERIAL_SAMPLE
50.325748,-4.162753,1993,7,United Kingdom of Great Britain and Northern Ireland,HUMAN_OBSERVATION
50.329655,-4.146069,1986,7,United Kingdom of Great Britain and Northern Ireland,HUMAN_OBSERVATION
50.329655,-4.146069,1986,7,United Kingdom of Great Britain and Northern Ireland,HUMAN_OBSERVATION
50.329655,-4.146069,1986,7,United Kingdom of Great Britain and Northern Ireland,HUMAN_OBSERVATION
50.329655,-4.146069,1986,7,United Kingdom of Great Britain and Northern Ireland,HUMAN_OBSERVATION
50.337976,-4.133796,2003,8,United Kingdom of Great Britain and Northern Ireland,HUMAN_OBSERVATION
50.337976,-4.133796,2003,8,United Kingdom of Great Britain and Northern Ireland,HUMAN_OBSERVATION
50.337976,-4.133796,2003,8,United Kingdom of Great Britain and Northern Ireland,HUMAN_OBSERVATION
50.337976,-4.133796,2003,8,United Kingdom of Great Britain and Northern Ireland,HUMAN_OBSERVATION
50.337976,-4.133796,2003,8,United Kingdom of Great Britain and Northern Ireland,HUMAN_OBSERVATION
50.337976,-4.133796,2003,8,United Kingdom of Great Britain and Northern Ireland,HUMAN_OBSERVATION
50.337976,-4.133796,2003,8,United Kingdom of Great Britain and Northern Ireland,HUMAN_OBSERVATION
50.338823,-4.136645,1986,7,United Kingdom of Great Britain and Northern Ireland,HUMAN_OBSERVATION
50.338964,-4.448653,1994,9,United Kingdom of Great Britain and Northern Ireland,HUMAN_OBSERVATION
50.343445,-4.129825,1996,7,United Kingdom of Great Britain and Northern Ireland,HUMAN_OBSERVATION
50.345224,-4.450381,1996,6,United Kingdom of Great Britain and Northern Ireland,HUMAN_OBSERVATION
50.350134,-4.159167,2018,,United Kingdom of Great Britain and Northern Ireland,OCCURRENCE
50.419995,-3.556085,1993,3,United Kingdom of Great Britain and Northern Ireland,HUMAN_OBSERVATION
50.424292,-5.095119,2011,5,United Kingdom of Great Britain and Northern Ireland,HUMAN_OBSERVATION
50.47874,-3.509263,2012,5,United Kingdom of Great Britain and Northern Ireland,HUMAN_OBSERVATION
50.56237,-2.420866,2018,5,United Kingdom of Great Britain and Northern Ireland,HUMAN_OBSERVATION
50.56409,-2.422688,2017,6,United Kingdom of Great Britain and Northern Ireland,HUMAN_OBSERVATION
50.56726,-2.424694,2017,5,United Kingdom of Great Britain and Northern Ireland,HUMAN_OBSERVATION
50.56885,-2.445566,2018,5,United Kingdom of Great Britain and Northern Ireland,HUMAN_OBSERVATION
50.569809,-4.929511,1988,6,United Kingdom of Great Britain and Northern Ireland,HUMAN_OBSERVATION
50.569809,-4.929511,1988,6,United Kingdom of Great Britain and Northern Ireland,HUMAN_OBSERVATION
50.57092,-2.446278,2020,6,United Kingdom of Great Britain and Northern Ireland,HUMAN_OBSERVATION
50.57609,-2.060819,2019,8,United Kingdom of Great Britain and Northern Ireland,HUMAN_OBSERVATION
50.57811,-2.058265,2021,6,United Kingdom of Great Britain and Northern Ireland,HUMAN_OBSERVATION
50.58208,-2.062225,2021,5,United Kingdom of Great Britain and Northern Ireland,HUMAN_OBSERVATION
50.58208,-2.062225,2021,5,United Kingdom of Great Britain and Northern Ireland,HUMAN_OBSERVATION
50.58402,-2.073642,2021,6,United Kingdom of Great Britain and Northern Ireland,HUMAN_OBSERVATION
50.58426,-2.460771,2017,4,United Kingdom of Great Britain and Northern Ireland,HUMAN_OBSERVATION
50.58454,-2.026784,2013,6,United Kingdom of Great Britain and Northern Ireland,HUMAN_OBSERVATION
50.58493,-2.463193,2021,3,United Kingdom of Great Britain and Northern Ireland,HUMAN_OBSERVATION
50.58576,-2.085483,2021,6,United Kingdom of Great Britain and Northern Ireland,HUMAN_OBSERVATION
50.58576,-2.085483,2021,6,United Kingdom of Great Britain and Northern Ireland,HUMAN_OBSERVATION
50.58576,-2.085483,2021,6,United Kingdom of Great Britain and Northern Ireland,HUMAN_OBSERVATION
50.58576,-2.085483,2021,6,United Kingdom of Great Britain and Northern Ireland,HUMAN_OBSERVATION
50.58593,-2.076993,2020,7,United Kingdom of Great Britain and Northern Ireland,HUMAN_OBSERVATION
50.586731,-4.936213,1988,6,United Kingdom of Great Britain and Northern Ireland,HUMAN_OBSERVATION
50.59109,-2.087655,2020,7,United Kingdom of Great Britain and Northern Ireland,HUMAN_OBSERVATION
50.59164,-1.955324,2021,8,United Kingdom of Great Britain and Northern Ireland,HUMAN_OBSERVATION
50.59164,-1.955324,2021,8,United Kingdom of Great Britain and Northern Ireland,HUMAN_OBSERVATION
50.59229,-1.953897,2017,4,United Kingdom of Great Britain and Northern Ireland,HUMAN_OBSERVATION
50.59329,-2.461707,2020,12,United Kingdom of Great Britain and Northern Ireland,HUMAN_OBSERVATION
50.59826,-1.948557,2016,8,United Kingdom of Great Britain and Northern Ireland,HUMAN_OBSERVATION
50.60086,-1.946313,2005,6,United Kingdom of Great Britain and Northern Ireland,HUMAN_OBSERVATION
50.60388,-2.44731,2021,1,United Kingdom of Great Britain and Northern Ireland,HUMAN_OBSERVATION
50.60388,-2.44731,2021,1,United Kingdom of Great Britain and Northern Ireland,HUMAN_OBSERVATION
50.60793,-2.130257,2014,6,United Kingdom of Great Britain and Northern Ireland,HUMAN_OBSERVATION
50.60806,-1.949373,2017,12,United Kingdom of Great Britain and Northern Ireland,HUMAN_OBSERVATION
50.60806,-1.949373,2017,12,United Kingdom of Great Britain and Northern Ireland,HUMAN_OBSERVATION
50.60825,-1.949302,2019,4,United Kingdom of Great Britain and Northern Ireland,HUMAN_OBSERVATION
50.60825,-1.949302,2019,4,United Kingdom of Great Britain and Northern Ireland,HUMAN_OBSERVATION
50.61429,-1.949126,2021,5,United Kingdom of Great Britain and Northern Ireland,HUMAN_OBSERVATION
50.61466,-1.948093,2021,5,United Kingdom of Great Britain and Northern Ireland,HUMAN_OBSERVATION
50.61793,-2.28398,2017,8,United Kingdom of Great Britain and Northern Ireland,HUMAN_OBSERVATION
50.61793,-2.28398,2017,8,United Kingdom of Great Britain and Northern Ireland,HUMAN_OBSERVATION
50.61826,-1.947397,2015,5,United Kingdom of Great Britain and Northern Ireland,HUMAN_OBSERVATION
50.61916,-1.947325,2015,8,United Kingdom of Great Britain and Northern Ireland,HUMAN_OBSERVATION
50.62199,-1.943236,2020,7,United Kingdom of Great Britain and Northern Ireland,HUMAN_OBSERVATION
50.62199,-1.943236,2020,7,United Kingdom of Great Britain and Northern Ireland,HUMAN_OBSERVATION
50.6235,-1.943319,2021,5,United Kingdom of Great Britain and Northern Ireland,HUMAN_OBSERVATION
50.6235,-1.943319,2021,5,United Kingdom of Great Britain and Northern Ireland,HUMAN_OBSERVATION
50.62526,-2.394181,2021,5,United Kingdom of Great Britain and Northern Ireland,HUMAN_OBSERVATION
50.62787,-2.410676,2021,5,United Kingdom of Great Britain and Northern Ireland,HUMAN_OBSERVATION
50.62896,-1.933584,2017,7,United Kingdom of Great Britain and Northern Ireland,HUMAN_OBSERVATION
50.63006,-1.932338,2021,8,United Kingdom of Great Britain and Northern Ireland,HUMAN_OBSERVATION
50.63232,-1.922252,2017,8,United Kingdom of Great Britain and Northern Ireland,HUMAN_OBSERVATION
50.663333,-1.921667,2006,8,United Kingdom of Great Britain and Northern Ireland,MATERIAL_SAMPLE
50.6831,-1.896121,2017,5,United Kingdom of Great Britain and Northern Ireland,HUMAN_OBSERVATION
50.68953,-1.876257,2015,8,United Kingdom of Great Britain and Northern Ireland,HUMAN_OBSERVATION
50.69436,-1.539142,2021,10,United Kingdom of Great Britain and Northern Ireland,HUMAN_OBSERVATION
50.7049,-1.887093,2015,8,United Kingdom of Great Britain and Northern Ireland,HUMAN_OBSERVATION
50.73783,-0.703448,1993,6,United Kingdom of Great Britain and Northern Ireland,HUMAN_OBSERVATION
50.74154,-1.355437,2021,9,United Kingdom of Great Britain and Northern Ireland,HUMAN_OBSERVATION
50.74635,-0.701511,1993,6,United Kingdom of Great Britain and Northern Ireland,HUMAN_OBSERVATION
50.75836,-0.650273,1993,7,United Kingdom of Great Britain and Northern Ireland,HUMAN_OBSERVATION
50.75951,-0.656054,1993,7,United Kingdom of Great Britain and Northern Ireland,HUMAN_OBSERVATION
50.768,-0.705667,1993,5,United Kingdom of Great Britain and Northern Ireland,HUMAN_OBSERVATION
51.164754,-4.649499,1978,7,United Kingdom of Great Britain and Northern Ireland,HUMAN_OBSERVATION
51.197663,-4.665703,1978,8,United Kingdom of Great Britain and Northern Ireland,HUMAN_OBSERVATION
51.428219,-9.503233,1950,,Ireland,HUMAN_OBSERVATION
51.470324,-9.367893,1960,,Ireland,HUMAN_OBSERVATION
51.470545,-9.387329,1987,2,Ireland,HUMAN_OBSERVATION
51.470764,-9.443465,1975,8,Ireland,HUMAN_OBSERVATION
51.471665,-9.443493,2000,1,Ireland,HUMAN_OBSERVATION
51.471665,-9.443493,1999,12,Ireland,HUMAN_OBSERVATION
51.472212,-9.466278,,,Ireland,HUMAN_OBSERVATION
51.492249,-9.297275,1999,12,Ireland,HUMAN_OBSERVATION
51.492249,-9.297275,1994,4,Ireland,HUMAN_OBSERVATION
51.492252,-9.298137,1994,4,Ireland,HUMAN_OBSERVATION
51.492252,-9.298137,1994,4,Ireland,HUMAN_OBSERVATION
51.492252,-9.298137,1994,4,Ireland,HUMAN_OBSERVATION
51.492252,-9.298137,1994,4,Ireland,HUMAN_OBSERVATION
51.504569,-9.299972,1993,11,Ireland,HUMAN_OBSERVATION
51.504569,-9.299972,1993,11,Ireland,HUMAN_OBSERVATION
51.505711,-9.299098,1993,11,Ireland,HUMAN_OBSERVATION
51.51,4,2019,1,Netherlands,HUMAN_OBSERVATION
51.52,4.004,2018,8,Netherlands,HUMAN_OBSERVATION
51.55005,-4.148216,1978,8,United Kingdom of Great Britain and Northern Ireland,HUMAN_OBSERVATION
51.63,3.69,2019,1,Netherlands,HUMAN_OBSERVATION
51.65511,-9.800819,2013,5,Ireland,HUMAN_OBSERVATION
51.65511,-9.800819,2008,6,Ireland,HUMAN_OBSERVATION
51.69675,-5.287228,2021,5,United Kingdom of Great Britain and Northern Ireland,HUMAN_OBSERVATION
51.70097,-5.28112,2021,6,United Kingdom of Great Britain and Northern Ireland,HUMAN_OBSERVATION
51.71642,-5.220183,2021,6,United Kingdom of Great Britain and Northern Ireland,HUMAN_OBSERVATION
51.73607,-5.243604,2020,8,United Kingdom of Great Britain and Northern Ireland,HUMAN_OBSERVATION
51.73862,-5.264266,2003,7,United Kingdom of Great Britain and Northern Ireland,HUMAN_OBSERVATION
51.73862,-5.264266,2003,7,United Kingdom of Great Britain and Northern Ireland,HUMAN_OBSERVATION
51.7428,-9.537928,,,Ireland,HUMAN_OBSERVATION
51.754306,-10.101008,2012,5,Ireland,HUMAN_OBSERVATION
51.755107,-5.211428,1994,8,United Kingdom of Great Britain and Northern Ireland,HUMAN_OBSERVATION
51.763144,-9.871394,1999,12,Ireland,HUMAN_OBSERVATION
51.763144,-9.871394,1995,8,Ireland,HUMAN_OBSERVATION
51.763396,-9.871569,1995,8,Ireland,HUMAN_OBSERVATION
51.763396,-9.871569,1995,8,Ireland,HUMAN_OBSERVATION
51.768647,-9.83695,2012,5,Ireland,HUMAN_OBSERVATION
51.79283,-8.17849,2012,6,Ireland,HUMAN_OBSERVATION
51.797485,-8.275403,1971,12,Ireland,HUMAN_OBSERVATION
51.799424,-9.897212,1995,8,Ireland,HUMAN_OBSERVATION
51.799424,-9.897212,1995,8,Ireland,HUMAN_OBSERVATION
51.799577,-9.897548,1999,12,Ireland,HUMAN_OBSERVATION
51.799577,-9.897548,1995,8,Ireland,HUMAN_OBSERVATION
51.801077,-9.859916,1999,12,Ireland,HUMAN_OBSERVATION
51.801077,-9.859916,1995,8,Ireland,HUMAN_OBSERVATION
51.801083,-9.860585,1995,8,Ireland,HUMAN_OBSERVATION
51.801083,-9.860585,1995,8,Ireland,HUMAN_OBSERVATION
51.81136,-9.861848,2012,5,Ireland,HUMAN_OBSERVATION
51.81136,-9.861848,2012,5,Ireland,HUMAN_OBSERVATION
51.81136,-9.861848,2012,5,Ireland,HUMAN_OBSERVATION
51.81136,-9.861848,2008,5,Ireland,HUMAN_OBSERVATION
51.81136,-9.861848,2008,5,Ireland,HUMAN_OBSERVATION
51.824744,-9.741656,2012,5,Ireland,HUMAN_OBSERVATION
51.873889,-9.5768,,,Ireland,HUMAN_OBSERVATION
51.879167,-5.337911,2001,7,United Kingdom of Great Britain and Northern Ireland,HUMAN_OBSERVATION
51.879167,-5.337911,2001,7,United Kingdom of Great Britain and Northern Ireland,HUMAN_OBSERVATION
51.88485,-5.332591,1995,8,United Kingdom of Great Britain and Northern Ireland,HUMAN_OBSERVATION
51.907819,-10.282474,2014,8,Ireland,HUMAN_OBSERVATION
51.907819,-10.28247,2008,5,Ireland,HUMAN_OBSERVATION
51.927113,-7.637311,1977,,Ireland,HUMAN_OBSERVATION
51.928355,-10.285743,1995,5,Ireland,HUMAN_OBSERVATION
51.928355,-10.285743,1995,5,Ireland,HUMAN_OBSERVATION
51.928411,-10.285361,1999,12,Ireland,HUMAN_OBSERVATION
51.928411,-10.285361,1995,5,Ireland,HUMAN_OBSERVATION
51.96229,-5.13305,1979,7,United Kingdom of Great Britain and Northern Ireland,HUMAN_OBSERVATION
51.967738,-7.702457,1984,3,Ireland,HUMAN_OBSERVATION
51.967738,-7.702457,1984,7,Ireland,HUMAN_OBSERVATION
51.967738,-7.702457,1950,,Ireland,HUMAN_OBSERVATION
51.99,4.11,1988,9,Netherlands,HUMAN_OBSERVATION
52.01,4.13,1995,3,Netherlands,HUMAN_OBSERVATION
52.173782,-4.442874,1995,6,United Kingdom of Great Britain and Northern Ireland,HUMAN_OBSERVATION
52.22,4.4,2009,4,Netherlands,HUMAN_OBSERVATION
52.39,4.53,1982,8,Netherlands,HUMAN_OBSERVATION
52.39,4.53,1982,12,Netherlands,HUMAN_OBSERVATION
52.455,4.556,2017,9,Netherlands,HUMAN_OBSERVATION
52.58,4.61,2009,8,Netherlands,HUMAN_OBSERVATION
52.58,4.61,2006,11,Netherlands,HUMAN_OBSERVATION
52.64,4.62,2017,10,Netherlands,HUMAN_OBSERVATION
52.64,4.62,1982,12,Netherlands,HUMAN_OBSERVATION
52.747755,-4.796433,1983,8,United Kingdom of Great Britain and Northern Ireland,HUMAN_OBSERVATION
52.751452,-4.792223,1983,8,United Kingdom of Great Britain and Northern Ireland,HUMAN_OBSERVATION
52.766611,-4.797641,1983,8,United Kingdom of Great Britain and Northern Ireland,HUMAN_OBSERVATION
52.779458,-4.137108,1995,7,United Kingdom of Great Britain and Northern Ireland,HUMAN_OBSERVATION
52.779458,-4.137108,1995,7,United Kingdom of Great Britain and Northern Ireland,HUMAN_OBSERVATION
52.793034,-4.542711,1983,8,United Kingdom of Great Britain and Northern Ireland,HUMAN_OBSERVATION
52.796365,-4.470217,1995,7,United Kingdom of Great Britain and Northern Ireland,HUMAN_OBSERVATION
52.797374,-4.712086,1983,8,United Kingdom of Great Britain and Northern Ireland,HUMAN_OBSERVATION
52.799679,-4.649918,1983,8,United Kingdom of Great Britain and Northern Ireland,HUMAN_OBSERVATION
52.799679,-4.649918,1983,8,United Kingdom of Great Britain and Northern Ireland,HUMAN_OBSERVATION
52.800296,-4.45412,1983,8,United Kingdom of Great Britain and Northern Ireland,HUMAN_OBSERVATION
52.80249,-4.449995,1995,7,United Kingdom of Great Britain and Northern Ireland,HUMAN_OBSERVATION
52.80249,-4.449995,1995,7,United Kingdom of Great Britain and Northern Ireland,HUMAN_OBSERVATION
52.803533,-4.756983,1997,5,United Kingdom of Great Britain and Northern Ireland,HUMAN_OBSERVATION
52.803634,-4.633837,1983,8,United Kingdom of Great Britain and Northern Ireland,HUMAN_OBSERVATION
52.804694,-4.458819,1983,8,United Kingdom of Great Britain and Northern Ireland,HUMAN_OBSERVATION
52.80587,-4.451669,1999,8,United Kingdom of Great Britain and Northern Ireland,HUMAN_OBSERVATION
52.82355,-4.470776,1998,8,United Kingdom of Great Britain and Northern Ireland,HUMAN_OBSERVATION
52.867,-4.694833,1998,8,United Kingdom of Great Britain and Northern Ireland,HUMAN_OBSERVATION
52.86769,-4.415641,2009,7,United Kingdom of Great Britain and Northern Ireland,HUMAN_OBSERVATION
52.87158,-4.691453,1983,8,United Kingdom of Great Britain and Northern Ireland,HUMAN_OBSERVATION
52.87167,-4.6955,1998,8,United Kingdom of Great Britain and Northern Ireland,HUMAN_OBSERVATION
52.909497,-4.644721,1983,8,United Kingdom of Great Britain and Northern Ireland,HUMAN_OBSERVATION
52.952103,-4.504396,1995,7,United Kingdom of Great Britain and Northern Ireland,HUMAN_OBSERVATION
53.033181,-4.453906,1995,7,United Kingdom of Great Britain and Northern Ireland,HUMAN_OBSERVATION
53.066977,-9.511173,1984,12,Ireland,HUMAN_OBSERVATION
53.071393,-9.619502,1958,12,Ireland,HUMAN_OBSERVATION
53.089121,-9.269396,1981,6,Ireland,HUMAN_OBSERVATION
53.098741,-9.590668,1987,10,Ireland,HUMAN_OBSERVATION
53.1,4.7,2006,8,Netherlands,HUMAN_OBSERVATION
53.1,4.7,1983,1,Netherlands,HUMAN_OBSERVATION
53.1,4.7,1982,12,Netherlands,HUMAN_OBSERVATION
53.141993,-9.711827,1984,7,Ireland,HUMAN_OBSERVATION
53.141993,-9.711827,1950,,Ireland,HUMAN_OBSERVATION
53.156475,-9.03642,1996,4,Ireland,HUMAN_OBSERVATION
53.156475,-9.03642,1996,4,Ireland,HUMAN_OBSERVATION
53.156528,-9.035932,1999,12,Ireland,HUMAN_OBSERVATION
53.156528,-9.035932,1996,4,Ireland,HUMAN_OBSERVATION
53.156906,-9.071564,1996,4,Ireland,HUMAN_OBSERVATION
53.156906,-9.071564,1996,4,Ireland,HUMAN_OBSERVATION
53.157109,-9.071824,1999,12,Ireland,HUMAN_OBSERVATION
53.157109,-9.071824,1996,4,Ireland,HUMAN_OBSERVATION
53.15729,-9.124868,2025,3,Ireland,HUMAN_OBSERVATION
53.157784,-9.081002,1996,4,Ireland,HUMAN_OBSERVATION
53.157784,-9.081002,1996,4,Ireland,HUMAN_OBSERVATION
53.157927,-9.080815,1999,12,Ireland,HUMAN_OBSERVATION
53.157927,-9.080815,1996,4,Ireland,HUMAN_OBSERVATION
53.158205,-9.099509,1987,8,Ireland,HUMAN_OBSERVATION
53.158205,-9.099509,1986,10,Ireland,HUMAN_OBSERVATION
53.161577,-9.049101,1996,4,Ireland,HUMAN_OBSERVATION
53.161577,-9.049101,1996,4,Ireland,HUMAN_OBSERVATION
53.161801,-9.049515,1999,12,Ireland,HUMAN_OBSERVATION
53.161801,-9.049515,1996,4,Ireland,HUMAN_OBSERVATION
53.161814,-9.04802,1999,12,Ireland,HUMAN_OBSERVATION
53.161814,-9.04802,1996,4,Ireland,HUMAN_OBSERVATION
53.162148,-9.048595,1996,4,Ireland,HUMAN_OBSERVATION
53.162148,-9.048595,1996,4,Ireland,HUMAN_OBSERVATION
53.16705,-9.114688,1984,3,Ireland,HUMAN_OBSERVATION
53.16705,-9.114688,1984,7,Ireland,HUMAN_OBSERVATION
53.16705,-9.114688,1984,11,Ireland,HUMAN_OBSERVATION
53.16705,-9.114688,1984,12,Ireland,HUMAN_OBSERVATION
53.16705,-9.114688,1950,,Ireland,HUMAN_OBSERVATION
53.16705,-9.114688,1950,,Ireland,HUMAN_OBSERVATION
53.167189,-9.099738,1984,6,Ireland,HUMAN_OBSERVATION
53.167189,-9.099738,1950,,Ireland,HUMAN_OBSERVATION
53.167461,-9.069839,1984,8,Ireland,HUMAN_OBSERVATION
53.17028,-8.988948,2024,2,Ireland,HUMAN_OBSERVATION
53.17041,-8.988414,2024,2,Ireland,HUMAN_OBSERVATION
53.180455,-9.122514,1976,8,Ireland,HUMAN_OBSERVATION
53.180455,-9.122514,1973,,Ireland,HUMAN_OBSERVATION
53.180455,-9.122514,1960,,Ireland,HUMAN_OBSERVATION
53.239729,-4.593107,1996,8,United Kingdom of Great Britain and Northern Ireland,HUMAN_OBSERVATION
53.24132,-4.588923,2012,4,United Kingdom of Great Britain and Northern Ireland,HUMAN_OBSERVATION
53.24252,-4.586522,2012,4,United Kingdom of Great Britain and Northern Ireland,HUMAN_OBSERVATION
53.246026,-9.628548,2020,6,Ireland,HUMAN_OBSERVATION
53.268782,-9.274711,1960,,Ireland,HUMAN_OBSERVATION
53.287455,-6.114982,2012,7,Ireland,HUMAN_OBSERVATION
53.30023,-9.735864,1993,8,Ireland,HUMAN_OBSERVATION
53.30023,-9.735864,1993,8,Ireland,HUMAN_OBSERVATION
53.30026,-9.7354,1999,12,Ireland,HUMAN_OBSERVATION
53.30026,-9.7354,1993,8,Ireland,HUMAN_OBSERVATION
53.302758,-9.867515,1987,1,Ireland,HUMAN_OBSERVATION
53.319594,-9.853993,1984,9,Ireland,HUMAN_OBSERVATION
53.319594,-9.853993,1983,12,Ireland,HUMAN_OBSERVATION
53.319594,-9.853993,1983,12,Ireland,HUMAN_OBSERVATION
53.319594,-9.853993,1950,,Ireland,HUMAN_OBSERVATION
53.350673,-9.877869,1974,1,Ireland,HUMAN_OBSERVATION
53.357755,-9.70544,1988,1,Ireland,HUMAN_OBSERVATION
53.410907,-10.046338,1995,6,Ireland,HUMAN_OBSERVATION
53.410907,-10.046338,1995,6,Ireland,HUMAN_OBSERVATION
53.411251,-10.046731,1999,12,Ireland,HUMAN_OBSERVATION
53.411251,-10.046731,1995,6,Ireland,HUMAN_OBSERVATION
53.488042,-6.00454,1987,3,Ireland,HUMAN_OBSERVATION
53.608999,-9.730657,1950,,Ireland,HUMAN_OBSERVATION
53.613229,-10.033064,1984,6,Ireland,HUMAN_OBSERVATION
53.613229,-10.033064,1950,,Ireland,HUMAN_OBSERVATION
53.709866,-9.893829,1960,,Ireland,HUMAN_OBSERVATION
53.764084,-9.903093,1959,12,Ireland,HUMAN_OBSERVATION
53.77804,-9.843799,1984,7,Ireland,HUMAN_OBSERVATION
53.77804,-9.843799,1950,,Ireland,HUMAN_OBSERVATION
54.040778,-5.983488,1985,6,United Kingdom of Great Britain and Northern Ireland,HUMAN_OBSERVATION
54.040778,-5.983488,1983,7,United Kingdom of Great Britain and Northern Ireland,HUMAN_OBSERVATION
54.04117,-5.981833,1985,6,United Kingdom of Great Britain and Northern Ireland,HUMAN_OBSERVATION
54.041422,-6.134599,1983,7,Ireland,HUMAN_OBSERVATION
54.041422,-6.134599,1983,7,Ireland,HUMAN_OBSERVATION
54.04167,-6.133,1983,7,Ireland,HUMAN_OBSERVATION
54.043241,-6.136044,1985,5,Ireland,HUMAN_OBSERVATION
54.043241,-6.136044,1983,8,Ireland,HUMAN_OBSERVATION
54.04333,-6.134167,1985,5,Ireland,HUMAN_OBSERVATION
54.047676,-4.827286,2003,,Isle of Man,HUMAN_OBSERVATION
54.049574,-6.138814,1985,5,Ireland,HUMAN_OBSERVATION
54.049574,-6.138814,1983,7,Ireland,HUMAN_OBSERVATION
54.05,-6.1365,1985,5,United Kingdom of Great Britain and Northern Ireland,HUMAN_OBSERVATION
54.051168,-4.674729,2003,,Isle of Man,HUMAN_OBSERVATION
54.054136,-4.800984,1991,6,Isle of Man,HUMAN_OBSERVATION
54.054136,-4.800984,1991,6,Isle of Man,HUMAN_OBSERVATION
54.055216,-4.831619,1991,6,Isle of Man,HUMAN_OBSERVATION
54.055288,-4.828567,1991,6,Isle of Man,HUMAN_OBSERVATION
54.058089,-4.824173,1991,6,Isle of Man,HUMAN_OBSERVATION
54.058089,-4.824173,1991,6,Isle of Man,HUMAN_OBSERVATION
54.060099,-4.81514,1991,6,Isle of Man,HUMAN_OBSERVATION
54.060171,-4.812088,1991,6,Isle of Man,HUMAN_OBSERVATION
54.060171,-4.812088,1991,6,Isle of Man,HUMAN_OBSERVATION
54.060206,-4.810562,1991,6,Isle of Man,HUMAN_OBSERVATION
54.060206,-4.810562,1991,6,Isle of Man,HUMAN_OBSERVATION
54.060997,-4.815201,1991,6,Isle of Man,HUMAN_OBSERVATION
54.062073,-4.807632,1991,6,Isle of Man,HUMAN_OBSERVATION
54.063904,-4.806227,1991,6,Isle of Man,HUMAN_OBSERVATION
54.076142,-4.782591,1956,,Isle of Man,HUMAN_OBSERVATION
54.168129,-4.460108,2017,8,Isle of Man,HUMAN_OBSERVATION
54.205008,-10.107997,1950,,Ireland,HUMAN_OBSERVATION
54.225451,-5.66165,1985,5,United Kingdom of Great Britain and Northern Ireland,HUMAN_OBSERVATION
54.226262,-5.657003,1983,5,United Kingdom of Great Britain and Northern Ireland,HUMAN_OBSERVATION
54.226262,-5.657003,1983,7,United Kingdom of Great Britain and Northern Ireland,HUMAN_OBSERVATION
54.22667,-5.655,1983,5,United Kingdom of Great Britain and Northern Ireland,HUMAN_OBSERVATION
54.230908,-5.759503,1984,8,United Kingdom of Great Britain and Northern Ireland,HUMAN_OBSERVATION
54.230908,-5.759503,1983,7,United Kingdom of Great Britain and Northern Ireland,HUMAN_OBSERVATION
54.23133,-5.758,1984,8,United Kingdom of Great Britain and Northern Ireland,HUMAN_OBSERVATION
54.237109,-5.707011,1984,8,United Kingdom of Great Britain and Northern Ireland,HUMAN_OBSERVATION
54.237109,-5.707011,1983,7,United Kingdom of Great Britain and Northern Ireland,HUMAN_OBSERVATION
54.237167,-4.379807,2003,,Isle of Man,HUMAN_OBSERVATION
54.23734,-5.704667,1984,8,United Kingdom of Great Britain and Northern Ireland,HUMAN_OBSERVATION
54.244387,-0.346447,1993,7,United Kingdom of Great Britain and Northern Ireland,HUMAN_OBSERVATION
54.24504,-5.634956,2011,7,United Kingdom of Great Britain and Northern Ireland,HUMAN_OBSERVATION
54.253,-5.641,2002,9,United Kingdom of Great Britain and Northern Ireland,MATERIAL_SAMPLE
54.26553,-9.92798,2013,7,Ireland,HUMAN_OBSERVATION
54.26553,-9.92798,2010,7,Ireland,HUMAN_OBSERVATION
54.273499,-9.209002,2018,9,Ireland,HUMAN_OBSERVATION
54.297387,-5.5508,1982,10,United Kingdom of Great Britain and Northern Ireland,HUMAN_OBSERVATION
54.30453,-5.526559,1983,5,United Kingdom of Great Britain and Northern Ireland,HUMAN_OBSERVATION
54.30453,-5.526559,1983,7,United Kingdom of Great Britain and Northern Ireland,HUMAN_OBSERVATION
54.30467,-5.525,1983,5,United Kingdom of Great Britain and Northern Ireland,HUMAN_OBSERVATION
54.314589,-5.535177,2018,7,United Kingdom of Great Britain and Northern Ireland,HUMAN_OBSERVATION
54.323997,-5.533845,2018,7,United Kingdom of Great Britain and Northern Ireland,HUMAN_OBSERVATION
54.325173,-5.52532,1983,7,United Kingdom of Great Britain and Northern Ireland,HUMAN_OBSERVATION
54.325173,-5.52532,1983,8,United Kingdom of Great Britain and Northern Ireland,HUMAN_OBSERVATION
54.32567,-5.523,1983,8,United Kingdom of Great Britain and Northern Ireland,HUMAN_OBSERVATION
54.326961,-4.384992,2003,,Isle of Man,HUMAN_OBSERVATION
54.328,-5.490334,1985,5,United Kingdom of Great Britain and Northern Ireland,HUMAN_OBSERVATION
54.328097,-5.492857,1985,5,United Kingdom of Great Britain and Northern Ireland,HUMAN_OBSERVATION
54.328097,-5.492857,1983,7,United Kingdom of Great Britain and Northern Ireland,HUMAN_OBSERVATION
54.354396,-5.548178,1983,7,United Kingdom of Great Britain and Northern Ireland,HUMAN_OBSERVATION
54.354396,-5.548178,1983,8,United Kingdom of Great Britain and Northern Ireland,HUMAN_OBSERVATION
54.3545,-5.546,1983,8,United Kingdom of Great Britain and Northern Ireland,HUMAN_OBSERVATION
54.3585,-5.533167,1983,8,United Kingdom of Great Britain and Northern Ireland,HUMAN_OBSERVATION
54.358601,-5.53408,1983,7,United Kingdom of Great Britain and Northern Ireland,HUMAN_OBSERVATION
54.358601,-5.53408,1983,8,United Kingdom of Great Britain and Northern Ireland,HUMAN_OBSERVATION
54.358633,-5.535616,1983,7,United Kingdom of Great Britain and Northern Ireland,HUMAN_OBSERVATION
54.358633,-5.535616,1983,8,United Kingdom of Great Britain and Northern Ireland,HUMAN_OBSERVATION
54.35883,-5.5325,1983,8,United Kingdom of Great Britain and Northern Ireland,HUMAN_OBSERVATION
54.35988,-5.53162,2012,6,United Kingdom of Great Britain and Northern Ireland,HUMAN_OBSERVATION
54.360214,-5.547062,1988,10,United Kingdom of Great Britain and Northern Ireland,HUMAN_OBSERVATION
54.362126,-5.530791,2002,,United Kingdom of Great Britain and Northern Ireland,HUMAN_OBSERVATION
54.364,-5.483,2002,9,United Kingdom of Great Britain and Northern Ireland,MATERIAL_SAMPLE
54.36472,-5.53895,2013,8,United Kingdom of Great Britain and Northern Ireland,HUMAN_OBSERVATION
54.364895,-8.666102,1999,12,Ireland,HUMAN_OBSERVATION
54.364895,-8.666102,1994,5,Ireland,HUMAN_OBSERVATION
54.365072,-5.542925,1988,1,United Kingdom of Great Britain and Northern Ireland,HUMAN_OBSERVATION
54.365072,-5.542925,1983,8,United Kingdom of Great Britain and Northern Ireland,HUMAN_OBSERVATION
54.365117,-8.665744,1994,5,Ireland,HUMAN_OBSERVATION
54.365117,-8.665744,1994,5,Ireland,HUMAN_OBSERVATION
54.36517,-5.5415,1983,8,United Kingdom of Great Britain and Northern Ireland,HUMAN_OBSERVATION
54.374391,-8.654715,1984,2,Ireland,HUMAN_OBSERVATION
54.37888,-5.565283,2012,4,United Kingdom of Great Britain and Northern Ireland,HUMAN_OBSERVATION
54.378884,-5.649853,1983,7,United Kingdom of Great Britain and Northern Ireland,HUMAN_OBSERVATION
54.378884,-5.649853,1982,6,United Kingdom of Great Britain and Northern Ireland,HUMAN_OBSERVATION
54.379095,-5.569795,1983,7,United Kingdom of Great Britain and Northern Ireland,HUMAN_OBSERVATION
54.379095,-5.569795,1983,8,United Kingdom of Great Britain and Northern Ireland,HUMAN_OBSERVATION
54.37917,-5.648334,1982,6,United Kingdom of Great Britain and Northern Ireland,HUMAN_OBSERVATION
54.3795,-5.568167,1983,8,United Kingdom of Great Britain and Northern Ireland,HUMAN_OBSERVATION
54.380139,-8.605691,1994,5,Ireland,HUMAN_OBSERVATION
54.380139,-8.605691,1994,5,Ireland,HUMAN_OBSERVATION
54.380482,-8.606333,1999,12,Ireland,HUMAN_OBSERVATION
54.380482,-8.606333,1994,5,Ireland,HUMAN_OBSERVATION
54.38322,-5.572778,2016,6,United Kingdom of Great Britain and Northern Ireland,HUMAN_OBSERVATION
54.384074,-5.594134,2003,8,United Kingdom of Great Britain and Northern Ireland,HUMAN_OBSERVATION
54.38425,-5.572313,2013,8,United Kingdom of Great Britain and Northern Ireland,HUMAN_OBSERVATION
54.38917,-5.572333,1984,8,United Kingdom of Great Britain and Northern Ireland,HUMAN_OBSERVATION
54.38922,-5.572083,2006,6,United Kingdom of Great Britain and Northern Ireland,HUMAN_OBSERVATION
54.389928,-5.572234,1980,10,United Kingdom of Great Britain and Northern Ireland,HUMAN_OBSERVATION
54.39272,-5.572279,2015,8,United Kingdom of Great Britain and Northern Ireland,HUMAN_OBSERVATION
54.39788,-5.612127,2013,8,United Kingdom of Great Britain and Northern Ireland,HUMAN_OBSERVATION
54.40533,-5.581,1983,8,United Kingdom of Great Britain and Northern Ireland,HUMAN_OBSERVATION
54.405433,-5.583641,1983,7,United Kingdom of Great Britain and Northern Ireland,HUMAN_OBSERVATION
54.405433,-5.583641,1983,8,United Kingdom of Great Britain and Northern Ireland,HUMAN_OBSERVATION
54.405659,-5.64062,2002,,United Kingdom of Great Britain and Northern Ireland,HUMAN_OBSERVATION
54.407102,-5.577381,2002,,United Kingdom of Great Britain and Northern Ireland,HUMAN_OBSERVATION
54.40755,-5.577116,2017,5,United Kingdom of Great Britain and Northern Ireland,HUMAN_OBSERVATION
54.40755,-5.577116,2011,6,United Kingdom of Great Britain and Northern Ireland,HUMAN_OBSERVATION
54.40867,-5.613167,1983,8,United Kingdom of Great Britain and Northern Ireland,HUMAN_OBSERVATION
54.408768,-5.615794,1983,7,United Kingdom of Great Britain and Northern Ireland,HUMAN_OBSERVATION
54.408768,-5.615794,1983,8,United Kingdom of Great Britain and Northern Ireland,HUMAN_OBSERVATION
54.40917,-5.613333,1983,8,United Kingdom of Great Britain and Northern Ireland,HUMAN_OBSERVATION
54.41217,-5.612833,1983,8,United Kingdom of Great Britain and Northern Ireland,HUMAN_OBSERVATION
54.41217,-5.612,1983,8,United Kingdom of Great Britain and Northern Ireland,HUMAN_OBSERVATION
54.412328,-5.614047,1983,7,United Kingdom of Great Britain and Northern Ireland,HUMAN_OBSERVATION
54.412328,-5.614047,1983,8,United Kingdom of Great Britain and Northern Ireland,HUMAN_OBSERVATION
54.419942,-5.612834,1995,5,United Kingdom of Great Britain and Northern Ireland,HUMAN_OBSERVATION
54.419942,-5.612834,1976,,United Kingdom of Great Britain and Northern Ireland,HUMAN_OBSERVATION
54.42407,-5.57507,2017,7,United Kingdom of Great Britain and Northern Ireland,HUMAN_OBSERVATION
54.4255,-5.600667,1983,6,United Kingdom of Great Britain and Northern Ireland,HUMAN_OBSERVATION
54.425578,-5.602489,1983,6,United Kingdom of Great Britain and Northern Ireland,HUMAN_OBSERVATION
54.425578,-5.602489,1983,7,United Kingdom of Great Britain and Northern Ireland,HUMAN_OBSERVATION
54.427738,-5.620857,1983,7,United Kingdom of Great Britain and Northern Ireland,HUMAN_OBSERVATION
54.427738,-5.620857,1983,8,United Kingdom of Great Britain and Northern Ireland,HUMAN_OBSERVATION
54.42783,-5.619167,1983,8,United Kingdom of Great Britain and Northern Ireland,HUMAN_OBSERVATION
54.428727,-5.625423,1983,7,United Kingdom of Great Britain and Northern Ireland,HUMAN_OBSERVATION
54.428727,-5.625423,1983,8,United Kingdom of Great Britain and Northern Ireland,HUMAN_OBSERVATION
54.42933,-5.623,1983,8,United Kingdom of Great Britain and Northern Ireland,HUMAN_OBSERVATION
54.432327,-5.558166,1988,8,United Kingdom of Great Britain and Northern Ireland,HUMAN_OBSERVATION
54.43472,-5.544942,2013,8,United Kingdom of Great Britain and Northern Ireland,HUMAN_OBSERVATION
54.441947,-5.612325,1983,7,United Kingdom of Great Britain and Northern Ireland,HUMAN_OBSERVATION
54.441947,-5.612325,1983,8,United Kingdom of Great Britain and Northern Ireland,HUMAN_OBSERVATION
54.442,-5.61,1983,8,United Kingdom of Great Britain and Northern Ireland,HUMAN_OBSERVATION
54.442008,-5.615404,1983,7,United Kingdom of Great Britain and Northern Ireland,HUMAN_OBSERVATION
54.442008,-5.615404,1983,8,United Kingdom of Great Britain and Northern Ireland,HUMAN_OBSERVATION
54.44217,-5.612833,1983,8,United Kingdom of Great Britain and Northern Ireland,HUMAN_OBSERVATION
54.443247,-5.542869,1986,5,United Kingdom of Great Britain and Northern Ireland,HUMAN_OBSERVATION
54.443247,-5.542869,1986,5,United Kingdom of Great Britain and Northern Ireland,HUMAN_OBSERVATION
54.443247,-5.542869,1986,5,United Kingdom of Great Britain and Northern Ireland,HUMAN_OBSERVATION
54.44333,-5.616667,1995,5,United Kingdom of Great Britain and Northern Ireland,HUMAN_OBSERVATION
54.447724,-5.632033,2002,,United Kingdom of Great Britain and Northern Ireland,HUMAN_OBSERVATION
54.453,-5.625834,1985,6,United Kingdom of Great Britain and Northern Ireland,HUMAN_OBSERVATION
54.453022,-5.627101,1985,6,United Kingdom of Great Britain and Northern Ireland,HUMAN_OBSERVATION
54.453022,-5.627101,1983,7,United Kingdom of Great Britain and Northern Ireland,HUMAN_OBSERVATION
54.45339,-5.626125,2012,9,United Kingdom of Great Britain and Northern Ireland,HUMAN_OBSERVATION
54.45339,-5.626125,2011,7,United Kingdom of Great Britain and Northern Ireland,HUMAN_OBSERVATION
54.454883,-5.54063,1986,6,United Kingdom of Great Britain and Northern Ireland,HUMAN_OBSERVATION
54.47073,-5.539782,2013,8,United Kingdom of Great Britain and Northern Ireland,HUMAN_OBSERVATION
54.478,-5.577167,1983,8,United Kingdom of Great Britain and Northern Ireland,HUMAN_OBSERVATION
54.478133,-5.579354,1983,7,United Kingdom of Great Britain and Northern Ireland,HUMAN_OBSERVATION
54.478133,-5.579354,1983,8,United Kingdom of Great Britain and Northern Ireland,HUMAN_OBSERVATION
54.47944,-5.645631,2002,,United Kingdom of Great Britain and Northern Ireland,HUMAN_OBSERVATION
54.48573,-5.54162,2011,7,United Kingdom of Great Britain and Northern Ireland,HUMAN_OBSERVATION
54.4889,-5.644797,2020,8,United Kingdom of Great Britain and Northern Ireland,HUMAN_OBSERVATION
54.49573,-5.638792,2013,8,United Kingdom of Great Britain and Northern Ireland,HUMAN_OBSERVATION
54.509697,-5.607601,1976,,United Kingdom of Great Britain and Northern Ireland,HUMAN_OBSERVATION
54.50983,-5.553815,2020,7,United Kingdom of Great Britain and Northern Ireland,HUMAN_OBSERVATION
54.5109,-5.549952,2016,4,United Kingdom of Great Britain and Northern Ireland,HUMAN_OBSERVATION
54.5109,-5.549952,2014,7,United Kingdom of Great Britain and Northern Ireland,HUMAN_OBSERVATION
54.5199,-5.573954,2013,8,United Kingdom of Great Britain and Northern Ireland,HUMAN_OBSERVATION
54.52824,-5.465267,2015,6,United Kingdom of Great Britain and Northern Ireland,HUMAN_OBSERVATION
54.55557,-5.622785,2016,4,United Kingdom of Great Britain and Northern Ireland,HUMAN_OBSERVATION
54.572047,-5.470163,1984,8,United Kingdom of Great Britain and Northern Ireland,HUMAN_OBSERVATION
54.572047,-5.470163,1983,8,United Kingdom of Great Britain and Northern Ireland,HUMAN_OBSERVATION
54.57217,-5.467667,1984,8,United Kingdom of Great Britain and Northern Ireland,HUMAN_OBSERVATION
54.620488,-5.531419,1983,4,United Kingdom of Great Britain and Northern Ireland,HUMAN_OBSERVATION
54.6232,-5.531522,2025,3,United Kingdom of Great Britain and Northern Ireland,HUMAN_OBSERVATION
54.6232,-5.531522,2025,3,United Kingdom of Great Britain and Northern Ireland,HUMAN_OBSERVATION
54.62858,-5.52928,2017,5,United Kingdom of Great Britain and Northern Ireland,HUMAN_OBSERVATION
54.62858,-5.52928,2015,6,United Kingdom of Great Britain and Northern Ireland,HUMAN_OBSERVATION
54.664085,-4.704794,1990,7,United Kingdom of Great Britain and Northern Ireland,HUMAN_OBSERVATION
54.664085,-4.704794,1990,7,United Kingdom of Great Britain and Northern Ireland,HUMAN_OBSERVATION
54.668329,-5.51999,1985,7,United Kingdom of Great Britain and Northern Ireland,HUMAN_OBSERVATION
54.668329,-5.51999,1983,7,United Kingdom of Great Britain and Northern Ireland,HUMAN_OBSERVATION
54.669,-5.517667,1985,7,United Kingdom of Great Britain and Northern Ireland,HUMAN_OBSERVATION
54.675585,-5.590099,1987,1,United Kingdom of Great Britain and Northern Ireland,HUMAN_OBSERVATION
54.675585,-5.590099,1974,12,United Kingdom of Great Britain and Northern Ireland,HUMAN_OBSERVATION
54.675585,-5.590099,1972,,United Kingdom of Great Britain and Northern Ireland,HUMAN_OBSERVATION
54.67724,-5.608217,2018,1,United Kingdom of Great Britain and Northern Ireland,HUMAN_OBSERVATION
54.690923,-5.526367,1988,1,United Kingdom of Great Britain and Northern Ireland,HUMAN_OBSERVATION
54.690923,-5.526367,1984,7,United Kingdom of Great Britain and Northern Ireland,HUMAN_OBSERVATION
54.69167,-5.524667,1984,7,United Kingdom of Great Britain and Northern Ireland,HUMAN_OBSERVATION
54.691821,-5.526313,1984,7,United Kingdom of Great Britain and Northern Ireland,HUMAN_OBSERVATION
54.691821,-5.526313,1983,7,United Kingdom of Great Britain and Northern Ireland,HUMAN_OBSERVATION
54.69217,-5.524167,1984,7,United Kingdom of Great Britain and Northern Ireland,HUMAN_OBSERVATION
54.697269,-5.529084,1984,7,United Kingdom of Great Britain and Northern Ireland,HUMAN_OBSERVATION
54.697269,-5.529084,1983,7,United Kingdom of Great Britain and Northern Ireland,HUMAN_OBSERVATION
54.69767,-5.5275,1984,7,United Kingdom of Great Britain and Northern Ireland,HUMAN_OBSERVATION
54.698683,-5.51038,1984,7,United Kingdom of Great Britain and Northern Ireland,HUMAN_OBSERVATION
54.698683,-5.51038,1983,8,United Kingdom of Great Britain and Northern Ireland,HUMAN_OBSERVATION
54.69933,-5.507667,1984,7,United Kingdom of Great Britain and Northern Ireland,HUMAN_OBSERVATION
54.799299,-5.690831,1985,7,United Kingdom of Great Britain and Northern Ireland,HUMAN_OBSERVATION
54.799299,-5.690831,1983,7,United Kingdom of Great Britain and Northern Ireland,HUMAN_OBSERVATION
54.79967,-5.688167,1985,7,United Kingdom of Great Britain and Northern Ireland,HUMAN_OBSERVATION
54.83915,-5.781392,2006,8,United Kingdom of Great Britain and Northern Ireland,HUMAN_OBSERVATION
54.84144,-8.465871,2008,10,Ireland,HUMAN_OBSERVATION
54.84278,-8.46382,2010,10,Ireland,HUMAN_OBSERVATION
54.848326,-5.717616,1983,7,United Kingdom of Great Britain and Northern Ireland,HUMAN_OBSERVATION
54.848326,-5.717616,1983,8,United Kingdom of Great Britain and Northern Ireland,HUMAN_OBSERVATION
54.84867,-5.715167,1983,7,United Kingdom of Great Britain and Northern Ireland,HUMAN_OBSERVATION
54.87705,-8.38947,2010,9,Ireland,HUMAN_OBSERVATION
54.89327,-8.40262,2010,9,Ireland,HUMAN_OBSERVATION
54.901006,-5.847163,1986,9,United Kingdom of Great Britain and Northern Ireland,HUMAN_OBSERVATION
54.929031,-5.05664,1988,9,United Kingdom of Great Britain and Northern Ireland,HUMAN_OBSERVATION
54.931411,-5.033401,1988,9,United Kingdom of Great Britain and Northern Ireland,HUMAN_OBSERVATION
54.944854,-8.468492,1996,7,Ireland,HUMAN_OBSERVATION
54.944854,-8.468492,1996,7,Ireland,HUMAN_OBSERVATION
54.945236,-8.468112,1999,12,Ireland,HUMAN_OBSERVATION
54.945236,-8.468112,1996,7,Ireland,HUMAN_OBSERVATION
54.950409,-5.897597,1983,7,United Kingdom of Great Britain and Northern Ireland,HUMAN_OBSERVATION
54.950409,-5.897597,1983,8,United Kingdom of Great Britain and Northern Ireland,HUMAN_OBSERVATION
54.95083,-5.895,1983,8,United Kingdom of Great Britain and Northern Ireland,HUMAN_OBSERVATION
54.981058,-8.456638,1996,7,Ireland,HUMAN_OBSERVATION
54.981058,-8.456638,1996,7,Ireland,HUMAN_OBSERVATION
54.981213,-8.456035,1999,12,Ireland,HUMAN_OBSERVATION
54.981213,-8.456035,1996,7,Ireland,HUMAN_OBSERVATION
54.996913,-5.074314,1988,9,United Kingdom of Great Britain and Northern Ireland,HUMAN_OBSERVATION
55.015365,-5.96612,1988,1,United Kingdom of Great Britain and Northern Ireland,HUMAN_OBSERVATION
55.015365,-5.96612,1983,8,United Kingdom of Great Britain and Northern Ireland,HUMAN_OBSERVATION
55.01583,-5.963666,1983,8,United Kingdom of Great Britain and Northern Ireland,HUMAN_OBSERVATION
55.019449,-5.107335,1988,9,United Kingdom of Great Britain and Northern Ireland,HUMAN_OBSERVATION
55.040497,-5.057302,1988,9,United Kingdom of Great Britain and Northern Ireland,HUMAN_OBSERVATION
55.07975,-6.050451,2017,7,United Kingdom of Great Britain and Northern Ireland,HUMAN_OBSERVATION
55.083868,-8.324189,2012,8,Ireland,HUMAN_OBSERVATION
55.100033,-6.033895,1983,8,United Kingdom of Great Britain and Northern Ireland,HUMAN_OBSERVATION
55.100033,-6.033895,1983,8,United Kingdom of Great Britain and Northern Ireland,HUMAN_OBSERVATION
55.100058,-6.03546,1983,7,United Kingdom of Great Britain and Northern Ireland,HUMAN_OBSERVATION
55.100058,-6.03546,1983,8,United Kingdom of Great Britain and Northern Ireland,HUMAN_OBSERVATION
55.10033,-6.033667,1983,8,United Kingdom of Great Britain and Northern Ireland,HUMAN_OBSERVATION
55.10067,-6.032333,1983,8,United Kingdom of Great Britain and Northern Ireland,HUMAN_OBSERVATION
55.129632,-6.030872,1983,7,United Kingdom of Great Britain and Northern Ireland,HUMAN_OBSERVATION
55.129632,-6.030872,1983,8,United Kingdom of Great Britain and Northern Ireland,HUMAN_OBSERVATION
55.13017,-6.029333,1983,8,United Kingdom of Great Britain and Northern Ireland,HUMAN_OBSERVATION
55.134568,-7.6873,,,Ireland,HUMAN_OBSERVATION
55.135041,-6.032173,1985,7,United Kingdom of Great Britain and Northern Ireland,HUMAN_OBSERVATION
55.14734,-7.159799,2011,8,Ireland,HUMAN_OBSERVATION
55.15634,-7.125961,2017,7,Ireland,HUMAN_OBSERVATION
55.157358,-7.5205,,,Ireland,HUMAN_OBSERVATION
55.171229,-7.701806,1999,12,Ireland,HUMAN_OBSERVATION
55.171229,-7.701806,1993,7,Ireland,HUMAN_OBSERVATION
55.172034,-7.701507,1993,7,Ireland,HUMAN_OBSERVATION
55.172034,-7.701507,1993,7,Ireland,HUMAN_OBSERVATION
55.173871,-6.044387,1983,7,United Kingdom of Great Britain and Northern Ireland,HUMAN_OBSERVATION
55.173871,-6.044387,1983,8,United Kingdom of Great Britain and Northern Ireland,HUMAN_OBSERVATION
55.1745,-6.042833,1983,8,United Kingdom of Great Britain and Northern Ireland,HUMAN_OBSERVATION
55.176539,-6.042687,1983,7,United Kingdom of Great Britain and Northern Ireland,HUMAN_OBSERVATION
55.176539,-6.042687,1983,8,United Kingdom of Great Britain and Northern Ireland,HUMAN_OBSERVATION
55.177,-6.040167,1983,8,United Kingdom of Great Britain and Northern Ireland,HUMAN_OBSERVATION
55.19667,-6.6945,1984,7,United Kingdom of Great Britain and Northern Ireland,HUMAN_OBSERVATION
55.197612,-6.068354,1983,7,United Kingdom of Great Britain and Northern Ireland,HUMAN_OBSERVATION
55.197612,-6.068354,1983,8,United Kingdom of Great Britain and Northern Ireland,HUMAN_OBSERVATION
55.19841,-6.062032,1983,7,United Kingdom of Great Britain and Northern Ireland,HUMAN_OBSERVATION
55.19841,-6.062032,1983,8,United Kingdom of Great Britain and Northern Ireland,HUMAN_OBSERVATION
55.19851,-6.06831,1983,7,United Kingdom of Great Britain and Northern Ireland,HUMAN_OBSERVATION
55.19851,-6.06831,1983,8,United Kingdom of Great Britain and Northern Ireland,HUMAN_OBSERVATION
55.19867,-6.066667,1983,8,United Kingdom of Great Britain and Northern Ireland,HUMAN_OBSERVATION
55.199,-6.060167,1983,8,United Kingdom of Great Britain and Northern Ireland,HUMAN_OBSERVATION
55.1995,-6.066667,1983,8,United Kingdom of Great Britain and Northern Ireland,HUMAN_OBSERVATION
55.200305,-6.068223,1983,7,United Kingdom of Great Britain and Northern Ireland,HUMAN_OBSERVATION
55.200305,-6.068223,1983,8,United Kingdom of Great Britain and Northern Ireland,HUMAN_OBSERVATION
55.2005,-6.066667,1983,8,United Kingdom of Great Britain and Northern Ireland,HUMAN_OBSERVATION
55.202101,-6.068136,1983,8,United Kingdom of Great Britain and Northern Ireland,HUMAN_OBSERVATION
55.202101,-6.068136,1983,8,United Kingdom of Great Britain and Northern Ireland,HUMAN_OBSERVATION
55.2025,-6.066667,1983,8,United Kingdom of Great Britain and Northern Ireland,HUMAN_OBSERVATION
55.205091,-6.086843,1988,1,United Kingdom of Great Britain and Northern Ireland,HUMAN_OBSERVATION
55.205091,-6.086843,1983,8,United Kingdom of Great Britain and Northern Ireland,HUMAN_OBSERVATION
55.205115,-6.088412,1983,7,United Kingdom of Great Britain and Northern Ireland,HUMAN_OBSERVATION
55.205115,-6.088412,1983,8,United Kingdom of Great Britain and Northern Ireland,HUMAN_OBSERVATION
55.20533,-6.086,1983,8,United Kingdom of Great Britain and Northern Ireland,HUMAN_OBSERVATION
55.20567,-6.085,1983,8,United Kingdom of Great Britain and Northern Ireland,HUMAN_OBSERVATION
55.206695,-6.239712,2023,9,United Kingdom of Great Britain and Northern Ireland,HUMAN_OBSERVATION
55.20696,-6.091466,1985,8,United Kingdom of Great Britain and Northern Ireland,HUMAN_OBSERVATION
55.20696,-6.091466,1983,7,United Kingdom of Great Britain and Northern Ireland,HUMAN_OBSERVATION
55.208,-6.089167,1985,8,United Kingdom of Great Britain and Northern Ireland,HUMAN_OBSERVATION
55.21151,-6.656563,2019,6,United Kingdom of Great Britain and Northern Ireland,HUMAN_OBSERVATION
55.213586,-6.113146,1985,8,United Kingdom of Great Britain and Northern Ireland,HUMAN_OBSERVATION
55.213586,-6.113146,1983,8,United Kingdom of Great Britain and Northern Ireland,HUMAN_OBSERVATION
55.21417,-6.111667,1985,8,United Kingdom of Great Britain and Northern Ireland,HUMAN_OBSERVATION
55.219461,-6.26687,1984,6,United Kingdom of Great Britain and Northern Ireland,HUMAN_OBSERVATION
55.219461,-6.26687,1983,7,United Kingdom of Great Britain and Northern Ireland,HUMAN_OBSERVATION
55.21967,-6.547888,2018,6,United Kingdom of Great Britain and Northern Ireland,HUMAN_OBSERVATION
55.220038,-6.590554,1984,7,United Kingdom of Great Britain and Northern Ireland,HUMAN_OBSERVATION
55.220038,-6.590554,1983,7,United Kingdom of Great Britain and Northern Ireland,HUMAN_OBSERVATION
55.22033,-6.265333,1984,6,United Kingdom of Great Britain and Northern Ireland,HUMAN_OBSERVATION
55.221,-6.589334,1984,7,United Kingdom of Great Britain and Northern Ireland,HUMAN_OBSERVATION
55.223543,-6.177111,1985,8,United Kingdom of Great Britain and Northern Ireland,HUMAN_OBSERVATION
55.223543,-6.177111,1983,7,United Kingdom of Great Britain and Northern Ireland,HUMAN_OBSERVATION
55.22433,-6.175,1985,8,United Kingdom of Great Britain and Northern Ireland,HUMAN_OBSERVATION
55.226331,-7.849475,2012,8,Ireland,HUMAN_OBSERVATION
55.226945,-6.164382,1985,8,United Kingdom of Great Britain and Northern Ireland,HUMAN_OBSERVATION
55.226945,-6.164382,1983,7,United Kingdom of Great Britain and Northern Ireland,HUMAN_OBSERVATION
55.2275,-6.163167,1985,8,United Kingdom of Great Britain and Northern Ireland,HUMAN_OBSERVATION
55.227772,-6.159628,1984,6,United Kingdom of Great Britain and Northern Ireland,HUMAN_OBSERVATION
55.227772,-6.159628,1983,7,United Kingdom of Great Britain and Northern Ireland,HUMAN_OBSERVATION
55.22817,-6.1575,1984,6,United Kingdom of Great Britain and Northern Ireland,HUMAN_OBSERVATION
55.23801,-6.431871,2018,6,United Kingdom of Great Britain and Northern Ireland,HUMAN_OBSERVATION
55.23834,-6.517226,2018,5,United Kingdom of Great Britain and Northern Ireland,HUMAN_OBSERVATION
55.242243,-6.423109,1983,5,United Kingdom of Great Britain and Northern Ireland,HUMAN_OBSERVATION
55.242243,-6.423109,1983,7,United Kingdom of Great Britain and Northern Ireland,HUMAN_OBSERVATION
55.243,-6.4215,1983,5,United Kingdom of Great Britain and Northern Ireland,HUMAN_OBSERVATION
55.243141,-6.423073,1983,5,United Kingdom of Great Britain and Northern Ireland,HUMAN_OBSERVATION
55.243141,-6.423073,1983,7,United Kingdom of Great Britain and Northern Ireland,HUMAN_OBSERVATION
55.24367,-6.421667,1983,5,United Kingdom of Great Britain and Northern Ireland,HUMAN_OBSERVATION
55.250413,-7.727162,2012,8,Ireland,HUMAN_OBSERVATION
55.254277,-6.189859,1984,8,United Kingdom of Great Britain and Northern Ireland,HUMAN_OBSERVATION
55.254277,-6.189859,1983,7,United Kingdom of Great Britain and Northern Ireland,HUMAN_OBSERVATION
55.25533,-6.188667,1984,8,United Kingdom of Great Britain and Northern Ireland,HUMAN_OBSERVATION
55.256119,-6.192921,1984,8,United Kingdom of Great Britain and Northern Ireland,HUMAN_OBSERVATION
55.256119,-6.192921,1983,7,United Kingdom of Great Britain and Northern Ireland,HUMAN_OBSERVATION
55.25667,-6.191333,1984,8,United Kingdom of Great Britain and Northern Ireland,HUMAN_OBSERVATION
55.256901,-6.185021,1985,8,United Kingdom of Great Britain and Northern Ireland,HUMAN_OBSERVATION
55.256901,-6.185021,1983,7,United Kingdom of Great Britain and Northern Ireland,HUMAN_OBSERVATION
55.2575,-6.184,1985,8,United Kingdom of Great Britain and Northern Ireland,HUMAN_OBSERVATION
55.258625,-6.190375,2024,5,United Kingdom of Great Britain and Northern Ireland,HUMAN_OBSERVATION
55.258625,-6.190375,2024,5,United Kingdom of Great Britain and Northern Ireland,HUMAN_OBSERVATION
55.261645,-6.202109,1985,8,United Kingdom of Great Britain and Northern Ireland,HUMAN_OBSERVATION
55.261645,-6.202109,1983,7,United Kingdom of Great Britain and Northern Ireland,HUMAN_OBSERVATION
55.262,-6.199833,1985,8,United Kingdom of Great Britain and Northern Ireland,HUMAN_OBSERVATION
55.264339,-6.201988,1988,1,United Kingdom of Great Britain and Northern Ireland,HUMAN_OBSERVATION
55.264339,-6.201988,1984,8,United Kingdom of Great Britain and Northern Ireland,HUMAN_OBSERVATION
55.26517,-6.201,1984,8,United Kingdom of Great Britain and Northern Ireland,HUMAN_OBSERVATION
55.265761,-6.176751,1983,6,United Kingdom of Great Britain and Northern Ireland,HUMAN_OBSERVATION
55.265761,-6.176751,1983,7,United Kingdom of Great Britain and Northern Ireland,HUMAN_OBSERVATION
55.265831,-6.181467,1983,6,United Kingdom of Great Britain and Northern Ireland,HUMAN_OBSERVATION
55.265831,-6.181467,1983,7,United Kingdom of Great Britain and Northern Ireland,HUMAN_OBSERVATION
55.26617,-6.179833,1983,6,United Kingdom of Great Britain and Northern Ireland,HUMAN_OBSERVATION
55.26633,-6.174333,1983,6,United Kingdom of Great Britain and Northern Ireland,HUMAN_OBSERVATION
55.26701,-6.180181,2012,5,United Kingdom of Great Britain and Northern Ireland,HUMAN_OBSERVATION
55.267148,-6.209727,1985,7,United Kingdom of Great Britain and Northern Ireland,HUMAN_OBSERVATION
55.267148,-6.209727,1983,7,United Kingdom of Great Britain and Northern Ireland,HUMAN_OBSERVATION
55.2675,-6.208667,1985,7,United Kingdom of Great Britain and Northern Ireland,HUMAN_OBSERVATION
55.270297,-6.17969,1983,6,United Kingdom of Great Britain and Northern Ireland,HUMAN_OBSERVATION
55.270297,-6.17969,1983,7,United Kingdom of Great Britain and Northern Ireland,HUMAN_OBSERVATION
55.271,-6.1775,1983,6,United Kingdom of Great Britain and Northern Ireland,HUMAN_OBSERVATION
55.274691,-6.173194,1985,9,United Kingdom of Great Britain and Northern Ireland,HUMAN_OBSERVATION
55.274691,-6.173194,1983,7,United Kingdom of Great Britain and Northern Ireland,HUMAN_OBSERVATION
55.2755,-6.171834,1985,9,United Kingdom of Great Britain and Northern Ireland,HUMAN_OBSERVATION
55.27651,-6.174684,1985,6,United Kingdom of Great Britain and Northern Ireland,HUMAN_OBSERVATION
55.27651,-6.174684,1983,7,United Kingdom of Great Britain and Northern Ireland,HUMAN_OBSERVATION
55.27683,-6.173333,1985,6,United Kingdom of Great Britain and Northern Ireland,HUMAN_OBSERVATION
55.278259,-6.171457,1984,8,United Kingdom of Great Britain and Northern Ireland,HUMAN_OBSERVATION
55.278259,-6.171457,1983,7,United Kingdom of Great Britain and Northern Ireland,HUMAN_OBSERVATION
55.27917,-6.169667,1984,8,United Kingdom of Great Britain and Northern Ireland,HUMAN_OBSERVATION
55.280999,-6.174478,1984,8,United Kingdom of Great Britain and Northern Ireland,HUMAN_OBSERVATION
55.280999,-6.174478,1983,7,United Kingdom of Great Britain and Northern Ireland,HUMAN_OBSERVATION
55.281023,-6.176051,1984,8,United Kingdom of Great Britain and Northern Ireland,HUMAN_OBSERVATION
55.281023,-6.176051,1983,7,United Kingdom of Great Britain and Northern Ireland,HUMAN_OBSERVATION
55.28133,-6.175,1984,8,United Kingdom of Great Britain and Northern Ireland,HUMAN_OBSERVATION
55.28133,-6.1725,1984,8,United Kingdom of Great Britain and Northern Ireland,HUMAN_OBSERVATION
55.286386,-6.174231,1983,6,United Kingdom of Great Britain and Northern Ireland,HUMAN_OBSERVATION
55.286386,-6.174231,1983,6,United Kingdom of Great Britain and Northern Ireland,HUMAN_OBSERVATION
55.286386,-6.174231,1983,7,United Kingdom of Great Britain and Northern Ireland,HUMAN_OBSERVATION
55.28667,-6.1725,1983,6,United Kingdom of Great Britain and Northern Ireland,HUMAN_OBSERVATION
55.28683,-6.173167,1983,6,United Kingdom of Great Britain and Northern Ireland,HUMAN_OBSERVATION
55.287895,-6.278055,1984,8,United Kingdom of Great Britain and Northern Ireland,HUMAN_OBSERVATION
55.287895,-6.278055,1983,7,United Kingdom of Great Britain and Northern Ireland,HUMAN_OBSERVATION
55.287917,-6.279628,1988,1,United Kingdom of Great Britain and Northern Ireland,HUMAN_OBSERVATION
55.287917,-6.279628,1984,8,United Kingdom of Great Britain and Northern Ireland,HUMAN_OBSERVATION
55.28883,-6.276,1984,8,United Kingdom of Great Britain and Northern Ireland,HUMAN_OBSERVATION
55.289,-6.278167,1984,8,United Kingdom of Great Britain and Northern Ireland,HUMAN_OBSERVATION
55.289032,-6.170961,1985,8,United Kingdom of Great Britain and Northern Ireland,HUMAN_OBSERVATION
55.289032,-6.170961,1983,7,United Kingdom of Great Britain and Northern Ireland,HUMAN_OBSERVATION
55.289355,-6.254379,1985,9,United Kingdom of Great Britain and Northern Ireland,HUMAN_OBSERVATION
55.289355,-6.254379,1983,8,United Kingdom of Great Britain and Northern Ireland,HUMAN_OBSERVATION
55.289557,-6.268538,1985,8,United Kingdom of Great Britain and Northern Ireland,HUMAN_OBSERVATION
55.289557,-6.268538,1983,7,United Kingdom of Great Britain and Northern Ireland,HUMAN_OBSERVATION
55.28983,-6.253334,1985,9,United Kingdom of Great Britain and Northern Ireland,HUMAN_OBSERVATION
55.28983,-6.169833,1985,8,United Kingdom of Great Britain and Northern Ireland,HUMAN_OBSERVATION
55.289953,-6.172493,1984,8,United Kingdom of Great Britain and Northern Ireland,HUMAN_OBSERVATION
55.289953,-6.172493,1983,7,United Kingdom of Great Britain and Northern Ireland,HUMAN_OBSERVATION
55.2902,-6.235949,2018,5,United Kingdom of Great Britain and Northern Ireland,HUMAN_OBSERVATION
55.29033,-6.267334,1985,8,United Kingdom of Great Britain and Northern Ireland,HUMAN_OBSERVATION
55.290432,-6.266926,1985,8,United Kingdom of Great Britain and Northern Ireland,HUMAN_OBSERVATION
55.290432,-6.266926,1983,7,United Kingdom of Great Britain and Northern Ireland,HUMAN_OBSERVATION
55.29083,-6.265666,1985,8,United Kingdom of Great Britain and Northern Ireland,HUMAN_OBSERVATION
55.290851,-6.172452,1988,1,United Kingdom of Great Britain and Northern Ireland,HUMAN_OBSERVATION
55.290851,-6.172452,1984,8,United Kingdom of Great Britain and Northern Ireland,HUMAN_OBSERVATION
55.291,-6.170667,1984,8,United Kingdom of Great Britain and Northern Ireland,HUMAN_OBSERVATION
55.291,-6.170667,1984,8,United Kingdom of Great Britain and Northern Ireland,HUMAN_OBSERVATION
55.291038,-6.246434,1985,7,United Kingdom of Great Britain and Northern Ireland,HUMAN_OBSERVATION
55.291038,-6.246434,1983,7,United Kingdom of Great Britain and Northern Ireland,HUMAN_OBSERVATION
55.29133,-6.17,1984,8,United Kingdom of Great Britain and Northern Ireland,HUMAN_OBSERVATION
55.29189,-6.243248,1985,9,United Kingdom of Great Britain and Northern Ireland,HUMAN_OBSERVATION
55.29189,-6.243248,1983,7,United Kingdom of Great Britain and Northern Ireland,HUMAN_OBSERVATION
55.292,-6.245,1985,7,United Kingdom of Great Britain and Northern Ireland,HUMAN_OBSERVATION
55.29217,-6.241667,1985,9,United Kingdom of Great Britain and Northern Ireland,HUMAN_OBSERVATION
55.2924,-6.216462,1985,6,United Kingdom of Great Britain and Northern Ireland,HUMAN_OBSERVATION
55.2924,-6.216462,1983,7,United Kingdom of Great Britain and Northern Ireland,HUMAN_OBSERVATION
55.29256,-6.290447,1984,8,United Kingdom of Great Britain and Northern Ireland,HUMAN_OBSERVATION
55.29256,-6.290447,1983,7,United Kingdom of Great Britain and Northern Ireland,HUMAN_OBSERVATION
55.292948,-6.192822,2024,4,United Kingdom of Great Britain and Northern Ireland,HUMAN_OBSERVATION
55.29317,-6.2155,1985,6,United Kingdom of Great Britain and Northern Ireland,HUMAN_OBSERVATION
55.293473,-6.167608,1985,6,United Kingdom of Great Britain and Northern Ireland,HUMAN_OBSERVATION
55.293473,-6.167608,1983,7,United Kingdom of Great Britain and Northern Ireland,HUMAN_OBSERVATION
55.293497,-6.169181,1985,6,United Kingdom of Great Britain and Northern Ireland,HUMAN_OBSERVATION
55.293497,-6.169181,1983,7,United Kingdom of Great Britain and Northern Ireland,HUMAN_OBSERVATION
55.2935,-6.288167,1984,8,United Kingdom of Great Britain and Northern Ireland,HUMAN_OBSERVATION
55.294334,-6.288797,1984,8,United Kingdom of Great Britain and Northern Ireland,HUMAN_OBSERVATION
55.294334,-6.288797,1983,7,United Kingdom of Great Britain and Northern Ireland,HUMAN_OBSERVATION
55.2945,-6.167666,1985,6,United Kingdom of Great Britain and Northern Ireland,HUMAN_OBSERVATION
55.2945,-6.166167,1985,6,United Kingdom of Great Britain and Northern Ireland,HUMAN_OBSERVATION
55.29483,-6.288833,1984,8,United Kingdom of Great Britain and Northern Ireland,HUMAN_OBSERVATION
55.295293,-6.169099,1985,6,United Kingdom of Great Britain and Northern Ireland,HUMAN_OBSERVATION
55.295293,-6.169099,1983,7,United Kingdom of Great Britain and Northern Ireland,HUMAN_OBSERVATION
55.295298,-6.293479,1985,9,United Kingdom of Great Britain and Northern Ireland,HUMAN_OBSERVATION
55.295298,-6.293479,1983,7,United Kingdom of Great Britain and Northern Ireland,HUMAN_OBSERVATION
55.2955,-6.167,1985,6,United Kingdom of Great Britain and Northern Ireland,HUMAN_OBSERVATION
55.29617,-6.292167,1985,9,United Kingdom of Great Britain and Northern Ireland,HUMAN_OBSERVATION
55.301577,-6.168809,1983,6,United Kingdom of Great Britain and Northern Ireland,HUMAN_OBSERVATION
55.301577,-6.168809,1983,7,United Kingdom of Great Britain and Northern Ireland,HUMAN_OBSERVATION
55.302,-6.167333,1983,6,United Kingdom of Great Britain and Northern Ireland,HUMAN_OBSERVATION
55.305309,-6.178086,1985,8,United Kingdom of Great Britain and Northern Ireland,HUMAN_OBSERVATION
55.305309,-6.178086,1983,7,United Kingdom of Great Britain and Northern Ireland,HUMAN_OBSERVATION
55.30633,-6.1765,1985,8,United Kingdom of Great Britain and Northern Ireland,HUMAN_OBSERVATION
55.306371,-6.189062,1985,8,United Kingdom of Great Britain and Northern Ireland,HUMAN_OBSERVATION
55.306371,-6.189062,1983,7,United Kingdom of Great Britain and Northern Ireland,HUMAN_OBSERVATION
55.306394,-6.190635,1985,6,United Kingdom of Great Britain and Northern Ireland,HUMAN_OBSERVATION
55.306394,-6.190635,1983,7,United Kingdom of Great Britain and Northern Ireland,HUMAN_OBSERVATION
55.307,-6.187333,1985,8,United Kingdom of Great Britain and Northern Ireland,HUMAN_OBSERVATION
55.3075,-6.188334,1985,6,United Kingdom of Great Britain and Northern Ireland,HUMAN_OBSERVATION
55.307616,-6.212629,1985,8,United Kingdom of Great Britain and Northern Ireland,HUMAN_OBSERVATION
55.307616,-6.212629,1983,7,United Kingdom of Great Britain and Northern Ireland,HUMAN_OBSERVATION
55.307731,-6.220498,1983,6,United Kingdom of Great Britain and Northern Ireland,HUMAN_OBSERVATION
55.307731,-6.220498,1983,7,United Kingdom of Great Britain and Northern Ireland,HUMAN_OBSERVATION
55.308,-6.2115,1985,8,United Kingdom of Great Britain and Northern Ireland,HUMAN_OBSERVATION
55.30833,-6.2195,1983,6,United Kingdom of Great Britain and Northern Ireland,HUMAN_OBSERVATION
55.30833,-6.2195,1983,6,United Kingdom of Great Britain and Northern Ireland,HUMAN_OBSERVATION
55.314423,-7.340068,2024,4,Ireland,HUMAN_OBSERVATION
55.53567,-5.071182,2014,9,United Kingdom of Great Britain and Northern Ireland,HUMAN_OBSERVATION
55.53567,-5.071182,2014,9,United Kingdom of Great Britain and Northern Ireland,HUMAN_OBSERVATION
55.53871,-5.076446,2014,9,United Kingdom of Great Britain and Northern Ireland,HUMAN_OBSERVATION
55.54604,-5.087438,2014,9,United Kingdom of Great Britain and Northern Ireland,HUMAN_OBSERVATION
55.54604,-5.087438,2014,9,United Kingdom of Great Britain and Northern Ireland,HUMAN_OBSERVATION
55.54604,-5.087438,2014,9,United Kingdom of Great Britain and Northern Ireland,HUMAN_OBSERVATION
55.54604,-5.087438,2014,9,United Kingdom of Great Britain and Northern Ireland,HUMAN_OBSERVATION
55.54604,-5.087438,2014,9,United Kingdom of Great Britain and Northern Ireland,HUMAN_OBSERVATION
55.54604,-5.087438,2014,9,United Kingdom of Great Britain and Northern Ireland,HUMAN_OBSERVATION
55.55051,-5.07857,2010,8,United Kingdom of Great Britain and Northern Ireland,HUMAN_OBSERVATION
55.55051,-5.07857,2010,8,United Kingdom of Great Britain and Northern Ireland,HUMAN_OBSERVATION
55.589776,-6.338385,1982,6,United Kingdom of Great Britain and Northern Ireland,HUMAN_OBSERVATION
55.616601,-1.635604,1987,9,United Kingdom of Great Britain and Northern Ireland,HUMAN_OBSERVATION
55.61667,-1.659418,1987,9,United Kingdom of Great Britain and Northern Ireland,HUMAN_OBSERVATION
55.618453,-1.65464,1987,9,United Kingdom of Great Britain and Northern Ireland,HUMAN_OBSERVATION
55.618453,-1.65464,1987,9,United Kingdom of Great Britain and Northern Ireland,HUMAN_OBSERVATION
55.618453,-1.65464,1987,9,United Kingdom of Great Britain and Northern Ireland,HUMAN_OBSERVATION
55.618453,-1.65464,1987,9,United Kingdom of Great Britain and Northern Ireland,HUMAN_OBSERVATION
55.620877,-6.14156,1982,7,United Kingdom of Great Britain and Northern Ireland,HUMAN_OBSERVATION
55.622923,-1.646661,2002,8,United Kingdom of Great Britain and Northern Ireland,HUMAN_OBSERVATION
55.622928,-1.648249,1987,9,United Kingdom of Great Britain and Northern Ireland,HUMAN_OBSERVATION
55.625641,-1.654577,1987,9,United Kingdom of Great Britain and Northern Ireland,HUMAN_OBSERVATION
55.626355,-1.594224,2002,8,United Kingdom of Great Britain and Northern Ireland,HUMAN_OBSERVATION
55.62636,-1.595812,2002,8,United Kingdom of Great Britain and Northern Ireland,HUMAN_OBSERVATION
55.63375,-1.662447,1987,9,United Kingdom of Great Britain and Northern Ireland,HUMAN_OBSERVATION
55.63375,-1.662447,1987,9,United Kingdom of Great Britain and Northern Ireland,HUMAN_OBSERVATION
55.640757,-1.602018,1987,9,United Kingdom of Great Britain and Northern Ireland,HUMAN_OBSERVATION
55.670771,-1.736852,1987,9,United Kingdom of Great Britain and Northern Ireland,HUMAN_OBSERVATION
55.670771,-1.736852,1987,9,United Kingdom of Great Britain and Northern Ireland,HUMAN_OBSERVATION
55.791807,-6.032008,1982,6,United Kingdom of Great Britain and Northern Ireland,HUMAN_OBSERVATION
55.791807,-6.032008,1982,6,United Kingdom of Great Britain and Northern Ireland,HUMAN_OBSERVATION
55.840784,-6.101014,1982,6,United Kingdom of Great Britain and Northern Ireland,HUMAN_OBSERVATION
55.858821,-5.906244,1982,6,United Kingdom of Great Britain and Northern Ireland,HUMAN_OBSERVATION
55.868406,-6.108728,1982,7,United Kingdom of Great Britain and Northern Ireland,HUMAN_OBSERVATION
55.868406,-6.108728,1982,7,United Kingdom of Great Britain and Northern Ireland,HUMAN_OBSERVATION
55.868406,-6.108728,1982,7,United Kingdom of Great Britain and Northern Ireland,HUMAN_OBSERVATION
55.879867,-5.690802,1989,8,United Kingdom of Great Britain and Northern Ireland,HUMAN_OBSERVATION
55.89498,-5.35141,1988,9,United Kingdom of Great Britain and Northern Ireland,HUMAN_OBSERVATION
55.896036,-6.089244,1982,6,United Kingdom of Great Britain and Northern Ireland,HUMAN_OBSERVATION
55.896517,-2.120705,1992,7,United Kingdom of Great Britain and Northern Ireland,HUMAN_OBSERVATION
55.896517,-2.120705,1992,7,United Kingdom of Great Britain and Northern Ireland,HUMAN_OBSERVATION
55.907292,-2.127137,2002,8,United Kingdom of Great Britain and Northern Ireland,HUMAN_OBSERVATION
55.907911,-5.744694,1982,5,United Kingdom of Great Britain and Northern Ireland,HUMAN_OBSERVATION
55.918181,-5.702452,1985,9,United Kingdom of Great Britain and Northern Ireland,HUMAN_OBSERVATION
55.918181,-5.702452,1985,9,United Kingdom of Great Britain and Northern Ireland,HUMAN_OBSERVATION
55.919653,-5.683378,1985,9,United Kingdom of Great Britain and Northern Ireland,HUMAN_OBSERVATION
55.923389,-2.186396,1992,6,United Kingdom of Great Britain and Northern Ireland,HUMAN_OBSERVATION
55.925606,-5.349252,1988,9,United Kingdom of Great Britain and Northern Ireland,HUMAN_OBSERVATION
55.92593,-5.683974,1985,9,United Kingdom of Great Britain and Northern Ireland,HUMAN_OBSERVATION
55.92593,-5.683974,1985,9,United Kingdom of Great Britain and Northern Ireland,HUMAN_OBSERVATION
55.926025,-5.68078,1985,9,United Kingdom of Great Britain and Northern Ireland,HUMAN_OBSERVATION
55.928044,-5.703394,1985,9,United Kingdom of Great Britain and Northern Ireland,HUMAN_OBSERVATION
55.929325,-5.690703,1982,5,United Kingdom of Great Britain and Northern Ireland,HUMAN_OBSERVATION
55.930221,-5.690788,1985,9,United Kingdom of Great Britain and Northern Ireland,HUMAN_OBSERVATION
55.930221,-5.690788,1985,9,United Kingdom of Great Britain and Northern Ireland,HUMAN_OBSERVATION
55.930221,-5.690788,1985,9,United Kingdom of Great Britain and Northern Ireland,HUMAN_OBSERVATION
55.931022,-5.694068,1985,9,United Kingdom of Great Britain and Northern Ireland,HUMAN_OBSERVATION
55.931022,-5.694068,1985,9,United Kingdom of Great Britain and Northern Ireland,HUMAN_OBSERVATION
55.932014,-5.690959,1985,8,United Kingdom of Great Britain and Northern Ireland,HUMAN_OBSERVATION
55.933183,-5.711894,1985,9,United Kingdom of Great Britain and Northern Ireland,HUMAN_OBSERVATION
55.933183,-5.711894,1985,9,United Kingdom of Great Britain and Northern Ireland,HUMAN_OBSERVATION
55.933183,-5.711894,1985,9,United Kingdom of Great Britain and Northern Ireland,HUMAN_OBSERVATION
55.933183,-5.711894,1985,9,United Kingdom of Great Britain and Northern Ireland,HUMAN_OBSERVATION
55.933522,-5.186575,1989,6,United Kingdom of Great Britain and Northern Ireland,HUMAN_OBSERVATION
55.935182,-5.675242,1985,9,United Kingdom of Great Britain and Northern Ireland,HUMAN_OBSERVATION
55.935217,-5.704079,1985,9,United Kingdom of Great Britain and Northern Ireland,HUMAN_OBSERVATION
55.936866,-5.709043,1985,9,United Kingdom of Great Britain and Northern Ireland,HUMAN_OBSERVATION
55.937968,-5.672302,1985,9,United Kingdom of Great Britain and Northern Ireland,HUMAN_OBSERVATION
55.938321,-5.720396,1985,8,United Kingdom of Great Britain and Northern Ireland,HUMAN_OBSERVATION
55.938321,-5.720396,1985,8,United Kingdom of Great Britain and Northern Ireland,HUMAN_OBSERVATION
55.938659,-5.709214,1985,8,United Kingdom of Great Britain and Northern Ireland,HUMAN_OBSERVATION
55.941445,-5.706277,1985,8,United Kingdom of Great Britain and Northern Ireland,HUMAN_OBSERVATION
55.943334,-5.703253,1985,8,United Kingdom of Great Britain and Northern Ireland,HUMAN_OBSERVATION
55.944651,-6.168095,1982,6,United Kingdom of Great Britain and Northern Ireland,HUMAN_OBSERVATION
55.948425,-5.713354,1985,8,United Kingdom of Great Britain and Northern Ireland,HUMAN_OBSERVATION
55.949814,-5.667015,1984,9,United Kingdom of Great Britain and Northern Ireland,HUMAN_OBSERVATION
55.950218,-5.713526,1985,8,United Kingdom of Great Britain and Northern Ireland,HUMAN_OBSERVATION
55.950218,-5.713526,1985,8,United Kingdom of Great Britain and Northern Ireland,HUMAN_OBSERVATION
55.950555,-5.70234,1985,8,United Kingdom of Great Britain and Northern Ireland,HUMAN_OBSERVATION
55.950555,-5.70234,1985,8,United Kingdom of Great Britain and Northern Ireland,HUMAN_OBSERVATION
55.952156,-5.708904,1985,8,United Kingdom of Great Britain and Northern Ireland,HUMAN_OBSERVATION
55.952695,-5.660877,1985,8,United Kingdom of Great Britain and Northern Ireland,HUMAN_OBSERVATION
55.952695,-5.660877,1985,8,United Kingdom of Great Britain and Northern Ireland,HUMAN_OBSERVATION
55.954286,-5.697889,1985,8,United Kingdom of Great Britain and Northern Ireland,HUMAN_OBSERVATION
55.954956,-5.675515,1985,4,United Kingdom of Great Britain and Northern Ireland,HUMAN_OBSERVATION
55.955147,-5.669122,1985,4,United Kingdom of Great Britain and Northern Ireland,HUMAN_OBSERVATION
55.95523,-5.696376,1985,8,United Kingdom of Great Britain and Northern Ireland,HUMAN_OBSERVATION
55.95523,-5.696376,1985,8,United Kingdom of Great Britain and Northern Ireland,HUMAN_OBSERVATION
55.95523,-5.696376,1985,8,United Kingdom of Great Britain and Northern Ireland,HUMAN_OBSERVATION
55.95523,-5.696376,1985,8,United Kingdom of Great Britain and Northern Ireland,HUMAN_OBSERVATION
55.955661,-5.681993,1985,4,United Kingdom of Great Britain and Northern Ireland,HUMAN_OBSERVATION
55.959115,-5.919561,1990,4,United Kingdom of Great Britain and Northern Ireland,HUMAN_OBSERVATION
55.960248,-5.648767,1985,8,United Kingdom of Great Britain and Northern Ireland,HUMAN_OBSERVATION
55.96061,-5.69689,1985,8,United Kingdom of Great Britain and Northern Ireland,HUMAN_OBSERVATION
55.960658,-5.695291,1985,8,United Kingdom of Great Britain and Northern Ireland,HUMAN_OBSERVATION
55.961144,-5.648852,1985,8,United Kingdom of Great Britain and Northern Ireland,HUMAN_OBSERVATION
55.961507,-5.696975,1985,8,United Kingdom of Great Britain and Northern Ireland,HUMAN_OBSERVATION
55.961698,-5.690582,1985,8,United Kingdom of Great Britain and Northern Ireland,HUMAN_OBSERVATION
55.961957,-5.915039,1982,6,United Kingdom of Great Britain and Northern Ireland,HUMAN_OBSERVATION
55.962224,-5.672999,1985,8,United Kingdom of Great Britain and Northern Ireland,HUMAN_OBSERVATION
55.962415,-5.666605,1985,9,United Kingdom of Great Britain and Northern Ireland,HUMAN_OBSERVATION
55.962595,-5.690667,1985,8,United Kingdom of Great Britain and Northern Ireland,HUMAN_OBSERVATION
55.963216,-5.669887,1985,8,United Kingdom of Great Britain and Northern Ireland,HUMAN_OBSERVATION
55.963264,-5.668288,1985,8,United Kingdom of Great Britain and Northern Ireland,HUMAN_OBSERVATION
55.963359,-5.665091,1985,9,United Kingdom of Great Britain and Northern Ireland,HUMAN_OBSERVATION
55.963683,-5.684358,1985,8,United Kingdom of Great Britain and Northern Ireland,HUMAN_OBSERVATION
55.965129,-5.984303,1982,6,United Kingdom of Great Britain and Northern Ireland,HUMAN_OBSERVATION
55.967411,-5.827405,1982,6,United Kingdom of Great Britain and Northern Ireland,HUMAN_OBSERVATION
55.968196,-5.888412,1990,4,United Kingdom of Great Britain and Northern Ireland,HUMAN_OBSERVATION
55.968688,-5.901289,1990,4,United Kingdom of Great Britain and Northern Ireland,HUMAN_OBSERVATION
55.971951,-5.648267,1985,8,United Kingdom of Great Britain and Northern Ireland,HUMAN_OBSERVATION
55.972527,-5.893658,1982,6,United Kingdom of Great Britain and Northern Ireland,HUMAN_OBSERVATION
55.972563,-5.657945,1985,9,United Kingdom of Great Britain and Northern Ireland,HUMAN_OBSERVATION
55.972848,-5.648351,1985,8,United Kingdom of Great Britain and Northern Ireland,HUMAN_OBSERVATION
55.972895,-5.646752,1985,8,United Kingdom of Great Britain and Northern Ireland,HUMAN_OBSERVATION
55.972895,-5.646752,1985,8,United Kingdom of Great Britain and Northern Ireland,HUMAN_OBSERVATION
55.973226,-5.635559,1985,8,United Kingdom of Great Britain and Northern Ireland,HUMAN_OBSERVATION
55.973226,-5.635559,1985,8,United Kingdom of Great Britain and Northern Ireland,HUMAN_OBSERVATION
55.973792,-5.646837,1985,8,United Kingdom of Great Britain and Northern Ireland,HUMAN_OBSERVATION
55.973792,-5.646837,1985,8,United Kingdom of Great Britain and Northern Ireland,HUMAN_OBSERVATION
55.977899,-5.629584,1985,8,United Kingdom of Great Britain and Northern Ireland,HUMAN_OBSERVATION
55.977899,-5.629584,1985,8,United Kingdom of Great Britain and Northern Ireland,HUMAN_OBSERVATION
55.977991,-5.656854,1984,8,United Kingdom of Great Britain and Northern Ireland,HUMAN_OBSERVATION
55.977991,-5.656854,1984,8,United Kingdom of Great Britain and Northern Ireland,HUMAN_OBSERVATION
55.980918,-5.649112,1976,2,United Kingdom of Great Britain and Northern Ireland,HUMAN_OBSERVATION
55.98139,-5.648355,1976,,United Kingdom of Great Britain and Northern Ireland,HUMAN_OBSERVATION
55.981767,-5.650796,1985,5,United Kingdom of Great Britain and Northern Ireland,HUMAN_OBSERVATION
55.981767,-5.650796,1984,8,United Kingdom of Great Britain and Northern Ireland,HUMAN_OBSERVATION
55.982376,-5.649971,1999,1,United Kingdom of Great Britain and Northern Ireland,HUMAN_OBSERVATION
55.982664,-5.650881,1984,9,United Kingdom of Great Britain and Northern Ireland,HUMAN_OBSERVATION
55.982664,-5.650881,1984,9,United Kingdom of Great Britain and Northern Ireland,HUMAN_OBSERVATION
55.982664,-5.650881,1984,9,United Kingdom of Great Britain and Northern Ireland,HUMAN_OBSERVATION
55.982687,-5.651604,1982,5,United Kingdom of Great Britain and Northern Ireland,HUMAN_OBSERVATION
55.982711,-5.649281,1985,8,United Kingdom of Great Britain and Northern Ireland,HUMAN_OBSERVATION
55.982711,-5.649281,1984,9,United Kingdom of Great Britain and Northern Ireland,HUMAN_OBSERVATION
55.982711,-5.649281,1984,9,United Kingdom of Great Britain and Northern Ireland,HUMAN_OBSERVATION
55.982711,-5.649281,1984,9,United Kingdom of Great Britain and Northern Ireland,HUMAN_OBSERVATION
55.98289,-5.653955,2013,4,United Kingdom of Great Britain and Northern Ireland,HUMAN_OBSERVATION
55.983013,-5.649711,2007,8,United Kingdom of Great Britain and Northern Ireland,HUMAN_OBSERVATION
55.983079,-5.650519,1999,1,United Kingdom of Great Britain and Northern Ireland,HUMAN_OBSERVATION
55.983323,-5.658962,1984,9,United Kingdom of Great Britain and Northern Ireland,HUMAN_OBSERVATION
55.983323,-5.658962,1984,9,United Kingdom of Great Britain and Northern Ireland,HUMAN_OBSERVATION
55.983323,-5.658962,1984,9,United Kingdom of Great Britain and Northern Ireland,HUMAN_OBSERVATION
55.983323,-5.658962,1984,9,United Kingdom of Great Britain and Northern Ireland,HUMAN_OBSERVATION
55.983418,-5.655763,1984,8,United Kingdom of Great Britain and Northern Ireland,HUMAN_OBSERVATION
55.983418,-5.655763,1984,8,United Kingdom of Great Britain and Northern Ireland,HUMAN_OBSERVATION
55.983466,-5.654164,1984,9,United Kingdom of Great Britain and Northern Ireland,HUMAN_OBSERVATION
55.983466,-5.654164,1984,9,United Kingdom of Great Britain and Northern Ireland,HUMAN_OBSERVATION
55.983466,-5.654164,1984,9,United Kingdom of Great Britain and Northern Ireland,HUMAN_OBSERVATION
55.98356,-5.650965,1984,8,United Kingdom of Great Britain and Northern Ireland,HUMAN_OBSERVATION
55.983703,-5.646167,1984,8,United Kingdom of Great Britain and Northern Ireland,HUMAN_OBSERVATION
55.984034,-5.634971,1984,9,United Kingdom of Great Britain and Northern Ireland,HUMAN_OBSERVATION
55.984034,-5.634971,1984,9,United Kingdom of Great Britain and Northern Ireland,HUMAN_OBSERVATION
55.98422,-5.659047,1985,5,United Kingdom of Great Britain and Northern Ireland,HUMAN_OBSERVATION
55.984599,-5.646251,1984,8,United Kingdom of Great Britain and Northern Ireland,HUMAN_OBSERVATION
55.984599,-5.646251,1984,8,United Kingdom of Great Britain and Northern Ireland,HUMAN_OBSERVATION
55.985965,-5.660816,1985,8,United Kingdom of Great Britain and Northern Ireland,HUMAN_OBSERVATION
55.985965,-5.660816,1985,8,United Kingdom of Great Britain and Northern Ireland,HUMAN_OBSERVATION
55.986155,-5.654418,1985,5,United Kingdom of Great Britain and Northern Ireland,HUMAN_OBSERVATION
55.986155,-5.654418,1984,8,United Kingdom of Great Britain and Northern Ireland,HUMAN_OBSERVATION
55.987431,-5.641706,1985,9,United Kingdom of Great Britain and Northern Ireland,HUMAN_OBSERVATION
55.98894,-5.651473,1984,8,United Kingdom of Great Britain and Northern Ireland,HUMAN_OBSERVATION
55.989695,-5.656356,1984,8,United Kingdom of Great Britain and Northern Ireland,HUMAN_OBSERVATION
55.989695,-5.656356,1984,9,United Kingdom of Great Britain and Northern Ireland,HUMAN_OBSERVATION
55.996728,-5.631351,1982,5,United Kingdom of Great Britain and Northern Ireland,HUMAN_OBSERVATION
55.9989,-5.644009,2013,4,United Kingdom of Great Britain and Northern Ireland,HUMAN_OBSERVATION
55.998946,-5.647604,1982,5,United Kingdom of Great Britain and Northern Ireland,HUMAN_OBSERVATION
55.999795,-5.649289,1984,8,United Kingdom of Great Britain and Northern Ireland,HUMAN_OBSERVATION
55.999795,-5.649289,1984,9,United Kingdom of Great Britain and Northern Ireland,HUMAN_OBSERVATION
56.003748,-5.384897,1988,9,United Kingdom of Great Britain and Northern Ireland,HUMAN_OBSERVATION
56.00681,-5.371672,2012,8,United Kingdom of Great Britain and Northern Ireland,HUMAN_OBSERVATION
56.007252,-5.640363,1984,8,United Kingdom of Great Britain and Northern Ireland,HUMAN_OBSERVATION
56.007257,-5.372014,2013,1,United Kingdom of Great Britain and Northern Ireland,MATERIAL_SAMPLE
56.007532,-5.600268,1985,9,United Kingdom of Great Britain and Northern Ireland,HUMAN_OBSERVATION
56.008428,-5.600352,1985,8,United Kingdom of Great Britain and Northern Ireland,HUMAN_OBSERVATION
56.009093,-5.638932,1984,9,United Kingdom of Great Britain and Northern Ireland,HUMAN_OBSERVATION
56.010034,-5.606921,1985,9,United Kingdom of Great Britain and Northern Ireland,HUMAN_OBSERVATION
56.010034,-5.606921,1985,9,United Kingdom of Great Britain and Northern Ireland,HUMAN_OBSERVATION
56.010034,-5.606921,1985,9,United Kingdom of Great Britain and Northern Ireland,HUMAN_OBSERVATION
56.010268,-5.598918,1985,9,United Kingdom of Great Britain and Northern Ireland,HUMAN_OBSERVATION
56.010502,-5.590915,1984,8,United Kingdom of Great Britain and Northern Ireland,HUMAN_OBSERVATION
56.010595,-5.587714,1985,8,United Kingdom of Great Britain and Northern Ireland,HUMAN_OBSERVATION
56.010595,-5.587714,1985,8,United Kingdom of Great Britain and Northern Ireland,HUMAN_OBSERVATION
56.010886,-5.6391,1984,9,United Kingdom of Great Britain and Northern Ireland,HUMAN_OBSERVATION
56.010978,-5.605404,1985,9,United Kingdom of Great Britain and Northern Ireland,HUMAN_OBSERVATION
56.010978,-5.605404,1985,9,United Kingdom of Great Britain and Northern Ireland,HUMAN_OBSERVATION
56.012727,-5.637669,1985,4,United Kingdom of Great Britain and Northern Ireland,HUMAN_OBSERVATION
56.0132,-5.36807,1988,9,United Kingdom of Great Britain and Northern Ireland,HUMAN_OBSERVATION
56.014799,-5.597735,1982,5,United Kingdom of Great Britain and Northern Ireland,HUMAN_OBSERVATION
56.014799,-5.597735,1982,5,United Kingdom of Great Britain and Northern Ireland,HUMAN_OBSERVATION
56.014892,-5.594533,1985,8,United Kingdom of Great Britain and Northern Ireland,HUMAN_OBSERVATION
56.014892,-5.594533,1985,8,United Kingdom of Great Britain and Northern Ireland,HUMAN_OBSERVATION
56.014892,-5.594533,1985,8,United Kingdom of Great Britain and Northern Ireland,HUMAN_OBSERVATION
56.014892,-5.594533,1985,8,United Kingdom of Great Britain and Northern Ireland,HUMAN_OBSERVATION
56.014892,-5.594533,1985,8,United Kingdom of Great Britain and Northern Ireland,HUMAN_OBSERVATION
56.014892,-5.594533,1985,8,United Kingdom of Great Britain and Northern Ireland,HUMAN_OBSERVATION
56.014892,-5.594533,1982,5,United Kingdom of Great Britain and Northern Ireland,HUMAN_OBSERVATION
56.014892,-5.594533,1982,5,United Kingdom of Great Britain and Northern Ireland,HUMAN_OBSERVATION
56.015172,-5.584928,1982,5,United Kingdom of Great Britain and Northern Ireland,HUMAN_OBSERVATION
56.015172,-5.584928,1982,5,United Kingdom of Great Britain and Northern Ireland,HUMAN_OBSERVATION
56.015274,-5.612225,1982,5,United Kingdom of Great Britain and Northern Ireland,HUMAN_OBSERVATION
56.015742,-5.596217,1985,8,United Kingdom of Great Britain and Northern Ireland,HUMAN_OBSERVATION
56.015789,-5.594616,1985,8,United Kingdom of Great Britain and Northern Ireland,HUMAN_OBSERVATION
56.015789,-5.594616,1985,8,United Kingdom of Great Britain and Northern Ireland,HUMAN_OBSERVATION
56.015975,-5.588213,1985,8,United Kingdom of Great Britain and Northern Ireland,HUMAN_OBSERVATION
56.015975,-5.588213,1985,8,United Kingdom of Great Britain and Northern Ireland,HUMAN_OBSERVATION
56.01617,-5.612309,1984,9,United Kingdom of Great Britain and Northern Ireland,HUMAN_OBSERVATION
56.01617,-5.612309,1984,9,United Kingdom of Great Britain and Northern Ireland,HUMAN_OBSERVATION
56.016592,-5.597902,1985,8,United Kingdom of Great Britain and Northern Ireland,HUMAN_OBSERVATION
56.016592,-5.597902,1985,8,United Kingdom of Great Britain and Northern Ireland,HUMAN_OBSERVATION
56.016592,-5.597902,1985,8,United Kingdom of Great Britain and Northern Ireland,HUMAN_OBSERVATION
56.016732,-5.593099,1985,8,United Kingdom of Great Britain and Northern Ireland,HUMAN_OBSERVATION
56.017114,-5.610792,1984,9,United Kingdom of Great Britain and Northern Ireland,HUMAN_OBSERVATION
56.017114,-5.610792,1984,9,United Kingdom of Great Britain and Northern Ireland,HUMAN_OBSERVATION
56.017114,-5.610792,1984,9,United Kingdom of Great Britain and Northern Ireland,HUMAN_OBSERVATION
56.017442,-5.599586,1985,8,United Kingdom of Great Britain and Northern Ireland,HUMAN_OBSERVATION
56.017442,-5.599586,1985,8,United Kingdom of Great Britain and Northern Ireland,HUMAN_OBSERVATION
56.017442,-5.599586,1985,8,United Kingdom of Great Britain and Northern Ireland,HUMAN_OBSERVATION
56.019851,-5.609442,1982,5,United Kingdom of Great Britain and Northern Ireland,HUMAN_OBSERVATION
56.02056,-5.61593,1985,9,United Kingdom of Great Britain and Northern Ireland,HUMAN_OBSERVATION
56.02056,-5.61593,1985,9,United Kingdom of Great Britain and Northern Ireland,HUMAN_OBSERVATION
56.020654,-5.612728,1985,8,United Kingdom of Great Britain and Northern Ireland,HUMAN_OBSERVATION
56.020654,-5.612728,1985,8,United Kingdom of Great Britain and Northern Ireland,HUMAN_OBSERVATION
56.020654,-5.612728,1985,8,United Kingdom of Great Britain and Northern Ireland,HUMAN_OBSERVATION
56.020654,-5.612728,1985,8,United Kingdom of Great Britain and Northern Ireland,HUMAN_OBSERVATION
56.020654,-5.612728,1985,8,United Kingdom of Great Britain and Northern Ireland,HUMAN_OBSERVATION
56.021503,-5.614413,1985,8,United Kingdom of Great Britain and Northern Ireland,HUMAN_OBSERVATION
56.023156,-5.619384,1985,9,United Kingdom of Great Britain and Northern Ireland,HUMAN_OBSERVATION
56.023156,-5.619384,1985,9,United Kingdom of Great Britain and Northern Ireland,HUMAN_OBSERVATION
56.023999,-5.590564,1982,5,United Kingdom of Great Britain and Northern Ireland,HUMAN_OBSERVATION
56.025278,-5.608344,1985,8,United Kingdom of Great Britain and Northern Ireland,HUMAN_OBSERVATION
56.025278,-5.608344,1985,8,United Kingdom of Great Britain and Northern Ireland,HUMAN_OBSERVATION
56.025278,-5.608344,1985,8,United Kingdom of Great Britain and Northern Ireland,HUMAN_OBSERVATION
56.025278,-5.608344,1985,8,United Kingdom of Great Britain and Northern Ireland,HUMAN_OBSERVATION
56.025278,-5.608344,1985,8,United Kingdom of Great Britain and Northern Ireland,HUMAN_OBSERVATION
56.029227,-5.565358,1982,5,United Kingdom of Great Britain and Northern Ireland,HUMAN_OBSERVATION
56.029949,-5.602357,1985,8,United Kingdom of Great Britain and Northern Ireland,HUMAN_OBSERVATION
56.029949,-5.602357,1985,8,United Kingdom of Great Britain and Northern Ireland,HUMAN_OBSERVATION
56.029949,-5.602357,1984,8,United Kingdom of Great Britain and Northern Ireland,HUMAN_OBSERVATION
56.029949,-5.602357,1984,8,United Kingdom of Great Britain and Northern Ireland,HUMAN_OBSERVATION
56.03134,-5.576532,2006,9,United Kingdom of Great Britain and Northern Ireland,HUMAN_OBSERVATION
56.031638,-5.575215,1984,8,United Kingdom of Great Britain and Northern Ireland,HUMAN_OBSERVATION
56.031742,-5.602524,1984,8,United Kingdom of Great Britain and Northern Ireland,HUMAN_OBSERVATION
56.032489,-5.5769,1982,5,United Kingdom of Great Britain and Northern Ireland,HUMAN_OBSERVATION
56.03285,-5.599414,2013,4,United Kingdom of Great Britain and Northern Ireland,HUMAN_OBSERVATION
56.033385,-5.576983,1982,5,United Kingdom of Great Britain and Northern Ireland,HUMAN_OBSERVATION
56.03461,-5.596574,2007,10,United Kingdom of Great Britain and Northern Ireland,HUMAN_OBSERVATION
56.034853,-5.588361,1984,8,United Kingdom of Great Britain and Northern Ireland,HUMAN_OBSERVATION
56.035516,-5.596452,1984,9,United Kingdom of Great Britain and Northern Ireland,HUMAN_OBSERVATION
56.035516,-5.596452,1984,9,United Kingdom of Great Britain and Northern Ireland,HUMAN_OBSERVATION
56.035516,-5.596452,1984,9,United Kingdom of Great Britain and Northern Ireland,HUMAN_OBSERVATION
56.035516,-5.596452,1984,9,United Kingdom of Great Britain and Northern Ireland,HUMAN_OBSERVATION
56.03575,-5.588444,1984,8,United Kingdom of Great Britain and Northern Ireland,HUMAN_OBSERVATION
56.036413,-5.596536,1984,8,United Kingdom of Great Britain and Northern Ireland,HUMAN_OBSERVATION
56.036459,-5.594934,1982,5,United Kingdom of Great Britain and Northern Ireland,HUMAN_OBSERVATION
56.037403,-5.593416,1985,8,United Kingdom of Great Britain and Northern Ireland,HUMAN_OBSERVATION
56.039196,-5.593583,1984,8,United Kingdom of Great Britain and Northern Ireland,HUMAN_OBSERVATION
56.039196,-5.593583,1984,8,United Kingdom of Great Britain and Northern Ireland,HUMAN_OBSERVATION
56.047546,-5.584721,1982,5,United Kingdom of Great Britain and Northern Ireland,HUMAN_OBSERVATION
56.048443,-5.584804,1985,8,United Kingdom of Great Britain and Northern Ireland,HUMAN_OBSERVATION
56.048443,-5.584804,1984,9,United Kingdom of Great Britain and Northern Ireland,HUMAN_OBSERVATION
56.078194,-2.641813,1992,6,United Kingdom of Great Britain and Northern Ireland,HUMAN_OBSERVATION
56.078194,-2.641813,1992,6,United Kingdom of Great Britain and Northern Ireland,HUMAN_OBSERVATION
56.083181,-5.596073,1982,5,United Kingdom of Great Britain and Northern Ireland,HUMAN_OBSERVATION
56.083181,-5.596073,1982,5,United Kingdom of Great Britain and Northern Ireland,HUMAN_OBSERVATION
56.087829,-5.712299,1982,6,United Kingdom of Great Britain and Northern Ireland,HUMAN_OBSERVATION
56.09747,-5.568452,1989,8,United Kingdom of Great Britain and Northern Ireland,HUMAN_OBSERVATION
56.10237,-5.554427,1989,8,United Kingdom of Great Britain and Northern Ireland,HUMAN_OBSERVATION
56.112086,-5.80154,1982,6,United Kingdom of Great Britain and Northern Ireland,HUMAN_OBSERVATION
56.112481,-5.788704,1982,6,United Kingdom of Great Britain and Northern Ireland,HUMAN_OBSERVATION
56.132116,-5.691212,2005,8,United Kingdom of Great Britain and Northern Ireland,HUMAN_OBSERVATION
56.132116,-5.691212,2005,8,United Kingdom of Great Britain and Northern Ireland,HUMAN_OBSERVATION
56.133802,-5.55572,1990,9,United Kingdom of Great Britain and Northern Ireland,HUMAN_OBSERVATION
56.133802,-5.55572,1990,9,United Kingdom of Great Britain and Northern Ireland,HUMAN_OBSERVATION
56.135178,-5.570339,1990,9,United Kingdom of Great Britain and Northern Ireland,HUMAN_OBSERVATION
56.137389,-5.556052,1989,8,United Kingdom of Great Britain and Northern Ireland,HUMAN_OBSERVATION
56.142057,-5.550041,1990,9,United Kingdom of Great Britain and Northern Ireland,HUMAN_OBSERVATION
56.142815,-5.554943,1990,9,United Kingdom of Great Britain and Northern Ireland,HUMAN_OBSERVATION
56.147253,-5.556964,1989,8,United Kingdom of Great Britain and Northern Ireland,HUMAN_OBSERVATION
56.147253,-5.556964,1989,8,United Kingdom of Great Britain and Northern Ireland,HUMAN_OBSERVATION
56.149885,-5.711845,1982,6,United Kingdom of Great Britain and Northern Ireland,HUMAN_OBSERVATION
56.149885,-5.711845,1982,6,United Kingdom of Great Britain and Northern Ireland,HUMAN_OBSERVATION
56.154952,-5.570564,1990,9,United Kingdom of Great Britain and Northern Ireland,HUMAN_OBSERVATION
56.15744,-5.546629,1990,9,United Kingdom of Great Britain and Northern Ireland,HUMAN_OBSERVATION
56.159945,-5.553304,1990,9,United Kingdom of Great Britain and Northern Ireland,HUMAN_OBSERVATION
56.163314,-5.129875,1988,8,United Kingdom of Great Britain and Northern Ireland,HUMAN_OBSERVATION
56.171754,-5.116059,1988,8,United Kingdom of Great Britain and Northern Ireland,HUMAN_OBSERVATION
56.181753,-4.771962,1989,9,United Kingdom of Great Britain and Northern Ireland,HUMAN_OBSERVATION
56.181939,-2.554942,1987,8,United Kingdom of Great Britain and Northern Ireland,HUMAN_OBSERVATION
56.1836,-2.55551,2007,8,United Kingdom of Great Britain and Northern Ireland,HUMAN_OBSERVATION
56.18462,-2.558203,1987,8,United Kingdom of Great Britain and Northern Ireland,HUMAN_OBSERVATION
56.188199,-2.561477,1987,8,United Kingdom of Great Britain and Northern Ireland,HUMAN_OBSERVATION
56.188199,-2.561477,1987,8,United Kingdom of Great Britain and Northern Ireland,HUMAN_OBSERVATION
56.188199,-2.561477,1987,8,United Kingdom of Great Britain and Northern Ireland,HUMAN_OBSERVATION
56.190971,-5.63035,1975,8,United Kingdom of Great Britain and Northern Ireland,HUMAN_OBSERVATION
56.190971,-5.63035,1975,8,United Kingdom of Great Britain and Northern Ireland,HUMAN_OBSERVATION
56.191051,-5.674784,2005,8,United Kingdom of Great Britain and Northern Ireland,HUMAN_OBSERVATION
56.191051,-5.674784,2005,8,United Kingdom of Great Britain and Northern Ireland,HUMAN_OBSERVATION
56.19371,-2.561087,2007,9,United Kingdom of Great Britain and Northern Ireland,HUMAN_OBSERVATION
56.194458,-2.568014,1987,8,United Kingdom of Great Britain and Northern Ireland,HUMAN_OBSERVATION
56.206387,-5.686657,1989,8,United Kingdom of Great Britain and Northern Ireland,HUMAN_OBSERVATION
56.220449,-5.037729,1988,9,United Kingdom of Great Britain and Northern Ireland,HUMAN_OBSERVATION
56.246224,-5.771139,2005,8,United Kingdom of Great Britain and Northern Ireland,HUMAN_OBSERVATION
56.246224,-5.771139,2005,8,United Kingdom of Great Britain and Northern Ireland,HUMAN_OBSERVATION
56.246224,-5.771139,2005,8,United Kingdom of Great Britain and Northern Ireland,HUMAN_OBSERVATION
56.246224,-5.771139,2005,8,United Kingdom of Great Britain and Northern Ireland,HUMAN_OBSERVATION
56.246224,-5.771139,2005,8,United Kingdom of Great Britain and Northern Ireland,HUMAN_OBSERVATION
56.27736,12.5708,2022,9,Sweden,HUMAN_OBSERVATION
56.290965,-5.654386,1995,5,United Kingdom of Great Britain and Northern Ireland,HUMAN_OBSERVATION
56.294885,-5.643442,1995,5,United Kingdom of Great Britain and Northern Ireland,HUMAN_OBSERVATION
56.318241,-5.582571,1976,3,United Kingdom of Great Britain and Northern Ireland,HUMAN_OBSERVATION
56.343914,-6.248854,1989,8,United Kingdom of Great Britain and Northern Ireland,HUMAN_OBSERVATION
56.343914,-6.248854,1989,8,United Kingdom of Great Britain and Northern Ireland,HUMAN_OBSERVATION
56.347849,-6.132682,1989,8,United Kingdom of Great Britain and Northern Ireland,HUMAN_OBSERVATION
56.347849,-6.132682,1989,8,United Kingdom of Great Britain and Northern Ireland,HUMAN_OBSERVATION
56.347849,-6.132682,1989,8,United Kingdom of Great Britain and Northern Ireland,HUMAN_OBSERVATION
56.348527,-5.889835,1989,7,United Kingdom of Great Britain and Northern Ireland,HUMAN_OBSERVATION
56.364485,-6.064816,1989,8,United Kingdom of Great Britain and Northern Ireland,HUMAN_OBSERVATION
56.366491,-6.031004,1989,8,United Kingdom of Great Britain and Northern Ireland,HUMAN_OBSERVATION
56.43686,-6.166131,2016,9,United Kingdom of Great Britain and Northern Ireland,HUMAN_OBSERVATION
56.45114,12.5443,2024,6,Sweden,HUMAN_OBSERVATION
56.451507,-6.098477,1989,8,United Kingdom of Great Britain and Northern Ireland,HUMAN_OBSERVATION
56.4546,-5.335636,1990,9,United Kingdom of Great Britain and Northern Ireland,HUMAN_OBSERVATION
56.454991,-5.321059,1990,9,United Kingdom of Great Britain and Northern Ireland,HUMAN_OBSERVATION
56.455522,-6.258861,2016,9,United Kingdom of Great Britain and Northern Ireland,MATERIAL_SAMPLE
56.455522,-6.258861,2016,9,United Kingdom of Great Britain and Northern Ireland,MATERIAL_SAMPLE
56.456117,-5.444551,1995,5,United Kingdom of Great Britain and Northern Ireland,HUMAN_OBSERVATION
56.456117,-5.444551,1995,5,United Kingdom of Great Britain and Northern Ireland,HUMAN_OBSERVATION
56.456117,-5.444551,1995,5,United Kingdom of Great Britain and Northern Ireland,HUMAN_OBSERVATION
56.456117,-5.444551,1995,5,United Kingdom of Great Britain and Northern Ireland,HUMAN_OBSERVATION
56.463603,-6.140394,1989,8,United Kingdom of Great Britain and Northern Ireland,HUMAN_OBSERVATION
56.463903,-6.158296,1989,8,United Kingdom of Great Britain and Northern Ireland,HUMAN_OBSERVATION
56.469794,-5.43767,1989,6,United Kingdom of Great Britain and Northern Ireland,HUMAN_OBSERVATION
56.473632,-5.556601,1989,6,United Kingdom of Great Britain and Northern Ireland,HUMAN_OBSERVATION
56.473632,-5.556601,1989,6,United Kingdom of Great Britain and Northern Ireland,HUMAN_OBSERVATION
56.476192,-5.592582,1989,6,United Kingdom of Great Britain and Northern Ireland,HUMAN_OBSERVATION
56.476192,-5.592582,1989,6,United Kingdom of Great Britain and Northern Ireland,HUMAN_OBSERVATION
56.479516,-5.475917,1989,6,United Kingdom of Great Britain and Northern Ireland,HUMAN_OBSERVATION
56.482275,-6.423868,2007,8,United Kingdom of Great Britain and Northern Ireland,HUMAN_OBSERVATION
56.488766,-5.530392,1989,6,United Kingdom of Great Britain and Northern Ireland,HUMAN_OBSERVATION
56.495019,-6.142196,1989,8,United Kingdom of Great Britain and Northern Ireland,HUMAN_OBSERVATION
56.495019,-6.142196,1989,8,United Kingdom of Great Britain and Northern Ireland,HUMAN_OBSERVATION
56.496663,-6.419581,2016,9,United Kingdom of Great Britain and Northern Ireland,MATERIAL_SAMPLE
56.496663,-6.419581,2016,9,United Kingdom of Great Britain and Northern Ireland,MATERIAL_SAMPLE
56.498405,-6.306796,1989,8,United Kingdom of Great Britain and Northern Ireland,HUMAN_OBSERVATION
56.514075,-6.392113,2007,8,United Kingdom of Great Britain and Northern Ireland,HUMAN_OBSERVATION
56.514075,-6.392113,2007,8,United Kingdom of Great Britain and Northern Ireland,HUMAN_OBSERVATION
56.514075,-6.392113,2007,8,United Kingdom of Great Britain and Northern Ireland,HUMAN_OBSERVATION
56.514075,-6.392113,2007,8,United Kingdom of Great Britain and Northern Ireland,HUMAN_OBSERVATION
56.514075,-6.392113,2007,8,United Kingdom of Great Britain and Northern Ireland,HUMAN_OBSERVATION
56.514075,-6.392113,2007,8,United Kingdom of Great Britain and Northern Ireland,HUMAN_OBSERVATION
56.515643,-5.627218,1989,6,United Kingdom of Great Britain and Northern Ireland,HUMAN_OBSERVATION
56.518259,-6.375514,2007,8,United Kingdom of Great Britain and Northern Ireland,HUMAN_OBSERVATION
56.518259,-6.375514,2007,8,United Kingdom of Great Britain and Northern Ireland,HUMAN_OBSERVATION
56.518259,-6.375514,2007,8,United Kingdom of Great Britain and Northern Ireland,HUMAN_OBSERVATION
56.518259,-6.375514,2007,8,United Kingdom of Great Britain and Northern Ireland,HUMAN_OBSERVATION
56.518259,-6.375514,2007,8,United Kingdom of Great Britain and Northern Ireland,HUMAN_OBSERVATION
56.518259,-6.375514,2007,8,United Kingdom of Great Britain and Northern Ireland,HUMAN_OBSERVATION
56.518259,-6.375514,2007,8,United Kingdom of Great Britain and Northern Ireland,HUMAN_OBSERVATION
56.518259,-6.375514,2007,8,United Kingdom of Great Britain and Northern Ireland,HUMAN_OBSERVATION
56.518259,-6.375514,2007,8,United Kingdom of Great Britain and Northern Ireland,HUMAN_OBSERVATION
56.518259,-6.375514,2007,8,United Kingdom of Great Britain and Northern Ireland,HUMAN_OBSERVATION
56.529582,-5.392155,2013,1,United Kingdom of Great Britain and Northern Ireland,MATERIAL_SAMPLE
56.53025,-5.390575,2012,9,United Kingdom of Great Britain and Northern Ireland,HUMAN_OBSERVATION
56.530458,-5.581454,1989,6,United Kingdom of Great Britain and Northern Ireland,HUMAN_OBSERVATION
56.530458,-5.581454,1989,6,United Kingdom of Great Britain and Northern Ireland,HUMAN_OBSERVATION
56.5368,-5.395807,2005,7,United Kingdom of Great Britain and Northern Ireland,HUMAN_OBSERVATION
56.5368,-5.395807,2005,7,United Kingdom of Great Britain and Northern Ireland,HUMAN_OBSERVATION
56.536828,-5.419342,1989,6,United Kingdom of Great Britain and Northern Ireland,HUMAN_OBSERVATION
56.537,-5.400332,2005,7,United Kingdom of Great Britain and Northern Ireland,HUMAN_OBSERVATION
56.537,-5.400332,2005,7,United Kingdom of Great Britain and Northern Ireland,HUMAN_OBSERVATION
56.537,-5.400332,2005,7,United Kingdom of Great Britain and Northern Ireland,HUMAN_OBSERVATION
56.537435,-5.77088,1988,4,United Kingdom of Great Britain and Northern Ireland,HUMAN_OBSERVATION
56.537435,-5.77088,1988,4,United Kingdom of Great Britain and Northern Ireland,HUMAN_OBSERVATION
56.55066,-5.423136,2011,8,United Kingdom of Great Britain and Northern Ireland,HUMAN_OBSERVATION
56.5542,-5.425279,2011,8,United Kingdom of Great Britain and Northern Ireland,HUMAN_OBSERVATION
56.573154,-6.303899,1989,8,United Kingdom of Great Britain and Northern Ireland,HUMAN_OBSERVATION
56.575973,-5.434279,1989,6,United Kingdom of Great Britain and Northern Ireland,HUMAN_OBSERVATION
56.575973,-5.434279,1989,6,United Kingdom of Great Britain and Northern Ireland,HUMAN_OBSERVATION
56.591215,-5.403074,1989,6,United Kingdom of Great Britain and Northern Ireland,HUMAN_OBSERVATION
56.591215,-5.403074,1989,6,United Kingdom of Great Britain and Northern Ireland,HUMAN_OBSERVATION
56.629088,-6.246638,1989,8,United Kingdom of Great Britain and Northern Ireland,HUMAN_OBSERVATION
56.641056,-6.212077,1989,8,United Kingdom of Great Britain and Northern Ireland,HUMAN_OBSERVATION
56.642293,-6.066951,1994,6,United Kingdom of Great Britain and Northern Ireland,HUMAN_OBSERVATION
56.643048,-5.874448,1989,6,United Kingdom of Great Britain and Northern Ireland,HUMAN_OBSERVATION
56.64311,-5.882533,1995,10,United Kingdom of Great Britain and Northern Ireland,HUMAN_OBSERVATION
56.64311,-5.882533,1995,10,United Kingdom of Great Britain and Northern Ireland,HUMAN_OBSERVATION
56.646927,-5.878356,1995,10,United Kingdom of Great Britain and Northern Ireland,HUMAN_OBSERVATION
56.646927,-5.878356,1995,10,United Kingdom of Great Britain and Northern Ireland,HUMAN_OBSERVATION
56.65081,-5.885039,1995,10,United Kingdom of Great Britain and Northern Ireland,HUMAN_OBSERVATION
56.65081,-5.885039,1995,10,United Kingdom of Great Britain and Northern Ireland,HUMAN_OBSERVATION
56.651132,-6.206672,1994,6,United Kingdom of Great Britain and Northern Ireland,HUMAN_OBSERVATION
56.651253,-5.984661,1989,6,United Kingdom of Great Britain and Northern Ireland,HUMAN_OBSERVATION
56.65244,-5.931059,2001,7,United Kingdom of Great Britain and Northern Ireland,HUMAN_OBSERVATION
56.65302,-5.958694,2001,7,United Kingdom of Great Britain and Northern Ireland,HUMAN_OBSERVATION
56.65302,-5.958694,2001,7,United Kingdom of Great Britain and Northern Ireland,HUMAN_OBSERVATION
56.655024,-6.117305,1994,6,United Kingdom of Great Britain and Northern Ireland,HUMAN_OBSERVATION
56.656412,-6.156643,1994,6,United Kingdom of Great Britain and Northern Ireland,HUMAN_OBSERVATION
56.658203,-5.96417,1989,6,United Kingdom of Great Britain and Northern Ireland,HUMAN_OBSERVATION
56.658534,-5.895386,1995,9,United Kingdom of Great Britain and Northern Ireland,HUMAN_OBSERVATION
56.658534,-5.895386,1995,9,United Kingdom of Great Britain and Northern Ireland,HUMAN_OBSERVATION
56.659177,-5.951945,1995,9,United Kingdom of Great Britain and Northern Ireland,HUMAN_OBSERVATION
56.661062,-5.866257,1995,10,United Kingdom of Great Britain and Northern Ireland,HUMAN_OBSERVATION
56.661062,-5.866257,1995,10,United Kingdom of Great Britain and Northern Ireland,HUMAN_OBSERVATION
56.661062,-5.866257,1995,10,United Kingdom of Great Britain and Northern Ireland,HUMAN_OBSERVATION
56.661603,-5.912195,1995,9,United Kingdom of Great Britain and Northern Ireland,HUMAN_OBSERVATION
56.661603,-5.912195,1995,9,United Kingdom of Great Britain and Northern Ireland,HUMAN_OBSERVATION
56.662132,-5.854937,1995,9,United Kingdom of Great Britain and Northern Ireland,HUMAN_OBSERVATION
56.66244,-6.137711,1994,6,United Kingdom of Great Britain and Northern Ireland,HUMAN_OBSERVATION
56.662677,-5.895161,1995,9,United Kingdom of Great Britain and Northern Ireland,HUMAN_OBSERVATION
56.662677,-5.895161,1995,9,United Kingdom of Great Britain and Northern Ireland,HUMAN_OBSERVATION
56.66321,-5.872356,1995,10,United Kingdom of Great Britain and Northern Ireland,HUMAN_OBSERVATION
56.66321,-5.872356,1995,10,United Kingdom of Great Britain and Northern Ireland,HUMAN_OBSERVATION
56.66327,-5.948535,2001,7,United Kingdom of Great Britain and Northern Ireland,HUMAN_OBSERVATION
56.663859,-6.039883,1994,6,United Kingdom of Great Britain and Northern Ireland,HUMAN_OBSERVATION
56.664065,-5.945273,1995,9,United Kingdom of Great Britain and Northern Ireland,HUMAN_OBSERVATION
56.665339,-5.922054,1995,9,United Kingdom of Great Britain and Northern Ireland,HUMAN_OBSERVATION
56.666747,-5.923017,1995,9,United Kingdom of Great Britain and Northern Ireland,HUMAN_OBSERVATION
56.666747,-5.923017,1995,9,United Kingdom of Great Britain and Northern Ireland,HUMAN_OBSERVATION
56.667227,-5.906328,1989,6,United Kingdom of Great Britain and Northern Ireland,HUMAN_OBSERVATION
56.667617,-5.92964,1995,9,United Kingdom of Great Britain and Northern Ireland,HUMAN_OBSERVATION
56.667617,-5.92964,1995,9,United Kingdom of Great Britain and Northern Ireland,HUMAN_OBSERVATION
56.668018,-5.936867,1995,9,United Kingdom of Great Britain and Northern Ireland,HUMAN_OBSERVATION
56.668018,-5.936867,1995,9,United Kingdom of Great Britain and Northern Ireland,HUMAN_OBSERVATION
56.668945,-5.935984,1995,9,United Kingdom of Great Britain and Northern Ireland,HUMAN_OBSERVATION
56.668945,-5.935984,1995,9,United Kingdom of Great Britain and Northern Ireland,HUMAN_OBSERVATION
56.66953,-5.890235,1989,6,United Kingdom of Great Britain and Northern Ireland,HUMAN_OBSERVATION
56.669763,-5.91149,1989,6,United Kingdom of Great Britain and Northern Ireland,HUMAN_OBSERVATION
56.673313,-5.902957,1995,9,United Kingdom of Great Britain and Northern Ireland,HUMAN_OBSERVATION
56.674576,-5.929957,1989,6,United Kingdom of Great Britain and Northern Ireland,HUMAN_OBSERVATION
56.674576,-5.929957,1989,6,United Kingdom of Great Britain and Northern Ireland,HUMAN_OBSERVATION
56.674833,-5.921817,1987,10,United Kingdom of Great Britain and Northern Ireland,HUMAN_OBSERVATION
56.67602,-5.917082,2001,7,United Kingdom of Great Britain and Northern Ireland,HUMAN_OBSERVATION
56.67722,-5.855633,2001,8,United Kingdom of Great Britain and Northern Ireland,HUMAN_OBSERVATION
56.67726,-5.873064,1989,6,United Kingdom of Great Britain and Northern Ireland,HUMAN_OBSERVATION
56.67726,-5.873064,1989,6,United Kingdom of Great Britain and Northern Ireland,HUMAN_OBSERVATION
56.678029,-5.944447,1995,9,United Kingdom of Great Britain and Northern Ireland,HUMAN_OBSERVATION
56.678908,-5.970514,1995,10,United Kingdom of Great Britain and Northern Ireland,HUMAN_OBSERVATION
56.680163,-5.962151,1995,10,United Kingdom of Great Britain and Northern Ireland,HUMAN_OBSERVATION
56.680462,-5.999186,1989,6,United Kingdom of Great Britain and Northern Ireland,HUMAN_OBSERVATION
56.68115,-5.945264,1995,10,United Kingdom of Great Britain and Northern Ireland,HUMAN_OBSERVATION
56.681781,-6.009864,1995,10,United Kingdom of Great Britain and Northern Ireland,HUMAN_OBSERVATION
56.681901,-5.594118,1995,10,United Kingdom of Great Britain and Northern Ireland,HUMAN_OBSERVATION
56.682273,-5.991781,1995,10,United Kingdom of Great Britain and Northern Ireland,HUMAN_OBSERVATION
56.682339,-5.927581,1995,10,United Kingdom of Great Britain and Northern Ireland,HUMAN_OBSERVATION
56.682339,-5.927581,1995,10,United Kingdom of Great Britain and Northern Ireland,HUMAN_OBSERVATION
56.68252,-5.986906,1995,10,United Kingdom of Great Britain and Northern Ireland,HUMAN_OBSERVATION
56.68369,-5.961542,1995,10,United Kingdom of Great Britain and Northern Ireland,HUMAN_OBSERVATION
56.685707,-5.949009,1995,10,United Kingdom of Great Britain and Northern Ireland,HUMAN_OBSERVATION
56.685707,-5.949009,1995,10,United Kingdom of Great Britain and Northern Ireland,HUMAN_OBSERVATION
56.687896,-6.047363,1994,6,United Kingdom of Great Britain and Northern Ireland,HUMAN_OBSERVATION
56.687896,-6.047363,1994,6,United Kingdom of Great Britain and Northern Ireland,HUMAN_OBSERVATION
56.688696,-5.589212,1995,10,United Kingdom of Great Britain and Northern Ireland,HUMAN_OBSERVATION
56.6901,-5.170433,2011,8,United Kingdom of Great Britain and Northern Ireland,HUMAN_OBSERVATION
56.6901,-5.170433,2011,8,United Kingdom of Great Britain and Northern Ireland,HUMAN_OBSERVATION
56.690819,-5.171918,1990,4,United Kingdom of Great Britain and Northern Ireland,HUMAN_OBSERVATION
56.692905,-6.141058,1994,6,United Kingdom of Great Britain and Northern Ireland,HUMAN_OBSERVATION
56.693215,-5.68376,1995,10,United Kingdom of Great Britain and Northern Ireland,HUMAN_OBSERVATION
56.693215,-5.68376,1995,10,United Kingdom of Great Britain and Northern Ireland,HUMAN_OBSERVATION
56.694682,-6.087318,1994,7,United Kingdom of Great Britain and Northern Ireland,HUMAN_OBSERVATION
56.694682,-6.087318,1994,7,United Kingdom of Great Britain and Northern Ireland,HUMAN_OBSERVATION
56.700774,-5.751264,1989,6,United Kingdom of Great Britain and Northern Ireland,HUMAN_OBSERVATION
56.700774,-5.751264,1989,6,United Kingdom of Great Britain and Northern Ireland,HUMAN_OBSERVATION
56.707305,-5.773166,1989,6,United Kingdom of Great Britain and Northern Ireland,HUMAN_OBSERVATION
56.721136,-6.237397,1994,7,United Kingdom of Great Britain and Northern Ireland,HUMAN_OBSERVATION
56.75338,-5.913668,1998,2,United Kingdom of Great Britain and Northern Ireland,HUMAN_OBSERVATION
56.759526,-6.192608,1994,7,United Kingdom of Great Britain and Northern Ireland,HUMAN_OBSERVATION
56.759526,-6.192608,1994,7,United Kingdom of Great Britain and Northern Ireland,HUMAN_OBSERVATION
56.766754,-6.055858,1994,6,United Kingdom of Great Britain and Northern Ireland,HUMAN_OBSERVATION
56.771753,-6.149752,1994,7,United Kingdom of Great Britain and Northern Ireland,HUMAN_OBSERVATION
56.782686,-5.865918,1989,5,United Kingdom of Great Britain and Northern Ireland,HUMAN_OBSERVATION
56.78679,-5.870733,2014,8,United Kingdom of Great Britain and Northern Ireland,HUMAN_OBSERVATION
56.787632,-5.822194,1989,5,United Kingdom of Great Britain and Northern Ireland,HUMAN_OBSERVATION
56.80707,-5.861892,1995,6,United Kingdom of Great Britain and Northern Ireland,HUMAN_OBSERVATION
56.807089,-5.861877,1989,5,United Kingdom of Great Britain and Northern Ireland,HUMAN_OBSERVATION
56.809084,-5.855525,1989,5,United Kingdom of Great Britain and Northern Ireland,HUMAN_OBSERVATION
56.809084,-5.855525,1989,5,United Kingdom of Great Britain and Northern Ireland,HUMAN_OBSERVATION
56.82367,-5.875649,2014,8,United Kingdom of Great Britain and Northern Ireland,HUMAN_OBSERVATION
56.827436,-7.61964,1996,8,United Kingdom of Great Britain and Northern Ireland,HUMAN_OBSERVATION
56.844603,-5.782067,1989,5,United Kingdom of Great Britain and Northern Ireland,HUMAN_OBSERVATION
56.8465,-5.7655,1995,6,United Kingdom of Great Britain and Northern Ireland,HUMAN_OBSERVATION
56.84701,-5.726539,2014,8,United Kingdom of Great Britain and Northern Ireland,HUMAN_OBSERVATION
56.848,-5.743667,1996,6,United Kingdom of Great Britain and Northern Ireland,HUMAN_OBSERVATION
56.849162,-5.720174,1989,5,United Kingdom of Great Britain and Northern Ireland,HUMAN_OBSERVATION
56.851313,-5.738438,1979,9,United Kingdom of Great Britain and Northern Ireland,HUMAN_OBSERVATION
56.853,-5.759333,1995,6,United Kingdom of Great Britain and Northern Ireland,HUMAN_OBSERVATION
56.853,-5.752666,1995,6,United Kingdom of Great Britain and Northern Ireland,HUMAN_OBSERVATION
56.85321,-5.749625,2014,8,United Kingdom of Great Britain and Northern Ireland,HUMAN_OBSERVATION
56.853888,-5.712438,1989,5,United Kingdom of Great Britain and Northern Ireland,HUMAN_OBSERVATION
56.853888,-5.712438,1989,5,United Kingdom of Great Britain and Northern Ireland,HUMAN_OBSERVATION
56.85745,-5.312701,2011,8,United Kingdom of Great Britain and Northern Ireland,HUMAN_OBSERVATION
56.859692,-5.788516,1989,4,United Kingdom of Great Britain and Northern Ireland,HUMAN_OBSERVATION
56.886449,-7.487118,1996,8,United Kingdom of Great Britain and Northern Ireland,HUMAN_OBSERVATION
56.886449,-7.487118,1996,8,United Kingdom of Great Britain and Northern Ireland,HUMAN_OBSERVATION
56.888067,-5.742112,1989,5,United Kingdom of Great Britain and Northern Ireland,HUMAN_OBSERVATION
56.891652,-5.742471,1989,5,United Kingdom of Great Britain and Northern Ireland,HUMAN_OBSERVATION
56.894538,-5.736189,1989,5,United Kingdom of Great Britain and Northern Ireland,HUMAN_OBSERVATION
56.897925,-5.91891,1989,5,United Kingdom of Great Britain and Northern Ireland,HUMAN_OBSERVATION
56.906272,-5.881985,1989,5,United Kingdom of Great Britain and Northern Ireland,HUMAN_OBSERVATION
56.907288,-7.52473,1996,8,United Kingdom of Great Britain and Northern Ireland,HUMAN_OBSERVATION
56.908014,-5.88381,1989,5,United Kingdom of Great Britain and Northern Ireland,HUMAN_OBSERVATION
56.908084,-7.506752,1996,8,United Kingdom of Great Britain and Northern Ireland,HUMAN_OBSERVATION
56.908084,-7.506752,1996,8,United Kingdom of Great Britain and Northern Ireland,HUMAN_OBSERVATION
56.908084,-7.506752,1996,8,United Kingdom of Great Britain and Northern Ireland,HUMAN_OBSERVATION
56.909602,-5.890549,1989,5,United Kingdom of Great Britain and Northern Ireland,HUMAN_OBSERVATION
56.91224,-5.892468,1989,5,United Kingdom of Great Britain and Northern Ireland,HUMAN_OBSERVATION
56.917796,-5.916063,1979,9,United Kingdom of Great Britain and Northern Ireland,HUMAN_OBSERVATION
56.925434,-7.501085,1996,8,United Kingdom of Great Britain and Northern Ireland,HUMAN_OBSERVATION
56.955981,-7.502304,1995,8,United Kingdom of Great Britain and Northern Ireland,HUMAN_OBSERVATION
56.981292,-6.683729,1988,7,United Kingdom of Great Britain and Northern Ireland,HUMAN_OBSERVATION
56.983896,-5.601878,1984,7,United Kingdom of Great Britain and Northern Ireland,HUMAN_OBSERVATION
56.993014,-7.354444,1996,8,United Kingdom of Great Britain and Northern Ireland,HUMAN_OBSERVATION
57.004058,-7.397844,2000,5,United Kingdom of Great Britain and Northern Ireland,HUMAN_OBSERVATION
57.004588,-7.398085,2000,5,United Kingdom of Great Britain and Northern Ireland,HUMAN_OBSERVATION
57.004588,-7.398085,2000,5,United Kingdom of Great Britain and Northern Ireland,HUMAN_OBSERVATION
57.004792,-7.399599,2000,5,United Kingdom of Great Britain and Northern Ireland,HUMAN_OBSERVATION
57.0052,-7.398504,2000,5,United Kingdom of Great Britain and Northern Ireland,HUMAN_OBSERVATION
57.0052,-7.398504,2000,5,United Kingdom of Great Britain and Northern Ireland,HUMAN_OBSERVATION
57.005604,-7.399552,2000,5,United Kingdom of Great Britain and Northern Ireland,HUMAN_OBSERVATION
57.005604,-7.399552,2000,5,United Kingdom of Great Britain and Northern Ireland,HUMAN_OBSERVATION
57.005604,-7.399552,2000,5,United Kingdom of Great Britain and Northern Ireland,HUMAN_OBSERVATION
57.005604,-7.399552,2000,5,United Kingdom of Great Britain and Northern Ireland,HUMAN_OBSERVATION
57.008106,-7.40206,2000,5,United Kingdom of Great Britain and Northern Ireland,HUMAN_OBSERVATION
57.008113,-7.401896,2000,5,United Kingdom of Great Britain and Northern Ireland,HUMAN_OBSERVATION
57.008113,-7.401896,2000,5,United Kingdom of Great Britain and Northern Ireland,HUMAN_OBSERVATION
57.008113,-7.401896,2000,5,United Kingdom of Great Britain and Northern Ireland,HUMAN_OBSERVATION
57.008113,-7.401896,2000,5,United Kingdom of Great Britain and Northern Ireland,HUMAN_OBSERVATION
57.008113,-7.401896,2000,5,United Kingdom of Great Britain and Northern Ireland,HUMAN_OBSERVATION
57.00812,-7.401732,2000,5,United Kingdom of Great Britain and Northern Ireland,HUMAN_OBSERVATION
57.008779,-7.403148,2000,8,United Kingdom of Great Britain and Northern Ireland,HUMAN_OBSERVATION
57.008979,-7.402682,2000,8,United Kingdom of Great Britain and Northern Ireland,HUMAN_OBSERVATION
57.009068,-7.402695,2000,8,United Kingdom of Great Britain and Northern Ireland,HUMAN_OBSERVATION
57.009301,-7.403554,2000,8,United Kingdom of Great Britain and Northern Ireland,HUMAN_OBSERVATION
57.009734,-7.403946,2000,8,United Kingdom of Great Britain and Northern Ireland,HUMAN_OBSERVATION
57.013378,-7.527301,1996,8,United Kingdom of Great Britain and Northern Ireland,HUMAN_OBSERVATION
57.01522,-7.334864,2001,8,United Kingdom of Great Britain and Northern Ireland,HUMAN_OBSERVATION
57.01572,-7.383955,2015,9,United Kingdom of Great Britain and Northern Ireland,HUMAN_OBSERVATION
57.01572,-7.383955,2015,9,United Kingdom of Great Britain and Northern Ireland,HUMAN_OBSERVATION
57.01572,-7.383955,2015,9,United Kingdom of Great Britain and Northern Ireland,HUMAN_OBSERVATION
57.01572,-7.383955,2015,9,United Kingdom of Great Britain and Northern Ireland,HUMAN_OBSERVATION
57.01572,-7.383955,2015,9,United Kingdom of Great Britain and Northern Ireland,HUMAN_OBSERVATION
57.01572,-7.383955,2015,9,United Kingdom of Great Britain and Northern Ireland,HUMAN_OBSERVATION
57.01572,-7.383955,2015,9,United Kingdom of Great Britain and Northern Ireland,HUMAN_OBSERVATION
57.01572,-7.383955,2015,9,United Kingdom of Great Britain and Northern Ireland,HUMAN_OBSERVATION
57.01572,-7.383955,2015,9,United Kingdom of Great Britain and Northern Ireland,HUMAN_OBSERVATION
57.01653,-7.372523,2015,9,United Kingdom of Great Britain and Northern Ireland,HUMAN_OBSERVATION
57.019514,-7.345064,1996,8,United Kingdom of Great Britain and Northern Ireland,HUMAN_OBSERVATION
57.0196,-7.341417,2015,7,United Kingdom of Great Britain and Northern Ireland,HUMAN_OBSERVATION
57.02751,-7.326412,1996,8,United Kingdom of Great Britain and Northern Ireland,HUMAN_OBSERVATION
57.02751,-7.326412,1996,8,United Kingdom of Great Britain and Northern Ireland,HUMAN_OBSERVATION
57.032343,-2.141505,2007,9,United Kingdom of Great Britain and Northern Ireland,MATERIAL_SAMPLE
57.03513,-5.784938,1990,8,United Kingdom of Great Britain and Northern Ireland,HUMAN_OBSERVATION
57.042113,-7.300443,1996,8,United Kingdom of Great Britain and Northern Ireland,HUMAN_OBSERVATION
57.060684,-5.88986,1980,8,United Kingdom of Great Britain and Northern Ireland,HUMAN_OBSERVATION
57.06403,-7.430331,2015,7,United Kingdom of Great Britain and Northern Ireland,HUMAN_OBSERVATION
57.06654,-7.358652,2015,9,United Kingdom of Great Britain and Northern Ireland,HUMAN_OBSERVATION
57.06888,-7.368953,2015,9,United Kingdom of Great Britain and Northern Ireland,HUMAN_OBSERVATION
57.06888,-7.368953,2015,9,United Kingdom of Great Britain and Northern Ireland,HUMAN_OBSERVATION
57.06888,-7.368953,2015,9,United Kingdom of Great Britain and Northern Ireland,HUMAN_OBSERVATION
57.07407,-7.307785,2006,8,United Kingdom of Great Britain and Northern Ireland,HUMAN_OBSERVATION
57.07594,12.2573,2018,6,Sweden,HUMAN_OBSERVATION
57.089855,-7.31438,1999,5,United Kingdom of Great Britain and Northern Ireland,HUMAN_OBSERVATION
57.09098,-7.284516,2015,9,United Kingdom of Great Britain and Northern Ireland,HUMAN_OBSERVATION
57.09135,-7.285064,2015,9,United Kingdom of Great Britain and Northern Ireland,HUMAN_OBSERVATION
57.09155,-7.361772,2015,9,United Kingdom of Great Britain and Northern Ireland,HUMAN_OBSERVATION
57.09155,-7.361772,2015,9,United Kingdom of Great Britain and Northern Ireland,HUMAN_OBSERVATION
57.09172,-7.361747,2015,9,United Kingdom of Great Britain and Northern Ireland,HUMAN_OBSERVATION
57.09172,-7.361747,2015,9,United Kingdom of Great Britain and Northern Ireland,HUMAN_OBSERVATION
57.09177,-7.351257,2015,9,United Kingdom of Great Britain and Northern Ireland,HUMAN_OBSERVATION
57.09211,-7.356339,2015,9,United Kingdom of Great Britain and Northern Ireland,HUMAN_OBSERVATION
57.09426,-7.335594,2015,9,United Kingdom of Great Britain and Northern Ireland,HUMAN_OBSERVATION
57.09439,-7.344675,2015,7,United Kingdom of Great Britain and Northern Ireland,HUMAN_OBSERVATION
57.09468,-7.356539,2015,7,United Kingdom of Great Britain and Northern Ireland,HUMAN_OBSERVATION
57.09623,-7.325907,2015,9,United Kingdom of Great Britain and Northern Ireland,HUMAN_OBSERVATION
57.09623,-7.325907,2015,9,United Kingdom of Great Britain and Northern Ireland,HUMAN_OBSERVATION
57.09641,-7.321667,2015,9,United Kingdom of Great Britain and Northern Ireland,HUMAN_OBSERVATION
57.09705,-7.33994,2015,9,United Kingdom of Great Britain and Northern Ireland,HUMAN_OBSERVATION
57.097261,-7.300381,1999,5,United Kingdom of Great Britain and Northern Ireland,HUMAN_OBSERVATION
57.0979,-7.338078,2015,9,United Kingdom of Great Britain and Northern Ireland,HUMAN_OBSERVATION
57.098193,-7.323562,1999,5,United Kingdom of Great Britain and Northern Ireland,HUMAN_OBSERVATION
57.09826,-7.337022,2015,9,United Kingdom of Great Britain and Northern Ireland,HUMAN_OBSERVATION
57.0984,-7.337291,2015,9,United Kingdom of Great Britain and Northern Ireland,HUMAN_OBSERVATION
57.100501,-5.484351,1984,7,United Kingdom of Great Britain and Northern Ireland,HUMAN_OBSERVATION
57.100516,-7.293009,1999,5,United Kingdom of Great Britain and Northern Ireland,HUMAN_OBSERVATION
57.100965,-5.563683,1984,7,United Kingdom of Great Britain and Northern Ireland,HUMAN_OBSERVATION
57.101,-7.387369,2001,8,United Kingdom of Great Britain and Northern Ireland,HUMAN_OBSERVATION
57.10102,-7.294019,2015,7,United Kingdom of Great Britain and Northern Ireland,HUMAN_OBSERVATION
57.10109,-7.294194,2015,9,United Kingdom of Great Britain and Northern Ireland,HUMAN_OBSERVATION
57.10109,-7.294194,2015,9,United Kingdom of Great Britain and Northern Ireland,HUMAN_OBSERVATION
57.10109,-7.294194,2015,9,United Kingdom of Great Britain and Northern Ireland,HUMAN_OBSERVATION
57.10109,-7.294194,2015,9,United Kingdom of Great Britain and Northern Ireland,HUMAN_OBSERVATION
57.10109,-7.294194,2015,9,United Kingdom of Great Britain and Northern Ireland,HUMAN_OBSERVATION
57.10109,-7.294194,2015,9,United Kingdom of Great Britain and Northern Ireland,HUMAN_OBSERVATION
57.11407,-7.395932,2019,8,United Kingdom of Great Britain and Northern Ireland,HUMAN_OBSERVATION
57.11407,-7.395932,2019,8,United Kingdom of Great Britain and Northern Ireland,HUMAN_OBSERVATION
57.116352,-6.006444,1980,8,United Kingdom of Great Britain and Northern Ireland,HUMAN_OBSERVATION
57.13027,-5.576421,1984,7,United Kingdom of Great Britain and Northern Ireland,HUMAN_OBSERVATION
57.135443,-6.111046,1980,8,United Kingdom of Great Britain and Northern Ireland,HUMAN_OBSERVATION
57.13665,-7.228174,2006,7,United Kingdom of Great Britain and Northern Ireland,HUMAN_OBSERVATION
57.13665,-7.228174,2006,7,United Kingdom of Great Britain and Northern Ireland,HUMAN_OBSERVATION
57.13722,-5.677959,1984,7,United Kingdom of Great Britain and Northern Ireland,HUMAN_OBSERVATION
57.138559,-5.783928,1980,8,United Kingdom of Great Britain and Northern Ireland,HUMAN_OBSERVATION
57.13858,-6.070045,1980,8,United Kingdom of Great Britain and Northern Ireland,HUMAN_OBSERVATION
57.13992,-5.584357,2015,11,United Kingdom of Great Britain and Northern Ireland,HUMAN_OBSERVATION
57.140992,-7.303023,1984,7,United Kingdom of Great Britain and Northern Ireland,HUMAN_OBSERVATION
57.140992,-7.303023,1984,7,United Kingdom of Great Britain and Northern Ireland,HUMAN_OBSERVATION
57.141834,-7.261762,1990,5,United Kingdom of Great Britain and Northern Ireland,HUMAN_OBSERVATION
57.14545,-7.325184,1990,5,United Kingdom of Great Britain and Northern Ireland,HUMAN_OBSERVATION
57.150285,-7.296078,1990,5,United Kingdom of Great Britain and Northern Ireland,HUMAN_OBSERVATION
57.155262,-6.109939,1980,8,United Kingdom of Great Britain and Northern Ireland,HUMAN_OBSERVATION
57.168536,-6.329932,1988,6,United Kingdom of Great Britain and Northern Ireland,HUMAN_OBSERVATION
57.168536,-6.329932,1988,6,United Kingdom of Great Britain and Northern Ireland,HUMAN_OBSERVATION
57.168536,-6.329932,1988,6,United Kingdom of Great Britain and Northern Ireland,HUMAN_OBSERVATION
57.170593,-5.997421,1980,8,United Kingdom of Great Britain and Northern Ireland,HUMAN_OBSERVATION
57.17133,-5.88825,1980,8,United Kingdom of Great Britain and Northern Ireland,HUMAN_OBSERVATION
57.17934,-6.033138,1980,8,United Kingdom of Great Britain and Northern Ireland,HUMAN_OBSERVATION
57.186124,-6.31543,1988,6,United Kingdom of Great Britain and Northern Ireland,HUMAN_OBSERVATION
57.186124,-6.31543,1988,6,United Kingdom of Great Britain and Northern Ireland,HUMAN_OBSERVATION
57.18867,-7.241667,1995,7,United Kingdom of Great Britain and Northern Ireland,HUMAN_OBSERVATION
57.188972,-7.253564,1984,7,United Kingdom of Great Britain and Northern Ireland,HUMAN_OBSERVATION
57.188972,-7.253564,1984,7,United Kingdom of Great Britain and Northern Ireland,HUMAN_OBSERVATION
57.18967,-7.255,1995,7,United Kingdom of Great Britain and Northern Ireland,HUMAN_OBSERVATION
57.192621,-7.230878,1984,7,United Kingdom of Great Britain and Northern Ireland,HUMAN_OBSERVATION
57.192621,-7.230878,1984,7,United Kingdom of Great Britain and Northern Ireland,HUMAN_OBSERVATION
57.194048,-6.023149,1980,8,United Kingdom of Great Britain and Northern Ireland,HUMAN_OBSERVATION
57.19478,-7.253201,2006,7,United Kingdom of Great Britain and Northern Ireland,HUMAN_OBSERVATION
57.19478,-7.253201,2006,7,United Kingdom of Great Britain and Northern Ireland,HUMAN_OBSERVATION
57.20949,-7.259592,2006,7,United Kingdom of Great Britain and Northern Ireland,HUMAN_OBSERVATION
57.21366,-7.286709,1984,7,United Kingdom of Great Britain and Northern Ireland,HUMAN_OBSERVATION
57.2139,-7.28676,1984,7,United Kingdom of Great Britain and Northern Ireland,HUMAN_OBSERVATION
57.214358,-7.270449,1984,7,United Kingdom of Great Britain and Northern Ireland,HUMAN_OBSERVATION
57.214358,-7.270449,1984,7,United Kingdom of Great Britain and Northern Ireland,HUMAN_OBSERVATION
57.21527,-7.263669,2006,7,United Kingdom of Great Britain and Northern Ireland,HUMAN_OBSERVATION
57.21527,-7.263669,2006,7,United Kingdom of Great Britain and Northern Ireland,HUMAN_OBSERVATION
57.215939,-7.275651,1984,7,United Kingdom of Great Britain and Northern Ireland,HUMAN_OBSERVATION
57.215939,-7.275651,1984,7,United Kingdom of Great Britain and Northern Ireland,HUMAN_OBSERVATION
57.217648,-7.299117,1984,7,United Kingdom of Great Britain and Northern Ireland,HUMAN_OBSERVATION
57.217648,-7.299117,1984,7,United Kingdom of Great Britain and Northern Ireland,HUMAN_OBSERVATION
57.22273,-7.298397,1984,7,United Kingdom of Great Britain and Northern Ireland,HUMAN_OBSERVATION
57.222747,-7.28492,1984,7,United Kingdom of Great Britain and Northern Ireland,HUMAN_OBSERVATION
57.223781,-7.28175,1984,7,United Kingdom of Great Britain and Northern Ireland,HUMAN_OBSERVATION
57.224267,-7.270207,1984,7,United Kingdom of Great Britain and Northern Ireland,HUMAN_OBSERVATION
57.224804,-7.300146,1984,7,United Kingdom of Great Britain and Northern Ireland,HUMAN_OBSERVATION
57.225559,-7.303573,1984,7,United Kingdom of Great Britain and Northern Ireland,HUMAN_OBSERVATION
57.226941,-6.383215,1988,6,United Kingdom of Great Britain and Northern Ireland,HUMAN_OBSERVATION
57.227052,-7.331993,1984,7,United Kingdom of Great Britain and Northern Ireland,HUMAN_OBSERVATION
57.227278,-7.305479,1984,7,United Kingdom of Great Britain and Northern Ireland,HUMAN_OBSERVATION
57.227278,-7.305479,1984,7,United Kingdom of Great Britain and Northern Ireland,HUMAN_OBSERVATION
57.229102,-7.347224,1984,7,United Kingdom of Great Britain and Northern Ireland,HUMAN_OBSERVATION
57.229294,-7.257652,1984,7,United Kingdom of Great Britain and Northern Ireland,HUMAN_OBSERVATION
57.229479,-5.658968,1988,6,United Kingdom of Great Britain and Northern Ireland,HUMAN_OBSERVATION
57.229891,-7.307515,1984,7,United Kingdom of Great Britain and Northern Ireland,HUMAN_OBSERVATION
57.230786,-7.307644,1984,7,United Kingdom of Great Britain and Northern Ireland,HUMAN_OBSERVATION
57.231065,-7.301046,1984,7,United Kingdom of Great Britain and Northern Ireland,HUMAN_OBSERVATION
57.231065,-7.301046,1984,7,United Kingdom of Great Britain and Northern Ireland,HUMAN_OBSERVATION
57.232644,-7.306252,1984,7,United Kingdom of Great Britain and Northern Ireland,HUMAN_OBSERVATION
57.232644,-7.306252,1984,7,United Kingdom of Great Britain and Northern Ireland,HUMAN_OBSERVATION
57.234573,-7.303211,1984,7,United Kingdom of Great Britain and Northern Ireland,HUMAN_OBSERVATION
57.234869,-7.253469,1984,7,United Kingdom of Great Britain and Northern Ireland,HUMAN_OBSERVATION
57.24094,-7.343963,1995,8,United Kingdom of Great Britain and Northern Ireland,HUMAN_OBSERVATION
57.248882,-5.64099,1988,6,United Kingdom of Great Britain and Northern Ireland,HUMAN_OBSERVATION
57.257104,-5.605306,1988,8,United Kingdom of Great Britain and Northern Ireland,HUMAN_OBSERVATION
57.26069,-5.605657,1988,8,United Kingdom of Great Britain and Northern Ireland,HUMAN_OBSERVATION
57.26069,-5.605657,1988,8,United Kingdom of Great Britain and Northern Ireland,HUMAN_OBSERVATION
57.26069,-5.605657,1988,8,United Kingdom of Great Britain and Northern Ireland,HUMAN_OBSERVATION
57.26562,-5.657104,1996,9,United Kingdom of Great Britain and Northern Ireland,HUMAN_OBSERVATION
57.270931,-5.593383,1988,8,United Kingdom of Great Britain and Northern Ireland,HUMAN_OBSERVATION
57.272206,-5.58023,1988,8,United Kingdom of Great Britain and Northern Ireland,HUMAN_OBSERVATION
57.272989,-5.713295,2013,1,United Kingdom of Great Britain and Northern Ireland,MATERIAL_SAMPLE
57.27326,-5.712747,2012,8,United Kingdom of Great Britain and Northern Ireland,HUMAN_OBSERVATION
57.27326,-5.712747,2012,8,United Kingdom of Great Britain and Northern Ireland,HUMAN_OBSERVATION
57.27326,-5.712747,2012,8,United Kingdom of Great Britain and Northern Ireland,HUMAN_OBSERVATION
57.27326,-5.712747,2012,8,United Kingdom of Great Britain and Northern Ireland,HUMAN_OBSERVATION
57.27326,-5.712747,2012,8,United Kingdom of Great Britain and Northern Ireland,HUMAN_OBSERVATION
57.273635,-5.95216,1980,8,United Kingdom of Great Britain and Northern Ireland,HUMAN_OBSERVATION
57.274701,-5.618646,1988,8,United Kingdom of Great Britain and Northern Ireland,HUMAN_OBSERVATION
57.274701,-5.618646,1988,8,United Kingdom of Great Britain and Northern Ireland,HUMAN_OBSERVATION
57.274701,-5.618646,1988,8,United Kingdom of Great Britain and Northern Ireland,HUMAN_OBSERVATION
57.276121,-5.600528,1988,8,United Kingdom of Great Britain and Northern Ireland,HUMAN_OBSERVATION
57.27619,-5.733602,2013,1,United Kingdom of Great Britain and Northern Ireland,MATERIAL_SAMPLE
57.276429,-5.713426,1988,8,United Kingdom of Great Britain and Northern Ireland,HUMAN_OBSERVATION
57.27709,-5.731784,2012,8,United Kingdom of Great Britain and Northern Ireland,HUMAN_OBSERVATION
57.278025,-5.704756,2013,1,United Kingdom of Great Britain and Northern Ireland,MATERIAL_SAMPLE
57.27833,-5.674333,1995,8,United Kingdom of Great Britain and Northern Ireland,HUMAN_OBSERVATION
57.27876,-5.703349,2012,8,United Kingdom of Great Britain and Northern Ireland,HUMAN_OBSERVATION
57.282164,-5.732265,1991,7,United Kingdom of Great Britain and Northern Ireland,HUMAN_OBSERVATION
57.282201,-5.850142,1980,8,United Kingdom of Great Britain and Northern Ireland,HUMAN_OBSERVATION
57.282755,-5.650979,1988,8,United Kingdom of Great Britain and Northern Ireland,HUMAN_OBSERVATION
57.28306,-5.732356,1991,8,United Kingdom of Great Britain and Northern Ireland,HUMAN_OBSERVATION
57.283748,-5.647757,1988,8,United Kingdom of Great Britain and Northern Ireland,HUMAN_OBSERVATION
57.28662,-5.733456,2017,9,United Kingdom of Great Britain and Northern Ireland,HUMAN_OBSERVATION
57.286657,-6.475033,1988,6,United Kingdom of Great Britain and Northern Ireland,HUMAN_OBSERVATION
57.287032,-6.011718,1988,6,United Kingdom of Great Britain and Northern Ireland,HUMAN_OBSERVATION
57.287032,-6.011718,1988,6,United Kingdom of Great Britain and Northern Ireland,HUMAN_OBSERVATION
57.287032,-6.011718,1988,6,United Kingdom of Great Britain and Northern Ireland,HUMAN_OBSERVATION
57.28795,-5.725196,2017,9,United Kingdom of Great Britain and Northern Ireland,HUMAN_OBSERVATION
57.29126,-5.727806,2017,9,United Kingdom of Great Britain and Northern Ireland,HUMAN_OBSERVATION
57.29271,-5.734247,2017,9,United Kingdom of Great Britain and Northern Ireland,HUMAN_OBSERVATION
57.29383,-5.728831,2017,9,United Kingdom of Great Britain and Northern Ireland,HUMAN_OBSERVATION
57.29415,-5.728863,2017,9,United Kingdom of Great Britain and Northern Ireland,HUMAN_OBSERVATION
57.295757,-5.728661,1979,9,United Kingdom of Great Britain and Northern Ireland,HUMAN_OBSERVATION
57.29755,-5.728843,1979,9,United Kingdom of Great Britain and Northern Ireland,HUMAN_OBSERVATION
57.298173,-5.488095,1988,8,United Kingdom of Great Britain and Northern Ireland,HUMAN_OBSERVATION
57.30109,-5.725164,2017,9,United Kingdom of Great Britain and Northern Ireland,HUMAN_OBSERVATION
57.30362,-5.725818,2017,9,United Kingdom of Great Britain and Northern Ireland,HUMAN_OBSERVATION
57.316508,-6.101355,1988,6,United Kingdom of Great Britain and Northern Ireland,HUMAN_OBSERVATION
57.31953,-5.705724,2017,9,United Kingdom of Great Britain and Northern Ireland,HUMAN_OBSERVATION
57.32508,-7.248072,1990,5,United Kingdom of Great Britain and Northern Ireland,HUMAN_OBSERVATION
57.32698,-5.690184,2017,7,United Kingdom of Great Britain and Northern Ireland,HUMAN_OBSERVATION
57.32699,-5.689836,2017,7,United Kingdom of Great Britain and Northern Ireland,HUMAN_OBSERVATION
57.327141,-7.263339,1990,5,United Kingdom of Great Britain and Northern Ireland,HUMAN_OBSERVATION
57.327626,-7.251763,1990,5,United Kingdom of Great Britain and Northern Ireland,HUMAN_OBSERVATION
57.3295,-5.691019,2017,7,United Kingdom of Great Britain and Northern Ireland,HUMAN_OBSERVATION
57.32965,-6.505213,1988,6,United Kingdom of Great Britain and Northern Ireland,HUMAN_OBSERVATION
57.32998,-5.697959,2017,7,United Kingdom of Great Britain and Northern Ireland,HUMAN_OBSERVATION
57.3302,-5.698371,2017,7,United Kingdom of Great Britain and Northern Ireland,HUMAN_OBSERVATION
57.33133,-5.683664,2017,7,United Kingdom of Great Britain and Northern Ireland,HUMAN_OBSERVATION
57.33157,-5.693896,2017,7,United Kingdom of Great Britain and Northern Ireland,HUMAN_OBSERVATION
57.33199,12.14751,2018,6,Sweden,HUMAN_OBSERVATION
57.33567,-5.686809,2017,7,United Kingdom of Great Britain and Northern Ireland,HUMAN_OBSERVATION
57.33836,-5.686429,1985,6,United Kingdom of Great Britain and Northern Ireland,HUMAN_OBSERVATION
57.341244,-5.680067,1985,6,United Kingdom of Great Britain and Northern Ireland,HUMAN_OBSERVATION
57.34406,-6.428793,1988,5,United Kingdom of Great Britain and Northern Ireland,HUMAN_OBSERVATION
57.34515,-5.62772,2018,3,United Kingdom of Great Britain and Northern Ireland,HUMAN_OBSERVATION
57.346244,-6.49394,1988,6,United Kingdom of Great Britain and Northern Ireland,HUMAN_OBSERVATION
57.346292,-6.098028,1988,6,United Kingdom of Great Britain and Northern Ireland,HUMAN_OBSERVATION
57.35028,11.96667,2019,10,Sweden,HUMAN_OBSERVATION
57.35125,11.98361,2019,10,Sweden,HUMAN_OBSERVATION
57.352347,-6.105358,1988,6,United Kingdom of Great Britain and Northern Ireland,HUMAN_OBSERVATION
57.354591,-5.559981,1985,6,United Kingdom of Great Britain and Northern Ireland,HUMAN_OBSERVATION
57.35516,-5.555688,2017,8,United Kingdom of Great Britain and Northern Ireland,HUMAN_OBSERVATION
57.35804,-5.551766,2017,8,United Kingdom of Great Britain and Northern Ireland,HUMAN_OBSERVATION
57.36158,12.0568,2021,9,Sweden,HUMAN_OBSERVATION
57.361739,-5.655502,1985,6,United Kingdom of Great Britain and Northern Ireland,HUMAN_OBSERVATION
57.36253,-5.649322,2017,8,United Kingdom of Great Britain and Northern Ireland,HUMAN_OBSERVATION
57.363175,-5.542513,1985,6,United Kingdom of Great Britain and Northern Ireland,HUMAN_OBSERVATION
57.36632,12.06834,2021,9,Sweden,HUMAN_OBSERVATION
57.36773,11.91564,2020,8,Sweden,HUMAN_OBSERVATION
57.36773,11.91564,2016,10,Sweden,HUMAN_OBSERVATION
57.36773,11.91564,2015,7,Sweden,HUMAN_OBSERVATION
57.36773,11.91564,2014,7,Sweden,HUMAN_OBSERVATION
57.36773,11.91564,2013,7,Sweden,HUMAN_OBSERVATION
57.36773,11.91564,2012,7,Sweden,HUMAN_OBSERVATION
57.36773,11.91564,2011,7,Sweden,HUMAN_OBSERVATION
57.36773,11.91564,2010,8,Sweden,HUMAN_OBSERVATION
57.36773,11.91564,2009,8,Sweden,HUMAN_OBSERVATION
57.36773,11.91564,2008,7,Sweden,HUMAN_OBSERVATION
57.36773,11.91564,2007,8,Sweden,HUMAN_OBSERVATION
57.3689,12.03972,2021,9,Sweden,HUMAN_OBSERVATION
57.373586,-5.650025,1985,6,United Kingdom of Great Britain and Northern Ireland,HUMAN_OBSERVATION
57.37377,11.90937,2020,8,Sweden,HUMAN_OBSERVATION
57.37377,11.90937,2019,10,Sweden,HUMAN_OBSERVATION
57.37377,11.90937,2016,10,Sweden,HUMAN_OBSERVATION
57.37377,11.90937,2015,7,Sweden,HUMAN_OBSERVATION
57.37377,11.90937,2014,7,Sweden,HUMAN_OBSERVATION
57.37377,11.90937,2013,7,Sweden,HUMAN_OBSERVATION
57.37377,11.90937,2012,7,Sweden,HUMAN_OBSERVATION
57.37377,11.90937,2011,7,Sweden,HUMAN_OBSERVATION
57.37377,11.90937,2010,8,Sweden,HUMAN_OBSERVATION
57.37377,11.90937,2009,8,Sweden,HUMAN_OBSERVATION
57.37377,11.90937,2008,7,Sweden,HUMAN_OBSERVATION
57.37377,11.90937,2007,8,Sweden,HUMAN_OBSERVATION
57.373931,-6.132742,1988,6,United Kingdom of Great Britain and Northern Ireland,HUMAN_OBSERVATION
57.37875,11.94177,2019,9,Sweden,HUMAN_OBSERVATION
57.37875,11.94177,2016,10,Sweden,HUMAN_OBSERVATION
57.37875,11.94177,2015,7,Sweden,HUMAN_OBSERVATION
57.37875,11.94177,2014,7,Sweden,HUMAN_OBSERVATION
57.37875,11.94177,2013,7,Sweden,HUMAN_OBSERVATION
57.37875,11.94177,2012,7,Sweden,HUMAN_OBSERVATION
57.37875,11.94177,2011,7,Sweden,HUMAN_OBSERVATION
57.37875,11.94177,2010,7,Sweden,HUMAN_OBSERVATION
57.37875,11.94177,2009,8,Sweden,HUMAN_OBSERVATION
57.38433,11.94683,2009,8,Sweden,HUMAN_OBSERVATION
57.38578,11.91608,2020,8,Sweden,HUMAN_OBSERVATION
57.38578,11.91608,2019,9,Sweden,HUMAN_OBSERVATION
57.38578,11.91608,2016,10,Sweden,HUMAN_OBSERVATION
57.38578,11.91608,2015,7,Sweden,HUMAN_OBSERVATION
57.38578,11.91608,2014,7,Sweden,HUMAN_OBSERVATION
57.38578,11.91608,2013,7,Sweden,HUMAN_OBSERVATION
57.38578,11.91608,2012,7,Sweden,HUMAN_OBSERVATION
57.38578,11.91608,2011,7,Sweden,HUMAN_OBSERVATION
57.38578,11.91608,2010,7,Sweden,HUMAN_OBSERVATION
57.38578,11.91608,2009,8,Sweden,HUMAN_OBSERVATION
57.386974,-7.316927,1978,5,United Kingdom of Great Britain and Northern Ireland,HUMAN_OBSERVATION
57.38699,11.92618,2019,10,Sweden,HUMAN_OBSERVATION
57.38699,11.92618,2016,10,Sweden,HUMAN_OBSERVATION
57.38699,11.92618,2015,8,Sweden,HUMAN_OBSERVATION
57.38699,11.92618,2014,7,Sweden,HUMAN_OBSERVATION
57.38699,11.92618,2013,7,Sweden,HUMAN_OBSERVATION
57.38699,11.92618,2012,7,Sweden,HUMAN_OBSERVATION
57.38699,11.92618,2011,7,Sweden,HUMAN_OBSERVATION
57.38699,11.92618,2010,7,Sweden,HUMAN_OBSERVATION
57.38699,11.92618,2009,8,Sweden,HUMAN_OBSERVATION
57.387741,-5.499937,1985,6,United Kingdom of Great Britain and Northern Ireland,HUMAN_OBSERVATION
57.38848,11.90117,2016,10,Sweden,HUMAN_OBSERVATION
57.38848,11.90117,2015,7,Sweden,HUMAN_OBSERVATION
57.38848,11.90117,2013,7,Sweden,HUMAN_OBSERVATION
57.38848,11.90117,2012,7,Sweden,HUMAN_OBSERVATION
57.38848,11.90117,2011,8,Sweden,HUMAN_OBSERVATION
57.38848,11.90117,2010,8,Sweden,HUMAN_OBSERVATION
57.38848,11.90117,2009,8,Sweden,HUMAN_OBSERVATION
57.38848,11.90117,2008,7,Sweden,HUMAN_OBSERVATION
57.38848,11.90117,2007,7,Sweden,HUMAN_OBSERVATION
57.395211,-5.457358,1985,6,United Kingdom of Great Britain and Northern Ireland,HUMAN_OBSERVATION
57.403088,-7.371784,2016,7,United Kingdom of Great Britain and Northern Ireland,HUMAN_OBSERVATION
57.407812,-6.141562,1988,6,United Kingdom of Great Britain and Northern Ireland,HUMAN_OBSERVATION
57.407812,-6.141562,1988,6,United Kingdom of Great Britain and Northern Ireland,HUMAN_OBSERVATION
57.424347,-6.790319,1988,6,United Kingdom of Great Britain and Northern Ireland,HUMAN_OBSERVATION
57.424347,-6.790319,1988,6,United Kingdom of Great Britain and Northern Ireland,HUMAN_OBSERVATION
57.424347,-6.790319,1988,6,United Kingdom of Great Britain and Northern Ireland,HUMAN_OBSERVATION
57.43337,11.89516,2019,10,Sweden,HUMAN_OBSERVATION
57.43337,11.89516,2016,10,Sweden,HUMAN_OBSERVATION
57.43337,11.89516,2015,7,Sweden,HUMAN_OBSERVATION
57.43337,11.89516,2014,7,Sweden,HUMAN_OBSERVATION
57.43337,11.89516,2014,7,Sweden,HUMAN_OBSERVATION
57.43337,11.89516,2013,7,Sweden,HUMAN_OBSERVATION
57.43337,11.89516,2011,8,Sweden,HUMAN_OBSERVATION
57.43337,11.89516,2009,8,Sweden,HUMAN_OBSERVATION
57.43337,11.89516,2008,7,Sweden,HUMAN_OBSERVATION
57.43337,11.89516,2007,7,Sweden,HUMAN_OBSERVATION
57.438202,-7.25429,1990,5,United Kingdom of Great Britain and Northern Ireland,HUMAN_OBSERVATION
57.438202,-7.25429,1990,5,United Kingdom of Great Britain and Northern Ireland,HUMAN_OBSERVATION
57.439858,-7.236172,1990,5,United Kingdom of Great Britain and Northern Ireland,HUMAN_OBSERVATION
57.439858,-7.236172,1990,5,United Kingdom of Great Britain and Northern Ireland,HUMAN_OBSERVATION
57.441924,-7.208098,1990,5,United Kingdom of Great Britain and Northern Ireland,HUMAN_OBSERVATION
57.442268,-7.221497,1990,9,United Kingdom of Great Britain and Northern Ireland,HUMAN_OBSERVATION
57.445021,-7.220222,1990,5,United Kingdom of Great Britain and Northern Ireland,HUMAN_OBSERVATION
57.445021,-7.220222,1990,5,United Kingdom of Great Britain and Northern Ireland,HUMAN_OBSERVATION
57.457333,-7.248694,1994,6,United Kingdom of Great Britain and Northern Ireland,HUMAN_OBSERVATION
57.457333,-7.248694,1994,6,United Kingdom of Great Britain and Northern Ireland,HUMAN_OBSERVATION
57.457333,-7.248694,1994,6,United Kingdom of Great Britain and Northern Ireland,HUMAN_OBSERVATION
57.461225,-6.766776,1988,6,United Kingdom of Great Britain and Northern Ireland,HUMAN_OBSERVATION
57.474632,-7.38231,2016,5,United Kingdom of Great Britain and Northern Ireland,HUMAN_OBSERVATION
57.48968,11.8949,2020,8,Sweden,HUMAN_OBSERVATION
57.48968,11.8949,2019,10,Sweden,HUMAN_OBSERVATION
57.48968,11.8949,2016,10,Sweden,HUMAN_OBSERVATION
57.48968,11.8949,2015,8,Sweden,HUMAN_OBSERVATION
57.48968,11.8949,2014,7,Sweden,HUMAN_OBSERVATION
57.48968,11.8949,2013,7,Sweden,HUMAN_OBSERVATION
57.48968,11.8949,2012,7,Sweden,HUMAN_OBSERVATION
57.48968,11.8949,2011,7,Sweden,HUMAN_OBSERVATION
57.48968,11.8949,2010,7,Sweden,HUMAN_OBSERVATION
57.48968,11.8949,2009,8,Sweden,HUMAN_OBSERVATION
57.49968,11.8879,2020,8,Sweden,HUMAN_OBSERVATION
57.49968,11.8879,2019,10,Sweden,HUMAN_OBSERVATION
57.49968,11.8879,2016,10,Sweden,HUMAN_OBSERVATION
57.49968,11.8879,2015,7,Sweden,HUMAN_OBSERVATION
57.49968,11.8879,2014,7,Sweden,HUMAN_OBSERVATION
57.49968,11.8879,2013,7,Sweden,HUMAN_OBSERVATION
57.49968,11.8879,2012,7,Sweden,HUMAN_OBSERVATION
57.49968,11.8879,2011,8,Sweden,HUMAN_OBSERVATION
57.49968,11.8879,2010,7,Sweden,HUMAN_OBSERVATION
57.49968,11.8879,2009,8,Sweden,HUMAN_OBSERVATION
57.50536,11.7182,2023,9,Sweden,HUMAN_OBSERVATION
57.5059,11.71491,2023,9,Sweden,HUMAN_OBSERVATION
57.506083,-6.425048,1988,6,United Kingdom of Great Britain and Northern Ireland,HUMAN_OBSERVATION
57.50623,11.72007,2023,9,Sweden,HUMAN_OBSERVATION
57.50669,11.71365,2023,9,Sweden,HUMAN_OBSERVATION
57.50791,11.74431,2000,7,Sweden,MATERIAL_SAMPLE
57.50791,11.74431,2000,7,Sweden,MATERIAL_SAMPLE
57.50791,11.74431,2000,7,Sweden,MATERIAL_SAMPLE
57.50791,11.74431,2000,7,Sweden,MATERIAL_SAMPLE
57.50791,11.74431,2000,7,Sweden,MATERIAL_SAMPLE
57.50791,11.74431,2000,7,Sweden,MATERIAL_SAMPLE
57.50791,11.74431,2000,7,Sweden,MATERIAL_SAMPLE
57.50791,11.74431,2000,7,Sweden,MATERIAL_SAMPLE
57.50791,11.74431,2000,7,Sweden,MATERIAL_SAMPLE
57.50791,11.74431,2000,7,Sweden,MATERIAL_SAMPLE
57.50791,11.74431,2000,7,Sweden,MATERIAL_SAMPLE
57.50884,11.72183,2023,9,Sweden,HUMAN_OBSERVATION
57.5089,11.72818,2013,8,Sweden,HUMAN_OBSERVATION
57.50915,11.72342,2000,7,Sweden,MATERIAL_SAMPLE
57.50915,11.72342,2000,7,Sweden,MATERIAL_SAMPLE
57.50915,11.72342,2000,7,Sweden,MATERIAL_SAMPLE
57.50915,11.72342,2000,7,Sweden,MATERIAL_SAMPLE
57.50915,11.72342,2000,7,Sweden,MATERIAL_SAMPLE
57.50915,11.72342,2000,7,Sweden,MATERIAL_SAMPLE
57.50915,11.72342,2000,7,Sweden,MATERIAL_SAMPLE
57.50915,11.72342,2000,7,Sweden,MATERIAL_SAMPLE
57.50915,11.72342,2000,7,Sweden,MATERIAL_SAMPLE
57.50915,11.72342,2000,7,Sweden,MATERIAL_SAMPLE
57.50915,11.72342,2000,7,Sweden,MATERIAL_SAMPLE
57.50915,11.72342,2000,7,Sweden,MATERIAL_SAMPLE
57.50915,11.72342,2000,7,Sweden,MATERIAL_SAMPLE
57.50915,11.72342,2000,7,Sweden,MATERIAL_SAMPLE
57.51035,11.72047,2023,9,Sweden,HUMAN_OBSERVATION
57.5114,11.72103,2023,9,Sweden,HUMAN_OBSERVATION
57.51147,11.72442,2023,10,Sweden,HUMAN_OBSERVATION
57.51175,11.72196,2023,10,Sweden,HUMAN_OBSERVATION
57.51231,11.89615,2020,8,Sweden,HUMAN_OBSERVATION
57.51231,11.89615,2019,10,Sweden,HUMAN_OBSERVATION
57.51231,11.89615,2016,10,Sweden,HUMAN_OBSERVATION
57.51231,11.89615,2015,8,Sweden,HUMAN_OBSERVATION
57.51231,11.89615,2014,7,Sweden,HUMAN_OBSERVATION
57.51231,11.89615,2013,7,Sweden,HUMAN_OBSERVATION
57.51231,11.89615,2012,7,Sweden,HUMAN_OBSERVATION
57.51231,11.89615,2011,7,Sweden,HUMAN_OBSERVATION
57.51231,11.89615,2010,7,Sweden,HUMAN_OBSERVATION
57.51231,11.89615,2009,8,Sweden,HUMAN_OBSERVATION
57.5124,11.72234,2023,10,Sweden,HUMAN_OBSERVATION
57.51258,11.72321,2023,10,Sweden,HUMAN_OBSERVATION
57.51264,11.72967,2023,10,Sweden,HUMAN_OBSERVATION
57.51264,11.72967,2023,10,Sweden,HUMAN_OBSERVATION
57.512935,-6.409167,1988,6,United Kingdom of Great Britain and Northern Ireland,HUMAN_OBSERVATION
57.512935,-6.409167,1988,6,United Kingdom of Great Britain and Northern Ireland,HUMAN_OBSERVATION
57.512935,-6.409167,1988,6,United Kingdom of Great Britain and Northern Ireland,HUMAN_OBSERVATION
57.513143,-6.377438,1988,6,United Kingdom of Great Britain and Northern Ireland,HUMAN_OBSERVATION
57.51359,11.73032,2023,10,Sweden,HUMAN_OBSERVATION
57.513608,-6.713444,1988,6,United Kingdom of Great Britain and Northern Ireland,HUMAN_OBSERVATION
57.51393,11.73581,2000,7,Sweden,MATERIAL_SAMPLE
57.51393,11.73581,2000,7,Sweden,MATERIAL_SAMPLE
57.51393,11.73581,2000,7,Sweden,MATERIAL_SAMPLE
57.51393,11.73581,2000,7,Sweden,MATERIAL_SAMPLE
57.51393,11.73581,2000,7,Sweden,MATERIAL_SAMPLE
57.51393,11.73581,2000,7,Sweden,MATERIAL_SAMPLE
57.51393,11.73581,2000,7,Sweden,MATERIAL_SAMPLE
57.51393,11.73581,2000,7,Sweden,MATERIAL_SAMPLE
57.51393,11.73581,2000,7,Sweden,MATERIAL_SAMPLE
57.51393,11.73581,2000,7,Sweden,MATERIAL_SAMPLE
57.51393,11.73581,2000,7,Sweden,MATERIAL_SAMPLE
57.51393,11.73581,2000,7,Sweden,MATERIAL_SAMPLE
57.51393,11.73581,2000,7,Sweden,MATERIAL_SAMPLE
57.51393,11.73581,2000,7,Sweden,MATERIAL_SAMPLE
57.51393,11.73581,2000,7,Sweden,MATERIAL_SAMPLE
57.51408,11.72778,2023,10,Sweden,HUMAN_OBSERVATION
57.51477,-5.971708,2004,6,United Kingdom of Great Britain and Northern Ireland,HUMAN_OBSERVATION
57.515361,-6.467958,1988,6,United Kingdom of Great Britain and Northern Ireland,HUMAN_OBSERVATION
57.51593,11.7111,2000,7,Sweden,MATERIAL_SAMPLE
57.51593,11.7111,2000,7,Sweden,MATERIAL_SAMPLE
57.51593,11.7111,2000,7,Sweden,MATERIAL_SAMPLE
57.51593,11.7111,2000,7,Sweden,MATERIAL_SAMPLE
57.51593,11.7111,2000,7,Sweden,MATERIAL_SAMPLE
57.51593,11.7111,2000,7,Sweden,MATERIAL_SAMPLE
57.51593,11.7111,2000,7,Sweden,MATERIAL_SAMPLE
57.51593,11.7111,2000,7,Sweden,MATERIAL_SAMPLE
57.51593,11.7111,2000,7,Sweden,MATERIAL_SAMPLE
57.51896,11.70043,2023,9,Sweden,HUMAN_OBSERVATION
57.52,11.70192,2000,7,Sweden,MATERIAL_SAMPLE
57.52,11.70192,2000,7,Sweden,MATERIAL_SAMPLE
57.52,11.70192,2000,7,Sweden,MATERIAL_SAMPLE
57.52,11.70192,2000,7,Sweden,MATERIAL_SAMPLE
57.52,11.70192,2000,7,Sweden,MATERIAL_SAMPLE
57.52011,11.70105,2023,9,Sweden,HUMAN_OBSERVATION
57.52076,11.90759,2009,8,Sweden,HUMAN_OBSERVATION
57.52361,-5.654835,2000,8,United Kingdom of Great Britain and Northern Ireland,HUMAN_OBSERVATION
57.52361,-5.654835,2000,8,United Kingdom of Great Britain and Northern Ireland,HUMAN_OBSERVATION
57.52373,11.75417,2023,9,Sweden,HUMAN_OBSERVATION
57.52401,11.73919,2023,9,Sweden,HUMAN_OBSERVATION
57.52419,11.75929,2000,7,Sweden,MATERIAL_SAMPLE
57.52419,11.75929,2000,7,Sweden,MATERIAL_SAMPLE
57.52419,11.75929,2000,7,Sweden,MATERIAL_SAMPLE
57.52419,11.75929,2000,7,Sweden,MATERIAL_SAMPLE
57.52419,11.75929,2000,7,Sweden,MATERIAL_SAMPLE
57.52419,11.75929,2000,7,Sweden,MATERIAL_SAMPLE
57.52419,11.75929,2000,7,Sweden,MATERIAL_SAMPLE
57.52419,11.75929,2000,7,Sweden,MATERIAL_SAMPLE
57.52419,11.75929,2000,7,Sweden,MATERIAL_SAMPLE
57.52419,11.75929,2000,7,Sweden,MATERIAL_SAMPLE
57.52419,11.75929,2000,7,Sweden,MATERIAL_SAMPLE
57.52419,11.75929,2000,7,Sweden,MATERIAL_SAMPLE
57.52419,11.75929,2000,7,Sweden,MATERIAL_SAMPLE
57.52419,11.75929,2000,7,Sweden,MATERIAL_SAMPLE
57.52419,11.75929,2000,7,Sweden,MATERIAL_SAMPLE
57.52419,11.75929,2000,7,Sweden,MATERIAL_SAMPLE
57.52419,11.75929,2000,7,Sweden,MATERIAL_SAMPLE
57.52419,11.75929,2000,7,Sweden,MATERIAL_SAMPLE
57.524578,-6.410574,1988,6,United Kingdom of Great Britain and Northern Ireland,HUMAN_OBSERVATION
57.52492,11.75094,2023,9,Sweden,HUMAN_OBSERVATION
57.52556,11.73162,2023,9,Sweden,HUMAN_OBSERVATION
57.526334,-5.621844,1985,6,United Kingdom of Great Britain and Northern Ireland,HUMAN_OBSERVATION
57.52694,-5.672171,2000,8,United Kingdom of Great Britain and Northern Ireland,HUMAN_OBSERVATION
57.52694,-5.672171,2000,8,United Kingdom of Great Britain and Northern Ireland,HUMAN_OBSERVATION
57.52694,-5.672171,2000,8,United Kingdom of Great Britain and Northern Ireland,HUMAN_OBSERVATION
57.52719,11.72785,2000,7,Sweden,MATERIAL_SAMPLE
57.52719,11.72785,2000,7,Sweden,MATERIAL_SAMPLE
57.52719,11.72785,2000,7,Sweden,MATERIAL_SAMPLE
57.52719,11.72785,2000,7,Sweden,MATERIAL_SAMPLE
57.52719,11.72785,2000,7,Sweden,MATERIAL_SAMPLE
57.52719,11.72785,2000,7,Sweden,MATERIAL_SAMPLE
57.52719,11.72785,2000,7,Sweden,MATERIAL_SAMPLE
57.52719,11.72785,2000,7,Sweden,MATERIAL_SAMPLE
57.52719,11.72785,2000,7,Sweden,MATERIAL_SAMPLE
57.52719,11.72785,2000,7,Sweden,MATERIAL_SAMPLE
57.52719,11.72785,2000,7,Sweden,MATERIAL_SAMPLE
57.52725,11.72206,2023,9,Sweden,HUMAN_OBSERVATION
57.52761,11.73017,2023,9,Sweden,HUMAN_OBSERVATION
57.52786,11.7459,2023,9,Sweden,HUMAN_OBSERVATION
57.52894,11.74104,2023,9,Sweden,HUMAN_OBSERVATION
57.52908,11.74597,2000,7,Sweden,MATERIAL_SAMPLE
57.52908,11.74597,2000,7,Sweden,MATERIAL_SAMPLE
57.52908,11.74597,2000,7,Sweden,MATERIAL_SAMPLE
57.52908,11.74597,2000,7,Sweden,MATERIAL_SAMPLE
57.52908,11.74597,2000,7,Sweden,MATERIAL_SAMPLE
57.52908,11.74597,2000,7,Sweden,MATERIAL_SAMPLE
57.52908,11.74597,2000,7,Sweden,MATERIAL_SAMPLE
57.52908,11.74597,2000,7,Sweden,MATERIAL_SAMPLE
57.52908,11.74597,2000,7,Sweden,MATERIAL_SAMPLE
57.52908,11.74597,2000,7,Sweden,MATERIAL_SAMPLE
57.52994,11.71338,2023,9,Sweden,HUMAN_OBSERVATION
57.53028,11.75004,2023,9,Sweden,HUMAN_OBSERVATION
57.53063,11.7189,2023,9,Sweden,HUMAN_OBSERVATION
57.53077,11.7479,2023,9,Sweden,HUMAN_OBSERVATION
57.5308,11.67835,2009,8,Sweden,MATERIAL_SAMPLE
57.53164,11.73938,2023,9,Sweden,HUMAN_OBSERVATION
57.53183,11.70564,2023,9,Sweden,HUMAN_OBSERVATION
57.53192,11.74629,2023,9,Sweden,HUMAN_OBSERVATION
57.53216,11.70531,2023,9,Sweden,HUMAN_OBSERVATION
57.5329,11.73477,2023,9,Sweden,HUMAN_OBSERVATION
57.53295,11.74035,2023,9,Sweden,HUMAN_OBSERVATION
57.53392,11.73714,2000,7,Sweden,MATERIAL_SAMPLE
57.53392,11.73714,2000,7,Sweden,MATERIAL_SAMPLE
57.53392,11.73714,2000,7,Sweden,MATERIAL_SAMPLE
57.53392,11.73714,2000,7,Sweden,MATERIAL_SAMPLE
57.53392,11.73714,2000,7,Sweden,MATERIAL_SAMPLE
57.53392,11.73714,2000,7,Sweden,MATERIAL_SAMPLE
57.53392,11.73714,2000,7,Sweden,MATERIAL_SAMPLE
57.53392,11.73714,2000,7,Sweden,MATERIAL_SAMPLE
57.53392,11.73714,2000,7,Sweden,MATERIAL_SAMPLE
57.53392,11.73714,2000,7,Sweden,MATERIAL_SAMPLE
57.53392,11.73714,2000,7,Sweden,MATERIAL_SAMPLE
57.53672,-5.604487,1985,6,United Kingdom of Great Britain and Northern Ireland,HUMAN_OBSERVATION
57.54014,11.74574,2023,9,Sweden,HUMAN_OBSERVATION
57.54146,11.76918,2000,7,Sweden,MATERIAL_SAMPLE
57.54146,11.76918,2000,7,Sweden,MATERIAL_SAMPLE
57.54146,11.76918,2000,7,Sweden,MATERIAL_SAMPLE
57.54146,11.76918,2000,7,Sweden,MATERIAL_SAMPLE
57.54146,11.76918,2000,7,Sweden,MATERIAL_SAMPLE
57.54146,11.76918,2000,7,Sweden,MATERIAL_SAMPLE
57.54146,11.76918,2000,7,Sweden,MATERIAL_SAMPLE
57.54146,11.76918,2000,7,Sweden,MATERIAL_SAMPLE
57.54146,11.76918,2000,7,Sweden,MATERIAL_SAMPLE
57.54146,11.76918,2000,7,Sweden,MATERIAL_SAMPLE
57.54146,11.76918,2000,7,Sweden,MATERIAL_SAMPLE
57.54146,11.76918,2000,7,Sweden,MATERIAL_SAMPLE
57.54146,11.76918,2000,7,Sweden,MATERIAL_SAMPLE
57.54146,11.76918,2000,7,Sweden,MATERIAL_SAMPLE
57.54146,11.76918,2000,7,Sweden,MATERIAL_SAMPLE
57.54146,11.76918,2000,7,Sweden,MATERIAL_SAMPLE
57.5425,11.74411,2023,8,Sweden,HUMAN_OBSERVATION
57.542834,-7.199514,2002,9,United Kingdom of Great Britain and Northern Ireland,HUMAN_OBSERVATION
57.54353,-5.53348,2000,8,United Kingdom of Great Britain and Northern Ireland,HUMAN_OBSERVATION
57.54358,-5.531077,2000,8,United Kingdom of Great Britain and Northern Ireland,HUMAN_OBSERVATION
57.5439,11.78627,2000,7,Sweden,MATERIAL_SAMPLE
57.5439,11.78627,2000,7,Sweden,MATERIAL_SAMPLE
57.5439,11.78627,2000,7,Sweden,MATERIAL_SAMPLE
57.5439,11.78627,2000,7,Sweden,MATERIAL_SAMPLE
57.5439,11.78627,2000,7,Sweden,MATERIAL_SAMPLE
57.5439,11.78627,2000,7,Sweden,MATERIAL_SAMPLE
57.5439,11.78627,2000,7,Sweden,MATERIAL_SAMPLE
57.5439,11.78627,2000,7,Sweden,MATERIAL_SAMPLE
57.5439,11.78627,2000,7,Sweden,MATERIAL_SAMPLE
57.5439,11.78627,2000,7,Sweden,MATERIAL_SAMPLE
57.5439,11.78627,2000,7,Sweden,MATERIAL_SAMPLE
57.5439,11.78627,2000,7,Sweden,MATERIAL_SAMPLE
57.5439,11.78627,2000,7,Sweden,MATERIAL_SAMPLE
57.5439,11.78627,2000,7,Sweden,MATERIAL_SAMPLE
57.5439,11.78627,2000,7,Sweden,MATERIAL_SAMPLE
57.5439,11.78627,2000,7,Sweden,MATERIAL_SAMPLE
57.54411,-5.542653,2000,8,United Kingdom of Great Britain and Northern Ireland,HUMAN_OBSERVATION
57.54426,11.76266,2023,8,Sweden,HUMAN_OBSERVATION
57.54445,-5.652167,2000,8,United Kingdom of Great Britain and Northern Ireland,HUMAN_OBSERVATION
57.54453,11.75742,2023,8,Sweden,HUMAN_OBSERVATION
57.544794,-5.573518,1985,6,United Kingdom of Great Britain and Northern Ireland,HUMAN_OBSERVATION
57.54809,11.78479,2023,8,Sweden,HUMAN_OBSERVATION
57.54896,11.82623,2000,7,Sweden,MATERIAL_SAMPLE
57.54896,11.82623,2000,7,Sweden,MATERIAL_SAMPLE
57.54896,11.82623,2000,7,Sweden,MATERIAL_SAMPLE
57.54896,11.82623,2000,7,Sweden,MATERIAL_SAMPLE
57.54896,11.82623,2000,7,Sweden,MATERIAL_SAMPLE
57.54896,11.82623,2000,7,Sweden,MATERIAL_SAMPLE
57.54896,11.82623,2000,7,Sweden,MATERIAL_SAMPLE
57.54896,11.82623,2000,7,Sweden,MATERIAL_SAMPLE
57.54896,11.82623,2000,7,Sweden,MATERIAL_SAMPLE
57.54896,11.82623,2000,7,Sweden,MATERIAL_SAMPLE
57.54896,11.82623,2000,7,Sweden,MATERIAL_SAMPLE
57.54896,11.82623,2000,7,Sweden,MATERIAL_SAMPLE
57.54896,11.82623,2000,7,Sweden,MATERIAL_SAMPLE
57.54896,11.82623,2000,7,Sweden,MATERIAL_SAMPLE
57.54896,11.82623,2000,7,Sweden,MATERIAL_SAMPLE
57.5495,11.73899,2000,7,Sweden,MATERIAL_SAMPLE
57.5495,11.73899,2000,7,Sweden,MATERIAL_SAMPLE
57.5495,11.73899,2000,7,Sweden,MATERIAL_SAMPLE
57.5495,11.73899,2000,7,Sweden,MATERIAL_SAMPLE
57.5495,11.73899,2000,7,Sweden,MATERIAL_SAMPLE
57.5495,11.73899,2000,7,Sweden,MATERIAL_SAMPLE
57.5495,11.73899,2000,7,Sweden,MATERIAL_SAMPLE
57.5495,11.73899,2000,7,Sweden,MATERIAL_SAMPLE
57.5495,11.73899,2000,7,Sweden,MATERIAL_SAMPLE
57.5495,11.73899,2000,7,Sweden,MATERIAL_SAMPLE
57.5495,11.73899,2000,7,Sweden,MATERIAL_SAMPLE
57.5495,11.73899,2000,7,Sweden,MATERIAL_SAMPLE
57.5495,11.73899,2000,7,Sweden,MATERIAL_SAMPLE
57.5495,11.73899,2000,7,Sweden,MATERIAL_SAMPLE
57.5495,11.73899,2000,7,Sweden,MATERIAL_SAMPLE
57.5495,11.73899,2000,7,Sweden,MATERIAL_SAMPLE
57.5495,11.73899,2000,7,Sweden,MATERIAL_SAMPLE
57.5495,11.73899,2000,7,Sweden,MATERIAL_SAMPLE
57.55011,11.75805,2000,7,Sweden,MATERIAL_SAMPLE
57.55011,11.75805,2000,7,Sweden,MATERIAL_SAMPLE
57.55011,11.75805,2000,7,Sweden,MATERIAL_SAMPLE
57.55011,11.75805,2000,7,Sweden,MATERIAL_SAMPLE
57.55011,11.75805,2000,7,Sweden,MATERIAL_SAMPLE
57.55011,11.75805,2000,7,Sweden,MATERIAL_SAMPLE
57.55011,11.75805,2000,7,Sweden,MATERIAL_SAMPLE
57.55011,11.75805,2000,7,Sweden,MATERIAL_SAMPLE
57.55114,11.77113,2023,8,Sweden,HUMAN_OBSERVATION
57.55156,11.72507,2023,8,Sweden,HUMAN_OBSERVATION
57.5525,11.79079,2023,8,Sweden,HUMAN_OBSERVATION
57.553254,-7.170454,1984,7,United Kingdom of Great Britain and Northern Ireland,HUMAN_OBSERVATION
57.55437,11.78965,2000,7,Sweden,MATERIAL_SAMPLE
57.55437,11.78965,2000,7,Sweden,MATERIAL_SAMPLE
57.55437,11.78965,2000,7,Sweden,MATERIAL_SAMPLE
57.55437,11.78965,2000,7,Sweden,MATERIAL_SAMPLE
57.55437,11.78965,2000,7,Sweden,MATERIAL_SAMPLE
57.55437,11.78965,2000,7,Sweden,MATERIAL_SAMPLE
57.55437,11.78965,2000,7,Sweden,MATERIAL_SAMPLE
57.55437,11.78965,2000,7,Sweden,MATERIAL_SAMPLE
57.55437,11.78965,2000,7,Sweden,MATERIAL_SAMPLE
57.55437,11.78965,2000,7,Sweden,MATERIAL_SAMPLE
57.55437,11.78965,2000,7,Sweden,MATERIAL_SAMPLE
57.55437,11.78965,2000,7,Sweden,MATERIAL_SAMPLE
57.554491,-7.249307,1984,7,United Kingdom of Great Britain and Northern Ireland,HUMAN_OBSERVATION
57.555186,-7.210905,1984,7,United Kingdom of Great Britain and Northern Ireland,HUMAN_OBSERVATION
57.55608,11.74879,2000,7,Sweden,MATERIAL_SAMPLE
57.55608,11.74879,2000,7,Sweden,MATERIAL_SAMPLE
57.55608,11.74879,2000,7,Sweden,MATERIAL_SAMPLE
57.55608,11.74879,2000,7,Sweden,MATERIAL_SAMPLE
57.55608,11.74879,2000,7,Sweden,MATERIAL_SAMPLE
57.557729,-5.716959,1985,6,United Kingdom of Great Britain and Northern Ireland,HUMAN_OBSERVATION
57.55895,11.7081,2023,8,Sweden,HUMAN_OBSERVATION
57.559225,-7.134472,1990,5,United Kingdom of Great Britain and Northern Ireland,HUMAN_OBSERVATION
57.559225,-7.134472,1990,5,United Kingdom of Great Britain and Northern Ireland,HUMAN_OBSERVATION
57.56002,11.75758,2023,8,Sweden,HUMAN_OBSERVATION
57.56007,11.70498,2000,7,Sweden,MATERIAL_SAMPLE
57.56007,11.70498,2000,7,Sweden,MATERIAL_SAMPLE
57.56007,11.70498,2000,7,Sweden,MATERIAL_SAMPLE
57.56007,11.70498,2000,7,Sweden,MATERIAL_SAMPLE
57.56007,11.70498,2000,7,Sweden,MATERIAL_SAMPLE
57.56007,11.70498,2000,7,Sweden,MATERIAL_SAMPLE
57.56007,11.70498,2000,7,Sweden,MATERIAL_SAMPLE
57.56007,11.70498,2000,7,Sweden,MATERIAL_SAMPLE
57.56007,11.70498,2000,7,Sweden,MATERIAL_SAMPLE
57.56007,11.70498,2000,7,Sweden,MATERIAL_SAMPLE
57.56007,11.70498,2000,7,Sweden,MATERIAL_SAMPLE
57.56007,11.70498,2000,7,Sweden,MATERIAL_SAMPLE
57.56007,11.70498,2000,7,Sweden,MATERIAL_SAMPLE
57.56007,11.70498,2000,7,Sweden,MATERIAL_SAMPLE
57.56007,11.70498,2000,7,Sweden,MATERIAL_SAMPLE
57.5601,11.88768,2021,9,Sweden,HUMAN_OBSERVATION
57.56028,-5.745512,2000,8,United Kingdom of Great Britain and Northern Ireland,HUMAN_OBSERVATION
57.56028,-5.745512,2000,8,United Kingdom of Great Britain and Northern Ireland,HUMAN_OBSERVATION
57.56085,11.74203,2023,8,Sweden,HUMAN_OBSERVATION
57.56209,11.76952,2023,8,Sweden,HUMAN_OBSERVATION
57.56276,11.78115,2000,7,Sweden,MATERIAL_SAMPLE
57.56276,11.78115,2000,7,Sweden,MATERIAL_SAMPLE
57.56276,11.78115,2000,7,Sweden,MATERIAL_SAMPLE
57.56276,11.78115,2000,7,Sweden,MATERIAL_SAMPLE
57.56276,11.78115,2000,7,Sweden,MATERIAL_SAMPLE
57.56276,11.78115,2000,7,Sweden,MATERIAL_SAMPLE
57.56276,11.78115,2000,7,Sweden,MATERIAL_SAMPLE
57.56276,11.78115,2000,7,Sweden,MATERIAL_SAMPLE
57.56276,11.78115,2000,7,Sweden,MATERIAL_SAMPLE
57.56292,11.74436,2023,8,Sweden,HUMAN_OBSERVATION
57.56318,11.87745,2021,9,Sweden,HUMAN_OBSERVATION
57.56322,11.83668,2000,7,Sweden,MATERIAL_SAMPLE
57.56322,11.83668,2000,7,Sweden,MATERIAL_SAMPLE
57.56322,11.83668,2000,7,Sweden,MATERIAL_SAMPLE
57.56322,11.83668,2000,7,Sweden,MATERIAL_SAMPLE
57.56322,11.83668,2000,7,Sweden,MATERIAL_SAMPLE
57.56322,11.83668,2000,7,Sweden,MATERIAL_SAMPLE
57.56322,11.83668,2000,7,Sweden,MATERIAL_SAMPLE
57.56322,11.83668,2000,7,Sweden,MATERIAL_SAMPLE
57.56322,11.83668,2000,7,Sweden,MATERIAL_SAMPLE
57.56322,11.83668,2000,7,Sweden,MATERIAL_SAMPLE
57.56368,11.76305,2000,7,Sweden,MATERIAL_SAMPLE
57.56368,11.76305,2000,7,Sweden,MATERIAL_SAMPLE
57.56368,11.76305,2000,7,Sweden,MATERIAL_SAMPLE
57.56368,11.76305,2000,7,Sweden,MATERIAL_SAMPLE
57.56368,11.76305,2000,7,Sweden,MATERIAL_SAMPLE
57.56368,11.76305,2000,7,Sweden,MATERIAL_SAMPLE
57.56368,11.76305,2000,7,Sweden,MATERIAL_SAMPLE
57.56368,11.76305,2000,7,Sweden,MATERIAL_SAMPLE
57.56368,11.76305,2000,7,Sweden,MATERIAL_SAMPLE
57.56368,11.76305,2000,7,Sweden,MATERIAL_SAMPLE
57.56368,11.76305,2000,7,Sweden,MATERIAL_SAMPLE
57.56368,11.76305,2000,7,Sweden,MATERIAL_SAMPLE
57.56368,11.76305,2000,7,Sweden,MATERIAL_SAMPLE
57.56368,11.76305,2000,7,Sweden,MATERIAL_SAMPLE
57.56399,11.73913,2023,8,Sweden,HUMAN_OBSERVATION
57.56473,11.75589,2023,8,Sweden,HUMAN_OBSERVATION
57.56547,11.73851,2023,8,Sweden,HUMAN_OBSERVATION
57.56579,11.75019,2000,7,Sweden,MATERIAL_SAMPLE
57.56579,11.75019,2000,7,Sweden,MATERIAL_SAMPLE
57.56579,11.75019,2000,7,Sweden,MATERIAL_SAMPLE
57.56579,11.75019,2000,7,Sweden,MATERIAL_SAMPLE
57.56579,11.75019,2000,7,Sweden,MATERIAL_SAMPLE
57.56579,11.75019,2000,7,Sweden,MATERIAL_SAMPLE
57.56579,11.75019,2000,7,Sweden,MATERIAL_SAMPLE
57.56579,11.75019,2000,7,Sweden,MATERIAL_SAMPLE
57.56588,11.74356,2023,9,Sweden,HUMAN_OBSERVATION
57.56688,11.7604,2023,8,Sweden,HUMAN_OBSERVATION
57.5676,11.75947,2023,8,Sweden,HUMAN_OBSERVATION
57.57012,11.76652,2023,8,Sweden,HUMAN_OBSERVATION
57.571531,-6.379437,1988,6,United Kingdom of Great Britain and Northern Ireland,HUMAN_OBSERVATION
57.571531,-6.379437,1988,6,United Kingdom of Great Britain and Northern Ireland,HUMAN_OBSERVATION
57.57206,11.76846,2000,7,Sweden,MATERIAL_SAMPLE
57.57206,11.76846,2000,7,Sweden,MATERIAL_SAMPLE
57.57206,11.76846,2000,7,Sweden,MATERIAL_SAMPLE
57.57206,11.76846,2000,7,Sweden,MATERIAL_SAMPLE
57.57206,11.76846,2000,7,Sweden,MATERIAL_SAMPLE
57.57206,11.76846,2000,7,Sweden,MATERIAL_SAMPLE
57.57286,11.76577,2023,8,Sweden,HUMAN_OBSERVATION
57.5732,11.75082,2023,8,Sweden,HUMAN_OBSERVATION
57.57542,11.74552,2023,8,Sweden,HUMAN_OBSERVATION
57.57697,-5.691006,2001,6,United Kingdom of Great Britain and Northern Ireland,HUMAN_OBSERVATION
57.57697,-5.691006,2001,6,United Kingdom of Great Britain and Northern Ireland,HUMAN_OBSERVATION
57.57861,11.75768,2000,7,Sweden,MATERIAL_SAMPLE
57.57861,11.75768,2000,7,Sweden,MATERIAL_SAMPLE
57.57861,11.75768,2000,7,Sweden,MATERIAL_SAMPLE
57.57861,11.75768,2000,7,Sweden,MATERIAL_SAMPLE
57.57862,-5.711674,2000,8,United Kingdom of Great Britain and Northern Ireland,HUMAN_OBSERVATION
57.57911,11.76783,2000,7,Sweden,MATERIAL_SAMPLE
57.57911,11.76783,2000,7,Sweden,MATERIAL_SAMPLE
57.57911,11.76783,2000,7,Sweden,MATERIAL_SAMPLE
57.57911,11.76783,2000,7,Sweden,MATERIAL_SAMPLE
57.57911,11.76783,2000,7,Sweden,MATERIAL_SAMPLE
57.57911,11.76783,2000,7,Sweden,MATERIAL_SAMPLE
57.57911,11.76783,2000,7,Sweden,MATERIAL_SAMPLE
57.579545,-6.509324,1988,6,United Kingdom of Great Britain and Northern Ireland,HUMAN_OBSERVATION
57.58047,11.74253,2023,8,Sweden,HUMAN_OBSERVATION
57.58364,11.76836,2000,7,Sweden,MATERIAL_SAMPLE
57.58364,11.76836,2000,7,Sweden,MATERIAL_SAMPLE
57.58364,11.76836,2000,7,Sweden,MATERIAL_SAMPLE
57.58364,11.76836,2000,7,Sweden,MATERIAL_SAMPLE
57.58364,11.76836,2000,7,Sweden,MATERIAL_SAMPLE
57.58364,11.76836,2000,7,Sweden,MATERIAL_SAMPLE
57.58535,11.74749,2000,7,Sweden,MATERIAL_SAMPLE
57.58535,11.74749,2000,7,Sweden,MATERIAL_SAMPLE
57.58535,11.74749,2000,7,Sweden,MATERIAL_SAMPLE
57.58535,11.74749,2000,7,Sweden,MATERIAL_SAMPLE
57.58535,11.74749,2000,7,Sweden,MATERIAL_SAMPLE
57.58535,11.74749,2000,7,Sweden,MATERIAL_SAMPLE
57.58535,11.74749,2000,7,Sweden,MATERIAL_SAMPLE
57.58536,11.75063,2020,8,Sweden,HUMAN_OBSERVATION
57.586067,-5.73157,1985,6,United Kingdom of Great Britain and Northern Ireland,HUMAN_OBSERVATION
57.58767,-5.97621,2000,8,United Kingdom of Great Britain and Northern Ireland,HUMAN_OBSERVATION
57.58767,-5.97621,2000,8,United Kingdom of Great Britain and Northern Ireland,HUMAN_OBSERVATION
57.588053,-5.815479,1985,6,United Kingdom of Great Britain and Northern Ireland,HUMAN_OBSERVATION
57.58813,11.89814,2021,9,Sweden,HUMAN_OBSERVATION
57.59159,11.76029,2020,8,Sweden,HUMAN_OBSERVATION
57.59189,-3.880849,2021,7,United Kingdom of Great Britain and Northern Ireland,HUMAN_OBSERVATION
57.593988,-7.164519,1978,5,United Kingdom of Great Britain and Northern Ireland,HUMAN_OBSERVATION
57.595739,-7.099412,1990,5,United Kingdom of Great Britain and Northern Ireland,HUMAN_OBSERVATION
57.595739,-7.099412,1990,5,United Kingdom of Great Britain and Northern Ireland,HUMAN_OBSERVATION
57.597342,-7.12645,1990,5,United Kingdom of Great Britain and Northern Ireland,HUMAN_OBSERVATION
57.59783,11.77335,2020,8,Sweden,HUMAN_OBSERVATION
57.597898,-7.134908,1990,5,United Kingdom of Great Britain and Northern Ireland,HUMAN_OBSERVATION
57.600916,-6.515326,1988,6,United Kingdom of Great Britain and Northern Ireland,HUMAN_OBSERVATION
57.600916,-6.515326,1988,6,United Kingdom of Great Britain and Northern Ireland,HUMAN_OBSERVATION
57.603829,-7.165918,1994,6,United Kingdom of Great Britain and Northern Ireland,HUMAN_OBSERVATION
57.603829,-7.165918,1994,6,United Kingdom of Great Britain and Northern Ireland,HUMAN_OBSERVATION
57.60433,-7.14971,1998,10,United Kingdom of Great Britain and Northern Ireland,HUMAN_OBSERVATION
57.60534,-7.097022,2015,7,United Kingdom of Great Britain and Northern Ireland,HUMAN_OBSERVATION
57.60569,-7.096675,2004,7,United Kingdom of Great Britain and Northern Ireland,HUMAN_OBSERVATION
57.60569,-7.096675,2004,7,United Kingdom of Great Britain and Northern Ireland,HUMAN_OBSERVATION
57.60569,-7.096675,2004,7,United Kingdom of Great Britain and Northern Ireland,HUMAN_OBSERVATION
57.605783,-7.095793,1990,5,United Kingdom of Great Britain and Northern Ireland,HUMAN_OBSERVATION
57.606776,-7.137839,1990,5,United Kingdom of Great Britain and Northern Ireland,HUMAN_OBSERVATION
57.606776,-7.137839,1990,5,United Kingdom of Great Britain and Northern Ireland,HUMAN_OBSERVATION
57.607522,-7.119505,1990,5,United Kingdom of Great Britain and Northern Ireland,HUMAN_OBSERVATION
57.608213,-7.124632,1990,5,United Kingdom of Great Britain and Northern Ireland,HUMAN_OBSERVATION
57.608416,-7.119631,1990,5,United Kingdom of Great Britain and Northern Ireland,HUMAN_OBSERVATION
57.608416,-7.119631,1990,5,United Kingdom of Great Britain and Northern Ireland,HUMAN_OBSERVATION
57.60848,-7.162605,2004,6,United Kingdom of Great Britain and Northern Ireland,HUMAN_OBSERVATION
57.60848,-7.162605,2004,6,United Kingdom of Great Britain and Northern Ireland,HUMAN_OBSERVATION
57.60848,-7.162605,2004,6,United Kingdom of Great Britain and Northern Ireland,HUMAN_OBSERVATION
57.60873,-7.136435,1998,10,United Kingdom of Great Britain and Northern Ireland,HUMAN_OBSERVATION
57.60943,-7.154616,2004,6,United Kingdom of Great Britain and Northern Ireland,HUMAN_OBSERVATION
57.60943,-7.154616,2004,6,United Kingdom of Great Britain and Northern Ireland,HUMAN_OBSERVATION
57.60943,-7.154616,2004,6,United Kingdom of Great Britain and Northern Ireland,HUMAN_OBSERVATION
57.60962,-7.136075,1998,10,United Kingdom of Great Britain and Northern Ireland,HUMAN_OBSERVATION
57.60963,-7.154747,2015,7,United Kingdom of Great Britain and Northern Ireland,HUMAN_OBSERVATION
57.610569,-7.155141,1978,5,United Kingdom of Great Britain and Northern Ireland,HUMAN_OBSERVATION
57.611,-7.141887,1998,10,United Kingdom of Great Britain and Northern Ireland,HUMAN_OBSERVATION
57.61235,-7.139563,1998,10,United Kingdom of Great Britain and Northern Ireland,HUMAN_OBSERVATION
57.612698,-7.14706,1984,7,United Kingdom of Great Britain and Northern Ireland,HUMAN_OBSERVATION
57.61275,-7.117981,2015,7,United Kingdom of Great Britain and Northern Ireland,HUMAN_OBSERVATION
57.61278,-7.117892,2004,7,United Kingdom of Great Britain and Northern Ireland,HUMAN_OBSERVATION
57.61314,-7.141451,1998,10,United Kingdom of Great Britain and Northern Ireland,HUMAN_OBSERVATION
57.61317,-7.149656,1998,10,United Kingdom of Great Britain and Northern Ireland,HUMAN_OBSERVATION
57.61435,-7.150762,1998,10,United Kingdom of Great Britain and Northern Ireland,HUMAN_OBSERVATION
57.61443,-7.144737,1998,10,United Kingdom of Great Britain and Northern Ireland,HUMAN_OBSERVATION
57.6145,-7.120047,1998,10,United Kingdom of Great Britain and Northern Ireland,HUMAN_OBSERVATION
57.61456,-7.135179,1998,10,United Kingdom of Great Britain and Northern Ireland,HUMAN_OBSERVATION
57.616391,-5.800023,1985,6,United Kingdom of Great Britain and Northern Ireland,HUMAN_OBSERVATION
57.616391,-5.800023,1985,6,United Kingdom of Great Britain and Northern Ireland,HUMAN_OBSERVATION
57.616888,-7.132563,1990,5,United Kingdom of Great Britain and Northern Ireland,HUMAN_OBSERVATION
57.616888,-7.132563,1990,5,United Kingdom of Great Britain and Northern Ireland,HUMAN_OBSERVATION
57.616888,-7.132563,1984,7,United Kingdom of Great Britain and Northern Ireland,HUMAN_OBSERVATION
57.616888,-7.132563,1984,7,United Kingdom of Great Britain and Northern Ireland,HUMAN_OBSERVATION
57.618122,-7.124353,1990,5,United Kingdom of Great Britain and Northern Ireland,HUMAN_OBSERVATION
57.61967,-7.124548,1998,10,United Kingdom of Great Britain and Northern Ireland,HUMAN_OBSERVATION
57.62,-7.166542,1990,5,United Kingdom of Great Britain and Northern Ireland,HUMAN_OBSERVATION
57.6216,-7.13901,2015,7,United Kingdom of Great Britain and Northern Ireland,HUMAN_OBSERVATION
57.621633,-7.126526,1990,5,United Kingdom of Great Britain and Northern Ireland,HUMAN_OBSERVATION
57.621633,-7.126526,1990,5,United Kingdom of Great Britain and Northern Ireland,HUMAN_OBSERVATION
57.621633,-7.126526,1990,5,United Kingdom of Great Britain and Northern Ireland,HUMAN_OBSERVATION
57.62192,-7.139408,2004,7,United Kingdom of Great Britain and Northern Ireland,HUMAN_OBSERVATION
57.622,-7.145339,2004,7,United Kingdom of Great Britain and Northern Ireland,HUMAN_OBSERVATION
57.622052,-7.138324,1990,5,United Kingdom of Great Britain and Northern Ireland,HUMAN_OBSERVATION
57.62218,-7.145466,2004,8,United Kingdom of Great Britain and Northern Ireland,HUMAN_OBSERVATION
57.62334,-7.16772,2015,7,United Kingdom of Great Britain and Northern Ireland,HUMAN_OBSERVATION
57.62497,-7.139612,2015,7,United Kingdom of Great Britain and Northern Ireland,HUMAN_OBSERVATION
57.625025,-7.175643,1990,5,United Kingdom of Great Britain and Northern Ireland,HUMAN_OBSERVATION
57.625025,-7.175643,1990,5,United Kingdom of Great Britain and Northern Ireland,HUMAN_OBSERVATION
57.626797,-7.132287,1990,5,United Kingdom of Great Britain and Northern Ireland,HUMAN_OBSERVATION
57.62709,-7.17639,2015,7,United Kingdom of Great Britain and Northern Ireland,HUMAN_OBSERVATION
57.62728,-7.175956,2004,7,United Kingdom of Great Britain and Northern Ireland,HUMAN_OBSERVATION
57.62804,-7.175646,2004,7,United Kingdom of Great Britain and Northern Ireland,HUMAN_OBSERVATION
57.62807,-7.175624,2015,7,United Kingdom of Great Britain and Northern Ireland,HUMAN_OBSERVATION
57.628329,-7.182824,1990,5,United Kingdom of Great Britain and Northern Ireland,HUMAN_OBSERVATION
57.62991,-7.162132,2004,5,United Kingdom of Great Britain and Northern Ireland,HUMAN_OBSERVATION
57.62991,-7.162132,2004,5,United Kingdom of Great Britain and Northern Ireland,HUMAN_OBSERVATION
57.62991,-7.162132,2004,8,United Kingdom of Great Britain and Northern Ireland,HUMAN_OBSERVATION
57.638446,-7.199369,1990,5,United Kingdom of Great Britain and Northern Ireland,HUMAN_OBSERVATION
57.63989,-7.186153,1990,5,United Kingdom of Great Britain and Northern Ireland,HUMAN_OBSERVATION
57.63989,-7.186153,1990,5,United Kingdom of Great Britain and Northern Ireland,HUMAN_OBSERVATION
57.64001,-7.174508,2004,5,United Kingdom of Great Britain and Northern Ireland,HUMAN_OBSERVATION
57.64001,-7.174508,2004,5,United Kingdom of Great Britain and Northern Ireland,HUMAN_OBSERVATION
57.64001,-7.174508,2004,5,United Kingdom of Great Britain and Northern Ireland,HUMAN_OBSERVATION
57.64013,-7.172612,2004,7,United Kingdom of Great Britain and Northern Ireland,HUMAN_OBSERVATION
57.64957,-7.11684,2005,8,United Kingdom of Great Britain and Northern Ireland,HUMAN_OBSERVATION
57.65608,-7.123801,2005,8,United Kingdom of Great Britain and Northern Ireland,HUMAN_OBSERVATION
57.65846,11.72704,2022,8,Sweden,HUMAN_OBSERVATION
57.65896,11.73939,2022,8,Sweden,HUMAN_OBSERVATION
57.65949,11.74126,2022,8,Sweden,HUMAN_OBSERVATION
57.66146,11.72685,2022,8,Sweden,HUMAN_OBSERVATION
57.66172,11.72925,2022,8,Sweden,HUMAN_OBSERVATION
57.66241,11.76515,2022,8,Sweden,HUMAN_OBSERVATION
57.66246,11.76516,2022,8,Sweden,HUMAN_OBSERVATION
57.66259,11.76504,2022,8,Sweden,HUMAN_OBSERVATION
57.66261,11.76521,2022,8,Sweden,HUMAN_OBSERVATION
57.66261,11.76545,2022,8,Sweden,HUMAN_OBSERVATION
57.66267,11.76521,2022,8,Sweden,HUMAN_OBSERVATION
57.67195,11.77118,2022,8,Sweden,HUMAN_OBSERVATION
57.68075,11.74096,2022,8,Sweden,HUMAN_OBSERVATION
57.68708,11.70195,2022,8,Sweden,HUMAN_OBSERVATION
57.68735,11.71585,2022,8,Sweden,HUMAN_OBSERVATION
57.693456,-5.687214,1990,6,United Kingdom of Great Britain and Northern Ireland,HUMAN_OBSERVATION
57.693456,-5.687214,1990,6,United Kingdom of Great Britain and Northern Ireland,HUMAN_OBSERVATION
57.696993,-5.689253,1989,9,United Kingdom of Great Britain and Northern Ireland,HUMAN_OBSERVATION
57.698553,-5.788485,1990,6,United Kingdom of Great Britain and Northern Ireland,HUMAN_OBSERVATION
57.699339,-5.701246,1989,9,United Kingdom of Great Britain and Northern Ireland,HUMAN_OBSERVATION
57.700346,-5.788672,1990,6,United Kingdom of Great Britain and Northern Ireland,HUMAN_OBSERVATION
57.700985,-5.706452,1989,9,United Kingdom of Great Britain and Northern Ireland,HUMAN_OBSERVATION
57.701328,-5.694732,1990,6,United Kingdom of Great Britain and Northern Ireland,HUMAN_OBSERVATION
57.701636,-5.714916,1990,6,United Kingdom of Great Britain and Northern Ireland,HUMAN_OBSERVATION
57.702175,-5.696498,1989,9,United Kingdom of Great Britain and Northern Ireland,HUMAN_OBSERVATION
57.702384,-5.72003,1990,6,United Kingdom of Great Britain and Northern Ireland,HUMAN_OBSERVATION
57.703625,-5.708402,1990,6,United Kingdom of Great Britain and Northern Ireland,HUMAN_OBSERVATION
57.703625,-5.708402,1990,6,United Kingdom of Great Britain and Northern Ireland,HUMAN_OBSERVATION
57.704457,-5.679937,1989,9,United Kingdom of Great Britain and Northern Ireland,HUMAN_OBSERVATION
57.704472,-5.710168,1989,9,United Kingdom of Great Britain and Northern Ireland,HUMAN_OBSERVATION
57.704472,-5.710168,1989,9,United Kingdom of Great Britain and Northern Ireland,HUMAN_OBSERVATION
57.70502,-5.77043,2010,8,United Kingdom of Great Britain and Northern Ireland,HUMAN_OBSERVATION
57.709461,-5.754351,1990,6,United Kingdom of Great Britain and Northern Ireland,HUMAN_OBSERVATION
57.71809,-3.236677,2005,8,United Kingdom of Great Britain and Northern Ireland,HUMAN_OBSERVATION
57.71809,-3.236677,2005,8,United Kingdom of Great Britain and Northern Ireland,HUMAN_OBSERVATION
57.728328,-5.724377,1990,6,United Kingdom of Great Britain and Northern Ireland,HUMAN_OBSERVATION
57.728328,-5.724377,1990,6,United Kingdom of Great Britain and Northern Ireland,HUMAN_OBSERVATION
57.728422,-5.811778,1990,6,United Kingdom of Great Britain and Northern Ireland,HUMAN_OBSERVATION
57.74474,-5.802265,2010,8,United Kingdom of Great Britain and Northern Ireland,HUMAN_OBSERVATION
57.748348,-6.441208,1988,6,United Kingdom of Great Britain and Northern Ireland,HUMAN_OBSERVATION
57.748348,-6.441208,1988,6,United Kingdom of Great Britain and Northern Ireland,HUMAN_OBSERVATION
57.748348,-6.441208,1988,6,United Kingdom of Great Britain and Northern Ireland,HUMAN_OBSERVATION
57.748348,-6.441208,1988,6,United Kingdom of Great Britain and Northern Ireland,HUMAN_OBSERVATION
57.768793,-7.024494,1984,7,United Kingdom of Great Britain and Northern Ireland,HUMAN_OBSERVATION
57.776918,-5.6301,1990,6,United Kingdom of Great Britain and Northern Ireland,HUMAN_OBSERVATION
57.77791,-5.626834,1989,9,United Kingdom of Great Britain and Northern Ireland,HUMAN_OBSERVATION
57.778614,-5.633636,1989,9,United Kingdom of Great Britain and Northern Ireland,HUMAN_OBSERVATION
57.778807,-5.626924,1990,6,United Kingdom of Great Britain and Northern Ireland,HUMAN_OBSERVATION
57.77919,-5.618457,2010,8,United Kingdom of Great Britain and Northern Ireland,HUMAN_OBSERVATION
57.789434,-5.601058,1990,6,United Kingdom of Great Britain and Northern Ireland,HUMAN_OBSERVATION
57.791845,-8.511131,1997,7,United Kingdom of Great Britain and Northern Ireland,HUMAN_OBSERVATION
57.792144,-8.592151,1997,7,United Kingdom of Great Britain and Northern Ireland,HUMAN_OBSERVATION
57.792474,-5.651865,1989,9,United Kingdom of Great Britain and Northern Ireland,HUMAN_OBSERVATION
57.792474,-5.651865,1989,9,United Kingdom of Great Britain and Northern Ireland,HUMAN_OBSERVATION
57.795037,-8.55388,1997,7,United Kingdom of Great Britain and Northern Ireland,HUMAN_OBSERVATION
57.796366,-5.610168,1990,6,United Kingdom of Great Britain and Northern Ireland,HUMAN_OBSERVATION
57.796687,-5.630404,1989,9,United Kingdom of Great Britain and Northern Ireland,HUMAN_OBSERVATION
57.797803,-5.654088,1990,6,United Kingdom of Great Britain and Northern Ireland,HUMAN_OBSERVATION
57.802913,-5.632714,1990,6,United Kingdom of Great Britain and Northern Ireland,HUMAN_OBSERVATION
57.802913,-5.632714,1990,6,United Kingdom of Great Britain and Northern Ireland,HUMAN_OBSERVATION
57.806027,-6.807218,1990,8,United Kingdom of Great Britain and Northern Ireland,HUMAN_OBSERVATION
57.806657,-5.59604,1989,9,United Kingdom of Great Britain and Northern Ireland,HUMAN_OBSERVATION
57.808573,-8.605286,1997,7,United Kingdom of Great Britain and Northern Ireland,HUMAN_OBSERVATION
57.808573,-8.605286,1997,7,United Kingdom of Great Britain and Northern Ireland,HUMAN_OBSERVATION
57.809401,-8.554809,1997,6,United Kingdom of Great Britain and Northern Ireland,HUMAN_OBSERVATION
57.809401,-8.554809,1997,6,United Kingdom of Great Britain and Northern Ireland,HUMAN_OBSERVATION
57.810481,-5.588,1990,6,United Kingdom of Great Britain and Northern Ireland,HUMAN_OBSERVATION
57.810481,-5.588,1990,6,United Kingdom of Great Britain and Northern Ireland,HUMAN_OBSERVATION
57.81274,-6.819912,1990,8,United Kingdom of Great Britain and Northern Ireland,HUMAN_OBSERVATION
57.814083,-6.831891,1990,8,United Kingdom of Great Britain and Northern Ireland,HUMAN_OBSERVATION
57.815821,-8.552603,1997,7,United Kingdom of Great Britain and Northern Ireland,HUMAN_OBSERVATION
57.815821,-8.552603,1997,7,United Kingdom of Great Britain and Northern Ireland,HUMAN_OBSERVATION
57.82057,-5.61259,1990,6,United Kingdom of Great Britain and Northern Ireland,HUMAN_OBSERVATION
57.82096,11.57885,2019,8,Sweden,HUMAN_OBSERVATION
57.824839,-8.638666,1997,7,United Kingdom of Great Britain and Northern Ireland,HUMAN_OBSERVATION
57.824919,-5.586066,1989,9,United Kingdom of Great Britain and Northern Ireland,HUMAN_OBSERVATION
57.825482,-5.597917,1990,6,United Kingdom of Great Britain and Northern Ireland,HUMAN_OBSERVATION
57.82559,-6.836807,1990,8,United Kingdom of Great Britain and Northern Ireland,HUMAN_OBSERVATION
57.82559,-6.836807,1990,8,United Kingdom of Great Britain and Northern Ireland,HUMAN_OBSERVATION
57.82564,-5.655223,1990,6,United Kingdom of Great Britain and Northern Ireland,HUMAN_OBSERVATION
57.82603,-8.581478,1997,7,United Kingdom of Great Britain and Northern Ireland,HUMAN_OBSERVATION
57.826095,-8.562918,1997,7,United Kingdom of Great Britain and Northern Ireland,HUMAN_OBSERVATION
57.826617,-5.589605,1990,6,United Kingdom of Great Britain and Northern Ireland,HUMAN_OBSERVATION
57.828061,-5.633562,1989,9,United Kingdom of Great Britain and Northern Ireland,HUMAN_OBSERVATION
57.830767,-6.842561,1990,8,United Kingdom of Great Britain and Northern Ireland,HUMAN_OBSERVATION
57.833464,-5.664444,1989,9,United Kingdom of Great Britain and Northern Ireland,HUMAN_OBSERVATION
57.83553,11.5801,2019,8,Sweden,HUMAN_OBSERVATION
57.83704,-5.602441,1990,6,United Kingdom of Great Britain and Northern Ireland,HUMAN_OBSERVATION
57.837453,-6.7372,1990,8,United Kingdom of Great Britain and Northern Ireland,HUMAN_OBSERVATION
57.837453,-6.7372,1990,8,United Kingdom of Great Britain and Northern Ireland,HUMAN_OBSERVATION
57.838104,-8.609025,1997,7,United Kingdom of Great Britain and Northern Ireland,HUMAN_OBSERVATION
57.839873,-5.597668,1989,9,United Kingdom of Great Britain and Northern Ireland,HUMAN_OBSERVATION
57.842023,-8.602989,1997,7,United Kingdom of Great Britain and Northern Ireland,HUMAN_OBSERVATION
57.842023,-8.602989,1997,7,United Kingdom of Great Britain and Northern Ireland,HUMAN_OBSERVATION
57.84274,-5.623241,1989,9,United Kingdom of Great Britain and Northern Ireland,HUMAN_OBSERVATION
57.84274,-5.623241,1989,9,United Kingdom of Great Britain and Northern Ireland,HUMAN_OBSERVATION
57.844773,-5.615016,1989,9,United Kingdom of Great Britain and Northern Ireland,HUMAN_OBSERVATION
57.84648,11.55101,2019,7,Sweden,HUMAN_OBSERVATION
57.847702,-5.606879,1990,6,United Kingdom of Great Britain and Northern Ireland,HUMAN_OBSERVATION
57.852319,-6.700349,1990,8,United Kingdom of Great Britain and Northern Ireland,HUMAN_OBSERVATION
57.854297,-5.627776,1990,6,United Kingdom of Great Britain and Northern Ireland,HUMAN_OBSERVATION
57.855712,-6.705854,1978,5,United Kingdom of Great Britain and Northern Ireland,HUMAN_OBSERVATION
57.856331,-5.681948,1990,6,United Kingdom of Great Britain and Northern Ireland,HUMAN_OBSERVATION
57.856832,-6.675626,1990,8,United Kingdom of Great Britain and Northern Ireland,HUMAN_OBSERVATION
57.857665,-6.677422,1988,7,United Kingdom of Great Britain and Northern Ireland,HUMAN_OBSERVATION
57.85936,-5.478148,2004,8,United Kingdom of Great Britain and Northern Ireland,HUMAN_OBSERVATION
57.85963,-5.480958,2004,8,United Kingdom of Great Britain and Northern Ireland,HUMAN_OBSERVATION
57.859849,-5.461366,1989,9,United Kingdom of Great Britain and Northern Ireland,HUMAN_OBSERVATION
57.860063,-6.709799,1990,8,United Kingdom of Great Britain and Northern Ireland,HUMAN_OBSERVATION
57.86076,-5.480578,2004,8,United Kingdom of Great Britain and Northern Ireland,HUMAN_OBSERVATION
57.86201,-5.480698,2004,8,United Kingdom of Great Britain and Northern Ireland,HUMAN_OBSERVATION
57.86375,-5.482654,2004,8,United Kingdom of Great Britain and Northern Ireland,HUMAN_OBSERVATION
57.86375,-5.482654,2004,8,United Kingdom of Great Britain and Northern Ireland,HUMAN_OBSERVATION
57.864018,-6.70019,1988,7,United Kingdom of Great Britain and Northern Ireland,HUMAN_OBSERVATION
57.864018,-6.70019,1988,7,United Kingdom of Great Britain and Northern Ireland,HUMAN_OBSERVATION
57.868906,-5.458863,1989,9,United Kingdom of Great Britain and Northern Ireland,HUMAN_OBSERVATION
57.871173,-5.271829,1991,5,United Kingdom of Great Britain and Northern Ireland,HUMAN_OBSERVATION
57.871173,-5.271829,1991,5,United Kingdom of Great Britain and Northern Ireland,HUMAN_OBSERVATION
57.871173,-5.271829,1991,5,United Kingdom of Great Britain and Northern Ireland,HUMAN_OBSERVATION
57.871859,-6.755237,1990,8,United Kingdom of Great Britain and Northern Ireland,HUMAN_OBSERVATION
57.871859,-6.755237,1990,8,United Kingdom of Great Britain and Northern Ireland,HUMAN_OBSERVATION
57.879522,-6.670134,1990,8,United Kingdom of Great Britain and Northern Ireland,HUMAN_OBSERVATION
57.880936,-6.75306,1990,8,United Kingdom of Great Britain and Northern Ireland,HUMAN_OBSERVATION
57.8812,-5.502232,1989,9,United Kingdom of Great Britain and Northern Ireland,HUMAN_OBSERVATION
57.883669,-6.72809,1990,8,United Kingdom of Great Britain and Northern Ireland,HUMAN_OBSERVATION
57.883669,-6.72809,1990,8,United Kingdom of Great Britain and Northern Ireland,HUMAN_OBSERVATION
57.88407,-5.435175,2010,8,United Kingdom of Great Britain and Northern Ireland,HUMAN_OBSERVATION
57.88714,11.55724,2019,7,Sweden,HUMAN_OBSERVATION
57.891045,-6.771289,1990,8,United Kingdom of Great Britain and Northern Ireland,HUMAN_OBSERVATION
57.891045,-6.771289,1990,8,United Kingdom of Great Britain and Northern Ireland,HUMAN_OBSERVATION
57.895521,-6.771883,1990,8,United Kingdom of Great Britain and Northern Ireland,HUMAN_OBSERVATION
57.895521,-6.771883,1990,8,United Kingdom of Great Britain and Northern Ireland,HUMAN_OBSERVATION
57.8964,11.4487,2000,7,Sweden,MATERIAL_SAMPLE
57.8964,11.4487,2000,7,Sweden,MATERIAL_SAMPLE
57.8964,11.4487,2000,7,Sweden,MATERIAL_SAMPLE
57.8964,11.4487,2000,7,Sweden,MATERIAL_SAMPLE
57.8964,11.4487,2000,7,Sweden,MATERIAL_SAMPLE
57.8964,11.4487,2000,7,Sweden,MATERIAL_SAMPLE
57.8964,11.4487,2000,7,Sweden,MATERIAL_SAMPLE
57.8964,11.4487,2000,7,Sweden,MATERIAL_SAMPLE
57.8964,11.4487,2000,7,Sweden,MATERIAL_SAMPLE
57.8964,11.4487,2000,7,Sweden,MATERIAL_SAMPLE
57.8968,11.4681,2000,7,Sweden,MATERIAL_SAMPLE
57.8968,11.4681,2000,7,Sweden,MATERIAL_SAMPLE
57.8968,11.4681,2000,7,Sweden,MATERIAL_SAMPLE
57.8968,11.4681,2000,7,Sweden,MATERIAL_SAMPLE
57.8968,11.4681,2000,7,Sweden,MATERIAL_SAMPLE
57.8968,11.4681,2000,7,Sweden,MATERIAL_SAMPLE
57.8968,11.4681,2000,7,Sweden,MATERIAL_SAMPLE
57.8968,11.4681,2000,7,Sweden,MATERIAL_SAMPLE
57.89864,-5.170111,2010,8,United Kingdom of Great Britain and Northern Ireland,HUMAN_OBSERVATION
57.8992,11.4551,2000,7,Sweden,MATERIAL_SAMPLE
57.8992,11.4551,2000,7,Sweden,MATERIAL_SAMPLE
57.8992,11.4551,2000,7,Sweden,MATERIAL_SAMPLE
57.8992,11.4551,2000,7,Sweden,MATERIAL_SAMPLE
57.8992,11.4551,2000,7,Sweden,MATERIAL_SAMPLE
57.8992,11.4551,2000,7,Sweden,MATERIAL_SAMPLE
57.8992,11.4551,2000,7,Sweden,MATERIAL_SAMPLE
57.8992,11.4551,2000,7,Sweden,MATERIAL_SAMPLE
57.8992,11.4551,2000,7,Sweden,MATERIAL_SAMPLE
57.8992,11.4551,2000,7,Sweden,MATERIAL_SAMPLE
57.8992,11.4551,2000,7,Sweden,MATERIAL_SAMPLE
57.8992,11.4551,2000,7,Sweden,MATERIAL_SAMPLE
57.8992,11.4551,2000,7,Sweden,MATERIAL_SAMPLE
57.8992,11.4551,2000,7,Sweden,MATERIAL_SAMPLE
57.8992,11.4551,2000,7,Sweden,MATERIAL_SAMPLE
57.8992,11.4551,2000,7,Sweden,MATERIAL_SAMPLE
57.8992,11.4551,2000,7,Sweden,MATERIAL_SAMPLE
57.8992,11.4551,2000,7,Sweden,MATERIAL_SAMPLE
57.8992,11.4551,2000,7,Sweden,MATERIAL_SAMPLE
57.8992,11.4551,2000,7,Sweden,MATERIAL_SAMPLE
57.9002,11.476,2000,7,Sweden,MATERIAL_SAMPLE
57.9002,11.476,2000,7,Sweden,MATERIAL_SAMPLE
57.9002,11.476,2000,7,Sweden,MATERIAL_SAMPLE
57.9002,11.476,2000,7,Sweden,MATERIAL_SAMPLE
57.9002,11.476,2000,7,Sweden,MATERIAL_SAMPLE
57.90044,-5.384157,2010,8,United Kingdom of Great Britain and Northern Ireland,HUMAN_OBSERVATION
57.9024,11.4912,2000,7,Sweden,MATERIAL_SAMPLE
57.9024,11.4912,2000,7,Sweden,MATERIAL_SAMPLE
57.9024,11.4912,2000,7,Sweden,MATERIAL_SAMPLE
57.9024,11.4912,2000,7,Sweden,MATERIAL_SAMPLE
57.9024,11.4912,2000,7,Sweden,MATERIAL_SAMPLE
57.9024,11.4912,2000,7,Sweden,MATERIAL_SAMPLE
57.9024,11.4912,2000,7,Sweden,MATERIAL_SAMPLE
57.9024,11.4912,2000,7,Sweden,MATERIAL_SAMPLE
57.9024,11.4912,2000,7,Sweden,MATERIAL_SAMPLE
57.9024,11.4912,2000,7,Sweden,MATERIAL_SAMPLE
57.9024,11.4912,2000,7,Sweden,MATERIAL_SAMPLE
57.9024,11.4912,2000,7,Sweden,MATERIAL_SAMPLE
57.9024,11.4912,2000,7,Sweden,MATERIAL_SAMPLE
57.9024,11.4912,2000,7,Sweden,MATERIAL_SAMPLE
57.9024,11.4912,2000,7,Sweden,MATERIAL_SAMPLE
57.9024,11.4912,2000,7,Sweden,MATERIAL_SAMPLE
57.9024,11.4912,2000,7,Sweden,MATERIAL_SAMPLE
57.9024,11.4912,2000,7,Sweden,MATERIAL_SAMPLE
57.9024,11.4912,2000,7,Sweden,MATERIAL_SAMPLE
57.9034,11.4365,2000,7,Sweden,MATERIAL_SAMPLE
57.9034,11.4365,2000,7,Sweden,MATERIAL_SAMPLE
57.9034,11.4365,2000,7,Sweden,MATERIAL_SAMPLE
57.9034,11.4365,2000,7,Sweden,MATERIAL_SAMPLE
57.9034,11.4365,2000,7,Sweden,MATERIAL_SAMPLE
57.9034,11.4365,2000,7,Sweden,MATERIAL_SAMPLE
57.9034,11.4365,2000,7,Sweden,MATERIAL_SAMPLE
57.9034,11.4365,2000,7,Sweden,MATERIAL_SAMPLE
57.9034,11.4365,2000,7,Sweden,MATERIAL_SAMPLE
57.9034,11.4365,2000,7,Sweden,MATERIAL_SAMPLE
57.9034,11.4365,2000,7,Sweden,MATERIAL_SAMPLE
57.9034,11.4365,2000,7,Sweden,MATERIAL_SAMPLE
57.9034,11.4365,2000,7,Sweden,MATERIAL_SAMPLE
57.9034,11.4365,2000,7,Sweden,MATERIAL_SAMPLE
57.9034,11.4365,2000,7,Sweden,MATERIAL_SAMPLE
57.9034,11.4365,2000,7,Sweden,MATERIAL_SAMPLE
57.9034,11.4365,2000,7,Sweden,MATERIAL_SAMPLE
57.9034,11.4365,2000,7,Sweden,MATERIAL_SAMPLE
57.9034,11.4365,2000,7,Sweden,MATERIAL_SAMPLE
57.9034,11.4365,2000,7,Sweden,MATERIAL_SAMPLE
57.9056,11.5032,2000,7,Sweden,MATERIAL_SAMPLE
57.9056,11.5032,2000,7,Sweden,MATERIAL_SAMPLE
57.9056,11.5032,2000,7,Sweden,MATERIAL_SAMPLE
57.9056,11.5032,2000,7,Sweden,MATERIAL_SAMPLE
57.9056,11.5032,2000,7,Sweden,MATERIAL_SAMPLE
57.9056,11.5032,2000,7,Sweden,MATERIAL_SAMPLE
57.9056,11.5032,2000,7,Sweden,MATERIAL_SAMPLE
57.9056,11.5032,2000,7,Sweden,MATERIAL_SAMPLE
57.9056,11.5032,2000,7,Sweden,MATERIAL_SAMPLE
57.9056,11.5032,2000,7,Sweden,MATERIAL_SAMPLE
57.9056,11.5032,2000,7,Sweden,MATERIAL_SAMPLE
57.9056,11.5032,2000,7,Sweden,MATERIAL_SAMPLE
57.9056,11.5032,2000,7,Sweden,MATERIAL_SAMPLE
57.905946,-6.852694,1990,8,United Kingdom of Great Britain and Northern Ireland,HUMAN_OBSERVATION
57.905946,-6.852694,1990,8,United Kingdom of Great Britain and Northern Ireland,HUMAN_OBSERVATION
57.912648,-5.196229,1991,5,United Kingdom of Great Britain and Northern Ireland,HUMAN_OBSERVATION
57.913,11.4892,2000,7,Sweden,MATERIAL_SAMPLE
57.913,11.4892,2000,7,Sweden,MATERIAL_SAMPLE
57.913,11.4892,2000,7,Sweden,MATERIAL_SAMPLE
57.913,11.4892,2000,7,Sweden,MATERIAL_SAMPLE
57.913,11.4892,2000,7,Sweden,MATERIAL_SAMPLE
57.913,11.4892,2000,7,Sweden,MATERIAL_SAMPLE
57.913,11.4892,2000,7,Sweden,MATERIAL_SAMPLE
57.913,11.4892,2000,7,Sweden,MATERIAL_SAMPLE
57.913,11.4892,2000,7,Sweden,MATERIAL_SAMPLE
57.913,11.4892,2000,7,Sweden,MATERIAL_SAMPLE
57.913,11.4892,2000,7,Sweden,MATERIAL_SAMPLE
57.913,11.4892,2000,7,Sweden,MATERIAL_SAMPLE
57.913,11.4892,2000,7,Sweden,MATERIAL_SAMPLE
57.9131,11.4609,2000,7,Sweden,MATERIAL_SAMPLE
57.9131,11.4609,2000,7,Sweden,MATERIAL_SAMPLE
57.9131,11.4609,2000,7,Sweden,MATERIAL_SAMPLE
57.9131,11.4609,2000,7,Sweden,MATERIAL_SAMPLE
57.9131,11.4609,2000,7,Sweden,MATERIAL_SAMPLE
57.9131,11.4609,2000,7,Sweden,MATERIAL_SAMPLE
57.9131,11.4609,2000,7,Sweden,MATERIAL_SAMPLE
57.9131,11.4609,2000,7,Sweden,MATERIAL_SAMPLE
57.9131,11.4609,2000,7,Sweden,MATERIAL_SAMPLE
57.9131,11.4609,2000,7,Sweden,MATERIAL_SAMPLE
57.9131,11.4609,2000,7,Sweden,MATERIAL_SAMPLE
57.9131,11.4609,2000,7,Sweden,MATERIAL_SAMPLE
57.9131,11.4609,2000,7,Sweden,MATERIAL_SAMPLE
57.9131,11.4609,2000,7,Sweden,MATERIAL_SAMPLE
57.9131,11.4609,2000,7,Sweden,MATERIAL_SAMPLE
57.9131,11.4609,2000,7,Sweden,MATERIAL_SAMPLE
57.9131,11.4609,2000,7,Sweden,MATERIAL_SAMPLE
57.9131,11.4609,2000,7,Sweden,MATERIAL_SAMPLE
57.9131,11.4609,2000,7,Sweden,MATERIAL_SAMPLE
57.914311,-6.678038,1988,7,United Kingdom of Great Britain and Northern Ireland,HUMAN_OBSERVATION
57.9157,11.4889,2000,7,Sweden,MATERIAL_SAMPLE
57.9157,11.4889,2000,7,Sweden,MATERIAL_SAMPLE
57.9157,11.4889,2000,7,Sweden,MATERIAL_SAMPLE
57.9157,11.4889,2000,7,Sweden,MATERIAL_SAMPLE
57.9157,11.4889,2000,7,Sweden,MATERIAL_SAMPLE
57.9157,11.4889,2000,7,Sweden,MATERIAL_SAMPLE
57.9157,11.4889,2000,7,Sweden,MATERIAL_SAMPLE
57.9157,11.4889,2000,7,Sweden,MATERIAL_SAMPLE
57.9157,11.4889,2000,7,Sweden,MATERIAL_SAMPLE
57.9157,11.4889,2000,7,Sweden,MATERIAL_SAMPLE
57.9157,11.4889,2000,7,Sweden,MATERIAL_SAMPLE
57.9157,11.4889,2000,7,Sweden,MATERIAL_SAMPLE
57.9157,11.4889,2000,7,Sweden,MATERIAL_SAMPLE
57.9157,11.4889,2000,7,Sweden,MATERIAL_SAMPLE
57.9157,11.4889,2000,7,Sweden,MATERIAL_SAMPLE
57.9157,11.4889,2000,7,Sweden,MATERIAL_SAMPLE
57.9157,11.4889,2000,7,Sweden,MATERIAL_SAMPLE
57.9157,11.4889,2000,7,Sweden,MATERIAL_SAMPLE
57.9157,11.4889,2000,7,Sweden,MATERIAL_SAMPLE
57.9157,11.4889,2000,7,Sweden,MATERIAL_SAMPLE
57.9157,11.4889,2000,7,Sweden,MATERIAL_SAMPLE
57.9169,11.4698,2000,7,Sweden,MATERIAL_SAMPLE
57.9169,11.4698,2000,7,Sweden,MATERIAL_SAMPLE
57.9169,11.4698,2000,7,Sweden,MATERIAL_SAMPLE
57.9169,11.4698,2000,7,Sweden,MATERIAL_SAMPLE
57.9169,11.4698,2000,7,Sweden,MATERIAL_SAMPLE
57.9169,11.4698,2000,7,Sweden,MATERIAL_SAMPLE
57.9169,11.4698,2000,7,Sweden,MATERIAL_SAMPLE
57.9169,11.4698,2000,7,Sweden,MATERIAL_SAMPLE
57.9169,11.4698,2000,7,Sweden,MATERIAL_SAMPLE
57.9169,11.4698,2000,7,Sweden,MATERIAL_SAMPLE
57.9169,11.4698,2000,7,Sweden,MATERIAL_SAMPLE
57.9169,11.4698,2000,7,Sweden,MATERIAL_SAMPLE
57.9178,11.5063,2019,8,Sweden,HUMAN_OBSERVATION
57.9187,11.4913,2000,7,Sweden,MATERIAL_SAMPLE
57.9187,11.4913,2000,7,Sweden,MATERIAL_SAMPLE
57.9187,11.4913,2000,7,Sweden,MATERIAL_SAMPLE
57.9187,11.4913,2000,7,Sweden,MATERIAL_SAMPLE
57.9187,11.4913,2000,7,Sweden,MATERIAL_SAMPLE
57.9187,11.4913,2000,7,Sweden,MATERIAL_SAMPLE
57.9187,11.4913,2000,7,Sweden,MATERIAL_SAMPLE
57.9187,11.4913,2000,7,Sweden,MATERIAL_SAMPLE
57.9187,11.4913,2000,7,Sweden,MATERIAL_SAMPLE
57.9187,11.4913,2000,7,Sweden,MATERIAL_SAMPLE
57.9187,11.4913,2000,7,Sweden,MATERIAL_SAMPLE
57.9187,11.4913,2000,7,Sweden,MATERIAL_SAMPLE
57.9187,11.4913,2000,7,Sweden,MATERIAL_SAMPLE
57.9187,11.4913,2000,7,Sweden,MATERIAL_SAMPLE
57.9187,11.4913,2000,7,Sweden,MATERIAL_SAMPLE
57.9187,11.4913,2000,7,Sweden,MATERIAL_SAMPLE
57.9223,11.4745,2000,7,Sweden,MATERIAL_SAMPLE
57.9223,11.4745,2000,7,Sweden,MATERIAL_SAMPLE
57.9223,11.4745,2000,7,Sweden,MATERIAL_SAMPLE
57.9223,11.4745,2000,7,Sweden,MATERIAL_SAMPLE
57.9223,11.4745,2000,7,Sweden,MATERIAL_SAMPLE
57.9223,11.4745,2000,7,Sweden,MATERIAL_SAMPLE
57.9223,11.4745,2000,7,Sweden,MATERIAL_SAMPLE
57.9223,11.4745,2000,7,Sweden,MATERIAL_SAMPLE
57.9223,11.4745,2000,7,Sweden,MATERIAL_SAMPLE
57.9223,11.4745,2000,7,Sweden,MATERIAL_SAMPLE
57.9223,11.4745,2000,7,Sweden,MATERIAL_SAMPLE
57.9223,11.4745,2000,7,Sweden,MATERIAL_SAMPLE
57.9223,11.4745,2000,7,Sweden,MATERIAL_SAMPLE
57.9223,11.4745,2000,7,Sweden,MATERIAL_SAMPLE
57.9223,11.4745,2000,7,Sweden,MATERIAL_SAMPLE
57.9223,11.4745,2000,7,Sweden,MATERIAL_SAMPLE
57.9223,11.4745,2000,7,Sweden,MATERIAL_SAMPLE
57.9232,11.4914,2000,7,Sweden,MATERIAL_SAMPLE
57.9232,11.4914,2000,7,Sweden,MATERIAL_SAMPLE
57.9232,11.4914,2000,7,Sweden,MATERIAL_SAMPLE
57.9232,11.4914,2000,7,Sweden,MATERIAL_SAMPLE
57.9232,11.4914,2000,7,Sweden,MATERIAL_SAMPLE
57.9232,11.4914,2000,7,Sweden,MATERIAL_SAMPLE
57.9232,11.4914,2000,7,Sweden,MATERIAL_SAMPLE
57.9232,11.4914,2000,7,Sweden,MATERIAL_SAMPLE
57.9232,11.4914,2000,7,Sweden,MATERIAL_SAMPLE
57.9232,11.4914,2000,7,Sweden,MATERIAL_SAMPLE
57.9232,11.4914,2000,7,Sweden,MATERIAL_SAMPLE
57.9232,11.4914,2000,7,Sweden,MATERIAL_SAMPLE
57.9232,11.4914,2000,7,Sweden,MATERIAL_SAMPLE
57.9232,11.4914,2000,7,Sweden,MATERIAL_SAMPLE
57.9232,11.4914,2000,7,Sweden,MATERIAL_SAMPLE
57.9232,11.4914,2000,7,Sweden,MATERIAL_SAMPLE
57.9232,11.4914,2000,7,Sweden,MATERIAL_SAMPLE
57.9232,11.4914,2000,7,Sweden,MATERIAL_SAMPLE
57.9232,11.4914,2000,7,Sweden,MATERIAL_SAMPLE
57.9233,11.5158,2000,7,Sweden,MATERIAL_SAMPLE
57.9233,11.5158,2000,7,Sweden,MATERIAL_SAMPLE
57.9233,11.5158,2000,7,Sweden,MATERIAL_SAMPLE
57.9233,11.5158,2000,7,Sweden,MATERIAL_SAMPLE
57.9233,11.5158,2000,7,Sweden,MATERIAL_SAMPLE
57.9233,11.5158,2000,7,Sweden,MATERIAL_SAMPLE
57.9233,11.5158,2000,7,Sweden,MATERIAL_SAMPLE
57.9233,11.5158,2000,7,Sweden,MATERIAL_SAMPLE
57.9233,11.5158,2000,7,Sweden,MATERIAL_SAMPLE
57.9233,11.5158,2000,7,Sweden,MATERIAL_SAMPLE
57.9233,11.5158,2000,7,Sweden,MATERIAL_SAMPLE
57.9233,11.5158,2000,7,Sweden,MATERIAL_SAMPLE
57.926624,-6.612014,1988,7,United Kingdom of Great Britain and Northern Ireland,HUMAN_OBSERVATION
57.926624,-6.612014,1988,7,United Kingdom of Great Britain and Northern Ireland,HUMAN_OBSERVATION
57.926624,-6.612014,1988,7,United Kingdom of Great Britain and Northern Ireland,HUMAN_OBSERVATION
57.92744,11.54506,2019,8,Sweden,HUMAN_OBSERVATION
57.9277,11.5089,2000,7,Sweden,MATERIAL_SAMPLE
57.9277,11.5089,2000,7,Sweden,MATERIAL_SAMPLE
57.9277,11.5089,2000,7,Sweden,MATERIAL_SAMPLE
57.9277,11.5089,2000,7,Sweden,MATERIAL_SAMPLE
57.9277,11.5089,2000,7,Sweden,MATERIAL_SAMPLE
57.9277,11.5089,2000,7,Sweden,MATERIAL_SAMPLE
57.9277,11.5089,2000,7,Sweden,MATERIAL_SAMPLE
57.9277,11.5089,2000,7,Sweden,MATERIAL_SAMPLE
57.9277,11.5089,2000,7,Sweden,MATERIAL_SAMPLE
57.9277,11.5089,2000,7,Sweden,MATERIAL_SAMPLE
57.9277,11.5089,2000,7,Sweden,MATERIAL_SAMPLE
57.9277,11.5089,2000,7,Sweden,MATERIAL_SAMPLE
57.928297,-6.664644,1988,7,United Kingdom of Great Britain and Northern Ireland,HUMAN_OBSERVATION
57.931751,-6.619437,1988,7,United Kingdom of Great Britain and Northern Ireland,HUMAN_OBSERVATION
57.931751,-6.619437,1988,7,United Kingdom of Great Britain and Northern Ireland,HUMAN_OBSERVATION
57.9322,11.514,2000,7,Sweden,MATERIAL_SAMPLE
57.9322,11.514,2000,7,Sweden,MATERIAL_SAMPLE
57.9322,11.514,2000,7,Sweden,MATERIAL_SAMPLE
57.9322,11.514,2000,7,Sweden,MATERIAL_SAMPLE
57.9322,11.514,2000,7,Sweden,MATERIAL_SAMPLE
57.9322,11.514,2000,7,Sweden,MATERIAL_SAMPLE
57.9322,11.514,2000,7,Sweden,MATERIAL_SAMPLE
57.9322,11.514,2000,7,Sweden,MATERIAL_SAMPLE
57.9322,11.514,2000,7,Sweden,MATERIAL_SAMPLE
57.9322,11.514,2000,7,Sweden,MATERIAL_SAMPLE
57.9322,11.514,2000,7,Sweden,MATERIAL_SAMPLE
57.9322,11.514,2000,7,Sweden,MATERIAL_SAMPLE
57.9322,11.514,2000,7,Sweden,MATERIAL_SAMPLE
57.9322,11.514,2000,7,Sweden,MATERIAL_SAMPLE
57.9329,11.5012,2000,7,Sweden,MATERIAL_SAMPLE
57.9329,11.5012,2000,7,Sweden,MATERIAL_SAMPLE
57.9329,11.5012,2000,7,Sweden,MATERIAL_SAMPLE
57.9329,11.5012,2000,7,Sweden,MATERIAL_SAMPLE
57.9329,11.5012,2000,7,Sweden,MATERIAL_SAMPLE
57.9329,11.5012,2000,7,Sweden,MATERIAL_SAMPLE
57.9329,11.5012,2000,7,Sweden,MATERIAL_SAMPLE
57.9329,11.5012,2000,7,Sweden,MATERIAL_SAMPLE
57.9329,11.5012,2000,7,Sweden,MATERIAL_SAMPLE
57.9329,11.5012,2000,7,Sweden,MATERIAL_SAMPLE
57.9329,11.5012,2000,7,Sweden,MATERIAL_SAMPLE
57.9329,11.5012,2000,7,Sweden,MATERIAL_SAMPLE
57.9329,11.5012,2000,7,Sweden,MATERIAL_SAMPLE
57.9329,11.5012,2000,7,Sweden,MATERIAL_SAMPLE
57.9329,11.5012,2000,7,Sweden,MATERIAL_SAMPLE
57.9329,11.5012,2000,7,Sweden,MATERIAL_SAMPLE
57.9329,11.5012,2000,7,Sweden,MATERIAL_SAMPLE
57.9329,11.5012,2000,7,Sweden,MATERIAL_SAMPLE
57.9329,11.5012,2000,7,Sweden,MATERIAL_SAMPLE
57.933238,-6.528317,1988,7,United Kingdom of Great Britain and Northern Ireland,HUMAN_OBSERVATION
57.93414,11.52689,2012,8,Sweden,MATERIAL_SAMPLE
57.93414,11.52689,2012,8,Sweden,MATERIAL_SAMPLE
57.9353,11.5237,2000,7,Sweden,MATERIAL_SAMPLE
57.9353,11.5237,2000,7,Sweden,MATERIAL_SAMPLE
57.9353,11.5237,2000,7,Sweden,MATERIAL_SAMPLE
57.9353,11.5237,2000,7,Sweden,MATERIAL_SAMPLE
57.9353,11.5237,2000,7,Sweden,MATERIAL_SAMPLE
57.9353,11.5237,2000,7,Sweden,MATERIAL_SAMPLE
57.9353,11.5237,2000,7,Sweden,MATERIAL_SAMPLE
57.9353,11.5237,2000,7,Sweden,MATERIAL_SAMPLE
57.9353,11.5237,2000,7,Sweden,MATERIAL_SAMPLE
57.9353,11.5237,2000,7,Sweden,MATERIAL_SAMPLE
57.9353,11.5237,2000,7,Sweden,MATERIAL_SAMPLE
57.9353,11.5237,2000,7,Sweden,MATERIAL_SAMPLE
57.9353,11.5237,2000,7,Sweden,MATERIAL_SAMPLE
57.9353,11.5237,2000,7,Sweden,MATERIAL_SAMPLE
57.9353,11.5237,2000,7,Sweden,MATERIAL_SAMPLE
57.93567,11.51376,2020,8,Sweden,HUMAN_OBSERVATION
57.9359,11.5135,2000,7,Sweden,MATERIAL_SAMPLE
57.9359,11.5135,2000,7,Sweden,MATERIAL_SAMPLE
57.9359,11.5135,2000,7,Sweden,MATERIAL_SAMPLE
57.9359,11.5135,2000,7,Sweden,MATERIAL_SAMPLE
57.9359,11.5135,2000,7,Sweden,MATERIAL_SAMPLE
57.9359,11.5135,2000,7,Sweden,MATERIAL_SAMPLE
57.9359,11.5135,2000,7,Sweden,MATERIAL_SAMPLE
57.9359,11.5135,2000,7,Sweden,MATERIAL_SAMPLE
57.9359,11.5135,2000,7,Sweden,MATERIAL_SAMPLE
57.9359,11.5135,2000,7,Sweden,MATERIAL_SAMPLE
57.9359,11.5135,2000,7,Sweden,MATERIAL_SAMPLE
57.9359,11.5135,2000,7,Sweden,MATERIAL_SAMPLE
57.9359,11.5135,2000,7,Sweden,MATERIAL_SAMPLE
57.9359,11.5135,2000,7,Sweden,MATERIAL_SAMPLE
57.9373,11.492,2000,7,Sweden,MATERIAL_SAMPLE
57.9373,11.492,2000,7,Sweden,MATERIAL_SAMPLE
57.9373,11.492,2000,7,Sweden,MATERIAL_SAMPLE
57.9373,11.492,2000,7,Sweden,MATERIAL_SAMPLE
57.9373,11.492,2000,7,Sweden,MATERIAL_SAMPLE
57.9373,11.492,2000,7,Sweden,MATERIAL_SAMPLE
57.9373,11.492,2000,7,Sweden,MATERIAL_SAMPLE
57.9373,11.492,2000,7,Sweden,MATERIAL_SAMPLE
57.9373,11.492,2000,7,Sweden,MATERIAL_SAMPLE
57.9373,11.492,2000,7,Sweden,MATERIAL_SAMPLE
57.9373,11.492,2000,7,Sweden,MATERIAL_SAMPLE
57.9373,11.492,2000,7,Sweden,MATERIAL_SAMPLE
57.9373,11.492,2000,7,Sweden,MATERIAL_SAMPLE
57.9373,11.492,2000,7,Sweden,MATERIAL_SAMPLE
57.937336,-6.948281,1990,8,United Kingdom of Great Britain and Northern Ireland,HUMAN_OBSERVATION
57.943008,-6.96429,1990,8,United Kingdom of Great Britain and Northern Ireland,HUMAN_OBSERVATION
57.94645,11.51696,2020,8,Sweden,HUMAN_OBSERVATION
57.947371,-6.684041,1988,7,United Kingdom of Great Britain and Northern Ireland,HUMAN_OBSERVATION
57.947371,-6.684041,1988,7,United Kingdom of Great Britain and Northern Ireland,HUMAN_OBSERVATION
57.949006,-6.614892,1988,7,United Kingdom of Great Britain and Northern Ireland,HUMAN_OBSERVATION
57.949074,-6.970206,1990,8,United Kingdom of Great Britain and Northern Ireland,HUMAN_OBSERVATION
57.95332,11.54977,2019,8,Sweden,HUMAN_OBSERVATION
57.95728,11.53413,2019,7,Sweden,HUMAN_OBSERVATION
57.95885,-5.367347,1996,6,United Kingdom of Great Britain and Northern Ireland,HUMAN_OBSERVATION
57.959405,-6.699152,1988,7,United Kingdom of Great Britain and Northern Ireland,HUMAN_OBSERVATION
57.959405,-6.699152,1988,7,United Kingdom of Great Britain and Northern Ireland,HUMAN_OBSERVATION
57.960618,-6.641772,1988,7,United Kingdom of Great Britain and Northern Ireland,HUMAN_OBSERVATION
57.96829,11.69115,2012,9,Sweden,MATERIAL_SAMPLE
57.97121,11.51983,2019,7,Sweden,HUMAN_OBSERVATION
57.974069,7.551084,2011,9,Norway,HUMAN_OBSERVATION
57.97953,-5.318115,2016,8,United Kingdom of Great Britain and Northern Ireland,HUMAN_OBSERVATION
57.984865,-6.716041,1988,8,United Kingdom of Great Britain and Northern Ireland,HUMAN_OBSERVATION
57.984865,-6.716041,1988,8,United Kingdom of Great Britain and Northern Ireland,HUMAN_OBSERVATION
57.98703,11.78665,2012,8,Sweden,MATERIAL_SAMPLE
57.98752,7.54503,2021,8,Norway,HUMAN_OBSERVATION
57.98752,7.54503,2011,9,Norway,HUMAN_OBSERVATION
57.99264,7.550163,2011,9,Norway,HUMAN_OBSERVATION
57.993096,7.55108,2021,8,Norway,HUMAN_OBSERVATION
57.994475,-6.7478,1988,7,United Kingdom of Great Britain and Northern Ireland,HUMAN_OBSERVATION
57.9945,11.74313,2012,8,Sweden,MATERIAL_SAMPLE
57.99663,7.55409,2021,8,Norway,HUMAN_OBSERVATION
57.99663,7.55409,2011,9,Norway,HUMAN_OBSERVATION
57.998835,7.551965,2021,8,Norway,HUMAN_OBSERVATION
57.998835,7.551965,2011,9,Norway,HUMAN_OBSERVATION
57.999437,-6.711185,1988,7,United Kingdom of Great Britain and Northern Ireland,HUMAN_OBSERVATION
58.00319,-5.418683,2010,8,United Kingdom of Great Britain and Northern Ireland,HUMAN_OBSERVATION
58.003938,7.503246,2013,8,Norway,HUMAN_OBSERVATION
58.004048,11.702511,2022,9,Sweden,MATERIAL_SAMPLE
58.00655,11.69999,2023,9,Sweden,HUMAN_OBSERVATION
58.010866,7.603002,2022,8,Norway,HUMAN_OBSERVATION
58.010866,7.603002,2016,6,Norway,HUMAN_OBSERVATION
58.010866,7.603002,2015,6,Norway,HUMAN_OBSERVATION
58.010866,7.603002,2014,6,Norway,HUMAN_OBSERVATION
58.010866,7.603002,2013,6,Norway,HUMAN_OBSERVATION
58.01334,-5.437515,1996,6,United Kingdom of Great Britain and Northern Ireland,HUMAN_OBSERVATION
58.01337,7.471112,2021,8,Norway,HUMAN_OBSERVATION
58.01376,11.47695,2020,8,Sweden,HUMAN_OBSERVATION
58.01435,-5.436934,1996,6,United Kingdom of Great Britain and Northern Ireland,HUMAN_OBSERVATION
58.01768,7.468016,2021,8,Norway,HUMAN_OBSERVATION
58.017925,7.49879,2013,8,Norway,HUMAN_OBSERVATION
58.028193,-7.062609,1988,8,United Kingdom of Great Britain and Northern Ireland,HUMAN_OBSERVATION
58.030587,-7.047684,1988,8,United Kingdom of Great Britain and Northern Ireland,HUMAN_OBSERVATION
58.031749,-7.041064,1988,8,United Kingdom of Great Britain and Northern Ireland,HUMAN_OBSERVATION
58.032218,-7.029257,1988,8,United Kingdom of Great Britain and Northern Ireland,HUMAN_OBSERVATION
58.033494,-6.690236,1988,7,United Kingdom of Great Britain and Northern Ireland,HUMAN_OBSERVATION
58.034141,-7.026135,1988,8,United Kingdom of Great Britain and Northern Ireland,HUMAN_OBSERVATION
58.034141,-7.026135,1988,8,United Kingdom of Great Britain and Northern Ireland,HUMAN_OBSERVATION
58.035569,-7.012765,1988,8,United Kingdom of Great Britain and Northern Ireland,HUMAN_OBSERVATION
58.035569,-7.012765,1988,8,United Kingdom of Great Britain and Northern Ireland,HUMAN_OBSERVATION
58.038718,-7.001333,1988,8,United Kingdom of Great Britain and Northern Ireland,HUMAN_OBSERVATION
58.040134,-6.68093,1988,7,United Kingdom of Great Britain and Northern Ireland,HUMAN_OBSERVATION
58.04183,7.253971,2021,8,Norway,HUMAN_OBSERVATION
58.044403,7.24573,2021,8,Norway,HUMAN_OBSERVATION
58.047803,6.796081,2023,7,Norway,HUMAN_OBSERVATION
58.04832,7.246402,2021,8,Norway,HUMAN_OBSERVATION
58.048683,11.490883,2016,9,Sweden,MATERIAL_SAMPLE
58.048683,11.490883,2016,9,Sweden,MATERIAL_SAMPLE
58.048683,11.490883,2016,10,Sweden,MATERIAL_SAMPLE
58.0551,-7.064728,1988,8,United Kingdom of Great Britain and Northern Ireland,HUMAN_OBSERVATION
58.055235,-7.061352,1988,8,United Kingdom of Great Britain and Northern Ireland,HUMAN_OBSERVATION
58.05615,6.78962,2014,8,Norway,HUMAN_OBSERVATION
58.057725,6.810047,2023,7,Norway,HUMAN_OBSERVATION
58.05817,11.46818,2020,7,Sweden,HUMAN_OBSERVATION
58.05961,11.44327,2020,7,Sweden,HUMAN_OBSERVATION
58.060603,-7.062113,1988,8,United Kingdom of Great Britain and Northern Ireland,HUMAN_OBSERVATION
58.060603,-7.062113,1988,8,United Kingdom of Great Britain and Northern Ireland,HUMAN_OBSERVATION
58.062698,6.729252,2019,,Norway,HUMAN_OBSERVATION
58.062804,-3.763449,1980,5,United Kingdom of Great Britain and Northern Ireland,HUMAN_OBSERVATION
58.06331,6.72872,2023,7,Norway,HUMAN_OBSERVATION
58.06331,6.72872,2014,8,Norway,HUMAN_OBSERVATION
58.06587,6.775189,2014,8,Norway,HUMAN_OBSERVATION
58.06587,6.775189,2011,9,Norway,HUMAN_OBSERVATION
58.06733,6.7755,2011,9,Norway,HUMAN_OBSERVATION
58.06932,11.43814,2020,7,Sweden,HUMAN_OBSERVATION
58.069324,6.683676,2019,,Norway,HUMAN_OBSERVATION
58.070822,6.77368,2014,8,Norway,HUMAN_OBSERVATION
58.070915,-7.05169,1988,8,United Kingdom of Great Britain and Northern Ireland,HUMAN_OBSERVATION
58.070915,-7.05169,1988,8,United Kingdom of Great Britain and Northern Ireland,HUMAN_OBSERVATION
58.07479,6.670377,2019,8,Norway,HUMAN_OBSERVATION
58.075,11.493,2016,9,Sweden,MATERIAL_SAMPLE
58.075,11.493,2016,9,Sweden,MATERIAL_SAMPLE
58.075,11.493,2016,9,Sweden,MATERIAL_SAMPLE
58.075,11.493,2016,9,Sweden,MATERIAL_SAMPLE
58.075,11.493,2016,9,Sweden,MATERIAL_SAMPLE
58.075,11.493,2016,10,Sweden,MATERIAL_SAMPLE
58.075,11.493,2016,10,Sweden,MATERIAL_SAMPLE
58.075,11.493,2016,10,Sweden,MATERIAL_SAMPLE
58.075,11.493,2016,10,Sweden,MATERIAL_SAMPLE
58.075,11.493,2016,10,Sweden,MATERIAL_SAMPLE
58.075,11.493,2016,10,Sweden,MATERIAL_SAMPLE
58.0776,11.76859,2012,8,Sweden,MATERIAL_SAMPLE
58.09244,-5.273669,2004,8,United Kingdom of Great Britain and Northern Ireland,HUMAN_OBSERVATION
58.09244,-5.273669,2004,8,United Kingdom of Great Britain and Northern Ireland,HUMAN_OBSERVATION
58.0926,-5.274007,2004,8,United Kingdom of Great Britain and Northern Ireland,HUMAN_OBSERVATION
58.093952,-6.382257,1990,8,United Kingdom of Great Britain and Northern Ireland,HUMAN_OBSERVATION
58.09397,11.79511,2012,9,Sweden,MATERIAL_SAMPLE
58.09937,-5.270672,2004,8,United Kingdom of Great Britain and Northern Ireland,HUMAN_OBSERVATION
58.09937,-5.270672,2004,8,United Kingdom of Great Britain and Northern Ireland,HUMAN_OBSERVATION
58.099384,-6.381226,1990,8,United Kingdom of Great Britain and Northern Ireland,HUMAN_OBSERVATION
58.099384,-6.381226,1990,8,United Kingdom of Great Britain and Northern Ireland,HUMAN_OBSERVATION
58.099462,-6.405017,1993,9,United Kingdom of Great Britain and Northern Ireland,HUMAN_OBSERVATION
58.099462,-6.405017,1993,9,United Kingdom of Great Britain and Northern Ireland,HUMAN_OBSERVATION
58.09959,-5.27042,2004,8,United Kingdom of Great Britain and Northern Ireland,HUMAN_OBSERVATION
58.09959,-5.27042,2004,8,United Kingdom of Great Britain and Northern Ireland,HUMAN_OBSERVATION
58.09972,8.09955,2009,7,Norway,HUMAN_OBSERVATION
58.100025,-6.46624,1990,8,United Kingdom of Great Britain and Northern Ireland,HUMAN_OBSERVATION
58.100942,-6.388212,1978,5,United Kingdom of Great Britain and Northern Ireland,HUMAN_OBSERVATION
58.10137,-6.401855,1990,8,United Kingdom of Great Britain and Northern Ireland,HUMAN_OBSERVATION
58.10163,-5.270981,2004,8,United Kingdom of Great Britain and Northern Ireland,HUMAN_OBSERVATION
58.103453,-6.393618,1978,5,United Kingdom of Great Britain and Northern Ireland,HUMAN_OBSERVATION
58.10542,11.42551,2020,7,Sweden,HUMAN_OBSERVATION
58.10549,11.43354,2020,7,Sweden,HUMAN_OBSERVATION
58.10567,8.06328,2009,7,Norway,HUMAN_OBSERVATION
58.10567,8.06328,2008,9,Norway,HUMAN_OBSERVATION
58.10838,-5.279616,2004,8,United Kingdom of Great Britain and Northern Ireland,HUMAN_OBSERVATION
58.111396,-6.397996,1990,8,United Kingdom of Great Britain and Northern Ireland,HUMAN_OBSERVATION
58.111396,-6.397996,1990,8,United Kingdom of Great Britain and Northern Ireland,HUMAN_OBSERVATION
58.111396,-6.397996,1990,8,United Kingdom of Great Britain and Northern Ireland,HUMAN_OBSERVATION
58.113203,-6.423708,1990,8,United Kingdom of Great Britain and Northern Ireland,HUMAN_OBSERVATION
58.113203,-6.423708,1990,8,United Kingdom of Great Britain and Northern Ireland,HUMAN_OBSERVATION
58.113203,-6.423708,1990,8,United Kingdom of Great Britain and Northern Ireland,HUMAN_OBSERVATION
58.11431,-5.281299,2004,8,United Kingdom of Great Britain and Northern Ireland,HUMAN_OBSERVATION
58.115815,-6.40024,1990,8,United Kingdom of Great Britain and Northern Ireland,HUMAN_OBSERVATION
58.11766,11.37632,2020,7,Sweden,HUMAN_OBSERVATION
58.127629,7.995428,2009,7,Norway,HUMAN_OBSERVATION
58.13004,-6.4309,1990,8,United Kingdom of Great Britain and Northern Ireland,HUMAN_OBSERVATION
58.13004,-6.4309,1990,8,United Kingdom of Great Britain and Northern Ireland,HUMAN_OBSERVATION
58.131241,-6.448051,1990,8,United Kingdom of Great Britain and Northern Ireland,HUMAN_OBSERVATION
58.13148,11.38885,2021,8,Sweden,HUMAN_OBSERVATION
58.1323,8.06625,2022,8,Norway,HUMAN_OBSERVATION
58.1323,8.06625,2021,9,Norway,HUMAN_OBSERVATION
58.1323,8.06625,2016,6,Norway,HUMAN_OBSERVATION
58.1323,8.06625,2015,6,Norway,HUMAN_OBSERVATION
58.1323,8.06625,2014,6,Norway,HUMAN_OBSERVATION
58.1323,8.06625,2013,6,Norway,HUMAN_OBSERVATION
58.13673,11.39024,2021,8,Sweden,HUMAN_OBSERVATION
58.14105,11.37815,2021,8,Sweden,HUMAN_OBSERVATION
58.144695,8.035953,2022,8,Norway,HUMAN_OBSERVATION
58.144695,8.035953,2021,9,Norway,HUMAN_OBSERVATION
58.144695,8.035953,2016,6,Norway,HUMAN_OBSERVATION
58.144695,8.035953,2015,6,Norway,HUMAN_OBSERVATION
58.144695,8.035953,2014,6,Norway,HUMAN_OBSERVATION
58.144695,8.035953,2013,6,Norway,HUMAN_OBSERVATION
58.144881,-6.391927,1990,8,United Kingdom of Great Britain and Northern Ireland,HUMAN_OBSERVATION
58.147313,-6.373517,1990,8,United Kingdom of Great Britain and Northern Ireland,HUMAN_OBSERVATION
58.147313,-6.373517,1990,8,United Kingdom of Great Britain and Northern Ireland,HUMAN_OBSERVATION
58.147313,-6.373517,1990,8,United Kingdom of Great Britain and Northern Ireland,HUMAN_OBSERVATION
58.171999,-6.882156,1978,5,United Kingdom of Great Britain and Northern Ireland,HUMAN_OBSERVATION
58.186057,-6.890901,1982,9,United Kingdom of Great Britain and Northern Ireland,HUMAN_OBSERVATION
58.18615,11.42528,2021,8,Sweden,HUMAN_OBSERVATION
58.18939,-6.877877,2002,4,United Kingdom of Great Britain and Northern Ireland,HUMAN_OBSERVATION
58.19063,-6.376655,2002,4,United Kingdom of Great Britain and Northern Ireland,HUMAN_OBSERVATION
58.19087,-6.376292,2002,4,United Kingdom of Great Britain and Northern Ireland,HUMAN_OBSERVATION
58.19109,11.4343,2021,8,Sweden,HUMAN_OBSERVATION
58.19169,11.42068,2021,8,Sweden,HUMAN_OBSERVATION
58.20883,11.48433,2022,8,Sweden,HUMAN_OBSERVATION
58.21012,11.34208,2019,7,Sweden,HUMAN_OBSERVATION
58.21012,11.34208,2014,7,Sweden,HUMAN_OBSERVATION
58.21012,11.34208,2013,7,Sweden,HUMAN_OBSERVATION
58.21012,11.34208,2012,8,Sweden,HUMAN_OBSERVATION
58.21012,11.34208,2011,7,Sweden,HUMAN_OBSERVATION
58.21012,11.34208,2010,7,Sweden,HUMAN_OBSERVATION
58.21012,11.34208,2009,8,Sweden,HUMAN_OBSERVATION
58.2139,6.63673,2023,9,Norway,HUMAN_OBSERVATION
58.214867,-6.264253,1978,5,United Kingdom of Great Britain and Northern Ireland,HUMAN_OBSERVATION
58.21755,-6.912617,1982,9,United Kingdom of Great Britain and Northern Ireland,HUMAN_OBSERVATION
58.218907,-6.902249,1982,9,United Kingdom of Great Britain and Northern Ireland,HUMAN_OBSERVATION
58.22011,11.37858,2019,7,Sweden,HUMAN_OBSERVATION
58.223151,-6.861913,1978,5,United Kingdom of Great Britain and Northern Ireland,HUMAN_OBSERVATION
58.225836,-6.862281,1993,9,United Kingdom of Great Britain and Northern Ireland,HUMAN_OBSERVATION
58.22725,11.38604,2019,7,Sweden,HUMAN_OBSERVATION
58.22727,6.6273,2023,9,Norway,HUMAN_OBSERVATION
58.227448,-6.795997,1982,9,United Kingdom of Great Britain and Northern Ireland,HUMAN_OBSERVATION
58.227448,-6.795997,1982,9,United Kingdom of Great Britain and Northern Ireland,HUMAN_OBSERVATION
58.22833,6.50283,2024,8,Norway,HUMAN_OBSERVATION
58.22833,6.50283,2022,9,Norway,HUMAN_OBSERVATION
58.22833,6.50283,2021,9,Norway,HUMAN_OBSERVATION
58.22833,6.50283,2020,6,Norway,HUMAN_OBSERVATION
58.22833,6.50283,2019,6,Norway,HUMAN_OBSERVATION
58.22833,6.50283,2019,6,Norway,HUMAN_OBSERVATION
58.22833,6.50283,2017,6,Norway,HUMAN_OBSERVATION
58.22833,6.50283,2016,6,Norway,HUMAN_OBSERVATION
58.228471,-6.792725,1982,9,United Kingdom of Great Britain and Northern Ireland,HUMAN_OBSERVATION
58.22948,11.40914,1926,8,Sweden,HUMAN_OBSERVATION
58.22948,11.40914,1926,8,Sweden,HUMAN_OBSERVATION
58.230644,-6.806662,1982,9,United Kingdom of Great Britain and Northern Ireland,HUMAN_OBSERVATION
58.23332,11.56191,1972,8,Sweden,HUMAN_OBSERVATION
58.23556,11.55221,1972,,Sweden,HUMAN_OBSERVATION
58.235566,-6.819268,1978,5,United Kingdom of Great Britain and Northern Ireland,HUMAN_OBSERVATION
58.23775,11.36558,1927,7,Sweden,HUMAN_OBSERVATION
58.23775,11.36558,1927,7,Sweden,HUMAN_OBSERVATION
58.241058,8.383747,2021,9,Norway,HUMAN_OBSERVATION
58.242211,-6.833819,1982,9,United Kingdom of Great Britain and Northern Ireland,HUMAN_OBSERVATION
58.24282,8.38013,2021,9,Norway,HUMAN_OBSERVATION
58.24298,11.41722,1929,7,Sweden,HUMAN_OBSERVATION
58.24367,11.37199,2019,7,Sweden,HUMAN_OBSERVATION
58.24367,11.37199,2014,7,Sweden,HUMAN_OBSERVATION
58.24367,11.37199,2013,7,Sweden,HUMAN_OBSERVATION
58.24367,11.37199,2012,8,Sweden,HUMAN_OBSERVATION
58.24367,11.37199,2011,7,Sweden,HUMAN_OBSERVATION
58.24367,11.37199,2010,7,Sweden,HUMAN_OBSERVATION
58.24367,11.37199,2009,8,Sweden,HUMAN_OBSERVATION
58.24442,-6.893834,1984,7,United Kingdom of Great Britain and Northern Ireland,HUMAN_OBSERVATION
58.24442,-6.893834,1984,7,United Kingdom of Great Britain and Northern Ireland,HUMAN_OBSERVATION
58.2473,-5.201452,2004,8,United Kingdom of Great Britain and Northern Ireland,HUMAN_OBSERVATION
58.24832,11.49824,1927,7,Sweden,HUMAN_OBSERVATION
58.24832,11.49824,1927,7,Sweden,HUMAN_OBSERVATION
58.24861,11.49817,1928,8,Sweden,HUMAN_OBSERVATION
58.25097,11.37823,2019,7,Sweden,HUMAN_OBSERVATION
58.25097,11.37823,2014,7,Sweden,HUMAN_OBSERVATION
58.25097,11.37823,2013,7,Sweden,HUMAN_OBSERVATION
58.25097,11.37823,2012,8,Sweden,HUMAN_OBSERVATION
58.25097,11.37823,2011,7,Sweden,HUMAN_OBSERVATION
58.25097,11.37823,2010,7,Sweden,HUMAN_OBSERVATION
58.25097,11.37823,2009,8,Sweden,HUMAN_OBSERVATION
58.252012,-5.027277,1988,10,United Kingdom of Great Britain and Northern Ireland,HUMAN_OBSERVATION
58.25283,11.44154,2021,7,Sweden,HUMAN_OBSERVATION
58.25309,11.38232,1926,8,Sweden,HUMAN_OBSERVATION
58.25401,-5.238862,1979,8,United Kingdom of Great Britain and Northern Ireland,HUMAN_OBSERVATION
58.254014,-5.056431,1988,10,United Kingdom of Great Britain and Northern Ireland,HUMAN_OBSERVATION
58.254014,-5.056431,1988,10,United Kingdom of Great Britain and Northern Ireland,HUMAN_OBSERVATION
58.25454,8.522821,2022,8,Norway,HUMAN_OBSERVATION
58.25454,8.522821,2018,6,Norway,HUMAN_OBSERVATION
58.25454,8.522821,2016,6,Norway,HUMAN_OBSERVATION
58.25454,8.522821,2015,6,Norway,HUMAN_OBSERVATION
58.25454,8.522821,2014,6,Norway,HUMAN_OBSERVATION
58.25454,8.522821,2013,6,Norway,HUMAN_OBSERVATION
58.25528,11.36148,1926,8,Sweden,HUMAN_OBSERVATION
58.257611,-6.854694,1978,5,United Kingdom of Great Britain and Northern Ireland,HUMAN_OBSERVATION
58.2582,11.41943,1926,8,Sweden,HUMAN_OBSERVATION
58.25833,11.43333,2019,6,Sweden,MATERIAL_SAMPLE
58.258333,11.433333,2016,7,Sweden,MATERIAL_SAMPLE
58.258333,11.433333,2016,9,Sweden,MATERIAL_SAMPLE
58.258333,11.433333,2015,7,Sweden,MATERIAL_SAMPLE
58.258475,-4.981792,1988,10,United Kingdom of Great Britain and Northern Ireland,HUMAN_OBSERVATION
58.25933,11.46619,2021,7,Sweden,HUMAN_OBSERVATION
58.259518,-6.875438,1978,5,United Kingdom of Great Britain and Northern Ireland,HUMAN_OBSERVATION
58.2598,11.43565,2017,1,Sweden,MATERIAL_SAMPLE
58.2598,11.43565,2017,1,Sweden,MATERIAL_SAMPLE
58.25983,11.436,2019,5,Sweden,MATERIAL_SAMPLE
58.25983,11.436,2019,8,Sweden,MATERIAL_SAMPLE
58.25983,11.436,2019,10,Sweden,MATERIAL_SAMPLE
58.259833,11.435667,2017,2,Sweden,MATERIAL_SAMPLE
58.259833,11.435667,2016,8,Sweden,MATERIAL_SAMPLE
58.259833,11.435667,2016,10,Sweden,MATERIAL_SAMPLE
58.2599,-6.873525,1982,9,United Kingdom of Great Britain and Northern Ireland,HUMAN_OBSERVATION
58.260521,8.512294,2015,7,Norway,HUMAN_OBSERVATION
58.26128,11.386,2019,7,Sweden,HUMAN_OBSERVATION
58.26128,11.386,2014,7,Sweden,HUMAN_OBSERVATION
58.26128,11.386,2013,7,Sweden,HUMAN_OBSERVATION
58.26128,11.386,2012,8,Sweden,HUMAN_OBSERVATION
58.26128,11.386,2011,7,Sweden,HUMAN_OBSERVATION
58.26128,11.386,2010,7,Sweden,HUMAN_OBSERVATION
58.26128,11.386,2009,8,Sweden,HUMAN_OBSERVATION
58.261878,-5.028119,1988,10,United Kingdom of Great Britain and Northern Ireland,HUMAN_OBSERVATION
58.261878,-5.028119,1988,10,United Kingdom of Great Britain and Northern Ireland,HUMAN_OBSERVATION
58.26246,11.41399,1926,8,Sweden,HUMAN_OBSERVATION
58.26246,11.41399,1926,8,Sweden,HUMAN_OBSERVATION
58.26246,11.41399,1926,8,Sweden,HUMAN_OBSERVATION
58.26263,11.47036,1926,8,Sweden,HUMAN_OBSERVATION
58.26263,11.47036,1926,8,Sweden,HUMAN_OBSERVATION
58.26263,11.47036,1926,8,Sweden,HUMAN_OBSERVATION
58.26263,11.47036,1926,8,Sweden,HUMAN_OBSERVATION
58.26263,11.47036,1926,8,Sweden,HUMAN_OBSERVATION
58.26332,8.508,2015,7,Norway,HUMAN_OBSERVATION
58.2646,8.51548,2015,7,Norway,HUMAN_OBSERVATION
58.2646,8.51548,2008,6,Norway,HUMAN_OBSERVATION
58.26665,8.51445,2015,7,Norway,HUMAN_OBSERVATION
58.26761,11.45182,1929,7,Sweden,HUMAN_OBSERVATION
58.26766,11.43568,2023,6,Sweden,HUMAN_OBSERVATION
58.26766,11.43568,2022,7,Sweden,HUMAN_OBSERVATION
58.26768,11.43554,2023,6,Sweden,HUMAN_OBSERVATION
58.26768,11.43554,2023,6,Sweden,HUMAN_OBSERVATION
58.26895,11.76559,2012,9,Sweden,MATERIAL_SAMPLE
58.26895,11.76559,2012,9,Sweden,MATERIAL_SAMPLE
58.26923,-6.860687,1982,9,United Kingdom of Great Britain and Northern Ireland,HUMAN_OBSERVATION
58.27087,11.49319,2021,7,Sweden,HUMAN_OBSERVATION
58.273133,8.537156,2022,9,Norway,HUMAN_OBSERVATION
58.273133,8.537156,2018,6,Norway,HUMAN_OBSERVATION
58.273133,8.537156,2016,6,Norway,HUMAN_OBSERVATION
58.273133,8.537156,2015,6,Norway,HUMAN_OBSERVATION
58.273133,8.537156,2014,6,Norway,HUMAN_OBSERVATION
58.273133,8.537156,2013,6,Norway,HUMAN_OBSERVATION
58.275995,-5.15045,1988,10,United Kingdom of Great Britain and Northern Ireland,HUMAN_OBSERVATION
58.28337,11.50038,1977,8,Sweden,HUMAN_OBSERVATION
58.284674,-5.199002,1988,10,United Kingdom of Great Britain and Northern Ireland,HUMAN_OBSERVATION
58.28557,11.33504,2019,7,Sweden,HUMAN_OBSERVATION
58.28557,11.33504,2014,7,Sweden,HUMAN_OBSERVATION
58.28557,11.33504,2013,7,Sweden,HUMAN_OBSERVATION
58.28557,11.33504,2012,8,Sweden,HUMAN_OBSERVATION
58.28557,11.33504,2011,7,Sweden,HUMAN_OBSERVATION
58.28557,11.33504,2010,7,Sweden,HUMAN_OBSERVATION
58.28557,11.33504,2009,8,Sweden,HUMAN_OBSERVATION
58.288133,-5.204435,1988,10,United Kingdom of Great Britain and Northern Ireland,HUMAN_OBSERVATION
58.288133,-5.204435,1988,10,United Kingdom of Great Britain and Northern Ireland,HUMAN_OBSERVATION
58.28905,8.52368,2015,7,Norway,HUMAN_OBSERVATION
58.29045,8.53889,2015,7,Norway,HUMAN_OBSERVATION
58.29098,11.49335,1927,7,Sweden,HUMAN_OBSERVATION
58.29108,11.76059,2012,9,Sweden,MATERIAL_SAMPLE
58.29757,11.34129,1926,8,Sweden,HUMAN_OBSERVATION
58.29757,11.34129,1926,8,Sweden,HUMAN_OBSERVATION
58.29878,11.33117,2019,7,Sweden,HUMAN_OBSERVATION
58.29878,11.33117,2014,7,Sweden,HUMAN_OBSERVATION
58.29878,11.33117,2013,7,Sweden,HUMAN_OBSERVATION
58.29878,11.33117,2012,8,Sweden,HUMAN_OBSERVATION
58.29878,11.33117,2011,7,Sweden,HUMAN_OBSERVATION
58.29878,11.33117,2010,7,Sweden,HUMAN_OBSERVATION
58.29878,11.33117,2009,8,Sweden,HUMAN_OBSERVATION
58.30692,11.78476,2012,9,Sweden,MATERIAL_SAMPLE
58.30692,11.78476,2012,9,Sweden,MATERIAL_SAMPLE
58.308865,-5.129468,1994,5,United Kingdom of Great Britain and Northern Ireland,HUMAN_OBSERVATION
58.30941,11.78493,2012,9,Sweden,MATERIAL_SAMPLE
58.31599,11.76178,2012,9,Sweden,MATERIAL_SAMPLE
58.316602,8.581778,2022,8,Norway,HUMAN_OBSERVATION
58.316602,8.581778,2016,6,Norway,HUMAN_OBSERVATION
58.316602,8.581778,2015,6,Norway,HUMAN_OBSERVATION
58.316602,8.581778,2014,6,Norway,HUMAN_OBSERVATION
58.316602,8.581778,2013,6,Norway,HUMAN_OBSERVATION
58.31828,11.73711,2012,9,Sweden,MATERIAL_SAMPLE
58.31828,11.73711,2012,9,Sweden,MATERIAL_SAMPLE
58.32285,8.5974,2015,7,Norway,HUMAN_OBSERVATION
58.32638,11.53979,1927,7,Sweden,HUMAN_OBSERVATION
58.32638,11.53979,1927,7,Sweden,HUMAN_OBSERVATION
58.32746,8.58619,2015,7,Norway,HUMAN_OBSERVATION
58.3287,11.56511,1926,8,Sweden,HUMAN_OBSERVATION
58.3287,11.56511,1926,8,Sweden,HUMAN_OBSERVATION
58.33081,11.23589,2021,8,Sweden,HUMAN_OBSERVATION
58.33081,11.23589,2012,7,Sweden,HUMAN_OBSERVATION
58.34452,11.25358,2021,8,Sweden,HUMAN_OBSERVATION
58.34547,11.24351,2021,8,Sweden,HUMAN_OBSERVATION
58.3508,11.15018,2009,8,Sweden,MATERIAL_SAMPLE
58.351,11.15708,2010,9,Sweden,MATERIAL_SAMPLE
58.37773,11.24119,2021,8,Sweden,HUMAN_OBSERVATION
58.37969,11.60392,1927,7,Sweden,HUMAN_OBSERVATION
58.38454,-5.044386,2001,7,United Kingdom of Great Britain and Northern Ireland,HUMAN_OBSERVATION
58.38491,11.23129,2021,8,Sweden,HUMAN_OBSERVATION
58.3868,11.23012,2021,8,Sweden,HUMAN_OBSERVATION
58.38686,-5.058184,2009,8,United Kingdom of Great Britain and Northern Ireland,HUMAN_OBSERVATION
58.38686,-5.058184,2009,8,United Kingdom of Great Britain and Northern Ireland,HUMAN_OBSERVATION
58.38686,-5.058184,2009,8,United Kingdom of Great Britain and Northern Ireland,HUMAN_OBSERVATION
58.39072,-5.070458,2009,8,United Kingdom of Great Britain and Northern Ireland,HUMAN_OBSERVATION
58.39539,-5.086769,2001,7,United Kingdom of Great Britain and Northern Ireland,HUMAN_OBSERVATION
58.39539,-5.086769,2001,7,United Kingdom of Great Britain and Northern Ireland,HUMAN_OBSERVATION
58.3957,11.59311,1929,7,Sweden,HUMAN_OBSERVATION
58.3957,11.59311,1929,7,Sweden,HUMAN_OBSERVATION
58.3957,11.59311,1929,7,Sweden,HUMAN_OBSERVATION
58.3957,11.59311,1929,7,Sweden,HUMAN_OBSERVATION
58.39637,11.61047,1926,8,Sweden,HUMAN_OBSERVATION
58.39637,11.61047,1926,8,Sweden,HUMAN_OBSERVATION
58.40062,11.62947,1929,7,Sweden,HUMAN_OBSERVATION
58.40062,11.62947,1929,7,Sweden,HUMAN_OBSERVATION
58.40185,-5.102941,2009,8,United Kingdom of Great Britain and Northern Ireland,HUMAN_OBSERVATION
58.40185,-5.102941,2009,8,United Kingdom of Great Britain and Northern Ireland,HUMAN_OBSERVATION
58.401953,-5.070952,1991,5,United Kingdom of Great Britain and Northern Ireland,HUMAN_OBSERVATION
58.404274,-5.086563,1991,5,United Kingdom of Great Britain and Northern Ireland,HUMAN_OBSERVATION
58.4043,-5.071092,2009,8,United Kingdom of Great Britain and Northern Ireland,HUMAN_OBSERVATION
58.40554,-5.103539,2009,8,United Kingdom of Great Britain and Northern Ireland,HUMAN_OBSERVATION
58.40662,-5.12219,2009,8,United Kingdom of Great Britain and Northern Ireland,HUMAN_OBSERVATION
58.41817,-5.126288,2009,8,United Kingdom of Great Britain and Northern Ireland,HUMAN_OBSERVATION
58.41817,-5.126288,2009,8,United Kingdom of Great Britain and Northern Ireland,HUMAN_OBSERVATION
58.41917,-5.100962,2009,8,United Kingdom of Great Britain and Northern Ireland,HUMAN_OBSERVATION
58.41917,-5.100962,2009,8,United Kingdom of Great Britain and Northern Ireland,HUMAN_OBSERVATION
58.42262,-5.109883,2001,7,United Kingdom of Great Britain and Northern Ireland,HUMAN_OBSERVATION
58.42262,-5.109883,2001,7,United Kingdom of Great Britain and Northern Ireland,HUMAN_OBSERVATION
58.42429,11.59383,1927,7,Sweden,HUMAN_OBSERVATION
58.42429,11.59383,1927,7,Sweden,HUMAN_OBSERVATION
58.42467,11.65373,1927,7,Sweden,HUMAN_OBSERVATION
58.44283,-5.119458,2002,5,United Kingdom of Great Britain and Northern Ireland,HUMAN_OBSERVATION
58.457918,-4.743188,1986,8,United Kingdom of Great Britain and Northern Ireland,HUMAN_OBSERVATION
58.478093,-4.724174,1986,8,United Kingdom of Great Britain and Northern Ireland,HUMAN_OBSERVATION
58.487607,-4.699172,1986,8,United Kingdom of Great Britain and Northern Ireland,HUMAN_OBSERVATION
58.497331,-4.663873,1986,8,United Kingdom of Great Britain and Northern Ireland,HUMAN_OBSERVATION
58.49773,11.25622,2020,7,Sweden,HUMAN_OBSERVATION
58.501386,5.788645,2019,7,Norway,HUMAN_OBSERVATION
58.505476,-4.661057,1986,8,United Kingdom of Great Britain and Northern Ireland,HUMAN_OBSERVATION
58.505476,-4.661057,1986,8,United Kingdom of Great Britain and Northern Ireland,HUMAN_OBSERVATION
58.508096,-4.664689,1986,8,United Kingdom of Great Britain and Northern Ireland,HUMAN_OBSERVATION
58.51233,8.94433,2011,8,Norway,HUMAN_OBSERVATION
58.5132,8.944219,2022,8,Norway,HUMAN_OBSERVATION
58.5132,8.944219,2018,6,Norway,HUMAN_OBSERVATION
58.5132,8.944219,2016,6,Norway,HUMAN_OBSERVATION
58.5132,8.944219,2015,6,Norway,HUMAN_OBSERVATION
58.5132,8.944219,2014,6,Norway,HUMAN_OBSERVATION
58.5132,8.944219,2013,6,Norway,HUMAN_OBSERVATION
58.51472,11.23061,2020,7,Sweden,HUMAN_OBSERVATION
58.516455,-4.651585,1986,8,United Kingdom of Great Britain and Northern Ireland,HUMAN_OBSERVATION
58.516455,-4.651585,1986,8,United Kingdom of Great Britain and Northern Ireland,HUMAN_OBSERVATION
58.516984,8.925353,2015,7,Norway,HUMAN_OBSERVATION
58.516984,8.925353,2011,8,Norway,HUMAN_OBSERVATION
58.518917,8.9419,2011,8,Norway,HUMAN_OBSERVATION
58.51946,8.932627,2015,7,Norway,HUMAN_OBSERVATION
58.51946,8.932627,2011,8,Norway,HUMAN_OBSERVATION
58.521033,8.942386,2011,8,Norway,HUMAN_OBSERVATION
58.521817,8.930765,2020,7,Norway,HUMAN_OBSERVATION
58.521817,8.930765,2015,7,Norway,HUMAN_OBSERVATION
58.521817,8.930765,2011,8,Norway,HUMAN_OBSERVATION
58.523948,8.9409,2020,7,Norway,HUMAN_OBSERVATION
58.523948,8.9409,2015,7,Norway,HUMAN_OBSERVATION
58.523948,8.9409,2011,8,Norway,HUMAN_OBSERVATION
58.525142,-4.665983,1986,8,United Kingdom of Great Britain and Northern Ireland,HUMAN_OBSERVATION
58.529684,-4.619942,1986,8,United Kingdom of Great Britain and Northern Ireland,HUMAN_OBSERVATION
58.529684,-4.619942,1986,8,United Kingdom of Great Britain and Northern Ireland,HUMAN_OBSERVATION
58.54041,11.22559,2020,7,Sweden,HUMAN_OBSERVATION
58.5441,11.16612,2020,8,Sweden,HUMAN_OBSERVATION
58.54827,11.09336,2020,8,Sweden,HUMAN_OBSERVATION
58.556141,-4.644269,1986,8,United Kingdom of Great Britain and Northern Ireland,HUMAN_OBSERVATION
58.56669,11.22304,2020,8,Sweden,HUMAN_OBSERVATION
58.567886,8.968593,2020,7,Norway,HUMAN_OBSERVATION
58.5757,11.07526,2020,8,Sweden,HUMAN_OBSERVATION
58.576102,-4.590727,1986,8,United Kingdom of Great Britain and Northern Ireland,HUMAN_OBSERVATION
58.577367,8.987806,2020,5,Norway,HUMAN_OBSERVATION
58.59028,11.25167,2020,7,Sweden,HUMAN_OBSERVATION
58.60531,11.19989,2020,8,Sweden,HUMAN_OBSERVATION
58.60815,11.22047,2020,8,Sweden,HUMAN_OBSERVATION
58.61254,11.18116,2020,8,Sweden,HUMAN_OBSERVATION
58.62345,11.22604,2020,8,Sweden,HUMAN_OBSERVATION
58.707781,9.237913,2014,8,Norway,HUMAN_OBSERVATION
58.74279,9.267662,2022,8,Norway,HUMAN_OBSERVATION
58.74279,9.267662,2016,6,Norway,HUMAN_OBSERVATION
58.74279,9.267662,2015,6,Norway,HUMAN_OBSERVATION
58.74279,9.267662,2014,6,Norway,HUMAN_OBSERVATION
58.74279,9.267662,2013,6,Norway,HUMAN_OBSERVATION
58.81203,11.15462,2019,9,Sweden,HUMAN_OBSERVATION
58.82282,11.07058,2021,9,Sweden,HUMAN_OBSERVATION
58.8235,-3.032961,1997,5,United Kingdom of Great Britain and Northern Ireland,HUMAN_OBSERVATION
58.8235,-3.032961,1997,5,United Kingdom of Great Britain and Northern Ireland,HUMAN_OBSERVATION
58.83213,11.05182,2021,9,Sweden,HUMAN_OBSERVATION
58.83257,11.13102,2019,9,Sweden,HUMAN_OBSERVATION
58.8341,11.03961,2021,9,Sweden,HUMAN_OBSERVATION
58.83427,11.08083,2019,9,Sweden,HUMAN_OBSERVATION
58.83499,-2.939755,1997,5,United Kingdom of Great Britain and Northern Ireland,HUMAN_OBSERVATION
58.83792,11.04479,2006,6,Sweden,HUMAN_OBSERVATION
58.83883,11.03886,1999,3,Sweden,HUMAN_OBSERVATION
58.842245,-3.047381,1997,5,United Kingdom of Great Britain and Northern Ireland,HUMAN_OBSERVATION
58.84483,-3.190833,1995,7,United Kingdom of Great Britain and Northern Ireland,HUMAN_OBSERVATION
58.845033,-3.191483,2015,7,United Kingdom of Great Britain and Northern Ireland,MATERIAL_SAMPLE
58.845033,-3.191483,2015,7,United Kingdom of Great Britain and Northern Ireland,MATERIAL_SAMPLE
58.85083,11.13073,2006,9,Sweden,HUMAN_OBSERVATION
58.852704,-2.973167,1997,5,United Kingdom of Great Britain and Northern Ireland,HUMAN_OBSERVATION
58.853471,-2.990521,1997,5,United Kingdom of Great Britain and Northern Ireland,HUMAN_OBSERVATION
58.853471,-2.990521,1997,5,United Kingdom of Great Britain and Northern Ireland,HUMAN_OBSERVATION
58.853471,-2.990521,1997,5,United Kingdom of Great Britain and Northern Ireland,HUMAN_OBSERVATION
58.856917,-3.103781,2015,7,United Kingdom of Great Britain and Northern Ireland,MATERIAL_SAMPLE
58.856917,-3.103781,2015,7,United Kingdom of Great Britain and Northern Ireland,MATERIAL_SAMPLE
58.856917,-3.103781,2015,7,United Kingdom of Great Britain and Northern Ireland,MATERIAL_SAMPLE
58.856917,-3.103781,2015,7,United Kingdom of Great Britain and Northern Ireland,MATERIAL_SAMPLE
58.859877,11.080491,,,Sweden,OCCURRENCE
58.859877,11.080491,,,Sweden,OCCURRENCE
58.861017,-2.942194,1997,5,United Kingdom of Great Britain and Northern Ireland,HUMAN_OBSERVATION
58.873508,-3.438556,1995,7,United Kingdom of Great Britain and Northern Ireland,HUMAN_OBSERVATION
58.87369,11.09328,2022,5,Sweden,HUMAN_OBSERVATION
58.8749,11.1047,1994,10,Sweden,HUMAN_OBSERVATION
58.875155,11.103194,,,Sweden,OCCURRENCE
58.87552,11.10499,2019,8,Sweden,HUMAN_OBSERVATION
58.87557,11.10612,2018,5,Sweden,HUMAN_OBSERVATION
58.87567,11.10414,2018,5,Sweden,HUMAN_OBSERVATION
58.87633,11.111884,2018,,Sweden,OCCURRENCE
58.87633,11.111884,2018,,Sweden,OCCURRENCE
58.87633,11.111884,2018,,Sweden,OCCURRENCE
58.87633,11.111884,2018,,Sweden,OCCURRENCE
58.87633,11.111884,2018,,Sweden,OCCURRENCE
58.87633,11.111884,2018,,Sweden,OCCURRENCE
58.87633,11.111884,,,Sweden,OCCURRENCE
58.87666,11.11306,1988,8,Sweden,HUMAN_OBSERVATION
58.87697,11.11622,2023,8,Sweden,HUMAN_OBSERVATION
58.87719,11.11359,2010,8,Sweden,HUMAN_OBSERVATION
58.87723,11.10167,2006,5,Sweden,HUMAN_OBSERVATION
58.87822,11.13704,1977,8,Sweden,HUMAN_OBSERVATION
58.87911,11.0947,1988,,Sweden,HUMAN_OBSERVATION
58.879953,-3.154334,1997,5,United Kingdom of Great Britain and Northern Ireland,HUMAN_OBSERVATION
58.88324,11.11688,2017,5,Sweden,HUMAN_OBSERVATION
58.886019,-3.178825,1995,7,United Kingdom of Great Britain and Northern Ireland,HUMAN_OBSERVATION
58.886019,-3.178825,1995,7,United Kingdom of Great Britain and Northern Ireland,HUMAN_OBSERVATION
58.886019,-3.178825,1995,7,United Kingdom of Great Britain and Northern Ireland,HUMAN_OBSERVATION
58.887033,-3.433913,1995,7,United Kingdom of Great Britain and Northern Ireland,HUMAN_OBSERVATION
58.889075,-3.236188,1995,7,United Kingdom of Great Britain and Northern Ireland,HUMAN_OBSERVATION
58.889075,-3.236188,1995,7,United Kingdom of Great Britain and Northern Ireland,HUMAN_OBSERVATION
58.889075,-3.236188,1995,7,United Kingdom of Great Britain and Northern Ireland,HUMAN_OBSERVATION
58.88949,11.09355,2019,8,Sweden,HUMAN_OBSERVATION
58.889926,-2.91869,1997,5,United Kingdom of Great Britain and Northern Ireland,HUMAN_OBSERVATION
58.890849,-2.915244,1997,5,United Kingdom of Great Britain and Northern Ireland,HUMAN_OBSERVATION
58.890898,-2.908304,1997,5,United Kingdom of Great Britain and Northern Ireland,HUMAN_OBSERVATION
58.891885,-3.125232,1997,5,United Kingdom of Great Britain and Northern Ireland,HUMAN_OBSERVATION
58.8925,11.0636,2019,8,Sweden,HUMAN_OBSERVATION
58.89275,11.09151,1982,,Sweden,HUMAN_OBSERVATION
58.893333,-2.912,2014,9,United Kingdom of Great Britain and Northern Ireland,MATERIAL_SAMPLE
58.893333,-2.912,2014,9,United Kingdom of Great Britain and Northern Ireland,MATERIAL_SAMPLE
58.900428,-3.269572,1995,7,United Kingdom of Great Britain and Northern Ireland,HUMAN_OBSERVATION
58.905065,-3.427716,1995,7,United Kingdom of Great Britain and Northern Ireland,HUMAN_OBSERVATION
58.90765,-2.94805,2008,,United Kingdom of Great Britain and Northern Ireland,HUMAN_OBSERVATION
58.9118,-3.207484,1995,7,United Kingdom of Great Britain and Northern Ireland,HUMAN_OBSERVATION
58.912031,-3.276943,1995,7,United Kingdom of Great Britain and Northern Ireland,HUMAN_OBSERVATION
58.913462,-3.31346,1995,7,United Kingdom of Great Britain and Northern Ireland,HUMAN_OBSERVATION
58.913741,-3.191924,1997,5,United Kingdom of Great Britain and Northern Ireland,HUMAN_OBSERVATION
58.913741,-3.191924,1997,5,United Kingdom of Great Britain and Northern Ireland,HUMAN_OBSERVATION
58.915055,-3.417709,1995,7,United Kingdom of Great Britain and Northern Ireland,HUMAN_OBSERVATION
58.916348,-3.312267,2015,7,United Kingdom of Great Britain and Northern Ireland,MATERIAL_SAMPLE
58.916348,-3.312267,2015,7,United Kingdom of Great Britain and Northern Ireland,MATERIAL_SAMPLE
58.91664,11.08342,2019,8,Sweden,HUMAN_OBSERVATION
58.916965,-3.132994,1997,5,United Kingdom of Great Britain and Northern Ireland,HUMAN_OBSERVATION
58.917106,-3.308389,1995,7,United Kingdom of Great Britain and Northern Ireland,HUMAN_OBSERVATION
58.919765,-3.120929,1997,5,United Kingdom of Great Britain and Northern Ireland,HUMAN_OBSERVATION
58.92018,-3.270297,1995,7,United Kingdom of Great Britain and Northern Ireland,HUMAN_OBSERVATION
58.921472,-3.405814,1995,7,United Kingdom of Great Britain and Northern Ireland,HUMAN_OBSERVATION
58.923173,-3.414568,1995,7,United Kingdom of Great Britain and Northern Ireland,HUMAN_OBSERVATION
58.923371,-3.119309,1997,5,United Kingdom of Great Britain and Northern Ireland,HUMAN_OBSERVATION
58.923968,-2.796282,1996,7,United Kingdom of Great Britain and Northern Ireland,HUMAN_OBSERVATION
58.924956,-3.240945,1995,7,United Kingdom of Great Britain and Northern Ireland,HUMAN_OBSERVATION
58.926953,-3.397352,1995,7,United Kingdom of Great Britain and Northern Ireland,HUMAN_OBSERVATION
58.929106,-2.964894,1997,5,United Kingdom of Great Britain and Northern Ireland,HUMAN_OBSERVATION
58.92937,11.12159,2021,9,Sweden,HUMAN_OBSERVATION
58.93,11.16,2014,9,Sweden,MATERIAL_SAMPLE
58.932367,5.983885,2022,7,Norway,HUMAN_OBSERVATION
58.932872,5.575178,2022,8,Norway,HUMAN_OBSERVATION
58.93445,11.0297,2006,7,Sweden,HUMAN_OBSERVATION
58.941642,-3.279775,1995,7,United Kingdom of Great Britain and Northern Ireland,HUMAN_OBSERVATION
58.944775,-3.234705,1997,5,United Kingdom of Great Britain and Northern Ireland,HUMAN_OBSERVATION
58.9484,11.10703,2021,8,Sweden,HUMAN_OBSERVATION
58.951523,-2.973619,2019,5,United Kingdom of Great Britain and Northern Ireland,HUMAN_OBSERVATION
58.951563,-2.835158,1996,8,United Kingdom of Great Britain and Northern Ireland,HUMAN_OBSERVATION
58.951563,-2.835158,1996,8,United Kingdom of Great Britain and Northern Ireland,HUMAN_OBSERVATION
58.951563,-2.835158,1996,8,United Kingdom of Great Britain and Northern Ireland,HUMAN_OBSERVATION
58.95245,11.08492,2021,8,Sweden,HUMAN_OBSERVATION
58.952789,-3.241945,1995,7,United Kingdom of Great Britain and Northern Ireland,HUMAN_OBSERVATION
58.954235,-2.838699,1996,8,United Kingdom of Great Britain and Northern Ireland,HUMAN_OBSERVATION
58.954235,-2.838699,1996,8,United Kingdom of Great Britain and Northern Ireland,HUMAN_OBSERVATION
58.955912,-2.708361,1996,7,United Kingdom of Great Britain and Northern Ireland,HUMAN_OBSERVATION
58.955912,-2.708361,1996,7,United Kingdom of Great Britain and Northern Ireland,HUMAN_OBSERVATION
58.956486,-2.971292,2014,7,United Kingdom of Great Britain and Northern Ireland,MATERIAL_SAMPLE
58.956486,-2.971292,2014,7,United Kingdom of Great Britain and Northern Ireland,MATERIAL_SAMPLE
58.958771,6.005157,2014,8,Norway,HUMAN_OBSERVATION
58.959934,-3.336092,1995,7,United Kingdom of Great Britain and Northern Ireland,HUMAN_OBSERVATION
58.961497,-3.270078,1995,7,United Kingdom of Great Britain and Northern Ireland,HUMAN_OBSERVATION
58.963531,-2.7885,1996,7,United Kingdom of Great Britain and Northern Ireland,HUMAN_OBSERVATION
58.963656,-2.767638,1996,7,United Kingdom of Great Britain and Northern Ireland,HUMAN_OBSERVATION
58.964115,-3.262315,2015,7,United Kingdom of Great Britain and Northern Ireland,MATERIAL_SAMPLE
58.964115,-3.262315,2015,7,United Kingdom of Great Britain and Northern Ireland,MATERIAL_SAMPLE
58.964666,-2.748534,1996,7,United Kingdom of Great Britain and Northern Ireland,HUMAN_OBSERVATION
58.964706,-2.741579,1996,8,United Kingdom of Great Britain and Northern Ireland,HUMAN_OBSERVATION
58.967921,5.892212,2022,7,Norway,HUMAN_OBSERVATION
58.968897,-2.792101,1996,8,United Kingdom of Great Britain and Northern Ireland,HUMAN_OBSERVATION
58.968897,-2.792101,1996,8,United Kingdom of Great Britain and Northern Ireland,HUMAN_OBSERVATION
58.968962,5.878673,2024,8,Norway,HUMAN_OBSERVATION
58.968962,5.878673,2022,9,Norway,HUMAN_OBSERVATION
58.968962,5.878673,2021,9,Norway,HUMAN_OBSERVATION
58.968962,5.878673,2017,7,Norway,HUMAN_OBSERVATION
58.968962,5.878673,2016,6,Norway,HUMAN_OBSERVATION
58.968962,5.878673,2016,9,Norway,HUMAN_OBSERVATION
58.968962,5.878673,2015,6,Norway,HUMAN_OBSERVATION
58.968962,5.878673,2014,6,Norway,HUMAN_OBSERVATION
58.970279,-2.708656,1996,7,United Kingdom of Great Britain and Northern Ireland,HUMAN_OBSERVATION
58.97042,5.87903,2024,8,Norway,HUMAN_OBSERVATION
58.97153,5.85768,2024,8,Norway,HUMAN_OBSERVATION
58.971699,-2.912169,1995,6,United Kingdom of Great Britain and Northern Ireland,HUMAN_OBSERVATION
58.971699,-2.912169,1995,6,United Kingdom of Great Britain and Northern Ireland,HUMAN_OBSERVATION
58.973833,-2.715686,1996,7,United Kingdom of Great Britain and Northern Ireland,HUMAN_OBSERVATION
58.973833,-2.715686,1996,7,United Kingdom of Great Britain and Northern Ireland,HUMAN_OBSERVATION
58.975822,-3.3628,1995,7,United Kingdom of Great Britain and Northern Ireland,HUMAN_OBSERVATION
58.979694,-2.78887,1996,7,United Kingdom of Great Britain and Northern Ireland,HUMAN_OBSERVATION
58.979694,-2.78887,1996,7,United Kingdom of Great Britain and Northern Ireland,HUMAN_OBSERVATION
58.979808,5.734459,2014,8,Norway,HUMAN_OBSERVATION
58.986435,-2.858621,1995,6,United Kingdom of Great Britain and Northern Ireland,HUMAN_OBSERVATION
58.987687,-2.957954,2015,9,United Kingdom of Great Britain and Northern Ireland,MATERIAL_SAMPLE
58.987687,-2.957954,2015,9,United Kingdom of Great Britain and Northern Ireland,MATERIAL_SAMPLE
58.990164,-2.837832,1995,6,United Kingdom of Great Britain and Northern Ireland,HUMAN_OBSERVATION
58.990448,-2.792596,1996,7,United Kingdom of Great Britain and Northern Ireland,HUMAN_OBSERVATION
58.990448,-2.792596,1996,7,United Kingdom of Great Britain and Northern Ireland,HUMAN_OBSERVATION
58.990448,-2.792596,1996,7,United Kingdom of Great Britain and Northern Ireland,HUMAN_OBSERVATION
58.990761,-2.883091,1995,6,United Kingdom of Great Britain and Northern Ireland,HUMAN_OBSERVATION
58.990761,-2.883091,1995,6,United Kingdom of Great Britain and Northern Ireland,HUMAN_OBSERVATION
58.99358,9.808552,2022,8,Norway,HUMAN_OBSERVATION
58.99358,9.808552,2021,9,Norway,HUMAN_OBSERVATION
58.99358,9.808552,2020,9,Norway,HUMAN_OBSERVATION
58.99358,9.808552,2019,9,Norway,HUMAN_OBSERVATION
58.99358,9.808552,2018,8,Norway,HUMAN_OBSERVATION
58.99358,9.808552,2016,6,Norway,HUMAN_OBSERVATION
58.99358,9.808552,2015,6,Norway,HUMAN_OBSERVATION
58.99358,9.808552,2014,6,Norway,HUMAN_OBSERVATION
58.99358,9.808552,2013,6,Norway,HUMAN_OBSERVATION
58.994874,-2.80314,1996,8,United Kingdom of Great Britain and Northern Ireland,HUMAN_OBSERVATION
58.996659,-2.804922,1995,6,United Kingdom of Great Britain and Northern Ireland,HUMAN_OBSERVATION
58.997683,6.278392,2023,7,Norway,HUMAN_OBSERVATION
58.99958,6.281,2023,7,Norway,HUMAN_OBSERVATION
59.000041,-2.966879,1995,6,United Kingdom of Great Britain and Northern Ireland,HUMAN_OBSERVATION
59.000044,-3.365498,1997,5,United Kingdom of Great Britain and Northern Ireland,HUMAN_OBSERVATION
59.003734,5.664606,2014,8,Norway,HUMAN_OBSERVATION
59.004098,-2.902581,1996,8,United Kingdom of Great Britain and Northern Ireland,HUMAN_OBSERVATION
59.006301,-3.083699,1996,8,United Kingdom of Great Britain and Northern Ireland,HUMAN_OBSERVATION
59.006301,-3.083699,1996,8,United Kingdom of Great Britain and Northern Ireland,HUMAN_OBSERVATION
59.007243,-3.078506,1995,6,United Kingdom of Great Britain and Northern Ireland,HUMAN_OBSERVATION
59.007243,-3.078506,1995,6,United Kingdom of Great Britain and Northern Ireland,HUMAN_OBSERVATION
59.007738,-2.895713,1995,6,United Kingdom of Great Britain and Northern Ireland,HUMAN_OBSERVATION
59.008124,-3.365818,1995,7,United Kingdom of Great Britain and Northern Ireland,HUMAN_OBSERVATION
59.008796,-2.996723,1995,6,United Kingdom of Great Britain and Northern Ireland,HUMAN_OBSERVATION
59.012543,-3.08912,1995,6,United Kingdom of Great Britain and Northern Ireland,HUMAN_OBSERVATION
59.013911,-3.031698,1995,6,United Kingdom of Great Britain and Northern Ireland,HUMAN_OBSERVATION
59.015599,-2.927262,1995,6,United Kingdom of Great Britain and Northern Ireland,HUMAN_OBSERVATION
59.016207,-3.080528,1996,8,United Kingdom of Great Britain and Northern Ireland,HUMAN_OBSERVATION
59.016207,-3.080528,1996,8,United Kingdom of Great Britain and Northern Ireland,HUMAN_OBSERVATION
59.01781,10.09336,2019,7,Norway,HUMAN_OBSERVATION
59.01935,-2.904723,1995,6,United Kingdom of Great Britain and Northern Ireland,HUMAN_OBSERVATION
59.0208,5.9551,2012,7,Norway,HUMAN_OBSERVATION
59.02108,-3.033654,1995,6,United Kingdom of Great Britain and Northern Ireland,HUMAN_OBSERVATION
59.022679,-3.058087,1995,6,United Kingdom of Great Britain and Northern Ireland,HUMAN_OBSERVATION
59.02325,9.753881,2022,8,Norway,HUMAN_OBSERVATION
59.02325,9.753881,2020,9,Norway,HUMAN_OBSERVATION
59.02325,9.753881,2019,9,Norway,HUMAN_OBSERVATION
59.02325,9.753881,2018,8,Norway,HUMAN_OBSERVATION
59.02325,9.753881,2016,6,Norway,HUMAN_OBSERVATION
59.02325,9.753881,2015,6,Norway,HUMAN_OBSERVATION
59.02325,9.753881,2014,6,Norway,HUMAN_OBSERVATION
59.02325,9.753881,2013,6,Norway,HUMAN_OBSERVATION
59.023875,5.613887,2014,8,Norway,HUMAN_OBSERVATION
59.024127,-2.988457,1995,6,United Kingdom of Great Britain and Northern Ireland,HUMAN_OBSERVATION
59.025,-2.86655,1995,6,United Kingdom of Great Britain and Northern Ireland,HUMAN_OBSERVATION
59.0267,10.5268,2022,8,Norway,HUMAN_OBSERVATION
59.0267,10.5268,2021,9,Norway,HUMAN_OBSERVATION
59.0267,10.5268,2020,9,Norway,HUMAN_OBSERVATION
59.0267,10.5268,2019,10,Norway,HUMAN_OBSERVATION
59.0267,10.5268,2018,8,Norway,HUMAN_OBSERVATION
59.0267,10.5268,2016,9,Norway,HUMAN_OBSERVATION
59.031048,-2.901546,1995,6,United Kingdom of Great Britain and Northern Ireland,HUMAN_OBSERVATION
59.031633,-2.905917,2012,11,United Kingdom of Great Britain and Northern Ireland,MATERIAL_SAMPLE
59.031633,-2.905917,2012,11,United Kingdom of Great Britain and Northern Ireland,MATERIAL_SAMPLE
59.032504,-2.905155,2012,11,United Kingdom of Great Britain and Northern Ireland,HUMAN_OBSERVATION
59.034937,5.745562,2014,8,Norway,HUMAN_OBSERVATION
59.037479,5.52271,2015,8,Norway,HUMAN_OBSERVATION
59.038154,-3.032424,1995,6,United Kingdom of Great Britain and Northern Ireland,HUMAN_OBSERVATION
59.038457,11.115303,2022,8,Norway,HUMAN_OBSERVATION
59.038457,11.115303,2021,9,Norway,HUMAN_OBSERVATION
59.038457,11.115303,2020,9,Norway,HUMAN_OBSERVATION
59.038457,11.115303,2019,9,Norway,HUMAN_OBSERVATION
59.038457,11.115303,2018,8,Norway,HUMAN_OBSERVATION
59.038457,11.115303,2016,6,Norway,HUMAN_OBSERVATION
59.038457,11.115303,2015,6,Norway,HUMAN_OBSERVATION
59.038457,11.115303,2014,6,Norway,HUMAN_OBSERVATION
59.038457,11.115303,2013,6,Norway,HUMAN_OBSERVATION
59.043072,10.296316,2021,9,Norway,HUMAN_OBSERVATION
59.043072,10.296316,2020,6,Norway,HUMAN_OBSERVATION
59.043072,10.296316,2019,6,Norway,HUMAN_OBSERVATION
59.043072,10.296316,2018,6,Norway,HUMAN_OBSERVATION
59.043072,10.296316,2017,6,Norway,HUMAN_OBSERVATION
59.043072,10.296316,2016,5,Norway,HUMAN_OBSERVATION
59.043458,-3.04304,1995,6,United Kingdom of Great Britain and Northern Ireland,HUMAN_OBSERVATION
59.046176,5.685339,2014,8,Norway,HUMAN_OBSERVATION
59.04749,10.87016,2022,8,Norway,HUMAN_OBSERVATION
59.04749,10.87016,2021,9,Norway,HUMAN_OBSERVATION
59.04749,10.87016,2020,9,Norway,HUMAN_OBSERVATION
59.04749,10.87016,2019,9,Norway,HUMAN_OBSERVATION
59.04749,10.87016,2018,8,Norway,HUMAN_OBSERVATION
59.049686,-3.050202,1996,8,United Kingdom of Great Britain and Northern Ireland,HUMAN_OBSERVATION
59.049686,-3.050202,1996,8,United Kingdom of Great Britain and Northern Ireland,HUMAN_OBSERVATION
59.049686,-3.050202,1996,8,United Kingdom of Great Britain and Northern Ireland,HUMAN_OBSERVATION
59.057561,5.710727,2022,7,Norway,HUMAN_OBSERVATION
59.05966,5.71851,2024,8,Norway,HUMAN_OBSERVATION
59.05966,5.71851,2023,8,Norway,HUMAN_OBSERVATION
59.05966,5.71851,2022,9,Norway,HUMAN_OBSERVATION
59.05966,5.71851,2017,7,Norway,HUMAN_OBSERVATION
59.05966,5.71851,2016,6,Norway,HUMAN_OBSERVATION
59.05966,5.71851,2016,9,Norway,HUMAN_OBSERVATION
59.05966,5.71851,2015,6,Norway,HUMAN_OBSERVATION
59.05966,5.71851,2014,6,Norway,HUMAN_OBSERVATION
59.06774,-2.849775,1993,9,United Kingdom of Great Britain and Northern Ireland,HUMAN_OBSERVATION
59.069072,10.392942,2022,6,Norway,HUMAN_OBSERVATION
59.072623,10.393607,2017,8,Norway,HUMAN_OBSERVATION
59.07387,-2.846262,1993,9,United Kingdom of Great Britain and Northern Ireland,HUMAN_OBSERVATION
59.078443,10.252556,2019,7,Norway,HUMAN_OBSERVATION
59.089598,-3.042451,2014,7,United Kingdom of Great Britain and Northern Ireland,MATERIAL_SAMPLE
59.089598,-3.042451,2014,7,United Kingdom of Great Britain and Northern Ireland,MATERIAL_SAMPLE
59.098977,5.667137,2022,7,Norway,HUMAN_OBSERVATION
59.10101,10.23727,2021,9,Norway,HUMAN_OBSERVATION
59.121602,-2.923139,1996,6,United Kingdom of Great Britain and Northern Ireland,HUMAN_OBSERVATION
59.124628,-3.110146,1996,6,United Kingdom of Great Britain and Northern Ireland,HUMAN_OBSERVATION
59.125065,-3.05775,1996,6,United Kingdom of Great Britain and Northern Ireland,HUMAN_OBSERVATION
59.126775,-2.952978,1996,6,United Kingdom of Great Britain and Northern Ireland,HUMAN_OBSERVATION
59.126775,-2.952978,1996,6,United Kingdom of Great Britain and Northern Ireland,HUMAN_OBSERVATION
59.126775,-2.952978,1996,6,United Kingdom of Great Britain and Northern Ireland,HUMAN_OBSERVATION
59.126775,-2.952978,1996,6,United Kingdom of Great Britain and Northern Ireland,HUMAN_OBSERVATION
59.126775,-2.952978,1996,6,United Kingdom of Great Britain and Northern Ireland,HUMAN_OBSERVATION
59.12682,-2.9732,1996,8,United Kingdom of Great Britain and Northern Ireland,HUMAN_OBSERVATION
59.12682,-2.9732,1996,8,United Kingdom of Great Britain and Northern Ireland,HUMAN_OBSERVATION
59.127582,-2.682204,1997,6,United Kingdom of Great Britain and Northern Ireland,HUMAN_OBSERVATION
59.12789,-2.980916,1993,9,United Kingdom of Great Britain and Northern Ireland,HUMAN_OBSERVATION
59.128415,-2.973989,1996,6,United Kingdom of Great Britain and Northern Ireland,HUMAN_OBSERVATION
59.129194,-2.989736,1996,6,United Kingdom of Great Britain and Northern Ireland,HUMAN_OBSERVATION
59.129283,-2.988533,2012,11,United Kingdom of Great Britain and Northern Ireland,MATERIAL_SAMPLE
59.129283,-2.988533,2012,11,United Kingdom of Great Britain and Northern Ireland,MATERIAL_SAMPLE
59.12949,-2.982884,1996,8,United Kingdom of Great Britain and Northern Ireland,HUMAN_OBSERVATION
59.129524,-2.987736,2012,11,United Kingdom of Great Britain and Northern Ireland,HUMAN_OBSERVATION
59.135159,5.20974,2022,9,Norway,HUMAN_OBSERVATION
59.135159,5.20974,2015,8,Norway,HUMAN_OBSERVATION
59.136706,-2.654425,1997,6,United Kingdom of Great Britain and Northern Ireland,HUMAN_OBSERVATION
59.138549,-2.939324,1996,6,United Kingdom of Great Britain and Northern Ireland,HUMAN_OBSERVATION
59.141268,-2.935903,1996,6,United Kingdom of Great Britain and Northern Ireland,HUMAN_OBSERVATION
59.141383,-3.145645,1996,6,United Kingdom of Great Britain and Northern Ireland,HUMAN_OBSERVATION
59.14472,-2.955225,1996,6,United Kingdom of Great Britain and Northern Ireland,HUMAN_OBSERVATION
59.147918,5.857739,2022,7,Norway,HUMAN_OBSERVATION
59.1481,6.084801,2022,9,Norway,HUMAN_OBSERVATION
59.148719,-3.128408,1996,6,United Kingdom of Great Britain and Northern Ireland,HUMAN_OBSERVATION
59.148719,-3.128408,1996,6,United Kingdom of Great Britain and Northern Ireland,HUMAN_OBSERVATION
59.149969,-3.18964,1996,6,United Kingdom of Great Britain and Northern Ireland,HUMAN_OBSERVATION
59.153905,-2.626779,1994,7,United Kingdom of Great Britain and Northern Ireland,HUMAN_OBSERVATION
59.153905,-2.626779,1994,7,United Kingdom of Great Britain and Northern Ireland,HUMAN_OBSERVATION
59.157174,-2.971309,1996,6,United Kingdom of Great Britain and Northern Ireland,HUMAN_OBSERVATION
59.157512,-2.750907,2012,11,United Kingdom of Great Britain and Northern Ireland,HUMAN_OBSERVATION
59.157617,-2.7515,2012,11,United Kingdom of Great Britain and Northern Ireland,MATERIAL_SAMPLE
59.157617,-2.7515,2012,11,United Kingdom of Great Britain and Northern Ireland,MATERIAL_SAMPLE
59.15818,-2.965868,1993,9,United Kingdom of Great Britain and Northern Ireland,HUMAN_OBSERVATION
59.160048,-2.946908,1996,6,United Kingdom of Great Britain and Northern Ireland,HUMAN_OBSERVATION
59.160048,-2.946908,1996,6,United Kingdom of Great Britain and Northern Ireland,HUMAN_OBSERVATION
59.160497,-3.116554,1996,6,United Kingdom of Great Britain and Northern Ireland,HUMAN_OBSERVATION
59.160497,-3.116554,1996,6,United Kingdom of Great Britain and Northern Ireland,HUMAN_OBSERVATION
59.160497,-3.116554,1996,6,United Kingdom of Great Britain and Northern Ireland,HUMAN_OBSERVATION
59.165231,-2.695196,1997,6,United Kingdom of Great Britain and Northern Ireland,HUMAN_OBSERVATION
59.171211,-3.123901,1996,6,United Kingdom of Great Britain and Northern Ireland,HUMAN_OBSERVATION
59.171211,-3.123901,1996,6,United Kingdom of Great Britain and Northern Ireland,HUMAN_OBSERVATION
59.175476,-2.924591,1996,6,United Kingdom of Great Britain and Northern Ireland,HUMAN_OBSERVATION
59.175599,5.4215,2021,7,Norway,HUMAN_OBSERVATION
59.17958,6.06263,2021,9,Norway,HUMAN_OBSERVATION
59.180099,5.42293,2021,7,Norway,HUMAN_OBSERVATION
59.182349,5.42123,2021,7,Norway,HUMAN_OBSERVATION
59.184188,-2.961576,1996,6,United Kingdom of Great Britain and Northern Ireland,HUMAN_OBSERVATION
59.18419,6.04334,2012,7,Norway,HUMAN_OBSERVATION
59.186029,5.3152,2022,9,Norway,HUMAN_OBSERVATION
59.186029,5.3152,2015,8,Norway,HUMAN_OBSERVATION
59.18715,10.34173,2024,9,Norway,HUMAN_OBSERVATION
59.18775,5.87292,2022,9,Norway,HUMAN_OBSERVATION
59.191158,-2.716727,1997,6,United Kingdom of Great Britain and Northern Ireland,HUMAN_OBSERVATION
59.192681,-2.592482,1997,6,United Kingdom of Great Britain and Northern Ireland,HUMAN_OBSERVATION
59.19302,5.473371,2024,9,Norway,HUMAN_OBSERVATION
59.19302,5.473371,2023,9,Norway,HUMAN_OBSERVATION
59.19302,5.473371,2022,9,Norway,HUMAN_OBSERVATION
59.19302,5.473371,2020,7,Norway,HUMAN_OBSERVATION
59.195953,-2.659059,1997,6,United Kingdom of Great Britain and Northern Ireland,HUMAN_OBSERVATION
59.196099,5.46828,2021,7,Norway,HUMAN_OBSERVATION
59.197269,5.46807,2024,9,Norway,HUMAN_OBSERVATION
59.197269,5.46807,2023,9,Norway,HUMAN_OBSERVATION
59.197269,5.46807,2022,9,Norway,HUMAN_OBSERVATION
59.197269,5.46807,2020,7,Norway,HUMAN_OBSERVATION
59.20945,5.95,2022,9,Norway,HUMAN_OBSERVATION
59.209747,5.934679,2022,7,Norway,HUMAN_OBSERVATION
59.21041,-2.597264,1999,9,United Kingdom of Great Britain and Northern Ireland,HUMAN_OBSERVATION
59.21207,5.96538,2022,9,Norway,HUMAN_OBSERVATION
59.215278,-2.559595,1997,7,United Kingdom of Great Britain and Northern Ireland,HUMAN_OBSERVATION
59.216419,5.38738,2023,9,Norway,HUMAN_OBSERVATION
59.216419,5.38738,2019,8,Norway,HUMAN_OBSERVATION
59.217849,5.384721,2023,9,Norway,HUMAN_OBSERVATION
59.217849,5.384721,2019,8,Norway,HUMAN_OBSERVATION
59.219549,5.381321,2023,9,Norway,HUMAN_OBSERVATION
59.219549,5.381321,2019,8,Norway,HUMAN_OBSERVATION
59.220369,5.380171,2023,9,Norway,HUMAN_OBSERVATION
59.220558,-2.584207,1997,6,United Kingdom of Great Britain and Northern Ireland,HUMAN_OBSERVATION
59.221526,-2.568457,1997,7,United Kingdom of Great Britain and Northern Ireland,HUMAN_OBSERVATION
59.221526,-2.568457,1997,7,United Kingdom of Great Britain and Northern Ireland,HUMAN_OBSERVATION
59.226079,-2.73498,1997,6,United Kingdom of Great Britain and Northern Ireland,HUMAN_OBSERVATION
59.22736,-2.615136,1999,9,United Kingdom of Great Britain and Northern Ireland,HUMAN_OBSERVATION
59.23115,5.99463,2021,9,Norway,HUMAN_OBSERVATION
59.232717,-2.758033,2012,11,United Kingdom of Great Britain and Northern Ireland,MATERIAL_SAMPLE
59.232717,-2.758033,2012,11,United Kingdom of Great Britain and Northern Ireland,MATERIAL_SAMPLE
59.232813,-2.758695,2012,11,United Kingdom of Great Britain and Northern Ireland,HUMAN_OBSERVATION
59.233066,-2.59844,1997,6,United Kingdom of Great Britain and Northern Ireland,HUMAN_OBSERVATION
59.233383,-2.758783,2012,11,United Kingdom of Great Britain and Northern Ireland,MATERIAL_SAMPLE
59.233383,-2.758783,2012,11,United Kingdom of Great Britain and Northern Ireland,MATERIAL_SAMPLE
59.233658,-2.752405,2012,11,United Kingdom of Great Britain and Northern Ireland,HUMAN_OBSERVATION
59.2347,6.01562,2021,9,Norway,HUMAN_OBSERVATION
59.239438,-2.754548,1997,6,United Kingdom of Great Britain and Northern Ireland,HUMAN_OBSERVATION
59.240039,5.45068,2023,9,Norway,HUMAN_OBSERVATION
59.245173,6.071865,2022,7,Norway,HUMAN_OBSERVATION
59.247189,-2.649529,1997,7,United Kingdom of Great Britain and Northern Ireland,HUMAN_OBSERVATION
59.247189,-2.649529,1997,7,United Kingdom of Great Britain and Northern Ireland,HUMAN_OBSERVATION
59.251089,6.094391,2022,9,Norway,HUMAN_OBSERVATION
59.251089,6.094391,2017,8,Norway,HUMAN_OBSERVATION
59.251089,6.094391,2016,6,Norway,HUMAN_OBSERVATION
59.252646,-2.635606,1997,6,United Kingdom of Great Britain and Northern Ireland,HUMAN_OBSERVATION
59.253544,-2.635622,1997,7,United Kingdom of Great Britain and Northern Ireland,HUMAN_OBSERVATION
59.253544,-2.635622,1997,7,United Kingdom of Great Britain and Northern Ireland,HUMAN_OBSERVATION
59.253649,5.39533,2024,8,Norway,HUMAN_OBSERVATION
59.254302,10.703994,2021,9,Norway,HUMAN_OBSERVATION
59.254302,10.703994,2020,9,Norway,HUMAN_OBSERVATION
59.254302,10.703994,2019,9,Norway,HUMAN_OBSERVATION
59.254302,10.703994,2018,8,Norway,HUMAN_OBSERVATION
59.254302,10.703994,2016,6,Norway,HUMAN_OBSERVATION
59.254302,10.703994,2015,6,Norway,HUMAN_OBSERVATION
59.254302,10.703994,2014,6,Norway,HUMAN_OBSERVATION
59.254302,10.703994,2013,6,Norway,HUMAN_OBSERVATION
59.254429,5.38978,2024,8,Norway,HUMAN_OBSERVATION
59.255626,5.426855,2022,9,Norway,HUMAN_OBSERVATION
59.255626,5.426855,2017,8,Norway,HUMAN_OBSERVATION
59.255626,5.426855,2016,6,Norway,HUMAN_OBSERVATION
59.255626,5.426855,2015,6,Norway,HUMAN_OBSERVATION
59.255626,5.426855,2014,6,Norway,HUMAN_OBSERVATION
59.266758,-2.486766,1997,7,United Kingdom of Great Britain and Northern Ireland,HUMAN_OBSERVATION
59.266758,-2.486766,1997,7,United Kingdom of Great Britain and Northern Ireland,HUMAN_OBSERVATION
59.267562,5.454192,2023,9,Norway,HUMAN_OBSERVATION
59.267562,5.454192,2022,7,Norway,HUMAN_OBSERVATION
59.268361,-2.535907,1999,9,United Kingdom of Great Britain and Northern Ireland,HUMAN_OBSERVATION
59.268361,-2.535907,1997,7,United Kingdom of Great Britain and Northern Ireland,HUMAN_OBSERVATION
59.268361,-2.535907,1997,7,United Kingdom of Great Britain and Northern Ireland,HUMAN_OBSERVATION
59.268361,-2.535907,1997,7,United Kingdom of Great Britain and Northern Ireland,HUMAN_OBSERVATION
59.268361,-2.535907,1997,7,United Kingdom of Great Britain and Northern Ireland,HUMAN_OBSERVATION
59.272319,5.46303,2023,9,Norway,HUMAN_OBSERVATION
59.27321,-2.602486,1999,9,United Kingdom of Great Britain and Northern Ireland,HUMAN_OBSERVATION
59.27494,-2.62003,1999,9,United Kingdom of Great Britain and Northern Ireland,HUMAN_OBSERVATION
59.27494,-2.62003,1999,9,United Kingdom of Great Britain and Northern Ireland,HUMAN_OBSERVATION
59.275871,5.876996,2022,7,Norway,HUMAN_OBSERVATION
59.276125,-2.36934,1997,6,United Kingdom of Great Britain and Northern Ireland,HUMAN_OBSERVATION
59.2805,5.80733,2024,9,Norway,HUMAN_OBSERVATION
59.2805,5.80733,2023,9,Norway,HUMAN_OBSERVATION
59.2805,5.80733,2022,9,Norway,HUMAN_OBSERVATION
59.2805,5.80733,2021,9,Norway,HUMAN_OBSERVATION
59.28055,5.86175,2022,9,Norway,HUMAN_OBSERVATION
59.28055,5.86175,2021,9,Norway,HUMAN_OBSERVATION
59.280947,-2.532595,1997,7,United Kingdom of Great Britain and Northern Ireland,HUMAN_OBSERVATION
59.28118,5.86983,2022,9,Norway,HUMAN_OBSERVATION
59.28118,5.86983,2021,9,Norway,HUMAN_OBSERVATION
59.284049,5.806831,2024,9,Norway,HUMAN_OBSERVATION
59.284049,5.806831,2023,9,Norway,HUMAN_OBSERVATION
59.284049,5.806831,2022,9,Norway,HUMAN_OBSERVATION
59.284049,5.806831,2021,9,Norway,HUMAN_OBSERVATION
59.284517,5.647517,2009,,Norway,HUMAN_OBSERVATION
59.284517,5.647517,2009,,Norway,HUMAN_OBSERVATION
59.285917,5.6353,2009,,Norway,HUMAN_OBSERVATION
59.285917,5.6353,2009,,Norway,HUMAN_OBSERVATION
59.286217,5.63895,2009,,Norway,HUMAN_OBSERVATION
59.286217,5.63895,2009,,Norway,HUMAN_OBSERVATION
59.28623,6.074,2021,9,Norway,HUMAN_OBSERVATION
59.29055,6.06592,2021,9,Norway,HUMAN_OBSERVATION
59.290828,5.992771,2022,7,Norway,HUMAN_OBSERVATION
59.293188,-2.608273,1997,8,United Kingdom of Great Britain and Northern Ireland,HUMAN_OBSERVATION
59.29436,6.30339,2012,7,Norway,HUMAN_OBSERVATION
59.295096,-2.583729,1997,7,United Kingdom of Great Britain and Northern Ireland,HUMAN_OBSERVATION
59.295096,-2.583729,1997,7,United Kingdom of Great Britain and Northern Ireland,HUMAN_OBSERVATION
59.29621,-2.503369,1999,9,United Kingdom of Great Britain and Northern Ireland,HUMAN_OBSERVATION
59.296524,-2.450322,1997,8,United Kingdom of Great Britain and Northern Ireland,HUMAN_OBSERVATION
59.298072,-2.517061,1997,7,United Kingdom of Great Britain and Northern Ireland,HUMAN_OBSERVATION
59.298072,-2.517061,1997,7,United Kingdom of Great Britain and Northern Ireland,HUMAN_OBSERVATION
59.303059,-2.371388,1997,7,United Kingdom of Great Britain and Northern Ireland,HUMAN_OBSERVATION
59.304369,5.33748,2021,8,Norway,HUMAN_OBSERVATION
59.305856,-2.587426,1997,7,United Kingdom of Great Britain and Northern Ireland,HUMAN_OBSERVATION
59.308403,-2.619083,1997,6,United Kingdom of Great Britain and Northern Ireland,HUMAN_OBSERVATION
59.31384,-2.622389,1999,9,United Kingdom of Great Britain and Northern Ireland,HUMAN_OBSERVATION
59.31451,-2.614162,1999,9,United Kingdom of Great Britain and Northern Ireland,HUMAN_OBSERVATION
59.322629,6.405344,2016,6,Norway,HUMAN_OBSERVATION
59.32581,6.23588,2012,7,Norway,HUMAN_OBSERVATION
59.33285,5.360328,2017,6,Norway,HUMAN_OBSERVATION
59.337196,5.858917,2022,7,Norway,HUMAN_OBSERVATION
59.34103,5.88208,2023,9,Norway,HUMAN_OBSERVATION
59.34618,5.88667,2023,9,Norway,HUMAN_OBSERVATION
59.346222,5.289173,2017,6,Norway,HUMAN_OBSERVATION
59.349779,5.315877,2021,9,Norway,HUMAN_OBSERVATION
59.349779,5.315877,2016,6,Norway,HUMAN_OBSERVATION
59.35425,-2.434833,2012,11,United Kingdom of Great Britain and Northern Ireland,MATERIAL_SAMPLE
59.35425,-2.434833,2012,11,United Kingdom of Great Britain and Northern Ireland,MATERIAL_SAMPLE
59.354271,-2.435523,2012,12,United Kingdom of Great Britain and Northern Ireland,HUMAN_OBSERVATION
59.35675,-2.866134,1997,7,United Kingdom of Great Britain and Northern Ireland,HUMAN_OBSERVATION
59.357063,5.946139,2022,7,Norway,HUMAN_OBSERVATION
59.361598,10.465696,2021,6,Norway,HUMAN_OBSERVATION
59.361978,5.281779,2017,6,Norway,HUMAN_OBSERVATION
59.372185,10.651666,2019,7,Norway,HUMAN_OBSERVATION
59.383401,10.478201,2021,6,Norway,HUMAN_OBSERVATION
59.38968,5.88403,2023,9,Norway,HUMAN_OBSERVATION
59.38968,5.88403,2021,9,Norway,HUMAN_OBSERVATION
59.43692,10.58157,2022,8,Norway,HUMAN_OBSERVATION
59.43692,10.58157,2021,9,Norway,HUMAN_OBSERVATION
59.43692,10.58157,2020,9,Norway,HUMAN_OBSERVATION
59.43692,10.58157,2019,9,Norway,HUMAN_OBSERVATION
59.43692,10.58157,2018,8,Norway,HUMAN_OBSERVATION
59.459044,5.842881,2023,9,Norway,HUMAN_OBSERVATION
59.459044,5.842881,2022,8,Norway,HUMAN_OBSERVATION
59.462019,5.850513,2023,9,Norway,HUMAN_OBSERVATION
59.47583,5.9675,2023,9,Norway,HUMAN_OBSERVATION
59.47612,5.98312,2023,9,Norway,HUMAN_OBSERVATION
59.47922,6.1226,2022,8,Norway,HUMAN_OBSERVATION
59.508762,-1.651084,1987,8,United Kingdom of Great Britain and Northern Ireland,HUMAN_OBSERVATION
59.520357,-1.622688,1987,8,United Kingdom of Great Britain and Northern Ireland,HUMAN_OBSERVATION
59.520357,-1.622688,1987,8,United Kingdom of Great Britain and Northern Ireland,HUMAN_OBSERVATION
59.520357,-1.622688,1987,8,United Kingdom of Great Britain and Northern Ireland,HUMAN_OBSERVATION
59.520357,-1.622688,1987,8,United Kingdom of Great Britain and Northern Ireland,HUMAN_OBSERVATION
59.523004,-1.606752,1987,8,United Kingdom of Great Britain and Northern Ireland,HUMAN_OBSERVATION
59.523004,-1.606752,1987,8,United Kingdom of Great Britain and Northern Ireland,HUMAN_OBSERVATION
59.523004,-1.606752,1987,8,United Kingdom of Great Britain and Northern Ireland,HUMAN_OBSERVATION
59.523004,-1.606752,1987,8,United Kingdom of Great Britain and Northern Ireland,HUMAN_OBSERVATION
59.523913,-1.610276,1987,8,United Kingdom of Great Britain and Northern Ireland,HUMAN_OBSERVATION
59.531799,5.52492,2022,8,Norway,HUMAN_OBSERVATION
59.536579,5.5461,2023,9,Norway,HUMAN_OBSERVATION
59.545437,-1.601185,1987,8,United Kingdom of Great Britain and Northern Ireland,HUMAN_OBSERVATION
59.545437,-1.601185,1987,8,United Kingdom of Great Britain and Northern Ireland,HUMAN_OBSERVATION
59.548125,-1.599384,1987,8,United Kingdom of Great Britain and Northern Ireland,HUMAN_OBSERVATION
59.551715,5.548994,2023,9,Norway,HUMAN_OBSERVATION
59.587209,5.154821,2018,8,Norway,HUMAN_OBSERVATION
59.614719,5.52127,2024,7,Norway,HUMAN_OBSERVATION
59.666844,5.571513,2020,8,Norway,HUMAN_OBSERVATION
59.677037,5.621186,2024,8,Norway,HUMAN_OBSERVATION
59.731459,5.53474,2018,8,Norway,HUMAN_OBSERVATION
59.747229,5.46078,2018,8,Norway,HUMAN_OBSERVATION
59.761049,5.40053,2018,8,Norway,HUMAN_OBSERVATION
59.766769,5.38083,2020,8,Norway,HUMAN_OBSERVATION
59.769549,5.38233,2018,8,Norway,HUMAN_OBSERVATION
59.769929,5.50713,2018,8,Norway,HUMAN_OBSERVATION
59.772714,5.51597,2018,8,Norway,HUMAN_OBSERVATION
59.78253,5.51632,2018,8,Norway,HUMAN_OBSERVATION
59.78431,5.66194,2020,7,Norway,HUMAN_OBSERVATION
59.78431,5.66194,2019,8,Norway,HUMAN_OBSERVATION
59.78431,5.66194,2018,7,Norway,HUMAN_OBSERVATION
59.78431,5.66194,2017,8,Norway,HUMAN_OBSERVATION
59.78431,5.66194,2016,8,Norway,HUMAN_OBSERVATION
59.784319,5.5371,2018,8,Norway,HUMAN_OBSERVATION
59.795329,5.54107,2018,8,Norway,HUMAN_OBSERVATION
59.800584,5.532307,2008,,Norway,HUMAN_OBSERVATION
59.802049,5.53992,2018,8,Norway,HUMAN_OBSERVATION
59.829425,5.53027,2008,,Norway,HUMAN_OBSERVATION
59.844599,5.303301,2024,9,Norway,HUMAN_OBSERVATION
59.847364,5.310908,2024,9,Norway,HUMAN_OBSERVATION
59.847364,5.310908,2019,10,Norway,HUMAN_OBSERVATION
59.850346,5.681523,2024,8,Norway,HUMAN_OBSERVATION
59.852745,5.269221,2020,7,Norway,HUMAN_OBSERVATION
59.852745,5.269221,2019,8,Norway,HUMAN_OBSERVATION
59.852745,5.269221,2018,8,Norway,HUMAN_OBSERVATION
59.852745,5.269221,2017,8,Norway,HUMAN_OBSERVATION
59.852745,5.269221,2016,8,Norway,HUMAN_OBSERVATION
59.886038,5.522432,2008,,Norway,HUMAN_OBSERVATION
59.892949,5.277331,2024,9,Norway,HUMAN_OBSERVATION
59.892949,5.277331,2020,9,Norway,HUMAN_OBSERVATION
59.894019,5.279171,2024,9,Norway,HUMAN_OBSERVATION
59.894019,5.279171,2020,9,Norway,HUMAN_OBSERVATION
59.894199,5.270901,2024,9,Norway,HUMAN_OBSERVATION
59.894199,5.270901,2020,9,Norway,HUMAN_OBSERVATION
59.8975,5.299,2009,,Norway,HUMAN_OBSERVATION
59.919809,5.280451,2021,7,Norway,HUMAN_OBSERVATION
59.93322,5.29637,2021,7,Norway,HUMAN_OBSERVATION
59.934159,5.45948,2020,7,Norway,HUMAN_OBSERVATION
59.934159,5.45948,2019,8,Norway,HUMAN_OBSERVATION
59.934159,5.45948,2018,7,Norway,HUMAN_OBSERVATION
59.934159,5.45948,2017,8,Norway,HUMAN_OBSERVATION
59.934159,5.45948,2016,8,Norway,HUMAN_OBSERVATION
59.934199,5.312031,2021,7,Norway,HUMAN_OBSERVATION
59.9342,5.79232,2020,7,Norway,HUMAN_OBSERVATION
59.9342,5.79232,2019,8,Norway,HUMAN_OBSERVATION
59.9342,5.79232,2018,7,Norway,HUMAN_OBSERVATION
59.9342,5.79232,2017,8,Norway,HUMAN_OBSERVATION
59.9342,5.79232,2016,8,Norway,HUMAN_OBSERVATION
59.9464,5.628683,2009,,Norway,HUMAN_OBSERVATION
59.973729,-1.36496,1987,8,United Kingdom of Great Britain and Northern Ireland,HUMAN_OBSERVATION
59.986039,5.10358,2017,8,Norway,HUMAN_OBSERVATION
59.99982,-1.184432,2008,8,United Kingdom of Great Britain and Northern Ireland,HUMAN_OBSERVATION
60.002285,-1.170771,1987,8,United Kingdom of Great Britain and Northern Ireland,HUMAN_OBSERVATION
60.00924,-1.188541,2008,8,United Kingdom of Great Britain and Northern Ireland,HUMAN_OBSERVATION
60.00924,-1.188541,2008,8,United Kingdom of Great Britain and Northern Ireland,HUMAN_OBSERVATION
60.063679,5.44062,2024,7,Norway,HUMAN_OBSERVATION
60.069657,-1.334372,1986,8,United Kingdom of Great Britain and Northern Ireland,HUMAN_OBSERVATION
60.069657,-1.334372,1986,8,United Kingdom of Great Britain and Northern Ireland,HUMAN_OBSERVATION
60.070536,-1.330761,1986,8,United Kingdom of Great Britain and Northern Ireland,HUMAN_OBSERVATION
60.070536,-1.330761,1986,8,United Kingdom of Great Britain and Northern Ireland,HUMAN_OBSERVATION
60.0749,6.06681,2019,8,Norway,HUMAN_OBSERVATION
60.079515,-1.330579,1987,8,United Kingdom of Great Britain and Northern Ireland,HUMAN_OBSERVATION
60.079729,5.46033,2024,7,Norway,HUMAN_OBSERVATION
60.091131,-1.319557,1986,8,United Kingdom of Great Britain and Northern Ireland,HUMAN_OBSERVATION
60.092026,5.207174,2015,9,Norway,HUMAN_OBSERVATION
60.097059,5.200761,2022,8,Norway,HUMAN_OBSERVATION
60.097059,5.200761,2020,7,Norway,HUMAN_OBSERVATION
60.097059,5.200761,2019,8,Norway,HUMAN_OBSERVATION
60.097059,5.200761,2018,8,Norway,HUMAN_OBSERVATION
60.097059,5.200761,2017,8,Norway,HUMAN_OBSERVATION
60.100798,-1.279795,1993,2,United Kingdom of Great Britain and Northern Ireland,HUMAN_OBSERVATION
60.10535,-1.076567,2012,8,United Kingdom of Great Britain and Northern Ireland,HUMAN_OBSERVATION
60.113586,5.066337,2016,4,Norway,HUMAN_OBSERVATION
60.114,5.067,2016,4,Norway,MATERIAL_SAMPLE
60.11476,6.07532,2024,8,Norway,HUMAN_OBSERVATION
60.119606,-1.122839,1986,8,United Kingdom of Great Britain and Northern Ireland,HUMAN_OBSERVATION
60.127885,-1.153216,1986,8,United Kingdom of Great Britain and Northern Ireland,HUMAN_OBSERVATION
60.131294,-0.998326,1987,8,United Kingdom of Great Britain and Northern Ireland,HUMAN_OBSERVATION
60.133249,-1.149478,1987,8,United Kingdom of Great Britain and Northern Ireland,HUMAN_OBSERVATION
60.136882,-1.025161,1987,8,United Kingdom of Great Britain and Northern Ireland,HUMAN_OBSERVATION
60.13778,-1.025134,1987,8,United Kingdom of Great Britain and Northern Ireland,HUMAN_OBSERVATION
60.139749,5.43265,2022,9,Norway,HUMAN_OBSERVATION
60.139749,5.43265,2019,9,Norway,HUMAN_OBSERVATION
60.142489,5.198604,2015,9,Norway,HUMAN_OBSERVATION
60.143159,-1.154624,1986,8,United Kingdom of Great Britain and Northern Ireland,HUMAN_OBSERVATION
60.143159,-1.154624,1986,8,United Kingdom of Great Britain and Northern Ireland,HUMAN_OBSERVATION
60.147825,-1.04825,1987,8,United Kingdom of Great Britain and Northern Ireland,HUMAN_OBSERVATION
60.161067,5.317126,2022,8,Norway,HUMAN_OBSERVATION
60.161067,5.317126,2020,7,Norway,HUMAN_OBSERVATION
60.161067,5.317126,2019,8,Norway,HUMAN_OBSERVATION
60.161067,5.317126,2018,8,Norway,HUMAN_OBSERVATION
60.161067,5.317126,2016,8,Norway,HUMAN_OBSERVATION
60.165948,5.460814,2008,,Norway,HUMAN_OBSERVATION
60.165948,5.460814,2008,,Norway,HUMAN_OBSERVATION
60.170019,5.40315,2019,9,Norway,HUMAN_OBSERVATION
60.17075,5.72059,2022,8,Norway,HUMAN_OBSERVATION
60.17075,5.72059,2020,7,Norway,HUMAN_OBSERVATION
60.17075,5.72059,2019,8,Norway,HUMAN_OBSERVATION
60.17075,5.72059,2018,8,Norway,HUMAN_OBSERVATION
60.17075,5.72059,2017,8,Norway,HUMAN_OBSERVATION
60.17075,5.72059,2016,8,Norway,HUMAN_OBSERVATION
60.171999,5.38335,2022,9,Norway,HUMAN_OBSERVATION
60.174835,5.462093,2008,,Norway,HUMAN_OBSERVATION
60.17909,-1.312331,1986,8,United Kingdom of Great Britain and Northern Ireland,HUMAN_OBSERVATION
60.183455,-1.288803,1989,6,United Kingdom of Great Britain and Northern Ireland,HUMAN_OBSERVATION
60.186177,-1.294153,1994,8,United Kingdom of Great Britain and Northern Ireland,HUMAN_OBSERVATION
60.187066,-1.292331,1986,8,United Kingdom of Great Britain and Northern Ireland,HUMAN_OBSERVATION
60.188281,-1.292936,1994,8,United Kingdom of Great Britain and Northern Ireland,HUMAN_OBSERVATION
60.188861,-1.292292,1994,8,United Kingdom of Great Britain and Northern Ireland,HUMAN_OBSERVATION
60.188861,-1.292292,1994,8,United Kingdom of Great Britain and Northern Ireland,HUMAN_OBSERVATION
60.188871,-1.294095,1989,6,United Kingdom of Great Britain and Northern Ireland,HUMAN_OBSERVATION
60.188871,-1.294095,1989,6,United Kingdom of Great Britain and Northern Ireland,HUMAN_OBSERVATION
60.188871,-1.294095,1989,6,United Kingdom of Great Britain and Northern Ireland,HUMAN_OBSERVATION
60.188871,-1.294095,1989,6,United Kingdom of Great Britain and Northern Ireland,HUMAN_OBSERVATION
60.190666,-1.294057,1989,6,United Kingdom of Great Britain and Northern Ireland,HUMAN_OBSERVATION
60.191674,-1.289437,1994,8,United Kingdom of Great Britain and Northern Ireland,HUMAN_OBSERVATION
60.191674,-1.289437,1994,8,United Kingdom of Great Britain and Northern Ireland,HUMAN_OBSERVATION
60.192423,-1.286806,1989,6,United Kingdom of Great Britain and Northern Ireland,HUMAN_OBSERVATION
60.192472,-1.295821,1989,6,United Kingdom of Great Britain and Northern Ireland,HUMAN_OBSERVATION
60.193341,-1.290393,1994,8,United Kingdom of Great Britain and Northern Ireland,HUMAN_OBSERVATION
60.193341,-1.290393,1994,8,United Kingdom of Great Britain and Northern Ireland,HUMAN_OBSERVATION
60.193341,-1.290393,1989,6,United Kingdom of Great Britain and Northern Ireland,HUMAN_OBSERVATION
60.193826,-1.288849,1994,8,United Kingdom of Great Britain and Northern Ireland,HUMAN_OBSERVATION
60.193826,-1.288849,1994,8,United Kingdom of Great Britain and Northern Ireland,HUMAN_OBSERVATION
60.194018,-1.291189,1994,8,United Kingdom of Great Britain and Northern Ireland,HUMAN_OBSERVATION
60.194092,-1.288122,1994,8,United Kingdom of Great Britain and Northern Ireland,HUMAN_OBSERVATION
60.195088,-1.289724,1994,8,United Kingdom of Great Britain and Northern Ireland,HUMAN_OBSERVATION
60.195222,-1.306583,1986,8,United Kingdom of Great Britain and Northern Ireland,HUMAN_OBSERVATION
60.195222,-1.306583,1986,8,United Kingdom of Great Britain and Northern Ireland,HUMAN_OBSERVATION
60.198379,5.168291,2021,9,Norway,HUMAN_OBSERVATION
60.198379,5.168291,2018,9,Norway,HUMAN_OBSERVATION
60.198379,5.168291,2017,8,Norway,HUMAN_OBSERVATION
60.19853,5.593711,2018,9,Norway,HUMAN_OBSERVATION
60.19853,5.593711,2017,8,Norway,HUMAN_OBSERVATION
60.19853,5.593711,2016,6,Norway,HUMAN_OBSERVATION
60.209631,-1.519181,1986,8,United Kingdom of Great Britain and Northern Ireland,HUMAN_OBSERVATION
60.209631,-1.519181,1986,8,United Kingdom of Great Britain and Northern Ireland,HUMAN_OBSERVATION
60.211691,-1.598542,1986,8,United Kingdom of Great Britain and Northern Ireland,HUMAN_OBSERVATION
60.217083,-1.600281,1986,8,United Kingdom of Great Britain and Northern Ireland,HUMAN_OBSERVATION
60.218353,5.017369,2020,6,Norway,HUMAN_OBSERVATION
60.227799,5.188791,2020,8,Norway,HUMAN_OBSERVATION
60.227799,5.188791,2019,8,Norway,HUMAN_OBSERVATION
60.227799,5.188791,2018,8,Norway,HUMAN_OBSERVATION
60.227799,5.188791,2017,8,Norway,HUMAN_OBSERVATION
60.227799,5.188791,2016,9,Norway,HUMAN_OBSERVATION
60.231868,5.685403,2024,9,Norway,HUMAN_OBSERVATION
60.231868,5.685403,2021,9,Norway,HUMAN_OBSERVATION
60.231868,5.685403,2018,9,Norway,HUMAN_OBSERVATION
60.231868,5.685403,2017,8,Norway,HUMAN_OBSERVATION
60.231868,5.685403,2016,6,Norway,HUMAN_OBSERVATION
60.232939,-1.307592,1986,8,United Kingdom of Great Britain and Northern Ireland,HUMAN_OBSERVATION
60.235735,5.598,2022,8,Norway,HUMAN_OBSERVATION
60.235735,5.598,2020,7,Norway,HUMAN_OBSERVATION
60.235735,5.598,2019,8,Norway,HUMAN_OBSERVATION
60.235735,5.598,2018,8,Norway,HUMAN_OBSERVATION
60.235735,5.598,2017,8,Norway,HUMAN_OBSERVATION
60.235735,5.598,2016,8,Norway,HUMAN_OBSERVATION
60.241145,5.202548,2016,3,Norway,HUMAN_OBSERVATION
60.241145,5.202548,2016,6,Norway,HUMAN_OBSERVATION
60.24121,5.2021,2016,6,Norway,MATERIAL_SAMPLE
60.247792,-1.090512,1987,8,United Kingdom of Great Britain and Northern Ireland,HUMAN_OBSERVATION
60.262819,5.171221,2022,9,Norway,HUMAN_OBSERVATION
60.262819,5.171221,2019,9,Norway,HUMAN_OBSERVATION
60.26922,5.22123,2016,6,Norway,MATERIAL_SAMPLE
60.27544,-1.477305,1993,8,United Kingdom of Great Britain and Northern Ireland,HUMAN_OBSERVATION
60.278614,-1.478393,1986,8,United Kingdom of Great Britain and Northern Ireland,HUMAN_OBSERVATION
60.27868,-1.473836,1993,8,United Kingdom of Great Britain and Northern Ireland,HUMAN_OBSERVATION
60.27877,-1.470742,1993,8,United Kingdom of Great Britain and Northern Ireland,HUMAN_OBSERVATION
60.28374,-1.476539,1993,8,United Kingdom of Great Britain and Northern Ireland,HUMAN_OBSERVATION
60.28728,-1.479178,1993,8,United Kingdom of Great Britain and Northern Ireland,HUMAN_OBSERVATION
60.28736,-1.472141,1993,8,United Kingdom of Great Britain and Northern Ireland,HUMAN_OBSERVATION
60.28808,-1.472527,1993,8,United Kingdom of Great Britain and Northern Ireland,HUMAN_OBSERVATION
60.28808,-1.469542,1993,8,United Kingdom of Great Britain and Northern Ireland,HUMAN_OBSERVATION
60.28818,-1.472923,1993,8,United Kingdom of Great Britain and Northern Ireland,HUMAN_OBSERVATION
60.28856,-1.48055,1993,8,United Kingdom of Great Britain and Northern Ireland,HUMAN_OBSERVATION
60.28878,-1.47427,1993,8,United Kingdom of Great Britain and Northern Ireland,HUMAN_OBSERVATION
60.29,-1.463216,1993,8,United Kingdom of Great Britain and Northern Ireland,HUMAN_OBSERVATION
60.29087,-1.480333,1993,8,United Kingdom of Great Britain and Northern Ireland,HUMAN_OBSERVATION
60.29135,5.167004,2022,9,Norway,HUMAN_OBSERVATION
60.29135,5.167004,2020,8,Norway,HUMAN_OBSERVATION
60.29135,5.167004,2019,9,Norway,HUMAN_OBSERVATION
60.29135,5.167004,2018,8,Norway,HUMAN_OBSERVATION
60.29135,5.167004,2017,8,Norway,HUMAN_OBSERVATION
60.29135,5.167004,2016,9,Norway,HUMAN_OBSERVATION
60.29583,-1.479006,1993,8,United Kingdom of Great Britain and Northern Ireland,HUMAN_OBSERVATION
60.29869,-1.484298,1993,8,United Kingdom of Great Britain and Northern Ireland,HUMAN_OBSERVATION
60.30091,-1.480752,1993,8,United Kingdom of Great Britain and Northern Ireland,HUMAN_OBSERVATION
60.30343,-1.484205,1993,8,United Kingdom of Great Britain and Northern Ireland,HUMAN_OBSERVATION
60.30366,-1.486265,1993,8,United Kingdom of Great Britain and Northern Ireland,HUMAN_OBSERVATION
60.30599,-1.48764,1993,8,United Kingdom of Great Britain and Northern Ireland,HUMAN_OBSERVATION
60.30685,-1.488857,1993,8,United Kingdom of Great Britain and Northern Ireland,HUMAN_OBSERVATION
60.307287,-1.463459,1986,8,United Kingdom of Great Britain and Northern Ireland,HUMAN_OBSERVATION
60.307287,-1.463459,1986,8,United Kingdom of Great Britain and Northern Ireland,HUMAN_OBSERVATION
60.307287,-1.463459,1986,8,United Kingdom of Great Britain and Northern Ireland,HUMAN_OBSERVATION
60.314462,-1.461532,1987,8,United Kingdom of Great Britain and Northern Ireland,HUMAN_OBSERVATION
60.314462,-1.461532,1987,8,United Kingdom of Great Britain and Northern Ireland,HUMAN_OBSERVATION
60.346316,-1.355923,1987,8,United Kingdom of Great Britain and Northern Ireland,HUMAN_OBSERVATION
60.346316,-1.355923,1987,8,United Kingdom of Great Britain and Northern Ireland,HUMAN_OBSERVATION
60.346316,-1.355923,1987,8,United Kingdom of Great Britain and Northern Ireland,HUMAN_OBSERVATION
60.346716,-1.444694,1987,7,United Kingdom of Great Britain and Northern Ireland,HUMAN_OBSERVATION
60.346716,-1.444694,1987,7,United Kingdom of Great Britain and Northern Ireland,HUMAN_OBSERVATION
60.351029,4.975831,2022,8,Norway,HUMAN_OBSERVATION
60.351029,4.975831,2020,8,Norway,HUMAN_OBSERVATION
60.351029,4.975831,2019,9,Norway,HUMAN_OBSERVATION
60.351029,4.975831,2018,8,Norway,HUMAN_OBSERVATION
60.351029,4.975831,2017,8,Norway,HUMAN_OBSERVATION
60.351029,4.975831,2016,9,Norway,HUMAN_OBSERVATION
60.35885,-1.348426,1986,8,United Kingdom of Great Britain and Northern Ireland,HUMAN_OBSERVATION
60.35885,-1.348426,1986,8,United Kingdom of Great Britain and Northern Ireland,HUMAN_OBSERVATION
60.35885,-1.348426,1986,8,United Kingdom of Great Britain and Northern Ireland,HUMAN_OBSERVATION
60.375028,-1.351729,1986,8,United Kingdom of Great Britain and Northern Ireland,HUMAN_OBSERVATION
60.376937,-1.375267,1986,8,United Kingdom of Great Britain and Northern Ireland,HUMAN_OBSERVATION
60.376937,-1.375267,1986,8,United Kingdom of Great Britain and Northern Ireland,HUMAN_OBSERVATION
60.380005,4.969041,2013,8,Norway,HUMAN_OBSERVATION
60.380005,4.969041,2009,6,Norway,HUMAN_OBSERVATION
60.38005,4.969033,2009,,Norway,HUMAN_OBSERVATION
60.384529,4.963951,2013,8,Norway,HUMAN_OBSERVATION
60.384529,4.963951,2009,6,Norway,HUMAN_OBSERVATION
60.384533,4.96395,2009,,Norway,HUMAN_OBSERVATION
60.389017,4.97,2009,,Norway,HUMAN_OBSERVATION
60.389057,4.969982,2023,8,Norway,HUMAN_OBSERVATION
60.389057,4.969982,2017,8,Norway,HUMAN_OBSERVATION
60.389057,4.969982,2013,8,Norway,HUMAN_OBSERVATION
60.389057,4.969982,2009,6,Norway,HUMAN_OBSERVATION
60.392378,-1.093741,1987,8,United Kingdom of Great Britain and Northern Ireland,HUMAN_OBSERVATION
60.392378,-1.093741,1987,8,United Kingdom of Great Britain and Northern Ireland,HUMAN_OBSERVATION
60.397463,5.116304,2018,7,Norway,HUMAN_OBSERVATION
60.413038,-1.416332,1986,8,United Kingdom of Great Britain and Northern Ireland,HUMAN_OBSERVATION
60.413038,-1.416332,1986,8,United Kingdom of Great Britain and Northern Ireland,HUMAN_OBSERVATION
60.413038,-1.416332,1986,8,United Kingdom of Great Britain and Northern Ireland,HUMAN_OBSERVATION
60.423669,4.914171,2024,8,Norway,HUMAN_OBSERVATION
60.423669,4.914171,2023,8,Norway,HUMAN_OBSERVATION
60.423669,4.914171,2022,8,Norway,HUMAN_OBSERVATION
60.423669,4.914171,2021,9,Norway,HUMAN_OBSERVATION
60.423669,4.914171,2020,6,Norway,HUMAN_OBSERVATION
60.423669,4.914171,2019,6,Norway,HUMAN_OBSERVATION
60.423669,4.914171,2017,6,Norway,HUMAN_OBSERVATION
60.423669,4.914171,2016,6,Norway,HUMAN_OBSERVATION
60.432488,-1.187091,1993,8,United Kingdom of Great Britain and Northern Ireland,HUMAN_OBSERVATION
60.434272,-1.185229,1986,8,United Kingdom of Great Britain and Northern Ireland,HUMAN_OBSERVATION
60.434272,-1.185229,1986,8,United Kingdom of Great Britain and Northern Ireland,HUMAN_OBSERVATION
60.441139,4.920461,2022,8,Norway,HUMAN_OBSERVATION
60.441139,4.920461,2020,8,Norway,HUMAN_OBSERVATION
60.441139,4.920461,2019,9,Norway,HUMAN_OBSERVATION
60.441139,4.920461,2018,8,Norway,HUMAN_OBSERVATION
60.441139,4.920461,2017,8,Norway,HUMAN_OBSERVATION
60.441139,4.920461,2016,9,Norway,HUMAN_OBSERVATION
60.44247,5.06462,2016,6,Norway,MATERIAL_SAMPLE
60.448145,-1.437512,1986,8,United Kingdom of Great Britain and Northern Ireland,HUMAN_OBSERVATION
60.448145,-1.437512,1986,8,United Kingdom of Great Britain and Northern Ireland,HUMAN_OBSERVATION
60.448145,-1.437512,1986,8,United Kingdom of Great Britain and Northern Ireland,HUMAN_OBSERVATION
60.480819,-1.527911,1987,8,United Kingdom of Great Britain and Northern Ireland,HUMAN_OBSERVATION
60.48817,-1.189337,1987,8,United Kingdom of Great Britain and Northern Ireland,HUMAN_OBSERVATION
60.506249,4.873801,2024,8,Norway,HUMAN_OBSERVATION
60.508335,-1.445574,1986,8,United Kingdom of Great Britain and Northern Ireland,HUMAN_OBSERVATION
60.508335,-1.445574,1986,8,United Kingdom of Great Britain and Northern Ireland,HUMAN_OBSERVATION
60.521469,4.910901,2020,8,Norway,HUMAN_OBSERVATION
60.521469,4.910901,2019,9,Norway,HUMAN_OBSERVATION
60.521469,4.910901,2018,8,Norway,HUMAN_OBSERVATION
60.521469,4.910901,2017,8,Norway,HUMAN_OBSERVATION
60.521469,4.910901,2016,9,Norway,HUMAN_OBSERVATION
60.522874,-1.489045,1987,8,United Kingdom of Great Britain and Northern Ireland,HUMAN_OBSERVATION
60.531649,5.260031,2022,9,Norway,HUMAN_OBSERVATION
60.539167,5.263056,2009,,Norway,HUMAN_OBSERVATION
60.551199,4.825751,2024,8,Norway,HUMAN_OBSERVATION
60.5725,5.241944,2009,,Norway,HUMAN_OBSERVATION
60.5725,5.241944,2009,,Norway,HUMAN_OBSERVATION
60.578529,4.866881,2024,8,Norway,HUMAN_OBSERVATION
60.609957,4.866764,2024,8,Norway,HUMAN_OBSERVATION
60.609957,4.866764,2021,9,Norway,HUMAN_OBSERVATION
60.609957,4.866764,2018,7,Norway,HUMAN_OBSERVATION
60.610382,4.868634,2018,7,Norway,HUMAN_OBSERVATION
60.610664,4.857764,2024,8,Norway,HUMAN_OBSERVATION
60.610829,5.085551,2016,9,Norway,HUMAN_OBSERVATION
60.613749,4.861067,2018,7,Norway,HUMAN_OBSERVATION
60.624368,4.854651,2018,7,Norway,HUMAN_OBSERVATION
60.627249,4.850917,2024,8,Norway,HUMAN_OBSERVATION
60.627249,4.850917,2021,9,Norway,HUMAN_OBSERVATION
60.627249,4.850917,2018,7,Norway,HUMAN_OBSERVATION
60.633899,4.836681,2018,7,Norway,HUMAN_OBSERVATION
60.634079,4.836671,2024,8,Norway,HUMAN_OBSERVATION
60.634079,4.836671,2021,9,Norway,HUMAN_OBSERVATION
60.634324,-1.024808,1986,8,United Kingdom of Great Britain and Northern Ireland,HUMAN_OBSERVATION
60.634324,-1.024808,1986,8,United Kingdom of Great Britain and Northern Ireland,HUMAN_OBSERVATION
60.634324,-1.024808,1986,8,United Kingdom of Great Britain and Northern Ireland,HUMAN_OBSERVATION
60.637096,-1.035693,1986,8,United Kingdom of Great Britain and Northern Ireland,HUMAN_OBSERVATION
60.637096,-1.035693,1986,8,United Kingdom of Great Britain and Northern Ireland,HUMAN_OBSERVATION
60.637096,-1.035693,1986,8,United Kingdom of Great Britain and Northern Ireland,HUMAN_OBSERVATION
60.643885,-0.982462,1987,8,United Kingdom of Great Britain and Northern Ireland,HUMAN_OBSERVATION
60.648818,-1.042658,1986,8,United Kingdom of Great Britain and Northern Ireland,HUMAN_OBSERVATION
60.663219,5.236701,2021,9,Norway,HUMAN_OBSERVATION
60.664269,5.233301,2021,9,Norway,HUMAN_OBSERVATION
60.717329,4.883721,2020,7,Norway,HUMAN_OBSERVATION
60.717329,4.883721,2019,8,Norway,HUMAN_OBSERVATION
60.717329,4.883721,2018,8,Norway,HUMAN_OBSERVATION
60.717329,4.883721,2017,8,Norway,HUMAN_OBSERVATION
60.717329,4.883721,2016,9,Norway,HUMAN_OBSERVATION
60.724749,5.39431,2020,9,Norway,HUMAN_OBSERVATION
60.724749,5.39431,2019,9,Norway,HUMAN_OBSERVATION
60.724749,5.39431,2018,8,Norway,HUMAN_OBSERVATION
60.724749,5.39431,2017,8,Norway,HUMAN_OBSERVATION
60.724749,5.39431,2016,9,Norway,HUMAN_OBSERVATION
60.811499,5.040167,2020,9,Norway,HUMAN_OBSERVATION
60.818029,5.018321,2022,8,Norway,HUMAN_OBSERVATION
60.822233,5.006639,2024,7,Norway,HUMAN_OBSERVATION
60.822233,5.006639,2023,7,Norway,HUMAN_OBSERVATION
60.822233,5.006639,2022,8,Norway,HUMAN_OBSERVATION
60.822233,5.006639,2020,9,Norway,HUMAN_OBSERVATION
60.823623,5.007292,2023,7,Norway,HUMAN_OBSERVATION
60.823623,5.007292,2020,9,Norway,HUMAN_OBSERVATION
60.990909,4.721201,2023,8,Norway,HUMAN_OBSERVATION
60.990909,4.721201,2016,9,Norway,HUMAN_OBSERVATION
60.998039,4.88605,2023,8,Norway,HUMAN_OBSERVATION
60.998039,4.88605,2017,8,Norway,HUMAN_OBSERVATION
60.998039,4.88605,2016,9,Norway,HUMAN_OBSERVATION
61.023149,5.02891,2020,7,Norway,HUMAN_OBSERVATION
61.023149,5.02891,2017,8,Norway,HUMAN_OBSERVATION
61.023149,5.02891,2016,9,Norway,HUMAN_OBSERVATION
61.045065,4.798235,2016,7,Norway,HUMAN_OBSERVATION
61.0805,4.7115,2009,,Norway,HUMAN_OBSERVATION
61.085362,4.96686,2016,7,Norway,HUMAN_OBSERVATION
61.08655,4.697617,2009,,Norway,HUMAN_OBSERVATION
61.09465,4.702517,2009,,Norway,HUMAN_OBSERVATION
61.109189,5.286622,2023,8,Norway,HUMAN_OBSERVATION
61.109189,5.286622,2020,7,Norway,HUMAN_OBSERVATION
61.109189,5.286622,2016,9,Norway,HUMAN_OBSERVATION
61.1207,6.34303,2016,9,Norway,HUMAN_OBSERVATION
61.141224,5.689676,2016,9,Norway,HUMAN_OBSERVATION
61.145299,5.197121,2018,8,Norway,HUMAN_OBSERVATION
61.167829,4.720331,2018,12,Norway,HUMAN_OBSERVATION
61.171179,4.718701,2018,12,Norway,HUMAN_OBSERVATION
61.425484,5.127605,2010,6,Norway,HUMAN_OBSERVATION
61.425542,5.150418,2010,6,Norway,HUMAN_OBSERVATION
61.431074,5.158706,2010,6,Norway,HUMAN_OBSERVATION
61.463019,5.364201,2024,8,Norway,HUMAN_OBSERVATION
61.586619,5.344451,2020,7,Norway,HUMAN_OBSERVATION
61.896268,5.080638,2024,9,Norway,HUMAN_OBSERVATION
62.205733,6.089267,2009,,Norway,HUMAN_OBSERVATION
62.28712,5.80112,2021,7,Norway,HUMAN_OBSERVATION
62.32047,5.773631,2024,9,Norway,HUMAN_OBSERVATION
62.32047,5.773631,2021,8,Norway,HUMAN_OBSERVATION
62.32047,5.773631,2017,8,Norway,HUMAN_OBSERVATION
62.349627,6.06944,2018,6,Norway,HUMAN_OBSERVATION
62.3557,5.824,2021,7,Norway,HUMAN_OBSERVATION
62.421187,5.99903,2015,10,Norway,HUMAN_OBSERVATION
62.435819,6.289357,2018,6,Norway,HUMAN_OBSERVATION
62.445013,6.236482,2018,6,Norway,HUMAN_OBSERVATION
62.445179,6.186419,2018,6,Norway,HUMAN_OBSERVATION
62.4632,6.164302,2018,6,Norway,HUMAN_OBSERVATION
62.476298,6.344012,2022,7,Norway,HUMAN_OBSERVATION
62.47815,6.24578,2022,7,Norway,HUMAN_OBSERVATION
62.482883,6.278834,2022,7,Norway,HUMAN_OBSERVATION
62.48503,6.38937,2022,7,Norway,HUMAN_OBSERVATION
62.49045,6.29245,2022,7,Norway,HUMAN_OBSERVATION
62.490693,6.272361,2018,3,Norway,HUMAN_OBSERVATION
62.49088,6.17968,2022,7,Norway,HUMAN_OBSERVATION
62.4939,6.33765,2022,7,Norway,HUMAN_OBSERVATION
62.499175,6.222265,2013,9,Norway,HUMAN_OBSERVATION
62.506828,6.433508,2022,7,Norway,HUMAN_OBSERVATION
62.6296,7.15238,2023,8,Norway,HUMAN_OBSERVATION
62.64055,6.70178,2023,9,Norway,HUMAN_OBSERVATION
62.6486,6.73762,2023,9,Norway,HUMAN_OBSERVATION
62.71095,7.116612,2022,7,Norway,HUMAN_OBSERVATION
62.71095,7.116612,2018,7,Norway,HUMAN_OBSERVATION
62.71193,7.244097,2022,7,Norway,HUMAN_OBSERVATION
62.71193,7.244097,2018,7,Norway,HUMAN_OBSERVATION
62.720968,7.225413,2022,7,Norway,HUMAN_OBSERVATION
62.720968,7.225413,2018,7,Norway,HUMAN_OBSERVATION
62.725147,7.142093,2022,7,Norway,HUMAN_OBSERVATION
62.725147,7.142093,2018,7,Norway,HUMAN_OBSERVATION
62.72617,6.933171,2023,9,Norway,HUMAN_OBSERVATION
62.726547,7.226458,2022,7,Norway,HUMAN_OBSERVATION
62.726547,7.226458,2018,7,Norway,HUMAN_OBSERVATION
62.727537,7.179332,2022,7,Norway,HUMAN_OBSERVATION
62.727537,7.179332,2018,7,Norway,HUMAN_OBSERVATION
62.732879,7.086499,2022,7,Norway,HUMAN_OBSERVATION
62.7406,7.37773,2022,7,Norway,HUMAN_OBSERVATION
62.741908,7.234703,2022,7,Norway,HUMAN_OBSERVATION
62.741908,7.234703,2018,7,Norway,HUMAN_OBSERVATION
62.768201,7.438287,2022,7,Norway,HUMAN_OBSERVATION
62.768201,7.438287,2018,7,Norway,HUMAN_OBSERVATION
62.83623,7.04835,2017,8,Norway,HUMAN_OBSERVATION
62.83698,7.095467,2017,8,Norway,HUMAN_OBSERVATION
62.83983,7.128933,2017,8,Norway,HUMAN_OBSERVATION
62.84252,7.083617,2017,8,Norway,HUMAN_OBSERVATION
62.843313,7.139226,2017,8,Norway,HUMAN_OBSERVATION
62.84543,7.095967,2017,8,Norway,HUMAN_OBSERVATION
63.09,7.7615,2009,,Norway,HUMAN_OBSERVATION
63.090004,7.761506,2009,6,Norway,HUMAN_OBSERVATION
63.130392,7.772386,2022,4,Norway,HUMAN_OBSERVATION
63.43972,10.6243,2020,9,Norway,HUMAN_OBSERVATION
63.44145,10.60762,2020,9,Norway,HUMAN_OBSERVATION
63.45378,10.227481,2017,8,Norway,HUMAN_OBSERVATION
63.673411,8.267681,2015,8,Norway,HUMAN_OBSERVATION
63.70717,11.12433,2021,9,Norway,HUMAN_OBSERVATION
63.717514,11.15102,2021,8,Norway,HUMAN_OBSERVATION
63.732775,11.192225,2021,8,Norway,HUMAN_OBSERVATION
63.759174,8.444442,2015,8,Norway,HUMAN_OBSERVATION
63.786206,8.534112,2015,8,Norway,HUMAN_OBSERVATION
63.854061,8.623665,2015,8,Norway,HUMAN_OBSERVATION
63.870686,8.685164,2015,8,Norway,HUMAN_OBSERVATION
63.88965,9.8782,2023,9,Norway,HUMAN_OBSERVATION
64.001852,10.018321,2011,7,Norway,HUMAN_OBSERVATION
64.002224,10.016007,2023,8,Norway,HUMAN_OBSERVATION
64.002224,10.016007,2020,7,Norway,HUMAN_OBSERVATION
64.041876,9.960278,2011,7,Norway,HUMAN_OBSERVATION
64.074839,9.266597,2011,7,Norway,HUMAN_OBSERVATION
64.161522,10.209891,2011,7,Norway,HUMAN_OBSERVATION
65.690016,11.7834,2023,8,Norway,HUMAN_OBSERVATION
65.690016,11.7834,2020,8,Norway,HUMAN_OBSERVATION
65.690016,11.7834,2017,9,Norway,HUMAN_OBSERVATION
65.690016,11.7834,2014,7,Norway,HUMAN_OBSERVATION
65.80569,11.76968,2023,8,Norway,HUMAN_OBSERVATION
65.80569,11.76968,2020,8,Norway,HUMAN_OBSERVATION
65.80569,11.76968,2017,9,Norway,HUMAN_OBSERVATION
65.80569,11.76968,2014,7,Norway,HUMAN_OBSERVATION
66.01137,12.246321,2020,8,Norway,HUMAN_OBSERVATION
66.01137,12.246321,2017,9,Norway,HUMAN_OBSERVATION
66.233507,12.280317,2023,8,Norway,HUMAN_OBSERVATION
66.233507,12.280317,2020,8,Norway,HUMAN_OBSERVATION
66.233507,12.280317,2014,7,Norway,HUMAN_OBSERVATION
66.79569,13.823241,2019,8,Norway,HUMAN_OBSERVATION
66.825735,13.511196,2019,8,Norway,HUMAN_OBSERVATION
67.227351,14.625211,2019,9,Norway,HUMAN_OBSERVATION
67.240217,14.711533,,,Norway,OCCURRENCE
67.240217,14.711533,,,Norway,OCCURRENCE
67.24035,14.711733,,,Norway,OCCURRENCE
67.71502,15.15264,2018,7,Norway,HUMAN_OBSERVATION
67.71502,15.15264,2017,7,Norway,HUMAN_OBSERVATION
67.71502,15.15264,2014,7,Norway,HUMAN_OBSERVATION
67.75334,15.40983,2017,7,Norway,HUMAN_OBSERVATION
67.95238,15.89714,2015,7,Norway,HUMAN_OBSERVATION
67.98769,15.65013,2018,7,Norway,HUMAN_OBSERVATION
67.98769,15.65013,2015,7,Norway,HUMAN_OBSERVATION
67.98769,15.65013,2014,7,Norway,HUMAN_OBSERVATION
67.98769,15.65013,2013,7,Norway,HUMAN_OBSERVATION
68.210734,14.832171,2022,8,Norway,HUMAN_OBSERVATION
68.36254,15.33061,2018,7,Norway,HUMAN_OBSERVATION
68.36254,15.33061,2017,7,Norway,HUMAN_OBSERVATION
68.36254,15.33061,2013,7,Norway,HUMAN_OBSERVATION
68.39315,15.39138,2013,7,Norway,HUMAN_OBSERVATION
68.416292,17.428655,2014,11,Norway,HUMAN_OBSERVATION
68.42885,15.4868,2018,7,Norway,HUMAN_OBSERVATION
68.42885,15.4868,2015,7,Norway,HUMAN_OBSERVATION
68.42885,15.4868,2014,7,Norway,HUMAN_OBSERVATION
68.429727,17.388635,2014,11,Norway,HUMAN_OBSERVATION
68.450104,17.047773,2023,8,Norway,HUMAN_OBSERVATION
68.450104,17.047773,2017,7,Norway,HUMAN_OBSERVATION
68.450462,17.053366,2021,8,Norway,HUMAN_OBSERVATION
68.450462,17.053366,2017,7,Norway,HUMAN_OBSERVATION
68.452161,17.085588,2018,7,Norway,HUMAN_OBSERVATION
68.49099,17.50238,2014,11,Norway,HUMAN_OBSERVATION
69.63603,18.732955,2021,7,Norway,HUMAN_OBSERVATION
69.643134,18.734527,2021,7,Norway,HUMAN_OBSERVATION
69.791815,30.79655,2019,8,Norway,HUMAN_OBSERVATION
69.838281,30.277059,2019,8,Norway,HUMAN_OBSERVATION
69.84588,30.270559,2021,8,Norway,HUMAN_OBSERVATION
69.84588,30.270559,2019,8,Norway,HUMAN_OBSERVATION
